Symbol,Date,NSess,Coverage
SPX,2011-09-19,364,0.9333333333333333
SPX,2011-09-20,346,0.8871794871794871
SPX,2011-09-21,307,0.7871794871794872
SPX,2011-09-22,295,0.7564102564102564
SPX,2012-01-16,73,0.18717948717948718
SPX,2012-01-18,319,0.8179487179487179
SPX,2012-01-19,280,0.717948717948718
SPX,2012-01-20,263,0.6743589743589744
SPX,2012-01-23,366,0.9384615384615385
SPX,2012-01-24,369,0.9461538461538461
SPX,2012-01-25,366,0.9384615384615385
SPX,2012-01-26,370,0.9487179487179487
SPX,2012-01-27,370,0.9487179487179487
SPX,2012-01-30,370,0.9487179487179487
SPX,2012-01-31,370,0.9487179487179487
SPX,2012-02-01,367,0.941025641025641
SPX,2012-02-02,370,0.9487179487179487
SPX,2012-02-03,370,0.9487179487179487
SPX,2012-02-06,370,0.9487179487179487
SPX,2012-02-07,370,0.9487179487179487
SPX,2012-02-08,363,0.9307692307692308
SPX,2012-02-09,362,0.9282051282051282
SPX,2012-02-10,370,0.9487179487179487
SPX,2012-02-13,370,0.9487179487179487
SPX,2012-02-14,370,0.9487179487179487
SPX,2012-02-15,368,0.9435897435897436
SPX,2012-02-16,370,0.9487179487179487
SPX,2012-02-17,370,0.9487179487179487
SPX,2012-02-20,48,0.12307692307692308
SPX,2012-02-21,369,0.9461538461538461
SPX,2012-02-22,367,0.941025641025641
SPX,2012-02-23,370,0.9487179487179487
SPX,2012-02-24,370,0.9487179487179487
SPX,2012-02-27,370,0.9487179487179487
SPX,2012-02-28,370,0.9487179487179487
SPX,2012-02-29,283,0.7256410256410256
SPX,2012-03-01,370,0.9487179487179487
SPX,2012-03-02,370,0.9487179487179487
SPX,2012-03-05,370,0.9487179487179487
SPX,2012-03-06,369,0.9461538461538461
SPX,2012-03-07,369,0.9461538461538461
SPX,2012-03-08,370,0.9487179487179487
SPX,2012-03-09,370,0.9487179487179487
SPX,2012-03-12,370,0.9487179487179487
SPX,2012-03-13,365,0.9358974358974359
SPX,2012-03-15,369,0.9461538461538461
SPX,2012-03-16,370,0.9487179487179487
SPX,2012-03-19,370,0.9487179487179487
SPX,2012-03-20,370,0.9487179487179487
SPX,2012-03-21,370,0.9487179487179487
SPX,2012-03-22,370,0.9487179487179487
SPX,2012-03-23,370,0.9487179487179487
SPX,2012-03-26,369,0.9461538461538461
SPX,2012-03-27,370,0.9487179487179487
SPX,2012-03-28,370,0.9487179487179487
SPX,2012-03-29,342,0.8769230769230769
SPX,2012-03-30,370,0.9487179487179487
SPX,2012-04-02,367,0.941025641025641
SPX,2012-04-03,370,0.9487179487179487
SPX,2012-04-04,361,0.9256410256410257
SPX,2012-04-05,370,0.9487179487179487
SPX,2012-04-09,370,0.9487179487179487
SPX,2012-04-10,370,0.9487179487179487
SPX,2012-04-11,370,0.9487179487179487
SPX,2012-04-12,368,0.9435897435897436
SPX,2012-04-13,370,0.9487179487179487
SPX,2012-04-16,368,0.9435897435897436
SPX,2012-04-17,369,0.9461538461538461
SPX,2012-04-18,370,0.9487179487179487
SPX,2012-04-19,370,0.9487179487179487
SPX,2012-04-20,370,0.9487179487179487
SPX,2012-04-23,370,0.9487179487179487
SPX,2012-04-24,370,0.9487179487179487
SPX,2012-04-25,370,0.9487179487179487
SPX,2012-04-26,370,0.9487179487179487
SPX,2012-04-27,370,0.9487179487179487
SPX,2012-04-30,370,0.9487179487179487
SPX,2012-05-01,370,0.9487179487179487
SPX,2012-05-02,370,0.9487179487179487
SPX,2012-05-03,370,0.9487179487179487
SPX,2012-05-04,370,0.9487179487179487
SPX,2012-05-07,370,0.9487179487179487
SPX,2012-05-08,370,0.9487179487179487
SPX,2012-05-09,375,0.9615384615384616
SPX,2012-05-10,375,0.9615384615384616
SPX,2012-05-11,367,0.941025641025641
SPX,2012-05-14,375,0.9615384615384616
SPX,2012-05-15,375,0.9615384615384616
SPX,2012-05-16,375,0.9615384615384616
SPX,2012-05-17,375,0.9615384615384616
SPX,2012-05-18,375,0.9615384615384616
SPX,2012-05-21,375,0.9615384615384616
SPX,2012-05-22,375,0.9615384615384616
SPX,2012-05-23,284,0.7282051282051282
SPX,2012-05-24,375,0.9615384615384616
SPX,2012-05-25,375,0.9615384615384616
SPX,2012-05-28,70,0.1794871794871795
SPX,2012-05-29,375,0.9615384615384616
SPX,2012-05-30,374,0.958974358974359
SPX,2012-05-31,373,0.9564102564102565
SPX,2012-06-01,374,0.958974358974359
SPX,2012-06-04,373,0.9564102564102565
SPX,2012-06-05,375,0.9615384615384616
SPX,2012-06-06,364,0.9333333333333333
SPX,2012-06-07,375,0.9615384615384616
SPX,2012-06-08,375,0.9615384615384616
SPX,2012-06-11,375,0.9615384615384616
SPX,2012-06-12,375,0.9615384615384616
SPX,2012-06-13,374,0.958974358974359
SPX,2012-06-14,375,0.9615384615384616
SPX,2012-06-15,375,0.9615384615384616
SPX,2012-06-18,368,0.9435897435897436
SPX,2012-06-19,375,0.9615384615384616
SPX,2012-06-20,375,0.9615384615384616
SPX,2012-06-21,374,0.958974358974359
SPX,2012-06-22,374,0.958974358974359
SPX,2012-06-25,375,0.9615384615384616
SPX,2012-06-26,375,0.9615384615384616
SPX,2012-06-27,373,0.9564102564102565
SPX,2012-06-28,375,0.9615384615384616
SPX,2012-06-29,370,0.9487179487179487
SPX,2012-07-02,375,0.9615384615384616
SPX,2012-07-03,216,0.5538461538461539
SPX,2012-07-04,33,0.08461538461538462
SPX,2012-07-05,370,0.9487179487179487
SPX,2012-07-06,191,0.4897435897435897
SPX,2012-07-09,370,0.9487179487179487
SPX,2012-07-10,370,0.9487179487179487
SPX,2012-07-11,369,0.9461538461538461
SPX,2012-07-12,370,0.9487179487179487
SPX,2012-07-13,370,0.9487179487179487
SPX,2012-07-16,370,0.9487179487179487
SPX,2012-07-17,369,0.9461538461538461
SPX,2012-07-18,370,0.9487179487179487
SPX,2012-07-19,370,0.9487179487179487
SPX,2012-07-20,370,0.9487179487179487
SPX,2012-07-23,367,0.941025641025641
SPX,2012-07-24,370,0.9487179487179487
SPX,2012-07-25,370,0.9487179487179487
SPX,2012-07-26,344,0.882051282051282
SPX,2012-07-27,360,0.9230769230769231
SPX,2012-07-30,370,0.9487179487179487
SPX,2012-07-31,370,0.9487179487179487
SPX,2012-08-01,370,0.9487179487179487
SPX,2012-08-02,370,0.9487179487179487
SPX,2012-08-03,370,0.9487179487179487
SPX,2012-08-06,368,0.9435897435897436
SPX,2012-08-07,366,0.9384615384615385
SPX,2012-08-08,368,0.9435897435897436
SPX,2012-08-09,370,0.9487179487179487
SPX,2012-08-10,370,0.9487179487179487
SPX,2012-08-13,370,0.9487179487179487
SPX,2012-08-14,369,0.9461538461538461
SPX,2012-08-15,370,0.9487179487179487
SPX,2012-08-16,370,0.9487179487179487
SPX,2012-08-17,375,0.9615384615384616
SPX,2012-08-20,208,0.5333333333333333
SPX,2012-08-21,375,0.9615384615384616
SPX,2012-08-22,370,0.9487179487179487
SPX,2012-08-23,370,0.9487179487179487
SPX,2012-08-24,361,0.9256410256410257
SPX,2012-08-27,370,0.9487179487179487
SPX,2012-08-28,375,0.9615384615384616
SPX,2012-08-29,375,0.9615384615384616
SPX,2012-08-30,375,0.9615384615384616
SPX,2012-08-31,371,0.9512820512820512
SPX,2012-09-03,39,0.1
SPX,2012-09-04,375,0.9615384615384616
SPX,2012-09-05,375,0.9615384615384616
SPX,2012-09-06,258,0.6615384615384615
SPX,2012-09-07,241,0.617948717948718
SPX,2012-09-10,370,0.9487179487179487
SPX,2012-09-11,370,0.9487179487179487
SPX,2012-09-12,369,0.9461538461538461
SPX,2012-09-13,369,0.9461538461538461
SPX,2012-09-14,370,0.9487179487179487
SPX,2012-09-17,370,0.9487179487179487
SPX,2012-09-18,366,0.9384615384615385
SPX,2012-09-19,369,0.9461538461538461
SPX,2012-09-20,370,0.9487179487179487
SPX,2012-09-21,367,0.941025641025641
SPX,2012-09-24,370,0.9487179487179487
SPX,2012-09-25,370,0.9487179487179487
SPX,2012-09-26,370,0.9487179487179487
SPX,2012-09-27,370,0.9487179487179487
SPX,2012-09-28,369,0.9461538461538461
SPX,2012-10-01,370,0.9487179487179487
SPX,2012-10-02,367,0.941025641025641
SPX,2012-10-03,370,0.9487179487179487
SPX,2012-10-04,370,0.9487179487179487
SPX,2012-10-05,370,0.9487179487179487
SPX,2012-10-08,367,0.941025641025641
SPX,2012-10-09,369,0.9461538461538461
SPX,2012-10-10,369,0.9461538461538461
SPX,2012-10-11,370,0.9487179487179487
SPX,2012-10-12,363,0.9307692307692308
SPX,2012-10-15,370,0.9487179487179487
SPX,2012-10-16,368,0.9435897435897436
SPX,2012-10-17,369,0.9461538461538461
SPX,2012-10-18,370,0.9487179487179487
SPX,2012-10-19,359,0.9205128205128205
SPX,2012-10-22,370,0.9487179487179487
SPX,2012-10-23,367,0.941025641025641
SPX,2012-10-24,367,0.941025641025641
SPX,2012-10-25,370,0.9487179487179487
SPX,2012-10-26,369,0.9461538461538461
SPX,2012-10-31,369,0.9461538461538461
SPX,2012-11-01,370,0.9487179487179487
SPX,2012-11-02,362,0.9282051282051282
SPX,2012-11-05,370,0.9487179487179487
SPX,2012-11-06,370,0.9487179487179487
SPX,2012-11-07,363,0.9307692307692308
SPX,2012-11-08,368,0.9435897435897436
SPX,2012-11-09,369,0.9461538461538461
SPX,2012-11-12,370,0.9487179487179487
SPX,2012-11-13,361,0.9256410256410257
SPX,2012-11-14,357,0.9153846153846154
SPX,2012-11-15,368,0.9435897435897436
SPX,2012-11-16,367,0.941025641025641
SPX,2012-11-19,300,0.7692307692307693
SPX,2012-11-20,357,0.9153846153846154
SPX,2012-11-21,367,0.941025641025641
SPX,2012-11-22,24,0.06153846153846154
SPX,2012-11-23,215,0.5512820512820513
SPX,2012-11-26,367,0.941025641025641
SPX,2012-11-27,370,0.9487179487179487
SPX,2012-11-28,370,0.9487179487179487
SPX,2012-11-29,370,0.9487179487179487
SPX,2012-11-30,370,0.9487179487179487
SPX,2012-12-03,367,0.941025641025641
SPX,2012-12-04,370,0.9487179487179487
SPX,2012-12-05,370,0.9487179487179487
SPX,2012-12-06,370,0.9487179487179487
SPX,2012-12-07,321,0.823076923076923
SPX,2012-12-10,349,0.8948717948717949
SPX,2012-12-11,357,0.9153846153846154
SPX,2012-12-12,369,0.9461538461538461
SPX,2012-12-13,370,0.9487179487179487
SPX,2012-12-14,370,0.9487179487179487
SPX,2012-12-17,368,0.9435897435897436
SPX,2012-12-18,370,0.9487179487179487
SPX,2012-12-19,370,0.9487179487179487
SPX,2012-12-20,367,0.941025641025641
SPX,2012-12-21,366,0.9384615384615385
SPX,2012-12-24,215,0.5512820512820513
SPX,2012-12-26,370,0.9487179487179487
SPX,2012-12-27,369,0.9461538461538461
SPX,2012-12-28,370,0.9487179487179487
SPX,2012-12-31,370,0.9487179487179487
SPX,2013-01-02,370,0.9487179487179487
SPX,2013-01-03,370,0.9487179487179487
SPX,2013-01-04,370,0.9487179487179487
SPX,2013-01-07,370,0.9487179487179487
SPX,2013-01-08,370,0.9487179487179487
SPX,2013-01-09,370,0.9487179487179487
SPX,2013-01-10,370,0.9487179487179487
SPX,2013-01-11,370,0.9487179487179487
SPX,2013-01-14,370,0.9487179487179487
SPX,2013-01-15,353,0.9051282051282051
SPX,2013-01-16,370,0.9487179487179487
SPX,2013-01-17,370,0.9487179487179487
SPX,2013-01-18,225,0.5769230769230769
SPX,2013-01-21,31,0.07948717948717948
SPX,2013-01-22,216,0.5538461538461539
SPX,2013-01-23,369,0.9461538461538461
SPX,2013-01-24,370,0.9487179487179487
SPX,2013-01-25,369,0.9461538461538461
SPX,2013-01-28,370,0.9487179487179487
SPX,2013-01-29,370,0.9487179487179487
SPX,2013-01-30,370,0.9487179487179487
SPX,2013-01-31,370,0.9487179487179487
SPX,2013-02-01,348,0.8923076923076924
SPX,2013-02-04,369,0.9461538461538461
SPX,2013-02-05,370,0.9487179487179487
SPX,2013-02-06,370,0.9487179487179487
SPX,2013-02-07,369,0.9461538461538461
SPX,2013-02-08,369,0.9461538461538461
SPX,2013-02-11,368,0.9435897435897436
SPX,2013-02-12,370,0.9487179487179487
SPX,2013-02-13,370,0.9487179487179487
SPX,2013-02-14,375,0.9615384615384616
SPX,2013-02-15,375,0.9615384615384616
SPX,2013-02-18,8,0.020512820512820513
SPX,2013-02-19,262,0.6717948717948717
SPX,2013-02-20,374,0.958974358974359
SPX,2013-02-21,375,0.9615384615384616
SPX,2013-02-22,375,0.9615384615384616
SPX,2013-02-25,361,0.9256410256410257
SPX,2013-02-26,375,0.9615384615384616
SPX,2013-02-27,148,0.37948717948717947
SPX,2013-02-28,390,1.0
SPX,2013-03-01,385,0.9871794871794872
SPX,2013-03-04,390,1.0
SPX,2013-03-05,390,1.0
SPX,2013-03-06,379,0.9717948717948718
SPX,2013-03-07,390,1.0
SPX,2013-03-08,390,1.0
SPX,2013-03-11,390,1.0
SPX,2013-03-12,390,1.0
SPX,2013-03-13,390,1.0
SPX,2013-03-14,390,1.0
SPX,2013-03-15,390,1.0
SPX,2013-03-18,390,1.0
SPX,2013-03-19,390,1.0
SPX,2013-03-20,390,1.0
SPX,2013-03-21,390,1.0
SPX,2013-03-22,390,1.0
SPX,2013-03-25,387,0.9923076923076923
SPX,2013-03-27,390,1.0
SPX,2013-03-28,390,1.0
SPX,2013-04-01,389,0.9974358974358974
SPX,2013-04-02,390,1.0
SPX,2013-04-03,389,0.9974358974358974
SPX,2013-04-04,390,1.0
SPX,2013-04-05,390,1.0
SPX,2013-04-08,300,0.7692307692307693
SPX,2013-04-09,390,1.0
SPX,2013-04-10,390,1.0
SPX,2013-04-11,390,1.0
SPX,2013-04-12,150,0.38461538461538464
SPX,2013-04-15,360,0.9230769230769231
SPX,2013-04-16,390,1.0
SPX,2013-04-17,150,0.38461538461538464
SPX,2013-04-18,90,0.23076923076923078
SPX,2013-04-19,376,0.9641025641025641
SPX,2013-04-22,390,1.0
SPX,2013-04-23,390,1.0
SPX,2013-04-24,364,0.9333333333333333
SPX,2013-04-25,390,1.0
SPX,2013-04-26,390,1.0
SPX,2013-04-29,390,1.0
SPX,2013-04-30,389,0.9974358974358974
SPX,2013-05-01,389,0.9974358974358974
SPX,2013-05-02,386,0.9897435897435898
SPX,2013-05-03,390,1.0
SPX,2013-05-06,390,1.0
SPX,2013-05-07,390,1.0
SPX,2013-05-08,389,0.9974358974358974
SPX,2013-05-09,390,1.0
SPX,2013-05-10,332,0.8512820512820513
SPX,2013-05-13,390,1.0
SPX,2013-05-14,389,0.9974358974358974
SPX,2013-05-15,390,1.0
SPX,2013-05-16,299,0.7666666666666667
SPX,2013-05-17,110,0.28205128205128205
SPX,2013-05-20,275,0.7051282051282052
SPX,2013-05-21,335,0.8589743589743589
SPX,2013-05-22,258,0.6615384615384615
SPX,2013-05-23,389,0.9974358974358974
SPX,2013-05-27,120,0.3076923076923077
SPX,2013-05-28,387,0.9923076923076923
SPX,2013-05-29,389,0.9974358974358974
SPX,2013-05-30,384,0.9846153846153847
SPX,2013-05-31,386,0.9897435897435898
SPX,2013-06-03,277,0.7102564102564103
SPX,2013-06-04,389,0.9974358974358974
SPX,2013-06-05,390,1.0
SPX,2013-06-06,389,0.9974358974358974
SPX,2013-06-07,381,0.9769230769230769
SPX,2013-06-10,388,0.9948717948717949
SPX,2013-06-11,389,0.9974358974358974
SPX,2013-06-12,383,0.982051282051282
SPX,2013-06-13,381,0.9769230769230769
SPX,2013-06-14,389,0.9974358974358974
SPX,2013-06-17,322,0.8256410256410256
SPX,2013-06-18,390,1.0
SPX,2013-06-19,390,1.0
SPX,2013-06-20,390,1.0
SPX,2013-06-21,390,1.0
SPX,2013-06-24,390,1.0
SPX,2013-06-25,389,0.9974358974358974
SPX,2013-06-26,385,0.9871794871794872
SPX,2013-06-27,387,0.9923076923076923
SPX,2013-06-28,389,0.9974358974358974
SPX,2013-07-01,386,0.9897435897435898
SPX,2013-07-02,387,0.9923076923076923
SPX,2013-07-03,221,0.5666666666666667
SPX,2013-07-04,120,0.3076923076923077
SPX,2013-07-05,386,0.9897435897435898
SPX,2013-07-08,380,0.9743589743589743
SPX,2013-07-09,367,0.941025641025641
SPX,2013-07-10,379,0.9717948717948718
SPX,2013-07-11,362,0.9282051282051282
SPX,2013-07-12,360,0.9230769230769231
SPX,2013-07-15,342,0.8769230769230769
SPX,2013-07-16,359,0.9205128205128205
SPX,2013-07-17,373,0.9564102564102565
SPX,2013-07-18,363,0.9307692307692308
SPX,2013-07-19,350,0.8974358974358975
SPX,2013-07-22,334,0.8564102564102564
SPX,2013-07-23,337,0.8641025641025641
SPX,2013-07-24,374,0.958974358974359
SPX,2013-07-25,362,0.9282051282051282
SPX,2013-07-26,363,0.9307692307692308
SPX,2013-07-29,362,0.9282051282051282
SPX,2013-07-30,369,0.9461538461538461
SPX,2013-07-31,359,0.9205128205128205
SPX,2013-08-01,355,0.9102564102564102
SPX,2013-08-02,357,0.9153846153846154
SPX,2013-08-05,333,0.8538461538461538
SPX,2013-08-06,341,0.8743589743589744
SPX,2013-08-07,368,0.9435897435897436
SPX,2013-08-08,359,0.9205128205128205
SPX,2013-08-09,73,0.18717948717948718
SPX,2013-08-12,377,0.9666666666666667
SPX,2013-08-13,373,0.9564102564102565
SPX,2013-08-14,379,0.9717948717948718
SPX,2013-08-15,386,0.9897435897435898
SPX,2013-08-16,383,0.982051282051282
SPX,2013-08-19,377,0.9666666666666667
SPX,2013-08-20,361,0.9256410256410257
SPX,2013-08-21,382,0.9794871794871794
SPX,2013-08-22,372,0.9538461538461539
SPX,2013-08-23,371,0.9512820512820512
SPX,2013-08-27,366,0.9384615384615385
SPX,2013-08-28,277,0.7102564102564103
SPX,2013-08-29,379,0.9717948717948718
SPX,2013-08-30,384,0.9846153846153847
SPX,2013-09-02,117,0.3
SPX,2013-09-03,388,0.9948717948717949
SPX,2013-09-04,360,0.9230769230769231
SPX,2013-09-05,371,0.9512820512820512
SPX,2013-09-06,381,0.9769230769230769
SPX,2013-09-09,346,0.8871794871794871
SPX,2013-09-10,356,0.9128205128205128
SPX,2013-09-11,337,0.8641025641025641
SPX,2013-09-12,344,0.882051282051282
SPX,2013-09-13,334,0.8564102564102564
SPX,2013-09-16,353,0.9051282051282051
SPX,2013-09-17,332,0.8512820512820513
SPX,2013-09-18,345,0.8846153846153846
SPX,2013-09-19,325,0.8333333333333334
SPX,2013-09-20,323,0.8282051282051283
SPX,2013-09-23,337,0.8641025641025641
SPX,2013-09-24,320,0.8205128205128205
SPX,2013-09-25,358,0.9179487179487179
SPX,2013-09-26,360,0.9230769230769231
SPX,2013-09-27,99,0.25384615384615383
SPX,2013-09-30,202,0.517948717948718
SPX,2013-10-01,374,0.958974358974359
SPX,2013-10-02,341,0.8743589743589744
SPX,2013-10-03,189,0.4846153846153846
SPX,2013-10-04,375,0.9615384615384616
SPX,2013-10-07,375,0.9615384615384616
SPX,2013-10-08,375,0.9615384615384616
SPX,2013-10-09,375,0.9615384615384616
SPX,2013-10-10,375,0.9615384615384616
SPX,2013-10-11,375,0.9615384615384616
SPX,2013-10-15,378,0.9692307692307692
SPX,2013-10-16,361,0.9256410256410257
SPX,2013-10-17,307,0.7871794871794872
SPX,2013-10-18,199,0.5102564102564102
SPX,2013-10-21,369,0.9461538461538461
SPX,2013-10-22,240,0.6153846153846154
SPX,2013-10-23,179,0.45897435897435895
SPX,2013-10-25,312,0.8
SPX,2013-10-28,335,0.8589743589743589
SPX,2013-10-29,370,0.9487179487179487
SPX,2013-10-30,375,0.9615384615384616
SPX,2013-10-31,373,0.9564102564102565
SPX,2013-11-01,375,0.9615384615384616
SPX,2013-11-04,370,0.9487179487179487
SPX,2013-11-05,370,0.9487179487179487
SPX,2013-11-06,353,0.9051282051282051
SPX,2013-11-07,370,0.9487179487179487
SPX,2013-11-08,370,0.9487179487179487
SPX,2013-11-11,370,0.9487179487179487
SPX,2013-11-12,370,0.9487179487179487
SPX,2013-11-13,367,0.941025641025641
SPX,2013-11-14,370,0.9487179487179487
SPX,2013-11-15,366,0.9384615384615385
SPX,2013-11-18,342,0.8769230769230769
SPX,2013-11-19,368,0.9435897435897436
SPX,2013-11-20,370,0.9487179487179487
SPX,2013-11-21,366,0.9384615384615385
SPX,2013-11-22,359,0.9205128205128205
SPX,2013-11-25,369,0.9461538461538461
SPX,2013-11-26,370,0.9487179487179487
SPX,2013-11-27,370,0.9487179487179487
SPX,2013-11-28,115,0.2948717948717949
SPX,2013-11-29,223,0.5717948717948718
SPX,2013-12-02,369,0.9461538461538461
SPX,2013-12-03,368,0.9435897435897436
SPX,2013-12-04,361,0.9256410256410257
SPX,2013-12-05,370,0.9487179487179487
SPX,2013-12-06,361,0.9256410256410257
SPX,2013-12-09,367,0.941025641025641
SPX,2013-12-10,369,0.9461538461538461
SPX,2013-12-11,370,0.9487179487179487
SPX,2013-12-12,370,0.9487179487179487
SPX,2013-12-13,370,0.9487179487179487
SPX,2013-12-16,370,0.9487179487179487
SPX,2013-12-17,369,0.9461538461538461
SPX,2013-12-18,370,0.9487179487179487
SPX,2013-12-19,369,0.9461538461538461
SPX,2013-12-20,370,0.9487179487179487
SPX,2013-12-23,370,0.9487179487179487
SPX,2013-12-24,224,0.5743589743589743
SPX,2013-12-26,368,0.9435897435897436
SPX,2013-12-27,361,0.9256410256410257
SPX,2013-12-30,359,0.9205128205128205
SPX,2013-12-31,363,0.9307692307692308
SPX,2014-01-02,368,0.9435897435897436
SPX,2014-01-03,366,0.9384615384615385
SPX,2014-01-06,370,0.9487179487179487
SPX,2014-01-07,360,0.9230769230769231
SPX,2014-01-08,370,0.9487179487179487
SPX,2014-01-09,366,0.9384615384615385
SPX,2014-01-10,349,0.8948717948717949
SPX,2014-01-13,370,0.9487179487179487
SPX,2014-01-14,369,0.9461538461538461
SPX,2014-01-15,370,0.9487179487179487
SPX,2014-01-16,357,0.9153846153846154
SPX,2014-01-17,363,0.9307692307692308
SPX,2014-01-20,118,0.30256410256410254
SPX,2014-01-21,368,0.9435897435897436
SPX,2014-01-22,354,0.9076923076923077
SPX,2014-01-23,367,0.941025641025641
SPX,2014-01-24,370,0.9487179487179487
SPX,2014-01-27,369,0.9461538461538461
SPX,2014-01-28,370,0.9487179487179487
SPX,2014-01-29,369,0.9461538461538461
SPX,2014-01-30,370,0.9487179487179487
SPX,2014-01-31,370,0.9487179487179487
SPX,2014-02-03,365,0.9358974358974359
SPX,2014-02-04,369,0.9461538461538461
SPX,2014-02-05,370,0.9487179487179487
SPX,2014-02-06,367,0.941025641025641
SPX,2014-02-07,370,0.9487179487179487
SPX,2014-02-10,368,0.9435897435897436
SPX,2014-02-11,252,0.6461538461538462
SPX,2014-02-12,370,0.9487179487179487
SPX,2014-02-13,370,0.9487179487179487
SPX,2014-02-14,356,0.9128205128205128
SPX,2014-02-17,61,0.1564102564102564
SPX,2014-02-18,309,0.7923076923076923
SPX,2014-02-19,355,0.9102564102564102
SPX,2014-02-20,337,0.8641025641025641
SPX,2014-02-21,340,0.8717948717948718
SPX,2014-02-24,329,0.8435897435897436
SPX,2014-02-25,357,0.9153846153846154
SPX,2014-02-26,370,0.9487179487179487
SPX,2014-02-27,369,0.9461538461538461
SPX,2014-02-28,369,0.9461538461538461
SPX,2014-03-03,370,0.9487179487179487
SPX,2014-03-04,362,0.9282051282051282
SPX,2014-03-05,349,0.8948717948717949
SPX,2014-03-06,326,0.8358974358974359
SPX,2014-03-07,359,0.9205128205128205
SPX,2014-03-10,363,0.9307692307692308
SPX,2014-03-11,371,0.9512820512820512
SPX,2014-03-12,366,0.9384615384615385
SPX,2014-03-13,374,0.958974358974359
SPX,2014-03-14,373,0.9564102564102565
SPX,2014-03-17,368,0.9435897435897436
SPX,2014-03-18,348,0.8923076923076924
SPX,2014-03-19,339,0.8692307692307693
SPX,2014-03-20,358,0.9179487179487179
SPX,2014-03-21,375,0.9615384615384616
SPX,2014-03-24,375,0.9615384615384616
SPX,2014-03-25,373,0.9564102564102565
SPX,2014-03-26,374,0.958974358974359
SPX,2014-03-27,375,0.9615384615384616
SPX,2014-03-28,373,0.9564102564102565
SPX,2014-03-31,355,0.9102564102564102
SPX,2014-04-01,375,0.9615384615384616
SPX,2014-04-02,363,0.9307692307692308
SPX,2014-04-03,356,0.9128205128205128
SPX,2014-04-04,375,0.9615384615384616
SPX,2014-04-07,375,0.9615384615384616
SPX,2014-04-08,371,0.9512820512820512
SPX,2014-04-09,375,0.9615384615384616
SPX,2014-04-10,375,0.9615384615384616
SPX,2014-04-11,375,0.9615384615384616
SPX,2014-04-14,373,0.9564102564102565
SPX,2014-04-15,375,0.9615384615384616
SPX,2014-04-16,373,0.9564102564102565
SPX,2014-04-17,360,0.9230769230769231
SPX,2014-04-21,351,0.9
SPX,2014-04-22,336,0.8615384615384616
SPX,2014-04-23,374,0.958974358974359
SPX,2014-04-24,370,0.9487179487179487
SPX,2014-04-25,370,0.9487179487179487
SPX,2014-04-28,375,0.9615384615384616
SPX,2014-04-29,362,0.9282051282051282
SPX,2014-04-30,361,0.9256410256410257
SPX,2014-05-01,359,0.9205128205128205
SPX,2014-05-02,371,0.9512820512820512
SPX,2014-05-05,347,0.8897435897435897
SPX,2014-05-06,369,0.9461538461538461
SPX,2014-05-07,374,0.958974358974359
SPX,2014-05-08,373,0.9564102564102565
SPX,2014-05-09,375,0.9615384615384616
SPX,2014-05-12,344,0.882051282051282
SPX,2014-05-13,369,0.9461538461538461
SPX,2014-05-14,360,0.9230769230769231
SPX,2014-05-15,390,1.0
SPX,2014-05-16,382,0.9794871794871794
SPX,2014-05-19,361,0.9256410256410257
SPX,2014-05-20,390,1.0
SPX,2014-05-21,369,0.9461538461538461
SPX,2014-05-22,348,0.8923076923076924
SPX,2014-05-23,285,0.7307692307692307
SPX,2014-05-26,180,0.46153846153846156
SPX,2014-05-27,306,0.7846153846153846
SPX,2014-05-28,351,0.9
SPX,2014-05-29,317,0.8128205128205128
SPX,2014-05-30,333,0.8538461538461538
SPX,2014-06-02,356,0.9128205128205128
SPX,2014-06-03,336,0.8615384615384616
SPX,2014-06-04,303,0.7769230769230769
SPX,2014-06-05,343,0.8794871794871795
SPX,2014-06-06,373,0.9564102564102565
SPX,2014-06-09,320,0.8205128205128205
SPX,2014-06-10,319,0.8179487179487179
SPX,2014-06-11,344,0.882051282051282
SPX,2014-06-12,362,0.9282051282051282
SPX,2014-06-13,363,0.9307692307692308
SPX,2014-06-16,379,0.9717948717948718
SPX,2014-06-17,353,0.9051282051282051
SPX,2014-06-18,352,0.9025641025641026
SPX,2014-06-19,363,0.9307692307692308
SPX,2014-06-20,307,0.7871794871794872
SPX,2014-06-23,323,0.8282051282051283
SPX,2014-06-24,333,0.8538461538461538
SPX,2014-06-25,376,0.9641025641025641
SPX,2014-06-26,366,0.9384615384615385
SPX,2014-06-27,377,0.9666666666666667
SPX,2014-06-30,344,0.882051282051282
SPX,2014-07-01,342,0.8769230769230769
SPX,2014-07-02,329,0.8435897435897436
SPX,2014-07-03,194,0.49743589743589745
SPX,2014-07-04,176,0.4512820512820513
SPX,2014-07-07,340,0.8717948717948718
SPX,2014-07-08,384,0.9846153846153847
SPX,2014-07-09,374,0.958974358974359
SPX,2014-07-10,368,0.9435897435897436
SPX,2014-07-11,316,0.8102564102564103
SPX,2014-07-14,313,0.8025641025641026
SPX,2014-07-15,378,0.9692307692307692
SPX,2014-07-16,328,0.841025641025641
SPX,2014-07-17,389,0.9974358974358974
SPX,2014-07-18,354,0.9076923076923077
SPX,2014-07-21,357,0.9153846153846154
SPX,2014-07-22,345,0.8846153846153846
SPX,2014-07-23,355,0.9102564102564102
SPX,2014-07-24,325,0.8333333333333334
SPX,2014-07-25,369,0.9461538461538461
SPX,2014-07-28,361,0.9256410256410257
SPX,2014-07-29,351,0.9
SPX,2014-07-30,380,0.9743589743589743
SPX,2014-07-31,291,0.7461538461538462
SPX,2014-08-01,390,1.0
SPX,2014-08-04,371,0.9512820512820512
SPX,2014-08-05,388,0.9948717948717949
SPX,2014-08-06,386,0.9897435897435898
SPX,2014-08-07,388,0.9948717948717949
SPX,2014-08-08,385,0.9871794871794872
SPX,2014-08-11,369,0.9461538461538461
SPX,2014-08-12,384,0.9846153846153847
SPX,2014-08-13,362,0.9282051282051282
SPX,2014-08-14,335,0.8589743589743589
SPX,2014-08-15,383,0.982051282051282
SPX,2014-08-18,300,0.7692307692307693
SPX,2014-08-19,268,0.6871794871794872
SPX,2014-08-20,318,0.8153846153846154
SPX,2014-08-21,297,0.7615384615384615
SPX,2014-08-22,355,0.9102564102564102
SPX,2014-08-25,332,0.8512820512820513
SPX,2014-08-26,284,0.7282051282051282
SPX,2014-08-27,290,0.7435897435897436
SPX,2014-08-28,318,0.8153846153846154
SPX,2014-08-29,313,0.8025641025641026
SPX,2014-09-01,106,0.2717948717948718
SPX,2014-09-02,357,0.9153846153846154
SPX,2014-09-03,369,0.9461538461538461
SPX,2014-09-04,373,0.9564102564102565
SPX,2014-09-05,366,0.9384615384615385
SPX,2014-09-08,376,0.9641025641025641
SPX,2014-09-09,377,0.9666666666666667
SPX,2014-09-10,366,0.9384615384615385
SPX,2014-09-11,370,0.9487179487179487
SPX,2014-09-12,376,0.9641025641025641
SPX,2014-09-15,377,0.9666666666666667
SPX,2014-09-16,372,0.9538461538461539
SPX,2014-09-17,367,0.941025641025641
SPX,2014-09-18,347,0.8897435897435897
SPX,2014-09-19,379,0.9717948717948718
SPX,2014-09-22,379,0.9717948717948718
SPX,2014-09-23,383,0.982051282051282
SPX,2014-09-24,375,0.9615384615384616
SPX,2014-09-25,388,0.9948717948717949
SPX,2014-09-26,382,0.9794871794871794
SPX,2014-09-29,386,0.9897435897435898
SPX,2014-09-30,390,1.0
SPX,2014-10-01,389,0.9974358974358974
SPX,2014-10-02,389,0.9974358974358974
SPX,2014-10-03,378,0.9692307692307692
SPX,2014-10-06,390,1.0
SPX,2014-10-07,390,1.0
SPX,2014-10-08,390,1.0
SPX,2014-10-09,390,1.0
SPX,2014-10-10,390,1.0
SPX,2014-10-13,390,1.0
SPX,2014-10-14,390,1.0
SPX,2014-10-15,390,1.0
SPX,2014-10-16,390,1.0
SPX,2014-10-17,390,1.0
SPX,2014-10-20,390,1.0
SPX,2014-10-21,389,0.9974358974358974
SPX,2014-10-22,390,1.0
SPX,2014-10-23,390,1.0
SPX,2014-10-24,386,0.9897435897435898
SPX,2014-10-27,390,1.0
SPX,2014-10-28,385,0.9871794871794872
SPX,2014-10-29,388,0.9948717948717949
SPX,2014-10-30,389,0.9974358974358974
SPX,2014-10-31,387,0.9923076923076923
SPX,2014-11-03,386,0.9897435897435898
SPX,2014-11-04,387,0.9923076923076923
SPX,2014-11-05,387,0.9923076923076923
SPX,2014-11-06,379,0.9717948717948718
SPX,2014-11-07,376,0.9641025641025641
SPX,2014-11-10,374,0.958974358974359
SPX,2014-11-11,360,0.9230769230769231
SPX,2014-11-12,352,0.9025641025641026
SPX,2014-11-13,379,0.9717948717948718
SPX,2014-11-14,362,0.9282051282051282
SPX,2014-11-17,365,0.9358974358974359
SPX,2014-11-18,348,0.8923076923076924
SPX,2014-11-19,374,0.958974358974359
SPX,2014-11-20,354,0.9076923076923077
SPX,2014-11-21,384,0.9846153846153847
SPX,2014-11-24,342,0.8769230769230769
SPX,2014-11-25,359,0.9205128205128205
SPX,2014-11-26,284,0.7282051282051282
SPX,2014-11-27,122,0.3128205128205128
SPX,2014-11-28,217,0.5564102564102564
SPX,2014-12-01,385,0.9871794871794872
SPX,2014-12-02,367,0.941025641025641
SPX,2014-12-03,355,0.9102564102564102
SPX,2014-12-04,378,0.9692307692307692
SPX,2014-12-05,351,0.9
SPX,2014-12-08,378,0.9692307692307692
SPX,2014-12-09,388,0.9948717948717949
SPX,2014-12-10,389,0.9974358974358974
SPX,2014-12-11,389,0.9974358974358974
SPX,2014-12-12,388,0.9948717948717949
SPX,2014-12-15,390,1.0
SPX,2014-12-16,390,1.0
SPX,2014-12-17,390,1.0
SPX,2014-12-18,390,1.0
SPX,2014-12-19,387,0.9923076923076923
SPX,2014-12-22,385,0.9871794871794872
SPX,2014-12-23,381,0.9769230769230769
SPX,2014-12-24,186,0.47692307692307695
SPX,2014-12-26,302,0.7743589743589744
SPX,2014-12-29,370,0.9487179487179487
SPX,2014-12-30,366,0.9384615384615385
SPX,2014-12-31,252,0.6461538461538462
SPX,2015-01-02,390,1.0
SPX,2015-01-05,390,1.0
SPX,2015-01-06,390,1.0
SPX,2015-01-07,389,0.9974358974358974
SPX,2015-01-08,389,0.9974358974358974
SPX,2015-01-09,390,1.0
SPX,2015-01-12,390,1.0
SPX,2015-01-13,390,1.0
SPX,2015-01-14,390,1.0
SPX,2015-01-15,390,1.0
SPX,2015-01-16,390,1.0
SPX,2015-01-19,185,0.47435897435897434
SPX,2015-01-20,390,1.0
SPX,2015-01-21,390,1.0
SPX,2015-01-22,388,0.9948717948717949
SPX,2015-01-23,390,1.0
SPX,2015-01-26,388,0.9948717948717949
SPX,2015-01-27,386,0.9897435897435898
SPX,2015-01-28,390,1.0
SPX,2015-01-29,390,1.0
SPX,2015-01-30,390,1.0
SPX,2015-02-02,390,1.0
SPX,2015-02-03,390,1.0
SPX,2015-02-04,380,0.9743589743589743
SPX,2015-02-05,389,0.9974358974358974
SPX,2015-02-06,390,1.0
SPX,2015-02-09,390,1.0
SPX,2015-02-10,390,1.0
SPX,2015-02-11,390,1.0
SPX,2015-02-12,390,1.0
SPX,2015-02-13,390,1.0
SPX,2015-02-16,317,0.8128205128205128
SPX,2015-02-17,389,0.9974358974358974
SPX,2015-02-18,390,1.0
SPX,2015-02-19,390,1.0
SPX,2015-02-20,390,1.0
SPX,2015-02-23,360,0.9230769230769231
SPX,2015-02-24,390,1.0
SPX,2015-02-25,390,1.0
SPX,2015-02-26,390,1.0
SPX,2015-02-27,385,0.9871794871794872
SPX,2015-03-02,390,1.0
SPX,2015-03-03,390,1.0
SPX,2015-03-04,390,1.0
SPX,2015-03-05,387,0.9923076923076923
SPX,2015-03-06,388,0.9948717948717949
SPX,2015-03-09,388,0.9948717948717949
SPX,2015-03-10,390,1.0
SPX,2015-03-11,390,1.0
SPX,2015-03-12,381,0.9769230769230769
SPX,2015-03-13,390,1.0
SPX,2015-03-16,390,1.0
SPX,2015-03-17,385,0.9871794871794872
SPX,2015-03-18,390,1.0
SPX,2015-03-19,390,1.0
SPX,2015-03-20,379,0.9717948717948718
SPX,2015-03-23,381,0.9769230769230769
SPX,2015-03-24,390,1.0
SPX,2015-03-25,390,1.0
SPX,2015-03-26,390,1.0
SPX,2015-03-27,390,1.0
SPX,2015-03-30,387,0.9923076923076923
SPX,2015-03-31,389,0.9974358974358974
SPX,2015-04-01,390,1.0
SPX,2015-04-02,390,1.0
SPX,2015-04-06,375,0.9615384615384616
SPX,2015-04-07,390,1.0
SPX,2015-04-08,381,0.9769230769230769
SPX,2015-04-09,382,0.9794871794871794
SPX,2015-04-10,390,1.0
SPX,2015-04-13,390,1.0
SPX,2015-04-14,390,1.0
SPX,2015-04-15,390,1.0
SPX,2015-04-16,390,1.0
SPX,2015-04-17,390,1.0
SPX,2015-04-20,369,0.9461538461538461
SPX,2015-04-21,390,1.0
SPX,2015-04-22,390,1.0
SPX,2015-04-23,386,0.9897435897435898
SPX,2015-04-24,378,0.9692307692307692
SPX,2015-04-27,390,1.0
SPX,2015-04-28,390,1.0
SPX,2015-04-29,390,1.0
SPX,2015-04-30,390,1.0
SPX,2015-05-01,387,0.9923076923076923
SPX,2015-05-04,382,0.9794871794871794
SPX,2015-05-05,390,1.0
SPX,2015-05-06,376,0.9641025641025641
SPX,2015-05-07,389,0.9974358974358974
SPX,2015-05-08,381,0.9769230769230769
SPX,2015-05-11,390,1.0
SPX,2015-05-12,390,1.0
SPX,2015-05-13,390,1.0
SPX,2015-05-14,361,0.9256410256410257
SPX,2015-05-15,390,1.0
SPX,2015-05-18,357,0.9153846153846154
SPX,2015-05-19,390,1.0
SPX,2015-05-20,382,0.9794871794871794
SPX,2015-05-21,389,0.9974358974358974
SPX,2015-05-22,390,1.0
SPX,2015-05-25,196,0.5025641025641026
SPX,2015-05-26,388,0.9948717948717949
SPX,2015-05-27,370,0.9487179487179487
SPX,2015-05-28,390,1.0
SPX,2015-05-29,390,1.0
SPX,2015-06-01,390,1.0
SPX,2015-06-02,390,1.0
SPX,2015-06-03,387,0.9923076923076923
SPX,2015-06-04,390,1.0
SPX,2015-06-05,390,1.0
SPX,2015-06-08,390,1.0
SPX,2015-06-09,390,1.0
SPX,2015-06-10,390,1.0
SPX,2015-06-11,390,1.0
SPX,2015-06-12,390,1.0
SPX,2015-06-15,390,1.0
SPX,2015-06-16,387,0.9923076923076923
SPX,2015-06-17,390,1.0
SPX,2015-06-18,388,0.9948717948717949
SPX,2015-06-19,364,0.9333333333333333
SPX,2015-06-22,387,0.9923076923076923
SPX,2015-06-23,390,1.0
SPX,2015-06-24,390,1.0
SPX,2015-06-25,390,1.0
SPX,2015-06-26,390,1.0
SPX,2015-06-29,390,1.0
SPX,2015-06-30,390,1.0
SPX,2015-07-01,389,0.9974358974358974
SPX,2015-07-02,390,1.0
SPX,2015-07-03,195,0.5
SPX,2015-07-06,390,1.0
SPX,2015-07-07,390,1.0
SPX,2015-07-08,390,1.0
SPX,2015-07-09,389,0.9974358974358974
SPX,2015-07-10,388,0.9948717948717949
SPX,2015-07-13,386,0.9897435897435898
SPX,2015-07-14,383,0.982051282051282
SPX,2015-07-15,384,0.9846153846153847
SPX,2015-07-16,373,0.9564102564102565
SPX,2015-07-17,390,1.0
SPX,2015-07-20,367,0.941025641025641
SPX,2015-07-21,384,0.9846153846153847
SPX,2015-07-22,386,0.9897435897435898
SPX,2015-07-23,386,0.9897435897435898
SPX,2015-07-24,387,0.9923076923076923
SPX,2015-07-27,389,0.9974358974358974
SPX,2015-07-28,389,0.9974358974358974
SPX,2015-07-29,386,0.9897435897435898
SPX,2015-07-30,387,0.9923076923076923
SPX,2015-07-31,381,0.9769230769230769
SPX,2015-08-03,388,0.9948717948717949
SPX,2015-08-04,390,1.0
SPX,2015-08-05,389,0.9974358974358974
SPX,2015-08-06,390,1.0
SPX,2015-08-07,390,1.0
SPX,2015-08-10,389,0.9974358974358974
SPX,2015-08-11,390,1.0
SPX,2015-08-12,390,1.0
SPX,2015-08-13,390,1.0
SPX,2015-08-14,383,0.982051282051282
SPX,2015-08-17,390,1.0
SPX,2015-08-18,385,0.9871794871794872
SPX,2015-08-19,389,0.9974358974358974
SPX,2015-08-20,390,1.0
SPX,2015-08-21,390,1.0
SPX,2015-08-24,383,0.982051282051282
SPX,2015-08-25,390,1.0
SPX,2015-08-26,390,1.0
SPX,2015-08-27,390,1.0
SPX,2015-08-28,390,1.0
SPX,2015-08-31,390,1.0
SPX,2015-09-01,390,1.0
SPX,2015-09-02,390,1.0
SPX,2015-09-03,390,1.0
SPX,2015-09-04,390,1.0
SPX,2015-09-07,180,0.46153846153846156
SPX,2015-09-08,390,1.0
SPX,2015-09-09,390,1.0
SPX,2015-09-10,390,1.0
SPX,2015-09-11,390,1.0
SPX,2015-09-14,390,1.0
SPX,2015-09-15,390,1.0
SPX,2015-09-16,390,1.0
SPX,2015-09-17,390,1.0
SPX,2015-09-18,390,1.0
SPX,2015-09-21,390,1.0
SPX,2015-09-22,390,1.0
SPX,2015-09-23,390,1.0
SPX,2015-09-24,390,1.0
SPX,2015-09-25,390,1.0
SPX,2015-09-28,390,1.0
SPX,2015-09-29,390,1.0
SPX,2015-09-30,390,1.0
SPX,2015-10-01,390,1.0
SPX,2015-10-02,390,1.0
SPX,2015-10-05,390,1.0
SPX,2015-10-06,390,1.0
SPX,2015-10-07,390,1.0
SPX,2015-10-08,390,1.0
SPX,2015-10-09,390,1.0
SPX,2015-10-12,390,1.0
SPX,2015-10-13,390,1.0
SPX,2015-10-14,390,1.0
SPX,2015-10-15,390,1.0
SPX,2015-10-16,390,1.0
SPX,2015-10-19,390,1.0
SPX,2015-10-20,390,1.0
SPX,2015-10-21,390,1.0
SPX,2015-10-22,390,1.0
SPX,2015-10-23,390,1.0
SPX,2015-10-26,390,1.0
SPX,2015-10-27,390,1.0
SPX,2015-10-28,390,1.0
SPX,2015-10-29,390,1.0
SPX,2015-10-30,390,1.0
SPX,2015-11-02,331,0.8487179487179487
SPX,2015-11-03,331,0.8487179487179487
SPX,2015-11-04,331,0.8487179487179487
SPX,2015-11-05,331,0.8487179487179487
SPX,2015-11-06,390,1.0
SPX,2015-11-09,390,1.0
SPX,2015-11-10,390,1.0
SPX,2015-11-11,390,1.0
SPX,2015-11-12,390,1.0
SPX,2015-11-13,390,1.0
SPX,2015-11-16,390,1.0
SPX,2015-11-17,390,1.0
SPX,2015-11-18,390,1.0
SPX,2015-11-19,390,1.0
SPX,2015-11-20,390,1.0
SPX,2015-11-23,390,1.0
SPX,2015-11-24,390,1.0
SPX,2015-11-25,390,1.0
SPX,2015-11-26,160,0.41025641025641024
SPX,2015-11-27,211,0.541025641025641
SPX,2015-11-30,390,1.0
SPX,2015-12-01,390,1.0
SPX,2015-12-02,390,1.0
SPX,2015-12-03,390,1.0
SPX,2015-12-04,390,1.0
SPX,2015-12-07,390,1.0
SPX,2015-12-08,390,1.0
SPX,2015-12-09,390,1.0
SPX,2015-12-10,390,1.0
SPX,2015-12-11,390,1.0
SPX,2015-12-14,390,1.0
SPX,2015-12-15,390,1.0
SPX,2015-12-16,390,1.0
SPX,2015-12-17,390,1.0
SPX,2015-12-18,390,1.0
SPX,2015-12-21,390,1.0
SPX,2015-12-22,390,1.0
SPX,2015-12-23,390,1.0
SPX,2015-12-24,202,0.517948717948718
SPX,2015-12-28,388,0.9948717948717949
SPX,2015-12-29,390,1.0
SPX,2015-12-30,390,1.0
SPX,2015-12-31,210,0.5384615384615384
SPX,2016-01-04,390,1.0
SPX,2016-01-05,390,1.0
SPX,2016-01-06,390,1.0
SPX,2016-01-07,390,1.0
SPX,2016-01-08,390,1.0
SPX,2016-01-11,390,1.0
SPX,2016-01-12,390,1.0
SPX,2016-01-13,390,1.0
SPX,2016-01-14,390,1.0
SPX,2016-01-15,390,1.0
SPX,2016-01-18,211,0.541025641025641
SPX,2016-01-19,390,1.0
SPX,2016-01-20,390,1.0
SPX,2016-01-21,390,1.0
SPX,2016-01-22,390,1.0
SPX,2016-01-25,390,1.0
SPX,2016-01-26,390,1.0
SPX,2016-01-27,390,1.0
SPX,2016-01-28,390,1.0
SPX,2016-01-29,390,1.0
SPX,2016-02-01,390,1.0
SPX,2016-02-02,390,1.0
SPX,2016-02-03,390,1.0
SPX,2016-02-04,390,1.0
SPX,2016-02-05,390,1.0
SPX,2016-02-08,390,1.0
SPX,2016-02-09,388,0.9948717948717949
SPX,2016-02-10,390,1.0
SPX,2016-02-11,390,1.0
SPX,2016-02-12,390,1.0
SPX,2016-02-15,211,0.541025641025641
SPX,2016-02-16,390,1.0
SPX,2016-02-17,390,1.0
SPX,2016-02-18,390,1.0
SPX,2016-02-19,390,1.0
SPX,2016-02-22,390,1.0
SPX,2016-02-23,390,1.0
SPX,2016-02-24,390,1.0
SPX,2016-02-25,390,1.0
SPX,2016-02-26,390,1.0
SPX,2016-02-29,390,1.0
SPX,2016-03-01,390,1.0
SPX,2016-03-02,390,1.0
SPX,2016-03-03,390,1.0
SPX,2016-03-04,390,1.0
SPX,2016-03-07,390,1.0
SPX,2016-03-08,390,1.0
SPX,2016-03-09,390,1.0
SPX,2016-03-10,390,1.0
SPX,2016-03-11,390,1.0
SPX,2016-03-14,390,1.0
SPX,2016-03-15,390,1.0
SPX,2016-03-16,390,1.0
SPX,2016-03-17,390,1.0
SPX,2016-03-18,390,1.0
SPX,2016-03-21,390,1.0
SPX,2016-03-22,382,0.9794871794871794
SPX,2016-03-23,390,1.0
SPX,2016-03-24,390,1.0
SPX,2016-03-28,390,1.0
SPX,2016-03-29,390,1.0
SPX,2016-03-30,390,1.0
SPX,2016-03-31,387,0.9923076923076923
SPX,2016-04-01,390,1.0
SPX,2016-04-04,389,0.9974358974358974
SPX,2016-04-05,390,1.0
SPX,2016-04-06,390,1.0
SPX,2016-04-07,390,1.0
SPX,2016-04-08,390,1.0
SPX,2016-04-11,390,1.0
SPX,2016-04-12,390,1.0
SPX,2016-04-13,390,1.0
SPX,2016-04-14,389,0.9974358974358974
SPX,2016-04-15,390,1.0
SPX,2016-04-18,390,1.0
SPX,2016-04-19,390,1.0
SPX,2016-04-20,389,0.9974358974358974
SPX,2016-04-21,390,1.0
SPX,2016-04-22,390,1.0
SPX,2016-04-25,390,1.0
SPX,2016-04-26,389,0.9974358974358974
SPX,2016-04-27,390,1.0
SPX,2016-04-28,390,1.0
SPX,2016-04-29,390,1.0
SPX,2016-05-02,390,1.0
SPX,2016-05-03,390,1.0
SPX,2016-05-04,390,1.0
SPX,2016-05-05,390,1.0
SPX,2016-05-06,390,1.0
SPX,2016-05-09,390,1.0
SPX,2016-05-10,389,0.9974358974358974
SPX,2016-05-11,389,0.9974358974358974
SPX,2016-05-12,390,1.0
SPX,2016-05-13,390,1.0
SPX,2016-05-16,389,0.9974358974358974
SPX,2016-05-17,390,1.0
SPX,2016-05-18,390,1.0
SPX,2016-05-19,390,1.0
SPX,2016-05-20,390,1.0
SPX,2016-05-23,390,1.0
SPX,2016-05-24,390,1.0
SPX,2016-05-25,390,1.0
SPX,2016-05-26,389,0.9974358974358974
SPX,2016-05-27,371,0.9512820512820512
SPX,2016-05-30,196,0.5025641025641026
SPX,2016-05-31,390,1.0
SPX,2016-06-01,390,1.0
SPX,2016-06-02,389,0.9974358974358974
SPX,2016-06-03,390,1.0
SPX,2016-06-06,390,1.0
SPX,2016-06-07,379,0.9717948717948718
SPX,2016-06-08,390,1.0
SPX,2016-06-09,390,1.0
SPX,2016-06-10,390,1.0
SPX,2016-06-13,390,1.0
SPX,2016-06-14,390,1.0
SPX,2016-06-15,390,1.0
SPX,2016-06-16,390,1.0
SPX,2016-06-17,390,1.0
SPX,2016-06-20,390,1.0
SPX,2016-06-21,390,1.0
SPX,2016-06-22,390,1.0
SPX,2016-06-23,390,1.0
SPX,2016-06-24,390,1.0
SPX,2016-06-27,390,1.0
SPX,2016-06-28,390,1.0
SPX,2016-06-29,390,1.0
SPX,2016-06-30,372,0.9538461538461539
SPX,2016-07-01,390,1.0
SPX,2016-07-04,190,0.48717948717948717
SPX,2016-07-05,390,1.0
SPX,2016-07-06,390,1.0
SPX,2016-07-07,390,1.0
SPX,2016-07-08,388,0.9948717948717949
SPX,2016-07-11,390,1.0
SPX,2016-07-12,390,1.0
SPX,2016-07-13,390,1.0
SPX,2016-07-14,390,1.0
SPX,2016-07-15,390,1.0
SPX,2016-07-18,390,1.0
SPX,2016-07-19,389,0.9974358974358974
SPX,2016-07-20,363,0.9307692307692308
SPX,2016-07-21,390,1.0
SPX,2016-07-22,369,0.9461538461538461
SPX,2016-07-25,382,0.9794871794871794
SPX,2016-07-26,390,1.0
SPX,2016-07-27,390,1.0
SPX,2016-07-28,390,1.0
SPX,2016-07-29,390,1.0
SPX,2016-08-01,390,1.0
SPX,2016-08-02,390,1.0
SPX,2016-08-03,390,1.0
SPX,2016-08-04,390,1.0
SPX,2016-08-05,390,1.0
SPX,2016-08-08,390,1.0
SPX,2016-08-09,390,1.0
SPX,2016-08-10,390,1.0
SPX,2016-08-11,390,1.0
SPX,2016-08-12,390,1.0
SPX,2016-08-15,358,0.9179487179487179
SPX,2016-08-16,373,0.9564102564102565
SPX,2016-08-17,375,0.9615384615384616
SPX,2016-08-18,390,1.0
SPX,2016-08-19,390,1.0
SPX,2016-08-22,390,1.0
SPX,2016-08-23,390,1.0
SPX,2016-08-24,390,1.0
SPX,2016-08-25,390,1.0
SPX,2016-08-26,390,1.0
SPX,2016-08-29,390,1.0
SPX,2016-08-30,390,1.0
SPX,2016-08-31,390,1.0
SPX,2016-09-01,390,1.0
SPX,2016-09-02,390,1.0
SPX,2016-09-05,181,0.4641025641025641
SPX,2016-09-06,390,1.0
SPX,2016-09-07,390,1.0
SPX,2016-09-08,390,1.0
SPX,2016-09-09,390,1.0
SPX,2016-09-12,390,1.0
SPX,2016-09-13,390,1.0
SPX,2016-09-14,390,1.0
SPX,2016-09-15,390,1.0
SPX,2016-09-16,390,1.0
SPX,2016-09-19,390,1.0
SPX,2016-09-20,390,1.0
SPX,2016-09-21,390,1.0
SPX,2016-09-22,390,1.0
SPX,2016-09-23,390,1.0
SPX,2016-09-26,390,1.0
SPX,2016-09-27,390,1.0
SPX,2016-09-28,390,1.0
SPX,2016-09-29,390,1.0
SPX,2016-09-30,390,1.0
SPX,2016-10-03,390,1.0
SPX,2016-10-04,390,1.0
SPX,2016-10-05,390,1.0
SPX,2016-10-06,390,1.0
SPX,2016-10-07,390,1.0
SPX,2016-10-10,390,1.0
SPX,2016-10-11,390,1.0
SPX,2016-10-12,390,1.0
SPX,2016-10-13,390,1.0
SPX,2016-10-14,390,1.0
SPX,2016-10-17,390,1.0
SPX,2016-10-18,390,1.0
SPX,2016-10-19,390,1.0
SPX,2016-10-20,390,1.0
SPX,2016-10-21,390,1.0
SPX,2016-10-24,389,0.9974358974358974
SPX,2016-10-25,390,1.0
SPX,2016-10-26,389,0.9974358974358974
SPX,2016-10-27,390,1.0
SPX,2016-10-28,390,1.0
SPX,2016-10-31,388,0.9948717948717949
SPX,2016-11-01,390,1.0
SPX,2016-11-02,390,1.0
SPX,2016-11-03,390,1.0
SPX,2016-11-04,390,1.0
SPX,2016-11-07,390,1.0
SPX,2016-11-08,390,1.0
SPX,2016-11-09,390,1.0
SPX,2016-11-10,390,1.0
SPX,2016-11-11,390,1.0
SPX,2016-11-14,390,1.0
SPX,2016-11-15,390,1.0
SPX,2016-11-16,390,1.0
SPX,2016-11-17,390,1.0
SPX,2016-11-18,390,1.0
SPX,2016-11-21,390,1.0
SPX,2016-11-22,388,0.9948717948717949
SPX,2016-11-23,390,1.0
SPX,2016-11-24,181,0.4641025641025641
SPX,2016-11-25,211,0.541025641025641
SPX,2016-11-28,390,1.0
SPX,2016-11-29,390,1.0
SPX,2016-11-30,390,1.0
SPX,2016-12-01,390,1.0
SPX,2016-12-02,390,1.0
SPX,2016-12-05,390,1.0
SPX,2016-12-06,390,1.0
SPX,2016-12-07,390,1.0
SPX,2016-12-08,389,0.9974358974358974
SPX,2016-12-09,366,0.9384615384615385
SPX,2016-12-12,390,1.0
SPX,2016-12-13,390,1.0
SPX,2016-12-14,390,1.0
SPX,2016-12-15,390,1.0
SPX,2016-12-16,390,1.0
SPX,2016-12-19,390,1.0
SPX,2016-12-20,390,1.0
SPX,2016-12-21,368,0.9435897435897436
SPX,2016-12-22,356,0.9128205128205128
SPX,2016-12-23,300,0.7692307692307693
SPX,2016-12-27,389,0.9974358974358974
SPX,2016-12-28,368,0.9435897435897436
SPX,2016-12-29,389,0.9974358974358974
SPX,2016-12-30,390,1.0
SPX,2017-01-03,390,1.0
SPX,2017-01-04,359,0.9205128205128205
SPX,2017-01-05,389,0.9974358974358974
SPX,2017-01-06,390,1.0
SPX,2017-01-09,390,1.0
SPX,2017-01-10,390,1.0
SPX,2017-01-11,390,1.0
SPX,2017-01-12,389,0.9974358974358974
SPX,2017-01-13,390,1.0
SPX,2017-01-16,180,0.46153846153846156
SPX,2017-01-17,390,1.0
SPX,2017-01-18,390,1.0
SPX,2017-01-19,390,1.0
SPX,2017-01-20,390,1.0
SPX,2017-01-23,390,1.0
SPX,2017-01-24,390,1.0
SPX,2017-01-25,390,1.0
SPX,2017-01-26,390,1.0
SPX,2017-01-27,388,0.9948717948717949
SPX,2017-01-30,389,0.9974358974358974
SPX,2017-01-31,390,1.0
SPX,2017-02-01,390,1.0
SPX,2017-02-02,388,0.9948717948717949
SPX,2017-02-03,390,1.0
SPX,2017-02-06,390,1.0
SPX,2017-02-07,388,0.9948717948717949
SPX,2017-02-08,390,1.0
SPX,2017-02-09,387,0.9923076923076923
SPX,2017-02-10,390,1.0
SPX,2017-02-13,390,1.0
SPX,2017-02-14,390,1.0
SPX,2017-02-15,390,1.0
SPX,2017-02-16,390,1.0
SPX,2017-02-17,390,1.0
SPX,2017-02-20,181,0.4641025641025641
SPX,2017-02-21,389,0.9974358974358974
SPX,2017-02-22,389,0.9974358974358974
SPX,2017-02-23,390,1.0
SPX,2017-02-24,390,1.0
SPX,2017-02-27,387,0.9923076923076923
SPX,2017-02-28,389,0.9974358974358974
SPX,2017-03-01,390,1.0
SPX,2017-03-02,390,1.0
SPX,2017-03-03,390,1.0
SPX,2017-03-06,390,1.0
SPX,2017-03-07,389,0.9974358974358974
SPX,2017-03-08,390,1.0
SPX,2017-03-09,390,1.0
SPX,2017-03-10,390,1.0
SPX,2017-03-13,390,1.0
SPX,2017-03-14,390,1.0
SPX,2017-03-15,389,0.9974358974358974
SPX,2017-03-16,388,0.9948717948717949
SPX,2017-03-17,390,1.0
SPX,2017-03-20,385,0.9871794871794872
SPX,2017-03-21,390,1.0
SPX,2017-03-22,390,1.0
SPX,2017-03-23,390,1.0
SPX,2017-03-24,390,1.0
SPX,2017-03-27,389,0.9974358974358974
SPX,2017-03-28,387,0.9923076923076923
SPX,2017-03-29,380,0.9743589743589743
SPX,2017-03-30,388,0.9948717948717949
SPX,2017-03-31,377,0.9666666666666667
SPX,2017-04-03,390,1.0
SPX,2017-04-04,386,0.9897435897435898
SPX,2017-04-05,387,0.9923076923076923
SPX,2017-04-06,387,0.9923076923076923
SPX,2017-04-07,385,0.9871794871794872
SPX,2017-04-10,387,0.9923076923076923
SPX,2017-04-11,390,1.0
SPX,2017-04-12,390,1.0
SPX,2017-04-13,388,0.9948717948717949
SPX,2017-04-17,378,0.9692307692307692
SPX,2017-04-18,390,1.0
SPX,2017-04-19,390,1.0
SPX,2017-04-20,388,0.9948717948717949
SPX,2017-04-21,384,0.9846153846153847
SPX,2017-04-24,374,0.958974358974359
SPX,2017-04-25,376,0.9641025641025641
SPX,2017-04-26,390,1.0
SPX,2017-04-27,384,0.9846153846153847
SPX,2017-04-28,384,0.9846153846153847
SPX,2017-05-01,378,0.9692307692307692
SPX,2017-05-02,378,0.9692307692307692
SPX,2017-05-03,382,0.9794871794871794
SPX,2017-05-04,386,0.9897435897435898
SPX,2017-05-05,380,0.9743589743589743
SPX,2017-05-08,341,0.8743589743589744
SPX,2017-05-09,363,0.9307692307692308
SPX,2017-05-10,372,0.9538461538461539
SPX,2017-05-11,375,0.9615384615384616
SPX,2017-05-12,360,0.9230769230769231
SPX,2017-05-15,341,0.8743589743589744
SPX,2017-05-16,370,0.9487179487179487
SPX,2017-05-17,390,1.0
SPX,2017-05-18,390,1.0
SPX,2017-05-19,377,0.9666666666666667
SPX,2017-05-22,350,0.8974358974358975
SPX,2017-05-23,369,0.9461538461538461
SPX,2017-05-24,359,0.9205128205128205
SPX,2017-05-25,385,0.9871794871794872
SPX,2017-05-26,343,0.8794871794871795
SPX,2017-05-29,101,0.258974358974359
SPX,2017-05-30,361,0.9256410256410257
SPX,2017-05-31,382,0.9794871794871794
SPX,2017-06-01,371,0.9512820512820512
SPX,2017-06-02,380,0.9743589743589743
SPX,2017-06-05,361,0.9256410256410257
SPX,2017-06-06,375,0.9615384615384616
SPX,2017-06-07,387,0.9923076923076923
SPX,2017-06-08,386,0.9897435897435898
SPX,2017-06-09,389,0.9974358974358974
SPX,2017-06-12,389,0.9974358974358974
SPX,2017-06-13,388,0.9948717948717949
SPX,2017-06-14,389,0.9974358974358974
SPX,2017-06-15,388,0.9948717948717949
SPX,2017-06-16,383,0.982051282051282
SPX,2017-06-19,366,0.9384615384615385
SPX,2017-06-20,380,0.9743589743589743
SPX,2017-06-21,387,0.9923076923076923
SPX,2017-06-22,377,0.9666666666666667
SPX,2017-06-23,356,0.9128205128205128
SPX,2017-06-26,382,0.9794871794871794
SPX,2017-06-27,388,0.9948717948717949
SPX,2017-06-28,378,0.9692307692307692
SPX,2017-06-29,390,1.0
SPX,2017-06-30,383,0.982051282051282
SPX,2017-07-03,135,0.34615384615384615
SPX,2017-07-04,147,0.3769230769230769
SPX,2017-07-05,389,0.9974358974358974
SPX,2017-07-06,388,0.9948717948717949
SPX,2017-07-07,375,0.9615384615384616
SPX,2017-07-10,362,0.9282051282051282
SPX,2017-07-11,375,0.9615384615384616
SPX,2017-07-12,370,0.9487179487179487
SPX,2017-07-13,364,0.9333333333333333
SPX,2017-07-14,330,0.8461538461538461
SPX,2017-07-17,352,0.9025641025641026
SPX,2017-07-18,381,0.9769230769230769
SPX,2017-07-19,332,0.8512820512820513
SPX,2017-07-20,347,0.8897435897435897
SPX,2017-07-21,354,0.9076923076923077
SPX,2017-07-24,314,0.8051282051282052
SPX,2017-07-25,354,0.9076923076923077
SPX,2017-07-26,344,0.882051282051282
SPX,2017-07-27,373,0.9564102564102565
SPX,2017-07-28,357,0.9153846153846154
SPX,2017-07-31,343,0.8794871794871795
SPX,2017-08-01,326,0.8358974358974359
SPX,2017-08-02,376,0.9641025641025641
SPX,2017-08-03,369,0.9461538461538461
SPX,2017-08-04,370,0.9487179487179487
SPX,2017-08-07,235,0.6025641025641025
SPX,2017-08-08,365,0.9358974358974359
SPX,2017-08-09,384,0.9846153846153847
SPX,2017-08-10,389,0.9974358974358974
SPX,2017-08-11,384,0.9846153846153847
SPX,2017-08-14,378,0.9692307692307692
SPX,2017-08-15,370,0.9487179487179487
SPX,2017-08-16,386,0.9897435897435898
SPX,2017-08-17,390,1.0
SPX,2017-08-18,388,0.9948717948717949
SPX,2017-08-21,388,0.9948717948717949
SPX,2017-08-22,369,0.9461538461538461
SPX,2017-08-23,380,0.9743589743589743
SPX,2017-08-24,387,0.9923076923076923
SPX,2017-08-25,383,0.982051282051282
SPX,2017-08-28,377,0.9666666666666667
SPX,2017-08-29,386,0.9897435897435898
SPX,2017-08-30,368,0.9435897435897436
SPX,2017-08-31,371,0.9512820512820512
SPX,2017-09-01,351,0.9
SPX,2017-09-04,118,0.30256410256410254
SPX,2017-09-05,390,1.0
SPX,2017-09-06,383,0.982051282051282
SPX,2017-09-07,379,0.9717948717948718
SPX,2017-09-08,385,0.9871794871794872
SPX,2017-09-11,367,0.941025641025641
SPX,2017-09-12,370,0.9487179487179487
SPX,2017-09-13,374,0.958974358974359
SPX,2017-09-14,376,0.9641025641025641
SPX,2017-09-15,344,0.882051282051282
SPX,2017-09-18,343,0.8794871794871795
SPX,2017-09-19,359,0.9205128205128205
SPX,2017-09-20,358,0.9179487179487179
SPX,2017-09-21,362,0.9282051282051282
SPX,2017-09-22,339,0.8692307692307693
SPX,2017-09-25,385,0.9871794871794872
SPX,2017-09-26,370,0.9487179487179487
SPX,2017-09-27,374,0.958974358974359
SPX,2017-09-28,353,0.9051282051282051
SPX,2017-09-29,346,0.8871794871794871
SPX,2017-10-02,372,0.9538461538461539
SPX,2017-10-03,331,0.8487179487179487
SPX,2017-10-04,327,0.8384615384615385
SPX,2017-10-05,356,0.9128205128205128
SPX,2017-10-06,360,0.9230769230769231
SPX,2017-10-09,326,0.8358974358974359
SPX,2017-10-10,371,0.9512820512820512
SPX,2017-10-11,307,0.7871794871794872
SPX,2017-10-12,301,0.7717948717948718
SPX,2017-10-13,333,0.8538461538461538
SPX,2017-10-16,356,0.9128205128205128
SPX,2017-10-17,345,0.8846153846153846
SPX,2017-10-18,339,0.8692307692307693
SPX,2017-10-19,326,0.8358974358974359
SPX,2017-10-20,324,0.8307692307692308
SPX,2017-10-23,381,0.9769230769230769
SPX,2017-10-24,375,0.9615384615384616
SPX,2017-10-25,389,0.9974358974358974
SPX,2017-10-26,385,0.9871794871794872
SPX,2017-10-27,379,0.9717948717948718
SPX,2017-10-30,388,0.9948717948717949
SPX,2017-10-31,332,0.8512820512820513
SPX,2017-11-01,376,0.9641025641025641
SPX,2017-11-02,381,0.9769230769230769
SPX,2017-11-03,340,0.8717948717948718
SPX,2017-11-06,362,0.9282051282051282
SPX,2017-11-07,379,0.9717948717948718
SPX,2017-11-08,350,0.8974358974358975
SPX,2017-11-09,390,1.0
SPX,2017-11-10,369,0.9461538461538461
SPX,2017-11-13,335,0.8589743589743589
SPX,2017-11-14,380,0.9743589743589743
SPX,2017-11-15,382,0.9794871794871794
SPX,2017-11-16,364,0.9333333333333333
SPX,2017-11-17,365,0.9358974358974359
SPX,2017-11-20,345,0.8846153846153846
SPX,2017-11-21,334,0.8564102564102564
SPX,2017-11-22,378,0.9692307692307692
SPX,2017-11-23,160,0.41025641025641024
SPX,2017-11-24,186,0.47692307692307695
SPX,2017-11-27,350,0.8974358974358975
SPX,2017-11-28,378,0.9692307692307692
SPX,2017-11-29,387,0.9923076923076923
SPX,2017-11-30,389,0.9974358974358974
SPX,2017-12-01,390,1.0
SPX,2017-12-04,389,0.9974358974358974
SPX,2017-12-05,390,1.0
SPX,2017-12-06,389,0.9974358974358974
SPX,2017-12-07,383,0.982051282051282
SPX,2017-12-08,389,0.9974358974358974
SPX,2017-12-11,386,0.9897435897435898
SPX,2017-12-12,390,1.0
SPX,2017-12-13,389,0.9974358974358974
SPX,2017-12-14,390,1.0
SPX,2017-12-15,384,0.9846153846153847
SPX,2017-12-18,369,0.9461538461538461
SPX,2017-12-19,384,0.9846153846153847
SPX,2017-12-20,376,0.9641025641025641
SPX,2017-12-21,354,0.9076923076923077
SPX,2017-12-22,365,0.9358974358974359
SPX,2017-12-26,330,0.8461538461538461
SPX,2017-12-27,347,0.8897435897435897
SPX,2017-12-28,290,0.7435897435897436
SPX,2017-12-29,345,0.8846153846153846
SPX,2018-01-02,348,0.8923076923076924
SPX,2018-01-03,372,0.9538461538461539
SPX,2018-01-04,388,0.9948717948717949
SPX,2018-01-05,347,0.8897435897435897
SPX,2018-01-08,383,0.982051282051282
SPX,2018-01-09,377,0.9666666666666667
SPX,2018-01-10,386,0.9897435897435898
SPX,2018-01-11,373,0.9564102564102565
SPX,2018-01-12,380,0.9743589743589743
SPX,2018-01-15,193,0.4948717948717949
SPX,2018-01-16,390,1.0
SPX,2018-01-17,385,0.9871794871794872
SPX,2018-01-18,388,0.9948717948717949
SPX,2018-01-19,384,0.9846153846153847
SPX,2018-01-22,388,0.9948717948717949
SPX,2018-01-23,388,0.9948717948717949
SPX,2018-01-24,390,1.0
SPX,2018-01-25,390,1.0
SPX,2018-01-26,386,0.9897435897435898
SPX,2018-01-29,388,0.9948717948717949
SPX,2018-01-30,390,1.0
SPX,2018-01-31,390,1.0
SPX,2018-02-01,390,1.0
SPX,2018-02-02,390,1.0
SPX,2018-02-05,390,1.0
SPX,2018-02-06,390,1.0
SPX,2018-02-07,390,1.0
SPX,2018-02-08,390,1.0
SPX,2018-02-09,390,1.0
SPX,2018-02-12,390,1.0
SPX,2018-02-13,374,0.958974358974359
SPX,2018-02-14,373,0.9564102564102565
SPX,2018-02-15,387,0.9923076923076923
SPX,2018-02-16,390,1.0
SPX,2018-02-19,205,0.5256410256410257
SPX,2018-02-20,390,1.0
SPX,2018-02-21,389,0.9974358974358974
SPX,2018-02-22,390,1.0
SPX,2018-02-23,390,1.0
SPX,2018-02-26,387,0.9923076923076923
SPX,2018-02-27,390,1.0
SPX,2018-02-28,390,1.0
SPX,2018-03-01,390,1.0
SPX,2018-03-02,390,1.0
SPX,2018-03-05,390,1.0
SPX,2018-03-06,390,1.0
SPX,2018-03-07,389,0.9974358974358974
SPX,2018-03-08,390,1.0
SPX,2018-03-09,390,1.0
SPX,2018-03-12,389,0.9974358974358974
SPX,2018-03-13,390,1.0
SPX,2018-03-14,390,1.0
SPX,2018-03-15,390,1.0
SPX,2018-03-16,389,0.9974358974358974
SPX,2018-03-19,390,1.0
SPX,2018-03-20,390,1.0
SPX,2018-03-21,388,0.9948717948717949
SPX,2018-03-22,390,1.0
SPX,2018-03-23,390,1.0
SPX,2018-03-26,390,1.0
SPX,2018-03-27,390,1.0
SPX,2018-03-28,390,1.0
SPX,2018-03-29,390,1.0
SPX,2018-04-02,390,1.0
SPX,2018-04-03,390,1.0
SPX,2018-04-04,390,1.0
SPX,2018-04-05,390,1.0
SPX,2018-04-06,390,1.0
SPX,2018-04-09,390,1.0
SPX,2018-04-10,390,1.0
SPX,2018-04-11,390,1.0
SPX,2018-04-12,390,1.0
SPX,2018-04-13,390,1.0
SPX,2018-04-16,390,1.0
SPX,2018-04-17,390,1.0
SPX,2018-04-18,389,0.9974358974358974
SPX,2018-04-19,390,1.0
SPX,2018-04-20,390,1.0
SPX,2018-04-23,390,1.0
SPX,2018-04-24,390,1.0
SPX,2018-04-25,390,1.0
SPX,2018-04-26,390,1.0
SPX,2018-04-27,390,1.0
SPX,2018-04-30,390,1.0
SPX,2018-05-01,390,1.0
SPX,2018-05-02,390,1.0
SPX,2018-05-03,390,1.0
SPX,2018-05-04,387,0.9923076923076923
SPX,2018-05-07,389,0.9974358974358974
SPX,2018-05-08,390,1.0
SPX,2018-05-09,389,0.9974358974358974
SPX,2018-05-10,390,1.0
SPX,2018-05-11,390,1.0
SPX,2018-05-14,389,0.9974358974358974
SPX,2018-05-15,390,1.0
SPX,2018-05-16,390,1.0
SPX,2018-05-17,388,0.9948717948717949
SPX,2018-05-18,388,0.9948717948717949
SPX,2018-05-21,390,1.0
SPX,2018-05-22,382,0.9794871794871794
SPX,2018-05-23,390,1.0
SPX,2018-05-24,389,0.9974358974358974
SPX,2018-05-25,385,0.9871794871794872
SPX,2018-05-28,169,0.43333333333333335
SPX,2018-05-29,390,1.0
SPX,2018-05-30,386,0.9897435897435898
SPX,2018-05-31,389,0.9974358974358974
SPX,2018-06-01,383,0.982051282051282
SPX,2018-06-04,376,0.9641025641025641
SPX,2018-06-05,383,0.982051282051282
SPX,2018-06-06,375,0.9615384615384616
SPX,2018-06-07,388,0.9948717948717949
SPX,2018-06-08,386,0.9897435897435898
SPX,2018-06-11,364,0.9333333333333333
SPX,2018-06-12,382,0.9794871794871794
SPX,2018-06-13,367,0.941025641025641
SPX,2018-06-14,384,0.9846153846153847
SPX,2018-06-15,384,0.9846153846153847
SPX,2018-06-18,387,0.9923076923076923
SPX,2018-06-19,389,0.9974358974358974
SPX,2018-06-20,380,0.9743589743589743
SPX,2018-06-21,390,1.0
SPX,2018-06-22,383,0.982051282051282
SPX,2018-06-25,390,1.0
SPX,2018-06-26,389,0.9974358974358974
SPX,2018-06-27,390,1.0
SPX,2018-06-28,390,1.0
SPX,2018-06-29,390,1.0
SPX,2018-07-02,390,1.0
SPX,2018-07-03,225,0.5769230769230769
SPX,2018-07-04,184,0.4717948717948718
SPX,2018-07-05,388,0.9948717948717949
SPX,2018-07-06,381,0.9769230769230769
SPX,2018-07-09,372,0.9538461538461539
SPX,2018-07-10,379,0.9717948717948718
SPX,2018-07-11,387,0.9923076923076923
SPX,2018-07-12,379,0.9717948717948718
SPX,2018-07-13,376,0.9641025641025641
SPX,2018-07-16,371,0.9512820512820512
SPX,2018-07-17,375,0.9615384615384616
SPX,2018-07-18,357,0.9153846153846154
SPX,2018-07-19,386,0.9897435897435898
SPX,2018-07-20,383,0.982051282051282
SPX,2018-07-23,343,0.8794871794871795
SPX,2018-07-24,387,0.9923076923076923
SPX,2018-07-25,383,0.982051282051282
SPX,2018-07-26,387,0.9923076923076923
SPX,2018-07-27,390,1.0
SPX,2018-07-30,386,0.9897435897435898
SPX,2018-07-31,387,0.9923076923076923
SPX,2018-08-01,382,0.9794871794871794
SPX,2018-08-02,385,0.9871794871794872
SPX,2018-08-03,374,0.958974358974359
SPX,2018-08-06,358,0.9179487179487179
SPX,2018-08-07,367,0.941025641025641
SPX,2018-08-08,343,0.8794871794871795
SPX,2018-08-09,353,0.9051282051282051
SPX,2018-08-10,384,0.9846153846153847
SPX,2018-08-13,390,1.0
SPX,2018-08-14,383,0.982051282051282
SPX,2018-08-15,390,1.0
SPX,2018-08-16,388,0.9948717948717949
SPX,2018-08-17,389,0.9974358974358974
SPX,2018-08-20,341,0.8743589743589744
SPX,2018-08-21,372,0.9538461538461539
SPX,2018-08-22,375,0.9615384615384616
SPX,2018-08-23,383,0.982051282051282
SPX,2018-08-24,375,0.9615384615384616
SPX,2018-08-27,367,0.941025641025641
SPX,2018-08-28,374,0.958974358974359
SPX,2018-08-29,382,0.9794871794871794
SPX,2018-08-30,383,0.982051282051282
SPX,2018-08-31,388,0.9948717948717949
SPX,2018-09-03,111,0.2846153846153846
SPX,2018-09-04,389,0.9974358974358974
SPX,2018-09-05,390,1.0
SPX,2018-09-06,390,1.0
SPX,2018-09-07,390,1.0
SPX,2018-09-10,384,0.9846153846153847
SPX,2018-09-11,388,0.9948717948717949
SPX,2018-09-12,390,1.0
SPX,2018-09-13,389,0.9974358974358974
SPX,2018-09-14,386,0.9897435897435898
SPX,2018-09-17,385,0.9871794871794872
SPX,2018-09-18,385,0.9871794871794872
SPX,2018-09-19,383,0.982051282051282
SPX,2018-09-20,382,0.9794871794871794
SPX,2018-09-21,377,0.9666666666666667
SPX,2018-09-24,386,0.9897435897435898
SPX,2018-09-25,376,0.9641025641025641
SPX,2018-09-26,366,0.9384615384615385
SPX,2018-09-27,381,0.9769230769230769
SPX,2018-09-28,380,0.9743589743589743
SPX,2018-10-01,382,0.9794871794871794
SPX,2018-10-02,381,0.9769230769230769
SPX,2018-10-03,382,0.9794871794871794
SPX,2018-10-04,390,1.0
SPX,2018-10-05,390,1.0
SPX,2018-10-08,390,1.0
SPX,2018-10-09,390,1.0
SPX,2018-10-10,390,1.0
SPX,2018-10-11,390,1.0
SPX,2018-10-12,390,1.0
SPX,2018-10-15,390,1.0
SPX,2018-10-16,390,1.0
SPX,2018-10-17,390,1.0
SPX,2018-10-18,390,1.0
SPX,2018-10-19,390,1.0
SPX,2018-10-22,390,1.0
SPX,2018-10-23,390,1.0
SPX,2018-10-24,390,1.0
SPX,2018-10-25,390,1.0
SPX,2018-10-26,390,1.0
SPX,2018-10-29,390,1.0
SPX,2018-10-30,390,1.0
SPX,2018-10-31,390,1.0
SPX,2018-11-01,390,1.0
SPX,2018-11-02,390,1.0
SPX,2018-11-05,390,1.0
SPX,2018-11-06,390,1.0
SPX,2018-11-07,390,1.0
SPX,2018-11-08,390,1.0
SPX,2018-11-09,390,1.0
SPX,2018-11-12,390,1.0
SPX,2018-11-13,390,1.0
SPX,2018-11-14,390,1.0
SPX,2018-11-15,390,1.0
SPX,2018-11-16,390,1.0
SPX,2018-11-19,390,1.0
SPX,2018-11-20,390,1.0
SPX,2018-11-21,390,1.0
SPX,2018-11-22,204,0.5230769230769231
SPX,2018-11-23,225,0.5769230769230769
SPX,2018-11-26,390,1.0
SPX,2018-11-27,390,1.0
SPX,2018-11-28,390,1.0
SPX,2018-11-29,390,1.0
SPX,2018-11-30,390,1.0
SPX,2018-12-03,390,1.0
SPX,2018-12-04,390,1.0
SPX,2018-12-06,390,1.0
SPX,2018-12-07,390,1.0
SPX,2018-12-10,390,1.0
SPX,2018-12-11,390,1.0
SPX,2018-12-12,390,1.0
SPX,2018-12-13,390,1.0
SPX,2018-12-14,390,1.0
SPX,2018-12-17,390,1.0
SPX,2018-12-18,390,1.0
SPX,2018-12-19,390,1.0
SPX,2018-12-20,390,1.0
SPX,2018-12-21,390,1.0
SPX,2018-12-24,225,0.5769230769230769
SPX,2018-12-26,390,1.0
SPX,2018-12-27,390,1.0
SPX,2018-12-28,390,1.0
SPX,2018-12-31,390,1.0
SPX,2019-01-02,390,1.0
SPX,2019-01-03,390,1.0
SPX,2019-01-04,390,1.0
SPX,2019-01-07,390,1.0
SPX,2019-01-08,390,1.0
SPX,2019-01-09,390,1.0
SPX,2019-01-10,390,1.0
SPX,2019-01-11,390,1.0
SPX,2019-01-14,390,1.0
SPX,2019-01-15,390,1.0
SPX,2019-01-16,390,1.0
SPX,2019-01-17,390,1.0
SPX,2019-01-18,390,1.0
SPX,2019-01-21,193,0.4948717948717949
SPX,2019-01-22,390,1.0
SPX,2019-01-23,390,1.0
SPX,2019-01-24,390,1.0
SPX,2019-01-25,380,0.9743589743589743
SPX,2019-01-28,390,1.0
SPX,2019-01-29,388,0.9948717948717949
SPX,2019-01-30,390,1.0
SPX,2019-01-31,390,1.0
SPX,2019-02-01,390,1.0
SPX,2019-02-04,388,0.9948717948717949
SPX,2019-02-05,389,0.9974358974358974
SPX,2019-02-06,390,1.0
SPX,2019-02-07,390,1.0
SPX,2019-02-08,390,1.0
SPX,2019-02-11,390,1.0
SPX,2019-02-12,390,1.0
SPX,2019-02-13,386,0.9897435897435898
SPX,2019-02-14,390,1.0
SPX,2019-02-15,389,0.9974358974358974
SPX,2019-02-18,153,0.3923076923076923
SPX,2019-02-19,387,0.9923076923076923
SPX,2019-02-20,390,1.0
SPX,2019-02-21,389,0.9974358974358974
SPX,2019-02-22,388,0.9948717948717949
SPX,2019-02-25,388,0.9948717948717949
SPX,2019-02-26,390,1.0
SPX,2019-02-27,387,0.9923076923076923
SPX,2019-02-28,380,0.9743589743589743
SPX,2019-03-01,389,0.9974358974358974
SPX,2019-03-04,390,1.0
SPX,2019-03-05,389,0.9974358974358974
SPX,2019-03-06,390,1.0
SPX,2019-03-07,390,1.0
SPX,2019-03-08,390,1.0
SPX,2019-03-11,390,1.0
SPX,2019-03-12,388,0.9948717948717949
SPX,2019-03-13,389,0.9974358974358974
SPX,2019-03-14,388,0.9948717948717949
SPX,2019-03-15,386,0.9897435897435898
SPX,2019-03-18,382,0.9794871794871794
SPX,2019-03-19,388,0.9948717948717949
SPX,2019-03-20,390,1.0
SPX,2019-03-21,390,1.0
SPX,2019-03-22,390,1.0
SPX,2019-03-25,390,1.0
SPX,2019-03-26,390,1.0
SPX,2019-03-27,390,1.0
SPX,2019-03-28,390,1.0
SPX,2019-03-29,390,1.0
SPX,2019-04-01,389,0.9974358974358974
SPX,2019-04-02,384,0.9846153846153847
SPX,2019-04-03,390,1.0
SPX,2019-04-04,390,1.0
SPX,2019-04-05,390,1.0
SPX,2019-04-08,384,0.9846153846153847
SPX,2019-04-09,390,1.0
SPX,2019-04-10,386,0.9897435897435898
SPX,2019-04-11,388,0.9948717948717949
SPX,2019-04-12,380,0.9743589743589743
SPX,2019-04-15,376,0.9641025641025641
SPX,2019-04-16,382,0.9794871794871794
SPX,2019-04-17,388,0.9948717948717949
SPX,2019-04-18,363,0.9307692307692308
SPX,2019-04-22,375,0.9615384615384616
SPX,2019-04-23,376,0.9641025641025641
SPX,2019-04-24,377,0.9666666666666667
SPX,2019-04-25,384,0.9846153846153847
SPX,2019-04-26,384,0.9846153846153847
SPX,2019-04-29,382,0.9794871794871794
SPX,2019-04-30,388,0.9948717948717949
SPX,2019-05-01,385,0.9871794871794872
SPX,2019-05-02,390,1.0
SPX,2019-05-03,386,0.9897435897435898
SPX,2019-05-06,390,1.0
SPX,2019-05-07,390,1.0
SPX,2019-05-08,389,0.9974358974358974
SPX,2019-05-09,390,1.0
SPX,2019-05-10,390,1.0
SPX,2019-05-13,390,1.0
SPX,2019-05-14,389,0.9974358974358974
SPX,2019-05-15,390,1.0
SPX,2019-05-16,390,1.0
SPX,2019-05-17,390,1.0
SPX,2019-05-20,390,1.0
SPX,2019-05-21,388,0.9948717948717949
SPX,2019-05-22,390,1.0
SPX,2019-05-23,390,1.0
SPX,2019-05-24,390,1.0
SPX,2019-05-27,185,0.47435897435897434
SPX,2019-05-28,390,1.0
SPX,2019-05-29,390,1.0
SPX,2019-05-30,390,1.0
SPX,2019-05-31,390,1.0
SPX,2019-06-03,390,1.0
SPX,2019-06-04,390,1.0
SPX,2019-06-05,390,1.0
SPX,2019-06-06,389,0.9974358974358974
SPX,2019-06-07,390,1.0
SPX,2019-06-10,388,0.9948717948717949
SPX,2019-06-11,390,1.0
SPX,2019-06-12,389,0.9974358974358974
SPX,2019-06-13,388,0.9948717948717949
SPX,2019-06-14,387,0.9923076923076923
SPX,2019-06-17,379,0.9717948717948718
SPX,2019-06-18,390,1.0
SPX,2019-06-19,385,0.9871794871794872
SPX,2019-06-20,390,1.0
SPX,2019-06-21,386,0.9897435897435898
SPX,2019-06-24,385,0.9871794871794872
SPX,2019-06-25,390,1.0
SPX,2019-06-26,389,0.9974358974358974
SPX,2019-06-27,378,0.9692307692307692
SPX,2019-06-28,387,0.9923076923076923
SPX,2019-07-01,389,0.9974358974358974
SPX,2019-07-02,390,1.0
SPX,2019-07-03,223,0.5717948717948718
SPX,2019-07-04,149,0.382051282051282
SPX,2019-07-05,389,0.9974358974358974
SPX,2019-07-08,389,0.9974358974358974
SPX,2019-07-09,378,0.9692307692307692
SPX,2019-07-10,387,0.9923076923076923
SPX,2019-07-11,389,0.9974358974358974
SPX,2019-07-12,363,0.9307692307692308
SPX,2019-07-15,373,0.9564102564102565
SPX,2019-07-16,389,0.9974358974358974
SPX,2019-07-17,380,0.9743589743589743
SPX,2019-07-18,389,0.9974358974358974
SPX,2019-07-19,389,0.9974358974358974
SPX,2019-07-22,384,0.9846153846153847
SPX,2019-07-23,385,0.9871794871794872
SPX,2019-07-24,387,0.9923076923076923
SPX,2019-07-25,390,1.0
SPX,2019-07-26,367,0.941025641025641
SPX,2019-07-29,385,0.9871794871794872
SPX,2019-07-30,386,0.9897435897435898
SPX,2019-07-31,387,0.9923076923076923
SPX,2019-08-01,390,1.0
SPX,2019-08-02,390,1.0
SPX,2019-08-05,390,1.0
SPX,2019-08-06,390,1.0
SPX,2019-08-07,390,1.0
SPX,2019-08-08,390,1.0
SPX,2019-08-09,390,1.0
SPX,2019-08-12,390,1.0
SPX,2019-08-13,390,1.0
SPX,2019-08-14,390,1.0
SPX,2019-08-15,390,1.0
SPX,2019-08-16,390,1.0
SPX,2019-08-19,389,0.9974358974358974
SPX,2019-08-20,390,1.0
SPX,2019-08-21,388,0.9948717948717949
SPX,2019-08-22,389,0.9974358974358974
SPX,2019-08-23,390,1.0
SPX,2019-08-26,390,1.0
SPX,2019-08-27,390,1.0
SPX,2019-08-28,390,1.0
SPX,2019-08-29,389,0.9974358974358974
SPX,2019-08-30,390,1.0
SPX,2019-09-02,203,0.5205128205128206
SPX,2019-09-03,390,1.0
SPX,2019-09-04,386,0.9897435897435898
SPX,2019-09-05,388,0.9948717948717949
SPX,2019-09-06,387,0.9923076923076923
SPX,2019-09-09,388,0.9948717948717949
SPX,2019-09-10,390,1.0
SPX,2019-09-11,387,0.9923076923076923
SPX,2019-09-12,389,0.9974358974358974
SPX,2019-09-13,387,0.9923076923076923
SPX,2019-09-16,390,1.0
SPX,2019-09-17,385,0.9871794871794872
SPX,2019-09-18,377,0.9666666666666667
SPX,2019-09-19,388,0.9948717948717949
SPX,2019-09-20,388,0.9948717948717949
SPX,2019-09-23,386,0.9897435897435898
SPX,2019-09-24,390,1.0
SPX,2019-09-25,390,1.0
SPX,2019-09-26,390,1.0
SPX,2019-09-27,390,1.0
SPX,2019-09-30,385,0.9871794871794872
SPX,2019-10-01,390,1.0
SPX,2019-10-02,390,1.0
SPX,2019-10-03,390,1.0
SPX,2019-10-04,387,0.9923076923076923
SPX,2019-10-07,390,1.0
SPX,2019-10-08,390,1.0
SPX,2019-10-09,390,1.0
SPX,2019-10-10,390,1.0
SPX,2019-10-11,390,1.0
SPX,2019-10-14,388,0.9948717948717949
SPX,2019-10-15,388,0.9948717948717949
SPX,2019-10-16,389,0.9974358974358974
SPX,2019-10-17,390,1.0
SPX,2019-10-18,390,1.0
SPX,2019-10-21,383,0.982051282051282
SPX,2019-10-22,390,1.0
SPX,2019-10-23,389,0.9974358974358974
SPX,2019-10-24,386,0.9897435897435898
SPX,2019-10-25,385,0.9871794871794872
SPX,2019-10-28,385,0.9871794871794872
SPX,2019-10-29,387,0.9923076923076923
SPX,2019-10-30,388,0.9948717948717949
SPX,2019-10-31,390,1.0
SPX,2019-11-01,383,0.982051282051282
SPX,2019-11-04,386,0.9897435897435898
SPX,2019-11-05,382,0.9794871794871794
SPX,2019-11-06,389,0.9974358974358974
SPX,2019-11-07,387,0.9923076923076923
SPX,2019-11-08,380,0.9743589743589743
SPX,2019-11-11,362,0.9282051282051282
SPX,2019-11-12,387,0.9923076923076923
SPX,2019-11-13,388,0.9948717948717949
SPX,2019-11-14,379,0.9717948717948718
SPX,2019-11-15,374,0.958974358974359
SPX,2019-11-18,356,0.9128205128205128
SPX,2019-11-19,382,0.9794871794871794
SPX,2019-11-20,387,0.9923076923076923
SPX,2019-11-21,385,0.9871794871794872
SPX,2019-11-22,378,0.9692307692307692
SPX,2019-11-25,349,0.8948717948717949
SPX,2019-11-26,368,0.9435897435897436
SPX,2019-11-27,364,0.9333333333333333
SPX,2019-11-28,128,0.3282051282051282
SPX,2019-11-29,222,0.5692307692307692
SPX,2019-12-02,390,1.0
SPX,2019-12-03,390,1.0
SPX,2019-12-04,380,0.9743589743589743
SPX,2019-12-05,389,0.9974358974358974
SPX,2019-12-06,355,0.9102564102564102
SPX,2019-12-09,380,0.9743589743589743
SPX,2019-12-10,380,0.9743589743589743
SPX,2019-12-11,387,0.9923076923076923
SPX,2019-12-12,390,1.0
SPX,2019-12-13,390,1.0
SPX,2019-12-16,364,0.9333333333333333
SPX,2019-12-17,371,0.9512820512820512
SPX,2019-12-18,353,0.9051282051282051
SPX,2019-12-19,357,0.9153846153846154
SPX,2019-12-20,341,0.8743589743589744
SPX,2019-12-23,303,0.7769230769230769
SPX,2019-12-24,204,0.5230769230769231
SPX,2019-12-26,285,0.7307692307692307
SPX,2019-12-27,373,0.9564102564102565
SPX,2019-12-30,387,0.9923076923076923
SPX,2019-12-31,381,0.9769230769230769
SPX,2020-01-02,384,0.9846153846153847
SPX,2020-01-03,388,0.9948717948717949
SPX,2020-01-06,387,0.9923076923076923
SPX,2020-01-07,383,0.982051282051282
SPX,2020-01-08,390,1.0
SPX,2020-01-09,389,0.9974358974358974
SPX,2020-01-10,388,0.9948717948717949
SPX,2020-01-13,377,0.9666666666666667
SPX,2020-01-14,384,0.9846153846153847
SPX,2020-01-15,388,0.9948717948717949
SPX,2020-01-16,369,0.9461538461538461
SPX,2020-01-17,383,0.982051282051282
SPX,2020-01-20,148,0.37948717948717947
SPX,2020-01-21,382,0.9794871794871794
SPX,2020-01-22,388,0.9948717948717949
SPX,2020-01-23,390,1.0
SPX,2020-01-24,390,1.0
SPX,2020-01-27,390,1.0
SPX,2020-01-28,390,1.0
SPX,2020-01-29,390,1.0
SPX,2020-01-30,390,1.0
SPX,2020-01-31,390,1.0
SPX,2020-02-03,389,0.9974358974358974
SPX,2020-02-04,388,0.9948717948717949
SPX,2020-02-05,389,0.9974358974358974
SPX,2020-02-06,390,1.0
SPX,2020-02-07,390,1.0
SPX,2020-02-10,387,0.9923076923076923
SPX,2020-02-11,390,1.0
SPX,2020-02-12,384,0.9846153846153847
SPX,2020-02-13,390,1.0
SPX,2020-02-14,389,0.9974358974358974
SPX,2020-02-17,131,0.33589743589743587
SPX,2020-02-18,387,0.9923076923076923
SPX,2020-02-19,380,0.9743589743589743
SPX,2020-02-20,390,1.0
SPX,2020-02-21,390,1.0
SPX,2020-02-24,390,1.0
SPX,2020-02-25,390,1.0
SPX,2020-02-26,390,1.0
SPX,2020-02-27,390,1.0
SPX,2020-02-28,390,1.0
SPX,2020-03-02,390,1.0
SPX,2020-03-03,390,1.0
SPX,2020-03-04,390,1.0
SPX,2020-03-05,390,1.0
SPX,2020-03-06,390,1.0
SPX,2020-03-09,371,0.9512820512820512
SPX,2020-03-10,390,1.0
SPX,2020-03-11,390,1.0
SPX,2020-03-12,377,0.9666666666666667
SPX,2020-03-13,390,1.0
SPX,2020-03-16,375,0.9615384615384616
SPX,2020-03-17,389,0.9974358974358974
SPX,2020-03-18,377,0.9666666666666667
SPX,2020-03-19,390,1.0
SPX,2020-03-20,390,1.0
SPX,2020-03-23,390,1.0
SPX,2020-03-24,390,1.0
SPX,2020-03-25,390,1.0
SPX,2020-03-26,390,1.0
SPX,2020-03-27,390,1.0
SPX,2020-03-30,390,1.0
SPX,2020-03-31,390,1.0
SPX,2020-04-01,390,1.0
SPX,2020-04-02,390,1.0
SPX,2020-04-03,390,1.0
SPX,2020-04-06,390,1.0
SPX,2020-04-07,390,1.0
SPX,2020-04-08,390,1.0
SPX,2020-04-09,390,1.0
SPX,2020-04-13,390,1.0
SPX,2020-04-14,390,1.0
SPX,2020-04-15,390,1.0
SPX,2020-04-16,390,1.0
SPX,2020-04-17,390,1.0
SPX,2020-04-20,390,1.0
SPX,2020-04-21,390,1.0
SPX,2020-04-22,390,1.0
SPX,2020-04-23,390,1.0
SPX,2020-04-24,390,1.0
SPX,2020-04-27,390,1.0
SPX,2020-04-28,390,1.0
SPX,2020-04-29,390,1.0
SPX,2020-04-30,390,1.0
SPX,2020-05-01,390,1.0
SPX,2020-05-04,390,1.0
SPX,2020-05-05,390,1.0
SPX,2020-05-06,390,1.0
SPX,2020-05-07,389,0.9974358974358974
SPX,2020-05-08,390,1.0
SPX,2020-05-11,390,1.0
SPX,2020-05-12,390,1.0
SPX,2020-05-13,390,1.0
SPX,2020-05-14,390,1.0
SPX,2020-05-15,390,1.0
SPX,2020-05-18,390,1.0
SPX,2020-05-19,390,1.0
SPX,2020-05-20,390,1.0
SPX,2020-05-21,390,1.0
SPX,2020-05-22,390,1.0
SPX,2020-05-25,192,0.49230769230769234
SPX,2020-05-26,390,1.0
SPX,2020-05-27,390,1.0
SPX,2020-05-28,390,1.0
SPX,2020-05-29,390,1.0
SPX,2020-06-01,390,1.0
SPX,2020-06-02,390,1.0
SPX,2020-06-03,390,1.0
SPX,2020-06-04,390,1.0
SPX,2020-06-05,390,1.0
SPX,2020-06-08,390,1.0
SPX,2020-06-09,390,1.0
SPX,2020-06-10,390,1.0
SPX,2020-06-11,390,1.0
SPX,2020-06-12,390,1.0
SPX,2020-06-15,390,1.0
SPX,2020-06-16,390,1.0
SPX,2020-06-17,390,1.0
SPX,2020-06-18,390,1.0
SPX,2020-06-19,390,1.0
SPX,2020-06-22,390,1.0
SPX,2020-06-23,390,1.0
SPX,2020-06-24,390,1.0
SPX,2020-06-25,390,1.0
SPX,2020-06-26,390,1.0
SPX,2020-06-29,390,1.0
SPX,2020-06-30,390,1.0
SPX,2020-07-01,390,1.0
SPX,2020-07-02,390,1.0
SPX,2020-07-03,208,0.5333333333333333
SPX,2020-07-06,390,1.0
SPX,2020-07-07,390,1.0
SPX,2020-07-08,390,1.0
SPX,2020-07-09,390,1.0
SPX,2020-07-10,390,1.0
SPX,2020-07-13,390,1.0
SPX,2020-07-14,390,1.0
SPX,2020-07-15,390,1.0
SPX,2020-07-16,390,1.0
SPX,2020-07-17,390,1.0
SPX,2020-07-20,390,1.0
SPX,2020-07-21,390,1.0
SPX,2020-07-22,390,1.0
SPX,2020-07-23,390,1.0
SPX,2020-07-24,390,1.0
SPX,2020-07-27,390,1.0
SPX,2020-07-28,390,1.0
SPX,2020-07-29,389,0.9974358974358974
SPX,2020-07-30,390,1.0
SPX,2020-07-31,390,1.0
SPX,2020-08-03,390,1.0
SPX,2020-08-04,390,1.0
SPX,2020-08-05,386,0.9897435897435898
SPX,2020-08-06,390,1.0
SPX,2020-08-07,390,1.0
SPX,2020-08-10,390,1.0
SPX,2020-08-11,390,1.0
SPX,2020-08-12,390,1.0
SPX,2020-08-13,390,1.0
SPX,2020-08-14,390,1.0
SPX,2020-08-17,384,0.9846153846153847
SPX,2020-08-18,390,1.0
SPX,2020-08-19,386,0.9897435897435898
SPX,2020-08-20,390,1.0
SPX,2020-08-21,390,1.0
SPX,2020-08-24,389,0.9974358974358974
SPX,2020-08-25,389,0.9974358974358974
SPX,2020-08-26,388,0.9948717948717949
SPX,2020-08-27,390,1.0
SPX,2020-08-28,390,1.0
SPX,2020-08-31,390,1.0
SPX,2020-09-01,388,0.9948717948717949
SPX,2020-09-02,390,1.0
SPX,2020-09-03,390,1.0
SPX,2020-09-04,390,1.0
SPX,2020-09-07,210,0.5384615384615384
SPX,2020-09-08,390,1.0
SPX,2020-09-09,390,1.0
SPX,2020-09-10,390,1.0
SPX,2020-09-11,390,1.0
SPX,2020-09-14,390,1.0
SPX,2020-09-15,389,0.9974358974358974
SPX,2020-09-16,390,1.0
SPX,2020-09-17,390,1.0
SPX,2020-09-18,390,1.0
SPX,2020-09-21,390,1.0
SPX,2020-09-22,390,1.0
SPX,2020-09-23,390,1.0
SPX,2020-09-24,390,1.0
SPX,2020-09-25,390,1.0
SPX,2020-09-28,390,1.0
SPX,2020-09-29,390,1.0
SPX,2020-09-30,390,1.0
SPX,2020-10-01,390,1.0
SPX,2020-10-02,390,1.0
SPX,2020-10-05,390,1.0
SPX,2020-10-06,390,1.0
SPX,2020-10-07,390,1.0
SPX,2020-10-08,390,1.0
SPX,2020-10-09,390,1.0
SPX,2020-10-12,390,1.0
SPX,2020-10-13,390,1.0
SPX,2020-10-14,390,1.0
SPX,2020-10-15,390,1.0
SPX,2020-10-16,390,1.0
SPX,2020-10-19,390,1.0
SPX,2020-10-20,390,1.0
SPX,2020-10-21,390,1.0
SPX,2020-10-22,390,1.0
SPX,2020-10-23,390,1.0
SPX,2020-10-26,390,1.0
SPX,2020-10-27,390,1.0
SPX,2020-10-28,390,1.0
SPX,2020-10-29,390,1.0
SPX,2020-10-30,390,1.0
SPX,2020-11-02,390,1.0
SPX,2020-11-03,390,1.0
SPX,2020-11-04,390,1.0
SPX,2020-11-05,390,1.0
SPX,2020-11-06,390,1.0
SPX,2020-11-09,390,1.0
SPX,2020-11-10,390,1.0
SPX,2020-11-11,389,0.9974358974358974
SPX,2020-11-12,390,1.0
SPX,2020-11-13,390,1.0
SPX,2020-11-16,390,1.0
SPX,2020-11-17,390,1.0
SPX,2020-11-18,390,1.0
SPX,2020-11-19,390,1.0
SPX,2020-11-20,390,1.0
SPX,2020-11-23,390,1.0
SPX,2020-11-24,390,1.0
SPX,2020-11-25,390,1.0
SPX,2020-11-26,199,0.5102564102564102
SPX,2020-11-27,225,0.5769230769230769
SPX,2020-11-30,390,1.0
SPX,2020-12-01,390,1.0
SPX,2020-12-02,390,1.0
SPX,2020-12-03,390,1.0
SPX,2020-12-04,387,0.9923076923076923
SPX,2020-12-07,390,1.0
SPX,2020-12-08,390,1.0
SPX,2020-12-09,390,1.0
SPX,2020-12-10,390,1.0
SPX,2020-12-11,389,0.9974358974358974
SPX,2020-12-14,390,1.0
SPX,2020-12-15,390,1.0
SPX,2020-12-16,389,0.9974358974358974
SPX,2020-12-17,390,1.0
SPX,2020-12-18,390,1.0
SPX,2020-12-21,390,1.0
SPX,2020-12-22,390,1.0
SPX,2020-12-23,388,0.9948717948717949
SPX,2020-12-24,225,0.5769230769230769
SPX,2020-12-28,390,1.0
SPX,2020-12-29,390,1.0
SPX,2020-12-30,390,1.0
SPX,2020-12-31,388,0.9948717948717949
SPX,2021-01-04,390,1.0
SPX,2021-01-05,390,1.0
SPX,2021-01-06,390,1.0
SPX,2021-01-07,390,1.0
SPX,2021-01-08,390,1.0
SPX,2021-01-11,390,1.0
SPX,2021-01-12,390,1.0
SPX,2021-01-13,390,1.0
SPX,2021-01-14,389,0.9974358974358974
SPX,2021-01-15,390,1.0
SPX,2021-01-18,180,0.46153846153846156
SPX,2021-01-19,390,1.0
SPX,2021-01-20,390,1.0
SPX,2021-01-21,390,1.0
SPX,2021-01-22,390,1.0
SPX,2021-01-25,390,1.0
SPX,2021-01-26,390,1.0
SPX,2021-01-27,390,1.0
SPX,2021-01-28,390,1.0
SPX,2021-01-29,390,1.0
SPX,2021-02-01,390,1.0
SPX,2021-02-02,390,1.0
SPX,2021-02-03,390,1.0
SPX,2021-02-04,390,1.0
SPX,2021-02-05,390,1.0
SPX,2021-02-08,389,0.9974358974358974
SPX,2021-02-09,388,0.9948717948717949
SPX,2021-02-10,390,1.0
SPX,2021-02-11,390,1.0
SPX,2021-02-12,389,0.9974358974358974
SPX,2021-02-15,137,0.35128205128205126
SPX,2021-02-16,390,1.0
SPX,2021-02-17,389,0.9974358974358974
SPX,2021-02-18,390,1.0
SPX,2021-02-19,390,1.0
SPX,2021-02-22,390,1.0
SPX,2021-02-23,390,1.0
SPX,2021-02-24,390,1.0
SPX,2021-02-25,390,1.0
SPX,2021-02-26,390,1.0
SPX,2021-03-01,390,1.0
SPX,2021-03-02,390,1.0
SPX,2021-03-03,390,1.0
SPX,2021-03-04,390,1.0
SPX,2021-03-05,390,1.0
SPX,2021-03-08,390,1.0
SPX,2021-03-09,390,1.0
SPX,2021-03-10,390,1.0
SPX,2021-03-11,390,1.0
SPX,2021-03-12,390,1.0
SPX,2021-03-15,389,0.9974358974358974
SPX,2021-03-16,390,1.0
SPX,2021-03-17,390,1.0
SPX,2021-03-18,390,1.0
SPX,2021-03-19,390,1.0
SPX,2021-03-22,390,1.0
SPX,2021-03-23,390,1.0
SPX,2021-03-24,390,1.0
SPX,2021-03-25,390,1.0
SPX,2021-03-26,390,1.0
SPX,2021-03-29,387,0.9923076923076923
SPX,2021-03-30,390,1.0
SPX,2021-03-31,386,0.9897435897435898
SPX,2021-04-01,388,0.9948717948717949
SPX,2021-04-05,390,1.0
SPX,2021-04-06,388,0.9948717948717949
SPX,2021-04-07,390,1.0
SPX,2021-04-08,388,0.9948717948717949
SPX,2021-04-09,389,0.9974358974358974
SPX,2021-04-12,389,0.9974358974358974
SPX,2021-04-13,390,1.0
SPX,2021-04-14,390,1.0
SPX,2021-04-15,390,1.0
SPX,2021-04-16,390,1.0
SPX,2021-04-19,390,1.0
SPX,2021-04-20,390,1.0
SPX,2021-04-21,389,0.9974358974358974
SPX,2021-04-22,390,1.0
SPX,2021-04-23,389,0.9974358974358974
SPX,2021-04-26,388,0.9948717948717949
SPX,2021-04-27,389,0.9974358974358974
SPX,2021-04-28,390,1.0
SPX,2021-04-29,390,1.0
SPX,2021-04-30,390,1.0
SPX,2021-05-03,390,1.0
SPX,2021-05-04,390,1.0
SPX,2021-05-05,390,1.0
SPX,2021-05-06,390,1.0
SPX,2021-05-07,390,1.0
SPX,2021-05-10,390,1.0
SPX,2021-05-11,390,1.0
SPX,2021-05-12,390,1.0
SPX,2021-05-13,390,1.0
SPX,2021-05-14,390,1.0
SPX,2021-05-17,390,1.0
SPX,2021-05-18,389,0.9974358974358974
SPX,2021-05-19,390,1.0
SPX,2021-05-20,390,1.0
SPX,2021-05-21,390,1.0
SPX,2021-05-24,390,1.0
SPX,2021-05-25,390,1.0
SPX,2021-05-26,390,1.0
SPX,2021-05-27,390,1.0
SPX,2021-05-28,389,0.9974358974358974
SPX,2021-05-31,190,0.48717948717948717
SPX,2021-06-01,390,1.0
SPX,2021-06-02,390,1.0
SPX,2021-06-03,390,1.0
SPX,2021-06-04,388,0.9948717948717949
SPX,2021-06-07,388,0.9948717948717949
SPX,2021-06-08,390,1.0
SPX,2021-06-09,389,0.9974358974358974
SPX,2021-06-10,388,0.9948717948717949
SPX,2021-06-11,387,0.9923076923076923
SPX,2021-06-14,390,1.0
SPX,2021-06-15,390,1.0
SPX,2021-06-16,390,1.0
SPX,2021-06-17,390,1.0
SPX,2021-06-18,390,1.0
SPX,2021-06-21,390,1.0
SPX,2021-06-22,385,0.9871794871794872
SPX,2021-06-23,389,0.9974358974358974
SPX,2021-06-24,390,1.0
SPX,2021-06-25,389,0.9974358974358974
SPX,2021-06-28,389,0.9974358974358974
SPX,2021-06-29,387,0.9923076923076923
SPX,2021-06-30,390,1.0
SPX,2021-07-01,388,0.9948717948717949
SPX,2021-07-02,388,0.9948717948717949
SPX,2021-07-05,133,0.34102564102564104
SPX,2021-07-06,390,1.0
SPX,2021-07-07,390,1.0
SPX,2021-07-08,390,1.0
SPX,2021-07-09,387,0.9923076923076923
SPX,2021-07-12,388,0.9948717948717949
SPX,2021-07-13,390,1.0
SPX,2021-07-14,390,1.0
SPX,2021-07-15,390,1.0
SPX,2021-07-16,390,1.0
SPX,2021-07-19,390,1.0
SPX,2021-07-20,390,1.0
SPX,2021-07-21,390,1.0
SPX,2021-07-22,390,1.0
SPX,2021-07-23,389,0.9974358974358974
SPX,2021-07-26,389,0.9974358974358974
SPX,2021-07-27,390,1.0
SPX,2021-07-28,390,1.0
SPX,2021-07-29,388,0.9948717948717949
SPX,2021-07-30,390,1.0
SPX,2021-08-02,390,1.0
SPX,2021-08-03,390,1.0
SPX,2021-08-04,390,1.0
SPX,2021-08-05,386,0.9897435897435898
SPX,2021-08-06,387,0.9923076923076923
SPX,2021-08-09,385,0.9871794871794872
SPX,2021-08-10,390,1.0
SPX,2021-08-11,390,1.0
SPX,2021-08-12,385,0.9871794871794872
SPX,2021-08-13,374,0.958974358974359
SPX,2021-08-16,388,0.9948717948717949
SPX,2021-08-17,390,1.0
SPX,2021-08-18,389,0.9974358974358974
SPX,2021-08-19,390,1.0
SPX,2021-08-20,390,1.0
SPX,2021-08-23,388,0.9948717948717949
SPX,2021-08-24,382,0.9794871794871794
SPX,2021-08-25,389,0.9974358974358974
SPX,2021-08-26,390,1.0
SPX,2021-08-27,388,0.9948717948717949
SPX,2021-08-30,381,0.9769230769230769
SPX,2021-08-31,390,1.0
SPX,2021-09-01,381,0.9769230769230769
SPX,2021-09-02,388,0.9948717948717949
SPX,2021-09-03,389,0.9974358974358974
SPX,2021-09-06,142,0.3641025641025641
SPX,2021-09-07,386,0.9897435897435898
SPX,2021-09-08,390,1.0
SPX,2021-09-09,390,1.0
SPX,2021-09-10,390,1.0
SPX,2021-09-13,390,1.0
SPX,2021-09-14,390,1.0
SPX,2021-09-15,390,1.0
SPX,2021-09-16,390,1.0
SPX,2021-09-17,390,1.0
SPX,2021-09-20,390,1.0
SPX,2021-09-21,390,1.0
SPX,2021-09-22,390,1.0
SPX,2021-09-23,390,1.0
SPX,2021-09-24,390,1.0
SPX,2021-09-27,390,1.0
SPX,2021-09-28,390,1.0
SPX,2021-09-29,390,1.0
SPX,2021-09-30,390,1.0
SPX,2021-10-01,390,1.0
SPX,2021-10-04,390,1.0
SPX,2021-10-05,390,1.0
SPX,2021-10-06,390,1.0
SPX,2021-10-07,390,1.0
SPX,2021-10-08,390,1.0
SPX,2021-10-11,390,1.0
SPX,2021-10-12,390,1.0
SPX,2021-10-13,390,1.0
SPX,2021-10-14,390,1.0
SPX,2021-10-15,390,1.0
SPX,2021-10-18,390,1.0
SPX,2021-10-19,390,1.0
SPX,2021-10-20,390,1.0
SPX,2021-10-21,385,0.9871794871794872
SPX,2021-10-22,390,1.0
SPX,2021-10-25,390,1.0
SPX,2021-10-26,390,1.0
SPX,2021-10-27,390,1.0
SPX,2021-10-28,390,1.0
SPX,2021-10-29,390,1.0
SPX,2021-11-01,390,1.0
SPX,2021-11-02,390,1.0
SPX,2021-11-03,390,1.0
SPX,2021-11-04,390,1.0
SPX,2021-11-05,390,1.0
SPX,2021-11-08,390,1.0
SPX,2021-11-09,390,1.0
SPX,2021-11-10,390,1.0
SPX,2021-11-11,390,1.0
SPX,2021-11-12,388,0.9948717948717949
SPX,2021-11-15,389,0.9974358974358974
SPX,2021-11-16,390,1.0
SPX,2021-11-17,390,1.0
SPX,2021-11-18,390,1.0
SPX,2021-11-19,390,1.0
SPX,2021-11-22,390,1.0
SPX,2021-11-23,390,1.0
SPX,2021-11-24,390,1.0
SPX,2021-11-25,199,0.5102564102564102
SPX,2021-11-26,224,0.5743589743589743
SPX,2021-11-29,390,1.0
SPX,2021-11-30,390,1.0
SPX,2021-12-01,390,1.0
SPX,2021-12-02,390,1.0
SPX,2021-12-03,390,1.0
SPX,2021-12-06,390,1.0
SPX,2021-12-07,390,1.0
SPX,2021-12-08,390,1.0
SPX,2021-12-09,390,1.0
SPX,2021-12-10,390,1.0
SPX,2021-12-13,390,1.0
SPX,2021-12-14,388,0.9948717948717949
SPX,2021-12-15,390,1.0
SPX,2021-12-16,390,1.0
SPX,2021-12-17,390,1.0
SPX,2021-12-20,390,1.0
SPX,2021-12-21,390,1.0
SPX,2021-12-22,390,1.0
SPX,2021-12-23,390,1.0
SPX,2021-12-27,390,1.0
SPX,2021-12-28,390,1.0
SPX,2021-12-29,390,1.0
SPX,2021-12-30,389,0.9974358974358974
SPX,2021-12-31,390,1.0
SPX,2022-01-03,390,1.0
SPX,2022-01-04,390,1.0
SPX,2022-01-05,390,1.0
SPX,2022-01-06,390,1.0
SPX,2022-01-07,390,1.0
SPX,2022-01-10,390,1.0
SPX,2022-01-11,390,1.0
SPX,2022-01-12,390,1.0
SPX,2022-01-13,390,1.0
SPX,2022-01-14,390,1.0
SPX,2022-01-17,206,0.5282051282051282
SPX,2022-01-18,390,1.0
SPX,2022-01-19,390,1.0
SPX,2022-01-20,390,1.0
SPX,2022-01-21,390,1.0
SPX,2022-01-24,390,1.0
SPX,2022-01-25,390,1.0
SPX,2022-01-26,390,1.0
SPX,2022-01-27,390,1.0
SPX,2022-01-28,390,1.0
SPX,2022-01-31,390,1.0
SPX,2022-02-01,390,1.0
SPX,2022-02-02,390,1.0
SPX,2022-02-03,390,1.0
SPX,2022-02-04,390,1.0
SPX,2022-02-07,390,1.0
SPX,2022-02-08,390,1.0
SPX,2022-02-09,390,1.0
SPX,2022-02-10,390,1.0
SPX,2022-02-11,390,1.0
SPX,2022-02-14,390,1.0
SPX,2022-02-15,390,1.0
SPX,2022-02-16,390,1.0
SPX,2022-02-17,390,1.0
SPX,2022-02-18,390,1.0
SPX,2022-02-21,209,0.5358974358974359
SPX,2022-02-22,390,1.0
SPX,2022-02-23,390,1.0
SPX,2022-02-24,390,1.0
SPX,2022-02-25,390,1.0
SPX,2022-02-28,390,1.0
SPX,2022-03-01,386,0.9897435897435898
SPX,2022-03-02,390,1.0
SPX,2022-03-03,390,1.0
SPX,2022-03-04,390,1.0
SPX,2022-03-07,390,1.0
SPX,2022-03-08,390,1.0
SPX,2022-03-09,390,1.0
SPX,2022-03-10,390,1.0
SPX,2022-03-11,390,1.0
SPX,2022-03-14,390,1.0
SPX,2022-03-15,390,1.0
SPX,2022-03-16,390,1.0
SPX,2022-03-17,390,1.0
SPX,2022-03-18,390,1.0
SPX,2022-03-21,390,1.0
SPX,2022-03-22,390,1.0
SPX,2022-03-23,390,1.0
SPX,2022-03-24,390,1.0
SPX,2022-03-25,390,1.0
SPX,2022-03-28,390,1.0
SPX,2022-03-29,389,0.9974358974358974
SPX,2022-03-30,390,1.0
SPX,2022-03-31,390,1.0
SPX,2022-04-01,390,1.0
SPX,2022-04-04,390,1.0
SPX,2022-04-05,390,1.0
SPX,2022-04-06,390,1.0
SPX,2022-04-07,390,1.0
SPX,2022-04-08,390,1.0
SPX,2022-04-11,390,1.0
SPX,2022-04-12,390,1.0
SPX,2022-04-13,390,1.0
SPX,2022-04-14,390,1.0
SPX,2022-04-18,390,1.0
SPX,2022-04-19,390,1.0
SPX,2022-04-20,390,1.0
SPX,2022-04-21,390,1.0
SPX,2022-04-22,390,1.0
SPX,2022-04-25,390,1.0
SPX,2022-04-26,390,1.0
SPX,2022-04-27,390,1.0
SPX,2022-04-28,390,1.0
SPX,2022-04-29,390,1.0
SPX,2022-05-02,390,1.0
SPX,2022-05-03,390,1.0
SPX,2022-05-04,390,1.0
SPX,2022-05-05,390,1.0
SPX,2022-05-06,390,1.0
SPX,2022-05-09,390,1.0
SPX,2022-05-10,390,1.0
SPX,2022-05-11,390,1.0
SPX,2022-05-12,390,1.0
SPX,2022-05-13,390,1.0
SPX,2022-05-16,390,1.0
SPX,2022-05-17,390,1.0
SPX,2022-05-18,390,1.0
SPX,2022-05-19,390,1.0
SPX,2022-05-20,390,1.0
SPX,2022-05-23,390,1.0
SPX,2022-05-24,390,1.0
SPX,2022-05-25,390,1.0
SPX,2022-05-26,390,1.0
SPX,2022-05-27,390,1.0
SPX,2022-05-30,208,0.5333333333333333
SPX,2022-05-31,390,1.0
SPX,2022-06-01,390,1.0
SPX,2022-06-02,390,1.0
SPX,2022-06-03,390,1.0
SPX,2022-06-06,390,1.0
SPX,2022-06-07,390,1.0
SPX,2022-06-08,390,1.0
SPX,2022-06-09,390,1.0
SPX,2022-06-10,390,1.0
SPX,2022-06-13,390,1.0
SPX,2022-06-14,390,1.0
SPX,2022-06-15,390,1.0
SPX,2022-06-16,390,1.0
SPX,2022-06-17,390,1.0
SPX,2022-06-20,209,0.5358974358974359
SPX,2022-06-21,390,1.0
SPX,2022-06-22,390,1.0
SPX,2022-06-23,390,1.0
SPX,2022-06-24,390,1.0
SPX,2022-06-27,390,1.0
SPX,2022-06-28,390,1.0
SPX,2022-06-29,390,1.0
SPX,2022-06-30,390,1.0
SPX,2022-07-01,390,1.0
SPX,2022-07-04,209,0.5358974358974359
SPX,2022-07-05,390,1.0
SPX,2022-07-06,390,1.0
SPX,2022-07-07,390,1.0
SPX,2022-07-08,390,1.0
SPX,2022-07-11,390,1.0
SPX,2022-07-12,390,1.0
SPX,2022-07-13,390,1.0
SPX,2022-07-14,390,1.0
SPX,2022-07-15,390,1.0
SPX,2022-07-18,390,1.0
SPX,2022-07-19,390,1.0
SPX,2022-07-20,390,1.0
SPX,2022-07-21,390,1.0
SPX,2022-07-22,390,1.0
SPX,2022-07-25,390,1.0
SPX,2022-07-26,390,1.0
SPX,2022-07-27,390,1.0
SPX,2022-07-28,390,1.0
SPX,2022-07-29,390,1.0
SPX,2022-08-01,390,1.0
SPX,2022-08-02,390,1.0
SPX,2022-08-03,390,1.0
SPX,2022-08-04,390,1.0
SPX,2022-08-05,390,1.0
SPX,2022-08-08,390,1.0
SPX,2022-08-09,390,1.0
SPX,2022-08-10,390,1.0
SPX,2022-08-11,390,1.0
SPX,2022-08-12,390,1.0
SPX,2022-08-15,390,1.0
SPX,2022-08-16,390,1.0
SPX,2022-08-17,390,1.0
SPX,2022-08-18,390,1.0
SPX,2022-08-19,390,1.0
SPX,2022-08-22,390,1.0
SPX,2022-08-23,390,1.0
SPX,2022-08-24,390,1.0
SPX,2022-08-25,390,1.0
SPX,2022-08-26,390,1.0
SPX,2022-08-29,390,1.0
SPX,2022-08-30,390,1.0
SPX,2022-08-31,390,1.0
SPX,2022-09-01,390,1.0
SPX,2022-09-02,390,1.0
SPX,2022-09-05,209,0.5358974358974359
SPX,2022-09-06,390,1.0
SPX,2022-09-07,390,1.0
SPX,2022-09-08,390,1.0
SPX,2022-09-09,390,1.0
SPX,2022-09-12,390,1.0
SPX,2022-09-13,390,1.0
SPX,2022-09-14,390,1.0
SPX,2022-09-15,390,1.0
SPX,2022-09-16,390,1.0
SPX,2022-09-19,390,1.0
SPX,2022-09-20,390,1.0
SPX,2022-09-21,390,1.0
SPX,2022-09-22,390,1.0
SPX,2022-09-23,390,1.0
SPX,2022-09-26,390,1.0
SPX,2022-09-27,390,1.0
SPX,2022-09-28,390,1.0
SPX,2022-09-29,390,1.0
SPX,2022-09-30,390,1.0
SPX,2022-10-03,390,1.0
SPX,2022-10-04,390,1.0
SPX,2022-10-05,390,1.0
SPX,2022-10-06,390,1.0
SPX,2022-10-07,390,1.0
SPX,2022-10-10,390,1.0
SPX,2022-10-11,390,1.0
SPX,2022-10-12,390,1.0
SPX,2022-10-13,390,1.0
SPX,2022-10-14,390,1.0
SPX,2022-10-17,390,1.0
SPX,2022-10-18,389,0.9974358974358974
SPX,2022-10-19,390,1.0
SPX,2022-10-20,390,1.0
SPX,2022-10-21,390,1.0
SPX,2022-10-24,390,1.0
SPX,2022-10-25,390,1.0
SPX,2022-10-26,390,1.0
SPX,2022-10-27,390,1.0
SPX,2022-10-28,390,1.0
SPX,2022-10-31,390,1.0
SPX,2022-11-01,390,1.0
SPX,2022-11-02,390,1.0
SPX,2022-11-03,390,1.0
SPX,2022-11-04,390,1.0
SPX,2022-11-07,390,1.0
SPX,2022-11-08,390,1.0
SPX,2022-11-09,390,1.0
SPX,2022-11-10,390,1.0
SPX,2022-11-11,390,1.0
SPX,2022-11-14,384,0.9846153846153847
SPX,2022-11-15,390,1.0
SPX,2022-11-16,390,1.0
SPX,2022-11-17,390,1.0
SPX,2022-11-18,390,1.0
SPX,2022-11-21,390,1.0
SPX,2022-11-22,390,1.0
SPX,2022-11-23,390,1.0
SPX,2022-11-24,205,0.5256410256410257
SPX,2022-11-25,224,0.5743589743589743
SPX,2022-11-28,390,1.0
SPX,2022-11-29,390,1.0
SPX,2022-11-30,390,1.0
SPX,2022-12-01,390,1.0
SPX,2022-12-02,390,1.0
SPX,2022-12-05,390,1.0
SPX,2022-12-06,390,1.0
SPX,2022-12-07,390,1.0
SPX,2022-12-08,390,1.0
SPX,2022-12-09,390,1.0
SPX,2022-12-12,390,1.0
SPX,2022-12-13,390,1.0
SPX,2022-12-14,390,1.0
SPX,2022-12-15,390,1.0
SPX,2022-12-16,390,1.0
SPX,2022-12-19,390,1.0
SPX,2022-12-20,390,1.0
SPX,2022-12-21,390,1.0
SPX,2022-12-22,390,1.0
SPX,2022-12-23,390,1.0
SPX,2022-12-27,390,1.0
SPX,2022-12-28,390,1.0
SPX,2022-12-29,390,1.0
SPX,2022-12-30,390,1.0
SPX,2023-01-03,390,1.0
SPX,2023-01-04,390,1.0
SPX,2023-01-05,390,1.0
SPX,2023-01-06,390,1.0
SPX,2023-01-09,390,1.0
SPX,2023-01-10,390,1.0
SPX,2023-01-11,390,1.0
SPX,2023-01-12,390,1.0
SPX,2023-01-13,390,1.0
SPX,2023-01-16,208,0.5333333333333333
SPX,2023-01-17,390,1.0
SPX,2023-01-18,390,1.0
SPX,2023-01-19,390,1.0
SPX,2023-01-20,390,1.0
SPX,2023-01-23,390,1.0
SPX,2023-01-24,390,1.0
SPX,2023-01-25,390,1.0
SPX,2023-01-26,390,1.0
SPX,2023-01-27,390,1.0
SPX,2023-01-30,390,1.0
SPX,2023-01-31,390,1.0
SPX,2023-02-01,390,1.0
SPX,2023-02-02,390,1.0
SPX,2023-02-03,390,1.0
SPX,2023-02-06,390,1.0
SPX,2023-02-07,390,1.0
SPX,2023-02-08,390,1.0
SPX,2023-02-09,390,1.0
SPX,2023-02-10,390,1.0
SPX,2023-02-13,390,1.0
SPX,2023-02-14,390,1.0
SPX,2023-02-15,390,1.0
SPX,2023-02-16,390,1.0
SPX,2023-02-17,390,1.0
SPX,2023-02-20,205,0.5256410256410257
SPX,2023-02-21,390,1.0
SPX,2023-02-22,390,1.0
SPX,2023-02-23,390,1.0
SPX,2023-02-24,390,1.0
SPX,2023-02-27,390,1.0
SPX,2023-02-28,390,1.0
SPX,2023-03-01,390,1.0
SPX,2023-03-02,390,1.0
SPX,2023-03-03,390,1.0
SPX,2023-03-06,390,1.0
SPX,2023-03-07,390,1.0
SPX,2023-03-08,390,1.0
SPX,2023-03-09,390,1.0
SPX,2023-03-10,390,1.0
SPX,2023-03-13,390,1.0
SPX,2023-03-14,390,1.0
SPX,2023-03-15,390,1.0
SPX,2023-03-16,390,1.0
SPX,2023-03-17,390,1.0
SPX,2023-03-20,390,1.0
SPX,2023-03-21,390,1.0
SPX,2023-03-22,390,1.0
SPX,2023-03-23,390,1.0
SPX,2023-03-24,390,1.0
SPX,2023-03-27,390,1.0
SPX,2023-03-28,390,1.0
SPX,2023-03-29,390,1.0
SPX,2023-03-30,390,1.0
SPX,2023-03-31,390,1.0
SPX,2023-04-03,390,1.0
SPX,2023-04-04,390,1.0
SPX,2023-04-05,390,1.0
SPX,2023-04-06,383,0.982051282051282
SPX,2023-04-10,390,1.0
SPX,2023-04-11,390,1.0
SPX,2023-04-12,390,1.0
SPX,2023-04-13,390,1.0
SPX,2023-04-14,390,1.0
SPX,2023-04-17,390,1.0
SPX,2023-04-18,390,1.0
SPX,2023-04-19,390,1.0
SPX,2023-04-20,390,1.0
SPX,2023-04-21,390,1.0
SPX,2023-04-24,390,1.0
SPX,2023-04-25,390,1.0
SPX,2023-04-26,390,1.0
SPX,2023-04-27,390,1.0
SPX,2023-04-28,376,0.9641025641025641
SPX,2023-05-01,390,1.0
SPX,2023-05-02,390,1.0
SPX,2023-05-03,390,1.0
SPX,2023-05-04,390,1.0
SPX,2023-05-05,390,1.0
SPX,2023-05-08,390,1.0
SPX,2023-05-09,390,1.0
SPX,2023-05-10,390,1.0
SPX,2023-05-11,390,1.0
SPX,2023-05-12,390,1.0
SPX,2023-05-15,390,1.0
SPX,2023-05-16,390,1.0
SPX,2023-05-17,390,1.0
SPX,2023-05-18,390,1.0
SPX,2023-05-19,390,1.0
SPX,2023-05-22,390,1.0
SPX,2023-05-23,390,1.0
SPX,2023-05-24,390,1.0
SPX,2023-05-25,390,1.0
SPX,2023-05-26,390,1.0
SPX,2023-05-29,196,0.5025641025641026
SPX,2023-05-30,390,1.0
SPX,2023-05-31,390,1.0
SPX,2023-06-01,390,1.0
SPX,2023-06-02,360,0.9230769230769231
SPX,2023-06-05,390,1.0
SPX,2023-06-06,390,1.0
SPX,2023-06-07,390,1.0
SPX,2023-06-08,390,1.0
SPX,2023-06-09,390,1.0
SPX,2023-06-12,390,1.0
SPX,2023-06-13,390,1.0
SPX,2023-06-14,390,1.0
SPX,2023-06-15,390,1.0
SPX,2023-06-16,390,1.0
SPX,2023-06-19,195,0.5
SPX,2023-06-20,390,1.0
SPX,2023-06-21,390,1.0
SPX,2023-06-22,390,1.0
SPX,2023-06-23,390,1.0
SPX,2023-06-26,390,1.0
SPX,2023-06-27,390,1.0
SPX,2023-06-28,390,1.0
SPX,2023-06-29,390,1.0
SPX,2023-06-30,390,1.0
SPX,2023-07-03,223,0.5717948717948718
SPX,2023-07-05,390,1.0
SPX,2023-07-06,390,1.0
SPX,2023-07-07,390,1.0
SPX,2023-07-10,390,1.0
SPX,2023-07-11,390,1.0
SPX,2023-07-12,390,1.0
SPX,2023-07-13,390,1.0
SPX,2023-07-14,390,1.0
SPX,2023-07-17,390,1.0
SPX,2023-07-18,390,1.0
SPX,2023-07-19,390,1.0
SPX,2023-07-20,388,0.9948717948717949
SPX,2023-07-21,390,1.0
SPX,2023-07-24,390,1.0
SPX,2023-07-25,390,1.0
SPX,2023-07-26,390,1.0
SPX,2023-07-27,390,1.0
SPX,2023-07-28,390,1.0
SPX,2023-07-31,390,1.0
SPX,2023-08-01,390,1.0
SPX,2023-08-02,390,1.0
SPX,2023-08-03,390,1.0
SPX,2023-08-04,390,1.0
SPX,2023-08-07,390,1.0
SPX,2023-08-08,390,1.0
SPX,2023-08-09,390,1.0
SPX,2023-08-10,390,1.0
SPX,2023-08-11,390,1.0
SPX,2023-08-14,390,1.0
SPX,2023-08-15,390,1.0
SPX,2023-08-16,390,1.0
SPX,2023-08-17,390,1.0
SPX,2023-08-18,390,1.0
SPX,2023-08-21,390,1.0
SPX,2023-08-22,390,1.0
SPX,2023-08-23,390,1.0
SPX,2023-08-24,390,1.0
SPX,2023-08-25,390,1.0
SPX,2023-08-28,390,1.0
SPX,2023-08-29,390,1.0
SPX,2023-08-30,390,1.0
SPX,2023-08-31,390,1.0
SPX,2023-09-01,390,1.0
SPX,2023-09-04,204,0.5230769230769231
SPX,2023-09-05,390,1.0
SPX,2023-09-06,390,1.0
SPX,2023-09-07,390,1.0
SPX,2023-09-08,390,1.0
SPX,2023-09-11,384,0.9846153846153847
SPX,2023-09-12,390,1.0
SPX,2023-09-13,390,1.0
SPX,2023-09-14,390,1.0
SPX,2023-09-15,390,1.0
SPX,2023-09-18,390,1.0
SPX,2023-09-19,390,1.0
SPX,2023-09-20,390,1.0
SPX,2023-09-21,390,1.0
SPX,2023-09-22,390,1.0
SPX,2023-09-25,390,1.0
SPX,2023-09-26,390,1.0
SPX,2023-09-27,390,1.0
SPX,2023-09-28,390,1.0
SPX,2023-09-29,390,1.0
SPX,2023-10-02,389,0.9974358974358974
SPX,2023-10-03,390,1.0
SPX,2023-10-04,390,1.0
SPX,2023-10-05,390,1.0
SPX,2023-10-06,390,1.0
SPX,2023-10-09,390,1.0
SPX,2023-10-10,390,1.0
SPX,2023-10-11,390,1.0
SPX,2023-10-12,390,1.0
SPX,2023-10-13,390,1.0
SPX,2023-10-16,390,1.0
SPX,2023-10-17,390,1.0
SPX,2023-10-18,390,1.0
SPX,2023-10-19,390,1.0
SPX,2023-10-20,390,1.0
SPX,2023-10-23,390,1.0
SPX,2023-10-24,390,1.0
SPX,2023-10-25,390,1.0
SPX,2023-10-26,390,1.0
SPX,2023-10-27,390,1.0
SPX,2023-10-30,390,1.0
SPX,2023-10-31,390,1.0
SPX,2023-11-01,390,1.0
SPX,2023-11-02,390,1.0
SPX,2023-11-03,390,1.0
SPX,2023-11-06,390,1.0
SPX,2023-11-07,390,1.0
SPX,2023-11-08,390,1.0
SPX,2023-11-09,390,1.0
SPX,2023-11-10,390,1.0
SPX,2023-11-13,390,1.0
SPX,2023-11-14,390,1.0
SPX,2023-11-15,390,1.0
SPX,2023-11-16,390,1.0
SPX,2023-11-17,390,1.0
SPX,2023-11-20,390,1.0
SPX,2023-11-21,390,1.0
SPX,2023-11-22,390,1.0
SPX,2023-11-23,135,0.34615384615384615
SPX,2023-11-24,164,0.4205128205128205
SPX,2023-11-27,390,1.0
SPX,2023-11-28,390,1.0
SPX,2023-11-29,389,0.9974358974358974
SPX,2023-11-30,390,1.0
SPX,2023-12-01,390,1.0
SPX,2023-12-04,390,1.0
SPX,2023-12-05,390,1.0
SPX,2023-12-06,390,1.0
SPX,2023-12-07,390,1.0
SPX,2023-12-08,390,1.0
SPX,2023-12-11,390,1.0
SPX,2023-12-12,390,1.0
SPX,2023-12-13,390,1.0
SPX,2023-12-14,390,1.0
SPX,2023-12-15,390,1.0
SPX,2023-12-18,390,1.0
SPX,2023-12-19,390,1.0
SPX,2023-12-20,390,1.0
SPX,2023-12-21,390,1.0
SPX,2023-12-22,390,1.0
SPX,2023-12-26,390,1.0
SPX,2023-12-27,390,1.0
SPX,2023-12-28,390,1.0
SPX,2023-12-29,390,1.0
SPX,2024-01-02,390,1.0
SPX,2024-01-03,390,1.0
SPX,2024-01-04,390,1.0
SPX,2024-01-05,390,1.0
SPX,2024-01-08,390,1.0
SPX,2024-01-09,390,1.0
SPX,2024-01-10,390,1.0
SPX,2024-01-11,390,1.0
SPX,2024-01-12,390,1.0
SPX,2024-01-15,202,0.517948717948718
SPX,2024-01-16,390,1.0
SPX,2024-01-17,390,1.0
SPX,2024-01-18,390,1.0
SPX,2024-01-19,390,1.0
SPX,2024-01-22,352,0.9025641025641026
SPX,2024-01-23,390,1.0
SPX,2024-01-24,390,1.0
SPX,2024-01-25,390,1.0
SPX,2024-01-26,390,1.0
SPX,2024-01-29,390,1.0
SPX,2024-01-30,390,1.0
SPX,2024-01-31,390,1.0
SPX,2024-02-01,390,1.0
SPX,2024-02-02,390,1.0
SPX,2024-02-05,390,1.0
SPX,2024-02-06,390,1.0
SPX,2024-02-07,390,1.0
SPX,2024-02-08,390,1.0
SPX,2024-02-09,390,1.0
SPX,2024-02-12,390,1.0
SPX,2024-02-13,390,1.0
SPX,2024-02-14,390,1.0
SPX,2024-02-15,390,1.0
SPX,2024-02-16,390,1.0
SPX,2024-02-19,199,0.5102564102564102
SPX,2024-02-20,390,1.0
SPX,2024-02-21,390,1.0
SPX,2024-02-22,390,1.0
SPX,2024-02-23,390,1.0
SPX,2024-02-26,390,1.0
SPX,2024-02-27,390,1.0
SPX,2024-02-28,390,1.0
SPX,2024-02-29,390,1.0
SPX,2024-03-01,390,1.0
SPX,2024-03-04,390,1.0
SPX,2024-03-05,390,1.0
SPX,2024-03-06,390,1.0
SPX,2024-03-07,390,1.0
SPX,2024-03-08,390,1.0
SPX,2024-03-11,390,1.0
SPX,2024-03-12,390,1.0
SPX,2024-03-13,390,1.0
SPX,2024-03-14,390,1.0
SPX,2024-03-15,390,1.0
SPX,2024-03-18,390,1.0
SPX,2024-03-19,390,1.0
SPX,2024-03-20,390,1.0
SPX,2024-03-21,390,1.0
SPX,2024-03-22,390,1.0
SPX,2024-03-25,390,1.0
SPX,2024-03-26,390,1.0
SPX,2024-03-27,390,1.0
SPX,2024-03-28,390,1.0
SPX,2024-04-01,390,1.0
SPX,2024-04-02,390,1.0
SPX,2024-04-03,390,1.0
SPX,2024-04-04,390,1.0
SPX,2024-04-05,390,1.0
SPX,2024-04-08,390,1.0
SPX,2024-04-09,390,1.0
SPX,2024-04-10,390,1.0
SPX,2024-04-11,390,1.0
SPX,2024-04-12,390,1.0
SPX,2024-04-15,390,1.0
SPX,2024-04-16,389,0.9974358974358974
SPX,2024-04-17,390,1.0
SPX,2024-04-18,390,1.0
SPX,2024-04-19,390,1.0
SPX,2024-04-22,390,1.0
SPX,2024-04-23,390,1.0
SPX,2024-04-24,390,1.0
SPX,2024-04-25,390,1.0
SPX,2024-04-26,390,1.0
SPX,2024-04-29,390,1.0
SPX,2024-04-30,390,1.0
SPX,2024-05-01,390,1.0
SPX,2024-05-02,390,1.0
SPX,2024-05-03,390,1.0
SPX,2024-05-06,390,1.0
SPX,2024-05-07,390,1.0
SPX,2024-05-08,390,1.0
SPX,2024-05-09,390,1.0
SPX,2024-05-10,390,1.0
SPX,2024-05-13,390,1.0
SPX,2024-05-14,390,1.0
SPX,2024-05-15,390,1.0
SPX,2024-05-16,390,1.0
SPX,2024-05-17,390,1.0
SPX,2024-05-20,390,1.0
SPX,2024-05-21,390,1.0
SPX,2024-05-22,390,1.0
SPX,2024-05-23,390,1.0
SPX,2024-05-24,390,1.0
SPX,2024-05-27,205,0.5256410256410257
SPX,2024-05-28,390,1.0
SPX,2024-05-29,390,1.0
SPX,2024-05-30,390,1.0
SPX,2024-05-31,390,1.0
SPX,2024-06-03,390,1.0
SPX,2024-06-04,390,1.0
SPX,2024-06-05,389,0.9974358974358974
SPX,2024-06-06,390,1.0
SPX,2024-06-07,390,1.0
SPX,2024-06-10,390,1.0
SPX,2024-06-11,390,1.0
SPX,2024-06-12,390,1.0
SPX,2024-06-13,390,1.0
SPX,2024-06-14,389,0.9974358974358974
SPX,2024-06-17,390,1.0
SPX,2024-06-18,390,1.0
SPX,2024-06-19,186,0.47692307692307695
SPX,2024-06-20,390,1.0
SPX,2024-06-21,390,1.0
SPX,2024-06-24,390,1.0
SPX,2024-06-25,390,1.0
SPX,2024-06-26,390,1.0
SPX,2024-06-27,390,1.0
SPX,2024-06-28,390,1.0
SPX,2024-07-01,390,1.0
SPX,2024-07-02,389,0.9974358974358974
SPX,2024-07-03,225,0.5769230769230769
SPX,2024-07-04,202,0.517948717948718
SPX,2024-07-05,390,1.0
SPX,2024-07-08,390,1.0
SPX,2024-07-09,390,1.0
SPX,2024-07-10,389,0.9974358974358974
SPX,2024-07-11,390,1.0
SPX,2024-07-12,390,1.0
SPX,2024-07-15,390,1.0
SPX,2024-07-16,390,1.0
SPX,2024-07-17,390,1.0
SPX,2024-07-18,390,1.0
SPX,2024-07-19,390,1.0
SPX,2024-07-22,390,1.0
SPX,2024-07-23,390,1.0
SPX,2024-07-24,390,1.0
SPX,2024-07-25,390,1.0
SPX,2024-07-26,390,1.0
SPX,2024-07-29,390,1.0
SPX,2024-07-30,390,1.0
SPX,2024-07-31,390,1.0
SPX,2024-08-01,390,1.0
SPX,2024-08-02,390,1.0
SPX,2024-08-05,386,0.9897435897435898
SPX,2024-08-06,390,1.0
SPX,2024-08-07,390,1.0
SPX,2024-08-08,390,1.0
SPX,2024-08-09,390,1.0
SPX,2024-08-12,390,1.0
SPX,2024-08-13,390,1.0
SPX,2024-08-14,390,1.0
SPX,2024-08-15,390,1.0
SPX,2024-08-16,390,1.0
SPX,2024-08-19,390,1.0
SPX,2024-08-20,390,1.0
SPX,2024-08-21,390,1.0
SPX,2024-08-22,390,1.0
SPX,2024-08-23,390,1.0
SPX,2024-08-26,390,1.0
SPX,2024-08-27,390,1.0
SPX,2024-08-28,390,1.0
SPX,2024-08-29,390,1.0
SPX,2024-08-30,390,1.0
SPX,2024-09-02,202,0.517948717948718
SPX,2024-09-03,390,1.0
SPX,2024-09-04,390,1.0
SPX,2024-09-05,390,1.0
SPX,2024-09-06,390,1.0
SPX,2024-09-09,390,1.0
SPX,2024-09-10,390,1.0
SPX,2024-09-11,390,1.0
SPX,2024-09-12,390,1.0
SPX,2024-09-13,390,1.0
SPX,2024-09-16,390,1.0
SPX,2024-09-17,390,1.0
SPX,2024-09-18,390,1.0
SPX,2024-09-19,390,1.0
SPX,2024-09-20,390,1.0
SPX,2024-09-23,390,1.0
SPX,2024-09-24,390,1.0
SPX,2024-09-25,390,1.0
SPX,2024-09-26,390,1.0
SPX,2024-09-27,390,1.0
SPX,2024-09-30,390,1.0
SPX,2024-10-01,390,1.0
SPX,2024-10-02,390,1.0
SPX,2024-10-03,390,1.0
SPX,2024-10-04,390,1.0
SPX,2024-10-07,390,1.0
SPX,2024-10-08,390,1.0
SPX,2024-10-09,390,1.0
SPX,2024-10-10,377,0.9666666666666667
SPX,2024-10-11,390,1.0
SPX,2024-10-14,388,0.9948717948717949
SPX,2024-10-15,390,1.0
SPX,2024-10-16,390,1.0
SPX,2024-10-17,390,1.0
SPX,2024-10-18,390,1.0
SPX,2024-10-21,390,1.0
SPX,2024-10-22,390,1.0
SPX,2024-10-23,390,1.0
SPX,2024-10-24,390,1.0
SPX,2024-10-25,390,1.0
SPX,2024-10-28,390,1.0
SPX,2024-10-29,390,1.0
SPX,2024-10-30,390,1.0
SPX,2024-10-31,390,1.0
SPX,2024-11-01,390,1.0
SPX,2024-11-04,390,1.0
SPX,2024-11-05,390,1.0
SPX,2024-11-06,390,1.0
SPX,2024-11-07,390,1.0
SPX,2024-11-08,390,1.0
SPX,2024-11-11,390,1.0
SPX,2024-11-12,390,1.0
SPX,2024-11-13,390,1.0
SPX,2024-11-14,390,1.0
SPX,2024-11-15,390,1.0
SPX,2024-11-18,390,1.0
SPX,2024-11-19,390,1.0
SPX,2024-11-20,390,1.0
SPX,2024-11-21,390,1.0
SPX,2024-11-22,390,1.0
SPX,2024-11-25,390,1.0
SPX,2024-11-26,390,1.0
SPX,2024-11-27,390,1.0
SPX,2024-11-28,201,0.5153846153846153
SPX,2024-11-29,224,0.5743589743589743
SPX,2024-12-02,390,1.0
SPX,2024-12-03,390,1.0
SPX,2024-12-04,390,1.0
SPX,2024-12-05,390,1.0
SPX,2024-12-06,390,1.0
SPX,2024-12-09,390,1.0
SPX,2024-12-10,390,1.0
SPX,2024-12-11,390,1.0
SPX,2024-12-12,390,1.0
SPX,2024-12-13,390,1.0
SPX,2024-12-16,390,1.0
SPX,2024-12-17,390,1.0
SPX,2024-12-18,390,1.0
SPX,2024-12-19,390,1.0
SPX,2024-12-20,390,1.0
SPX,2024-12-23,390,1.0
SPX,2024-12-24,224,0.5743589743589743
SPX,2024-12-26,390,1.0
SPX,2024-12-27,390,1.0
SPX,2024-12-30,390,1.0
SPX,2024-12-31,390,1.0
SPX,2025-01-02,390,1.0
SPX,2025-01-03,390,1.0
SPX,2025-01-06,390,1.0
SPX,2025-01-07,390,1.0
SPX,2025-01-08,390,1.0
SPX,2025-01-10,390,1.0
SPX,2025-01-13,390,1.0
SPX,2025-01-14,390,1.0
SPX,2025-01-15,390,1.0
SPX,2025-01-16,390,1.0
SPX,2025-01-17,390,1.0
SPX,2025-01-20,209,0.5358974358974359
SPX,2025-01-21,390,1.0
SPX,2025-01-22,390,1.0
SPX,2025-01-23,390,1.0
SPX,2025-01-24,390,1.0
SPX,2025-01-27,390,1.0
SPX,2025-01-28,390,1.0
SPX,2025-01-29,390,1.0
SPX,2025-01-30,390,1.0
SPX,2025-01-31,390,1.0
SPX,2025-02-03,390,1.0
SPX,2025-02-04,390,1.0
SPX,2025-02-05,390,1.0
SPX,2025-02-06,390,1.0
SPX,2025-02-07,390,1.0
SPX,2025-02-10,390,1.0
SPX,2025-02-11,390,1.0
SPX,2025-02-12,390,1.0
SPX,2025-02-13,390,1.0
SPX,2025-02-14,390,1.0
SPX,2025-02-17,202,0.517948717948718
SPX,2025-02-18,390,1.0
SPX,2025-02-19,390,1.0
SPX,2025-02-20,390,1.0
SPX,2025-02-21,390,1.0
SPX,2025-02-24,390,1.0
SPX,2025-02-25,390,1.0
SPX,2025-02-26,390,1.0
SPX,2025-02-27,390,1.0
SPX,2025-02-28,390,1.0
SPX,2025-03-03,390,1.0
SPX,2025-03-04,390,1.0
SPX,2025-03-05,390,1.0
SPX,2025-03-06,390,1.0
SPX,2025-03-07,390,1.0
SPX,2025-03-10,390,1.0
SPX,2025-03-11,390,1.0
SPX,2025-03-12,390,1.0
SPX,2025-03-13,390,1.0
SPX,2025-03-14,390,1.0
SPX,2025-03-17,390,1.0
SPX,2025-03-18,390,1.0
SPX,2025-03-19,390,1.0
SPX,2025-03-20,390,1.0
SPX,2025-03-21,390,1.0
SPX,2025-03-24,390,1.0
SPX,2025-03-25,390,1.0
SPX,2025-03-26,390,1.0
SPX,2025-03-27,390,1.0
SPX,2025-03-28,390,1.0
SPX,2025-03-31,390,1.0
SPX,2025-04-01,390,1.0
SPX,2025-04-02,390,1.0
SPX,2025-04-03,390,1.0
SPX,2025-04-04,389,0.9974358974358974
SPX,2025-04-07,383,0.982051282051282
SPX,2025-04-08,390,1.0
SPX,2025-04-09,390,1.0
SPX,2025-04-10,390,1.0
SPX,2025-04-11,390,1.0
SPX,2025-04-14,390,1.0
SPX,2025-04-15,390,1.0
SPX,2025-04-16,386,0.9897435897435898
SPX,2025-04-17,390,1.0
SPX,2025-04-21,390,1.0
SPX,2025-04-22,390,1.0
SPX,2025-04-23,390,1.0
SPX,2025-04-24,390,1.0
SPX,2025-04-25,390,1.0
SPX,2025-04-28,390,1.0
SPX,2025-04-29,390,1.0
SPX,2025-04-30,390,1.0
SPX,2025-05-01,390,1.0
SPX,2025-05-02,390,1.0
SPX,2025-05-05,390,1.0
SPX,2025-05-06,390,1.0
SPX,2025-05-07,390,1.0
SPX,2025-05-08,390,1.0
SPX,2025-05-09,390,1.0
SPX,2025-05-12,390,1.0
SPX,2025-05-13,390,1.0
SPX,2025-05-14,390,1.0
SPX,2025-05-15,390,1.0
SPX,2025-05-16,390,1.0
SPX,2025-05-19,390,1.0
SPX,2025-05-20,390,1.0
SPX,2025-05-21,390,1.0
SPX,2025-05-22,390,1.0
SPX,2025-05-23,390,1.0
SPX,2025-05-26,209,0.5358974358974359
SPX,2025-05-27,390,1.0
SPX,2025-05-28,390,1.0
SPX,2025-05-29,390,1.0
SPX,2025-05-30,390,1.0
SPX,2025-06-02,390,1.0
SPX,2025-06-03,390,1.0
SPX,2025-06-04,390,1.0
SPX,2025-06-05,390,1.0
SPX,2025-06-06,390,1.0
SPX,2025-06-09,390,1.0
SPX,2025-06-10,390,1.0
SPX,2025-06-11,390,1.0
SPX,2025-06-12,390,1.0
SPX,2025-06-13,390,1.0
SPX,2025-06-16,390,1.0
SPX,2025-06-17,390,1.0
SPX,2025-06-18,390,1.0
SPX,2025-06-19,209,0.5358974358974359
SPX,2025-06-20,390,1.0
SPX,2025-06-23,390,1.0
SPX,2025-06-24,390,1.0
SPX,2025-06-25,390,1.0
SPX,2025-06-26,390,1.0
SPX,2025-06-27,390,1.0
SPX,2025-06-30,390,1.0
SPX,2025-07-01,390,1.0
SPX,2025-07-02,390,1.0
SPX,2025-07-03,209,0.5358974358974359
SPX,2025-07-04,209,0.5358974358974359
SPX,2025-07-07,390,1.0
SPX,2025-07-08,390,1.0
SPX,2025-07-09,390,1.0
SPX,2025-07-10,390,1.0
SPX,2025-07-11,390,1.0
SPX,2025-07-14,390,1.0
SPX,2025-07-15,390,1.0
SPX,2025-07-16,389,0.9974358974358974
SPX,2025-07-17,390,1.0
SPX,2025-07-18,390,1.0
SPX,2025-07-21,390,1.0
SPX,2025-07-22,390,1.0
SPX,2025-07-23,390,1.0
SPX,2025-07-24,390,1.0
SPX,2025-07-25,390,1.0
SPX,2025-07-28,390,1.0
SPX,2025-07-29,390,1.0
SPX,2025-07-30,390,1.0
SPX,2025-07-31,390,1.0
SPX,2025-08-01,390,1.0
SPX,2025-08-04,390,1.0
SPX,2025-08-05,390,1.0
SPX,2025-08-06,390,1.0
SPX,2025-08-07,390,1.0
SPX,2025-08-08,390,1.0
SPX,2025-08-11,390,1.0
SPX,2025-08-12,390,1.0
SPX,2025-08-13,390,1.0
SPX,2025-08-14,390,1.0
SPX,2025-08-15,390,1.0
SPX,2025-08-18,390,1.0
SPX,2025-08-19,390,1.0
SPX,2025-08-20,390,1.0
SPX,2025-08-21,390,1.0
SPX,2025-08-22,389,0.9974358974358974
SPX,2025-08-25,390,1.0
SPX,2025-08-26,390,1.0
SPX,2025-08-27,390,1.0
SPX,2025-08-28,390,1.0
SPX,2025-08-29,390,1.0
SPX,2025-09-01,205,0.5256410256410257
SPX,2025-09-02,390,1.0
SPX,2025-09-03,390,1.0
SPX,2025-09-04,390,1.0
SPX,2025-09-05,390,1.0
SPX,2025-09-08,390,1.0
SPX,2025-09-09,390,1.0
SPX,2025-09-10,390,1.0
SPX,2025-09-11,390,1.0
SPX,2025-09-12,390,1.0
SPX,2025-09-15,390,1.0
SPX,2025-09-16,390,1.0
SPX,2025-09-17,390,1.0
SPX,2025-09-18,390,1.0
SPX,2025-09-19,390,1.0
SPX,2025-09-22,390,1.0
SPX,2025-09-23,390,1.0
SPX,2025-09-24,390,1.0
SPX,2025-09-25,390,1.0
SPX,2025-09-26,375,0.9615384615384616
SPX,2025-09-29,390,1.0
SPX,2025-09-30,390,1.0
SPX,2025-10-01,390,1.0
SPX,2025-10-02,390,1.0
SPX,2025-10-03,390,1.0
SPX,2025-10-06,390,1.0
SPX,2025-10-07,390,1.0
SPX,2025-10-08,390,1.0
SPX,2025-10-09,390,1.0
SPX,2025-10-10,390,1.0
SPX,2025-10-13,390,1.0
SPX,2025-10-14,390,1.0
SPX,2025-10-15,390,1.0
SPX,2025-10-16,390,1.0
SPX,2025-10-17,390,1.0
SPX,2025-10-20,390,1.0
SPX,2025-10-21,390,1.0
SPX,2025-10-22,390,1.0
SPX,2025-10-23,390,1.0
SPX,2025-10-24,390,1.0
SPX,2025-10-27,389,0.9974358974358974
SPX,2025-10-28,390,1.0
SPX,2025-10-29,390,1.0
SPX,2025-10-30,390,1.0
SPX,2025-10-31,390,1.0
SPX,2025-11-03,390,1.0
SPX,2025-11-04,390,1.0
SPX,2025-11-05,390,1.0
SPX,2025-11-06,390,1.0
SPX,2025-11-07,390,1.0
SPX,2025-11-10,390,1.0
SPX,2025-11-11,390,1.0
SPX,2025-11-12,390,1.0
SPX,2025-11-13,390,1.0
SPX,2025-11-14,390,1.0
SPX,2025-11-17,390,1.0
SPX,2025-11-18,390,1.0
SPX,2025-11-19,390,1.0
SPX,2025-11-20,390,1.0
SPX,2025-11-21,390,1.0
SPX,2025-11-24,390,1.0
SPX,2025-11-25,390,1.0
SPX,2025-11-26,390,1.0
SPX,2025-11-27,205,0.5256410256410257
SPX,2025-11-28,224,0.5743589743589743
SPX,2025-12-01,390,1.0
SPX,2025-12-02,390,1.0
SPX,2025-12-03,390,1.0
SPX,2025-12-04,390,1.0
SPX,2025-12-05,390,1.0
SPX,2025-12-08,390,1.0
SPX,2025-12-09,390,1.0
SPX,2025-12-10,390,1.0
SPX,2025-12-11,390,1.0
SPX,2025-12-12,390,1.0
SPX,2025-12-15,390,1.0
SPX,2025-12-16,390,1.0
SPX,2025-12-17,390,1.0
SPX,2025-12-18,390,1.0
SPX,2025-12-19,390,1.0
SPX,2025-12-22,390,1.0
SPX,2025-12-23,390,1.0
SPX,2025-12-24,224,0.5743589743589743
SPX,2025-12-26,390,1.0
SPX,2025-12-29,390,1.0
SPX,2025-12-30,390,1.0
SPX,2025-12-31,390,1.0
SPX,2026-01-02,390,1.0
SPX,2026-01-05,390,1.0
SPX,2026-01-06,390,1.0
SPX,2026-01-07,390,1.0
SPX,2026-01-08,390,1.0
SPX,2026-01-09,390,1.0
SPX,2026-01-12,390,1.0
SPX,2026-01-13,390,1.0
SPX,2026-01-14,390,1.0
SPX,2026-01-15,390,1.0
SPX,2026-01-16,390,1.0
SPX,2026-01-19,209,0.5358974358974359
SPX,2026-01-20,390,1.0
SPX,2026-01-21,390,1.0
SPX,2026-01-22,390,1.0
SPX,2026-01-23,390,1.0
SPX,2026-01-26,390,1.0
SPX,2026-01-27,390,1.0
SPX,2026-01-28,390,1.0
SPX,2026-01-29,390,1.0
SPX,2026-01-30,390,1.0
SPX,2026-02-02,390,1.0
SPX,2026-02-03,390,1.0
SPX,2026-02-04,390,1.0
SPX,2026-02-05,390,1.0
SPX,2026-02-06,390,1.0
SPX,2026-02-09,390,1.0
SPX,2026-02-10,390,1.0
SPX,2026-02-11,390,1.0
SPX,2026-02-12,390,1.0
SPX,2026-02-13,390,1.0
SPX,2026-02-16,209,0.5358974358974359
SPX,2026-02-17,390,1.0
SPX,2026-02-18,390,1.0
SPX,2026-02-19,390,1.0
SPX,2026-02-20,390,1.0
SPX,2026-02-23,390,1.0
SPX,2026-02-24,390,1.0
SPX,2026-02-25,390,1.0
SPX,2026-02-26,390,1.0
SPX,2026-02-27,390,1.0
SPX,2026-03-02,390,1.0
SPX,2026-03-03,390,1.0
SPX,2026-03-04,390,1.0
SPX,2026-03-05,390,1.0
SPX,2026-03-06,390,1.0
SPX,2026-03-09,390,1.0
SPX,2026-03-10,390,1.0
SPX,2026-03-11,390,1.0
SPX,2026-03-12,390,1.0
SPX,2026-03-13,390,1.0
SPX,2026-03-16,390,1.0
SPX,2026-03-17,390,1.0
SPX,2026-03-18,390,1.0
SPX,2026-03-19,390,1.0
SPX,2026-03-20,390,1.0
SPX,2026-03-23,390,1.0
SPX,2026-03-24,381,0.9769230769230769
SPX,2026-03-25,390,1.0
SPX,2026-03-26,390,1.0
SPX,2026-03-27,390,1.0
SPX,2026-03-30,390,1.0
SPX,2026-03-31,390,1.0
SPX,2026-04-01,390,1.0
SPX,2026-04-02,390,1.0
SPX,2026-04-06,390,1.0
SPX,2026-04-07,390,1.0
SPX,2026-04-08,390,1.0
SPX,2026-04-09,390,1.0
SPX,2026-04-10,390,1.0
SPX,2026-04-13,390,1.0
SPX,2026-04-14,390,1.0
SPX,2026-04-15,390,1.0
SPX,2026-04-16,390,1.0
SPX,2026-04-17,390,1.0
SPX,2026-04-20,390,1.0
SPX,2026-04-21,390,1.0
SPX,2026-04-22,390,1.0
SPX,2026-04-23,389,0.9974358974358974
SPX,2026-04-24,389,0.9974358974358974
SPX,2026-04-27,390,1.0
SPX,2026-04-28,390,1.0
SPX,2026-04-29,390,1.0
SPX,2026-04-30,390,1.0
SPX,2026-05-01,390,1.0
SPX,2026-05-04,390,1.0
SPX,2026-05-05,390,1.0
SPX,2026-05-06,390,1.0
SPX,2026-05-07,390,1.0
SPX,2026-05-08,390,1.0
SPX,2026-05-11,390,1.0
SPX,2026-05-12,390,1.0
SPX,2026-05-13,390,1.0
SPX,2026-05-14,390,1.0
SPX,2026-05-15,390,1.0
SPX,2026-05-18,390,1.0
SPX,2026-05-19,390,1.0
SPX,2026-05-20,390,1.0
SPX,2026-05-21,390,1.0
SPX,2026-05-22,390,1.0
SPX,2026-05-25,209,0.5358974358974359
SPX,2026-05-26,390,1.0
SPX,2026-05-27,390,1.0
SPX,2026-05-28,390,1.0
SPX,2026-05-29,390,1.0
SPX,2026-06-01,390,1.0
SPX,2026-06-02,390,1.0
SPX,2026-06-03,390,1.0
SPX,2026-06-04,390,1.0
SPX,2026-06-05,390,1.0
SPX,2026-06-08,376,0.9641025641025641
SPX,2026-06-09,390,1.0
SPX,2026-06-10,390,1.0
SPX,2026-06-11,390,1.0
SPX,2026-06-12,390,1.0
SPX,2026-06-15,390,1.0
SPX,2026-06-16,390,1.0
SPX,2026-06-17,390,1.0
SPX,2026-06-18,390,1.0
SPX,2026-06-19,209,0.5358974358974359
SPX,2026-06-22,390,1.0
SPX,2026-06-23,390,1.0
SPX,2026-06-24,390,1.0
SPX,2026-06-25,390,1.0
SPX,2026-06-26,390,1.0
SPX,2026-06-29,390,1.0
SPX,2026-06-30,390,1.0
SPX,2026-07-01,390,1.0
SPX,2026-07-02,390,1.0
SPX,2026-07-03,209,0.5358974358974359
SPX,2026-07-06,390,1.0
SPX,2026-07-07,390,1.0
SPX,2026-07-08,390,1.0
SPX,2026-07-09,390,1.0
SPX,2026-07-10,390,1.0
SPX,2026-07-13,390,1.0
SPX,2026-07-14,390,1.0
SPX,2026-07-15,390,1.0
SPX,2026-07-16,390,1.0
SPX,2026-07-17,390,1.0
SPX,2026-07-20,390,1.0
SPX,2026-07-21,390,1.0
SPX,2026-07-22,390,1.0
SPX,2026-07-23,390,1.0
SPX,2026-07-24,390,1.0
SPX,2026-07-27,390,1.0
SPX,2026-07-28,390,1.0
SPX,2026-07-29,389,0.9974358974358974
SPX,2026-07-30,389,0.9974358974358974
SPX,2026-07-31,390,1.0
SPX,2026-08-03,390,1.0
SPX,2026-08-04,390,1.0
SPX,2026-08-05,390,1.0
SPX,2026-08-06,390,1.0
SPX,2026-08-07,390,1.0
SPX,2026-08-10,390,1.0
SPX,2026-08-11,390,1.0
SPX,2026-08-12,390,1.0
SPX,2026-08-13,385,0.9871794871794872
SPX,2026-08-14,386,0.9897435897435898
SPX,2026-08-17,390,1.0
SPX,2026-08-18,390,1.0
SPX,2026-08-19,390,1.0
SPX,2026-08-20,387,0.9923076923076923
SPX,2026-08-21,390,1.0
NDX,2011-09-19,390,1.0
NDX,2011-09-20,387,0.9923076923076923
NDX,2011-09-21,389,0.9974358974358974
NDX,2011-09-22,342,0.8769230769230769
NDX,2012-01-19,285,0.7307692307692307
NDX,2012-01-20,390,1.0
NDX,2012-01-23,390,1.0
NDX,2012-01-24,390,1.0
NDX,2012-01-25,390,1.0
NDX,2012-01-26,390,1.0
NDX,2012-01-27,390,1.0
NDX,2012-01-30,390,1.0
NDX,2012-01-31,390,1.0
NDX,2012-02-01,388,0.9948717948717949
NDX,2012-02-02,390,1.0
NDX,2012-02-03,390,1.0
NDX,2012-02-06,390,1.0
NDX,2012-02-07,390,1.0
NDX,2012-02-08,389,0.9974358974358974
NDX,2012-02-09,389,0.9974358974358974
NDX,2012-02-10,390,1.0
NDX,2012-02-13,390,1.0
NDX,2012-02-14,390,1.0
NDX,2012-02-15,389,0.9974358974358974
NDX,2012-02-16,390,1.0
NDX,2012-02-17,390,1.0
NDX,2012-02-21,390,1.0
NDX,2012-02-22,390,1.0
NDX,2012-02-23,390,1.0
NDX,2012-02-24,390,1.0
NDX,2012-02-27,390,1.0
NDX,2012-02-28,390,1.0
NDX,2012-02-29,385,0.9871794871794872
NDX,2012-03-01,390,1.0
NDX,2012-03-02,390,1.0
NDX,2012-03-05,390,1.0
NDX,2012-03-06,390,1.0
NDX,2012-03-07,389,0.9974358974358974
NDX,2012-03-08,390,1.0
NDX,2012-03-09,390,1.0
NDX,2012-03-12,390,1.0
NDX,2012-03-13,390,1.0
NDX,2012-03-15,390,1.0
NDX,2012-03-16,390,1.0
NDX,2012-03-19,390,1.0
NDX,2012-03-20,390,1.0
NDX,2012-03-21,390,1.0
NDX,2012-03-22,390,1.0
NDX,2012-03-23,390,1.0
NDX,2012-03-26,390,1.0
NDX,2012-03-27,390,1.0
NDX,2012-03-28,390,1.0
NDX,2012-03-29,362,0.9282051282051282
NDX,2012-03-30,390,1.0
NDX,2012-04-02,390,1.0
NDX,2012-04-03,390,1.0
NDX,2012-04-04,381,0.9769230769230769
NDX,2012-04-05,390,1.0
NDX,2012-04-06,1,0.002564102564102564
NDX,2012-04-09,390,1.0
NDX,2012-04-10,390,1.0
NDX,2012-04-11,390,1.0
NDX,2012-04-12,390,1.0
NDX,2012-04-13,389,0.9974358974358974
NDX,2012-04-16,388,0.9948717948717949
NDX,2012-04-17,390,1.0
NDX,2012-04-18,390,1.0
NDX,2012-04-19,373,0.9564102564102565
NDX,2012-04-20,390,1.0
NDX,2012-04-23,390,1.0
NDX,2012-04-24,390,1.0
NDX,2012-04-25,390,1.0
NDX,2012-04-26,390,1.0
NDX,2012-04-27,390,1.0
NDX,2012-04-30,390,1.0
NDX,2012-05-01,390,1.0
NDX,2012-05-02,390,1.0
NDX,2012-05-03,390,1.0
NDX,2012-05-04,390,1.0
NDX,2012-05-07,390,1.0
NDX,2012-05-08,390,1.0
NDX,2012-05-09,390,1.0
NDX,2012-05-10,390,1.0
NDX,2012-05-11,383,0.982051282051282
NDX,2012-05-14,390,1.0
NDX,2012-05-15,390,1.0
NDX,2012-05-16,390,1.0
NDX,2012-05-17,390,1.0
NDX,2012-05-18,390,1.0
NDX,2012-05-21,390,1.0
NDX,2012-05-22,390,1.0
NDX,2012-05-23,389,0.9974358974358974
NDX,2012-05-24,390,1.0
NDX,2012-05-25,390,1.0
NDX,2012-05-29,390,1.0
NDX,2012-05-30,390,1.0
NDX,2012-05-31,390,1.0
NDX,2012-06-01,389,0.9974358974358974
NDX,2012-06-04,390,1.0
NDX,2012-06-05,390,1.0
NDX,2012-06-06,390,1.0
NDX,2012-06-07,390,1.0
NDX,2012-06-08,390,1.0
NDX,2012-06-11,390,1.0
NDX,2012-06-12,390,1.0
NDX,2012-06-13,389,0.9974358974358974
NDX,2012-06-14,390,1.0
NDX,2012-06-15,390,1.0
NDX,2012-06-18,390,1.0
NDX,2012-06-19,390,1.0
NDX,2012-06-20,390,1.0
NDX,2012-06-21,390,1.0
NDX,2012-06-22,390,1.0
NDX,2012-06-25,390,1.0
NDX,2012-06-26,390,1.0
NDX,2012-06-27,390,1.0
NDX,2012-06-28,375,0.9615384615384616
NDX,2012-06-29,390,1.0
NDX,2012-07-02,390,1.0
NDX,2012-07-03,204,0.5230769230769231
NDX,2012-07-05,390,1.0
NDX,2012-07-06,191,0.4897435897435897
NDX,2012-07-09,390,1.0
NDX,2012-07-10,383,0.982051282051282
NDX,2012-07-11,390,1.0
NDX,2012-07-12,390,1.0
NDX,2012-07-13,390,1.0
NDX,2012-07-16,390,1.0
NDX,2012-07-17,390,1.0
NDX,2012-07-18,390,1.0
NDX,2012-07-19,390,1.0
NDX,2012-07-20,390,1.0
NDX,2012-07-23,389,0.9974358974358974
NDX,2012-07-24,390,1.0
NDX,2012-07-25,390,1.0
NDX,2012-07-26,364,0.9333333333333333
NDX,2012-07-27,380,0.9743589743589743
NDX,2012-07-30,390,1.0
NDX,2012-07-31,390,1.0
NDX,2012-08-01,390,1.0
NDX,2012-08-02,390,1.0
NDX,2012-08-03,390,1.0
NDX,2012-08-06,390,1.0
NDX,2012-08-07,390,1.0
NDX,2012-08-08,390,1.0
NDX,2012-08-09,390,1.0
NDX,2012-08-10,390,1.0
NDX,2012-08-13,390,1.0
NDX,2012-08-14,390,1.0
NDX,2012-08-15,390,1.0
NDX,2012-08-16,390,1.0
NDX,2012-08-17,390,1.0
NDX,2012-08-20,390,1.0
NDX,2012-08-21,390,1.0
NDX,2012-08-22,390,1.0
NDX,2012-08-23,390,1.0
NDX,2012-08-24,390,1.0
NDX,2012-08-27,390,1.0
NDX,2012-08-28,390,1.0
NDX,2012-08-29,390,1.0
NDX,2012-08-30,390,1.0
NDX,2012-08-31,390,1.0
NDX,2012-09-04,390,1.0
NDX,2012-09-05,390,1.0
NDX,2012-09-06,390,1.0
NDX,2012-09-07,390,1.0
NDX,2012-09-10,390,1.0
NDX,2012-09-11,390,1.0
NDX,2012-09-12,390,1.0
NDX,2012-09-13,390,1.0
NDX,2012-09-14,390,1.0
NDX,2012-09-17,390,1.0
NDX,2012-09-18,390,1.0
NDX,2012-09-19,390,1.0
NDX,2012-09-20,389,0.9974358974358974
NDX,2012-09-21,390,1.0
NDX,2012-09-24,390,1.0
NDX,2012-09-25,390,1.0
NDX,2012-09-26,390,1.0
NDX,2012-09-27,390,1.0
NDX,2012-09-28,390,1.0
NDX,2012-10-01,390,1.0
NDX,2012-10-02,390,1.0
NDX,2012-10-03,390,1.0
NDX,2012-10-04,390,1.0
NDX,2012-10-05,390,1.0
NDX,2012-10-08,387,0.9923076923076923
NDX,2012-10-09,390,1.0
NDX,2012-10-10,389,0.9974358974358974
NDX,2012-10-11,390,1.0
NDX,2012-10-12,390,1.0
NDX,2012-10-15,390,1.0
NDX,2012-10-16,390,1.0
NDX,2012-10-17,390,1.0
NDX,2012-10-18,390,1.0
NDX,2012-10-19,390,1.0
NDX,2012-10-22,390,1.0
NDX,2012-10-23,389,0.9974358974358974
NDX,2012-10-24,389,0.9974358974358974
NDX,2012-10-25,390,1.0
NDX,2012-10-26,390,1.0
NDX,2012-10-31,390,1.0
NDX,2012-11-01,390,1.0
NDX,2012-11-02,390,1.0
NDX,2012-11-05,390,1.0
NDX,2012-11-06,390,1.0
NDX,2012-11-07,387,0.9923076923076923
NDX,2012-11-08,390,1.0
NDX,2012-11-09,390,1.0
NDX,2012-11-12,390,1.0
NDX,2012-11-13,390,1.0
NDX,2012-11-14,390,1.0
NDX,2012-11-15,390,1.0
NDX,2012-11-16,390,1.0
NDX,2012-11-19,390,1.0
NDX,2012-11-20,387,0.9923076923076923
NDX,2012-11-21,390,1.0
NDX,2012-11-23,212,0.5435897435897435
NDX,2012-11-26,390,1.0
NDX,2012-11-27,390,1.0
NDX,2012-11-28,390,1.0
NDX,2012-11-29,390,1.0
NDX,2012-11-30,390,1.0
NDX,2012-12-03,390,1.0
NDX,2012-12-04,390,1.0
NDX,2012-12-05,390,1.0
NDX,2012-12-06,390,1.0
NDX,2012-12-07,341,0.8743589743589744
NDX,2012-12-10,364,0.9333333333333333
NDX,2012-12-11,372,0.9538461538461539
NDX,2012-12-12,389,0.9974358974358974
NDX,2012-12-13,390,1.0
NDX,2012-12-14,390,1.0
NDX,2012-12-17,390,1.0
NDX,2012-12-18,390,1.0
NDX,2012-12-19,390,1.0
NDX,2012-12-20,389,0.9974358974358974
NDX,2012-12-21,390,1.0
NDX,2012-12-24,210,0.5384615384615384
NDX,2012-12-26,390,1.0
NDX,2012-12-27,389,0.9974358974358974
NDX,2012-12-28,390,1.0
NDX,2012-12-31,390,1.0
NDX,2013-01-02,390,1.0
NDX,2013-01-03,373,0.9564102564102565
NDX,2013-01-04,390,1.0
NDX,2013-01-07,390,1.0
NDX,2013-01-08,390,1.0
NDX,2013-01-09,390,1.0
NDX,2013-01-10,390,1.0
NDX,2013-01-11,390,1.0
NDX,2013-01-14,390,1.0
NDX,2013-01-15,373,0.9564102564102565
NDX,2013-01-16,390,1.0
NDX,2013-01-17,390,1.0
NDX,2013-01-18,390,1.0
NDX,2013-01-22,390,1.0
NDX,2013-01-23,390,1.0
NDX,2013-01-24,390,1.0
NDX,2013-01-25,390,1.0
NDX,2013-01-28,390,1.0
NDX,2013-01-29,390,1.0
NDX,2013-01-30,390,1.0
NDX,2013-01-31,390,1.0
NDX,2013-02-01,386,0.9897435897435898
NDX,2013-02-04,390,1.0
NDX,2013-02-05,390,1.0
NDX,2013-02-06,390,1.0
NDX,2013-02-07,390,1.0
NDX,2013-02-08,389,0.9974358974358974
NDX,2013-02-11,390,1.0
NDX,2013-02-12,390,1.0
NDX,2013-02-13,390,1.0
NDX,2013-02-14,390,1.0
NDX,2013-02-15,390,1.0
NDX,2013-02-19,390,1.0
NDX,2013-02-20,390,1.0
NDX,2013-02-21,390,1.0
NDX,2013-02-22,390,1.0
NDX,2013-02-25,390,1.0
NDX,2013-02-26,390,1.0
NDX,2013-02-27,149,0.382051282051282
NDX,2013-02-28,390,1.0
NDX,2013-03-01,389,0.9974358974358974
NDX,2013-03-04,390,1.0
NDX,2013-03-05,390,1.0
NDX,2013-03-06,389,0.9974358974358974
NDX,2013-03-07,390,1.0
NDX,2013-03-08,390,1.0
NDX,2013-03-11,390,1.0
NDX,2013-03-12,390,1.0
NDX,2013-03-13,390,1.0
NDX,2013-03-14,390,1.0
NDX,2013-03-15,390,1.0
NDX,2013-03-18,390,1.0
NDX,2013-03-19,390,1.0
NDX,2013-03-20,390,1.0
NDX,2013-03-21,390,1.0
NDX,2013-03-22,390,1.0
NDX,2013-03-25,390,1.0
NDX,2013-03-27,390,1.0
NDX,2013-03-28,390,1.0
NDX,2013-04-01,390,1.0
NDX,2013-04-02,390,1.0
NDX,2013-04-03,390,1.0
NDX,2013-04-04,390,1.0
NDX,2013-04-05,390,1.0
NDX,2013-04-08,390,1.0
NDX,2013-04-09,390,1.0
NDX,2013-04-10,390,1.0
NDX,2013-04-11,390,1.0
NDX,2013-04-12,150,0.38461538461538464
NDX,2013-04-15,360,0.9230769230769231
NDX,2013-04-16,390,1.0
NDX,2013-04-17,150,0.38461538461538464
NDX,2013-04-18,90,0.23076923076923078
NDX,2013-04-22,390,1.0
NDX,2013-04-23,390,1.0
NDX,2013-04-24,365,0.9358974358974359
NDX,2013-04-25,390,1.0
NDX,2013-04-26,390,1.0
NDX,2013-04-29,390,1.0
NDX,2013-04-30,389,0.9974358974358974
NDX,2013-05-01,390,1.0
NDX,2013-05-02,390,1.0
NDX,2013-05-03,390,1.0
NDX,2013-05-06,390,1.0
NDX,2013-05-07,390,1.0
NDX,2013-05-08,390,1.0
NDX,2013-05-09,390,1.0
NDX,2013-05-10,390,1.0
NDX,2013-05-13,390,1.0
NDX,2013-05-14,390,1.0
NDX,2013-05-15,390,1.0
NDX,2013-05-17,110,0.28205128205128205
NDX,2013-05-22,300,0.7692307692307693
NDX,2013-05-23,390,1.0
NDX,2013-05-27,120,0.3076923076923077
NDX,2013-05-28,390,1.0
NDX,2013-05-29,390,1.0
NDX,2013-05-30,390,1.0
NDX,2013-05-31,390,1.0
NDX,2013-06-03,277,0.7102564102564103
NDX,2013-06-04,390,1.0
NDX,2013-06-05,390,1.0
NDX,2013-06-06,390,1.0
NDX,2013-06-07,390,1.0
NDX,2013-06-10,390,1.0
NDX,2013-06-11,390,1.0
NDX,2013-06-12,383,0.982051282051282
NDX,2013-06-13,390,1.0
NDX,2013-06-14,390,1.0
NDX,2013-06-17,324,0.8307692307692308
NDX,2013-06-18,390,1.0
NDX,2013-06-19,390,1.0
NDX,2013-06-20,390,1.0
NDX,2013-06-21,390,1.0
NDX,2013-06-24,390,1.0
NDX,2013-06-25,390,1.0
NDX,2013-06-26,390,1.0
NDX,2013-06-27,390,1.0
NDX,2013-06-28,390,1.0
NDX,2013-07-01,390,1.0
NDX,2013-07-02,390,1.0
NDX,2013-07-03,225,0.5769230769230769
NDX,2013-07-04,120,0.3076923076923077
NDX,2013-07-05,390,1.0
NDX,2013-07-08,390,1.0
NDX,2013-07-09,390,1.0
NDX,2013-07-10,390,1.0
NDX,2013-07-11,390,1.0
NDX,2013-07-12,390,1.0
NDX,2013-07-15,390,1.0
NDX,2013-07-16,390,1.0
NDX,2013-07-17,390,1.0
NDX,2013-07-18,390,1.0
NDX,2013-07-19,390,1.0
NDX,2013-07-22,389,0.9974358974358974
NDX,2013-07-23,390,1.0
NDX,2013-07-24,390,1.0
NDX,2013-07-25,390,1.0
NDX,2013-07-26,390,1.0
NDX,2013-07-29,390,1.0
NDX,2013-07-30,390,1.0
NDX,2013-07-31,390,1.0
NDX,2013-08-01,390,1.0
NDX,2013-08-02,390,1.0
NDX,2013-08-05,390,1.0
NDX,2013-08-06,389,0.9974358974358974
NDX,2013-08-07,390,1.0
NDX,2013-08-08,390,1.0
NDX,2013-08-09,73,0.18717948717948718
NDX,2013-08-12,390,1.0
NDX,2013-08-13,390,1.0
NDX,2013-08-14,390,1.0
NDX,2013-08-15,390,1.0
NDX,2013-08-16,390,1.0
NDX,2013-08-19,390,1.0
NDX,2013-08-20,390,1.0
NDX,2013-08-21,390,1.0
NDX,2013-08-22,390,1.0
NDX,2013-08-23,390,1.0
NDX,2013-08-27,372,0.9538461538461539
NDX,2013-08-28,293,0.7512820512820513
NDX,2013-08-29,390,1.0
NDX,2013-08-30,390,1.0
NDX,2013-09-02,120,0.3076923076923077
NDX,2013-09-03,390,1.0
NDX,2013-09-04,390,1.0
NDX,2013-09-05,390,1.0
NDX,2013-09-06,390,1.0
NDX,2013-09-09,375,0.9615384615384616
NDX,2013-09-10,375,0.9615384615384616
NDX,2013-09-11,375,0.9615384615384616
NDX,2013-09-12,362,0.9282051282051282
NDX,2013-09-13,390,1.0
NDX,2013-09-16,390,1.0
NDX,2013-09-17,390,1.0
NDX,2013-09-18,375,0.9615384615384616
NDX,2013-09-19,375,0.9615384615384616
NDX,2013-09-20,345,0.8846153846153846
NDX,2013-09-23,375,0.9615384615384616
NDX,2013-09-24,375,0.9615384615384616
NDX,2013-09-25,375,0.9615384615384616
NDX,2013-09-26,375,0.9615384615384616
NDX,2013-09-27,100,0.2564102564102564
NDX,2013-09-30,120,0.3076923076923077
NDX,2013-10-01,311,0.7974358974358975
NDX,2013-10-02,299,0.7666666666666667
NDX,2013-10-03,94,0.24102564102564103
NDX,2013-10-04,297,0.7615384615384615
NDX,2013-10-07,290,0.7435897435897436
NDX,2013-10-08,164,0.4205128205128205
NDX,2013-10-09,165,0.4230769230769231
NDX,2013-10-10,245,0.6282051282051282
NDX,2013-10-11,271,0.6948717948717948
NDX,2013-10-17,315,0.8076923076923077
NDX,2013-10-18,206,0.5282051282051282
NDX,2013-10-21,372,0.9538461538461539
NDX,2013-10-22,254,0.6512820512820513
NDX,2013-10-23,182,0.4666666666666667
NDX,2013-10-28,375,0.9615384615384616
NDX,2013-10-29,375,0.9615384615384616
NDX,2013-10-30,375,0.9615384615384616
NDX,2013-10-31,375,0.9615384615384616
NDX,2013-11-01,375,0.9615384615384616
NDX,2013-11-04,370,0.9487179487179487
NDX,2013-11-05,370,0.9487179487179487
NDX,2013-11-06,370,0.9487179487179487
NDX,2013-11-07,370,0.9487179487179487
NDX,2013-11-08,370,0.9487179487179487
NDX,2013-11-11,370,0.9487179487179487
NDX,2013-11-12,370,0.9487179487179487
NDX,2013-11-13,370,0.9487179487179487
NDX,2013-11-14,370,0.9487179487179487
NDX,2013-11-15,370,0.9487179487179487
NDX,2013-11-18,370,0.9487179487179487
NDX,2013-11-19,370,0.9487179487179487
NDX,2013-11-20,370,0.9487179487179487
NDX,2013-11-21,370,0.9487179487179487
NDX,2013-11-22,370,0.9487179487179487
NDX,2013-11-25,370,0.9487179487179487
NDX,2013-11-26,370,0.9487179487179487
NDX,2013-11-27,370,0.9487179487179487
NDX,2013-11-28,119,0.30512820512820515
NDX,2013-11-29,225,0.5769230769230769
NDX,2013-12-02,370,0.9487179487179487
NDX,2013-12-03,370,0.9487179487179487
NDX,2013-12-04,370,0.9487179487179487
NDX,2013-12-05,370,0.9487179487179487
NDX,2013-12-06,370,0.9487179487179487
NDX,2013-12-09,370,0.9487179487179487
NDX,2013-12-10,370,0.9487179487179487
NDX,2013-12-11,370,0.9487179487179487
NDX,2013-12-12,370,0.9487179487179487
NDX,2013-12-13,370,0.9487179487179487
NDX,2013-12-16,370,0.9487179487179487
NDX,2013-12-17,370,0.9487179487179487
NDX,2013-12-18,370,0.9487179487179487
NDX,2013-12-19,370,0.9487179487179487
NDX,2013-12-20,370,0.9487179487179487
NDX,2013-12-23,370,0.9487179487179487
NDX,2013-12-24,226,0.5794871794871795
NDX,2013-12-26,370,0.9487179487179487
NDX,2013-12-27,370,0.9487179487179487
NDX,2013-12-30,370,0.9487179487179487
NDX,2013-12-31,370,0.9487179487179487
NDX,2014-01-02,370,0.9487179487179487
NDX,2014-01-03,370,0.9487179487179487
NDX,2014-01-06,370,0.9487179487179487
NDX,2014-01-07,370,0.9487179487179487
NDX,2014-01-08,370,0.9487179487179487
NDX,2014-01-09,370,0.9487179487179487
NDX,2014-01-10,370,0.9487179487179487
NDX,2014-01-13,370,0.9487179487179487
NDX,2014-01-14,370,0.9487179487179487
NDX,2014-01-15,370,0.9487179487179487
NDX,2014-01-16,370,0.9487179487179487
NDX,2014-01-17,370,0.9487179487179487
NDX,2014-01-20,118,0.30256410256410254
NDX,2014-01-21,370,0.9487179487179487
NDX,2014-01-22,359,0.9205128205128205
NDX,2014-01-23,370,0.9487179487179487
NDX,2014-01-24,370,0.9487179487179487
NDX,2014-01-27,183,0.46923076923076923
NDX,2014-01-28,370,0.9487179487179487
NDX,2014-01-29,370,0.9487179487179487
NDX,2014-01-30,370,0.9487179487179487
NDX,2014-01-31,370,0.9487179487179487
NDX,2014-02-03,368,0.9435897435897436
NDX,2014-02-04,370,0.9487179487179487
NDX,2014-02-05,370,0.9487179487179487
NDX,2014-02-07,370,0.9487179487179487
NDX,2014-02-10,370,0.9487179487179487
NDX,2014-02-11,370,0.9487179487179487
NDX,2014-02-12,370,0.9487179487179487
NDX,2014-02-13,370,0.9487179487179487
NDX,2014-02-14,370,0.9487179487179487
NDX,2014-02-17,121,0.31025641025641026
NDX,2014-02-18,369,0.9461538461538461
NDX,2014-02-19,370,0.9487179487179487
NDX,2014-02-20,370,0.9487179487179487
NDX,2014-02-21,370,0.9487179487179487
NDX,2014-02-24,370,0.9487179487179487
NDX,2014-02-25,370,0.9487179487179487
NDX,2014-02-26,370,0.9487179487179487
NDX,2014-02-27,370,0.9487179487179487
NDX,2014-02-28,370,0.9487179487179487
NDX,2014-03-03,370,0.9487179487179487
NDX,2014-03-04,370,0.9487179487179487
NDX,2014-03-05,368,0.9435897435897436
NDX,2014-03-06,370,0.9487179487179487
NDX,2014-03-07,370,0.9487179487179487
NDX,2014-03-10,375,0.9615384615384616
NDX,2014-03-11,374,0.958974358974359
NDX,2014-03-12,374,0.958974358974359
NDX,2014-03-13,375,0.9615384615384616
NDX,2014-03-14,375,0.9615384615384616
NDX,2014-03-18,375,0.9615384615384616
NDX,2014-03-19,342,0.8769230769230769
NDX,2014-03-20,375,0.9615384615384616
NDX,2014-03-21,375,0.9615384615384616
NDX,2014-03-24,375,0.9615384615384616
NDX,2014-03-25,374,0.958974358974359
NDX,2014-03-26,375,0.9615384615384616
NDX,2014-03-27,375,0.9615384615384616
NDX,2014-03-28,375,0.9615384615384616
NDX,2014-03-31,375,0.9615384615384616
NDX,2014-04-01,375,0.9615384615384616
NDX,2014-04-02,375,0.9615384615384616
NDX,2014-04-03,375,0.9615384615384616
NDX,2014-04-04,375,0.9615384615384616
NDX,2014-04-07,375,0.9615384615384616
NDX,2014-04-08,375,0.9615384615384616
NDX,2014-04-09,373,0.9564102564102565
NDX,2014-04-10,375,0.9615384615384616
NDX,2014-04-11,375,0.9615384615384616
NDX,2014-04-14,375,0.9615384615384616
NDX,2014-04-15,375,0.9615384615384616
NDX,2014-04-16,375,0.9615384615384616
NDX,2014-04-17,375,0.9615384615384616
NDX,2014-04-21,375,0.9615384615384616
NDX,2014-04-23,375,0.9615384615384616
NDX,2014-04-24,375,0.9615384615384616
NDX,2014-04-25,375,0.9615384615384616
NDX,2014-04-28,375,0.9615384615384616
NDX,2014-04-29,375,0.9615384615384616
NDX,2014-04-30,375,0.9615384615384616
NDX,2014-05-01,375,0.9615384615384616
NDX,2014-05-02,375,0.9615384615384616
NDX,2014-05-05,375,0.9615384615384616
NDX,2014-05-06,375,0.9615384615384616
NDX,2014-05-07,375,0.9615384615384616
NDX,2014-05-08,375,0.9615384615384616
NDX,2014-05-09,375,0.9615384615384616
NDX,2014-05-12,390,1.0
NDX,2014-05-13,390,1.0
NDX,2014-05-14,390,1.0
NDX,2014-05-15,390,1.0
NDX,2014-05-16,390,1.0
NDX,2014-05-19,390,1.0
NDX,2014-05-20,390,1.0
NDX,2014-05-21,390,1.0
NDX,2014-05-22,390,1.0
NDX,2014-05-23,390,1.0
NDX,2014-05-26,207,0.5307692307692308
NDX,2014-05-27,390,1.0
NDX,2014-05-28,390,1.0
NDX,2014-05-29,390,1.0
NDX,2014-05-30,390,1.0
NDX,2014-06-02,390,1.0
NDX,2014-06-03,390,1.0
NDX,2014-06-04,390,1.0
NDX,2014-06-05,390,1.0
NDX,2014-06-06,384,0.9846153846153847
NDX,2014-06-09,390,1.0
NDX,2014-06-10,390,1.0
NDX,2014-06-11,390,1.0
NDX,2014-06-12,390,1.0
NDX,2014-06-13,390,1.0
NDX,2014-06-16,390,1.0
NDX,2014-06-17,390,1.0
NDX,2014-06-18,390,1.0
NDX,2014-06-19,390,1.0
NDX,2014-06-20,389,0.9974358974358974
NDX,2014-06-23,390,1.0
NDX,2014-06-24,389,0.9974358974358974
NDX,2014-06-25,390,1.0
NDX,2014-06-26,390,1.0
NDX,2014-06-27,390,1.0
NDX,2014-06-30,389,0.9974358974358974
NDX,2014-07-01,390,1.0
NDX,2014-07-02,389,0.9974358974358974
NDX,2014-07-03,220,0.5641025641025641
NDX,2014-07-04,200,0.5128205128205128
NDX,2014-07-07,388,0.9948717948717949
NDX,2014-07-08,385,0.9871794871794872
NDX,2014-07-09,390,1.0
NDX,2014-07-10,390,1.0
NDX,2014-07-11,390,1.0
NDX,2014-07-14,388,0.9948717948717949
NDX,2014-07-15,390,1.0
NDX,2014-07-16,390,1.0
NDX,2014-07-17,390,1.0
NDX,2014-07-18,390,1.0
NDX,2014-07-21,390,1.0
NDX,2014-07-22,390,1.0
NDX,2014-07-23,389,0.9974358974358974
NDX,2014-07-24,390,1.0
NDX,2014-07-25,390,1.0
NDX,2014-07-28,389,0.9974358974358974
NDX,2014-07-29,390,1.0
NDX,2014-07-30,387,0.9923076923076923
NDX,2014-07-31,292,0.7487179487179487
NDX,2014-08-01,390,1.0
NDX,2014-08-04,390,1.0
NDX,2014-08-05,390,1.0
NDX,2014-08-06,390,1.0
NDX,2014-08-07,390,1.0
NDX,2014-08-08,390,1.0
NDX,2014-08-11,390,1.0
NDX,2014-08-12,390,1.0
NDX,2014-08-13,390,1.0
NDX,2014-08-14,388,0.9948717948717949
NDX,2014-08-15,390,1.0
NDX,2014-08-18,383,0.982051282051282
NDX,2014-08-19,386,0.9897435897435898
NDX,2014-08-20,387,0.9923076923076923
NDX,2014-08-21,389,0.9974358974358974
NDX,2014-08-22,390,1.0
NDX,2014-08-25,390,1.0
NDX,2014-08-26,390,1.0
NDX,2014-08-27,390,1.0
NDX,2014-08-28,390,1.0
NDX,2014-08-29,390,1.0
NDX,2014-09-01,168,0.4307692307692308
NDX,2014-09-02,390,1.0
NDX,2014-09-03,390,1.0
NDX,2014-09-04,390,1.0
NDX,2014-09-05,390,1.0
NDX,2014-09-08,390,1.0
NDX,2014-09-09,390,1.0
NDX,2014-09-10,390,1.0
NDX,2014-09-11,390,1.0
NDX,2014-09-12,390,1.0
NDX,2014-09-15,390,1.0
NDX,2014-09-16,390,1.0
NDX,2014-09-17,389,0.9974358974358974
NDX,2014-09-18,389,0.9974358974358974
NDX,2014-09-19,390,1.0
NDX,2014-09-22,390,1.0
NDX,2014-09-23,390,1.0
NDX,2014-09-24,368,0.9435897435897436
NDX,2014-09-25,390,1.0
NDX,2014-09-26,389,0.9974358974358974
NDX,2014-09-29,390,1.0
NDX,2014-09-30,390,1.0
NDX,2014-10-01,390,1.0
NDX,2014-10-02,390,1.0
NDX,2014-10-03,390,1.0
NDX,2014-10-06,390,1.0
NDX,2014-10-07,390,1.0
NDX,2014-10-08,390,1.0
NDX,2014-10-09,390,1.0
NDX,2014-10-10,390,1.0
NDX,2014-10-13,390,1.0
NDX,2014-10-14,390,1.0
NDX,2014-10-15,390,1.0
NDX,2014-10-16,390,1.0
NDX,2014-10-17,390,1.0
NDX,2014-10-20,390,1.0
NDX,2014-10-21,390,1.0
NDX,2014-10-22,390,1.0
NDX,2014-10-23,390,1.0
NDX,2014-10-24,389,0.9974358974358974
NDX,2014-10-27,390,1.0
NDX,2014-10-28,390,1.0
NDX,2014-10-29,390,1.0
NDX,2014-10-30,390,1.0
NDX,2014-10-31,390,1.0
NDX,2014-11-03,390,1.0
NDX,2014-11-04,390,1.0
NDX,2014-11-05,390,1.0
NDX,2014-11-06,390,1.0
NDX,2014-11-07,390,1.0
NDX,2014-11-10,350,0.8974358974358975
NDX,2014-11-11,390,1.0
NDX,2014-11-12,389,0.9974358974358974
NDX,2014-11-13,390,1.0
NDX,2014-11-14,390,1.0
NDX,2014-11-17,390,1.0
NDX,2014-11-18,347,0.8897435897435897
NDX,2014-11-19,370,0.9487179487179487
NDX,2014-11-20,347,0.8897435897435897
NDX,2014-11-21,390,1.0
NDX,2014-11-24,390,1.0
NDX,2014-11-25,390,1.0
NDX,2014-11-26,389,0.9974358974358974
NDX,2014-11-27,200,0.5128205128205128
NDX,2014-11-28,226,0.5794871794871795
NDX,2014-12-01,390,1.0
NDX,2014-12-02,389,0.9974358974358974
NDX,2014-12-03,390,1.0
NDX,2014-12-04,390,1.0
NDX,2014-12-05,390,1.0
NDX,2014-12-08,390,1.0
NDX,2014-12-09,390,1.0
NDX,2014-12-10,389,0.9974358974358974
NDX,2014-12-11,390,1.0
NDX,2014-12-12,390,1.0
NDX,2014-12-15,390,1.0
NDX,2014-12-16,390,1.0
NDX,2014-12-17,390,1.0
NDX,2014-12-18,390,1.0
NDX,2014-12-19,390,1.0
NDX,2014-12-22,379,0.9717948717948718
NDX,2014-12-23,388,0.9948717948717949
NDX,2014-12-24,211,0.541025641025641
NDX,2014-12-26,386,0.9897435897435898
NDX,2014-12-29,390,1.0
NDX,2014-12-30,390,1.0
NDX,2014-12-31,271,0.6948717948717948
NDX,2015-01-02,390,1.0
NDX,2015-01-05,390,1.0
NDX,2015-01-06,390,1.0
NDX,2015-01-07,390,1.0
NDX,2015-01-08,390,1.0
NDX,2015-01-09,390,1.0
NDX,2015-01-12,390,1.0
NDX,2015-01-13,390,1.0
NDX,2015-01-14,390,1.0
NDX,2015-01-15,390,1.0
NDX,2015-01-16,390,1.0
NDX,2015-01-19,205,0.5256410256410257
NDX,2015-01-20,390,1.0
NDX,2015-01-21,390,1.0
NDX,2015-01-22,390,1.0
NDX,2015-01-23,390,1.0
NDX,2015-01-26,390,1.0
NDX,2015-01-27,387,0.9923076923076923
NDX,2015-01-28,390,1.0
NDX,2015-01-29,390,1.0
NDX,2015-01-30,390,1.0
NDX,2015-02-02,390,1.0
NDX,2015-02-03,390,1.0
NDX,2015-02-04,381,0.9769230769230769
NDX,2015-02-05,390,1.0
NDX,2015-02-06,390,1.0
NDX,2015-02-09,390,1.0
NDX,2015-02-10,390,1.0
NDX,2015-02-11,390,1.0
NDX,2015-02-12,390,1.0
NDX,2015-02-13,390,1.0
NDX,2015-02-16,316,0.8102564102564103
NDX,2015-02-17,389,0.9974358974358974
NDX,2015-02-18,390,1.0
NDX,2015-02-19,390,1.0
NDX,2015-02-20,390,1.0
NDX,2015-02-23,390,1.0
NDX,2015-02-24,390,1.0
NDX,2015-02-25,390,1.0
NDX,2015-02-26,390,1.0
NDX,2015-02-27,390,1.0
NDX,2015-03-02,390,1.0
NDX,2015-03-03,390,1.0
NDX,2015-03-04,390,1.0
NDX,2015-03-05,390,1.0
NDX,2015-03-06,390,1.0
NDX,2015-03-09,388,0.9948717948717949
NDX,2015-03-10,390,1.0
NDX,2015-03-11,390,1.0
NDX,2015-03-12,390,1.0
NDX,2015-03-13,390,1.0
NDX,2015-03-16,390,1.0
NDX,2015-03-17,390,1.0
NDX,2015-03-18,390,1.0
NDX,2015-03-19,390,1.0
NDX,2015-03-20,390,1.0
NDX,2015-03-23,390,1.0
NDX,2015-03-24,390,1.0
NDX,2015-03-25,390,1.0
NDX,2015-03-26,390,1.0
NDX,2015-03-27,390,1.0
NDX,2015-03-30,390,1.0
NDX,2015-03-31,390,1.0
NDX,2015-04-01,390,1.0
NDX,2015-04-02,390,1.0
NDX,2015-04-06,390,1.0
NDX,2015-04-07,390,1.0
NDX,2015-04-08,390,1.0
NDX,2015-04-09,390,1.0
NDX,2015-04-10,390,1.0
NDX,2015-04-13,390,1.0
NDX,2015-04-14,390,1.0
NDX,2015-04-15,390,1.0
NDX,2015-04-16,390,1.0
NDX,2015-04-17,390,1.0
NDX,2015-04-20,390,1.0
NDX,2015-04-21,390,1.0
NDX,2015-04-22,390,1.0
NDX,2015-04-23,390,1.0
NDX,2015-04-24,390,1.0
NDX,2015-04-27,390,1.0
NDX,2015-04-28,390,1.0
NDX,2015-04-29,390,1.0
NDX,2015-04-30,390,1.0
NDX,2015-05-01,390,1.0
NDX,2015-05-04,390,1.0
NDX,2015-05-05,390,1.0
NDX,2015-05-06,376,0.9641025641025641
NDX,2015-05-07,390,1.0
NDX,2015-05-08,390,1.0
NDX,2015-05-11,390,1.0
NDX,2015-05-12,390,1.0
NDX,2015-05-13,390,1.0
NDX,2015-05-14,390,1.0
NDX,2015-05-15,390,1.0
NDX,2015-05-18,390,1.0
NDX,2015-05-19,390,1.0
NDX,2015-05-20,390,1.0
NDX,2015-05-21,390,1.0
NDX,2015-05-22,390,1.0
NDX,2015-05-25,201,0.5153846153846153
NDX,2015-05-26,390,1.0
NDX,2015-05-27,390,1.0
NDX,2015-05-28,390,1.0
NDX,2015-05-29,390,1.0
NDX,2015-06-01,390,1.0
NDX,2015-06-02,390,1.0
NDX,2015-06-03,390,1.0
NDX,2015-06-04,390,1.0
NDX,2015-06-05,390,1.0
NDX,2015-06-08,390,1.0
NDX,2015-06-09,390,1.0
NDX,2015-06-10,390,1.0
NDX,2015-06-11,390,1.0
NDX,2015-06-12,390,1.0
NDX,2015-06-15,390,1.0
NDX,2015-06-16,390,1.0
NDX,2015-06-17,390,1.0
NDX,2015-06-18,390,1.0
NDX,2015-06-19,390,1.0
NDX,2015-06-22,390,1.0
NDX,2015-06-23,390,1.0
NDX,2015-06-24,390,1.0
NDX,2015-06-25,390,1.0
NDX,2015-06-26,390,1.0
NDX,2015-06-29,390,1.0
NDX,2015-06-30,390,1.0
NDX,2015-07-01,390,1.0
NDX,2015-07-02,390,1.0
NDX,2015-07-03,196,0.5025641025641026
NDX,2015-07-06,390,1.0
NDX,2015-07-07,390,1.0
NDX,2015-07-08,390,1.0
NDX,2015-07-09,390,1.0
NDX,2015-07-10,390,1.0
NDX,2015-07-13,390,1.0
NDX,2015-07-14,389,0.9974358974358974
NDX,2015-07-15,390,1.0
NDX,2015-07-16,390,1.0
NDX,2015-07-17,390,1.0
NDX,2015-07-20,390,1.0
NDX,2015-07-21,390,1.0
NDX,2015-07-22,390,1.0
NDX,2015-07-23,390,1.0
NDX,2015-07-24,390,1.0
NDX,2015-07-27,390,1.0
NDX,2015-07-28,390,1.0
NDX,2015-07-29,390,1.0
NDX,2015-07-30,390,1.0
NDX,2015-07-31,390,1.0
NDX,2015-08-03,390,1.0
NDX,2015-08-04,390,1.0
NDX,2015-08-05,390,1.0
NDX,2015-08-06,390,1.0
NDX,2015-08-07,390,1.0
NDX,2015-08-10,390,1.0
NDX,2015-08-11,390,1.0
NDX,2015-08-12,390,1.0
NDX,2015-08-13,390,1.0
NDX,2015-08-14,390,1.0
NDX,2015-08-17,390,1.0
NDX,2015-08-18,390,1.0
NDX,2015-08-19,390,1.0
NDX,2015-08-20,390,1.0
NDX,2015-08-21,390,1.0
NDX,2015-08-24,384,0.9846153846153847
NDX,2015-08-25,390,1.0
NDX,2015-08-26,390,1.0
NDX,2015-08-27,390,1.0
NDX,2015-08-28,390,1.0
NDX,2015-08-31,390,1.0
NDX,2015-09-01,390,1.0
NDX,2015-09-02,390,1.0
NDX,2015-09-03,390,1.0
NDX,2015-09-04,390,1.0
NDX,2015-09-07,181,0.4641025641025641
NDX,2015-09-08,390,1.0
NDX,2015-09-09,390,1.0
NDX,2015-09-10,390,1.0
NDX,2015-09-11,390,1.0
NDX,2015-09-14,390,1.0
NDX,2015-09-15,390,1.0
NDX,2015-09-16,390,1.0
NDX,2015-09-17,390,1.0
NDX,2015-09-18,390,1.0
NDX,2015-09-21,390,1.0
NDX,2015-09-22,390,1.0
NDX,2015-09-23,390,1.0
NDX,2015-09-24,390,1.0
NDX,2015-09-25,390,1.0
NDX,2015-09-28,390,1.0
NDX,2015-09-29,390,1.0
NDX,2015-09-30,390,1.0
NDX,2015-10-01,390,1.0
NDX,2015-10-02,390,1.0
NDX,2015-10-05,390,1.0
NDX,2015-10-06,390,1.0
NDX,2015-10-07,390,1.0
NDX,2015-10-08,390,1.0
NDX,2015-10-09,390,1.0
NDX,2015-10-12,390,1.0
NDX,2015-10-13,390,1.0
NDX,2015-10-14,390,1.0
NDX,2015-10-15,390,1.0
NDX,2015-10-16,390,1.0
NDX,2015-10-19,390,1.0
NDX,2015-10-20,390,1.0
NDX,2015-10-21,390,1.0
NDX,2015-10-22,390,1.0
NDX,2015-10-23,390,1.0
NDX,2015-10-26,390,1.0
NDX,2015-10-27,390,1.0
NDX,2015-10-28,390,1.0
NDX,2015-10-29,390,1.0
NDX,2015-10-30,390,1.0
NDX,2015-11-02,331,0.8487179487179487
NDX,2015-11-03,331,0.8487179487179487
NDX,2015-11-04,331,0.8487179487179487
NDX,2015-11-05,331,0.8487179487179487
NDX,2015-11-06,390,1.0
NDX,2015-11-09,390,1.0
NDX,2015-11-10,390,1.0
NDX,2015-11-11,390,1.0
NDX,2015-11-12,390,1.0
NDX,2015-11-13,390,1.0
NDX,2015-11-16,390,1.0
NDX,2015-11-17,390,1.0
NDX,2015-11-18,390,1.0
NDX,2015-11-19,390,1.0
NDX,2015-11-20,390,1.0
NDX,2015-11-23,390,1.0
NDX,2015-11-24,390,1.0
NDX,2015-11-25,390,1.0
NDX,2015-11-26,178,0.4564102564102564
NDX,2015-11-27,211,0.541025641025641
NDX,2015-11-30,390,1.0
NDX,2015-12-01,390,1.0
NDX,2015-12-02,390,1.0
NDX,2015-12-03,390,1.0
NDX,2015-12-04,390,1.0
NDX,2015-12-07,390,1.0
NDX,2015-12-08,390,1.0
NDX,2015-12-09,390,1.0
NDX,2015-12-10,390,1.0
NDX,2015-12-11,390,1.0
NDX,2015-12-14,390,1.0
NDX,2015-12-15,390,1.0
NDX,2015-12-16,390,1.0
NDX,2015-12-17,390,1.0
NDX,2015-12-18,390,1.0
NDX,2015-12-21,390,1.0
NDX,2015-12-22,390,1.0
NDX,2015-12-23,390,1.0
NDX,2015-12-24,211,0.541025641025641
NDX,2015-12-28,390,1.0
NDX,2015-12-29,390,1.0
NDX,2015-12-30,390,1.0
NDX,2015-12-31,211,0.541025641025641
NDX,2016-01-04,390,1.0
NDX,2016-01-05,390,1.0
NDX,2016-01-06,390,1.0
NDX,2016-01-07,390,1.0
NDX,2016-01-08,390,1.0
NDX,2016-01-11,390,1.0
NDX,2016-01-12,390,1.0
NDX,2016-01-13,390,1.0
NDX,2016-01-14,390,1.0
NDX,2016-01-15,390,1.0
NDX,2016-01-18,211,0.541025641025641
NDX,2016-01-19,390,1.0
NDX,2016-01-20,390,1.0
NDX,2016-01-21,390,1.0
NDX,2016-01-22,390,1.0
NDX,2016-01-25,390,1.0
NDX,2016-01-26,390,1.0
NDX,2016-01-27,390,1.0
NDX,2016-01-28,390,1.0
NDX,2016-01-29,390,1.0
NDX,2016-02-01,390,1.0
NDX,2016-02-02,390,1.0
NDX,2016-02-03,390,1.0
NDX,2016-02-04,390,1.0
NDX,2016-02-05,390,1.0
NDX,2016-02-08,390,1.0
NDX,2016-02-09,389,0.9974358974358974
NDX,2016-02-10,390,1.0
NDX,2016-02-11,390,1.0
NDX,2016-02-12,390,1.0
NDX,2016-02-15,208,0.5333333333333333
NDX,2016-02-16,390,1.0
NDX,2016-02-17,390,1.0
NDX,2016-02-18,390,1.0
NDX,2016-02-19,390,1.0
NDX,2016-02-22,390,1.0
NDX,2016-02-23,390,1.0
NDX,2016-02-24,390,1.0
NDX,2016-02-25,390,1.0
NDX,2016-02-26,390,1.0
NDX,2016-02-29,390,1.0
NDX,2016-03-01,390,1.0
NDX,2016-03-02,390,1.0
NDX,2016-03-03,390,1.0
NDX,2016-03-04,390,1.0
NDX,2016-03-07,390,1.0
NDX,2016-03-08,390,1.0
NDX,2016-03-09,390,1.0
NDX,2016-03-10,390,1.0
NDX,2016-03-11,390,1.0
NDX,2016-03-14,390,1.0
NDX,2016-03-15,390,1.0
NDX,2016-03-16,390,1.0
NDX,2016-03-17,390,1.0
NDX,2016-03-18,390,1.0
NDX,2016-03-21,390,1.0
NDX,2016-03-22,390,1.0
NDX,2016-03-23,390,1.0
NDX,2016-03-24,390,1.0
NDX,2016-03-28,390,1.0
NDX,2016-03-29,390,1.0
NDX,2016-03-30,390,1.0
NDX,2016-03-31,390,1.0
NDX,2016-04-01,390,1.0
NDX,2016-04-04,390,1.0
NDX,2016-04-05,390,1.0
NDX,2016-04-06,390,1.0
NDX,2016-04-07,390,1.0
NDX,2016-04-08,390,1.0
NDX,2016-04-11,390,1.0
NDX,2016-04-12,390,1.0
NDX,2016-04-13,390,1.0
NDX,2016-04-14,390,1.0
NDX,2016-04-15,390,1.0
NDX,2016-04-18,390,1.0
NDX,2016-04-19,390,1.0
NDX,2016-04-20,390,1.0
NDX,2016-04-21,390,1.0
NDX,2016-04-22,390,1.0
NDX,2016-04-25,390,1.0
NDX,2016-04-26,390,1.0
NDX,2016-04-27,390,1.0
NDX,2016-04-28,390,1.0
NDX,2016-04-29,390,1.0
NDX,2016-05-02,390,1.0
NDX,2016-05-03,390,1.0
NDX,2016-05-04,390,1.0
NDX,2016-05-05,390,1.0
NDX,2016-05-06,390,1.0
NDX,2016-05-09,390,1.0
NDX,2016-05-10,390,1.0
NDX,2016-05-11,390,1.0
NDX,2016-05-12,390,1.0
NDX,2016-05-13,390,1.0
NDX,2016-05-16,390,1.0
NDX,2016-05-17,390,1.0
NDX,2016-05-18,390,1.0
NDX,2016-05-19,390,1.0
NDX,2016-05-20,390,1.0
NDX,2016-05-23,390,1.0
NDX,2016-05-24,390,1.0
NDX,2016-05-25,390,1.0
NDX,2016-05-26,390,1.0
NDX,2016-05-27,390,1.0
NDX,2016-05-30,211,0.541025641025641
NDX,2016-05-31,390,1.0
NDX,2016-06-01,390,1.0
NDX,2016-06-02,390,1.0
NDX,2016-06-03,390,1.0
NDX,2016-06-06,390,1.0
NDX,2016-06-07,390,1.0
NDX,2016-06-08,390,1.0
NDX,2016-06-09,390,1.0
NDX,2016-06-10,390,1.0
NDX,2016-06-13,390,1.0
NDX,2016-06-14,390,1.0
NDX,2016-06-15,390,1.0
NDX,2016-06-16,390,1.0
NDX,2016-06-17,390,1.0
NDX,2016-06-20,390,1.0
NDX,2016-06-21,390,1.0
NDX,2016-06-22,390,1.0
NDX,2016-06-23,390,1.0
NDX,2016-06-24,390,1.0
NDX,2016-06-27,390,1.0
NDX,2016-06-28,390,1.0
NDX,2016-06-29,390,1.0
NDX,2016-06-30,372,0.9538461538461539
NDX,2016-07-01,390,1.0
NDX,2016-07-04,196,0.5025641025641026
NDX,2016-07-05,390,1.0
NDX,2016-07-06,390,1.0
NDX,2016-07-07,390,1.0
NDX,2016-07-08,390,1.0
NDX,2016-07-11,390,1.0
NDX,2016-07-12,390,1.0
NDX,2016-07-13,390,1.0
NDX,2016-07-14,390,1.0
NDX,2016-07-15,390,1.0
NDX,2016-07-18,390,1.0
NDX,2016-07-19,390,1.0
NDX,2016-07-20,390,1.0
NDX,2016-07-21,390,1.0
NDX,2016-07-22,390,1.0
NDX,2016-07-25,390,1.0
NDX,2016-07-26,390,1.0
NDX,2016-07-27,390,1.0
NDX,2016-07-28,390,1.0
NDX,2016-07-29,390,1.0
NDX,2016-08-01,390,1.0
NDX,2016-08-02,390,1.0
NDX,2016-08-03,390,1.0
NDX,2016-08-04,390,1.0
NDX,2016-08-05,390,1.0
NDX,2016-08-08,390,1.0
NDX,2016-08-09,390,1.0
NDX,2016-08-10,390,1.0
NDX,2016-08-11,390,1.0
NDX,2016-08-12,390,1.0
NDX,2016-08-15,390,1.0
NDX,2016-08-16,390,1.0
NDX,2016-08-17,390,1.0
NDX,2016-08-18,390,1.0
NDX,2016-08-19,390,1.0
NDX,2016-08-22,390,1.0
NDX,2016-08-23,390,1.0
NDX,2016-08-24,390,1.0
NDX,2016-08-25,390,1.0
NDX,2016-08-26,390,1.0
NDX,2016-08-29,390,1.0
NDX,2016-08-30,390,1.0
NDX,2016-08-31,390,1.0
NDX,2016-09-01,390,1.0
NDX,2016-09-02,390,1.0
NDX,2016-09-05,181,0.4641025641025641
NDX,2016-09-06,390,1.0
NDX,2016-09-07,390,1.0
NDX,2016-09-08,390,1.0
NDX,2016-09-09,390,1.0
NDX,2016-09-12,390,1.0
NDX,2016-09-13,390,1.0
NDX,2016-09-14,390,1.0
NDX,2016-09-15,390,1.0
NDX,2016-09-16,390,1.0
NDX,2016-09-19,390,1.0
NDX,2016-09-20,390,1.0
NDX,2016-09-21,390,1.0
NDX,2016-09-22,390,1.0
NDX,2016-09-23,390,1.0
NDX,2016-09-26,390,1.0
NDX,2016-09-27,390,1.0
NDX,2016-09-28,390,1.0
NDX,2016-09-29,390,1.0
NDX,2016-09-30,390,1.0
NDX,2016-10-03,390,1.0
NDX,2016-10-04,390,1.0
NDX,2016-10-05,390,1.0
NDX,2016-10-06,390,1.0
NDX,2016-10-07,390,1.0
NDX,2016-10-10,390,1.0
NDX,2016-10-11,390,1.0
NDX,2016-10-12,390,1.0
NDX,2016-10-13,390,1.0
NDX,2016-10-14,390,1.0
NDX,2016-10-17,390,1.0
NDX,2016-10-18,390,1.0
NDX,2016-10-19,390,1.0
NDX,2016-10-20,390,1.0
NDX,2016-10-21,390,1.0
NDX,2016-10-24,390,1.0
NDX,2016-10-25,390,1.0
NDX,2016-10-26,390,1.0
NDX,2016-10-27,390,1.0
NDX,2016-10-28,390,1.0
NDX,2016-10-31,388,0.9948717948717949
NDX,2016-11-01,390,1.0
NDX,2016-11-02,390,1.0
NDX,2016-11-03,390,1.0
NDX,2016-11-04,390,1.0
NDX,2016-11-07,390,1.0
NDX,2016-11-08,390,1.0
NDX,2016-11-09,390,1.0
NDX,2016-11-10,390,1.0
NDX,2016-11-11,390,1.0
NDX,2016-11-14,390,1.0
NDX,2016-11-15,390,1.0
NDX,2016-11-16,390,1.0
NDX,2016-11-17,390,1.0
NDX,2016-11-18,390,1.0
NDX,2016-11-21,390,1.0
NDX,2016-11-22,388,0.9948717948717949
NDX,2016-11-23,390,1.0
NDX,2016-11-24,181,0.4641025641025641
NDX,2016-11-25,211,0.541025641025641
NDX,2016-11-28,390,1.0
NDX,2016-11-29,390,1.0
NDX,2016-11-30,390,1.0
NDX,2016-12-01,390,1.0
NDX,2016-12-02,390,1.0
NDX,2016-12-05,390,1.0
NDX,2016-12-06,390,1.0
NDX,2016-12-07,390,1.0
NDX,2016-12-08,390,1.0
NDX,2016-12-09,390,1.0
NDX,2016-12-12,390,1.0
NDX,2016-12-13,390,1.0
NDX,2016-12-14,390,1.0
NDX,2016-12-15,390,1.0
NDX,2016-12-16,390,1.0
NDX,2016-12-19,390,1.0
NDX,2016-12-20,390,1.0
NDX,2016-12-21,390,1.0
NDX,2016-12-22,390,1.0
NDX,2016-12-23,390,1.0
NDX,2016-12-27,390,1.0
NDX,2016-12-28,390,1.0
NDX,2016-12-29,390,1.0
NDX,2016-12-30,390,1.0
NDX,2017-01-03,390,1.0
NDX,2017-01-04,390,1.0
NDX,2017-01-05,390,1.0
NDX,2017-01-06,390,1.0
NDX,2017-01-09,390,1.0
NDX,2017-01-10,390,1.0
NDX,2017-01-11,390,1.0
NDX,2017-01-12,390,1.0
NDX,2017-01-13,390,1.0
NDX,2017-01-16,180,0.46153846153846156
NDX,2017-01-17,390,1.0
NDX,2017-01-18,390,1.0
NDX,2017-01-19,390,1.0
NDX,2017-01-20,390,1.0
NDX,2017-01-23,390,1.0
NDX,2017-01-24,390,1.0
NDX,2017-01-25,390,1.0
NDX,2017-01-26,390,1.0
NDX,2017-01-27,390,1.0
NDX,2017-01-30,389,0.9974358974358974
NDX,2017-01-31,390,1.0
NDX,2017-02-01,390,1.0
NDX,2017-02-02,390,1.0
NDX,2017-02-03,390,1.0
NDX,2017-02-06,390,1.0
NDX,2017-02-07,390,1.0
NDX,2017-02-08,390,1.0
NDX,2017-02-09,390,1.0
NDX,2017-02-10,390,1.0
NDX,2017-02-13,390,1.0
NDX,2017-02-14,390,1.0
NDX,2017-02-15,390,1.0
NDX,2017-02-16,390,1.0
NDX,2017-02-17,390,1.0
NDX,2017-02-20,181,0.4641025641025641
NDX,2017-02-21,390,1.0
NDX,2017-02-22,390,1.0
NDX,2017-02-23,390,1.0
NDX,2017-02-24,390,1.0
NDX,2017-02-27,390,1.0
NDX,2017-02-28,390,1.0
NDX,2017-03-01,390,1.0
NDX,2017-03-02,390,1.0
NDX,2017-03-03,390,1.0
NDX,2017-03-06,390,1.0
NDX,2017-03-07,390,1.0
NDX,2017-03-08,390,1.0
NDX,2017-03-09,390,1.0
NDX,2017-03-10,390,1.0
NDX,2017-03-13,390,1.0
NDX,2017-03-14,390,1.0
NDX,2017-03-15,390,1.0
NDX,2017-03-16,390,1.0
NDX,2017-03-17,390,1.0
NDX,2017-03-20,390,1.0
NDX,2017-03-21,390,1.0
NDX,2017-03-22,390,1.0
NDX,2017-03-23,390,1.0
NDX,2017-03-24,390,1.0
NDX,2017-03-27,390,1.0
NDX,2017-03-28,390,1.0
NDX,2017-03-29,389,0.9974358974358974
NDX,2017-03-30,390,1.0
NDX,2017-03-31,390,1.0
NDX,2017-04-03,390,1.0
NDX,2017-04-04,390,1.0
NDX,2017-04-05,390,1.0
NDX,2017-04-06,390,1.0
NDX,2017-04-07,390,1.0
NDX,2017-04-10,390,1.0
NDX,2017-04-11,390,1.0
NDX,2017-04-12,390,1.0
NDX,2017-04-13,390,1.0
NDX,2017-04-17,390,1.0
NDX,2017-04-18,390,1.0
NDX,2017-04-19,390,1.0
NDX,2017-04-20,390,1.0
NDX,2017-04-21,390,1.0
NDX,2017-04-24,390,1.0
NDX,2017-04-25,390,1.0
NDX,2017-04-26,390,1.0
NDX,2017-04-27,390,1.0
NDX,2017-04-28,390,1.0
NDX,2017-05-01,390,1.0
NDX,2017-05-02,390,1.0
NDX,2017-05-03,390,1.0
NDX,2017-05-04,390,1.0
NDX,2017-05-05,390,1.0
NDX,2017-05-08,390,1.0
NDX,2017-05-09,390,1.0
NDX,2017-05-10,390,1.0
NDX,2017-05-11,390,1.0
NDX,2017-05-12,390,1.0
NDX,2017-05-15,390,1.0
NDX,2017-05-16,390,1.0
NDX,2017-05-17,390,1.0
NDX,2017-05-18,390,1.0
NDX,2017-05-19,390,1.0
NDX,2017-05-22,390,1.0
NDX,2017-05-23,390,1.0
NDX,2017-05-24,390,1.0
NDX,2017-05-25,390,1.0
NDX,2017-05-26,390,1.0
NDX,2017-05-29,183,0.46923076923076923
NDX,2017-05-30,390,1.0
NDX,2017-05-31,390,1.0
NDX,2017-06-01,390,1.0
NDX,2017-06-02,390,1.0
NDX,2017-06-05,390,1.0
NDX,2017-06-06,390,1.0
NDX,2017-06-07,390,1.0
NDX,2017-06-08,390,1.0
NDX,2017-06-09,390,1.0
NDX,2017-06-12,390,1.0
NDX,2017-06-13,390,1.0
NDX,2017-06-14,390,1.0
NDX,2017-06-15,390,1.0
NDX,2017-06-16,390,1.0
NDX,2017-06-19,390,1.0
NDX,2017-06-20,390,1.0
NDX,2017-06-21,390,1.0
NDX,2017-06-22,390,1.0
NDX,2017-06-23,390,1.0
NDX,2017-06-26,390,1.0
NDX,2017-06-27,390,1.0
NDX,2017-06-28,390,1.0
NDX,2017-06-29,390,1.0
NDX,2017-06-30,390,1.0
NDX,2017-07-03,136,0.3487179487179487
NDX,2017-07-04,195,0.5
NDX,2017-07-05,390,1.0
NDX,2017-07-06,390,1.0
NDX,2017-07-07,390,1.0
NDX,2017-07-10,390,1.0
NDX,2017-07-11,390,1.0
NDX,2017-07-12,390,1.0
NDX,2017-07-13,390,1.0
NDX,2017-07-14,389,0.9974358974358974
NDX,2017-07-17,390,1.0
NDX,2017-07-18,390,1.0
NDX,2017-07-19,390,1.0
NDX,2017-07-20,390,1.0
NDX,2017-07-21,390,1.0
NDX,2017-07-24,390,1.0
NDX,2017-07-25,390,1.0
NDX,2017-07-26,390,1.0
NDX,2017-07-27,390,1.0
NDX,2017-07-28,390,1.0
NDX,2017-07-31,390,1.0
NDX,2017-08-01,390,1.0
NDX,2017-08-02,390,1.0
NDX,2017-08-03,390,1.0
NDX,2017-08-04,390,1.0
NDX,2017-08-07,390,1.0
NDX,2017-08-08,390,1.0
NDX,2017-08-09,390,1.0
NDX,2017-08-10,390,1.0
NDX,2017-08-11,390,1.0
NDX,2017-08-14,390,1.0
NDX,2017-08-15,390,1.0
NDX,2017-08-16,390,1.0
NDX,2017-08-17,390,1.0
NDX,2017-08-18,390,1.0
NDX,2017-08-21,390,1.0
NDX,2017-08-22,390,1.0
NDX,2017-08-23,390,1.0
NDX,2017-08-24,390,1.0
NDX,2017-08-25,390,1.0
NDX,2017-08-28,390,1.0
NDX,2017-08-29,390,1.0
NDX,2017-08-30,390,1.0
NDX,2017-08-31,390,1.0
NDX,2017-09-01,390,1.0
NDX,2017-09-04,176,0.4512820512820513
NDX,2017-09-05,390,1.0
NDX,2017-09-06,390,1.0
NDX,2017-09-07,390,1.0
NDX,2017-09-08,390,1.0
NDX,2017-09-11,390,1.0
NDX,2017-09-12,390,1.0
NDX,2017-09-13,390,1.0
NDX,2017-09-14,390,1.0
NDX,2017-09-15,390,1.0
NDX,2017-09-18,390,1.0
NDX,2017-09-19,390,1.0
NDX,2017-09-20,390,1.0
NDX,2017-09-21,390,1.0
NDX,2017-09-22,390,1.0
NDX,2017-09-25,390,1.0
NDX,2017-09-26,390,1.0
NDX,2017-09-27,390,1.0
NDX,2017-09-28,390,1.0
NDX,2017-09-29,390,1.0
NDX,2017-10-02,390,1.0
NDX,2017-10-03,390,1.0
NDX,2017-10-04,390,1.0
NDX,2017-10-05,390,1.0
NDX,2017-10-06,390,1.0
NDX,2017-10-09,390,1.0
NDX,2017-10-10,390,1.0
NDX,2017-10-11,390,1.0
NDX,2017-10-12,389,0.9974358974358974
NDX,2017-10-13,390,1.0
NDX,2017-10-16,390,1.0
NDX,2017-10-17,390,1.0
NDX,2017-10-18,390,1.0
NDX,2017-10-19,390,1.0
NDX,2017-10-20,390,1.0
NDX,2017-10-23,390,1.0
NDX,2017-10-24,390,1.0
NDX,2017-10-25,390,1.0
NDX,2017-10-26,390,1.0
NDX,2017-10-27,390,1.0
NDX,2017-10-30,390,1.0
NDX,2017-10-31,390,1.0
NDX,2017-11-01,390,1.0
NDX,2017-11-02,390,1.0
NDX,2017-11-03,390,1.0
NDX,2017-11-06,390,1.0
NDX,2017-11-07,390,1.0
NDX,2017-11-08,390,1.0
NDX,2017-11-15,390,1.0
NDX,2017-11-16,390,1.0
NDX,2017-11-17,390,1.0
NDX,2017-11-20,390,1.0
NDX,2017-11-21,390,1.0
NDX,2017-11-22,390,1.0
NDX,2017-11-23,188,0.48205128205128206
NDX,2017-11-24,225,0.5769230769230769
NDX,2017-11-27,390,1.0
NDX,2017-11-28,390,1.0
NDX,2017-11-29,390,1.0
NDX,2017-11-30,390,1.0
NDX,2017-12-01,390,1.0
NDX,2017-12-04,390,1.0
NDX,2017-12-05,390,1.0
NDX,2017-12-06,390,1.0
NDX,2017-12-07,390,1.0
NDX,2017-12-08,390,1.0
NDX,2017-12-11,390,1.0
NDX,2017-12-12,390,1.0
NDX,2017-12-13,390,1.0
NDX,2017-12-14,390,1.0
NDX,2017-12-15,390,1.0
NDX,2017-12-18,390,1.0
NDX,2017-12-19,390,1.0
NDX,2017-12-20,390,1.0
NDX,2017-12-21,390,1.0
NDX,2017-12-22,390,1.0
NDX,2017-12-26,390,1.0
NDX,2017-12-27,390,1.0
NDX,2017-12-28,390,1.0
NDX,2017-12-29,390,1.0
NDX,2018-01-02,390,1.0
NDX,2018-01-03,390,1.0
NDX,2018-01-04,390,1.0
NDX,2018-01-05,390,1.0
NDX,2018-01-08,390,1.0
NDX,2018-01-09,390,1.0
NDX,2018-01-10,390,1.0
NDX,2018-01-11,390,1.0
NDX,2018-01-12,390,1.0
NDX,2018-01-15,209,0.5358974358974359
NDX,2018-01-16,390,1.0
NDX,2018-01-17,390,1.0
NDX,2018-01-18,390,1.0
NDX,2018-01-19,390,1.0
NDX,2018-01-22,390,1.0
NDX,2018-01-23,390,1.0
NDX,2018-01-24,390,1.0
NDX,2018-01-25,390,1.0
NDX,2018-01-26,390,1.0
NDX,2018-01-29,390,1.0
NDX,2018-01-30,390,1.0
NDX,2018-01-31,390,1.0
NDX,2018-02-01,390,1.0
NDX,2018-02-02,380,0.9743589743589743
NDX,2018-02-05,390,1.0
NDX,2018-02-06,390,1.0
NDX,2018-02-07,390,1.0
NDX,2018-02-08,390,1.0
NDX,2018-02-09,390,1.0
NDX,2018-02-12,390,1.0
NDX,2018-02-13,374,0.958974358974359
NDX,2018-02-14,374,0.958974358974359
NDX,2018-02-15,387,0.9923076923076923
NDX,2018-02-16,390,1.0
NDX,2018-02-19,210,0.5384615384615384
NDX,2018-02-20,390,1.0
NDX,2018-02-21,390,1.0
NDX,2018-02-22,390,1.0
NDX,2018-02-23,390,1.0
NDX,2018-02-26,390,1.0
NDX,2018-02-27,390,1.0
NDX,2018-02-28,390,1.0
NDX,2018-03-01,390,1.0
NDX,2018-03-02,390,1.0
NDX,2018-03-05,390,1.0
NDX,2018-03-06,390,1.0
NDX,2018-03-07,389,0.9974358974358974
NDX,2018-03-08,390,1.0
NDX,2018-03-09,390,1.0
NDX,2018-03-12,390,1.0
NDX,2018-03-13,390,1.0
NDX,2018-03-14,390,1.0
NDX,2018-03-15,390,1.0
NDX,2018-03-16,390,1.0
NDX,2018-03-19,390,1.0
NDX,2018-03-20,390,1.0
NDX,2018-03-21,390,1.0
NDX,2018-03-22,390,1.0
NDX,2018-03-23,390,1.0
NDX,2018-03-26,390,1.0
NDX,2018-03-27,390,1.0
NDX,2018-03-28,390,1.0
NDX,2018-03-29,390,1.0
NDX,2018-04-02,390,1.0
NDX,2018-04-03,390,1.0
NDX,2018-04-04,390,1.0
NDX,2018-04-05,390,1.0
NDX,2018-04-06,390,1.0
NDX,2018-04-09,390,1.0
NDX,2018-04-10,390,1.0
NDX,2018-04-12,390,1.0
NDX,2018-04-13,390,1.0
NDX,2018-04-16,390,1.0
NDX,2018-04-17,390,1.0
NDX,2018-04-18,390,1.0
NDX,2018-04-19,390,1.0
NDX,2018-04-20,390,1.0
NDX,2018-04-23,390,1.0
NDX,2018-04-24,390,1.0
NDX,2018-04-25,390,1.0
NDX,2018-04-26,390,1.0
NDX,2018-04-27,390,1.0
NDX,2018-04-30,390,1.0
NDX,2018-05-01,390,1.0
NDX,2018-05-02,390,1.0
NDX,2018-05-03,390,1.0
NDX,2018-05-04,390,1.0
NDX,2018-05-07,390,1.0
NDX,2018-05-08,390,1.0
NDX,2018-05-09,390,1.0
NDX,2018-05-10,390,1.0
NDX,2018-05-11,390,1.0
NDX,2018-05-14,390,1.0
NDX,2018-05-15,390,1.0
NDX,2018-05-16,390,1.0
NDX,2018-05-17,390,1.0
NDX,2018-05-18,390,1.0
NDX,2018-05-21,390,1.0
NDX,2018-05-22,390,1.0
NDX,2018-05-23,390,1.0
NDX,2018-05-24,390,1.0
NDX,2018-05-25,390,1.0
NDX,2018-05-28,210,0.5384615384615384
NDX,2018-05-29,390,1.0
NDX,2018-05-30,390,1.0
NDX,2018-05-31,390,1.0
NDX,2018-06-01,390,1.0
NDX,2018-06-04,390,1.0
NDX,2018-06-05,388,0.9948717948717949
NDX,2018-06-06,390,1.0
NDX,2018-06-07,390,1.0
NDX,2018-06-08,390,1.0
NDX,2018-06-11,390,1.0
NDX,2018-06-12,390,1.0
NDX,2018-06-13,390,1.0
NDX,2018-06-14,390,1.0
NDX,2018-06-15,390,1.0
NDX,2018-06-18,390,1.0
NDX,2018-06-19,390,1.0
NDX,2018-06-20,390,1.0
NDX,2018-06-21,390,1.0
NDX,2018-06-22,390,1.0
NDX,2018-06-25,390,1.0
NDX,2018-06-26,390,1.0
NDX,2018-06-27,390,1.0
NDX,2018-06-28,390,1.0
NDX,2018-06-29,390,1.0
NDX,2018-07-02,390,1.0
NDX,2018-07-03,225,0.5769230769230769
NDX,2018-07-04,208,0.5333333333333333
NDX,2018-07-05,390,1.0
NDX,2018-07-06,390,1.0
NDX,2018-07-09,390,1.0
NDX,2018-07-10,390,1.0
NDX,2018-07-11,387,0.9923076923076923
NDX,2018-07-12,386,0.9897435897435898
NDX,2018-07-13,388,0.9948717948717949
NDX,2018-07-16,382,0.9794871794871794
NDX,2018-07-17,385,0.9871794871794872
NDX,2018-07-18,389,0.9974358974358974
NDX,2018-07-19,390,1.0
NDX,2018-07-20,390,1.0
NDX,2018-07-23,390,1.0
NDX,2018-07-24,390,1.0
NDX,2018-07-25,390,1.0
NDX,2018-07-26,390,1.0
NDX,2018-07-27,390,1.0
NDX,2018-07-30,390,1.0
NDX,2018-07-31,390,1.0
NDX,2018-08-01,390,1.0
NDX,2018-08-02,390,1.0
NDX,2018-08-03,390,1.0
NDX,2018-08-06,390,1.0
NDX,2018-08-07,390,1.0
NDX,2018-08-08,390,1.0
NDX,2018-08-09,390,1.0
NDX,2018-08-10,390,1.0
NDX,2018-08-13,390,1.0
NDX,2018-08-14,390,1.0
NDX,2018-08-15,390,1.0
NDX,2018-08-16,390,1.0
NDX,2018-08-17,390,1.0
NDX,2018-08-20,390,1.0
NDX,2018-08-21,390,1.0
NDX,2018-08-22,390,1.0
NDX,2018-08-23,390,1.0
NDX,2018-08-24,390,1.0
NDX,2018-08-27,390,1.0
NDX,2018-08-28,390,1.0
NDX,2018-08-29,390,1.0
NDX,2018-08-30,387,0.9923076923076923
NDX,2018-08-31,390,1.0
NDX,2018-09-03,210,0.5384615384615384
NDX,2018-09-04,390,1.0
NDX,2018-09-05,390,1.0
NDX,2018-09-06,390,1.0
NDX,2018-09-07,390,1.0
NDX,2018-09-10,390,1.0
NDX,2018-09-11,390,1.0
NDX,2018-09-12,390,1.0
NDX,2018-09-13,390,1.0
NDX,2018-09-14,390,1.0
NDX,2018-09-17,390,1.0
NDX,2018-09-18,390,1.0
NDX,2018-09-19,390,1.0
NDX,2018-09-20,390,1.0
NDX,2018-09-21,390,1.0
NDX,2018-09-24,390,1.0
NDX,2018-09-25,390,1.0
NDX,2018-09-26,390,1.0
NDX,2018-09-27,390,1.0
NDX,2018-09-28,390,1.0
NDX,2018-10-01,390,1.0
NDX,2018-10-02,390,1.0
NDX,2018-10-03,390,1.0
NDX,2018-10-04,390,1.0
NDX,2018-10-05,390,1.0
NDX,2018-10-08,390,1.0
NDX,2018-10-09,390,1.0
NDX,2018-10-10,390,1.0
NDX,2018-10-11,390,1.0
NDX,2018-10-12,390,1.0
NDX,2018-10-15,390,1.0
NDX,2018-10-16,390,1.0
NDX,2018-10-17,390,1.0
NDX,2018-10-18,390,1.0
NDX,2018-10-19,390,1.0
NDX,2018-10-22,390,1.0
NDX,2018-10-23,390,1.0
NDX,2018-10-24,390,1.0
NDX,2018-10-25,390,1.0
NDX,2018-10-26,390,1.0
NDX,2018-10-29,390,1.0
NDX,2018-10-30,390,1.0
NDX,2018-10-31,390,1.0
NDX,2018-11-01,390,1.0
NDX,2018-11-02,390,1.0
NDX,2018-11-05,390,1.0
NDX,2018-11-06,390,1.0
NDX,2018-11-07,390,1.0
NDX,2018-11-08,390,1.0
NDX,2018-11-09,390,1.0
NDX,2018-11-12,390,1.0
NDX,2018-11-13,390,1.0
NDX,2018-11-14,390,1.0
NDX,2018-11-15,390,1.0
NDX,2018-11-16,390,1.0
NDX,2018-11-19,390,1.0
NDX,2018-11-20,390,1.0
NDX,2018-11-21,390,1.0
NDX,2018-11-22,210,0.5384615384615384
NDX,2018-11-23,225,0.5769230769230769
NDX,2018-11-26,390,1.0
NDX,2018-11-27,390,1.0
NDX,2018-11-28,390,1.0
NDX,2018-11-29,390,1.0
NDX,2018-11-30,390,1.0
NDX,2018-12-03,390,1.0
NDX,2018-12-04,390,1.0
NDX,2018-12-06,390,1.0
NDX,2018-12-07,390,1.0
NDX,2018-12-10,390,1.0
NDX,2018-12-11,390,1.0
NDX,2018-12-12,390,1.0
NDX,2018-12-13,390,1.0
NDX,2018-12-14,390,1.0
NDX,2018-12-17,390,1.0
NDX,2018-12-18,390,1.0
NDX,2018-12-19,390,1.0
NDX,2018-12-20,390,1.0
NDX,2018-12-21,390,1.0
NDX,2018-12-24,225,0.5769230769230769
NDX,2018-12-26,390,1.0
NDX,2018-12-27,390,1.0
NDX,2018-12-28,390,1.0
NDX,2018-12-31,390,1.0
NDX,2019-01-02,390,1.0
NDX,2019-01-03,390,1.0
NDX,2019-01-04,390,1.0
NDX,2019-01-07,390,1.0
NDX,2019-01-08,390,1.0
NDX,2019-01-09,390,1.0
NDX,2019-01-10,390,1.0
NDX,2019-01-11,390,1.0
NDX,2019-01-14,390,1.0
NDX,2019-01-15,390,1.0
NDX,2019-01-16,390,1.0
NDX,2019-01-17,390,1.0
NDX,2019-01-18,390,1.0
NDX,2019-01-21,210,0.5384615384615384
NDX,2019-01-22,390,1.0
NDX,2019-01-23,390,1.0
NDX,2019-01-24,390,1.0
NDX,2019-01-25,382,0.9794871794871794
NDX,2019-01-28,390,1.0
NDX,2019-01-29,390,1.0
NDX,2019-01-30,390,1.0
NDX,2019-01-31,390,1.0
NDX,2019-02-01,390,1.0
NDX,2019-02-04,390,1.0
NDX,2019-02-05,390,1.0
NDX,2019-02-06,390,1.0
NDX,2019-02-07,390,1.0
NDX,2019-02-08,390,1.0
NDX,2019-02-11,390,1.0
NDX,2019-02-12,390,1.0
NDX,2019-02-13,390,1.0
NDX,2019-02-14,390,1.0
NDX,2019-02-15,390,1.0
NDX,2019-02-18,210,0.5384615384615384
NDX,2019-02-19,390,1.0
NDX,2019-02-20,390,1.0
NDX,2019-02-21,390,1.0
NDX,2019-02-22,390,1.0
NDX,2019-02-25,390,1.0
NDX,2019-02-26,390,1.0
NDX,2019-02-27,390,1.0
NDX,2019-02-28,390,1.0
NDX,2019-03-01,390,1.0
NDX,2019-03-04,390,1.0
NDX,2019-03-05,390,1.0
NDX,2019-03-06,390,1.0
NDX,2019-03-07,390,1.0
NDX,2019-03-08,390,1.0
NDX,2019-03-11,390,1.0
NDX,2019-03-12,390,1.0
NDX,2019-03-13,390,1.0
NDX,2019-03-14,390,1.0
NDX,2019-03-15,390,1.0
NDX,2019-03-18,390,1.0
NDX,2019-03-19,390,1.0
NDX,2019-03-20,390,1.0
NDX,2019-03-21,390,1.0
NDX,2019-03-22,390,1.0
NDX,2019-03-25,390,1.0
NDX,2019-03-26,390,1.0
NDX,2019-03-27,390,1.0
NDX,2019-03-28,390,1.0
NDX,2019-03-29,390,1.0
NDX,2019-04-01,390,1.0
NDX,2019-04-02,390,1.0
NDX,2019-04-03,390,1.0
NDX,2019-04-04,390,1.0
NDX,2019-04-05,390,1.0
NDX,2019-04-08,390,1.0
NDX,2019-04-09,390,1.0
NDX,2019-04-10,390,1.0
NDX,2019-04-11,390,1.0
NDX,2019-04-12,390,1.0
NDX,2019-04-15,390,1.0
NDX,2019-04-16,390,1.0
NDX,2019-04-17,390,1.0
NDX,2019-04-18,390,1.0
NDX,2019-04-22,390,1.0
NDX,2019-04-23,390,1.0
NDX,2019-04-24,390,1.0
NDX,2019-04-25,390,1.0
NDX,2019-04-26,390,1.0
NDX,2019-04-29,390,1.0
NDX,2019-04-30,390,1.0
NDX,2019-05-01,390,1.0
NDX,2019-05-02,390,1.0
NDX,2019-05-03,390,1.0
NDX,2019-05-06,390,1.0
NDX,2019-05-07,390,1.0
NDX,2019-05-08,390,1.0
NDX,2019-05-09,390,1.0
NDX,2019-05-10,390,1.0
NDX,2019-05-13,390,1.0
NDX,2019-05-14,390,1.0
NDX,2019-05-15,390,1.0
NDX,2019-05-16,390,1.0
NDX,2019-05-17,390,1.0
NDX,2019-05-20,390,1.0
NDX,2019-05-21,390,1.0
NDX,2019-05-22,390,1.0
NDX,2019-05-23,390,1.0
NDX,2019-05-24,390,1.0
NDX,2019-05-27,210,0.5384615384615384
NDX,2019-05-28,390,1.0
NDX,2019-05-29,390,1.0
NDX,2019-05-30,390,1.0
NDX,2019-05-31,390,1.0
NDX,2019-06-03,390,1.0
NDX,2019-06-04,390,1.0
NDX,2019-06-05,390,1.0
NDX,2019-06-06,390,1.0
NDX,2019-06-07,390,1.0
NDX,2019-06-10,390,1.0
NDX,2019-06-11,390,1.0
NDX,2019-06-12,390,1.0
NDX,2019-06-13,390,1.0
NDX,2019-06-14,390,1.0
NDX,2019-06-17,390,1.0
NDX,2019-06-18,390,1.0
NDX,2019-06-19,390,1.0
NDX,2019-06-20,390,1.0
NDX,2019-06-21,390,1.0
NDX,2019-06-24,390,1.0
NDX,2019-06-25,390,1.0
NDX,2019-06-26,390,1.0
NDX,2019-06-27,390,1.0
NDX,2019-06-28,390,1.0
NDX,2019-07-01,390,1.0
NDX,2019-07-02,390,1.0
NDX,2019-07-03,226,0.5794871794871795
NDX,2019-07-04,211,0.541025641025641
NDX,2019-07-05,390,1.0
NDX,2019-07-08,390,1.0
NDX,2019-07-09,390,1.0
NDX,2019-07-10,390,1.0
NDX,2019-07-11,390,1.0
NDX,2019-07-12,390,1.0
NDX,2019-07-15,390,1.0
NDX,2019-07-16,390,1.0
NDX,2019-07-17,390,1.0
NDX,2019-07-18,390,1.0
NDX,2019-07-19,390,1.0
NDX,2019-07-22,390,1.0
NDX,2019-07-23,390,1.0
NDX,2019-07-24,390,1.0
NDX,2019-07-25,390,1.0
NDX,2019-07-26,390,1.0
NDX,2019-07-29,390,1.0
NDX,2019-07-30,390,1.0
NDX,2019-07-31,390,1.0
NDX,2019-08-01,390,1.0
NDX,2019-08-02,390,1.0
NDX,2019-08-05,390,1.0
NDX,2019-08-06,390,1.0
NDX,2019-08-07,390,1.0
NDX,2019-08-08,390,1.0
NDX,2019-08-09,390,1.0
NDX,2019-08-12,390,1.0
NDX,2019-08-13,390,1.0
NDX,2019-08-14,390,1.0
NDX,2019-08-15,390,1.0
NDX,2019-08-16,390,1.0
NDX,2019-08-19,390,1.0
NDX,2019-08-20,390,1.0
NDX,2019-08-21,390,1.0
NDX,2019-08-22,390,1.0
NDX,2019-08-23,390,1.0
NDX,2019-08-26,390,1.0
NDX,2019-08-27,390,1.0
NDX,2019-08-28,390,1.0
NDX,2019-08-29,390,1.0
NDX,2019-08-30,390,1.0
NDX,2019-09-02,211,0.541025641025641
NDX,2019-09-03,390,1.0
NDX,2019-09-04,390,1.0
NDX,2019-09-05,390,1.0
NDX,2019-09-06,390,1.0
NDX,2019-09-09,390,1.0
NDX,2019-09-10,390,1.0
NDX,2019-09-11,390,1.0
NDX,2019-09-12,390,1.0
NDX,2019-09-13,390,1.0
NDX,2019-09-16,390,1.0
NDX,2019-09-17,390,1.0
NDX,2019-09-18,390,1.0
NDX,2019-09-19,390,1.0
NDX,2019-09-20,390,1.0
NDX,2019-09-23,390,1.0
NDX,2019-09-24,390,1.0
NDX,2019-09-25,390,1.0
NDX,2019-09-26,390,1.0
NDX,2019-09-27,390,1.0
NDX,2019-09-30,390,1.0
NDX,2019-10-01,390,1.0
NDX,2019-10-02,389,0.9974358974358974
NDX,2019-10-03,390,1.0
NDX,2019-10-04,390,1.0
NDX,2019-10-07,390,1.0
NDX,2019-10-08,390,1.0
NDX,2019-10-09,390,1.0
NDX,2019-10-10,390,1.0
NDX,2019-10-11,390,1.0
NDX,2019-10-14,390,1.0
NDX,2019-10-15,390,1.0
NDX,2019-10-16,390,1.0
NDX,2019-10-17,390,1.0
NDX,2019-10-18,390,1.0
NDX,2019-10-21,390,1.0
NDX,2019-10-22,390,1.0
NDX,2019-10-23,390,1.0
NDX,2019-10-24,390,1.0
NDX,2019-10-25,390,1.0
NDX,2019-10-28,390,1.0
NDX,2019-10-29,390,1.0
NDX,2019-10-30,390,1.0
NDX,2019-10-31,390,1.0
NDX,2019-11-01,390,1.0
NDX,2019-11-04,390,1.0
NDX,2019-11-05,390,1.0
NDX,2019-11-06,390,1.0
NDX,2019-11-07,390,1.0
NDX,2019-11-08,390,1.0
NDX,2019-11-11,390,1.0
NDX,2019-11-12,390,1.0
NDX,2019-11-13,390,1.0
NDX,2019-11-14,390,1.0
NDX,2019-11-15,390,1.0
NDX,2019-11-18,390,1.0
NDX,2019-11-19,390,1.0
NDX,2019-11-20,390,1.0
NDX,2019-11-21,390,1.0
NDX,2019-11-22,390,1.0
NDX,2019-11-25,390,1.0
NDX,2019-11-26,390,1.0
NDX,2019-11-27,390,1.0
NDX,2019-11-28,209,0.5358974358974359
NDX,2019-11-29,226,0.5794871794871795
NDX,2019-12-02,390,1.0
NDX,2019-12-03,390,1.0
NDX,2019-12-04,390,1.0
NDX,2019-12-05,390,1.0
NDX,2019-12-06,390,1.0
NDX,2019-12-09,390,1.0
NDX,2019-12-10,390,1.0
NDX,2019-12-11,390,1.0
NDX,2019-12-12,390,1.0
NDX,2019-12-13,390,1.0
NDX,2019-12-16,390,1.0
NDX,2019-12-17,390,1.0
NDX,2019-12-18,390,1.0
NDX,2019-12-19,390,1.0
NDX,2019-12-20,390,1.0
NDX,2019-12-23,390,1.0
NDX,2019-12-24,225,0.5769230769230769
NDX,2019-12-26,390,1.0
NDX,2019-12-27,390,1.0
NDX,2019-12-30,390,1.0
NDX,2019-12-31,390,1.0
NDX,2020-01-02,389,0.9974358974358974
NDX,2020-01-03,390,1.0
NDX,2020-01-06,390,1.0
NDX,2020-01-07,390,1.0
NDX,2020-01-08,390,1.0
NDX,2020-01-09,390,1.0
NDX,2020-01-10,390,1.0
NDX,2020-01-13,390,1.0
NDX,2020-01-14,390,1.0
NDX,2020-01-15,390,1.0
NDX,2020-01-16,390,1.0
NDX,2020-01-17,390,1.0
NDX,2020-01-20,207,0.5307692307692308
NDX,2020-01-21,390,1.0
NDX,2020-01-22,390,1.0
NDX,2020-01-23,390,1.0
NDX,2020-01-24,390,1.0
NDX,2020-01-27,390,1.0
NDX,2020-01-28,390,1.0
NDX,2020-01-29,390,1.0
NDX,2020-01-30,390,1.0
NDX,2020-01-31,390,1.0
NDX,2020-02-03,389,0.9974358974358974
NDX,2020-02-04,390,1.0
NDX,2020-02-05,390,1.0
NDX,2020-02-06,390,1.0
NDX,2020-02-07,390,1.0
NDX,2020-02-10,390,1.0
NDX,2020-02-11,390,1.0
NDX,2020-02-12,390,1.0
NDX,2020-02-13,390,1.0
NDX,2020-02-14,390,1.0
NDX,2020-02-17,210,0.5384615384615384
NDX,2020-02-18,390,1.0
NDX,2020-02-19,390,1.0
NDX,2020-02-20,390,1.0
NDX,2020-02-21,390,1.0
NDX,2020-02-24,390,1.0
NDX,2020-02-25,390,1.0
NDX,2020-02-26,390,1.0
NDX,2020-02-27,390,1.0
NDX,2020-02-28,390,1.0
NDX,2020-03-02,390,1.0
NDX,2020-03-03,390,1.0
NDX,2020-03-04,390,1.0
NDX,2020-03-05,390,1.0
NDX,2020-03-06,390,1.0
NDX,2020-03-09,372,0.9538461538461539
NDX,2020-03-10,390,1.0
NDX,2020-03-11,390,1.0
NDX,2020-03-12,377,0.9666666666666667
NDX,2020-03-13,390,1.0
NDX,2020-03-16,374,0.958974358974359
NDX,2020-03-17,389,0.9974358974358974
NDX,2020-03-18,377,0.9666666666666667
NDX,2020-03-19,390,1.0
NDX,2020-03-20,390,1.0
NDX,2020-03-23,390,1.0
NDX,2020-03-24,390,1.0
NDX,2020-03-25,390,1.0
NDX,2020-03-26,390,1.0
NDX,2020-03-27,390,1.0
NDX,2020-03-30,390,1.0
NDX,2020-03-31,390,1.0
NDX,2020-04-01,390,1.0
NDX,2020-04-02,390,1.0
NDX,2020-04-03,390,1.0
NDX,2020-04-06,390,1.0
NDX,2020-04-07,390,1.0
NDX,2020-04-08,390,1.0
NDX,2020-04-09,390,1.0
NDX,2020-04-13,390,1.0
NDX,2020-04-14,390,1.0
NDX,2020-04-15,390,1.0
NDX,2020-04-16,390,1.0
NDX,2020-04-17,390,1.0
NDX,2020-04-20,390,1.0
NDX,2020-04-21,390,1.0
NDX,2020-04-22,390,1.0
NDX,2020-04-23,390,1.0
NDX,2020-04-24,390,1.0
NDX,2020-04-27,390,1.0
NDX,2020-04-28,390,1.0
NDX,2020-04-29,390,1.0
NDX,2020-04-30,390,1.0
NDX,2020-05-01,390,1.0
NDX,2020-05-04,390,1.0
NDX,2020-05-05,390,1.0
NDX,2020-05-06,390,1.0
NDX,2020-05-07,389,0.9974358974358974
NDX,2020-05-08,390,1.0
NDX,2020-05-11,390,1.0
NDX,2020-05-12,390,1.0
NDX,2020-05-13,390,1.0
NDX,2020-05-14,390,1.0
NDX,2020-05-15,390,1.0
NDX,2020-05-18,390,1.0
NDX,2020-05-19,390,1.0
NDX,2020-05-20,390,1.0
NDX,2020-05-21,390,1.0
NDX,2020-05-22,390,1.0
NDX,2020-05-25,210,0.5384615384615384
NDX,2020-05-26,390,1.0
NDX,2020-05-27,390,1.0
NDX,2020-05-28,390,1.0
NDX,2020-05-29,390,1.0
NDX,2020-06-01,390,1.0
NDX,2020-06-02,390,1.0
NDX,2020-06-03,390,1.0
NDX,2020-06-04,390,1.0
NDX,2020-06-05,390,1.0
NDX,2020-06-08,390,1.0
NDX,2020-06-09,390,1.0
NDX,2020-06-10,390,1.0
NDX,2020-06-11,390,1.0
NDX,2020-06-12,390,1.0
NDX,2020-06-15,390,1.0
NDX,2020-06-16,390,1.0
NDX,2020-06-17,390,1.0
NDX,2020-06-18,390,1.0
NDX,2020-06-19,390,1.0
NDX,2020-06-22,390,1.0
NDX,2020-06-23,390,1.0
NDX,2020-06-24,390,1.0
NDX,2020-06-25,390,1.0
NDX,2020-06-26,390,1.0
NDX,2020-06-29,390,1.0
NDX,2020-06-30,390,1.0
NDX,2020-07-01,390,1.0
NDX,2020-07-02,390,1.0
NDX,2020-07-03,210,0.5384615384615384
NDX,2020-07-06,390,1.0
NDX,2020-07-07,390,1.0
NDX,2020-07-08,390,1.0
NDX,2020-07-09,390,1.0
NDX,2020-07-10,390,1.0
NDX,2020-07-13,390,1.0
NDX,2020-07-14,390,1.0
NDX,2020-07-15,390,1.0
NDX,2020-07-16,390,1.0
NDX,2020-07-17,390,1.0
NDX,2020-07-20,390,1.0
NDX,2020-07-21,390,1.0
NDX,2020-07-22,390,1.0
NDX,2020-07-23,390,1.0
NDX,2020-07-24,390,1.0
NDX,2020-07-27,390,1.0
NDX,2020-07-28,390,1.0
NDX,2020-07-29,390,1.0
NDX,2020-07-30,390,1.0
NDX,2020-07-31,390,1.0
NDX,2020-08-03,390,1.0
NDX,2020-08-04,390,1.0
NDX,2020-08-05,390,1.0
NDX,2020-08-06,390,1.0
NDX,2020-08-07,390,1.0
NDX,2020-08-10,390,1.0
NDX,2020-08-11,390,1.0
NDX,2020-08-12,390,1.0
NDX,2020-08-13,390,1.0
NDX,2020-08-14,390,1.0
NDX,2020-08-17,390,1.0
NDX,2020-08-18,390,1.0
NDX,2020-08-19,390,1.0
NDX,2020-08-20,390,1.0
NDX,2020-08-21,390,1.0
NDX,2020-08-24,390,1.0
NDX,2020-08-25,390,1.0
NDX,2020-08-26,390,1.0
NDX,2020-08-27,390,1.0
NDX,2020-08-28,390,1.0
NDX,2020-08-31,390,1.0
NDX,2020-09-01,390,1.0
NDX,2020-09-02,390,1.0
NDX,2020-09-03,390,1.0
NDX,2020-09-04,390,1.0
NDX,2020-09-07,210,0.5384615384615384
NDX,2020-09-08,390,1.0
NDX,2020-09-09,390,1.0
NDX,2020-09-10,390,1.0
NDX,2020-09-11,390,1.0
NDX,2020-09-14,390,1.0
NDX,2020-09-15,390,1.0
NDX,2020-09-16,390,1.0
NDX,2020-09-17,390,1.0
NDX,2020-09-18,390,1.0
NDX,2020-09-21,390,1.0
NDX,2020-09-22,390,1.0
NDX,2020-09-23,390,1.0
NDX,2020-09-24,390,1.0
NDX,2020-09-25,390,1.0
NDX,2020-09-28,390,1.0
NDX,2020-09-29,390,1.0
NDX,2020-09-30,390,1.0
NDX,2020-10-01,390,1.0
NDX,2020-10-02,390,1.0
NDX,2020-10-05,390,1.0
NDX,2020-10-06,390,1.0
NDX,2020-10-07,390,1.0
NDX,2020-10-08,390,1.0
NDX,2020-10-09,390,1.0
NDX,2020-10-12,390,1.0
NDX,2020-10-13,390,1.0
NDX,2020-10-14,390,1.0
NDX,2020-10-15,390,1.0
NDX,2020-10-16,390,1.0
NDX,2020-10-19,390,1.0
NDX,2020-10-20,390,1.0
NDX,2020-10-21,390,1.0
NDX,2020-10-22,390,1.0
NDX,2020-10-23,390,1.0
NDX,2020-10-26,390,1.0
NDX,2020-10-27,390,1.0
NDX,2020-10-28,390,1.0
NDX,2020-10-29,390,1.0
NDX,2020-10-30,390,1.0
NDX,2020-11-02,390,1.0
NDX,2020-11-03,390,1.0
NDX,2020-11-04,390,1.0
NDX,2020-11-05,390,1.0
NDX,2020-11-06,390,1.0
NDX,2020-11-09,390,1.0
NDX,2020-11-10,390,1.0
NDX,2020-11-11,390,1.0
NDX,2020-11-12,390,1.0
NDX,2020-11-13,390,1.0
NDX,2020-11-16,390,1.0
NDX,2020-11-17,390,1.0
NDX,2020-11-18,390,1.0
NDX,2020-11-19,390,1.0
NDX,2020-11-20,390,1.0
NDX,2020-11-23,390,1.0
NDX,2020-11-24,390,1.0
NDX,2020-11-25,390,1.0
NDX,2020-11-26,210,0.5384615384615384
NDX,2020-11-27,225,0.5769230769230769
NDX,2020-11-30,390,1.0
NDX,2020-12-01,390,1.0
NDX,2020-12-02,390,1.0
NDX,2020-12-03,390,1.0
NDX,2020-12-04,390,1.0
NDX,2020-12-07,390,1.0
NDX,2020-12-08,390,1.0
NDX,2020-12-09,390,1.0
NDX,2020-12-10,390,1.0
NDX,2020-12-11,390,1.0
NDX,2020-12-14,390,1.0
NDX,2020-12-15,390,1.0
NDX,2020-12-16,390,1.0
NDX,2020-12-17,390,1.0
NDX,2020-12-18,390,1.0
NDX,2020-12-21,390,1.0
NDX,2020-12-22,390,1.0
NDX,2020-12-23,390,1.0
NDX,2020-12-24,225,0.5769230769230769
NDX,2020-12-28,390,1.0
NDX,2020-12-29,390,1.0
NDX,2020-12-30,390,1.0
NDX,2020-12-31,390,1.0
NDX,2021-01-04,390,1.0
NDX,2021-01-05,390,1.0
NDX,2021-01-06,390,1.0
NDX,2021-01-07,390,1.0
NDX,2021-01-08,390,1.0
NDX,2021-01-11,390,1.0
NDX,2021-01-12,390,1.0
NDX,2021-01-13,390,1.0
NDX,2021-01-14,390,1.0
NDX,2021-01-15,390,1.0
NDX,2021-01-18,210,0.5384615384615384
NDX,2021-01-19,390,1.0
NDX,2021-01-20,390,1.0
NDX,2021-01-21,390,1.0
NDX,2021-01-22,390,1.0
NDX,2021-01-25,390,1.0
NDX,2021-01-26,390,1.0
NDX,2021-01-27,390,1.0
NDX,2021-01-28,390,1.0
NDX,2021-01-29,390,1.0
NDX,2021-02-01,390,1.0
NDX,2021-02-02,390,1.0
NDX,2021-02-03,390,1.0
NDX,2021-02-04,390,1.0
NDX,2021-02-05,390,1.0
NDX,2021-02-08,390,1.0
NDX,2021-02-09,390,1.0
NDX,2021-02-10,390,1.0
NDX,2021-02-11,390,1.0
NDX,2021-02-12,390,1.0
NDX,2021-02-15,210,0.5384615384615384
NDX,2021-02-16,390,1.0
NDX,2021-02-17,390,1.0
NDX,2021-02-18,390,1.0
NDX,2021-02-19,390,1.0
NDX,2021-02-22,390,1.0
NDX,2021-02-23,390,1.0
NDX,2021-02-24,390,1.0
NDX,2021-02-25,390,1.0
NDX,2021-02-26,390,1.0
NDX,2021-03-01,390,1.0
NDX,2021-03-02,390,1.0
NDX,2021-03-03,390,1.0
NDX,2021-03-04,390,1.0
NDX,2021-03-05,390,1.0
NDX,2021-03-08,390,1.0
NDX,2021-03-09,390,1.0
NDX,2021-03-10,390,1.0
NDX,2021-03-11,390,1.0
NDX,2021-03-12,390,1.0
NDX,2021-03-15,390,1.0
NDX,2021-03-16,390,1.0
NDX,2021-03-17,390,1.0
NDX,2021-03-18,390,1.0
NDX,2021-03-19,390,1.0
NDX,2021-03-22,390,1.0
NDX,2021-03-23,390,1.0
NDX,2021-03-24,390,1.0
NDX,2021-03-25,390,1.0
NDX,2021-03-26,390,1.0
NDX,2021-03-29,387,0.9923076923076923
NDX,2021-03-30,390,1.0
NDX,2021-03-31,390,1.0
NDX,2021-04-01,390,1.0
NDX,2021-04-05,390,1.0
NDX,2021-04-06,390,1.0
NDX,2021-04-07,390,1.0
NDX,2021-04-08,390,1.0
NDX,2021-04-09,390,1.0
NDX,2021-04-12,390,1.0
NDX,2021-04-13,390,1.0
NDX,2021-04-14,390,1.0
NDX,2021-04-15,390,1.0
NDX,2021-04-16,390,1.0
NDX,2021-04-19,390,1.0
NDX,2021-04-20,390,1.0
NDX,2021-04-21,390,1.0
NDX,2021-04-22,390,1.0
NDX,2021-04-23,390,1.0
NDX,2021-04-26,390,1.0
NDX,2021-04-27,390,1.0
NDX,2021-04-28,390,1.0
NDX,2021-04-29,390,1.0
NDX,2021-04-30,390,1.0
NDX,2021-05-03,390,1.0
NDX,2021-05-04,390,1.0
NDX,2021-05-05,390,1.0
NDX,2021-05-06,390,1.0
NDX,2021-05-07,390,1.0
NDX,2021-05-10,390,1.0
NDX,2021-05-11,390,1.0
NDX,2021-05-12,390,1.0
NDX,2021-05-13,390,1.0
NDX,2021-05-14,390,1.0
NDX,2021-05-17,390,1.0
NDX,2021-05-18,390,1.0
NDX,2021-05-19,390,1.0
NDX,2021-05-20,390,1.0
NDX,2021-05-21,390,1.0
NDX,2021-05-24,390,1.0
NDX,2021-05-25,390,1.0
NDX,2021-05-26,390,1.0
NDX,2021-05-27,390,1.0
NDX,2021-05-28,390,1.0
NDX,2021-05-31,210,0.5384615384615384
NDX,2021-06-01,390,1.0
NDX,2021-06-02,390,1.0
NDX,2021-06-03,390,1.0
NDX,2021-06-04,390,1.0
NDX,2021-06-07,390,1.0
NDX,2021-06-08,390,1.0
NDX,2021-06-09,390,1.0
NDX,2021-06-10,390,1.0
NDX,2021-06-11,390,1.0
NDX,2021-06-14,390,1.0
NDX,2021-06-15,390,1.0
NDX,2021-06-16,390,1.0
NDX,2021-06-17,390,1.0
NDX,2021-06-18,390,1.0
NDX,2021-06-21,390,1.0
NDX,2021-06-22,390,1.0
NDX,2021-06-23,390,1.0
NDX,2021-06-24,390,1.0
NDX,2021-06-25,390,1.0
NDX,2021-06-28,390,1.0
NDX,2021-06-29,390,1.0
NDX,2021-06-30,390,1.0
NDX,2021-07-01,390,1.0
NDX,2021-07-02,390,1.0
NDX,2021-07-05,210,0.5384615384615384
NDX,2021-07-06,390,1.0
NDX,2021-07-07,390,1.0
NDX,2021-07-08,390,1.0
NDX,2021-07-09,390,1.0
NDX,2021-07-12,390,1.0
NDX,2021-07-13,390,1.0
NDX,2021-07-14,390,1.0
NDX,2021-07-15,390,1.0
NDX,2021-07-16,390,1.0
NDX,2021-07-19,390,1.0
NDX,2021-07-20,390,1.0
NDX,2021-07-21,390,1.0
NDX,2021-07-22,390,1.0
NDX,2021-07-23,390,1.0
NDX,2021-07-26,390,1.0
NDX,2021-07-27,390,1.0
NDX,2021-07-28,390,1.0
NDX,2021-07-29,390,1.0
NDX,2021-07-30,390,1.0
NDX,2021-08-02,390,1.0
NDX,2021-08-03,390,1.0
NDX,2021-08-04,390,1.0
NDX,2021-08-05,390,1.0
NDX,2021-08-06,390,1.0
NDX,2021-08-09,390,1.0
NDX,2021-08-10,390,1.0
NDX,2021-08-11,390,1.0
NDX,2021-08-12,390,1.0
NDX,2021-08-13,390,1.0
NDX,2021-08-16,390,1.0
NDX,2021-08-17,390,1.0
NDX,2021-08-18,390,1.0
NDX,2021-08-19,390,1.0
NDX,2021-08-20,390,1.0
NDX,2021-08-23,390,1.0
NDX,2021-08-24,390,1.0
NDX,2021-08-25,390,1.0
NDX,2021-08-26,390,1.0
NDX,2021-08-27,390,1.0
NDX,2021-08-30,390,1.0
NDX,2021-08-31,390,1.0
NDX,2021-09-01,390,1.0
NDX,2021-09-02,390,1.0
NDX,2021-09-03,390,1.0
NDX,2021-09-06,210,0.5384615384615384
NDX,2021-09-07,390,1.0
NDX,2021-09-08,390,1.0
NDX,2021-09-09,390,1.0
NDX,2021-09-10,390,1.0
NDX,2021-09-13,390,1.0
NDX,2021-09-14,390,1.0
NDX,2021-09-15,390,1.0
NDX,2021-09-16,390,1.0
NDX,2021-09-17,390,1.0
NDX,2021-09-20,390,1.0
NDX,2021-09-21,390,1.0
NDX,2021-09-22,390,1.0
NDX,2021-09-23,390,1.0
NDX,2021-09-24,390,1.0
NDX,2021-09-27,390,1.0
NDX,2021-09-28,390,1.0
NDX,2021-09-29,390,1.0
NDX,2021-09-30,390,1.0
NDX,2021-10-01,390,1.0
NDX,2021-10-04,390,1.0
NDX,2021-10-05,390,1.0
NDX,2021-10-06,390,1.0
NDX,2021-10-07,390,1.0
NDX,2021-10-08,390,1.0
NDX,2021-10-11,390,1.0
NDX,2021-10-12,390,1.0
NDX,2021-10-13,390,1.0
NDX,2021-10-14,390,1.0
NDX,2021-10-15,390,1.0
NDX,2021-10-18,390,1.0
NDX,2021-10-19,390,1.0
NDX,2021-10-20,390,1.0
NDX,2021-10-21,390,1.0
NDX,2021-10-22,390,1.0
NDX,2021-10-25,390,1.0
NDX,2021-10-26,390,1.0
NDX,2021-10-27,390,1.0
NDX,2021-10-28,390,1.0
NDX,2021-10-29,390,1.0
NDX,2021-11-01,390,1.0
NDX,2021-11-02,390,1.0
NDX,2021-11-03,390,1.0
NDX,2021-11-04,390,1.0
NDX,2021-11-05,390,1.0
NDX,2021-11-08,390,1.0
NDX,2021-11-09,390,1.0
NDX,2021-11-10,390,1.0
NDX,2021-11-11,390,1.0
NDX,2021-11-12,390,1.0
NDX,2021-11-15,390,1.0
NDX,2021-11-16,390,1.0
NDX,2021-11-17,390,1.0
NDX,2021-11-18,390,1.0
NDX,2021-11-19,390,1.0
NDX,2021-11-22,390,1.0
NDX,2021-11-23,390,1.0
NDX,2021-11-24,390,1.0
NDX,2021-11-25,209,0.5358974358974359
NDX,2021-11-26,224,0.5743589743589743
NDX,2021-11-29,390,1.0
NDX,2021-11-30,390,1.0
NDX,2021-12-01,390,1.0
NDX,2021-12-02,390,1.0
NDX,2021-12-03,390,1.0
NDX,2021-12-06,390,1.0
NDX,2021-12-07,390,1.0
NDX,2021-12-08,390,1.0
NDX,2021-12-09,390,1.0
NDX,2021-12-10,390,1.0
NDX,2021-12-13,390,1.0
NDX,2021-12-14,388,0.9948717948717949
NDX,2021-12-15,390,1.0
NDX,2021-12-16,390,1.0
NDX,2021-12-17,390,1.0
NDX,2021-12-20,390,1.0
NDX,2021-12-21,390,1.0
NDX,2021-12-22,390,1.0
NDX,2021-12-23,390,1.0
NDX,2021-12-27,390,1.0
NDX,2021-12-28,390,1.0
NDX,2021-12-29,390,1.0
NDX,2021-12-30,390,1.0
NDX,2021-12-31,390,1.0
NDX,2022-01-03,390,1.0
NDX,2022-01-04,390,1.0
NDX,2022-01-05,390,1.0
NDX,2022-01-06,390,1.0
NDX,2022-01-07,390,1.0
NDX,2022-01-10,390,1.0
NDX,2022-01-11,390,1.0
NDX,2022-01-12,390,1.0
NDX,2022-01-13,390,1.0
NDX,2022-01-14,390,1.0
NDX,2022-01-17,209,0.5358974358974359
NDX,2022-01-18,390,1.0
NDX,2022-01-19,390,1.0
NDX,2022-01-20,390,1.0
NDX,2022-01-21,390,1.0
NDX,2022-01-24,390,1.0
NDX,2022-01-25,390,1.0
NDX,2022-01-26,389,0.9974358974358974
NDX,2022-01-27,390,1.0
NDX,2022-01-28,390,1.0
NDX,2022-01-31,390,1.0
NDX,2022-02-01,390,1.0
NDX,2022-02-02,390,1.0
NDX,2022-02-03,390,1.0
NDX,2022-02-04,390,1.0
NDX,2022-02-07,390,1.0
NDX,2022-02-08,390,1.0
NDX,2022-02-09,390,1.0
NDX,2022-02-10,390,1.0
NDX,2022-02-11,390,1.0
NDX,2022-02-14,390,1.0
NDX,2022-02-15,390,1.0
NDX,2022-02-16,390,1.0
NDX,2022-02-17,390,1.0
NDX,2022-02-18,390,1.0
NDX,2022-02-21,209,0.5358974358974359
NDX,2022-02-22,390,1.0
NDX,2022-02-23,390,1.0
NDX,2022-02-24,390,1.0
NDX,2022-02-25,390,1.0
NDX,2022-02-28,390,1.0
NDX,2022-03-01,386,0.9897435897435898
NDX,2022-03-02,390,1.0
NDX,2022-03-03,390,1.0
NDX,2022-03-04,390,1.0
NDX,2022-03-07,390,1.0
NDX,2022-03-08,390,1.0
NDX,2022-03-09,390,1.0
NDX,2022-03-10,390,1.0
NDX,2022-03-11,390,1.0
NDX,2022-03-14,390,1.0
NDX,2022-03-15,390,1.0
NDX,2022-03-16,390,1.0
NDX,2022-03-17,390,1.0
NDX,2022-03-18,390,1.0
NDX,2022-03-21,390,1.0
NDX,2022-03-22,390,1.0
NDX,2022-03-23,390,1.0
NDX,2022-03-24,390,1.0
NDX,2022-03-25,390,1.0
NDX,2022-03-28,390,1.0
NDX,2022-03-29,389,0.9974358974358974
NDX,2022-03-30,390,1.0
NDX,2022-03-31,390,1.0
NDX,2022-04-01,390,1.0
NDX,2022-04-04,390,1.0
NDX,2022-04-05,390,1.0
NDX,2022-04-06,390,1.0
NDX,2022-04-07,390,1.0
NDX,2022-04-08,390,1.0
NDX,2022-04-11,390,1.0
NDX,2022-04-12,390,1.0
NDX,2022-04-13,390,1.0
NDX,2022-04-14,390,1.0
NDX,2022-04-18,390,1.0
NDX,2022-04-19,390,1.0
NDX,2022-04-20,390,1.0
NDX,2022-04-21,390,1.0
NDX,2022-04-22,390,1.0
NDX,2022-04-25,390,1.0
NDX,2022-04-26,390,1.0
NDX,2022-04-27,390,1.0
NDX,2022-04-28,390,1.0
NDX,2022-04-29,390,1.0
NDX,2022-05-02,390,1.0
NDX,2022-05-03,390,1.0
NDX,2022-05-04,390,1.0
NDX,2022-05-05,390,1.0
NDX,2022-05-06,390,1.0
NDX,2022-05-09,390,1.0
NDX,2022-05-10,390,1.0
NDX,2022-05-11,390,1.0
NDX,2022-05-12,390,1.0
NDX,2022-05-13,390,1.0
NDX,2022-05-16,390,1.0
NDX,2022-05-17,390,1.0
NDX,2022-05-18,390,1.0
NDX,2022-05-19,390,1.0
NDX,2022-05-20,390,1.0
NDX,2022-05-23,390,1.0
NDX,2022-05-24,390,1.0
NDX,2022-05-25,390,1.0
NDX,2022-05-26,390,1.0
NDX,2022-05-27,390,1.0
NDX,2022-05-30,209,0.5358974358974359
NDX,2022-05-31,390,1.0
NDX,2022-06-01,390,1.0
NDX,2022-06-02,390,1.0
NDX,2022-06-03,390,1.0
NDX,2022-06-06,390,1.0
NDX,2022-06-07,390,1.0
NDX,2022-06-08,390,1.0
NDX,2022-06-09,390,1.0
NDX,2022-06-10,390,1.0
NDX,2022-06-13,390,1.0
NDX,2022-06-14,390,1.0
NDX,2022-06-15,390,1.0
NDX,2022-06-16,390,1.0
NDX,2022-06-17,390,1.0
NDX,2022-06-20,209,0.5358974358974359
NDX,2022-06-21,390,1.0
NDX,2022-06-22,390,1.0
NDX,2022-06-23,390,1.0
NDX,2022-06-24,390,1.0
NDX,2022-06-27,390,1.0
NDX,2022-06-28,390,1.0
NDX,2022-06-29,390,1.0
NDX,2022-06-30,390,1.0
NDX,2022-07-01,390,1.0
NDX,2022-07-04,209,0.5358974358974359
NDX,2022-07-05,390,1.0
NDX,2022-07-06,390,1.0
NDX,2022-07-07,390,1.0
NDX,2022-07-08,390,1.0
NDX,2022-07-11,390,1.0
NDX,2022-07-12,390,1.0
NDX,2022-07-13,390,1.0
NDX,2022-07-14,390,1.0
NDX,2022-07-15,390,1.0
NDX,2022-07-18,390,1.0
NDX,2022-07-19,390,1.0
NDX,2022-07-20,390,1.0
NDX,2022-07-21,390,1.0
NDX,2022-07-22,390,1.0
NDX,2022-07-25,390,1.0
NDX,2022-07-26,390,1.0
NDX,2022-07-27,390,1.0
NDX,2022-07-28,390,1.0
NDX,2022-07-29,390,1.0
NDX,2022-08-01,390,1.0
NDX,2022-08-02,390,1.0
NDX,2022-08-03,390,1.0
NDX,2022-08-04,390,1.0
NDX,2022-08-05,390,1.0
NDX,2022-08-08,390,1.0
NDX,2022-08-09,390,1.0
NDX,2022-08-10,390,1.0
NDX,2022-08-11,390,1.0
NDX,2022-08-12,390,1.0
NDX,2022-08-15,390,1.0
NDX,2022-08-16,390,1.0
NDX,2022-08-17,390,1.0
NDX,2022-08-18,390,1.0
NDX,2022-08-19,390,1.0
NDX,2022-08-22,390,1.0
NDX,2022-08-23,390,1.0
NDX,2022-08-24,390,1.0
NDX,2022-08-25,390,1.0
NDX,2022-08-26,390,1.0
NDX,2022-08-29,390,1.0
NDX,2022-08-30,390,1.0
NDX,2022-08-31,390,1.0
NDX,2022-09-01,390,1.0
NDX,2022-09-02,390,1.0
NDX,2022-09-05,209,0.5358974358974359
NDX,2022-09-06,390,1.0
NDX,2022-09-07,390,1.0
NDX,2022-09-08,390,1.0
NDX,2022-09-09,390,1.0
NDX,2022-09-12,390,1.0
NDX,2022-09-13,390,1.0
NDX,2022-09-14,390,1.0
NDX,2022-09-15,390,1.0
NDX,2022-09-16,390,1.0
NDX,2022-09-19,390,1.0
NDX,2022-09-20,390,1.0
NDX,2022-09-21,390,1.0
NDX,2022-09-22,390,1.0
NDX,2022-09-23,390,1.0
NDX,2022-09-26,390,1.0
NDX,2022-09-27,390,1.0
NDX,2022-09-28,390,1.0
NDX,2022-09-29,390,1.0
NDX,2022-09-30,390,1.0
NDX,2022-10-03,390,1.0
NDX,2022-10-04,390,1.0
NDX,2022-10-05,390,1.0
NDX,2022-10-06,390,1.0
NDX,2022-10-07,390,1.0
NDX,2022-10-10,390,1.0
NDX,2022-10-11,390,1.0
NDX,2022-10-12,390,1.0
NDX,2022-10-13,390,1.0
NDX,2022-10-14,390,1.0
NDX,2022-10-17,390,1.0
NDX,2022-10-18,383,0.982051282051282
NDX,2022-10-19,390,1.0
NDX,2022-10-20,390,1.0
NDX,2022-10-21,390,1.0
NDX,2022-10-24,390,1.0
NDX,2022-10-25,390,1.0
NDX,2022-10-26,390,1.0
NDX,2022-10-27,390,1.0
NDX,2022-10-28,390,1.0
NDX,2022-10-31,390,1.0
NDX,2022-11-01,390,1.0
NDX,2022-11-02,390,1.0
NDX,2022-11-03,390,1.0
NDX,2022-11-04,390,1.0
NDX,2022-11-07,390,1.0
NDX,2022-11-08,390,1.0
NDX,2022-11-09,390,1.0
NDX,2022-11-10,390,1.0
NDX,2022-11-11,390,1.0
NDX,2022-11-14,390,1.0
NDX,2022-11-15,390,1.0
NDX,2022-11-16,390,1.0
NDX,2022-11-17,390,1.0
NDX,2022-11-18,390,1.0
NDX,2022-11-21,390,1.0
NDX,2022-11-22,390,1.0
NDX,2022-11-23,390,1.0
NDX,2022-11-24,209,0.5358974358974359
NDX,2022-11-25,224,0.5743589743589743
NDX,2022-11-28,390,1.0
NDX,2022-11-29,390,1.0
NDX,2022-11-30,390,1.0
NDX,2022-12-01,390,1.0
NDX,2022-12-02,390,1.0
NDX,2022-12-05,390,1.0
NDX,2022-12-06,390,1.0
NDX,2022-12-07,390,1.0
NDX,2022-12-08,390,1.0
NDX,2022-12-09,390,1.0
NDX,2022-12-12,390,1.0
NDX,2022-12-13,390,1.0
NDX,2022-12-14,390,1.0
NDX,2022-12-15,390,1.0
NDX,2022-12-16,390,1.0
NDX,2022-12-19,390,1.0
NDX,2022-12-20,390,1.0
NDX,2022-12-21,390,1.0
NDX,2022-12-22,390,1.0
NDX,2022-12-23,390,1.0
NDX,2022-12-27,390,1.0
NDX,2022-12-28,390,1.0
NDX,2022-12-29,390,1.0
NDX,2022-12-30,390,1.0
NDX,2023-01-03,390,1.0
NDX,2023-01-04,390,1.0
NDX,2023-01-05,390,1.0
NDX,2023-01-06,390,1.0
NDX,2023-01-09,390,1.0
NDX,2023-01-10,390,1.0
NDX,2023-01-11,390,1.0
NDX,2023-01-12,390,1.0
NDX,2023-01-13,390,1.0
NDX,2023-01-16,209,0.5358974358974359
NDX,2023-01-17,390,1.0
NDX,2023-01-18,390,1.0
NDX,2023-01-19,390,1.0
NDX,2023-01-20,390,1.0
NDX,2023-01-23,390,1.0
NDX,2023-01-24,390,1.0
NDX,2023-01-25,390,1.0
NDX,2023-01-26,390,1.0
NDX,2023-01-27,390,1.0
NDX,2023-01-30,390,1.0
NDX,2023-01-31,390,1.0
NDX,2023-02-01,390,1.0
NDX,2023-02-02,390,1.0
NDX,2023-02-03,390,1.0
NDX,2023-02-06,390,1.0
NDX,2023-02-07,390,1.0
NDX,2023-02-08,390,1.0
NDX,2023-02-09,390,1.0
NDX,2023-02-10,390,1.0
NDX,2023-02-13,390,1.0
NDX,2023-02-14,390,1.0
NDX,2023-02-15,390,1.0
NDX,2023-02-16,390,1.0
NDX,2023-02-17,390,1.0
NDX,2023-02-20,211,0.541025641025641
NDX,2023-02-21,390,1.0
NDX,2023-02-22,390,1.0
NDX,2023-02-23,390,1.0
NDX,2023-02-24,387,0.9923076923076923
NDX,2023-02-27,390,1.0
NDX,2023-02-28,390,1.0
NDX,2023-03-01,390,1.0
NDX,2023-03-02,390,1.0
NDX,2023-03-03,390,1.0
NDX,2023-03-06,390,1.0
NDX,2023-03-07,390,1.0
NDX,2023-03-08,390,1.0
NDX,2023-03-09,390,1.0
NDX,2023-03-10,390,1.0
NDX,2023-03-13,390,1.0
NDX,2023-03-14,390,1.0
NDX,2023-03-15,390,1.0
NDX,2023-03-16,390,1.0
NDX,2023-03-17,390,1.0
NDX,2023-03-20,390,1.0
NDX,2023-03-21,390,1.0
NDX,2023-03-22,390,1.0
NDX,2023-03-23,390,1.0
NDX,2023-03-24,390,1.0
NDX,2023-03-27,390,1.0
NDX,2023-03-28,390,1.0
NDX,2023-03-29,390,1.0
NDX,2023-03-30,390,1.0
NDX,2023-03-31,390,1.0
NDX,2023-04-03,390,1.0
NDX,2023-04-04,390,1.0
NDX,2023-04-05,390,1.0
NDX,2023-04-06,390,1.0
NDX,2023-04-10,390,1.0
NDX,2023-04-11,390,1.0
NDX,2023-04-12,390,1.0
NDX,2023-04-13,390,1.0
NDX,2023-04-14,390,1.0
NDX,2023-04-17,390,1.0
NDX,2023-04-18,390,1.0
NDX,2023-04-19,390,1.0
NDX,2023-04-20,390,1.0
NDX,2023-04-21,390,1.0
NDX,2023-04-24,390,1.0
NDX,2023-04-25,390,1.0
NDX,2023-04-26,390,1.0
NDX,2023-04-27,390,1.0
NDX,2023-04-28,390,1.0
NDX,2023-05-01,390,1.0
NDX,2023-05-02,390,1.0
NDX,2023-05-03,390,1.0
NDX,2023-05-04,390,1.0
NDX,2023-05-05,390,1.0
NDX,2023-05-08,390,1.0
NDX,2023-05-09,390,1.0
NDX,2023-05-10,390,1.0
NDX,2023-05-11,390,1.0
NDX,2023-05-12,390,1.0
NDX,2023-05-15,390,1.0
NDX,2023-05-16,390,1.0
NDX,2023-05-17,390,1.0
NDX,2023-05-18,390,1.0
NDX,2023-05-19,390,1.0
NDX,2023-05-22,390,1.0
NDX,2023-05-23,390,1.0
NDX,2023-05-24,390,1.0
NDX,2023-05-25,390,1.0
NDX,2023-05-26,390,1.0
NDX,2023-05-29,209,0.5358974358974359
NDX,2023-05-30,390,1.0
NDX,2023-05-31,390,1.0
NDX,2023-06-01,390,1.0
NDX,2023-06-02,375,0.9615384615384616
NDX,2023-06-05,390,1.0
NDX,2023-06-06,390,1.0
NDX,2023-06-07,390,1.0
NDX,2023-06-08,390,1.0
NDX,2023-06-09,390,1.0
NDX,2023-06-12,390,1.0
NDX,2023-06-13,390,1.0
NDX,2023-06-14,390,1.0
NDX,2023-06-15,390,1.0
NDX,2023-06-16,390,1.0
NDX,2023-06-19,209,0.5358974358974359
NDX,2023-06-20,390,1.0
NDX,2023-06-21,390,1.0
NDX,2023-06-22,390,1.0
NDX,2023-06-23,390,1.0
NDX,2023-06-26,390,1.0
NDX,2023-06-27,390,1.0
NDX,2023-06-28,390,1.0
NDX,2023-06-29,390,1.0
NDX,2023-06-30,390,1.0
NDX,2023-07-03,224,0.5743589743589743
NDX,2023-07-05,390,1.0
NDX,2023-07-06,390,1.0
NDX,2023-07-07,390,1.0
NDX,2023-07-10,390,1.0
NDX,2023-07-11,390,1.0
NDX,2023-07-12,390,1.0
NDX,2023-07-13,390,1.0
NDX,2023-07-14,390,1.0
NDX,2023-07-17,390,1.0
NDX,2023-07-18,390,1.0
NDX,2023-07-19,390,1.0
NDX,2023-07-20,390,1.0
NDX,2023-07-21,390,1.0
NDX,2023-07-24,390,1.0
NDX,2023-07-25,390,1.0
NDX,2023-07-26,390,1.0
NDX,2023-07-27,390,1.0
NDX,2023-07-28,390,1.0
NDX,2023-07-31,390,1.0
NDX,2023-08-01,390,1.0
NDX,2023-08-02,390,1.0
NDX,2023-08-03,390,1.0
NDX,2023-08-04,390,1.0
NDX,2023-08-07,383,0.982051282051282
NDX,2023-08-08,390,1.0
NDX,2023-08-09,387,0.9923076923076923
NDX,2023-08-10,390,1.0
NDX,2023-08-11,390,1.0
NDX,2023-08-14,390,1.0
NDX,2023-08-15,390,1.0
NDX,2023-08-16,390,1.0
NDX,2023-08-17,390,1.0
NDX,2023-08-18,390,1.0
NDX,2023-08-21,390,1.0
NDX,2023-08-22,390,1.0
NDX,2023-08-23,390,1.0
NDX,2023-08-24,390,1.0
NDX,2023-08-25,390,1.0
NDX,2023-08-28,390,1.0
NDX,2023-08-29,390,1.0
NDX,2023-08-30,390,1.0
NDX,2023-08-31,390,1.0
NDX,2023-09-01,390,1.0
NDX,2023-09-04,209,0.5358974358974359
NDX,2023-09-05,390,1.0
NDX,2023-09-06,390,1.0
NDX,2023-09-07,390,1.0
NDX,2023-09-08,390,1.0
NDX,2023-09-11,390,1.0
NDX,2023-09-12,390,1.0
NDX,2023-09-13,390,1.0
NDX,2023-09-14,390,1.0
NDX,2023-09-15,390,1.0
NDX,2023-09-18,390,1.0
NDX,2023-09-19,390,1.0
NDX,2023-09-20,390,1.0
NDX,2023-09-21,390,1.0
NDX,2023-09-22,390,1.0
NDX,2023-09-25,390,1.0
NDX,2023-09-26,390,1.0
NDX,2023-09-27,390,1.0
NDX,2023-09-28,390,1.0
NDX,2023-09-29,390,1.0
NDX,2023-10-02,389,0.9974358974358974
NDX,2023-10-03,390,1.0
NDX,2023-10-04,390,1.0
NDX,2023-10-05,390,1.0
NDX,2023-10-06,390,1.0
NDX,2023-10-09,390,1.0
NDX,2023-10-10,390,1.0
NDX,2023-10-11,390,1.0
NDX,2023-10-12,390,1.0
NDX,2023-10-13,390,1.0
NDX,2023-10-16,390,1.0
NDX,2023-10-17,390,1.0
NDX,2023-10-18,390,1.0
NDX,2023-10-19,390,1.0
NDX,2023-10-20,390,1.0
NDX,2023-10-23,390,1.0
NDX,2023-10-24,390,1.0
NDX,2023-10-25,390,1.0
NDX,2023-10-26,390,1.0
NDX,2023-10-27,390,1.0
NDX,2023-10-30,390,1.0
NDX,2023-10-31,390,1.0
NDX,2023-11-01,390,1.0
NDX,2023-11-02,390,1.0
NDX,2023-11-03,390,1.0
NDX,2023-11-06,390,1.0
NDX,2023-11-07,390,1.0
NDX,2023-11-08,390,1.0
NDX,2023-11-09,390,1.0
NDX,2023-11-10,390,1.0
NDX,2023-11-13,390,1.0
NDX,2023-11-14,390,1.0
NDX,2023-11-15,390,1.0
NDX,2023-11-16,390,1.0
NDX,2023-11-17,390,1.0
NDX,2023-11-20,390,1.0
NDX,2023-11-21,390,1.0
NDX,2023-11-22,390,1.0
NDX,2023-11-23,149,0.382051282051282
NDX,2023-11-24,164,0.4205128205128205
NDX,2023-11-27,390,1.0
NDX,2023-11-28,390,1.0
NDX,2023-11-29,389,0.9974358974358974
NDX,2023-11-30,390,1.0
NDX,2023-12-01,390,1.0
NDX,2023-12-04,390,1.0
NDX,2023-12-05,390,1.0
NDX,2023-12-06,390,1.0
NDX,2023-12-07,390,1.0
NDX,2023-12-08,390,1.0
NDX,2023-12-11,390,1.0
NDX,2023-12-12,390,1.0
NDX,2023-12-13,390,1.0
NDX,2023-12-14,390,1.0
NDX,2023-12-15,390,1.0
NDX,2023-12-18,390,1.0
NDX,2023-12-19,390,1.0
NDX,2023-12-20,390,1.0
NDX,2023-12-21,390,1.0
NDX,2023-12-22,390,1.0
NDX,2023-12-26,390,1.0
NDX,2023-12-27,390,1.0
NDX,2023-12-28,390,1.0
NDX,2023-12-29,390,1.0
NDX,2024-01-02,390,1.0
NDX,2024-01-03,390,1.0
NDX,2024-01-04,390,1.0
NDX,2024-01-05,390,1.0
NDX,2024-01-08,390,1.0
NDX,2024-01-09,390,1.0
NDX,2024-01-10,390,1.0
NDX,2024-01-11,390,1.0
NDX,2024-01-12,390,1.0
NDX,2024-01-15,210,0.5384615384615384
NDX,2024-01-16,390,1.0
NDX,2024-01-17,390,1.0
NDX,2024-01-18,390,1.0
NDX,2024-01-19,390,1.0
NDX,2024-01-22,390,1.0
NDX,2024-01-23,390,1.0
NDX,2024-01-24,390,1.0
NDX,2024-01-25,390,1.0
NDX,2024-01-26,390,1.0
NDX,2024-01-29,390,1.0
NDX,2024-01-30,390,1.0
NDX,2024-01-31,390,1.0
NDX,2024-02-01,390,1.0
NDX,2024-02-02,390,1.0
NDX,2024-02-05,390,1.0
NDX,2024-02-06,390,1.0
NDX,2024-02-07,390,1.0
NDX,2024-02-08,390,1.0
NDX,2024-02-09,390,1.0
NDX,2024-02-12,390,1.0
NDX,2024-02-13,390,1.0
NDX,2024-02-14,390,1.0
NDX,2024-02-15,390,1.0
NDX,2024-02-16,390,1.0
NDX,2024-02-19,210,0.5384615384615384
NDX,2024-02-20,390,1.0
NDX,2024-02-21,390,1.0
NDX,2024-02-22,390,1.0
NDX,2024-02-23,390,1.0
NDX,2024-02-26,390,1.0
NDX,2024-02-27,390,1.0
NDX,2024-02-28,390,1.0
NDX,2024-02-29,390,1.0
NDX,2024-03-01,390,1.0
NDX,2024-03-04,390,1.0
NDX,2024-03-05,390,1.0
NDX,2024-03-06,390,1.0
NDX,2024-03-07,382,0.9794871794871794
NDX,2024-03-08,390,1.0
NDX,2024-03-11,390,1.0
NDX,2024-03-12,390,1.0
NDX,2024-03-13,390,1.0
NDX,2024-03-14,390,1.0
NDX,2024-03-15,390,1.0
NDX,2024-03-18,390,1.0
NDX,2024-03-19,390,1.0
NDX,2024-03-20,390,1.0
NDX,2024-03-21,390,1.0
NDX,2024-03-22,390,1.0
NDX,2024-03-25,390,1.0
NDX,2024-03-26,390,1.0
NDX,2024-03-27,390,1.0
NDX,2024-03-28,390,1.0
NDX,2024-04-01,390,1.0
NDX,2024-04-02,390,1.0
NDX,2024-04-03,390,1.0
NDX,2024-04-04,390,1.0
NDX,2024-04-05,390,1.0
NDX,2024-04-08,390,1.0
NDX,2024-04-09,385,0.9871794871794872
NDX,2024-04-10,390,1.0
NDX,2024-04-11,390,1.0
NDX,2024-04-12,390,1.0
NDX,2024-04-15,390,1.0
NDX,2024-04-16,390,1.0
NDX,2024-04-17,390,1.0
NDX,2024-04-18,390,1.0
NDX,2024-04-19,390,1.0
NDX,2024-04-22,390,1.0
NDX,2024-04-23,390,1.0
NDX,2024-04-24,390,1.0
NDX,2024-04-25,390,1.0
NDX,2024-04-26,390,1.0
NDX,2024-04-29,390,1.0
NDX,2024-04-30,390,1.0
NDX,2024-05-01,390,1.0
NDX,2024-05-02,390,1.0
NDX,2024-05-03,390,1.0
NDX,2024-05-06,390,1.0
NDX,2024-05-07,390,1.0
NDX,2024-05-08,390,1.0
NDX,2024-05-09,390,1.0
NDX,2024-05-10,390,1.0
NDX,2024-05-13,390,1.0
NDX,2024-05-14,390,1.0
NDX,2024-05-15,390,1.0
NDX,2024-05-16,390,1.0
NDX,2024-05-17,390,1.0
NDX,2024-05-20,390,1.0
NDX,2024-05-21,390,1.0
NDX,2024-05-22,390,1.0
NDX,2024-05-23,390,1.0
NDX,2024-05-24,390,1.0
NDX,2024-05-27,209,0.5358974358974359
NDX,2024-05-28,390,1.0
NDX,2024-05-29,390,1.0
NDX,2024-05-30,390,1.0
NDX,2024-05-31,390,1.0
NDX,2024-06-03,390,1.0
NDX,2024-06-04,390,1.0
NDX,2024-06-05,390,1.0
NDX,2024-06-06,390,1.0
NDX,2024-06-07,390,1.0
NDX,2024-06-10,390,1.0
NDX,2024-06-11,390,1.0
NDX,2024-06-12,390,1.0
NDX,2024-06-13,390,1.0
NDX,2024-06-14,390,1.0
NDX,2024-06-17,390,1.0
NDX,2024-06-18,390,1.0
NDX,2024-06-19,210,0.5384615384615384
NDX,2024-06-20,390,1.0
NDX,2024-06-21,390,1.0
NDX,2024-06-24,390,1.0
NDX,2024-06-25,390,1.0
NDX,2024-06-26,390,1.0
NDX,2024-06-27,390,1.0
NDX,2024-06-28,390,1.0
NDX,2024-07-01,390,1.0
NDX,2024-07-02,390,1.0
NDX,2024-07-03,225,0.5769230769230769
NDX,2024-07-04,210,0.5384615384615384
NDX,2024-07-05,390,1.0
NDX,2024-07-08,390,1.0
NDX,2024-07-09,390,1.0
NDX,2024-07-10,390,1.0
NDX,2024-07-11,390,1.0
NDX,2024-07-12,390,1.0
NDX,2024-07-15,390,1.0
NDX,2024-07-16,390,1.0
NDX,2024-07-17,390,1.0
NDX,2024-07-18,390,1.0
NDX,2024-07-19,390,1.0
NDX,2024-07-22,390,1.0
NDX,2024-07-23,390,1.0
NDX,2024-07-24,390,1.0
NDX,2024-07-25,388,0.9948717948717949
NDX,2024-07-26,390,1.0
NDX,2024-07-29,390,1.0
NDX,2024-07-30,390,1.0
NDX,2024-07-31,390,1.0
NDX,2024-08-01,390,1.0
NDX,2024-08-02,390,1.0
NDX,2024-08-05,390,1.0
NDX,2024-08-06,390,1.0
NDX,2024-08-07,390,1.0
NDX,2024-08-08,390,1.0
NDX,2024-08-09,390,1.0
NDX,2024-08-12,361,0.9256410256410257
NDX,2024-08-13,390,1.0
NDX,2024-08-14,390,1.0
NDX,2024-08-15,390,1.0
NDX,2024-08-16,390,1.0
NDX,2024-08-19,390,1.0
NDX,2024-08-20,389,0.9974358974358974
NDX,2024-08-21,390,1.0
NDX,2024-08-22,390,1.0
NDX,2024-08-23,390,1.0
NDX,2024-08-26,384,0.9846153846153847
NDX,2024-08-27,390,1.0
NDX,2024-08-28,390,1.0
NDX,2024-08-29,390,1.0
NDX,2024-08-30,390,1.0
NDX,2024-09-02,209,0.5358974358974359
NDX,2024-09-03,390,1.0
NDX,2024-09-04,390,1.0
NDX,2024-09-05,390,1.0
NDX,2024-09-06,390,1.0
NDX,2024-09-09,390,1.0
NDX,2024-09-10,390,1.0
NDX,2024-09-11,390,1.0
NDX,2024-09-12,390,1.0
NDX,2024-09-13,390,1.0
NDX,2024-09-16,390,1.0
NDX,2024-09-17,390,1.0
NDX,2024-09-18,390,1.0
NDX,2024-09-19,390,1.0
NDX,2024-09-20,390,1.0
NDX,2024-09-23,390,1.0
NDX,2024-09-24,390,1.0
NDX,2024-09-25,390,1.0
NDX,2024-09-26,390,1.0
NDX,2024-09-27,390,1.0
NDX,2024-09-30,390,1.0
NDX,2024-10-01,390,1.0
NDX,2024-10-02,390,1.0
NDX,2024-10-03,390,1.0
NDX,2024-10-04,390,1.0
NDX,2024-10-07,390,1.0
NDX,2024-10-08,390,1.0
NDX,2024-10-09,390,1.0
NDX,2024-10-10,390,1.0
NDX,2024-10-11,390,1.0
NDX,2024-10-14,390,1.0
NDX,2024-10-15,390,1.0
NDX,2024-10-16,390,1.0
NDX,2024-10-17,390,1.0
NDX,2024-10-18,390,1.0
NDX,2024-10-21,390,1.0
NDX,2024-10-22,390,1.0
NDX,2024-10-23,390,1.0
NDX,2024-10-24,390,1.0
NDX,2024-10-25,390,1.0
NDX,2024-10-28,390,1.0
NDX,2024-10-29,390,1.0
NDX,2024-10-30,390,1.0
NDX,2024-10-31,390,1.0
NDX,2024-11-01,390,1.0
NDX,2024-11-04,390,1.0
NDX,2024-11-05,390,1.0
NDX,2024-11-06,390,1.0
NDX,2024-11-07,390,1.0
NDX,2024-11-08,390,1.0
NDX,2024-11-11,390,1.0
NDX,2024-11-12,390,1.0
NDX,2024-11-13,390,1.0
NDX,2024-11-14,390,1.0
NDX,2024-11-15,390,1.0
NDX,2024-11-18,390,1.0
NDX,2024-11-19,390,1.0
NDX,2024-11-20,390,1.0
NDX,2024-11-21,390,1.0
NDX,2024-11-22,390,1.0
NDX,2024-11-25,390,1.0
NDX,2024-11-26,390,1.0
NDX,2024-11-27,390,1.0
NDX,2024-11-28,209,0.5358974358974359
NDX,2024-11-29,224,0.5743589743589743
NDX,2024-12-02,390,1.0
NDX,2024-12-03,390,1.0
NDX,2024-12-04,390,1.0
NDX,2024-12-05,390,1.0
NDX,2024-12-06,390,1.0
NDX,2024-12-09,390,1.0
NDX,2024-12-10,390,1.0
NDX,2024-12-11,390,1.0
NDX,2024-12-12,390,1.0
NDX,2024-12-13,390,1.0
NDX,2024-12-16,390,1.0
NDX,2024-12-17,390,1.0
NDX,2024-12-18,390,1.0
NDX,2024-12-19,390,1.0
NDX,2024-12-20,390,1.0
NDX,2024-12-23,390,1.0
NDX,2024-12-24,224,0.5743589743589743
NDX,2024-12-26,390,1.0
NDX,2024-12-27,390,1.0
NDX,2024-12-30,390,1.0
NDX,2024-12-31,390,1.0
NDX,2025-01-02,390,1.0
NDX,2025-01-03,390,1.0
NDX,2025-01-06,390,1.0
NDX,2025-01-07,390,1.0
NDX,2025-01-08,390,1.0
NDX,2025-01-10,390,1.0
NDX,2025-01-13,390,1.0
NDX,2025-01-14,390,1.0
NDX,2025-01-15,390,1.0
NDX,2025-01-16,390,1.0
NDX,2025-01-17,390,1.0
NDX,2025-01-20,209,0.5358974358974359
NDX,2025-01-21,390,1.0
NDX,2025-01-22,390,1.0
NDX,2025-01-23,390,1.0
NDX,2025-01-24,390,1.0
NDX,2025-01-27,390,1.0
NDX,2025-01-28,390,1.0
NDX,2025-01-29,390,1.0
NDX,2025-01-30,390,1.0
NDX,2025-01-31,390,1.0
NDX,2025-02-03,390,1.0
NDX,2025-02-04,390,1.0
NDX,2025-02-05,390,1.0
NDX,2025-02-06,390,1.0
NDX,2025-02-07,390,1.0
NDX,2025-02-10,390,1.0
NDX,2025-02-11,390,1.0
NDX,2025-02-12,390,1.0
NDX,2025-02-13,390,1.0
NDX,2025-02-14,390,1.0
NDX,2025-02-17,209,0.5358974358974359
NDX,2025-02-18,390,1.0
NDX,2025-02-19,390,1.0
NDX,2025-02-20,390,1.0
NDX,2025-02-21,390,1.0
NDX,2025-02-24,390,1.0
NDX,2025-02-25,390,1.0
NDX,2025-02-26,390,1.0
NDX,2025-02-27,390,1.0
NDX,2025-02-28,390,1.0
NDX,2025-03-03,390,1.0
NDX,2025-03-04,390,1.0
NDX,2025-03-05,390,1.0
NDX,2025-03-06,390,1.0
NDX,2025-03-07,390,1.0
NDX,2025-03-10,390,1.0
NDX,2025-03-11,390,1.0
NDX,2025-03-12,390,1.0
NDX,2025-03-13,390,1.0
NDX,2025-03-14,390,1.0
NDX,2025-03-17,388,0.9948717948717949
NDX,2025-03-18,390,1.0
NDX,2025-03-19,390,1.0
NDX,2025-03-20,390,1.0
NDX,2025-03-21,390,1.0
NDX,2025-03-24,390,1.0
NDX,2025-03-25,390,1.0
NDX,2025-03-26,390,1.0
NDX,2025-03-27,390,1.0
NDX,2025-03-28,390,1.0
NDX,2025-03-31,390,1.0
NDX,2025-04-01,390,1.0
NDX,2025-04-02,390,1.0
NDX,2025-04-03,390,1.0
NDX,2025-04-04,390,1.0
NDX,2025-04-07,390,1.0
NDX,2025-04-08,390,1.0
NDX,2025-04-09,390,1.0
NDX,2025-04-10,390,1.0
NDX,2025-04-11,390,1.0
NDX,2025-04-14,390,1.0
NDX,2025-04-15,390,1.0
NDX,2025-04-16,386,0.9897435897435898
NDX,2025-04-17,390,1.0
NDX,2025-04-21,390,1.0
NDX,2025-04-22,390,1.0
NDX,2025-04-23,390,1.0
NDX,2025-04-24,390,1.0
NDX,2025-04-25,390,1.0
NDX,2025-04-28,390,1.0
NDX,2025-04-29,390,1.0
NDX,2025-04-30,390,1.0
NDX,2025-05-01,390,1.0
NDX,2025-05-02,390,1.0
NDX,2025-05-05,390,1.0
NDX,2025-05-06,390,1.0
NDX,2025-05-07,390,1.0
NDX,2025-05-08,390,1.0
NDX,2025-05-09,390,1.0
NDX,2025-05-12,390,1.0
NDX,2025-05-13,390,1.0
NDX,2025-05-14,390,1.0
NDX,2025-05-15,390,1.0
NDX,2025-05-16,390,1.0
NDX,2025-05-19,390,1.0
NDX,2025-05-20,390,1.0
NDX,2025-05-21,390,1.0
NDX,2025-05-22,390,1.0
NDX,2025-05-23,390,1.0
NDX,2025-05-26,209,0.5358974358974359
NDX,2025-05-27,390,1.0
NDX,2025-05-28,390,1.0
NDX,2025-05-29,390,1.0
NDX,2025-05-30,390,1.0
NDX,2025-06-02,390,1.0
NDX,2025-06-03,390,1.0
NDX,2025-06-04,390,1.0
NDX,2025-06-05,390,1.0
NDX,2025-06-06,390,1.0
NDX,2025-06-09,390,1.0
NDX,2025-06-10,390,1.0
NDX,2025-06-11,390,1.0
NDX,2025-06-12,390,1.0
NDX,2025-06-13,390,1.0
NDX,2025-06-16,390,1.0
NDX,2025-06-17,390,1.0
NDX,2025-06-18,390,1.0
NDX,2025-06-19,209,0.5358974358974359
NDX,2025-06-20,390,1.0
NDX,2025-06-23,390,1.0
NDX,2025-06-24,390,1.0
NDX,2025-06-25,390,1.0
NDX,2025-06-26,390,1.0
NDX,2025-06-27,390,1.0
NDX,2025-06-30,390,1.0
NDX,2025-07-01,381,0.9769230769230769
NDX,2025-07-02,390,1.0
NDX,2025-07-03,209,0.5358974358974359
NDX,2025-07-04,209,0.5358974358974359
NDX,2025-07-07,390,1.0
NDX,2025-07-08,390,1.0
NDX,2025-07-09,390,1.0
NDX,2025-07-10,390,1.0
NDX,2025-07-11,390,1.0
NDX,2025-07-14,390,1.0
NDX,2025-07-15,390,1.0
NDX,2025-07-16,390,1.0
NDX,2025-07-17,390,1.0
NDX,2025-07-18,390,1.0
NDX,2025-07-21,390,1.0
NDX,2025-07-22,390,1.0
NDX,2025-07-23,390,1.0
NDX,2025-07-24,390,1.0
NDX,2025-07-25,390,1.0
NDX,2025-07-28,390,1.0
NDX,2025-07-29,390,1.0
NDX,2025-07-30,390,1.0
NDX,2025-07-31,390,1.0
NDX,2025-08-01,390,1.0
NDX,2025-08-04,390,1.0
NDX,2025-08-05,390,1.0
NDX,2025-08-06,390,1.0
NDX,2025-08-07,390,1.0
NDX,2025-08-08,390,1.0
NDX,2025-08-11,390,1.0
NDX,2025-08-12,390,1.0
NDX,2025-08-13,390,1.0
NDX,2025-08-14,390,1.0
NDX,2025-08-15,390,1.0
NDX,2025-08-18,390,1.0
NDX,2025-08-19,390,1.0
NDX,2025-08-20,390,1.0
NDX,2025-08-21,390,1.0
NDX,2025-08-22,386,0.9897435897435898
NDX,2025-08-25,390,1.0
NDX,2025-08-26,390,1.0
NDX,2025-08-27,379,0.9717948717948718
NDX,2025-08-28,390,1.0
NDX,2025-08-29,390,1.0
NDX,2025-09-01,209,0.5358974358974359
NDX,2025-09-02,390,1.0
NDX,2025-09-03,390,1.0
NDX,2025-09-04,390,1.0
NDX,2025-09-05,390,1.0
NDX,2025-09-08,390,1.0
NDX,2025-09-09,390,1.0
NDX,2025-09-10,390,1.0
NDX,2025-09-11,390,1.0
NDX,2025-09-12,390,1.0
NDX,2025-09-15,390,1.0
NDX,2025-09-16,390,1.0
NDX,2025-09-17,390,1.0
NDX,2025-09-18,390,1.0
NDX,2025-09-19,390,1.0
NDX,2025-09-22,390,1.0
NDX,2025-09-23,390,1.0
NDX,2025-09-24,390,1.0
NDX,2025-09-25,390,1.0
NDX,2025-09-26,383,0.982051282051282
NDX,2025-09-29,390,1.0
NDX,2025-09-30,389,0.9974358974358974
NDX,2025-10-01,390,1.0
NDX,2025-10-02,390,1.0
NDX,2025-10-03,390,1.0
NDX,2025-10-06,390,1.0
NDX,2025-10-07,390,1.0
NDX,2025-10-08,390,1.0
NDX,2025-10-09,390,1.0
NDX,2025-10-10,389,0.9974358974358974
NDX,2025-10-13,390,1.0
NDX,2025-10-14,390,1.0
NDX,2025-10-15,390,1.0
NDX,2025-10-16,390,1.0
NDX,2025-10-17,390,1.0
NDX,2025-10-20,390,1.0
NDX,2025-10-21,390,1.0
NDX,2025-10-22,390,1.0
NDX,2025-10-23,390,1.0
NDX,2025-10-24,390,1.0
NDX,2025-10-27,390,1.0
NDX,2025-10-28,390,1.0
NDX,2025-10-29,390,1.0
NDX,2025-10-30,390,1.0
NDX,2025-10-31,390,1.0
NDX,2025-11-03,390,1.0
NDX,2025-11-04,390,1.0
NDX,2025-11-05,390,1.0
NDX,2025-11-06,390,1.0
NDX,2025-11-07,390,1.0
NDX,2025-11-10,390,1.0
NDX,2025-11-11,390,1.0
NDX,2025-11-12,390,1.0
NDX,2025-11-13,390,1.0
NDX,2025-11-14,390,1.0
NDX,2025-11-17,390,1.0
NDX,2025-11-18,390,1.0
NDX,2025-11-19,390,1.0
NDX,2025-11-20,390,1.0
NDX,2025-11-21,390,1.0
NDX,2025-11-24,390,1.0
NDX,2025-11-25,390,1.0
NDX,2025-11-26,390,1.0
NDX,2025-11-27,209,0.5358974358974359
NDX,2025-11-28,224,0.5743589743589743
NDX,2025-12-01,390,1.0
NDX,2025-12-02,390,1.0
NDX,2025-12-03,390,1.0
NDX,2025-12-04,390,1.0
NDX,2025-12-05,390,1.0
NDX,2025-12-08,390,1.0
NDX,2025-12-09,390,1.0
NDX,2025-12-10,390,1.0
NDX,2025-12-11,390,1.0
NDX,2025-12-12,390,1.0
NDX,2025-12-15,390,1.0
NDX,2025-12-16,390,1.0
NDX,2025-12-17,390,1.0
NDX,2025-12-18,390,1.0
NDX,2025-12-19,390,1.0
NDX,2025-12-22,390,1.0
NDX,2025-12-23,390,1.0
NDX,2025-12-24,224,0.5743589743589743
NDX,2025-12-26,390,1.0
NDX,2025-12-29,390,1.0
NDX,2025-12-30,390,1.0
NDX,2025-12-31,390,1.0
NDX,2026-01-02,390,1.0
NDX,2026-01-05,390,1.0
NDX,2026-01-06,390,1.0
NDX,2026-01-07,390,1.0
NDX,2026-01-08,390,1.0
NDX,2026-01-09,390,1.0
NDX,2026-01-12,390,1.0
NDX,2026-01-13,390,1.0
NDX,2026-01-14,390,1.0
NDX,2026-01-15,390,1.0
NDX,2026-01-16,390,1.0
NDX,2026-01-19,209,0.5358974358974359
NDX,2026-01-20,390,1.0
NDX,2026-01-21,390,1.0
NDX,2026-01-22,390,1.0
NDX,2026-01-23,390,1.0
NDX,2026-01-26,390,1.0
NDX,2026-01-27,390,1.0
NDX,2026-01-28,390,1.0
NDX,2026-01-29,390,1.0
NDX,2026-01-30,390,1.0
NDX,2026-02-02,390,1.0
NDX,2026-02-03,390,1.0
NDX,2026-02-04,387,0.9923076923076923
NDX,2026-02-05,390,1.0
NDX,2026-02-06,390,1.0
NDX,2026-02-09,390,1.0
NDX,2026-02-10,390,1.0
NDX,2026-02-11,390,1.0
NDX,2026-02-12,390,1.0
NDX,2026-02-13,390,1.0
NDX,2026-02-16,209,0.5358974358974359
NDX,2026-02-17,390,1.0
NDX,2026-02-18,390,1.0
NDX,2026-02-19,390,1.0
NDX,2026-02-20,390,1.0
NDX,2026-02-23,390,1.0
NDX,2026-02-24,390,1.0
NDX,2026-02-25,390,1.0
NDX,2026-02-26,390,1.0
NDX,2026-02-27,390,1.0
NDX,2026-03-02,390,1.0
NDX,2026-03-03,390,1.0
NDX,2026-03-04,390,1.0
NDX,2026-03-05,390,1.0
NDX,2026-03-06,390,1.0
NDX,2026-03-09,387,0.9923076923076923
NDX,2026-03-10,390,1.0
NDX,2026-03-11,387,0.9923076923076923
NDX,2026-03-12,390,1.0
NDX,2026-03-13,389,0.9974358974358974
NDX,2026-03-16,390,1.0
NDX,2026-03-17,390,1.0
NDX,2026-03-18,390,1.0
NDX,2026-03-19,390,1.0
NDX,2026-03-20,390,1.0
NDX,2026-03-23,390,1.0
NDX,2026-03-24,382,0.9794871794871794
NDX,2026-03-25,390,1.0
NDX,2026-03-26,389,0.9974358974358974
NDX,2026-03-27,389,0.9974358974358974
NDX,2026-03-30,390,1.0
NDX,2026-03-31,390,1.0
NDX,2026-04-01,390,1.0
NDX,2026-04-02,387,0.9923076923076923
NDX,2026-04-06,390,1.0
NDX,2026-04-07,389,0.9974358974358974
NDX,2026-04-08,390,1.0
NDX,2026-04-09,390,1.0
NDX,2026-04-10,390,1.0
NDX,2026-04-13,390,1.0
NDX,2026-04-14,390,1.0
NDX,2026-04-15,390,1.0
NDX,2026-04-16,390,1.0
NDX,2026-04-17,390,1.0
NDX,2026-04-20,390,1.0
NDX,2026-04-21,390,1.0
NDX,2026-04-22,390,1.0
NDX,2026-04-23,389,0.9974358974358974
NDX,2026-04-24,389,0.9974358974358974
NDX,2026-04-27,390,1.0
NDX,2026-04-28,388,0.9948717948717949
NDX,2026-04-29,390,1.0
NDX,2026-04-30,390,1.0
NDX,2026-05-01,390,1.0
NDX,2026-05-04,390,1.0
NDX,2026-05-05,390,1.0
NDX,2026-05-06,390,1.0
NDX,2026-05-07,390,1.0
NDX,2026-05-08,390,1.0
NDX,2026-05-11,390,1.0
NDX,2026-05-12,390,1.0
NDX,2026-05-13,390,1.0
NDX,2026-05-14,390,1.0
NDX,2026-05-15,390,1.0
NDX,2026-05-18,390,1.0
NDX,2026-05-19,390,1.0
NDX,2026-05-20,386,0.9897435897435898
NDX,2026-05-21,390,1.0
NDX,2026-05-22,390,1.0
NDX,2026-05-25,209,0.5358974358974359
NDX,2026-05-26,390,1.0
NDX,2026-05-27,390,1.0
NDX,2026-05-28,384,0.9846153846153847
NDX,2026-05-29,390,1.0
NDX,2026-06-01,390,1.0
NDX,2026-06-02,390,1.0
NDX,2026-06-03,390,1.0
NDX,2026-06-04,390,1.0
NDX,2026-06-05,383,0.982051282051282
NDX,2026-06-08,377,0.9666666666666667
NDX,2026-06-09,385,0.9871794871794872
NDX,2026-06-10,388,0.9948717948717949
NDX,2026-06-11,388,0.9948717948717949
NDX,2026-06-12,390,1.0
NDX,2026-06-15,390,1.0
NDX,2026-06-16,390,1.0
NDX,2026-06-17,390,1.0
NDX,2026-06-18,390,1.0
NDX,2026-06-19,209,0.5358974358974359
NDX,2026-06-22,390,1.0
NDX,2026-06-23,390,1.0
NDX,2026-06-24,390,1.0
NDX,2026-06-25,390,1.0
NDX,2026-06-26,390,1.0
NDX,2026-06-29,390,1.0
NDX,2026-06-30,390,1.0
NDX,2026-07-01,390,1.0
NDX,2026-07-02,390,1.0
NDX,2026-07-03,209,0.5358974358974359
NDX,2026-07-06,390,1.0
NDX,2026-07-07,390,1.0
NDX,2026-07-08,390,1.0
NDX,2026-07-09,390,1.0
NDX,2026-07-10,390,1.0
NDX,2026-07-13,390,1.0
NDX,2026-07-14,390,1.0
NDX,2026-07-15,390,1.0
NDX,2026-07-16,390,1.0
NDX,2026-07-17,390,1.0
NDX,2026-07-20,390,1.0
NDX,2026-07-21,390,1.0
NDX,2026-07-22,390,1.0
NDX,2026-07-23,390,1.0
NDX,2026-07-24,390,1.0
NDX,2026-07-27,390,1.0
NDX,2026-07-28,390,1.0
NDX,2026-07-29,390,1.0
NDX,2026-07-30,390,1.0
NDX,2026-07-31,390,1.0
NDX,2026-08-03,390,1.0
NDX,2026-08-04,390,1.0
NDX,2026-08-05,390,1.0
NDX,2026-08-06,390,1.0
NDX,2026-08-07,390,1.0
NDX,2026-08-10,390,1.0
NDX,2026-08-11,390,1.0
NDX,2026-08-12,390,1.0
NDX,2026-08-13,390,1.0
NDX,2026-08-14,390,1.0
NDX,2026-08-17,390,1.0
NDX,2026-08-18,390,1.0
NDX,2026-08-19,390,1.0
NDX,2026-08-20,390,1.0
NDX,2026-08-21,390,1.0
UKX,2011-09-19,503,0.9862745098039216
UKX,2011-09-20,502,0.984313725490196
UKX,2011-09-21,510,1.0
UKX,2011-09-22,509,0.9980392156862745
UKX,2011-09-23,339,0.6647058823529411
UKX,2012-01-19,19,0.03725490196078431
UKX,2012-01-20,506,0.9921568627450981
UKX,2012-01-23,510,1.0
UKX,2012-01-24,510,1.0
UKX,2012-01-25,510,1.0
UKX,2012-01-26,510,1.0
UKX,2012-01-27,510,1.0
UKX,2012-01-30,510,1.0
UKX,2012-01-31,510,1.0
UKX,2012-02-01,510,1.0
UKX,2012-02-02,510,1.0
UKX,2012-02-03,510,1.0
UKX,2012-02-06,510,1.0
UKX,2012-02-07,510,1.0
UKX,2012-02-08,507,0.9941176470588236
UKX,2012-02-09,510,1.0
UKX,2012-02-10,510,1.0
UKX,2012-02-13,510,1.0
UKX,2012-02-14,510,1.0
UKX,2012-02-15,503,0.9862745098039216
UKX,2012-02-16,510,1.0
UKX,2012-02-17,506,0.9921568627450981
UKX,2012-02-20,510,1.0
UKX,2012-02-21,510,1.0
UKX,2012-02-22,510,1.0
UKX,2012-02-23,510,1.0
UKX,2012-02-24,510,1.0
UKX,2012-02-27,510,1.0
UKX,2012-02-28,508,0.996078431372549
UKX,2012-02-29,510,1.0
UKX,2012-03-01,510,1.0
UKX,2012-03-02,510,1.0
UKX,2012-03-05,509,0.9980392156862745
UKX,2012-03-06,510,1.0
UKX,2012-03-07,510,1.0
UKX,2012-03-08,510,1.0
UKX,2012-03-09,505,0.9901960784313726
UKX,2012-03-12,510,1.0
UKX,2012-03-13,510,1.0
UKX,2012-03-15,508,0.996078431372549
UKX,2012-03-16,476,0.9333333333333333
UKX,2012-03-19,510,1.0
UKX,2012-03-20,510,1.0
UKX,2012-03-21,510,1.0
UKX,2012-03-22,510,1.0
UKX,2012-03-23,510,1.0
UKX,2012-03-26,509,0.9980392156862745
UKX,2012-03-27,510,1.0
UKX,2012-03-28,510,1.0
UKX,2012-03-29,487,0.9549019607843138
UKX,2012-03-30,510,1.0
UKX,2012-04-02,510,1.0
UKX,2012-04-03,510,1.0
UKX,2012-04-04,510,1.0
UKX,2012-04-05,510,1.0
UKX,2012-04-06,1,0.00196078431372549
UKX,2012-04-10,510,1.0
UKX,2012-04-11,510,1.0
UKX,2012-04-12,510,1.0
UKX,2012-04-13,509,0.9980392156862745
UKX,2012-04-16,508,0.996078431372549
UKX,2012-04-17,510,1.0
UKX,2012-04-18,510,1.0
UKX,2012-04-19,394,0.7725490196078432
UKX,2012-04-20,505,0.9901960784313726
UKX,2012-04-23,510,1.0
UKX,2012-04-24,510,1.0
UKX,2012-04-25,510,1.0
UKX,2012-04-26,510,1.0
UKX,2012-04-27,510,1.0
UKX,2012-04-30,510,1.0
UKX,2012-05-01,510,1.0
UKX,2012-05-02,510,1.0
UKX,2012-05-03,510,1.0
UKX,2012-05-04,510,1.0
UKX,2012-05-07,1,0.00196078431372549
UKX,2012-05-08,510,1.0
UKX,2012-05-09,507,0.9941176470588236
UKX,2012-05-10,510,1.0
UKX,2012-05-11,510,1.0
UKX,2012-05-14,510,1.0
UKX,2012-05-15,510,1.0
UKX,2012-05-16,510,1.0
UKX,2012-05-17,510,1.0
UKX,2012-05-18,506,0.9921568627450981
UKX,2012-05-21,508,0.996078431372549
UKX,2012-05-22,510,1.0
UKX,2012-05-23,510,1.0
UKX,2012-05-24,510,1.0
UKX,2012-05-25,507,0.9941176470588236
UKX,2012-05-28,510,1.0
UKX,2012-05-29,510,1.0
UKX,2012-05-30,510,1.0
UKX,2012-05-31,510,1.0
UKX,2012-06-01,510,1.0
UKX,2012-06-05,1,0.00196078431372549
UKX,2012-06-06,510,1.0
UKX,2012-06-07,510,1.0
UKX,2012-06-08,510,1.0
UKX,2012-06-11,510,1.0
UKX,2012-06-12,510,1.0
UKX,2012-06-13,509,0.9980392156862745
UKX,2012-06-14,510,1.0
UKX,2012-06-15,506,0.9921568627450981
UKX,2012-06-18,507,0.9941176470588236
UKX,2012-06-19,506,0.9921568627450981
UKX,2012-06-20,510,1.0
UKX,2012-06-21,508,0.996078431372549
UKX,2012-06-22,509,0.9980392156862745
UKX,2012-06-25,510,1.0
UKX,2012-06-26,510,1.0
UKX,2012-06-27,510,1.0
UKX,2012-06-28,510,1.0
UKX,2012-06-29,510,1.0
UKX,2012-07-02,510,1.0
UKX,2012-07-03,510,1.0
UKX,2012-07-04,508,0.996078431372549
UKX,2012-07-05,510,1.0
UKX,2012-07-06,114,0.2235294117647059
UKX,2012-07-09,510,1.0
UKX,2012-07-10,484,0.9490196078431372
UKX,2012-07-11,510,1.0
UKX,2012-07-12,510,1.0
UKX,2012-07-13,510,1.0
UKX,2012-07-16,510,1.0
UKX,2012-07-17,510,1.0
UKX,2012-07-18,509,0.9980392156862745
UKX,2012-07-19,507,0.9941176470588236
UKX,2012-07-20,506,0.9921568627450981
UKX,2012-07-23,509,0.9980392156862745
UKX,2012-07-24,478,0.9372549019607843
UKX,2012-07-25,510,1.0
UKX,2012-07-26,493,0.9666666666666667
UKX,2012-07-27,510,1.0
UKX,2012-07-30,510,1.0
UKX,2012-07-31,510,1.0
UKX,2012-08-01,510,1.0
UKX,2012-08-02,510,1.0
UKX,2012-08-03,510,1.0
UKX,2012-08-06,510,1.0
UKX,2012-08-07,510,1.0
UKX,2012-08-08,510,1.0
UKX,2012-08-09,510,1.0
UKX,2012-08-10,510,1.0
UKX,2012-08-13,510,1.0
UKX,2012-08-14,510,1.0
UKX,2012-08-15,509,0.9980392156862745
UKX,2012-08-16,510,1.0
UKX,2012-08-17,505,0.9901960784313726
UKX,2012-08-20,510,1.0
UKX,2012-08-21,508,0.996078431372549
UKX,2012-08-22,510,1.0
UKX,2012-08-23,510,1.0
UKX,2012-08-24,510,1.0
UKX,2012-08-27,1,0.00196078431372549
UKX,2012-08-28,510,1.0
UKX,2012-08-29,510,1.0
UKX,2012-08-30,510,1.0
UKX,2012-08-31,510,1.0
UKX,2012-09-03,510,1.0
UKX,2012-09-04,510,1.0
UKX,2012-09-05,510,1.0
UKX,2012-09-06,510,1.0
UKX,2012-09-07,510,1.0
UKX,2012-09-10,510,1.0
UKX,2012-09-11,510,1.0
UKX,2012-09-12,510,1.0
UKX,2012-09-13,510,1.0
UKX,2012-09-14,510,1.0
UKX,2012-09-17,510,1.0
UKX,2012-09-18,510,1.0
UKX,2012-09-19,510,1.0
UKX,2012-09-20,505,0.9901960784313726
UKX,2012-09-21,505,0.9901960784313726
UKX,2012-09-24,510,1.0
UKX,2012-09-25,510,1.0
UKX,2012-09-26,510,1.0
UKX,2012-09-27,510,1.0
UKX,2012-09-28,510,1.0
UKX,2012-10-01,510,1.0
UKX,2012-10-02,510,1.0
UKX,2012-10-03,510,1.0
UKX,2012-10-04,510,1.0
UKX,2012-10-05,510,1.0
UKX,2012-10-08,507,0.9941176470588236
UKX,2012-10-09,510,1.0
UKX,2012-10-10,508,0.996078431372549
UKX,2012-10-11,510,1.0
UKX,2012-10-12,510,1.0
UKX,2012-10-15,510,1.0
UKX,2012-10-16,510,1.0
UKX,2012-10-17,510,1.0
UKX,2012-10-18,510,1.0
UKX,2012-10-19,506,0.9921568627450981
UKX,2012-10-22,510,1.0
UKX,2012-10-23,507,0.9941176470588236
UKX,2012-10-24,505,0.9901960784313726
UKX,2012-10-25,510,1.0
UKX,2012-10-26,510,1.0
UKX,2012-10-29,510,1.0
UKX,2012-10-30,510,1.0
UKX,2012-10-31,507,0.9941176470588236
UKX,2012-11-01,510,1.0
UKX,2012-11-02,510,1.0
UKX,2012-11-05,510,1.0
UKX,2012-11-06,509,0.9980392156862745
UKX,2012-11-07,509,0.9980392156862745
UKX,2012-11-08,480,0.9411764705882353
UKX,2012-11-09,510,1.0
UKX,2012-11-12,508,0.996078431372549
UKX,2012-11-13,510,1.0
UKX,2012-11-14,510,1.0
UKX,2012-11-15,510,1.0
UKX,2012-11-16,506,0.9921568627450981
UKX,2012-11-19,508,0.996078431372549
UKX,2012-11-20,510,1.0
UKX,2012-11-21,506,0.9921568627450981
UKX,2012-11-22,510,1.0
UKX,2012-11-23,510,1.0
UKX,2012-11-26,508,0.996078431372549
UKX,2012-11-27,501,0.9823529411764705
UKX,2012-11-28,510,1.0
UKX,2012-11-29,506,0.9921568627450981
UKX,2012-11-30,510,1.0
UKX,2012-12-03,510,1.0
UKX,2012-12-04,510,1.0
UKX,2012-12-05,510,1.0
UKX,2012-12-06,509,0.9980392156862745
UKX,2012-12-07,510,1.0
UKX,2012-12-10,472,0.9254901960784314
UKX,2012-12-11,441,0.8647058823529412
UKX,2012-12-12,509,0.9980392156862745
UKX,2012-12-13,509,0.9980392156862745
UKX,2012-12-14,510,1.0
UKX,2012-12-17,510,1.0
UKX,2012-12-18,510,1.0
UKX,2012-12-19,510,1.0
UKX,2012-12-20,495,0.9705882352941176
UKX,2012-12-21,506,0.9921568627450981
UKX,2012-12-24,275,0.5392156862745098
UKX,2012-12-26,1,0.00196078431372549
UKX,2012-12-27,510,1.0
UKX,2012-12-28,508,0.996078431372549
UKX,2012-12-31,274,0.5372549019607843
UKX,2013-01-02,510,1.0
UKX,2013-01-03,510,1.0
UKX,2013-01-04,510,1.0
UKX,2013-01-07,510,1.0
UKX,2013-01-08,510,1.0
UKX,2013-01-09,510,1.0
UKX,2013-01-10,510,1.0
UKX,2013-01-11,510,1.0
UKX,2013-01-14,510,1.0
UKX,2013-01-15,493,0.9666666666666667
UKX,2013-01-16,510,1.0
UKX,2013-01-17,510,1.0
UKX,2013-01-18,506,0.9921568627450981
UKX,2013-01-21,510,1.0
UKX,2013-01-22,510,1.0
UKX,2013-01-23,510,1.0
UKX,2013-01-24,509,0.9980392156862745
UKX,2013-01-25,509,0.9980392156862745
UKX,2013-01-28,509,0.9980392156862745
UKX,2013-01-29,510,1.0
UKX,2013-01-30,510,1.0
UKX,2013-01-31,510,1.0
UKX,2013-02-01,509,0.9980392156862745
UKX,2013-02-04,509,0.9980392156862745
UKX,2013-02-05,510,1.0
UKX,2013-02-06,510,1.0
UKX,2013-02-07,510,1.0
UKX,2013-02-08,508,0.996078431372549
UKX,2013-02-11,510,1.0
UKX,2013-02-12,510,1.0
UKX,2013-02-13,510,1.0
UKX,2013-02-14,510,1.0
UKX,2013-02-15,506,0.9921568627450981
UKX,2013-02-18,510,1.0
UKX,2013-02-19,510,1.0
UKX,2013-02-20,510,1.0
UKX,2013-02-21,510,1.0
UKX,2013-02-22,510,1.0
UKX,2013-02-27,1,0.00196078431372549
UKX,2013-03-01,97,0.19019607843137254
UKX,2013-03-04,510,1.0
UKX,2013-03-05,510,1.0
UKX,2013-03-06,187,0.36666666666666664
UKX,2013-03-07,510,1.0
UKX,2013-03-08,510,1.0
UKX,2013-03-11,510,1.0
UKX,2013-03-12,509,0.9980392156862745
UKX,2013-03-13,510,1.0
UKX,2013-03-14,381,0.7470588235294118
UKX,2013-03-15,506,0.9921568627450981
UKX,2013-03-18,510,1.0
UKX,2013-03-19,510,1.0
UKX,2013-03-20,510,1.0
UKX,2013-03-21,510,1.0
UKX,2013-03-22,510,1.0
UKX,2013-03-25,509,0.9980392156862745
UKX,2013-03-26,168,0.32941176470588235
UKX,2013-03-27,395,0.7745098039215687
UKX,2013-03-28,510,1.0
UKX,2013-04-02,510,1.0
UKX,2013-04-03,510,1.0
UKX,2013-04-04,510,1.0
UKX,2013-04-05,509,0.9980392156862745
UKX,2013-04-08,510,1.0
UKX,2013-04-09,510,1.0
UKX,2013-04-10,510,1.0
UKX,2013-04-11,510,1.0
UKX,2013-04-12,510,1.0
UKX,2013-04-15,183,0.3588235294117647
UKX,2013-04-16,510,1.0
UKX,2013-04-17,510,1.0
UKX,2013-04-18,330,0.6470588235294118
UKX,2013-04-22,507,0.9941176470588236
UKX,2013-04-23,510,1.0
UKX,2013-04-24,221,0.43333333333333335
UKX,2013-04-25,508,0.996078431372549
UKX,2013-04-26,510,1.0
UKX,2013-04-29,510,1.0
UKX,2013-04-30,510,1.0
UKX,2013-05-01,510,1.0
UKX,2013-05-02,510,1.0
UKX,2013-05-03,510,1.0
UKX,2013-05-07,510,1.0
UKX,2013-05-08,510,1.0
UKX,2013-05-09,510,1.0
UKX,2013-05-10,508,0.996078431372549
UKX,2013-05-13,510,1.0
UKX,2013-05-14,510,1.0
UKX,2013-05-15,509,0.9980392156862745
UKX,2013-05-16,60,0.11764705882352941
UKX,2013-05-17,123,0.2411764705882353
UKX,2013-05-20,94,0.1843137254901961
UKX,2013-05-23,509,0.9980392156862745
UKX,2013-05-24,510,1.0
UKX,2013-05-27,474,0.9294117647058824
UKX,2013-05-28,510,1.0
UKX,2013-05-29,510,1.0
UKX,2013-05-30,510,1.0
UKX,2013-05-31,510,1.0
UKX,2013-06-03,9,0.01764705882352941
UKX,2013-06-04,510,1.0
UKX,2013-06-05,510,1.0
UKX,2013-06-06,510,1.0
UKX,2013-06-07,510,1.0
UKX,2013-06-10,510,1.0
UKX,2013-06-11,510,1.0
UKX,2013-06-12,221,0.43333333333333335
UKX,2013-06-13,510,1.0
UKX,2013-06-14,510,1.0
UKX,2013-06-17,241,0.4725490196078431
UKX,2013-06-18,510,1.0
UKX,2013-06-19,510,1.0
UKX,2013-06-20,510,1.0
UKX,2013-06-21,510,1.0
UKX,2013-06-24,510,1.0
UKX,2013-06-25,510,1.0
UKX,2013-06-26,507,0.9941176470588236
UKX,2013-06-27,510,1.0
UKX,2013-06-28,510,1.0
UKX,2013-07-01,510,1.0
UKX,2013-07-02,510,1.0
UKX,2013-07-03,510,1.0
UKX,2013-07-04,510,1.0
UKX,2013-07-05,510,1.0
UKX,2013-07-08,510,1.0
UKX,2013-07-09,510,1.0
UKX,2013-07-10,510,1.0
UKX,2013-07-11,510,1.0
UKX,2013-07-12,510,1.0
UKX,2013-07-15,510,1.0
UKX,2013-07-16,510,1.0
UKX,2013-07-17,510,1.0
UKX,2013-07-18,510,1.0
UKX,2013-07-19,510,1.0
UKX,2013-07-22,510,1.0
UKX,2013-07-23,510,1.0
UKX,2013-07-24,510,1.0
UKX,2013-07-25,510,1.0
UKX,2013-07-26,510,1.0
UKX,2013-07-29,510,1.0
UKX,2013-07-30,510,1.0
UKX,2013-07-31,510,1.0
UKX,2013-08-01,510,1.0
UKX,2013-08-02,510,1.0
UKX,2013-08-05,510,1.0
UKX,2013-08-06,510,1.0
UKX,2013-08-07,510,1.0
UKX,2013-08-08,510,1.0
UKX,2013-08-09,462,0.9058823529411765
UKX,2013-08-12,395,0.7745098039215687
UKX,2013-08-13,510,1.0
UKX,2013-08-14,510,1.0
UKX,2013-08-15,510,1.0
UKX,2013-08-16,510,1.0
UKX,2013-08-19,510,1.0
UKX,2013-08-20,510,1.0
UKX,2013-08-21,510,1.0
UKX,2013-08-22,495,0.9705882352941176
UKX,2013-08-23,510,1.0
UKX,2013-08-26,73,0.14313725490196078
UKX,2013-08-27,290,0.5686274509803921
UKX,2013-08-28,478,0.9372549019607843
UKX,2013-08-29,487,0.9549019607843138
UKX,2013-08-30,510,1.0
UKX,2013-09-02,469,0.9196078431372549
UKX,2013-09-03,510,1.0
UKX,2013-09-04,510,1.0
UKX,2013-09-05,510,1.0
UKX,2013-09-06,510,1.0
UKX,2013-09-09,510,1.0
UKX,2013-09-10,510,1.0
UKX,2013-09-11,510,1.0
UKX,2013-09-12,510,1.0
UKX,2013-09-13,509,0.9980392156862745
UKX,2013-09-16,510,1.0
UKX,2013-09-17,510,1.0
UKX,2013-09-18,510,1.0
UKX,2013-09-19,510,1.0
UKX,2013-09-20,501,0.9823529411764705
UKX,2013-09-23,509,0.9980392156862745
UKX,2013-09-24,510,1.0
UKX,2013-09-25,510,1.0
UKX,2013-09-26,510,1.0
UKX,2013-09-27,490,0.9607843137254902
UKX,2013-09-30,207,0.40588235294117647
UKX,2013-10-01,415,0.8137254901960784
UKX,2013-10-02,400,0.7843137254901961
UKX,2013-10-03,279,0.5470588235294118
UKX,2013-10-04,407,0.7980392156862746
UKX,2013-10-07,442,0.8666666666666667
UKX,2013-10-08,405,0.7941176470588235
UKX,2013-10-09,392,0.7686274509803922
UKX,2013-10-10,333,0.6529411764705882
UKX,2013-10-11,441,0.8647058823529412
UKX,2013-10-14,331,0.6490196078431373
UKX,2013-10-15,177,0.34705882352941175
UKX,2013-10-16,44,0.08627450980392157
UKX,2013-10-17,443,0.8686274509803922
UKX,2013-10-18,506,0.9921568627450981
UKX,2013-10-21,325,0.6372549019607843
UKX,2013-10-22,338,0.6627450980392157
UKX,2013-10-23,482,0.9450980392156862
UKX,2013-10-24,507,0.9941176470588236
UKX,2013-10-25,470,0.9215686274509803
UKX,2013-10-28,344,0.6745098039215687
UKX,2013-10-29,510,1.0
UKX,2013-10-30,510,1.0
UKX,2013-10-31,510,1.0
UKX,2013-11-01,510,1.0
UKX,2013-11-04,510,1.0
UKX,2013-11-05,510,1.0
UKX,2013-11-06,510,1.0
UKX,2013-11-07,510,1.0
UKX,2013-11-08,510,1.0
UKX,2013-11-11,510,1.0
UKX,2013-11-12,510,1.0
UKX,2013-11-13,510,1.0
UKX,2013-11-14,510,1.0
UKX,2013-11-15,510,1.0
UKX,2013-11-18,510,1.0
UKX,2013-11-19,510,1.0
UKX,2013-11-20,510,1.0
UKX,2013-11-21,510,1.0
UKX,2013-11-22,510,1.0
UKX,2013-11-25,510,1.0
UKX,2013-11-26,510,1.0
UKX,2013-11-27,510,1.0
UKX,2013-11-28,509,0.9980392156862745
UKX,2013-11-29,510,1.0
UKX,2013-12-02,509,0.9980392156862745
UKX,2013-12-03,510,1.0
UKX,2013-12-04,510,1.0
UKX,2013-12-05,510,1.0
UKX,2013-12-06,510,1.0
UKX,2013-12-09,510,1.0
UKX,2013-12-10,510,1.0
UKX,2013-12-11,510,1.0
UKX,2013-12-12,510,1.0
UKX,2013-12-13,509,0.9980392156862745
UKX,2013-12-16,510,1.0
UKX,2013-12-17,510,1.0
UKX,2013-12-18,510,1.0
UKX,2013-12-19,510,1.0
UKX,2013-12-20,510,1.0
UKX,2013-12-23,510,1.0
UKX,2013-12-24,304,0.596078431372549
UKX,2013-12-25,33,0.06470588235294118
UKX,2013-12-26,35,0.06862745098039216
UKX,2013-12-27,510,1.0
UKX,2013-12-30,510,1.0
UKX,2013-12-31,285,0.5588235294117647
UKX,2014-01-01,35,0.06862745098039216
UKX,2014-01-02,510,1.0
UKX,2014-01-03,510,1.0
UKX,2014-01-06,510,1.0
UKX,2014-01-07,510,1.0
UKX,2014-01-08,510,1.0
UKX,2014-01-09,510,1.0
UKX,2014-01-10,510,1.0
UKX,2014-01-13,510,1.0
UKX,2014-01-14,510,1.0
UKX,2014-01-15,510,1.0
UKX,2014-01-16,510,1.0
UKX,2014-01-17,510,1.0
UKX,2014-01-20,510,1.0
UKX,2014-01-21,510,1.0
UKX,2014-01-22,510,1.0
UKX,2014-01-23,510,1.0
UKX,2014-01-24,510,1.0
UKX,2014-01-27,510,1.0
UKX,2014-01-28,510,1.0
UKX,2014-01-29,510,1.0
UKX,2014-01-30,510,1.0
UKX,2014-01-31,510,1.0
UKX,2014-02-03,510,1.0
UKX,2014-02-04,510,1.0
UKX,2014-02-05,510,1.0
UKX,2014-02-06,97,0.19019607843137254
UKX,2014-02-07,401,0.7862745098039216
UKX,2014-02-10,509,0.9980392156862745
UKX,2014-02-11,510,1.0
UKX,2014-02-12,505,0.9901960784313726
UKX,2014-02-13,501,0.9823529411764705
UKX,2014-02-14,510,1.0
UKX,2014-02-17,510,1.0
UKX,2014-02-18,510,1.0
UKX,2014-02-19,509,0.9980392156862745
UKX,2014-02-20,510,1.0
UKX,2014-02-21,510,1.0
UKX,2014-02-24,510,1.0
UKX,2014-02-25,510,1.0
UKX,2014-02-26,510,1.0
UKX,2014-02-27,510,1.0
UKX,2014-02-28,510,1.0
UKX,2014-03-03,510,1.0
UKX,2014-03-04,510,1.0
UKX,2014-03-05,508,0.996078431372549
UKX,2014-03-06,510,1.0
UKX,2014-03-07,510,1.0
UKX,2014-03-10,510,1.0
UKX,2014-03-11,510,1.0
UKX,2014-03-12,509,0.9980392156862745
UKX,2014-03-13,510,1.0
UKX,2014-03-14,510,1.0
UKX,2014-03-17,510,1.0
UKX,2014-03-18,510,1.0
UKX,2014-03-19,477,0.9352941176470588
UKX,2014-03-20,510,1.0
UKX,2014-03-21,510,1.0
UKX,2014-03-24,510,1.0
UKX,2014-03-25,510,1.0
UKX,2014-03-26,510,1.0
UKX,2014-03-27,510,1.0
UKX,2014-03-28,510,1.0
UKX,2014-03-31,510,1.0
UKX,2014-04-01,510,1.0
UKX,2014-04-02,510,1.0
UKX,2014-04-03,510,1.0
UKX,2014-04-04,510,1.0
UKX,2014-04-07,388,0.7607843137254902
UKX,2014-04-08,509,0.9980392156862745
UKX,2014-04-09,510,1.0
UKX,2014-04-10,510,1.0
UKX,2014-04-11,507,0.9941176470588236
UKX,2014-04-14,510,1.0
UKX,2014-04-15,510,1.0
UKX,2014-04-16,510,1.0
UKX,2014-04-17,510,1.0
UKX,2014-04-21,438,0.8588235294117647
UKX,2014-04-22,510,1.0
UKX,2014-04-23,510,1.0
UKX,2014-04-24,510,1.0
UKX,2014-04-25,510,1.0
UKX,2014-04-28,510,1.0
UKX,2014-04-29,510,1.0
UKX,2014-04-30,510,1.0
UKX,2014-05-01,506,0.9921568627450981
UKX,2014-05-02,510,1.0
UKX,2014-05-05,509,0.9980392156862745
UKX,2014-05-06,510,1.0
UKX,2014-05-07,510,1.0
UKX,2014-05-08,510,1.0
UKX,2014-05-09,510,1.0
UKX,2014-05-12,440,0.8627450980392157
UKX,2014-05-13,510,1.0
UKX,2014-05-14,510,1.0
UKX,2014-05-15,510,1.0
UKX,2014-05-16,510,1.0
UKX,2014-05-19,510,1.0
UKX,2014-05-20,510,1.0
UKX,2014-05-21,510,1.0
UKX,2014-05-22,510,1.0
UKX,2014-05-23,509,0.9980392156862745
UKX,2014-05-26,484,0.9490196078431372
UKX,2014-05-27,510,1.0
UKX,2014-05-28,510,1.0
UKX,2014-05-29,510,1.0
UKX,2014-05-30,509,0.9980392156862745
UKX,2014-06-02,510,1.0
UKX,2014-06-03,509,0.9980392156862745
UKX,2014-06-04,508,0.996078431372549
UKX,2014-06-05,510,1.0
UKX,2014-06-06,510,1.0
UKX,2014-06-09,503,0.9862745098039216
UKX,2014-06-10,508,0.996078431372549
UKX,2014-06-11,510,1.0
UKX,2014-06-12,509,0.9980392156862745
UKX,2014-06-13,510,1.0
UKX,2014-06-16,509,0.9980392156862745
UKX,2014-06-17,510,1.0
UKX,2014-06-18,509,0.9980392156862745
UKX,2014-06-19,510,1.0
UKX,2014-06-20,505,0.9901960784313726
UKX,2014-06-23,509,0.9980392156862745
UKX,2014-06-24,507,0.9941176470588236
UKX,2014-06-25,509,0.9980392156862745
UKX,2014-06-26,510,1.0
UKX,2014-06-27,510,1.0
UKX,2014-06-30,509,0.9980392156862745
UKX,2014-07-01,508,0.996078431372549
UKX,2014-07-02,483,0.9470588235294117
UKX,2014-07-03,510,1.0
UKX,2014-07-04,509,0.9980392156862745
UKX,2014-07-07,508,0.996078431372549
UKX,2014-07-08,510,1.0
UKX,2014-07-09,509,0.9980392156862745
UKX,2014-07-10,510,1.0
UKX,2014-07-11,510,1.0
UKX,2014-07-14,510,1.0
UKX,2014-07-15,510,1.0
UKX,2014-07-16,510,1.0
UKX,2014-07-17,510,1.0
UKX,2014-07-18,509,0.9980392156862745
UKX,2014-07-21,471,0.9235294117647059
UKX,2014-07-22,509,0.9980392156862745
UKX,2014-07-23,510,1.0
UKX,2014-07-24,507,0.9941176470588236
UKX,2014-07-25,510,1.0
UKX,2014-07-28,510,1.0
UKX,2014-07-29,509,0.9980392156862745
UKX,2014-07-30,510,1.0
UKX,2014-07-31,445,0.8725490196078431
UKX,2014-08-01,253,0.49607843137254903
UKX,2014-08-04,510,1.0
UKX,2014-08-05,510,1.0
UKX,2014-08-06,510,1.0
UKX,2014-08-07,510,1.0
UKX,2014-08-08,510,1.0
UKX,2014-08-11,510,1.0
UKX,2014-08-12,510,1.0
UKX,2014-08-13,510,1.0
UKX,2014-08-14,508,0.996078431372549
UKX,2014-08-15,509,0.9980392156862745
UKX,2014-08-18,507,0.9941176470588236
UKX,2014-08-19,503,0.9862745098039216
UKX,2014-08-20,508,0.996078431372549
UKX,2014-08-21,506,0.9921568627450981
UKX,2014-08-22,509,0.9980392156862745
UKX,2014-08-25,379,0.7431372549019608
UKX,2014-08-26,507,0.9941176470588236
UKX,2014-08-27,499,0.9784313725490196
UKX,2014-08-28,506,0.9921568627450981
UKX,2014-08-29,509,0.9980392156862745
UKX,2014-09-01,505,0.9901960784313726
UKX,2014-09-02,509,0.9980392156862745
UKX,2014-09-03,510,1.0
UKX,2014-09-04,510,1.0
UKX,2014-09-05,510,1.0
UKX,2014-09-08,510,1.0
UKX,2014-09-09,507,0.9941176470588236
UKX,2014-09-10,510,1.0
UKX,2014-09-11,510,1.0
UKX,2014-09-12,507,0.9941176470588236
UKX,2014-09-15,505,0.9901960784313726
UKX,2014-09-16,502,0.984313725490196
UKX,2014-09-17,507,0.9941176470588236
UKX,2014-09-18,507,0.9941176470588236
UKX,2014-09-19,510,1.0
UKX,2014-09-22,509,0.9980392156862745
UKX,2014-09-23,509,0.9980392156862745
UKX,2014-09-24,507,0.9941176470588236
UKX,2014-09-25,477,0.9352941176470588
UKX,2014-09-26,510,1.0
UKX,2014-09-29,510,1.0
UKX,2014-09-30,510,1.0
UKX,2014-10-01,510,1.0
UKX,2014-10-02,510,1.0
UKX,2014-10-03,505,0.9901960784313726
UKX,2014-10-06,510,1.0
UKX,2014-10-07,510,1.0
UKX,2014-10-08,510,1.0
UKX,2014-10-09,510,1.0
UKX,2014-10-10,510,1.0
UKX,2014-10-13,510,1.0
UKX,2014-10-14,510,1.0
UKX,2014-10-15,510,1.0
UKX,2014-10-16,510,1.0
UKX,2014-10-17,510,1.0
UKX,2014-10-20,510,1.0
UKX,2014-10-21,510,1.0
UKX,2014-10-22,510,1.0
UKX,2014-10-23,510,1.0
UKX,2014-10-24,509,0.9980392156862745
UKX,2014-10-27,510,1.0
UKX,2014-10-28,510,1.0
UKX,2014-10-29,510,1.0
UKX,2014-10-30,510,1.0
UKX,2014-10-31,510,1.0
UKX,2014-11-03,510,1.0
UKX,2014-11-04,510,1.0
UKX,2014-11-05,509,0.9980392156862745
UKX,2014-11-06,510,1.0
UKX,2014-11-07,510,1.0
UKX,2014-11-10,509,0.9980392156862745
UKX,2014-11-11,510,1.0
UKX,2014-11-12,510,1.0
UKX,2014-11-13,510,1.0
UKX,2014-11-14,510,1.0
UKX,2014-11-17,508,0.996078431372549
UKX,2014-11-18,508,0.996078431372549
UKX,2014-11-19,510,1.0
UKX,2014-11-20,510,1.0
UKX,2014-11-21,510,1.0
UKX,2014-11-24,500,0.9803921568627451
UKX,2014-11-25,508,0.996078431372549
UKX,2014-11-26,510,1.0
UKX,2014-11-27,484,0.9490196078431372
UKX,2014-11-28,508,0.996078431372549
UKX,2014-12-01,508,0.996078431372549
UKX,2014-12-02,510,1.0
UKX,2014-12-03,509,0.9980392156862745
UKX,2014-12-04,508,0.996078431372549
UKX,2014-12-05,510,1.0
UKX,2014-12-08,510,1.0
UKX,2014-12-09,510,1.0
UKX,2014-12-10,505,0.9901960784313726
UKX,2014-12-11,508,0.996078431372549
UKX,2014-12-12,504,0.9882352941176471
UKX,2014-12-15,502,0.984313725490196
UKX,2014-12-16,508,0.996078431372549
UKX,2014-12-17,510,1.0
UKX,2014-12-18,510,1.0
UKX,2014-12-19,510,1.0
UKX,2014-12-22,508,0.996078431372549
UKX,2014-12-23,509,0.9980392156862745
UKX,2014-12-24,231,0.45294117647058824
UKX,2014-12-31,236,0.4627450980392157
UKX,2015-01-02,509,0.9980392156862745
UKX,2015-01-05,510,1.0
UKX,2015-01-06,510,1.0
UKX,2015-01-07,510,1.0
UKX,2015-01-08,510,1.0
UKX,2015-01-09,510,1.0
UKX,2015-01-12,510,1.0
UKX,2015-01-13,510,1.0
UKX,2015-01-14,510,1.0
UKX,2015-01-15,510,1.0
UKX,2015-01-16,510,1.0
UKX,2015-01-19,510,1.0
UKX,2015-01-20,510,1.0
UKX,2015-01-21,510,1.0
UKX,2015-01-22,510,1.0
UKX,2015-01-23,510,1.0
UKX,2015-01-26,510,1.0
UKX,2015-01-27,510,1.0
UKX,2015-01-28,510,1.0
UKX,2015-01-29,510,1.0
UKX,2015-01-30,510,1.0
UKX,2015-02-02,510,1.0
UKX,2015-02-03,510,1.0
UKX,2015-02-04,501,0.9823529411764705
UKX,2015-02-05,510,1.0
UKX,2015-02-06,510,1.0
UKX,2015-02-09,510,1.0
UKX,2015-02-10,510,1.0
UKX,2015-02-11,510,1.0
UKX,2015-02-12,510,1.0
UKX,2015-02-13,510,1.0
UKX,2015-02-16,510,1.0
UKX,2015-02-17,510,1.0
UKX,2015-02-18,510,1.0
UKX,2015-02-19,506,0.9921568627450981
UKX,2015-02-20,510,1.0
UKX,2015-02-23,509,0.9980392156862745
UKX,2015-02-24,510,1.0
UKX,2015-02-25,510,1.0
UKX,2015-02-26,510,1.0
UKX,2015-02-27,509,0.9980392156862745
UKX,2015-03-02,507,0.9941176470588236
UKX,2015-03-03,508,0.996078431372549
UKX,2015-03-04,510,1.0
UKX,2015-03-05,507,0.9941176470588236
UKX,2015-03-06,509,0.9980392156862745
UKX,2015-03-09,508,0.996078431372549
UKX,2015-03-10,510,1.0
UKX,2015-03-11,509,0.9980392156862745
UKX,2015-03-12,509,0.9980392156862745
UKX,2015-03-13,510,1.0
UKX,2015-03-16,509,0.9980392156862745
UKX,2015-03-17,510,1.0
UKX,2015-03-18,510,1.0
UKX,2015-03-19,510,1.0
UKX,2015-03-20,510,1.0
UKX,2015-03-23,510,1.0
UKX,2015-03-24,509,0.9980392156862745
UKX,2015-03-25,510,1.0
UKX,2015-03-26,510,1.0
UKX,2015-03-27,510,1.0
UKX,2015-03-30,510,1.0
UKX,2015-03-31,510,1.0
UKX,2015-04-01,510,1.0
UKX,2015-04-02,508,0.996078431372549
UKX,2015-04-07,509,0.9980392156862745
UKX,2015-04-08,510,1.0
UKX,2015-04-09,509,0.9980392156862745
UKX,2015-04-10,510,1.0
UKX,2015-04-13,510,1.0
UKX,2015-04-14,510,1.0
UKX,2015-04-15,510,1.0
UKX,2015-04-16,510,1.0
UKX,2015-04-17,510,1.0
UKX,2015-04-20,510,1.0
UKX,2015-04-21,510,1.0
UKX,2015-04-22,510,1.0
UKX,2015-04-23,510,1.0
UKX,2015-04-24,510,1.0
UKX,2015-04-27,510,1.0
UKX,2015-04-28,510,1.0
UKX,2015-04-29,510,1.0
UKX,2015-04-30,510,1.0
UKX,2015-05-01,500,0.9803921568627451
UKX,2015-05-04,510,1.0
UKX,2015-05-05,510,1.0
UKX,2015-05-06,438,0.8588235294117647
UKX,2015-05-07,510,1.0
UKX,2015-05-08,510,1.0
UKX,2015-05-11,510,1.0
UKX,2015-05-12,510,1.0
UKX,2015-05-13,510,1.0
UKX,2015-05-14,510,1.0
UKX,2015-05-15,510,1.0
UKX,2015-05-18,510,1.0
UKX,2015-05-19,510,1.0
UKX,2015-05-20,510,1.0
UKX,2015-05-21,509,0.9980392156862745
UKX,2015-05-22,510,1.0
UKX,2015-05-25,497,0.9745098039215686
UKX,2015-05-26,509,0.9980392156862745
UKX,2015-05-27,510,1.0
UKX,2015-05-28,510,1.0
UKX,2015-05-29,510,1.0
UKX,2015-06-01,510,1.0
UKX,2015-06-02,508,0.996078431372549
UKX,2015-06-03,510,1.0
UKX,2015-06-04,510,1.0
UKX,2015-06-05,510,1.0
UKX,2015-06-08,510,1.0
UKX,2015-06-09,510,1.0
UKX,2015-06-10,509,0.9980392156862745
UKX,2015-06-11,510,1.0
UKX,2015-06-12,470,0.9215686274509803
UKX,2015-06-15,510,1.0
UKX,2015-06-16,510,1.0
UKX,2015-06-17,510,1.0
UKX,2015-06-18,510,1.0
UKX,2015-06-19,510,1.0
UKX,2015-06-22,510,1.0
UKX,2015-06-23,510,1.0
UKX,2015-06-24,510,1.0
UKX,2015-06-25,510,1.0
UKX,2015-06-26,509,0.9980392156862745
UKX,2015-06-29,510,1.0
UKX,2015-06-30,510,1.0
UKX,2015-07-01,510,1.0
UKX,2015-07-02,510,1.0
UKX,2015-07-03,510,1.0
UKX,2015-07-06,510,1.0
UKX,2015-07-07,510,1.0
UKX,2015-07-08,510,1.0
UKX,2015-07-09,510,1.0
UKX,2015-07-10,510,1.0
UKX,2015-07-13,509,0.9980392156862745
UKX,2015-07-14,510,1.0
UKX,2015-07-15,510,1.0
UKX,2015-07-16,510,1.0
UKX,2015-07-17,510,1.0
UKX,2015-07-20,510,1.0
UKX,2015-07-21,510,1.0
UKX,2015-07-22,510,1.0
UKX,2015-07-23,510,1.0
UKX,2015-07-24,510,1.0
UKX,2015-07-27,510,1.0
UKX,2015-07-28,510,1.0
UKX,2015-07-29,510,1.0
UKX,2015-07-30,510,1.0
UKX,2015-07-31,510,1.0
UKX,2015-08-03,510,1.0
UKX,2015-08-04,510,1.0
UKX,2015-08-05,510,1.0
UKX,2015-08-06,510,1.0
UKX,2015-08-07,510,1.0
UKX,2015-08-10,510,1.0
UKX,2015-08-11,510,1.0
UKX,2015-08-12,510,1.0
UKX,2015-08-13,510,1.0
UKX,2015-08-14,440,0.8627450980392157
UKX,2015-08-17,510,1.0
UKX,2015-08-18,510,1.0
UKX,2015-08-19,510,1.0
UKX,2015-08-20,510,1.0
UKX,2015-08-21,510,1.0
UKX,2015-08-24,510,1.0
UKX,2015-08-25,510,1.0
UKX,2015-08-26,510,1.0
UKX,2015-08-27,510,1.0
UKX,2015-08-28,510,1.0
UKX,2015-08-31,510,1.0
UKX,2015-09-01,510,1.0
UKX,2015-09-02,510,1.0
UKX,2015-09-03,510,1.0
UKX,2015-09-04,510,1.0
UKX,2015-09-07,510,1.0
UKX,2015-09-08,510,1.0
UKX,2015-09-09,510,1.0
UKX,2015-09-10,510,1.0
UKX,2015-09-11,510,1.0
UKX,2015-09-14,510,1.0
UKX,2015-09-15,510,1.0
UKX,2015-09-16,510,1.0
UKX,2015-09-17,510,1.0
UKX,2015-09-18,510,1.0
UKX,2015-09-21,510,1.0
UKX,2015-09-22,510,1.0
UKX,2015-09-23,510,1.0
UKX,2015-09-24,510,1.0
UKX,2015-09-25,510,1.0
UKX,2015-09-28,510,1.0
UKX,2015-09-29,510,1.0
UKX,2015-09-30,510,1.0
UKX,2015-10-01,510,1.0
UKX,2015-10-02,510,1.0
UKX,2015-10-05,510,1.0
UKX,2015-10-06,510,1.0
UKX,2015-10-07,510,1.0
UKX,2015-10-08,510,1.0
UKX,2015-10-09,510,1.0
UKX,2015-10-12,510,1.0
UKX,2015-10-13,510,1.0
UKX,2015-10-14,509,0.9980392156862745
UKX,2015-10-15,510,1.0
UKX,2015-10-16,510,1.0
UKX,2015-10-19,510,1.0
UKX,2015-10-20,510,1.0
UKX,2015-10-21,510,1.0
UKX,2015-10-22,510,1.0
UKX,2015-10-23,510,1.0
UKX,2015-10-26,510,1.0
UKX,2015-10-27,510,1.0
UKX,2015-10-28,510,1.0
UKX,2015-10-29,510,1.0
UKX,2015-10-30,510,1.0
UKX,2015-11-02,510,1.0
UKX,2015-11-03,510,1.0
UKX,2015-11-04,510,1.0
UKX,2015-11-05,510,1.0
UKX,2015-11-06,510,1.0
UKX,2015-11-09,510,1.0
UKX,2015-11-10,510,1.0
UKX,2015-11-11,509,0.9980392156862745
UKX,2015-11-12,510,1.0
UKX,2015-11-13,510,1.0
UKX,2015-11-16,510,1.0
UKX,2015-11-17,510,1.0
UKX,2015-11-18,510,1.0
UKX,2015-11-19,510,1.0
UKX,2015-11-20,510,1.0
UKX,2015-11-23,510,1.0
UKX,2015-11-24,510,1.0
UKX,2015-11-25,510,1.0
UKX,2015-11-26,510,1.0
UKX,2015-11-27,510,1.0
UKX,2015-11-30,510,1.0
UKX,2015-12-01,510,1.0
UKX,2015-12-02,510,1.0
UKX,2015-12-03,510,1.0
UKX,2015-12-04,510,1.0
UKX,2015-12-07,506,0.9921568627450981
UKX,2015-12-08,510,1.0
UKX,2015-12-09,510,1.0
UKX,2015-12-10,510,1.0
UKX,2015-12-11,510,1.0
UKX,2015-12-14,510,1.0
UKX,2015-12-15,510,1.0
UKX,2015-12-16,510,1.0
UKX,2015-12-17,510,1.0
UKX,2015-12-18,510,1.0
UKX,2015-12-21,510,1.0
UKX,2015-12-22,510,1.0
UKX,2015-12-23,510,1.0
UKX,2015-12-24,241,0.4725490196078431
UKX,2015-12-29,510,1.0
UKX,2015-12-30,510,1.0
UKX,2015-12-31,241,0.4725490196078431
UKX,2016-01-04,510,1.0
UKX,2016-01-05,510,1.0
UKX,2016-01-06,510,1.0
UKX,2016-01-07,510,1.0
UKX,2016-01-08,510,1.0
UKX,2016-01-11,510,1.0
UKX,2016-01-12,510,1.0
UKX,2016-01-13,510,1.0
UKX,2016-01-14,510,1.0
UKX,2016-01-15,510,1.0
UKX,2016-01-18,510,1.0
UKX,2016-01-19,510,1.0
UKX,2016-01-20,510,1.0
UKX,2016-01-21,510,1.0
UKX,2016-01-22,510,1.0
UKX,2016-01-25,510,1.0
UKX,2016-01-26,510,1.0
UKX,2016-01-27,510,1.0
UKX,2016-01-28,510,1.0
UKX,2016-01-29,510,1.0
UKX,2016-02-01,510,1.0
UKX,2016-02-02,510,1.0
UKX,2016-02-03,510,1.0
UKX,2016-02-04,510,1.0
UKX,2016-02-05,510,1.0
UKX,2016-02-08,510,1.0
UKX,2016-02-09,510,1.0
UKX,2016-02-10,510,1.0
UKX,2016-02-11,510,1.0
UKX,2016-02-12,510,1.0
UKX,2016-02-15,489,0.9588235294117647
UKX,2016-02-16,510,1.0
UKX,2016-02-17,510,1.0
UKX,2016-02-18,510,1.0
UKX,2016-02-19,510,1.0
UKX,2016-02-22,510,1.0
UKX,2016-02-23,510,1.0
UKX,2016-02-24,510,1.0
UKX,2016-02-25,510,1.0
UKX,2016-02-26,510,1.0
UKX,2016-02-29,510,1.0
UKX,2016-03-01,510,1.0
UKX,2016-03-02,510,1.0
UKX,2016-03-03,510,1.0
UKX,2016-03-04,510,1.0
UKX,2016-03-07,510,1.0
UKX,2016-03-08,510,1.0
UKX,2016-03-09,510,1.0
UKX,2016-03-10,510,1.0
UKX,2016-03-11,510,1.0
UKX,2016-03-14,510,1.0
UKX,2016-03-15,510,1.0
UKX,2016-03-16,510,1.0
UKX,2016-03-17,510,1.0
UKX,2016-03-18,510,1.0
UKX,2016-03-21,510,1.0
UKX,2016-03-22,510,1.0
UKX,2016-03-23,510,1.0
UKX,2016-03-24,510,1.0
UKX,2016-03-29,510,1.0
UKX,2016-03-30,510,1.0
UKX,2016-03-31,510,1.0
UKX,2016-04-01,510,1.0
UKX,2016-04-04,510,1.0
UKX,2016-04-05,510,1.0
UKX,2016-04-06,510,1.0
UKX,2016-04-07,510,1.0
UKX,2016-04-08,510,1.0
UKX,2016-04-11,510,1.0
UKX,2016-04-12,510,1.0
UKX,2016-04-13,510,1.0
UKX,2016-04-14,510,1.0
UKX,2016-04-15,510,1.0
UKX,2016-04-18,510,1.0
UKX,2016-04-19,510,1.0
UKX,2016-04-20,510,1.0
UKX,2016-04-21,510,1.0
UKX,2016-04-22,510,1.0
UKX,2016-04-25,510,1.0
UKX,2016-04-26,510,1.0
UKX,2016-04-27,510,1.0
UKX,2016-04-28,510,1.0
UKX,2016-04-29,510,1.0
UKX,2016-05-02,510,1.0
UKX,2016-05-03,510,1.0
UKX,2016-05-04,510,1.0
UKX,2016-05-05,510,1.0
UKX,2016-05-06,510,1.0
UKX,2016-05-09,510,1.0
UKX,2016-05-10,510,1.0
UKX,2016-05-11,510,1.0
UKX,2016-05-12,510,1.0
UKX,2016-05-13,510,1.0
UKX,2016-05-16,510,1.0
UKX,2016-05-17,510,1.0
UKX,2016-05-18,510,1.0
UKX,2016-05-19,510,1.0
UKX,2016-05-20,510,1.0
UKX,2016-05-23,510,1.0
UKX,2016-05-24,510,1.0
UKX,2016-05-25,510,1.0
UKX,2016-05-26,510,1.0
UKX,2016-05-27,510,1.0
UKX,2016-05-31,510,1.0
UKX,2016-06-01,510,1.0
UKX,2016-06-02,510,1.0
UKX,2016-06-03,510,1.0
UKX,2016-06-06,510,1.0
UKX,2016-06-07,510,1.0
UKX,2016-06-08,510,1.0
UKX,2016-06-09,510,1.0
UKX,2016-06-10,510,1.0
UKX,2016-06-13,510,1.0
UKX,2016-06-14,510,1.0
UKX,2016-06-15,510,1.0
UKX,2016-06-16,510,1.0
UKX,2016-06-17,510,1.0
UKX,2016-06-20,510,1.0
UKX,2016-06-21,510,1.0
UKX,2016-06-22,510,1.0
UKX,2016-06-23,510,1.0
UKX,2016-06-24,510,1.0
UKX,2016-06-27,510,1.0
UKX,2016-06-28,510,1.0
UKX,2016-06-29,510,1.0
UKX,2016-06-30,510,1.0
UKX,2016-07-01,510,1.0
UKX,2016-07-04,510,1.0
UKX,2016-07-05,510,1.0
UKX,2016-07-06,510,1.0
UKX,2016-07-07,510,1.0
UKX,2016-07-08,510,1.0
UKX,2016-07-11,510,1.0
UKX,2016-07-12,510,1.0
UKX,2016-07-13,510,1.0
UKX,2016-07-14,510,1.0
UKX,2016-07-15,510,1.0
UKX,2016-07-18,510,1.0
UKX,2016-07-19,510,1.0
UKX,2016-07-20,510,1.0
UKX,2016-07-21,510,1.0
UKX,2016-07-22,510,1.0
UKX,2016-07-25,510,1.0
UKX,2016-07-26,510,1.0
UKX,2016-07-27,510,1.0
UKX,2016-07-28,510,1.0
UKX,2016-07-29,510,1.0
UKX,2016-08-01,510,1.0
UKX,2016-08-02,510,1.0
UKX,2016-08-03,510,1.0
UKX,2016-08-04,510,1.0
UKX,2016-08-05,510,1.0
UKX,2016-08-08,510,1.0
UKX,2016-08-09,510,1.0
UKX,2016-08-10,510,1.0
UKX,2016-08-11,510,1.0
UKX,2016-08-12,510,1.0
UKX,2016-08-15,510,1.0
UKX,2016-08-16,510,1.0
UKX,2016-08-17,510,1.0
UKX,2016-08-18,510,1.0
UKX,2016-08-19,510,1.0
UKX,2016-08-22,510,1.0
UKX,2016-08-23,510,1.0
UKX,2016-08-24,510,1.0
UKX,2016-08-25,510,1.0
UKX,2016-08-26,510,1.0
UKX,2016-08-29,349,0.6843137254901961
UKX,2016-08-30,510,1.0
UKX,2016-08-31,510,1.0
UKX,2016-09-01,510,1.0
UKX,2016-09-02,510,1.0
UKX,2016-09-05,510,1.0
UKX,2016-09-06,510,1.0
UKX,2016-09-07,510,1.0
UKX,2016-09-08,510,1.0
UKX,2016-09-09,510,1.0
UKX,2016-09-12,510,1.0
UKX,2016-09-13,510,1.0
UKX,2016-09-14,510,1.0
UKX,2016-09-15,510,1.0
UKX,2016-09-16,510,1.0
UKX,2016-09-19,510,1.0
UKX,2016-09-20,510,1.0
UKX,2016-09-21,510,1.0
UKX,2016-09-22,510,1.0
UKX,2016-09-23,510,1.0
UKX,2016-09-26,510,1.0
UKX,2016-09-27,510,1.0
UKX,2016-09-28,510,1.0
UKX,2016-09-29,510,1.0
UKX,2016-09-30,510,1.0
UKX,2016-10-03,510,1.0
UKX,2016-10-04,510,1.0
UKX,2016-10-05,510,1.0
UKX,2016-10-06,510,1.0
UKX,2016-10-07,510,1.0
UKX,2016-10-10,510,1.0
UKX,2016-10-11,510,1.0
UKX,2016-10-12,510,1.0
UKX,2016-10-13,510,1.0
UKX,2016-10-14,510,1.0
UKX,2016-10-17,510,1.0
UKX,2016-10-18,510,1.0
UKX,2016-10-19,510,1.0
UKX,2016-10-20,510,1.0
UKX,2016-10-21,510,1.0
UKX,2016-10-24,510,1.0
UKX,2016-10-25,510,1.0
UKX,2016-10-26,510,1.0
UKX,2016-10-27,510,1.0
UKX,2016-10-28,510,1.0
UKX,2016-10-31,508,0.996078431372549
UKX,2016-11-01,510,1.0
UKX,2016-11-02,510,1.0
UKX,2016-11-03,510,1.0
UKX,2016-11-04,510,1.0
UKX,2016-11-07,508,0.996078431372549
UKX,2016-11-08,510,1.0
UKX,2016-11-09,510,1.0
UKX,2016-11-10,510,1.0
UKX,2016-11-11,510,1.0
UKX,2016-11-14,510,1.0
UKX,2016-11-15,510,1.0
UKX,2016-11-16,510,1.0
UKX,2016-11-17,510,1.0
UKX,2016-11-18,510,1.0
UKX,2016-11-21,510,1.0
UKX,2016-11-22,510,1.0
UKX,2016-11-23,510,1.0
UKX,2016-11-24,510,1.0
UKX,2016-11-25,510,1.0
UKX,2016-11-28,510,1.0
UKX,2016-11-29,510,1.0
UKX,2016-11-30,510,1.0
UKX,2016-12-01,510,1.0
UKX,2016-12-02,510,1.0
UKX,2016-12-05,510,1.0
UKX,2016-12-06,510,1.0
UKX,2016-12-07,510,1.0
UKX,2016-12-08,510,1.0
UKX,2016-12-09,510,1.0
UKX,2016-12-12,510,1.0
UKX,2016-12-13,510,1.0
UKX,2016-12-14,510,1.0
UKX,2016-12-15,510,1.0
UKX,2016-12-16,510,1.0
UKX,2016-12-19,510,1.0
UKX,2016-12-20,510,1.0
UKX,2016-12-21,510,1.0
UKX,2016-12-22,510,1.0
UKX,2016-12-23,271,0.5313725490196078
UKX,2016-12-28,510,1.0
UKX,2016-12-29,510,1.0
UKX,2016-12-30,465,0.9117647058823529
UKX,2017-01-03,510,1.0
UKX,2017-01-04,510,1.0
UKX,2017-01-05,510,1.0
UKX,2017-01-06,510,1.0
UKX,2017-01-09,510,1.0
UKX,2017-01-10,510,1.0
UKX,2017-01-11,508,0.996078431372549
UKX,2017-01-12,510,1.0
UKX,2017-01-13,510,1.0
UKX,2017-01-16,510,1.0
UKX,2017-01-17,510,1.0
UKX,2017-01-18,510,1.0
UKX,2017-01-19,510,1.0
UKX,2017-01-20,510,1.0
UKX,2017-01-23,510,1.0
UKX,2017-01-24,510,1.0
UKX,2017-01-25,510,1.0
UKX,2017-01-26,510,1.0
UKX,2017-01-27,510,1.0
UKX,2017-01-30,510,1.0
UKX,2017-01-31,510,1.0
UKX,2017-02-01,510,1.0
UKX,2017-02-02,488,0.9568627450980393
UKX,2017-02-03,509,0.9980392156862745
UKX,2017-02-06,510,1.0
UKX,2017-02-07,510,1.0
UKX,2017-02-08,510,1.0
UKX,2017-02-09,510,1.0
UKX,2017-02-10,510,1.0
UKX,2017-02-13,510,1.0
UKX,2017-02-14,510,1.0
UKX,2017-02-15,510,1.0
UKX,2017-02-16,510,1.0
UKX,2017-02-17,510,1.0
UKX,2017-02-20,510,1.0
UKX,2017-02-21,510,1.0
UKX,2017-02-22,510,1.0
UKX,2017-02-23,510,1.0
UKX,2017-02-24,510,1.0
UKX,2017-02-27,510,1.0
UKX,2017-02-28,510,1.0
UKX,2017-03-01,510,1.0
UKX,2017-03-02,510,1.0
UKX,2017-03-03,510,1.0
UKX,2017-03-06,510,1.0
UKX,2017-03-07,509,0.9980392156862745
UKX,2017-03-08,510,1.0
UKX,2017-03-09,510,1.0
UKX,2017-03-10,510,1.0
UKX,2017-03-13,510,1.0
UKX,2017-03-14,510,1.0
UKX,2017-03-15,510,1.0
UKX,2017-03-16,510,1.0
UKX,2017-03-17,510,1.0
UKX,2017-03-20,510,1.0
UKX,2017-03-21,510,1.0
UKX,2017-03-22,510,1.0
UKX,2017-03-23,510,1.0
UKX,2017-03-24,510,1.0
UKX,2017-03-27,510,1.0
UKX,2017-03-28,509,0.9980392156862745
UKX,2017-03-29,510,1.0
UKX,2017-03-30,510,1.0
UKX,2017-03-31,509,0.9980392156862745
UKX,2017-04-03,510,1.0
UKX,2017-04-04,510,1.0
UKX,2017-04-05,509,0.9980392156862745
UKX,2017-04-06,509,0.9980392156862745
UKX,2017-04-07,510,1.0
UKX,2017-04-10,508,0.996078431372549
UKX,2017-04-11,508,0.996078431372549
UKX,2017-04-12,509,0.9980392156862745
UKX,2017-04-13,510,1.0
UKX,2017-04-18,510,1.0
UKX,2017-04-19,508,0.996078431372549
UKX,2017-04-20,510,1.0
UKX,2017-04-21,509,0.9980392156862745
UKX,2017-04-24,510,1.0
UKX,2017-04-25,510,1.0
UKX,2017-04-26,510,1.0
UKX,2017-04-27,508,0.996078431372549
UKX,2017-04-28,510,1.0
UKX,2017-05-01,235,0.46078431372549017
UKX,2017-05-02,509,0.9980392156862745
UKX,2017-05-03,510,1.0
UKX,2017-05-04,510,1.0
UKX,2017-05-05,508,0.996078431372549
UKX,2017-05-08,510,1.0
UKX,2017-05-09,507,0.9941176470588236
UKX,2017-05-10,509,0.9980392156862745
UKX,2017-05-11,510,1.0
UKX,2017-05-12,510,1.0
UKX,2017-05-15,510,1.0
UKX,2017-05-16,510,1.0
UKX,2017-05-17,509,0.9980392156862745
UKX,2017-05-18,510,1.0
UKX,2017-05-19,510,1.0
UKX,2017-05-22,510,1.0
UKX,2017-05-23,510,1.0
UKX,2017-05-24,508,0.996078431372549
UKX,2017-05-25,509,0.9980392156862745
UKX,2017-05-26,510,1.0
UKX,2017-05-30,510,1.0
UKX,2017-05-31,510,1.0
UKX,2017-06-01,510,1.0
UKX,2017-06-02,509,0.9980392156862745
UKX,2017-06-05,503,0.9862745098039216
UKX,2017-06-06,508,0.996078431372549
UKX,2017-06-07,509,0.9980392156862745
UKX,2017-06-08,510,1.0
UKX,2017-06-09,510,1.0
UKX,2017-06-12,510,1.0
UKX,2017-06-13,509,0.9980392156862745
UKX,2017-06-14,509,0.9980392156862745
UKX,2017-06-15,510,1.0
UKX,2017-06-16,509,0.9980392156862745
UKX,2017-06-19,509,0.9980392156862745
UKX,2017-06-20,509,0.9980392156862745
UKX,2017-06-21,510,1.0
UKX,2017-06-22,509,0.9980392156862745
UKX,2017-06-23,510,1.0
UKX,2017-06-26,510,1.0
UKX,2017-06-27,509,0.9980392156862745
UKX,2017-06-28,510,1.0
UKX,2017-06-29,509,0.9980392156862745
UKX,2017-06-30,510,1.0
UKX,2017-07-03,510,1.0
UKX,2017-07-04,507,0.9941176470588236
UKX,2017-07-05,510,1.0
UKX,2017-07-06,510,1.0
UKX,2017-07-07,509,0.9980392156862745
UKX,2017-07-10,509,0.9980392156862745
UKX,2017-07-11,510,1.0
UKX,2017-07-12,510,1.0
UKX,2017-07-13,510,1.0
UKX,2017-07-14,507,0.9941176470588236
UKX,2017-07-17,509,0.9980392156862745
UKX,2017-07-18,510,1.0
UKX,2017-07-19,510,1.0
UKX,2017-07-20,510,1.0
UKX,2017-07-21,510,1.0
UKX,2017-07-24,510,1.0
UKX,2017-07-25,510,1.0
UKX,2017-07-26,510,1.0
UKX,2017-07-27,510,1.0
UKX,2017-07-28,510,1.0
UKX,2017-07-31,510,1.0
UKX,2017-08-01,509,0.9980392156862745
UKX,2017-08-02,509,0.9980392156862745
UKX,2017-08-03,509,0.9980392156862745
UKX,2017-08-04,510,1.0
UKX,2017-08-07,507,0.9941176470588236
UKX,2017-08-08,510,1.0
UKX,2017-08-09,510,1.0
UKX,2017-08-10,510,1.0
UKX,2017-08-11,510,1.0
UKX,2017-08-14,509,0.9980392156862745
UKX,2017-08-15,510,1.0
UKX,2017-08-16,510,1.0
UKX,2017-08-17,510,1.0
UKX,2017-08-18,510,1.0
UKX,2017-08-21,510,1.0
UKX,2017-08-22,510,1.0
UKX,2017-08-23,510,1.0
UKX,2017-08-24,510,1.0
UKX,2017-08-25,510,1.0
UKX,2017-08-29,504,0.9882352941176471
UKX,2017-08-30,510,1.0
UKX,2017-08-31,510,1.0
UKX,2017-09-01,510,1.0
UKX,2017-09-04,510,1.0
UKX,2017-09-05,510,1.0
UKX,2017-09-06,510,1.0
UKX,2017-09-07,510,1.0
UKX,2017-09-08,510,1.0
UKX,2017-09-11,510,1.0
UKX,2017-09-12,510,1.0
UKX,2017-09-13,510,1.0
UKX,2017-09-14,510,1.0
UKX,2017-09-15,510,1.0
UKX,2017-09-18,509,0.9980392156862745
UKX,2017-09-19,510,1.0
UKX,2017-09-20,509,0.9980392156862745
UKX,2017-09-21,509,0.9980392156862745
UKX,2017-09-22,510,1.0
UKX,2017-09-25,510,1.0
UKX,2017-09-26,510,1.0
UKX,2017-09-27,510,1.0
UKX,2017-09-28,510,1.0
UKX,2017-09-29,510,1.0
UKX,2017-10-02,510,1.0
UKX,2017-10-03,508,0.996078431372549
UKX,2017-10-04,509,0.9980392156862745
UKX,2017-10-05,510,1.0
UKX,2017-10-06,509,0.9980392156862745
UKX,2017-10-09,508,0.996078431372549
UKX,2017-10-10,510,1.0
UKX,2017-10-11,507,0.9941176470588236
UKX,2017-10-12,504,0.9882352941176471
UKX,2017-10-13,510,1.0
UKX,2017-10-16,509,0.9980392156862745
UKX,2017-10-17,510,1.0
UKX,2017-10-18,509,0.9980392156862745
UKX,2017-10-19,507,0.9941176470588236
UKX,2017-10-20,510,1.0
UKX,2017-10-23,510,1.0
UKX,2017-10-24,507,0.9941176470588236
UKX,2017-10-25,510,1.0
UKX,2017-10-26,510,1.0
UKX,2017-10-27,477,0.9352941176470588
UKX,2017-10-30,510,1.0
UKX,2017-10-31,503,0.9862745098039216
UKX,2017-11-01,507,0.9941176470588236
UKX,2017-11-02,510,1.0
UKX,2017-11-03,503,0.9862745098039216
UKX,2017-11-06,507,0.9941176470588236
UKX,2017-11-07,504,0.9882352941176471
UKX,2017-11-08,508,0.996078431372549
UKX,2017-11-09,510,1.0
UKX,2017-11-10,510,1.0
UKX,2017-11-13,508,0.996078431372549
UKX,2017-11-14,502,0.984313725490196
UKX,2017-11-15,510,1.0
UKX,2017-11-16,508,0.996078431372549
UKX,2017-11-17,509,0.9980392156862745
UKX,2017-11-20,500,0.9803921568627451
UKX,2017-11-21,509,0.9980392156862745
UKX,2017-11-22,508,0.996078431372549
UKX,2017-11-23,502,0.984313725490196
UKX,2017-11-24,504,0.9882352941176471
UKX,2017-11-27,504,0.9882352941176471
UKX,2017-11-28,510,1.0
UKX,2017-11-29,510,1.0
UKX,2017-11-30,509,0.9980392156862745
UKX,2017-12-01,510,1.0
UKX,2017-12-04,510,1.0
UKX,2017-12-05,510,1.0
UKX,2017-12-06,510,1.0
UKX,2017-12-07,510,1.0
UKX,2017-12-08,510,1.0
UKX,2017-12-11,509,0.9980392156862745
UKX,2017-12-12,508,0.996078431372549
UKX,2017-12-13,509,0.9980392156862745
UKX,2017-12-14,508,0.996078431372549
UKX,2017-12-15,510,1.0
UKX,2017-12-18,508,0.996078431372549
UKX,2017-12-19,509,0.9980392156862745
UKX,2017-12-20,507,0.9941176470588236
UKX,2017-12-21,507,0.9941176470588236
UKX,2017-12-22,455,0.8921568627450981
UKX,2017-12-26,246,0.4823529411764706
UKX,2017-12-27,499,0.9784313725490196
UKX,2017-12-28,507,0.9941176470588236
UKX,2017-12-29,454,0.8901960784313725
UKX,2018-01-02,508,0.996078431372549
UKX,2018-01-03,510,1.0
UKX,2018-01-04,509,0.9980392156862745
UKX,2018-01-05,506,0.9921568627450981
UKX,2018-01-08,509,0.9980392156862745
UKX,2018-01-09,508,0.996078431372549
UKX,2018-01-10,510,1.0
UKX,2018-01-11,510,1.0
UKX,2018-01-12,504,0.9882352941176471
UKX,2018-01-15,508,0.996078431372549
UKX,2018-01-16,510,1.0
UKX,2018-01-17,484,0.9490196078431372
UKX,2018-01-18,504,0.9882352941176471
UKX,2018-01-19,510,1.0
UKX,2018-01-22,510,1.0
UKX,2018-01-23,509,0.9980392156862745
UKX,2018-01-24,510,1.0
UKX,2018-01-25,510,1.0
UKX,2018-01-26,510,1.0
UKX,2018-01-29,510,1.0
UKX,2018-01-30,510,1.0
UKX,2018-01-31,510,1.0
UKX,2018-02-01,510,1.0
UKX,2018-02-02,510,1.0
UKX,2018-02-05,510,1.0
UKX,2018-02-06,510,1.0
UKX,2018-02-07,510,1.0
UKX,2018-02-08,510,1.0
UKX,2018-02-09,510,1.0
UKX,2018-02-12,510,1.0
UKX,2018-02-13,510,1.0
UKX,2018-02-14,510,1.0
UKX,2018-02-15,510,1.0
UKX,2018-02-16,510,1.0
UKX,2018-02-19,510,1.0
UKX,2018-02-20,510,1.0
UKX,2018-02-21,492,0.9647058823529412
UKX,2018-02-22,510,1.0
UKX,2018-02-23,510,1.0
UKX,2018-02-26,510,1.0
UKX,2018-02-27,510,1.0
UKX,2018-02-28,510,1.0
UKX,2018-03-01,510,1.0
UKX,2018-03-02,510,1.0
UKX,2018-03-05,510,1.0
UKX,2018-03-06,510,1.0
UKX,2018-03-07,510,1.0
UKX,2018-03-08,510,1.0
UKX,2018-03-09,510,1.0
UKX,2018-03-12,510,1.0
UKX,2018-03-13,510,1.0
UKX,2018-03-14,510,1.0
UKX,2018-03-15,510,1.0
UKX,2018-03-16,510,1.0
UKX,2018-03-19,510,1.0
UKX,2018-03-20,510,1.0
UKX,2018-03-21,510,1.0
UKX,2018-03-22,510,1.0
UKX,2018-03-23,510,1.0
UKX,2018-03-26,510,1.0
UKX,2018-03-27,510,1.0
UKX,2018-03-28,510,1.0
UKX,2018-03-29,510,1.0
UKX,2018-04-03,510,1.0
UKX,2018-04-04,510,1.0
UKX,2018-04-05,510,1.0
UKX,2018-04-06,510,1.0
UKX,2018-04-09,510,1.0
UKX,2018-04-10,510,1.0
UKX,2018-04-11,510,1.0
UKX,2018-04-12,510,1.0
UKX,2018-04-13,510,1.0
UKX,2018-04-16,510,1.0
UKX,2018-04-17,510,1.0
UKX,2018-04-18,510,1.0
UKX,2018-04-19,510,1.0
UKX,2018-04-20,510,1.0
UKX,2018-04-23,510,1.0
UKX,2018-04-24,510,1.0
UKX,2018-04-25,510,1.0
UKX,2018-04-26,510,1.0
UKX,2018-04-27,510,1.0
UKX,2018-04-30,510,1.0
UKX,2018-05-01,510,1.0
UKX,2018-05-02,510,1.0
UKX,2018-05-03,510,1.0
UKX,2018-05-04,510,1.0
UKX,2018-05-07,476,0.9333333333333333
UKX,2018-05-08,510,1.0
UKX,2018-05-09,510,1.0
UKX,2018-05-10,509,0.9980392156862745
UKX,2018-05-11,510,1.0
UKX,2018-05-14,510,1.0
UKX,2018-05-15,510,1.0
UKX,2018-05-16,510,1.0
UKX,2018-05-17,510,1.0
UKX,2018-05-18,510,1.0
UKX,2018-05-21,510,1.0
UKX,2018-05-22,510,1.0
UKX,2018-05-23,510,1.0
UKX,2018-05-24,510,1.0
UKX,2018-05-25,510,1.0
UKX,2018-05-28,471,0.9235294117647059
UKX,2018-05-29,510,1.0
UKX,2018-05-30,510,1.0
UKX,2018-05-31,510,1.0
UKX,2018-06-01,510,1.0
UKX,2018-06-04,510,1.0
UKX,2018-06-05,510,1.0
UKX,2018-06-06,510,1.0
UKX,2018-06-07,510,1.0
UKX,2018-06-08,510,1.0
UKX,2018-06-11,510,1.0
UKX,2018-06-12,510,1.0
UKX,2018-06-13,510,1.0
UKX,2018-06-14,510,1.0
UKX,2018-06-15,510,1.0
UKX,2018-06-18,510,1.0
UKX,2018-06-19,510,1.0
UKX,2018-06-20,510,1.0
UKX,2018-06-21,510,1.0
UKX,2018-06-22,510,1.0
UKX,2018-06-25,510,1.0
UKX,2018-06-26,510,1.0
UKX,2018-06-27,510,1.0
UKX,2018-06-28,510,1.0
UKX,2018-06-29,510,1.0
UKX,2018-07-02,510,1.0
UKX,2018-07-03,510,1.0
UKX,2018-07-04,510,1.0
UKX,2018-07-05,510,1.0
UKX,2018-07-06,510,1.0
UKX,2018-07-09,510,1.0
UKX,2018-07-10,510,1.0
UKX,2018-07-11,510,1.0
UKX,2018-07-12,510,1.0
UKX,2018-07-13,510,1.0
UKX,2018-07-16,510,1.0
UKX,2018-07-17,510,1.0
UKX,2018-07-18,510,1.0
UKX,2018-07-19,510,1.0
UKX,2018-07-20,510,1.0
UKX,2018-07-23,510,1.0
UKX,2018-07-24,510,1.0
UKX,2018-07-25,510,1.0
UKX,2018-07-26,510,1.0
UKX,2018-07-27,510,1.0
UKX,2018-07-30,510,1.0
UKX,2018-07-31,510,1.0
UKX,2018-08-01,510,1.0
UKX,2018-08-02,510,1.0
UKX,2018-08-03,510,1.0
UKX,2018-08-06,510,1.0
UKX,2018-08-07,509,0.9980392156862745
UKX,2018-08-08,510,1.0
UKX,2018-08-09,510,1.0
UKX,2018-08-10,510,1.0
UKX,2018-08-13,510,1.0
UKX,2018-08-14,510,1.0
UKX,2018-08-15,510,1.0
UKX,2018-08-16,510,1.0
UKX,2018-08-17,510,1.0
UKX,2018-08-20,505,0.9901960784313726
UKX,2018-08-21,510,1.0
UKX,2018-08-22,510,1.0
UKX,2018-08-23,510,1.0
UKX,2018-08-24,510,1.0
UKX,2018-08-28,509,0.9980392156862745
UKX,2018-08-29,510,1.0
UKX,2018-08-30,507,0.9941176470588236
UKX,2018-08-31,510,1.0
UKX,2018-09-03,510,1.0
UKX,2018-09-04,510,1.0
UKX,2018-09-05,510,1.0
UKX,2018-09-06,510,1.0
UKX,2018-09-07,510,1.0
UKX,2018-09-10,510,1.0
UKX,2018-09-11,510,1.0
UKX,2018-09-12,510,1.0
UKX,2018-09-13,510,1.0
UKX,2018-09-14,510,1.0
UKX,2018-09-17,510,1.0
UKX,2018-09-18,510,1.0
UKX,2018-09-19,510,1.0
UKX,2018-09-20,510,1.0
UKX,2018-09-21,510,1.0
UKX,2018-09-24,510,1.0
UKX,2018-09-25,510,1.0
UKX,2018-09-26,510,1.0
UKX,2018-09-27,510,1.0
UKX,2018-09-28,510,1.0
UKX,2018-10-01,510,1.0
UKX,2018-10-02,510,1.0
UKX,2018-10-03,510,1.0
UKX,2018-10-04,510,1.0
UKX,2018-10-05,510,1.0
UKX,2018-10-08,510,1.0
UKX,2018-10-09,510,1.0
UKX,2018-10-10,510,1.0
UKX,2018-10-11,510,1.0
UKX,2018-10-12,510,1.0
UKX,2018-10-15,510,1.0
UKX,2018-10-16,510,1.0
UKX,2018-10-17,510,1.0
UKX,2018-10-18,510,1.0
UKX,2018-10-19,510,1.0
UKX,2018-10-22,510,1.0
UKX,2018-10-23,510,1.0
UKX,2018-10-24,510,1.0
UKX,2018-10-25,510,1.0
UKX,2018-10-26,510,1.0
UKX,2018-10-29,510,1.0
UKX,2018-10-30,510,1.0
UKX,2018-10-31,510,1.0
UKX,2018-11-01,510,1.0
UKX,2018-11-02,510,1.0
UKX,2018-11-05,510,1.0
UKX,2018-11-06,510,1.0
UKX,2018-11-07,510,1.0
UKX,2018-11-08,510,1.0
UKX,2018-11-09,510,1.0
UKX,2018-11-12,510,1.0
UKX,2018-11-13,510,1.0
UKX,2018-11-14,510,1.0
UKX,2018-11-15,510,1.0
UKX,2018-11-16,510,1.0
UKX,2018-11-19,510,1.0
UKX,2018-11-20,510,1.0
UKX,2018-11-21,510,1.0
UKX,2018-11-22,510,1.0
UKX,2018-11-23,510,1.0
UKX,2018-11-26,510,1.0
UKX,2018-11-27,510,1.0
UKX,2018-11-28,510,1.0
UKX,2018-11-29,510,1.0
UKX,2018-11-30,510,1.0
UKX,2018-12-03,510,1.0
UKX,2018-12-04,510,1.0
UKX,2018-12-05,510,1.0
UKX,2018-12-06,510,1.0
UKX,2018-12-07,510,1.0
UKX,2018-12-10,510,1.0
UKX,2018-12-11,510,1.0
UKX,2018-12-12,510,1.0
UKX,2018-12-13,510,1.0
UKX,2018-12-14,510,1.0
UKX,2018-12-17,510,1.0
UKX,2018-12-18,510,1.0
UKX,2018-12-19,510,1.0
UKX,2018-12-20,510,1.0
UKX,2018-12-21,510,1.0
UKX,2018-12-24,270,0.5294117647058824
UKX,2018-12-27,510,1.0
UKX,2018-12-28,510,1.0
UKX,2018-12-31,270,0.5294117647058824
UKX,2019-01-02,510,1.0
UKX,2019-01-03,510,1.0
UKX,2019-01-04,510,1.0
UKX,2019-01-07,510,1.0
UKX,2019-01-08,510,1.0
UKX,2019-01-09,510,1.0
UKX,2019-01-10,510,1.0
UKX,2019-01-11,510,1.0
UKX,2019-01-14,510,1.0
UKX,2019-01-15,510,1.0
UKX,2019-01-16,510,1.0
UKX,2019-01-17,510,1.0
UKX,2019-01-18,510,1.0
UKX,2019-01-21,510,1.0
UKX,2019-01-22,510,1.0
UKX,2019-01-23,510,1.0
UKX,2019-01-24,510,1.0
UKX,2019-01-25,478,0.9372549019607843
UKX,2019-01-28,510,1.0
UKX,2019-01-29,510,1.0
UKX,2019-01-30,510,1.0
UKX,2019-01-31,510,1.0
UKX,2019-02-01,510,1.0
UKX,2019-02-04,510,1.0
UKX,2019-02-05,510,1.0
UKX,2019-02-06,510,1.0
UKX,2019-02-07,510,1.0
UKX,2019-02-08,510,1.0
UKX,2019-02-11,510,1.0
UKX,2019-02-12,510,1.0
UKX,2019-02-13,510,1.0
UKX,2019-02-14,510,1.0
UKX,2019-02-15,510,1.0
UKX,2019-02-18,510,1.0
UKX,2019-02-19,510,1.0
UKX,2019-02-20,510,1.0
UKX,2019-02-21,510,1.0
UKX,2019-02-22,510,1.0
UKX,2019-02-25,510,1.0
UKX,2019-02-26,510,1.0
UKX,2019-02-27,510,1.0
UKX,2019-02-28,510,1.0
UKX,2019-03-01,509,0.9980392156862745
UKX,2019-03-04,510,1.0
UKX,2019-03-05,510,1.0
UKX,2019-03-06,510,1.0
UKX,2019-03-07,510,1.0
UKX,2019-03-08,510,1.0
UKX,2019-03-11,510,1.0
UKX,2019-03-12,510,1.0
UKX,2019-03-13,510,1.0
UKX,2019-03-14,510,1.0
UKX,2019-03-15,510,1.0
UKX,2019-03-18,510,1.0
UKX,2019-03-19,510,1.0
UKX,2019-03-20,510,1.0
UKX,2019-03-21,510,1.0
UKX,2019-03-22,510,1.0
UKX,2019-03-25,510,1.0
UKX,2019-03-26,510,1.0
UKX,2019-03-27,510,1.0
UKX,2019-03-28,510,1.0
UKX,2019-03-29,510,1.0
UKX,2019-04-01,510,1.0
UKX,2019-04-02,510,1.0
UKX,2019-04-03,510,1.0
UKX,2019-04-04,508,0.996078431372549
UKX,2019-04-05,510,1.0
UKX,2019-04-08,509,0.9980392156862745
UKX,2019-04-09,510,1.0
UKX,2019-04-10,508,0.996078431372549
UKX,2019-04-11,510,1.0
UKX,2019-04-12,510,1.0
UKX,2019-04-15,510,1.0
UKX,2019-04-16,508,0.996078431372549
UKX,2019-04-17,509,0.9980392156862745
UKX,2019-04-18,509,0.9980392156862745
UKX,2019-04-22,379,0.7431372549019608
UKX,2019-04-23,510,1.0
UKX,2019-04-24,510,1.0
UKX,2019-04-25,510,1.0
UKX,2019-04-26,510,1.0
UKX,2019-04-29,510,1.0
UKX,2019-04-30,510,1.0
UKX,2019-05-01,507,0.9941176470588236
UKX,2019-05-02,510,1.0
UKX,2019-05-03,510,1.0
UKX,2019-05-06,509,0.9980392156862745
UKX,2019-05-07,510,1.0
UKX,2019-05-08,510,1.0
UKX,2019-05-09,510,1.0
UKX,2019-05-10,510,1.0
UKX,2019-05-13,510,1.0
UKX,2019-05-14,510,1.0
UKX,2019-05-15,510,1.0
UKX,2019-05-16,510,1.0
UKX,2019-05-17,510,1.0
UKX,2019-05-20,510,1.0
UKX,2019-05-21,510,1.0
UKX,2019-05-22,510,1.0
UKX,2019-05-23,510,1.0
UKX,2019-05-24,510,1.0
UKX,2019-05-28,510,1.0
UKX,2019-05-29,510,1.0
UKX,2019-05-30,510,1.0
UKX,2019-05-31,510,1.0
UKX,2019-06-03,510,1.0
UKX,2019-06-04,510,1.0
UKX,2019-06-05,510,1.0
UKX,2019-06-06,510,1.0
UKX,2019-06-07,510,1.0
UKX,2019-06-10,510,1.0
UKX,2019-06-11,510,1.0
UKX,2019-06-12,510,1.0
UKX,2019-06-13,510,1.0
UKX,2019-06-14,510,1.0
UKX,2019-06-17,510,1.0
UKX,2019-06-18,510,1.0
UKX,2019-06-19,510,1.0
UKX,2019-06-20,510,1.0
UKX,2019-06-21,510,1.0
UKX,2019-06-24,510,1.0
UKX,2019-06-25,510,1.0
UKX,2019-06-26,510,1.0
UKX,2019-06-27,510,1.0
UKX,2019-06-28,510,1.0
UKX,2019-07-01,510,1.0
UKX,2019-07-02,510,1.0
UKX,2019-07-03,510,1.0
UKX,2019-07-04,510,1.0
UKX,2019-07-05,510,1.0
UKX,2019-07-08,510,1.0
UKX,2019-07-09,510,1.0
UKX,2019-07-10,510,1.0
UKX,2019-07-11,510,1.0
UKX,2019-07-12,510,1.0
UKX,2019-07-15,510,1.0
UKX,2019-07-16,510,1.0
UKX,2019-07-17,510,1.0
UKX,2019-07-18,510,1.0
UKX,2019-07-19,510,1.0
UKX,2019-07-22,510,1.0
UKX,2019-07-23,510,1.0
UKX,2019-07-24,510,1.0
UKX,2019-07-25,510,1.0
UKX,2019-07-26,510,1.0
UKX,2019-07-29,510,1.0
UKX,2019-07-30,510,1.0
UKX,2019-07-31,510,1.0
UKX,2019-08-01,510,1.0
UKX,2019-08-02,510,1.0
UKX,2019-08-05,510,1.0
UKX,2019-08-06,510,1.0
UKX,2019-08-07,510,1.0
UKX,2019-08-08,510,1.0
UKX,2019-08-09,510,1.0
UKX,2019-08-12,510,1.0
UKX,2019-08-13,510,1.0
UKX,2019-08-14,510,1.0
UKX,2019-08-15,510,1.0
UKX,2019-08-16,510,1.0
UKX,2019-08-19,510,1.0
UKX,2019-08-20,510,1.0
UKX,2019-08-21,510,1.0
UKX,2019-08-22,510,1.0
UKX,2019-08-23,510,1.0
UKX,2019-08-26,510,1.0
UKX,2019-08-27,510,1.0
UKX,2019-08-28,510,1.0
UKX,2019-08-29,510,1.0
UKX,2019-08-30,510,1.0
UKX,2019-09-02,510,1.0
UKX,2019-09-03,510,1.0
UKX,2019-09-04,510,1.0
UKX,2019-09-05,510,1.0
UKX,2019-09-06,510,1.0
UKX,2019-09-09,510,1.0
UKX,2019-09-10,510,1.0
UKX,2019-09-11,510,1.0
UKX,2019-09-12,510,1.0
UKX,2019-09-13,510,1.0
UKX,2019-09-16,510,1.0
UKX,2019-09-17,510,1.0
UKX,2019-09-18,510,1.0
UKX,2019-09-19,510,1.0
UKX,2019-09-20,510,1.0
UKX,2019-09-23,510,1.0
UKX,2019-09-24,510,1.0
UKX,2019-09-25,510,1.0
UKX,2019-09-26,510,1.0
UKX,2019-09-27,510,1.0
UKX,2019-09-30,510,1.0
UKX,2019-10-01,510,1.0
UKX,2019-10-02,510,1.0
UKX,2019-10-03,510,1.0
UKX,2019-10-04,510,1.0
UKX,2019-10-07,510,1.0
UKX,2019-10-08,510,1.0
UKX,2019-10-09,510,1.0
UKX,2019-10-10,510,1.0
UKX,2019-10-11,510,1.0
UKX,2019-10-14,510,1.0
UKX,2019-10-15,510,1.0
UKX,2019-10-16,510,1.0
UKX,2019-10-17,510,1.0
UKX,2019-10-18,510,1.0
UKX,2019-10-21,510,1.0
UKX,2019-10-22,510,1.0
UKX,2019-10-23,510,1.0
UKX,2019-10-24,510,1.0
UKX,2019-10-25,510,1.0
UKX,2019-10-28,510,1.0
UKX,2019-10-29,510,1.0
UKX,2019-10-30,510,1.0
UKX,2019-10-31,510,1.0
UKX,2019-11-01,510,1.0
UKX,2019-11-04,509,0.9980392156862745
UKX,2019-11-05,510,1.0
UKX,2019-11-06,510,1.0
UKX,2019-11-07,510,1.0
UKX,2019-11-08,510,1.0
UKX,2019-11-11,510,1.0
UKX,2019-11-12,510,1.0
UKX,2019-11-13,510,1.0
UKX,2019-11-14,510,1.0
UKX,2019-11-15,510,1.0
UKX,2019-11-18,510,1.0
UKX,2019-11-19,510,1.0
UKX,2019-11-20,510,1.0
UKX,2019-11-21,510,1.0
UKX,2019-11-22,510,1.0
UKX,2019-11-25,510,1.0
UKX,2019-11-26,510,1.0
UKX,2019-11-27,510,1.0
UKX,2019-11-28,510,1.0
UKX,2019-11-29,510,1.0
UKX,2019-12-02,510,1.0
UKX,2019-12-03,510,1.0
UKX,2019-12-04,509,0.9980392156862745
UKX,2019-12-05,510,1.0
UKX,2019-12-06,510,1.0
UKX,2019-12-09,510,1.0
UKX,2019-12-10,510,1.0
UKX,2019-12-11,510,1.0
UKX,2019-12-12,510,1.0
UKX,2019-12-13,510,1.0
UKX,2019-12-16,510,1.0
UKX,2019-12-17,510,1.0
UKX,2019-12-18,510,1.0
UKX,2019-12-19,510,1.0
UKX,2019-12-20,510,1.0
UKX,2019-12-23,510,1.0
UKX,2019-12-24,290,0.5686274509803921
UKX,2019-12-26,46,0.09019607843137255
UKX,2019-12-27,510,1.0
UKX,2019-12-30,510,1.0
UKX,2019-12-31,506,0.9921568627450981
UKX,2020-01-02,510,1.0
UKX,2020-01-03,510,1.0
UKX,2020-01-06,510,1.0
UKX,2020-01-07,510,1.0
UKX,2020-01-08,510,1.0
UKX,2020-01-09,510,1.0
UKX,2020-01-10,510,1.0
UKX,2020-01-13,510,1.0
UKX,2020-01-14,510,1.0
UKX,2020-01-15,510,1.0
UKX,2020-01-16,510,1.0
UKX,2020-01-17,510,1.0
UKX,2020-01-20,510,1.0
UKX,2020-01-21,509,0.9980392156862745
UKX,2020-01-22,510,1.0
UKX,2020-01-23,510,1.0
UKX,2020-01-24,510,1.0
UKX,2020-01-27,510,1.0
UKX,2020-01-28,510,1.0
UKX,2020-01-29,510,1.0
UKX,2020-01-30,510,1.0
UKX,2020-01-31,510,1.0
UKX,2020-02-03,510,1.0
UKX,2020-02-04,510,1.0
UKX,2020-02-05,510,1.0
UKX,2020-02-06,510,1.0
UKX,2020-02-07,510,1.0
UKX,2020-02-10,510,1.0
UKX,2020-02-11,510,1.0
UKX,2020-02-12,510,1.0
UKX,2020-02-13,510,1.0
UKX,2020-02-14,510,1.0
UKX,2020-02-17,510,1.0
UKX,2020-02-18,510,1.0
UKX,2020-02-19,510,1.0
UKX,2020-02-20,510,1.0
UKX,2020-02-21,510,1.0
UKX,2020-02-24,510,1.0
UKX,2020-02-25,510,1.0
UKX,2020-02-26,510,1.0
UKX,2020-02-27,510,1.0
UKX,2020-02-28,510,1.0
UKX,2020-03-02,510,1.0
UKX,2020-03-03,510,1.0
UKX,2020-03-04,510,1.0
UKX,2020-03-05,510,1.0
UKX,2020-03-06,510,1.0
UKX,2020-03-09,510,1.0
UKX,2020-03-10,510,1.0
UKX,2020-03-11,510,1.0
UKX,2020-03-12,510,1.0
UKX,2020-03-13,510,1.0
UKX,2020-03-16,510,1.0
UKX,2020-03-17,510,1.0
UKX,2020-03-18,510,1.0
UKX,2020-03-19,509,0.9980392156862745
UKX,2020-03-20,510,1.0
UKX,2020-03-23,510,1.0
UKX,2020-03-24,510,1.0
UKX,2020-03-25,510,1.0
UKX,2020-03-26,510,1.0
UKX,2020-03-27,510,1.0
UKX,2020-03-30,510,1.0
UKX,2020-03-31,510,1.0
UKX,2020-04-01,510,1.0
UKX,2020-04-02,510,1.0
UKX,2020-04-03,510,1.0
UKX,2020-04-06,510,1.0
UKX,2020-04-07,510,1.0
UKX,2020-04-08,510,1.0
UKX,2020-04-09,510,1.0
UKX,2020-04-13,510,1.0
UKX,2020-04-14,510,1.0
UKX,2020-04-15,510,1.0
UKX,2020-04-16,510,1.0
UKX,2020-04-17,510,1.0
UKX,2020-04-20,510,1.0
UKX,2020-04-21,510,1.0
UKX,2020-04-22,510,1.0
UKX,2020-04-23,510,1.0
UKX,2020-04-24,510,1.0
UKX,2020-04-27,510,1.0
UKX,2020-04-28,510,1.0
UKX,2020-04-29,510,1.0
UKX,2020-04-30,510,1.0
UKX,2020-05-01,510,1.0
UKX,2020-05-04,510,1.0
UKX,2020-05-05,510,1.0
UKX,2020-05-06,510,1.0
UKX,2020-05-07,510,1.0
UKX,2020-05-08,506,0.9921568627450981
UKX,2020-05-11,510,1.0
UKX,2020-05-12,510,1.0
UKX,2020-05-13,510,1.0
UKX,2020-05-14,510,1.0
UKX,2020-05-15,510,1.0
UKX,2020-05-18,510,1.0
UKX,2020-05-19,510,1.0
UKX,2020-05-20,510,1.0
UKX,2020-05-21,510,1.0
UKX,2020-05-22,510,1.0
UKX,2020-05-25,493,0.9666666666666667
UKX,2020-05-26,510,1.0
UKX,2020-05-27,510,1.0
UKX,2020-05-28,510,1.0
UKX,2020-05-29,510,1.0
UKX,2020-06-01,510,1.0
UKX,2020-06-02,510,1.0
UKX,2020-06-03,510,1.0
UKX,2020-06-04,510,1.0
UKX,2020-06-05,510,1.0
UKX,2020-06-08,510,1.0
UKX,2020-06-09,510,1.0
UKX,2020-06-10,510,1.0
UKX,2020-06-11,510,1.0
UKX,2020-06-12,510,1.0
UKX,2020-06-15,510,1.0
UKX,2020-06-16,510,1.0
UKX,2020-06-17,510,1.0
UKX,2020-06-18,510,1.0
UKX,2020-06-19,510,1.0
UKX,2020-06-22,510,1.0
UKX,2020-06-23,510,1.0
UKX,2020-06-24,510,1.0
UKX,2020-06-25,510,1.0
UKX,2020-06-26,510,1.0
UKX,2020-06-29,510,1.0
UKX,2020-06-30,510,1.0
UKX,2020-07-01,510,1.0
UKX,2020-07-02,510,1.0
UKX,2020-07-03,510,1.0
UKX,2020-07-06,510,1.0
UKX,2020-07-07,510,1.0
UKX,2020-07-08,510,1.0
UKX,2020-07-09,510,1.0
UKX,2020-07-10,510,1.0
UKX,2020-07-13,507,0.9941176470588236
UKX,2020-07-14,510,1.0
UKX,2020-07-15,509,0.9980392156862745
UKX,2020-07-16,510,1.0
UKX,2020-07-17,510,1.0
UKX,2020-07-20,510,1.0
UKX,2020-07-21,510,1.0
UKX,2020-07-22,510,1.0
UKX,2020-07-23,510,1.0
UKX,2020-07-24,510,1.0
UKX,2020-07-27,510,1.0
UKX,2020-07-28,510,1.0
UKX,2020-07-29,509,0.9980392156862745
UKX,2020-07-30,510,1.0
UKX,2020-07-31,510,1.0
UKX,2020-08-03,510,1.0
UKX,2020-08-04,510,1.0
UKX,2020-08-05,510,1.0
UKX,2020-08-06,510,1.0
UKX,2020-08-07,510,1.0
UKX,2020-08-10,510,1.0
UKX,2020-08-11,510,1.0
UKX,2020-08-12,510,1.0
UKX,2020-08-13,510,1.0
UKX,2020-08-14,508,0.996078431372549
UKX,2020-08-17,510,1.0
UKX,2020-08-18,510,1.0
UKX,2020-08-19,510,1.0
UKX,2020-08-20,510,1.0
UKX,2020-08-21,510,1.0
UKX,2020-08-24,510,1.0
UKX,2020-08-25,510,1.0
UKX,2020-08-26,510,1.0
UKX,2020-08-27,510,1.0
UKX,2020-08-28,510,1.0
UKX,2020-09-01,510,1.0
UKX,2020-09-02,510,1.0
UKX,2020-09-03,510,1.0
UKX,2020-09-04,510,1.0
UKX,2020-09-07,510,1.0
UKX,2020-09-08,510,1.0
UKX,2020-09-09,510,1.0
UKX,2020-09-10,510,1.0
UKX,2020-09-11,510,1.0
UKX,2020-09-14,510,1.0
UKX,2020-09-15,510,1.0
UKX,2020-09-16,510,1.0
UKX,2020-09-17,510,1.0
UKX,2020-09-18,510,1.0
UKX,2020-09-21,510,1.0
UKX,2020-09-22,510,1.0
UKX,2020-09-23,510,1.0
UKX,2020-09-24,510,1.0
UKX,2020-09-25,510,1.0
UKX,2020-09-28,510,1.0
UKX,2020-09-29,510,1.0
UKX,2020-09-30,510,1.0
UKX,2020-10-01,509,0.9980392156862745
UKX,2020-10-02,510,1.0
UKX,2020-10-05,510,1.0
UKX,2020-10-06,510,1.0
UKX,2020-10-07,510,1.0
UKX,2020-10-08,510,1.0
UKX,2020-10-09,510,1.0
UKX,2020-10-12,510,1.0
UKX,2020-10-13,510,1.0
UKX,2020-10-14,510,1.0
UKX,2020-10-15,510,1.0
UKX,2020-10-16,510,1.0
UKX,2020-10-19,510,1.0
UKX,2020-10-20,510,1.0
UKX,2020-10-21,510,1.0
UKX,2020-10-22,510,1.0
UKX,2020-10-23,510,1.0
UKX,2020-10-26,510,1.0
UKX,2020-10-27,510,1.0
UKX,2020-10-28,510,1.0
UKX,2020-10-29,510,1.0
UKX,2020-10-30,510,1.0
UKX,2020-11-02,510,1.0
UKX,2020-11-03,510,1.0
UKX,2020-11-04,510,1.0
UKX,2020-11-05,510,1.0
UKX,2020-11-06,510,1.0
UKX,2020-11-09,510,1.0
UKX,2020-11-10,510,1.0
UKX,2020-11-11,510,1.0
UKX,2020-11-12,510,1.0
UKX,2020-11-13,510,1.0
UKX,2020-11-16,509,0.9980392156862745
UKX,2020-11-17,510,1.0
UKX,2020-11-18,509,0.9980392156862745
UKX,2020-11-19,508,0.996078431372549
UKX,2020-11-20,498,0.9764705882352941
UKX,2020-11-23,510,1.0
UKX,2020-11-24,508,0.996078431372549
UKX,2020-11-25,509,0.9980392156862745
UKX,2020-11-26,510,1.0
UKX,2020-11-27,510,1.0
UKX,2020-11-30,509,0.9980392156862745
UKX,2020-12-01,510,1.0
UKX,2020-12-02,509,0.9980392156862745
UKX,2020-12-03,510,1.0
UKX,2020-12-04,510,1.0
UKX,2020-12-07,510,1.0
UKX,2020-12-08,510,1.0
UKX,2020-12-09,510,1.0
UKX,2020-12-10,510,1.0
UKX,2020-12-11,510,1.0
UKX,2020-12-14,510,1.0
UKX,2020-12-15,510,1.0
UKX,2020-12-16,510,1.0
UKX,2020-12-17,510,1.0
UKX,2020-12-18,510,1.0
UKX,2020-12-21,510,1.0
UKX,2020-12-22,510,1.0
UKX,2020-12-23,510,1.0
UKX,2020-12-24,290,0.5686274509803921
UKX,2020-12-29,510,1.0
UKX,2020-12-30,510,1.0
UKX,2020-12-31,290,0.5686274509803921
UKX,2021-01-04,510,1.0
UKX,2021-01-05,510,1.0
UKX,2021-01-06,510,1.0
UKX,2021-01-07,510,1.0
UKX,2021-01-08,510,1.0
UKX,2021-01-11,510,1.0
UKX,2021-01-12,510,1.0
UKX,2021-01-13,510,1.0
UKX,2021-01-14,510,1.0
UKX,2021-01-15,486,0.9529411764705882
UKX,2021-01-18,510,1.0
UKX,2021-01-19,510,1.0
UKX,2021-01-20,510,1.0
UKX,2021-01-21,510,1.0
UKX,2021-01-22,510,1.0
UKX,2021-01-25,510,1.0
UKX,2021-01-26,510,1.0
UKX,2021-01-27,510,1.0
UKX,2021-01-28,510,1.0
UKX,2021-01-29,510,1.0
UKX,2021-02-01,510,1.0
UKX,2021-02-02,510,1.0
UKX,2021-02-03,510,1.0
UKX,2021-02-04,510,1.0
UKX,2021-02-05,510,1.0
UKX,2021-02-08,510,1.0
UKX,2021-02-09,510,1.0
UKX,2021-02-10,510,1.0
UKX,2021-02-11,510,1.0
UKX,2021-02-12,510,1.0
UKX,2021-02-15,510,1.0
UKX,2021-02-16,510,1.0
UKX,2021-02-17,510,1.0
UKX,2021-02-18,510,1.0
UKX,2021-02-19,510,1.0
UKX,2021-02-22,510,1.0
UKX,2021-02-23,510,1.0
UKX,2021-02-24,510,1.0
UKX,2021-02-25,510,1.0
UKX,2021-02-26,510,1.0
UKX,2021-03-01,494,0.9686274509803922
UKX,2021-03-02,509,0.9980392156862745
UKX,2021-03-03,510,1.0
UKX,2021-03-04,510,1.0
UKX,2021-03-05,510,1.0
UKX,2021-03-08,510,1.0
UKX,2021-03-09,510,1.0
UKX,2021-03-10,510,1.0
UKX,2021-03-11,510,1.0
UKX,2021-03-12,510,1.0
UKX,2021-03-15,510,1.0
UKX,2021-03-16,510,1.0
UKX,2021-03-17,510,1.0
UKX,2021-03-18,510,1.0
UKX,2021-03-19,510,1.0
UKX,2021-03-22,510,1.0
UKX,2021-03-23,510,1.0
UKX,2021-03-24,510,1.0
UKX,2021-03-25,510,1.0
UKX,2021-03-26,510,1.0
UKX,2021-03-29,507,0.9941176470588236
UKX,2021-03-30,510,1.0
UKX,2021-03-31,510,1.0
UKX,2021-04-01,510,1.0
UKX,2021-04-06,510,1.0
UKX,2021-04-07,510,1.0
UKX,2021-04-08,510,1.0
UKX,2021-04-09,510,1.0
UKX,2021-04-12,510,1.0
UKX,2021-04-13,508,0.996078431372549
UKX,2021-04-14,510,1.0
UKX,2021-04-15,510,1.0
UKX,2021-04-16,510,1.0
UKX,2021-04-19,510,1.0
UKX,2021-04-20,510,1.0
UKX,2021-04-21,510,1.0
UKX,2021-04-22,510,1.0
UKX,2021-04-23,510,1.0
UKX,2021-04-26,510,1.0
UKX,2021-04-27,510,1.0
UKX,2021-04-28,510,1.0
UKX,2021-04-29,510,1.0
UKX,2021-04-30,510,1.0
UKX,2021-05-04,510,1.0
UKX,2021-05-05,510,1.0
UKX,2021-05-06,510,1.0
UKX,2021-05-07,510,1.0
UKX,2021-05-10,510,1.0
UKX,2021-05-11,510,1.0
UKX,2021-05-12,510,1.0
UKX,2021-05-13,510,1.0
UKX,2021-05-14,510,1.0
UKX,2021-05-17,510,1.0
UKX,2021-05-18,510,1.0
UKX,2021-05-19,501,0.9823529411764705
UKX,2021-05-20,510,1.0
UKX,2021-05-21,510,1.0
UKX,2021-05-24,510,1.0
UKX,2021-05-25,510,1.0
UKX,2021-05-26,510,1.0
UKX,2021-05-27,510,1.0
UKX,2021-05-28,510,1.0
UKX,2021-06-01,510,1.0
UKX,2021-06-02,510,1.0
UKX,2021-06-03,510,1.0
UKX,2021-06-04,510,1.0
UKX,2021-06-07,510,1.0
UKX,2021-06-08,510,1.0
UKX,2021-06-09,510,1.0
UKX,2021-06-10,510,1.0
UKX,2021-06-11,510,1.0
UKX,2021-06-14,509,0.9980392156862745
UKX,2021-06-15,509,0.9980392156862745
UKX,2021-06-16,510,1.0
UKX,2021-06-17,510,1.0
UKX,2021-06-18,510,1.0
UKX,2021-06-21,510,1.0
UKX,2021-06-22,510,1.0
UKX,2021-06-23,510,1.0
UKX,2021-06-24,510,1.0
UKX,2021-06-25,509,0.9980392156862745
UKX,2021-06-28,510,1.0
UKX,2021-06-29,510,1.0
UKX,2021-06-30,510,1.0
UKX,2021-07-01,510,1.0
UKX,2021-07-02,510,1.0
UKX,2021-07-05,510,1.0
UKX,2021-07-06,510,1.0
UKX,2021-07-07,510,1.0
UKX,2021-07-08,510,1.0
UKX,2021-07-09,510,1.0
UKX,2021-07-12,510,1.0
UKX,2021-07-13,510,1.0
UKX,2021-07-14,510,1.0
UKX,2021-07-15,510,1.0
UKX,2021-07-16,510,1.0
UKX,2021-07-19,510,1.0
UKX,2021-07-20,510,1.0
UKX,2021-07-21,510,1.0
UKX,2021-07-22,510,1.0
UKX,2021-07-23,510,1.0
UKX,2021-07-26,510,1.0
UKX,2021-07-27,510,1.0
UKX,2021-07-28,510,1.0
UKX,2021-07-29,510,1.0
UKX,2021-07-30,510,1.0
UKX,2021-08-02,510,1.0
UKX,2021-08-03,510,1.0
UKX,2021-08-04,510,1.0
UKX,2021-08-05,510,1.0
UKX,2021-08-06,510,1.0
UKX,2021-08-09,510,1.0
UKX,2021-08-10,510,1.0
UKX,2021-08-11,510,1.0
UKX,2021-08-12,508,0.996078431372549
UKX,2021-08-13,510,1.0
UKX,2021-08-16,510,1.0
UKX,2021-08-17,510,1.0
UKX,2021-08-18,510,1.0
UKX,2021-08-19,510,1.0
UKX,2021-08-20,510,1.0
UKX,2021-08-23,510,1.0
UKX,2021-08-24,509,0.9980392156862745
UKX,2021-08-25,508,0.996078431372549
UKX,2021-08-26,509,0.9980392156862745
UKX,2021-08-27,509,0.9980392156862745
UKX,2021-08-30,460,0.9019607843137255
UKX,2021-08-31,510,1.0
UKX,2021-09-01,510,1.0
UKX,2021-09-02,509,0.9980392156862745
UKX,2021-09-03,509,0.9980392156862745
UKX,2021-09-06,506,0.9921568627450981
UKX,2021-09-07,509,0.9980392156862745
UKX,2021-09-08,510,1.0
UKX,2021-09-09,510,1.0
UKX,2021-09-10,509,0.9980392156862745
UKX,2021-09-13,510,1.0
UKX,2021-09-14,510,1.0
UKX,2021-09-15,510,1.0
UKX,2021-09-16,510,1.0
UKX,2021-09-17,510,1.0
UKX,2021-09-20,510,1.0
UKX,2021-09-21,510,1.0
UKX,2021-09-22,510,1.0
UKX,2021-09-23,510,1.0
UKX,2021-09-24,510,1.0
UKX,2021-09-27,510,1.0
UKX,2021-09-28,510,1.0
UKX,2021-09-29,510,1.0
UKX,2021-09-30,510,1.0
UKX,2021-10-01,510,1.0
UKX,2021-10-04,510,1.0
UKX,2021-10-05,510,1.0
UKX,2021-10-06,510,1.0
UKX,2021-10-07,510,1.0
UKX,2021-10-08,510,1.0
UKX,2021-10-11,510,1.0
UKX,2021-10-12,510,1.0
UKX,2021-10-13,510,1.0
UKX,2021-10-14,510,1.0
UKX,2021-10-15,510,1.0
UKX,2021-10-18,510,1.0
UKX,2021-10-19,510,1.0
UKX,2021-10-20,509,0.9980392156862745
UKX,2021-10-21,509,0.9980392156862745
UKX,2021-10-22,509,0.9980392156862745
UKX,2021-10-25,510,1.0
UKX,2021-10-26,510,1.0
UKX,2021-10-27,510,1.0
UKX,2021-10-28,510,1.0
UKX,2021-10-29,510,1.0
UKX,2021-11-01,509,0.9980392156862745
UKX,2021-11-02,510,1.0
UKX,2021-11-03,510,1.0
UKX,2021-11-04,510,1.0
UKX,2021-11-05,510,1.0
UKX,2021-11-08,510,1.0
UKX,2021-11-09,510,1.0
UKX,2021-11-10,510,1.0
UKX,2021-11-11,510,1.0
UKX,2021-11-12,509,0.9980392156862745
UKX,2021-11-15,510,1.0
UKX,2021-11-16,510,1.0
UKX,2021-11-17,510,1.0
UKX,2021-11-18,509,0.9980392156862745
UKX,2021-11-19,510,1.0
UKX,2021-11-22,510,1.0
UKX,2021-11-23,510,1.0
UKX,2021-11-24,510,1.0
UKX,2021-11-25,509,0.9980392156862745
UKX,2021-11-26,510,1.0
UKX,2021-11-29,510,1.0
UKX,2021-11-30,510,1.0
UKX,2021-12-01,510,1.0
UKX,2021-12-02,510,1.0
UKX,2021-12-03,510,1.0
UKX,2021-12-06,510,1.0
UKX,2021-12-07,508,0.996078431372549
UKX,2021-12-08,510,1.0
UKX,2021-12-09,510,1.0
UKX,2021-12-10,510,1.0
UKX,2021-12-13,510,1.0
UKX,2021-12-14,510,1.0
UKX,2021-12-15,510,1.0
UKX,2021-12-16,510,1.0
UKX,2021-12-17,510,1.0
UKX,2021-12-20,510,1.0
UKX,2021-12-21,510,1.0
UKX,2021-12-22,510,1.0
UKX,2021-12-23,506,0.9921568627450981
UKX,2021-12-24,7,0.013725490196078431
UKX,2021-12-27,500,0.9803921568627451
UKX,2021-12-28,505,0.9901960784313726
UKX,2021-12-29,510,1.0
UKX,2021-12-30,510,1.0
UKX,2021-12-31,497,0.9745098039215686
UKX,2022-01-03,510,1.0
UKX,2022-01-04,510,1.0
UKX,2022-01-05,506,0.9921568627450981
UKX,2022-01-06,510,1.0
UKX,2022-01-07,510,1.0
UKX,2022-01-10,510,1.0
UKX,2022-01-11,510,1.0
UKX,2022-01-12,510,1.0
UKX,2022-01-13,510,1.0
UKX,2022-01-14,510,1.0
UKX,2022-01-17,508,0.996078431372549
UKX,2022-01-18,510,1.0
UKX,2022-01-19,510,1.0
UKX,2022-01-20,510,1.0
UKX,2022-01-21,510,1.0
UKX,2022-01-24,510,1.0
UKX,2022-01-25,510,1.0
UKX,2022-01-26,510,1.0
UKX,2022-01-27,510,1.0
UKX,2022-01-28,510,1.0
UKX,2022-01-31,510,1.0
UKX,2022-02-01,510,1.0
UKX,2022-02-02,510,1.0
UKX,2022-02-03,510,1.0
UKX,2022-02-04,510,1.0
UKX,2022-02-07,510,1.0
UKX,2022-02-08,510,1.0
UKX,2022-02-09,510,1.0
UKX,2022-02-10,510,1.0
UKX,2022-02-11,510,1.0
UKX,2022-02-14,510,1.0
UKX,2022-02-15,510,1.0
UKX,2022-02-16,509,0.9980392156862745
UKX,2022-02-17,509,0.9980392156862745
UKX,2022-02-18,509,0.9980392156862745
UKX,2022-02-21,510,1.0
UKX,2022-02-22,510,1.0
UKX,2022-02-23,510,1.0
UKX,2022-02-24,510,1.0
UKX,2022-02-25,510,1.0
UKX,2022-02-28,510,1.0
UKX,2022-03-01,510,1.0
UKX,2022-03-02,510,1.0
UKX,2022-03-03,510,1.0
UKX,2022-03-04,510,1.0
UKX,2022-03-07,510,1.0
UKX,2022-03-08,510,1.0
UKX,2022-03-09,510,1.0
UKX,2022-03-10,510,1.0
UKX,2022-03-11,510,1.0
UKX,2022-03-14,508,0.996078431372549
UKX,2022-03-15,510,1.0
UKX,2022-03-16,510,1.0
UKX,2022-03-17,510,1.0
UKX,2022-03-18,510,1.0
UKX,2022-03-21,510,1.0
UKX,2022-03-22,510,1.0
UKX,2022-03-23,510,1.0
UKX,2022-03-24,510,1.0
UKX,2022-03-25,510,1.0
UKX,2022-03-28,510,1.0
UKX,2022-03-29,509,0.9980392156862745
UKX,2022-03-30,510,1.0
UKX,2022-03-31,510,1.0
UKX,2022-04-01,510,1.0
UKX,2022-04-04,510,1.0
UKX,2022-04-05,510,1.0
UKX,2022-04-06,510,1.0
UKX,2022-04-07,510,1.0
UKX,2022-04-08,510,1.0
UKX,2022-04-11,510,1.0
UKX,2022-04-12,510,1.0
UKX,2022-04-13,510,1.0
UKX,2022-04-14,510,1.0
UKX,2022-04-19,510,1.0
UKX,2022-04-20,510,1.0
UKX,2022-04-21,510,1.0
UKX,2022-04-22,510,1.0
UKX,2022-04-25,510,1.0
UKX,2022-04-26,510,1.0
UKX,2022-04-27,510,1.0
UKX,2022-04-28,510,1.0
UKX,2022-04-29,510,1.0
UKX,2022-05-02,510,1.0
UKX,2022-05-03,510,1.0
UKX,2022-05-04,510,1.0
UKX,2022-05-05,510,1.0
UKX,2022-05-06,510,1.0
UKX,2022-05-09,510,1.0
UKX,2022-05-10,510,1.0
UKX,2022-05-11,510,1.0
UKX,2022-05-12,510,1.0
UKX,2022-05-13,510,1.0
UKX,2022-05-16,510,1.0
UKX,2022-05-17,510,1.0
UKX,2022-05-18,510,1.0
UKX,2022-05-19,510,1.0
UKX,2022-05-20,510,1.0
UKX,2022-05-23,510,1.0
UKX,2022-05-24,510,1.0
UKX,2022-05-25,510,1.0
UKX,2022-05-26,510,1.0
UKX,2022-05-27,510,1.0
UKX,2022-05-30,510,1.0
UKX,2022-05-31,510,1.0
UKX,2022-06-01,510,1.0
UKX,2022-06-02,460,0.9019607843137255
UKX,2022-06-03,485,0.9509803921568627
UKX,2022-06-06,510,1.0
UKX,2022-06-07,510,1.0
UKX,2022-06-08,510,1.0
UKX,2022-06-09,510,1.0
UKX,2022-06-10,510,1.0
UKX,2022-06-13,510,1.0
UKX,2022-06-14,510,1.0
UKX,2022-06-15,510,1.0
UKX,2022-06-16,510,1.0
UKX,2022-06-17,509,0.9980392156862745
UKX,2022-06-20,510,1.0
UKX,2022-06-21,510,1.0
UKX,2022-06-22,509,0.9980392156862745
UKX,2022-06-23,510,1.0
UKX,2022-06-24,510,1.0
UKX,2022-06-27,510,1.0
UKX,2022-06-28,510,1.0
UKX,2022-06-29,510,1.0
UKX,2022-06-30,510,1.0
UKX,2022-07-01,510,1.0
UKX,2022-07-04,510,1.0
UKX,2022-07-05,510,1.0
UKX,2022-07-06,510,1.0
UKX,2022-07-07,510,1.0
UKX,2022-07-08,510,1.0
UKX,2022-07-11,510,1.0
UKX,2022-07-12,510,1.0
UKX,2022-07-13,509,0.9980392156862745
UKX,2022-07-14,510,1.0
UKX,2022-07-15,510,1.0
UKX,2022-07-18,510,1.0
UKX,2022-07-19,510,1.0
UKX,2022-07-20,510,1.0
UKX,2022-07-21,510,1.0
UKX,2022-07-22,510,1.0
UKX,2022-07-25,510,1.0
UKX,2022-07-26,510,1.0
UKX,2022-07-27,510,1.0
UKX,2022-07-28,510,1.0
UKX,2022-07-29,510,1.0
UKX,2022-08-01,510,1.0
UKX,2022-08-02,510,1.0
UKX,2022-08-03,510,1.0
UKX,2022-08-04,510,1.0
UKX,2022-08-05,510,1.0
UKX,2022-08-08,510,1.0
UKX,2022-08-09,510,1.0
UKX,2022-08-10,510,1.0
UKX,2022-08-11,510,1.0
UKX,2022-08-12,510,1.0
UKX,2022-08-15,510,1.0
UKX,2022-08-16,510,1.0
UKX,2022-08-17,510,1.0
UKX,2022-08-18,510,1.0
UKX,2022-08-19,510,1.0
UKX,2022-08-22,510,1.0
UKX,2022-08-23,510,1.0
UKX,2022-08-24,510,1.0
UKX,2022-08-25,510,1.0
UKX,2022-08-26,510,1.0
UKX,2022-08-29,493,0.9666666666666667
UKX,2022-08-30,510,1.0
UKX,2022-08-31,510,1.0
UKX,2022-09-01,510,1.0
UKX,2022-09-02,510,1.0
UKX,2022-09-05,510,1.0
UKX,2022-09-06,510,1.0
UKX,2022-09-07,510,1.0
UKX,2022-09-08,510,1.0
UKX,2022-09-09,510,1.0
UKX,2022-09-12,510,1.0
UKX,2022-09-13,510,1.0
UKX,2022-09-14,510,1.0
UKX,2022-09-15,510,1.0
UKX,2022-09-16,510,1.0
UKX,2022-09-19,497,0.9745098039215686
UKX,2022-09-20,510,1.0
UKX,2022-09-21,510,1.0
UKX,2022-09-22,510,1.0
UKX,2022-09-23,510,1.0
UKX,2022-09-26,510,1.0
UKX,2022-09-27,510,1.0
UKX,2022-09-28,510,1.0
UKX,2022-09-29,510,1.0
UKX,2022-09-30,510,1.0
UKX,2022-10-03,510,1.0
UKX,2022-10-04,510,1.0
UKX,2022-10-05,510,1.0
UKX,2022-10-06,510,1.0
UKX,2022-10-07,510,1.0
UKX,2022-10-10,510,1.0
UKX,2022-10-11,510,1.0
UKX,2022-10-12,510,1.0
UKX,2022-10-13,510,1.0
UKX,2022-10-14,510,1.0
UKX,2022-10-17,510,1.0
UKX,2022-10-18,509,0.9980392156862745
UKX,2022-10-19,510,1.0
UKX,2022-10-20,510,1.0
UKX,2022-10-21,510,1.0
UKX,2022-10-24,510,1.0
UKX,2022-10-25,510,1.0
UKX,2022-10-26,510,1.0
UKX,2022-10-27,509,0.9980392156862745
UKX,2022-10-28,510,1.0
UKX,2022-10-31,510,1.0
UKX,2022-11-01,510,1.0
UKX,2022-11-02,510,1.0
UKX,2022-11-03,510,1.0
UKX,2022-11-04,510,1.0
UKX,2022-11-07,510,1.0
UKX,2022-11-08,510,1.0
UKX,2022-11-09,510,1.0
UKX,2022-11-10,510,1.0
UKX,2022-11-11,510,1.0
UKX,2022-11-14,510,1.0
UKX,2022-11-15,510,1.0
UKX,2022-11-16,510,1.0
UKX,2022-11-17,510,1.0
UKX,2022-11-18,510,1.0
UKX,2022-11-21,510,1.0
UKX,2022-11-22,510,1.0
UKX,2022-11-23,510,1.0
UKX,2022-11-24,510,1.0
UKX,2022-11-25,510,1.0
UKX,2022-11-28,510,1.0
UKX,2022-11-29,510,1.0
UKX,2022-11-30,510,1.0
UKX,2022-12-01,510,1.0
UKX,2022-12-02,510,1.0
UKX,2022-12-05,510,1.0
UKX,2022-12-06,510,1.0
UKX,2022-12-07,510,1.0
UKX,2022-12-08,510,1.0
UKX,2022-12-09,510,1.0
UKX,2022-12-12,510,1.0
UKX,2022-12-13,510,1.0
UKX,2022-12-14,510,1.0
UKX,2022-12-15,510,1.0
UKX,2022-12-16,510,1.0
UKX,2022-12-19,510,1.0
UKX,2022-12-20,510,1.0
UKX,2022-12-21,510,1.0
UKX,2022-12-22,510,1.0
UKX,2022-12-23,510,1.0
UKX,2022-12-27,510,1.0
UKX,2022-12-28,510,1.0
UKX,2022-12-29,510,1.0
UKX,2022-12-30,473,0.9274509803921569
UKX,2023-01-02,298,0.5843137254901961
UKX,2023-01-03,510,1.0
UKX,2023-01-04,510,1.0
UKX,2023-01-05,510,1.0
UKX,2023-01-06,510,1.0
UKX,2023-01-09,510,1.0
UKX,2023-01-10,510,1.0
UKX,2023-01-11,510,1.0
UKX,2023-01-12,510,1.0
UKX,2023-01-13,510,1.0
UKX,2023-01-16,510,1.0
UKX,2023-01-17,510,1.0
UKX,2023-01-18,510,1.0
UKX,2023-01-19,510,1.0
UKX,2023-01-20,510,1.0
UKX,2023-01-23,510,1.0
UKX,2023-01-24,510,1.0
UKX,2023-01-25,510,1.0
UKX,2023-01-26,510,1.0
UKX,2023-01-27,510,1.0
UKX,2023-01-30,510,1.0
UKX,2023-01-31,510,1.0
UKX,2023-02-01,510,1.0
UKX,2023-02-02,510,1.0
UKX,2023-02-03,510,1.0
UKX,2023-02-06,510,1.0
UKX,2023-02-07,510,1.0
UKX,2023-02-08,510,1.0
UKX,2023-02-09,510,1.0
UKX,2023-02-10,510,1.0
UKX,2023-02-13,510,1.0
UKX,2023-02-14,510,1.0
UKX,2023-02-15,510,1.0
UKX,2023-02-16,510,1.0
UKX,2023-02-17,510,1.0
UKX,2023-02-20,510,1.0
UKX,2023-02-21,510,1.0
UKX,2023-02-22,510,1.0
UKX,2023-02-23,510,1.0
UKX,2023-02-24,510,1.0
UKX,2023-02-27,510,1.0
UKX,2023-02-28,510,1.0
UKX,2023-03-01,510,1.0
UKX,2023-03-02,510,1.0
UKX,2023-03-03,510,1.0
UKX,2023-03-06,510,1.0
UKX,2023-03-07,510,1.0
UKX,2023-03-08,510,1.0
UKX,2023-03-09,510,1.0
UKX,2023-03-10,510,1.0
UKX,2023-03-13,510,1.0
UKX,2023-03-14,510,1.0
UKX,2023-03-15,510,1.0
UKX,2023-03-16,510,1.0
UKX,2023-03-17,510,1.0
UKX,2023-03-20,510,1.0
UKX,2023-03-21,510,1.0
UKX,2023-03-22,510,1.0
UKX,2023-03-23,510,1.0
UKX,2023-03-24,510,1.0
UKX,2023-03-27,510,1.0
UKX,2023-03-28,510,1.0
UKX,2023-03-29,510,1.0
UKX,2023-03-30,510,1.0
UKX,2023-03-31,510,1.0
UKX,2023-04-03,510,1.0
UKX,2023-04-04,510,1.0
UKX,2023-04-05,510,1.0
UKX,2023-04-06,510,1.0
UKX,2023-04-11,510,1.0
UKX,2023-04-12,510,1.0
UKX,2023-04-13,510,1.0
UKX,2023-04-14,510,1.0
UKX,2023-04-17,510,1.0
UKX,2023-04-18,510,1.0
UKX,2023-04-19,510,1.0
UKX,2023-04-20,510,1.0
UKX,2023-04-21,510,1.0
UKX,2023-04-24,509,0.9980392156862745
UKX,2023-04-25,510,1.0
UKX,2023-04-26,510,1.0
UKX,2023-04-27,510,1.0
UKX,2023-04-28,510,1.0
UKX,2023-05-01,493,0.9666666666666667
UKX,2023-05-02,510,1.0
UKX,2023-05-03,510,1.0
UKX,2023-05-04,510,1.0
UKX,2023-05-05,510,1.0
UKX,2023-05-09,510,1.0
UKX,2023-05-10,510,1.0
UKX,2023-05-11,460,0.9019607843137255
UKX,2023-05-12,485,0.9509803921568627
UKX,2023-05-15,510,1.0
UKX,2023-05-16,510,1.0
UKX,2023-05-17,510,1.0
UKX,2023-05-18,510,1.0
UKX,2023-05-19,510,1.0
UKX,2023-05-22,510,1.0
UKX,2023-05-23,510,1.0
UKX,2023-05-24,510,1.0
UKX,2023-05-25,510,1.0
UKX,2023-05-26,510,1.0
UKX,2023-05-30,510,1.0
UKX,2023-05-31,510,1.0
UKX,2023-06-01,510,1.0
UKX,2023-06-02,496,0.9725490196078431
UKX,2023-06-05,510,1.0
UKX,2023-06-06,510,1.0
UKX,2023-06-07,510,1.0
UKX,2023-06-08,509,0.9980392156862745
UKX,2023-06-09,510,1.0
UKX,2023-06-12,510,1.0
UKX,2023-06-13,510,1.0
UKX,2023-06-14,510,1.0
UKX,2023-06-15,510,1.0
UKX,2023-06-16,510,1.0
UKX,2023-06-19,510,1.0
UKX,2023-06-20,510,1.0
UKX,2023-06-21,510,1.0
UKX,2023-06-22,510,1.0
UKX,2023-06-23,507,0.9941176470588236
UKX,2023-06-26,505,0.9901960784313726
UKX,2023-06-27,510,1.0
UKX,2023-06-28,510,1.0
UKX,2023-06-29,478,0.9372549019607843
UKX,2023-06-30,505,0.9901960784313726
UKX,2023-07-03,493,0.9666666666666667
UKX,2023-07-04,424,0.8313725490196079
UKX,2023-07-05,390,0.7647058823529411
UKX,2023-07-06,510,1.0
UKX,2023-07-07,510,1.0
UKX,2023-07-10,510,1.0
UKX,2023-07-11,510,1.0
UKX,2023-07-12,510,1.0
UKX,2023-07-13,510,1.0
UKX,2023-07-14,510,1.0
UKX,2023-07-17,510,1.0
UKX,2023-07-18,510,1.0
UKX,2023-07-19,510,1.0
UKX,2023-07-20,510,1.0
UKX,2023-07-21,510,1.0
UKX,2023-07-24,510,1.0
UKX,2023-07-25,510,1.0
UKX,2023-07-26,510,1.0
UKX,2023-07-27,510,1.0
UKX,2023-07-28,222,0.43529411764705883
UKX,2023-07-31,446,0.8745098039215686
UKX,2023-08-01,487,0.9549019607843138
UKX,2023-08-02,509,0.9980392156862745
UKX,2023-08-03,510,1.0
UKX,2023-08-04,510,1.0
UKX,2023-08-07,510,1.0
UKX,2023-08-08,510,1.0
UKX,2023-08-09,510,1.0
UKX,2023-08-10,510,1.0
UKX,2023-08-11,510,1.0
UKX,2023-08-14,510,1.0
UKX,2023-08-15,510,1.0
UKX,2023-08-16,510,1.0
UKX,2023-08-17,510,1.0
UKX,2023-08-18,510,1.0
UKX,2023-08-21,510,1.0
UKX,2023-08-22,510,1.0
UKX,2023-08-23,510,1.0
UKX,2023-08-24,510,1.0
UKX,2023-08-25,510,1.0
UKX,2023-08-28,423,0.8294117647058824
UKX,2023-08-29,510,1.0
UKX,2023-08-30,510,1.0
UKX,2023-08-31,510,1.0
UKX,2023-09-01,503,0.9862745098039216
UKX,2023-09-04,428,0.8392156862745098
UKX,2023-09-05,495,0.9705882352941176
UKX,2023-09-06,496,0.9725490196078431
UKX,2023-09-07,487,0.9549019607843138
UKX,2023-09-08,449,0.8803921568627451
UKX,2023-09-11,496,0.9725490196078431
UKX,2023-09-12,492,0.9647058823529412
UKX,2023-09-13,510,1.0
UKX,2023-09-14,509,0.9980392156862745
UKX,2023-09-15,436,0.8549019607843137
UKX,2023-09-18,454,0.8901960784313725
UKX,2023-09-19,510,1.0
UKX,2023-09-20,510,1.0
UKX,2023-09-21,197,0.3862745098039216
UKX,2023-09-22,366,0.7176470588235294
UKX,2023-09-25,457,0.8960784313725491
UKX,2023-09-26,508,0.996078431372549
UKX,2023-09-27,505,0.9901960784313726
UKX,2023-09-28,509,0.9980392156862745
UKX,2023-09-29,510,1.0
UKX,2023-10-02,432,0.8470588235294118
UKX,2023-10-03,507,0.9941176470588236
UKX,2023-10-04,510,1.0
UKX,2023-10-05,509,0.9980392156862745
UKX,2023-10-06,510,1.0
UKX,2023-10-09,481,0.9431372549019608
UKX,2023-10-10,510,1.0
UKX,2023-10-11,510,1.0
UKX,2023-10-12,510,1.0
UKX,2023-10-13,510,1.0
UKX,2023-10-16,510,1.0
UKX,2023-10-17,510,1.0
UKX,2023-10-18,510,1.0
UKX,2023-10-19,510,1.0
UKX,2023-10-20,510,1.0
UKX,2023-10-23,510,1.0
UKX,2023-10-24,510,1.0
UKX,2023-10-25,510,1.0
UKX,2023-10-26,510,1.0
UKX,2023-10-27,510,1.0
UKX,2023-10-30,510,1.0
UKX,2023-10-31,510,1.0
UKX,2023-11-01,510,1.0
UKX,2023-11-02,510,1.0
UKX,2023-11-03,510,1.0
UKX,2023-11-06,510,1.0
UKX,2023-11-07,510,1.0
UKX,2023-11-08,510,1.0
UKX,2023-11-09,510,1.0
UKX,2023-11-10,510,1.0
UKX,2023-11-13,510,1.0
UKX,2023-11-14,510,1.0
UKX,2023-11-15,510,1.0
UKX,2023-11-16,510,1.0
UKX,2023-11-17,510,1.0
UKX,2023-11-20,510,1.0
UKX,2023-11-21,510,1.0
UKX,2023-11-22,510,1.0
UKX,2023-11-23,510,1.0
UKX,2023-11-24,510,1.0
UKX,2023-11-27,510,1.0
UKX,2023-11-28,510,1.0
UKX,2023-11-29,508,0.996078431372549
UKX,2023-11-30,510,1.0
UKX,2023-12-01,510,1.0
UKX,2023-12-04,510,1.0
UKX,2023-12-05,510,1.0
UKX,2023-12-06,510,1.0
UKX,2023-12-07,510,1.0
UKX,2023-12-08,510,1.0
UKX,2023-12-11,510,1.0
UKX,2023-12-12,510,1.0
UKX,2023-12-13,510,1.0
UKX,2023-12-14,510,1.0
UKX,2023-12-15,510,1.0
UKX,2023-12-18,510,1.0
UKX,2023-12-19,510,1.0
UKX,2023-12-20,510,1.0
UKX,2023-12-21,510,1.0
UKX,2023-12-22,431,0.8450980392156863
UKX,2023-12-26,454,0.8901960784313725
UKX,2023-12-27,510,1.0
UKX,2023-12-28,510,1.0
UKX,2023-12-29,398,0.7803921568627451
UKX,2024-01-02,510,1.0
UKX,2024-01-03,510,1.0
UKX,2024-01-04,510,1.0
UKX,2024-01-05,510,1.0
UKX,2024-01-08,510,1.0
UKX,2024-01-09,510,1.0
UKX,2024-01-10,510,1.0
UKX,2024-01-11,510,1.0
UKX,2024-01-12,510,1.0
UKX,2024-01-15,510,1.0
UKX,2024-01-16,510,1.0
UKX,2024-01-17,510,1.0
UKX,2024-01-18,510,1.0
UKX,2024-01-19,510,1.0
UKX,2024-01-22,510,1.0
UKX,2024-01-23,510,1.0
UKX,2024-01-24,510,1.0
UKX,2024-01-25,510,1.0
UKX,2024-01-26,510,1.0
UKX,2024-01-29,510,1.0
UKX,2024-01-30,510,1.0
UKX,2024-01-31,510,1.0
UKX,2024-02-01,510,1.0
UKX,2024-02-02,510,1.0
UKX,2024-02-05,510,1.0
UKX,2024-02-06,510,1.0
UKX,2024-02-07,510,1.0
UKX,2024-02-08,510,1.0
UKX,2024-02-09,510,1.0
UKX,2024-02-12,510,1.0
UKX,2024-02-13,510,1.0
UKX,2024-02-14,510,1.0
UKX,2024-02-15,510,1.0
UKX,2024-02-16,510,1.0
UKX,2024-02-19,510,1.0
UKX,2024-02-20,510,1.0
UKX,2024-02-21,510,1.0
UKX,2024-02-22,510,1.0
UKX,2024-02-23,510,1.0
UKX,2024-02-26,510,1.0
UKX,2024-02-27,510,1.0
UKX,2024-02-28,510,1.0
UKX,2024-02-29,510,1.0
UKX,2024-03-01,360,0.7058823529411765
UKX,2024-03-04,432,0.8470588235294118
UKX,2024-03-05,510,1.0
UKX,2024-03-06,505,0.9901960784313726
UKX,2024-03-07,345,0.6764705882352942
UKX,2024-03-08,418,0.8196078431372549
UKX,2024-03-11,485,0.9509803921568627
UKX,2024-03-12,510,1.0
UKX,2024-03-13,434,0.8509803921568627
UKX,2024-03-14,347,0.6803921568627451
UKX,2024-03-15,472,0.9254901960784314
UKX,2024-03-18,460,0.9019607843137255
UKX,2024-03-19,467,0.9156862745098039
UKX,2024-03-20,510,1.0
UKX,2024-03-21,510,1.0
UKX,2024-03-22,510,1.0
UKX,2024-03-25,510,1.0
UKX,2024-03-26,510,1.0
UKX,2024-03-27,510,1.0
UKX,2024-03-28,510,1.0
UKX,2024-04-01,481,0.9431372549019608
UKX,2024-04-02,455,0.8921568627450981
UKX,2024-04-03,510,1.0
UKX,2024-04-04,510,1.0
UKX,2024-04-05,510,1.0
UKX,2024-04-08,510,1.0
UKX,2024-04-09,510,1.0
UKX,2024-04-10,510,1.0
UKX,2024-04-11,377,0.7392156862745098
UKX,2024-04-12,508,0.996078431372549
UKX,2024-04-15,388,0.7607843137254902
UKX,2024-04-16,509,0.9980392156862745
UKX,2024-04-17,510,1.0
UKX,2024-04-18,510,1.0
UKX,2024-04-19,510,1.0
UKX,2024-04-22,510,1.0
UKX,2024-04-23,510,1.0
UKX,2024-04-24,510,1.0
UKX,2024-04-25,472,0.9254901960784314
UKX,2024-04-26,510,1.0
UKX,2024-04-29,510,1.0
UKX,2024-04-30,510,1.0
UKX,2024-05-01,510,1.0
UKX,2024-05-02,510,1.0
UKX,2024-05-03,510,1.0
UKX,2024-05-06,387,0.7588235294117647
UKX,2024-05-07,510,1.0
UKX,2024-05-08,510,1.0
UKX,2024-05-09,510,1.0
UKX,2024-05-10,510,1.0
UKX,2024-05-13,510,1.0
UKX,2024-05-14,510,1.0
UKX,2024-05-15,510,1.0
UKX,2024-05-16,510,1.0
UKX,2024-05-17,510,1.0
UKX,2024-05-20,510,1.0
UKX,2024-05-21,510,1.0
UKX,2024-05-22,510,1.0
UKX,2024-05-23,509,0.9980392156862745
UKX,2024-05-24,510,1.0
UKX,2024-05-27,350,0.6862745098039216
UKX,2024-05-28,510,1.0
UKX,2024-05-29,510,1.0
UKX,2024-05-30,510,1.0
UKX,2024-05-31,510,1.0
UKX,2024-06-03,510,1.0
UKX,2024-06-04,510,1.0
UKX,2024-06-05,510,1.0
UKX,2024-06-06,510,1.0
UKX,2024-06-07,510,1.0
UKX,2024-06-10,510,1.0
UKX,2024-06-11,510,1.0
UKX,2024-06-12,510,1.0
UKX,2024-06-13,510,1.0
UKX,2024-06-14,510,1.0
UKX,2024-06-17,510,1.0
UKX,2024-06-18,510,1.0
UKX,2024-06-19,510,1.0
UKX,2024-06-20,510,1.0
UKX,2024-06-21,510,1.0
UKX,2024-06-24,510,1.0
UKX,2024-06-25,509,0.9980392156862745
UKX,2024-06-26,510,1.0
UKX,2024-06-27,510,1.0
UKX,2024-06-28,510,1.0
UKX,2024-07-01,510,1.0
UKX,2024-07-02,510,1.0
UKX,2024-07-03,510,1.0
UKX,2024-07-04,510,1.0
UKX,2024-07-05,510,1.0
UKX,2024-07-08,510,1.0
UKX,2024-07-09,510,1.0
UKX,2024-07-10,510,1.0
UKX,2024-07-11,510,1.0
UKX,2024-07-12,510,1.0
UKX,2024-07-15,510,1.0
UKX,2024-07-16,510,1.0
UKX,2024-07-17,510,1.0
UKX,2024-07-18,510,1.0
UKX,2024-07-19,413,0.8098039215686275
UKX,2024-07-22,510,1.0
UKX,2024-07-23,510,1.0
UKX,2024-07-24,510,1.0
UKX,2024-07-25,510,1.0
UKX,2024-07-26,510,1.0
UKX,2024-07-29,510,1.0
UKX,2024-07-30,510,1.0
UKX,2024-07-31,510,1.0
UKX,2024-08-01,510,1.0
UKX,2024-08-02,510,1.0
UKX,2024-08-05,510,1.0
UKX,2024-08-06,510,1.0
UKX,2024-08-07,510,1.0
UKX,2024-08-08,510,1.0
UKX,2024-08-09,510,1.0
UKX,2024-08-12,510,1.0
UKX,2024-08-13,510,1.0
UKX,2024-08-14,510,1.0
UKX,2024-08-15,510,1.0
UKX,2024-08-16,510,1.0
UKX,2024-08-19,510,1.0
UKX,2024-08-20,510,1.0
UKX,2024-08-21,510,1.0
UKX,2024-08-22,510,1.0
UKX,2024-08-23,510,1.0
UKX,2024-08-26,404,0.792156862745098
UKX,2024-08-27,510,1.0
UKX,2024-08-28,510,1.0
UKX,2024-08-29,510,1.0
UKX,2024-08-30,510,1.0
UKX,2024-09-02,510,1.0
UKX,2024-09-03,510,1.0
UKX,2024-09-04,510,1.0
UKX,2024-09-05,510,1.0
UKX,2024-09-06,510,1.0
UKX,2024-09-09,510,1.0
UKX,2024-09-10,510,1.0
UKX,2024-09-11,510,1.0
UKX,2024-09-12,510,1.0
UKX,2024-09-13,510,1.0
UKX,2024-09-16,510,1.0
UKX,2024-09-17,510,1.0
UKX,2024-09-18,510,1.0
UKX,2024-09-19,510,1.0
UKX,2024-09-20,510,1.0
UKX,2024-09-23,510,1.0
UKX,2024-09-24,510,1.0
UKX,2024-09-25,510,1.0
UKX,2024-09-26,510,1.0
UKX,2024-09-27,510,1.0
UKX,2024-09-30,510,1.0
UKX,2024-10-01,510,1.0
UKX,2024-10-02,510,1.0
UKX,2024-10-03,510,1.0
UKX,2024-10-04,510,1.0
UKX,2024-10-07,510,1.0
UKX,2024-10-08,510,1.0
UKX,2024-10-09,510,1.0
UKX,2024-10-10,510,1.0
UKX,2024-10-11,510,1.0
UKX,2024-10-14,510,1.0
UKX,2024-10-15,510,1.0
UKX,2024-10-16,510,1.0
UKX,2024-10-17,510,1.0
UKX,2024-10-18,510,1.0
UKX,2024-10-21,510,1.0
UKX,2024-10-22,510,1.0
UKX,2024-10-23,510,1.0
UKX,2024-10-24,510,1.0
UKX,2024-10-25,510,1.0
UKX,2024-10-28,510,1.0
UKX,2024-10-29,510,1.0
UKX,2024-10-30,510,1.0
UKX,2024-10-31,510,1.0
UKX,2024-11-01,510,1.0
UKX,2024-11-04,510,1.0
UKX,2024-11-05,510,1.0
UKX,2024-11-06,510,1.0
UKX,2024-11-07,510,1.0
UKX,2024-11-08,510,1.0
UKX,2024-11-11,510,1.0
UKX,2024-11-12,510,1.0
UKX,2024-11-13,510,1.0
UKX,2024-11-14,510,1.0
UKX,2024-11-15,510,1.0
UKX,2024-11-18,510,1.0
UKX,2024-11-19,510,1.0
UKX,2024-11-20,510,1.0
UKX,2024-11-21,510,1.0
UKX,2024-11-22,510,1.0
UKX,2024-11-25,510,1.0
UKX,2024-11-26,510,1.0
UKX,2024-11-27,510,1.0
UKX,2024-11-28,510,1.0
UKX,2024-11-29,510,1.0
UKX,2024-12-02,510,1.0
UKX,2024-12-03,510,1.0
UKX,2024-12-04,510,1.0
UKX,2024-12-05,510,1.0
UKX,2024-12-06,510,1.0
UKX,2024-12-09,510,1.0
UKX,2024-12-10,510,1.0
UKX,2024-12-11,510,1.0
UKX,2024-12-12,509,0.9980392156862745
UKX,2024-12-13,510,1.0
UKX,2024-12-16,510,1.0
UKX,2024-12-17,510,1.0
UKX,2024-12-18,510,1.0
UKX,2024-12-19,510,1.0
UKX,2024-12-20,510,1.0
UKX,2024-12-23,510,1.0
UKX,2024-12-24,505,0.9901960784313726
UKX,2024-12-26,510,1.0
UKX,2024-12-27,510,1.0
UKX,2024-12-30,510,1.0
UKX,2024-12-31,510,1.0
UKX,2025-01-03,510,1.0
UKX,2025-01-06,510,1.0
UKX,2025-01-07,510,1.0
UKX,2025-01-08,510,1.0
UKX,2025-01-09,510,1.0
UKX,2025-01-10,510,1.0
UKX,2025-01-13,510,1.0
UKX,2025-01-14,510,1.0
UKX,2025-01-15,510,1.0
UKX,2025-01-16,510,1.0
UKX,2025-01-17,510,1.0
UKX,2025-01-20,510,1.0
UKX,2025-01-21,510,1.0
UKX,2025-01-22,510,1.0
UKX,2025-01-23,510,1.0
UKX,2025-01-24,510,1.0
UKX,2025-01-27,510,1.0
UKX,2025-01-28,510,1.0
UKX,2025-01-29,510,1.0
UKX,2025-01-30,510,1.0
UKX,2025-01-31,510,1.0
UKX,2025-02-03,510,1.0
UKX,2025-02-04,510,1.0
UKX,2025-02-05,510,1.0
UKX,2025-02-06,510,1.0
UKX,2025-02-07,510,1.0
UKX,2025-02-10,510,1.0
UKX,2025-02-11,510,1.0
UKX,2025-02-12,510,1.0
UKX,2025-02-13,510,1.0
UKX,2025-02-14,510,1.0
UKX,2025-02-17,510,1.0
UKX,2025-02-18,510,1.0
UKX,2025-02-19,510,1.0
UKX,2025-02-20,510,1.0
UKX,2025-02-21,510,1.0
UKX,2025-02-24,510,1.0
UKX,2025-02-25,510,1.0
UKX,2025-02-26,510,1.0
UKX,2025-02-27,510,1.0
UKX,2025-02-28,510,1.0
UKX,2025-03-03,510,1.0
UKX,2025-03-04,510,1.0
UKX,2025-03-05,510,1.0
UKX,2025-03-06,510,1.0
UKX,2025-03-07,510,1.0
UKX,2025-03-10,510,1.0
UKX,2025-03-11,510,1.0
UKX,2025-03-12,510,1.0
UKX,2025-03-13,510,1.0
UKX,2025-03-14,510,1.0
UKX,2025-03-17,510,1.0
UKX,2025-03-18,510,1.0
UKX,2025-03-19,510,1.0
UKX,2025-03-20,510,1.0
UKX,2025-03-21,510,1.0
UKX,2025-03-24,510,1.0
UKX,2025-03-25,510,1.0
UKX,2025-03-26,510,1.0
UKX,2025-03-27,510,1.0
UKX,2025-03-28,510,1.0
UKX,2025-03-31,510,1.0
UKX,2025-04-01,510,1.0
UKX,2025-04-02,510,1.0
UKX,2025-04-03,510,1.0
UKX,2025-04-04,510,1.0
UKX,2025-04-07,510,1.0
UKX,2025-04-08,510,1.0
UKX,2025-04-09,510,1.0
UKX,2025-04-10,510,1.0
UKX,2025-04-11,510,1.0
UKX,2025-04-14,510,1.0
UKX,2025-04-15,510,1.0
UKX,2025-04-16,506,0.9921568627450981
UKX,2025-04-17,510,1.0
UKX,2025-04-21,510,1.0
UKX,2025-04-22,510,1.0
UKX,2025-04-23,510,1.0
UKX,2025-04-24,510,1.0
UKX,2025-04-25,510,1.0
UKX,2025-04-28,510,1.0
UKX,2025-04-29,510,1.0
UKX,2025-04-30,510,1.0
UKX,2025-05-01,510,1.0
UKX,2025-05-02,510,1.0
UKX,2025-05-05,510,1.0
UKX,2025-05-06,510,1.0
UKX,2025-05-07,510,1.0
UKX,2025-05-08,510,1.0
UKX,2025-05-09,510,1.0
UKX,2025-05-12,510,1.0
UKX,2025-05-13,510,1.0
UKX,2025-05-14,510,1.0
UKX,2025-05-15,510,1.0
UKX,2025-05-16,510,1.0
UKX,2025-05-19,510,1.0
UKX,2025-05-20,510,1.0
UKX,2025-05-21,510,1.0
UKX,2025-05-22,510,1.0
UKX,2025-05-23,510,1.0
UKX,2025-05-26,510,1.0
UKX,2025-05-27,510,1.0
UKX,2025-05-28,510,1.0
UKX,2025-05-29,510,1.0
UKX,2025-05-30,510,1.0
UKX,2025-06-02,510,1.0
UKX,2025-06-03,510,1.0
UKX,2025-06-04,510,1.0
UKX,2025-06-05,510,1.0
UKX,2025-06-06,510,1.0
UKX,2025-06-09,510,1.0
UKX,2025-06-10,510,1.0
UKX,2025-06-11,510,1.0
UKX,2025-06-12,510,1.0
UKX,2025-06-13,510,1.0
UKX,2025-06-16,510,1.0
UKX,2025-06-17,510,1.0
UKX,2025-06-18,510,1.0
UKX,2025-06-19,510,1.0
UKX,2025-06-20,510,1.0
UKX,2025-06-23,510,1.0
UKX,2025-06-24,510,1.0
UKX,2025-06-25,510,1.0
UKX,2025-06-26,510,1.0
UKX,2025-06-27,510,1.0
UKX,2025-06-30,510,1.0
UKX,2025-07-01,510,1.0
UKX,2025-07-02,510,1.0
UKX,2025-07-03,510,1.0
UKX,2025-07-04,510,1.0
UKX,2025-07-07,510,1.0
UKX,2025-07-08,510,1.0
UKX,2025-07-09,510,1.0
UKX,2025-07-10,510,1.0
UKX,2025-07-11,510,1.0
UKX,2025-07-14,510,1.0
UKX,2025-07-15,510,1.0
UKX,2025-07-16,510,1.0
UKX,2025-07-17,510,1.0
UKX,2025-07-18,510,1.0
UKX,2025-07-21,510,1.0
UKX,2025-07-22,510,1.0
UKX,2025-07-23,510,1.0
UKX,2025-07-24,510,1.0
UKX,2025-07-25,510,1.0
UKX,2025-07-28,510,1.0
UKX,2025-07-29,510,1.0
UKX,2025-07-30,510,1.0
UKX,2025-07-31,510,1.0
UKX,2025-08-01,510,1.0
UKX,2025-08-04,510,1.0
UKX,2025-08-05,510,1.0
UKX,2025-08-06,510,1.0
UKX,2025-08-07,510,1.0
UKX,2025-08-08,510,1.0
UKX,2025-08-11,510,1.0
UKX,2025-08-12,510,1.0
UKX,2025-08-13,510,1.0
UKX,2025-08-14,510,1.0
UKX,2025-08-15,510,1.0
UKX,2025-08-18,509,0.9980392156862745
UKX,2025-08-19,510,1.0
UKX,2025-08-20,510,1.0
UKX,2025-08-21,510,1.0
UKX,2025-08-22,510,1.0
UKX,2025-08-25,404,0.792156862745098
UKX,2025-08-26,510,1.0
UKX,2025-08-27,509,0.9980392156862745
UKX,2025-08-28,510,1.0
UKX,2025-08-29,510,1.0
UKX,2025-09-01,510,1.0
UKX,2025-09-02,510,1.0
UKX,2025-09-03,510,1.0
UKX,2025-09-04,510,1.0
UKX,2025-09-05,510,1.0
UKX,2025-09-08,510,1.0
UKX,2025-09-09,510,1.0
UKX,2025-09-10,510,1.0
UKX,2025-09-11,510,1.0
UKX,2025-09-12,510,1.0
UKX,2025-09-15,510,1.0
UKX,2025-09-16,510,1.0
UKX,2025-09-17,510,1.0
UKX,2025-09-18,510,1.0
UKX,2025-09-19,510,1.0
UKX,2025-09-22,510,1.0
UKX,2025-09-23,510,1.0
UKX,2025-09-24,509,0.9980392156862745
UKX,2025-09-25,510,1.0
UKX,2025-09-26,503,0.9862745098039216
UKX,2025-09-29,510,1.0
UKX,2025-09-30,510,1.0
UKX,2025-10-01,510,1.0
UKX,2025-10-02,510,1.0
UKX,2025-10-03,510,1.0
UKX,2025-10-06,510,1.0
UKX,2025-10-07,510,1.0
UKX,2025-10-08,510,1.0
UKX,2025-10-09,510,1.0
UKX,2025-10-10,510,1.0
UKX,2025-10-13,510,1.0
UKX,2025-10-14,510,1.0
UKX,2025-10-15,510,1.0
UKX,2025-10-16,510,1.0
UKX,2025-10-17,510,1.0
UKX,2025-10-20,510,1.0
UKX,2025-10-21,510,1.0
UKX,2025-10-22,510,1.0
UKX,2025-10-23,510,1.0
UKX,2025-10-24,510,1.0
UKX,2025-10-27,510,1.0
UKX,2025-10-28,510,1.0
UKX,2025-10-29,510,1.0
UKX,2025-10-30,510,1.0
UKX,2025-10-31,510,1.0
UKX,2025-11-03,510,1.0
UKX,2025-11-04,510,1.0
UKX,2025-11-05,510,1.0
UKX,2025-11-06,510,1.0
UKX,2025-11-07,510,1.0
UKX,2025-11-10,510,1.0
UKX,2025-11-11,509,0.9980392156862745
UKX,2025-11-12,510,1.0
UKX,2025-11-13,510,1.0
UKX,2025-11-14,510,1.0
UKX,2025-11-17,510,1.0
UKX,2025-11-18,510,1.0
UKX,2025-11-19,510,1.0
UKX,2025-11-20,510,1.0
UKX,2025-11-21,510,1.0
UKX,2025-11-24,510,1.0
UKX,2025-11-25,510,1.0
UKX,2025-11-26,510,1.0
UKX,2025-11-27,510,1.0
UKX,2025-11-28,507,0.9941176470588236
UKX,2025-12-01,510,1.0
UKX,2025-12-02,510,1.0
UKX,2025-12-03,510,1.0
UKX,2025-12-04,510,1.0
UKX,2025-12-05,497,0.9745098039215686
UKX,2025-12-08,510,1.0
UKX,2025-12-09,510,1.0
UKX,2025-12-10,510,1.0
UKX,2025-12-11,510,1.0
UKX,2025-12-12,510,1.0
UKX,2025-12-15,509,0.9980392156862745
UKX,2025-12-16,508,0.996078431372549
UKX,2025-12-17,510,1.0
UKX,2025-12-18,510,1.0
UKX,2025-12-19,510,1.0
UKX,2025-12-22,510,1.0
UKX,2025-12-23,510,1.0
UKX,2025-12-24,269,0.5274509803921569
UKX,2025-12-26,502,0.984313725490196
UKX,2025-12-29,510,1.0
UKX,2025-12-30,509,0.9980392156862745
UKX,2025-12-31,502,0.984313725490196
UKX,2026-01-02,510,1.0
UKX,2026-01-05,510,1.0
UKX,2026-01-06,510,1.0
UKX,2026-01-07,510,1.0
UKX,2026-01-08,510,1.0
UKX,2026-01-09,510,1.0
UKX,2026-01-12,510,1.0
UKX,2026-01-13,510,1.0
UKX,2026-01-14,510,1.0
UKX,2026-01-15,510,1.0
UKX,2026-01-16,510,1.0
UKX,2026-01-19,510,1.0
UKX,2026-01-20,509,0.9980392156862745
UKX,2026-01-21,510,1.0
UKX,2026-01-22,510,1.0
UKX,2026-01-23,510,1.0
UKX,2026-01-26,510,1.0
UKX,2026-01-27,510,1.0
UKX,2026-01-28,510,1.0
UKX,2026-01-29,510,1.0
UKX,2026-01-30,510,1.0
UKX,2026-02-02,510,1.0
UKX,2026-02-03,510,1.0
UKX,2026-02-04,510,1.0
UKX,2026-02-05,510,1.0
UKX,2026-02-06,510,1.0
UKX,2026-02-09,510,1.0
UKX,2026-02-10,510,1.0
UKX,2026-02-11,510,1.0
UKX,2026-02-12,510,1.0
UKX,2026-02-13,510,1.0
UKX,2026-02-16,510,1.0
UKX,2026-02-17,510,1.0
UKX,2026-02-18,510,1.0
UKX,2026-02-19,510,1.0
UKX,2026-02-20,510,1.0
UKX,2026-02-23,510,1.0
UKX,2026-02-24,510,1.0
UKX,2026-02-25,510,1.0
UKX,2026-02-26,510,1.0
UKX,2026-02-27,510,1.0
UKX,2026-03-02,507,0.9941176470588236
UKX,2026-03-03,510,1.0
UKX,2026-03-04,510,1.0
UKX,2026-03-05,510,1.0
UKX,2026-03-06,510,1.0
UKX,2026-03-09,510,1.0
UKX,2026-03-10,510,1.0
UKX,2026-03-11,510,1.0
UKX,2026-03-12,510,1.0
UKX,2026-03-13,510,1.0
UKX,2026-03-16,510,1.0
UKX,2026-03-17,510,1.0
UKX,2026-03-18,510,1.0
UKX,2026-03-19,510,1.0
UKX,2026-03-20,510,1.0
UKX,2026-03-23,510,1.0
UKX,2026-03-24,510,1.0
UKX,2026-03-25,510,1.0
UKX,2026-03-26,510,1.0
UKX,2026-03-27,510,1.0
UKX,2026-03-30,510,1.0
UKX,2026-03-31,510,1.0
UKX,2026-04-01,510,1.0
UKX,2026-04-02,510,1.0
UKX,2026-04-06,510,1.0
UKX,2026-04-07,510,1.0
UKX,2026-04-08,510,1.0
UKX,2026-04-09,510,1.0
UKX,2026-04-10,474,0.9294117647058824
UKX,2026-04-13,510,1.0
UKX,2026-04-14,510,1.0
UKX,2026-04-15,510,1.0
UKX,2026-04-16,510,1.0
UKX,2026-04-17,510,1.0
UKX,2026-04-20,510,1.0
UKX,2026-04-21,510,1.0
UKX,2026-04-22,510,1.0
UKX,2026-04-23,510,1.0
UKX,2026-04-24,510,1.0
UKX,2026-04-27,510,1.0
UKX,2026-04-28,510,1.0
UKX,2026-04-29,510,1.0
UKX,2026-04-30,510,1.0
UKX,2026-05-01,509,0.9980392156862745
UKX,2026-05-04,506,0.9921568627450981
UKX,2026-05-05,510,1.0
UKX,2026-05-06,510,1.0
UKX,2026-05-07,510,1.0
UKX,2026-05-08,510,1.0
UKX,2026-05-11,510,1.0
UKX,2026-05-12,510,1.0
UKX,2026-05-13,510,1.0
UKX,2026-05-14,510,1.0
UKX,2026-05-15,510,1.0
UKX,2026-05-18,510,1.0
UKX,2026-05-19,510,1.0
UKX,2026-05-20,510,1.0
UKX,2026-05-21,510,1.0
UKX,2026-05-22,510,1.0
UKX,2026-05-25,455,0.8921568627450981
UKX,2026-05-26,510,1.0
UKX,2026-05-27,510,1.0
UKX,2026-05-28,510,1.0
UKX,2026-05-29,510,1.0
UKX,2026-06-01,510,1.0
UKX,2026-06-02,510,1.0
UKX,2026-06-03,510,1.0
UKX,2026-06-04,510,1.0
UKX,2026-06-05,510,1.0
UKX,2026-06-08,509,0.9980392156862745
UKX,2026-06-09,491,0.9627450980392157
UKX,2026-06-10,510,1.0
UKX,2026-06-11,510,1.0
UKX,2026-06-12,510,1.0
UKX,2026-06-15,510,1.0
UKX,2026-06-16,510,1.0
UKX,2026-06-17,484,0.9490196078431372
UKX,2026-06-18,510,1.0
UKX,2026-06-19,510,1.0
UKX,2026-06-22,510,1.0
UKX,2026-06-23,510,1.0
UKX,2026-06-24,510,1.0
UKX,2026-06-25,510,1.0
UKX,2026-06-26,510,1.0
UKX,2026-06-29,510,1.0
UKX,2026-06-30,510,1.0
UKX,2026-07-01,510,1.0
UKX,2026-07-02,510,1.0
UKX,2026-07-03,510,1.0
UKX,2026-07-06,510,1.0
UKX,2026-07-07,510,1.0
UKX,2026-07-08,510,1.0
UKX,2026-07-09,510,1.0
UKX,2026-07-10,509,0.9980392156862745
UKX,2026-07-13,510,1.0
UKX,2026-07-14,510,1.0
UKX,2026-07-15,510,1.0
UKX,2026-07-16,510,1.0
UKX,2026-07-17,510,1.0
UKX,2026-07-20,510,1.0
UKX,2026-07-21,510,1.0
UKX,2026-07-22,510,1.0
UKX,2026-07-23,510,1.0
UKX,2026-07-24,510,1.0
UKX,2026-07-27,510,1.0
UKX,2026-07-28,510,1.0
UKX,2026-07-29,510,1.0
UKX,2026-07-30,510,1.0
UKX,2026-07-31,510,1.0
UKX,2026-08-03,510,1.0
UKX,2026-08-04,510,1.0
UKX,2026-08-05,510,1.0
UKX,2026-08-06,510,1.0
UKX,2026-08-07,510,1.0
UKX,2026-08-10,510,1.0
UKX,2026-08-11,510,1.0
UKX,2026-08-12,510,1.0
UKX,2026-08-13,510,1.0
UKX,2026-08-14,510,1.0
UKX,2026-08-17,510,1.0
UKX,2026-08-18,510,1.0
UKX,2026-08-19,510,1.0
UKX,2026-08-20,510,1.0
UKX,2026-08-21,510,1.0
DAX,2013-09-30,12,0.023529411764705882
DAX,2013-10-01,471,0.9235294117647059
DAX,2013-10-02,473,0.9274509803921569
DAX,2013-10-03,316,0.6196078431372549
DAX,2013-10-04,442,0.8666666666666667
DAX,2013-10-07,446,0.8745098039215686
DAX,2013-10-08,492,0.9647058823529412
DAX,2013-10-09,487,0.9549019607843138
DAX,2013-10-10,382,0.7490196078431373
DAX,2013-10-11,471,0.9235294117647059
DAX,2013-10-14,349,0.6843137254901961
DAX,2013-10-15,195,0.38235294117647056
DAX,2013-10-16,63,0.12352941176470589
DAX,2013-10-17,446,0.8745098039215686
DAX,2013-10-18,494,0.9686274509803922
DAX,2013-10-21,352,0.6901960784313725
DAX,2013-10-22,331,0.6490196078431373
DAX,2013-10-23,477,0.9352941176470588
DAX,2013-10-24,482,0.9450980392156862
DAX,2013-10-25,472,0.9254901960784314
DAX,2013-10-28,343,0.6725490196078432
DAX,2013-10-29,510,1.0
DAX,2013-10-30,510,1.0
DAX,2013-10-31,510,1.0
DAX,2013-11-01,510,1.0
DAX,2013-11-04,510,1.0
DAX,2013-11-05,510,1.0
DAX,2013-11-06,510,1.0
DAX,2013-11-07,510,1.0
DAX,2013-11-08,510,1.0
DAX,2013-11-11,510,1.0
DAX,2013-11-12,510,1.0
DAX,2013-11-13,510,1.0
DAX,2013-11-14,510,1.0
DAX,2013-11-15,510,1.0
DAX,2013-11-18,510,1.0
DAX,2013-11-19,510,1.0
DAX,2013-11-20,510,1.0
DAX,2013-11-21,510,1.0
DAX,2013-11-22,510,1.0
DAX,2013-11-25,510,1.0
DAX,2013-11-26,510,1.0
DAX,2013-11-27,510,1.0
DAX,2013-11-28,510,1.0
DAX,2013-11-29,510,1.0
DAX,2013-12-02,510,1.0
DAX,2013-12-03,510,1.0
DAX,2013-12-04,510,1.0
DAX,2013-12-05,510,1.0
DAX,2013-12-06,510,1.0
DAX,2013-12-09,510,1.0
DAX,2013-12-10,510,1.0
DAX,2013-12-11,510,1.0
DAX,2013-12-12,510,1.0
DAX,2013-12-13,510,1.0
DAX,2013-12-16,510,1.0
DAX,2013-12-17,510,1.0
DAX,2013-12-18,510,1.0
DAX,2013-12-19,510,1.0
DAX,2013-12-20,510,1.0
DAX,2013-12-23,510,1.0
DAX,2013-12-24,34,0.06666666666666667
DAX,2013-12-25,34,0.06666666666666667
DAX,2013-12-26,35,0.06862745098039216
DAX,2013-12-27,510,1.0
DAX,2013-12-30,510,1.0
DAX,2013-12-31,34,0.06666666666666667
DAX,2014-01-01,35,0.06862745098039216
DAX,2014-01-02,510,1.0
DAX,2014-01-03,510,1.0
DAX,2014-01-06,510,1.0
DAX,2014-01-07,510,1.0
DAX,2014-01-08,510,1.0
DAX,2014-01-09,510,1.0
DAX,2014-01-10,510,1.0
DAX,2014-01-13,510,1.0
DAX,2014-01-14,510,1.0
DAX,2014-01-15,509,0.9980392156862745
DAX,2014-01-16,509,0.9980392156862745
DAX,2014-01-17,510,1.0
DAX,2014-01-20,510,1.0
DAX,2014-01-21,510,1.0
DAX,2014-01-22,510,1.0
DAX,2014-01-23,510,1.0
DAX,2014-01-24,510,1.0
DAX,2014-01-27,506,0.9921568627450981
DAX,2014-01-28,508,0.996078431372549
DAX,2014-01-29,506,0.9921568627450981
DAX,2014-01-30,505,0.9901960784313726
DAX,2014-01-31,507,0.9941176470588236
DAX,2014-02-03,509,0.9980392156862745
DAX,2014-02-04,508,0.996078431372549
DAX,2014-02-05,509,0.9980392156862745
DAX,2014-02-06,95,0.18627450980392157
DAX,2014-02-07,507,0.9941176470588236
DAX,2014-02-10,510,1.0
DAX,2014-02-11,510,1.0
DAX,2014-02-12,510,1.0
DAX,2014-02-13,509,0.9980392156862745
DAX,2014-02-14,510,1.0
DAX,2014-02-17,510,1.0
DAX,2014-02-18,510,1.0
DAX,2014-02-19,510,1.0
DAX,2014-02-20,510,1.0
DAX,2014-02-21,510,1.0
DAX,2014-02-24,510,1.0
DAX,2014-02-25,510,1.0
DAX,2014-02-26,510,1.0
DAX,2014-02-27,510,1.0
DAX,2014-02-28,510,1.0
DAX,2014-03-03,510,1.0
DAX,2014-03-04,510,1.0
DAX,2014-03-05,505,0.9901960784313726
DAX,2014-03-06,510,1.0
DAX,2014-03-07,510,1.0
DAX,2014-03-10,510,1.0
DAX,2014-03-11,510,1.0
DAX,2014-03-12,510,1.0
DAX,2014-03-13,510,1.0
DAX,2014-03-14,508,0.996078431372549
DAX,2014-03-17,510,1.0
DAX,2014-03-18,510,1.0
DAX,2014-03-19,477,0.9352941176470588
DAX,2014-03-20,510,1.0
DAX,2014-03-21,510,1.0
DAX,2014-03-24,510,1.0
DAX,2014-03-25,510,1.0
DAX,2014-03-26,510,1.0
DAX,2014-03-27,510,1.0
DAX,2014-03-28,482,0.9450980392156862
DAX,2014-03-31,510,1.0
DAX,2014-04-01,510,1.0
DAX,2014-04-02,510,1.0
DAX,2014-04-03,510,1.0
DAX,2014-04-04,510,1.0
DAX,2014-04-07,381,0.7470588235294118
DAX,2014-04-08,510,1.0
DAX,2014-04-09,510,1.0
DAX,2014-04-10,510,1.0
DAX,2014-04-11,510,1.0
DAX,2014-04-14,510,1.0
DAX,2014-04-15,510,1.0
DAX,2014-04-16,510,1.0
DAX,2014-04-17,510,1.0
DAX,2014-04-21,446,0.8745098039215686
DAX,2014-04-22,510,1.0
DAX,2014-04-23,510,1.0
DAX,2014-04-24,510,1.0
DAX,2014-04-25,510,1.0
DAX,2014-04-28,510,1.0
DAX,2014-04-29,510,1.0
DAX,2014-04-30,510,1.0
DAX,2014-05-01,489,0.9588235294117647
DAX,2014-05-02,510,1.0
DAX,2014-05-05,510,1.0
DAX,2014-05-06,510,1.0
DAX,2014-05-07,510,1.0
DAX,2014-05-08,510,1.0
DAX,2014-05-09,510,1.0
DAX,2014-05-12,506,0.9921568627450981
DAX,2014-05-13,510,1.0
DAX,2014-05-14,510,1.0
DAX,2014-05-15,510,1.0
DAX,2014-05-16,510,1.0
DAX,2014-05-19,510,1.0
DAX,2014-05-20,509,0.9980392156862745
DAX,2014-05-21,510,1.0
DAX,2014-05-22,510,1.0
DAX,2014-05-23,510,1.0
DAX,2014-05-26,509,0.9980392156862745
DAX,2014-05-27,510,1.0
DAX,2014-05-28,510,1.0
DAX,2014-05-29,510,1.0
DAX,2014-05-30,510,1.0
DAX,2014-06-02,510,1.0
DAX,2014-06-03,509,0.9980392156862745
DAX,2014-06-04,510,1.0
DAX,2014-06-05,510,1.0
DAX,2014-06-06,510,1.0
DAX,2014-06-09,510,1.0
DAX,2014-06-10,510,1.0
DAX,2014-06-11,510,1.0
DAX,2014-06-12,510,1.0
DAX,2014-06-13,510,1.0
DAX,2014-06-16,510,1.0
DAX,2014-06-17,510,1.0
DAX,2014-06-18,510,1.0
DAX,2014-06-19,508,0.996078431372549
DAX,2014-06-20,509,0.9980392156862745
DAX,2014-06-23,510,1.0
DAX,2014-06-24,510,1.0
DAX,2014-06-25,510,1.0
DAX,2014-06-26,510,1.0
DAX,2014-06-27,510,1.0
DAX,2014-06-30,510,1.0
DAX,2014-07-01,479,0.9392156862745098
DAX,2014-07-02,472,0.9254901960784314
DAX,2014-07-03,507,0.9941176470588236
DAX,2014-07-04,507,0.9941176470588236
DAX,2014-07-07,508,0.996078431372549
DAX,2014-07-08,510,1.0
DAX,2014-07-09,510,1.0
DAX,2014-07-10,510,1.0
DAX,2014-07-11,508,0.996078431372549
DAX,2014-07-14,510,1.0
DAX,2014-07-15,510,1.0
DAX,2014-07-16,486,0.9529411764705882
DAX,2014-07-17,483,0.9470588235294117
DAX,2014-07-18,508,0.996078431372549
DAX,2014-07-21,510,1.0
DAX,2014-07-22,481,0.9431372549019608
DAX,2014-07-23,510,1.0
DAX,2014-07-24,510,1.0
DAX,2014-07-25,498,0.9764705882352941
DAX,2014-07-28,510,1.0
DAX,2014-07-29,510,1.0
DAX,2014-07-30,509,0.9980392156862745
DAX,2014-07-31,444,0.8705882352941177
DAX,2014-08-01,252,0.49411764705882355
DAX,2014-08-04,510,1.0
DAX,2014-08-05,510,1.0
DAX,2014-08-06,510,1.0
DAX,2014-08-07,510,1.0
DAX,2014-08-08,510,1.0
DAX,2014-08-11,510,1.0
DAX,2014-08-12,510,1.0
DAX,2014-08-13,510,1.0
DAX,2014-08-14,508,0.996078431372549
DAX,2014-08-15,510,1.0
DAX,2014-08-18,510,1.0
DAX,2014-08-19,510,1.0
DAX,2014-08-20,510,1.0
DAX,2014-08-21,510,1.0
DAX,2014-08-22,510,1.0
DAX,2014-08-25,510,1.0
DAX,2014-08-26,510,1.0
DAX,2014-08-27,510,1.0
DAX,2014-08-28,510,1.0
DAX,2014-08-29,510,1.0
DAX,2014-09-01,510,1.0
DAX,2014-09-02,510,1.0
DAX,2014-09-03,510,1.0
DAX,2014-09-04,510,1.0
DAX,2014-09-05,510,1.0
DAX,2014-09-08,510,1.0
DAX,2014-09-09,510,1.0
DAX,2014-09-10,510,1.0
DAX,2014-09-11,510,1.0
DAX,2014-09-12,510,1.0
DAX,2014-09-15,510,1.0
DAX,2014-09-16,510,1.0
DAX,2014-09-17,510,1.0
DAX,2014-09-18,510,1.0
DAX,2014-09-19,510,1.0
DAX,2014-09-22,510,1.0
DAX,2014-09-23,510,1.0
DAX,2014-09-24,510,1.0
DAX,2014-09-25,504,0.9882352941176471
DAX,2014-09-26,510,1.0
DAX,2014-09-29,510,1.0
DAX,2014-09-30,510,1.0
DAX,2014-10-01,510,1.0
DAX,2014-10-02,510,1.0
DAX,2014-10-03,502,0.984313725490196
DAX,2014-10-06,510,1.0
DAX,2014-10-07,510,1.0
DAX,2014-10-08,510,1.0
DAX,2014-10-09,510,1.0
DAX,2014-10-10,510,1.0
DAX,2014-10-13,510,1.0
DAX,2014-10-14,510,1.0
DAX,2014-10-15,510,1.0
DAX,2014-10-16,510,1.0
DAX,2014-10-17,510,1.0
DAX,2014-10-20,510,1.0
DAX,2014-10-21,510,1.0
DAX,2014-10-22,510,1.0
DAX,2014-10-23,510,1.0
DAX,2014-10-24,509,0.9980392156862745
DAX,2014-10-27,510,1.0
DAX,2014-10-28,510,1.0
DAX,2014-10-29,510,1.0
DAX,2014-10-30,510,1.0
DAX,2014-10-31,510,1.0
DAX,2014-11-03,510,1.0
DAX,2014-11-04,510,1.0
DAX,2014-11-05,510,1.0
DAX,2014-11-06,510,1.0
DAX,2014-11-07,510,1.0
DAX,2014-11-10,510,1.0
DAX,2014-11-11,510,1.0
DAX,2014-11-12,510,1.0
DAX,2014-11-13,510,1.0
DAX,2014-11-14,510,1.0
DAX,2014-11-17,510,1.0
DAX,2014-11-18,510,1.0
DAX,2014-11-19,510,1.0
DAX,2014-11-20,510,1.0
DAX,2014-11-21,510,1.0
DAX,2014-11-24,509,0.9980392156862745
DAX,2014-11-25,510,1.0
DAX,2014-11-26,510,1.0
DAX,2014-11-27,510,1.0
DAX,2014-11-28,509,0.9980392156862745
DAX,2014-12-01,510,1.0
DAX,2014-12-02,510,1.0
DAX,2014-12-03,510,1.0
DAX,2014-12-04,510,1.0
DAX,2014-12-05,510,1.0
DAX,2014-12-08,510,1.0
DAX,2014-12-09,510,1.0
DAX,2014-12-10,509,0.9980392156862745
DAX,2014-12-11,510,1.0
DAX,2014-12-12,510,1.0
DAX,2014-12-15,510,1.0
DAX,2014-12-16,510,1.0
DAX,2014-12-17,510,1.0
DAX,2014-12-18,510,1.0
DAX,2014-12-19,510,1.0
DAX,2014-12-22,510,1.0
DAX,2014-12-23,510,1.0
DAX,2014-12-29,510,1.0
DAX,2014-12-30,510,1.0
DAX,2015-01-02,508,0.996078431372549
DAX,2015-01-05,510,1.0
DAX,2015-01-06,510,1.0
DAX,2015-01-07,510,1.0
DAX,2015-01-08,510,1.0
DAX,2015-01-09,510,1.0
DAX,2015-01-12,510,1.0
DAX,2015-01-13,510,1.0
DAX,2015-01-14,510,1.0
DAX,2015-01-15,510,1.0
DAX,2015-01-16,510,1.0
DAX,2015-01-19,510,1.0
DAX,2015-01-20,510,1.0
DAX,2015-01-21,510,1.0
DAX,2015-01-22,510,1.0
DAX,2015-01-23,510,1.0
DAX,2015-01-26,506,0.9921568627450981
DAX,2015-01-27,510,1.0
DAX,2015-01-28,508,0.996078431372549
DAX,2015-01-29,510,1.0
DAX,2015-01-30,510,1.0
DAX,2015-02-02,509,0.9980392156862745
DAX,2015-02-03,510,1.0
DAX,2015-02-04,501,0.9823529411764705
DAX,2015-02-05,508,0.996078431372549
DAX,2015-02-06,510,1.0
DAX,2015-02-09,510,1.0
DAX,2015-02-10,510,1.0
DAX,2015-02-11,510,1.0
DAX,2015-02-12,510,1.0
DAX,2015-02-13,510,1.0
DAX,2015-02-16,510,1.0
DAX,2015-02-17,510,1.0
DAX,2015-02-18,510,1.0
DAX,2015-02-19,510,1.0
DAX,2015-02-20,510,1.0
DAX,2015-02-23,510,1.0
DAX,2015-02-24,510,1.0
DAX,2015-02-25,510,1.0
DAX,2015-02-26,510,1.0
DAX,2015-02-27,510,1.0
DAX,2015-03-02,510,1.0
DAX,2015-03-03,510,1.0
DAX,2015-03-04,510,1.0
DAX,2015-03-05,510,1.0
DAX,2015-03-06,510,1.0
DAX,2015-03-09,508,0.996078431372549
DAX,2015-03-10,510,1.0
DAX,2015-03-11,510,1.0
DAX,2015-03-12,510,1.0
DAX,2015-03-13,510,1.0
DAX,2015-03-16,510,1.0
DAX,2015-03-17,510,1.0
DAX,2015-03-18,510,1.0
DAX,2015-03-19,510,1.0
DAX,2015-03-20,510,1.0
DAX,2015-03-23,510,1.0
DAX,2015-03-24,510,1.0
DAX,2015-03-25,510,1.0
DAX,2015-03-26,510,1.0
DAX,2015-03-27,510,1.0
DAX,2015-03-30,510,1.0
DAX,2015-03-31,510,1.0
DAX,2015-04-01,510,1.0
DAX,2015-04-02,509,0.9980392156862745
DAX,2015-04-07,510,1.0
DAX,2015-04-08,510,1.0
DAX,2015-04-09,510,1.0
DAX,2015-04-10,510,1.0
DAX,2015-04-13,509,0.9980392156862745
DAX,2015-04-14,510,1.0
DAX,2015-04-15,510,1.0
DAX,2015-04-16,510,1.0
DAX,2015-04-17,510,1.0
DAX,2015-04-20,510,1.0
DAX,2015-04-21,510,1.0
DAX,2015-04-22,510,1.0
DAX,2015-04-23,510,1.0
DAX,2015-04-24,510,1.0
DAX,2015-04-27,510,1.0
DAX,2015-04-28,510,1.0
DAX,2015-04-29,510,1.0
DAX,2015-04-30,510,1.0
DAX,2015-05-01,495,0.9705882352941176
DAX,2015-05-04,510,1.0
DAX,2015-05-05,510,1.0
DAX,2015-05-06,447,0.8764705882352941
DAX,2015-05-07,510,1.0
DAX,2015-05-08,510,1.0
DAX,2015-05-11,510,1.0
DAX,2015-05-12,510,1.0
DAX,2015-05-13,510,1.0
DAX,2015-05-14,510,1.0
DAX,2015-05-15,510,1.0
DAX,2015-05-18,510,1.0
DAX,2015-05-19,510,1.0
DAX,2015-05-20,510,1.0
DAX,2015-05-21,510,1.0
DAX,2015-05-22,510,1.0
DAX,2015-05-25,501,0.9823529411764705
DAX,2015-05-26,510,1.0
DAX,2015-05-27,510,1.0
DAX,2015-05-28,510,1.0
DAX,2015-05-29,510,1.0
DAX,2015-06-01,510,1.0
DAX,2015-06-02,510,1.0
DAX,2015-06-03,510,1.0
DAX,2015-06-04,510,1.0
DAX,2015-06-05,510,1.0
DAX,2015-06-08,510,1.0
DAX,2015-06-09,510,1.0
DAX,2015-06-10,510,1.0
DAX,2015-06-11,510,1.0
DAX,2015-06-12,510,1.0
DAX,2015-06-15,510,1.0
DAX,2015-06-16,510,1.0
DAX,2015-06-17,510,1.0
DAX,2015-06-18,510,1.0
DAX,2015-06-19,510,1.0
DAX,2015-06-22,510,1.0
DAX,2015-06-23,510,1.0
DAX,2015-06-24,510,1.0
DAX,2015-06-25,510,1.0
DAX,2015-06-26,510,1.0
DAX,2015-06-29,510,1.0
DAX,2015-06-30,510,1.0
DAX,2015-07-01,510,1.0
DAX,2015-07-02,510,1.0
DAX,2015-07-03,510,1.0
DAX,2015-07-06,510,1.0
DAX,2015-07-07,510,1.0
DAX,2015-07-08,510,1.0
DAX,2015-07-09,510,1.0
DAX,2015-07-10,510,1.0
DAX,2015-07-13,510,1.0
DAX,2015-07-14,510,1.0
DAX,2015-07-15,510,1.0
DAX,2015-07-16,510,1.0
DAX,2015-07-17,510,1.0
DAX,2015-07-20,510,1.0
DAX,2015-07-21,510,1.0
DAX,2015-07-22,510,1.0
DAX,2015-07-23,510,1.0
DAX,2015-07-24,510,1.0
DAX,2015-07-27,510,1.0
DAX,2015-07-28,510,1.0
DAX,2015-07-29,510,1.0
DAX,2015-07-30,510,1.0
DAX,2015-07-31,510,1.0
DAX,2015-08-03,510,1.0
DAX,2015-08-04,510,1.0
DAX,2015-08-05,510,1.0
DAX,2015-08-06,510,1.0
DAX,2015-08-07,510,1.0
DAX,2015-08-10,510,1.0
DAX,2015-08-11,510,1.0
DAX,2015-08-12,510,1.0
DAX,2015-08-13,510,1.0
DAX,2015-08-14,510,1.0
DAX,2015-08-17,510,1.0
DAX,2015-08-18,510,1.0
DAX,2015-08-19,510,1.0
DAX,2015-08-20,510,1.0
DAX,2015-08-21,510,1.0
DAX,2015-08-24,510,1.0
DAX,2015-08-25,510,1.0
DAX,2015-08-26,510,1.0
DAX,2015-08-27,510,1.0
DAX,2015-08-28,510,1.0
DAX,2015-08-31,510,1.0
DAX,2015-09-01,510,1.0
DAX,2015-09-02,510,1.0
DAX,2015-09-03,510,1.0
DAX,2015-09-04,510,1.0
DAX,2015-09-07,510,1.0
DAX,2015-09-08,510,1.0
DAX,2015-09-09,510,1.0
DAX,2015-09-10,510,1.0
DAX,2015-09-11,510,1.0
DAX,2015-09-14,510,1.0
DAX,2015-09-15,510,1.0
DAX,2015-09-16,510,1.0
DAX,2015-09-17,510,1.0
DAX,2015-09-18,510,1.0
DAX,2015-09-21,510,1.0
DAX,2015-09-22,510,1.0
DAX,2015-09-23,510,1.0
DAX,2015-09-24,510,1.0
DAX,2015-09-25,510,1.0
DAX,2015-09-28,510,1.0
DAX,2015-09-29,510,1.0
DAX,2015-09-30,510,1.0
DAX,2015-10-01,510,1.0
DAX,2015-10-02,510,1.0
DAX,2015-10-05,510,1.0
DAX,2015-10-06,510,1.0
DAX,2015-10-07,510,1.0
DAX,2015-10-08,510,1.0
DAX,2015-10-09,510,1.0
DAX,2015-10-12,510,1.0
DAX,2015-10-13,510,1.0
DAX,2015-10-14,510,1.0
DAX,2015-10-15,510,1.0
DAX,2015-10-16,510,1.0
DAX,2015-10-19,510,1.0
DAX,2015-10-20,510,1.0
DAX,2015-10-21,510,1.0
DAX,2015-10-22,510,1.0
DAX,2015-10-23,510,1.0
DAX,2015-10-26,510,1.0
DAX,2015-10-27,510,1.0
DAX,2015-10-28,510,1.0
DAX,2015-10-29,510,1.0
DAX,2015-10-30,510,1.0
DAX,2015-11-02,510,1.0
DAX,2015-11-03,510,1.0
DAX,2015-11-04,510,1.0
DAX,2015-11-05,510,1.0
DAX,2015-11-06,510,1.0
DAX,2015-11-09,510,1.0
DAX,2015-11-10,510,1.0
DAX,2015-11-11,510,1.0
DAX,2015-11-12,510,1.0
DAX,2015-11-13,510,1.0
DAX,2015-11-16,510,1.0
DAX,2015-11-17,510,1.0
DAX,2015-11-18,510,1.0
DAX,2015-11-19,510,1.0
DAX,2015-11-20,510,1.0
DAX,2015-11-23,510,1.0
DAX,2015-11-24,510,1.0
DAX,2015-11-25,510,1.0
DAX,2015-11-26,510,1.0
DAX,2015-11-27,510,1.0
DAX,2015-11-30,499,0.9784313725490196
DAX,2015-12-01,510,1.0
DAX,2015-12-02,510,1.0
DAX,2015-12-03,510,1.0
DAX,2015-12-04,510,1.0
DAX,2015-12-07,510,1.0
DAX,2015-12-08,510,1.0
DAX,2015-12-09,510,1.0
DAX,2015-12-10,510,1.0
DAX,2015-12-11,510,1.0
DAX,2015-12-14,510,1.0
DAX,2015-12-15,510,1.0
DAX,2015-12-16,510,1.0
DAX,2015-12-17,510,1.0
DAX,2015-12-18,510,1.0
DAX,2015-12-21,510,1.0
DAX,2015-12-22,510,1.0
DAX,2015-12-23,510,1.0
DAX,2015-12-28,510,1.0
DAX,2015-12-29,510,1.0
DAX,2015-12-30,510,1.0
DAX,2016-01-04,510,1.0
DAX,2016-01-05,510,1.0
DAX,2016-01-06,510,1.0
DAX,2016-01-07,510,1.0
DAX,2016-01-08,510,1.0
DAX,2016-01-11,510,1.0
DAX,2016-01-12,510,1.0
DAX,2016-01-13,510,1.0
DAX,2016-01-14,510,1.0
DAX,2016-01-15,510,1.0
DAX,2016-01-18,510,1.0
DAX,2016-01-19,510,1.0
DAX,2016-01-20,510,1.0
DAX,2016-01-21,510,1.0
DAX,2016-01-22,510,1.0
DAX,2016-01-25,510,1.0
DAX,2016-01-26,510,1.0
DAX,2016-01-27,503,0.9862745098039216
DAX,2016-01-28,510,1.0
DAX,2016-01-29,507,0.9941176470588236
DAX,2016-02-01,510,1.0
DAX,2016-02-02,510,1.0
DAX,2016-02-03,510,1.0
DAX,2016-02-04,510,1.0
DAX,2016-02-05,510,1.0
DAX,2016-02-08,510,1.0
DAX,2016-02-09,510,1.0
DAX,2016-02-10,510,1.0
DAX,2016-02-11,510,1.0
DAX,2016-02-12,510,1.0
DAX,2016-02-15,510,1.0
DAX,2016-02-16,510,1.0
DAX,2016-02-17,510,1.0
DAX,2016-02-18,510,1.0
DAX,2016-02-19,510,1.0
DAX,2016-02-22,507,0.9941176470588236
DAX,2016-02-23,510,1.0
DAX,2016-02-24,510,1.0
DAX,2016-02-25,510,1.0
DAX,2016-02-26,510,1.0
DAX,2016-02-29,510,1.0
DAX,2016-03-01,510,1.0
DAX,2016-03-02,510,1.0
DAX,2016-03-03,510,1.0
DAX,2016-03-04,510,1.0
DAX,2016-03-07,510,1.0
DAX,2016-03-08,510,1.0
DAX,2016-03-09,510,1.0
DAX,2016-03-10,510,1.0
DAX,2016-03-11,510,1.0
DAX,2016-03-14,510,1.0
DAX,2016-03-15,510,1.0
DAX,2016-03-16,510,1.0
DAX,2016-03-17,510,1.0
DAX,2016-03-18,510,1.0
DAX,2016-03-21,510,1.0
DAX,2016-03-22,510,1.0
DAX,2016-03-23,510,1.0
DAX,2016-03-24,510,1.0
DAX,2016-03-29,510,1.0
DAX,2016-03-30,510,1.0
DAX,2016-03-31,510,1.0
DAX,2016-04-01,510,1.0
DAX,2016-04-04,510,1.0
DAX,2016-04-05,510,1.0
DAX,2016-04-06,510,1.0
DAX,2016-04-07,510,1.0
DAX,2016-04-08,510,1.0
DAX,2016-04-11,510,1.0
DAX,2016-04-12,510,1.0
DAX,2016-04-13,510,1.0
DAX,2016-04-14,510,1.0
DAX,2016-04-15,510,1.0
DAX,2016-04-18,510,1.0
DAX,2016-04-19,510,1.0
DAX,2016-04-20,510,1.0
DAX,2016-04-21,510,1.0
DAX,2016-04-22,510,1.0
DAX,2016-04-25,510,1.0
DAX,2016-04-26,510,1.0
DAX,2016-04-27,510,1.0
DAX,2016-04-28,510,1.0
DAX,2016-04-29,484,0.9490196078431372
DAX,2016-05-02,510,1.0
DAX,2016-05-03,510,1.0
DAX,2016-05-04,510,1.0
DAX,2016-05-05,510,1.0
DAX,2016-05-06,510,1.0
DAX,2016-05-09,510,1.0
DAX,2016-05-10,510,1.0
DAX,2016-05-11,510,1.0
DAX,2016-05-12,510,1.0
DAX,2016-05-13,510,1.0
DAX,2016-05-16,418,0.8196078431372549
DAX,2016-05-17,510,1.0
DAX,2016-05-18,510,1.0
DAX,2016-05-19,510,1.0
DAX,2016-05-20,510,1.0
DAX,2016-05-23,510,1.0
DAX,2016-05-24,510,1.0
DAX,2016-05-25,510,1.0
DAX,2016-05-26,510,1.0
DAX,2016-05-27,510,1.0
DAX,2016-05-30,510,1.0
DAX,2016-05-31,510,1.0
DAX,2016-06-01,510,1.0
DAX,2016-06-02,510,1.0
DAX,2016-06-03,510,1.0
DAX,2016-06-06,510,1.0
DAX,2016-06-07,510,1.0
DAX,2016-06-08,510,1.0
DAX,2016-06-09,510,1.0
DAX,2016-06-10,510,1.0
DAX,2016-06-13,510,1.0
DAX,2016-06-14,499,0.9784313725490196
DAX,2016-06-15,510,1.0
DAX,2016-06-16,510,1.0
DAX,2016-06-17,510,1.0
DAX,2016-06-20,510,1.0
DAX,2016-06-21,510,1.0
DAX,2016-06-22,510,1.0
DAX,2016-06-23,510,1.0
DAX,2016-06-24,510,1.0
DAX,2016-06-27,510,1.0
DAX,2016-06-28,510,1.0
DAX,2016-06-29,510,1.0
DAX,2016-06-30,503,0.9862745098039216
DAX,2016-07-01,510,1.0
DAX,2016-07-04,510,1.0
DAX,2016-07-05,510,1.0
DAX,2016-07-06,510,1.0
DAX,2016-07-07,510,1.0
DAX,2016-07-08,510,1.0
DAX,2016-07-11,510,1.0
DAX,2016-07-12,510,1.0
DAX,2016-07-13,510,1.0
DAX,2016-07-14,510,1.0
DAX,2016-07-15,510,1.0
DAX,2016-07-18,510,1.0
DAX,2016-07-19,510,1.0
DAX,2016-07-20,510,1.0
DAX,2016-07-21,510,1.0
DAX,2016-07-22,510,1.0
DAX,2016-07-25,510,1.0
DAX,2016-07-26,495,0.9705882352941176
DAX,2016-07-27,510,1.0
DAX,2016-07-28,510,1.0
DAX,2016-07-29,510,1.0
DAX,2016-08-01,510,1.0
DAX,2016-08-02,510,1.0
DAX,2016-08-03,510,1.0
DAX,2016-08-04,510,1.0
DAX,2016-08-05,510,1.0
DAX,2016-08-08,510,1.0
DAX,2016-08-09,510,1.0
DAX,2016-08-10,510,1.0
DAX,2016-08-11,510,1.0
DAX,2016-08-12,510,1.0
DAX,2016-08-15,510,1.0
DAX,2016-08-16,510,1.0
DAX,2016-08-17,510,1.0
DAX,2016-08-18,510,1.0
DAX,2016-08-19,510,1.0
DAX,2016-08-22,510,1.0
DAX,2016-08-23,510,1.0
DAX,2016-08-24,510,1.0
DAX,2016-08-25,510,1.0
DAX,2016-08-26,510,1.0
DAX,2016-08-29,510,1.0
DAX,2016-08-30,510,1.0
DAX,2016-08-31,510,1.0
DAX,2016-09-01,510,1.0
DAX,2016-09-02,510,1.0
DAX,2016-09-05,510,1.0
DAX,2016-09-06,510,1.0
DAX,2016-09-07,510,1.0
DAX,2016-09-08,510,1.0
DAX,2016-09-09,510,1.0
DAX,2016-09-12,509,0.9980392156862745
DAX,2016-09-13,510,1.0
DAX,2016-09-14,510,1.0
DAX,2016-09-15,510,1.0
DAX,2016-09-16,500,0.9803921568627451
DAX,2016-09-19,510,1.0
DAX,2016-09-20,510,1.0
DAX,2016-09-21,510,1.0
DAX,2016-09-22,510,1.0
DAX,2016-09-23,510,1.0
DAX,2016-09-26,510,1.0
DAX,2016-09-27,510,1.0
DAX,2016-09-28,510,1.0
DAX,2016-09-29,510,1.0
DAX,2016-09-30,510,1.0
DAX,2016-10-04,510,1.0
DAX,2016-10-05,510,1.0
DAX,2016-10-06,510,1.0
DAX,2016-10-07,510,1.0
DAX,2016-10-10,510,1.0
DAX,2016-10-11,510,1.0
DAX,2016-10-12,510,1.0
DAX,2016-10-13,510,1.0
DAX,2016-10-14,510,1.0
DAX,2016-10-17,510,1.0
DAX,2016-10-18,510,1.0
DAX,2016-10-19,510,1.0
DAX,2016-10-20,510,1.0
DAX,2016-10-21,510,1.0
DAX,2016-10-24,510,1.0
DAX,2016-10-25,510,1.0
DAX,2016-10-26,510,1.0
DAX,2016-10-27,510,1.0
DAX,2016-10-28,510,1.0
DAX,2016-10-31,508,0.996078431372549
DAX,2016-11-01,510,1.0
DAX,2016-11-02,510,1.0
DAX,2016-11-03,510,1.0
DAX,2016-11-04,510,1.0
DAX,2016-11-07,510,1.0
DAX,2016-11-08,510,1.0
DAX,2016-11-09,510,1.0
DAX,2016-11-10,508,0.996078431372549
DAX,2016-11-11,510,1.0
DAX,2016-11-14,510,1.0
DAX,2016-11-15,510,1.0
DAX,2016-11-16,510,1.0
DAX,2016-11-17,510,1.0
DAX,2016-11-18,510,1.0
DAX,2016-11-21,510,1.0
DAX,2016-11-22,510,1.0
DAX,2016-11-23,510,1.0
DAX,2016-11-24,510,1.0
DAX,2016-11-25,510,1.0
DAX,2016-11-28,510,1.0
DAX,2016-11-29,510,1.0
DAX,2016-11-30,510,1.0
DAX,2016-12-01,510,1.0
DAX,2016-12-02,510,1.0
DAX,2016-12-05,510,1.0
DAX,2016-12-06,510,1.0
DAX,2016-12-07,510,1.0
DAX,2016-12-08,510,1.0
DAX,2016-12-09,510,1.0
DAX,2016-12-12,510,1.0
DAX,2016-12-13,510,1.0
DAX,2016-12-14,510,1.0
DAX,2016-12-15,510,1.0
DAX,2016-12-16,510,1.0
DAX,2016-12-19,510,1.0
DAX,2016-12-20,510,1.0
DAX,2016-12-21,510,1.0
DAX,2016-12-22,510,1.0
DAX,2016-12-23,510,1.0
DAX,2016-12-27,510,1.0
DAX,2016-12-28,510,1.0
DAX,2016-12-29,510,1.0
DAX,2016-12-30,510,1.0
DAX,2017-01-02,510,1.0
DAX,2017-01-03,510,1.0
DAX,2017-01-04,510,1.0
DAX,2017-01-05,510,1.0
DAX,2017-01-06,510,1.0
DAX,2017-01-09,487,0.9549019607843138
DAX,2017-01-10,510,1.0
DAX,2017-01-11,510,1.0
DAX,2017-01-12,510,1.0
DAX,2017-01-13,510,1.0
DAX,2017-01-16,510,1.0
DAX,2017-01-17,510,1.0
DAX,2017-01-18,510,1.0
DAX,2017-01-19,510,1.0
DAX,2017-01-20,510,1.0
DAX,2017-01-23,510,1.0
DAX,2017-01-24,510,1.0
DAX,2017-01-25,510,1.0
DAX,2017-01-26,510,1.0
DAX,2017-01-27,510,1.0
DAX,2017-01-30,510,1.0
DAX,2017-01-31,510,1.0
DAX,2017-02-01,510,1.0
DAX,2017-02-02,510,1.0
DAX,2017-02-03,510,1.0
DAX,2017-02-06,510,1.0
DAX,2017-02-07,510,1.0
DAX,2017-02-08,510,1.0
DAX,2017-02-09,510,1.0
DAX,2017-02-10,510,1.0
DAX,2017-02-13,510,1.0
DAX,2017-02-14,510,1.0
DAX,2017-02-15,510,1.0
DAX,2017-02-16,510,1.0
DAX,2017-02-17,510,1.0
DAX,2017-02-20,510,1.0
DAX,2017-02-21,510,1.0
DAX,2017-02-22,510,1.0
DAX,2017-02-23,510,1.0
DAX,2017-02-24,510,1.0
DAX,2017-02-27,510,1.0
DAX,2017-02-28,510,1.0
DAX,2017-03-01,510,1.0
DAX,2017-03-02,510,1.0
DAX,2017-03-03,510,1.0
DAX,2017-03-06,510,1.0
DAX,2017-03-07,510,1.0
DAX,2017-03-08,510,1.0
DAX,2017-03-09,510,1.0
DAX,2017-03-10,510,1.0
DAX,2017-03-13,510,1.0
DAX,2017-03-14,510,1.0
DAX,2017-03-15,510,1.0
DAX,2017-03-16,510,1.0
DAX,2017-03-17,510,1.0
DAX,2017-03-20,510,1.0
DAX,2017-03-21,510,1.0
DAX,2017-03-22,510,1.0
DAX,2017-03-23,510,1.0
DAX,2017-03-24,510,1.0
DAX,2017-03-27,510,1.0
DAX,2017-03-28,510,1.0
DAX,2017-03-29,510,1.0
DAX,2017-03-30,510,1.0
DAX,2017-03-31,510,1.0
DAX,2017-04-03,510,1.0
DAX,2017-04-04,510,1.0
DAX,2017-04-05,510,1.0
DAX,2017-04-06,510,1.0
DAX,2017-04-07,510,1.0
DAX,2017-04-10,510,1.0
DAX,2017-04-11,510,1.0
DAX,2017-04-12,510,1.0
DAX,2017-04-13,510,1.0
DAX,2017-04-18,510,1.0
DAX,2017-04-19,510,1.0
DAX,2017-04-20,510,1.0
DAX,2017-04-21,510,1.0
DAX,2017-04-24,510,1.0
DAX,2017-04-25,510,1.0
DAX,2017-04-26,510,1.0
DAX,2017-04-27,510,1.0
DAX,2017-04-28,509,0.9980392156862745
DAX,2017-05-02,510,1.0
DAX,2017-05-03,510,1.0
DAX,2017-05-04,510,1.0
DAX,2017-05-05,510,1.0
DAX,2017-05-08,510,1.0
DAX,2017-05-09,510,1.0
DAX,2017-05-10,510,1.0
DAX,2017-05-11,510,1.0
DAX,2017-05-12,510,1.0
DAX,2017-05-15,510,1.0
DAX,2017-05-16,510,1.0
DAX,2017-05-17,506,0.9921568627450981
DAX,2017-05-18,510,1.0
DAX,2017-05-19,510,1.0
DAX,2017-05-22,510,1.0
DAX,2017-05-23,510,1.0
DAX,2017-05-24,510,1.0
DAX,2017-05-25,510,1.0
DAX,2017-05-26,510,1.0
DAX,2017-05-29,508,0.996078431372549
DAX,2017-05-30,510,1.0
DAX,2017-05-31,510,1.0
DAX,2017-06-01,510,1.0
DAX,2017-06-02,510,1.0
DAX,2017-06-06,510,1.0
DAX,2017-06-07,510,1.0
DAX,2017-06-08,506,0.9921568627450981
DAX,2017-06-09,510,1.0
DAX,2017-06-12,510,1.0
DAX,2017-06-13,510,1.0
DAX,2017-06-14,510,1.0
DAX,2017-06-15,510,1.0
DAX,2017-06-16,510,1.0
DAX,2017-06-19,510,1.0
DAX,2017-06-20,510,1.0
DAX,2017-06-21,510,1.0
DAX,2017-06-22,510,1.0
DAX,2017-06-23,510,1.0
DAX,2017-06-26,510,1.0
DAX,2017-06-27,509,0.9980392156862745
DAX,2017-06-28,510,1.0
DAX,2017-06-29,510,1.0
DAX,2017-06-30,510,1.0
DAX,2017-07-03,510,1.0
DAX,2017-07-04,510,1.0
DAX,2017-07-05,510,1.0
DAX,2017-07-06,510,1.0
DAX,2017-07-07,510,1.0
DAX,2017-07-10,510,1.0
DAX,2017-07-11,509,0.9980392156862745
DAX,2017-07-12,510,1.0
DAX,2017-07-13,510,1.0
DAX,2017-07-14,510,1.0
DAX,2017-07-17,510,1.0
DAX,2017-07-18,510,1.0
DAX,2017-07-19,510,1.0
DAX,2017-07-20,510,1.0
DAX,2017-07-21,510,1.0
DAX,2017-07-24,510,1.0
DAX,2017-07-25,510,1.0
DAX,2017-07-26,510,1.0
DAX,2017-07-27,510,1.0
DAX,2017-07-28,510,1.0
DAX,2017-07-31,510,1.0
DAX,2017-08-01,510,1.0
DAX,2017-08-02,510,1.0
DAX,2017-08-03,510,1.0
DAX,2017-08-04,510,1.0
DAX,2017-08-07,510,1.0
DAX,2017-08-08,510,1.0
DAX,2017-08-09,510,1.0
DAX,2017-08-10,510,1.0
DAX,2017-08-11,510,1.0
DAX,2017-08-14,510,1.0
DAX,2017-08-15,510,1.0
DAX,2017-08-16,510,1.0
DAX,2017-08-17,510,1.0
DAX,2017-08-18,510,1.0
DAX,2017-08-21,477,0.9352941176470588
DAX,2017-08-22,510,1.0
DAX,2017-08-23,510,1.0
DAX,2017-08-24,510,1.0
DAX,2017-08-25,510,1.0
DAX,2017-08-28,509,0.9980392156862745
DAX,2017-08-29,505,0.9901960784313726
DAX,2017-08-30,510,1.0
DAX,2017-08-31,510,1.0
DAX,2017-09-01,510,1.0
DAX,2017-09-04,510,1.0
DAX,2017-09-05,510,1.0
DAX,2017-09-06,510,1.0
DAX,2017-09-07,510,1.0
DAX,2017-09-08,510,1.0
DAX,2017-09-11,510,1.0
DAX,2017-09-12,509,0.9980392156862745
DAX,2017-09-13,510,1.0
DAX,2017-09-14,510,1.0
DAX,2017-09-15,510,1.0
DAX,2017-09-18,510,1.0
DAX,2017-09-19,510,1.0
DAX,2017-09-20,510,1.0
DAX,2017-09-21,510,1.0
DAX,2017-09-22,510,1.0
DAX,2017-09-25,510,1.0
DAX,2017-09-26,510,1.0
DAX,2017-09-27,510,1.0
DAX,2017-09-28,510,1.0
DAX,2017-09-29,510,1.0
DAX,2017-10-02,510,1.0
DAX,2017-10-04,510,1.0
DAX,2017-10-05,510,1.0
DAX,2017-10-06,510,1.0
DAX,2017-10-09,510,1.0
DAX,2017-10-10,510,1.0
DAX,2017-10-11,510,1.0
DAX,2017-10-12,506,0.9921568627450981
DAX,2017-10-13,510,1.0
DAX,2017-10-16,510,1.0
DAX,2017-10-17,510,1.0
DAX,2017-10-18,510,1.0
DAX,2017-10-19,507,0.9941176470588236
DAX,2017-10-20,510,1.0
DAX,2017-10-23,510,1.0
DAX,2017-10-24,510,1.0
DAX,2017-10-25,510,1.0
DAX,2017-10-26,510,1.0
DAX,2017-10-27,510,1.0
DAX,2017-10-30,510,1.0
DAX,2017-10-31,498,0.9764705882352941
DAX,2017-11-01,510,1.0
DAX,2017-11-02,510,1.0
DAX,2017-11-03,510,1.0
DAX,2017-11-06,510,1.0
DAX,2017-11-07,510,1.0
DAX,2017-11-08,510,1.0
DAX,2017-11-09,510,1.0
DAX,2017-11-10,510,1.0
DAX,2017-11-13,508,0.996078431372549
DAX,2017-11-14,503,0.9862745098039216
DAX,2017-11-15,510,1.0
DAX,2017-11-16,510,1.0
DAX,2017-11-17,510,1.0
DAX,2017-11-20,500,0.9803921568627451
DAX,2017-11-21,510,1.0
DAX,2017-11-22,510,1.0
DAX,2017-11-23,503,0.9862745098039216
DAX,2017-11-24,504,0.9882352941176471
DAX,2017-11-27,507,0.9941176470588236
DAX,2017-11-28,510,1.0
DAX,2017-11-29,510,1.0
DAX,2017-11-30,510,1.0
DAX,2017-12-01,510,1.0
DAX,2017-12-04,510,1.0
DAX,2017-12-05,510,1.0
DAX,2017-12-06,510,1.0
DAX,2017-12-07,510,1.0
DAX,2017-12-08,510,1.0
DAX,2017-12-11,510,1.0
DAX,2017-12-12,510,1.0
DAX,2017-12-13,510,1.0
DAX,2017-12-14,510,1.0
DAX,2017-12-15,510,1.0
DAX,2017-12-18,510,1.0
DAX,2017-12-19,510,1.0
DAX,2017-12-20,510,1.0
DAX,2017-12-21,510,1.0
DAX,2017-12-22,510,1.0
DAX,2017-12-26,417,0.8176470588235294
DAX,2017-12-27,502,0.984313725490196
DAX,2017-12-28,510,1.0
DAX,2017-12-29,510,1.0
DAX,2018-01-02,510,1.0
DAX,2018-01-03,510,1.0
DAX,2018-01-04,509,0.9980392156862745
DAX,2018-01-05,509,0.9980392156862745
DAX,2018-01-08,510,1.0
DAX,2018-01-09,510,1.0
DAX,2018-01-10,510,1.0
DAX,2018-01-11,510,1.0
DAX,2018-01-12,505,0.9901960784313726
DAX,2018-01-15,510,1.0
DAX,2018-01-16,510,1.0
DAX,2018-01-17,484,0.9490196078431372
DAX,2018-01-18,505,0.9901960784313726
DAX,2018-01-19,510,1.0
DAX,2018-01-22,510,1.0
DAX,2018-01-23,510,1.0
DAX,2018-01-24,510,1.0
DAX,2018-01-25,510,1.0
DAX,2018-01-26,510,1.0
DAX,2018-01-29,510,1.0
DAX,2018-01-30,510,1.0
DAX,2018-01-31,506,0.9921568627450981
DAX,2018-02-01,510,1.0
DAX,2018-02-02,510,1.0
DAX,2018-02-05,510,1.0
DAX,2018-02-06,510,1.0
DAX,2018-02-07,510,1.0
DAX,2018-02-08,510,1.0
DAX,2018-02-09,510,1.0
DAX,2018-02-12,510,1.0
DAX,2018-02-13,510,1.0
DAX,2018-02-14,510,1.0
DAX,2018-02-15,510,1.0
DAX,2018-02-16,510,1.0
DAX,2018-02-19,510,1.0
DAX,2018-02-20,510,1.0
DAX,2018-02-21,510,1.0
DAX,2018-02-22,510,1.0
DAX,2018-02-23,510,1.0
DAX,2018-02-26,510,1.0
DAX,2018-02-27,510,1.0
DAX,2018-02-28,510,1.0
DAX,2018-03-01,510,1.0
DAX,2018-03-02,510,1.0
DAX,2018-03-05,510,1.0
DAX,2018-03-06,510,1.0
DAX,2018-03-07,510,1.0
DAX,2018-03-08,510,1.0
DAX,2018-03-09,510,1.0
DAX,2018-03-12,510,1.0
DAX,2018-03-13,510,1.0
DAX,2018-03-14,510,1.0
DAX,2018-03-15,510,1.0
DAX,2018-03-16,508,0.996078431372549
DAX,2018-03-19,510,1.0
DAX,2018-03-20,510,1.0
DAX,2018-03-21,510,1.0
DAX,2018-03-22,510,1.0
DAX,2018-03-23,510,1.0
DAX,2018-03-26,510,1.0
DAX,2018-03-27,510,1.0
DAX,2018-03-28,510,1.0
DAX,2018-03-29,510,1.0
DAX,2018-04-03,510,1.0
DAX,2018-04-04,510,1.0
DAX,2018-04-05,510,1.0
DAX,2018-04-06,510,1.0
DAX,2018-04-09,510,1.0
DAX,2018-04-10,510,1.0
DAX,2018-04-11,506,0.9921568627450981
DAX,2018-04-12,501,0.9823529411764705
DAX,2018-04-13,510,1.0
DAX,2018-04-16,510,1.0
DAX,2018-04-17,510,1.0
DAX,2018-04-18,508,0.996078431372549
DAX,2018-04-19,509,0.9980392156862745
DAX,2018-04-20,510,1.0
DAX,2018-04-23,510,1.0
DAX,2018-04-24,503,0.9862745098039216
DAX,2018-04-25,510,1.0
DAX,2018-04-26,510,1.0
DAX,2018-04-27,507,0.9941176470588236
DAX,2018-04-30,510,1.0
DAX,2018-05-01,462,0.9058823529411765
DAX,2018-05-02,510,1.0
DAX,2018-05-03,510,1.0
DAX,2018-05-04,510,1.0
DAX,2018-05-07,510,1.0
DAX,2018-05-08,510,1.0
DAX,2018-05-09,510,1.0
DAX,2018-05-10,510,1.0
DAX,2018-05-11,510,1.0
DAX,2018-05-14,500,0.9803921568627451
DAX,2018-05-15,510,1.0
DAX,2018-05-16,510,1.0
DAX,2018-05-17,510,1.0
DAX,2018-05-18,510,1.0
DAX,2018-05-21,414,0.8117647058823529
DAX,2018-05-22,509,0.9980392156862745
DAX,2018-05-23,510,1.0
DAX,2018-05-24,506,0.9921568627450981
DAX,2018-05-25,510,1.0
DAX,2018-05-28,510,1.0
DAX,2018-05-29,510,1.0
DAX,2018-05-30,510,1.0
DAX,2018-05-31,510,1.0
DAX,2018-06-01,510,1.0
DAX,2018-06-04,510,1.0
DAX,2018-06-05,510,1.0
DAX,2018-06-06,510,1.0
DAX,2018-06-07,510,1.0
DAX,2018-06-08,510,1.0
DAX,2018-06-11,510,1.0
DAX,2018-06-12,510,1.0
DAX,2018-06-13,510,1.0
DAX,2018-06-14,510,1.0
DAX,2018-06-15,510,1.0
DAX,2018-06-18,510,1.0
DAX,2018-06-19,510,1.0
DAX,2018-06-20,510,1.0
DAX,2018-06-21,510,1.0
DAX,2018-06-22,510,1.0
DAX,2018-06-25,510,1.0
DAX,2018-06-26,510,1.0
DAX,2018-06-27,510,1.0
DAX,2018-06-28,510,1.0
DAX,2018-06-29,510,1.0
DAX,2018-07-02,510,1.0
DAX,2018-07-03,510,1.0
DAX,2018-07-04,510,1.0
DAX,2018-07-05,510,1.0
DAX,2018-07-06,510,1.0
DAX,2018-07-09,510,1.0
DAX,2018-07-10,510,1.0
DAX,2018-07-11,507,0.9941176470588236
DAX,2018-07-12,510,1.0
DAX,2018-07-13,508,0.996078431372549
DAX,2018-07-16,505,0.9901960784313726
DAX,2018-07-17,510,1.0
DAX,2018-07-18,510,1.0
DAX,2018-07-19,499,0.9784313725490196
DAX,2018-07-20,510,1.0
DAX,2018-07-23,510,1.0
DAX,2018-07-24,510,1.0
DAX,2018-07-25,510,1.0
DAX,2018-07-26,510,1.0
DAX,2018-07-27,510,1.0
DAX,2018-07-30,510,1.0
DAX,2018-07-31,510,1.0
DAX,2018-08-01,510,1.0
DAX,2018-08-02,510,1.0
DAX,2018-08-03,510,1.0
DAX,2018-08-06,510,1.0
DAX,2018-08-07,510,1.0
DAX,2018-08-08,510,1.0
DAX,2018-08-09,510,1.0
DAX,2018-08-10,510,1.0
DAX,2018-08-13,510,1.0
DAX,2018-08-14,510,1.0
DAX,2018-08-15,510,1.0
DAX,2018-08-16,510,1.0
DAX,2018-08-17,510,1.0
DAX,2018-08-20,505,0.9901960784313726
DAX,2018-08-21,510,1.0
DAX,2018-08-22,510,1.0
DAX,2018-08-23,510,1.0
DAX,2018-08-24,510,1.0
DAX,2018-08-27,508,0.996078431372549
DAX,2018-08-28,510,1.0
DAX,2018-08-29,510,1.0
DAX,2018-08-30,507,0.9941176470588236
DAX,2018-08-31,510,1.0
DAX,2018-09-03,510,1.0
DAX,2018-09-04,510,1.0
DAX,2018-09-05,510,1.0
DAX,2018-09-06,510,1.0
DAX,2018-09-07,510,1.0
DAX,2018-09-10,510,1.0
DAX,2018-09-11,510,1.0
DAX,2018-09-12,510,1.0
DAX,2018-09-13,510,1.0
DAX,2018-09-14,510,1.0
DAX,2018-09-17,510,1.0
DAX,2018-09-18,510,1.0
DAX,2018-09-19,510,1.0
DAX,2018-09-20,510,1.0
DAX,2018-09-21,510,1.0
DAX,2018-09-24,510,1.0
DAX,2018-09-25,510,1.0
DAX,2018-09-26,510,1.0
DAX,2018-09-27,510,1.0
DAX,2018-09-28,510,1.0
DAX,2018-10-01,510,1.0
DAX,2018-10-02,510,1.0
DAX,2018-10-04,510,1.0
DAX,2018-10-05,510,1.0
DAX,2018-10-08,510,1.0
DAX,2018-10-09,510,1.0
DAX,2018-10-10,510,1.0
DAX,2018-10-11,509,0.9980392156862745
DAX,2018-10-12,510,1.0
DAX,2018-10-15,510,1.0
DAX,2018-10-16,510,1.0
DAX,2018-10-17,510,1.0
DAX,2018-10-18,510,1.0
DAX,2018-10-19,510,1.0
DAX,2018-10-22,510,1.0
DAX,2018-10-23,510,1.0
DAX,2018-10-24,510,1.0
DAX,2018-10-25,510,1.0
DAX,2018-10-26,510,1.0
DAX,2018-10-29,510,1.0
DAX,2018-10-30,510,1.0
DAX,2018-10-31,510,1.0
DAX,2018-11-01,510,1.0
DAX,2018-11-02,510,1.0
DAX,2018-11-05,510,1.0
DAX,2018-11-06,510,1.0
DAX,2018-11-07,510,1.0
DAX,2018-11-08,510,1.0
DAX,2018-11-09,510,1.0
DAX,2018-11-12,510,1.0
DAX,2018-11-13,510,1.0
DAX,2018-11-14,510,1.0
DAX,2018-11-15,510,1.0
DAX,2018-11-16,510,1.0
DAX,2018-11-19,510,1.0
DAX,2018-11-20,510,1.0
DAX,2018-11-21,510,1.0
DAX,2018-11-22,510,1.0
DAX,2018-11-23,510,1.0
DAX,2018-11-26,510,1.0
DAX,2018-11-27,510,1.0
DAX,2018-11-28,510,1.0
DAX,2018-11-29,510,1.0
DAX,2018-11-30,510,1.0
DAX,2018-12-03,510,1.0
DAX,2018-12-04,510,1.0
DAX,2018-12-05,510,1.0
DAX,2018-12-06,510,1.0
DAX,2018-12-07,510,1.0
DAX,2018-12-10,510,1.0
DAX,2018-12-11,510,1.0
DAX,2018-12-12,510,1.0
DAX,2018-12-13,510,1.0
DAX,2018-12-14,510,1.0
DAX,2018-12-17,510,1.0
DAX,2018-12-18,510,1.0
DAX,2018-12-19,510,1.0
DAX,2018-12-20,510,1.0
DAX,2018-12-21,510,1.0
DAX,2018-12-27,510,1.0
DAX,2018-12-28,510,1.0
DAX,2019-01-02,510,1.0
DAX,2019-01-03,510,1.0
DAX,2019-01-04,510,1.0
DAX,2019-01-07,510,1.0
DAX,2019-01-08,510,1.0
DAX,2019-01-09,510,1.0
DAX,2019-01-10,510,1.0
DAX,2019-01-11,510,1.0
DAX,2019-01-14,510,1.0
DAX,2019-01-15,510,1.0
DAX,2019-01-16,510,1.0
DAX,2019-01-17,510,1.0
DAX,2019-01-18,510,1.0
DAX,2019-01-21,510,1.0
DAX,2019-01-22,510,1.0
DAX,2019-01-23,510,1.0
DAX,2019-01-24,510,1.0
DAX,2019-01-25,495,0.9705882352941176
DAX,2019-01-28,510,1.0
DAX,2019-01-29,510,1.0
DAX,2019-01-30,510,1.0
DAX,2019-01-31,510,1.0
DAX,2019-02-01,510,1.0
DAX,2019-02-04,510,1.0
DAX,2019-02-05,510,1.0
DAX,2019-02-06,510,1.0
DAX,2019-02-07,510,1.0
DAX,2019-02-08,510,1.0
DAX,2019-02-11,510,1.0
DAX,2019-02-12,510,1.0
DAX,2019-02-13,510,1.0
DAX,2019-02-14,510,1.0
DAX,2019-02-15,510,1.0
DAX,2019-02-18,510,1.0
DAX,2019-02-19,510,1.0
DAX,2019-02-20,510,1.0
DAX,2019-02-21,510,1.0
DAX,2019-02-22,510,1.0
DAX,2019-02-25,510,1.0
DAX,2019-02-26,510,1.0
DAX,2019-02-27,510,1.0
DAX,2019-02-28,510,1.0
DAX,2019-03-01,510,1.0
DAX,2019-03-04,510,1.0
DAX,2019-03-05,510,1.0
DAX,2019-03-06,510,1.0
DAX,2019-03-07,510,1.0
DAX,2019-03-08,510,1.0
DAX,2019-03-11,510,1.0
DAX,2019-03-12,510,1.0
DAX,2019-03-13,510,1.0
DAX,2019-03-14,510,1.0
DAX,2019-03-15,510,1.0
DAX,2019-03-18,510,1.0
DAX,2019-03-19,510,1.0
DAX,2019-03-20,510,1.0
DAX,2019-03-21,510,1.0
DAX,2019-03-22,510,1.0
DAX,2019-03-25,510,1.0
DAX,2019-03-26,510,1.0
DAX,2019-03-27,510,1.0
DAX,2019-03-28,510,1.0
DAX,2019-03-29,509,0.9980392156862745
DAX,2019-04-01,510,1.0
DAX,2019-04-02,510,1.0
DAX,2019-04-03,510,1.0
DAX,2019-04-04,510,1.0
DAX,2019-04-05,510,1.0
DAX,2019-04-08,510,1.0
DAX,2019-04-09,510,1.0
DAX,2019-04-10,510,1.0
DAX,2019-04-11,510,1.0
DAX,2019-04-12,510,1.0
DAX,2019-04-15,510,1.0
DAX,2019-04-16,510,1.0
DAX,2019-04-17,510,1.0
DAX,2019-04-18,510,1.0
DAX,2019-04-22,377,0.7392156862745098
DAX,2019-04-23,510,1.0
DAX,2019-04-24,510,1.0
DAX,2019-04-25,510,1.0
DAX,2019-04-26,510,1.0
DAX,2019-04-29,510,1.0
DAX,2019-04-30,510,1.0
DAX,2019-05-01,348,0.6823529411764706
DAX,2019-05-02,510,1.0
DAX,2019-05-03,510,1.0
DAX,2019-05-06,510,1.0
DAX,2019-05-07,510,1.0
DAX,2019-05-08,510,1.0
DAX,2019-05-09,510,1.0
DAX,2019-05-10,510,1.0
DAX,2019-05-13,508,0.996078431372549
DAX,2019-05-14,510,1.0
DAX,2019-05-15,510,1.0
DAX,2019-05-16,510,1.0
DAX,2019-05-17,509,0.9980392156862745
DAX,2019-05-20,510,1.0
DAX,2019-05-21,510,1.0
DAX,2019-05-22,510,1.0
DAX,2019-05-23,510,1.0
DAX,2019-05-24,510,1.0
DAX,2019-05-27,510,1.0
DAX,2019-05-28,510,1.0
DAX,2019-05-29,510,1.0
DAX,2019-05-30,510,1.0
DAX,2019-05-31,510,1.0
DAX,2019-06-03,510,1.0
DAX,2019-06-04,510,1.0
DAX,2019-06-05,510,1.0
DAX,2019-06-06,510,1.0
DAX,2019-06-07,510,1.0
DAX,2019-06-10,510,1.0
DAX,2019-06-11,510,1.0
DAX,2019-06-12,510,1.0
DAX,2019-06-13,510,1.0
DAX,2019-06-14,510,1.0
DAX,2019-06-17,510,1.0
DAX,2019-06-18,510,1.0
DAX,2019-06-19,510,1.0
DAX,2019-06-20,510,1.0
DAX,2019-06-21,510,1.0
DAX,2019-06-24,510,1.0
DAX,2019-06-25,510,1.0
DAX,2019-06-26,510,1.0
DAX,2019-06-27,510,1.0
DAX,2019-06-28,510,1.0
DAX,2019-07-01,510,1.0
DAX,2019-07-02,510,1.0
DAX,2019-07-03,510,1.0
DAX,2019-07-04,510,1.0
DAX,2019-07-05,510,1.0
DAX,2019-07-08,510,1.0
DAX,2019-07-09,510,1.0
DAX,2019-07-10,510,1.0
DAX,2019-07-11,510,1.0
DAX,2019-07-12,510,1.0
DAX,2019-07-15,510,1.0
DAX,2019-07-16,510,1.0
DAX,2019-07-17,510,1.0
DAX,2019-07-18,510,1.0
DAX,2019-07-19,510,1.0
DAX,2019-07-22,510,1.0
DAX,2019-07-23,510,1.0
DAX,2019-07-24,510,1.0
DAX,2019-07-25,510,1.0
DAX,2019-07-26,510,1.0
DAX,2019-07-29,510,1.0
DAX,2019-07-30,510,1.0
DAX,2019-07-31,510,1.0
DAX,2019-08-01,510,1.0
DAX,2019-08-02,510,1.0
DAX,2019-08-05,510,1.0
DAX,2019-08-06,510,1.0
DAX,2019-08-07,510,1.0
DAX,2019-08-08,510,1.0
DAX,2019-08-09,510,1.0
DAX,2019-08-12,510,1.0
DAX,2019-08-13,510,1.0
DAX,2019-08-14,510,1.0
DAX,2019-08-15,510,1.0
DAX,2019-08-16,510,1.0
DAX,2019-08-19,510,1.0
DAX,2019-08-20,510,1.0
DAX,2019-08-21,510,1.0
DAX,2019-08-22,510,1.0
DAX,2019-08-23,510,1.0
DAX,2019-08-26,510,1.0
DAX,2019-08-27,510,1.0
DAX,2019-08-28,510,1.0
DAX,2019-08-29,510,1.0
DAX,2019-08-30,510,1.0
DAX,2019-09-02,510,1.0
DAX,2019-09-03,510,1.0
DAX,2019-09-04,510,1.0
DAX,2019-09-05,510,1.0
DAX,2019-09-06,510,1.0
DAX,2019-09-09,510,1.0
DAX,2019-09-10,510,1.0
DAX,2019-09-11,510,1.0
DAX,2019-09-12,510,1.0
DAX,2019-09-13,510,1.0
DAX,2019-09-16,510,1.0
DAX,2019-09-17,510,1.0
DAX,2019-09-18,510,1.0
DAX,2019-09-19,510,1.0
DAX,2019-09-20,510,1.0
DAX,2019-09-23,510,1.0
DAX,2019-09-24,510,1.0
DAX,2019-09-25,510,1.0
DAX,2019-09-26,510,1.0
DAX,2019-09-27,510,1.0
DAX,2019-09-30,510,1.0
DAX,2019-10-01,510,1.0
DAX,2019-10-02,510,1.0
DAX,2019-10-03,510,1.0
DAX,2019-10-04,510,1.0
DAX,2019-10-07,510,1.0
DAX,2019-10-08,510,1.0
DAX,2019-10-09,510,1.0
DAX,2019-10-10,510,1.0
DAX,2019-10-11,510,1.0
DAX,2019-10-14,510,1.0
DAX,2019-10-15,510,1.0
DAX,2019-10-16,510,1.0
DAX,2019-10-17,510,1.0
DAX,2019-10-18,510,1.0
DAX,2019-10-21,510,1.0
DAX,2019-10-22,484,0.9490196078431372
DAX,2019-10-23,510,1.0
DAX,2019-10-24,510,1.0
DAX,2019-10-25,510,1.0
DAX,2019-10-28,510,1.0
DAX,2019-10-29,510,1.0
DAX,2019-10-30,510,1.0
DAX,2019-10-31,510,1.0
DAX,2019-11-01,510,1.0
DAX,2019-11-04,510,1.0
DAX,2019-11-05,510,1.0
DAX,2019-11-06,510,1.0
DAX,2019-11-07,510,1.0
DAX,2019-11-08,510,1.0
DAX,2019-11-11,510,1.0
DAX,2019-11-12,510,1.0
DAX,2019-11-13,510,1.0
DAX,2019-11-14,510,1.0
DAX,2019-11-15,510,1.0
DAX,2019-11-18,510,1.0
DAX,2019-11-19,510,1.0
DAX,2019-11-20,510,1.0
DAX,2019-11-21,510,1.0
DAX,2019-11-22,510,1.0
DAX,2019-11-25,510,1.0
DAX,2019-11-26,510,1.0
DAX,2019-11-27,510,1.0
DAX,2019-11-28,509,0.9980392156862745
DAX,2019-11-29,510,1.0
DAX,2019-12-02,510,1.0
DAX,2019-12-03,510,1.0
DAX,2019-12-04,508,0.996078431372549
DAX,2019-12-05,510,1.0
DAX,2019-12-06,510,1.0
DAX,2019-12-09,510,1.0
DAX,2019-12-10,510,1.0
DAX,2019-12-11,510,1.0
DAX,2019-12-12,510,1.0
DAX,2019-12-13,510,1.0
DAX,2019-12-16,510,1.0
DAX,2019-12-17,510,1.0
DAX,2019-12-18,510,1.0
DAX,2019-12-19,510,1.0
DAX,2019-12-20,510,1.0
DAX,2019-12-23,510,1.0
DAX,2019-12-24,266,0.5215686274509804
DAX,2019-12-26,254,0.4980392156862745
DAX,2019-12-27,510,1.0
DAX,2019-12-30,510,1.0
DAX,2019-12-31,410,0.803921568627451
DAX,2020-01-02,509,0.9980392156862745
DAX,2020-01-03,510,1.0
DAX,2020-01-06,510,1.0
DAX,2020-01-07,510,1.0
DAX,2020-01-08,510,1.0
DAX,2020-01-09,510,1.0
DAX,2020-01-10,510,1.0
DAX,2020-01-13,510,1.0
DAX,2020-01-14,510,1.0
DAX,2020-01-15,510,1.0
DAX,2020-01-16,510,1.0
DAX,2020-01-17,510,1.0
DAX,2020-01-20,510,1.0
DAX,2020-01-21,510,1.0
DAX,2020-01-22,510,1.0
DAX,2020-01-23,510,1.0
DAX,2020-01-24,510,1.0
DAX,2020-01-27,510,1.0
DAX,2020-01-28,510,1.0
DAX,2020-01-29,510,1.0
DAX,2020-01-30,510,1.0
DAX,2020-01-31,510,1.0
DAX,2020-02-03,510,1.0
DAX,2020-02-04,510,1.0
DAX,2020-02-05,510,1.0
DAX,2020-02-06,510,1.0
DAX,2020-02-07,510,1.0
DAX,2020-02-10,510,1.0
DAX,2020-02-11,510,1.0
DAX,2020-02-12,510,1.0
DAX,2020-02-13,510,1.0
DAX,2020-02-14,510,1.0
DAX,2020-02-17,510,1.0
DAX,2020-02-18,510,1.0
DAX,2020-02-19,510,1.0
DAX,2020-02-20,510,1.0
DAX,2020-02-21,510,1.0
DAX,2020-02-24,510,1.0
DAX,2020-02-25,510,1.0
DAX,2020-02-26,510,1.0
DAX,2020-02-27,510,1.0
DAX,2020-02-28,510,1.0
DAX,2020-03-02,510,1.0
DAX,2020-03-03,510,1.0
DAX,2020-03-04,510,1.0
DAX,2020-03-05,510,1.0
DAX,2020-03-06,510,1.0
DAX,2020-03-09,510,1.0
DAX,2020-03-10,510,1.0
DAX,2020-03-11,510,1.0
DAX,2020-03-12,510,1.0
DAX,2020-03-13,510,1.0
DAX,2020-03-16,510,1.0
DAX,2020-03-17,509,0.9980392156862745
DAX,2020-03-18,510,1.0
DAX,2020-03-19,510,1.0
DAX,2020-03-20,510,1.0
DAX,2020-03-23,510,1.0
DAX,2020-03-24,510,1.0
DAX,2020-03-25,510,1.0
DAX,2020-03-26,510,1.0
DAX,2020-03-27,510,1.0
DAX,2020-03-30,510,1.0
DAX,2020-03-31,510,1.0
DAX,2020-04-01,510,1.0
DAX,2020-04-02,510,1.0
DAX,2020-04-03,510,1.0
DAX,2020-04-06,510,1.0
DAX,2020-04-07,510,1.0
DAX,2020-04-08,510,1.0
DAX,2020-04-09,510,1.0
DAX,2020-04-13,510,1.0
DAX,2020-04-14,339,0.6647058823529411
DAX,2020-04-15,510,1.0
DAX,2020-04-16,510,1.0
DAX,2020-04-17,510,1.0
DAX,2020-04-20,510,1.0
DAX,2020-04-21,510,1.0
DAX,2020-04-22,510,1.0
DAX,2020-04-23,510,1.0
DAX,2020-04-24,510,1.0
DAX,2020-04-27,510,1.0
DAX,2020-04-28,510,1.0
DAX,2020-04-29,510,1.0
DAX,2020-04-30,510,1.0
DAX,2020-05-01,505,0.9901960784313726
DAX,2020-05-04,510,1.0
DAX,2020-05-05,510,1.0
DAX,2020-05-06,510,1.0
DAX,2020-05-07,510,1.0
DAX,2020-05-08,510,1.0
DAX,2020-05-11,510,1.0
DAX,2020-05-12,510,1.0
DAX,2020-05-13,510,1.0
DAX,2020-05-14,510,1.0
DAX,2020-05-15,510,1.0
DAX,2020-05-18,510,1.0
DAX,2020-05-19,510,1.0
DAX,2020-05-20,510,1.0
DAX,2020-05-21,510,1.0
DAX,2020-05-22,510,1.0
DAX,2020-05-25,510,1.0
DAX,2020-05-26,510,1.0
DAX,2020-05-27,510,1.0
DAX,2020-05-28,510,1.0
DAX,2020-05-29,510,1.0
DAX,2020-06-01,510,1.0
DAX,2020-06-02,510,1.0
DAX,2020-06-03,510,1.0
DAX,2020-06-04,510,1.0
DAX,2020-06-05,510,1.0
DAX,2020-06-08,510,1.0
DAX,2020-06-09,510,1.0
DAX,2020-06-10,510,1.0
DAX,2020-06-11,510,1.0
DAX,2020-06-12,510,1.0
DAX,2020-06-15,510,1.0
DAX,2020-06-16,510,1.0
DAX,2020-06-17,510,1.0
DAX,2020-06-18,510,1.0
DAX,2020-06-19,510,1.0
DAX,2020-06-22,510,1.0
DAX,2020-06-23,510,1.0
DAX,2020-06-24,510,1.0
DAX,2020-06-25,510,1.0
DAX,2020-06-26,510,1.0
DAX,2020-06-29,510,1.0
DAX,2020-06-30,510,1.0
DAX,2020-07-01,470,0.9215686274509803
DAX,2020-07-02,510,1.0
DAX,2020-07-03,510,1.0
DAX,2020-07-06,510,1.0
DAX,2020-07-07,510,1.0
DAX,2020-07-08,510,1.0
DAX,2020-07-09,510,1.0
DAX,2020-07-10,510,1.0
DAX,2020-07-13,510,1.0
DAX,2020-07-14,510,1.0
DAX,2020-07-15,510,1.0
DAX,2020-07-16,510,1.0
DAX,2020-07-17,510,1.0
DAX,2020-07-20,510,1.0
DAX,2020-07-21,510,1.0
DAX,2020-07-22,510,1.0
DAX,2020-07-23,510,1.0
DAX,2020-07-24,510,1.0
DAX,2020-07-27,510,1.0
DAX,2020-07-28,510,1.0
DAX,2020-07-29,510,1.0
DAX,2020-07-30,510,1.0
DAX,2020-07-31,510,1.0
DAX,2020-08-03,510,1.0
DAX,2020-08-04,510,1.0
DAX,2020-08-05,510,1.0
DAX,2020-08-06,510,1.0
DAX,2020-08-07,510,1.0
DAX,2020-08-10,510,1.0
DAX,2020-08-11,510,1.0
DAX,2020-08-12,510,1.0
DAX,2020-08-13,510,1.0
DAX,2020-08-14,510,1.0
DAX,2020-08-17,510,1.0
DAX,2020-08-18,510,1.0
DAX,2020-08-19,510,1.0
DAX,2020-08-20,510,1.0
DAX,2020-08-21,510,1.0
DAX,2020-08-24,510,1.0
DAX,2020-08-25,510,1.0
DAX,2020-08-26,510,1.0
DAX,2020-08-27,510,1.0
DAX,2020-08-28,510,1.0
DAX,2020-08-31,510,1.0
DAX,2020-09-01,510,1.0
DAX,2020-09-02,510,1.0
DAX,2020-09-03,510,1.0
DAX,2020-09-04,510,1.0
DAX,2020-09-07,510,1.0
DAX,2020-09-08,510,1.0
DAX,2020-09-09,510,1.0
DAX,2020-09-10,510,1.0
DAX,2020-09-11,510,1.0
DAX,2020-09-14,510,1.0
DAX,2020-09-15,510,1.0
DAX,2020-09-16,510,1.0
DAX,2020-09-17,510,1.0
DAX,2020-09-18,510,1.0
DAX,2020-09-21,510,1.0
DAX,2020-09-22,510,1.0
DAX,2020-09-23,510,1.0
DAX,2020-09-24,510,1.0
DAX,2020-09-25,510,1.0
DAX,2020-09-28,510,1.0
DAX,2020-09-29,510,1.0
DAX,2020-09-30,510,1.0
DAX,2020-10-01,510,1.0
DAX,2020-10-02,510,1.0
DAX,2020-10-05,510,1.0
DAX,2020-10-06,510,1.0
DAX,2020-10-07,510,1.0
DAX,2020-10-08,510,1.0
DAX,2020-10-09,510,1.0
DAX,2020-10-12,510,1.0
DAX,2020-10-13,510,1.0
DAX,2020-10-14,510,1.0
DAX,2020-10-15,510,1.0
DAX,2020-10-16,510,1.0
DAX,2020-10-19,510,1.0
DAX,2020-10-20,510,1.0
DAX,2020-10-21,510,1.0
DAX,2020-10-22,510,1.0
DAX,2020-10-23,510,1.0
DAX,2020-10-26,510,1.0
DAX,2020-10-27,510,1.0
DAX,2020-10-28,510,1.0
DAX,2020-10-29,510,1.0
DAX,2020-10-30,510,1.0
DAX,2020-11-02,510,1.0
DAX,2020-11-03,510,1.0
DAX,2020-11-04,510,1.0
DAX,2020-11-05,510,1.0
DAX,2020-11-06,510,1.0
DAX,2020-11-09,510,1.0
DAX,2020-11-10,510,1.0
DAX,2020-11-11,510,1.0
DAX,2020-11-12,510,1.0
DAX,2020-11-13,510,1.0
DAX,2020-11-16,509,0.9980392156862745
DAX,2020-11-17,510,1.0
DAX,2020-11-18,510,1.0
DAX,2020-11-19,510,1.0
DAX,2020-11-20,510,1.0
DAX,2020-11-23,510,1.0
DAX,2020-11-24,510,1.0
DAX,2020-11-25,510,1.0
DAX,2020-11-26,510,1.0
DAX,2020-11-27,510,1.0
DAX,2020-11-30,509,0.9980392156862745
DAX,2020-12-01,510,1.0
DAX,2020-12-02,509,0.9980392156862745
DAX,2020-12-03,510,1.0
DAX,2020-12-04,510,1.0
DAX,2020-12-07,510,1.0
DAX,2020-12-08,510,1.0
DAX,2020-12-09,510,1.0
DAX,2020-12-10,510,1.0
DAX,2020-12-11,510,1.0
DAX,2020-12-14,510,1.0
DAX,2020-12-15,510,1.0
DAX,2020-12-16,510,1.0
DAX,2020-12-17,510,1.0
DAX,2020-12-18,510,1.0
DAX,2020-12-21,510,1.0
DAX,2020-12-22,510,1.0
DAX,2020-12-23,510,1.0
DAX,2020-12-24,466,0.9137254901960784
DAX,2020-12-28,510,1.0
DAX,2020-12-29,510,1.0
DAX,2020-12-30,510,1.0
DAX,2020-12-31,479,0.9392156862745098
DAX,2021-01-04,510,1.0
DAX,2021-01-05,510,1.0
DAX,2021-01-06,510,1.0
DAX,2021-01-07,510,1.0
DAX,2021-01-08,510,1.0
DAX,2021-01-11,510,1.0
DAX,2021-01-12,510,1.0
DAX,2021-01-13,510,1.0
DAX,2021-01-14,510,1.0
DAX,2021-01-15,510,1.0
DAX,2021-01-18,510,1.0
DAX,2021-01-19,510,1.0
DAX,2021-01-20,510,1.0
DAX,2021-01-21,510,1.0
DAX,2021-01-22,510,1.0
DAX,2021-01-25,510,1.0
DAX,2021-01-26,510,1.0
DAX,2021-01-27,510,1.0
DAX,2021-01-28,510,1.0
DAX,2021-01-29,510,1.0
DAX,2021-02-01,510,1.0
DAX,2021-02-02,510,1.0
DAX,2021-02-03,510,1.0
DAX,2021-02-04,510,1.0
DAX,2021-02-05,510,1.0
DAX,2021-02-08,510,1.0
DAX,2021-02-09,510,1.0
DAX,2021-02-10,510,1.0
DAX,2021-02-11,510,1.0
DAX,2021-02-12,510,1.0
DAX,2021-02-15,509,0.9980392156862745
DAX,2021-02-16,510,1.0
DAX,2021-02-17,510,1.0
DAX,2021-02-18,510,1.0
DAX,2021-02-19,510,1.0
DAX,2021-02-22,510,1.0
DAX,2021-02-23,510,1.0
DAX,2021-02-24,510,1.0
DAX,2021-02-25,510,1.0
DAX,2021-02-26,510,1.0
DAX,2021-03-01,510,1.0
DAX,2021-03-02,510,1.0
DAX,2021-03-03,510,1.0
DAX,2021-03-04,510,1.0
DAX,2021-03-05,510,1.0
DAX,2021-03-08,510,1.0
DAX,2021-03-09,510,1.0
DAX,2021-03-10,510,1.0
DAX,2021-03-11,510,1.0
DAX,2021-03-12,510,1.0
DAX,2021-03-15,510,1.0
DAX,2021-03-16,510,1.0
DAX,2021-03-17,510,1.0
DAX,2021-03-18,510,1.0
DAX,2021-03-19,510,1.0
DAX,2021-03-22,510,1.0
DAX,2021-03-23,510,1.0
DAX,2021-03-24,510,1.0
DAX,2021-03-25,510,1.0
DAX,2021-03-26,510,1.0
DAX,2021-03-29,507,0.9941176470588236
DAX,2021-03-30,510,1.0
DAX,2021-03-31,510,1.0
DAX,2021-04-01,510,1.0
DAX,2021-04-05,463,0.907843137254902
DAX,2021-04-06,510,1.0
DAX,2021-04-07,510,1.0
DAX,2021-04-08,510,1.0
DAX,2021-04-09,510,1.0
DAX,2021-04-12,510,1.0
DAX,2021-04-13,508,0.996078431372549
DAX,2021-04-14,510,1.0
DAX,2021-04-15,510,1.0
DAX,2021-04-16,510,1.0
DAX,2021-04-19,510,1.0
DAX,2021-04-20,510,1.0
DAX,2021-04-21,510,1.0
DAX,2021-04-22,510,1.0
DAX,2021-04-23,492,0.9647058823529412
DAX,2021-04-26,510,1.0
DAX,2021-04-27,510,1.0
DAX,2021-04-28,510,1.0
DAX,2021-04-29,510,1.0
DAX,2021-04-30,510,1.0
DAX,2021-05-03,510,1.0
DAX,2021-05-04,510,1.0
DAX,2021-05-05,510,1.0
DAX,2021-05-06,510,1.0
DAX,2021-05-07,510,1.0
DAX,2021-05-10,510,1.0
DAX,2021-05-11,510,1.0
DAX,2021-05-12,510,1.0
DAX,2021-05-13,510,1.0
DAX,2021-05-14,510,1.0
DAX,2021-05-17,510,1.0
DAX,2021-05-18,510,1.0
DAX,2021-05-19,510,1.0
DAX,2021-05-20,510,1.0
DAX,2021-05-21,510,1.0
DAX,2021-05-24,510,1.0
DAX,2021-05-25,510,1.0
DAX,2021-05-26,510,1.0
DAX,2021-05-27,510,1.0
DAX,2021-05-28,509,0.9980392156862745
DAX,2021-05-31,508,0.996078431372549
DAX,2021-06-01,510,1.0
DAX,2021-06-02,510,1.0
DAX,2021-06-03,510,1.0
DAX,2021-06-04,510,1.0
DAX,2021-06-07,510,1.0
DAX,2021-06-08,510,1.0
DAX,2021-06-09,510,1.0
DAX,2021-06-10,510,1.0
DAX,2021-06-11,510,1.0
DAX,2021-06-14,510,1.0
DAX,2021-06-15,509,0.9980392156862745
DAX,2021-06-16,509,0.9980392156862745
DAX,2021-06-17,510,1.0
DAX,2021-06-18,510,1.0
DAX,2021-06-21,510,1.0
DAX,2021-06-22,510,1.0
DAX,2021-06-23,510,1.0
DAX,2021-06-24,510,1.0
DAX,2021-06-25,510,1.0
DAX,2021-06-28,510,1.0
DAX,2021-06-29,510,1.0
DAX,2021-06-30,510,1.0
DAX,2021-07-01,510,1.0
DAX,2021-07-02,510,1.0
DAX,2021-07-05,510,1.0
DAX,2021-07-06,510,1.0
DAX,2021-07-07,510,1.0
DAX,2021-07-08,510,1.0
DAX,2021-07-09,510,1.0
DAX,2021-07-12,510,1.0
DAX,2021-07-13,510,1.0
DAX,2021-07-14,510,1.0
DAX,2021-07-15,510,1.0
DAX,2021-07-16,510,1.0
DAX,2021-07-19,510,1.0
DAX,2021-07-20,510,1.0
DAX,2021-07-21,510,1.0
DAX,2021-07-22,510,1.0
DAX,2021-07-23,510,1.0
DAX,2021-07-26,510,1.0
DAX,2021-07-27,510,1.0
DAX,2021-07-28,510,1.0
DAX,2021-07-29,510,1.0
DAX,2021-07-30,510,1.0
DAX,2021-08-02,510,1.0
DAX,2021-08-03,510,1.0
DAX,2021-08-04,510,1.0
DAX,2021-08-05,510,1.0
DAX,2021-08-06,510,1.0
DAX,2021-08-09,510,1.0
DAX,2021-08-10,510,1.0
DAX,2021-08-11,510,1.0
DAX,2021-08-12,510,1.0
DAX,2021-08-13,510,1.0
DAX,2021-08-16,510,1.0
DAX,2021-08-17,510,1.0
DAX,2021-08-18,510,1.0
DAX,2021-08-19,510,1.0
DAX,2021-08-20,510,1.0
DAX,2021-08-23,510,1.0
DAX,2021-08-24,510,1.0
DAX,2021-08-25,510,1.0
DAX,2021-08-26,510,1.0
DAX,2021-08-27,510,1.0
DAX,2021-08-30,510,1.0
DAX,2021-08-31,510,1.0
DAX,2021-09-01,510,1.0
DAX,2021-09-02,510,1.0
DAX,2021-09-03,510,1.0
DAX,2021-09-06,509,0.9980392156862745
DAX,2021-09-07,510,1.0
DAX,2021-09-08,510,1.0
DAX,2021-09-09,510,1.0
DAX,2021-09-10,510,1.0
DAX,2021-09-13,510,1.0
DAX,2021-09-14,510,1.0
DAX,2021-09-15,510,1.0
DAX,2021-09-16,510,1.0
DAX,2021-09-17,510,1.0
DAX,2021-09-20,510,1.0
DAX,2021-09-21,510,1.0
DAX,2021-09-22,510,1.0
DAX,2021-09-23,510,1.0
DAX,2021-09-24,510,1.0
DAX,2021-09-27,510,1.0
DAX,2021-09-28,510,1.0
DAX,2021-09-29,510,1.0
DAX,2021-09-30,510,1.0
DAX,2021-10-01,510,1.0
DAX,2021-10-04,510,1.0
DAX,2021-10-05,510,1.0
DAX,2021-10-06,510,1.0
DAX,2021-10-07,510,1.0
DAX,2021-10-08,510,1.0
DAX,2021-10-11,510,1.0
DAX,2021-10-12,510,1.0
DAX,2021-10-13,510,1.0
DAX,2021-10-14,510,1.0
DAX,2021-10-15,510,1.0
DAX,2021-10-18,510,1.0
DAX,2021-10-19,510,1.0
DAX,2021-10-20,510,1.0
DAX,2021-10-21,510,1.0
DAX,2021-10-22,510,1.0
DAX,2021-10-25,510,1.0
DAX,2021-10-26,510,1.0
DAX,2021-10-27,510,1.0
DAX,2021-10-28,510,1.0
DAX,2021-10-29,510,1.0
DAX,2021-11-01,510,1.0
DAX,2021-11-02,510,1.0
DAX,2021-11-03,510,1.0
DAX,2021-11-04,510,1.0
DAX,2021-11-05,510,1.0
DAX,2021-11-08,510,1.0
DAX,2021-11-09,510,1.0
DAX,2021-11-10,510,1.0
DAX,2021-11-11,510,1.0
DAX,2021-11-12,510,1.0
DAX,2021-11-15,510,1.0
DAX,2021-11-16,510,1.0
DAX,2021-11-17,510,1.0
DAX,2021-11-18,510,1.0
DAX,2021-11-19,510,1.0
DAX,2021-11-22,510,1.0
DAX,2021-11-23,510,1.0
DAX,2021-11-24,510,1.0
DAX,2021-11-25,510,1.0
DAX,2021-11-26,510,1.0
DAX,2021-11-29,510,1.0
DAX,2021-11-30,510,1.0
DAX,2021-12-01,510,1.0
DAX,2021-12-02,510,1.0
DAX,2021-12-03,510,1.0
DAX,2021-12-06,510,1.0
DAX,2021-12-07,510,1.0
DAX,2021-12-08,510,1.0
DAX,2021-12-09,510,1.0
DAX,2021-12-10,510,1.0
DAX,2021-12-13,510,1.0
DAX,2021-12-14,510,1.0
DAX,2021-12-15,510,1.0
DAX,2021-12-16,510,1.0
DAX,2021-12-17,510,1.0
DAX,2021-12-20,510,1.0
DAX,2021-12-21,510,1.0
DAX,2021-12-22,510,1.0
DAX,2021-12-23,510,1.0
DAX,2021-12-27,510,1.0
DAX,2021-12-28,510,1.0
DAX,2021-12-29,510,1.0
DAX,2021-12-30,510,1.0
DAX,2021-12-31,496,0.9725490196078431
DAX,2022-01-03,510,1.0
DAX,2022-01-04,510,1.0
DAX,2022-01-05,510,1.0
DAX,2022-01-06,510,1.0
DAX,2022-01-07,510,1.0
DAX,2022-01-10,510,1.0
DAX,2022-01-11,510,1.0
DAX,2022-01-12,510,1.0
DAX,2022-01-13,510,1.0
DAX,2022-01-14,510,1.0
DAX,2022-01-17,510,1.0
DAX,2022-01-18,510,1.0
DAX,2022-01-19,510,1.0
DAX,2022-01-20,510,1.0
DAX,2022-01-21,510,1.0
DAX,2022-01-24,510,1.0
DAX,2022-01-25,510,1.0
DAX,2022-01-26,510,1.0
DAX,2022-01-27,510,1.0
DAX,2022-01-28,510,1.0
DAX,2022-01-31,510,1.0
DAX,2022-02-01,510,1.0
DAX,2022-02-02,510,1.0
DAX,2022-02-03,510,1.0
DAX,2022-02-04,510,1.0
DAX,2022-02-07,510,1.0
DAX,2022-02-08,510,1.0
DAX,2022-02-09,510,1.0
DAX,2022-02-10,510,1.0
DAX,2022-02-11,510,1.0
DAX,2022-02-14,510,1.0
DAX,2022-02-15,510,1.0
DAX,2022-02-16,510,1.0
DAX,2022-02-17,509,0.9980392156862745
DAX,2022-02-18,510,1.0
DAX,2022-02-21,504,0.9882352941176471
DAX,2022-02-22,510,1.0
DAX,2022-02-23,510,1.0
DAX,2022-02-24,510,1.0
DAX,2022-02-25,510,1.0
DAX,2022-02-28,510,1.0
DAX,2022-03-01,510,1.0
DAX,2022-03-02,510,1.0
DAX,2022-03-03,510,1.0
DAX,2022-03-04,510,1.0
DAX,2022-03-07,510,1.0
DAX,2022-03-08,510,1.0
DAX,2022-03-09,510,1.0
DAX,2022-03-10,510,1.0
DAX,2022-03-11,510,1.0
DAX,2022-03-14,508,0.996078431372549
DAX,2022-03-15,510,1.0
DAX,2022-03-16,510,1.0
DAX,2022-03-17,510,1.0
DAX,2022-03-18,510,1.0
DAX,2022-03-21,510,1.0
DAX,2022-03-22,510,1.0
DAX,2022-03-23,510,1.0
DAX,2022-03-24,510,1.0
DAX,2022-03-25,510,1.0
DAX,2022-03-28,510,1.0
DAX,2022-03-29,510,1.0
DAX,2022-03-30,510,1.0
DAX,2022-03-31,510,1.0
DAX,2022-04-01,510,1.0
DAX,2022-04-04,510,1.0
DAX,2022-04-05,510,1.0
DAX,2022-04-06,510,1.0
DAX,2022-04-07,510,1.0
DAX,2022-04-08,510,1.0
DAX,2022-04-11,510,1.0
DAX,2022-04-12,510,1.0
DAX,2022-04-13,510,1.0
DAX,2022-04-14,510,1.0
DAX,2022-04-18,507,0.9941176470588236
DAX,2022-04-19,510,1.0
DAX,2022-04-20,510,1.0
DAX,2022-04-21,510,1.0
DAX,2022-04-22,510,1.0
DAX,2022-04-25,510,1.0
DAX,2022-04-26,510,1.0
DAX,2022-04-27,510,1.0
DAX,2022-04-28,510,1.0
DAX,2022-04-29,510,1.0
DAX,2022-05-02,510,1.0
DAX,2022-05-03,510,1.0
DAX,2022-05-04,510,1.0
DAX,2022-05-05,510,1.0
DAX,2022-05-06,510,1.0
DAX,2022-05-09,510,1.0
DAX,2022-05-10,510,1.0
DAX,2022-05-11,510,1.0
DAX,2022-05-12,510,1.0
DAX,2022-05-13,510,1.0
DAX,2022-05-16,510,1.0
DAX,2022-05-17,510,1.0
DAX,2022-05-18,510,1.0
DAX,2022-05-19,510,1.0
DAX,2022-05-20,510,1.0
DAX,2022-05-23,510,1.0
DAX,2022-05-24,510,1.0
DAX,2022-05-25,510,1.0
DAX,2022-05-26,510,1.0
DAX,2022-05-27,510,1.0
DAX,2022-05-30,510,1.0
DAX,2022-05-31,510,1.0
DAX,2022-06-01,510,1.0
DAX,2022-06-02,510,1.0
DAX,2022-06-03,510,1.0
DAX,2022-06-06,510,1.0
DAX,2022-06-07,510,1.0
DAX,2022-06-08,510,1.0
DAX,2022-06-09,510,1.0
DAX,2022-06-10,510,1.0
DAX,2022-06-13,510,1.0
DAX,2022-06-14,510,1.0
DAX,2022-06-15,510,1.0
DAX,2022-06-16,510,1.0
DAX,2022-06-17,510,1.0
DAX,2022-06-20,510,1.0
DAX,2022-06-21,510,1.0
DAX,2022-06-22,510,1.0
DAX,2022-06-23,510,1.0
DAX,2022-06-24,510,1.0
DAX,2022-06-27,510,1.0
DAX,2022-06-28,510,1.0
DAX,2022-06-29,510,1.0
DAX,2022-06-30,510,1.0
DAX,2022-07-01,510,1.0
DAX,2022-07-04,510,1.0
DAX,2022-07-05,510,1.0
DAX,2022-07-06,510,1.0
DAX,2022-07-07,510,1.0
DAX,2022-07-08,510,1.0
DAX,2022-07-11,510,1.0
DAX,2022-07-12,510,1.0
DAX,2022-07-13,510,1.0
DAX,2022-07-14,510,1.0
DAX,2022-07-15,510,1.0
DAX,2022-07-18,510,1.0
DAX,2022-07-19,510,1.0
DAX,2022-07-20,510,1.0
DAX,2022-07-21,510,1.0
DAX,2022-07-22,510,1.0
DAX,2022-07-25,510,1.0
DAX,2022-07-26,510,1.0
DAX,2022-07-27,510,1.0
DAX,2022-07-28,510,1.0
DAX,2022-07-29,510,1.0
DAX,2022-08-01,510,1.0
DAX,2022-08-02,510,1.0
DAX,2022-08-03,510,1.0
DAX,2022-08-04,510,1.0
DAX,2022-08-05,510,1.0
DAX,2022-08-08,510,1.0
DAX,2022-08-09,510,1.0
DAX,2022-08-10,510,1.0
DAX,2022-08-11,510,1.0
DAX,2022-08-12,510,1.0
DAX,2022-08-15,510,1.0
DAX,2022-08-16,510,1.0
DAX,2022-08-17,510,1.0
DAX,2022-08-18,510,1.0
DAX,2022-08-19,510,1.0
DAX,2022-08-22,510,1.0
DAX,2022-08-23,510,1.0
DAX,2022-08-24,510,1.0
DAX,2022-08-25,510,1.0
DAX,2022-08-26,510,1.0
DAX,2022-08-29,509,0.9980392156862745
DAX,2022-08-30,510,1.0
DAX,2022-08-31,510,1.0
DAX,2022-09-01,510,1.0
DAX,2022-09-02,510,1.0
DAX,2022-09-05,510,1.0
DAX,2022-09-06,510,1.0
DAX,2022-09-07,510,1.0
DAX,2022-09-08,510,1.0
DAX,2022-09-09,510,1.0
DAX,2022-09-12,510,1.0
DAX,2022-09-13,510,1.0
DAX,2022-09-14,510,1.0
DAX,2022-09-15,510,1.0
DAX,2022-09-16,510,1.0
DAX,2022-09-19,510,1.0
DAX,2022-09-20,510,1.0
DAX,2022-09-21,510,1.0
DAX,2022-09-22,510,1.0
DAX,2022-09-23,510,1.0
DAX,2022-09-26,510,1.0
DAX,2022-09-27,510,1.0
DAX,2022-09-28,510,1.0
DAX,2022-09-29,510,1.0
DAX,2022-09-30,510,1.0
DAX,2022-10-03,510,1.0
DAX,2022-10-04,510,1.0
DAX,2022-10-05,510,1.0
DAX,2022-10-06,510,1.0
DAX,2022-10-07,510,1.0
DAX,2022-10-10,510,1.0
DAX,2022-10-11,510,1.0
DAX,2022-10-12,510,1.0
DAX,2022-10-13,510,1.0
DAX,2022-10-14,510,1.0
DAX,2022-10-17,510,1.0
DAX,2022-10-18,509,0.9980392156862745
DAX,2022-10-19,510,1.0
DAX,2022-10-20,510,1.0
DAX,2022-10-21,510,1.0
DAX,2022-10-24,510,1.0
DAX,2022-10-25,510,1.0
DAX,2022-10-26,510,1.0
DAX,2022-10-27,510,1.0
DAX,2022-10-28,510,1.0
DAX,2022-10-31,510,1.0
DAX,2022-11-01,508,0.996078431372549
DAX,2022-11-02,510,1.0
DAX,2022-11-03,510,1.0
DAX,2022-11-04,510,1.0
DAX,2022-11-07,510,1.0
DAX,2022-11-08,510,1.0
DAX,2022-11-09,510,1.0
DAX,2022-11-10,508,0.996078431372549
DAX,2022-11-11,510,1.0
DAX,2022-11-14,510,1.0
DAX,2022-11-15,510,1.0
DAX,2022-11-16,510,1.0
DAX,2022-11-17,510,1.0
DAX,2022-11-18,510,1.0
DAX,2022-11-21,510,1.0
DAX,2022-11-22,510,1.0
DAX,2022-11-23,510,1.0
DAX,2022-11-24,510,1.0
DAX,2022-11-25,510,1.0
DAX,2022-11-28,510,1.0
DAX,2022-11-29,510,1.0
DAX,2022-11-30,510,1.0
DAX,2022-12-01,510,1.0
DAX,2022-12-02,510,1.0
DAX,2022-12-05,510,1.0
DAX,2022-12-06,510,1.0
DAX,2022-12-07,510,1.0
DAX,2022-12-08,510,1.0
DAX,2022-12-09,510,1.0
DAX,2022-12-12,510,1.0
DAX,2022-12-13,510,1.0
DAX,2022-12-14,510,1.0
DAX,2022-12-15,510,1.0
DAX,2022-12-16,510,1.0
DAX,2022-12-19,510,1.0
DAX,2022-12-20,510,1.0
DAX,2022-12-21,510,1.0
DAX,2022-12-22,510,1.0
DAX,2022-12-23,510,1.0
DAX,2022-12-27,510,1.0
DAX,2022-12-28,510,1.0
DAX,2022-12-29,510,1.0
DAX,2022-12-30,510,1.0
DAX,2023-01-02,510,1.0
DAX,2023-01-03,510,1.0
DAX,2023-01-04,510,1.0
DAX,2023-01-05,510,1.0
DAX,2023-01-06,510,1.0
DAX,2023-01-09,510,1.0
DAX,2023-01-10,510,1.0
DAX,2023-01-11,510,1.0
DAX,2023-01-12,510,1.0
DAX,2023-01-13,510,1.0
DAX,2023-01-16,510,1.0
DAX,2023-01-17,510,1.0
DAX,2023-01-18,510,1.0
DAX,2023-01-19,510,1.0
DAX,2023-01-20,510,1.0
DAX,2023-01-23,510,1.0
DAX,2023-01-24,510,1.0
DAX,2023-01-25,510,1.0
DAX,2023-01-26,510,1.0
DAX,2023-01-27,510,1.0
DAX,2023-01-30,510,1.0
DAX,2023-01-31,510,1.0
DAX,2023-02-01,510,1.0
DAX,2023-02-02,510,1.0
DAX,2023-02-03,510,1.0
DAX,2023-02-06,510,1.0
DAX,2023-02-07,510,1.0
DAX,2023-02-08,510,1.0
DAX,2023-02-09,510,1.0
DAX,2023-02-10,510,1.0
DAX,2023-02-13,510,1.0
DAX,2023-02-14,510,1.0
DAX,2023-02-15,510,1.0
DAX,2023-02-16,510,1.0
DAX,2023-02-17,510,1.0
DAX,2023-02-20,510,1.0
DAX,2023-02-21,510,1.0
DAX,2023-02-22,510,1.0
DAX,2023-02-23,510,1.0
DAX,2023-02-24,507,0.9941176470588236
DAX,2023-02-27,510,1.0
DAX,2023-02-28,510,1.0
DAX,2023-03-01,510,1.0
DAX,2023-03-02,510,1.0
DAX,2023-03-03,510,1.0
DAX,2023-03-06,510,1.0
DAX,2023-03-07,510,1.0
DAX,2023-03-08,510,1.0
DAX,2023-03-09,510,1.0
DAX,2023-03-10,510,1.0
DAX,2023-03-13,510,1.0
DAX,2023-03-14,510,1.0
DAX,2023-03-15,510,1.0
DAX,2023-03-16,510,1.0
DAX,2023-03-17,510,1.0
DAX,2023-03-20,510,1.0
DAX,2023-03-21,510,1.0
DAX,2023-03-22,510,1.0
DAX,2023-03-23,510,1.0
DAX,2023-03-24,510,1.0
DAX,2023-03-27,510,1.0
DAX,2023-03-28,510,1.0
DAX,2023-03-29,510,1.0
DAX,2023-03-30,510,1.0
DAX,2023-03-31,510,1.0
DAX,2023-04-03,510,1.0
DAX,2023-04-04,510,1.0
DAX,2023-04-05,510,1.0
DAX,2023-04-06,510,1.0
DAX,2023-04-11,510,1.0
DAX,2023-04-12,510,1.0
DAX,2023-04-13,510,1.0
DAX,2023-04-14,510,1.0
DAX,2023-04-17,510,1.0
DAX,2023-04-18,510,1.0
DAX,2023-04-19,510,1.0
DAX,2023-04-20,510,1.0
DAX,2023-04-21,510,1.0
DAX,2023-04-24,510,1.0
DAX,2023-04-25,510,1.0
DAX,2023-04-26,510,1.0
DAX,2023-04-27,510,1.0
DAX,2023-04-28,510,1.0
DAX,2023-05-01,494,0.9686274509803922
DAX,2023-05-02,510,1.0
DAX,2023-05-03,510,1.0
DAX,2023-05-04,510,1.0
DAX,2023-05-05,510,1.0
DAX,2023-05-08,510,1.0
DAX,2023-05-09,510,1.0
DAX,2023-05-10,510,1.0
DAX,2023-05-11,510,1.0
DAX,2023-05-12,510,1.0
DAX,2023-05-15,510,1.0
DAX,2023-05-16,510,1.0
DAX,2023-05-17,510,1.0
DAX,2023-05-18,510,1.0
DAX,2023-05-19,510,1.0
DAX,2023-05-22,510,1.0
DAX,2023-05-23,510,1.0
DAX,2023-05-24,510,1.0
DAX,2023-05-25,510,1.0
DAX,2023-05-26,510,1.0
DAX,2023-05-29,510,1.0
DAX,2023-05-30,510,1.0
DAX,2023-05-31,510,1.0
DAX,2023-06-01,510,1.0
DAX,2023-06-02,495,0.9705882352941176
DAX,2023-06-05,510,1.0
DAX,2023-06-06,510,1.0
DAX,2023-06-07,510,1.0
DAX,2023-06-08,510,1.0
DAX,2023-06-09,510,1.0
DAX,2023-06-12,510,1.0
DAX,2023-06-13,510,1.0
DAX,2023-06-14,510,1.0
DAX,2023-06-15,510,1.0
DAX,2023-06-16,510,1.0
DAX,2023-06-19,510,1.0
DAX,2023-06-20,510,1.0
DAX,2023-06-21,510,1.0
DAX,2023-06-22,510,1.0
DAX,2023-06-23,510,1.0
DAX,2023-06-26,510,1.0
DAX,2023-06-27,510,1.0
DAX,2023-06-28,510,1.0
DAX,2023-06-29,510,1.0
DAX,2023-06-30,510,1.0
DAX,2023-07-03,510,1.0
DAX,2023-07-04,509,0.9980392156862745
DAX,2023-07-05,510,1.0
DAX,2023-07-06,510,1.0
DAX,2023-07-07,510,1.0
DAX,2023-07-10,510,1.0
DAX,2023-07-11,510,1.0
DAX,2023-07-12,510,1.0
DAX,2023-07-13,510,1.0
DAX,2023-07-14,510,1.0
DAX,2023-07-17,510,1.0
DAX,2023-07-18,509,0.9980392156862745
DAX,2023-07-19,510,1.0
DAX,2023-07-20,510,1.0
DAX,2023-07-21,510,1.0
DAX,2023-07-24,510,1.0
DAX,2023-07-25,510,1.0
DAX,2023-07-26,510,1.0
DAX,2023-07-27,510,1.0
DAX,2023-07-28,510,1.0
DAX,2023-07-31,510,1.0
DAX,2023-08-01,510,1.0
DAX,2023-08-02,510,1.0
DAX,2023-08-03,510,1.0
DAX,2023-08-04,510,1.0
DAX,2023-08-07,503,0.9862745098039216
DAX,2023-08-08,509,0.9980392156862745
DAX,2023-08-09,510,1.0
DAX,2023-08-10,510,1.0
DAX,2023-08-11,509,0.9980392156862745
DAX,2023-08-14,510,1.0
DAX,2023-08-15,510,1.0
DAX,2023-08-16,510,1.0
DAX,2023-08-17,510,1.0
DAX,2023-08-18,510,1.0
DAX,2023-08-21,510,1.0
DAX,2023-08-22,510,1.0
DAX,2023-08-23,510,1.0
DAX,2023-08-24,510,1.0
DAX,2023-08-25,510,1.0
DAX,2023-08-28,510,1.0
DAX,2023-08-29,510,1.0
DAX,2023-08-30,510,1.0
DAX,2023-08-31,510,1.0
DAX,2023-09-01,510,1.0
DAX,2023-09-04,510,1.0
DAX,2023-09-05,510,1.0
DAX,2023-09-06,510,1.0
DAX,2023-09-07,510,1.0
DAX,2023-09-08,510,1.0
DAX,2023-09-11,510,1.0
DAX,2023-09-12,510,1.0
DAX,2023-09-13,510,1.0
DAX,2023-09-14,510,1.0
DAX,2023-09-15,510,1.0
DAX,2023-09-18,510,1.0
DAX,2023-09-19,510,1.0
DAX,2023-09-20,510,1.0
DAX,2023-09-21,510,1.0
DAX,2023-09-22,510,1.0
DAX,2023-09-25,510,1.0
DAX,2023-09-26,510,1.0
DAX,2023-09-27,510,1.0
DAX,2023-09-28,510,1.0
DAX,2023-09-29,510,1.0
DAX,2023-10-02,510,1.0
DAX,2023-10-03,510,1.0
DAX,2023-10-04,510,1.0
DAX,2023-10-05,510,1.0
DAX,2023-10-06,510,1.0
DAX,2023-10-09,510,1.0
DAX,2023-10-10,510,1.0
DAX,2023-10-11,510,1.0
DAX,2023-10-12,510,1.0
DAX,2023-10-13,510,1.0
DAX,2023-10-16,510,1.0
DAX,2023-10-17,510,1.0
DAX,2023-10-18,510,1.0
DAX,2023-10-19,510,1.0
DAX,2023-10-20,510,1.0
DAX,2023-10-23,510,1.0
DAX,2023-10-24,510,1.0
DAX,2023-10-25,510,1.0
DAX,2023-10-26,510,1.0
DAX,2023-10-27,510,1.0
DAX,2023-10-30,510,1.0
DAX,2023-10-31,510,1.0
DAX,2023-11-01,510,1.0
DAX,2023-11-02,510,1.0
DAX,2023-11-03,510,1.0
DAX,2023-11-06,510,1.0
DAX,2023-11-07,510,1.0
DAX,2023-11-08,510,1.0
DAX,2023-11-09,510,1.0
DAX,2023-11-10,510,1.0
DAX,2023-11-13,510,1.0
DAX,2023-11-14,510,1.0
DAX,2023-11-15,510,1.0
DAX,2023-11-16,510,1.0
DAX,2023-11-17,510,1.0
DAX,2023-11-20,510,1.0
DAX,2023-11-21,510,1.0
DAX,2023-11-22,510,1.0
DAX,2023-11-23,509,0.9980392156862745
DAX,2023-11-24,509,0.9980392156862745
DAX,2023-11-27,510,1.0
DAX,2023-11-28,510,1.0
DAX,2023-11-29,508,0.996078431372549
DAX,2023-11-30,510,1.0
DAX,2023-12-01,510,1.0
DAX,2023-12-04,508,0.996078431372549
DAX,2023-12-05,510,1.0
DAX,2023-12-06,509,0.9980392156862745
DAX,2023-12-07,510,1.0
DAX,2023-12-08,510,1.0
DAX,2023-12-11,510,1.0
DAX,2023-12-12,510,1.0
DAX,2023-12-13,510,1.0
DAX,2023-12-14,510,1.0
DAX,2023-12-15,510,1.0
DAX,2023-12-18,510,1.0
DAX,2023-12-19,510,1.0
DAX,2023-12-20,510,1.0
DAX,2023-12-21,510,1.0
DAX,2023-12-22,510,1.0
DAX,2023-12-27,510,1.0
DAX,2023-12-28,510,1.0
DAX,2023-12-29,507,0.9941176470588236
DAX,2024-01-02,510,1.0
DAX,2024-01-03,510,1.0
DAX,2024-01-04,510,1.0
DAX,2024-01-05,510,1.0
DAX,2024-01-08,510,1.0
DAX,2024-01-09,510,1.0
DAX,2024-01-10,510,1.0
DAX,2024-01-11,510,1.0
DAX,2024-01-12,510,1.0
DAX,2024-01-15,510,1.0
DAX,2024-01-16,510,1.0
DAX,2024-01-17,510,1.0
DAX,2024-01-18,510,1.0
DAX,2024-01-19,510,1.0
DAX,2024-01-22,510,1.0
DAX,2024-01-23,510,1.0
DAX,2024-01-24,510,1.0
DAX,2024-01-25,510,1.0
DAX,2024-01-26,510,1.0
DAX,2024-01-29,510,1.0
DAX,2024-01-30,510,1.0
DAX,2024-01-31,510,1.0
DAX,2024-02-01,510,1.0
DAX,2024-02-02,510,1.0
DAX,2024-02-05,510,1.0
DAX,2024-02-06,510,1.0
DAX,2024-02-07,510,1.0
DAX,2024-02-08,510,1.0
DAX,2024-02-09,510,1.0
DAX,2024-02-12,510,1.0
DAX,2024-02-13,510,1.0
DAX,2024-02-14,510,1.0
DAX,2024-02-15,510,1.0
DAX,2024-02-16,510,1.0
DAX,2024-02-19,510,1.0
DAX,2024-02-20,510,1.0
DAX,2024-02-21,510,1.0
DAX,2024-02-22,510,1.0
DAX,2024-02-23,510,1.0
DAX,2024-02-26,510,1.0
DAX,2024-02-27,510,1.0
DAX,2024-02-28,510,1.0
DAX,2024-02-29,510,1.0
DAX,2024-03-01,510,1.0
DAX,2024-03-04,510,1.0
DAX,2024-03-05,510,1.0
DAX,2024-03-06,510,1.0
DAX,2024-03-07,510,1.0
DAX,2024-03-08,510,1.0
DAX,2024-03-11,510,1.0
DAX,2024-03-12,510,1.0
DAX,2024-03-13,510,1.0
DAX,2024-03-14,510,1.0
DAX,2024-03-15,510,1.0
DAX,2024-03-18,510,1.0
DAX,2024-03-19,510,1.0
DAX,2024-03-20,510,1.0
DAX,2024-03-21,510,1.0
DAX,2024-03-22,510,1.0
DAX,2024-03-25,510,1.0
DAX,2024-03-26,510,1.0
DAX,2024-03-27,510,1.0
DAX,2024-03-28,510,1.0
DAX,2024-04-01,482,0.9450980392156862
DAX,2024-04-02,510,1.0
DAX,2024-04-03,510,1.0
DAX,2024-04-04,510,1.0
DAX,2024-04-05,510,1.0
DAX,2024-04-08,510,1.0
DAX,2024-04-09,506,0.9921568627450981
DAX,2024-04-10,510,1.0
DAX,2024-04-11,510,1.0
DAX,2024-04-12,510,1.0
DAX,2024-04-15,510,1.0
DAX,2024-04-16,510,1.0
DAX,2024-04-17,510,1.0
DAX,2024-04-18,510,1.0
DAX,2024-04-19,510,1.0
DAX,2024-04-22,510,1.0
DAX,2024-04-23,510,1.0
DAX,2024-04-24,510,1.0
DAX,2024-04-25,510,1.0
DAX,2024-04-26,510,1.0
DAX,2024-04-29,510,1.0
DAX,2024-04-30,510,1.0
DAX,2024-05-01,510,1.0
DAX,2024-05-02,510,1.0
DAX,2024-05-03,510,1.0
DAX,2024-05-06,510,1.0
DAX,2024-05-07,510,1.0
DAX,2024-05-08,510,1.0
DAX,2024-05-09,510,1.0
DAX,2024-05-10,510,1.0
DAX,2024-05-13,510,1.0
DAX,2024-05-14,510,1.0
DAX,2024-05-15,510,1.0
DAX,2024-05-16,510,1.0
DAX,2024-05-17,510,1.0
DAX,2024-05-20,509,0.9980392156862745
DAX,2024-05-21,510,1.0
DAX,2024-05-22,510,1.0
DAX,2024-05-23,510,1.0
DAX,2024-05-24,510,1.0
DAX,2024-05-27,510,1.0
DAX,2024-05-28,510,1.0
DAX,2024-05-29,510,1.0
DAX,2024-05-30,510,1.0
DAX,2024-05-31,510,1.0
DAX,2024-06-03,510,1.0
DAX,2024-06-04,510,1.0
DAX,2024-06-05,510,1.0
DAX,2024-06-06,510,1.0
DAX,2024-06-07,510,1.0
DAX,2024-06-10,510,1.0
DAX,2024-06-11,510,1.0
DAX,2024-06-12,510,1.0
DAX,2024-06-13,510,1.0
DAX,2024-06-14,510,1.0
DAX,2024-06-17,510,1.0
DAX,2024-06-18,510,1.0
DAX,2024-06-19,510,1.0
DAX,2024-06-20,510,1.0
DAX,2024-06-21,510,1.0
DAX,2024-06-24,510,1.0
DAX,2024-06-25,510,1.0
DAX,2024-06-26,510,1.0
DAX,2024-06-27,510,1.0
DAX,2024-06-28,510,1.0
DAX,2024-07-01,508,0.996078431372549
DAX,2024-07-02,510,1.0
DAX,2024-07-03,510,1.0
DAX,2024-07-04,510,1.0
DAX,2024-07-05,510,1.0
DAX,2024-07-08,510,1.0
DAX,2024-07-09,510,1.0
DAX,2024-07-10,510,1.0
DAX,2024-07-11,510,1.0
DAX,2024-07-12,510,1.0
DAX,2024-07-15,510,1.0
DAX,2024-07-16,510,1.0
DAX,2024-07-17,510,1.0
DAX,2024-07-18,510,1.0
DAX,2024-07-19,424,0.8313725490196079
DAX,2024-07-22,510,1.0
DAX,2024-07-23,510,1.0
DAX,2024-07-24,510,1.0
DAX,2024-07-25,510,1.0
DAX,2024-07-26,510,1.0
DAX,2024-07-29,510,1.0
DAX,2024-07-30,510,1.0
DAX,2024-07-31,510,1.0
DAX,2024-08-01,510,1.0
DAX,2024-08-02,510,1.0
DAX,2024-08-05,509,0.9980392156862745
DAX,2024-08-06,510,1.0
DAX,2024-08-07,510,1.0
DAX,2024-08-08,510,1.0
DAX,2024-08-09,510,1.0
DAX,2024-08-12,510,1.0
DAX,2024-08-13,510,1.0
DAX,2024-08-14,510,1.0
DAX,2024-08-15,510,1.0
DAX,2024-08-16,510,1.0
DAX,2024-08-19,510,1.0
DAX,2024-08-20,510,1.0
DAX,2024-08-21,510,1.0
DAX,2024-08-22,510,1.0
DAX,2024-08-23,510,1.0
DAX,2024-08-26,505,0.9901960784313726
DAX,2024-08-27,510,1.0
DAX,2024-08-28,510,1.0
DAX,2024-08-29,510,1.0
DAX,2024-08-30,510,1.0
DAX,2024-09-02,510,1.0
DAX,2024-09-03,510,1.0
DAX,2024-09-04,510,1.0
DAX,2024-09-05,510,1.0
DAX,2024-09-06,510,1.0
DAX,2024-09-09,510,1.0
DAX,2024-09-10,510,1.0
DAX,2024-09-11,510,1.0
DAX,2024-09-12,510,1.0
DAX,2024-09-13,510,1.0
DAX,2024-09-16,510,1.0
DAX,2024-09-17,510,1.0
DAX,2024-09-18,510,1.0
DAX,2024-09-19,510,1.0
DAX,2024-09-20,510,1.0
DAX,2024-09-23,510,1.0
DAX,2024-09-24,510,1.0
DAX,2024-09-25,510,1.0
DAX,2024-09-26,510,1.0
DAX,2024-09-27,510,1.0
DAX,2024-09-30,510,1.0
DAX,2024-10-01,510,1.0
DAX,2024-10-02,510,1.0
DAX,2024-10-03,510,1.0
DAX,2024-10-04,510,1.0
DAX,2024-10-07,510,1.0
DAX,2024-10-08,510,1.0
DAX,2024-10-09,510,1.0
DAX,2024-10-10,510,1.0
DAX,2024-10-11,510,1.0
DAX,2024-10-14,510,1.0
DAX,2024-10-15,510,1.0
DAX,2024-10-16,510,1.0
DAX,2024-10-17,510,1.0
DAX,2024-10-18,510,1.0
DAX,2024-10-21,510,1.0
DAX,2024-10-22,510,1.0
DAX,2024-10-23,510,1.0
DAX,2024-10-24,510,1.0
DAX,2024-10-25,510,1.0
DAX,2024-10-28,510,1.0
DAX,2024-10-29,510,1.0
DAX,2024-10-30,510,1.0
DAX,2024-10-31,510,1.0
DAX,2024-11-01,510,1.0
DAX,2024-11-04,510,1.0
DAX,2024-11-05,510,1.0
DAX,2024-11-06,510,1.0
DAX,2024-11-07,510,1.0
DAX,2024-11-08,510,1.0
DAX,2024-11-11,510,1.0
DAX,2024-11-12,510,1.0
DAX,2024-11-13,510,1.0
DAX,2024-11-14,510,1.0
DAX,2024-11-15,510,1.0
DAX,2024-11-18,510,1.0
DAX,2024-11-19,510,1.0
DAX,2024-11-20,510,1.0
DAX,2024-11-21,510,1.0
DAX,2024-11-22,510,1.0
DAX,2024-11-25,510,1.0
DAX,2024-11-26,510,1.0
DAX,2024-11-27,510,1.0
DAX,2024-11-28,510,1.0
DAX,2024-11-29,510,1.0
DAX,2024-12-02,510,1.0
DAX,2024-12-03,510,1.0
DAX,2024-12-04,510,1.0
DAX,2024-12-05,510,1.0
DAX,2024-12-06,510,1.0
DAX,2024-12-09,510,1.0
DAX,2024-12-10,510,1.0
DAX,2024-12-11,510,1.0
DAX,2024-12-12,509,0.9980392156862745
DAX,2024-12-13,510,1.0
DAX,2024-12-16,510,1.0
DAX,2024-12-17,510,1.0
DAX,2024-12-18,510,1.0
DAX,2024-12-19,510,1.0
DAX,2024-12-20,510,1.0
DAX,2024-12-23,510,1.0
DAX,2024-12-24,499,0.9784313725490196
DAX,2024-12-26,510,1.0
DAX,2024-12-27,510,1.0
DAX,2024-12-30,510,1.0
DAX,2024-12-31,510,1.0
DAX,2025-01-02,504,0.9882352941176471
DAX,2025-01-03,510,1.0
DAX,2025-01-06,510,1.0
DAX,2025-01-07,510,1.0
DAX,2025-01-08,510,1.0
DAX,2025-01-09,510,1.0
DAX,2025-01-10,510,1.0
DAX,2025-01-13,510,1.0
DAX,2025-01-14,510,1.0
DAX,2025-01-15,510,1.0
DAX,2025-01-16,495,0.9705882352941176
DAX,2025-01-17,510,1.0
DAX,2025-01-20,367,0.7196078431372549
DAX,2025-01-21,510,1.0
DAX,2025-01-22,510,1.0
DAX,2025-01-23,510,1.0
DAX,2025-01-24,510,1.0
DAX,2025-01-27,510,1.0
DAX,2025-01-28,510,1.0
DAX,2025-01-29,510,1.0
DAX,2025-01-30,510,1.0
DAX,2025-01-31,510,1.0
DAX,2025-02-03,510,1.0
DAX,2025-02-04,510,1.0
DAX,2025-02-05,510,1.0
DAX,2025-02-06,510,1.0
DAX,2025-02-07,510,1.0
DAX,2025-02-10,510,1.0
DAX,2025-02-11,506,0.9921568627450981
DAX,2025-02-12,495,0.9705882352941176
DAX,2025-02-13,510,1.0
DAX,2025-02-14,510,1.0
DAX,2025-02-17,510,1.0
DAX,2025-02-18,510,1.0
DAX,2025-02-19,510,1.0
DAX,2025-02-20,510,1.0
DAX,2025-02-21,510,1.0
DAX,2025-02-24,510,1.0
DAX,2025-02-25,510,1.0
DAX,2025-02-26,510,1.0
DAX,2025-02-27,510,1.0
DAX,2025-02-28,510,1.0
DAX,2025-03-03,510,1.0
DAX,2025-03-04,510,1.0
DAX,2025-03-05,510,1.0
DAX,2025-03-06,510,1.0
DAX,2025-03-07,510,1.0
DAX,2025-03-10,510,1.0
DAX,2025-03-11,510,1.0
DAX,2025-03-12,510,1.0
DAX,2025-03-13,510,1.0
DAX,2025-03-14,510,1.0
DAX,2025-03-17,510,1.0
DAX,2025-03-18,510,1.0
DAX,2025-03-19,510,1.0
DAX,2025-03-20,510,1.0
DAX,2025-03-21,510,1.0
DAX,2025-03-24,510,1.0
DAX,2025-03-25,510,1.0
DAX,2025-03-26,510,1.0
DAX,2025-03-27,510,1.0
DAX,2025-03-28,510,1.0
DAX,2025-03-31,510,1.0
DAX,2025-04-01,510,1.0
DAX,2025-04-02,510,1.0
DAX,2025-04-03,510,1.0
DAX,2025-04-04,510,1.0
DAX,2025-04-07,510,1.0
DAX,2025-04-08,510,1.0
DAX,2025-04-09,510,1.0
DAX,2025-04-10,510,1.0
DAX,2025-04-11,510,1.0
DAX,2025-04-14,510,1.0
DAX,2025-04-15,510,1.0
DAX,2025-04-16,506,0.9921568627450981
DAX,2025-04-17,510,1.0
DAX,2025-04-21,510,1.0
DAX,2025-04-22,510,1.0
DAX,2025-04-23,510,1.0
DAX,2025-04-24,510,1.0
DAX,2025-04-25,510,1.0
DAX,2025-04-28,510,1.0
DAX,2025-04-29,510,1.0
DAX,2025-04-30,510,1.0
DAX,2025-05-01,510,1.0
DAX,2025-05-02,510,1.0
DAX,2025-05-05,510,1.0
DAX,2025-05-06,510,1.0
DAX,2025-05-07,510,1.0
DAX,2025-05-08,510,1.0
DAX,2025-05-09,510,1.0
DAX,2025-05-12,510,1.0
DAX,2025-05-13,510,1.0
DAX,2025-05-14,510,1.0
DAX,2025-05-15,510,1.0
DAX,2025-05-16,510,1.0
DAX,2025-05-19,510,1.0
DAX,2025-05-20,510,1.0
DAX,2025-05-21,510,1.0
DAX,2025-05-22,510,1.0
DAX,2025-05-23,510,1.0
DAX,2025-05-26,510,1.0
DAX,2025-05-27,510,1.0
DAX,2025-05-28,510,1.0
DAX,2025-05-29,510,1.0
DAX,2025-05-30,510,1.0
DAX,2025-06-02,510,1.0
DAX,2025-06-03,510,1.0
DAX,2025-06-04,510,1.0
DAX,2025-06-05,510,1.0
DAX,2025-06-06,510,1.0
DAX,2025-06-09,510,1.0
DAX,2025-06-10,510,1.0
DAX,2025-06-11,510,1.0
DAX,2025-06-12,510,1.0
DAX,2025-06-13,510,1.0
DAX,2025-06-16,510,1.0
DAX,2025-06-17,510,1.0
DAX,2025-06-18,510,1.0
DAX,2025-06-19,510,1.0
DAX,2025-06-20,510,1.0
DAX,2025-06-23,510,1.0
DAX,2025-06-24,510,1.0
DAX,2025-06-25,510,1.0
DAX,2025-06-26,510,1.0
DAX,2025-06-27,510,1.0
DAX,2025-06-30,510,1.0
DAX,2025-07-01,510,1.0
DAX,2025-07-02,510,1.0
DAX,2025-07-03,510,1.0
DAX,2025-07-04,510,1.0
DAX,2025-07-07,510,1.0
DAX,2025-07-08,510,1.0
DAX,2025-07-09,510,1.0
DAX,2025-07-10,510,1.0
DAX,2025-07-11,510,1.0
DAX,2025-07-14,510,1.0
DAX,2025-07-15,510,1.0
DAX,2025-07-16,510,1.0
DAX,2025-07-17,510,1.0
DAX,2025-07-18,510,1.0
DAX,2025-07-21,510,1.0
DAX,2025-07-22,510,1.0
DAX,2025-07-23,510,1.0
DAX,2025-07-24,510,1.0
DAX,2025-07-25,510,1.0
DAX,2025-07-28,510,1.0
DAX,2025-07-29,510,1.0
DAX,2025-07-30,510,1.0
DAX,2025-07-31,510,1.0
DAX,2025-08-01,510,1.0
DAX,2025-08-04,510,1.0
DAX,2025-08-05,510,1.0
DAX,2025-08-06,510,1.0
DAX,2025-08-07,510,1.0
DAX,2025-08-08,510,1.0
DAX,2025-08-11,510,1.0
DAX,2025-08-12,510,1.0
DAX,2025-08-13,510,1.0
DAX,2025-08-14,510,1.0
DAX,2025-08-15,510,1.0
DAX,2025-08-18,510,1.0
DAX,2025-08-19,510,1.0
DAX,2025-08-20,510,1.0
DAX,2025-08-21,510,1.0
DAX,2025-08-22,510,1.0
DAX,2025-08-25,510,1.0
DAX,2025-08-26,510,1.0
DAX,2025-08-27,498,0.9764705882352941
DAX,2025-08-28,510,1.0
DAX,2025-08-29,510,1.0
DAX,2025-09-01,510,1.0
DAX,2025-09-02,510,1.0
DAX,2025-09-03,510,1.0
DAX,2025-09-04,510,1.0
DAX,2025-09-05,510,1.0
DAX,2025-09-08,510,1.0
DAX,2025-09-09,510,1.0
DAX,2025-09-10,510,1.0
DAX,2025-09-11,510,1.0
DAX,2025-09-12,510,1.0
DAX,2025-09-15,510,1.0
DAX,2025-09-16,510,1.0
DAX,2025-09-17,510,1.0
DAX,2025-09-18,510,1.0
DAX,2025-09-19,510,1.0
DAX,2025-09-22,510,1.0
DAX,2025-09-23,510,1.0
DAX,2025-09-24,510,1.0
DAX,2025-09-25,510,1.0
DAX,2025-09-26,496,0.9725490196078431
DAX,2025-09-29,510,1.0
DAX,2025-09-30,510,1.0
DAX,2025-10-01,510,1.0
DAX,2025-10-02,510,1.0
DAX,2025-10-03,510,1.0
DAX,2025-10-06,510,1.0
DAX,2025-10-07,510,1.0
DAX,2025-10-08,510,1.0
DAX,2025-10-09,510,1.0
DAX,2025-10-10,510,1.0
DAX,2025-10-13,510,1.0
DAX,2025-10-14,510,1.0
DAX,2025-10-15,510,1.0
DAX,2025-10-16,510,1.0
DAX,2025-10-17,510,1.0
DAX,2025-10-20,510,1.0
DAX,2025-10-21,510,1.0
DAX,2025-10-22,510,1.0
DAX,2025-10-23,510,1.0
DAX,2025-10-24,510,1.0
DAX,2025-10-27,510,1.0
DAX,2025-10-28,510,1.0
DAX,2025-10-29,510,1.0
DAX,2025-10-30,510,1.0
DAX,2025-10-31,510,1.0
DAX,2025-11-03,510,1.0
DAX,2025-11-04,510,1.0
DAX,2025-11-05,510,1.0
DAX,2025-11-06,510,1.0
DAX,2025-11-07,510,1.0
DAX,2025-11-10,510,1.0
DAX,2025-11-11,510,1.0
DAX,2025-11-12,510,1.0
DAX,2025-11-13,510,1.0
DAX,2025-11-14,510,1.0
DAX,2025-11-17,510,1.0
DAX,2025-11-18,510,1.0
DAX,2025-11-19,510,1.0
DAX,2025-11-20,510,1.0
DAX,2025-11-21,510,1.0
DAX,2025-11-24,510,1.0
DAX,2025-11-25,510,1.0
DAX,2025-11-26,510,1.0
DAX,2025-11-27,510,1.0
DAX,2025-11-28,510,1.0
DAX,2025-12-01,510,1.0
DAX,2025-12-02,510,1.0
DAX,2025-12-03,510,1.0
DAX,2025-12-04,510,1.0
DAX,2025-12-05,499,0.9784313725490196
DAX,2025-12-08,510,1.0
DAX,2025-12-09,510,1.0
DAX,2025-12-10,510,1.0
DAX,2025-12-11,510,1.0
DAX,2025-12-12,510,1.0
DAX,2025-12-15,510,1.0
DAX,2025-12-16,510,1.0
DAX,2025-12-17,510,1.0
DAX,2025-12-18,510,1.0
DAX,2025-12-19,510,1.0
DAX,2025-12-22,510,1.0
DAX,2025-12-23,510,1.0
DAX,2025-12-24,502,0.984313725490196
DAX,2025-12-26,503,0.9862745098039216
DAX,2025-12-29,510,1.0
DAX,2025-12-30,510,1.0
DAX,2025-12-31,509,0.9980392156862745
DAX,2026-01-02,510,1.0
DAX,2026-01-05,510,1.0
DAX,2026-01-06,510,1.0
DAX,2026-01-07,510,1.0
DAX,2026-01-08,510,1.0
DAX,2026-01-09,510,1.0
DAX,2026-01-12,510,1.0
DAX,2026-01-13,510,1.0
DAX,2026-01-14,510,1.0
DAX,2026-01-15,510,1.0
DAX,2026-01-16,510,1.0
DAX,2026-01-19,510,1.0
DAX,2026-01-20,509,0.9980392156862745
DAX,2026-01-21,510,1.0
DAX,2026-01-22,510,1.0
DAX,2026-01-23,510,1.0
DAX,2026-01-26,510,1.0
DAX,2026-01-27,510,1.0
DAX,2026-01-28,510,1.0
DAX,2026-01-29,510,1.0
DAX,2026-01-30,510,1.0
DAX,2026-02-02,510,1.0
DAX,2026-02-03,510,1.0
DAX,2026-02-04,510,1.0
DAX,2026-02-05,510,1.0
DAX,2026-02-06,510,1.0
DAX,2026-02-09,510,1.0
DAX,2026-02-10,510,1.0
DAX,2026-02-11,510,1.0
DAX,2026-02-12,510,1.0
DAX,2026-02-13,510,1.0
DAX,2026-02-16,510,1.0
DAX,2026-02-17,510,1.0
DAX,2026-02-18,510,1.0
DAX,2026-02-19,510,1.0
DAX,2026-02-20,510,1.0
DAX,2026-02-23,510,1.0
DAX,2026-02-24,510,1.0
DAX,2026-02-25,510,1.0
DAX,2026-02-26,510,1.0
DAX,2026-02-27,510,1.0
DAX,2026-03-02,510,1.0
DAX,2026-03-03,510,1.0
DAX,2026-03-04,510,1.0
DAX,2026-03-05,510,1.0
DAX,2026-03-06,510,1.0
DAX,2026-03-09,510,1.0
DAX,2026-03-10,510,1.0
DAX,2026-03-11,510,1.0
DAX,2026-03-12,510,1.0
DAX,2026-03-13,510,1.0
DAX,2026-03-16,510,1.0
DAX,2026-03-17,510,1.0
DAX,2026-03-18,510,1.0
DAX,2026-03-19,510,1.0
DAX,2026-03-20,510,1.0
DAX,2026-03-23,501,0.9823529411764705
DAX,2026-03-24,510,1.0
DAX,2026-03-25,510,1.0
DAX,2026-03-26,510,1.0
DAX,2026-03-27,510,1.0
DAX,2026-03-30,510,1.0
DAX,2026-03-31,510,1.0
DAX,2026-04-01,510,1.0
DAX,2026-04-02,510,1.0
DAX,2026-04-06,510,1.0
DAX,2026-04-07,510,1.0
DAX,2026-04-08,510,1.0
DAX,2026-04-09,510,1.0
DAX,2026-04-10,483,0.9470588235294117
DAX,2026-04-13,510,1.0
DAX,2026-04-14,510,1.0
DAX,2026-04-15,510,1.0
DAX,2026-04-16,510,1.0
DAX,2026-04-17,510,1.0
DAX,2026-04-20,510,1.0
DAX,2026-04-21,510,1.0
DAX,2026-04-22,510,1.0
DAX,2026-04-23,510,1.0
DAX,2026-04-24,510,1.0
DAX,2026-04-27,510,1.0
DAX,2026-04-28,510,1.0
DAX,2026-04-29,510,1.0
DAX,2026-04-30,510,1.0
DAX,2026-05-01,510,1.0
DAX,2026-05-04,510,1.0
DAX,2026-05-05,510,1.0
DAX,2026-05-06,510,1.0
DAX,2026-05-07,510,1.0
DAX,2026-05-08,510,1.0
DAX,2026-05-11,510,1.0
DAX,2026-05-12,510,1.0
DAX,2026-05-13,510,1.0
DAX,2026-05-14,510,1.0
DAX,2026-05-15,510,1.0
DAX,2026-05-18,510,1.0
DAX,2026-05-19,510,1.0
DAX,2026-05-20,510,1.0
DAX,2026-05-21,510,1.0
DAX,2026-05-22,510,1.0
DAX,2026-05-25,510,1.0
DAX,2026-05-26,510,1.0
DAX,2026-05-27,510,1.0
DAX,2026-05-28,510,1.0
DAX,2026-05-29,510,1.0
DAX,2026-06-01,510,1.0
DAX,2026-06-02,510,1.0
DAX,2026-06-03,510,1.0
DAX,2026-06-04,510,1.0
DAX,2026-06-05,510,1.0
DAX,2026-06-08,509,0.9980392156862745
DAX,2026-06-09,490,0.9607843137254902
DAX,2026-06-10,510,1.0
DAX,2026-06-11,510,1.0
DAX,2026-06-12,510,1.0
DAX,2026-06-15,510,1.0
DAX,2026-06-16,510,1.0
DAX,2026-06-17,489,0.9588235294117647
DAX,2026-06-18,510,1.0
DAX,2026-06-19,510,1.0
DAX,2026-06-22,510,1.0
DAX,2026-06-23,510,1.0
DAX,2026-06-24,510,1.0
DAX,2026-06-25,510,1.0
DAX,2026-06-26,510,1.0
DAX,2026-06-29,510,1.0
DAX,2026-06-30,510,1.0
DAX,2026-07-01,510,1.0
DAX,2026-07-02,510,1.0
DAX,2026-07-03,510,1.0
DAX,2026-07-06,510,1.0
DAX,2026-07-07,510,1.0
DAX,2026-07-08,510,1.0
DAX,2026-07-09,510,1.0
DAX,2026-07-10,510,1.0
DAX,2026-07-13,510,1.0
DAX,2026-07-14,510,1.0
DAX,2026-07-15,510,1.0
DAX,2026-07-16,510,1.0
DAX,2026-07-17,510,1.0
DAX,2026-07-20,487,0.9549019607843138
DAX,2026-07-21,510,1.0
DAX,2026-07-22,510,1.0
DAX,2026-07-23,510,1.0
DAX,2026-07-24,510,1.0
DAX,2026-07-27,510,1.0
DAX,2026-07-28,510,1.0
DAX,2026-07-29,510,1.0
DAX,2026-07-30,510,1.0
DAX,2026-07-31,510,1.0
DAX,2026-08-03,510,1.0
DAX,2026-08-04,510,1.0
DAX,2026-08-05,510,1.0
DAX,2026-08-06,510,1.0
DAX,2026-08-07,510,1.0
DAX,2026-08-10,510,1.0
DAX,2026-08-11,510,1.0
DAX,2026-08-12,510,1.0
DAX,2026-08-13,510,1.0
DAX,2026-08-14,510,1.0
DAX,2026-08-17,510,1.0
DAX,2026-08-18,510,1.0
DAX,2026-08-19,510,1.0
DAX,2026-08-20,510,1.0
DAX,2026-08-21,510,1.0
NKY,2011-09-19,1,0.0033333333333333335
NKY,2011-09-20,170,0.5666666666666667
NKY,2011-09-21,270,0.9
NKY,2011-09-22,252,0.84
NKY,2012-02-06,300,1.0
NKY,2012-02-07,298,0.9933333333333333
NKY,2012-02-08,300,1.0
NKY,2012-02-09,298,0.9933333333333333
NKY,2012-02-10,300,1.0
NKY,2012-02-13,299,0.9966666666666667
NKY,2012-02-14,300,1.0
NKY,2012-02-15,300,1.0
NKY,2012-02-16,300,1.0
NKY,2012-02-17,300,1.0
NKY,2012-02-20,300,1.0
NKY,2012-02-21,300,1.0
NKY,2012-02-22,300,1.0
NKY,2012-02-23,300,1.0
NKY,2012-02-24,300,1.0
NKY,2012-02-27,300,1.0
NKY,2012-02-28,300,1.0
NKY,2012-02-29,295,0.9833333333333333
NKY,2012-03-01,300,1.0
NKY,2012-03-02,300,1.0
NKY,2012-03-05,300,1.0
NKY,2012-03-06,299,0.9966666666666667
NKY,2012-03-07,300,1.0
NKY,2012-03-08,300,1.0
NKY,2012-03-09,300,1.0
NKY,2012-03-12,298,0.9933333333333333
NKY,2012-03-13,299,0.9966666666666667
NKY,2012-03-15,35,0.11666666666666667
NKY,2012-03-16,180,0.6
NKY,2012-03-19,300,1.0
NKY,2012-03-21,300,1.0
NKY,2012-03-22,300,1.0
NKY,2012-03-23,300,1.0
NKY,2012-03-26,299,0.9966666666666667
NKY,2012-03-27,299,0.9966666666666667
NKY,2012-03-28,300,1.0
NKY,2012-03-29,300,1.0
NKY,2012-03-30,300,1.0
NKY,2012-04-02,299,0.9966666666666667
NKY,2012-04-03,294,0.98
NKY,2012-04-04,300,1.0
NKY,2012-04-05,300,1.0
NKY,2012-04-06,300,1.0
NKY,2012-04-09,299,0.9966666666666667
NKY,2012-04-10,299,0.9966666666666667
NKY,2012-04-11,300,1.0
NKY,2012-04-12,300,1.0
NKY,2012-04-13,300,1.0
NKY,2012-04-16,267,0.89
NKY,2012-04-17,297,0.99
NKY,2012-04-18,300,1.0
NKY,2012-04-19,300,1.0
NKY,2012-04-20,300,1.0
NKY,2012-04-23,300,1.0
NKY,2012-04-24,300,1.0
NKY,2012-04-25,299,0.9966666666666667
NKY,2012-04-26,300,1.0
NKY,2012-04-27,300,1.0
NKY,2012-05-01,299,0.9966666666666667
NKY,2012-05-02,300,1.0
NKY,2012-05-07,300,1.0
NKY,2012-05-08,300,1.0
NKY,2012-05-09,300,1.0
NKY,2012-05-10,300,1.0
NKY,2012-05-11,300,1.0
NKY,2012-05-14,298,0.9933333333333333
NKY,2012-05-15,300,1.0
NKY,2012-05-16,300,1.0
NKY,2012-05-17,300,1.0
NKY,2012-05-18,300,1.0
NKY,2012-05-21,300,1.0
NKY,2012-05-22,299,0.9966666666666667
NKY,2012-05-23,299,0.9966666666666667
NKY,2012-05-24,268,0.8933333333333333
NKY,2012-05-25,300,1.0
NKY,2012-05-28,300,1.0
NKY,2012-05-29,300,1.0
NKY,2012-05-30,299,0.9966666666666667
NKY,2012-05-31,300,1.0
NKY,2012-06-01,299,0.9966666666666667
NKY,2012-06-04,272,0.9066666666666666
NKY,2012-06-05,299,0.9966666666666667
NKY,2012-06-06,300,1.0
NKY,2012-06-07,300,1.0
NKY,2012-06-08,300,1.0
NKY,2012-06-11,300,1.0
NKY,2012-06-12,300,1.0
NKY,2012-06-13,299,0.9966666666666667
NKY,2012-06-14,300,1.0
NKY,2012-06-15,300,1.0
NKY,2012-06-18,300,1.0
NKY,2012-06-19,300,1.0
NKY,2012-06-20,300,1.0
NKY,2012-06-21,300,1.0
NKY,2012-06-22,300,1.0
NKY,2012-06-25,300,1.0
NKY,2012-06-26,300,1.0
NKY,2012-06-27,300,1.0
NKY,2012-06-28,300,1.0
NKY,2012-06-29,300,1.0
NKY,2012-07-02,299,0.9966666666666667
NKY,2012-07-03,296,0.9866666666666667
NKY,2012-07-04,299,0.9966666666666667
NKY,2012-07-05,300,1.0
NKY,2012-07-06,294,0.98
NKY,2012-07-09,300,1.0
NKY,2012-07-10,299,0.9966666666666667
NKY,2012-07-11,300,1.0
NKY,2012-07-12,300,1.0
NKY,2012-07-13,298,0.9933333333333333
NKY,2012-07-17,300,1.0
NKY,2012-07-18,300,1.0
NKY,2012-07-19,300,1.0
NKY,2012-07-20,300,1.0
NKY,2012-07-23,300,1.0
NKY,2012-07-24,300,1.0
NKY,2012-07-25,300,1.0
NKY,2012-07-26,299,0.9966666666666667
NKY,2012-07-27,300,1.0
NKY,2012-07-30,300,1.0
NKY,2012-07-31,299,0.9966666666666667
NKY,2012-08-01,300,1.0
NKY,2012-08-02,300,1.0
NKY,2012-08-03,300,1.0
NKY,2012-08-06,300,1.0
NKY,2012-08-07,300,1.0
NKY,2012-08-08,300,1.0
NKY,2012-08-09,300,1.0
NKY,2012-08-10,300,1.0
NKY,2012-08-13,300,1.0
NKY,2012-08-14,300,1.0
NKY,2012-08-15,299,0.9966666666666667
NKY,2012-08-16,299,0.9966666666666667
NKY,2012-08-17,300,1.0
NKY,2012-08-20,300,1.0
NKY,2012-08-21,300,1.0
NKY,2012-08-22,300,1.0
NKY,2012-08-23,250,0.8333333333333334
NKY,2012-08-24,300,1.0
NKY,2012-08-27,300,1.0
NKY,2012-08-28,300,1.0
NKY,2012-08-29,300,1.0
NKY,2012-08-30,300,1.0
NKY,2012-08-31,300,1.0
NKY,2012-09-03,300,1.0
NKY,2012-09-04,300,1.0
NKY,2012-09-05,300,1.0
NKY,2012-09-06,296,0.9866666666666667
NKY,2012-09-07,300,1.0
NKY,2012-09-10,300,1.0
NKY,2012-09-11,300,1.0
NKY,2012-09-12,300,1.0
NKY,2012-09-13,300,1.0
NKY,2012-09-14,300,1.0
NKY,2012-09-18,300,1.0
NKY,2012-09-19,298,0.9933333333333333
NKY,2012-09-20,300,1.0
NKY,2012-09-21,300,1.0
NKY,2012-09-24,300,1.0
NKY,2012-09-25,298,0.9933333333333333
NKY,2012-09-26,295,0.9833333333333333
NKY,2012-09-27,300,1.0
NKY,2012-09-28,298,0.9933333333333333
NKY,2012-10-01,300,1.0
NKY,2012-10-02,300,1.0
NKY,2012-10-03,300,1.0
NKY,2012-10-04,300,1.0
NKY,2012-10-05,300,1.0
NKY,2012-10-09,299,0.9966666666666667
NKY,2012-10-10,300,1.0
NKY,2012-10-11,300,1.0
NKY,2012-10-12,297,0.99
NKY,2012-10-15,300,1.0
NKY,2012-10-16,300,1.0
NKY,2012-10-17,300,1.0
NKY,2012-10-18,291,0.97
NKY,2012-10-19,300,1.0
NKY,2012-10-22,300,1.0
NKY,2012-10-23,300,1.0
NKY,2012-10-24,297,0.99
NKY,2012-10-25,300,1.0
NKY,2012-10-26,300,1.0
NKY,2012-10-29,300,1.0
NKY,2012-10-30,300,1.0
NKY,2012-10-31,300,1.0
NKY,2012-11-01,299,0.9966666666666667
NKY,2012-11-02,300,1.0
NKY,2012-11-05,300,1.0
NKY,2012-11-06,300,1.0
NKY,2012-11-07,300,1.0
NKY,2012-11-08,299,0.9966666666666667
NKY,2012-11-09,300,1.0
NKY,2012-11-12,297,0.99
NKY,2012-11-13,300,1.0
NKY,2012-11-14,298,0.9933333333333333
NKY,2012-11-15,298,0.9933333333333333
NKY,2012-11-16,298,0.9933333333333333
NKY,2012-11-19,297,0.99
NKY,2012-11-20,300,1.0
NKY,2012-11-21,300,1.0
NKY,2012-11-22,300,1.0
NKY,2012-11-23,1,0.0033333333333333335
NKY,2012-11-26,300,1.0
NKY,2012-11-27,300,1.0
NKY,2012-11-28,288,0.96
NKY,2012-11-29,300,1.0
NKY,2012-11-30,300,1.0
NKY,2012-12-03,300,1.0
NKY,2012-12-04,300,1.0
NKY,2012-12-05,300,1.0
NKY,2012-12-06,300,1.0
NKY,2012-12-07,300,1.0
NKY,2012-12-10,300,1.0
NKY,2012-12-11,300,1.0
NKY,2012-12-12,299,0.9966666666666667
NKY,2012-12-13,300,1.0
NKY,2012-12-14,300,1.0
NKY,2012-12-17,300,1.0
NKY,2012-12-18,300,1.0
NKY,2012-12-19,300,1.0
NKY,2012-12-20,299,0.9966666666666667
NKY,2012-12-21,300,1.0
NKY,2012-12-25,299,0.9966666666666667
NKY,2012-12-26,300,1.0
NKY,2012-12-27,300,1.0
NKY,2012-12-28,300,1.0
NKY,2013-01-01,1,0.0033333333333333335
NKY,2013-01-02,1,0.0033333333333333335
NKY,2013-01-03,1,0.0033333333333333335
NKY,2013-01-04,300,1.0
NKY,2013-01-07,300,1.0
NKY,2013-01-08,300,1.0
NKY,2013-01-09,300,1.0
NKY,2013-01-10,300,1.0
NKY,2013-01-11,300,1.0
NKY,2013-01-15,300,1.0
NKY,2013-01-16,300,1.0
NKY,2013-01-17,299,0.9966666666666667
NKY,2013-01-18,300,1.0
NKY,2013-01-21,300,1.0
NKY,2013-01-22,300,1.0
NKY,2013-01-23,300,1.0
NKY,2013-01-24,298,0.9933333333333333
NKY,2013-01-25,298,0.9933333333333333
NKY,2013-01-28,300,1.0
NKY,2013-01-29,299,0.9966666666666667
NKY,2013-01-30,300,1.0
NKY,2013-01-31,300,1.0
NKY,2013-02-01,300,1.0
NKY,2013-02-04,300,1.0
NKY,2013-02-05,299,0.9966666666666667
NKY,2013-02-06,300,1.0
NKY,2013-02-07,300,1.0
NKY,2013-02-08,298,0.9933333333333333
NKY,2013-02-11,1,0.0033333333333333335
NKY,2013-02-12,298,0.9933333333333333
NKY,2013-02-13,299,0.9966666666666667
NKY,2013-02-14,300,1.0
NKY,2013-02-15,300,1.0
NKY,2013-02-18,300,1.0
NKY,2013-02-19,300,1.0
NKY,2013-02-20,300,1.0
NKY,2013-02-21,300,1.0
NKY,2013-02-22,300,1.0
NKY,2013-03-04,300,1.0
NKY,2013-03-05,299,0.9966666666666667
NKY,2013-03-06,294,0.98
NKY,2013-03-07,299,0.9966666666666667
NKY,2013-03-08,299,0.9966666666666667
NKY,2013-03-11,300,1.0
NKY,2013-03-12,300,1.0
NKY,2013-03-13,300,1.0
NKY,2013-03-14,152,0.5066666666666667
NKY,2013-03-15,300,1.0
NKY,2013-03-18,300,1.0
NKY,2013-03-19,300,1.0
NKY,2013-03-21,298,0.9933333333333333
NKY,2013-03-22,296,0.9866666666666667
NKY,2013-03-25,296,0.9866666666666667
NKY,2013-03-26,298,0.9933333333333333
NKY,2013-03-28,297,0.99
NKY,2013-03-29,300,1.0
NKY,2013-04-01,290,0.9666666666666667
NKY,2013-04-02,296,0.9866666666666667
NKY,2013-04-03,300,1.0
NKY,2013-04-04,299,0.9966666666666667
NKY,2013-04-05,288,0.96
NKY,2013-04-08,299,0.9966666666666667
NKY,2013-04-09,300,1.0
NKY,2013-04-10,294,0.98
NKY,2013-04-11,300,1.0
NKY,2013-04-12,300,1.0
NKY,2013-04-16,299,0.9966666666666667
NKY,2013-04-17,289,0.9633333333333334
NKY,2013-04-22,299,0.9966666666666667
NKY,2013-04-23,300,1.0
NKY,2013-04-24,295,0.9833333333333333
NKY,2013-04-25,297,0.99
NKY,2013-04-26,300,1.0
NKY,2013-04-30,300,1.0
NKY,2013-05-01,299,0.9966666666666667
NKY,2013-05-02,289,0.9633333333333334
NKY,2013-05-07,300,1.0
NKY,2013-05-08,295,0.9833333333333333
NKY,2013-05-09,300,1.0
NKY,2013-05-10,295,0.9833333333333333
NKY,2013-05-13,299,0.9966666666666667
NKY,2013-05-14,287,0.9566666666666667
NKY,2013-05-15,291,0.97
NKY,2013-05-16,289,0.9633333333333334
NKY,2013-05-22,296,0.9866666666666667
NKY,2013-05-23,300,1.0
NKY,2013-05-24,165,0.55
NKY,2013-05-27,300,1.0
NKY,2013-05-28,300,1.0
NKY,2013-05-29,300,1.0
NKY,2013-05-30,300,1.0
NKY,2013-05-31,300,1.0
NKY,2013-06-03,43,0.14333333333333334
NKY,2013-06-04,300,1.0
NKY,2013-06-05,300,1.0
NKY,2013-06-06,300,1.0
NKY,2013-06-07,300,1.0
NKY,2013-06-10,300,1.0
NKY,2013-06-11,297,0.99
NKY,2013-06-12,300,1.0
NKY,2013-06-13,300,1.0
NKY,2013-06-14,300,1.0
NKY,2013-06-17,293,0.9766666666666667
NKY,2013-06-18,300,1.0
NKY,2013-06-19,299,0.9966666666666667
NKY,2013-06-20,299,0.9966666666666667
NKY,2013-06-21,300,1.0
NKY,2013-06-24,300,1.0
NKY,2013-06-25,300,1.0
NKY,2013-06-26,300,1.0
NKY,2013-06-27,300,1.0
NKY,2013-06-28,300,1.0
NKY,2013-07-01,300,1.0
NKY,2013-07-02,300,1.0
NKY,2013-07-03,300,1.0
NKY,2013-07-04,300,1.0
NKY,2013-07-05,300,1.0
NKY,2013-07-08,300,1.0
NKY,2013-07-09,300,1.0
NKY,2013-07-10,300,1.0
NKY,2013-07-11,300,1.0
NKY,2013-07-12,300,1.0
NKY,2013-07-15,288,0.96
NKY,2013-07-16,300,1.0
NKY,2013-07-17,300,1.0
NKY,2013-07-18,300,1.0
NKY,2013-07-19,300,1.0
NKY,2013-07-22,300,1.0
NKY,2013-07-23,300,1.0
NKY,2013-07-24,300,1.0
NKY,2013-07-25,300,1.0
NKY,2013-07-26,300,1.0
NKY,2013-07-29,300,1.0
NKY,2013-07-30,300,1.0
NKY,2013-07-31,300,1.0
NKY,2013-08-01,300,1.0
NKY,2013-08-02,300,1.0
NKY,2013-08-05,300,1.0
NKY,2013-08-06,300,1.0
NKY,2013-08-07,300,1.0
NKY,2013-08-08,300,1.0
NKY,2013-08-09,300,1.0
NKY,2013-08-13,300,1.0
NKY,2013-08-14,300,1.0
NKY,2013-08-15,300,1.0
NKY,2013-08-16,300,1.0
NKY,2013-08-19,300,1.0
NKY,2013-08-20,300,1.0
NKY,2013-08-21,300,1.0
NKY,2013-08-22,300,1.0
NKY,2013-08-23,300,1.0
NKY,2013-08-26,147,0.49
NKY,2013-08-28,300,1.0
NKY,2013-08-29,300,1.0
NKY,2013-08-30,300,1.0
NKY,2013-09-02,15,0.05
NKY,2013-09-03,300,1.0
NKY,2013-09-04,300,1.0
NKY,2013-09-05,300,1.0
NKY,2013-09-06,299,0.9966666666666667
NKY,2013-09-09,297,0.99
NKY,2013-09-10,300,1.0
NKY,2013-09-11,300,1.0
NKY,2013-09-12,299,0.9966666666666667
NKY,2013-09-13,300,1.0
NKY,2013-09-16,292,0.9733333333333334
NKY,2013-09-17,300,1.0
NKY,2013-09-18,300,1.0
NKY,2013-09-19,300,1.0
NKY,2013-09-20,299,0.9966666666666667
NKY,2013-09-23,261,0.87
NKY,2013-09-24,297,0.99
NKY,2013-09-25,298,0.9933333333333333
NKY,2013-09-26,298,0.9933333333333333
NKY,2013-09-27,298,0.9933333333333333
NKY,2013-10-02,300,1.0
NKY,2013-10-07,207,0.69
NKY,2013-10-08,81,0.27
NKY,2013-10-10,299,0.9966666666666667
NKY,2013-10-11,299,0.9966666666666667
NKY,2013-10-18,192,0.64
NKY,2013-10-21,298,0.9933333333333333
NKY,2013-10-22,300,1.0
NKY,2013-10-23,114,0.38
NKY,2013-10-24,12,0.04
NKY,2013-10-29,298,0.9933333333333333
NKY,2013-10-30,298,0.9933333333333333
NKY,2013-10-31,300,1.0
NKY,2013-11-01,300,1.0
NKY,2013-11-04,266,0.8866666666666667
NKY,2013-11-05,300,1.0
NKY,2013-11-06,299,0.9966666666666667
NKY,2013-11-07,299,0.9966666666666667
NKY,2013-11-08,299,0.9966666666666667
NKY,2013-11-11,299,0.9966666666666667
NKY,2013-11-12,300,1.0
NKY,2013-11-13,300,1.0
NKY,2013-11-14,300,1.0
NKY,2013-11-15,300,1.0
NKY,2013-11-18,300,1.0
NKY,2013-11-19,300,1.0
NKY,2013-11-20,300,1.0
NKY,2013-11-21,300,1.0
NKY,2013-11-22,299,0.9966666666666667
NKY,2013-11-25,300,1.0
NKY,2013-11-26,300,1.0
NKY,2013-11-27,300,1.0
NKY,2013-11-28,299,0.9966666666666667
NKY,2013-11-29,299,0.9966666666666667
NKY,2013-12-02,300,1.0
NKY,2013-12-03,300,1.0
NKY,2013-12-04,294,0.98
NKY,2013-12-05,298,0.9933333333333333
NKY,2013-12-06,299,0.9966666666666667
NKY,2013-12-09,300,1.0
NKY,2013-12-10,299,0.9966666666666667
NKY,2013-12-11,297,0.99
NKY,2013-12-12,298,0.9933333333333333
NKY,2013-12-13,300,1.0
NKY,2013-12-16,299,0.9966666666666667
NKY,2013-12-17,300,1.0
NKY,2013-12-18,300,1.0
NKY,2013-12-19,299,0.9966666666666667
NKY,2013-12-20,300,1.0
NKY,2013-12-23,247,0.8233333333333334
NKY,2013-12-24,299,0.9966666666666667
NKY,2013-12-25,299,0.9966666666666667
NKY,2013-12-26,298,0.9933333333333333
NKY,2013-12-27,299,0.9966666666666667
NKY,2013-12-30,296,0.9866666666666667
NKY,2013-12-31,252,0.84
NKY,2014-01-02,268,0.8933333333333333
NKY,2014-01-03,287,0.9566666666666667
NKY,2014-01-06,298,0.9933333333333333
NKY,2014-01-07,300,1.0
NKY,2014-01-08,300,1.0
NKY,2014-01-09,298,0.9933333333333333
NKY,2014-01-10,299,0.9966666666666667
NKY,2014-01-13,287,0.9566666666666667
NKY,2014-01-14,300,1.0
NKY,2014-01-15,300,1.0
NKY,2014-01-16,300,1.0
NKY,2014-01-17,300,1.0
NKY,2014-01-20,299,0.9966666666666667
NKY,2014-01-21,298,0.9933333333333333
NKY,2014-01-22,300,1.0
NKY,2014-01-23,300,1.0
NKY,2014-01-24,300,1.0
NKY,2014-01-27,299,0.9966666666666667
NKY,2014-01-28,298,0.9933333333333333
NKY,2014-01-29,298,0.9933333333333333
NKY,2014-01-30,298,0.9933333333333333
NKY,2014-01-31,298,0.9933333333333333
NKY,2014-02-03,298,0.9933333333333333
NKY,2014-02-04,298,0.9933333333333333
NKY,2014-02-05,298,0.9933333333333333
NKY,2014-02-06,298,0.9933333333333333
NKY,2014-02-10,300,1.0
NKY,2014-02-11,271,0.9033333333333333
NKY,2014-02-12,300,1.0
NKY,2014-02-13,300,1.0
NKY,2014-02-14,300,1.0
NKY,2014-02-17,299,0.9966666666666667
NKY,2014-02-18,300,1.0
NKY,2014-02-19,297,0.99
NKY,2014-02-20,299,0.9966666666666667
NKY,2014-02-21,299,0.9966666666666667
NKY,2014-02-24,300,1.0
NKY,2014-02-25,282,0.94
NKY,2014-02-26,299,0.9966666666666667
NKY,2014-02-27,300,1.0
NKY,2014-02-28,300,1.0
NKY,2014-03-03,300,1.0
NKY,2014-03-04,300,1.0
NKY,2014-03-05,300,1.0
NKY,2014-03-06,299,0.9966666666666667
NKY,2014-03-07,300,1.0
NKY,2014-03-10,300,1.0
NKY,2014-03-11,300,1.0
NKY,2014-03-12,299,0.9966666666666667
NKY,2014-03-13,300,1.0
NKY,2014-03-14,300,1.0
NKY,2014-03-17,299,0.9966666666666667
NKY,2014-03-18,299,0.9966666666666667
NKY,2014-03-19,300,1.0
NKY,2014-03-20,300,1.0
NKY,2014-03-21,274,0.9133333333333333
NKY,2014-03-24,299,0.9966666666666667
NKY,2014-03-25,299,0.9966666666666667
NKY,2014-03-26,299,0.9966666666666667
NKY,2014-03-27,299,0.9966666666666667
NKY,2014-03-28,297,0.99
NKY,2014-03-31,300,1.0
NKY,2014-04-01,300,1.0
NKY,2014-04-02,300,1.0
NKY,2014-04-03,298,0.9933333333333333
NKY,2014-04-04,296,0.9866666666666667
NKY,2014-04-07,300,1.0
NKY,2014-04-08,300,1.0
NKY,2014-04-09,298,0.9933333333333333
NKY,2014-04-10,298,0.9933333333333333
NKY,2014-04-11,300,1.0
NKY,2014-04-14,300,1.0
NKY,2014-04-15,298,0.9933333333333333
NKY,2014-04-16,298,0.9933333333333333
NKY,2014-04-17,300,1.0
NKY,2014-04-18,293,0.9766666666666667
NKY,2014-04-21,300,1.0
NKY,2014-04-22,299,0.9966666666666667
NKY,2014-04-23,297,0.99
NKY,2014-04-24,296,0.9866666666666667
NKY,2014-04-25,298,0.9933333333333333
NKY,2014-04-28,299,0.9966666666666667
NKY,2014-04-29,264,0.88
NKY,2014-04-30,298,0.9933333333333333
NKY,2014-05-01,297,0.99
NKY,2014-05-02,298,0.9933333333333333
NKY,2014-05-05,273,0.91
NKY,2014-05-06,215,0.7166666666666667
NKY,2014-05-07,298,0.9933333333333333
NKY,2014-05-08,299,0.9966666666666667
NKY,2014-05-09,300,1.0
NKY,2014-05-12,300,1.0
NKY,2014-05-13,293,0.9766666666666667
NKY,2014-05-14,298,0.9933333333333333
NKY,2014-05-15,296,0.9866666666666667
NKY,2014-05-16,300,1.0
NKY,2014-05-19,299,0.9966666666666667
NKY,2014-05-20,300,1.0
NKY,2014-05-21,300,1.0
NKY,2014-05-22,298,0.9933333333333333
NKY,2014-05-23,295,0.9833333333333333
NKY,2014-05-26,294,0.98
NKY,2014-05-27,294,0.98
NKY,2014-05-28,298,0.9933333333333333
NKY,2014-05-29,298,0.9933333333333333
NKY,2014-05-30,300,1.0
NKY,2014-06-02,298,0.9933333333333333
NKY,2014-06-03,296,0.9866666666666667
NKY,2014-06-04,297,0.99
NKY,2014-06-05,298,0.9933333333333333
NKY,2014-06-06,298,0.9933333333333333
NKY,2014-06-09,300,1.0
NKY,2014-06-10,296,0.9866666666666667
NKY,2014-06-11,298,0.9933333333333333
NKY,2014-06-12,299,0.9966666666666667
NKY,2014-06-13,295,0.9833333333333333
NKY,2014-06-16,295,0.9833333333333333
NKY,2014-06-17,293,0.9766666666666667
NKY,2014-06-18,300,1.0
NKY,2014-06-19,299,0.9966666666666667
NKY,2014-06-20,299,0.9966666666666667
NKY,2014-06-23,295,0.9833333333333333
NKY,2014-06-24,294,0.98
NKY,2014-06-25,296,0.9866666666666667
NKY,2014-06-26,297,0.99
NKY,2014-06-27,295,0.9833333333333333
NKY,2014-06-30,300,1.0
NKY,2014-07-01,300,1.0
NKY,2014-07-02,300,1.0
NKY,2014-07-03,298,0.9933333333333333
NKY,2014-07-04,299,0.9966666666666667
NKY,2014-07-07,300,1.0
NKY,2014-07-08,296,0.9866666666666667
NKY,2014-07-09,297,0.99
NKY,2014-07-10,300,1.0
NKY,2014-07-11,297,0.99
NKY,2014-07-14,293,0.9766666666666667
NKY,2014-07-15,293,0.9766666666666667
NKY,2014-07-16,293,0.9766666666666667
NKY,2014-07-17,295,0.9833333333333333
NKY,2014-07-18,295,0.9833333333333333
NKY,2014-07-21,225,0.75
NKY,2014-07-22,291,0.97
NKY,2014-07-23,297,0.99
NKY,2014-07-24,292,0.9733333333333334
NKY,2014-07-25,292,0.9733333333333334
NKY,2014-07-28,300,1.0
NKY,2014-07-29,292,0.9733333333333334
NKY,2014-07-30,297,0.99
NKY,2014-07-31,294,0.98
NKY,2014-08-01,296,0.9866666666666667
NKY,2014-08-04,300,1.0
NKY,2014-08-05,298,0.9933333333333333
NKY,2014-08-06,296,0.9866666666666667
NKY,2014-08-07,300,1.0
NKY,2014-08-08,299,0.9966666666666667
NKY,2014-08-11,295,0.9833333333333333
NKY,2014-08-12,297,0.99
NKY,2014-08-13,295,0.9833333333333333
NKY,2014-08-14,297,0.99
NKY,2014-08-15,293,0.9766666666666667
NKY,2014-08-18,298,0.9933333333333333
NKY,2014-08-19,294,0.98
NKY,2014-08-20,299,0.9966666666666667
NKY,2014-08-21,292,0.9733333333333334
NKY,2014-08-22,294,0.98
NKY,2014-08-25,297,0.99
NKY,2014-08-26,296,0.9866666666666667
NKY,2014-08-27,293,0.9766666666666667
NKY,2014-08-28,294,0.98
NKY,2014-08-29,296,0.9866666666666667
NKY,2014-09-01,287,0.9566666666666667
NKY,2014-09-02,299,0.9966666666666667
NKY,2014-09-03,299,0.9966666666666667
NKY,2014-09-04,295,0.9833333333333333
NKY,2014-09-08,299,0.9966666666666667
NKY,2014-09-09,297,0.99
NKY,2014-09-10,298,0.9933333333333333
NKY,2014-09-11,298,0.9933333333333333
NKY,2014-09-12,295,0.9833333333333333
NKY,2014-09-15,270,0.9
NKY,2014-09-16,294,0.98
NKY,2014-09-17,292,0.9733333333333334
NKY,2014-09-18,296,0.9866666666666667
NKY,2014-09-19,296,0.9866666666666667
NKY,2014-09-22,300,1.0
NKY,2014-09-23,269,0.8966666666666666
NKY,2014-09-24,298,0.9933333333333333
NKY,2014-09-25,162,0.54
NKY,2014-09-26,298,0.9933333333333333
NKY,2014-09-29,293,0.9766666666666667
NKY,2014-09-30,300,1.0
NKY,2014-10-01,300,1.0
NKY,2014-10-02,299,0.9966666666666667
NKY,2014-10-03,299,0.9966666666666667
NKY,2014-10-06,298,0.9933333333333333
NKY,2014-10-07,300,1.0
NKY,2014-10-08,299,0.9966666666666667
NKY,2014-10-09,299,0.9966666666666667
NKY,2014-10-10,299,0.9966666666666667
NKY,2014-10-13,295,0.9833333333333333
NKY,2014-10-14,298,0.9933333333333333
NKY,2014-10-15,300,1.0
NKY,2014-10-16,300,1.0
NKY,2014-10-17,297,0.99
NKY,2014-10-20,300,1.0
NKY,2014-10-21,300,1.0
NKY,2014-10-22,300,1.0
NKY,2014-10-23,300,1.0
NKY,2014-10-24,300,1.0
NKY,2014-10-27,299,0.9966666666666667
NKY,2014-10-28,297,0.99
NKY,2014-10-29,298,0.9933333333333333
NKY,2014-10-30,300,1.0
NKY,2014-10-31,298,0.9933333333333333
NKY,2014-11-03,299,0.9966666666666667
NKY,2014-11-04,300,1.0
NKY,2014-11-05,300,1.0
NKY,2014-11-06,300,1.0
NKY,2014-11-07,300,1.0
NKY,2014-11-10,300,1.0
NKY,2014-11-11,299,0.9966666666666667
NKY,2014-11-12,300,1.0
NKY,2014-11-13,300,1.0
NKY,2014-11-14,299,0.9966666666666667
NKY,2014-11-17,300,1.0
NKY,2014-11-18,299,0.9966666666666667
NKY,2014-11-19,299,0.9966666666666667
NKY,2014-11-20,300,1.0
NKY,2014-11-21,298,0.9933333333333333
NKY,2014-11-24,271,0.9033333333333333
NKY,2014-11-25,299,0.9966666666666667
NKY,2014-11-26,296,0.9866666666666667
NKY,2014-11-27,299,0.9966666666666667
NKY,2014-11-28,300,1.0
NKY,2014-12-01,300,1.0
NKY,2014-12-02,300,1.0
NKY,2014-12-03,299,0.9966666666666667
NKY,2014-12-04,300,1.0
NKY,2014-12-05,299,0.9966666666666667
NKY,2014-12-08,299,0.9966666666666667
NKY,2014-12-09,300,1.0
NKY,2014-12-10,300,1.0
NKY,2014-12-11,300,1.0
NKY,2014-12-12,300,1.0
NKY,2014-12-15,300,1.0
NKY,2014-12-16,300,1.0
NKY,2014-12-17,299,0.9966666666666667
NKY,2014-12-18,300,1.0
NKY,2014-12-19,300,1.0
NKY,2014-12-22,299,0.9966666666666667
NKY,2014-12-23,242,0.8066666666666666
NKY,2014-12-24,297,0.99
NKY,2014-12-29,300,1.0
NKY,2014-12-30,300,1.0
NKY,2014-12-31,290,0.9666666666666667
NKY,2015-01-02,283,0.9433333333333334
NKY,2015-01-05,300,1.0
NKY,2015-01-06,300,1.0
NKY,2015-01-07,300,1.0
NKY,2015-01-08,300,1.0
NKY,2015-01-09,300,1.0
NKY,2015-01-12,299,0.9966666666666667
NKY,2015-01-13,300,1.0
NKY,2015-01-14,300,1.0
NKY,2015-01-15,299,0.9966666666666667
NKY,2015-01-16,300,1.0
NKY,2015-01-19,300,1.0
NKY,2015-01-20,297,0.99
NKY,2015-01-21,297,0.99
NKY,2015-01-22,299,0.9966666666666667
NKY,2015-01-23,299,0.9966666666666667
NKY,2015-01-26,299,0.9966666666666667
NKY,2015-01-27,299,0.9966666666666667
NKY,2015-01-28,300,1.0
NKY,2015-01-29,297,0.99
NKY,2015-01-30,299,0.9966666666666667
NKY,2015-02-02,300,1.0
NKY,2015-02-03,298,0.9933333333333333
NKY,2015-02-04,299,0.9966666666666667
NKY,2015-02-05,299,0.9966666666666667
NKY,2015-02-06,300,1.0
NKY,2015-02-09,300,1.0
NKY,2015-02-10,300,1.0
NKY,2015-02-11,256,0.8533333333333334
NKY,2015-02-12,271,0.9033333333333333
NKY,2015-03-19,150,0.5
NKY,2015-03-20,259,0.8633333333333333
NKY,2015-03-23,270,0.9
NKY,2015-03-24,265,0.8833333333333333
NKY,2015-03-25,136,0.4533333333333333
NKY,2015-03-30,287,0.9566666666666667
NKY,2015-03-31,294,0.98
NKY,2015-04-01,300,1.0
NKY,2015-04-02,292,0.9733333333333334
NKY,2015-04-06,278,0.9266666666666666
NKY,2015-04-07,278,0.9266666666666666
NKY,2015-04-08,288,0.96
NKY,2015-04-09,50,0.16666666666666666
NKY,2015-04-10,290,0.9666666666666667
NKY,2015-04-13,258,0.86
NKY,2015-04-14,244,0.8133333333333334
NKY,2015-04-15,264,0.88
NKY,2015-04-16,270,0.9
NKY,2015-04-17,276,0.92
NKY,2015-11-09,240,0.8
NKY,2015-11-10,240,0.8
NKY,2015-11-11,240,0.8
NKY,2015-11-12,240,0.8
NKY,2015-11-13,240,0.8
NKY,2015-11-16,240,0.8
NKY,2015-11-17,240,0.8
NKY,2015-11-18,240,0.8
NKY,2015-11-19,240,0.8
NKY,2015-11-20,240,0.8
NKY,2015-11-23,233,0.7766666666666666
NKY,2015-11-24,240,0.8
NKY,2015-11-25,240,0.8
NKY,2015-11-26,238,0.7933333333333333
NKY,2015-11-27,239,0.7966666666666666
NKY,2015-11-30,239,0.7966666666666666
NKY,2015-12-01,240,0.8
NKY,2015-12-02,237,0.79
NKY,2015-12-03,240,0.8
NKY,2015-12-04,240,0.8
NKY,2015-12-07,236,0.7866666666666666
NKY,2015-12-08,240,0.8
NKY,2015-12-09,232,0.7733333333333333
NKY,2015-12-10,240,0.8
NKY,2015-12-11,221,0.7366666666666667
NKY,2015-12-14,240,0.8
NKY,2015-12-15,240,0.8
NKY,2015-12-16,240,0.8
NKY,2015-12-17,240,0.8
NKY,2015-12-18,240,0.8
NKY,2015-12-21,240,0.8
NKY,2015-12-22,240,0.8
NKY,2015-12-23,235,0.7833333333333333
NKY,2015-12-24,240,0.8
NKY,2015-12-28,229,0.7633333333333333
NKY,2015-12-29,239,0.7966666666666666
NKY,2015-12-30,238,0.7933333333333333
NKY,2015-12-31,227,0.7566666666666667
NKY,2016-01-04,240,0.8
NKY,2016-01-05,240,0.8
NKY,2016-01-06,240,0.8
NKY,2016-01-07,240,0.8
NKY,2016-01-08,240,0.8
NKY,2016-01-11,238,0.7933333333333333
NKY,2016-01-12,240,0.8
NKY,2016-01-13,240,0.8
NKY,2016-01-14,240,0.8
NKY,2016-01-15,240,0.8
NKY,2016-01-18,240,0.8
NKY,2016-01-19,240,0.8
NKY,2016-01-20,240,0.8
NKY,2016-01-21,240,0.8
NKY,2016-01-22,240,0.8
NKY,2016-01-25,240,0.8
NKY,2016-01-26,240,0.8
NKY,2016-01-27,240,0.8
NKY,2016-01-28,240,0.8
NKY,2016-01-29,240,0.8
NKY,2016-02-01,240,0.8
NKY,2016-02-02,240,0.8
NKY,2016-02-03,240,0.8
NKY,2016-02-04,240,0.8
NKY,2016-02-05,240,0.8
NKY,2016-02-08,240,0.8
NKY,2016-02-09,240,0.8
NKY,2016-02-10,240,0.8
NKY,2016-02-11,237,0.79
NKY,2016-02-12,240,0.8
NKY,2016-02-15,240,0.8
NKY,2016-02-16,240,0.8
NKY,2016-02-17,240,0.8
NKY,2016-02-18,240,0.8
NKY,2016-02-19,240,0.8
NKY,2016-02-22,240,0.8
NKY,2016-02-23,240,0.8
NKY,2016-02-24,240,0.8
NKY,2016-02-25,240,0.8
NKY,2016-02-26,240,0.8
NKY,2016-02-29,240,0.8
NKY,2016-03-01,240,0.8
NKY,2016-03-02,240,0.8
NKY,2016-03-03,240,0.8
NKY,2016-03-04,240,0.8
NKY,2016-03-07,240,0.8
NKY,2016-03-08,240,0.8
NKY,2016-03-09,240,0.8
NKY,2016-03-10,240,0.8
NKY,2016-03-11,240,0.8
NKY,2016-03-14,240,0.8
NKY,2016-03-15,240,0.8
NKY,2016-03-16,240,0.8
NKY,2016-03-17,238,0.7933333333333333
NKY,2016-03-18,240,0.8
NKY,2016-03-21,224,0.7466666666666667
NKY,2016-03-22,237,0.79
NKY,2016-03-23,240,0.8
NKY,2016-03-24,240,0.8
NKY,2016-03-28,240,0.8
NKY,2016-03-29,240,0.8
NKY,2016-03-30,240,0.8
NKY,2016-03-31,240,0.8
NKY,2016-04-01,240,0.8
NKY,2016-04-04,240,0.8
NKY,2016-04-05,240,0.8
NKY,2016-04-06,240,0.8
NKY,2016-04-07,240,0.8
NKY,2016-04-08,240,0.8
NKY,2016-04-11,240,0.8
NKY,2016-04-12,240,0.8
NKY,2016-04-13,240,0.8
NKY,2016-04-14,240,0.8
NKY,2016-04-15,240,0.8
NKY,2016-04-18,240,0.8
NKY,2016-04-19,240,0.8
NKY,2016-04-20,240,0.8
NKY,2016-04-21,240,0.8
NKY,2016-04-22,240,0.8
NKY,2016-04-25,240,0.8
NKY,2016-04-26,240,0.8
NKY,2016-04-27,240,0.8
NKY,2016-04-28,240,0.8
NKY,2016-04-29,240,0.8
NKY,2016-05-02,240,0.8
NKY,2016-05-03,235,0.7833333333333333
NKY,2016-05-04,239,0.7966666666666666
NKY,2016-05-05,234,0.78
NKY,2016-05-06,240,0.8
NKY,2016-05-09,233,0.7766666666666666
NKY,2016-05-10,240,0.8
NKY,2016-05-11,240,0.8
NKY,2016-05-12,240,0.8
NKY,2016-05-13,240,0.8
NKY,2016-05-16,240,0.8
NKY,2016-05-17,240,0.8
NKY,2016-05-18,240,0.8
NKY,2016-05-19,240,0.8
NKY,2016-05-20,240,0.8
NKY,2016-05-23,240,0.8
NKY,2016-05-24,240,0.8
NKY,2016-05-25,240,0.8
NKY,2016-05-26,240,0.8
NKY,2016-05-27,240,0.8
NKY,2016-05-30,240,0.8
NKY,2016-05-31,240,0.8
NKY,2016-06-01,240,0.8
NKY,2016-06-02,240,0.8
NKY,2016-06-03,240,0.8
NKY,2016-06-06,240,0.8
NKY,2016-06-07,240,0.8
NKY,2016-06-08,240,0.8
NKY,2016-06-09,240,0.8
NKY,2016-06-10,240,0.8
NKY,2016-06-13,240,0.8
NKY,2016-06-14,227,0.7566666666666667
NKY,2016-06-15,240,0.8
NKY,2016-06-16,240,0.8
NKY,2016-06-17,240,0.8
NKY,2016-06-20,240,0.8
NKY,2016-06-21,238,0.7933333333333333
NKY,2016-06-22,240,0.8
NKY,2016-06-23,240,0.8
NKY,2016-06-24,240,0.8
NKY,2016-06-27,240,0.8
NKY,2016-06-28,240,0.8
NKY,2016-06-29,240,0.8
NKY,2016-06-30,240,0.8
NKY,2016-07-01,240,0.8
NKY,2016-07-04,231,0.77
NKY,2016-07-05,240,0.8
NKY,2016-07-06,240,0.8
NKY,2016-07-07,240,0.8
NKY,2016-07-08,240,0.8
NKY,2016-07-11,240,0.8
NKY,2016-07-12,240,0.8
NKY,2016-07-13,240,0.8
NKY,2016-07-14,240,0.8
NKY,2016-07-15,240,0.8
NKY,2016-07-18,234,0.78
NKY,2016-07-19,240,0.8
NKY,2016-07-20,240,0.8
NKY,2016-07-21,240,0.8
NKY,2016-07-22,240,0.8
NKY,2016-07-25,240,0.8
NKY,2016-07-26,240,0.8
NKY,2016-07-27,240,0.8
NKY,2016-07-28,240,0.8
NKY,2016-07-29,239,0.7966666666666666
NKY,2016-08-01,240,0.8
NKY,2016-08-02,237,0.79
NKY,2016-08-03,240,0.8
NKY,2016-08-04,239,0.7966666666666666
NKY,2016-08-05,240,0.8
NKY,2016-08-08,239,0.7966666666666666
NKY,2016-08-09,230,0.7666666666666667
NKY,2016-08-10,238,0.7933333333333333
NKY,2016-08-11,221,0.7366666666666667
NKY,2016-08-12,240,0.8
NKY,2016-08-15,240,0.8
NKY,2016-08-16,240,0.8
NKY,2016-08-17,240,0.8
NKY,2016-08-18,240,0.8
NKY,2016-08-19,240,0.8
NKY,2016-08-22,240,0.8
NKY,2016-08-23,240,0.8
NKY,2016-08-24,240,0.8
NKY,2016-08-25,240,0.8
NKY,2016-08-26,240,0.8
NKY,2016-08-29,240,0.8
NKY,2016-08-30,240,0.8
NKY,2016-08-31,240,0.8
NKY,2016-09-01,238,0.7933333333333333
NKY,2016-09-02,240,0.8
NKY,2016-09-05,240,0.8
NKY,2016-09-06,240,0.8
NKY,2016-09-07,240,0.8
NKY,2016-09-08,240,0.8
NKY,2016-09-09,240,0.8
NKY,2016-09-12,240,0.8
NKY,2016-09-13,239,0.7966666666666666
NKY,2016-09-14,240,0.8
NKY,2016-09-15,240,0.8
NKY,2016-09-16,239,0.7966666666666666
NKY,2016-09-19,227,0.7566666666666667
NKY,2016-09-20,240,0.8
NKY,2016-09-21,240,0.8
NKY,2016-09-22,234,0.78
NKY,2016-09-23,239,0.7966666666666666
NKY,2016-09-26,240,0.8
NKY,2016-09-27,240,0.8
NKY,2016-09-28,240,0.8
NKY,2016-09-29,240,0.8
NKY,2016-09-30,240,0.8
NKY,2016-10-03,239,0.7966666666666666
NKY,2016-10-04,217,0.7233333333333334
NKY,2016-10-05,240,0.8
NKY,2016-10-06,240,0.8
NKY,2016-10-07,240,0.8
NKY,2016-10-10,230,0.7666666666666667
NKY,2016-10-11,240,0.8
NKY,2016-10-12,240,0.8
NKY,2016-10-13,228,0.76
NKY,2016-10-14,240,0.8
NKY,2016-10-17,237,0.79
NKY,2016-10-18,238,0.7933333333333333
NKY,2016-10-19,239,0.7966666666666666
NKY,2016-10-20,240,0.8
NKY,2016-10-21,240,0.8
NKY,2016-10-24,238,0.7933333333333333
NKY,2016-10-25,240,0.8
NKY,2016-10-26,238,0.7933333333333333
NKY,2016-10-27,239,0.7966666666666666
NKY,2016-10-28,240,0.8
NKY,2016-10-31,240,0.8
NKY,2016-11-01,239,0.7966666666666666
NKY,2016-11-02,240,0.8
NKY,2016-11-03,240,0.8
NKY,2016-11-04,237,0.79
NKY,2016-11-07,238,0.7933333333333333
NKY,2016-11-08,237,0.79
NKY,2016-11-09,240,0.8
NKY,2016-11-10,240,0.8
NKY,2016-11-11,240,0.8
NKY,2016-11-14,239,0.7966666666666666
NKY,2016-11-15,240,0.8
NKY,2016-11-16,240,0.8
NKY,2016-11-17,240,0.8
NKY,2016-11-18,238,0.7933333333333333
NKY,2016-11-21,240,0.8
NKY,2016-11-22,240,0.8
NKY,2016-11-23,132,0.44
NKY,2016-11-24,240,0.8
NKY,2016-11-25,240,0.8
NKY,2016-11-28,240,0.8
NKY,2016-11-29,240,0.8
NKY,2016-11-30,240,0.8
NKY,2016-12-01,240,0.8
NKY,2016-12-02,240,0.8
NKY,2016-12-05,240,0.8
NKY,2016-12-06,240,0.8
NKY,2016-12-07,235,0.7833333333333333
NKY,2016-12-08,240,0.8
NKY,2016-12-09,239,0.7966666666666666
NKY,2016-12-12,240,0.8
NKY,2016-12-13,240,0.8
NKY,2016-12-14,239,0.7966666666666666
NKY,2016-12-15,240,0.8
NKY,2016-12-16,240,0.8
NKY,2016-12-19,230,0.7666666666666667
NKY,2016-12-20,233,0.7766666666666666
NKY,2016-12-21,240,0.8
NKY,2016-12-22,236,0.7866666666666666
NKY,2016-12-23,216,0.72
NKY,2016-12-27,238,0.7933333333333333
NKY,2016-12-28,233,0.7766666666666666
NKY,2016-12-29,239,0.7966666666666666
NKY,2016-12-30,240,0.8
NKY,2017-01-03,219,0.73
NKY,2017-01-04,237,0.79
NKY,2017-01-05,240,0.8
NKY,2017-01-06,240,0.8
NKY,2017-01-09,233,0.7766666666666666
NKY,2017-01-10,240,0.8
NKY,2017-01-11,240,0.8
NKY,2017-01-12,240,0.8
NKY,2017-01-13,240,0.8
NKY,2017-01-16,240,0.8
NKY,2017-01-17,240,0.8
NKY,2017-01-18,239,0.7966666666666666
NKY,2017-01-19,240,0.8
NKY,2017-01-20,240,0.8
NKY,2017-01-23,240,0.8
NKY,2017-01-24,240,0.8
NKY,2017-01-25,239,0.7966666666666666
NKY,2017-01-26,240,0.8
NKY,2017-01-27,240,0.8
NKY,2017-01-30,240,0.8
NKY,2017-01-31,238,0.7933333333333333
NKY,2017-02-01,238,0.7933333333333333
NKY,2017-02-02,240,0.8
NKY,2017-02-03,239,0.7966666666666666
NKY,2017-02-06,240,0.8
NKY,2017-02-07,240,0.8
NKY,2017-02-08,240,0.8
NKY,2017-02-09,240,0.8
NKY,2017-02-10,240,0.8
NKY,2017-02-13,240,0.8
NKY,2017-02-14,240,0.8
NKY,2017-02-15,239,0.7966666666666666
NKY,2017-02-16,240,0.8
NKY,2017-02-17,240,0.8
NKY,2017-02-20,240,0.8
NKY,2017-02-21,238,0.7933333333333333
NKY,2017-02-22,238,0.7933333333333333
NKY,2017-02-23,236,0.7866666666666666
NKY,2017-02-24,240,0.8
NKY,2017-02-27,240,0.8
NKY,2017-02-28,239,0.7966666666666666
NKY,2017-03-01,240,0.8
NKY,2017-03-02,240,0.8
NKY,2017-03-03,239,0.7966666666666666
NKY,2017-03-06,240,0.8
NKY,2017-03-07,210,0.7
NKY,2017-03-08,240,0.8
NKY,2017-03-09,224,0.7466666666666667
NKY,2017-03-10,207,0.69
NKY,2017-03-13,238,0.7933333333333333
NKY,2017-03-14,210,0.7
NKY,2017-03-15,162,0.54
NKY,2017-03-16,198,0.66
NKY,2017-03-17,226,0.7533333333333333
NKY,2017-03-20,212,0.7066666666666667
NKY,2017-03-21,191,0.6366666666666667
NKY,2017-03-22,225,0.75
NKY,2017-03-23,231,0.77
NKY,2017-03-24,226,0.7533333333333333
NKY,2017-03-27,218,0.7266666666666667
NKY,2017-03-28,190,0.6333333333333333
NKY,2017-03-29,207,0.69
NKY,2017-03-30,218,0.7266666666666667
NKY,2017-03-31,202,0.6733333333333333
NKY,2017-04-03,214,0.7133333333333334
NKY,2017-04-04,233,0.7766666666666666
NKY,2017-04-05,219,0.73
NKY,2017-04-06,229,0.7633333333333333
NKY,2017-04-07,239,0.7966666666666666
NKY,2017-04-10,203,0.6766666666666666
NKY,2017-04-11,216,0.72
NKY,2017-04-12,229,0.7633333333333333
NKY,2017-04-13,218,0.7266666666666667
NKY,2017-04-17,232,0.7733333333333333
NKY,2017-04-18,225,0.75
NKY,2017-04-19,206,0.6866666666666666
NKY,2017-04-20,219,0.73
NKY,2017-04-21,211,0.7033333333333334
NKY,2017-04-24,226,0.7533333333333333
NKY,2017-04-25,215,0.7166666666666667
NKY,2017-04-26,216,0.72
NKY,2017-04-27,199,0.6633333333333333
NKY,2017-04-28,204,0.68
NKY,2017-05-01,206,0.6866666666666666
NKY,2017-05-02,217,0.7233333333333334
NKY,2017-05-03,66,0.22
NKY,2017-05-04,113,0.37666666666666665
NKY,2017-05-05,189,0.63
NKY,2017-05-08,228,0.76
NKY,2017-05-09,215,0.7166666666666667
NKY,2017-05-10,203,0.6766666666666666
NKY,2017-05-11,221,0.7366666666666667
NKY,2017-05-12,198,0.66
NKY,2017-05-15,179,0.5966666666666667
NKY,2017-05-16,180,0.6
NKY,2017-05-17,216,0.72
NKY,2017-05-18,211,0.7033333333333334
NKY,2017-05-19,202,0.6733333333333333
NKY,2017-05-22,189,0.63
NKY,2017-05-23,199,0.6633333333333333
NKY,2017-05-24,182,0.6066666666666667
NKY,2017-05-25,162,0.54
NKY,2017-05-26,137,0.45666666666666667
NKY,2017-05-29,139,0.4633333333333333
NKY,2017-05-30,182,0.6066666666666667
NKY,2017-05-31,147,0.49
NKY,2017-06-01,176,0.5866666666666667
NKY,2017-06-02,185,0.6166666666666667
NKY,2017-06-05,164,0.5466666666666666
NKY,2017-06-06,188,0.6266666666666667
NKY,2017-06-07,171,0.57
NKY,2017-06-08,183,0.61
NKY,2017-06-09,212,0.7066666666666667
NKY,2017-06-12,166,0.5533333333333333
NKY,2017-06-13,179,0.5966666666666667
NKY,2017-06-14,163,0.5433333333333333
NKY,2017-06-15,200,0.6666666666666666
NKY,2017-06-16,195,0.65
NKY,2017-06-19,193,0.6433333333333333
NKY,2017-06-20,161,0.5366666666666666
NKY,2017-06-21,185,0.6166666666666667
NKY,2017-06-22,175,0.5833333333333334
NKY,2017-06-23,172,0.5733333333333334
NKY,2017-06-26,109,0.36333333333333334
NKY,2017-06-27,130,0.43333333333333335
NKY,2017-06-28,175,0.5833333333333334
NKY,2017-06-29,148,0.49333333333333335
NKY,2017-06-30,200,0.6666666666666666
NKY,2017-07-03,149,0.49666666666666665
NKY,2017-07-04,190,0.6333333333333333
NKY,2017-07-05,182,0.6066666666666667
NKY,2017-07-06,173,0.5766666666666667
NKY,2017-07-07,183,0.61
NKY,2017-07-10,155,0.5166666666666667
NKY,2017-07-11,130,0.43333333333333335
NKY,2017-07-12,147,0.49
NKY,2017-07-13,127,0.42333333333333334
NKY,2017-07-14,123,0.41
NKY,2017-07-17,77,0.25666666666666665
NKY,2017-07-18,171,0.57
NKY,2017-07-19,136,0.4533333333333333
NKY,2017-07-20,159,0.53
NKY,2017-07-21,134,0.44666666666666666
NKY,2017-07-24,152,0.5066666666666667
NKY,2017-07-25,136,0.4533333333333333
NKY,2017-07-26,109,0.36333333333333334
NKY,2017-07-27,155,0.5166666666666667
NKY,2017-07-28,163,0.5433333333333333
NKY,2017-07-31,151,0.5033333333333333
NKY,2017-08-01,139,0.4633333333333333
NKY,2017-08-02,99,0.33
NKY,2017-08-03,111,0.37
NKY,2017-08-04,67,0.22333333333333333
NKY,2017-08-07,72,0.24
NKY,2017-08-08,85,0.2833333333333333
NKY,2017-08-09,197,0.6566666666666666
NKY,2017-08-10,173,0.5766666666666667
NKY,2017-08-11,127,0.42333333333333334
NKY,2017-08-14,162,0.54
NKY,2017-08-15,151,0.5033333333333333
NKY,2017-08-16,114,0.38
NKY,2017-08-17,124,0.41333333333333333
NKY,2017-08-18,178,0.5933333333333334
NKY,2017-08-21,172,0.5733333333333334
NKY,2017-08-22,151,0.5033333333333333
NKY,2017-08-23,148,0.49333333333333335
NKY,2017-08-24,162,0.54
NKY,2017-08-25,153,0.51
NKY,2017-08-28,163,0.5433333333333333
NKY,2017-08-29,200,0.6666666666666666
NKY,2017-08-30,167,0.5566666666666666
NKY,2017-08-31,177,0.59
NKY,2017-09-01,166,0.5533333333333333
NKY,2017-09-04,180,0.6
NKY,2017-09-05,213,0.71
NKY,2017-09-06,180,0.6
NKY,2017-09-07,202,0.6733333333333333
NKY,2017-09-08,170,0.5666666666666667
NKY,2017-09-11,179,0.5966666666666667
NKY,2017-09-12,156,0.52
NKY,2017-09-13,135,0.45
NKY,2017-09-14,160,0.5333333333333333
NKY,2017-09-15,160,0.5333333333333333
NKY,2017-09-18,145,0.48333333333333334
NKY,2017-09-19,182,0.6066666666666667
NKY,2017-09-20,166,0.5533333333333333
NKY,2017-09-21,201,0.67
NKY,2017-09-22,173,0.5766666666666667
NKY,2017-09-25,169,0.5633333333333334
NKY,2017-09-26,180,0.6
NKY,2017-09-27,166,0.5533333333333333
NKY,2017-09-28,179,0.5966666666666667
NKY,2017-09-29,154,0.5133333333333333
NKY,2017-10-02,142,0.47333333333333333
NKY,2017-10-03,163,0.5433333333333333
NKY,2017-10-04,152,0.5066666666666667
NKY,2017-10-05,138,0.46
NKY,2017-10-06,137,0.45666666666666667
NKY,2017-10-09,117,0.39
NKY,2017-10-10,132,0.44
NKY,2017-10-11,145,0.48333333333333334
NKY,2017-10-12,136,0.4533333333333333
NKY,2017-10-13,191,0.6366666666666667
NKY,2017-10-16,162,0.54
NKY,2017-10-17,182,0.6066666666666667
NKY,2017-10-18,157,0.5233333333333333
NKY,2017-10-19,178,0.5933333333333334
NKY,2017-10-20,192,0.64
NKY,2017-10-23,184,0.6133333333333333
NKY,2017-10-24,188,0.6266666666666667
NKY,2017-10-25,191,0.6366666666666667
NKY,2017-10-26,186,0.62
NKY,2017-10-27,202,0.6733333333333333
NKY,2017-10-30,183,0.61
NKY,2017-10-31,191,0.6366666666666667
NKY,2017-11-01,222,0.74
NKY,2017-11-02,203,0.6766666666666666
NKY,2017-11-03,138,0.46
NKY,2017-11-06,224,0.7466666666666667
NKY,2017-11-07,225,0.75
NKY,2017-11-08,213,0.71
NKY,2017-11-09,231,0.77
NKY,2017-11-10,231,0.77
NKY,2017-11-13,211,0.7033333333333334
NKY,2017-11-14,222,0.74
NKY,2017-11-15,234,0.78
NKY,2017-11-16,227,0.7566666666666667
NKY,2017-11-17,234,0.78
NKY,2017-11-20,219,0.73
NKY,2017-11-21,212,0.7066666666666667
NKY,2017-11-22,218,0.7266666666666667
NKY,2017-11-23,181,0.6033333333333334
NKY,2017-11-24,228,0.76
NKY,2017-11-27,220,0.7333333333333333
NKY,2017-11-28,211,0.7033333333333334
NKY,2017-11-29,215,0.7166666666666667
NKY,2017-11-30,224,0.7466666666666667
NKY,2017-12-01,228,0.76
NKY,2017-12-04,223,0.7433333333333333
NKY,2017-12-05,220,0.7333333333333333
NKY,2017-12-06,231,0.77
NKY,2017-12-07,221,0.7366666666666667
NKY,2017-12-08,214,0.7133333333333334
NKY,2017-12-11,193,0.6433333333333333
NKY,2017-12-12,201,0.67
NKY,2017-12-13,217,0.7233333333333334
NKY,2017-12-14,199,0.6633333333333333
NKY,2017-12-15,208,0.6933333333333334
NKY,2017-12-18,193,0.6433333333333333
NKY,2017-12-19,180,0.6
NKY,2017-12-20,175,0.5833333333333334
NKY,2017-12-21,183,0.61
NKY,2017-12-22,154,0.5133333333333333
NKY,2017-12-26,126,0.42
NKY,2017-12-27,172,0.5733333333333334
NKY,2017-12-28,156,0.52
NKY,2017-12-29,166,0.5533333333333333
NKY,2018-01-02,126,0.42
NKY,2018-01-03,161,0.5366666666666666
NKY,2018-01-04,200,0.6666666666666666
NKY,2018-01-05,191,0.6366666666666667
NKY,2018-01-08,176,0.5866666666666667
NKY,2018-01-09,203,0.6766666666666666
NKY,2018-01-10,203,0.6766666666666666
NKY,2018-01-11,210,0.7
NKY,2018-01-12,209,0.6966666666666667
NKY,2018-01-15,202,0.6733333333333333
NKY,2018-01-16,200,0.6666666666666666
NKY,2018-01-17,217,0.7233333333333334
NKY,2018-01-18,223,0.7433333333333333
NKY,2018-01-19,217,0.7233333333333334
NKY,2018-01-22,207,0.69
NKY,2018-01-23,215,0.7166666666666667
NKY,2018-01-24,212,0.7066666666666667
NKY,2018-01-25,221,0.7366666666666667
NKY,2018-01-26,221,0.7366666666666667
NKY,2018-01-29,212,0.7066666666666667
NKY,2018-01-30,230,0.7666666666666667
NKY,2018-01-31,232,0.7733333333333333
NKY,2018-02-01,223,0.7433333333333333
NKY,2018-02-02,234,0.78
NKY,2018-02-05,232,0.7733333333333333
NKY,2018-02-06,235,0.7833333333333333
NKY,2018-02-07,235,0.7833333333333333
NKY,2018-02-08,235,0.7833333333333333
NKY,2018-02-09,235,0.7833333333333333
NKY,2018-02-12,228,0.76
NKY,2018-02-13,235,0.7833333333333333
NKY,2018-02-14,235,0.7833333333333333
NKY,2018-02-15,235,0.7833333333333333
NKY,2018-02-16,234,0.78
NKY,2018-02-19,233,0.7766666666666666
NKY,2018-02-20,233,0.7766666666666666
NKY,2018-02-21,234,0.78
NKY,2018-02-22,235,0.7833333333333333
NKY,2018-02-23,233,0.7766666666666666
NKY,2018-02-26,231,0.77
NKY,2018-02-27,230,0.7666666666666667
NKY,2018-02-28,227,0.7566666666666667
NKY,2018-03-01,233,0.7766666666666666
NKY,2018-03-02,233,0.7766666666666666
NKY,2018-03-05,233,0.7766666666666666
NKY,2018-03-06,235,0.7833333333333333
NKY,2018-03-07,235,0.7833333333333333
NKY,2018-03-08,234,0.78
NKY,2018-03-09,234,0.78
NKY,2018-03-12,233,0.7766666666666666
NKY,2018-03-13,233,0.7766666666666666
NKY,2018-03-14,231,0.77
NKY,2018-03-15,233,0.7766666666666666
NKY,2018-03-16,234,0.78
NKY,2018-03-19,231,0.77
NKY,2018-03-20,231,0.77
NKY,2018-03-21,179,0.5966666666666667
NKY,2018-03-22,229,0.7633333333333333
NKY,2018-03-23,235,0.7833333333333333
NKY,2018-03-26,232,0.7733333333333333
NKY,2018-03-27,234,0.78
NKY,2018-03-28,233,0.7766666666666666
NKY,2018-03-29,235,0.7833333333333333
NKY,2018-04-02,234,0.78
NKY,2018-04-03,231,0.77
NKY,2018-04-04,230,0.7666666666666667
NKY,2018-04-05,230,0.7666666666666667
NKY,2018-04-06,235,0.7833333333333333
NKY,2018-04-09,228,0.76
NKY,2018-04-10,234,0.78
NKY,2018-04-11,226,0.7533333333333333
NKY,2018-04-12,223,0.7433333333333333
NKY,2018-04-13,287,0.9566666666666667
NKY,2018-04-16,283,0.9433333333333334
NKY,2018-04-17,286,0.9533333333333334
NKY,2018-04-18,277,0.9233333333333333
NKY,2018-04-19,285,0.95
NKY,2018-04-20,284,0.9466666666666667
NKY,2018-04-23,272,0.9066666666666666
NKY,2018-04-24,276,0.92
NKY,2018-04-25,293,0.9766666666666667
NKY,2018-04-26,280,0.9333333333333333
NKY,2018-04-27,280,0.9333333333333333
NKY,2018-04-30,242,0.8066666666666666
NKY,2018-05-01,262,0.8733333333333333
NKY,2018-05-02,277,0.9233333333333333
NKY,2018-05-03,236,0.7866666666666666
NKY,2018-05-04,253,0.8433333333333334
NKY,2018-05-07,272,0.9066666666666666
NKY,2018-05-08,258,0.86
NKY,2018-05-09,270,0.9
NKY,2018-05-10,262,0.8733333333333333
NKY,2018-05-11,262,0.8733333333333333
NKY,2018-05-14,247,0.8233333333333334
NKY,2018-05-15,255,0.85
NKY,2018-05-16,235,0.7833333333333333
NKY,2018-05-17,238,0.7933333333333333
NKY,2018-05-18,238,0.7933333333333333
NKY,2018-05-21,239,0.7966666666666666
NKY,2018-05-22,246,0.82
NKY,2018-05-23,264,0.88
NKY,2018-05-24,286,0.9533333333333334
NKY,2018-05-25,277,0.9233333333333333
NKY,2018-05-28,272,0.9066666666666666
NKY,2018-05-29,284,0.9466666666666667
NKY,2018-05-30,289,0.9633333333333334
NKY,2018-05-31,283,0.9433333333333334
NKY,2018-06-01,285,0.95
NKY,2018-06-04,264,0.88
NKY,2018-06-05,263,0.8766666666666667
NKY,2018-06-06,254,0.8466666666666667
NKY,2018-06-07,278,0.9266666666666666
NKY,2018-06-08,286,0.9533333333333334
NKY,2018-06-11,265,0.8833333333333333
NKY,2018-06-12,289,0.9633333333333334
NKY,2018-06-13,261,0.87
NKY,2018-06-14,268,0.8933333333333333
NKY,2018-06-15,273,0.91
NKY,2018-06-18,275,0.9166666666666666
NKY,2018-06-19,297,0.99
NKY,2018-06-20,294,0.98
NKY,2018-06-21,292,0.9733333333333334
NKY,2018-06-22,294,0.98
NKY,2018-06-25,293,0.9766666666666667
NKY,2018-06-26,294,0.98
NKY,2018-06-27,293,0.9766666666666667
NKY,2018-06-28,293,0.9766666666666667
NKY,2018-06-29,290,0.9666666666666667
NKY,2018-07-02,290,0.9666666666666667
NKY,2018-07-03,299,0.9966666666666667
NKY,2018-07-04,288,0.96
NKY,2018-07-05,298,0.9933333333333333
NKY,2018-07-06,299,0.9966666666666667
NKY,2018-07-09,288,0.96
NKY,2018-07-10,280,0.9333333333333333
NKY,2018-07-11,296,0.9866666666666667
NKY,2018-07-12,288,0.96
NKY,2018-07-13,290,0.9666666666666667
NKY,2018-07-16,202,0.6733333333333333
NKY,2018-07-17,292,0.9733333333333334
NKY,2018-07-18,283,0.9433333333333334
NKY,2018-07-19,291,0.97
NKY,2018-07-20,292,0.9733333333333334
NKY,2018-07-23,294,0.98
NKY,2018-07-24,266,0.8866666666666667
NKY,2018-07-25,278,0.9266666666666666
NKY,2018-07-26,280,0.9333333333333333
NKY,2018-07-27,279,0.93
NKY,2018-07-30,287,0.9566666666666667
NKY,2018-07-31,297,0.99
NKY,2018-08-01,276,0.92
NKY,2018-08-02,294,0.98
NKY,2018-08-03,291,0.97
NKY,2018-08-06,271,0.9033333333333333
NKY,2018-08-07,265,0.8833333333333333
NKY,2018-08-08,263,0.8766666666666667
NKY,2018-08-09,235,0.7833333333333333
NKY,2018-08-10,282,0.94
NKY,2018-08-13,296,0.9866666666666667
NKY,2018-08-14,291,0.97
NKY,2018-08-15,286,0.9533333333333334
NKY,2018-08-16,293,0.9766666666666667
NKY,2018-08-17,280,0.9333333333333333
NKY,2018-08-20,290,0.9666666666666667
NKY,2018-08-21,284,0.9466666666666667
NKY,2018-08-22,274,0.9133333333333333
NKY,2018-08-23,286,0.9533333333333334
NKY,2018-08-24,254,0.8466666666666667
NKY,2018-08-27,266,0.8866666666666667
NKY,2018-08-28,273,0.91
NKY,2018-08-29,262,0.8733333333333333
NKY,2018-08-30,285,0.95
NKY,2018-08-31,281,0.9366666666666666
NKY,2018-09-03,278,0.9266666666666666
NKY,2018-09-04,295,0.9833333333333333
NKY,2018-09-05,294,0.98
NKY,2018-09-06,290,0.9666666666666667
NKY,2018-09-07,287,0.9566666666666667
NKY,2018-09-10,277,0.9233333333333333
NKY,2018-09-11,266,0.8866666666666667
NKY,2018-09-12,288,0.96
NKY,2018-09-13,270,0.9
NKY,2018-09-14,276,0.92
NKY,2018-09-17,220,0.7333333333333333
NKY,2018-09-18,297,0.99
NKY,2018-09-19,284,0.9466666666666667
NKY,2018-09-20,283,0.9433333333333334
NKY,2018-09-21,277,0.9233333333333333
NKY,2018-09-24,238,0.7933333333333333
NKY,2018-09-25,267,0.89
NKY,2018-09-26,277,0.9233333333333333
NKY,2018-09-27,294,0.98
NKY,2018-09-28,293,0.9766666666666667
NKY,2018-10-01,282,0.94
NKY,2018-10-02,287,0.9566666666666667
NKY,2018-10-03,294,0.98
NKY,2018-10-04,292,0.9733333333333334
NKY,2018-10-05,295,0.9833333333333333
NKY,2018-10-08,250,0.8333333333333334
NKY,2018-10-09,297,0.99
NKY,2018-10-10,296,0.9866666666666667
NKY,2018-10-11,300,1.0
NKY,2018-10-12,296,0.9866666666666667
NKY,2018-10-15,298,0.9933333333333333
NKY,2018-10-16,297,0.99
NKY,2018-10-17,293,0.9766666666666667
NKY,2018-10-18,294,0.98
NKY,2018-10-19,297,0.99
NKY,2018-10-22,298,0.9933333333333333
NKY,2018-10-23,298,0.9933333333333333
NKY,2018-10-24,300,1.0
NKY,2018-10-25,300,1.0
NKY,2018-10-26,300,1.0
NKY,2018-10-29,299,0.9966666666666667
NKY,2018-10-30,300,1.0
NKY,2018-10-31,295,0.9833333333333333
NKY,2018-11-01,298,0.9933333333333333
NKY,2018-11-02,297,0.99
NKY,2018-11-05,297,0.99
NKY,2018-11-06,293,0.9766666666666667
NKY,2018-11-07,300,1.0
NKY,2018-11-08,290,0.9666666666666667
NKY,2018-11-09,288,0.96
NKY,2018-11-12,297,0.99
NKY,2018-11-13,300,1.0
NKY,2018-11-14,300,1.0
NKY,2018-11-15,298,0.9933333333333333
NKY,2018-11-16,299,0.9966666666666667
NKY,2018-11-19,294,0.98
NKY,2018-11-20,296,0.9866666666666667
NKY,2018-11-21,296,0.9866666666666667
NKY,2018-11-22,288,0.96
NKY,2018-11-23,258,0.86
NKY,2018-11-26,297,0.99
NKY,2018-11-27,289,0.9633333333333334
NKY,2018-11-28,294,0.98
NKY,2018-11-29,290,0.9666666666666667
NKY,2018-11-30,293,0.9766666666666667
NKY,2018-12-03,298,0.9933333333333333
NKY,2018-12-04,299,0.9966666666666667
NKY,2018-12-05,296,0.9866666666666667
NKY,2018-12-06,299,0.9966666666666667
NKY,2018-12-07,297,0.99
NKY,2018-12-10,291,0.97
NKY,2018-12-11,298,0.9933333333333333
NKY,2018-12-12,300,1.0
NKY,2018-12-13,286,0.9533333333333334
NKY,2018-12-14,300,1.0
NKY,2018-12-17,293,0.9766666666666667
NKY,2018-12-18,299,0.9966666666666667
NKY,2018-12-19,300,1.0
NKY,2018-12-20,300,1.0
NKY,2018-12-21,299,0.9966666666666667
NKY,2018-12-24,275,0.9166666666666666
NKY,2018-12-26,300,1.0
NKY,2018-12-27,300,1.0
NKY,2018-12-28,298,0.9933333333333333
NKY,2018-12-31,253,0.8433333333333334
NKY,2019-01-02,287,0.9566666666666667
NKY,2019-01-03,284,0.9466666666666667
NKY,2019-01-04,300,1.0
NKY,2019-01-07,296,0.9866666666666667
NKY,2019-01-08,296,0.9866666666666667
NKY,2019-01-09,297,0.99
NKY,2019-01-10,297,0.99
NKY,2019-01-11,281,0.9366666666666666
NKY,2019-01-14,250,0.8333333333333334
NKY,2019-01-15,291,0.97
NKY,2019-01-16,294,0.98
NKY,2019-01-17,294,0.98
NKY,2019-01-18,280,0.9333333333333333
NKY,2019-01-21,290,0.9666666666666667
NKY,2019-01-22,286,0.9533333333333334
NKY,2019-01-23,290,0.9666666666666667
NKY,2019-01-24,286,0.9533333333333334
NKY,2019-01-25,289,0.9633333333333334
NKY,2019-01-28,289,0.9633333333333334
NKY,2019-01-29,296,0.9866666666666667
NKY,2019-01-30,283,0.9433333333333334
NKY,2019-01-31,290,0.9666666666666667
NKY,2019-02-01,289,0.9633333333333334
NKY,2019-02-04,259,0.8633333333333333
NKY,2019-02-05,269,0.8966666666666666
NKY,2019-02-06,253,0.8433333333333334
NKY,2019-02-07,281,0.9366666666666666
NKY,2019-02-08,291,0.97
NKY,2019-02-11,267,0.89
NKY,2019-02-12,297,0.99
NKY,2019-02-13,286,0.9533333333333334
NKY,2019-02-14,289,0.9633333333333334
NKY,2019-02-15,279,0.93
NKY,2019-02-18,287,0.9566666666666667
NKY,2019-02-19,277,0.9233333333333333
NKY,2019-02-20,294,0.98
NKY,2019-02-21,293,0.9766666666666667
NKY,2019-02-22,255,0.85
NKY,2019-02-25,276,0.92
NKY,2019-02-26,284,0.9466666666666667
NKY,2019-02-27,241,0.8033333333333333
NKY,2019-02-28,243,0.81
NKY,2019-03-01,258,0.86
NKY,2019-03-04,271,0.9033333333333333
NKY,2019-03-05,291,0.97
NKY,2019-03-06,270,0.9
NKY,2019-03-07,258,0.86
NKY,2019-03-08,282,0.94
NKY,2019-03-11,281,0.9366666666666666
NKY,2019-03-12,248,0.8266666666666667
NKY,2019-03-13,279,0.93
NKY,2019-03-14,283,0.9433333333333334
NKY,2019-03-15,262,0.8733333333333333
NKY,2019-03-18,241,0.8033333333333333
NKY,2019-03-19,261,0.87
NKY,2019-03-20,247,0.8233333333333334
NKY,2019-03-21,273,0.91
NKY,2019-03-22,269,0.8966666666666666
NKY,2019-03-25,283,0.9433333333333334
NKY,2019-03-26,269,0.8966666666666666
NKY,2019-03-27,272,0.9066666666666666
NKY,2019-03-28,284,0.9466666666666667
NKY,2019-03-29,265,0.8833333333333333
NKY,2019-04-01,287,0.9566666666666667
NKY,2019-04-02,269,0.8966666666666666
NKY,2019-04-03,267,0.89
NKY,2019-04-04,266,0.8866666666666667
NKY,2019-04-05,214,0.7133333333333334
NKY,2019-04-08,257,0.8566666666666667
NKY,2019-04-09,231,0.77
NKY,2019-04-10,242,0.8066666666666666
NKY,2019-04-11,248,0.8266666666666667
NKY,2019-04-12,250,0.8333333333333334
NKY,2019-04-15,247,0.8233333333333334
NKY,2019-04-16,239,0.7966666666666666
NKY,2019-04-17,237,0.79
NKY,2019-04-18,251,0.8366666666666667
NKY,2019-04-22,236,0.7866666666666666
NKY,2019-04-23,225,0.75
NKY,2019-04-24,257,0.8566666666666667
NKY,2019-04-25,254,0.8466666666666667
NKY,2019-04-26,269,0.8966666666666666
NKY,2019-04-29,202,0.6733333333333333
NKY,2019-04-30,197,0.6566666666666666
NKY,2019-05-01,115,0.38333333333333336
NKY,2019-05-02,233,0.7766666666666666
NKY,2019-05-03,229,0.7633333333333333
NKY,2019-05-06,279,0.93
NKY,2019-05-07,292,0.9733333333333334
NKY,2019-05-08,284,0.9466666666666667
NKY,2019-05-09,274,0.9133333333333333
NKY,2019-05-10,300,1.0
NKY,2019-05-13,273,0.91
NKY,2019-05-14,282,0.94
NKY,2019-05-15,273,0.91
NKY,2019-05-16,272,0.9066666666666666
NKY,2019-05-17,285,0.95
NKY,2019-05-20,276,0.92
NKY,2019-05-21,280,0.9333333333333333
NKY,2019-05-22,278,0.9266666666666666
NKY,2019-05-23,264,0.88
NKY,2019-05-24,264,0.88
NKY,2019-05-27,261,0.87
NKY,2019-05-28,225,0.75
NKY,2019-05-29,268,0.8933333333333333
NKY,2019-05-30,265,0.8833333333333333
NKY,2019-05-31,295,0.9833333333333333
NKY,2019-06-03,283,0.9433333333333334
NKY,2019-06-04,274,0.9133333333333333
NKY,2019-06-05,245,0.8166666666666667
NKY,2019-06-06,239,0.7966666666666666
NKY,2019-06-07,217,0.7233333333333334
NKY,2019-06-10,252,0.84
NKY,2019-06-11,236,0.7866666666666666
NKY,2019-06-12,241,0.8033333333333333
NKY,2019-06-13,293,0.9766666666666667
NKY,2019-06-14,230,0.7666666666666667
NKY,2019-06-17,239,0.7966666666666666
NKY,2019-06-18,252,0.84
NKY,2019-06-19,237,0.79
NKY,2019-06-20,243,0.81
NKY,2019-06-21,280,0.9333333333333333
NKY,2019-06-24,227,0.7566666666666667
NKY,2019-06-25,271,0.9033333333333333
NKY,2019-06-26,245,0.8166666666666667
NKY,2019-06-27,262,0.8733333333333333
NKY,2019-06-28,248,0.8266666666666667
NKY,2019-07-01,260,0.8666666666666667
NKY,2019-07-02,233,0.7766666666666666
NKY,2019-07-03,257,0.8566666666666667
NKY,2019-07-04,177,0.59
NKY,2019-07-05,215,0.7166666666666667
NKY,2019-07-08,255,0.85
NKY,2019-07-09,249,0.83
NKY,2019-07-10,226,0.7533333333333333
NKY,2019-07-11,252,0.84
NKY,2019-07-12,219,0.73
NKY,2019-07-15,192,0.64
NKY,2019-07-16,227,0.7566666666666667
NKY,2019-07-17,203,0.6766666666666666
NKY,2019-07-18,261,0.87
NKY,2019-07-19,262,0.8733333333333333
NKY,2019-07-22,261,0.87
NKY,2019-07-23,242,0.8066666666666666
NKY,2019-07-24,196,0.6533333333333333
NKY,2019-07-25,207,0.69
NKY,2019-07-26,217,0.7233333333333334
NKY,2019-07-29,257,0.8566666666666667
NKY,2019-07-30,252,0.84
NKY,2019-07-31,261,0.87
NKY,2019-08-01,283,0.9433333333333334
NKY,2019-08-02,294,0.98
NKY,2019-08-05,299,0.9966666666666667
NKY,2019-08-06,300,1.0
NKY,2019-08-07,297,0.99
NKY,2019-08-08,295,0.9833333333333333
NKY,2019-08-09,287,0.9566666666666667
NKY,2019-08-12,270,0.9
NKY,2019-08-13,277,0.9233333333333333
NKY,2019-08-14,287,0.9566666666666667
NKY,2019-08-15,297,0.99
NKY,2019-08-16,267,0.89
NKY,2019-08-19,248,0.8266666666666667
NKY,2019-08-20,218,0.7266666666666667
NKY,2019-08-21,226,0.7533333333333333
NKY,2019-08-22,237,0.79
NKY,2019-08-23,224,0.7466666666666667
NKY,2019-08-26,298,0.9933333333333333
NKY,2019-08-27,278,0.9266666666666666
NKY,2019-08-28,247,0.8233333333333334
NKY,2019-08-29,241,0.8033333333333333
NKY,2019-08-30,230,0.7666666666666667
NKY,2019-09-02,218,0.7266666666666667
NKY,2019-09-03,231,0.77
NKY,2019-09-04,242,0.8066666666666666
NKY,2019-09-05,276,0.92
NKY,2019-09-06,248,0.8266666666666667
NKY,2019-09-09,231,0.77
NKY,2019-09-10,264,0.88
NKY,2019-09-11,272,0.9066666666666666
NKY,2019-09-12,273,0.91
NKY,2019-09-13,255,0.85
NKY,2019-09-16,272,0.9066666666666666
NKY,2019-09-17,266,0.8866666666666667
NKY,2019-09-18,244,0.8133333333333334
NKY,2019-09-19,289,0.9633333333333334
NKY,2019-09-20,266,0.8866666666666667
NKY,2019-09-23,215,0.7166666666666667
NKY,2019-09-24,269,0.8966666666666666
NKY,2019-09-25,273,0.91
NKY,2019-09-26,267,0.89
NKY,2019-09-27,289,0.9633333333333334
NKY,2019-09-30,284,0.9466666666666667
NKY,2019-10-01,271,0.9033333333333333
NKY,2019-10-02,261,0.87
NKY,2019-10-03,284,0.9466666666666667
NKY,2019-10-04,258,0.86
NKY,2019-10-07,246,0.82
NKY,2019-10-08,263,0.8766666666666667
NKY,2019-10-09,239,0.7966666666666666
NKY,2019-10-10,279,0.93
NKY,2019-10-11,248,0.8266666666666667
NKY,2019-10-14,249,0.83
NKY,2019-10-15,256,0.8533333333333334
NKY,2019-10-16,282,0.94
NKY,2019-10-17,244,0.8133333333333334
NKY,2019-10-18,285,0.95
NKY,2019-10-21,229,0.7633333333333333
NKY,2019-10-22,209,0.6966666666666667
NKY,2019-10-23,266,0.8866666666666667
NKY,2019-10-24,216,0.72
NKY,2019-10-25,244,0.8133333333333334
NKY,2019-10-28,209,0.6966666666666667
NKY,2019-10-29,212,0.7066666666666667
NKY,2019-10-30,223,0.7433333333333333
NKY,2019-10-31,265,0.8833333333333333
NKY,2019-11-01,231,0.77
NKY,2019-11-04,136,0.4533333333333333
NKY,2019-11-05,257,0.8566666666666667
NKY,2019-11-06,231,0.77
NKY,2019-11-07,227,0.7566666666666667
NKY,2019-11-08,271,0.9033333333333333
NKY,2019-11-11,251,0.8366666666666667
NKY,2019-11-12,245,0.8166666666666667
NKY,2019-11-13,259,0.8633333333333333
NKY,2019-11-14,224,0.7466666666666667
NKY,2019-11-15,270,0.9
NKY,2019-11-18,240,0.8
NKY,2019-11-19,259,0.8633333333333333
NKY,2019-11-20,273,0.91
NKY,2019-11-21,286,0.9533333333333334
NKY,2019-11-22,258,0.86
NKY,2019-11-25,239,0.7966666666666666
NKY,2019-11-26,279,0.93
NKY,2019-11-27,234,0.78
NKY,2019-11-28,241,0.8033333333333333
NKY,2019-11-29,258,0.86
NKY,2019-12-02,237,0.79
NKY,2019-12-03,270,0.9
NKY,2019-12-04,278,0.9266666666666666
NKY,2019-12-05,264,0.88
NKY,2019-12-06,233,0.7766666666666666
NKY,2019-12-09,240,0.8
NKY,2019-12-10,248,0.8266666666666667
NKY,2019-12-11,245,0.8166666666666667
NKY,2019-12-12,252,0.84
NKY,2019-12-13,286,0.9533333333333334
NKY,2019-12-16,232,0.7733333333333333
NKY,2019-12-17,234,0.78
NKY,2019-12-18,250,0.8333333333333334
NKY,2019-12-19,223,0.7433333333333333
NKY,2019-12-20,243,0.81
NKY,2019-12-23,215,0.7166666666666667
NKY,2019-12-24,161,0.5366666666666666
NKY,2019-12-26,156,0.52
NKY,2019-12-27,211,0.7033333333333334
NKY,2019-12-30,259,0.8633333333333333
NKY,2019-12-31,194,0.6466666666666666
NKY,2020-01-02,220,0.7333333333333333
NKY,2020-01-03,290,0.9666666666666667
NKY,2020-01-06,272,0.9066666666666666
NKY,2020-01-07,268,0.8933333333333333
NKY,2020-01-08,296,0.9866666666666667
NKY,2020-01-09,251,0.8366666666666667
NKY,2020-01-10,242,0.8066666666666666
NKY,2020-01-13,204,0.68
NKY,2020-01-14,247,0.8233333333333334
NKY,2020-01-15,247,0.8233333333333334
NKY,2020-01-16,208,0.6933333333333334
NKY,2020-01-17,193,0.6433333333333333
NKY,2020-01-20,169,0.5633333333333334
NKY,2020-01-21,242,0.8066666666666666
NKY,2020-01-22,247,0.8233333333333334
NKY,2020-01-23,279,0.93
NKY,2020-01-24,224,0.7466666666666667
NKY,2020-01-27,286,0.9533333333333334
NKY,2020-01-28,274,0.9133333333333333
NKY,2020-01-29,264,0.88
NKY,2020-01-30,298,0.9933333333333333
NKY,2020-01-31,290,0.9666666666666667
NKY,2020-02-03,296,0.9866666666666667
NKY,2020-02-04,289,0.9633333333333334
NKY,2020-02-05,295,0.9833333333333333
NKY,2020-02-06,298,0.9933333333333333
NKY,2020-02-07,280,0.9333333333333333
NKY,2020-02-10,295,0.9833333333333333
NKY,2020-02-11,238,0.7933333333333333
NKY,2020-02-12,276,0.92
NKY,2020-02-13,282,0.94
NKY,2020-02-14,286,0.9533333333333334
NKY,2020-02-17,288,0.96
NKY,2020-02-18,281,0.9366666666666666
NKY,2020-02-19,288,0.96
NKY,2020-02-20,299,0.9966666666666667
NKY,2020-02-21,294,0.98
NKY,2020-02-24,295,0.9833333333333333
NKY,2020-02-25,300,1.0
NKY,2020-02-26,300,1.0
NKY,2020-02-27,300,1.0
NKY,2020-02-28,300,1.0
NKY,2020-03-02,300,1.0
NKY,2020-03-03,300,1.0
NKY,2020-03-04,300,1.0
NKY,2020-03-05,299,0.9966666666666667
NKY,2020-03-06,300,1.0
NKY,2020-03-09,300,1.0
NKY,2020-03-10,300,1.0
NKY,2020-03-11,300,1.0
NKY,2020-03-12,300,1.0
NKY,2020-03-13,300,1.0
NKY,2020-03-16,300,1.0
NKY,2020-03-17,300,1.0
NKY,2020-03-18,300,1.0
NKY,2020-03-19,300,1.0
NKY,2020-03-20,297,0.99
NKY,2020-03-23,300,1.0
NKY,2020-03-24,300,1.0
NKY,2020-03-25,300,1.0
NKY,2020-03-26,300,1.0
NKY,2020-03-27,300,1.0
NKY,2020-03-30,300,1.0
NKY,2020-03-31,300,1.0
NKY,2020-04-01,300,1.0
NKY,2020-04-02,300,1.0
NKY,2020-04-03,300,1.0
NKY,2020-04-06,300,1.0
NKY,2020-04-07,300,1.0
NKY,2020-04-08,300,1.0
NKY,2020-04-09,300,1.0
NKY,2020-04-13,300,1.0
NKY,2020-04-14,300,1.0
NKY,2020-04-15,300,1.0
NKY,2020-04-16,300,1.0
NKY,2020-04-17,300,1.0
NKY,2020-04-20,300,1.0
NKY,2020-04-21,300,1.0
NKY,2020-04-22,300,1.0
NKY,2020-04-23,300,1.0
NKY,2020-04-24,296,0.9866666666666667
NKY,2020-04-27,300,1.0
NKY,2020-04-28,298,0.9933333333333333
NKY,2020-04-29,296,0.9866666666666667
NKY,2020-04-30,300,1.0
NKY,2020-05-01,300,1.0
NKY,2020-05-04,297,0.99
NKY,2020-05-05,273,0.91
NKY,2020-05-06,290,0.9666666666666667
NKY,2020-05-07,299,0.9966666666666667
NKY,2020-05-08,299,0.9966666666666667
NKY,2020-05-11,298,0.9933333333333333
NKY,2020-05-12,298,0.9933333333333333
NKY,2020-05-13,298,0.9933333333333333
NKY,2020-05-14,300,1.0
NKY,2020-05-15,300,1.0
NKY,2020-05-18,299,0.9966666666666667
NKY,2020-05-19,299,0.9966666666666667
NKY,2020-05-20,296,0.9866666666666667
NKY,2020-05-21,289,0.9633333333333334
NKY,2020-05-22,299,0.9966666666666667
NKY,2020-05-25,263,0.8766666666666667
NKY,2020-05-26,299,0.9966666666666667
NKY,2020-05-27,300,1.0
NKY,2020-05-28,300,1.0
NKY,2020-05-29,300,1.0
NKY,2020-06-01,299,0.9966666666666667
NKY,2020-06-02,294,0.98
NKY,2020-06-03,300,1.0
NKY,2020-06-04,300,1.0
NKY,2020-06-05,299,0.9966666666666667
NKY,2020-06-08,300,1.0
NKY,2020-06-09,298,0.9933333333333333
NKY,2020-06-10,300,1.0
NKY,2020-06-11,300,1.0
NKY,2020-06-12,300,1.0
NKY,2020-06-15,300,1.0
NKY,2020-06-16,300,1.0
NKY,2020-06-17,300,1.0
NKY,2020-06-18,300,1.0
NKY,2020-06-19,299,0.9966666666666667
NKY,2020-06-22,300,1.0
NKY,2020-06-23,300,1.0
NKY,2020-06-24,300,1.0
NKY,2020-06-25,300,1.0
NKY,2020-06-26,300,1.0
NKY,2020-06-29,300,1.0
NKY,2020-06-30,293,0.9766666666666667
NKY,2020-07-01,297,0.99
NKY,2020-07-02,298,0.9933333333333333
NKY,2020-07-03,300,1.0
NKY,2020-07-06,300,1.0
NKY,2020-07-07,298,0.9933333333333333
NKY,2020-07-08,298,0.9933333333333333
NKY,2020-07-09,300,1.0
NKY,2020-07-10,299,0.9966666666666667
NKY,2020-07-13,298,0.9933333333333333
NKY,2020-07-14,294,0.98
NKY,2020-07-15,298,0.9933333333333333
NKY,2020-07-16,299,0.9966666666666667
NKY,2020-07-17,298,0.9933333333333333
NKY,2020-07-20,295,0.9833333333333333
NKY,2020-07-21,281,0.9366666666666666
NKY,2020-07-22,285,0.95
NKY,2020-07-23,267,0.89
NKY,2020-07-24,295,0.9833333333333333
NKY,2020-07-27,292,0.9733333333333334
NKY,2020-07-28,295,0.9833333333333333
NKY,2020-07-29,293,0.9766666666666667
NKY,2020-07-30,294,0.98
NKY,2020-07-31,300,1.0
NKY,2020-08-03,295,0.9833333333333333
NKY,2020-08-04,292,0.9733333333333334
NKY,2020-08-05,298,0.9933333333333333
NKY,2020-08-06,299,0.9966666666666667
NKY,2020-08-07,299,0.9966666666666667
NKY,2020-08-10,247,0.8233333333333334
NKY,2020-08-11,281,0.9366666666666666
NKY,2020-08-12,299,0.9966666666666667
NKY,2020-08-13,296,0.9866666666666667
NKY,2020-08-14,291,0.97
NKY,2020-08-17,283,0.9433333333333334
NKY,2020-08-18,290,0.9666666666666667
NKY,2020-08-19,295,0.9833333333333333
NKY,2020-08-20,296,0.9866666666666667
NKY,2020-08-21,291,0.97
NKY,2020-08-24,282,0.94
NKY,2020-08-25,293,0.9766666666666667
NKY,2020-08-26,273,0.91
NKY,2020-08-27,277,0.9233333333333333
NKY,2020-08-28,295,0.9833333333333333
NKY,2020-08-31,295,0.9833333333333333
NKY,2020-09-01,294,0.98
NKY,2020-09-02,269,0.8966666666666666
NKY,2020-09-03,295,0.9833333333333333
NKY,2020-09-04,300,1.0
NKY,2020-09-07,299,0.9966666666666667
NKY,2020-09-08,287,0.9566666666666667
NKY,2020-09-09,291,0.97
NKY,2020-09-10,289,0.9633333333333334
NKY,2020-09-11,287,0.9566666666666667
NKY,2020-09-14,253,0.8433333333333334
NKY,2020-09-15,261,0.87
NKY,2020-09-16,225,0.75
NKY,2020-09-17,280,0.9333333333333333
NKY,2020-09-18,252,0.84
NKY,2020-09-21,278,0.9266666666666666
NKY,2020-09-22,290,0.9666666666666667
NKY,2020-09-23,277,0.9233333333333333
NKY,2020-09-24,293,0.9766666666666667
NKY,2020-09-25,290,0.9666666666666667
NKY,2020-09-28,260,0.8666666666666667
NKY,2020-09-29,284,0.9466666666666667
NKY,2020-09-30,295,0.9833333333333333
NKY,2020-10-01,253,0.8433333333333334
NKY,2020-10-02,291,0.97
NKY,2020-10-05,271,0.9033333333333333
NKY,2020-10-06,264,0.88
NKY,2020-10-07,250,0.8333333333333334
NKY,2020-10-08,284,0.9466666666666667
NKY,2020-10-09,268,0.8933333333333333
NKY,2020-10-12,268,0.8933333333333333
NKY,2020-10-13,264,0.88
NKY,2020-10-14,261,0.87
NKY,2020-10-15,275,0.9166666666666666
NKY,2020-10-16,283,0.9433333333333334
NKY,2020-10-19,263,0.8766666666666667
NKY,2020-10-20,262,0.8733333333333333
NKY,2020-10-21,257,0.8566666666666667
NKY,2020-10-22,265,0.8833333333333333
NKY,2020-10-23,254,0.8466666666666667
NKY,2020-10-26,229,0.7633333333333333
NKY,2020-10-27,261,0.87
NKY,2020-10-28,267,0.89
NKY,2020-10-29,281,0.9366666666666666
NKY,2020-10-30,295,0.9833333333333333
NKY,2020-11-02,290,0.9666666666666667
NKY,2020-11-03,264,0.88
NKY,2020-11-04,300,1.0
NKY,2020-11-05,300,1.0
NKY,2020-11-06,299,0.9966666666666667
NKY,2020-11-09,300,1.0
NKY,2020-11-10,300,1.0
NKY,2020-11-11,298,0.9933333333333333
NKY,2020-11-12,300,1.0
NKY,2020-11-13,300,1.0
NKY,2020-11-16,300,1.0
NKY,2020-11-17,296,0.9866666666666667
NKY,2020-11-18,297,0.99
NKY,2020-11-19,299,0.9966666666666667
NKY,2020-11-20,299,0.9966666666666667
NKY,2020-11-23,242,0.8066666666666666
NKY,2020-11-24,298,0.9933333333333333
NKY,2020-11-25,300,1.0
NKY,2020-11-26,300,1.0
NKY,2020-11-27,300,1.0
NKY,2020-11-30,300,1.0
NKY,2020-12-01,299,0.9966666666666667
NKY,2020-12-02,296,0.9866666666666667
NKY,2020-12-03,300,1.0
NKY,2020-12-04,298,0.9933333333333333
NKY,2020-12-07,300,1.0
NKY,2020-12-08,294,0.98
NKY,2020-12-09,297,0.99
NKY,2020-12-10,297,0.99
NKY,2020-12-11,294,0.98
NKY,2020-12-14,292,0.9733333333333334
NKY,2020-12-15,290,0.9666666666666667
NKY,2020-12-16,283,0.9433333333333334
NKY,2020-12-17,287,0.9566666666666667
NKY,2020-12-18,274,0.9133333333333333
NKY,2020-12-21,289,0.9633333333333334
NKY,2020-12-22,297,0.99
NKY,2020-12-23,271,0.9033333333333333
NKY,2020-12-24,286,0.9533333333333334
NKY,2020-12-28,284,0.9466666666666667
NKY,2020-12-29,296,0.9866666666666667
NKY,2020-12-30,294,0.98
NKY,2020-12-31,211,0.7033333333333334
NKY,2021-01-04,299,0.9966666666666667
NKY,2021-01-05,300,1.0
NKY,2021-01-06,300,1.0
NKY,2021-01-07,298,0.9933333333333333
NKY,2021-01-08,300,1.0
NKY,2021-01-11,296,0.9866666666666667
NKY,2021-01-12,299,0.9966666666666667
NKY,2021-01-13,299,0.9966666666666667
NKY,2021-01-14,300,1.0
NKY,2021-01-15,300,1.0
NKY,2021-01-18,300,1.0
NKY,2021-01-19,298,0.9933333333333333
NKY,2021-01-20,300,1.0
NKY,2021-01-21,297,0.99
NKY,2021-01-22,300,1.0
NKY,2021-01-25,298,0.9933333333333333
NKY,2021-01-26,300,1.0
NKY,2021-01-27,297,0.99
NKY,2021-01-28,300,1.0
NKY,2021-01-29,300,1.0
NKY,2021-02-01,300,1.0
NKY,2021-02-02,300,1.0
NKY,2021-02-03,297,0.99
NKY,2021-02-04,300,1.0
NKY,2021-02-05,300,1.0
NKY,2021-02-08,300,1.0
NKY,2021-02-09,299,0.9966666666666667
NKY,2021-02-10,299,0.9966666666666667
NKY,2021-02-11,232,0.7733333333333333
NKY,2021-02-12,292,0.9733333333333334
NKY,2021-02-15,300,1.0
NKY,2021-02-16,300,1.0
NKY,2021-02-17,300,1.0
NKY,2021-02-18,300,1.0
NKY,2021-02-19,300,1.0
NKY,2021-02-22,300,1.0
NKY,2021-02-23,281,0.9366666666666666
NKY,2021-02-24,300,1.0
NKY,2021-02-25,300,1.0
NKY,2021-02-26,300,1.0
NKY,2021-03-01,300,1.0
NKY,2021-03-02,300,1.0
NKY,2021-03-03,299,0.9966666666666667
NKY,2021-03-04,300,1.0
NKY,2021-03-05,300,1.0
NKY,2021-03-08,299,0.9966666666666667
NKY,2021-03-09,300,1.0
NKY,2021-03-10,299,0.9966666666666667
NKY,2021-03-11,300,1.0
NKY,2021-03-12,300,1.0
NKY,2021-03-15,300,1.0
NKY,2021-03-16,298,0.9933333333333333
NKY,2021-03-17,299,0.9966666666666667
NKY,2021-03-18,300,1.0
NKY,2021-03-19,300,1.0
NKY,2021-03-22,300,1.0
NKY,2021-03-23,300,1.0
NKY,2021-03-24,300,1.0
NKY,2021-03-25,300,1.0
NKY,2021-03-26,300,1.0
NKY,2021-03-29,300,1.0
NKY,2021-03-30,298,0.9933333333333333
NKY,2021-03-31,299,0.9966666666666667
NKY,2021-04-01,300,1.0
NKY,2021-04-02,300,1.0
NKY,2021-04-05,293,0.9766666666666667
NKY,2021-04-06,300,1.0
NKY,2021-04-07,299,0.9966666666666667
NKY,2021-04-08,296,0.9866666666666667
NKY,2021-04-09,299,0.9966666666666667
NKY,2021-04-12,300,1.0
NKY,2021-04-13,298,0.9933333333333333
NKY,2021-04-14,297,0.99
NKY,2021-04-15,299,0.9966666666666667
NKY,2021-04-16,300,1.0
NKY,2021-04-19,299,0.9966666666666667
NKY,2021-04-20,300,1.0
NKY,2021-04-21,300,1.0
NKY,2021-04-22,300,1.0
NKY,2021-04-23,299,0.9966666666666667
NKY,2021-04-26,300,1.0
NKY,2021-04-27,298,0.9933333333333333
NKY,2021-04-28,297,0.99
NKY,2021-04-29,250,0.8333333333333334
NKY,2021-04-30,299,0.9966666666666667
NKY,2021-05-03,248,0.8266666666666667
NKY,2021-05-04,249,0.83
NKY,2021-05-05,268,0.8933333333333333
NKY,2021-05-06,300,1.0
NKY,2021-05-07,297,0.99
NKY,2021-05-10,297,0.99
NKY,2021-05-11,300,1.0
NKY,2021-05-12,300,1.0
NKY,2021-05-13,300,1.0
NKY,2021-05-14,300,1.0
NKY,2021-05-17,300,1.0
NKY,2021-05-18,300,1.0
NKY,2021-05-19,300,1.0
NKY,2021-05-20,300,1.0
NKY,2021-05-21,300,1.0
NKY,2021-05-24,299,0.9966666666666667
NKY,2021-05-25,278,0.9266666666666666
NKY,2021-05-26,296,0.9866666666666667
NKY,2021-05-27,300,1.0
NKY,2021-05-28,298,0.9933333333333333
NKY,2021-05-31,300,1.0
NKY,2021-06-01,300,1.0
NKY,2021-06-02,300,1.0
NKY,2021-06-03,296,0.9866666666666667
NKY,2021-06-04,300,1.0
NKY,2021-06-07,299,0.9966666666666667
NKY,2021-06-08,300,1.0
NKY,2021-06-09,288,0.96
NKY,2021-06-10,277,0.9233333333333333
NKY,2021-06-11,296,0.9866666666666667
NKY,2021-06-14,282,0.94
NKY,2021-06-15,292,0.9733333333333334
NKY,2021-06-16,290,0.9666666666666667
NKY,2021-06-17,298,0.9933333333333333
NKY,2021-06-18,295,0.9833333333333333
NKY,2021-06-21,300,1.0
NKY,2021-06-22,299,0.9966666666666667
NKY,2021-06-23,291,0.97
NKY,2021-06-24,286,0.9533333333333334
NKY,2021-06-25,293,0.9766666666666667
NKY,2021-06-28,286,0.9533333333333334
NKY,2021-06-29,289,0.9633333333333334
NKY,2021-06-30,286,0.9533333333333334
NKY,2021-07-01,296,0.9866666666666667
NKY,2021-07-02,284,0.9466666666666667
NKY,2021-07-05,280,0.9333333333333333
NKY,2021-07-06,286,0.9533333333333334
NKY,2021-07-07,298,0.9933333333333333
NKY,2021-07-08,297,0.99
NKY,2021-07-09,300,1.0
NKY,2021-07-12,293,0.9766666666666667
NKY,2021-07-13,291,0.97
NKY,2021-07-14,299,0.9966666666666667
NKY,2021-07-15,297,0.99
NKY,2021-07-16,300,1.0
NKY,2021-07-19,300,1.0
NKY,2021-07-20,300,1.0
NKY,2021-07-21,300,1.0
NKY,2021-07-22,242,0.8066666666666666
NKY,2021-07-23,231,0.77
NKY,2021-07-26,299,0.9966666666666667
NKY,2021-07-27,297,0.99
NKY,2021-07-28,300,1.0
NKY,2021-07-29,296,0.9866666666666667
NKY,2021-07-30,300,1.0
NKY,2021-08-02,283,0.9433333333333334
NKY,2021-08-03,299,0.9966666666666667
NKY,2021-08-04,299,0.9966666666666667
NKY,2021-08-05,287,0.9566666666666667
NKY,2021-08-06,291,0.97
NKY,2021-08-09,264,0.88
NKY,2021-08-10,299,0.9966666666666667
NKY,2021-08-11,299,0.9966666666666667
NKY,2021-08-12,300,1.0
NKY,2021-08-13,293,0.9766666666666667
NKY,2021-08-16,300,1.0
NKY,2021-08-17,295,0.9833333333333333
NKY,2021-08-18,296,0.9866666666666667
NKY,2021-08-19,300,1.0
NKY,2021-08-20,300,1.0
NKY,2021-08-23,297,0.99
NKY,2021-08-24,286,0.9533333333333334
NKY,2021-08-25,296,0.9866666666666667
NKY,2021-08-26,284,0.9466666666666667
NKY,2021-08-27,291,0.97
NKY,2021-08-30,283,0.9433333333333334
NKY,2021-08-31,300,1.0
NKY,2021-09-01,296,0.9866666666666667
NKY,2021-09-02,294,0.98
NKY,2021-09-03,300,1.0
NKY,2021-09-06,299,0.9966666666666667
NKY,2021-09-07,300,1.0
NKY,2021-09-08,300,1.0
NKY,2021-09-09,300,1.0
NKY,2021-09-10,298,0.9933333333333333
NKY,2021-09-13,298,0.9933333333333333
NKY,2021-09-14,299,0.9966666666666667
NKY,2021-09-15,298,0.9933333333333333
NKY,2021-09-16,300,1.0
NKY,2021-09-17,298,0.9933333333333333
NKY,2021-09-20,294,0.98
NKY,2021-09-21,300,1.0
NKY,2021-09-22,300,1.0
NKY,2021-09-23,287,0.9566666666666667
NKY,2021-09-24,298,0.9933333333333333
NKY,2021-09-27,299,0.9966666666666667
NKY,2021-09-28,297,0.99
NKY,2021-09-29,300,1.0
NKY,2021-09-30,300,1.0
NKY,2021-10-01,300,1.0
NKY,2021-10-04,300,1.0
NKY,2021-10-05,300,1.0
NKY,2021-10-06,300,1.0
NKY,2021-10-07,300,1.0
NKY,2021-10-08,300,1.0
NKY,2021-10-11,300,1.0
NKY,2021-10-12,300,1.0
NKY,2021-10-13,300,1.0
NKY,2021-10-14,298,0.9933333333333333
NKY,2021-10-15,300,1.0
NKY,2021-10-18,299,0.9966666666666667
NKY,2021-10-19,297,0.99
NKY,2021-10-20,297,0.99
NKY,2021-10-21,300,1.0
NKY,2021-10-22,297,0.99
NKY,2021-10-25,299,0.9966666666666667
NKY,2021-10-26,293,0.9766666666666667
NKY,2021-10-27,290,0.9666666666666667
NKY,2021-10-28,300,1.0
NKY,2021-10-29,300,1.0
NKY,2021-11-01,299,0.9966666666666667
NKY,2021-11-02,298,0.9933333333333333
NKY,2021-11-03,241,0.8033333333333333
NKY,2021-11-04,296,0.9866666666666667
NKY,2021-11-05,299,0.9966666666666667
NKY,2021-11-08,300,1.0
NKY,2021-11-09,300,1.0
NKY,2021-11-10,299,0.9966666666666667
NKY,2021-11-11,300,1.0
NKY,2021-11-12,295,0.9833333333333333
NKY,2021-11-15,295,0.9833333333333333
NKY,2021-11-16,295,0.9833333333333333
NKY,2021-11-17,293,0.9766666666666667
NKY,2021-11-18,300,1.0
NKY,2021-11-19,297,0.99
NKY,2021-11-22,295,0.9833333333333333
NKY,2021-11-23,281,0.9366666666666666
NKY,2021-11-24,300,1.0
NKY,2021-11-25,288,0.96
NKY,2021-11-26,300,1.0
NKY,2021-11-29,300,1.0
NKY,2021-11-30,300,1.0
NKY,2021-12-01,300,1.0
NKY,2021-12-02,300,1.0
NKY,2021-12-03,300,1.0
NKY,2021-12-06,300,1.0
NKY,2021-12-07,300,1.0
NKY,2021-12-08,300,1.0
NKY,2021-12-09,296,0.9866666666666667
NKY,2021-12-10,300,1.0
NKY,2021-12-13,257,0.8566666666666667
NKY,2021-12-14,299,0.9966666666666667
NKY,2021-12-15,293,0.9766666666666667
NKY,2021-12-16,300,1.0
NKY,2021-12-17,299,0.9966666666666667
NKY,2021-12-20,300,1.0
NKY,2021-12-21,300,1.0
NKY,2021-12-22,298,0.9933333333333333
NKY,2021-12-23,279,0.93
NKY,2021-12-27,288,0.96
NKY,2021-12-28,300,1.0
NKY,2021-12-29,299,0.9966666666666667
NKY,2021-12-30,299,0.9966666666666667
NKY,2021-12-31,263,0.8766666666666667
NKY,2022-01-03,271,0.9033333333333333
NKY,2022-01-04,298,0.9933333333333333
NKY,2022-01-05,299,0.9966666666666667
NKY,2022-01-06,300,1.0
NKY,2022-01-07,300,1.0
NKY,2022-01-10,294,0.98
NKY,2022-01-11,300,1.0
NKY,2022-01-12,298,0.9933333333333333
NKY,2022-01-13,299,0.9966666666666667
NKY,2022-01-14,300,1.0
NKY,2022-01-17,295,0.9833333333333333
NKY,2022-01-18,300,1.0
NKY,2022-01-19,300,1.0
NKY,2022-01-20,300,1.0
NKY,2022-01-21,300,1.0
NKY,2022-01-24,300,1.0
NKY,2022-01-25,300,1.0
NKY,2022-01-26,300,1.0
NKY,2022-01-27,300,1.0
NKY,2022-01-28,300,1.0
NKY,2022-01-31,300,1.0
NKY,2022-02-01,300,1.0
NKY,2022-02-02,300,1.0
NKY,2022-02-03,300,1.0
NKY,2022-02-04,300,1.0
NKY,2022-02-07,300,1.0
NKY,2022-02-08,300,1.0
NKY,2022-02-09,296,0.9866666666666667
NKY,2022-02-10,295,0.9833333333333333
NKY,2022-02-11,287,0.9566666666666667
NKY,2022-02-14,299,0.9966666666666667
NKY,2022-02-15,300,1.0
NKY,2022-02-16,293,0.9766666666666667
NKY,2022-02-17,300,1.0
NKY,2022-02-18,300,1.0
NKY,2022-02-21,20,0.06666666666666667
NKY,2022-02-22,300,1.0
NKY,2022-02-23,296,0.9866666666666667
NKY,2022-02-24,300,1.0
NKY,2022-02-25,300,1.0
NKY,2022-02-28,300,1.0
NKY,2022-03-01,300,1.0
NKY,2022-03-02,300,1.0
NKY,2022-03-03,298,0.9933333333333333
NKY,2022-03-04,300,1.0
NKY,2022-03-07,300,1.0
NKY,2022-03-08,300,1.0
NKY,2022-03-09,300,1.0
NKY,2022-03-10,300,1.0
NKY,2022-03-11,300,1.0
NKY,2022-03-14,300,1.0
NKY,2022-03-15,300,1.0
NKY,2022-03-16,300,1.0
NKY,2022-03-17,300,1.0
NKY,2022-03-18,299,0.9966666666666667
NKY,2022-03-21,271,0.9033333333333333
NKY,2022-03-22,298,0.9933333333333333
NKY,2022-03-23,300,1.0
NKY,2022-03-24,299,0.9966666666666667
NKY,2022-03-25,300,1.0
NKY,2022-03-28,299,0.9966666666666667
NKY,2022-03-29,297,0.99
NKY,2022-03-30,300,1.0
NKY,2022-03-31,300,1.0
NKY,2022-04-01,300,1.0
NKY,2022-04-04,298,0.9933333333333333
NKY,2022-04-05,298,0.9933333333333333
NKY,2022-04-06,299,0.9966666666666667
NKY,2022-04-07,300,1.0
NKY,2022-04-08,300,1.0
NKY,2022-04-11,299,0.9966666666666667
NKY,2022-04-12,300,1.0
NKY,2022-04-13,297,0.99
NKY,2022-04-14,294,0.98
NKY,2022-04-18,297,0.99
NKY,2022-04-19,298,0.9933333333333333
NKY,2022-04-20,299,0.9966666666666667
NKY,2022-04-21,295,0.9833333333333333
NKY,2022-04-22,298,0.9933333333333333
NKY,2022-04-25,299,0.9966666666666667
NKY,2022-04-26,299,0.9966666666666667
NKY,2022-04-27,300,1.0
NKY,2022-04-28,299,0.9966666666666667
NKY,2022-04-29,282,0.94
NKY,2022-05-02,299,0.9966666666666667
NKY,2022-05-03,266,0.8866666666666667
NKY,2022-05-04,219,0.73
NKY,2022-05-05,241,0.8033333333333333
NKY,2022-05-06,298,0.9933333333333333
NKY,2022-05-09,300,1.0
NKY,2022-05-10,299,0.9966666666666667
NKY,2022-05-11,300,1.0
NKY,2022-05-12,300,1.0
NKY,2022-05-13,300,1.0
NKY,2022-05-16,300,1.0
NKY,2022-05-17,298,0.9933333333333333
NKY,2022-05-18,298,0.9933333333333333
NKY,2022-05-19,300,1.0
NKY,2022-05-20,298,0.9933333333333333
NKY,2022-05-23,299,0.9966666666666667
NKY,2022-05-24,296,0.9866666666666667
NKY,2022-05-25,297,0.99
NKY,2022-05-26,300,1.0
NKY,2022-05-27,292,0.9733333333333334
NKY,2022-05-30,295,0.9833333333333333
NKY,2022-05-31,298,0.9933333333333333
NKY,2022-06-01,296,0.9866666666666667
NKY,2022-06-02,295,0.9833333333333333
NKY,2022-06-03,275,0.9166666666666666
NKY,2022-06-06,294,0.98
NKY,2022-06-07,300,1.0
NKY,2022-06-08,298,0.9933333333333333
NKY,2022-06-09,295,0.9833333333333333
NKY,2022-06-10,299,0.9966666666666667
NKY,2022-06-13,299,0.9966666666666667
NKY,2022-06-14,300,1.0
NKY,2022-06-15,298,0.9933333333333333
NKY,2022-06-16,300,1.0
NKY,2022-06-17,300,1.0
NKY,2022-06-20,300,1.0
NKY,2022-06-21,296,0.9866666666666667
NKY,2022-06-22,299,0.9966666666666667
NKY,2022-06-23,300,1.0
NKY,2022-06-24,299,0.9966666666666667
NKY,2022-06-27,298,0.9933333333333333
NKY,2022-06-28,300,1.0
NKY,2022-06-29,299,0.9966666666666667
NKY,2022-06-30,300,1.0
NKY,2022-07-01,300,1.0
NKY,2022-07-04,300,1.0
NKY,2022-07-05,299,0.9966666666666667
NKY,2022-07-06,300,1.0
NKY,2022-07-07,300,1.0
NKY,2022-07-08,300,1.0
NKY,2022-07-11,300,1.0
NKY,2022-07-12,297,0.99
NKY,2022-07-13,297,0.99
NKY,2022-07-14,300,1.0
NKY,2022-07-15,299,0.9966666666666667
NKY,2022-07-18,275,0.9166666666666666
NKY,2022-07-19,296,0.9866666666666667
NKY,2022-07-20,297,0.99
NKY,2022-07-21,300,1.0
NKY,2022-07-22,299,0.9966666666666667
NKY,2022-07-25,293,0.9766666666666667
NKY,2022-07-26,294,0.98
NKY,2022-07-27,290,0.9666666666666667
NKY,2022-07-28,299,0.9966666666666667
NKY,2022-07-29,299,0.9966666666666667
NKY,2022-08-01,289,0.9633333333333334
NKY,2022-08-02,295,0.9833333333333333
NKY,2022-08-03,298,0.9933333333333333
NKY,2022-08-04,298,0.9933333333333333
NKY,2022-08-05,292,0.9733333333333334
NKY,2022-08-08,288,0.96
NKY,2022-08-09,296,0.9866666666666667
NKY,2022-08-10,288,0.96
NKY,2022-08-11,237,0.79
NKY,2022-08-12,291,0.97
NKY,2022-08-15,267,0.89
NKY,2022-08-16,289,0.9633333333333334
NKY,2022-08-17,283,0.9433333333333334
NKY,2022-08-18,276,0.92
NKY,2022-08-19,293,0.9766666666666667
NKY,2022-08-22,284,0.9466666666666667
NKY,2022-08-23,294,0.98
NKY,2022-08-24,294,0.98
NKY,2022-08-25,280,0.9333333333333333
NKY,2022-08-26,287,0.9566666666666667
NKY,2022-08-29,294,0.98
NKY,2022-08-30,289,0.9633333333333334
NKY,2022-08-31,292,0.9733333333333334
NKY,2022-09-01,294,0.98
NKY,2022-09-02,295,0.9833333333333333
NKY,2022-09-05,296,0.9866666666666667
NKY,2022-09-06,295,0.9833333333333333
NKY,2022-09-07,291,0.97
NKY,2022-09-08,297,0.99
NKY,2022-09-09,294,0.98
NKY,2022-09-12,281,0.9366666666666666
NKY,2022-09-13,274,0.9133333333333333
NKY,2022-09-14,299,0.9966666666666667
NKY,2022-09-15,290,0.9666666666666667
NKY,2022-09-16,288,0.96
NKY,2022-09-19,234,0.78
NKY,2022-09-20,268,0.8933333333333333
NKY,2022-09-21,291,0.97
NKY,2022-09-22,300,1.0
NKY,2022-09-23,274,0.9133333333333333
NKY,2022-09-26,300,1.0
NKY,2022-09-27,297,0.99
NKY,2022-09-28,300,1.0
NKY,2022-09-29,299,0.9966666666666667
NKY,2022-09-30,300,1.0
NKY,2022-10-03,300,1.0
NKY,2022-10-04,296,0.9866666666666667
NKY,2022-10-05,286,0.9533333333333334
NKY,2022-10-06,292,0.9733333333333334
NKY,2022-10-07,297,0.99
NKY,2022-10-10,264,0.88
NKY,2022-10-11,300,1.0
NKY,2022-10-12,299,0.9966666666666667
NKY,2022-10-13,273,0.91
NKY,2022-10-14,297,0.99
NKY,2022-10-17,294,0.98
NKY,2022-10-18,299,0.9966666666666667
NKY,2022-10-19,297,0.99
NKY,2022-10-20,298,0.9933333333333333
NKY,2022-10-21,294,0.98
NKY,2022-10-24,299,0.9966666666666667
NKY,2022-10-25,291,0.97
NKY,2022-10-26,292,0.9733333333333334
NKY,2022-10-27,297,0.99
NKY,2022-10-28,299,0.9966666666666667
NKY,2022-10-31,294,0.98
NKY,2022-11-01,283,0.9433333333333334
NKY,2022-11-02,290,0.9666666666666667
NKY,2022-11-03,281,0.9366666666666666
NKY,2022-11-04,295,0.9833333333333333
NKY,2022-11-07,290,0.9666666666666667
NKY,2022-11-08,278,0.9266666666666666
NKY,2022-11-09,296,0.9866666666666667
NKY,2022-11-10,281,0.9366666666666666
NKY,2022-11-11,298,0.9933333333333333
NKY,2022-11-14,292,0.9733333333333334
NKY,2022-11-15,273,0.91
NKY,2022-11-16,294,0.98
NKY,2022-11-17,265,0.8833333333333333
NKY,2022-11-18,288,0.96
NKY,2022-11-21,261,0.87
NKY,2022-11-22,275,0.9166666666666666
NKY,2022-11-23,199,0.6633333333333333
NKY,2022-11-24,254,0.8466666666666667
NKY,2022-11-25,237,0.79
NKY,2022-11-28,277,0.9233333333333333
NKY,2022-11-29,268,0.8933333333333333
NKY,2022-11-30,281,0.9366666666666666
NKY,2022-12-01,281,0.9366666666666666
NKY,2022-12-02,294,0.98
NKY,2022-12-05,295,0.9833333333333333
NKY,2022-12-06,282,0.94
NKY,2022-12-07,277,0.9233333333333333
NKY,2022-12-08,283,0.9433333333333334
NKY,2022-12-09,269,0.8966666666666666
NKY,2022-12-12,244,0.8133333333333334
NKY,2022-12-13,251,0.8366666666666667
NKY,2022-12-14,272,0.9066666666666666
NKY,2022-12-15,244,0.8133333333333334
NKY,2022-12-16,284,0.9466666666666667
NKY,2022-12-19,292,0.9733333333333334
NKY,2022-12-20,296,0.9866666666666667
NKY,2022-12-21,299,0.9966666666666667
NKY,2022-12-22,274,0.9133333333333333
NKY,2022-12-23,295,0.9833333333333333
NKY,2022-12-27,267,0.89
NKY,2022-12-28,288,0.96
NKY,2022-12-29,295,0.9833333333333333
NKY,2022-12-30,294,0.98
NKY,2023-01-03,297,0.99
NKY,2023-01-04,266,0.8866666666666667
NKY,2023-01-05,279,0.93
NKY,2023-01-06,277,0.9233333333333333
NKY,2023-01-09,240,0.8
NKY,2023-01-10,279,0.93
NKY,2023-01-11,278,0.9266666666666666
NKY,2023-01-12,232,0.7733333333333333
NKY,2023-01-13,293,0.9766666666666667
NKY,2023-01-16,295,0.9833333333333333
NKY,2023-01-17,269,0.8966666666666666
NKY,2023-01-18,294,0.98
NKY,2023-01-19,281,0.9366666666666666
NKY,2023-01-20,279,0.93
NKY,2023-01-23,274,0.9133333333333333
NKY,2023-01-24,273,0.91
NKY,2023-01-25,269,0.8966666666666666
NKY,2023-01-26,277,0.9233333333333333
NKY,2023-01-27,258,0.86
NKY,2023-01-30,282,0.94
NKY,2023-01-31,268,0.8933333333333333
NKY,2023-02-01,267,0.89
NKY,2023-02-02,269,0.8966666666666666
NKY,2023-02-03,250,0.8333333333333334
NKY,2023-02-06,293,0.9766666666666667
NKY,2023-02-07,265,0.8833333333333333
NKY,2023-02-08,249,0.83
NKY,2023-02-09,263,0.8766666666666667
NKY,2023-02-10,290,0.9666666666666667
NKY,2023-02-13,280,0.9333333333333333
NKY,2023-02-14,251,0.8366666666666667
NKY,2023-02-15,241,0.8033333333333333
NKY,2023-02-16,250,0.8333333333333334
NKY,2023-02-17,260,0.8666666666666667
NKY,2023-02-20,229,0.7633333333333333
NKY,2023-02-21,239,0.7966666666666666
NKY,2023-02-22,257,0.8566666666666667
NKY,2023-02-23,203,0.6766666666666666
NKY,2023-02-24,277,0.9233333333333333
NKY,2023-02-27,269,0.8966666666666666
NKY,2023-02-28,264,0.88
NKY,2023-03-01,287,0.9566666666666667
NKY,2023-03-02,274,0.9133333333333333
NKY,2023-03-03,288,0.96
NKY,2023-03-06,297,0.99
NKY,2023-03-07,275,0.9166666666666666
NKY,2023-03-08,284,0.9466666666666667
NKY,2023-03-09,289,0.9633333333333334
NKY,2023-03-10,299,0.9966666666666667
NKY,2023-03-13,297,0.99
NKY,2023-03-14,300,1.0
NKY,2023-03-15,291,0.97
NKY,2023-03-16,297,0.99
NKY,2023-03-17,293,0.9766666666666667
NKY,2023-03-20,300,1.0
NKY,2023-03-21,252,0.84
NKY,2023-03-22,292,0.9733333333333334
NKY,2023-03-23,286,0.9533333333333334
NKY,2023-03-24,285,0.95
NKY,2023-03-27,291,0.97
NKY,2023-03-28,287,0.9566666666666667
NKY,2023-03-29,280,0.9333333333333333
NKY,2023-03-30,295,0.9833333333333333
NKY,2023-03-31,286,0.9533333333333334
NKY,2023-04-03,286,0.9533333333333334
NKY,2023-04-04,257,0.8566666666666667
NKY,2023-04-05,270,0.9
NKY,2023-04-06,283,0.9433333333333334
NKY,2023-04-07,258,0.86
NKY,2023-04-10,242,0.8066666666666666
NKY,2023-04-11,271,0.9033333333333333
NKY,2023-04-12,258,0.86
NKY,2023-04-13,269,0.8966666666666666
NKY,2023-04-14,281,0.9366666666666666
NKY,2023-04-17,284,0.9466666666666667
NKY,2023-04-18,286,0.9533333333333334
NKY,2023-04-19,264,0.88
NKY,2023-04-20,260,0.8666666666666667
NKY,2023-04-21,286,0.9533333333333334
NKY,2023-04-24,271,0.9033333333333333
NKY,2023-04-25,290,0.9666666666666667
NKY,2023-04-26,282,0.94
NKY,2023-04-27,272,0.9066666666666666
NKY,2023-04-28,300,1.0
NKY,2023-05-01,277,0.9233333333333333
NKY,2023-05-02,297,0.99
NKY,2023-05-03,240,0.8
NKY,2023-05-04,237,0.79
NKY,2023-05-05,163,0.5433333333333333
NKY,2023-05-08,284,0.9466666666666667
NKY,2023-05-09,273,0.91
NKY,2023-05-10,272,0.9066666666666666
NKY,2023-05-11,255,0.85
NKY,2023-05-12,294,0.98
NKY,2023-05-15,293,0.9766666666666667
NKY,2023-05-16,278,0.9266666666666666
NKY,2023-05-17,278,0.9266666666666666
NKY,2023-05-18,298,0.9933333333333333
NKY,2023-05-19,300,1.0
NKY,2023-05-22,300,1.0
NKY,2023-05-23,300,1.0
NKY,2023-05-24,299,0.9966666666666667
NKY,2023-05-25,300,1.0
NKY,2023-05-26,299,0.9966666666666667
NKY,2023-05-29,300,1.0
NKY,2023-05-30,300,1.0
NKY,2023-05-31,300,1.0
NKY,2023-06-01,299,0.9966666666666667
NKY,2023-06-02,299,0.9966666666666667
NKY,2023-06-05,300,1.0
NKY,2023-06-06,300,1.0
NKY,2023-06-07,300,1.0
NKY,2023-06-08,300,1.0
NKY,2023-06-09,300,1.0
NKY,2023-06-12,300,1.0
NKY,2023-06-13,300,1.0
NKY,2023-06-14,300,1.0
NKY,2023-06-15,300,1.0
NKY,2023-06-16,300,1.0
NKY,2023-06-19,300,1.0
NKY,2023-06-20,300,1.0
NKY,2023-06-21,300,1.0
NKY,2023-06-22,300,1.0
NKY,2023-06-23,300,1.0
NKY,2023-06-26,300,1.0
NKY,2023-06-27,300,1.0
NKY,2023-06-28,300,1.0
NKY,2023-06-29,299,0.9966666666666667
NKY,2023-06-30,300,1.0
NKY,2023-07-03,298,0.9933333333333333
NKY,2023-07-05,300,1.0
NKY,2023-07-06,300,1.0
NKY,2023-07-07,300,1.0
NKY,2023-07-10,300,1.0
NKY,2023-07-11,300,1.0
NKY,2023-07-12,300,1.0
NKY,2023-07-13,300,1.0
NKY,2023-07-14,300,1.0
NKY,2023-07-17,283,0.9433333333333334
NKY,2023-07-18,300,1.0
NKY,2023-07-19,300,1.0
NKY,2023-07-20,300,1.0
NKY,2023-07-21,300,1.0
NKY,2023-07-24,300,1.0
NKY,2023-07-25,297,0.99
NKY,2023-07-26,298,0.9933333333333333
NKY,2023-07-27,300,1.0
NKY,2023-07-28,300,1.0
NKY,2023-07-31,300,1.0
NKY,2023-08-01,298,0.9933333333333333
NKY,2023-08-02,300,1.0
NKY,2023-08-03,300,1.0
NKY,2023-08-04,300,1.0
NKY,2023-08-07,300,1.0
NKY,2023-08-08,299,0.9966666666666667
NKY,2023-08-09,297,0.99
NKY,2023-08-10,299,0.9966666666666667
NKY,2023-08-11,288,0.96
NKY,2023-08-14,300,1.0
NKY,2023-08-15,291,0.97
NKY,2023-08-16,297,0.99
NKY,2023-08-17,300,1.0
NKY,2023-08-18,300,1.0
NKY,2023-08-21,299,0.9966666666666667
NKY,2023-08-22,299,0.9966666666666667
NKY,2023-08-23,299,0.9966666666666667
NKY,2023-08-24,299,0.9966666666666667
NKY,2023-08-25,299,0.9966666666666667
NKY,2023-08-28,300,1.0
NKY,2023-08-29,297,0.99
NKY,2023-08-30,297,0.99
NKY,2023-08-31,299,0.9966666666666667
NKY,2023-09-01,297,0.99
NKY,2023-09-04,295,0.9833333333333333
NKY,2023-09-05,297,0.99
NKY,2023-09-06,299,0.9966666666666667
NKY,2023-09-07,300,1.0
NKY,2023-09-08,300,1.0
NKY,2023-09-11,300,1.0
NKY,2023-09-12,298,0.9933333333333333
NKY,2023-09-13,300,1.0
NKY,2023-09-14,300,1.0
NKY,2023-09-15,300,1.0
NKY,2023-09-18,267,0.89
NKY,2023-09-19,299,0.9966666666666667
NKY,2023-09-20,299,0.9966666666666667
NKY,2023-09-21,300,1.0
NKY,2023-09-22,300,1.0
NKY,2023-09-25,300,1.0
NKY,2023-09-26,300,1.0
NKY,2023-09-27,300,1.0
NKY,2023-09-28,300,1.0
NKY,2023-09-29,299,0.9966666666666667
NKY,2023-10-02,300,1.0
NKY,2023-10-03,300,1.0
NKY,2023-10-04,300,1.0
NKY,2023-10-05,300,1.0
NKY,2023-10-06,299,0.9966666666666667
NKY,2023-10-09,293,0.9766666666666667
NKY,2023-10-10,299,0.9966666666666667
NKY,2023-10-11,298,0.9933333333333333
NKY,2023-10-12,300,1.0
NKY,2023-10-13,300,1.0
NKY,2023-10-16,300,1.0
NKY,2023-10-17,300,1.0
NKY,2023-10-18,300,1.0
NKY,2023-10-19,300,1.0
NKY,2023-10-20,300,1.0
NKY,2023-10-23,300,1.0
NKY,2023-10-24,300,1.0
NKY,2023-10-25,300,1.0
NKY,2023-10-26,300,1.0
NKY,2023-10-27,300,1.0
NKY,2023-10-30,300,1.0
NKY,2023-10-31,300,1.0
NKY,2023-11-01,300,1.0
NKY,2023-11-02,300,1.0
NKY,2023-11-03,212,0.7066666666666667
NKY,2023-11-06,300,1.0
NKY,2023-11-07,300,1.0
NKY,2023-11-08,300,1.0
NKY,2023-11-09,300,1.0
NKY,2023-11-10,300,1.0
NKY,2023-11-13,300,1.0
NKY,2023-11-14,298,0.9933333333333333
NKY,2023-11-15,300,1.0
NKY,2023-11-16,300,1.0
NKY,2023-11-17,298,0.9933333333333333
NKY,2023-11-20,300,1.0
NKY,2023-11-21,300,1.0
NKY,2023-11-22,300,1.0
NKY,2023-11-23,246,0.82
NKY,2023-11-24,297,0.99
NKY,2023-11-27,300,1.0
NKY,2023-11-28,298,0.9933333333333333
NKY,2023-11-29,300,1.0
NKY,2023-11-30,300,1.0
NKY,2023-12-01,300,1.0
NKY,2023-12-04,299,0.9966666666666667
NKY,2023-12-05,300,1.0
NKY,2023-12-06,300,1.0
NKY,2023-12-07,299,0.9966666666666667
NKY,2023-12-08,300,1.0
NKY,2023-12-11,300,1.0
NKY,2023-12-12,300,1.0
NKY,2023-12-13,300,1.0
NKY,2023-12-14,300,1.0
NKY,2023-12-15,299,0.9966666666666667
NKY,2023-12-18,300,1.0
NKY,2023-12-19,300,1.0
NKY,2023-12-20,300,1.0
NKY,2023-12-21,300,1.0
NKY,2023-12-22,297,0.99
NKY,2023-12-26,285,0.95
NKY,2023-12-27,295,0.9833333333333333
NKY,2023-12-28,296,0.9866666666666667
NKY,2023-12-29,297,0.99
NKY,2024-01-02,254,0.8466666666666667
NKY,2024-01-03,295,0.9833333333333333
NKY,2024-01-04,300,1.0
NKY,2024-01-05,299,0.9966666666666667
NKY,2024-01-08,245,0.8166666666666667
NKY,2024-01-09,299,0.9966666666666667
NKY,2024-01-10,300,1.0
NKY,2024-01-11,300,1.0
NKY,2024-01-12,300,1.0
NKY,2024-01-15,300,1.0
NKY,2024-01-16,300,1.0
NKY,2024-01-17,300,1.0
NKY,2024-01-18,300,1.0
NKY,2024-01-19,300,1.0
NKY,2024-01-22,299,0.9966666666666667
NKY,2024-01-23,300,1.0
NKY,2024-01-24,300,1.0
NKY,2024-01-25,300,1.0
NKY,2024-01-26,300,1.0
NKY,2024-01-29,300,1.0
NKY,2024-01-30,300,1.0
NKY,2024-01-31,300,1.0
NKY,2024-02-01,300,1.0
NKY,2024-02-02,300,1.0
NKY,2024-02-05,300,1.0
NKY,2024-02-06,300,1.0
NKY,2024-02-07,300,1.0
NKY,2024-02-08,300,1.0
NKY,2024-02-09,300,1.0
NKY,2024-02-12,225,0.75
NKY,2024-02-13,300,1.0
NKY,2024-02-14,300,1.0
NKY,2024-02-15,300,1.0
NKY,2024-02-16,300,1.0
NKY,2024-02-19,300,1.0
NKY,2024-02-20,300,1.0
NKY,2024-02-21,300,1.0
NKY,2024-02-22,300,1.0
NKY,2024-02-23,290,0.9666666666666667
NKY,2024-02-26,300,1.0
NKY,2024-02-27,300,1.0
NKY,2024-02-28,299,0.9966666666666667
NKY,2024-02-29,300,1.0
NKY,2024-03-01,300,1.0
NKY,2024-03-04,300,1.0
NKY,2024-03-05,300,1.0
NKY,2024-03-06,299,0.9966666666666667
NKY,2024-03-07,300,1.0
NKY,2024-03-08,300,1.0
NKY,2024-03-11,300,1.0
NKY,2024-03-12,300,1.0
NKY,2024-03-13,300,1.0
NKY,2024-03-14,300,1.0
NKY,2024-03-15,300,1.0
NKY,2024-03-18,300,1.0
NKY,2024-03-19,300,1.0
NKY,2024-03-20,297,0.99
NKY,2024-03-21,299,0.9966666666666667
NKY,2024-03-22,300,1.0
NKY,2024-03-25,300,1.0
NKY,2024-03-26,300,1.0
NKY,2024-03-27,300,1.0
NKY,2024-03-28,300,1.0
NKY,2024-04-01,300,1.0
NKY,2024-04-02,300,1.0
NKY,2024-04-03,300,1.0
NKY,2024-04-04,300,1.0
NKY,2024-04-05,300,1.0
NKY,2024-04-08,300,1.0
NKY,2024-04-09,300,1.0
NKY,2024-04-10,298,0.9933333333333333
NKY,2024-04-11,300,1.0
NKY,2024-04-12,300,1.0
NKY,2024-04-15,300,1.0
NKY,2024-04-16,300,1.0
NKY,2024-04-17,300,1.0
NKY,2024-04-18,300,1.0
NKY,2024-04-19,300,1.0
NKY,2024-04-22,300,1.0
NKY,2024-04-23,300,1.0
NKY,2024-04-24,300,1.0
NKY,2024-04-25,300,1.0
NKY,2024-04-26,300,1.0
NKY,2024-04-29,300,1.0
NKY,2024-04-30,300,1.0
NKY,2024-05-01,300,1.0
NKY,2024-05-02,300,1.0
NKY,2024-05-03,298,0.9933333333333333
NKY,2024-05-06,293,0.9766666666666667
NKY,2024-05-07,300,1.0
NKY,2024-05-08,300,1.0
NKY,2024-05-09,300,1.0
NKY,2024-05-10,300,1.0
NKY,2024-05-13,300,1.0
NKY,2024-05-14,300,1.0
NKY,2024-05-15,300,1.0
NKY,2024-05-16,300,1.0
NKY,2024-05-17,300,1.0
NKY,2024-05-20,300,1.0
NKY,2024-05-21,300,1.0
NKY,2024-05-22,300,1.0
NKY,2024-05-23,300,1.0
NKY,2024-05-24,300,1.0
NKY,2024-05-27,300,1.0
NKY,2024-05-28,299,0.9966666666666667
NKY,2024-05-29,300,1.0
NKY,2024-05-30,300,1.0
NKY,2024-05-31,300,1.0
NKY,2024-06-03,300,1.0
NKY,2024-06-04,300,1.0
NKY,2024-06-05,300,1.0
NKY,2024-06-06,300,1.0
NKY,2024-06-07,300,1.0
NKY,2024-06-10,300,1.0
NKY,2024-06-11,300,1.0
NKY,2024-06-12,299,0.9966666666666667
NKY,2024-06-13,300,1.0
NKY,2024-06-14,300,1.0
NKY,2024-06-17,300,1.0
NKY,2024-06-18,300,1.0
NKY,2024-06-19,300,1.0
NKY,2024-06-20,299,0.9966666666666667
NKY,2024-06-21,300,1.0
NKY,2024-06-24,300,1.0
NKY,2024-06-25,300,1.0
NKY,2024-06-26,300,1.0
NKY,2024-06-27,300,1.0
NKY,2024-06-28,300,1.0
NKY,2024-07-01,300,1.0
NKY,2024-07-02,300,1.0
NKY,2024-07-03,300,1.0
NKY,2024-07-04,300,1.0
NKY,2024-07-05,299,0.9966666666666667
NKY,2024-07-08,300,1.0
NKY,2024-07-09,300,1.0
NKY,2024-07-10,300,1.0
NKY,2024-07-11,291,0.97
NKY,2024-07-12,300,1.0
NKY,2024-07-15,294,0.98
NKY,2024-07-16,300,1.0
NKY,2024-07-17,300,1.0
NKY,2024-07-18,300,1.0
NKY,2024-07-19,245,0.8166666666666667
NKY,2024-07-22,300,1.0
NKY,2024-07-23,300,1.0
NKY,2024-07-24,300,1.0
NKY,2024-07-25,300,1.0
NKY,2024-07-26,300,1.0
NKY,2024-07-29,300,1.0
NKY,2024-07-30,300,1.0
NKY,2024-07-31,300,1.0
NKY,2024-08-01,300,1.0
NKY,2024-08-02,300,1.0
NKY,2024-08-05,300,1.0
NKY,2024-08-06,300,1.0
NKY,2024-08-07,300,1.0
NKY,2024-08-08,300,1.0
NKY,2024-08-09,300,1.0
NKY,2024-08-12,295,0.9833333333333333
NKY,2024-08-13,300,1.0
NKY,2024-08-14,300,1.0
NKY,2024-08-15,300,1.0
NKY,2024-08-16,300,1.0
NKY,2024-08-19,300,1.0
NKY,2024-08-20,300,1.0
NKY,2024-08-21,300,1.0
NKY,2024-08-22,300,1.0
NKY,2024-08-23,300,1.0
NKY,2024-08-26,300,1.0
NKY,2024-08-27,300,1.0
NKY,2024-08-28,300,1.0
NKY,2024-08-29,300,1.0
NKY,2024-08-30,300,1.0
NKY,2024-09-02,300,1.0
NKY,2024-09-03,300,1.0
NKY,2024-09-04,300,1.0
NKY,2024-09-05,300,1.0
NKY,2024-09-06,300,1.0
NKY,2024-09-09,293,0.9766666666666667
NKY,2024-09-10,300,1.0
NKY,2024-09-11,300,1.0
NKY,2024-09-12,300,1.0
NKY,2024-09-13,300,1.0
NKY,2024-09-17,300,1.0
NKY,2024-09-18,300,1.0
NKY,2024-09-19,300,1.0
NKY,2024-09-20,300,1.0
NKY,2024-09-23,300,1.0
NKY,2024-09-24,300,1.0
NKY,2024-09-25,300,1.0
NKY,2024-09-26,300,1.0
NKY,2024-09-27,300,1.0
NKY,2024-09-30,300,1.0
NKY,2024-10-01,300,1.0
NKY,2024-10-02,300,1.0
NKY,2024-10-03,300,1.0
NKY,2024-10-04,300,1.0
NKY,2024-10-07,300,1.0
NKY,2024-10-08,300,1.0
NKY,2024-10-09,300,1.0
NKY,2024-10-10,288,0.96
NKY,2024-10-11,300,1.0
NKY,2024-10-14,295,0.9833333333333333
NKY,2024-10-15,300,1.0
NKY,2024-10-16,300,1.0
NKY,2024-10-17,300,1.0
NKY,2024-10-18,300,1.0
NKY,2024-10-21,300,1.0
NKY,2024-10-22,300,1.0
NKY,2024-10-23,300,1.0
NKY,2024-10-24,300,1.0
NKY,2024-10-25,300,1.0
NKY,2024-10-28,300,1.0
NKY,2024-10-29,300,1.0
NKY,2024-10-30,300,1.0
NKY,2024-10-31,300,1.0
NKY,2024-11-01,300,1.0
NKY,2024-11-04,287,0.9566666666666667
NKY,2024-11-05,300,1.0
NKY,2024-11-06,300,1.0
NKY,2024-11-07,300,1.0
NKY,2024-11-08,300,1.0
NKY,2024-11-11,300,1.0
NKY,2024-11-12,300,1.0
NKY,2024-11-13,300,1.0
NKY,2024-11-14,300,1.0
NKY,2024-11-15,300,1.0
NKY,2024-11-18,300,1.0
NKY,2024-11-19,300,1.0
NKY,2024-11-20,300,1.0
NKY,2024-11-21,300,1.0
NKY,2024-11-22,300,1.0
NKY,2024-11-25,300,1.0
NKY,2024-11-26,300,1.0
NKY,2024-11-27,300,1.0
NKY,2024-11-28,300,1.0
NKY,2024-11-29,300,1.0
NKY,2024-12-02,300,1.0
NKY,2024-12-03,300,1.0
NKY,2024-12-04,300,1.0
NKY,2024-12-05,300,1.0
NKY,2024-12-06,300,1.0
NKY,2024-12-09,300,1.0
NKY,2024-12-10,300,1.0
NKY,2024-12-11,300,1.0
NKY,2024-12-12,290,0.9666666666666667
NKY,2024-12-13,300,1.0
NKY,2024-12-16,300,1.0
NKY,2024-12-17,300,1.0
NKY,2024-12-18,300,1.0
NKY,2024-12-19,300,1.0
NKY,2024-12-20,300,1.0
NKY,2024-12-23,300,1.0
NKY,2024-12-24,300,1.0
NKY,2024-12-26,299,0.9966666666666667
NKY,2024-12-27,300,1.0
NKY,2024-12-30,300,1.0
NKY,2024-12-31,290,0.9666666666666667
NKY,2025-01-02,296,0.9866666666666667
NKY,2025-01-03,300,1.0
NKY,2025-01-06,300,1.0
NKY,2025-01-07,300,1.0
NKY,2025-01-08,300,1.0
NKY,2025-01-09,300,1.0
NKY,2025-01-10,300,1.0
NKY,2025-01-13,299,0.9966666666666667
NKY,2025-01-14,300,1.0
NKY,2025-01-15,300,1.0
NKY,2025-01-16,300,1.0
NKY,2025-01-17,300,1.0
NKY,2025-01-20,300,1.0
NKY,2025-01-21,300,1.0
NKY,2025-01-22,300,1.0
NKY,2025-01-23,299,0.9966666666666667
NKY,2025-01-24,300,1.0
NKY,2025-01-27,300,1.0
NKY,2025-01-28,300,1.0
NKY,2025-01-29,300,1.0
NKY,2025-01-30,300,1.0
NKY,2025-01-31,300,1.0
NKY,2025-02-03,300,1.0
NKY,2025-02-04,300,1.0
NKY,2025-02-05,300,1.0
NKY,2025-02-06,300,1.0
NKY,2025-02-07,300,1.0
NKY,2025-02-10,300,1.0
NKY,2025-02-11,266,0.8866666666666667
NKY,2025-02-12,300,1.0
NKY,2025-02-13,300,1.0
NKY,2025-02-14,298,0.9933333333333333
NKY,2025-02-17,300,1.0
NKY,2025-02-18,299,0.9966666666666667
NKY,2025-02-19,300,1.0
NKY,2025-02-20,300,1.0
NKY,2025-02-21,300,1.0
NKY,2025-02-24,296,0.9866666666666667
NKY,2025-02-25,300,1.0
NKY,2025-02-26,300,1.0
NKY,2025-02-27,300,1.0
NKY,2025-02-28,300,1.0
NKY,2025-03-03,300,1.0
NKY,2025-03-04,300,1.0
NKY,2025-03-05,300,1.0
NKY,2025-03-06,300,1.0
NKY,2025-03-07,293,0.9766666666666667
NKY,2025-03-10,300,1.0
NKY,2025-03-11,300,1.0
NKY,2025-03-12,299,0.9966666666666667
NKY,2025-03-13,300,1.0
NKY,2025-03-14,300,1.0
NKY,2025-03-17,300,1.0
NKY,2025-03-18,300,1.0
NKY,2025-03-19,300,1.0
NKY,2025-03-20,288,0.96
NKY,2025-03-21,299,0.9966666666666667
NKY,2025-03-24,299,0.9966666666666667
NKY,2025-03-25,300,1.0
NKY,2025-03-26,300,1.0
NKY,2025-03-27,300,1.0
NKY,2025-03-28,300,1.0
NKY,2025-03-31,300,1.0
NKY,2025-04-01,300,1.0
NKY,2025-04-02,300,1.0
NKY,2025-04-03,300,1.0
NKY,2025-04-04,300,1.0
NKY,2025-04-07,300,1.0
NKY,2025-04-08,300,1.0
NKY,2025-04-09,300,1.0
NKY,2025-04-10,300,1.0
NKY,2025-04-11,300,1.0
NKY,2025-04-14,300,1.0
NKY,2025-04-15,300,1.0
NKY,2025-04-16,300,1.0
NKY,2025-04-17,300,1.0
NKY,2025-04-21,300,1.0
NKY,2025-04-22,300,1.0
NKY,2025-04-23,300,1.0
NKY,2025-04-24,300,1.0
NKY,2025-04-25,300,1.0
NKY,2025-04-28,300,1.0
NKY,2025-04-29,296,0.9866666666666667
NKY,2025-04-30,300,1.0
NKY,2025-05-01,300,1.0
NKY,2025-05-02,300,1.0
NKY,2025-05-05,300,1.0
NKY,2025-05-06,277,0.9233333333333333
NKY,2025-05-07,300,1.0
NKY,2025-05-08,300,1.0
NKY,2025-05-09,300,1.0
NKY,2025-05-12,300,1.0
NKY,2025-05-13,299,0.9966666666666667
NKY,2025-05-14,300,1.0
NKY,2025-05-15,299,0.9966666666666667
NKY,2025-05-16,300,1.0
NKY,2025-05-19,300,1.0
NKY,2025-05-20,300,1.0
NKY,2025-05-21,300,1.0
NKY,2025-05-22,300,1.0
NKY,2025-05-23,300,1.0
NKY,2025-05-26,300,1.0
NKY,2025-05-27,300,1.0
NKY,2025-05-28,300,1.0
NKY,2025-05-29,300,1.0
NKY,2025-05-30,300,1.0
NKY,2025-06-02,299,0.9966666666666667
NKY,2025-06-03,300,1.0
NKY,2025-06-04,299,0.9966666666666667
NKY,2025-06-05,300,1.0
NKY,2025-06-06,292,0.9733333333333334
NKY,2025-06-09,300,1.0
NKY,2025-06-10,300,1.0
NKY,2025-06-11,300,1.0
NKY,2025-06-12,299,0.9966666666666667
NKY,2025-06-13,300,1.0
NKY,2025-06-16,300,1.0
NKY,2025-06-17,300,1.0
NKY,2025-06-18,300,1.0
NKY,2025-06-19,295,0.9833333333333333
NKY,2025-06-20,300,1.0
NKY,2025-06-23,300,1.0
NKY,2025-06-24,300,1.0
NKY,2025-06-25,300,1.0
NKY,2025-06-26,300,1.0
NKY,2025-06-27,300,1.0
NKY,2025-06-30,300,1.0
NKY,2025-07-01,300,1.0
NKY,2025-07-02,300,1.0
NKY,2025-07-03,300,1.0
NKY,2025-07-04,300,1.0
NKY,2025-07-07,300,1.0
NKY,2025-07-08,300,1.0
NKY,2025-07-09,298,0.9933333333333333
NKY,2025-07-10,300,1.0
NKY,2025-07-11,300,1.0
NKY,2025-07-14,300,1.0
NKY,2025-07-15,299,0.9966666666666667
NKY,2025-07-16,299,0.9966666666666667
NKY,2025-07-17,300,1.0
NKY,2025-07-18,300,1.0
NKY,2025-07-21,281,0.9366666666666666
NKY,2025-07-22,300,1.0
NKY,2025-07-23,300,1.0
NKY,2025-07-24,300,1.0
NKY,2025-07-25,300,1.0
NKY,2025-07-28,300,1.0
NKY,2025-07-29,299,0.9966666666666667
NKY,2025-07-30,299,0.9966666666666667
NKY,2025-07-31,300,1.0
NKY,2025-08-01,300,1.0
NKY,2025-08-04,300,1.0
NKY,2025-08-05,300,1.0
NKY,2025-08-06,300,1.0
NKY,2025-08-07,300,1.0
NKY,2025-08-08,300,1.0
NKY,2025-08-11,298,0.9933333333333333
NKY,2025-08-12,300,1.0
NKY,2025-08-13,300,1.0
NKY,2025-08-14,300,1.0
NKY,2025-08-15,300,1.0
NKY,2025-08-18,300,1.0
NKY,2025-08-19,300,1.0
NKY,2025-08-20,300,1.0
NKY,2025-08-21,299,0.9966666666666667
NKY,2025-08-22,299,0.9966666666666667
NKY,2025-08-25,300,1.0
NKY,2025-08-26,299,0.9966666666666667
NKY,2025-08-27,300,1.0
NKY,2025-08-28,300,1.0
NKY,2025-08-29,300,1.0
NKY,2025-09-01,300,1.0
NKY,2025-09-02,300,1.0
NKY,2025-09-03,300,1.0
NKY,2025-09-04,300,1.0
NKY,2025-09-05,300,1.0
NKY,2025-09-08,299,0.9966666666666667
NKY,2025-09-09,299,0.9966666666666667
NKY,2025-09-10,299,0.9966666666666667
NKY,2025-09-11,300,1.0
NKY,2025-09-12,300,1.0
NKY,2025-09-15,223,0.7433333333333333
NKY,2025-09-16,300,1.0
NKY,2025-09-17,300,1.0
NKY,2025-09-18,300,1.0
NKY,2025-09-19,300,1.0
NKY,2025-09-22,300,1.0
NKY,2025-09-23,296,0.9866666666666667
NKY,2025-09-24,300,1.0
NKY,2025-09-25,299,0.9966666666666667
NKY,2025-09-26,300,1.0
NKY,2025-09-29,300,1.0
NKY,2025-09-30,300,1.0
NKY,2025-10-01,300,1.0
NKY,2025-10-02,300,1.0
NKY,2025-10-03,300,1.0
NKY,2025-10-06,300,1.0
NKY,2025-10-07,300,1.0
NKY,2025-10-08,300,1.0
NKY,2025-10-09,300,1.0
NKY,2025-10-10,300,1.0
NKY,2025-10-13,300,1.0
NKY,2025-10-14,300,1.0
NKY,2025-10-15,300,1.0
NKY,2025-10-16,300,1.0
NKY,2025-10-17,300,1.0
NKY,2025-10-20,300,1.0
NKY,2025-10-21,300,1.0
NKY,2025-10-22,300,1.0
NKY,2025-10-23,300,1.0
NKY,2025-10-24,300,1.0
NKY,2025-10-27,300,1.0
NKY,2025-10-28,300,1.0
NKY,2025-10-29,300,1.0
NKY,2025-10-30,300,1.0
NKY,2025-10-31,300,1.0
NKY,2025-11-03,300,1.0
NKY,2025-11-04,300,1.0
NKY,2025-11-05,300,1.0
NKY,2025-11-06,300,1.0
NKY,2025-11-07,300,1.0
NKY,2025-11-10,300,1.0
NKY,2025-11-11,300,1.0
NKY,2025-11-12,300,1.0
NKY,2025-11-13,300,1.0
NKY,2025-11-14,300,1.0
NKY,2025-11-17,300,1.0
NKY,2025-11-18,300,1.0
NKY,2025-11-19,300,1.0
NKY,2025-11-20,300,1.0
NKY,2025-11-21,300,1.0
NKY,2025-11-24,300,1.0
NKY,2025-11-25,300,1.0
NKY,2025-11-26,300,1.0
NKY,2025-11-27,300,1.0
NKY,2025-11-28,150,0.5
NKY,2025-12-01,300,1.0
NKY,2025-12-02,300,1.0
NKY,2025-12-03,300,1.0
NKY,2025-12-04,300,1.0
NKY,2025-12-05,300,1.0
NKY,2025-12-08,300,1.0
NKY,2025-12-09,300,1.0
NKY,2025-12-10,300,1.0
NKY,2025-12-11,300,1.0
NKY,2025-12-12,300,1.0
NKY,2025-12-15,300,1.0
NKY,2025-12-16,300,1.0
NKY,2025-12-17,300,1.0
NKY,2025-12-18,300,1.0
NKY,2025-12-19,300,1.0
NKY,2025-12-22,300,1.0
NKY,2025-12-23,300,1.0
NKY,2025-12-24,300,1.0
NKY,2025-12-26,299,0.9966666666666667
NKY,2025-12-29,300,1.0
NKY,2025-12-30,300,1.0
NKY,2025-12-31,259,0.8633333333333333
NKY,2026-01-02,263,0.8766666666666667
NKY,2026-01-05,300,1.0
NKY,2026-01-06,299,0.9966666666666667
NKY,2026-01-07,300,1.0
NKY,2026-01-08,300,1.0
NKY,2026-01-09,300,1.0
NKY,2026-01-12,299,0.9966666666666667
NKY,2026-01-13,300,1.0
NKY,2026-01-14,300,1.0
NKY,2026-01-15,300,1.0
NKY,2026-01-16,300,1.0
NKY,2026-01-19,300,1.0
NKY,2026-01-20,300,1.0
NKY,2026-01-21,300,1.0
NKY,2026-01-22,300,1.0
NKY,2026-01-23,300,1.0
NKY,2026-01-26,300,1.0
NKY,2026-01-27,300,1.0
NKY,2026-01-28,300,1.0
NKY,2026-01-29,300,1.0
NKY,2026-01-30,300,1.0
NKY,2026-02-02,300,1.0
NKY,2026-02-03,300,1.0
NKY,2026-02-04,300,1.0
NKY,2026-02-05,300,1.0
NKY,2026-02-06,300,1.0
NKY,2026-02-09,300,1.0
NKY,2026-02-10,300,1.0
NKY,2026-02-11,300,1.0
NKY,2026-02-12,300,1.0
NKY,2026-02-13,300,1.0
NKY,2026-02-16,300,1.0
NKY,2026-02-17,300,1.0
NKY,2026-02-18,300,1.0
NKY,2026-02-19,300,1.0
NKY,2026-02-20,300,1.0
NKY,2026-02-23,298,0.9933333333333333
NKY,2026-02-24,300,1.0
NKY,2026-02-25,300,1.0
NKY,2026-02-26,300,1.0
NKY,2026-02-27,300,1.0
NKY,2026-03-02,300,1.0
NKY,2026-03-03,300,1.0
NKY,2026-03-04,300,1.0
NKY,2026-03-05,300,1.0
NKY,2026-03-06,300,1.0
NKY,2026-03-09,300,1.0
NKY,2026-03-10,300,1.0
NKY,2026-03-11,300,1.0
NKY,2026-03-12,300,1.0
NKY,2026-03-13,300,1.0
NKY,2026-03-16,300,1.0
NKY,2026-03-17,300,1.0
NKY,2026-03-18,300,1.0
NKY,2026-03-19,300,1.0
NKY,2026-03-20,300,1.0
NKY,2026-03-23,300,1.0
NKY,2026-03-24,300,1.0
NKY,2026-03-25,300,1.0
NKY,2026-03-26,300,1.0
NKY,2026-03-27,300,1.0
NKY,2026-03-30,300,1.0
NKY,2026-03-31,300,1.0
NKY,2026-04-01,300,1.0
NKY,2026-04-02,300,1.0
NKY,2026-04-06,300,1.0
NKY,2026-04-07,300,1.0
NKY,2026-04-08,300,1.0
NKY,2026-04-09,300,1.0
NKY,2026-04-10,300,1.0
NKY,2026-04-13,300,1.0
NKY,2026-04-14,300,1.0
NKY,2026-04-15,300,1.0
NKY,2026-04-16,300,1.0
NKY,2026-04-17,300,1.0
NKY,2026-04-20,300,1.0
NKY,2026-04-21,300,1.0
NKY,2026-04-22,300,1.0
NKY,2026-04-23,300,1.0
NKY,2026-04-24,300,1.0
NKY,2026-04-27,300,1.0
NKY,2026-04-28,300,1.0
NKY,2026-04-29,300,1.0
NKY,2026-04-30,300,1.0
NKY,2026-05-01,300,1.0
NKY,2026-05-04,300,1.0
NKY,2026-05-05,300,1.0
NKY,2026-05-06,300,1.0
NKY,2026-05-07,300,1.0
NKY,2026-05-08,300,1.0
NKY,2026-05-11,300,1.0
NKY,2026-05-12,300,1.0
NKY,2026-05-13,300,1.0
NKY,2026-05-14,300,1.0
NKY,2026-05-15,300,1.0
NKY,2026-05-18,300,1.0
NKY,2026-05-19,300,1.0
NKY,2026-05-20,300,1.0
NKY,2026-05-21,300,1.0
NKY,2026-05-22,300,1.0
NKY,2026-05-25,300,1.0
NKY,2026-05-26,300,1.0
NKY,2026-05-27,300,1.0
NKY,2026-05-28,300,1.0
NKY,2026-05-29,270,0.9
NKY,2026-06-01,300,1.0
NKY,2026-06-02,300,1.0
NKY,2026-06-03,300,1.0
NKY,2026-06-04,300,1.0
NKY,2026-06-05,300,1.0
NKY,2026-06-08,300,1.0
NKY,2026-06-09,300,1.0
NKY,2026-06-10,300,1.0
NKY,2026-06-11,300,1.0
NKY,2026-06-12,300,1.0
NKY,2026-06-15,300,1.0
NKY,2026-06-16,300,1.0
NKY,2026-06-17,300,1.0
NKY,2026-06-18,300,1.0
NKY,2026-06-19,300,1.0
NKY,2026-06-22,300,1.0
NKY,2026-06-23,300,1.0
NKY,2026-06-24,300,1.0
NKY,2026-06-25,300,1.0
NKY,2026-06-26,300,1.0
NKY,2026-06-29,300,1.0
NKY,2026-06-30,300,1.0
NKY,2026-07-01,300,1.0
NKY,2026-07-02,300,1.0
NKY,2026-07-03,300,1.0
NKY,2026-07-06,300,1.0
NKY,2026-07-07,300,1.0
NKY,2026-07-08,300,1.0
NKY,2026-07-09,300,1.0
NKY,2026-07-10,300,1.0
NKY,2026-07-13,300,1.0
NKY,2026-07-14,300,1.0
NKY,2026-07-15,300,1.0
NKY,2026-07-16,300,1.0
NKY,2026-07-17,300,1.0
NKY,2026-07-20,300,1.0
NKY,2026-07-21,300,1.0
NKY,2026-07-22,300,1.0
NKY,2026-07-23,300,1.0
NKY,2026-07-24,300,1.0
NKY,2026-07-27,300,1.0
NKY,2026-07-28,300,1.0
NKY,2026-07-29,300,1.0
NKY,2026-07-30,300,1.0
NKY,2026-07-31,300,1.0
NKY,2026-08-03,300,1.0
NKY,2026-08-04,300,1.0
NKY,2026-08-05,300,1.0
NKY,2026-08-06,300,1.0
NKY,2026-08-07,300,1.0
NKY,2026-08-10,300,1.0
NKY,2026-08-11,300,1.0
NKY,2026-08-12,300,1.0
NKY,2026-08-13,300,1.0
NKY,2026-08-14,300,1.0
NKY,2026-08-17,300,1.0
NKY,2026-08-18,300,1.0
NKY,2026-08-19,300,1.0
NKY,2026-08-20,300,1.0
NKY,2026-08-21,300,1.0
HSI,2011-09-19,330,1.0
HSI,2011-09-20,187,0.5666666666666667
HSI,2011-09-21,330,1.0
HSI,2011-09-22,329,0.996969696969697
HSI,2011-09-23,328,0.9939393939393939
HSI,2012-02-06,330,1.0
HSI,2012-02-07,329,0.996969696969697
HSI,2012-02-08,330,1.0
HSI,2012-02-09,328,0.9939393939393939
HSI,2012-02-10,330,1.0
HSI,2012-02-13,330,1.0
HSI,2012-02-14,328,0.9939393939393939
HSI,2012-02-15,330,1.0
HSI,2012-02-16,330,1.0
HSI,2012-02-17,330,1.0
HSI,2012-02-20,330,1.0
HSI,2012-02-21,330,1.0
HSI,2012-02-22,330,1.0
HSI,2012-02-23,300,0.9090909090909091
HSI,2012-02-24,300,0.9090909090909091
HSI,2012-02-27,301,0.9121212121212121
HSI,2012-02-28,300,0.9090909090909091
HSI,2012-02-29,300,0.9090909090909091
HSI,2012-03-01,300,0.9090909090909091
HSI,2012-03-02,300,0.9090909090909091
HSI,2012-03-05,330,1.0
HSI,2012-03-06,323,0.9787878787878788
HSI,2012-03-07,330,1.0
HSI,2012-03-08,330,1.0
HSI,2012-03-09,330,1.0
HSI,2012-03-12,330,1.0
HSI,2012-03-13,330,1.0
HSI,2012-03-15,155,0.4696969696969697
HSI,2012-03-16,150,0.45454545454545453
HSI,2012-03-19,330,1.0
HSI,2012-03-20,330,1.0
HSI,2012-03-21,330,1.0
HSI,2012-03-22,330,1.0
HSI,2012-03-23,330,1.0
HSI,2012-03-26,330,1.0
HSI,2012-03-27,330,1.0
HSI,2012-03-28,330,1.0
HSI,2012-03-29,330,1.0
HSI,2012-03-30,330,1.0
HSI,2012-04-02,330,1.0
HSI,2012-04-03,329,0.996969696969697
HSI,2012-04-05,330,1.0
HSI,2012-04-09,1,0.0030303030303030303
HSI,2012-04-10,330,1.0
HSI,2012-04-11,330,1.0
HSI,2012-04-12,329,0.996969696969697
HSI,2012-04-13,330,1.0
HSI,2012-04-16,330,1.0
HSI,2012-04-17,330,1.0
HSI,2012-04-18,330,1.0
HSI,2012-04-19,330,1.0
HSI,2012-04-20,330,1.0
HSI,2012-04-23,329,0.996969696969697
HSI,2012-04-24,330,1.0
HSI,2012-04-25,329,0.996969696969697
HSI,2012-04-26,330,1.0
HSI,2012-04-27,330,1.0
HSI,2012-04-30,330,1.0
HSI,2012-05-01,1,0.0030303030303030303
HSI,2012-05-02,330,1.0
HSI,2012-05-03,330,1.0
HSI,2012-05-04,330,1.0
HSI,2012-05-07,330,1.0
HSI,2012-05-08,330,1.0
HSI,2012-05-09,330,1.0
HSI,2012-05-10,329,0.996969696969697
HSI,2012-05-11,330,1.0
HSI,2012-05-14,330,1.0
HSI,2012-05-15,330,1.0
HSI,2012-05-16,330,1.0
HSI,2012-05-17,330,1.0
HSI,2012-05-18,330,1.0
HSI,2012-05-21,330,1.0
HSI,2012-05-22,330,1.0
HSI,2012-05-23,330,1.0
HSI,2012-05-24,330,1.0
HSI,2012-05-25,330,1.0
HSI,2012-05-28,330,1.0
HSI,2012-05-29,330,1.0
HSI,2012-05-30,329,0.996969696969697
HSI,2012-05-31,330,1.0
HSI,2012-06-01,330,1.0
HSI,2012-06-04,327,0.990909090909091
HSI,2012-06-05,330,1.0
HSI,2012-06-06,330,1.0
HSI,2012-06-07,330,1.0
HSI,2012-06-08,330,1.0
HSI,2012-06-11,330,1.0
HSI,2012-06-12,330,1.0
HSI,2012-06-13,329,0.996969696969697
HSI,2012-06-14,330,1.0
HSI,2012-06-15,329,0.996969696969697
HSI,2012-06-18,325,0.9848484848484849
HSI,2012-06-19,330,1.0
HSI,2012-06-20,330,1.0
HSI,2012-06-21,330,1.0
HSI,2012-06-22,329,0.996969696969697
HSI,2012-06-25,330,1.0
HSI,2012-06-26,330,1.0
HSI,2012-06-27,330,1.0
HSI,2012-06-28,330,1.0
HSI,2012-06-29,330,1.0
HSI,2012-07-02,1,0.0030303030303030303
HSI,2012-07-03,327,0.990909090909091
HSI,2012-07-04,326,0.9878787878787879
HSI,2012-07-05,330,1.0
HSI,2012-07-06,329,0.996969696969697
HSI,2012-07-09,330,1.0
HSI,2012-07-10,330,1.0
HSI,2012-07-11,330,1.0
HSI,2012-07-12,330,1.0
HSI,2012-07-13,330,1.0
HSI,2012-07-16,330,1.0
HSI,2012-07-17,330,1.0
HSI,2012-07-18,326,0.9878787878787879
HSI,2012-07-19,330,1.0
HSI,2012-07-20,330,1.0
HSI,2012-07-23,330,1.0
HSI,2012-07-24,180,0.5454545454545454
HSI,2012-07-25,330,1.0
HSI,2012-07-26,330,1.0
HSI,2012-07-27,330,1.0
HSI,2012-07-30,330,1.0
HSI,2012-07-31,330,1.0
HSI,2012-08-01,330,1.0
HSI,2012-08-02,330,1.0
HSI,2012-08-03,330,1.0
HSI,2012-08-06,330,1.0
HSI,2012-08-07,322,0.9757575757575757
HSI,2012-08-08,330,1.0
HSI,2012-08-09,330,1.0
HSI,2012-08-10,330,1.0
HSI,2012-08-13,330,1.0
HSI,2012-08-14,330,1.0
HSI,2012-08-15,330,1.0
HSI,2012-08-16,330,1.0
HSI,2012-08-17,330,1.0
HSI,2012-08-20,330,1.0
HSI,2012-08-21,328,0.9939393939393939
HSI,2012-08-22,330,1.0
HSI,2012-08-23,327,0.990909090909091
HSI,2012-08-24,327,0.990909090909091
HSI,2012-08-27,330,1.0
HSI,2012-08-28,330,1.0
HSI,2012-08-29,330,1.0
HSI,2012-08-30,330,1.0
HSI,2012-08-31,330,1.0
HSI,2012-09-03,330,1.0
HSI,2012-09-04,330,1.0
HSI,2012-09-05,330,1.0
HSI,2012-09-06,330,1.0
HSI,2012-09-07,330,1.0
HSI,2012-09-10,330,1.0
HSI,2012-09-11,330,1.0
HSI,2012-09-12,330,1.0
HSI,2012-09-13,329,0.996969696969697
HSI,2012-09-14,330,1.0
HSI,2012-09-17,330,1.0
HSI,2012-09-18,329,0.996969696969697
HSI,2012-09-19,330,1.0
HSI,2012-09-20,329,0.996969696969697
HSI,2012-09-21,330,1.0
HSI,2012-09-24,330,1.0
HSI,2012-09-25,330,1.0
HSI,2012-09-26,326,0.9878787878787879
HSI,2012-09-27,330,1.0
HSI,2012-09-28,330,1.0
HSI,2012-10-03,330,1.0
HSI,2012-10-04,330,1.0
HSI,2012-10-05,330,1.0
HSI,2012-10-08,330,1.0
HSI,2012-10-09,329,0.996969696969697
HSI,2012-10-10,329,0.996969696969697
HSI,2012-10-11,330,1.0
HSI,2012-10-12,329,0.996969696969697
HSI,2012-10-15,330,1.0
HSI,2012-10-16,330,1.0
HSI,2012-10-17,330,1.0
HSI,2012-10-18,321,0.9727272727272728
HSI,2012-10-19,330,1.0
HSI,2012-10-22,330,1.0
HSI,2012-10-23,4,0.012121212121212121
HSI,2012-10-24,329,0.996969696969697
HSI,2012-10-25,330,1.0
HSI,2012-10-26,329,0.996969696969697
HSI,2012-10-29,330,1.0
HSI,2012-10-30,330,1.0
HSI,2012-10-31,330,1.0
HSI,2012-11-01,330,1.0
HSI,2012-11-02,330,1.0
HSI,2012-11-05,330,1.0
HSI,2012-11-06,330,1.0
HSI,2012-11-07,330,1.0
HSI,2012-11-08,330,1.0
HSI,2012-11-09,330,1.0
HSI,2012-11-12,330,1.0
HSI,2012-11-13,330,1.0
HSI,2012-11-14,330,1.0
HSI,2012-11-15,330,1.0
HSI,2012-11-16,330,1.0
HSI,2012-11-19,330,1.0
HSI,2012-11-20,330,1.0
HSI,2012-11-21,330,1.0
HSI,2012-11-22,330,1.0
HSI,2012-11-23,330,1.0
HSI,2012-11-26,330,1.0
HSI,2012-11-27,330,1.0
HSI,2012-11-28,330,1.0
HSI,2012-11-29,330,1.0
HSI,2012-11-30,330,1.0
HSI,2012-12-03,330,1.0
HSI,2012-12-04,330,1.0
HSI,2012-12-05,330,1.0
HSI,2012-12-06,330,1.0
HSI,2012-12-07,329,0.996969696969697
HSI,2012-12-10,330,1.0
HSI,2012-12-11,330,1.0
HSI,2012-12-12,329,0.996969696969697
HSI,2012-12-13,328,0.9939393939393939
HSI,2012-12-14,330,1.0
HSI,2012-12-17,330,1.0
HSI,2012-12-18,330,1.0
HSI,2012-12-19,330,1.0
HSI,2012-12-20,330,1.0
HSI,2012-12-21,330,1.0
HSI,2012-12-24,150,0.45454545454545453
HSI,2012-12-25,1,0.0030303030303030303
HSI,2012-12-26,1,0.0030303030303030303
HSI,2012-12-27,330,1.0
HSI,2012-12-28,330,1.0
HSI,2012-12-31,150,0.45454545454545453
HSI,2013-01-01,1,0.0030303030303030303
HSI,2013-01-02,330,1.0
HSI,2013-01-03,330,1.0
HSI,2013-01-04,330,1.0
HSI,2013-01-07,329,0.996969696969697
HSI,2013-01-08,329,0.996969696969697
HSI,2013-01-09,330,1.0
HSI,2013-01-10,330,1.0
HSI,2013-01-11,330,1.0
HSI,2013-01-14,330,1.0
HSI,2013-01-15,330,1.0
HSI,2013-01-16,330,1.0
HSI,2013-01-17,330,1.0
HSI,2013-01-18,330,1.0
HSI,2013-01-21,330,1.0
HSI,2013-01-22,330,1.0
HSI,2013-01-23,330,1.0
HSI,2013-01-24,330,1.0
HSI,2013-01-25,330,1.0
HSI,2013-01-28,329,0.996969696969697
HSI,2013-01-29,330,1.0
HSI,2013-01-30,313,0.9484848484848485
HSI,2013-01-31,330,1.0
HSI,2013-02-01,330,1.0
HSI,2013-02-04,330,1.0
HSI,2013-02-05,329,0.996969696969697
HSI,2013-02-06,330,1.0
HSI,2013-02-07,330,1.0
HSI,2013-02-08,330,1.0
HSI,2013-02-11,1,0.0030303030303030303
HSI,2013-02-12,1,0.0030303030303030303
HSI,2013-02-14,330,1.0
HSI,2013-02-15,330,1.0
HSI,2013-02-18,330,1.0
HSI,2013-02-19,330,1.0
HSI,2013-02-20,330,1.0
HSI,2013-02-21,330,1.0
HSI,2013-02-22,330,1.0
HSI,2013-03-04,330,1.0
HSI,2013-03-05,330,1.0
HSI,2013-03-06,313,0.9484848484848485
HSI,2013-03-07,330,1.0
HSI,2013-03-08,330,1.0
HSI,2013-03-11,330,1.0
HSI,2013-03-12,330,1.0
HSI,2013-03-13,329,0.996969696969697
HSI,2013-03-14,139,0.4212121212121212
HSI,2013-03-15,330,1.0
HSI,2013-03-18,330,1.0
HSI,2013-03-19,330,1.0
HSI,2013-03-20,330,1.0
HSI,2013-03-21,329,0.996969696969697
HSI,2013-03-22,330,1.0
HSI,2013-03-25,326,0.9878787878787879
HSI,2013-03-26,327,0.990909090909091
HSI,2013-03-28,328,0.9939393939393939
HSI,2013-04-02,329,0.996969696969697
HSI,2013-04-03,330,1.0
HSI,2013-04-05,330,1.0
HSI,2013-04-08,329,0.996969696969697
HSI,2013-04-09,330,1.0
HSI,2013-04-10,319,0.9666666666666667
HSI,2013-04-11,330,1.0
HSI,2013-04-12,330,1.0
HSI,2013-04-16,330,1.0
HSI,2013-04-17,330,1.0
HSI,2013-04-22,329,0.996969696969697
HSI,2013-04-23,330,1.0
HSI,2013-04-24,317,0.9606060606060606
HSI,2013-04-25,330,1.0
HSI,2013-04-26,330,1.0
HSI,2013-04-29,330,1.0
HSI,2013-04-30,330,1.0
HSI,2013-05-02,327,0.990909090909091
HSI,2013-05-03,330,1.0
HSI,2013-05-06,330,1.0
HSI,2013-05-07,330,1.0
HSI,2013-05-08,326,0.9878787878787879
HSI,2013-05-09,330,1.0
HSI,2013-05-10,330,1.0
HSI,2013-05-13,330,1.0
HSI,2013-05-14,330,1.0
HSI,2013-05-15,330,1.0
HSI,2013-05-16,325,0.9848484848484849
HSI,2013-05-22,180,0.5454545454545454
HSI,2013-05-23,330,1.0
HSI,2013-05-24,329,0.996969696969697
HSI,2013-05-27,330,1.0
HSI,2013-05-28,330,1.0
HSI,2013-05-29,330,1.0
HSI,2013-05-30,330,1.0
HSI,2013-05-31,330,1.0
HSI,2013-06-03,330,1.0
HSI,2013-06-04,330,1.0
HSI,2013-06-05,330,1.0
HSI,2013-06-06,330,1.0
HSI,2013-06-07,330,1.0
HSI,2013-06-10,330,1.0
HSI,2013-06-11,330,1.0
HSI,2013-06-13,330,1.0
HSI,2013-06-14,330,1.0
HSI,2013-06-17,330,1.0
HSI,2013-06-18,330,1.0
HSI,2013-06-19,330,1.0
HSI,2013-06-20,330,1.0
HSI,2013-06-21,330,1.0
HSI,2013-06-24,330,1.0
HSI,2013-06-25,330,1.0
HSI,2013-06-26,330,1.0
HSI,2013-06-27,330,1.0
HSI,2013-06-28,330,1.0
HSI,2013-07-02,330,1.0
HSI,2013-07-03,330,1.0
HSI,2013-07-04,330,1.0
HSI,2013-07-05,330,1.0
HSI,2013-07-08,330,1.0
HSI,2013-07-09,330,1.0
HSI,2013-07-10,330,1.0
HSI,2013-07-11,330,1.0
HSI,2013-07-12,330,1.0
HSI,2013-07-15,330,1.0
HSI,2013-07-16,330,1.0
HSI,2013-07-17,330,1.0
HSI,2013-07-18,330,1.0
HSI,2013-07-19,330,1.0
HSI,2013-07-22,330,1.0
HSI,2013-07-23,330,1.0
HSI,2013-07-24,330,1.0
HSI,2013-07-25,330,1.0
HSI,2013-07-26,330,1.0
HSI,2013-07-29,330,1.0
HSI,2013-07-30,330,1.0
HSI,2013-07-31,330,1.0
HSI,2013-08-01,330,1.0
HSI,2013-08-02,330,1.0
HSI,2013-08-05,330,1.0
HSI,2013-08-06,329,0.996969696969697
HSI,2013-08-07,330,1.0
HSI,2013-08-08,329,0.996969696969697
HSI,2013-08-09,330,1.0
HSI,2013-08-12,329,0.996969696969697
HSI,2013-08-13,330,1.0
HSI,2013-08-15,330,1.0
HSI,2013-08-16,330,1.0
HSI,2013-08-19,330,1.0
HSI,2013-08-20,330,1.0
HSI,2013-08-21,330,1.0
HSI,2013-08-22,330,1.0
HSI,2013-08-23,330,1.0
HSI,2013-08-26,327,0.990909090909091
HSI,2013-08-27,314,0.9515151515151515
HSI,2013-08-28,330,1.0
HSI,2013-08-29,330,1.0
HSI,2013-08-30,330,1.0
HSI,2013-09-02,312,0.9454545454545454
HSI,2013-09-03,330,1.0
HSI,2013-09-04,330,1.0
HSI,2013-09-05,330,1.0
HSI,2013-09-06,330,1.0
HSI,2013-09-09,330,1.0
HSI,2013-09-10,330,1.0
HSI,2013-09-11,330,1.0
HSI,2013-09-12,330,1.0
HSI,2013-09-13,330,1.0
HSI,2013-09-16,330,1.0
HSI,2013-09-17,330,1.0
HSI,2013-09-18,330,1.0
HSI,2013-09-19,329,0.996969696969697
HSI,2013-09-23,180,0.5454545454545454
HSI,2013-09-24,330,1.0
HSI,2013-09-25,330,1.0
HSI,2013-09-26,330,1.0
HSI,2013-09-27,329,0.996969696969697
HSI,2013-09-30,330,1.0
HSI,2013-10-02,330,1.0
HSI,2013-10-03,330,1.0
HSI,2013-10-04,323,0.9787878787878788
HSI,2013-10-07,330,1.0
HSI,2013-10-08,330,1.0
HSI,2013-10-09,330,1.0
HSI,2013-10-10,330,1.0
HSI,2013-10-11,330,1.0
HSI,2013-10-15,330,1.0
HSI,2013-10-16,330,1.0
HSI,2013-10-17,329,0.996969696969697
HSI,2013-10-18,330,1.0
HSI,2013-10-21,330,1.0
HSI,2013-10-22,330,1.0
HSI,2013-10-23,330,1.0
HSI,2013-10-24,330,1.0
HSI,2013-10-25,330,1.0
HSI,2013-10-28,330,1.0
HSI,2013-10-29,330,1.0
HSI,2013-10-30,330,1.0
HSI,2013-10-31,330,1.0
HSI,2013-11-01,330,1.0
HSI,2013-11-04,330,1.0
HSI,2013-11-05,330,1.0
HSI,2013-11-06,330,1.0
HSI,2013-11-07,330,1.0
HSI,2013-11-08,330,1.0
HSI,2013-11-11,330,1.0
HSI,2013-11-12,330,1.0
HSI,2013-11-13,330,1.0
HSI,2013-11-14,329,0.996969696969697
HSI,2013-11-15,330,1.0
HSI,2013-11-18,330,1.0
HSI,2013-11-19,330,1.0
HSI,2013-11-20,329,0.996969696969697
HSI,2013-11-21,330,1.0
HSI,2013-11-22,285,0.8636363636363636
HSI,2013-11-25,279,0.8454545454545455
HSI,2013-11-26,313,0.9484848484848485
HSI,2013-11-27,330,1.0
HSI,2013-11-28,326,0.9878787878787879
HSI,2013-11-29,330,1.0
HSI,2013-12-02,330,1.0
HSI,2013-12-03,330,1.0
HSI,2013-12-04,330,1.0
HSI,2013-12-05,330,1.0
HSI,2013-12-06,330,1.0
HSI,2013-12-09,330,1.0
HSI,2013-12-10,330,1.0
HSI,2013-12-11,330,1.0
HSI,2013-12-12,329,0.996969696969697
HSI,2013-12-13,330,1.0
HSI,2013-12-16,330,1.0
HSI,2013-12-17,330,1.0
HSI,2013-12-18,330,1.0
HSI,2013-12-19,330,1.0
HSI,2013-12-20,327,0.990909090909091
HSI,2013-12-23,330,1.0
HSI,2013-12-24,150,0.45454545454545453
HSI,2013-12-27,330,1.0
HSI,2013-12-30,330,1.0
HSI,2013-12-31,150,0.45454545454545453
HSI,2014-01-02,60,0.18181818181818182
HSI,2014-01-03,330,1.0
HSI,2014-01-06,330,1.0
HSI,2014-01-07,330,1.0
HSI,2014-01-08,330,1.0
HSI,2014-01-09,330,1.0
HSI,2014-01-10,330,1.0
HSI,2014-01-13,312,0.9454545454545454
HSI,2014-01-14,330,1.0
HSI,2014-01-15,330,1.0
HSI,2014-01-16,330,1.0
HSI,2014-01-17,330,1.0
HSI,2014-01-20,330,1.0
HSI,2014-01-21,330,1.0
HSI,2014-01-22,330,1.0
HSI,2014-01-23,330,1.0
HSI,2014-01-24,330,1.0
HSI,2014-01-27,330,1.0
HSI,2014-01-28,330,1.0
HSI,2014-01-29,330,1.0
HSI,2014-01-30,151,0.4575757575757576
HSI,2014-02-04,330,1.0
HSI,2014-02-05,330,1.0
HSI,2014-02-06,330,1.0
HSI,2014-02-07,330,1.0
HSI,2014-02-10,330,1.0
HSI,2014-02-11,330,1.0
HSI,2014-02-12,330,1.0
HSI,2014-02-13,330,1.0
HSI,2014-02-14,330,1.0
HSI,2014-02-17,330,1.0
HSI,2014-02-18,330,1.0
HSI,2014-02-19,325,0.9848484848484849
HSI,2014-02-20,326,0.9878787878787879
HSI,2014-02-21,330,1.0
HSI,2014-02-24,330,1.0
HSI,2014-02-25,329,0.996969696969697
HSI,2014-02-26,330,1.0
HSI,2014-02-27,330,1.0
HSI,2014-02-28,330,1.0
HSI,2014-03-03,330,1.0
HSI,2014-03-04,330,1.0
HSI,2014-03-05,330,1.0
HSI,2014-03-06,330,1.0
HSI,2014-03-07,330,1.0
HSI,2014-03-10,320,0.9696969696969697
HSI,2014-03-11,330,1.0
HSI,2014-03-12,330,1.0
HSI,2014-03-13,329,0.996969696969697
HSI,2014-03-14,330,1.0
HSI,2014-03-17,330,1.0
HSI,2014-03-18,330,1.0
HSI,2014-03-19,329,0.996969696969697
HSI,2014-03-20,330,1.0
HSI,2014-03-21,330,1.0
HSI,2014-03-24,330,1.0
HSI,2014-03-25,330,1.0
HSI,2014-03-26,330,1.0
HSI,2014-03-27,330,1.0
HSI,2014-03-28,329,0.996969696969697
HSI,2014-03-31,330,1.0
HSI,2014-04-01,329,0.996969696969697
HSI,2014-04-02,330,1.0
HSI,2014-04-03,330,1.0
HSI,2014-04-04,330,1.0
HSI,2014-04-07,298,0.9030303030303031
HSI,2014-04-08,330,1.0
HSI,2014-04-09,330,1.0
HSI,2014-04-10,330,1.0
HSI,2014-04-11,330,1.0
HSI,2014-04-14,330,1.0
HSI,2014-04-15,330,1.0
HSI,2014-04-16,330,1.0
HSI,2014-04-17,329,0.996969696969697
HSI,2014-04-22,330,1.0
HSI,2014-04-23,330,1.0
HSI,2014-04-24,330,1.0
HSI,2014-04-25,330,1.0
HSI,2014-04-28,330,1.0
HSI,2014-04-29,330,1.0
HSI,2014-04-30,330,1.0
HSI,2014-05-02,330,1.0
HSI,2014-05-05,330,1.0
HSI,2014-05-07,330,1.0
HSI,2014-05-08,330,1.0
HSI,2014-05-09,330,1.0
HSI,2014-05-12,330,1.0
HSI,2014-05-13,330,1.0
HSI,2014-05-14,330,1.0
HSI,2014-05-15,330,1.0
HSI,2014-05-16,328,0.9939393939393939
HSI,2014-05-19,330,1.0
HSI,2014-05-20,330,1.0
HSI,2014-05-21,330,1.0
HSI,2014-05-22,330,1.0
HSI,2014-05-23,330,1.0
HSI,2014-05-26,330,1.0
HSI,2014-05-27,330,1.0
HSI,2014-05-28,330,1.0
HSI,2014-05-29,330,1.0
HSI,2014-05-30,330,1.0
HSI,2014-06-03,330,1.0
HSI,2014-06-04,330,1.0
HSI,2014-06-05,330,1.0
HSI,2014-06-06,330,1.0
HSI,2014-06-09,330,1.0
HSI,2014-06-10,330,1.0
HSI,2014-06-11,330,1.0
HSI,2014-06-12,330,1.0
HSI,2014-06-13,330,1.0
HSI,2014-06-16,329,0.996969696969697
HSI,2014-06-17,330,1.0
HSI,2014-06-18,330,1.0
HSI,2014-06-19,330,1.0
HSI,2014-06-20,330,1.0
HSI,2014-06-23,330,1.0
HSI,2014-06-24,329,0.996969696969697
HSI,2014-06-25,330,1.0
HSI,2014-06-26,330,1.0
HSI,2014-06-27,330,1.0
HSI,2014-06-30,330,1.0
HSI,2014-07-02,330,1.0
HSI,2014-07-03,329,0.996969696969697
HSI,2014-07-04,330,1.0
HSI,2014-07-07,330,1.0
HSI,2014-07-08,328,0.9939393939393939
HSI,2014-07-09,329,0.996969696969697
HSI,2014-07-10,327,0.990909090909091
HSI,2014-07-11,330,1.0
HSI,2014-07-14,330,1.0
HSI,2014-07-15,330,1.0
HSI,2014-07-16,330,1.0
HSI,2014-07-17,330,1.0
HSI,2014-07-18,330,1.0
HSI,2014-07-21,330,1.0
HSI,2014-07-22,330,1.0
HSI,2014-07-23,330,1.0
HSI,2014-07-24,330,1.0
HSI,2014-07-25,330,1.0
HSI,2014-07-28,330,1.0
HSI,2014-07-29,330,1.0
HSI,2014-07-30,329,0.996969696969697
HSI,2014-07-31,330,1.0
HSI,2014-08-01,330,1.0
HSI,2014-08-04,330,1.0
HSI,2014-08-05,330,1.0
HSI,2014-08-06,330,1.0
HSI,2014-08-07,330,1.0
HSI,2014-08-08,330,1.0
HSI,2014-08-11,330,1.0
HSI,2014-08-12,329,0.996969696969697
HSI,2014-08-13,330,1.0
HSI,2014-08-14,330,1.0
HSI,2014-08-15,330,1.0
HSI,2014-08-18,330,1.0
HSI,2014-08-19,330,1.0
HSI,2014-08-20,330,1.0
HSI,2014-08-21,330,1.0
HSI,2014-08-22,330,1.0
HSI,2014-08-25,322,0.9757575757575757
HSI,2014-08-26,329,0.996969696969697
HSI,2014-08-27,330,1.0
HSI,2014-08-28,330,1.0
HSI,2014-08-29,330,1.0
HSI,2014-09-01,330,1.0
HSI,2014-09-02,323,0.9787878787878788
HSI,2014-09-03,330,1.0
HSI,2014-09-04,330,1.0
HSI,2014-09-05,330,1.0
HSI,2014-09-08,329,0.996969696969697
HSI,2014-09-10,330,1.0
HSI,2014-09-11,330,1.0
HSI,2014-09-12,330,1.0
HSI,2014-09-15,330,1.0
HSI,2014-09-16,180,0.5454545454545454
HSI,2014-09-17,330,1.0
HSI,2014-09-18,330,1.0
HSI,2014-09-19,330,1.0
HSI,2014-09-22,330,1.0
HSI,2014-09-23,330,1.0
HSI,2014-09-24,330,1.0
HSI,2014-09-26,330,1.0
HSI,2014-09-29,311,0.9424242424242424
HSI,2014-09-30,330,1.0
HSI,2014-10-03,330,1.0
HSI,2014-10-06,330,1.0
HSI,2014-10-07,330,1.0
HSI,2014-10-08,330,1.0
HSI,2014-10-09,330,1.0
HSI,2014-10-10,330,1.0
HSI,2014-10-13,330,1.0
HSI,2014-10-14,330,1.0
HSI,2014-10-15,330,1.0
HSI,2014-10-16,330,1.0
HSI,2014-10-17,330,1.0
HSI,2014-10-20,330,1.0
HSI,2014-10-21,330,1.0
HSI,2014-10-22,330,1.0
HSI,2014-10-23,330,1.0
HSI,2014-10-24,330,1.0
HSI,2014-10-27,330,1.0
HSI,2014-10-28,330,1.0
HSI,2014-10-29,330,1.0
HSI,2014-10-30,330,1.0
HSI,2014-10-31,330,1.0
HSI,2014-11-03,330,1.0
HSI,2014-11-04,330,1.0
HSI,2014-11-05,330,1.0
HSI,2014-11-06,330,1.0
HSI,2014-11-07,330,1.0
HSI,2014-11-10,330,1.0
HSI,2014-11-11,330,1.0
HSI,2014-11-12,330,1.0
HSI,2014-11-13,330,1.0
HSI,2014-11-14,330,1.0
HSI,2014-11-17,330,1.0
HSI,2014-11-18,330,1.0
HSI,2014-11-19,330,1.0
HSI,2014-11-20,330,1.0
HSI,2014-11-21,330,1.0
HSI,2014-11-24,330,1.0
HSI,2014-11-25,330,1.0
HSI,2014-11-26,330,1.0
HSI,2014-11-27,330,1.0
HSI,2014-11-28,330,1.0
HSI,2014-12-01,330,1.0
HSI,2014-12-02,325,0.9848484848484849
HSI,2014-12-03,330,1.0
HSI,2014-12-04,330,1.0
HSI,2014-12-05,330,1.0
HSI,2014-12-08,330,1.0
HSI,2014-12-09,330,1.0
HSI,2014-12-10,330,1.0
HSI,2014-12-11,329,0.996969696969697
HSI,2014-12-12,330,1.0
HSI,2014-12-15,330,1.0
HSI,2014-12-16,330,1.0
HSI,2014-12-17,330,1.0
HSI,2014-12-18,330,1.0
HSI,2014-12-19,330,1.0
HSI,2014-12-22,330,1.0
HSI,2014-12-23,330,1.0
HSI,2014-12-29,330,1.0
HSI,2014-12-30,330,1.0
HSI,2014-12-31,150,0.45454545454545453
HSI,2015-01-02,270,0.8181818181818182
HSI,2015-01-05,330,1.0
HSI,2015-01-06,330,1.0
HSI,2015-01-07,330,1.0
HSI,2015-01-08,330,1.0
HSI,2015-01-09,330,1.0
HSI,2015-01-12,330,1.0
HSI,2015-01-13,330,1.0
HSI,2015-01-14,330,1.0
HSI,2015-01-15,330,1.0
HSI,2015-01-16,330,1.0
HSI,2015-01-19,330,1.0
HSI,2015-01-20,330,1.0
HSI,2015-01-21,330,1.0
HSI,2015-01-22,330,1.0
HSI,2015-01-23,330,1.0
HSI,2015-01-26,330,1.0
HSI,2015-01-27,330,1.0
HSI,2015-01-28,330,1.0
HSI,2015-01-29,329,0.996969696969697
HSI,2015-01-30,330,1.0
HSI,2015-02-02,330,1.0
HSI,2015-02-03,330,1.0
HSI,2015-02-04,330,1.0
HSI,2015-02-05,330,1.0
HSI,2015-02-06,330,1.0
HSI,2015-02-09,330,1.0
HSI,2015-02-10,330,1.0
HSI,2015-02-11,330,1.0
HSI,2015-02-12,330,1.0
HSI,2015-02-13,330,1.0
HSI,2015-02-16,330,1.0
HSI,2015-02-17,330,1.0
HSI,2015-02-18,210,0.6363636363636364
HSI,2015-02-19,59,0.1787878787878788
HSI,2015-02-20,60,0.18181818181818182
HSI,2015-02-23,329,0.996969696969697
HSI,2015-02-24,330,1.0
HSI,2015-02-25,330,1.0
HSI,2015-02-26,330,1.0
HSI,2015-02-27,330,1.0
HSI,2015-03-02,330,1.0
HSI,2015-03-03,330,1.0
HSI,2015-03-04,60,0.18181818181818182
HSI,2015-03-05,330,1.0
HSI,2015-03-06,330,1.0
HSI,2015-03-09,330,1.0
HSI,2015-03-10,330,1.0
HSI,2015-03-11,330,1.0
HSI,2015-03-12,330,1.0
HSI,2015-03-13,330,1.0
HSI,2015-03-16,330,1.0
HSI,2015-03-17,330,1.0
HSI,2015-03-18,330,1.0
HSI,2015-03-19,330,1.0
HSI,2015-03-20,330,1.0
HSI,2015-03-23,330,1.0
HSI,2015-03-24,330,1.0
HSI,2015-03-25,330,1.0
HSI,2015-03-26,330,1.0
HSI,2015-03-27,330,1.0
HSI,2015-03-30,330,1.0
HSI,2015-03-31,330,1.0
HSI,2015-04-01,330,1.0
HSI,2015-04-02,330,1.0
HSI,2015-04-07,119,0.3606060606060606
HSI,2015-04-08,330,1.0
HSI,2015-04-09,330,1.0
HSI,2015-04-10,330,1.0
HSI,2015-04-13,330,1.0
HSI,2015-04-14,330,1.0
HSI,2015-04-15,330,1.0
HSI,2015-04-16,330,1.0
HSI,2015-04-17,330,1.0
HSI,2015-04-20,330,1.0
HSI,2015-04-21,330,1.0
HSI,2015-04-22,330,1.0
HSI,2015-04-23,330,1.0
HSI,2015-04-24,330,1.0
HSI,2015-04-27,330,1.0
HSI,2015-04-28,330,1.0
HSI,2015-04-29,330,1.0
HSI,2015-04-30,330,1.0
HSI,2015-05-01,116,0.3515151515151515
HSI,2015-05-04,330,1.0
HSI,2015-05-05,330,1.0
HSI,2015-05-06,330,1.0
HSI,2015-05-07,330,1.0
HSI,2015-05-08,330,1.0
HSI,2015-05-11,330,1.0
HSI,2015-05-12,330,1.0
HSI,2015-05-13,330,1.0
HSI,2015-05-14,330,1.0
HSI,2015-05-15,330,1.0
HSI,2015-05-18,330,1.0
HSI,2015-05-19,330,1.0
HSI,2015-05-20,330,1.0
HSI,2015-05-21,330,1.0
HSI,2015-05-22,330,1.0
HSI,2015-05-25,3,0.00909090909090909
HSI,2015-05-26,330,1.0
HSI,2015-05-27,330,1.0
HSI,2015-05-28,330,1.0
HSI,2015-05-29,330,1.0
HSI,2015-06-01,330,1.0
HSI,2015-06-02,330,1.0
HSI,2015-06-03,330,1.0
HSI,2015-06-04,330,1.0
HSI,2015-06-05,330,1.0
HSI,2015-06-08,330,1.0
HSI,2015-06-09,330,1.0
HSI,2015-06-10,330,1.0
HSI,2015-06-11,330,1.0
HSI,2015-06-12,330,1.0
HSI,2015-06-15,330,1.0
HSI,2015-06-16,330,1.0
HSI,2015-06-17,330,1.0
HSI,2015-06-18,330,1.0
HSI,2015-06-19,330,1.0
HSI,2015-06-22,330,1.0
HSI,2015-06-23,330,1.0
HSI,2015-06-24,330,1.0
HSI,2015-06-25,330,1.0
HSI,2015-06-26,330,1.0
HSI,2015-06-29,330,1.0
HSI,2015-06-30,330,1.0
HSI,2015-07-01,233,0.706060606060606
HSI,2015-07-02,330,1.0
HSI,2015-07-03,330,1.0
HSI,2015-07-06,330,1.0
HSI,2015-07-07,330,1.0
HSI,2015-07-08,330,1.0
HSI,2015-07-09,330,1.0
HSI,2015-07-10,330,1.0
HSI,2015-07-13,330,1.0
HSI,2015-07-14,330,1.0
HSI,2015-07-15,330,1.0
HSI,2015-07-16,330,1.0
HSI,2015-07-17,330,1.0
HSI,2015-07-20,330,1.0
HSI,2015-07-21,330,1.0
HSI,2015-07-22,330,1.0
HSI,2015-07-23,330,1.0
HSI,2015-07-24,330,1.0
HSI,2015-07-27,330,1.0
HSI,2015-07-28,330,1.0
HSI,2015-07-29,330,1.0
HSI,2015-07-30,330,1.0
HSI,2015-07-31,330,1.0
HSI,2015-08-03,330,1.0
HSI,2015-08-04,330,1.0
HSI,2015-08-05,330,1.0
HSI,2015-08-06,330,1.0
HSI,2015-08-07,330,1.0
HSI,2015-08-10,330,1.0
HSI,2015-08-11,330,1.0
HSI,2015-08-12,330,1.0
HSI,2015-08-13,330,1.0
HSI,2015-08-14,330,1.0
HSI,2015-08-17,330,1.0
HSI,2015-08-18,330,1.0
HSI,2015-08-19,330,1.0
HSI,2015-08-20,330,1.0
HSI,2015-08-21,330,1.0
HSI,2015-08-24,330,1.0
HSI,2015-08-25,330,1.0
HSI,2015-08-26,330,1.0
HSI,2015-08-27,330,1.0
HSI,2015-08-28,330,1.0
HSI,2015-08-31,330,1.0
HSI,2015-09-01,330,1.0
HSI,2015-09-02,330,1.0
HSI,2015-09-03,232,0.703030303030303
HSI,2015-09-04,330,1.0
HSI,2015-09-07,330,1.0
HSI,2015-09-08,330,1.0
HSI,2015-09-09,330,1.0
HSI,2015-09-10,330,1.0
HSI,2015-09-11,330,1.0
HSI,2015-09-14,330,1.0
HSI,2015-09-15,330,1.0
HSI,2015-09-16,330,1.0
HSI,2015-09-17,330,1.0
HSI,2015-09-18,330,1.0
HSI,2015-09-21,330,1.0
HSI,2015-09-22,330,1.0
HSI,2015-09-23,330,1.0
HSI,2015-09-24,330,1.0
HSI,2015-09-25,330,1.0
HSI,2015-09-28,53,0.1606060606060606
HSI,2015-09-29,326,0.9878787878787879
HSI,2015-09-30,330,1.0
HSI,2015-10-01,330,1.0
HSI,2015-10-02,330,1.0
HSI,2015-10-05,330,1.0
HSI,2015-10-06,330,1.0
HSI,2015-10-07,330,1.0
HSI,2015-10-08,330,1.0
HSI,2015-10-09,330,1.0
HSI,2015-10-12,330,1.0
HSI,2015-10-13,330,1.0
HSI,2015-10-14,330,1.0
HSI,2015-10-15,330,1.0
HSI,2015-10-16,330,1.0
HSI,2015-10-19,330,1.0
HSI,2015-10-20,330,1.0
HSI,2015-10-22,330,1.0
HSI,2015-10-23,330,1.0
HSI,2015-10-26,330,1.0
HSI,2015-10-27,330,1.0
HSI,2015-10-28,330,1.0
HSI,2015-10-29,330,1.0
HSI,2015-10-30,330,1.0
HSI,2015-11-02,330,1.0
HSI,2015-11-03,330,1.0
HSI,2015-11-04,330,1.0
HSI,2015-11-05,330,1.0
HSI,2015-11-06,330,1.0
HSI,2015-11-09,330,1.0
HSI,2015-11-10,322,0.9757575757575757
HSI,2015-11-11,330,1.0
HSI,2015-11-12,330,1.0
HSI,2015-11-13,330,1.0
HSI,2015-11-16,330,1.0
HSI,2015-11-17,330,1.0
HSI,2015-11-18,330,1.0
HSI,2015-11-19,330,1.0
HSI,2015-11-20,330,1.0
HSI,2015-11-23,330,1.0
HSI,2015-11-24,330,1.0
HSI,2015-11-25,330,1.0
HSI,2015-11-26,330,1.0
HSI,2015-11-27,330,1.0
HSI,2015-11-30,330,1.0
HSI,2015-12-01,330,1.0
HSI,2015-12-02,330,1.0
HSI,2015-12-03,330,1.0
HSI,2015-12-04,330,1.0
HSI,2015-12-07,330,1.0
HSI,2015-12-08,330,1.0
HSI,2015-12-09,330,1.0
HSI,2015-12-10,330,1.0
HSI,2015-12-11,330,1.0
HSI,2015-12-14,330,1.0
HSI,2015-12-15,330,1.0
HSI,2015-12-16,330,1.0
HSI,2015-12-17,330,1.0
HSI,2015-12-18,330,1.0
HSI,2015-12-21,330,1.0
HSI,2015-12-22,330,1.0
HSI,2015-12-23,330,1.0
HSI,2015-12-24,150,0.45454545454545453
HSI,2015-12-28,330,1.0
HSI,2015-12-29,330,1.0
HSI,2015-12-30,330,1.0
HSI,2015-12-31,150,0.45454545454545453
HSI,2016-01-04,330,1.0
HSI,2016-01-05,330,1.0
HSI,2016-01-06,330,1.0
HSI,2016-01-07,330,1.0
HSI,2016-01-08,330,1.0
HSI,2016-01-11,330,1.0
HSI,2016-01-12,330,1.0
HSI,2016-01-13,330,1.0
HSI,2016-01-14,330,1.0
HSI,2016-01-15,330,1.0
HSI,2016-01-18,330,1.0
HSI,2016-01-19,330,1.0
HSI,2016-01-20,330,1.0
HSI,2016-01-21,329,0.996969696969697
HSI,2016-01-22,330,1.0
HSI,2016-01-25,330,1.0
HSI,2016-01-26,330,1.0
HSI,2016-01-27,330,1.0
HSI,2016-01-28,330,1.0
HSI,2016-01-29,330,1.0
HSI,2016-02-01,330,1.0
HSI,2016-02-02,330,1.0
HSI,2016-02-03,330,1.0
HSI,2016-02-04,330,1.0
HSI,2016-02-05,330,1.0
HSI,2016-02-11,243,0.7363636363636363
HSI,2016-02-12,330,1.0
HSI,2016-02-15,330,1.0
HSI,2016-02-16,330,1.0
HSI,2016-02-17,330,1.0
HSI,2016-02-18,330,1.0
HSI,2016-02-19,330,1.0
HSI,2016-02-22,330,1.0
HSI,2016-02-23,330,1.0
HSI,2016-02-24,330,1.0
HSI,2016-02-25,330,1.0
HSI,2016-02-26,330,1.0
HSI,2016-02-29,330,1.0
HSI,2016-03-01,330,1.0
HSI,2016-03-02,330,1.0
HSI,2016-03-03,330,1.0
HSI,2016-03-04,330,1.0
HSI,2016-03-07,330,1.0
HSI,2016-03-08,330,1.0
HSI,2016-03-09,330,1.0
HSI,2016-03-10,330,1.0
HSI,2016-03-11,330,1.0
HSI,2016-03-14,330,1.0
HSI,2016-03-15,330,1.0
HSI,2016-03-16,328,0.9939393939393939
HSI,2016-03-17,330,1.0
HSI,2016-03-18,330,1.0
HSI,2016-03-21,330,1.0
HSI,2016-03-22,330,1.0
HSI,2016-03-23,329,0.996969696969697
HSI,2016-03-24,330,1.0
HSI,2016-03-29,330,1.0
HSI,2016-03-30,330,1.0
HSI,2016-03-31,329,0.996969696969697
HSI,2016-04-01,330,1.0
HSI,2016-04-05,330,1.0
HSI,2016-04-06,330,1.0
HSI,2016-04-07,330,1.0
HSI,2016-04-08,330,1.0
HSI,2016-04-11,330,1.0
HSI,2016-04-12,329,0.996969696969697
HSI,2016-04-13,330,1.0
HSI,2016-04-14,330,1.0
HSI,2016-04-15,330,1.0
HSI,2016-04-18,329,0.996969696969697
HSI,2016-04-19,330,1.0
HSI,2016-04-20,330,1.0
HSI,2016-04-21,330,1.0
HSI,2016-04-22,330,1.0
HSI,2016-04-25,329,0.996969696969697
HSI,2016-04-26,327,0.990909090909091
HSI,2016-04-27,325,0.9848484848484849
HSI,2016-04-28,329,0.996969696969697
HSI,2016-04-29,329,0.996969696969697
HSI,2016-05-03,325,0.9848484848484849
HSI,2016-05-04,330,1.0
HSI,2016-05-05,330,1.0
HSI,2016-05-06,330,1.0
HSI,2016-05-09,310,0.9393939393939394
HSI,2016-05-10,330,1.0
HSI,2016-05-11,330,1.0
HSI,2016-05-12,330,1.0
HSI,2016-05-13,330,1.0
HSI,2016-05-16,322,0.9757575757575757
HSI,2016-05-17,323,0.9787878787878788
HSI,2016-05-18,330,1.0
HSI,2016-05-19,329,0.996969696969697
HSI,2016-05-20,330,1.0
HSI,2016-05-23,330,1.0
HSI,2016-05-24,329,0.996969696969697
HSI,2016-05-25,330,1.0
HSI,2016-05-26,330,1.0
HSI,2016-05-27,330,1.0
HSI,2016-05-30,323,0.9787878787878788
HSI,2016-05-31,330,1.0
HSI,2016-06-01,327,0.990909090909091
HSI,2016-06-02,330,1.0
HSI,2016-06-03,330,1.0
HSI,2016-06-06,330,1.0
HSI,2016-06-07,329,0.996969696969697
HSI,2016-06-08,330,1.0
HSI,2016-06-10,322,0.9757575757575757
HSI,2016-06-13,329,0.996969696969697
HSI,2016-06-14,330,1.0
HSI,2016-06-15,330,1.0
HSI,2016-06-16,330,1.0
HSI,2016-06-17,330,1.0
HSI,2016-06-20,329,0.996969696969697
HSI,2016-06-21,330,1.0
HSI,2016-06-22,330,1.0
HSI,2016-06-23,330,1.0
HSI,2016-06-24,330,1.0
HSI,2016-06-27,330,1.0
HSI,2016-06-28,330,1.0
HSI,2016-06-29,329,0.996969696969697
HSI,2016-06-30,329,0.996969696969697
HSI,2016-07-04,330,1.0
HSI,2016-07-05,330,1.0
HSI,2016-07-06,330,1.0
HSI,2016-07-07,330,1.0
HSI,2016-07-08,330,1.0
HSI,2016-07-11,330,1.0
HSI,2016-07-12,330,1.0
HSI,2016-07-13,330,1.0
HSI,2016-07-14,330,1.0
HSI,2016-07-15,330,1.0
HSI,2016-07-18,330,1.0
HSI,2016-07-19,329,0.996969696969697
HSI,2016-07-20,330,1.0
HSI,2016-07-21,330,1.0
HSI,2016-07-22,330,1.0
HSI,2016-07-25,330,1.0
HSI,2016-07-26,330,1.0
HSI,2016-07-27,330,1.0
HSI,2016-07-28,330,1.0
HSI,2016-07-29,330,1.0
HSI,2016-08-01,330,1.0
HSI,2016-08-03,330,1.0
HSI,2016-08-04,330,1.0
HSI,2016-08-05,330,1.0
HSI,2016-08-08,330,1.0
HSI,2016-08-09,330,1.0
HSI,2016-08-10,330,1.0
HSI,2016-08-11,330,1.0
HSI,2016-08-12,330,1.0
HSI,2016-08-15,330,1.0
HSI,2016-08-16,330,1.0
HSI,2016-08-17,330,1.0
HSI,2016-08-18,330,1.0
HSI,2016-08-19,330,1.0
HSI,2016-08-22,330,1.0
HSI,2016-08-23,330,1.0
HSI,2016-08-24,330,1.0
HSI,2016-08-25,330,1.0
HSI,2016-08-26,330,1.0
HSI,2016-08-29,330,1.0
HSI,2016-08-30,330,1.0
HSI,2016-08-31,330,1.0
HSI,2016-09-01,330,1.0
HSI,2016-09-02,330,1.0
HSI,2016-09-05,330,1.0
HSI,2016-09-06,330,1.0
HSI,2016-09-07,330,1.0
HSI,2016-09-08,330,1.0
HSI,2016-09-09,330,1.0
HSI,2016-09-12,330,1.0
HSI,2016-09-13,330,1.0
HSI,2016-09-14,330,1.0
HSI,2016-09-15,330,1.0
HSI,2016-09-19,330,1.0
HSI,2016-09-20,330,1.0
HSI,2016-09-21,330,1.0
HSI,2016-09-22,330,1.0
HSI,2016-09-23,330,1.0
HSI,2016-09-26,330,1.0
HSI,2016-09-27,330,1.0
HSI,2016-09-28,330,1.0
HSI,2016-09-29,330,1.0
HSI,2016-09-30,330,1.0
HSI,2016-10-03,330,1.0
HSI,2016-10-04,330,1.0
HSI,2016-10-05,330,1.0
HSI,2016-10-06,330,1.0
HSI,2016-10-07,330,1.0
HSI,2016-10-11,330,1.0
HSI,2016-10-12,330,1.0
HSI,2016-10-13,330,1.0
HSI,2016-10-14,330,1.0
HSI,2016-10-17,330,1.0
HSI,2016-10-18,330,1.0
HSI,2016-10-19,330,1.0
HSI,2016-10-20,330,1.0
HSI,2016-10-24,330,1.0
HSI,2016-10-25,330,1.0
HSI,2016-10-26,330,1.0
HSI,2016-10-27,330,1.0
HSI,2016-10-28,330,1.0
HSI,2016-10-31,285,0.8636363636363636
HSI,2016-11-01,326,0.9878787878787879
HSI,2016-11-02,330,1.0
HSI,2016-11-03,330,1.0
HSI,2016-11-04,330,1.0
HSI,2016-11-07,330,1.0
HSI,2016-11-08,330,1.0
HSI,2016-11-09,330,1.0
HSI,2016-11-10,330,1.0
HSI,2016-11-11,330,1.0
HSI,2016-11-14,330,1.0
HSI,2016-11-15,330,1.0
HSI,2016-11-16,330,1.0
HSI,2016-11-17,330,1.0
HSI,2016-11-18,330,1.0
HSI,2016-11-21,330,1.0
HSI,2016-11-22,330,1.0
HSI,2016-11-23,180,0.5454545454545454
HSI,2016-11-24,330,1.0
HSI,2016-11-25,330,1.0
HSI,2016-11-28,330,1.0
HSI,2016-11-29,330,1.0
HSI,2016-11-30,330,1.0
HSI,2016-12-01,330,1.0
HSI,2016-12-02,330,1.0
HSI,2016-12-05,330,1.0
HSI,2016-12-06,330,1.0
HSI,2016-12-07,330,1.0
HSI,2016-12-08,330,1.0
HSI,2016-12-09,330,1.0
HSI,2016-12-12,330,1.0
HSI,2016-12-13,330,1.0
HSI,2016-12-14,330,1.0
HSI,2016-12-15,330,1.0
HSI,2016-12-16,330,1.0
HSI,2016-12-19,330,1.0
HSI,2016-12-20,330,1.0
HSI,2016-12-21,330,1.0
HSI,2016-12-22,330,1.0
HSI,2016-12-23,330,1.0
HSI,2016-12-28,330,1.0
HSI,2016-12-29,330,1.0
HSI,2016-12-30,330,1.0
HSI,2017-01-04,231,0.7
HSI,2017-01-05,330,1.0
HSI,2017-01-06,330,1.0
HSI,2017-01-09,330,1.0
HSI,2017-01-10,330,1.0
HSI,2017-01-11,330,1.0
HSI,2017-01-12,330,1.0
HSI,2017-01-13,330,1.0
HSI,2017-01-16,330,1.0
HSI,2017-01-17,330,1.0
HSI,2017-01-18,330,1.0
HSI,2017-01-19,330,1.0
HSI,2017-01-20,330,1.0
HSI,2017-01-23,330,1.0
HSI,2017-01-24,330,1.0
HSI,2017-01-25,330,1.0
HSI,2017-01-26,330,1.0
HSI,2017-01-27,150,0.45454545454545453
HSI,2017-02-01,328,0.9939393939393939
HSI,2017-02-02,328,0.9939393939393939
HSI,2017-02-03,330,1.0
HSI,2017-02-06,330,1.0
HSI,2017-02-07,330,1.0
HSI,2017-02-08,330,1.0
HSI,2017-02-09,330,1.0
HSI,2017-02-10,330,1.0
HSI,2017-02-13,330,1.0
HSI,2017-02-14,330,1.0
HSI,2017-02-15,330,1.0
HSI,2017-02-16,330,1.0
HSI,2017-02-17,329,0.996969696969697
HSI,2017-02-20,330,1.0
HSI,2017-02-21,329,0.996969696969697
HSI,2017-02-22,330,1.0
HSI,2017-02-23,330,1.0
HSI,2017-02-24,330,1.0
HSI,2017-02-27,330,1.0
HSI,2017-02-28,330,1.0
HSI,2017-03-01,330,1.0
HSI,2017-03-02,330,1.0
HSI,2017-03-03,330,1.0
HSI,2017-03-06,330,1.0
HSI,2017-03-07,330,1.0
HSI,2017-03-08,330,1.0
HSI,2017-03-09,330,1.0
HSI,2017-03-10,330,1.0
HSI,2017-03-13,330,1.0
HSI,2017-03-14,330,1.0
HSI,2017-03-15,315,0.9545454545454546
HSI,2017-03-16,329,0.996969696969697
HSI,2017-03-17,329,0.996969696969697
HSI,2017-03-20,329,0.996969696969697
HSI,2017-03-21,330,1.0
HSI,2017-03-22,330,1.0
HSI,2017-03-23,330,1.0
HSI,2017-03-24,330,1.0
HSI,2017-03-27,326,0.9878787878787879
HSI,2017-03-28,325,0.9848484848484849
HSI,2017-03-29,322,0.9757575757575757
HSI,2017-03-30,330,1.0
HSI,2017-03-31,324,0.9818181818181818
HSI,2017-04-03,330,1.0
HSI,2017-04-05,327,0.990909090909091
HSI,2017-04-06,326,0.9878787878787879
HSI,2017-04-07,330,1.0
HSI,2017-04-10,330,1.0
HSI,2017-04-11,320,0.9696969696969697
HSI,2017-04-12,326,0.9878787878787879
HSI,2017-04-13,326,0.9878787878787879
HSI,2017-04-18,314,0.9515151515151515
HSI,2017-04-19,323,0.9787878787878788
HSI,2017-04-20,324,0.9818181818181818
HSI,2017-04-21,321,0.9727272727272728
HSI,2017-04-24,327,0.990909090909091
HSI,2017-04-25,330,1.0
HSI,2017-04-26,330,1.0
HSI,2017-04-27,330,1.0
HSI,2017-04-28,330,1.0
HSI,2017-05-02,330,1.0
HSI,2017-05-04,330,1.0
HSI,2017-05-05,330,1.0
HSI,2017-05-08,330,1.0
HSI,2017-05-09,330,1.0
HSI,2017-05-10,330,1.0
HSI,2017-05-11,330,1.0
HSI,2017-05-12,330,1.0
HSI,2017-05-15,330,1.0
HSI,2017-05-16,330,1.0
HSI,2017-05-17,330,1.0
HSI,2017-05-18,330,1.0
HSI,2017-05-19,330,1.0
HSI,2017-05-22,330,1.0
HSI,2017-05-23,330,1.0
HSI,2017-05-24,330,1.0
HSI,2017-05-25,330,1.0
HSI,2017-05-26,330,1.0
HSI,2017-05-31,330,1.0
HSI,2017-06-01,330,1.0
HSI,2017-06-02,330,1.0
HSI,2017-06-05,192,0.5818181818181818
HSI,2017-06-06,330,1.0
HSI,2017-06-07,330,1.0
HSI,2017-06-08,330,1.0
HSI,2017-06-09,330,1.0
HSI,2017-06-12,330,1.0
HSI,2017-06-13,330,1.0
HSI,2017-06-14,330,1.0
HSI,2017-06-15,330,1.0
HSI,2017-06-16,330,1.0
HSI,2017-06-19,330,1.0
HSI,2017-06-20,330,1.0
HSI,2017-06-21,330,1.0
HSI,2017-06-22,330,1.0
HSI,2017-06-23,330,1.0
HSI,2017-06-26,330,1.0
HSI,2017-06-27,330,1.0
HSI,2017-06-28,330,1.0
HSI,2017-06-29,330,1.0
HSI,2017-06-30,330,1.0
HSI,2017-07-03,330,1.0
HSI,2017-07-04,330,1.0
HSI,2017-07-05,330,1.0
HSI,2017-07-06,330,1.0
HSI,2017-07-07,330,1.0
HSI,2017-07-10,330,1.0
HSI,2017-07-11,330,1.0
HSI,2017-07-12,330,1.0
HSI,2017-07-13,330,1.0
HSI,2017-07-14,330,1.0
HSI,2017-07-17,330,1.0
HSI,2017-07-18,330,1.0
HSI,2017-07-19,330,1.0
HSI,2017-07-20,330,1.0
HSI,2017-07-21,330,1.0
HSI,2017-07-24,330,1.0
HSI,2017-07-25,330,1.0
HSI,2017-07-26,330,1.0
HSI,2017-07-27,330,1.0
HSI,2017-07-28,330,1.0
HSI,2017-07-31,330,1.0
HSI,2017-08-01,330,1.0
HSI,2017-08-02,330,1.0
HSI,2017-08-03,330,1.0
HSI,2017-08-04,330,1.0
HSI,2017-08-07,330,1.0
HSI,2017-08-08,330,1.0
HSI,2017-08-09,330,1.0
HSI,2017-08-10,330,1.0
HSI,2017-08-11,330,1.0
HSI,2017-08-14,330,1.0
HSI,2017-08-15,330,1.0
HSI,2017-08-16,330,1.0
HSI,2017-08-17,330,1.0
HSI,2017-08-18,330,1.0
HSI,2017-08-21,330,1.0
HSI,2017-08-22,330,1.0
HSI,2017-08-24,330,1.0
HSI,2017-08-25,330,1.0
HSI,2017-08-28,330,1.0
HSI,2017-08-29,330,1.0
HSI,2017-08-30,330,1.0
HSI,2017-08-31,330,1.0
HSI,2017-09-01,330,1.0
HSI,2017-09-04,330,1.0
HSI,2017-09-05,330,1.0
HSI,2017-09-06,330,1.0
HSI,2017-09-07,330,1.0
HSI,2017-09-08,330,1.0
HSI,2017-09-11,330,1.0
HSI,2017-09-12,330,1.0
HSI,2017-09-13,330,1.0
HSI,2017-09-14,330,1.0
HSI,2017-09-15,330,1.0
HSI,2017-09-18,330,1.0
HSI,2017-09-19,330,1.0
HSI,2017-09-20,330,1.0
HSI,2017-09-21,330,1.0
HSI,2017-09-22,330,1.0
HSI,2017-09-25,330,1.0
HSI,2017-09-26,330,1.0
HSI,2017-09-27,330,1.0
HSI,2017-09-28,327,0.990909090909091
HSI,2017-09-29,330,1.0
HSI,2017-10-03,330,1.0
HSI,2017-10-04,330,1.0
HSI,2017-10-06,330,1.0
HSI,2017-10-09,330,1.0
HSI,2017-10-10,330,1.0
HSI,2017-10-11,330,1.0
HSI,2017-10-12,328,0.9939393939393939
HSI,2017-10-13,330,1.0
HSI,2017-10-16,330,1.0
HSI,2017-10-17,330,1.0
HSI,2017-10-18,330,1.0
HSI,2017-10-19,330,1.0
HSI,2017-10-20,330,1.0
HSI,2017-10-23,330,1.0
HSI,2017-10-24,330,1.0
HSI,2017-10-25,330,1.0
HSI,2017-10-26,330,1.0
HSI,2017-10-27,330,1.0
HSI,2017-10-30,330,1.0
HSI,2017-10-31,330,1.0
HSI,2017-11-01,330,1.0
HSI,2017-11-02,330,1.0
HSI,2017-11-03,330,1.0
HSI,2017-11-06,325,0.9848484848484849
HSI,2017-11-07,325,0.9848484848484849
HSI,2017-11-08,325,0.9848484848484849
HSI,2017-11-09,325,0.9848484848484849
HSI,2017-11-10,325,0.9848484848484849
HSI,2017-11-13,317,0.9606060606060606
HSI,2017-11-14,325,0.9848484848484849
HSI,2017-11-15,325,0.9848484848484849
HSI,2017-11-16,325,0.9848484848484849
HSI,2017-11-17,325,0.9848484848484849
HSI,2017-11-20,325,0.9848484848484849
HSI,2017-11-21,325,0.9848484848484849
HSI,2017-11-22,325,0.9848484848484849
HSI,2017-11-23,325,0.9848484848484849
HSI,2017-11-24,325,0.9848484848484849
HSI,2017-11-27,325,0.9848484848484849
HSI,2017-11-28,325,0.9848484848484849
HSI,2017-11-29,325,0.9848484848484849
HSI,2017-11-30,325,0.9848484848484849
HSI,2017-12-01,325,0.9848484848484849
HSI,2017-12-04,325,0.9848484848484849
HSI,2017-12-05,325,0.9848484848484849
HSI,2017-12-06,325,0.9848484848484849
HSI,2017-12-07,325,0.9848484848484849
HSI,2017-12-08,325,0.9848484848484849
HSI,2017-12-11,325,0.9848484848484849
HSI,2017-12-12,325,0.9848484848484849
HSI,2017-12-13,325,0.9848484848484849
HSI,2017-12-14,325,0.9848484848484849
HSI,2017-12-15,325,0.9848484848484849
HSI,2017-12-18,325,0.9848484848484849
HSI,2017-12-19,325,0.9848484848484849
HSI,2017-12-20,325,0.9848484848484849
HSI,2017-12-21,325,0.9848484848484849
HSI,2017-12-22,325,0.9848484848484849
HSI,2017-12-27,325,0.9848484848484849
HSI,2017-12-28,325,0.9848484848484849
HSI,2017-12-29,325,0.9848484848484849
HSI,2018-01-02,325,0.9848484848484849
HSI,2018-01-03,325,0.9848484848484849
HSI,2018-01-04,325,0.9848484848484849
HSI,2018-01-05,325,0.9848484848484849
HSI,2018-01-08,325,0.9848484848484849
HSI,2018-01-09,325,0.9848484848484849
HSI,2018-01-10,325,0.9848484848484849
HSI,2018-01-11,325,0.9848484848484849
HSI,2018-01-12,325,0.9848484848484849
HSI,2018-01-15,325,0.9848484848484849
HSI,2018-01-16,325,0.9848484848484849
HSI,2018-01-17,325,0.9848484848484849
HSI,2018-01-18,325,0.9848484848484849
HSI,2018-01-19,325,0.9848484848484849
HSI,2018-01-22,325,0.9848484848484849
HSI,2018-01-23,325,0.9848484848484849
HSI,2018-01-24,325,0.9848484848484849
HSI,2018-01-25,325,0.9848484848484849
HSI,2018-01-26,325,0.9848484848484849
HSI,2018-01-29,325,0.9848484848484849
HSI,2018-01-30,325,0.9848484848484849
HSI,2018-01-31,325,0.9848484848484849
HSI,2018-02-01,325,0.9848484848484849
HSI,2018-02-02,325,0.9848484848484849
HSI,2018-02-05,325,0.9848484848484849
HSI,2018-02-06,325,0.9848484848484849
HSI,2018-02-07,325,0.9848484848484849
HSI,2018-02-08,325,0.9848484848484849
HSI,2018-02-09,325,0.9848484848484849
HSI,2018-02-12,325,0.9848484848484849
HSI,2018-02-13,325,0.9848484848484849
HSI,2018-02-14,325,0.9848484848484849
HSI,2018-02-15,145,0.4393939393939394
HSI,2018-02-20,325,0.9848484848484849
HSI,2018-02-21,325,0.9848484848484849
HSI,2018-02-22,325,0.9848484848484849
HSI,2018-02-23,325,0.9848484848484849
HSI,2018-02-26,325,0.9848484848484849
HSI,2018-02-27,325,0.9848484848484849
HSI,2018-02-28,325,0.9848484848484849
HSI,2018-03-01,325,0.9848484848484849
HSI,2018-03-02,325,0.9848484848484849
HSI,2018-03-05,325,0.9848484848484849
HSI,2018-03-06,325,0.9848484848484849
HSI,2018-03-07,325,0.9848484848484849
HSI,2018-03-08,325,0.9848484848484849
HSI,2018-03-09,325,0.9848484848484849
HSI,2018-03-12,325,0.9848484848484849
HSI,2018-03-13,325,0.9848484848484849
HSI,2018-03-14,325,0.9848484848484849
HSI,2018-03-15,325,0.9848484848484849
HSI,2018-03-16,325,0.9848484848484849
HSI,2018-03-19,325,0.9848484848484849
HSI,2018-03-20,325,0.9848484848484849
HSI,2018-03-21,325,0.9848484848484849
HSI,2018-03-22,325,0.9848484848484849
HSI,2018-03-23,325,0.9848484848484849
HSI,2018-03-26,325,0.9848484848484849
HSI,2018-03-27,324,0.9818181818181818
HSI,2018-03-28,325,0.9848484848484849
HSI,2018-03-29,325,0.9848484848484849
HSI,2018-04-03,325,0.9848484848484849
HSI,2018-04-04,325,0.9848484848484849
HSI,2018-04-06,325,0.9848484848484849
HSI,2018-04-09,325,0.9848484848484849
HSI,2018-04-10,325,0.9848484848484849
HSI,2018-04-11,325,0.9848484848484849
HSI,2018-04-12,325,0.9848484848484849
HSI,2018-04-13,330,1.0
HSI,2018-04-16,330,1.0
HSI,2018-04-17,330,1.0
HSI,2018-04-18,330,1.0
HSI,2018-04-19,330,1.0
HSI,2018-04-20,330,1.0
HSI,2018-04-23,330,1.0
HSI,2018-04-24,330,1.0
HSI,2018-04-25,330,1.0
HSI,2018-04-26,330,1.0
HSI,2018-04-27,330,1.0
HSI,2018-04-30,330,1.0
HSI,2018-05-02,330,1.0
HSI,2018-05-03,330,1.0
HSI,2018-05-04,330,1.0
HSI,2018-05-07,330,1.0
HSI,2018-05-08,330,1.0
HSI,2018-05-09,330,1.0
HSI,2018-05-10,330,1.0
HSI,2018-05-11,330,1.0
HSI,2018-05-14,330,1.0
HSI,2018-05-15,330,1.0
HSI,2018-05-16,330,1.0
HSI,2018-05-17,330,1.0
HSI,2018-05-18,330,1.0
HSI,2018-05-21,330,1.0
HSI,2018-05-22,200,0.6060606060606061
HSI,2018-05-23,330,1.0
HSI,2018-05-24,330,1.0
HSI,2018-05-25,330,1.0
HSI,2018-05-28,330,1.0
HSI,2018-05-29,330,1.0
HSI,2018-05-30,330,1.0
HSI,2018-05-31,330,1.0
HSI,2018-06-01,330,1.0
HSI,2018-06-04,330,1.0
HSI,2018-06-05,330,1.0
HSI,2018-06-06,330,1.0
HSI,2018-06-07,330,1.0
HSI,2018-06-08,330,1.0
HSI,2018-06-11,330,1.0
HSI,2018-06-12,330,1.0
HSI,2018-06-13,330,1.0
HSI,2018-06-14,330,1.0
HSI,2018-06-15,330,1.0
HSI,2018-06-19,330,1.0
HSI,2018-06-20,330,1.0
HSI,2018-06-21,330,1.0
HSI,2018-06-22,330,1.0
HSI,2018-06-25,330,1.0
HSI,2018-06-26,330,1.0
HSI,2018-06-27,330,1.0
HSI,2018-06-28,330,1.0
HSI,2018-06-29,330,1.0
HSI,2018-07-03,330,1.0
HSI,2018-07-04,330,1.0
HSI,2018-07-05,330,1.0
HSI,2018-07-06,330,1.0
HSI,2018-07-09,330,1.0
HSI,2018-07-10,330,1.0
HSI,2018-07-11,330,1.0
HSI,2018-07-12,330,1.0
HSI,2018-07-13,329,0.996969696969697
HSI,2018-07-16,330,1.0
HSI,2018-07-17,330,1.0
HSI,2018-07-18,330,1.0
HSI,2018-07-19,330,1.0
HSI,2018-07-20,330,1.0
HSI,2018-07-23,330,1.0
HSI,2018-07-24,330,1.0
HSI,2018-07-25,330,1.0
HSI,2018-07-26,330,1.0
HSI,2018-07-27,330,1.0
HSI,2018-07-30,330,1.0
HSI,2018-07-31,330,1.0
HSI,2018-08-01,330,1.0
HSI,2018-08-02,330,1.0
HSI,2018-08-03,330,1.0
HSI,2018-08-06,330,1.0
HSI,2018-08-07,330,1.0
HSI,2018-08-08,330,1.0
HSI,2018-08-09,330,1.0
HSI,2018-08-10,330,1.0
HSI,2018-08-13,330,1.0
HSI,2018-08-14,330,1.0
HSI,2018-08-15,330,1.0
HSI,2018-08-16,330,1.0
HSI,2018-08-17,330,1.0
HSI,2018-08-20,330,1.0
HSI,2018-08-21,330,1.0
HSI,2018-08-22,330,1.0
HSI,2018-08-23,330,1.0
HSI,2018-08-24,330,1.0
HSI,2018-08-27,330,1.0
HSI,2018-08-28,330,1.0
HSI,2018-08-29,330,1.0
HSI,2018-08-30,329,0.996969696969697
HSI,2018-08-31,330,1.0
HSI,2018-09-03,330,1.0
HSI,2018-09-04,330,1.0
HSI,2018-09-05,330,1.0
HSI,2018-09-06,330,1.0
HSI,2018-09-07,330,1.0
HSI,2018-09-10,330,1.0
HSI,2018-09-11,330,1.0
HSI,2018-09-12,330,1.0
HSI,2018-09-13,330,1.0
HSI,2018-09-14,330,1.0
HSI,2018-09-17,330,1.0
HSI,2018-09-18,330,1.0
HSI,2018-09-19,330,1.0
HSI,2018-09-20,330,1.0
HSI,2018-09-21,330,1.0
HSI,2018-09-24,330,1.0
HSI,2018-09-26,330,1.0
HSI,2018-09-27,330,1.0
HSI,2018-09-28,330,1.0
HSI,2018-10-02,330,1.0
HSI,2018-10-03,330,1.0
HSI,2018-10-04,330,1.0
HSI,2018-10-05,330,1.0
HSI,2018-10-08,330,1.0
HSI,2018-10-09,330,1.0
HSI,2018-10-10,330,1.0
HSI,2018-10-11,330,1.0
HSI,2018-10-12,330,1.0
HSI,2018-10-15,330,1.0
HSI,2018-10-16,330,1.0
HSI,2018-10-18,330,1.0
HSI,2018-10-19,330,1.0
HSI,2018-10-22,330,1.0
HSI,2018-10-23,330,1.0
HSI,2018-10-24,330,1.0
HSI,2018-10-25,330,1.0
HSI,2018-10-26,330,1.0
HSI,2018-10-29,329,0.996969696969697
HSI,2018-10-30,330,1.0
HSI,2018-10-31,330,1.0
HSI,2018-11-01,330,1.0
HSI,2018-11-02,330,1.0
HSI,2018-11-05,330,1.0
HSI,2018-11-06,330,1.0
HSI,2018-11-07,330,1.0
HSI,2018-11-08,330,1.0
HSI,2018-11-09,330,1.0
HSI,2018-11-12,330,1.0
HSI,2018-11-13,330,1.0
HSI,2018-11-14,330,1.0
HSI,2018-11-15,330,1.0
HSI,2018-11-16,330,1.0
HSI,2018-11-19,330,1.0
HSI,2018-11-20,330,1.0
HSI,2018-11-21,330,1.0
HSI,2018-11-22,330,1.0
HSI,2018-11-23,330,1.0
HSI,2018-11-26,330,1.0
HSI,2018-11-27,330,1.0
HSI,2018-11-28,330,1.0
HSI,2018-11-29,330,1.0
HSI,2018-11-30,330,1.0
HSI,2018-12-03,330,1.0
HSI,2018-12-04,330,1.0
HSI,2018-12-05,330,1.0
HSI,2018-12-06,330,1.0
HSI,2018-12-07,330,1.0
HSI,2018-12-10,330,1.0
HSI,2018-12-11,330,1.0
HSI,2018-12-12,330,1.0
HSI,2018-12-13,330,1.0
HSI,2018-12-14,330,1.0
HSI,2018-12-17,330,1.0
HSI,2018-12-18,330,1.0
HSI,2018-12-19,330,1.0
HSI,2018-12-20,330,1.0
HSI,2018-12-21,330,1.0
HSI,2018-12-24,150,0.45454545454545453
HSI,2018-12-27,330,1.0
HSI,2018-12-28,330,1.0
HSI,2018-12-31,150,0.45454545454545453
HSI,2019-01-02,330,1.0
HSI,2019-01-03,330,1.0
HSI,2019-01-04,330,1.0
HSI,2019-01-07,330,1.0
HSI,2019-01-08,330,1.0
HSI,2019-01-09,330,1.0
HSI,2019-01-10,330,1.0
HSI,2019-01-11,330,1.0
HSI,2019-01-14,330,1.0
HSI,2019-01-15,330,1.0
HSI,2019-01-16,330,1.0
HSI,2019-01-17,330,1.0
HSI,2019-01-18,330,1.0
HSI,2019-01-21,330,1.0
HSI,2019-01-22,330,1.0
HSI,2019-01-23,330,1.0
HSI,2019-01-24,330,1.0
HSI,2019-01-25,330,1.0
HSI,2019-01-28,330,1.0
HSI,2019-01-29,330,1.0
HSI,2019-01-30,330,1.0
HSI,2019-01-31,330,1.0
HSI,2019-02-01,330,1.0
HSI,2019-02-04,152,0.46060606060606063
HSI,2019-02-08,330,1.0
HSI,2019-02-11,330,1.0
HSI,2019-02-12,330,1.0
HSI,2019-02-13,330,1.0
HSI,2019-02-14,330,1.0
HSI,2019-02-15,330,1.0
HSI,2019-02-18,330,1.0
HSI,2019-02-19,330,1.0
HSI,2019-02-20,330,1.0
HSI,2019-02-21,330,1.0
HSI,2019-02-22,330,1.0
HSI,2019-02-25,330,1.0
HSI,2019-02-26,330,1.0
HSI,2019-02-27,330,1.0
HSI,2019-02-28,330,1.0
HSI,2019-03-01,330,1.0
HSI,2019-03-04,330,1.0
HSI,2019-03-05,330,1.0
HSI,2019-03-06,330,1.0
HSI,2019-03-07,330,1.0
HSI,2019-03-08,330,1.0
HSI,2019-03-11,330,1.0
HSI,2019-03-12,330,1.0
HSI,2019-03-13,330,1.0
HSI,2019-03-14,330,1.0
HSI,2019-03-15,330,1.0
HSI,2019-03-18,330,1.0
HSI,2019-03-19,330,1.0
HSI,2019-03-20,330,1.0
HSI,2019-03-21,330,1.0
HSI,2019-03-22,330,1.0
HSI,2019-03-25,330,1.0
HSI,2019-03-26,330,1.0
HSI,2019-03-27,330,1.0
HSI,2019-03-28,330,1.0
HSI,2019-03-29,330,1.0
HSI,2019-04-01,330,1.0
HSI,2019-04-02,330,1.0
HSI,2019-04-03,330,1.0
HSI,2019-04-04,330,1.0
HSI,2019-04-08,330,1.0
HSI,2019-04-09,330,1.0
HSI,2019-04-10,330,1.0
HSI,2019-04-11,330,1.0
HSI,2019-04-12,330,1.0
HSI,2019-04-15,330,1.0
HSI,2019-04-16,330,1.0
HSI,2019-04-17,330,1.0
HSI,2019-04-18,330,1.0
HSI,2019-04-23,330,1.0
HSI,2019-04-24,330,1.0
HSI,2019-04-25,330,1.0
HSI,2019-04-26,330,1.0
HSI,2019-04-29,330,1.0
HSI,2019-04-30,330,1.0
HSI,2019-05-02,330,1.0
HSI,2019-05-03,330,1.0
HSI,2019-05-06,329,0.996969696969697
HSI,2019-05-07,330,1.0
HSI,2019-05-08,330,1.0
HSI,2019-05-09,330,1.0
HSI,2019-05-10,330,1.0
HSI,2019-05-13,312,0.9454545454545454
HSI,2019-05-14,330,1.0
HSI,2019-05-15,330,1.0
HSI,2019-05-16,330,1.0
HSI,2019-05-17,330,1.0
HSI,2019-05-20,330,1.0
HSI,2019-05-21,330,1.0
HSI,2019-05-22,330,1.0
HSI,2019-05-23,330,1.0
HSI,2019-05-24,330,1.0
HSI,2019-05-27,330,1.0
HSI,2019-05-28,329,0.996969696969697
HSI,2019-05-29,330,1.0
HSI,2019-05-30,330,1.0
HSI,2019-05-31,330,1.0
HSI,2019-06-03,308,0.9333333333333333
HSI,2019-06-04,330,1.0
HSI,2019-06-05,330,1.0
HSI,2019-06-06,330,1.0
HSI,2019-06-10,330,1.0
HSI,2019-06-11,330,1.0
HSI,2019-06-12,325,0.9848484848484849
HSI,2019-06-13,330,1.0
HSI,2019-06-14,330,1.0
HSI,2019-06-17,330,1.0
HSI,2019-06-18,330,1.0
HSI,2019-06-19,330,1.0
HSI,2019-06-20,330,1.0
HSI,2019-06-21,330,1.0
HSI,2019-06-24,330,1.0
HSI,2019-06-25,330,1.0
HSI,2019-06-26,330,1.0
HSI,2019-06-27,330,1.0
HSI,2019-06-28,330,1.0
HSI,2019-07-02,330,1.0
HSI,2019-07-03,330,1.0
HSI,2019-07-04,330,1.0
HSI,2019-07-05,330,1.0
HSI,2019-07-08,330,1.0
HSI,2019-07-09,330,1.0
HSI,2019-07-10,330,1.0
HSI,2019-07-11,330,1.0
HSI,2019-07-12,330,1.0
HSI,2019-07-15,330,1.0
HSI,2019-07-16,330,1.0
HSI,2019-07-17,330,1.0
HSI,2019-07-18,330,1.0
HSI,2019-07-19,330,1.0
HSI,2019-07-22,330,1.0
HSI,2019-07-23,330,1.0
HSI,2019-07-24,330,1.0
HSI,2019-07-25,330,1.0
HSI,2019-07-26,330,1.0
HSI,2019-07-29,330,1.0
HSI,2019-07-30,330,1.0
HSI,2019-07-31,208,0.6303030303030303
HSI,2019-08-01,330,1.0
HSI,2019-08-02,330,1.0
HSI,2019-08-05,330,1.0
HSI,2019-08-06,330,1.0
HSI,2019-08-07,330,1.0
HSI,2019-08-08,330,1.0
HSI,2019-08-09,330,1.0
HSI,2019-08-12,330,1.0
HSI,2019-08-13,330,1.0
HSI,2019-08-14,330,1.0
HSI,2019-08-15,330,1.0
HSI,2019-08-16,330,1.0
HSI,2019-08-19,330,1.0
HSI,2019-08-20,330,1.0
HSI,2019-08-21,330,1.0
HSI,2019-08-22,330,1.0
HSI,2019-08-23,330,1.0
HSI,2019-08-26,330,1.0
HSI,2019-08-27,330,1.0
HSI,2019-08-28,330,1.0
HSI,2019-08-29,330,1.0
HSI,2019-08-30,330,1.0
HSI,2019-09-02,330,1.0
HSI,2019-09-03,330,1.0
HSI,2019-09-04,326,0.9878787878787879
HSI,2019-09-05,188,0.5696969696969697
HSI,2019-09-06,330,1.0
HSI,2019-09-09,330,1.0
HSI,2019-09-10,330,1.0
HSI,2019-09-11,330,1.0
HSI,2019-09-12,330,1.0
HSI,2019-09-13,330,1.0
HSI,2019-09-16,330,1.0
HSI,2019-09-17,330,1.0
HSI,2019-09-18,330,1.0
HSI,2019-09-19,330,1.0
HSI,2019-09-20,330,1.0
HSI,2019-09-23,330,1.0
HSI,2019-09-24,330,1.0
HSI,2019-09-25,330,1.0
HSI,2019-09-26,330,1.0
HSI,2019-09-27,330,1.0
HSI,2019-09-30,330,1.0
HSI,2019-10-02,330,1.0
HSI,2019-10-03,330,1.0
HSI,2019-10-04,330,1.0
HSI,2019-10-08,330,1.0
HSI,2019-10-09,329,0.996969696969697
HSI,2019-10-10,330,1.0
HSI,2019-10-11,329,0.996969696969697
HSI,2019-10-14,330,1.0
HSI,2019-10-15,330,1.0
HSI,2019-10-16,330,1.0
HSI,2019-10-17,330,1.0
HSI,2019-10-18,330,1.0
HSI,2019-10-21,330,1.0
HSI,2019-10-22,330,1.0
HSI,2019-10-23,330,1.0
HSI,2019-10-24,330,1.0
HSI,2019-10-25,330,1.0
HSI,2019-10-28,330,1.0
HSI,2019-10-29,330,1.0
HSI,2019-10-30,330,1.0
HSI,2019-10-31,330,1.0
HSI,2019-11-01,330,1.0
HSI,2019-11-04,329,0.996969696969697
HSI,2019-11-05,330,1.0
HSI,2019-11-06,330,1.0
HSI,2019-11-07,328,0.9939393939393939
HSI,2019-11-08,330,1.0
HSI,2019-11-11,330,1.0
HSI,2019-11-12,330,1.0
HSI,2019-11-13,330,1.0
HSI,2019-11-14,330,1.0
HSI,2019-11-15,330,1.0
HSI,2019-11-18,330,1.0
HSI,2019-11-19,330,1.0
HSI,2019-11-20,330,1.0
HSI,2019-11-21,330,1.0
HSI,2019-11-22,330,1.0
HSI,2019-11-25,330,1.0
HSI,2019-11-26,330,1.0
HSI,2019-11-27,330,1.0
HSI,2019-11-28,330,1.0
HSI,2019-11-29,330,1.0
HSI,2019-12-02,330,1.0
HSI,2019-12-03,330,1.0
HSI,2019-12-04,330,1.0
HSI,2019-12-05,330,1.0
HSI,2019-12-06,330,1.0
HSI,2019-12-09,330,1.0
HSI,2019-12-10,330,1.0
HSI,2019-12-11,330,1.0
HSI,2019-12-12,330,1.0
HSI,2019-12-13,330,1.0
HSI,2019-12-16,330,1.0
HSI,2019-12-17,330,1.0
HSI,2019-12-18,330,1.0
HSI,2019-12-19,330,1.0
HSI,2019-12-20,330,1.0
HSI,2019-12-23,330,1.0
HSI,2019-12-24,150,0.45454545454545453
HSI,2019-12-27,330,1.0
HSI,2019-12-30,330,1.0
HSI,2019-12-31,150,0.45454545454545453
HSI,2020-01-02,330,1.0
HSI,2020-01-03,330,1.0
HSI,2020-01-06,330,1.0
HSI,2020-01-07,330,1.0
HSI,2020-01-08,330,1.0
HSI,2020-01-09,330,1.0
HSI,2020-01-10,330,1.0
HSI,2020-01-13,330,1.0
HSI,2020-01-14,330,1.0
HSI,2020-01-15,330,1.0
HSI,2020-01-16,330,1.0
HSI,2020-01-17,330,1.0
HSI,2020-01-20,330,1.0
HSI,2020-01-21,330,1.0
HSI,2020-01-22,330,1.0
HSI,2020-01-23,330,1.0
HSI,2020-01-24,150,0.45454545454545453
HSI,2020-01-29,296,0.896969696969697
HSI,2020-01-30,330,1.0
HSI,2020-01-31,330,1.0
HSI,2020-02-03,330,1.0
HSI,2020-02-04,308,0.9333333333333333
HSI,2020-02-05,330,1.0
HSI,2020-02-06,330,1.0
HSI,2020-02-07,330,1.0
HSI,2020-02-10,330,1.0
HSI,2020-02-11,330,1.0
HSI,2020-02-12,330,1.0
HSI,2020-02-13,330,1.0
HSI,2020-02-14,330,1.0
HSI,2020-02-17,330,1.0
HSI,2020-02-18,330,1.0
HSI,2020-02-19,330,1.0
HSI,2020-02-20,330,1.0
HSI,2020-02-21,330,1.0
HSI,2020-02-24,330,1.0
HSI,2020-02-25,330,1.0
HSI,2020-02-26,330,1.0
HSI,2020-02-27,330,1.0
HSI,2020-02-28,330,1.0
HSI,2020-03-02,330,1.0
HSI,2020-03-03,330,1.0
HSI,2020-03-04,330,1.0
HSI,2020-03-05,330,1.0
HSI,2020-03-06,330,1.0
HSI,2020-03-09,330,1.0
HSI,2020-03-10,330,1.0
HSI,2020-03-11,330,1.0
HSI,2020-03-12,330,1.0
HSI,2020-03-13,330,1.0
HSI,2020-03-16,330,1.0
HSI,2020-03-17,330,1.0
HSI,2020-03-18,330,1.0
HSI,2020-03-19,330,1.0
HSI,2020-03-20,330,1.0
HSI,2020-03-23,330,1.0
HSI,2020-03-24,330,1.0
HSI,2020-03-25,330,1.0
HSI,2020-03-26,330,1.0
HSI,2020-03-27,330,1.0
HSI,2020-03-30,330,1.0
HSI,2020-03-31,330,1.0
HSI,2020-04-01,330,1.0
HSI,2020-04-02,330,1.0
HSI,2020-04-03,330,1.0
HSI,2020-04-06,330,1.0
HSI,2020-04-07,330,1.0
HSI,2020-04-08,330,1.0
HSI,2020-04-09,330,1.0
HSI,2020-04-14,330,1.0
HSI,2020-04-15,330,1.0
HSI,2020-04-16,330,1.0
HSI,2020-04-17,330,1.0
HSI,2020-04-20,330,1.0
HSI,2020-04-21,330,1.0
HSI,2020-04-22,330,1.0
HSI,2020-04-23,330,1.0
HSI,2020-04-24,330,1.0
HSI,2020-04-27,330,1.0
HSI,2020-04-28,330,1.0
HSI,2020-04-29,330,1.0
HSI,2020-05-04,330,1.0
HSI,2020-05-05,330,1.0
HSI,2020-05-06,330,1.0
HSI,2020-05-07,330,1.0
HSI,2020-05-08,330,1.0
HSI,2020-05-11,330,1.0
HSI,2020-05-12,330,1.0
HSI,2020-05-13,330,1.0
HSI,2020-05-14,330,1.0
HSI,2020-05-15,330,1.0
HSI,2020-05-18,330,1.0
HSI,2020-05-19,330,1.0
HSI,2020-05-20,330,1.0
HSI,2020-05-21,330,1.0
HSI,2020-05-22,330,1.0
HSI,2020-05-25,330,1.0
HSI,2020-05-26,330,1.0
HSI,2020-05-27,330,1.0
HSI,2020-05-28,330,1.0
HSI,2020-05-29,330,1.0
HSI,2020-06-01,330,1.0
HSI,2020-06-02,330,1.0
HSI,2020-06-03,330,1.0
HSI,2020-06-04,330,1.0
HSI,2020-06-05,330,1.0
HSI,2020-06-08,330,1.0
HSI,2020-06-09,330,1.0
HSI,2020-06-10,330,1.0
HSI,2020-06-11,330,1.0
HSI,2020-06-12,330,1.0
HSI,2020-06-15,330,1.0
HSI,2020-06-16,330,1.0
HSI,2020-06-17,330,1.0
HSI,2020-06-18,330,1.0
HSI,2020-06-19,330,1.0
HSI,2020-06-22,330,1.0
HSI,2020-06-23,330,1.0
HSI,2020-06-24,330,1.0
HSI,2020-06-26,330,1.0
HSI,2020-06-29,307,0.9303030303030303
HSI,2020-06-30,330,1.0
HSI,2020-07-02,330,1.0
HSI,2020-07-03,330,1.0
HSI,2020-07-06,330,1.0
HSI,2020-07-07,330,1.0
HSI,2020-07-08,330,1.0
HSI,2020-07-09,330,1.0
HSI,2020-07-10,330,1.0
HSI,2020-07-13,330,1.0
HSI,2020-07-14,330,1.0
HSI,2020-07-15,330,1.0
HSI,2020-07-16,330,1.0
HSI,2020-07-17,330,1.0
HSI,2020-07-20,330,1.0
HSI,2020-07-21,330,1.0
HSI,2020-07-22,330,1.0
HSI,2020-07-23,330,1.0
HSI,2020-07-24,330,1.0
HSI,2020-07-27,330,1.0
HSI,2020-07-28,330,1.0
HSI,2020-07-29,330,1.0
HSI,2020-07-30,330,1.0
HSI,2020-07-31,330,1.0
HSI,2020-08-03,330,1.0
HSI,2020-08-04,330,1.0
HSI,2020-08-05,330,1.0
HSI,2020-08-06,330,1.0
HSI,2020-08-07,330,1.0
HSI,2020-08-10,330,1.0
HSI,2020-08-11,330,1.0
HSI,2020-08-12,330,1.0
HSI,2020-08-13,330,1.0
HSI,2020-08-14,330,1.0
HSI,2020-08-17,330,1.0
HSI,2020-08-18,330,1.0
HSI,2020-08-19,150,0.45454545454545453
HSI,2020-08-20,330,1.0
HSI,2020-08-21,330,1.0
HSI,2020-08-24,330,1.0
HSI,2020-08-25,330,1.0
HSI,2020-08-26,330,1.0
HSI,2020-08-27,330,1.0
HSI,2020-08-28,330,1.0
HSI,2020-08-31,330,1.0
HSI,2020-09-01,330,1.0
HSI,2020-09-02,330,1.0
HSI,2020-09-03,330,1.0
HSI,2020-09-04,330,1.0
HSI,2020-09-07,330,1.0
HSI,2020-09-08,330,1.0
HSI,2020-09-09,330,1.0
HSI,2020-09-10,330,1.0
HSI,2020-09-11,330,1.0
HSI,2020-09-14,330,1.0
HSI,2020-09-15,330,1.0
HSI,2020-09-16,330,1.0
HSI,2020-09-17,330,1.0
HSI,2020-09-18,330,1.0
HSI,2020-09-21,330,1.0
HSI,2020-09-22,330,1.0
HSI,2020-09-23,330,1.0
HSI,2020-09-24,330,1.0
HSI,2020-09-25,330,1.0
HSI,2020-09-28,330,1.0
HSI,2020-09-29,330,1.0
HSI,2020-09-30,330,1.0
HSI,2020-10-05,330,1.0
HSI,2020-10-06,330,1.0
HSI,2020-10-07,330,1.0
HSI,2020-10-08,330,1.0
HSI,2020-10-09,330,1.0
HSI,2020-10-12,330,1.0
HSI,2020-10-14,330,1.0
HSI,2020-10-15,330,1.0
HSI,2020-10-16,330,1.0
HSI,2020-10-19,330,1.0
HSI,2020-10-20,330,1.0
HSI,2020-10-21,330,1.0
HSI,2020-10-22,330,1.0
HSI,2020-10-23,330,1.0
HSI,2020-10-27,330,1.0
HSI,2020-10-28,330,1.0
HSI,2020-10-29,330,1.0
HSI,2020-10-30,330,1.0
HSI,2020-11-02,330,1.0
HSI,2020-11-03,330,1.0
HSI,2020-11-04,325,0.9848484848484849
HSI,2020-11-05,330,1.0
HSI,2020-11-06,330,1.0
HSI,2020-11-09,330,1.0
HSI,2020-11-10,330,1.0
HSI,2020-11-11,330,1.0
HSI,2020-11-12,330,1.0
HSI,2020-11-13,330,1.0
HSI,2020-11-16,330,1.0
HSI,2020-11-17,330,1.0
HSI,2020-11-18,324,0.9818181818181818
HSI,2020-11-19,329,0.996969696969697
HSI,2020-11-20,288,0.8727272727272727
HSI,2020-11-23,330,1.0
HSI,2020-11-24,329,0.996969696969697
HSI,2020-11-25,330,1.0
HSI,2020-11-26,330,1.0
HSI,2020-11-27,330,1.0
HSI,2020-11-30,330,1.0
HSI,2020-12-01,330,1.0
HSI,2020-12-02,330,1.0
HSI,2020-12-03,330,1.0
HSI,2020-12-04,330,1.0
HSI,2020-12-07,330,1.0
HSI,2020-12-08,330,1.0
HSI,2020-12-09,330,1.0
HSI,2020-12-10,330,1.0
HSI,2020-12-11,330,1.0
HSI,2020-12-14,330,1.0
HSI,2020-12-15,330,1.0
HSI,2020-12-16,330,1.0
HSI,2020-12-17,330,1.0
HSI,2020-12-18,330,1.0
HSI,2020-12-21,330,1.0
HSI,2020-12-22,330,1.0
HSI,2020-12-23,330,1.0
HSI,2020-12-24,150,0.45454545454545453
HSI,2020-12-28,330,1.0
HSI,2020-12-29,330,1.0
HSI,2020-12-30,330,1.0
HSI,2020-12-31,150,0.45454545454545453
HSI,2021-01-04,330,1.0
HSI,2021-01-05,330,1.0
HSI,2021-01-06,330,1.0
HSI,2021-01-07,330,1.0
HSI,2021-01-08,330,1.0
HSI,2021-01-11,330,1.0
HSI,2021-01-12,330,1.0
HSI,2021-01-13,330,1.0
HSI,2021-01-14,330,1.0
HSI,2021-01-15,330,1.0
HSI,2021-01-18,330,1.0
HSI,2021-01-19,330,1.0
HSI,2021-01-20,330,1.0
HSI,2021-01-21,330,1.0
HSI,2021-01-22,330,1.0
HSI,2021-01-25,330,1.0
HSI,2021-01-26,330,1.0
HSI,2021-01-27,330,1.0
HSI,2021-01-28,330,1.0
HSI,2021-01-29,330,1.0
HSI,2021-02-01,330,1.0
HSI,2021-02-02,330,1.0
HSI,2021-02-03,330,1.0
HSI,2021-02-04,330,1.0
HSI,2021-02-05,330,1.0
HSI,2021-02-08,330,1.0
HSI,2021-02-09,330,1.0
HSI,2021-02-10,330,1.0
HSI,2021-02-11,150,0.45454545454545453
HSI,2021-02-16,330,1.0
HSI,2021-02-17,330,1.0
HSI,2021-02-18,330,1.0
HSI,2021-02-19,330,1.0
HSI,2021-02-22,330,1.0
HSI,2021-02-23,330,1.0
HSI,2021-02-24,330,1.0
HSI,2021-02-25,330,1.0
HSI,2021-02-26,330,1.0
HSI,2021-03-01,330,1.0
HSI,2021-03-02,330,1.0
HSI,2021-03-03,330,1.0
HSI,2021-03-04,330,1.0
HSI,2021-03-05,330,1.0
HSI,2021-03-08,330,1.0
HSI,2021-03-09,330,1.0
HSI,2021-03-10,330,1.0
HSI,2021-03-11,330,1.0
HSI,2021-03-12,330,1.0
HSI,2021-03-15,330,1.0
HSI,2021-03-16,330,1.0
HSI,2021-03-17,330,1.0
HSI,2021-03-18,330,1.0
HSI,2021-03-19,330,1.0
HSI,2021-03-22,330,1.0
HSI,2021-03-23,330,1.0
HSI,2021-03-24,330,1.0
HSI,2021-03-25,330,1.0
HSI,2021-03-26,330,1.0
HSI,2021-03-29,330,1.0
HSI,2021-03-30,330,1.0
HSI,2021-03-31,330,1.0
HSI,2021-04-01,330,1.0
HSI,2021-04-07,330,1.0
HSI,2021-04-08,330,1.0
HSI,2021-04-09,330,1.0
HSI,2021-04-12,330,1.0
HSI,2021-04-13,329,0.996969696969697
HSI,2021-04-14,330,1.0
HSI,2021-04-15,330,1.0
HSI,2021-04-16,330,1.0
HSI,2021-04-19,330,1.0
HSI,2021-04-20,330,1.0
HSI,2021-04-21,330,1.0
HSI,2021-04-22,330,1.0
HSI,2021-04-23,330,1.0
HSI,2021-04-26,330,1.0
HSI,2021-04-27,330,1.0
HSI,2021-04-28,330,1.0
HSI,2021-04-29,330,1.0
HSI,2021-04-30,330,1.0
HSI,2021-05-03,330,1.0
HSI,2021-05-04,330,1.0
HSI,2021-05-05,330,1.0
HSI,2021-05-06,330,1.0
HSI,2021-05-07,330,1.0
HSI,2021-05-10,330,1.0
HSI,2021-05-11,330,1.0
HSI,2021-05-12,330,1.0
HSI,2021-05-13,330,1.0
HSI,2021-05-14,330,1.0
HSI,2021-05-17,330,1.0
HSI,2021-05-18,330,1.0
HSI,2021-05-20,330,1.0
HSI,2021-05-21,330,1.0
HSI,2021-05-24,330,1.0
HSI,2021-05-25,330,1.0
HSI,2021-05-26,330,1.0
HSI,2021-05-27,330,1.0
HSI,2021-05-28,330,1.0
HSI,2021-05-31,330,1.0
HSI,2021-06-01,330,1.0
HSI,2021-06-02,330,1.0
HSI,2021-06-03,330,1.0
HSI,2021-06-04,330,1.0
HSI,2021-06-07,330,1.0
HSI,2021-06-08,330,1.0
HSI,2021-06-09,330,1.0
HSI,2021-06-10,330,1.0
HSI,2021-06-11,330,1.0
HSI,2021-06-15,330,1.0
HSI,2021-06-16,330,1.0
HSI,2021-06-17,322,0.9757575757575757
HSI,2021-06-18,330,1.0
HSI,2021-06-21,330,1.0
HSI,2021-06-22,330,1.0
HSI,2021-06-23,330,1.0
HSI,2021-06-24,330,1.0
HSI,2021-06-25,330,1.0
HSI,2021-06-28,150,0.45454545454545453
HSI,2021-06-29,330,1.0
HSI,2021-06-30,330,1.0
HSI,2021-07-02,330,1.0
HSI,2021-07-05,330,1.0
HSI,2021-07-06,330,1.0
HSI,2021-07-07,330,1.0
HSI,2021-07-08,330,1.0
HSI,2021-07-09,330,1.0
HSI,2021-07-12,330,1.0
HSI,2021-07-13,330,1.0
HSI,2021-07-14,330,1.0
HSI,2021-07-15,330,1.0
HSI,2021-07-16,330,1.0
HSI,2021-07-19,330,1.0
HSI,2021-07-20,330,1.0
HSI,2021-07-21,330,1.0
HSI,2021-07-22,330,1.0
HSI,2021-07-23,330,1.0
HSI,2021-07-26,330,1.0
HSI,2021-07-27,330,1.0
HSI,2021-07-28,330,1.0
HSI,2021-07-29,330,1.0
HSI,2021-07-30,330,1.0
HSI,2021-08-02,330,1.0
HSI,2021-08-03,330,1.0
HSI,2021-08-04,330,1.0
HSI,2021-08-05,330,1.0
HSI,2021-08-06,329,0.996969696969697
HSI,2021-08-09,330,1.0
HSI,2021-08-10,330,1.0
HSI,2021-08-11,330,1.0
HSI,2021-08-12,330,1.0
HSI,2021-08-13,330,1.0
HSI,2021-08-16,330,1.0
HSI,2021-08-17,330,1.0
HSI,2021-08-18,330,1.0
HSI,2021-08-19,330,1.0
HSI,2021-08-20,330,1.0
HSI,2021-08-23,330,1.0
HSI,2021-08-24,330,1.0
HSI,2021-08-25,330,1.0
HSI,2021-08-26,330,1.0
HSI,2021-08-27,330,1.0
HSI,2021-08-30,330,1.0
HSI,2021-08-31,330,1.0
HSI,2021-09-01,330,1.0
HSI,2021-09-02,330,1.0
HSI,2021-09-03,330,1.0
HSI,2021-09-06,330,1.0
HSI,2021-09-07,330,1.0
HSI,2021-09-08,330,1.0
HSI,2021-09-09,330,1.0
HSI,2021-09-10,330,1.0
HSI,2021-09-13,330,1.0
HSI,2021-09-14,330,1.0
HSI,2021-09-15,330,1.0
HSI,2021-09-16,330,1.0
HSI,2021-09-17,330,1.0
HSI,2021-09-20,330,1.0
HSI,2021-09-21,330,1.0
HSI,2021-09-23,330,1.0
HSI,2021-09-24,330,1.0
HSI,2021-09-27,330,1.0
HSI,2021-09-28,330,1.0
HSI,2021-09-29,330,1.0
HSI,2021-09-30,330,1.0
HSI,2021-10-04,330,1.0
HSI,2021-10-05,330,1.0
HSI,2021-10-06,330,1.0
HSI,2021-10-07,330,1.0
HSI,2021-10-08,330,1.0
HSI,2021-10-11,330,1.0
HSI,2021-10-12,330,1.0
HSI,2021-10-15,330,1.0
HSI,2021-10-18,330,1.0
HSI,2021-10-19,330,1.0
HSI,2021-10-20,330,1.0
HSI,2021-10-21,330,1.0
HSI,2021-10-22,330,1.0
HSI,2021-10-25,330,1.0
HSI,2021-10-26,330,1.0
HSI,2021-10-27,330,1.0
HSI,2021-10-28,330,1.0
HSI,2021-10-29,330,1.0
HSI,2021-11-01,330,1.0
HSI,2021-11-02,330,1.0
HSI,2021-11-03,330,1.0
HSI,2021-11-04,330,1.0
HSI,2021-11-05,330,1.0
HSI,2021-11-08,330,1.0
HSI,2021-11-09,330,1.0
HSI,2021-11-10,330,1.0
HSI,2021-11-11,330,1.0
HSI,2021-11-12,330,1.0
HSI,2021-11-15,330,1.0
HSI,2021-11-16,330,1.0
HSI,2021-11-17,330,1.0
HSI,2021-11-18,330,1.0
HSI,2021-11-19,330,1.0
HSI,2021-11-22,330,1.0
HSI,2021-11-23,330,1.0
HSI,2021-11-24,330,1.0
HSI,2021-11-25,330,1.0
HSI,2021-11-26,330,1.0
HSI,2021-11-29,330,1.0
HSI,2021-11-30,330,1.0
HSI,2021-12-01,330,1.0
HSI,2021-12-02,330,1.0
HSI,2021-12-03,330,1.0
HSI,2021-12-06,330,1.0
HSI,2021-12-07,330,1.0
HSI,2021-12-08,330,1.0
HSI,2021-12-09,330,1.0
HSI,2021-12-10,330,1.0
HSI,2021-12-13,330,1.0
HSI,2021-12-14,311,0.9424242424242424
HSI,2021-12-15,330,1.0
HSI,2021-12-16,330,1.0
HSI,2021-12-17,330,1.0
HSI,2021-12-20,330,1.0
HSI,2021-12-21,330,1.0
HSI,2021-12-22,330,1.0
HSI,2021-12-23,330,1.0
HSI,2021-12-24,150,0.45454545454545453
HSI,2021-12-28,330,1.0
HSI,2021-12-29,330,1.0
HSI,2021-12-30,330,1.0
HSI,2021-12-31,150,0.45454545454545453
HSI,2022-01-04,330,1.0
HSI,2022-01-05,330,1.0
HSI,2022-01-06,330,1.0
HSI,2022-01-07,330,1.0
HSI,2022-01-10,330,1.0
HSI,2022-01-11,330,1.0
HSI,2022-01-12,330,1.0
HSI,2022-01-13,330,1.0
HSI,2022-01-14,330,1.0
HSI,2022-01-17,330,1.0
HSI,2022-01-18,330,1.0
HSI,2022-01-19,330,1.0
HSI,2022-01-20,330,1.0
HSI,2022-01-21,330,1.0
HSI,2022-01-24,330,1.0
HSI,2022-01-25,330,1.0
HSI,2022-01-26,330,1.0
HSI,2022-01-27,330,1.0
HSI,2022-01-28,330,1.0
HSI,2022-01-31,150,0.45454545454545453
HSI,2022-02-04,330,1.0
HSI,2022-02-07,330,1.0
HSI,2022-02-08,330,1.0
HSI,2022-02-09,330,1.0
HSI,2022-02-10,330,1.0
HSI,2022-02-11,330,1.0
HSI,2022-02-14,330,1.0
HSI,2022-02-15,330,1.0
HSI,2022-02-16,330,1.0
HSI,2022-02-17,330,1.0
HSI,2022-02-18,330,1.0
HSI,2022-02-21,330,1.0
HSI,2022-02-22,330,1.0
HSI,2022-02-23,330,1.0
HSI,2022-02-24,330,1.0
HSI,2022-02-25,330,1.0
HSI,2022-02-28,330,1.0
HSI,2022-03-01,330,1.0
HSI,2022-03-02,330,1.0
HSI,2022-03-03,330,1.0
HSI,2022-03-04,330,1.0
HSI,2022-03-07,330,1.0
HSI,2022-03-08,330,1.0
HSI,2022-03-09,330,1.0
HSI,2022-03-10,330,1.0
HSI,2022-03-11,330,1.0
HSI,2022-03-14,330,1.0
HSI,2022-03-15,330,1.0
HSI,2022-03-16,330,1.0
HSI,2022-03-17,330,1.0
HSI,2022-03-18,330,1.0
HSI,2022-03-21,330,1.0
HSI,2022-03-22,330,1.0
HSI,2022-03-23,330,1.0
HSI,2022-03-24,330,1.0
HSI,2022-03-25,330,1.0
HSI,2022-03-28,330,1.0
HSI,2022-03-29,330,1.0
HSI,2022-03-30,330,1.0
HSI,2022-03-31,330,1.0
HSI,2022-04-01,330,1.0
HSI,2022-04-04,330,1.0
HSI,2022-04-06,330,1.0
HSI,2022-04-07,330,1.0
HSI,2022-04-08,330,1.0
HSI,2022-04-11,330,1.0
HSI,2022-04-12,330,1.0
HSI,2022-04-13,330,1.0
HSI,2022-04-14,330,1.0
HSI,2022-04-19,330,1.0
HSI,2022-04-20,330,1.0
HSI,2022-04-21,330,1.0
HSI,2022-04-22,330,1.0
HSI,2022-04-25,330,1.0
HSI,2022-04-26,330,1.0
HSI,2022-04-27,330,1.0
HSI,2022-04-28,330,1.0
HSI,2022-04-29,330,1.0
HSI,2022-05-03,330,1.0
HSI,2022-05-04,330,1.0
HSI,2022-05-05,330,1.0
HSI,2022-05-06,330,1.0
HSI,2022-05-10,330,1.0
HSI,2022-05-11,330,1.0
HSI,2022-05-12,330,1.0
HSI,2022-05-13,330,1.0
HSI,2022-05-16,330,1.0
HSI,2022-05-17,330,1.0
HSI,2022-05-18,330,1.0
HSI,2022-05-19,330,1.0
HSI,2022-05-20,330,1.0
HSI,2022-05-23,330,1.0
HSI,2022-05-24,330,1.0
HSI,2022-05-25,330,1.0
HSI,2022-05-26,330,1.0
HSI,2022-05-27,330,1.0
HSI,2022-05-30,330,1.0
HSI,2022-05-31,330,1.0
HSI,2022-06-01,330,1.0
HSI,2022-06-02,330,1.0
HSI,2022-06-06,330,1.0
HSI,2022-06-07,330,1.0
HSI,2022-06-08,330,1.0
HSI,2022-06-09,330,1.0
HSI,2022-06-10,330,1.0
HSI,2022-06-13,330,1.0
HSI,2022-06-14,330,1.0
HSI,2022-06-15,330,1.0
HSI,2022-06-16,329,0.996969696969697
HSI,2022-06-17,330,1.0
HSI,2022-06-20,330,1.0
HSI,2022-06-21,330,1.0
HSI,2022-06-22,330,1.0
HSI,2022-06-23,330,1.0
HSI,2022-06-24,330,1.0
HSI,2022-06-27,330,1.0
HSI,2022-06-28,330,1.0
HSI,2022-06-29,330,1.0
HSI,2022-06-30,330,1.0
HSI,2022-07-04,330,1.0
HSI,2022-07-05,330,1.0
HSI,2022-07-06,330,1.0
HSI,2022-07-07,330,1.0
HSI,2022-07-08,330,1.0
HSI,2022-07-11,330,1.0
HSI,2022-07-12,330,1.0
HSI,2022-07-13,329,0.996969696969697
HSI,2022-07-14,330,1.0
HSI,2022-07-15,330,1.0
HSI,2022-07-18,330,1.0
HSI,2022-07-19,330,1.0
HSI,2022-07-20,330,1.0
HSI,2022-07-21,330,1.0
HSI,2022-07-22,330,1.0
HSI,2022-07-25,330,1.0
HSI,2022-07-26,330,1.0
HSI,2022-07-27,330,1.0
HSI,2022-07-28,330,1.0
HSI,2022-07-29,330,1.0
HSI,2022-08-01,330,1.0
HSI,2022-08-02,330,1.0
HSI,2022-08-03,330,1.0
HSI,2022-08-04,330,1.0
HSI,2022-08-05,330,1.0
HSI,2022-08-08,330,1.0
HSI,2022-08-09,330,1.0
HSI,2022-08-10,330,1.0
HSI,2022-08-11,330,1.0
HSI,2022-08-12,330,1.0
HSI,2022-08-15,330,1.0
HSI,2022-08-16,330,1.0
HSI,2022-08-17,330,1.0
HSI,2022-08-18,330,1.0
HSI,2022-08-19,330,1.0
HSI,2022-08-22,330,1.0
HSI,2022-08-23,330,1.0
HSI,2022-08-24,330,1.0
HSI,2022-08-25,180,0.5454545454545454
HSI,2022-08-26,330,1.0
HSI,2022-08-29,330,1.0
HSI,2022-08-30,330,1.0
HSI,2022-08-31,330,1.0
HSI,2022-09-01,330,1.0
HSI,2022-09-02,330,1.0
HSI,2022-09-05,330,1.0
HSI,2022-09-06,330,1.0
HSI,2022-09-07,330,1.0
HSI,2022-09-08,330,1.0
HSI,2022-09-09,330,1.0
HSI,2022-09-13,330,1.0
HSI,2022-09-14,330,1.0
HSI,2022-09-15,330,1.0
HSI,2022-09-16,330,1.0
HSI,2022-09-19,330,1.0
HSI,2022-09-20,330,1.0
HSI,2022-09-21,330,1.0
HSI,2022-09-22,330,1.0
HSI,2022-09-23,330,1.0
HSI,2022-09-26,330,1.0
HSI,2022-09-27,330,1.0
HSI,2022-09-28,330,1.0
HSI,2022-09-29,330,1.0
HSI,2022-09-30,330,1.0
HSI,2022-10-03,330,1.0
HSI,2022-10-05,330,1.0
HSI,2022-10-06,330,1.0
HSI,2022-10-07,330,1.0
HSI,2022-10-10,330,1.0
HSI,2022-10-11,330,1.0
HSI,2022-10-12,330,1.0
HSI,2022-10-13,330,1.0
HSI,2022-10-14,330,1.0
HSI,2022-10-17,330,1.0
HSI,2022-10-18,330,1.0
HSI,2022-10-19,330,1.0
HSI,2022-10-20,330,1.0
HSI,2022-10-21,330,1.0
HSI,2022-10-24,330,1.0
HSI,2022-10-25,330,1.0
HSI,2022-10-26,330,1.0
HSI,2022-10-27,300,0.9090909090909091
HSI,2022-10-28,330,1.0
HSI,2022-10-31,330,1.0
HSI,2022-11-01,330,1.0
HSI,2022-11-02,205,0.6212121212121212
HSI,2022-11-03,330,1.0
HSI,2022-11-04,330,1.0
HSI,2022-11-07,330,1.0
HSI,2022-11-08,330,1.0
HSI,2022-11-09,330,1.0
HSI,2022-11-10,330,1.0
HSI,2022-11-11,330,1.0
HSI,2022-11-14,330,1.0
HSI,2022-11-15,330,1.0
HSI,2022-11-16,330,1.0
HSI,2022-11-17,330,1.0
HSI,2022-11-18,330,1.0
HSI,2022-11-21,330,1.0
HSI,2022-11-22,330,1.0
HSI,2022-11-23,330,1.0
HSI,2022-11-24,330,1.0
HSI,2022-11-25,330,1.0
HSI,2022-11-28,330,1.0
HSI,2022-11-29,330,1.0
HSI,2022-11-30,330,1.0
HSI,2022-12-01,330,1.0
HSI,2022-12-02,330,1.0
HSI,2022-12-05,330,1.0
HSI,2022-12-06,330,1.0
HSI,2022-12-07,330,1.0
HSI,2022-12-08,330,1.0
HSI,2022-12-09,330,1.0
HSI,2022-12-12,330,1.0
HSI,2022-12-13,330,1.0
HSI,2022-12-14,330,1.0
HSI,2022-12-15,330,1.0
HSI,2022-12-16,330,1.0
HSI,2022-12-19,330,1.0
HSI,2022-12-20,330,1.0
HSI,2022-12-21,330,1.0
HSI,2022-12-22,330,1.0
HSI,2022-12-23,330,1.0
HSI,2022-12-28,330,1.0
HSI,2022-12-29,330,1.0
HSI,2022-12-30,330,1.0
HSI,2023-01-03,330,1.0
HSI,2023-01-04,330,1.0
HSI,2023-01-05,330,1.0
HSI,2023-01-06,330,1.0
HSI,2023-01-09,330,1.0
HSI,2023-01-10,330,1.0
HSI,2023-01-11,330,1.0
HSI,2023-01-12,330,1.0
HSI,2023-01-13,330,1.0
HSI,2023-01-16,330,1.0
HSI,2023-01-17,330,1.0
HSI,2023-01-18,330,1.0
HSI,2023-01-19,330,1.0
HSI,2023-01-20,330,1.0
HSI,2023-01-26,330,1.0
HSI,2023-01-27,330,1.0
HSI,2023-01-30,330,1.0
HSI,2023-01-31,330,1.0
HSI,2023-02-01,330,1.0
HSI,2023-02-02,330,1.0
HSI,2023-02-03,330,1.0
HSI,2023-02-06,330,1.0
HSI,2023-02-07,330,1.0
HSI,2023-02-08,330,1.0
HSI,2023-02-09,330,1.0
HSI,2023-02-10,330,1.0
HSI,2023-02-13,330,1.0
HSI,2023-02-14,330,1.0
HSI,2023-02-15,330,1.0
HSI,2023-02-16,330,1.0
HSI,2023-02-17,330,1.0
HSI,2023-02-20,330,1.0
HSI,2023-02-21,330,1.0
HSI,2023-02-22,330,1.0
HSI,2023-02-23,330,1.0
HSI,2023-02-24,330,1.0
HSI,2023-02-27,330,1.0
HSI,2023-02-28,330,1.0
HSI,2023-03-01,330,1.0
HSI,2023-03-02,330,1.0
HSI,2023-03-03,330,1.0
HSI,2023-03-06,329,0.996969696969697
HSI,2023-03-07,330,1.0
HSI,2023-03-08,330,1.0
HSI,2023-03-09,330,1.0
HSI,2023-03-10,330,1.0
HSI,2023-03-13,330,1.0
HSI,2023-03-14,330,1.0
HSI,2023-03-15,330,1.0
HSI,2023-03-16,330,1.0
HSI,2023-03-17,330,1.0
HSI,2023-03-20,330,1.0
HSI,2023-03-21,330,1.0
HSI,2023-03-22,330,1.0
HSI,2023-03-23,330,1.0
HSI,2023-03-24,330,1.0
HSI,2023-03-27,330,1.0
HSI,2023-03-28,330,1.0
HSI,2023-03-29,330,1.0
HSI,2023-03-30,330,1.0
HSI,2023-03-31,330,1.0
HSI,2023-04-03,330,1.0
HSI,2023-04-04,330,1.0
HSI,2023-04-06,330,1.0
HSI,2023-04-11,330,1.0
HSI,2023-04-12,330,1.0
HSI,2023-04-13,330,1.0
HSI,2023-04-14,330,1.0
HSI,2023-04-17,330,1.0
HSI,2023-04-18,330,1.0
HSI,2023-04-19,330,1.0
HSI,2023-04-20,330,1.0
HSI,2023-04-21,330,1.0
HSI,2023-04-24,330,1.0
HSI,2023-04-25,330,1.0
HSI,2023-04-26,330,1.0
HSI,2023-04-27,330,1.0
HSI,2023-04-28,330,1.0
HSI,2023-05-02,330,1.0
HSI,2023-05-03,330,1.0
HSI,2023-05-04,330,1.0
HSI,2023-05-05,330,1.0
HSI,2023-05-08,330,1.0
HSI,2023-05-09,330,1.0
HSI,2023-05-10,330,1.0
HSI,2023-05-11,330,1.0
HSI,2023-05-12,330,1.0
HSI,2023-05-15,330,1.0
HSI,2023-05-16,330,1.0
HSI,2023-05-17,330,1.0
HSI,2023-05-18,330,1.0
HSI,2023-05-19,330,1.0
HSI,2023-05-22,330,1.0
HSI,2023-05-23,330,1.0
HSI,2023-05-24,330,1.0
HSI,2023-05-25,330,1.0
HSI,2023-05-30,330,1.0
HSI,2023-05-31,330,1.0
HSI,2023-06-01,330,1.0
HSI,2023-06-02,330,1.0
HSI,2023-06-05,330,1.0
HSI,2023-06-06,330,1.0
HSI,2023-06-07,330,1.0
HSI,2023-06-08,330,1.0
HSI,2023-06-09,330,1.0
HSI,2023-06-12,330,1.0
HSI,2023-06-13,330,1.0
HSI,2023-06-14,330,1.0
HSI,2023-06-15,330,1.0
HSI,2023-06-16,329,0.996969696969697
HSI,2023-06-19,330,1.0
HSI,2023-06-20,330,1.0
HSI,2023-06-21,330,1.0
HSI,2023-06-23,330,1.0
HSI,2023-06-26,330,1.0
HSI,2023-06-27,330,1.0
HSI,2023-06-28,330,1.0
HSI,2023-06-29,330,1.0
HSI,2023-06-30,330,1.0
HSI,2023-07-03,330,1.0
HSI,2023-07-04,330,1.0
HSI,2023-07-05,330,1.0
HSI,2023-07-06,330,1.0
HSI,2023-07-07,330,1.0
HSI,2023-07-10,330,1.0
HSI,2023-07-11,330,1.0
HSI,2023-07-12,330,1.0
HSI,2023-07-13,330,1.0
HSI,2023-07-14,330,1.0
HSI,2023-07-17,309,0.9363636363636364
HSI,2023-07-18,330,1.0
HSI,2023-07-19,330,1.0
HSI,2023-07-20,330,1.0
HSI,2023-07-21,330,1.0
HSI,2023-07-24,330,1.0
HSI,2023-07-25,330,1.0
HSI,2023-07-26,330,1.0
HSI,2023-07-27,330,1.0
HSI,2023-07-28,330,1.0
HSI,2023-07-31,330,1.0
HSI,2023-08-01,330,1.0
HSI,2023-08-02,330,1.0
HSI,2023-08-03,330,1.0
HSI,2023-08-04,330,1.0
HSI,2023-08-07,330,1.0
HSI,2023-08-08,330,1.0
HSI,2023-08-09,330,1.0
HSI,2023-08-10,330,1.0
HSI,2023-08-11,330,1.0
HSI,2023-08-14,330,1.0
HSI,2023-08-15,330,1.0
HSI,2023-08-16,330,1.0
HSI,2023-08-17,330,1.0
HSI,2023-08-18,330,1.0
HSI,2023-08-21,330,1.0
HSI,2023-08-22,330,1.0
HSI,2023-08-23,330,1.0
HSI,2023-08-24,330,1.0
HSI,2023-08-25,330,1.0
HSI,2023-08-28,330,1.0
HSI,2023-08-29,330,1.0
HSI,2023-08-30,330,1.0
HSI,2023-08-31,330,1.0
HSI,2023-09-04,330,1.0
HSI,2023-09-05,330,1.0
HSI,2023-09-06,330,1.0
HSI,2023-09-07,330,1.0
HSI,2023-09-11,329,0.996969696969697
HSI,2023-09-12,330,1.0
HSI,2023-09-13,330,1.0
HSI,2023-09-14,330,1.0
HSI,2023-09-15,330,1.0
HSI,2023-09-18,330,1.0
HSI,2023-09-19,330,1.0
HSI,2023-09-20,330,1.0
HSI,2023-09-21,330,1.0
HSI,2023-09-22,330,1.0
HSI,2023-09-25,330,1.0
HSI,2023-09-26,330,1.0
HSI,2023-09-27,330,1.0
HSI,2023-09-28,330,1.0
HSI,2023-09-29,330,1.0
HSI,2023-10-03,330,1.0
HSI,2023-10-04,330,1.0
HSI,2023-10-05,330,1.0
HSI,2023-10-06,330,1.0
HSI,2023-10-09,120,0.36363636363636365
HSI,2023-10-10,330,1.0
HSI,2023-10-11,330,1.0
HSI,2023-10-12,330,1.0
HSI,2023-10-13,330,1.0
HSI,2023-10-16,330,1.0
HSI,2023-10-17,330,1.0
HSI,2023-10-18,330,1.0
HSI,2023-10-19,330,1.0
HSI,2023-10-20,330,1.0
HSI,2023-10-24,330,1.0
HSI,2023-10-25,330,1.0
HSI,2023-10-26,330,1.0
HSI,2023-10-27,330,1.0
HSI,2023-10-30,330,1.0
HSI,2023-10-31,330,1.0
HSI,2023-11-01,330,1.0
HSI,2023-11-02,330,1.0
HSI,2023-11-03,330,1.0
HSI,2023-11-06,330,1.0
HSI,2023-11-07,330,1.0
HSI,2023-11-08,330,1.0
HSI,2023-11-09,330,1.0
HSI,2023-11-10,330,1.0
HSI,2023-11-13,330,1.0
HSI,2023-11-14,330,1.0
HSI,2023-11-15,330,1.0
HSI,2023-11-16,330,1.0
HSI,2023-11-17,330,1.0
HSI,2023-11-20,330,1.0
HSI,2023-11-21,330,1.0
HSI,2023-11-22,330,1.0
HSI,2023-11-23,330,1.0
HSI,2023-11-24,330,1.0
HSI,2023-11-27,330,1.0
HSI,2023-11-28,330,1.0
HSI,2023-11-29,330,1.0
HSI,2023-11-30,330,1.0
HSI,2023-12-01,330,1.0
HSI,2023-12-04,330,1.0
HSI,2023-12-05,330,1.0
HSI,2023-12-06,330,1.0
HSI,2023-12-07,330,1.0
HSI,2023-12-08,330,1.0
HSI,2023-12-11,330,1.0
HSI,2023-12-12,330,1.0
HSI,2023-12-13,330,1.0
HSI,2023-12-14,330,1.0
HSI,2023-12-15,330,1.0
HSI,2023-12-18,330,1.0
HSI,2023-12-19,330,1.0
HSI,2023-12-20,330,1.0
HSI,2023-12-21,330,1.0
HSI,2023-12-22,330,1.0
HSI,2023-12-27,330,1.0
HSI,2023-12-28,330,1.0
HSI,2023-12-29,330,1.0
HSI,2024-01-02,330,1.0
HSI,2024-01-03,330,1.0
HSI,2024-01-04,330,1.0
HSI,2024-01-05,330,1.0
HSI,2024-01-08,330,1.0
HSI,2024-01-09,330,1.0
HSI,2024-01-10,330,1.0
HSI,2024-01-11,330,1.0
HSI,2024-01-12,330,1.0
HSI,2024-01-15,330,1.0
HSI,2024-01-16,330,1.0
HSI,2024-01-17,330,1.0
HSI,2024-01-18,330,1.0
HSI,2024-01-19,330,1.0
HSI,2024-01-22,330,1.0
HSI,2024-01-23,330,1.0
HSI,2024-01-24,330,1.0
HSI,2024-01-25,330,1.0
HSI,2024-01-26,330,1.0
HSI,2024-01-29,330,1.0
HSI,2024-01-30,330,1.0
HSI,2024-01-31,330,1.0
HSI,2024-02-01,330,1.0
HSI,2024-02-02,330,1.0
HSI,2024-02-05,330,1.0
HSI,2024-02-06,330,1.0
HSI,2024-02-07,330,1.0
HSI,2024-02-08,330,1.0
HSI,2024-02-09,150,0.45454545454545453
HSI,2024-02-14,330,1.0
HSI,2024-02-15,330,1.0
HSI,2024-02-16,330,1.0
HSI,2024-02-19,330,1.0
HSI,2024-02-20,330,1.0
HSI,2024-02-21,330,1.0
HSI,2024-02-22,330,1.0
HSI,2024-02-23,330,1.0
HSI,2024-02-26,330,1.0
HSI,2024-02-27,330,1.0
HSI,2024-02-28,330,1.0
HSI,2024-02-29,330,1.0
HSI,2024-03-01,330,1.0
HSI,2024-03-04,330,1.0
HSI,2024-03-05,330,1.0
HSI,2024-03-06,330,1.0
HSI,2024-03-07,330,1.0
HSI,2024-03-08,330,1.0
HSI,2024-03-11,330,1.0
HSI,2024-03-12,330,1.0
HSI,2024-03-13,330,1.0
HSI,2024-03-14,330,1.0
HSI,2024-03-15,330,1.0
HSI,2024-03-18,330,1.0
HSI,2024-03-19,330,1.0
HSI,2024-03-20,330,1.0
HSI,2024-03-21,330,1.0
HSI,2024-03-22,330,1.0
HSI,2024-03-25,330,1.0
HSI,2024-03-26,330,1.0
HSI,2024-03-27,330,1.0
HSI,2024-03-28,330,1.0
HSI,2024-04-02,330,1.0
HSI,2024-04-03,330,1.0
HSI,2024-04-05,330,1.0
HSI,2024-04-08,330,1.0
HSI,2024-04-09,330,1.0
HSI,2024-04-10,330,1.0
HSI,2024-04-11,330,1.0
HSI,2024-04-12,330,1.0
HSI,2024-04-15,330,1.0
HSI,2024-04-16,330,1.0
HSI,2024-04-17,330,1.0
HSI,2024-04-18,330,1.0
HSI,2024-04-19,330,1.0
HSI,2024-04-22,330,1.0
HSI,2024-04-23,330,1.0
HSI,2024-04-24,330,1.0
HSI,2024-04-25,330,1.0
HSI,2024-04-26,330,1.0
HSI,2024-04-29,320,0.9696969696969697
HSI,2024-04-30,330,1.0
HSI,2024-05-02,330,1.0
HSI,2024-05-03,330,1.0
HSI,2024-05-06,330,1.0
HSI,2024-05-07,330,1.0
HSI,2024-05-08,330,1.0
HSI,2024-05-09,330,1.0
HSI,2024-05-10,330,1.0
HSI,2024-05-13,330,1.0
HSI,2024-05-14,330,1.0
HSI,2024-05-16,330,1.0
HSI,2024-05-17,330,1.0
HSI,2024-05-20,330,1.0
HSI,2024-05-21,330,1.0
HSI,2024-05-22,330,1.0
HSI,2024-05-23,330,1.0
HSI,2024-05-24,330,1.0
HSI,2024-05-27,330,1.0
HSI,2024-05-28,330,1.0
HSI,2024-05-29,330,1.0
HSI,2024-05-30,330,1.0
HSI,2024-05-31,330,1.0
HSI,2024-06-03,330,1.0
HSI,2024-06-04,330,1.0
HSI,2024-06-05,330,1.0
HSI,2024-06-06,330,1.0
HSI,2024-06-07,330,1.0
HSI,2024-06-11,330,1.0
HSI,2024-06-12,330,1.0
HSI,2024-06-13,330,1.0
HSI,2024-06-14,330,1.0
HSI,2024-06-17,330,1.0
HSI,2024-06-18,330,1.0
HSI,2024-06-19,330,1.0
HSI,2024-06-20,330,1.0
HSI,2024-06-21,330,1.0
HSI,2024-06-24,330,1.0
HSI,2024-06-25,285,0.8636363636363636
HSI,2024-06-26,330,1.0
HSI,2024-06-27,330,1.0
HSI,2024-06-28,330,1.0
HSI,2024-07-02,330,1.0
HSI,2024-07-03,330,1.0
HSI,2024-07-04,330,1.0
HSI,2024-07-05,330,1.0
HSI,2024-07-08,330,1.0
HSI,2024-07-09,330,1.0
HSI,2024-07-10,330,1.0
HSI,2024-07-11,330,1.0
HSI,2024-07-12,330,1.0
HSI,2024-07-15,330,1.0
HSI,2024-07-16,330,1.0
HSI,2024-07-17,330,1.0
HSI,2024-07-18,330,1.0
HSI,2024-07-19,284,0.8606060606060606
HSI,2024-07-22,330,1.0
HSI,2024-07-23,330,1.0
HSI,2024-07-24,330,1.0
HSI,2024-07-25,330,1.0
HSI,2024-07-26,330,1.0
HSI,2024-07-29,330,1.0
HSI,2024-07-30,330,1.0
HSI,2024-07-31,330,1.0
HSI,2024-08-01,330,1.0
HSI,2024-08-02,330,1.0
HSI,2024-08-05,330,1.0
HSI,2024-08-06,330,1.0
HSI,2024-08-07,330,1.0
HSI,2024-08-08,330,1.0
HSI,2024-08-09,330,1.0
HSI,2024-08-12,330,1.0
HSI,2024-08-13,330,1.0
HSI,2024-08-14,330,1.0
HSI,2024-08-15,330,1.0
HSI,2024-08-16,330,1.0
HSI,2024-08-19,330,1.0
HSI,2024-08-20,330,1.0
HSI,2024-08-21,330,1.0
HSI,2024-08-22,330,1.0
HSI,2024-08-23,330,1.0
HSI,2024-08-26,330,1.0
HSI,2024-08-27,330,1.0
HSI,2024-08-28,330,1.0
HSI,2024-08-29,330,1.0
HSI,2024-08-30,330,1.0
HSI,2024-09-02,330,1.0
HSI,2024-09-03,330,1.0
HSI,2024-09-04,330,1.0
HSI,2024-09-05,330,1.0
HSI,2024-09-09,330,1.0
HSI,2024-09-10,330,1.0
HSI,2024-09-11,330,1.0
HSI,2024-09-12,330,1.0
HSI,2024-09-13,330,1.0
HSI,2024-09-16,330,1.0
HSI,2024-09-17,330,1.0
HSI,2024-09-19,330,1.0
HSI,2024-09-20,330,1.0
HSI,2024-09-23,330,1.0
HSI,2024-09-24,330,1.0
HSI,2024-09-25,330,1.0
HSI,2024-09-26,330,1.0
HSI,2024-09-27,330,1.0
HSI,2024-09-30,330,1.0
HSI,2024-10-02,330,1.0
HSI,2024-10-03,330,1.0
HSI,2024-10-04,330,1.0
HSI,2024-10-07,330,1.0
HSI,2024-10-08,330,1.0
HSI,2024-10-09,330,1.0
HSI,2024-10-10,330,1.0
HSI,2024-10-14,330,1.0
HSI,2024-10-15,330,1.0
HSI,2024-10-16,330,1.0
HSI,2024-10-17,330,1.0
HSI,2024-10-18,330,1.0
HSI,2024-10-21,330,1.0
HSI,2024-10-22,330,1.0
HSI,2024-10-23,330,1.0
HSI,2024-10-24,330,1.0
HSI,2024-10-25,330,1.0
HSI,2024-10-28,330,1.0
HSI,2024-10-29,330,1.0
HSI,2024-10-30,330,1.0
HSI,2024-10-31,330,1.0
HSI,2024-11-01,330,1.0
HSI,2024-11-04,330,1.0
HSI,2024-11-05,330,1.0
HSI,2024-11-06,330,1.0
HSI,2024-11-07,330,1.0
HSI,2024-11-08,330,1.0
HSI,2024-11-11,330,1.0
HSI,2024-11-12,330,1.0
HSI,2024-11-13,330,1.0
HSI,2024-11-14,330,1.0
HSI,2024-11-15,330,1.0
HSI,2024-11-18,330,1.0
HSI,2024-11-19,330,1.0
HSI,2024-11-20,330,1.0
HSI,2024-11-21,330,1.0
HSI,2024-11-22,330,1.0
HSI,2024-11-25,330,1.0
HSI,2024-11-26,330,1.0
HSI,2024-11-27,330,1.0
HSI,2024-11-28,330,1.0
HSI,2024-11-29,330,1.0
HSI,2024-12-02,330,1.0
HSI,2024-12-03,330,1.0
HSI,2024-12-04,330,1.0
HSI,2024-12-05,330,1.0
HSI,2024-12-06,330,1.0
HSI,2024-12-09,330,1.0
HSI,2024-12-10,330,1.0
HSI,2024-12-11,330,1.0
HSI,2024-12-12,330,1.0
HSI,2024-12-13,330,1.0
HSI,2024-12-16,330,1.0
HSI,2024-12-17,330,1.0
HSI,2024-12-18,330,1.0
HSI,2024-12-19,330,1.0
HSI,2024-12-20,330,1.0
HSI,2024-12-23,330,1.0
HSI,2024-12-24,150,0.45454545454545453
HSI,2024-12-27,330,1.0
HSI,2024-12-30,330,1.0
HSI,2024-12-31,150,0.45454545454545453
HSI,2025-01-02,330,1.0
HSI,2025-01-03,330,1.0
HSI,2025-01-06,330,1.0
HSI,2025-01-07,330,1.0
HSI,2025-01-08,330,1.0
HSI,2025-01-09,330,1.0
HSI,2025-01-10,330,1.0
HSI,2025-01-13,330,1.0
HSI,2025-01-14,330,1.0
HSI,2025-01-15,330,1.0
HSI,2025-01-16,330,1.0
HSI,2025-01-17,330,1.0
HSI,2025-01-20,330,1.0
HSI,2025-01-21,330,1.0
HSI,2025-01-22,330,1.0
HSI,2025-01-23,330,1.0
HSI,2025-01-24,330,1.0
HSI,2025-01-27,330,1.0
HSI,2025-01-28,150,0.45454545454545453
HSI,2025-02-03,330,1.0
HSI,2025-02-04,330,1.0
HSI,2025-02-05,330,1.0
HSI,2025-02-06,330,1.0
HSI,2025-02-07,330,1.0
HSI,2025-02-10,330,1.0
HSI,2025-02-11,330,1.0
HSI,2025-02-12,330,1.0
HSI,2025-02-13,330,1.0
HSI,2025-02-14,330,1.0
HSI,2025-02-17,330,1.0
HSI,2025-02-18,330,1.0
HSI,2025-02-19,330,1.0
HSI,2025-02-20,330,1.0
HSI,2025-02-21,330,1.0
HSI,2025-02-24,330,1.0
HSI,2025-02-25,330,1.0
HSI,2025-02-26,330,1.0
HSI,2025-02-27,330,1.0
HSI,2025-02-28,330,1.0
HSI,2025-03-03,330,1.0
HSI,2025-03-04,330,1.0
HSI,2025-03-05,330,1.0
HSI,2025-03-06,330,1.0
HSI,2025-03-07,323,0.9787878787878788
HSI,2025-03-10,330,1.0
HSI,2025-03-11,330,1.0
HSI,2025-03-12,330,1.0
HSI,2025-03-13,330,1.0
HSI,2025-03-14,330,1.0
HSI,2025-03-17,330,1.0
HSI,2025-03-18,330,1.0
HSI,2025-03-19,330,1.0
HSI,2025-03-20,330,1.0
HSI,2025-03-21,330,1.0
HSI,2025-03-24,330,1.0
HSI,2025-03-25,330,1.0
HSI,2025-03-26,330,1.0
HSI,2025-03-27,330,1.0
HSI,2025-03-28,330,1.0
HSI,2025-03-31,330,1.0
HSI,2025-04-01,330,1.0
HSI,2025-04-02,330,1.0
HSI,2025-04-03,330,1.0
HSI,2025-04-07,330,1.0
HSI,2025-04-08,326,0.9878787878787879
HSI,2025-04-09,330,1.0
HSI,2025-04-10,330,1.0
HSI,2025-04-11,330,1.0
HSI,2025-04-14,330,1.0
HSI,2025-04-15,330,1.0
HSI,2025-04-16,330,1.0
HSI,2025-04-17,330,1.0
HSI,2025-04-22,330,1.0
HSI,2025-04-23,330,1.0
HSI,2025-04-24,330,1.0
HSI,2025-04-25,330,1.0
HSI,2025-04-28,330,1.0
HSI,2025-04-29,330,1.0
HSI,2025-04-30,330,1.0
HSI,2025-05-02,330,1.0
HSI,2025-05-06,330,1.0
HSI,2025-05-07,330,1.0
HSI,2025-05-08,330,1.0
HSI,2025-05-09,330,1.0
HSI,2025-05-12,330,1.0
HSI,2025-05-13,330,1.0
HSI,2025-05-14,330,1.0
HSI,2025-05-15,330,1.0
HSI,2025-05-16,330,1.0
HSI,2025-05-19,330,1.0
HSI,2025-05-20,330,1.0
HSI,2025-05-21,330,1.0
HSI,2025-05-22,330,1.0
HSI,2025-05-23,330,1.0
HSI,2025-05-26,330,1.0
HSI,2025-05-27,330,1.0
HSI,2025-05-28,330,1.0
HSI,2025-05-29,330,1.0
HSI,2025-05-30,330,1.0
HSI,2025-06-02,330,1.0
HSI,2025-06-03,330,1.0
HSI,2025-06-04,330,1.0
HSI,2025-06-05,330,1.0
HSI,2025-06-06,330,1.0
HSI,2025-06-09,330,1.0
HSI,2025-06-10,330,1.0
HSI,2025-06-11,330,1.0
HSI,2025-06-12,330,1.0
HSI,2025-06-13,330,1.0
HSI,2025-06-16,330,1.0
HSI,2025-06-17,330,1.0
HSI,2025-06-18,330,1.0
HSI,2025-06-19,330,1.0
HSI,2025-06-20,330,1.0
HSI,2025-06-23,330,1.0
HSI,2025-06-24,329,0.996969696969697
HSI,2025-06-25,330,1.0
HSI,2025-06-26,330,1.0
HSI,2025-06-27,330,1.0
HSI,2025-06-30,330,1.0
HSI,2025-07-02,330,1.0
HSI,2025-07-03,330,1.0
HSI,2025-07-04,330,1.0
HSI,2025-07-07,330,1.0
HSI,2025-07-08,330,1.0
HSI,2025-07-09,330,1.0
HSI,2025-07-10,330,1.0
HSI,2025-07-11,330,1.0
HSI,2025-07-14,330,1.0
HSI,2025-07-15,330,1.0
HSI,2025-07-16,330,1.0
HSI,2025-07-17,330,1.0
HSI,2025-07-18,330,1.0
HSI,2025-07-21,330,1.0
HSI,2025-07-22,330,1.0
HSI,2025-07-23,330,1.0
HSI,2025-07-24,330,1.0
HSI,2025-07-25,330,1.0
HSI,2025-07-28,305,0.9242424242424242
HSI,2025-07-29,330,1.0
HSI,2025-07-30,330,1.0
HSI,2025-07-31,330,1.0
HSI,2025-08-01,330,1.0
HSI,2025-08-04,330,1.0
HSI,2025-08-05,330,1.0
HSI,2025-08-06,330,1.0
HSI,2025-08-07,330,1.0
HSI,2025-08-08,330,1.0
HSI,2025-08-11,330,1.0
HSI,2025-08-12,330,1.0
HSI,2025-08-13,330,1.0
HSI,2025-08-14,330,1.0
HSI,2025-08-15,330,1.0
HSI,2025-08-18,330,1.0
HSI,2025-08-19,330,1.0
HSI,2025-08-20,330,1.0
HSI,2025-08-21,330,1.0
HSI,2025-08-22,330,1.0
HSI,2025-08-25,330,1.0
HSI,2025-08-26,330,1.0
HSI,2025-08-27,330,1.0
HSI,2025-08-28,330,1.0
HSI,2025-08-29,330,1.0
HSI,2025-09-01,330,1.0
HSI,2025-09-02,330,1.0
HSI,2025-09-03,330,1.0
HSI,2025-09-04,330,1.0
HSI,2025-09-05,330,1.0
HSI,2025-09-08,330,1.0
HSI,2025-09-09,330,1.0
HSI,2025-09-10,330,1.0
HSI,2025-09-11,330,1.0
HSI,2025-09-12,330,1.0
HSI,2025-09-15,330,1.0
HSI,2025-09-16,330,1.0
HSI,2025-09-17,330,1.0
HSI,2025-09-18,330,1.0
HSI,2025-09-19,330,1.0
HSI,2025-09-22,330,1.0
HSI,2025-09-23,330,1.0
HSI,2025-09-24,330,1.0
HSI,2025-09-25,330,1.0
HSI,2025-09-26,330,1.0
HSI,2025-09-30,330,1.0
HSI,2025-10-02,330,1.0
HSI,2025-10-03,330,1.0
HSI,2025-10-06,330,1.0
HSI,2025-10-08,330,1.0
HSI,2025-10-09,330,1.0
HSI,2025-10-10,330,1.0
HSI,2025-10-13,330,1.0
HSI,2025-10-14,330,1.0
HSI,2025-10-15,330,1.0
HSI,2025-10-16,330,1.0
HSI,2025-10-17,330,1.0
HSI,2025-10-20,330,1.0
HSI,2025-10-21,330,1.0
HSI,2025-10-22,330,1.0
HSI,2025-10-23,330,1.0
HSI,2025-10-24,330,1.0
HSI,2025-10-27,330,1.0
HSI,2025-10-28,330,1.0
HSI,2025-10-30,330,1.0
HSI,2025-10-31,330,1.0
HSI,2025-11-03,330,1.0
HSI,2025-11-04,330,1.0
HSI,2025-11-05,330,1.0
HSI,2025-11-06,330,1.0
HSI,2025-11-07,330,1.0
HSI,2025-11-10,330,1.0
HSI,2025-11-11,330,1.0
HSI,2025-11-12,330,1.0
HSI,2025-11-13,330,1.0
HSI,2025-11-14,330,1.0
HSI,2025-11-17,330,1.0
HSI,2025-11-18,330,1.0
HSI,2025-11-19,330,1.0
HSI,2025-11-20,330,1.0
HSI,2025-11-21,330,1.0
HSI,2025-11-24,330,1.0
HSI,2025-11-25,330,1.0
HSI,2025-11-26,330,1.0
HSI,2025-11-27,330,1.0
HSI,2025-11-28,330,1.0
HSI,2025-12-01,327,0.990909090909091
HSI,2025-12-02,330,1.0
HSI,2025-12-03,330,1.0
HSI,2025-12-04,330,1.0
HSI,2025-12-05,330,1.0
HSI,2025-12-08,330,1.0
HSI,2025-12-09,330,1.0
HSI,2025-12-10,330,1.0
HSI,2025-12-11,330,1.0
HSI,2025-12-12,330,1.0
HSI,2025-12-15,330,1.0
HSI,2025-12-16,330,1.0
HSI,2025-12-17,330,1.0
HSI,2025-12-18,330,1.0
HSI,2025-12-19,330,1.0
HSI,2025-12-22,330,1.0
HSI,2025-12-23,330,1.0
HSI,2025-12-24,150,0.45454545454545453
HSI,2025-12-29,328,0.9939393939393939
HSI,2025-12-30,330,1.0
HSI,2025-12-31,150,0.45454545454545453
HSI,2026-01-02,330,1.0
HSI,2026-01-05,330,1.0
HSI,2026-01-06,330,1.0
HSI,2026-01-07,330,1.0
HSI,2026-01-08,330,1.0
HSI,2026-01-09,330,1.0
HSI,2026-01-12,330,1.0
HSI,2026-01-13,330,1.0
HSI,2026-01-14,330,1.0
HSI,2026-01-15,330,1.0
HSI,2026-01-16,330,1.0
HSI,2026-01-19,330,1.0
HSI,2026-01-20,330,1.0
HSI,2026-01-21,330,1.0
HSI,2026-01-22,330,1.0
HSI,2026-01-23,330,1.0
HSI,2026-01-26,330,1.0
HSI,2026-01-27,330,1.0
HSI,2026-01-28,330,1.0
HSI,2026-01-29,330,1.0
HSI,2026-01-30,330,1.0
HSI,2026-02-02,330,1.0
HSI,2026-02-03,330,1.0
HSI,2026-02-04,330,1.0
HSI,2026-02-05,330,1.0
HSI,2026-02-06,330,1.0
HSI,2026-02-09,330,1.0
HSI,2026-02-10,330,1.0
HSI,2026-02-11,330,1.0
HSI,2026-02-12,330,1.0
HSI,2026-02-13,330,1.0
HSI,2026-02-16,150,0.45454545454545453
HSI,2026-02-20,330,1.0
HSI,2026-02-23,330,1.0
HSI,2026-02-24,317,0.9606060606060606
HSI,2026-02-25,330,1.0
HSI,2026-02-26,330,1.0
HSI,2026-02-27,330,1.0
HSI,2026-03-02,330,1.0
HSI,2026-03-03,330,1.0
HSI,2026-03-04,330,1.0
HSI,2026-03-05,330,1.0
HSI,2026-03-06,330,1.0
HSI,2026-03-09,330,1.0
HSI,2026-03-10,330,1.0
HSI,2026-03-11,330,1.0
HSI,2026-03-12,330,1.0
HSI,2026-03-13,330,1.0
HSI,2026-03-16,330,1.0
HSI,2026-03-17,330,1.0
HSI,2026-03-18,330,1.0
HSI,2026-03-19,330,1.0
HSI,2026-03-20,330,1.0
HSI,2026-03-23,330,1.0
HSI,2026-03-24,330,1.0
HSI,2026-03-25,330,1.0
HSI,2026-03-26,330,1.0
HSI,2026-03-27,330,1.0
HSI,2026-03-30,330,1.0
HSI,2026-03-31,330,1.0
HSI,2026-04-01,330,1.0
HSI,2026-04-02,330,1.0
HSI,2026-04-08,330,1.0
HSI,2026-04-09,330,1.0
HSI,2026-04-10,330,1.0
HSI,2026-04-13,330,1.0
HSI,2026-04-14,330,1.0
HSI,2026-04-15,330,1.0
HSI,2026-04-16,330,1.0
HSI,2026-04-17,330,1.0
HSI,2026-04-20,330,1.0
HSI,2026-04-21,330,1.0
HSI,2026-04-22,330,1.0
HSI,2026-04-23,330,1.0
HSI,2026-04-24,330,1.0
HSI,2026-04-27,330,1.0
HSI,2026-04-28,330,1.0
HSI,2026-04-29,330,1.0
HSI,2026-04-30,330,1.0
HSI,2026-05-04,330,1.0
HSI,2026-05-05,330,1.0
HSI,2026-05-06,330,1.0
HSI,2026-05-07,330,1.0
HSI,2026-05-08,330,1.0
HSI,2026-05-11,330,1.0
HSI,2026-05-12,330,1.0
HSI,2026-05-13,330,1.0
HSI,2026-05-14,330,1.0
HSI,2026-05-15,330,1.0
HSI,2026-05-18,330,1.0
HSI,2026-05-19,330,1.0
HSI,2026-05-20,330,1.0
HSI,2026-05-21,330,1.0
HSI,2026-05-22,328,0.9939393939393939
HSI,2026-05-26,330,1.0
HSI,2026-05-27,330,1.0
HSI,2026-05-28,330,1.0
HSI,2026-05-29,277,0.8393939393939394
HSI,2026-06-01,330,1.0
HSI,2026-06-02,330,1.0
HSI,2026-06-03,330,1.0
HSI,2026-06-04,330,1.0
HSI,2026-06-05,330,1.0
HSI,2026-06-08,330,1.0
HSI,2026-06-09,311,0.9424242424242424
HSI,2026-06-10,330,1.0
HSI,2026-06-11,330,1.0
HSI,2026-06-12,328,0.9939393939393939
HSI,2026-06-15,330,1.0
HSI,2026-06-16,330,1.0
HSI,2026-06-17,330,1.0
HSI,2026-06-18,330,1.0
HSI,2026-06-22,330,1.0
HSI,2026-06-23,330,1.0
HSI,2026-06-24,330,1.0
HSI,2026-06-25,330,1.0
HSI,2026-06-26,330,1.0
HSI,2026-06-29,330,1.0
HSI,2026-06-30,330,1.0
HSI,2026-07-02,330,1.0
HSI,2026-07-03,330,1.0
HSI,2026-07-06,330,1.0
HSI,2026-07-07,330,1.0
HSI,2026-07-08,330,1.0
HSI,2026-07-09,330,1.0
HSI,2026-07-10,330,1.0
HSI,2026-07-13,330,1.0
HSI,2026-07-14,330,1.0
HSI,2026-07-15,330,1.0
HSI,2026-07-16,330,1.0
HSI,2026-07-17,330,1.0
HSI,2026-07-20,323,0.9787878787878788
HSI,2026-07-21,330,1.0
HSI,2026-07-22,330,1.0
HSI,2026-07-23,330,1.0
HSI,2026-07-24,330,1.0
HSI,2026-07-27,330,1.0
HSI,2026-07-28,330,1.0
HSI,2026-07-29,330,1.0
HSI,2026-07-30,330,1.0
HSI,2026-07-31,330,1.0
HSI,2026-08-03,330,1.0
HSI,2026-08-04,330,1.0
HSI,2026-08-05,330,1.0
HSI,2026-08-06,330,1.0
HSI,2026-08-07,330,1.0
HSI,2026-08-10,330,1.0
HSI,2026-08-11,330,1.0
HSI,2026-08-12,330,1.0
HSI,2026-08-13,330,1.0
HSI,2026-08-14,330,1.0
HSI,2026-08-17,330,1.0
HSI,2026-08-18,330,1.0
HSI,2026-08-19,330,1.0
HSI,2026-08-20,330,1.0
HSI,2026-08-21,330,1.0
