Date,Symbol,Open,High,Low,Close,Volume,OHLC_Consistent,LogReturn
2002-07-30,LQD,101.300003,102.0,101.25,101.370003,21200,True,
2002-07-31,LQD,101.800003,102.25,101.550003,101.989998,272000,True,0.00609753
2002-08-01,LQD,102.400002,103.099998,102.300003,102.989998,111700,True,0.00975713
2002-08-02,LQD,102.900002,103.300003,102.449997,103.199997,29200,True,0.00203695
2002-08-05,LQD,103.650002,103.650002,102.510002,102.949997,166500,True,-0.00242542
2002-08-06,LQD,102.5,102.650002,102.099998,102.599998,430100,True,-0.00340549
2002-08-07,LQD,102.699997,103.099998,102.199997,102.889999,33100,True,0.00282253
2002-08-08,LQD,103.0,103.0,102.330002,102.589996,83600,True,-0.00292002
2002-08-09,LQD,102.800003,103.18,102.610001,103.0,273800,True,0.00398856
2002-08-12,LQD,103.099998,103.309998,102.949997,103.139999,69100,True,0.00135829
2002-08-13,LQD,103.480003,103.989998,103.150002,103.989998,36400,True,0.00820744
2002-08-14,LQD,104.019997,104.699997,104.0,104.029999,76400,True,0.00038459
2002-08-15,LQD,104.25,104.25,103.5,103.720001,132000,True,-0.00298433
2002-08-16,LQD,104.400002,104.400002,103.199997,103.220001,57400,True,-0.00483233
2002-08-19,LQD,103.650002,104.040001,103.599998,103.800003,18700,True,0.00560336
2002-08-20,LQD,104.800003,104.949997,104.440002,104.910004,262800,True,0.01063687
2002-08-21,LQD,105.0,105.150002,104.699997,105.050003,22300,True,0.00133358
2002-08-22,LQD,105.25,105.25,104.769997,104.900002,161800,True,-0.00142893
2002-08-23,LQD,105.199997,105.300003,104.849998,105.199997,47500,True,0.00285574
2002-08-26,LQD,105.0,105.400002,105.0,105.309998,28900,True,0.00104509
2002-08-27,LQD,105.199997,105.25,104.75,105.050003,202400,True,-0.0024719
2002-08-28,LQD,105.400002,105.690002,105.150002,105.25,307900,True,0.00190202
2002-08-29,LQD,105.800003,105.900002,105.300003,105.639999,42900,True,0.00369861
2002-08-30,LQD,106.0,106.0,105.300003,105.699997,36500,True,0.00056778
2002-09-03,LQD,105.900002,106.050003,105.650002,105.650002,49300,True,-0.00047311
2002-09-04,LQD,106.099998,106.150002,105.75,106.040001,1690000,True,0.00368463
2002-09-05,LQD,106.599998,106.699997,105.82,106.339996,138300,True,0.00282508
2002-09-06,LQD,106.330002,106.330002,105.199997,105.620003,224800,True,-0.0067937
2002-09-09,LQD,105.25,106.0,105.25,105.690002,53600,True,0.00066253
2002-09-10,LQD,105.260002,106.349998,105.25,106.139999,176800,True,0.00424867
2002-09-11,LQD,105.5,106.0,105.220001,106.0,125500,True,-0.00131988
2002-09-12,LQD,106.199997,106.739998,105.900002,106.550003,523900,True,0.00517529
2002-09-13,LQD,106.800003,106.919998,106.25,106.730003,93400,True,0.00168793
2002-09-16,LQD,107.589996,107.589996,106.919998,107.150002,32200,True,0.00392742
2002-09-17,LQD,107.25,108.230003,106.75,107.230003,135500,True,0.00074636
2002-09-18,LQD,107.400002,107.400002,106.839996,107.099998,214400,True,-0.00121313
2002-09-19,LQD,107.400002,107.459999,106.849998,107.099998,143000,True,0.0
2002-09-20,LQD,107.099998,107.150002,106.699997,107.150002,46900,True,0.00046677
2002-09-23,LQD,107.5,107.5,106.800003,106.82,75100,True,-0.00308456
2002-09-24,LQD,106.900002,107.699997,106.400002,106.800003,229100,True,-0.00018722
2002-09-25,LQD,106.699997,106.949997,106.120003,106.580002,97000,True,-0.00206206
2002-09-26,LQD,106.010002,106.760002,105.800003,106.699997,280200,True,0.00112524
2002-09-27,LQD,106.900002,107.550003,106.559998,107.550003,301400,True,0.00793475
2002-09-30,LQD,107.599998,107.849998,107.150002,107.349998,105200,True,-0.00186137
2002-10-01,LQD,106.900002,107.0,106.5,106.830002,333500,True,-0.00485571
2002-10-02,LQD,107.0,107.0,106.480003,106.800003,314000,True,-0.00028085
2002-10-03,LQD,107.050003,107.050003,106.5,106.75,160500,True,-0.0004683
2002-10-04,LQD,105.650002,106.650002,105.650002,106.5,123300,True,-0.00234467
2002-10-07,LQD,106.400002,106.400002,106.0,106.0,61300,True,-0.00470589
2002-10-08,LQD,105.0,105.800003,105.0,105.010002,281800,True,-0.00938349
2002-10-09,LQD,105.0,105.0,104.150002,104.620003,300600,True,-0.00372084
2002-10-10,LQD,104.099998,104.599998,103.699997,104.599998,116600,True,-0.00019123
2002-10-11,LQD,105.349998,105.349998,104.480003,104.900002,86100,True,0.00286399
2002-10-14,LQD,104.900002,105.269997,104.769997,105.089996,47600,True,0.00180956
2002-10-15,LQD,103.800003,104.650002,103.800003,103.849998,47600,True,-0.01186956
2002-10-16,LQD,103.75,104.699997,103.400002,103.599998,1124900,True,-0.00241022
2002-10-17,LQD,103.25,103.25,102.400002,102.82,638900,True,-0.00755743
2002-10-18,LQD,102.75,103.099998,101.900002,103.089996,599800,True,0.00262247
2002-10-21,LQD,103.400002,103.400002,102.309998,102.480003,183400,True,-0.00593467
2002-10-22,LQD,102.449997,103.089996,102.449997,102.900002,464900,True,0.00408997
2002-10-23,LQD,102.809998,103.5,102.599998,103.099998,128500,True,0.00194172
2002-10-24,LQD,103.0,103.5,102.699997,103.489998,30600,True,0.00377559
2002-10-25,LQD,104.07,104.199997,103.440002,104.199997,58500,True,0.00683713
2002-10-28,LQD,104.489998,104.5,104.199997,104.489998,771200,True,0.00277925
2002-10-29,LQD,104.900002,105.480003,104.5,105.099998,29200,True,0.00582091
2002-10-30,LQD,105.0,105.480003,104.75,105.120003,828500,True,0.00019032
2002-10-31,LQD,105.43,106.25,105.43,106.25,111000,True,0.01069223
2002-11-01,LQD,105.730003,105.730003,104.699997,104.980003,13100,True,-0.01202492
2002-11-04,LQD,105.0,105.199997,104.349998,105.199997,155200,True,0.00209338
2002-11-05,LQD,105.699997,105.699997,104.650002,105.089996,53100,True,-0.00104618
2002-11-06,LQD,105.650002,106.279999,105.019997,105.410004,598300,True,0.00304045
2002-11-07,LQD,106.440002,106.900002,106.220001,106.900002,247800,True,0.01403629
2002-11-08,LQD,107.150002,107.150002,102.57,107.040001,847700,True,0.00130877
2002-11-11,LQD,107.5,107.5,107.160004,107.330002,18100,True,0.00270561
2002-11-12,LQD,107.300003,107.300003,106.440002,106.440002,26300,True,-0.00832675
2002-11-13,LQD,106.970001,106.970001,106.43,106.849998,339400,True,0.0038445
2002-11-14,LQD,106.199997,106.809998,106.010002,106.139999,120300,True,-0.006667
2002-11-15,LQD,106.300003,106.800003,106.150002,106.75,112900,True,0.00573068
2002-11-18,LQD,106.860001,107.550003,106.610001,107.489998,50400,True,0.00690815
2002-11-19,LQD,107.639999,107.639999,107.029999,107.290001,22600,True,-0.00186234
2002-11-20,LQD,107.93,107.93,106.940002,106.940002,81200,True,-0.0032675
2002-11-21,LQD,106.900002,106.989998,106.339996,106.940002,239200,True,0.0
2002-11-22,LQD,106.75,106.889999,106.5,106.5,1099900,True,-0.00412297
2002-11-25,LQD,106.809998,106.839996,106.410004,106.489998,28100,True,-9.392e-05
2002-11-26,LQD,106.650002,107.089996,106.599998,107.089996,75800,True,0.0056185
2002-11-27,LQD,106.900002,106.989998,106.199997,106.489998,123000,True,-0.0056185
2002-11-29,LQD,106.699997,106.800003,106.019997,106.489998,17200,True,0.0
2002-12-02,LQD,105.779999,106.389999,105.300003,106.209999,63300,True,-0.00263281
2002-12-03,LQD,106.199997,106.589996,106.160004,106.400002,2064200,True,0.00178733
2002-12-04,LQD,106.400002,106.540001,106.099998,106.400002,248700,True,0.0
2002-12-05,LQD,106.120003,106.839996,106.099998,106.639999,123500,True,0.00225308
2002-12-06,LQD,107.199997,107.339996,106.110001,106.699997,297400,True,0.00056246
2002-12-09,LQD,106.849998,107.099998,106.5,106.699997,63500,True,0.0
2002-12-10,LQD,106.510002,106.989998,106.510002,106.900002,115600,True,0.0018727
2002-12-11,LQD,107.300003,107.449997,106.809998,107.349998,217600,True,0.00420068
2002-12-12,LQD,107.25,107.589996,106.93,107.349998,26800,True,0.0
2002-12-13,LQD,106.900002,107.389999,106.760002,106.800003,44900,True,-0.00513656
2002-12-16,LQD,107.349998,107.349998,106.75,106.75,317400,True,-0.0004683
2002-12-17,LQD,107.599998,107.599998,106.809998,107.150002,294400,True,0.00374008
2002-12-18,LQD,107.5,107.720001,107.25,107.690002,46800,True,0.00502702
2002-12-19,LQD,108.050003,108.379997,107.550003,108.379997,50600,True,0.00638679
2002-12-20,LQD,108.449997,108.449997,108.010002,108.410004,39800,True,0.00027682
2002-12-23,LQD,108.300003,108.5,108.040001,108.43,23900,True,0.00018444
2002-12-24,LQD,108.5,109.0,108.400002,108.660004,14500,True,0.00211897
2002-12-26,LQD,108.330002,109.019997,108.330002,109.019997,14100,True,0.00330755
2002-12-27,LQD,109.25,109.669998,109.0,109.650002,16500,True,0.00576217
2002-12-30,LQD,109.849998,110.099998,109.5,109.980003,30200,True,0.00300507
2002-12-31,LQD,109.699997,109.910004,109.349998,109.690002,96100,True,-0.00264033
2003-01-02,LQD,108.970001,108.970001,107.010002,107.330002,66700,True,-0.02175001
2003-01-03,LQD,107.599998,107.940002,107.260002,107.940002,23800,True,0.00566732
2003-01-06,LQD,107.75,107.889999,107.150002,107.889999,623000,True,-0.00046336
2003-01-07,LQD,107.849998,108.419998,107.410004,108.300003,45100,True,0.003793
2003-01-08,LQD,108.599998,108.75,108.199997,108.410004,107600,True,0.00101519
2003-01-09,LQD,108.0,108.0,107.029999,107.540001,55600,True,-0.00805749
2003-01-10,LQD,108.199997,108.199997,107.32,107.82,82100,True,0.00260029
2003-01-13,LQD,108.0,108.25,107.540001,107.699997,53300,True,-0.00111361
2003-01-14,LQD,108.699997,108.699997,107.82,108.0,239200,True,0.00278167
2003-01-15,LQD,108.199997,108.25,107.720001,108.0,111500,True,0.0
2003-01-16,LQD,108.0,108.040001,107.25,107.75,185900,True,-0.0023175
2003-01-17,LQD,108.25,108.300003,107.760002,108.25,1489000,True,0.00462964
2003-01-21,LQD,108.0,108.379997,107.75,108.32,37600,True,0.00064644
2003-01-22,LQD,108.25,108.650002,108.099998,108.540001,39300,True,0.00202897
2003-01-23,LQD,108.300003,108.75,108.269997,108.589996,200300,True,0.00046051
2003-01-24,LQD,108.940002,109.360001,108.660004,109.080002,1025300,True,0.00450229
2003-01-27,LQD,109.050003,109.050003,108.139999,108.440002,819100,True,-0.00588453
2003-01-28,LQD,108.300003,108.779999,108.169998,108.769997,691100,True,0.00303848
2003-01-29,LQD,108.900002,108.900002,108.050003,108.129997,38100,True,-0.00590135
2003-01-30,LQD,108.300003,108.68,108.010002,108.5,812000,True,0.00341599
2003-01-31,LQD,108.75,108.849998,108.199997,108.800003,128300,True,0.00276119
2003-02-03,LQD,107.75,108.519997,107.75,108.449997,25300,True,-0.00322215
2003-02-04,LQD,108.199997,108.800003,108.129997,108.660004,557200,True,0.00193457
2003-02-05,LQD,108.620003,108.790001,108.010002,108.5,118900,True,-0.0014736
2003-02-06,LQD,108.699997,108.779999,108.260002,108.690002,29600,True,0.00174964
2003-02-07,LQD,108.599998,109.010002,108.25,108.93,266500,True,0.00220566
2003-02-10,LQD,108.849998,108.900002,108.059998,108.260002,425700,True,-0.00616972
2003-02-11,LQD,108.209999,108.660004,108.209999,108.660004,133300,True,0.00368801
2003-02-12,LQD,108.940002,108.940002,108.5,108.510002,35300,True,-0.00138142
2003-02-13,LQD,108.739998,109.25,108.510002,108.510002,79200,True,0.0
2003-02-14,LQD,108.949997,108.949997,108.25,108.459999,75900,True,-0.00046092
2003-02-18,LQD,108.5,108.839996,108.25,108.800003,930400,True,0.00312993
2003-02-19,LQD,108.940002,109.309998,108.699997,109.150002,27200,True,0.00321173
2003-02-20,LQD,109.160004,109.68,109.0,109.43,164900,True,0.00256198
2003-02-21,LQD,109.75,109.75,109.0,109.129997,81200,True,-0.00274527
2003-02-24,LQD,109.599998,109.720001,109.309998,109.489998,125200,True,0.00329339
2003-02-25,LQD,109.989998,109.989998,109.459999,109.690002,163800,True,0.00182503
2003-02-26,LQD,109.989998,110.0,109.550003,109.989998,32300,True,0.00273121
2003-02-27,LQD,110.0,110.489998,109.720001,110.449997,89700,True,0.00417347
2003-02-28,LQD,110.459999,110.779999,109.980003,110.489998,81000,True,0.0003621
2003-03-03,LQD,110.599998,110.870003,110.110001,110.699997,196700,True,0.00189881
2003-03-04,LQD,110.410004,110.839996,110.25,110.760002,96400,True,0.00054191
2003-03-05,LQD,110.900002,110.900002,110.25,110.699997,23900,True,-0.00054191
2003-03-06,LQD,110.900002,110.900002,110.25,110.510002,48000,True,-0.00171778
2003-03-07,LQD,110.760002,110.959999,110.239998,110.540001,28400,True,0.00027142
2003-03-10,LQD,110.540001,111.059998,110.529999,110.849998,48600,True,0.00280047
2003-03-11,LQD,110.980003,110.980003,110.349998,110.599998,49700,True,-0.00225785
2003-03-12,LQD,110.5,110.849998,110.199997,110.400002,139500,True,-0.00180993
2003-03-13,LQD,109.519997,109.980003,109.269997,109.699997,190500,True,-0.00636081
2003-03-14,LQD,109.550003,109.940002,109.349998,109.57,212800,True,-0.00118573
2003-03-17,LQD,109.800003,110.089996,108.849998,109.0,502800,True,-0.00521573
2003-03-18,LQD,109.019997,109.620003,108.279999,108.57,1098700,True,-0.00395276
2003-03-19,LQD,108.699997,108.730003,107.830002,108.0,869800,True,-0.0052639
2003-03-20,LQD,108.639999,108.790001,107.75,108.190002,44700,True,0.00175774
2003-03-21,LQD,108.300003,108.349998,107.57,107.639999,142200,True,-0.00509664
2003-03-24,LQD,108.0,108.690002,107.980003,108.5,123000,True,0.00795785
2003-03-25,LQD,108.550003,108.800003,108.349998,108.620003,30700,True,0.0011054
2003-03-26,LQD,108.650002,109.190002,108.650002,109.099998,129600,True,0.0044093
2003-03-27,LQD,109.440002,109.440002,109.010002,109.25,54600,True,0.00137396
2003-03-28,LQD,109.449997,109.989998,109.400002,109.690002,650500,True,0.00401939
2003-03-31,LQD,109.699997,110.25,109.699997,110.199997,59000,True,0.00463864
2003-04-01,LQD,109.800003,110.139999,109.300003,110.059998,94500,True,-0.00127122
2003-04-02,LQD,109.400002,109.809998,109.209999,109.739998,155700,True,-0.00291174
2003-04-03,LQD,109.739998,110.089996,109.5,109.75,31200,True,9.114e-05
2003-04-04,LQD,109.739998,109.830002,109.309998,109.480003,680000,True,-0.00246314
2003-04-07,LQD,109.019997,109.519997,108.57,109.279999,61800,True,-0.00182853
2003-04-08,LQD,109.5,109.739998,109.139999,109.68,377400,True,0.00365365
2003-04-09,LQD,109.800003,110.089996,109.410004,110.040001,31500,True,0.00327691
2003-04-10,LQD,110.0,110.0,109.5,109.639999,795300,True,-0.00364168
2003-04-11,LQD,109.300003,109.580002,109.059998,109.25,106100,True,-0.00356343
2003-04-14,LQD,109.32,109.489998,108.699997,109.309998,145200,True,0.00054903
2003-04-15,LQD,109.82,110.0,109.32,109.510002,824100,True,0.00182803
2003-04-16,LQD,110.099998,110.300003,109.75,110.25,196400,True,0.00673463
2003-04-17,LQD,110.599998,110.610001,110.010002,110.019997,54800,True,-0.00208838
2003-04-21,LQD,110.099998,110.379997,109.879997,110.25,89000,True,0.00208838
2003-04-22,LQD,110.589996,110.849998,110.199997,110.300003,35500,True,0.00045344
2003-04-23,LQD,110.349998,111.050003,110.349998,110.940002,51700,True,0.00578558
2003-04-24,LQD,111.139999,111.800003,111.139999,111.589996,344000,True,0.00584187
2003-04-25,LQD,111.800003,111.889999,111.300003,111.599998,128400,True,8.963e-05
2003-04-28,LQD,111.639999,111.730003,111.209999,111.660004,50300,True,0.00053754
2003-04-29,LQD,111.400002,111.669998,111.019997,111.260002,275900,True,-0.00358875
2003-04-30,LQD,111.300003,112.279999,111.209999,112.050003,345500,True,0.0070754
2003-05-01,LQD,112.099998,112.379997,111.470001,111.830002,47700,True,-0.00196535
2003-05-02,LQD,111.610001,112.089996,111.239998,111.449997,49200,True,-0.00340384
2003-05-05,LQD,111.699997,111.949997,111.220001,111.949997,32100,True,0.00447628
2003-05-06,LQD,112.150002,112.849998,111.660004,112.540001,139900,True,0.00525641
2003-05-07,LQD,113.25,113.349998,112.809998,113.290001,102300,True,0.00664219
2003-05-08,LQD,113.800003,113.889999,113.160004,113.300003,1671300,True,8.828e-05
2003-05-09,LQD,113.449997,113.449997,112.760002,113.099998,36100,True,-0.00176683
2003-05-12,LQD,113.989998,113.989998,113.160004,113.489998,59500,True,0.00344234
2003-05-13,LQD,113.269997,113.529999,113.019997,113.5,73100,True,8.813e-05
2003-05-14,LQD,113.849998,114.18,113.5,114.0,36500,True,0.00439561
2003-05-15,LQD,113.599998,114.25,113.510002,113.959999,55200,True,-0.00035095
2003-05-16,LQD,114.0,114.730003,113.599998,114.720001,84400,True,0.00664689
2003-05-19,LQD,114.459999,114.900002,113.980003,114.25,751100,True,-0.00410536
2003-05-20,LQD,114.400002,114.900002,113.849998,114.599998,559100,True,0.00305876
2003-05-21,LQD,114.599998,114.989998,114.120003,114.599998,52700,True,0.0
2003-05-22,LQD,114.599998,115.370003,114.599998,115.370003,39200,True,0.00669659
2003-05-23,LQD,115.699997,115.800003,115.129997,115.529999,2946200,True,0.00138585
2003-05-27,LQD,115.629997,115.639999,114.639999,115.129997,63800,True,-0.00346833
2003-05-28,LQD,115.0,115.169998,114.300003,114.669998,711900,True,-0.00400348
2003-05-29,LQD,115.349998,115.730003,115.019997,115.5,134300,True,0.00721211
2003-05-30,LQD,115.5,115.580002,114.860001,115.550003,32900,True,0.00043283
2003-06-02,LQD,114.75,114.830002,114.019997,114.349998,73100,True,-0.01043946
2003-06-03,LQD,114.940002,115.470001,114.529999,115.400002,43600,True,0.00914046
2003-06-04,LQD,115.489998,115.739998,114.910004,115.550003,344300,True,0.001299
2003-06-05,LQD,115.599998,116.0,115.010002,115.360001,124600,True,-0.00164568
2003-06-06,LQD,115.32,115.610001,115.0,115.550003,81600,True,0.00164568
2003-06-09,LQD,115.989998,116.160004,115.489998,115.800003,38600,True,0.00216123
2003-06-10,LQD,116.349998,116.699997,116.120003,116.699997,32100,True,0.00774192
2003-06-11,LQD,116.510002,116.949997,116.309998,116.57,191600,True,-0.00111456
2003-06-12,LQD,116.480003,117.150002,116.480003,116.989998,70200,True,0.00359649
2003-06-13,LQD,117.25,117.699997,116.989998,117.480003,26800,True,0.00417969
2003-06-16,LQD,117.900002,117.959999,116.75,117.050003,173500,True,-0.00366691
2003-06-17,LQD,117.040001,117.040001,116.199997,116.68,43000,True,-0.00316607
2003-06-18,LQD,116.050003,116.440002,115.599998,115.599998,75200,True,-0.0092992
2003-06-19,LQD,115.5,116.129997,115.349998,115.800003,107700,True,0.00172865
2003-06-20,LQD,115.800003,115.800003,115.150002,115.25,57900,True,-0.00476091
2003-06-23,LQD,115.300003,115.970001,115.260002,115.830002,233500,True,0.00501993
2003-06-24,LQD,115.900002,116.25,115.610001,116.0,365000,True,0.00146658
2003-06-25,LQD,116.75,116.830002,115.230003,115.410004,76700,True,-0.00509915
2003-06-26,LQD,115.220001,115.220001,114.150002,114.400002,98400,True,-0.00878994
2003-06-27,LQD,114.849998,114.870003,113.809998,114.099998,47700,True,-0.00262585
2003-06-30,LQD,114.5,114.629997,114.010002,114.629997,279500,True,0.00463428
2003-07-01,LQD,114.199997,114.349998,113.279999,113.349998,1089100,True,-0.01122916
2003-07-02,LQD,113.32,114.099998,112.870003,113.75,1120200,True,0.00352269
2003-07-03,LQD,114.0,114.089996,113.0,113.050003,118500,True,-0.00617283
2003-07-07,LQD,112.900002,112.989998,112.330002,112.5,211300,True,-0.004877
2003-07-08,LQD,112.699997,113.0,112.099998,112.599998,191600,True,0.00088848
2003-07-09,LQD,112.900002,113.309998,112.650002,113.0,131800,True,0.00354612
2003-07-10,LQD,113.599998,113.599998,113.0,113.230003,68000,True,0.00203336
2003-07-11,LQD,113.449997,113.489998,113.199997,113.370003,43700,True,0.00123565
2003-07-14,LQD,113.25,113.949997,113.07,113.07,47400,True,-0.00264974
2003-07-15,LQD,113.25,113.25,111.43,111.779999,64700,True,-0.01147445
2003-07-16,LQD,111.0,111.940002,111.0,111.739998,191200,True,-0.00035792
2003-07-17,LQD,111.650002,111.760002,111.0,111.220001,80600,True,-0.00466449
2003-07-18,LQD,111.75,111.839996,111.209999,111.690002,74100,True,0.00421697
2003-07-21,LQD,111.599998,111.599998,110.010002,110.339996,40900,True,-0.01216072
2003-07-22,LQD,110.150002,110.720001,109.830002,110.25,116500,True,-0.00081596
2003-07-23,LQD,111.099998,111.32,110.699997,110.980003,172300,True,0.00659952
2003-07-24,LQD,110.739998,110.739998,110.129997,110.5,73000,True,-0.00433451
2003-07-25,LQD,110.699997,111.169998,109.949997,110.25,95300,True,-0.00226501
2003-07-28,LQD,109.75,110.120003,109.150002,109.150002,142100,True,-0.01002742
2003-07-29,LQD,109.0,110.0,108.120003,108.150002,355200,True,-0.00920393
2003-07-30,LQD,108.480003,109.25,108.370003,108.699997,565300,True,0.0050726
2003-07-31,LQD,108.349998,108.43,107.0,107.349998,165400,True,-0.01249726
2003-08-01,LQD,106.699997,107.32,106.199997,106.949997,179400,True,-0.0037331
2003-08-04,LQD,106.720001,107.75,106.720001,107.580002,74200,True,0.00587337
2003-08-05,LQD,107.300003,107.849998,106.730003,107.089996,82500,True,-0.00456521
2003-08-06,LQD,107.300003,107.940002,106.800003,107.5,103500,True,0.00382128
2003-08-07,LQD,108.25,108.279999,107.400002,108.089996,62800,True,0.00547333
2003-08-08,LQD,108.099998,108.739998,107.800003,108.150002,40500,True,0.00055499
2003-08-11,LQD,108.099998,108.169998,107.410004,107.730003,76500,True,-0.00389104
2003-08-12,LQD,107.550003,108.209999,107.400002,107.610001,55600,True,-0.00111454
2003-08-13,LQD,107.400002,107.400002,106.290001,106.400002,88100,True,-0.01130799
2003-08-14,LQD,106.059998,106.970001,105.769997,106.540001,456200,True,0.00131492
2003-08-15,LQD,106.400002,107.75,106.400002,106.75,8000,True,0.00196914
2003-08-18,LQD,107.050003,107.360001,106.599998,107.099998,40800,True,0.00327331
2003-08-19,LQD,107.400002,108.059998,106.919998,108.050003,101100,True,0.00883115
2003-08-20,LQD,108.010002,108.389999,107.419998,107.720001,32100,True,-0.00305883
2003-08-21,LQD,107.949997,108.0,107.099998,107.199997,88100,True,-0.00483906
2003-08-22,LQD,107.699997,107.910004,107.220001,107.720001,66500,True,0.00483906
2003-08-25,LQD,107.400002,107.889999,107.010002,107.239998,55400,True,-0.00446599
2003-08-26,LQD,107.199997,107.629997,106.769997,107.449997,47200,True,0.0019563
2003-08-27,LQD,107.919998,107.919998,107.059998,107.43,23700,True,-0.00018612
2003-08-28,LQD,107.720001,108.400002,107.510002,108.220001,105300,True,0.00732673
2003-08-29,LQD,108.68,108.68,107.800003,108.18,42600,True,-0.00036969
2003-09-02,LQD,106.889999,107.629997,106.889999,107.160004,135100,True,-0.00947343
2003-09-03,LQD,107.059998,107.519997,106.809998,107.470001,69500,True,0.00288867
2003-09-04,LQD,107.470001,107.970001,107.059998,107.839996,364600,True,0.00343686
2003-09-05,LQD,108.050003,109.0,107.93,108.660004,738700,True,0.00757516
2003-09-08,LQD,108.790001,109.349998,108.25,108.260002,264900,True,-0.00368801
2003-09-09,LQD,108.82,108.82,107.860001,108.599998,193200,True,0.00313563
2003-09-10,LQD,108.849998,109.470001,108.650002,109.470001,50600,True,0.00797916
2003-09-11,LQD,109.199997,109.330002,108.699997,108.900002,137900,True,-0.00522051
2003-09-12,LQD,109.529999,110.139999,109.360001,109.699997,33300,True,0.0073193
2003-09-15,LQD,109.699997,109.849998,109.080002,109.739998,345300,True,0.00036457
2003-09-16,LQD,109.800003,109.989998,109.260002,109.980003,44300,True,0.00218465
2003-09-17,LQD,110.32,110.769997,109.699997,110.650002,87700,True,0.00607352
2003-09-18,LQD,110.5,110.800003,110.010002,110.5,83300,True,-0.00135656
2003-09-19,LQD,110.599998,110.779999,110.279999,110.610001,33700,True,0.00099499
2003-09-22,LQD,110.169998,110.279999,109.519997,110.199997,161300,True,-0.00371364
2003-09-23,LQD,110.199997,110.379997,109.510002,110.360001,551000,True,0.00145089
2003-09-24,LQD,110.110001,110.940002,110.110001,110.779999,58900,True,0.00379849
2003-09-25,LQD,110.940002,111.160004,110.57,111.160004,50600,True,0.0034244
2003-09-26,LQD,111.349998,111.849998,111.110001,111.849998,36700,True,0.00618804
2003-09-29,LQD,111.650002,111.739998,111.199997,111.550003,79800,True,-0.00268573
2003-09-30,LQD,111.699997,112.330002,111.43,112.290001,57500,True,0.00661187
2003-10-01,LQD,111.800003,112.0,111.389999,111.879997,420900,True,-0.00365797
2003-10-02,LQD,110.800003,111.75,110.800003,111.449997,105300,True,-0.00385081
2003-10-03,LQD,110.25,110.709999,109.720001,109.900002,584500,True,-0.01400516
2003-10-06,LQD,109.559998,110.199997,109.559998,110.010002,111800,True,0.00100041
2003-10-07,LQD,110.059998,110.43,109.620003,109.639999,33200,True,-0.00336902
2003-10-08,LQD,109.550003,110.339996,109.550003,110.040001,524800,True,0.00364168
2003-10-09,LQD,109.440002,109.779999,109.050003,109.660004,71700,True,-0.00345924
2003-10-10,LQD,109.599998,110.410004,109.599998,110.199997,286000,True,0.00491217
2003-10-13,LQD,109.650002,110.150002,109.650002,110.129997,26800,True,-0.00063541
2003-10-14,LQD,109.849998,110.139999,109.510002,109.68,47700,True,-0.00409442
2003-10-15,LQD,109.650002,109.739998,109.239998,109.690002,53600,True,9.119e-05
2003-10-16,LQD,109.839996,109.839996,109.07,109.339996,752200,True,-0.00319597
2003-10-17,LQD,109.07,109.980003,109.07,109.940002,35600,True,0.00547252
2003-10-20,LQD,109.93,110.279999,109.540001,110.040001,26500,True,0.00090916
2003-10-21,LQD,110.400002,110.440002,109.580002,110.080002,233000,True,0.00036345
2003-10-22,LQD,110.400002,110.5,110.099998,110.400002,57900,True,0.00290276
2003-10-23,LQD,110.5,110.5,109.440002,109.800003,54000,True,-0.00544959
2003-10-24,LQD,110.599998,110.599998,110.129997,110.599998,190300,True,0.00725952
2003-10-27,LQD,110.599998,110.650002,110.050003,110.349998,35000,True,-0.00226296
2003-10-28,LQD,110.43,111.089996,109.900002,111.080002,68100,True,0.00659356
2003-10-29,LQD,110.760002,111.080002,110.220001,110.300003,72500,True,-0.00704672
2003-10-30,LQD,109.75,110.150002,109.5,110.150002,64700,True,-0.00136087
2003-10-31,LQD,109.949997,110.43,109.910004,110.150002,45100,True,0.0
2003-11-03,LQD,110.300003,110.300003,109.169998,109.779999,150800,True,-0.00336474
2003-11-04,LQD,109.739998,109.970001,109.5,109.949997,89800,True,0.00154734
2003-11-05,LQD,109.949997,109.949997,109.18,109.18,50900,True,-0.00702779
2003-11-06,LQD,109.150002,109.190002,108.57,108.580002,50200,True,-0.00551065
2003-11-07,LQD,108.57,108.860001,108.120003,108.790001,71500,True,0.00193218
2003-11-10,LQD,108.949997,109.029999,108.300003,108.470001,78200,True,-0.00294578
2003-11-11,LQD,108.120003,108.989998,108.110001,108.940002,32200,True,0.00432365
2003-11-12,LQD,109.099998,109.199997,108.860001,109.0,76100,True,0.00055059
2003-11-13,LQD,109.400002,110.349998,109.400002,110.029999,62000,True,0.00940516
2003-11-14,LQD,110.0,110.690002,110.0,110.629997,322000,True,0.00543823
2003-11-17,LQD,111.25,111.279999,110.790001,110.839996,165700,True,0.00189641
2003-11-18,LQD,110.800003,111.330002,110.480003,111.330002,30500,True,0.00441109
2003-11-19,LQD,111.099998,111.559998,110.349998,110.349998,436800,True,-0.00884166
2003-11-20,LQD,111.0,111.230003,110.300003,110.879997,40500,True,0.00479139
2003-11-21,LQD,111.25,111.43,110.849998,111.25,33200,True,0.00333141
2003-11-24,LQD,110.400002,110.970001,110.279999,110.5,29500,True,-0.0067644
2003-11-25,LQD,110.510002,111.080002,110.5,110.849998,32600,True,0.0031624
2003-11-26,LQD,111.050003,111.18,110.519997,110.610001,18900,True,-0.00216742
2003-11-28,LQD,110.650002,110.650002,110.0,110.059998,32900,True,-0.00498486
2003-12-01,LQD,109.0,109.440002,108.75,109.389999,183000,True,-0.00610618
2003-12-02,LQD,109.470001,109.809998,108.699997,109.690002,227300,True,0.00273876
2003-12-03,LQD,110.0,110.0,109.129997,109.5,181500,True,-0.00173368
2003-12-04,LQD,109.849998,109.849998,109.080002,109.589996,672300,True,0.00082155
2003-12-05,LQD,110.389999,110.93,109.970001,110.730003,81900,True,0.01034874
2003-12-08,LQD,110.790001,110.790001,109.720001,109.900002,275000,True,-0.00752396
2003-12-09,LQD,110.0,110.489998,109.099998,109.550003,38100,True,-0.00318978
2003-12-10,LQD,110.349998,110.349998,109.300003,109.800003,34200,True,0.00227946
2003-12-11,LQD,109.099998,110.32,109.099998,110.300003,65000,True,0.0045434
2003-12-12,LQD,110.629997,110.730003,110.25,110.599998,78200,True,0.00271612
2003-12-15,LQD,110.099998,110.699997,110.019997,110.349998,275500,True,-0.00226296
2003-12-16,LQD,110.75,110.75,110.059998,110.599998,40600,True,0.00226296
2003-12-17,LQD,110.599998,111.239998,110.550003,110.849998,41900,True,0.00225785
2003-12-18,LQD,111.059998,111.489998,110.860001,111.489998,45700,True,0.00575696
2003-12-19,LQD,111.489998,111.57,111.0,111.559998,152700,True,0.00062766
2003-12-22,LQD,111.900002,112.0,111.010002,111.349998,299400,True,-0.00188416
2003-12-23,LQD,111.400002,111.400002,110.639999,110.709999,39900,True,-0.00576422
2003-12-24,LQD,111.199997,111.370003,110.760002,111.370003,29700,True,0.00594385
2003-12-26,LQD,111.779999,111.779999,111.199997,111.400002,17600,True,0.00026933
2003-12-29,LQD,111.650002,111.650002,110.75,111.18,82400,True,-0.00197683
2003-12-30,LQD,110.889999,111.139999,110.529999,110.75,55700,True,-0.0038751
2003-12-31,LQD,110.849998,110.849998,110.199997,110.57,53600,True,-0.00162661
2004-01-02,LQD,110.57,110.57,109.650002,109.779999,209600,True,-0.00717045
2004-01-05,LQD,110.050003,110.150002,109.650002,109.900002,69900,True,0.00109252
2004-01-06,LQD,110.400002,110.949997,110.0,110.889999,304400,True,0.00896784
2004-01-07,LQD,110.849998,111.290001,110.699997,110.980003,60600,True,0.00081132
2004-01-08,LQD,111.150002,111.300003,110.800003,111.160004,63400,True,0.0016206
2004-01-09,LQD,111.900002,112.199997,111.589996,112.059998,86600,True,0.00806378
2004-01-12,LQD,112.0,112.720001,112.0,112.25,114500,True,0.00169411
2004-01-13,LQD,111.849998,112.879997,111.849998,112.550003,72500,True,0.00266907
2004-01-14,LQD,112.849998,113.110001,112.300003,112.790001,272300,True,0.0021301
2004-01-15,LQD,113.099998,113.300003,112.699997,113.300003,165700,True,0.0045115
2004-01-16,LQD,113.010002,113.440002,112.779999,112.800003,45600,True,-0.00442283
2004-01-20,LQD,112.699997,113.18,112.43,112.57,76100,True,-0.00204112
2004-01-21,LQD,112.82,112.989998,112.300003,112.830002,43800,True,0.00230703
2004-01-22,LQD,113.0,113.620003,112.639999,113.400002,77800,True,0.00503913
2004-01-23,LQD,113.75,113.870003,112.480003,112.5,112900,True,-0.00796818
2004-01-26,LQD,112.75,112.75,111.879997,111.879997,239100,True,-0.00552638
2004-01-27,LQD,112.400002,112.779999,112.199997,112.559998,571700,True,0.00605955
2004-01-28,LQD,112.800003,113.120003,111.5,111.669998,70100,True,-0.00793831
2004-01-29,LQD,111.699997,111.959999,111.300003,111.650002,133100,True,-0.00017909
2004-01-30,LQD,112.25,112.360001,111.519997,111.919998,80000,True,0.00241532
2004-02-02,LQD,111.800003,111.879997,111.400002,111.449997,320600,True,-0.00420828
2004-02-03,LQD,111.949997,111.949997,111.339996,111.68,152200,True,0.00206161
2004-02-04,LQD,111.669998,111.849998,111.300003,111.589996,55000,True,-0.00080623
2004-02-05,LQD,111.580002,111.900002,111.139999,111.400002,47100,True,-0.00170407
2004-02-06,LQD,111.949997,112.099998,111.5,111.730003,122500,True,0.00295794
2004-02-09,LQD,111.779999,112.300003,111.669998,112.199997,130400,True,0.00419769
2004-02-10,LQD,112.25,112.25,111.720001,111.870003,52400,True,-0.00294546
2004-02-11,LQD,111.510002,112.860001,111.510002,112.550003,41700,True,0.00606009
2004-02-12,LQD,112.830002,112.830002,112.080002,112.349998,106100,True,-0.00177861
2004-02-13,LQD,113.0,113.010002,112.470001,112.989998,92300,True,0.00568032
2004-02-17,LQD,113.029999,113.029999,112.599998,112.660004,64800,True,-0.00292483
2004-02-18,LQD,113.089996,113.099998,112.230003,112.400002,52400,True,-0.00231051
2004-02-19,LQD,112.68,113.510002,112.360001,112.800003,51900,True,0.00355242
2004-02-20,LQD,112.959999,112.959999,112.220001,112.25,119300,True,-0.00488784
2004-02-23,LQD,112.5,112.839996,112.300003,112.559998,33600,True,0.00275786
2004-02-24,LQD,112.360001,113.080002,112.360001,112.669998,63100,True,0.00097678
2004-02-25,LQD,113.050003,113.239998,112.449997,112.75,49500,True,0.0007098
2004-02-26,LQD,112.839996,112.949997,112.529999,112.830002,37700,True,0.0007093
2004-02-27,LQD,112.860001,113.309998,112.82,113.160004,39700,True,0.0029205
2004-03-01,LQD,112.93,113.050003,112.43,112.690002,291000,True,-0.00416207
2004-03-02,LQD,112.790001,112.839996,112.010002,112.470001,51800,True,-0.00195418
2004-03-03,LQD,112.470001,112.5,111.790001,112.419998,58800,True,-0.00044469
2004-03-04,LQD,111.900002,112.650002,111.900002,112.599998,128000,True,0.00159986
2004-03-05,LQD,114.300003,114.349998,113.519997,113.800003,158600,True,0.01060085
2004-03-08,LQD,114.400002,114.480003,113.919998,114.120003,61000,True,0.002808
2004-03-09,LQD,114.5,114.760002,114.07,114.349998,71000,True,0.00201336
2004-03-10,LQD,114.400002,114.75,114.300003,114.720001,60300,True,0.00323048
2004-03-11,LQD,114.690002,114.790001,113.82,114.230003,145800,True,-0.0042804
2004-03-12,LQD,114.699997,114.699997,113.889999,114.099998,69700,True,-0.00113875
2004-03-15,LQD,113.910004,114.43,113.860001,114.230003,67900,True,0.00113875
2004-03-16,LQD,114.010002,114.849998,113.779999,114.75,98400,True,0.00454186
2004-03-17,LQD,114.989998,115.0,114.599998,114.809998,34700,True,0.00052272
2004-03-18,LQD,114.800003,114.980003,114.199997,114.330002,173700,True,-0.00418955
2004-03-19,LQD,114.57,114.57,113.919998,114.150002,139700,True,-0.00157563
2004-03-22,LQD,114.489998,114.830002,114.18,114.589996,48400,True,0.00384712
2004-03-23,LQD,114.669998,114.800003,114.260002,114.800003,65600,True,0.001831
2004-03-24,LQD,114.910004,114.910004,114.5,114.690002,38200,True,-0.00095865
2004-03-25,LQD,114.660004,114.699997,114.279999,114.379997,50500,True,-0.00270664
2004-03-26,LQD,114.440002,114.480003,113.519997,113.529999,139200,True,-0.00745911
2004-03-29,LQD,113.650002,113.709999,113.129997,113.709999,153900,True,0.00158423
2004-03-30,LQD,113.849998,113.910004,113.410004,113.43,60900,True,-0.00246543
2004-03-31,LQD,113.730003,114.199997,113.330002,113.839996,246500,True,0.00360801
2004-04-01,LQD,113.900002,113.900002,113.099998,113.360001,393100,True,-0.00422532
2004-04-02,LQD,111.849998,111.989998,111.379997,111.589996,226800,True,-0.01573719
2004-04-05,LQD,110.900002,111.339996,110.75,111.029999,127600,True,-0.00503098
2004-04-06,LQD,111.349998,111.690002,111.209999,111.550003,48800,True,0.00467252
2004-04-07,LQD,111.599998,112.099998,111.32,111.580002,29900,True,0.00026889
2004-04-08,LQD,111.599998,111.800003,111.150002,111.690002,36000,True,0.00098536
2004-04-12,LQD,111.419998,111.419998,110.809998,111.010002,79900,True,-0.00610689
2004-04-13,LQD,110.199997,110.839996,110.199997,110.309998,91300,True,-0.00632574
2004-04-14,LQD,109.989998,110.32,109.730003,110.160004,134200,True,-0.00136067
2004-04-15,LQD,110.0,110.400002,109.639999,109.699997,144000,True,-0.00418455
2004-04-16,LQD,110.019997,110.489998,110.010002,110.330002,32200,True,0.00572655
2004-04-19,LQD,110.489998,110.5,109.849998,110.129997,47300,True,-0.00181443
2004-04-20,LQD,109.5,110.150002,109.379997,109.410004,35000,True,-0.00655913
2004-04-21,LQD,109.300003,109.800003,109.18,109.5,245500,True,0.00082222
2004-04-22,LQD,109.629997,110.220001,109.559998,110.099998,37000,True,0.00546448
2004-04-23,LQD,109.43,109.839996,109.300003,109.629997,67100,True,-0.004278
2004-04-26,LQD,109.800003,109.949997,109.440002,109.639999,61000,True,9.123e-05
2004-04-27,LQD,109.449997,110.160004,109.449997,110.160004,105000,True,0.00473162
2004-04-28,LQD,109.5,110.059998,109.269997,109.489998,132200,True,-0.00610069
2004-04-29,LQD,109.099998,109.739998,108.620003,109.0,235200,True,-0.00448532
2004-04-30,LQD,109.150002,109.5,108.709999,109.0,74100,True,0.0
2004-05-03,LQD,108.849998,108.889999,108.410004,108.709999,210800,True,-0.0026641
2004-05-04,LQD,109.0,109.150002,108.339996,108.349998,78200,True,-0.00331706
2004-05-05,LQD,108.419998,108.720001,107.809998,108.190002,262200,True,-0.00147775
2004-05-06,LQD,107.940002,107.980003,107.580002,107.699997,53700,True,-0.00453941
2004-05-07,LQD,106.900002,106.900002,106.150002,106.300003,136200,True,-0.01308424
2004-05-10,LQD,106.059998,106.199997,105.5,105.510002,338300,True,-0.00745956
2004-05-11,LQD,105.610001,105.940002,105.57,105.720001,224200,True,0.00198835
2004-05-12,LQD,106.199997,106.239998,105.5,105.760002,98200,True,0.0003783
2004-05-13,LQD,105.389999,105.5,105.129997,105.199997,106400,True,-0.00530913
2004-05-14,LQD,105.910004,106.279999,105.360001,105.839996,60300,True,0.00606521
2004-05-17,LQD,106.459999,106.5,106.150002,106.349998,162000,True,0.00480704
2004-05-18,LQD,106.730003,106.730003,106.010002,106.5,47400,True,0.00140946
2004-05-19,LQD,106.5,106.5,105.970001,106.150002,36500,True,-0.00329178
2004-05-20,LQD,106.330002,106.75,106.260002,106.739998,47800,True,0.00554275
2004-05-21,LQD,106.900002,106.900002,106.419998,106.650002,282900,True,-0.00084349
2004-05-24,LQD,107.0,107.110001,106.709999,107.080002,187500,True,0.00402378
2004-05-25,LQD,107.349998,107.370003,106.779999,107.190002,219100,True,0.00102675
2004-05-26,LQD,107.599998,107.669998,106.989998,107.669998,159300,True,0.00446799
2004-05-27,LQD,108.07,108.18,107.489998,108.160004,179700,True,0.00454067
2004-05-28,LQD,108.0,108.230003,107.779999,108.0,80900,True,-0.00148042
2004-06-01,LQD,107.290001,107.290001,106.699997,106.989998,114000,True,-0.00939587
2004-06-02,LQD,106.970001,107.010002,106.599998,106.709999,73800,True,-0.00262049
2004-06-03,LQD,106.669998,107.059998,106.550003,106.989998,91600,True,0.00262049
2004-06-04,LQD,107.0,107.0,106.419998,106.610001,94300,True,-0.00355803
2004-06-07,LQD,106.599998,106.769997,106.389999,106.75,52500,True,0.00131233
2004-06-08,LQD,106.209999,106.809998,106.209999,106.760002,83200,True,9.369e-05
2004-06-09,LQD,106.849998,106.860001,106.160004,106.290001,91300,True,-0.00441213
2004-06-10,LQD,106.07,106.5,105.949997,106.349998,162400,True,0.00056431
2004-06-14,LQD,106.459999,106.459999,105.800003,105.809998,68400,True,-0.00509052
2004-06-15,LQD,106.300003,107.25,106.129997,107.010002,116100,True,0.0112773
2004-06-16,LQD,107.099998,107.139999,106.5,107.019997,87200,True,9.339e-05
2004-06-17,LQD,107.040001,107.330002,106.650002,107.230003,63300,True,0.00196039
2004-06-18,LQD,107.059998,107.489998,106.860001,107.099998,52500,True,-0.00121313
2004-06-21,LQD,107.349998,107.5,107.110001,107.290001,66800,True,0.00177249
2004-06-22,LQD,107.550003,107.550003,106.669998,107.139999,268800,True,-0.00139907
2004-06-23,LQD,107.339996,107.599998,106.860001,107.07,163900,True,-0.00065356
2004-06-24,LQD,107.910004,107.919998,107.419998,107.419998,93500,True,0.00326354
2004-06-25,LQD,107.199997,107.730003,107.199997,107.5,211700,True,0.00074448
2004-06-28,LQD,107.540001,107.540001,106.720001,106.75,53900,True,-0.0070012
2004-06-29,LQD,107.209999,107.5,106.57,107.5,110700,True,0.0070012
2004-06-30,LQD,107.589996,107.980003,107.209999,107.699997,52400,True,0.00185871
2004-07-01,LQD,107.220001,107.839996,107.099998,107.800003,422400,True,0.00092813
2004-07-02,LQD,108.309998,108.650002,108.25,108.550003,40900,True,0.00693324
2004-07-06,LQD,108.669998,108.669998,108.0,108.300003,49900,True,-0.00230574
2004-07-07,LQD,108.300003,108.529999,108.300003,108.389999,27800,True,0.00083065
2004-07-08,LQD,108.510002,108.650002,108.349998,108.449997,46600,True,0.00055338
2004-07-09,LQD,108.5,108.550003,108.099998,108.489998,32600,True,0.00036877
2004-07-12,LQD,108.769997,108.82,108.529999,108.709999,70300,True,0.00202579
2004-07-13,LQD,108.599998,108.599998,108.25,108.5,64500,True,-0.0019336
2004-07-14,LQD,108.650002,108.690002,108.349998,108.550003,22600,True,0.00046075
2004-07-15,LQD,108.68,108.730003,108.25,108.330002,233500,True,-0.00202878
2004-07-16,LQD,108.959999,109.379997,108.5,109.379997,191200,True,0.00964589
2004-07-19,LQD,109.400002,109.5,109.160004,109.449997,38700,True,0.00063976
2004-07-20,LQD,109.209999,109.400002,108.669998,108.699997,37800,True,-0.00687603
2004-07-21,LQD,108.720001,108.720001,108.169998,108.68,49700,True,-0.00018398
2004-07-22,LQD,108.68,108.93,108.43,108.43,38900,True,-0.00230298
2004-07-23,LQD,108.910004,109.0,108.57,108.900002,34600,True,0.00432524
2004-07-26,LQD,108.889999,108.900002,108.5,108.839996,44000,True,-0.00055116
2004-07-27,LQD,108.410004,108.699997,107.830002,108.080002,379000,True,-0.00700717
2004-07-28,LQD,107.949997,108.050003,107.559998,107.760002,67900,True,-0.00296516
2004-07-29,LQD,107.550003,108.25,107.550003,108.169998,45100,True,0.00379749
2004-07-30,LQD,108.900002,108.940002,108.43,108.940002,135800,True,0.00709325
2004-08-02,LQD,108.739998,108.839996,108.449997,108.730003,77500,True,-0.00192952
2004-08-03,LQD,108.949997,108.980003,108.139999,108.610001,147900,True,-0.00110429
2004-08-04,LQD,108.800003,109.089996,108.559998,108.900002,34300,True,0.00266655
2004-08-05,LQD,109.300003,109.300003,108.800003,109.099998,77300,True,0.00183483
2004-08-06,LQD,110.309998,110.419998,109.959999,110.080002,102700,True,0.00894251
2004-08-09,LQD,110.400002,110.400002,109.989998,110.099998,46800,True,0.00018164
2004-08-10,LQD,110.190002,110.190002,109.449997,109.739998,38600,True,-0.00327512
2004-08-11,LQD,109.900002,109.970001,109.370003,109.660004,25500,True,-0.00072921
2004-08-12,LQD,109.5,110.199997,109.400002,109.809998,84400,True,0.00136687
2004-08-13,LQD,109.949997,110.599998,109.949997,110.25,61400,True,0.00399894
2004-08-16,LQD,110.169998,110.239998,109.730003,110.139999,131200,True,-0.00099824
2004-08-17,LQD,110.110001,110.739998,110.099998,110.739998,39000,True,0.00543281
2004-08-18,LQD,111.040001,111.040001,110.220001,110.419998,82900,True,-0.00289383
2004-08-19,LQD,110.400002,110.93,110.330002,110.809998,51300,True,0.00352574
2004-08-20,LQD,110.809998,110.879997,110.400002,110.410004,48300,True,-0.00361626
2004-08-23,LQD,110.32,110.349998,109.959999,110.199997,33400,True,-0.00190387
2004-08-24,LQD,109.75,110.230003,109.75,110.099998,385100,True,-0.00090784
2004-08-25,LQD,110.57,110.760002,110.300003,110.620003,233400,True,0.0047119
2004-08-26,LQD,110.82,110.900002,110.379997,110.690002,42300,True,0.00063259
2004-08-27,LQD,110.690002,111.0,110.639999,110.949997,142800,True,0.0023461
2004-08-30,LQD,111.199997,111.379997,110.709999,111.379997,67400,True,0.00386813
2004-08-31,LQD,111.480003,112.0,111.25,111.849998,68100,True,0.00421092
2004-09-01,LQD,111.559998,111.639999,111.029999,111.199997,128200,True,-0.00582832
2004-09-02,LQD,111.010002,111.349998,110.550003,110.730003,70200,True,-0.00423552
2004-09-03,LQD,110.220001,110.550003,109.839996,109.860001,92800,True,-0.007888
2004-09-07,LQD,110.050003,110.480003,110.0,110.480003,70800,True,0.00562771
2004-09-08,LQD,110.379997,111.18,110.290001,110.949997,63700,True,0.00424508
2004-09-09,LQD,111.019997,111.489998,110.900002,111.18,50100,True,0.00207089
2004-09-10,LQD,111.470001,111.470001,111.0,111.120003,47000,True,-0.00053979
2004-09-13,LQD,111.290001,111.540001,110.959999,111.5,148600,True,0.00341387
2004-09-14,LQD,111.489998,111.690002,111.309998,111.529999,47600,True,0.00026901
2004-09-15,LQD,111.660004,111.660004,111.32,111.529999,25400,True,0.0
2004-09-16,LQD,111.660004,112.300003,111.540001,112.169998,64600,True,0.00572196
2004-09-17,LQD,112.160004,112.190002,111.709999,111.75,56500,True,-0.00375133
2004-09-20,LQD,112.110001,112.379997,111.879997,112.360001,106000,True,0.00544377
2004-09-21,LQD,112.199997,112.529999,111.919998,112.400002,54600,True,0.00035594
2004-09-22,LQD,112.379997,112.949997,112.139999,112.800003,1033000,True,0.00355242
2004-09-23,LQD,112.68,112.949997,112.339996,112.349998,98000,True,-0.00399738
2004-09-24,LQD,112.059998,112.43,112.010002,112.309998,83600,True,-0.0003561
2004-09-27,LQD,112.410004,112.769997,112.349998,112.699997,45500,True,0.00346651
2004-09-28,LQD,112.800003,112.82,112.32,112.620003,52000,True,-0.00071005
2004-09-29,LQD,112.230003,112.230003,111.669998,112.089996,43300,True,-0.00471726
2004-09-30,LQD,111.389999,111.919998,111.389999,111.760002,50400,True,-0.00294835
2004-10-01,LQD,111.220001,111.470001,110.669998,110.839996,442000,True,-0.00826605
2004-10-04,LQD,110.510002,111.190002,110.5,110.769997,244800,True,-0.00063174
2004-10-05,LQD,110.900002,111.239998,110.75,111.230003,61800,True,0.00414421
2004-10-06,LQD,111.160004,111.199997,110.900002,110.910004,47200,True,-0.00288107
2004-10-07,LQD,110.879997,110.949997,110.559998,110.669998,64600,True,-0.00216631
2004-10-08,LQD,111.400002,111.900002,111.260002,111.75,48100,True,0.00971145
2004-10-11,LQD,111.800003,111.849998,111.470001,111.849998,34400,True,0.00089444
2004-10-12,LQD,112.050003,112.120003,111.699997,111.910004,68000,True,0.00053634
2004-10-13,LQD,111.839996,112.610001,111.760002,112.339996,526400,True,0.00383494
2004-10-14,LQD,112.330002,112.800003,112.010002,112.800003,46700,True,0.00408641
2004-10-15,LQD,112.470001,112.790001,111.849998,112.300003,85400,True,-0.00444248
2004-10-18,LQD,112.209999,112.519997,112.110001,112.489998,35600,True,0.00169042
2004-10-19,LQD,112.150002,112.599998,112.0,112.470001,42300,True,-0.00017778
2004-10-20,LQD,112.589996,112.839996,112.540001,112.839996,108300,True,0.00328432
2004-10-21,LQD,112.800003,112.889999,112.580002,112.739998,51200,True,-0.00088659
2004-10-22,LQD,112.580002,112.849998,112.370003,112.650002,166500,True,-0.00079858
2004-10-25,LQD,112.809998,113.139999,112.709999,112.900002,50600,True,0.0022168
2004-10-26,LQD,112.989998,113.0,112.699997,112.779999,37000,True,-0.00106348
2004-10-27,LQD,112.980003,113.160004,112.0,112.099998,108400,True,-0.00604769
2004-10-28,LQD,112.400002,112.550003,111.910004,112.290001,81000,True,0.0016935
2004-10-29,LQD,112.5,112.849998,112.300003,112.650002,55400,True,0.00320086
2004-11-01,LQD,112.290001,112.290001,111.75,111.75,73900,True,-0.00802145
2004-11-02,LQD,111.849998,112.120003,111.75,111.919998,97800,True,0.00152008
2004-11-03,LQD,111.699997,112.589996,111.540001,111.699997,315700,True,-0.00196764
2004-11-04,LQD,112.639999,112.709999,112.139999,112.18,53100,True,0.00428805
2004-11-05,LQD,111.699997,111.769997,111.139999,111.699997,99500,True,-0.00428805
2004-11-08,LQD,111.230003,111.599998,110.809998,111.230003,123000,True,-0.00421652
2004-11-09,LQD,111.290001,111.650002,111.110001,111.25,172200,True,0.00017976
2004-11-10,LQD,111.440002,111.449997,111.010002,111.150002,34000,True,-0.00089927
2004-11-11,LQD,111.489998,111.5,111.0,111.160004,52100,True,8.998e-05
2004-11-12,LQD,111.639999,111.949997,111.150002,111.720001,355400,True,0.00502511
2004-11-15,LQD,111.690002,111.949997,111.349998,111.760002,61500,True,0.00035798
2004-11-16,LQD,111.809998,111.809998,110.959999,111.699997,932500,True,-0.00053706
2004-11-17,LQD,111.879997,112.410004,111.699997,112.32,79300,True,0.00553526
2004-11-18,LQD,112.349998,112.610001,111.849998,112.5,274900,True,0.00160128
2004-11-19,LQD,112.440002,112.440002,111.309998,111.910004,105700,True,-0.00525821
2004-11-22,LQD,111.989998,112.139999,111.699997,111.860001,171300,True,-0.00044691
2004-11-23,LQD,111.849998,112.129997,111.629997,112.0,53800,True,0.00125078
2004-11-24,LQD,112.199997,112.239998,111.860001,111.989998,42900,True,-8.931e-05
2004-11-26,LQD,111.57,111.860001,111.57,111.589996,18300,True,-0.00357816
2004-11-29,LQD,111.300003,111.300003,110.690002,110.709999,259300,True,-0.00791725
2004-11-30,LQD,110.839996,111.099998,110.559998,110.849998,163200,True,0.00126376
2004-12-01,LQD,110.519997,110.809998,110.050003,110.360001,159900,True,-0.00443017
2004-12-02,LQD,110.300003,110.300003,109.82,110.010002,129300,True,-0.00317646
2004-12-03,LQD,110.75,111.459999,110.629997,110.629997,180100,True,0.00561999
2004-12-06,LQD,111.190002,111.199997,110.709999,110.940002,140200,True,0.00279826
2004-12-07,LQD,111.129997,111.349998,110.800003,111.199997,665400,True,0.00234082
2004-12-08,LQD,111.739998,111.940002,111.389999,111.580002,558700,True,0.00341148
2004-12-09,LQD,111.739998,112.0,111.5,111.839996,91100,True,0.00232741
2004-12-10,LQD,111.970001,112.220001,111.510002,111.889999,98600,True,0.00044699
2004-12-13,LQD,112.150002,112.160004,111.82,112.110001,90200,True,0.0019643
2004-12-14,LQD,112.0,112.160004,111.599998,112.160004,77600,True,0.00044592
2004-12-15,LQD,112.199997,112.760002,112.199997,112.760002,64400,True,0.00533523
2004-12-16,LQD,112.599998,112.599998,111.610001,111.790001,45400,True,-0.00863957
2004-12-17,LQD,111.650002,111.910004,111.519997,111.910004,36000,True,0.00107289
2004-12-20,LQD,111.769997,112.059998,111.519997,111.830002,80000,True,-0.00071513
2004-12-21,LQD,111.849998,112.290001,111.349998,111.879997,240000,True,0.00044697
2004-12-22,LQD,112.050003,112.110001,111.709999,112.0,54300,True,0.00107203
2004-12-23,LQD,112.129997,112.209999,111.879997,112.199997,49300,True,0.00178409
2004-12-27,LQD,111.830002,111.93,111.309998,111.599998,71400,True,-0.00536193
2004-12-28,LQD,111.610001,111.739998,111.220001,111.720001,75500,True,0.00107472
2004-12-29,LQD,111.830002,111.830002,111.400002,111.550003,72300,True,-0.0015228
2004-12-30,LQD,111.739998,111.959999,111.480003,111.949997,122700,True,0.00357937
2004-12-31,LQD,111.849998,111.980003,111.529999,111.529999,100600,True,-0.00375871
2005-01-03,LQD,111.709999,112.25,111.5,112.25,1497800,True,0.00643492
2005-01-04,LQD,112.269997,112.290001,111.5,111.620003,90200,True,-0.00562826
2005-01-05,LQD,111.650002,111.910004,111.459999,111.709999,120700,True,0.00080595
2005-01-06,LQD,111.550003,111.949997,111.550003,111.790001,43900,True,0.0007159
2005-01-07,LQD,111.910004,111.919998,111.43,111.739998,68300,True,-0.00044739
2005-01-10,LQD,111.760002,111.760002,111.400002,111.550003,73200,True,-0.00170178
2005-01-11,LQD,111.790001,112.129997,111.379997,111.809998,265900,True,0.00232803
2005-01-12,LQD,111.349998,112.050003,111.349998,111.919998,46100,True,0.00098333
2005-01-13,LQD,111.989998,112.410004,111.900002,112.220001,61100,True,0.00267693
2005-01-14,LQD,112.150002,112.540001,111.870003,112.349998,61300,True,0.00115774
2005-01-18,LQD,111.980003,112.43,111.910004,112.410004,145600,True,0.00053395
2005-01-19,LQD,112.480003,112.599998,112.110001,112.580002,78900,True,0.00151116
2005-01-20,LQD,112.279999,112.690002,112.260002,112.379997,62200,True,-0.00177814
2005-01-21,LQD,112.459999,112.730003,112.150002,112.629997,111900,True,0.00222212
2005-01-24,LQD,112.849998,112.879997,112.519997,112.830002,100500,True,0.00177419
2005-01-25,LQD,112.919998,112.919998,112.360001,112.449997,72900,True,-0.00337363
2005-01-26,LQD,112.599998,112.709999,112.449997,112.489998,47000,True,0.00035566
2005-01-27,LQD,112.379997,112.589996,111.669998,112.25,1000300,True,-0.00213578
2005-01-28,LQD,112.650002,113.019997,112.610001,112.900002,64500,True,0.00577396
2005-01-31,LQD,112.529999,112.989998,112.529999,112.900002,83100,True,0.0
2005-02-01,LQD,112.629997,112.699997,112.349998,112.449997,57000,True,-0.00399383
2005-02-02,LQD,112.360001,112.629997,112.209999,112.349998,118600,True,-0.00088967
2005-02-03,LQD,112.300003,112.489998,112.019997,112.489998,46800,True,0.00124532
2005-02-04,LQD,113.160004,113.199997,112.339996,112.849998,749000,True,0.00319518
2005-02-07,LQD,112.989998,113.160004,112.839996,112.889999,218400,True,0.0003544
2005-02-08,LQD,113.290001,113.309998,112.910004,113.300003,101800,True,0.00362531
2005-02-09,LQD,113.370003,113.800003,113.239998,113.699997,78800,True,0.00352418
2005-02-10,LQD,113.57,113.57,113.010002,113.300003,56600,True,-0.00352418
2005-02-11,LQD,113.110001,113.190002,112.739998,112.970001,65000,True,-0.00291689
2005-02-14,LQD,113.190002,113.290001,112.800003,113.160004,69600,True,0.00168047
2005-02-15,LQD,112.949997,113.190002,112.760002,112.989998,52800,True,-0.00150348
2005-02-16,LQD,113.099998,113.099998,112.300003,112.449997,194700,True,-0.00479065
2005-02-17,LQD,112.099998,112.599998,111.870003,112.199997,73800,True,-0.00222569
2005-02-18,LQD,112.0,112.089996,111.82,112.010002,55400,True,-0.00169479
2005-02-22,LQD,111.739998,112.050003,111.699997,111.910004,56400,True,-0.00089316
2005-02-23,LQD,112.099998,112.449997,111.919998,112.07,66900,True,0.00142866
2005-02-24,LQD,112.199997,112.400002,111.849998,111.849998,86400,True,-0.001965
2005-02-25,LQD,112.150002,112.220001,111.870003,112.050003,66600,True,0.00178655
2005-02-28,LQD,111.5,112.0,111.300003,111.419998,192300,True,-0.0056384
2005-03-01,LQD,111.019997,111.18,110.75,110.970001,92400,True,-0.00404692
2005-03-02,LQD,110.959999,111.199997,110.879997,111.010002,60300,True,0.0003604
2005-03-03,LQD,111.099998,111.269997,110.849998,111.0,109400,True,-9.011e-05
2005-03-04,LQD,111.43,111.629997,111.25,111.360001,64100,True,0.003238
2005-03-07,LQD,111.360001,111.800003,111.300003,111.68,53100,True,0.00286944
2005-03-08,LQD,111.379997,111.379997,111.010002,111.18,65600,True,-0.00448713
2005-03-09,LQD,110.75,110.839996,110.120003,110.120003,69800,True,-0.00957981
2005-03-10,LQD,110.599998,110.599998,110.059998,110.269997,93500,True,0.00136117
2005-03-11,LQD,110.010002,110.300003,109.839996,110.080002,71100,True,-0.00172448
2005-03-14,LQD,110.0,110.199997,109.720001,110.07,55200,True,-9.087e-05
2005-03-15,LQD,110.029999,110.300003,109.610001,109.620003,73700,True,-0.00409666
2005-03-16,LQD,109.800003,110.410004,109.75,110.0,60200,True,0.0034605
2005-03-17,LQD,110.129997,110.169998,109.400002,109.75,252800,True,-0.00227531
2005-03-18,LQD,109.839996,109.849998,109.209999,109.419998,62000,True,-0.00301138
2005-03-21,LQD,109.300003,109.68,109.209999,109.290001,95900,True,-0.00118876
2005-03-22,LQD,109.300003,109.75,108.349998,108.349998,97500,True,-0.00863819
2005-03-23,LQD,108.07,108.82,108.050003,108.669998,124800,True,0.00294904
2005-03-24,LQD,109.040001,109.040001,108.730003,108.900002,48500,True,0.00211429
2005-03-28,LQD,108.900002,108.900002,108.599998,108.739998,53000,True,-0.00147035
2005-03-29,LQD,108.68,109.220001,108.599998,108.93,83700,True,0.00174578
2005-03-30,LQD,108.599998,109.300003,108.599998,109.209999,91400,True,0.00256715
2005-03-31,LQD,109.309998,109.610001,109.269997,109.589996,69100,True,0.00347347
2005-04-01,LQD,109.540001,109.559998,108.910004,109.25,104000,True,-0.00310726
2005-04-04,LQD,109.110001,109.489998,108.510002,108.580002,379500,True,-0.00615159
2005-04-05,LQD,108.800003,108.980003,108.300003,108.910004,141300,True,0.00303464
2005-04-06,LQD,109.099998,109.230003,108.68,108.849998,259800,True,-0.00055111
2005-04-07,LQD,108.800003,109.410004,108.300003,108.300003,156800,True,-0.00506559
2005-04-08,LQD,108.690002,108.690002,108.120003,108.650002,115700,True,0.00322654
2005-04-11,LQD,108.639999,109.089996,108.620003,108.949997,71600,True,0.00275731
2005-04-12,LQD,108.57,109.580002,108.57,109.389999,57100,True,0.00403044
2005-04-13,LQD,109.400002,109.730003,109.389999,109.650002,58400,True,0.00237402
2005-04-14,LQD,109.589996,109.599998,109.199997,109.25,67400,True,-0.00365465
2005-04-15,LQD,109.900002,109.900002,109.300003,109.75,93900,True,0.00456622
2005-04-18,LQD,109.839996,110.0,109.709999,109.769997,116400,True,0.00018219
2005-04-19,LQD,110.029999,110.25,109.709999,110.230003,60500,True,0.00418189
2005-04-20,LQD,109.800003,110.32,109.800003,110.290001,324400,True,0.00054415
2005-04-21,LQD,110.25,110.309998,109.709999,109.709999,81200,True,-0.00527276
2005-04-22,LQD,110.379997,110.510002,110.019997,110.230003,149000,True,0.00472861
2005-04-25,LQD,110.300003,110.5,110.139999,110.5,45200,True,0.0024464
2005-04-26,LQD,110.050003,110.559998,109.949997,110.32,49400,True,-0.00163029
2005-04-27,LQD,110.699997,110.970001,110.400002,110.860001,350000,True,0.00488292
2005-04-28,LQD,110.889999,111.339996,110.879997,111.32,315000,True,0.00414078
2005-04-29,LQD,111.150002,111.419998,110.830002,110.919998,92200,True,-0.00359973
2005-05-02,LQD,110.57,110.669998,110.209999,110.529999,52400,True,-0.00352224
2005-05-03,LQD,110.510002,110.599998,110.18,110.589996,52400,True,0.00054267
2005-05-04,LQD,109.599998,110.559998,109.599998,110.339996,58900,True,-0.00226316
2005-05-05,LQD,110.480003,110.720001,110.129997,110.5,80700,True,0.00144905
2005-05-06,LQD,109.889999,110.050003,109.629997,109.900002,60700,True,-0.00544465
2005-05-09,LQD,109.650002,109.730003,109.260002,109.519997,473600,True,-0.00346372
2005-05-10,LQD,109.489998,110.019997,109.410004,109.5,134800,True,-0.0001826
2005-05-11,LQD,109.690002,109.980003,109.550003,109.599998,157600,True,0.00091281
2005-05-12,LQD,109.470001,109.620003,108.650002,109.25,803900,True,-0.00319853
2005-05-13,LQD,109.279999,109.980003,109.279999,109.860001,57300,True,0.005568
2005-05-16,LQD,110.0,110.059998,109.440002,109.690002,133500,True,-0.00154861
2005-05-17,LQD,109.839996,109.900002,108.949997,109.75,584300,True,0.00054682
2005-05-18,LQD,110.0,110.190002,109.760002,110.139999,54800,True,0.00354723
2005-05-19,LQD,110.099998,110.199997,109.730003,109.980003,55500,True,-0.00145372
2005-05-20,LQD,109.650002,110.099998,109.650002,109.949997,143100,True,-0.00027287
2005-05-23,LQD,110.419998,110.419998,109.75,110.410004,339700,True,0.00417505
2005-05-24,LQD,110.720001,110.800003,110.519997,110.650002,161300,True,0.00217134
2005-05-25,LQD,110.650002,110.760002,110.339996,110.639999,48500,True,-9.04e-05
2005-05-26,LQD,110.5,110.760002,110.449997,110.709999,76200,True,0.00063248
2005-05-27,LQD,110.790001,110.800003,110.510002,110.699997,62400,True,-9.035e-05
2005-05-31,LQD,111.160004,111.279999,110.970001,111.18,172900,True,0.0043267
2005-06-01,LQD,110.989998,111.650002,110.989998,111.510002,195600,True,0.00296378
2005-06-02,LQD,111.410004,111.949997,111.349998,111.940002,1231800,True,0.00384874
2005-06-03,LQD,112.440002,112.440002,111.25,111.349998,70400,True,-0.00528466
2005-06-06,LQD,111.589996,111.690002,111.360001,111.660004,195200,True,0.00278019
2005-06-07,LQD,112.040001,112.550003,111.75,111.889999,796500,True,0.00205767
2005-06-08,LQD,111.940002,111.940002,111.610001,111.660004,37200,True,-0.00205767
2005-06-09,LQD,111.639999,111.639999,110.410004,111.449997,171000,True,-0.00188254
2005-06-10,LQD,111.440002,111.440002,110.849998,110.949997,64200,True,-0.00449641
2005-06-13,LQD,110.839996,111.040001,110.589996,110.690002,138400,True,-0.0023461
2005-06-14,LQD,110.690002,110.709999,110.349998,110.57,107300,True,-0.00108472
2005-06-15,LQD,110.459999,110.589996,110.18,110.360001,106400,True,-0.00190105
2005-06-16,LQD,110.589996,110.589996,110.199997,110.470001,175800,True,0.00099625
2005-06-17,LQD,110.559998,110.699997,110.32,110.449997,209500,True,-0.0001811
2005-06-20,LQD,110.419998,110.419998,110.139999,110.32,194600,True,-0.00117767
2005-06-21,LQD,110.589996,110.739998,110.419998,110.690002,73200,True,0.00334829
2005-06-22,LQD,111.32,111.660004,111.010002,111.480003,229700,True,0.00711171
2005-06-23,LQD,111.480003,111.599998,111.309998,111.550003,119600,True,0.00062772
2005-06-24,LQD,111.839996,111.839996,111.650002,111.830002,57000,True,0.00250693
2005-06-27,LQD,111.849998,112.0,111.75,111.989998,55300,True,0.00142969
2005-06-28,LQD,111.839996,111.93,111.5,111.639999,42600,True,-0.00313016
2005-06-29,LQD,111.93,111.989998,111.599998,111.699997,57600,True,0.00053728
2005-06-30,LQD,112.059998,112.269997,111.690002,112.099998,94300,True,0.00357464
2005-07-01,LQD,111.839996,111.900002,111.139999,111.160004,77500,True,-0.00842068
2005-07-05,LQD,110.830002,110.910004,110.639999,110.800003,47500,True,-0.00324384
2005-07-06,LQD,110.949997,111.120003,110.809998,111.040001,70100,True,0.0021637
2005-07-07,LQD,111.050003,111.480003,111.050003,111.330002,45700,True,0.00260828
2005-07-08,LQD,111.459999,111.459999,111.0,111.110001,62300,True,-0.00197807
2005-07-11,LQD,110.839996,110.900002,110.5,110.5,220300,True,-0.00550519
2005-07-12,LQD,110.699997,110.699997,110.150002,110.25,242100,True,-0.00226501
2005-07-13,LQD,110.480003,110.660004,110.300003,110.5,102400,True,0.00226501
2005-07-14,LQD,110.720001,110.739998,110.5,110.599998,132000,True,0.00090455
2005-07-15,LQD,110.589996,110.75,110.5,110.650002,178000,True,0.000452
2005-07-18,LQD,110.839996,110.839996,110.360001,110.559998,85900,True,-0.00081374
2005-07-19,LQD,110.489998,110.800003,110.32,110.650002,102300,True,0.00081374
2005-07-20,LQD,110.730003,111.019997,110.349998,110.769997,132000,True,0.00108387
2005-07-21,LQD,110.599998,110.75,110.169998,110.199997,187300,True,-0.00515908
2005-07-22,LQD,110.209999,110.800003,110.199997,110.709999,58100,True,0.00461729
2005-07-25,LQD,110.699997,110.910004,110.650002,110.699997,59100,True,-9.035e-05
2005-07-26,LQD,110.800003,110.989998,110.639999,110.720001,1058300,True,0.00018069
2005-07-27,LQD,110.720001,110.720001,110.32,110.580002,66500,True,-0.00126525
2005-07-28,LQD,110.82,111.169998,110.589996,111.0,105500,True,0.00379094
2005-07-29,LQD,111.040001,111.099998,110.589996,110.75,76500,True,-0.00225479
2005-08-01,LQD,110.059998,110.300003,109.610001,110.040001,139000,True,-0.00643146
2005-08-02,LQD,109.989998,110.190002,109.68,109.839996,88900,True,-0.00181922
2005-08-03,LQD,110.040001,110.330002,109.870003,110.099998,74200,True,0.0023643
2005-08-04,LQD,110.019997,110.349998,110.0,110.099998,112700,True,0.0
2005-08-05,LQD,110.050003,110.050003,109.599998,109.910004,57900,True,-0.00172715
2005-08-08,LQD,109.709999,109.760002,109.32,109.410004,102900,True,-0.00455956
2005-08-09,LQD,109.68,109.709999,109.32,109.589996,56400,True,0.00164377
2005-08-10,LQD,109.870003,109.919998,109.540001,109.68,72700,True,0.00082094
2005-08-11,LQD,109.629997,110.07,108.849998,110.019997,69400,True,0.0030951
2005-08-12,LQD,110.160004,110.550003,110.120003,110.550003,46000,True,0.0048058
2005-08-15,LQD,110.589996,110.620003,110.150002,110.389999,77000,True,-0.00144839
2005-08-16,LQD,110.699997,111.0,110.470001,110.68,2083500,True,0.00262361
2005-08-17,LQD,110.510002,110.839996,110.309998,110.389999,69800,True,-0.00262361
2005-08-18,LQD,110.559998,110.860001,110.529999,110.699997,139900,True,0.00280427
2005-08-19,LQD,110.660004,110.690002,110.470001,110.599998,101600,True,-0.00090374
2005-08-22,LQD,110.739998,110.739998,110.150002,110.550003,206500,True,-0.00045214
2005-08-23,LQD,110.400002,110.75,110.360001,110.639999,265800,True,0.00081375
2005-08-24,LQD,110.720001,110.839996,110.519997,110.599998,77600,True,-0.00036161
2005-08-25,LQD,110.800003,111.239998,110.610001,110.809998,54000,True,0.00189693
2005-08-26,LQD,110.82,110.989998,110.650002,110.989998,82200,True,0.00162309
2005-08-29,LQD,111.0,111.129997,110.769997,111.0,105800,True,9.011e-05
2005-08-30,LQD,111.400002,111.519997,111.050003,111.18,187900,True,0.00162031
2005-08-31,LQD,111.540001,111.980003,111.540001,111.959999,47700,True,0.00699114
2005-09-01,LQD,111.580002,111.730003,110.510002,111.190002,803700,True,-0.00690118
2005-09-02,LQD,110.949997,111.389999,110.93,111.220001,54800,True,0.00026976
2005-09-06,LQD,110.800003,111.279999,110.800003,110.989998,72700,True,-0.00207014
2005-09-07,LQD,110.879997,110.900002,110.339996,110.589996,105300,True,-0.00361045
2005-09-08,LQD,110.879997,110.879997,110.510002,110.620003,201400,True,0.00027129
2005-09-09,LQD,110.629997,110.870003,110.480003,110.669998,119700,True,0.00045185
2005-09-12,LQD,110.639999,110.639999,110.18,110.389999,90800,True,-0.00253324
2005-09-13,LQD,110.669998,110.75,110.43,110.580002,120300,True,0.00171971
2005-09-14,LQD,110.57,110.690002,110.300003,110.309998,72100,True,-0.0024447
2005-09-15,LQD,110.309998,110.389999,109.769997,109.919998,92900,True,-0.00354175
2005-09-16,LQD,109.919998,109.949997,109.529999,109.620003,83900,True,-0.00273295
2005-09-19,LQD,109.699997,109.959999,109.57,109.919998,88100,True,0.00273295
2005-09-20,LQD,109.870003,109.970001,109.139999,109.75,108500,True,-0.00154776
2005-09-21,LQD,110.0,110.370003,109.459999,110.239998,102500,True,0.00445474
2005-09-22,LQD,110.389999,110.410004,109.959999,110.18,113400,True,-0.00054439
2005-09-23,LQD,110.050003,110.050003,109.75,109.860001,46500,True,-0.00290856
2005-09-26,LQD,109.5,109.709999,109.400002,109.510002,95800,True,-0.00319094
2005-09-27,LQD,109.529999,109.879997,109.300003,109.610001,137600,True,0.00091273
2005-09-28,LQD,109.57,109.949997,109.519997,109.839996,85400,True,0.00209611
2005-09-29,LQD,109.82,109.900002,109.660004,109.800003,105100,True,-0.00036417
2005-09-30,LQD,109.580002,109.849998,109.370003,109.43,145600,True,-0.00337548
2005-10-03,LQD,109.199997,109.199997,108.559998,108.660004,146000,True,-0.0070613
2005-10-04,LQD,108.910004,109.019997,108.599998,108.800003,87200,True,0.00128759
2005-10-05,LQD,108.760002,109.029999,108.720001,108.949997,50700,True,0.00137767
2005-10-06,LQD,108.93,109.050003,108.629997,108.709999,75500,True,-0.00220526
2005-10-07,LQD,108.57,108.989998,108.5,108.889999,51100,True,0.00165441
2005-10-10,LQD,108.889999,109.07,108.480003,108.82,51600,True,-0.00064305
2005-10-11,LQD,108.889999,108.889999,108.57,108.639999,73500,True,-0.00165548
2005-10-12,LQD,108.559998,108.559998,108.040001,108.18,204100,True,-0.00424315
2005-10-13,LQD,108.019997,108.139999,107.709999,108.0,71100,True,-0.00166528
2005-10-14,LQD,108.160004,108.160004,107.57,107.779999,76200,True,-0.00203913
2005-10-17,LQD,107.5,108.129997,107.5,107.93,69600,True,0.00139077
2005-10-18,LQD,107.910004,108.099998,107.900002,108.07,66500,True,0.00129629
2005-10-19,LQD,108.110001,108.32,108.059998,108.18,84000,True,0.00101735
2005-10-20,LQD,107.860001,108.059998,107.75,107.910004,58200,True,-0.00249893
2005-10-21,LQD,108.349998,108.650002,108.099998,108.480003,56600,True,0.00526827
2005-10-24,LQD,108.620003,108.660004,108.010002,108.07,137000,True,-0.00378669
2005-10-25,LQD,107.599998,108.300003,107.400002,107.540001,110800,True,-0.00491628
2005-10-26,LQD,107.150002,107.360001,107.029999,107.220001,119600,True,-0.00298007
2005-10-27,LQD,107.220001,107.470001,107.040001,107.300003,56700,True,0.00074587
2005-10-28,LQD,107.550003,107.550003,106.959999,107.300003,84800,True,0.0
2005-10-31,LQD,107.339996,107.489998,107.150002,107.269997,87300,True,-0.00027969
2005-11-01,LQD,107.0,107.099998,106.650002,106.82,66500,True,-0.00420382
2005-11-02,LQD,106.82,107.019997,106.610001,106.610001,104100,True,-0.00196785
2005-11-03,LQD,106.730003,106.769997,106.209999,106.239998,125000,True,-0.00347666
2005-11-04,LQD,106.260002,106.510002,106.080002,106.32,76900,True,0.00075275
2005-11-07,LQD,106.559998,106.620003,106.360001,106.43,77200,True,0.00103408
2005-11-08,LQD,106.709999,107.139999,106.699997,107.07,148600,True,0.00599533
2005-11-09,LQD,106.940002,106.940002,106.07,106.5,164900,True,-0.00533784
2005-11-10,LQD,106.68,107.07,106.57,107.059998,71900,True,0.00524442
2005-11-11,LQD,106.650002,107.190002,106.650002,107.150002,92500,True,0.00084033
2005-11-14,LQD,107.089996,107.110001,106.419998,106.610001,105500,True,-0.00505241
2005-11-15,LQD,106.510002,107.040001,106.510002,106.889999,111300,True,0.00262294
2005-11-16,LQD,106.959999,107.470001,106.959999,107.339996,78300,True,0.00420107
2005-11-17,LQD,107.089996,107.699997,107.089996,107.519997,89800,True,0.00167551
2005-11-18,LQD,107.389999,107.5,107.110001,107.309998,100200,True,-0.00195503
2005-11-21,LQD,107.559998,107.800003,107.410004,107.660004,147000,True,0.00325633
2005-11-22,LQD,107.699997,107.900002,107.480003,107.860001,182000,True,0.00185595
2005-11-23,LQD,108.040001,108.040001,107.599998,107.760002,475800,True,-0.00092754
2005-11-25,LQD,107.669998,108.0,107.669998,107.900002,27100,True,0.00129833
2005-11-28,LQD,107.980003,108.349998,107.860001,108.260002,1690700,True,0.00333087
2005-11-29,LQD,108.269997,108.309998,107.650002,107.760002,97300,True,-0.00462921
2005-11-30,LQD,107.730003,107.959999,107.519997,107.559998,49900,True,-0.00185774
2005-12-01,LQD,107.559998,107.589996,106.919998,106.949997,92400,True,-0.0056874
2005-12-02,LQD,106.769997,107.099998,106.769997,106.980003,99100,True,0.00028053
2005-12-05,LQD,106.910004,107.050003,106.610001,106.699997,58400,True,-0.0026208
2005-12-06,LQD,107.0,107.239998,106.760002,106.919998,332500,True,0.00205974
2005-12-07,LQD,106.650002,107.029999,106.629997,106.790001,93300,True,-0.00121658
2005-12-08,LQD,106.699997,107.120003,106.699997,107.010002,244000,True,0.00205801
2005-12-09,LQD,106.860001,107.010002,106.709999,106.82,62700,True,-0.00177714
2005-12-12,LQD,106.760002,106.949997,106.559998,106.589996,71200,True,-0.00215551
2005-12-13,LQD,106.599998,106.889999,106.529999,106.68,104200,True,0.00084404
2005-12-14,LQD,107.0,107.400002,106.910004,107.230003,62800,True,0.00514239
2005-12-15,LQD,107.400002,107.400002,106.900002,107.139999,134000,True,-0.00083971
2005-12-16,LQD,107.309998,107.75,107.309998,107.589996,356700,True,0.00419129
2005-12-19,LQD,107.650002,107.75,107.269997,107.410004,88600,True,-0.00167435
2005-12-20,LQD,107.209999,107.690002,107.150002,107.5,143200,True,0.00083753
2005-12-21,LQD,107.260002,107.540001,107.150002,107.540001,79900,True,0.00037203
2005-12-22,LQD,107.32,107.690002,107.32,107.550003,88500,True,9.3e-05
2005-12-23,LQD,107.5,108.199997,107.260002,107.970001,123900,True,0.00389754
2005-12-27,LQD,108.080002,108.540001,107.879997,108.459999,157500,True,0.00452801
2005-12-28,LQD,108.0,108.160004,107.709999,108.110001,93000,True,-0.0032322
2005-12-29,LQD,107.900002,108.040001,107.550003,107.82,123100,True,-0.00268607
2005-12-30,LQD,107.860001,108.150002,107.610001,107.690002,97500,True,-0.00120642
2006-01-03,LQD,107.690002,108.300003,107.410004,108.279999,676400,True,0.0054637
2006-01-04,LQD,108.269997,108.43,107.959999,108.279999,66500,True,0.0
2006-01-05,LQD,108.269997,108.449997,108.260002,108.370003,63500,True,0.00083087
2006-01-06,LQD,108.349998,108.360001,107.949997,108.199997,112000,True,-0.00156999
2006-01-09,LQD,108.029999,108.230003,107.970001,108.220001,60400,True,0.00018487
2006-01-10,LQD,108.019997,108.150002,107.800003,107.93,94000,True,-0.00268333
2006-01-11,LQD,107.699997,108.07,107.699997,107.75,150800,True,-0.00166914
2006-01-12,LQD,107.93,108.150002,107.709999,108.089996,127600,True,0.00315045
2006-01-13,LQD,107.970001,108.440002,107.970001,108.410004,77000,True,0.00295619
2006-01-17,LQD,108.300003,108.559998,108.150002,108.410004,138200,True,0.0
2006-01-18,LQD,108.519997,108.650002,108.349998,108.379997,80200,True,-0.00027682
2006-01-19,LQD,108.209999,108.580002,108.129997,108.360001,97400,True,-0.00018452
2006-01-20,LQD,108.5,108.629997,108.25,108.449997,111000,True,0.00083019
2006-01-23,LQD,108.309998,108.699997,108.199997,108.699997,580000,True,0.00230256
2006-01-24,LQD,108.589996,108.589996,108.400002,108.459999,92900,True,-0.00221033
2006-01-25,LQD,108.419998,108.419998,107.690002,107.860001,100500,True,-0.00554734
2006-01-26,LQD,107.879997,107.900002,107.459999,107.699997,75800,True,-0.00148454
2006-01-27,LQD,107.889999,107.900002,107.629997,107.860001,107000,True,0.00148454
2006-01-30,LQD,107.760002,107.830002,107.459999,107.459999,113000,True,-0.00371542
2006-01-31,LQD,107.5,107.779999,107.0,107.220001,1313000,True,-0.00223587
2006-02-01,LQD,107.050003,107.139999,106.690002,106.839996,98800,True,-0.00355046
2006-02-02,LQD,106.790001,107.139999,106.739998,106.75,83800,True,-0.0008427
2006-02-03,LQD,106.699997,107.139999,106.610001,106.919998,92900,True,0.00159122
2006-02-06,LQD,106.870003,107.150002,106.849998,107.099998,108700,True,0.00168209
2006-02-07,LQD,106.900002,107.440002,106.800003,106.830002,90400,True,-0.00252416
2006-02-08,LQD,106.900002,107.050003,106.75,106.830002,76300,True,0.0
2006-02-09,LQD,106.830002,107.110001,106.769997,107.0,91300,True,0.00159003
2006-02-10,LQD,107.099998,107.260002,106.720001,106.800003,85200,True,-0.00187088
2006-02-13,LQD,106.980003,107.07,106.760002,106.959999,71600,True,0.00149697
2006-02-14,LQD,106.839996,107.029999,106.669998,106.849998,55600,True,-0.00102896
2006-02-15,LQD,106.970001,107.279999,106.809998,106.919998,140500,True,0.00065491
2006-02-16,LQD,106.910004,107.190002,106.870003,107.07,99500,True,0.00140195
2006-02-17,LQD,107.389999,107.650002,107.309998,107.419998,101200,True,0.00326354
2006-02-21,LQD,107.510002,107.519997,107.260002,107.370003,92300,True,-0.00046553
2006-02-22,LQD,107.589996,107.769997,107.440002,107.769997,74200,True,0.00371846
2006-02-23,LQD,107.639999,107.650002,107.25,107.529999,63500,True,-0.00222943
2006-02-24,LQD,107.690002,107.690002,107.389999,107.480003,75300,True,-0.00046505
2006-02-27,LQD,107.699997,107.699997,107.309998,107.43,71900,True,-0.00046534
2006-02-28,LQD,107.5,107.779999,107.410004,107.540001,71900,True,0.0010234
2006-03-01,LQD,107.0,107.300003,106.43,106.690002,220400,True,-0.00793542
2006-03-02,LQD,106.5,106.760002,106.07,106.199997,136700,True,-0.00460338
2006-03-03,LQD,106.400002,106.419998,105.68,106.0,132300,True,-0.00188499
2006-03-06,LQD,106.040001,106.050003,105.449997,105.449997,157800,True,-0.00520222
2006-03-07,LQD,105.669998,105.839996,105.230003,105.400002,120500,True,-0.00047423
2006-03-08,LQD,105.559998,105.639999,105.199997,105.449997,75300,True,0.00047423
2006-03-09,LQD,105.349998,105.900002,105.349998,105.43,84300,True,-0.00018965
2006-03-10,LQD,105.480003,105.699997,105.160004,105.699997,100900,True,0.00255764
2006-03-13,LQD,105.5,105.760002,105.040001,105.559998,69200,True,-0.00132538
2006-03-14,LQD,105.989998,106.330002,105.730003,106.239998,61600,True,0.00642118
2006-03-15,LQD,106.190002,106.230003,105.910004,106.080002,117700,True,-0.00150712
2006-03-16,LQD,106.120003,106.800003,106.120003,106.660004,101000,True,0.0054527
2006-03-17,LQD,106.660004,106.709999,106.5,106.559998,56200,True,-0.00093806
2006-03-20,LQD,106.739998,106.769997,106.120003,106.68,63500,True,0.00112552
2006-03-21,LQD,106.260002,106.75,106.199997,106.279999,80000,True,-0.00375659
2006-03-22,LQD,106.300003,106.68,105.949997,106.260002,75100,True,-0.00018817
2006-03-23,LQD,106.389999,106.449997,105.75,106.199997,79400,True,-0.00056486
2006-03-24,LQD,106.410004,106.760002,105.849998,106.459999,85800,True,0.00244524
2006-03-27,LQD,106.220001,106.75,106.220001,106.459999,92800,True,0.0
2006-03-28,LQD,106.019997,106.360001,105.879997,105.959999,61800,True,-0.00470766
2006-03-29,LQD,105.959999,105.970001,105.650002,105.860001,83800,True,-0.00094418
2006-03-30,LQD,105.699997,105.75,105.209999,105.540001,93700,True,-0.00302744
2006-03-31,LQD,105.669998,105.669998,105.269997,105.300003,102200,True,-0.00227659
2006-04-03,LQD,104.800003,105.150002,104.550003,104.949997,114200,True,-0.00332943
2006-04-04,LQD,104.82,105.300003,104.82,105.050003,83000,True,0.00095244
2006-04-05,LQD,105.43,105.489998,105.099998,105.400002,80200,True,0.00332619
2006-04-06,LQD,105.199997,105.199997,104.849998,105.019997,82400,True,-0.00361187
2006-04-07,LQD,104.809998,104.870003,104.360001,104.610001,80100,True,-0.00391162
2006-04-10,LQD,104.660004,104.739998,104.25,104.379997,299000,True,-0.0022011
2006-04-11,LQD,104.5,104.839996,104.419998,104.68,101600,True,0.00287002
2006-04-12,LQD,104.690002,104.970001,104.199997,104.349998,138700,True,-0.00315746
2006-04-13,LQD,104.300003,104.300003,103.800003,104.150002,100500,True,-0.00191844
2006-04-17,LQD,103.949997,104.349998,103.410004,104.129997,110300,True,-0.00019209
2006-04-18,LQD,104.300003,104.589996,104.199997,104.550003,76700,True,0.00402536
2006-04-19,LQD,104.349998,104.489998,104.260002,104.480003,87200,True,-0.00066976
2006-04-20,LQD,104.529999,104.559998,104.300003,104.43,63400,True,-0.0004787
2006-04-21,LQD,104.629997,104.690002,104.360001,104.629997,84200,True,0.0019133
2006-04-24,LQD,104.690002,104.980003,104.57,104.839996,82200,True,0.00200505
2006-04-25,LQD,104.860001,104.860001,104.269997,104.339996,93100,True,-0.00478058
2006-04-26,LQD,104.260002,104.349998,104.07,104.220001,173100,True,-0.0011507
2006-04-27,LQD,104.199997,104.75,104.080002,104.410004,74300,True,0.00182143
2006-04-28,LQD,104.57,104.690002,104.440002,104.650002,90600,True,0.00229597
2006-05-01,LQD,104.010002,104.139999,103.610001,103.660004,72800,True,-0.00950512
2006-05-02,LQD,103.639999,104.0,103.639999,103.82,76600,True,0.00154228
2006-05-03,LQD,103.660004,103.970001,103.559998,103.82,85900,True,0.0
2006-05-04,LQD,103.900002,103.900002,103.550003,103.779999,86900,True,-0.00038537
2006-05-05,LQD,104.0,104.099998,103.860001,103.900002,72700,True,0.00115565
2006-05-08,LQD,104.07,104.150002,103.860001,104.029999,87100,True,0.00125039
2006-05-09,LQD,103.900002,104.129997,103.900002,104.07,108300,True,0.00038444
2006-05-10,LQD,104.010002,104.400002,104.0,104.139999,76600,True,0.0006724
2006-05-11,LQD,104.0,104.040001,103.800003,103.959999,80900,True,-0.00172994
2006-05-12,LQD,103.800003,103.860001,103.5,103.699997,111200,True,-0.00250412
2006-05-15,LQD,103.519997,103.900002,103.519997,103.790001,68500,True,0.00086755
2006-05-16,LQD,103.790001,104.190002,103.790001,104.169998,105600,True,0.00365453
2006-05-17,LQD,103.830002,103.889999,103.309998,103.839996,127900,True,-0.00317294
2006-05-18,LQD,103.900002,104.5,103.900002,104.5,68900,True,0.00633585
2006-05-19,LQD,104.339996,104.629997,104.279999,104.449997,68500,True,-0.00047861
2006-05-22,LQD,104.589996,104.970001,104.379997,104.510002,71300,True,0.00057432
2006-05-23,LQD,104.199997,104.489998,104.199997,104.440002,59200,True,-0.00067001
2006-05-24,LQD,104.599998,104.769997,104.209999,104.550003,120600,True,0.00105269
2006-05-25,LQD,104.589996,104.610001,104.309998,104.410004,84700,True,-0.00133996
2006-05-26,LQD,104.449997,104.580002,104.330002,104.419998,81800,True,9.572e-05
2006-05-30,LQD,104.389999,104.410004,104.139999,104.190002,148700,True,-0.00220503
2006-05-31,LQD,104.379997,104.400002,103.849998,103.989998,130500,True,-0.00192146
2006-06-01,LQD,103.610001,103.830002,103.470001,103.739998,102400,True,-0.00240697
2006-06-02,LQD,104.099998,104.449997,104.050003,104.389999,63200,True,0.00624613
2006-06-05,LQD,104.25,104.400002,104.059998,104.07,79100,True,-0.00307013
2006-06-06,LQD,104.25,104.349998,104.059998,104.300003,116100,True,0.00220764
2006-06-07,LQD,104.129997,104.260002,103.919998,104.019997,82200,True,-0.00268824
2006-06-08,LQD,104.300003,104.559998,104.050003,104.360001,76600,True,0.00326331
2006-06-09,LQD,104.300003,104.489998,104.260002,104.470001,67500,True,0.00105349
2006-06-12,LQD,104.370003,104.410004,104.150002,104.190002,75900,True,-0.00268378
2006-06-13,LQD,104.309998,104.410004,104.110001,104.300003,108600,True,0.00105521
2006-06-14,LQD,104.010002,104.160004,103.75,103.849998,66600,True,-0.00432386
2006-06-15,LQD,103.610001,103.879997,103.5,103.639999,79400,True,-0.00202419
2006-06-16,LQD,103.779999,103.830002,103.309998,103.5,98500,True,-0.00135174
2006-06-19,LQD,103.400002,103.459999,103.239998,103.370003,76200,True,-0.0012568
2006-06-20,LQD,103.25,103.349998,103.160004,103.290001,53500,True,-0.00077424
2006-06-21,LQD,103.300003,103.370003,103.139999,103.160004,48000,True,-0.00125936
2006-06-22,LQD,103.190002,103.199997,102.849998,102.919998,86500,True,-0.00232925
2006-06-23,LQD,102.970001,103.0,102.669998,102.75,62700,True,-0.00165312
2006-06-26,LQD,102.830002,102.849998,102.510002,102.75,54000,True,0.0
2006-06-27,LQD,102.720001,102.900002,102.389999,102.589996,480300,True,-0.00155843
2006-06-28,LQD,102.419998,102.75,102.349998,102.360001,91400,True,-0.00224441
2006-06-29,LQD,102.650002,102.900002,102.419998,102.900002,64600,True,0.00526164
2006-06-30,LQD,102.900002,103.470001,102.760002,103.470001,58500,True,0.00552407
2006-07-03,LQD,100.0,103.239998,100.0,102.889999,245800,True,-0.00562128
2006-07-05,LQD,102.650002,102.720001,102.199997,102.239998,939300,True,-0.00633748
2006-07-06,LQD,102.419998,102.809998,102.349998,102.75,86500,True,0.00497588
2006-07-07,LQD,102.989998,103.25,102.879997,103.139999,77900,True,0.00378843
2006-07-10,LQD,103.139999,103.32,103.059998,103.269997,59300,True,0.0012596
2006-07-11,LQD,103.43,103.589996,103.300003,103.43,108400,True,0.00154817
2006-07-12,LQD,103.290001,103.669998,103.099998,103.599998,94900,True,0.00164226
2006-07-13,LQD,103.5,103.800003,103.5,103.589996,92200,True,-9.655e-05
2006-07-14,LQD,103.709999,103.889999,103.550003,103.68,122300,True,0.00086847
2006-07-17,LQD,103.650002,103.809998,103.519997,103.790001,104200,True,0.0010604
2006-07-18,LQD,103.529999,103.529999,103.150002,103.25,208700,True,-0.0052164
2006-07-19,LQD,103.150002,103.900002,103.050003,103.720001,80600,True,0.00454174
2006-07-20,LQD,103.540001,104.18,103.540001,104.169998,97900,True,0.00432919
2006-07-21,LQD,104.190002,104.290001,104.019997,104.089996,83700,True,-0.00076829
2006-07-24,LQD,104.059998,104.150002,104.029999,104.120003,108300,True,0.00028823
2006-07-25,LQD,103.980003,104.139999,103.93,104.040001,60100,True,-0.00076866
2006-07-26,LQD,103.910004,104.279999,103.900002,104.260002,69200,True,0.00211235
2006-07-27,LQD,104.300003,104.32,104.099998,104.099998,74900,True,-0.00153584
2006-07-28,LQD,104.260002,104.559998,104.0,104.5,195200,True,0.00383511
2006-07-31,LQD,104.550003,104.580002,104.379997,104.519997,108600,True,0.00019134
2006-08-01,LQD,104.25,104.25,103.949997,104.209999,76000,True,-0.00297032
2006-08-02,LQD,104.110001,104.5,104.099998,104.389999,60300,True,0.00172579
2006-08-03,LQD,104.0,104.550003,104.0,104.400002,110700,True,9.581e-05
2006-08-04,LQD,104.849998,104.940002,104.699997,104.809998,57300,True,0.00391947
2006-08-07,LQD,104.650002,104.800003,104.650002,104.720001,76900,True,-0.00085903
2006-08-08,LQD,104.849998,104.980003,104.580002,104.779999,62000,True,0.00057277
2006-08-09,LQD,104.400002,104.769997,104.400002,104.730003,58300,True,-0.00047726
2006-08-10,LQD,104.779999,104.779999,104.540001,104.720001,61300,True,-9.551e-05
2006-08-11,LQD,104.540001,104.580002,104.400002,104.510002,54200,True,-0.00200735
2006-08-14,LQD,104.410004,104.449997,104.220001,104.379997,48000,True,-0.00124472
2006-08-15,LQD,104.610001,104.980003,104.559998,104.919998,99200,True,0.00516008
2006-08-16,LQD,105.050003,105.419998,105.050003,105.360001,69700,True,0.00418493
2006-08-17,LQD,105.440002,105.5,105.220001,105.309998,84900,True,-0.00047471
2006-08-18,LQD,105.309998,105.650002,105.309998,105.519997,115700,True,0.00199212
2006-08-21,LQD,105.5,105.68,105.449997,105.669998,77300,True,0.00142054
2006-08-22,LQD,105.75,105.849998,105.57,105.739998,194100,True,0.00066222
2006-08-23,LQD,105.739998,105.779999,105.589996,105.699997,107400,True,-0.00037837
2006-08-24,LQD,105.650002,105.870003,105.650002,105.699997,54800,True,0.0
2006-08-25,LQD,105.760002,105.980003,105.709999,105.849998,105800,True,0.00141812
2006-08-28,LQD,105.910004,105.980003,105.760002,105.879997,101300,True,0.00028337
2006-08-29,LQD,105.730003,105.959999,105.550003,105.949997,110000,True,0.0006609
2006-08-30,LQD,105.959999,106.150002,105.959999,106.019997,80100,True,0.00066047
2006-08-31,LQD,106.050003,106.379997,105.800003,106.379997,125600,True,0.00338984
2006-09-01,LQD,105.769997,105.940002,104.870003,105.779999,139900,True,-0.00565611
2006-09-05,LQD,105.769997,105.779999,105.449997,105.459999,74900,True,-0.00302973
2006-09-06,LQD,105.410004,105.529999,105.290001,105.459999,158200,True,0.0
2006-09-07,LQD,105.5,105.669998,105.239998,105.57,280100,True,0.00104251
2006-09-08,LQD,105.800003,105.870003,105.610001,105.68,130200,True,0.00104143
2006-09-11,LQD,105.769997,105.800003,105.529999,105.639999,81200,True,-0.00037858
2006-09-12,LQD,105.480003,105.889999,105.480003,105.800003,72500,True,0.00151347
2006-09-13,LQD,105.82,106.199997,105.82,106.080002,173000,True,0.002643
2006-09-14,LQD,106.010002,106.050003,105.800003,105.809998,63800,True,-0.00254853
2006-09-15,LQD,105.919998,106.080002,105.720001,105.739998,116400,True,-0.00066178
2006-09-18,LQD,105.550003,105.779999,105.400002,105.760002,55100,True,0.00018917
2006-09-19,LQD,105.919998,106.300003,105.919998,106.169998,239900,True,0.00386917
2006-09-20,LQD,106.440002,106.489998,106.290001,106.339996,124600,True,0.00159991
2006-09-21,LQD,106.32,106.980003,106.32,106.980003,232400,True,0.00600046
2006-09-22,LQD,107.040001,107.160004,106.940002,107.040001,152600,True,0.00056067
2006-09-25,LQD,107.239998,107.309998,107.080002,107.199997,366900,True,0.00149362
2006-09-26,LQD,107.290001,107.290001,106.889999,106.900002,243200,True,-0.00280239
2006-09-27,LQD,107.099998,107.290001,106.760002,106.849998,559500,True,-0.00046786
2006-09-28,LQD,106.889999,106.980003,106.690002,106.879997,255400,True,0.00028072
2006-09-29,LQD,106.949997,107.120003,106.75,106.830002,110100,True,-0.00046788
2006-10-02,LQD,100.0,106.699997,100.0,106.529999,102700,True,-0.00281218
2006-10-03,LQD,106.690002,106.690002,106.309998,106.599998,118200,True,0.00065687
2006-10-04,LQD,106.790001,107.120003,106.720001,107.110001,162700,True,0.00477285
2006-10-05,LQD,106.959999,107.0,106.639999,106.760002,78900,True,-0.003273
2006-10-06,LQD,106.57,106.57,106.059998,106.160004,124500,True,-0.00563592
2006-10-09,LQD,106.300003,106.389999,106.110001,106.239998,51600,True,0.00075324
2006-10-10,LQD,106.050003,106.050003,105.769997,105.769997,121000,True,-0.00443377
2006-10-11,LQD,106.0,106.019997,105.5,105.529999,130800,True,-0.00227163
2006-10-12,LQD,105.830002,105.870003,105.599998,105.779999,91000,True,0.00236619
2006-10-13,LQD,105.599998,105.68,105.360001,105.389999,215000,True,-0.0036937
2006-10-16,LQD,105.370003,105.730003,105.370003,105.650002,113000,True,0.00246401
2006-10-17,LQD,105.93,106.120003,105.779999,105.849998,153100,True,0.00189122
2006-10-18,LQD,106.040001,106.07,105.5,106.07,363600,True,0.00207627
2006-10-19,LQD,105.879997,105.93,105.629997,105.730003,665000,True,-0.00321054
2006-10-20,LQD,105.760002,105.839996,105.57,105.769997,101600,True,0.00037819
2006-10-23,LQD,105.580002,105.68,105.459999,105.529999,116200,True,-0.00227163
2006-10-24,LQD,105.580002,105.720001,105.580002,105.709999,95200,True,0.00170423
2006-10-25,LQD,105.720001,106.169998,105.650002,106.160004,91700,True,0.00424794
2006-10-26,LQD,106.349998,106.510002,106.300003,106.5,79500,True,0.00319756
2006-10-27,LQD,107.089996,107.089996,106.639999,106.839996,88400,True,0.00318737
2006-10-30,LQD,106.900002,106.989998,106.779999,106.940002,56200,True,0.0009356
2006-10-31,LQD,107.040001,107.480003,107.0,107.419998,144100,True,0.00447842
2006-11-01,LQD,107.25,107.480003,107.089996,107.309998,220200,True,-0.00102455
2006-11-02,LQD,107.110001,107.239998,107.110001,107.18,319200,True,-0.00121215
2006-11-03,LQD,106.599998,106.620003,106.330002,106.43,73000,True,-0.00702217
2006-11-06,LQD,106.349998,106.550003,106.220001,106.550003,80600,True,0.00112689
2006-11-07,LQD,106.940002,107.089996,106.830002,106.93,130000,True,0.00356003
2006-11-08,LQD,107.0,107.089996,106.940002,107.059998,124800,True,0.00121498
2006-11-09,LQD,107.150002,107.260002,107.059998,107.169998,111500,True,0.00102694
2006-11-10,LQD,107.379997,107.599998,107.300003,107.459999,62200,True,0.00270234
2006-11-13,LQD,107.440002,107.449997,107.209999,107.389999,100400,True,-0.00065161
2006-11-14,LQD,107.650002,107.790001,107.559998,107.559998,120600,True,0.00158175
2006-11-15,LQD,107.550003,107.550003,107.199997,107.279999,103000,True,-0.00260658
2006-11-16,LQD,107.540001,107.540001,107.07,107.129997,108400,True,-0.0013992
2006-11-17,LQD,107.199997,107.639999,107.150002,107.480003,99600,True,0.00326179
2006-11-20,LQD,107.650002,107.650002,107.489998,107.559998,81300,True,0.00074399
2006-11-21,LQD,107.650002,107.849998,107.529999,107.709999,155500,True,0.00139361
2006-11-22,LQD,107.82,107.879997,107.669998,107.830002,75000,True,0.00111351
2006-11-24,LQD,108.150002,108.199997,107.989998,108.0,48600,True,0.0015753
2006-11-27,LQD,107.769997,108.190002,107.669998,108.010002,147500,True,9.261e-05
2006-11-28,LQD,108.349998,108.370003,108.07,108.209999,182300,True,0.00184994
2006-11-29,LQD,108.389999,108.43,108.110001,108.110001,102800,True,-0.00092454
2006-11-30,LQD,108.400002,108.660004,108.269997,108.519997,108600,True,0.00378522
2006-12-01,LQD,108.25,108.589996,108.099998,108.199997,175400,True,-0.00295312
2006-12-04,LQD,108.300003,108.550003,108.019997,108.449997,97200,True,0.00230787
2006-12-05,LQD,108.449997,108.650002,108.220001,108.400002,109700,True,-0.00046111
2006-12-06,LQD,108.330002,108.330002,107.949997,108.129997,101900,True,-0.00249392
2006-12-07,LQD,108.330002,108.330002,108.089996,108.18,99600,True,0.00046233
2006-12-08,LQD,108.25,108.25,107.760002,107.779999,109900,True,-0.00370441
2006-12-11,LQD,107.949997,108.129997,107.949997,108.019997,69400,True,0.00222426
2006-12-12,LQD,108.120003,108.330002,108.050003,108.25,85500,True,0.002127
2006-12-13,LQD,107.919998,108.010002,107.690002,107.709999,116600,True,-0.00500095
2006-12-14,LQD,107.709999,107.709999,107.540001,107.610001,73400,True,-0.00092884
2006-12-15,LQD,108.120003,108.220001,107.519997,107.589996,103700,True,-0.00018591
2006-12-18,LQD,107.599998,107.639999,107.5,107.599998,69800,True,9.296e-05
2006-12-19,LQD,107.519997,107.709999,107.480003,107.580002,115400,True,-0.00018586
2006-12-20,LQD,107.489998,107.720001,107.489998,107.660004,73200,True,0.00074337
2006-12-21,LQD,107.739998,108.059998,107.669998,107.940002,145000,True,0.00259739
2006-12-22,LQD,107.800003,107.839996,107.449997,107.599998,100200,True,-0.00315491
2006-12-26,LQD,107.650002,107.730003,107.510002,107.720001,61800,True,0.00111465
2006-12-27,LQD,107.25,107.290001,106.730003,106.949997,114500,True,-0.00717387
2006-12-28,LQD,107.050003,107.050003,106.510002,106.730003,129300,True,-0.00205909
2006-12-29,LQD,106.720001,106.720001,106.559998,106.68,120500,True,-0.00046861
2007-01-03,LQD,107.150002,107.199997,106.190002,106.449997,1597400,True,-0.00215834
2007-01-04,LQD,106.739998,107.300003,106.739998,107.25,111600,True,0.0074872
2007-01-05,LQD,107.0,107.199997,106.870003,107.18,103200,True,-0.00065289
2007-01-08,LQD,106.970001,107.220001,106.970001,107.150002,120600,True,-0.00027993
2007-01-09,LQD,107.160004,107.230003,107.080002,107.169998,127200,True,0.00018661
2007-01-10,LQD,107.099998,107.150002,106.949997,107.029999,66500,True,-0.00130718
2007-01-11,LQD,106.900002,106.959999,106.629997,106.699997,73600,True,-0.00308803
2007-01-12,LQD,106.660004,106.669998,106.510002,106.589996,86400,True,-0.00103147
2007-01-16,LQD,106.650002,106.760002,106.449997,106.709999,205300,True,0.0011252
2007-01-17,LQD,106.779999,106.779999,106.43,106.559998,100400,True,-0.00140668
2007-01-18,LQD,106.68,106.870003,106.5,106.870003,91700,True,0.00290498
2007-01-19,LQD,106.879997,106.879997,106.699997,106.809998,181100,True,-0.00056164
2007-01-22,LQD,106.870003,106.879997,106.760002,106.879997,73200,True,0.00065515
2007-01-23,LQD,106.800003,106.800003,106.419998,106.589996,142800,True,-0.00271702
2007-01-24,LQD,106.629997,106.650002,106.510002,106.639999,84900,True,0.00046901
2007-01-25,LQD,106.529999,106.559998,106.199997,106.300003,168800,True,-0.00319336
2007-01-26,LQD,106.199997,106.389999,106.139999,106.230003,97900,True,-0.00065873
2007-01-29,LQD,106.360001,106.440002,106.059998,106.18,154100,True,-0.00047082
2007-01-30,LQD,106.339996,106.349998,106.220001,106.330002,77100,True,0.00141171
2007-01-31,LQD,106.290001,106.809998,106.260002,106.779999,166800,True,0.00422315
2007-02-01,LQD,106.889999,106.889999,106.190002,106.279999,135300,True,-0.00469352
2007-02-02,LQD,106.389999,106.610001,106.279999,106.379997,174000,True,0.00094045
2007-02-05,LQD,106.470001,106.529999,106.410004,106.519997,101400,True,0.00131517
2007-02-06,LQD,106.400002,106.800003,106.330002,106.800003,168100,True,0.00262523
2007-02-07,LQD,107.0,107.010002,106.809998,106.949997,156700,True,0.00140345
2007-02-08,LQD,106.940002,107.160004,106.839996,107.07,113600,True,0.00112142
2007-02-09,LQD,106.949997,106.949997,106.529999,106.620003,175400,True,-0.00421169
2007-02-12,LQD,106.690002,106.739998,105.75,106.639999,572300,True,0.00018753
2007-02-13,LQD,106.690002,106.690002,106.260002,106.57,97600,True,-0.00065663
2007-02-14,LQD,106.800003,107.18,106.690002,107.18,102700,True,0.00570762
2007-02-15,LQD,107.309998,107.489998,107.209999,107.379997,141900,True,0.00186425
2007-02-16,LQD,107.5,107.650002,107.419998,107.489998,149700,True,0.00102388
2007-02-20,LQD,107.529999,107.68,107.400002,107.660004,101600,True,0.00158035
2007-02-21,LQD,107.470001,107.849998,107.330002,107.589996,120500,True,-0.00065047
2007-02-22,LQD,107.57,107.57,107.309998,107.440002,101800,True,-0.0013951
2007-02-23,LQD,107.580002,107.889999,107.580002,107.790001,161400,True,0.00325232
2007-02-26,LQD,108.099998,108.230003,107.93,108.230003,109700,True,0.00407373
2007-02-27,LQD,108.279999,109.139999,108.279999,108.650002,143800,True,0.0038731
2007-02-28,LQD,108.599998,108.599998,108.209999,108.449997,87000,True,-0.00184251
2007-03-01,LQD,107.900002,108.360001,107.800003,108.019997,143000,True,-0.00397285
2007-03-02,LQD,108.239998,108.32,107.760002,108.32,145600,True,0.00277344
2007-03-05,LQD,108.300003,108.309998,108.0,108.160004,98100,True,-0.00147816
2007-03-06,LQD,107.989998,108.0,107.620003,107.75,348200,True,-0.00379792
2007-03-07,LQD,107.959999,108.019997,107.610001,107.849998,120300,True,0.00092763
2007-03-08,LQD,107.959999,107.989998,107.699997,107.989998,123800,True,0.00129725
2007-03-09,LQD,107.449997,107.760002,107.360001,107.709999,95000,True,-0.00259619
2007-03-12,LQD,107.699997,108.029999,107.699997,107.940002,79100,True,0.00213312
2007-03-13,LQD,107.959999,108.209999,107.800003,108.0,217500,True,0.00055569
2007-03-14,LQD,108.099998,108.099998,107.57,107.900002,144900,True,-0.00092634
2007-03-15,LQD,108.0,108.0,107.669998,107.919998,74000,True,0.00018531
2007-03-16,LQD,107.720001,107.949997,107.32,107.5,199800,True,-0.00389935
2007-03-19,LQD,107.5,107.580002,107.300003,107.300003,108800,True,-0.00186217
2007-03-20,LQD,107.43,107.660004,107.330002,107.589996,100200,True,0.00269899
2007-03-21,LQD,107.580002,108.010002,107.209999,107.910004,116200,True,0.00296991
2007-03-22,LQD,107.720001,107.870003,107.470001,107.610001,67900,True,-0.00278399
2007-03-23,LQD,107.760002,107.760002,107.230003,107.330002,74500,True,-0.00260537
2007-03-26,LQD,107.349998,107.800003,107.330002,107.529999,69500,True,0.00186165
2007-03-27,LQD,107.400002,107.599998,107.330002,107.510002,84500,True,-0.00018598
2007-03-28,LQD,107.540001,107.800003,107.309998,107.440002,82500,True,-0.00065131
2007-03-29,LQD,107.379997,107.459999,107.25,107.309998,119400,True,-0.00121076
2007-03-30,LQD,107.43,107.440002,107.019997,107.269997,127000,True,-0.00037283
2007-04-02,LQD,106.830002,106.860001,106.68,106.839996,77000,True,-0.00401664
2007-04-03,LQD,106.790001,106.809998,106.629997,106.779999,158900,True,-0.00056172
2007-04-04,LQD,106.830002,107.010002,106.75,106.870003,93600,True,0.00084254
2007-04-05,LQD,106.800003,106.889999,106.57,106.650002,129900,True,-0.00206071
2007-04-09,LQD,106.019997,106.339996,106.019997,106.300003,137400,True,-0.00328715
2007-04-10,LQD,106.519997,106.589996,106.349998,106.519997,115800,True,0.00206742
2007-04-11,LQD,106.599998,106.68,106.32,106.32,103400,True,-0.00187932
2007-04-12,LQD,106.43,106.589996,106.339996,106.480003,83700,True,0.00150379
2007-04-13,LQD,106.559998,106.559998,106.260002,106.300003,96400,True,-0.00169189
2007-04-16,LQD,106.589996,106.589996,106.300003,106.389999,180500,True,0.00084627
2007-04-17,LQD,106.75,106.980003,106.629997,106.970001,101200,True,0.00543685
2007-04-18,LQD,107.209999,107.239998,106.82,107.0,127300,True,0.0002804
2007-04-19,LQD,107.150002,107.269997,106.989998,107.07,124200,True,0.00065399
2007-04-20,LQD,107.18,107.260002,106.900002,107.040001,92500,True,-0.00028022
2007-04-23,LQD,107.220001,107.389999,107.0,107.349998,100600,True,0.00289191
2007-04-24,LQD,107.300003,107.650002,107.169998,107.620003,105900,True,0.00251202
2007-04-25,LQD,107.599998,107.739998,107.419998,107.470001,125200,True,-0.00139478
2007-04-26,LQD,107.400002,107.449997,107.139999,107.239998,194500,True,-0.00214246
2007-04-27,LQD,107.32,107.349998,107.160004,107.209999,235700,True,-0.00027977
2007-04-30,LQD,107.309998,107.760002,107.309998,107.730003,362600,True,0.00483861
2007-05-01,LQD,107.129997,107.330002,106.910004,107.190002,226900,True,-0.00502514
2007-05-02,LQD,107.239998,107.25,107.0,107.160004,145000,True,-0.0002799
2007-05-03,LQD,107.019997,107.110001,106.800003,107.010002,157200,True,-0.00140077
2007-05-04,LQD,107.349998,107.349998,107.099998,107.269997,100900,True,0.00242668
2007-05-07,LQD,107.290001,107.400002,107.209999,107.400002,136900,True,0.00121121
2007-05-08,LQD,107.5,107.5,107.199997,107.339996,134500,True,-0.00055886
2007-05-09,LQD,107.389999,107.389999,107.080002,107.169998,107200,True,-0.00158499
2007-05-10,LQD,107.220001,107.309998,107.129997,107.220001,75900,True,0.00046647
2007-05-11,LQD,107.449997,107.489998,107.010002,107.110001,87100,True,-0.00102646
2007-05-14,LQD,107.139999,107.169998,106.870003,107.0,121600,True,-0.00102752
2007-05-15,LQD,107.0,107.139999,106.669998,106.760002,174200,True,-0.00224549
2007-05-16,LQD,106.949997,107.029999,106.699997,107.010002,157200,True,0.00233896
2007-05-17,LQD,106.800003,106.860001,106.620003,106.690002,126100,True,-0.00299485
2007-05-18,LQD,106.5,106.660004,106.300003,106.389999,147700,True,-0.00281587
2007-05-21,LQD,106.300003,106.559998,106.239998,106.529999,88700,True,0.00131504
2007-05-22,LQD,106.5,106.519997,106.120003,106.190002,83100,True,-0.00319666
2007-05-23,LQD,106.300003,106.330002,105.910004,106.089996,128200,True,-0.00094221
2007-05-24,LQD,106.110001,106.220001,105.769997,106.220001,92800,True,0.00122467
2007-05-25,LQD,106.080002,106.379997,105.940002,106.150002,104000,True,-0.00065922
2007-05-29,LQD,106.099998,106.120003,105.790001,105.940002,139700,True,-0.00198028
2007-05-30,LQD,106.139999,106.209999,105.879997,106.019997,94700,True,0.0007548
2007-05-31,LQD,106.040001,106.040001,105.589996,105.93,130100,True,-0.00084922
2007-06-01,LQD,105.209999,105.25,104.919998,105.029999,105200,True,-0.00853249
2007-06-04,LQD,104.949997,105.220001,104.919998,105.199997,111300,True,0.00161726
2007-06-05,LQD,104.959999,105.0,104.760002,104.860001,97200,True,-0.00323714
2007-06-06,LQD,104.900002,105.019997,104.800003,104.949997,64800,True,0.00085788
2007-06-07,LQD,104.550003,104.550003,103.730003,103.830002,179800,True,-0.01072905
2007-06-08,LQD,103.610001,103.949997,103.349998,103.879997,404300,True,0.0004814
2007-06-11,LQD,103.779999,103.959999,103.519997,103.559998,109700,True,-0.00308523
2007-06-12,LQD,103.379997,103.449997,102.959999,103.0,129400,True,-0.00542214
2007-06-13,LQD,103.419998,103.620003,103.059998,103.449997,249400,True,0.00435939
2007-06-14,LQD,103.279999,103.610001,103.199997,103.419998,110100,True,-0.00029003
2007-06-15,LQD,103.5,103.949997,103.470001,103.830002,100100,True,0.00395661
2007-06-18,LQD,103.68,103.949997,103.470001,103.82,101100,True,-9.634e-05
2007-06-19,LQD,103.980003,104.489998,103.900002,104.489998,121000,True,0.00643273
2007-06-20,LQD,104.099998,104.230003,103.860001,103.989998,77700,True,-0.00479663
2007-06-21,LQD,103.709999,104.040001,103.639999,103.720001,83200,True,-0.00259975
2007-06-22,LQD,103.660004,104.010002,103.5,104.0,73900,True,0.00269593
2007-06-25,LQD,104.300003,104.379997,103.970001,104.120003,82500,True,0.00115321
2007-06-26,LQD,104.309998,104.349998,103.989998,104.099998,68900,True,-0.00019215
2007-06-27,LQD,104.379997,104.489998,104.07,104.099998,105900,True,0.0
2007-06-28,LQD,104.129997,104.300003,103.870003,103.989998,63100,True,-0.00105724
2007-06-29,LQD,104.18,104.75,104.18,104.580002,191400,True,0.00565763
2007-07-02,LQD,104.199997,104.199997,103.699997,103.849998,3074400,True,-0.00700481
2007-07-03,LQD,104.279999,104.290001,103.669998,103.870003,45900,True,0.00019261
2007-07-05,LQD,103.400002,103.650002,103.18,103.199997,83600,True,-0.00647132
2007-07-06,LQD,103.110001,103.260002,102.82,103.0,83700,True,-0.00193984
2007-07-09,LQD,103.300003,103.339996,103.029999,103.209999,100900,True,0.00203675
2007-07-10,LQD,103.889999,104.110001,103.510002,103.919998,159600,True,0.00685562
2007-07-11,LQD,104.019997,104.07,103.389999,103.449997,86000,True,-0.00453298
2007-07-12,LQD,103.669998,103.669998,102.949997,103.040001,129500,True,-0.0039711
2007-07-13,LQD,103.349998,103.540001,103.07,103.489998,71800,True,0.0043577
2007-07-16,LQD,103.68,103.830002,103.400002,103.760002,90500,True,0.00260559
2007-07-17,LQD,103.739998,103.93,103.379997,103.540001,86600,True,-0.00212254
2007-07-18,LQD,103.57,104.150002,103.529999,103.839996,85900,True,0.0028932
2007-07-19,LQD,103.660004,103.889999,103.339996,103.620003,170900,True,-0.00212083
2007-07-20,LQD,104.099998,104.339996,103.860001,103.910004,181000,True,0.00279479
2007-07-23,LQD,104.07,104.129997,103.75,103.790001,56900,True,-0.00115554
2007-07-24,LQD,104.199997,104.199997,103.599998,103.660004,101600,True,-0.00125329
2007-07-25,LQD,104.050003,104.099998,103.739998,103.739998,239800,True,0.0007714
2007-07-26,LQD,104.18,104.599998,103.519997,103.519997,104600,True,-0.00212295
2007-07-27,LQD,103.989998,104.300003,103.0,103.139999,91400,True,-0.00367752
2007-07-30,LQD,103.730003,103.839996,102.849998,103.300003,138300,True,0.00155012
2007-07-31,LQD,103.400002,103.870003,103.25,103.25,152700,True,-0.00048417
2007-08-01,LQD,103.550003,103.75,102.919998,103.089996,77200,True,-0.00155087
2007-08-02,LQD,103.220001,103.529999,102.889999,102.949997,117400,True,-0.00135895
2007-08-03,LQD,103.360001,103.919998,103.199997,103.459999,109200,True,0.00494165
2007-08-06,LQD,103.809998,104.0,103.040001,103.099998,99100,True,-0.00348568
2007-08-07,LQD,103.620003,103.690002,103.099998,103.379997,100500,True,0.00271212
2007-08-08,LQD,102.760002,103.760002,102.760002,103.489998,92500,True,0.00106348
2007-08-09,LQD,103.68,103.769997,103.099998,103.400002,69300,True,-0.00086999
2007-08-10,LQD,103.5,104.440002,102.739998,102.940002,142700,True,-0.00445866
2007-08-13,LQD,103.150002,103.720001,103.010002,103.300003,155100,True,0.00349109
2007-08-14,LQD,103.529999,104.0,103.260002,103.949997,115800,True,0.00627258
2007-08-15,LQD,103.959999,103.970001,103.43,103.669998,125700,True,-0.00269723
2007-08-16,LQD,103.790001,104.019997,102.589996,102.660004,438800,True,-0.00979017
2007-08-17,LQD,102.809998,103.389999,102.599998,102.839996,234100,True,0.00175175
2007-08-20,LQD,102.860001,103.709999,102.860001,103.580002,129100,True,0.00716993
2007-08-21,LQD,103.599998,103.910004,103.470001,103.790001,104000,True,0.00202536
2007-08-22,LQD,103.790001,104.099998,103.559998,104.0,102600,True,0.00202126
2007-08-23,LQD,103.93,104.25,103.669998,104.050003,88600,True,0.00048068
2007-08-24,LQD,104.360001,104.360001,103.769997,104.279999,231600,True,0.002208
2007-08-27,LQD,104.449997,104.559998,104.0,104.0,82200,True,-0.00268868
2007-08-28,LQD,104.459999,104.889999,104.209999,104.889999,145100,True,0.00852128
2007-08-29,LQD,105.150002,105.150002,104.410004,104.410004,63100,True,-0.00458668
2007-08-30,LQD,104.699997,104.800003,104.43,104.720001,155200,True,0.00296464
2007-08-31,LQD,104.300003,105.32,103.889999,105.209999,290200,True,0.00466821
2007-09-04,LQD,104.589996,104.599998,104.169998,104.489998,148500,True,-0.00686699
2007-09-05,LQD,104.550003,104.919998,104.059998,104.900002,69600,True,0.00391618
2007-09-06,LQD,104.82,104.830002,104.480003,104.660004,106600,True,-0.00229049
2007-09-07,LQD,104.610001,105.309998,104.610001,105.230003,102300,True,0.00543143
2007-09-10,LQD,105.099998,105.669998,104.900002,105.540001,118800,True,0.00294157
2007-09-11,LQD,105.099998,105.43,104.919998,104.93,98500,True,-0.00579657
2007-09-12,LQD,104.889999,104.970001,104.480003,104.5,94800,True,-0.00410639
2007-09-13,LQD,104.529999,104.589996,104.199997,104.349998,134300,True,-0.00143645
2007-09-14,LQD,104.629997,104.860001,104.209999,104.639999,83300,True,0.00277526
2007-09-17,LQD,104.0,104.639999,104.0,104.599998,70700,True,-0.00038234
2007-09-18,LQD,104.5,104.959999,104.099998,104.849998,78200,True,0.00238721
2007-09-19,LQD,104.43,104.720001,104.110001,104.269997,141100,True,-0.00554709
2007-09-20,LQD,103.900002,104.68,103.800003,104.080002,113700,True,-0.0018238
2007-09-21,LQD,104.25,104.809998,104.099998,104.57,103300,True,0.00469685
2007-09-24,LQD,104.839996,105.089996,104.32,105.089996,64100,True,0.00496039
2007-09-25,LQD,104.940002,105.339996,104.910004,105.029999,78400,True,-0.00057108
2007-09-26,LQD,105.379997,105.400002,104.760002,105.290001,111700,True,0.00247244
2007-09-27,LQD,105.290001,105.650002,104.839996,105.559998,65600,True,0.00256103
2007-09-28,LQD,105.830002,105.849998,105.199997,105.489998,95800,True,-0.00066335
2007-10-01,LQD,105.82,105.82,104.269997,104.330002,1038900,True,-0.01105717
2007-10-02,LQD,104.07,104.650002,104.07,104.230003,187300,True,-0.00095894
2007-10-03,LQD,104.669998,104.82,104.239998,104.699997,253900,True,0.00449906
2007-10-04,LQD,104.809998,105.529999,104.809998,105.529999,768400,True,0.00789617
2007-10-05,LQD,104.910004,105.269997,104.610001,105.099998,75200,True,-0.004083
2007-10-08,LQD,104.510002,105.519997,104.510002,105.470001,78100,True,0.0035143
2007-10-09,LQD,105.199997,105.449997,104.959999,105.010002,70200,True,-0.00437096
2007-10-10,LQD,105.220001,105.519997,104.940002,105.379997,69200,True,0.00351723
2007-10-11,LQD,105.260002,105.629997,104.93,105.599998,138700,True,0.00208552
2007-10-12,LQD,105.510002,105.510002,104.769997,105.019997,149400,True,-0.00550758
2007-10-15,LQD,105.32,105.349998,104.900002,105.349998,101700,True,0.00313735
2007-10-16,LQD,105.419998,105.610001,105.110001,105.529999,123700,True,0.00170714
2007-10-17,LQD,105.75,106.239998,105.339996,106.029999,65900,True,0.0047268
2007-10-18,LQD,106.239998,106.25,105.860001,106.040001,96800,True,9.433e-05
2007-10-19,LQD,106.300003,106.730003,105.889999,106.730003,97700,True,0.00648592
2007-10-22,LQD,106.339996,106.730003,106.339996,106.730003,73100,True,0.0
2007-10-23,LQD,106.209999,106.650002,106.059998,106.099998,157500,True,-0.00592028
2007-10-24,LQD,106.639999,107.0,106.43,106.75,114900,True,0.00610762
2007-10-25,LQD,106.910004,106.910004,106.5,106.5,51400,True,-0.00234467
2007-10-26,LQD,106.349998,106.769997,106.150002,106.330002,73500,True,-0.0015975
2007-10-29,LQD,106.050003,106.599998,106.050003,106.580002,84200,True,0.00234841
2007-10-30,LQD,106.519997,106.589996,106.239998,106.57,55400,True,-9.385e-05
2007-10-31,LQD,106.389999,106.68,105.879997,106.019997,101100,True,-0.00517432
2007-11-01,LQD,105.300003,106.349998,105.300003,106.349998,70300,True,0.0031078
2007-11-02,LQD,105.900002,106.459999,105.610001,105.690002,132300,True,-0.00622522
2007-11-05,LQD,106.230003,106.230003,105.849998,105.949997,60300,True,0.00245695
2007-11-06,LQD,105.410004,105.779999,105.300003,105.300003,82700,True,-0.00615381
2007-11-07,LQD,105.540001,105.650002,105.160004,105.230003,93000,True,-0.00066499
2007-11-08,LQD,105.550003,105.599998,105.209999,105.400002,174600,True,0.00161419
2007-11-09,LQD,105.699997,105.900002,105.309998,105.870003,42700,True,0.0044493
2007-11-12,LQD,104.870003,105.839996,104.870003,105.830002,89900,True,-0.0003779
2007-11-13,LQD,105.760002,105.760002,105.019997,105.300003,112500,True,-0.0050206
2007-11-14,LQD,105.220001,105.360001,104.849998,104.849998,102700,True,-0.00428271
2007-11-15,LQD,105.269997,105.480003,105.010002,105.25,88900,True,0.00380773
2007-11-16,LQD,105.120003,105.57,105.120003,105.260002,72100,True,9.503e-05
2007-11-19,LQD,105.550003,106.230003,105.300003,106.07,73000,True,0.00766575
2007-11-20,LQD,105.879997,105.900002,105.400002,105.400002,77800,True,-0.0063366
2007-11-21,LQD,105.989998,106.300003,105.790001,106.139999,269500,True,0.00699632
2007-11-23,LQD,105.889999,106.029999,105.610001,105.610001,49800,True,-0.0050059
2007-11-26,LQD,106.059998,107.489998,105.75,107.360001,142400,True,0.01643461
2007-11-27,LQD,105.93,106.75,105.93,106.440002,280100,True,-0.00860621
2007-11-28,LQD,106.050003,106.800003,105.669998,105.699997,152400,True,-0.00697661
2007-11-29,LQD,106.470001,106.75,105.980003,106.099998,134400,True,0.00377717
2007-11-30,LQD,105.550003,106.620003,105.220001,106.620003,1046100,True,0.00488911
2007-12-03,LQD,107.25,107.25,105.989998,106.199997,97900,True,-0.00394706
2007-12-04,LQD,106.120003,106.790001,105.860001,106.25,72800,True,0.00047073
2007-12-05,LQD,105.459999,106.0,105.459999,105.849998,143900,True,-0.00377182
2007-12-06,LQD,105.620003,105.620003,105.050003,105.07,88500,True,-0.00739619
2007-12-07,LQD,105.080002,105.080002,104.129997,104.169998,106800,True,-0.00860263
2007-12-10,LQD,104.480003,104.559998,103.919998,104.239998,118000,True,0.00067175
2007-12-11,LQD,104.650002,105.599998,104.050003,105.25,101100,True,0.00964256
2007-12-12,LQD,103.610001,105.209999,103.610001,104.919998,125700,True,-0.00314034
2007-12-13,LQD,104.129997,104.720001,104.010002,104.32,126700,True,-0.00573504
2007-12-14,LQD,103.860001,104.239998,103.139999,103.139999,328500,True,-0.01137581
2007-12-17,LQD,103.669998,104.300003,103.669998,104.139999,112400,True,0.00964886
2007-12-18,LQD,104.739998,104.900002,104.18,104.459999,119100,True,0.00306807
2007-12-19,LQD,105.339996,105.529999,104.459999,105.279999,131400,True,0.00781924
2007-12-20,LQD,105.309998,105.589996,104.769997,104.769997,162800,True,-0.00485602
2007-12-21,LQD,105.309998,105.309998,104.440002,104.660004,123200,True,-0.0010504
2007-12-24,LQD,104.5,104.589996,104.120003,104.129997,61700,True,-0.00507694
2007-12-26,LQD,104.25,104.660004,104.029999,104.160004,78900,True,0.00028812
2007-12-27,LQD,104.470001,104.470001,103.720001,104.309998,139400,True,0.001439
2007-12-28,LQD,104.529999,105.419998,104.529999,104.639999,177600,True,0.00315867
2007-12-31,LQD,105.0,105.559998,104.800003,104.839996,93900,True,0.00190946
2008-01-02,LQD,105.610001,106.220001,105.059998,106.080002,728300,True,0.0117582
2008-01-03,LQD,105.360001,106.040001,105.360001,105.730003,151300,True,-0.00330484
2008-01-04,LQD,106.290001,106.610001,106.050003,106.599998,135900,True,0.00819479
2008-01-07,LQD,106.550003,106.709999,106.25,106.470001,148300,True,-0.00122023
2008-01-08,LQD,106.540001,106.610001,105.989998,106.269997,127100,True,-0.00188027
2008-01-09,LQD,105.889999,106.5,105.860001,106.050003,146200,True,-0.00207228
2008-01-10,LQD,106.059998,106.169998,105.589996,105.739998,388300,True,-0.00292748
2008-01-11,LQD,105.75,106.540001,105.75,106.510002,98800,True,0.00725567
2008-01-14,LQD,106.110001,106.559998,104.980003,106.07,335000,True,-0.00413965
2008-01-15,LQD,106.410004,106.790001,106.07,106.639999,159800,True,0.00535942
2008-01-16,LQD,106.620003,107.099998,106.110001,106.480003,173400,True,-0.00150146
2008-01-17,LQD,106.209999,106.980003,106.059998,106.980003,152700,True,0.00468473
2008-01-18,LQD,106.230003,107.68,106.230003,106.800003,195800,True,-0.00168398
2008-01-22,LQD,106.980003,107.269997,106.160004,107.029999,267100,True,0.0021512
2008-01-23,LQD,107.82,108.260002,106.779999,107.169998,440200,True,0.00130718
2008-01-24,LQD,106.970001,107.0,106.260002,106.260002,244400,True,-0.0085274
2008-01-25,LQD,105.910004,107.5,105.830002,107.410004,159700,True,0.01076438
2008-01-28,LQD,107.260002,107.650002,106.550003,107.379997,272100,True,-0.0002794
2008-01-29,LQD,107.339996,107.339996,106.75,107.199997,152000,True,-0.0016777
2008-01-30,LQD,106.620003,107.260002,106.620003,107.18,147200,True,-0.00018655
2008-01-31,LQD,107.400002,107.599998,106.940002,107.529999,162900,True,0.0032602
2008-02-01,LQD,107.669998,107.68,107.0,107.489998,188500,True,-0.00037207
2008-02-04,LQD,107.139999,107.349998,107.0,107.199997,155800,True,-0.00270158
2008-02-05,LQD,107.889999,107.889999,107.230003,107.57,212400,True,0.00344558
2008-02-06,LQD,107.449997,107.480003,106.809998,106.989998,215000,True,-0.00540644
2008-02-07,LQD,107.0,107.059998,105.5,105.760002,206400,True,-0.01156296
2008-02-08,LQD,106.25,106.379997,105.82,106.160004,210000,True,0.00377503
2008-02-11,LQD,106.650002,106.970001,106.089996,106.480003,146100,True,0.00300978
2008-02-12,LQD,106.459999,106.459999,105.730003,106.330002,270400,True,-0.00140972
2008-02-13,LQD,105.980003,106.209999,105.25,105.260002,200500,True,-0.01011398
2008-02-14,LQD,105.510002,105.620003,104.739998,105.029999,172700,True,-0.00218749
2008-02-15,LQD,105.559998,105.559998,104.989998,105.370003,179400,True,0.00323198
2008-02-19,LQD,104.879997,105.209999,104.199997,104.330002,220800,True,-0.00991902
2008-02-20,LQD,104.32,104.610001,104.0,104.559998,151000,True,0.00220208
2008-02-21,LQD,104.839996,105.370003,104.599998,105.279999,264600,True,0.00686241
2008-02-22,LQD,105.230003,105.389999,104.480003,104.870003,276800,True,-0.00390194
2008-02-25,LQD,104.849998,104.919998,104.199997,104.199997,194200,True,-0.00640941
2008-02-26,LQD,104.580002,104.949997,104.199997,104.949997,235600,True,0.00717192
2008-02-27,LQD,104.989998,105.230003,104.32,104.849998,286900,True,-0.00095327
2008-02-28,LQD,105.349998,105.68,105.010002,105.610001,214400,True,0.00722233
2008-02-29,LQD,106.0,106.279999,105.510002,106.279999,211800,True,0.00632404
2008-03-03,LQD,106.199997,106.370003,105.309998,105.830002,571400,True,-0.00424306
2008-03-04,LQD,105.830002,106.019997,104.860001,105.209999,335900,True,-0.00587571
2008-03-05,LQD,105.080002,105.080002,104.209999,104.470001,391400,True,-0.00705838
2008-03-06,LQD,104.639999,104.860001,104.190002,104.330002,151600,True,-0.00134099
2008-03-07,LQD,104.080002,104.839996,103.68,104.110001,317200,True,-0.00211093
2008-03-10,LQD,104.510002,104.510002,103.720001,104.089996,139400,True,-0.00019216
2008-03-11,LQD,104.0,104.0,102.900002,102.900002,149700,True,-0.01149822
2008-03-12,LQD,103.339996,104.25,102.769997,104.139999,523400,True,0.01197848
2008-03-13,LQD,104.080002,104.080002,102.800003,103.010002,402100,True,-0.01091005
2008-03-14,LQD,103.540001,103.889999,102.709999,102.949997,96200,True,-0.00058269
2008-03-17,LQD,104.0,105.0,103.480003,103.790001,175400,True,0.00812623
2008-03-18,LQD,103.5,104.139999,103.040001,103.599998,103700,True,-0.00183232
2008-03-19,LQD,104.120003,104.440002,103.870003,104.050003,187400,True,0.00433427
2008-03-20,LQD,104.199997,104.75,103.989998,104.599998,118100,True,0.00527195
2008-03-24,LQD,104.510002,105.0,104.0,104.400002,107100,True,-0.00191385
2008-03-25,LQD,104.099998,104.980003,104.099998,104.870003,95300,True,0.00449182
2008-03-26,LQD,104.800003,105.169998,104.629997,105.0,140500,True,0.00123884
2008-03-27,LQD,104.529999,104.790001,104.059998,104.360001,126900,True,-0.00611388
2008-03-28,LQD,104.580002,105.050003,104.080002,104.919998,119900,True,0.00535167
2008-03-31,LQD,105.25,105.699997,105.0,105.199997,435100,True,0.00266513
2008-04-01,LQD,105.190002,105.190002,104.029999,104.519997,395100,True,-0.00648486
2008-04-02,LQD,105.120003,105.120003,104.5,104.699997,261400,True,0.00172068
2008-04-03,LQD,104.959999,104.980003,104.5,104.75,143700,True,0.00047747
2008-04-04,LQD,105.739998,106.029999,105.309998,106.019997,308700,True,0.01205117
2008-04-07,LQD,105.849998,106.230003,105.400002,106.139999,302900,True,0.00113125
2008-04-08,LQD,106.339996,106.349998,105.260002,105.760002,168100,True,-0.00358658
2008-04-09,LQD,105.870003,106.139999,105.389999,105.449997,150000,True,-0.00293552
2008-04-10,LQD,105.540001,105.639999,105.040001,105.550003,126600,True,0.00094793
2008-04-11,LQD,105.82,106.050003,105.239998,105.650002,176800,True,0.00094696
2008-04-14,LQD,105.739998,105.739998,104.900002,105.0,115500,True,-0.00617141
2008-04-15,LQD,104.980003,105.089996,104.470001,104.779999,90200,True,-0.00209745
2008-04-16,LQD,104.839996,104.949997,104.059998,104.18,111400,True,-0.00574273
2008-04-17,LQD,104.57,104.599998,103.830002,104.449997,139800,True,0.00258828
2008-04-18,LQD,104.330002,104.919998,103.790001,104.910004,118200,True,0.00439442
2008-04-21,LQD,104.839996,105.029999,104.330002,104.57,164600,True,-0.00324617
2008-04-22,LQD,104.400002,104.949997,104.339996,104.339996,298500,True,-0.00220194
2008-04-23,LQD,104.790001,105.050003,104.519997,104.660004,455600,True,0.00306227
2008-04-24,LQD,104.68,104.910004,104.169998,104.519997,238600,True,-0.00133863
2008-04-25,LQD,104.599998,104.709999,104.230003,104.57,120100,True,0.00047829
2008-04-28,LQD,104.650002,105.07,104.57,105.07,178400,True,0.00477009
2008-04-29,LQD,105.349998,105.739998,105.050003,105.400002,226700,True,0.00313586
2008-04-30,LQD,105.540001,105.989998,105.239998,105.989998,196500,True,0.00558208
2008-05-01,LQD,106.25,106.290001,105.800003,106.150002,221300,True,0.00150847
2008-05-02,LQD,105.0,106.519997,105.0,105.529999,236900,True,-0.00585794
2008-05-05,LQD,105.599998,105.989998,105.510002,105.68,129900,True,0.0014204
2008-05-06,LQD,106.0,106.019997,105.0,105.0,143500,True,-0.00645531
2008-05-07,LQD,105.25,105.379997,104.540001,105.279999,401700,True,0.00266311
2008-05-08,LQD,105.519997,105.830002,105.260002,105.75,139700,True,0.00445436
2008-05-09,LQD,105.910004,105.980003,105.540001,105.75,225400,True,0.0
2008-05-12,LQD,106.379997,106.379997,105.589996,105.650002,205100,True,-0.00094606
2008-05-13,LQD,105.300003,105.5,104.93,105.050003,276300,True,-0.0056953
2008-05-14,LQD,105.290001,105.349998,104.709999,105.110001,324000,True,0.00057097
2008-05-15,LQD,105.139999,105.809998,105.059998,105.809998,243800,True,0.00663758
2008-05-16,LQD,105.519997,106.239998,105.440002,105.669998,155300,True,-0.001324
2008-05-19,LQD,105.919998,106.0,105.449997,105.690002,206100,True,0.00018929
2008-05-20,LQD,105.919998,106.019997,105.519997,105.730003,159600,True,0.0003784
2008-05-21,LQD,105.559998,105.75,105.139999,105.269997,184600,True,-0.00436026
2008-05-22,LQD,104.870003,105.0,103.779999,104.110001,219600,True,-0.01108041
2008-05-23,LQD,104.360001,104.620003,104.080002,104.589996,129500,True,0.00459987
2008-05-27,LQD,104.32,104.5,103.870003,103.959999,150300,True,-0.00604171
2008-05-28,LQD,103.769997,103.870003,103.230003,103.290001,151200,True,-0.00646563
2008-05-29,LQD,103.160004,103.160004,102.669998,102.790001,159000,True,-0.00485249
2008-05-30,LQD,103.269997,103.389999,103.029999,103.199997,171900,True,0.00398074
2008-06-02,LQD,102.529999,103.510002,102.290001,103.080002,151900,True,-0.00116342
2008-06-03,LQD,103.440002,103.599998,102.599998,103.480003,149300,True,0.00387299
2008-06-04,LQD,103.839996,103.839996,103.010002,103.160004,127600,True,-0.00309717
2008-06-05,LQD,102.75,103.010002,102.599998,102.610001,118700,True,-0.00534582
2008-06-06,LQD,103.029999,103.610001,103.029999,103.120003,118900,True,0.00495799
2008-06-09,LQD,103.139999,103.389999,102.720001,103.029999,124200,True,-0.00087319
2008-06-10,LQD,103.0,103.160004,102.25,102.440002,135900,True,-0.00574291
2008-06-11,LQD,102.489998,102.839996,101.919998,102.400002,230800,True,-0.00039056
2008-06-12,LQD,101.57,102.199997,101.519997,101.529999,189800,True,-0.00853242
2008-06-13,LQD,101.75,102.0,100.910004,101.0,215900,True,-0.00523379
2008-06-16,LQD,101.650002,101.650002,101.07,101.360001,123500,True,0.00355803
2008-06-17,LQD,101.849998,101.949997,101.470001,101.690002,271500,True,0.00325045
2008-06-18,LQD,102.029999,102.25,101.769997,102.199997,300100,True,0.00500265
2008-06-19,LQD,101.93,102.110001,101.389999,101.669998,98000,True,-0.00519939
2008-06-20,LQD,101.900002,102.07,101.5,101.730003,74000,True,0.00059002
2008-06-23,LQD,101.68,102.019997,101.419998,101.690002,128800,True,-0.00039328
2008-06-24,LQD,101.82,102.029999,101.459999,101.629997,153200,True,-0.00059025
2008-06-25,LQD,101.82,102.110001,100.910004,101.709999,228400,True,0.00078688
2008-06-26,LQD,102.440002,102.5,101.68,101.790001,342300,True,0.00078626
2008-06-27,LQD,101.940002,102.010002,101.470001,101.690002,203700,True,-0.00098288
2008-06-30,LQD,101.970001,102.040001,101.400002,101.400002,97700,True,-0.00285589
2008-07-01,LQD,101.639999,101.730003,100.839996,100.919998,308700,True,-0.004745
2008-07-02,LQD,101.150002,101.379997,100.720001,100.849998,212300,True,-0.00069386
2008-07-03,LQD,100.949997,101.099998,100.610001,100.720001,49900,True,-0.00128985
2008-07-07,LQD,101.360001,101.370003,100.599998,101.190002,367800,True,0.00465556
2008-07-08,LQD,100.849998,101.760002,100.779999,101.739998,352100,True,0.00542056
2008-07-09,LQD,101.769997,102.07,101.230003,101.809998,135300,True,0.00068779
2008-07-10,LQD,101.370003,101.900002,100.900002,101.230003,275700,True,-0.00571312
2008-07-11,LQD,101.529999,101.529999,100.360001,100.449997,159400,True,-0.00773513
2008-07-14,LQD,101.400002,101.449997,100.360001,100.5,207300,True,0.00049767
2008-07-15,LQD,100.099998,100.949997,100.099998,100.480003,145800,True,-0.00019899
2008-07-16,LQD,100.5,100.599998,99.5,99.690002,264100,True,-0.00789334
2008-07-17,LQD,100.160004,100.160004,98.910004,99.349998,195900,True,-0.00341644
2008-07-18,LQD,98.910004,99.800003,98.910004,99.169998,175200,True,-0.00181342
2008-07-21,LQD,99.059998,99.879997,99.019997,99.279999,217000,True,0.0011086
2008-07-22,LQD,99.339996,100.050003,99.339996,99.919998,713000,True,0.00642572
2008-07-23,LQD,99.769997,99.949997,99.260002,99.57,232300,True,-0.00350894
2008-07-24,LQD,99.900002,100.470001,99.669998,100.449997,92000,True,0.00879915
2008-07-25,LQD,100.040001,100.220001,99.699997,99.919998,148000,True,-0.00529021
2008-07-28,LQD,100.089996,100.739998,100.089996,100.5,264700,True,0.00578788
2008-07-29,LQD,100.279999,100.339996,99.949997,100.25,135000,True,-0.00249066
2008-07-30,LQD,100.300003,100.809998,100.029999,100.730003,293100,True,0.00477664
2008-07-31,LQD,100.550003,101.360001,100.550003,101.360001,1078000,True,0.00623484
2008-08-01,LQD,100.889999,101.099998,100.110001,100.529999,109800,True,-0.00822236
2008-08-04,LQD,100.5,100.739998,100.129997,100.540001,244200,True,9.949e-05
2008-08-05,LQD,100.110001,100.459999,100.099998,100.099998,113300,True,-0.004386
2008-08-06,LQD,100.400002,100.400002,100.029999,100.25,280700,True,0.0014974
2008-08-07,LQD,100.330002,101.139999,100.220001,101.080002,169800,True,0.00824523
2008-08-08,LQD,101.059998,101.199997,100.730003,101.18,356000,True,0.00098881
2008-08-11,LQD,101.440002,101.440002,100.290001,100.720001,170000,True,-0.00455671
2008-08-12,LQD,101.120003,101.330002,100.75,101.330002,188800,True,0.00603813
2008-08-13,LQD,101.050003,101.300003,100.5,100.800003,141400,True,-0.00524415
2008-08-14,LQD,101.150002,101.279999,100.559998,101.089996,219100,True,0.00287279
2008-08-15,LQD,101.330002,101.400002,100.919998,101.32,116600,True,0.00227265
2008-08-18,LQD,101.0,101.360001,101.0,101.360001,107900,True,0.00039472
2008-08-19,LQD,101.410004,101.410004,101.0,101.199997,160300,True,-0.00157982
2008-08-20,LQD,100.809998,101.279999,100.620003,101.209999,509200,True,9.883e-05
2008-08-21,LQD,101.309998,101.309998,100.529999,100.610001,234600,True,-0.00594589
2008-08-22,LQD,101.150002,101.150002,100.080002,100.650002,187300,True,0.0003975
2008-08-25,LQD,101.32,101.370003,101.040001,101.300003,101700,True,0.00643727
2008-08-26,LQD,101.220001,101.510002,100.910004,101.419998,727400,True,0.00118385
2008-08-27,LQD,100.870003,101.309998,100.720001,101.260002,164600,True,-0.0015788
2008-08-28,LQD,101.279999,101.279999,100.839996,101.239998,143900,True,-0.00019757
2008-08-29,LQD,101.57,101.57,100.07,101.040001,535000,True,-0.00197743
2008-09-02,LQD,100.889999,101.260002,100.339996,100.980003,134200,True,-0.00059398
2008-09-03,LQD,101.18,101.370003,100.900002,101.18,225200,True,0.0019786
2008-09-04,LQD,101.010002,101.379997,100.730003,101.209999,333900,True,0.00029645
2008-09-05,LQD,101.529999,101.690002,101.010002,101.110001,119600,True,-0.00098852
2008-09-08,LQD,101.220001,101.660004,100.82,101.279999,356400,True,0.00167991
2008-09-09,LQD,101.349998,101.839996,101.059998,101.629997,263600,True,0.00344979
2008-09-10,LQD,100.82,101.919998,100.809998,101.589996,834400,True,-0.00039367
2008-09-11,LQD,100.470001,101.18,100.440002,100.800003,438100,True,-0.00780668
2008-09-12,LQD,100.43,100.529999,99.720001,100.029999,226600,True,-0.00766826
2008-09-15,LQD,100.089996,100.089996,98.059998,99.290001,227400,True,-0.00742526
2008-09-16,LQD,97.730003,98.93,90.889999,92.989998,2894600,True,-0.06555293
2008-09-17,LQD,93.139999,93.730003,85.040001,88.730003,993700,True,-0.04689385
2008-09-18,LQD,89.339996,92.93,87.0,89.940002,800200,True,0.01354472
2008-09-19,LQD,92.559998,93.489998,91.75,92.75,818900,True,0.03076489
2008-09-22,LQD,93.93,94.160004,92.010002,93.300003,862000,True,0.00591244
2008-09-23,LQD,93.639999,93.949997,92.190002,92.339996,311900,True,-0.01034276
2008-09-24,LQD,93.639999,93.639999,91.730003,92.099998,207800,True,-0.00260245
2008-09-25,LQD,91.879997,92.690002,91.75,92.5,365500,True,0.00433372
2008-09-26,LQD,91.699997,92.0,87.25,90.0,513400,True,-0.02739897
2008-09-29,LQD,88.5,89.489998,80.0,81.800003,787300,True,-0.09553239
2008-09-30,LQD,85.900002,89.790001,85.099998,89.790001,905100,True,0.09319634
2008-10-01,LQD,88.68,90.300003,87.529999,90.209999,639700,True,0.00466665
2008-10-02,LQD,88.300003,89.709999,88.0,88.900002,340400,True,-0.01462812
2008-10-03,LQD,90.150002,90.150002,88.110001,88.860001,273400,True,-0.00045006
2008-10-06,LQD,88.599998,88.900002,84.449997,87.830002,380800,True,-0.01165896
2008-10-07,LQD,88.0,91.360001,88.0,89.470001,581200,True,0.01850024
2008-10-08,LQD,87.480003,89.980003,86.300003,88.830002,524800,True,-0.00717894
2008-10-09,LQD,89.900002,89.900002,84.75,86.459999,353900,True,-0.02704258
2008-10-10,LQD,80.0,87.0,76.050003,81.699997,905400,True,-0.0566279
2008-10-13,LQD,79.57,87.199997,79.57,86.199997,481100,True,0.05361618
2008-10-14,LQD,90.5,91.239998,84.029999,84.849998,610300,True,-0.01578517
2008-10-15,LQD,83.800003,86.970001,83.529999,84.849998,238900,True,0.0
2008-10-16,LQD,86.099998,88.07,84.949997,85.739998,221500,True,0.01043446
2008-10-17,LQD,86.0,86.870003,84.239998,85.010002,494800,True,-0.00855051
2008-10-20,LQD,86.150002,87.839996,85.5,87.599998,945600,True,0.03001206
2008-10-21,LQD,87.779999,88.900002,86.510002,88.470001,1048700,True,0.00988254
2008-10-22,LQD,87.260002,88.370003,86.010002,87.449997,691500,True,-0.01159636
2008-10-23,LQD,87.709999,88.690002,87.650002,88.0,1166100,True,0.00626965
2008-10-24,LQD,86.0,88.5,86.0,88.349998,1777300,True,0.00396937
2008-10-27,LQD,87.989998,87.989998,86.93,87.779999,975300,True,-0.00647251
2008-10-28,LQD,87.849998,88.160004,86.540001,87.199997,732000,True,-0.00662937
2008-10-29,LQD,86.400002,89.239998,86.0,88.669998,1970600,True,0.0167173
2008-10-30,LQD,88.669998,89.050003,88.0,88.010002,1219400,True,-0.00747112
2008-10-31,LQD,88.739998,88.739998,87.099998,87.650002,636300,True,-0.00409884
2008-11-03,LQD,87.5,88.089996,87.199997,87.93,374200,True,0.00318942
2008-11-04,LQD,88.300003,89.139999,88.0,88.529999,1376400,True,0.00680042
2008-11-05,LQD,88.650002,90.449997,88.650002,90.25,654400,True,0.01924213
2008-11-06,LQD,90.949997,91.120003,90.010002,90.870003,2814300,True,0.00684635
2008-11-07,LQD,90.650002,91.18,90.099998,90.230003,2126600,True,-0.00706794
2008-11-10,LQD,90.160004,90.660004,89.739998,90.269997,452100,True,0.00044314
2008-11-11,LQD,90.660004,91.620003,90.300003,90.559998,621000,True,0.00320745
2008-11-12,LQD,90.18,90.650002,90.18,90.540001,1815700,True,-0.00022084
2008-11-13,LQD,90.400002,90.449997,89.5,89.919998,858300,True,-0.00687139
2008-11-14,LQD,89.410004,90.230003,87.0,89.900002,409400,True,-0.00022241
2008-11-17,LQD,90.489998,90.599998,90.0,90.550003,360300,True,0.00720426
2008-11-18,LQD,90.220001,91.169998,90.220001,90.660004,450300,True,0.00121407
2008-11-19,LQD,90.769997,91.110001,90.309998,90.800003,487200,True,0.00154303
2008-11-20,LQD,91.07,91.93,89.650002,89.809998,756600,True,-0.01096302
2008-11-21,LQD,90.599998,91.389999,89.900002,90.849998,756500,True,0.01151348
2008-11-24,LQD,91.75,92.029999,90.010002,90.449997,1088800,True,-0.0044126
2008-11-25,LQD,91.230003,91.440002,90.139999,90.879997,1002200,True,0.00474275
2008-11-26,LQD,91.330002,91.330002,90.010002,90.400002,2219400,True,-0.00529564
2008-11-28,LQD,90.989998,91.099998,90.099998,90.139999,825200,True,-0.00288027
2008-12-01,LQD,90.989998,91.150002,89.519997,91.089996,1636600,True,0.01048398
2008-12-02,LQD,91.349998,92.099998,90.849998,91.779999,949600,True,0.00754641
2008-12-03,LQD,92.300003,92.419998,91.300003,92.419998,739000,True,0.00694899
2008-12-04,LQD,91.760002,92.779999,91.720001,92.510002,1064600,True,0.00097338
2008-12-05,LQD,92.050003,92.419998,91.510002,91.879997,1339700,True,-0.00683342
2008-12-08,LQD,92.300003,93.190002,92.0,92.830002,1697800,True,0.01028654
2008-12-09,LQD,92.989998,93.519997,92.75,93.459999,1440300,True,0.00676364
2008-12-10,LQD,93.160004,93.68,92.879997,93.68,807200,True,0.0023512
2008-12-11,LQD,93.949997,94.129997,93.25,94.0,950400,True,0.00341006
2008-12-12,LQD,94.099998,94.529999,93.260002,94.510002,945300,True,0.00541089
2008-12-15,LQD,94.349998,94.519997,94.099998,94.480003,906000,True,-0.00031746
2008-12-16,LQD,96.419998,96.470001,94.290001,96.419998,1581500,True,0.02032542
2008-12-17,LQD,97.279999,98.32,97.0,97.849998,2113300,True,0.01472205
2008-12-18,LQD,98.82,100.980003,98.669998,100.220001,2787900,True,0.0239321
2008-12-19,LQD,99.07,100.07,98.099998,98.730003,1669000,True,-0.0149789
2008-12-22,LQD,99.730003,100.099998,99.0,99.919998,2562500,True,0.01198096
2008-12-23,LQD,99.449997,100.43,99.400002,100.25,1677900,True,0.00329722
2008-12-24,LQD,99.660004,101.75,99.610001,100.5,886300,True,0.00249066
2008-12-26,LQD,100.099998,100.919998,100.099998,100.690002,515500,True,0.00188879
2008-12-29,LQD,100.190002,100.989998,100.089996,100.580002,1503900,True,-0.00109307
2008-12-30,LQD,100.169998,101.459999,100.169998,101.459999,1129400,True,0.00871117
2008-12-31,LQD,101.360001,101.75,100.410004,101.650002,1232800,True,0.00187093
2009-01-02,LQD,101.5,101.660004,100.489998,100.610001,1095800,True,-0.01028389
2009-01-05,LQD,100.150002,101.739998,100.099998,101.300003,2938400,True,0.00683478
2009-01-06,LQD,101.25,101.870003,100.699997,101.470001,2036600,True,0.00167676
2009-01-07,LQD,101.239998,101.290001,100.25,100.620003,1675100,True,-0.00841213
2009-01-08,LQD,100.599998,101.349998,100.550003,101.339996,1445200,True,0.00713009
2009-01-09,LQD,101.620003,102.599998,101.349998,102.599998,2232600,True,0.01235675
2009-01-12,LQD,102.199997,102.43,101.599998,102.07,1053300,True,-0.00517907
2009-01-13,LQD,101.620003,101.889999,101.400002,101.849998,1165400,True,-0.00215772
2009-01-14,LQD,101.669998,101.949997,100.519997,101.400002,2006000,True,-0.00442802
2009-01-15,LQD,101.400002,101.68,100.900002,101.599998,2086000,True,0.00197041
2009-01-16,LQD,100.959999,101.629997,100.510002,101.599998,1484300,True,0.0
2009-01-20,LQD,101.129997,101.449997,100.010002,100.099998,1458600,True,-0.01487385
2009-01-21,LQD,100.010002,100.220001,99.099998,99.599998,1845200,True,-0.00500752
2009-01-22,LQD,99.68,99.709999,98.290001,99.230003,1310800,True,-0.00372173
2009-01-23,LQD,98.059998,98.889999,98.059998,98.57,1353600,True,-0.00667347
2009-01-26,LQD,98.209999,98.75,97.32,97.690002,1641000,True,-0.00896773
2009-01-27,LQD,98.209999,99.879997,98.050003,99.529999,1628700,True,0.01865987
2009-01-28,LQD,100.239998,101.0,99.660004,100.32,1436500,True,0.00790598
2009-01-29,LQD,99.940002,100.589996,99.089996,99.120003,1098000,True,-0.01203381
2009-01-30,LQD,99.5,100.400002,99.300003,99.82,1373200,True,0.0070373
2009-02-02,LQD,98.989998,99.599998,98.800003,98.849998,1616700,True,-0.00976503
2009-02-03,LQD,98.989998,98.989998,98.25,98.519997,1799100,True,-0.003344
2009-02-04,LQD,98.510002,98.790001,98.400002,98.559998,4207300,True,0.00040594
2009-02-05,LQD,98.699997,98.709999,97.599998,97.699997,1820400,True,-0.00876395
2009-02-06,LQD,97.720001,98.410004,97.510002,98.279999,1855200,True,0.00591901
2009-02-09,LQD,98.099998,98.519997,97.699997,98.459999,872900,True,0.00182983
2009-02-10,LQD,98.160004,99.169998,98.160004,98.940002,1109400,True,0.00486327
2009-02-11,LQD,99.290001,99.660004,99.0,99.279999,1118500,True,0.0034305
2009-02-12,LQD,99.449997,99.730003,99.120003,99.360001,1050400,True,0.0008055
2009-02-13,LQD,99.050003,99.330002,98.199997,98.599998,1249600,True,-0.00767838
2009-02-17,LQD,99.0,99.440002,98.580002,99.139999,1136200,True,0.00546174
2009-02-18,LQD,99.360001,99.379997,98.559998,98.650002,1288600,True,-0.00495474
2009-02-19,LQD,97.879997,98.639999,97.220001,97.839996,1349200,True,-0.00824479
2009-02-20,LQD,97.510002,97.650002,96.639999,97.43,2035700,True,-0.00419928
2009-02-23,LQD,96.980003,97.199997,96.599998,97.099998,1171500,True,-0.00339281
2009-02-24,LQD,97.370003,97.730003,96.519997,96.75,1777200,True,-0.00361103
2009-02-25,LQD,96.910004,96.940002,95.0,95.43,2134700,True,-0.01373733
2009-02-26,LQD,95.43,95.43,94.82,94.82,1365800,True,-0.00641264
2009-02-27,LQD,94.809998,95.050003,94.0,94.160004,1583900,True,-0.00698485
2009-03-02,LQD,94.279999,94.489998,93.040001,93.690002,1936200,True,-0.00500402
2009-03-03,LQD,93.75,93.980003,92.849998,93.18,1375700,True,-0.00545838
2009-03-04,LQD,93.220001,93.440002,93.0,93.150002,1186600,True,-0.000322
2009-03-05,LQD,92.910004,93.650002,92.510002,92.900002,1645100,True,-0.00268745
2009-03-06,LQD,93.360001,94.040001,92.800003,93.099998,1349600,True,0.00215051
2009-03-09,LQD,92.879997,93.239998,90.510002,90.540001,2680200,True,-0.02788242
2009-03-10,LQD,91.25,91.989998,91.0,91.849998,2112800,True,0.01436504
2009-03-11,LQD,92.010002,92.010002,91.0,91.879997,2179000,True,0.00032655
2009-03-12,LQD,91.720001,91.989998,91.389999,91.800003,1108400,True,-0.00087102
2009-03-13,LQD,92.059998,92.720001,91.790001,92.650002,1547000,True,0.00921664
2009-03-16,LQD,92.339996,92.900002,92.150002,92.779999,959300,True,0.00140212
2009-03-17,LQD,92.760002,92.949997,92.230003,92.529999,1909700,True,-0.00269818
2009-03-18,LQD,92.559998,95.370003,92.239998,94.5,1934400,True,0.02106693
2009-03-19,LQD,95.0,97.709999,94.330002,94.699997,4319900,True,0.00211413
2009-03-20,LQD,95.040001,95.580002,93.550003,93.739998,1293200,True,-0.010189
2009-03-23,LQD,93.849998,94.269997,93.650002,94.029999,1631700,True,0.0030889
2009-03-24,LQD,93.57,93.690002,93.099998,93.099998,1220100,True,-0.0099397
2009-03-25,LQD,93.449997,93.519997,92.470001,92.650002,1392700,True,-0.0048452
2009-03-26,LQD,92.839996,93.349998,92.440002,93.129997,1486100,True,0.00516737
2009-03-27,LQD,93.489998,93.809998,93.300003,93.419998,1703900,True,0.0031091
2009-03-30,LQD,93.68,93.709999,93.110001,93.349998,944200,True,-0.00074958
2009-03-31,LQD,93.589996,94.139999,93.5,94.120003,1093000,True,0.00821474
2009-04-01,LQD,93.669998,93.959999,93.260002,93.459999,1401200,True,-0.00703707
2009-04-02,LQD,93.739998,93.970001,93.260002,93.489998,1233700,True,0.00032093
2009-04-03,LQD,93.480003,93.650002,92.82,92.910004,1359400,True,-0.00622313
2009-04-06,LQD,93.129997,93.160004,92.709999,92.860001,911600,True,-0.00053833
2009-04-07,LQD,92.800003,92.940002,92.480003,92.82,1245200,True,-0.00043086
2009-04-08,LQD,93.239998,93.790001,92.970001,93.75,1135900,True,0.00996953
2009-04-09,LQD,93.650002,94.650002,93.610001,94.379997,1395000,True,0.00669749
2009-04-13,LQD,94.639999,95.349998,94.330002,95.290001,1581700,True,0.00959573
2009-04-14,LQD,95.440002,95.580002,94.910004,95.540001,1687200,True,0.00262013
2009-04-15,LQD,95.730003,96.279999,95.239998,96.279999,1922400,True,0.00771558
2009-04-16,LQD,96.199997,96.699997,96.040001,96.690002,1764500,True,0.00424941
2009-04-17,LQD,96.68,96.949997,96.050003,96.57,1720500,True,-0.00124188
2009-04-20,LQD,97.0,97.0,95.239998,96.040001,1915300,True,-0.00550335
2009-04-21,LQD,96.239998,96.43,95.68,96.339996,574500,True,0.00311878
2009-04-22,LQD,96.129997,96.300003,95.730003,96.099998,1781700,True,-0.00249426
2009-04-23,LQD,96.239998,96.360001,95.599998,96.019997,1302700,True,-0.00083283
2009-04-24,LQD,96.040001,96.480003,95.870003,96.230003,1541400,True,0.00218473
2009-04-27,LQD,96.169998,96.349998,95.650002,96.110001,1201600,True,-0.00124782
2009-04-28,LQD,96.269997,96.400002,95.75,95.800003,1468200,True,-0.00323066
2009-04-29,LQD,96.370003,96.75,95.809998,96.260002,1089900,True,0.00479017
2009-04-30,LQD,96.300003,96.400002,95.839996,96.199997,1129800,True,-0.00062356
2009-05-01,LQD,95.580002,96.040001,95.449997,95.970001,1183900,True,-0.00239367
2009-05-04,LQD,96.099998,96.199997,95.599998,96.199997,984400,True,0.00239367
2009-05-05,LQD,96.300003,96.629997,96.0,96.510002,1009000,True,0.00321733
2009-05-06,LQD,96.660004,97.040001,96.330002,96.940002,1815600,True,0.0044456
2009-05-07,LQD,96.57,97.199997,96.0,96.010002,1783000,True,-0.00963988
2009-05-08,LQD,96.489998,96.849998,96.220001,96.620003,1313200,True,0.00633341
2009-05-11,LQD,96.860001,97.0,96.260002,96.910004,1045200,True,0.00299696
2009-05-12,LQD,96.989998,97.389999,96.860001,97.18,1073900,True,0.00278218
2009-05-13,LQD,97.370003,97.540001,96.93,97.0,1615400,True,-0.00185395
2009-05-14,LQD,97.169998,97.639999,96.68,97.220001,1112700,True,0.00226549
2009-05-15,LQD,97.220001,97.269997,96.699997,97.199997,1025900,True,-0.00020578
2009-05-18,LQD,97.589996,97.669998,96.919998,97.059998,1259800,True,-0.00144136
2009-05-19,LQD,96.910004,97.459999,96.699997,97.449997,1366600,True,0.00401008
2009-05-20,LQD,97.589996,98.139999,97.330002,98.010002,1324200,True,0.00573014
2009-05-21,LQD,98.379997,98.379997,96.699997,97.010002,1540900,True,-0.01025545
2009-05-22,LQD,96.769997,97.019997,96.599998,96.879997,1070100,True,-0.00134102
2009-05-26,LQD,97.0,97.050003,96.550003,96.839996,1056100,True,-0.00041298
2009-05-27,LQD,97.010002,97.290001,95.980003,96.169998,1422100,True,-0.00694265
2009-05-28,LQD,96.57,96.839996,96.040001,96.529999,1084600,True,0.00373639
2009-05-29,LQD,96.860001,98.089996,96.5,97.949997,1280400,True,0.01460329
2009-06-01,LQD,97.849998,98.050003,97.110001,97.43,1234400,True,-0.00532294
2009-06-02,LQD,97.660004,98.559998,97.650002,98.150002,1882900,True,0.00736276
2009-06-03,LQD,98.32,99.019997,98.230003,98.650002,1156300,True,0.00508131
2009-06-04,LQD,98.790001,98.790001,98.010002,98.220001,1109500,True,-0.00436837
2009-06-05,LQD,98.07,98.129997,97.199997,97.699997,1133900,True,-0.00530835
2009-06-08,LQD,97.519997,98.099998,97.5,97.5,885000,True,-0.00204915
2009-06-09,LQD,97.5,98.32,97.349998,98.239998,809500,True,0.00756106
2009-06-10,LQD,97.940002,98.730003,97.650002,97.949997,1526400,True,-0.00295633
2009-06-11,LQD,98.349998,98.650002,97.739998,98.290001,948000,True,0.00346519
2009-06-12,LQD,98.519997,99.239998,98.300003,99.019997,854600,True,0.00739951
2009-06-15,LQD,99.0,99.419998,98.510002,99.050003,809000,True,0.00030299
2009-06-16,LQD,99.349998,99.699997,98.43,98.989998,1000100,True,-0.00060599
2009-06-17,LQD,98.790001,99.370003,98.599998,99.110001,1070900,True,0.00121154
2009-06-18,LQD,98.720001,98.720001,97.699997,97.849998,1363500,True,-0.01279467
2009-06-19,LQD,97.879997,98.889999,97.690002,98.589996,1395400,True,0.00753412
2009-06-22,LQD,98.980003,99.300003,98.669998,98.949997,878800,True,0.00364484
2009-06-23,LQD,99.419998,99.75,99.050003,99.75,816400,True,0.00805241
2009-06-24,LQD,99.800003,100.279999,99.449997,99.589996,995600,True,-0.00160533
2009-06-25,LQD,99.599998,100.419998,99.330002,100.370003,618900,True,0.00780166
2009-06-26,LQD,100.480003,100.5,100.029999,100.419998,924000,True,0.00049799
2009-06-29,LQD,100.5,100.550003,100.150002,100.309998,828500,True,-0.00109601
2009-06-30,LQD,100.120003,100.440002,99.559998,100.279999,967700,True,-0.00029911
2009-07-01,LQD,99.269997,99.790001,99.209999,99.699997,2274400,True,-0.00580061
2009-07-02,LQD,99.459999,99.989998,99.43,99.709999,660700,True,0.00010032
2009-07-06,LQD,99.550003,100.0,99.419998,99.949997,1346200,True,0.00240407
2009-07-07,LQD,99.599998,100.019997,99.400002,99.550003,1242800,True,-0.00400997
2009-07-08,LQD,99.860001,100.5,99.610001,100.459999,918700,True,0.00909957
2009-07-09,LQD,100.059998,100.5,100.059998,100.5,706300,True,0.0003981
2009-07-10,LQD,100.230003,100.900002,100.089996,100.900002,827100,True,0.00397221
2009-07-13,LQD,100.75,100.989998,100.220001,100.839996,720200,True,-0.00059488
2009-07-14,LQD,100.889999,100.889999,100.330002,100.620003,951900,True,-0.00218399
2009-07-15,LQD,100.339996,100.559998,99.519997,99.690002,1671600,True,-0.00928568
2009-07-16,LQD,99.849998,100.379997,99.82,100.379997,989700,True,0.00689756
2009-07-17,LQD,100.07,100.480003,99.790001,100.07,1502600,True,-0.00309302
2009-07-20,LQD,100.480003,100.980003,99.809998,100.480003,884400,True,0.0040888
2009-07-21,LQD,100.699997,101.949997,100.57,101.900002,1271000,True,0.01403322
2009-07-22,LQD,102.0,102.150002,101.339996,101.629997,869000,True,-0.00265322
2009-07-23,LQD,101.699997,101.860001,101.0,101.459999,802300,True,-0.00167412
2009-07-24,LQD,101.25,101.739998,101.059998,101.739998,1183200,True,0.0027559
2009-07-27,LQD,101.199997,101.519997,101.099998,101.510002,631300,True,-0.00226318
2009-07-28,LQD,101.330002,102.239998,101.330002,101.900002,943100,True,0.00383462
2009-07-29,LQD,102.239998,102.550003,101.75,102.540001,956100,True,0.00626102
2009-07-30,LQD,102.57,103.349998,102.160004,103.099998,1118800,True,0.0054464
2009-07-31,LQD,103.190002,104.599998,103.190002,104.459999,1604600,True,0.01310484
2009-08-03,LQD,103.519997,103.949997,102.949997,103.0,1396500,True,-0.01407523
2009-08-04,LQD,103.57,103.57,102.300003,102.480003,1103500,True,-0.0050613
2009-08-05,LQD,102.529999,103.150002,102.25,102.5,1383600,True,0.00019511
2009-08-06,LQD,102.940002,102.980003,102.099998,102.220001,996200,True,-0.00273543
2009-08-07,LQD,101.839996,102.339996,101.540001,102.199997,945900,True,-0.00019572
2009-08-10,LQD,102.459999,102.940002,102.059998,102.519997,909900,True,0.00312622
2009-08-11,LQD,103.150002,103.25,102.5,103.050003,595100,True,0.00515647
2009-08-12,LQD,103.0,103.0,101.800003,102.150002,1328300,True,-0.008772
2009-08-13,LQD,102.650002,103.269997,102.099998,103.139999,1213800,True,0.00964495
2009-08-14,LQD,103.209999,103.540001,103.07,103.120003,746500,True,-0.0001939
2009-08-17,LQD,102.849998,103.529999,102.599998,103.290001,722800,True,0.00164719
2009-08-18,LQD,103.129997,103.360001,102.730003,103.029999,870300,True,-0.00252038
2009-08-19,LQD,103.550003,103.75,103.269997,103.360001,905800,True,0.00319785
2009-08-20,LQD,103.550003,104.0,103.260002,103.849998,789200,True,0.00472949
2009-08-21,LQD,103.989998,104.0,103.260002,103.379997,724100,True,-0.00453604
2009-08-24,LQD,103.5,104.029999,103.269997,103.910004,1031100,True,0.00511368
2009-08-25,LQD,104.160004,104.410004,103.75,104.089996,1209400,True,0.0017307
2009-08-26,LQD,104.459999,104.790001,104.220001,104.779999,702000,True,0.00660703
2009-08-27,LQD,104.510002,104.580002,104.129997,104.300003,1136200,True,-0.00459151
2009-08-28,LQD,104.209999,104.839996,104.129997,104.82,981900,True,0.0049732
2009-08-31,LQD,104.580002,105.339996,104.370003,105.330002,2122200,True,0.00485371
2009-09-01,LQD,104.510002,104.959999,104.150002,104.309998,1077500,True,-0.00973108
2009-09-02,LQD,104.25,105.129997,104.040001,104.620003,1225400,True,0.00296755
2009-09-03,LQD,104.68,105.169998,104.449997,104.800003,865400,True,0.00171904
2009-09-04,LQD,105.040001,105.150002,104.800003,104.870003,757200,True,0.00066771
2009-09-08,LQD,104.839996,105.099998,104.5,104.599998,817900,True,-0.00257798
2009-09-09,LQD,104.610001,104.660004,104.330002,104.57,873800,True,-0.00028684
2009-09-10,LQD,104.989998,105.559998,104.040001,105.260002,873700,True,0.0065768
2009-09-11,LQD,105.779999,106.379997,105.5,106.209999,704700,True,0.00898476
2009-09-14,LQD,106.129997,106.209999,105.489998,105.669998,850700,True,-0.00509724
2009-09-15,LQD,105.790001,105.849998,105.519997,105.610001,1052800,True,-0.00056794
2009-09-16,LQD,106.150002,106.150002,105.529999,105.940002,1097900,True,0.00311985
2009-09-17,LQD,105.949997,106.470001,105.75,106.459999,985000,True,0.0048964
2009-09-18,LQD,106.230003,106.389999,105.790001,105.790001,759700,True,-0.00631331
2009-09-21,LQD,106.199997,106.290001,105.879997,106.040001,586600,True,0.00236038
2009-09-22,LQD,105.839996,106.32,105.75,106.290001,815300,True,0.00235483
2009-09-23,LQD,106.150002,106.400002,105.849998,106.339996,980900,True,0.00047026
2009-09-24,LQD,106.129997,106.660004,106.129997,106.510002,634000,True,0.00159742
2009-09-25,LQD,106.519997,106.940002,106.300003,106.919998,722400,True,0.00384198
2009-09-28,LQD,107.0,107.190002,106.720001,107.190002,731500,True,0.00252211
2009-09-29,LQD,106.730003,107.019997,106.550003,106.769997,1299100,True,-0.00392603
2009-09-30,LQD,106.639999,106.839996,106.360001,106.68,1447400,True,-0.00084325
2009-10-01,LQD,106.150002,106.220001,104.790001,105.120003,3051300,True,-0.01473112
2009-10-02,LQD,105.400002,105.400002,104.300003,104.440002,3318300,True,-0.00648981
2009-10-05,LQD,104.370003,105.0,104.370003,105.0,1066700,True,0.00534758
2009-10-06,LQD,105.389999,105.389999,104.720001,104.779999,1470300,True,-0.00209745
2009-10-07,LQD,105.07,105.5,104.779999,105.449997,900800,True,0.00637398
2009-10-08,LQD,105.580002,105.650002,104.849998,104.860001,1012500,True,-0.00561075
2009-10-09,LQD,104.879997,104.879997,103.75,103.940002,1497300,True,-0.0088123
2009-10-12,LQD,103.610001,104.389999,103.610001,104.300003,687200,True,0.00345756
2009-10-13,LQD,104.389999,104.639999,104.199997,104.5,803100,True,0.00191568
2009-10-14,LQD,104.25,104.57,104.0,104.0,1181600,True,-0.00479617
2009-10-15,LQD,104.0,104.209999,103.580002,103.980003,1096300,True,-0.00019229
2009-10-16,LQD,103.970001,104.220001,103.760002,104.059998,876200,True,0.00076903
2009-10-19,LQD,104.279999,104.879997,104.110001,104.589996,825100,True,0.00508028
2009-10-20,LQD,105.199997,105.589996,105.129997,105.260002,873400,True,0.00638559
2009-10-21,LQD,105.040001,105.169998,104.730003,104.82,984600,True,-0.00418891
2009-10-22,LQD,105.129997,105.440002,104.82,105.440002,707200,True,0.0058975
2009-10-23,LQD,105.0,105.370003,104.849998,104.860001,640500,True,-0.00551596
2009-10-26,LQD,105.0,105.059998,104.360001,104.419998,953700,True,-0.00420492
2009-10-27,LQD,104.949997,105.470001,104.550003,105.32,732600,True,0.00858212
2009-10-28,LQD,105.199997,105.449997,104.32,104.610001,1114300,True,-0.00676418
2009-10-29,LQD,105.010002,105.059998,104.379997,104.739998,932500,True,0.00124191
2009-10-30,LQD,105.089996,105.68,104.93,105.68,1419700,True,0.00893459
2009-11-02,LQD,105.330002,105.360001,104.760002,105.040001,983600,True,-0.00607442
2009-11-03,LQD,105.019997,105.029999,104.370003,104.559998,810500,True,-0.00458019
2009-11-04,LQD,104.519997,105.010002,104.489998,104.970001,760100,True,0.00391356
2009-11-05,LQD,104.900002,105.050003,104.730003,105.040001,705000,True,0.00066663
2009-11-06,LQD,105.029999,105.32,104.650002,105.32,693100,True,0.00266209
2009-11-09,LQD,105.379997,105.519997,105.260002,105.379997,594100,True,0.00056951
2009-11-10,LQD,105.5,105.669998,105.290001,105.309998,606400,True,-0.00066448
2009-11-11,LQD,105.589996,106.0,105.470001,105.699997,688100,True,0.00369651
2009-11-12,LQD,105.650002,105.93,105.07,105.699997,1043100,True,0.0
2009-11-13,LQD,105.940002,106.010002,105.550003,106.010002,655800,True,0.00292859
2009-11-16,LQD,106.0,106.510002,105.849998,106.510002,1141700,True,0.00470545
2009-11-17,LQD,106.300003,106.669998,106.150002,106.669998,587100,True,0.00150104
2009-11-18,LQD,106.410004,106.849998,106.129997,106.32,718900,True,-0.00328653
2009-11-19,LQD,106.330002,106.629997,106.18,106.449997,855100,True,0.00122195
2009-11-20,LQD,106.529999,106.610001,105.93,105.949997,628600,True,-0.00470811
2009-11-23,LQD,105.599998,105.989998,105.440002,105.949997,1143000,True,0.0
2009-11-24,LQD,105.949997,106.540001,105.949997,106.360001,768100,True,0.00386232
2009-11-25,LQD,106.43,106.790001,106.209999,106.75,670900,True,0.00366008
2009-11-27,LQD,106.029999,106.730003,106.0,106.720001,344600,True,-0.00028106
2009-11-30,LQD,106.68,107.25,106.510002,107.25,1399900,True,0.00495396
2009-12-01,LQD,106.580002,106.720001,106.260002,106.260002,867400,True,-0.00927362
2009-12-02,LQD,106.239998,106.43,106.0,106.279999,1171600,True,0.00018817
2009-12-03,LQD,106.190002,106.32,106.080002,106.25,543300,True,-0.0002823
2009-12-04,LQD,106.0,106.029999,105.5,105.809998,1285900,True,-0.0041498
2009-12-07,LQD,105.949997,105.949997,105.5,105.760002,1128000,True,-0.00047261
2009-12-08,LQD,106.339996,106.480003,106.169998,106.209999,951700,True,0.00424586
2009-12-09,LQD,106.300003,106.480003,105.550003,105.599998,1547200,True,-0.0057599
2009-12-10,LQD,105.330002,105.919998,105.330002,105.690002,1253200,True,0.00085195
2009-12-11,LQD,105.75,105.75,105.07,105.190002,1340800,True,-0.00474204
2009-12-14,LQD,105.559998,105.779999,105.339996,105.769997,1017300,True,0.00549863
2009-12-15,LQD,105.410004,105.470001,105.010002,105.010002,884200,True,-0.00721129
2009-12-16,LQD,105.169998,105.839996,105.169998,105.410004,962300,True,0.00380194
2009-12-17,LQD,105.639999,105.900002,105.330002,105.860001,1426400,True,0.00425993
2009-12-18,LQD,106.010002,106.190002,105.639999,105.690002,792400,True,-0.00160717
2009-12-21,LQD,105.510002,105.629997,105.059998,105.18,683800,True,-0.00483713
2009-12-22,LQD,105.43,105.43,104.5,104.739998,1590500,True,-0.0041921
2009-12-23,LQD,104.980003,105.220001,104.849998,105.07,678000,True,0.00314572
2009-12-24,LQD,104.699997,105.0,104.550003,104.580002,529300,True,-0.00467445
2009-12-28,LQD,104.269997,104.660004,104.059998,104.300003,1017600,True,-0.00268096
2009-12-29,LQD,103.879997,104.190002,103.800003,104.18,610100,True,-0.00115122
2009-12-30,LQD,104.290001,104.529999,104.080002,104.300003,1405500,True,0.00115122
2009-12-31,LQD,104.029999,104.349998,103.769997,104.150002,499100,True,-0.00143921
2010-01-04,LQD,104.769997,104.769997,104.339996,104.699997,2017600,True,0.00526691
2010-01-05,LQD,104.980003,105.449997,104.860001,105.199997,1143800,True,0.00476418
2010-01-06,LQD,105.389999,105.449997,104.82,104.889999,1005500,True,-0.0029511
2010-01-07,LQD,104.970001,105.220001,104.870003,105.019997,1264100,True,0.0012386
2010-01-08,LQD,105.139999,105.25,104.970001,105.25,704600,True,0.0021877
2010-01-11,LQD,105.0,105.379997,105.0,105.360001,817500,True,0.00104459
2010-01-12,LQD,105.419998,105.650002,105.32,105.559998,1343100,True,0.00189643
2010-01-13,LQD,105.540001,105.57,105.0,105.120003,1090700,True,-0.00417691
2010-01-14,LQD,105.459999,105.5,105.029999,105.5,873200,True,0.00360837
2010-01-15,LQD,105.720001,105.800003,105.43,105.459999,834300,True,-0.00037923
2010-01-19,LQD,105.269997,105.57,105.019997,105.550003,822100,True,0.00085308
2010-01-20,LQD,105.699997,105.839996,105.43,105.480003,1112000,True,-0.00066341
2010-01-21,LQD,105.75,106.269997,105.699997,105.760002,1333400,True,0.002651
2010-01-22,LQD,105.779999,105.800003,105.5,105.599998,1003800,True,-0.00151404
2010-01-25,LQD,105.550003,105.629997,105.43,105.589996,765100,True,-9.472e-05
2010-01-26,LQD,105.690002,105.699997,105.239998,105.309998,887200,True,-0.00265528
2010-01-27,LQD,105.440002,105.440002,104.68,104.93,1496100,True,-0.00361489
2010-01-28,LQD,104.970001,105.25,104.760002,104.779999,1158800,True,-0.00143056
2010-01-29,LQD,104.989998,105.459999,104.900002,105.449997,1218600,True,0.00637398
2010-02-01,LQD,105.050003,105.080002,104.419998,104.529999,1202800,True,-0.00876278
2010-02-02,LQD,104.650002,105.07,104.650002,104.860001,1950500,True,0.00315203
2010-02-03,LQD,104.830002,104.900002,104.519997,104.75,1478800,True,-0.00104957
2010-02-04,LQD,104.849998,104.889999,104.540001,104.739998,1116700,True,-9.549e-05
2010-02-05,LQD,104.629997,104.720001,104.220001,104.419998,2204600,True,-0.00305986
2010-02-08,LQD,104.529999,104.68,104.309998,104.519997,1736500,True,0.0009572
2010-02-09,LQD,104.589996,104.699997,104.279999,104.279999,969800,True,-0.00229883
2010-02-10,LQD,104.209999,104.32,103.379997,103.470001,1178000,True,-0.00779785
2010-02-11,LQD,103.599998,103.769997,103.339996,103.709999,1045500,True,0.00231681
2010-02-12,LQD,103.830002,103.980003,103.68,103.830002,707100,True,0.00115643
2010-02-16,LQD,103.610001,104.239998,103.5,104.239998,1029500,True,0.00394095
2010-02-17,LQD,104.190002,104.209999,103.629997,103.889999,717200,True,-0.00336327
2010-02-18,LQD,103.910004,104.07,103.5,103.82,1717100,True,-0.00067401
2010-02-19,LQD,103.699997,104.190002,103.660004,104.190002,1827800,True,0.00355755
2010-02-22,LQD,104.120003,104.25,104.010002,104.25,585900,True,0.00057568
2010-02-23,LQD,104.330002,104.540001,104.190002,104.5,1095300,True,0.00239521
2010-02-24,LQD,104.650002,105.0,104.550003,104.949997,924400,True,0.00429695
2010-02-25,LQD,105.120003,105.120003,104.830002,104.839996,572300,True,-0.00104867
2010-02-26,LQD,104.989998,105.559998,104.989998,105.529999,804600,True,0.00655992
2010-03-01,LQD,105.190002,105.290001,104.900002,105.220001,598700,True,-0.00294185
2010-03-02,LQD,105.029999,105.550003,105.0,105.440002,625600,True,0.00208869
2010-03-03,LQD,105.190002,105.660004,105.190002,105.660004,746300,True,0.00208433
2010-03-04,LQD,105.559998,105.809998,105.379997,105.709999,492300,True,0.00047306
2010-03-05,LQD,105.620003,105.639999,105.110001,105.580002,786000,True,-0.00123051
2010-03-08,LQD,105.580002,105.75,105.379997,105.75,966800,True,0.00160884
2010-03-09,LQD,105.709999,105.82,105.589996,105.650002,722100,True,-0.00094606
2010-03-10,LQD,105.489998,105.75,105.370003,105.75,688200,True,0.00094606
2010-03-11,LQD,105.580002,105.75,105.440002,105.709999,480000,True,-0.00037833
2010-03-12,LQD,105.620003,105.980003,105.5,105.93,819100,True,0.00207901
2010-03-15,LQD,105.970001,105.980003,105.669998,105.910004,497200,True,-0.00018879
2010-03-16,LQD,106.0,106.400002,105.860001,106.400002,635600,True,0.00461588
2010-03-17,LQD,106.580002,106.860001,106.400002,106.790001,983900,True,0.00365871
2010-03-18,LQD,106.75,106.809998,106.580002,106.580002,497200,True,-0.0019684
2010-03-19,LQD,106.5,106.760002,106.400002,106.5,621500,True,-0.00075091
2010-03-22,LQD,106.379997,106.75,106.379997,106.669998,406000,True,0.00159495
2010-03-23,LQD,106.739998,106.849998,106.599998,106.599998,463300,True,-0.00065644
2010-03-24,LQD,106.160004,106.269997,105.589996,105.809998,801600,True,-0.00743849
2010-03-25,LQD,105.660004,105.790001,105.239998,105.43,985400,True,-0.00359778
2010-03-26,LQD,105.349998,105.75,105.309998,105.75,614000,True,0.00303059
2010-03-29,LQD,105.739998,105.790001,105.370003,105.660004,597600,True,-0.00085139
2010-03-30,LQD,105.629997,105.790001,105.449997,105.720001,616100,True,0.00056767
2010-03-31,LQD,105.82,106.010002,105.730003,105.769997,997800,True,0.00047279
2010-04-01,LQD,105.449997,105.620003,105.290001,105.529999,1565600,True,-0.00227163
2010-04-05,LQD,105.010002,105.120003,104.440002,104.559998,1417800,True,-0.00923422
2010-04-06,LQD,104.900002,105.139999,104.739998,104.809998,1175000,True,0.00238812
2010-04-07,LQD,104.93,105.489998,104.93,105.339996,1041200,True,0.00504402
2010-04-08,LQD,105.589996,105.650002,105.139999,105.139999,938600,True,-0.00190039
2010-04-09,LQD,105.25,105.400002,105.029999,105.209999,657800,True,0.00066555
2010-04-12,LQD,105.349998,105.599998,105.300003,105.510002,502800,True,0.00284741
2010-04-13,LQD,105.760002,105.919998,105.580002,105.889999,728100,True,0.00359506
2010-04-14,LQD,105.949997,106.0,105.650002,105.800003,697200,True,-0.00085027
2010-04-15,LQD,105.790001,106.139999,105.660004,105.980003,766300,True,0.00169988
2010-04-16,LQD,106.160004,106.459999,105.980003,106.230003,1091800,True,0.00235616
2010-04-19,LQD,106.360001,106.360001,105.959999,105.959999,643900,True,-0.00254493
2010-04-20,LQD,106.169998,106.209999,106.019997,106.190002,923200,True,0.00216831
2010-04-21,LQD,106.480003,106.720001,106.269997,106.559998,646600,True,0.00347822
2010-04-22,LQD,106.559998,106.75,106.300003,106.32,248000,True,-0.00225477
2010-04-23,LQD,106.269997,106.379997,106.160004,106.300003,327400,True,-0.0001881
2010-04-26,LQD,106.480003,106.559998,106.209999,106.349998,839900,True,0.00047021
2010-04-27,LQD,106.580002,106.93,106.25,106.419998,590500,True,0.00065798
2010-04-28,LQD,106.339996,106.849998,106.25,106.599998,1670600,True,0.00168999
2010-04-29,LQD,106.860001,106.949997,106.629997,106.870003,1102600,True,0.00252967
2010-04-30,LQD,107.0,107.540001,106.870003,107.309998,1031700,True,0.00410865
2010-05-03,LQD,106.910004,106.949997,106.68,106.889999,495800,True,-0.00392156
2010-05-04,LQD,107.059998,107.349998,106.949997,107.019997,844700,True,0.00121544
2010-05-05,LQD,107.010002,107.190002,106.129997,106.559998,1288500,True,-0.00430752
2010-05-06,LQD,106.349998,106.610001,102.470001,104.800003,1687800,True,-0.01665438
2010-05-07,LQD,105.589996,106.120003,104.830002,105.139999,1758600,True,0.00323899
2010-05-10,LQD,105.400002,105.970001,105.400002,105.800003,1275900,True,0.00625776
2010-05-11,LQD,105.699997,105.959999,105.370003,105.910004,997500,True,0.00103916
2010-05-12,LQD,105.779999,106.040001,105.599998,105.870003,1034900,True,-0.00037776
2010-05-13,LQD,106.190002,106.230003,105.709999,106.18,585100,True,0.00292382
2010-05-14,LQD,106.339996,106.68,105.970001,106.150002,575700,True,-0.00028257
2010-05-17,LQD,106.519997,106.790001,106.0,106.330002,877200,True,0.00169428
2010-05-18,LQD,106.660004,106.900002,106.290001,106.669998,582100,True,0.00319246
2010-05-19,LQD,106.410004,107.0,106.410004,106.730003,503300,True,0.00056237
2010-05-20,LQD,106.800003,106.93,106.260002,106.489998,1009400,True,-0.00225125
2010-05-21,LQD,106.559998,106.660004,105.93,106.309998,1775500,True,-0.00169173
2010-05-24,LQD,106.360001,106.68,106.349998,106.589996,717800,True,0.00263033
2010-05-25,LQD,106.419998,106.480003,105.959999,106.080002,901500,True,-0.00479612
2010-05-26,LQD,106.139999,106.199997,105.760002,106.150002,562000,True,0.00065966
2010-05-27,LQD,105.730003,105.739998,105.379997,105.599998,767600,True,-0.00519485
2010-05-28,LQD,105.790001,106.029999,105.400002,105.459999,1042200,True,-0.00132663
2010-06-01,LQD,105.029999,105.330002,104.870003,104.93,782400,True,-0.00503826
2010-06-02,LQD,104.93,105.300003,104.93,105.300003,521000,True,0.00351998
2010-06-03,LQD,105.269997,105.550003,104.959999,104.959999,1017000,True,-0.00323413
2010-06-04,LQD,105.220001,105.660004,105.099998,105.599998,745200,True,0.00607904
2010-06-07,LQD,105.5,106.129997,105.5,106.040001,551500,True,0.00415803
2010-06-08,LQD,105.980003,106.269997,105.760002,106.040001,953500,True,0.0
2010-06-09,LQD,105.889999,106.230003,105.660004,106.080002,526900,True,0.00037715
2010-06-10,LQD,105.739998,105.949997,105.459999,105.639999,1037200,True,-0.00415646
2010-06-11,LQD,105.889999,106.080002,105.620003,106.029999,483100,True,0.00368498
2010-06-14,LQD,105.669998,105.830002,105.440002,105.830002,712900,True,-0.00188801
2010-06-15,LQD,105.870003,105.919998,105.519997,105.699997,663100,True,-0.00122919
2010-06-16,LQD,105.839996,105.900002,105.550003,105.809998,568000,True,0.00104015
2010-06-17,LQD,106.150002,106.589996,106.0,106.510002,1487500,True,0.00659389
2010-06-18,LQD,106.529999,106.669998,106.360001,106.5,726300,True,-9.391e-05
2010-06-21,LQD,106.330002,106.790001,106.260002,106.769997,686300,True,0.00253197
2010-06-22,LQD,106.639999,107.330002,106.610001,107.290001,657000,True,0.0048585
2010-06-23,LQD,107.139999,107.790001,107.129997,107.739998,1105800,True,0.00418544
2010-06-24,LQD,107.779999,107.830002,107.25,107.309998,743000,True,-0.00399908
2010-06-25,LQD,107.32,107.739998,107.209999,107.489998,485000,True,0.00167598
2010-06-28,LQD,107.900002,108.120003,107.730003,108.080002,772700,True,0.00547391
2010-06-29,LQD,108.260002,108.260002,107.940002,108.029999,1007200,True,-0.00046276
2010-06-30,LQD,108.230003,108.459999,108.18,108.459999,850800,True,0.00397248
2010-07-01,LQD,108.160004,108.459999,108.010002,108.139999,1478700,True,-0.00295475
2010-07-02,LQD,108.150002,108.220001,107.769997,107.830002,600400,True,-0.00287075
2010-07-06,LQD,108.199997,108.599998,108.0,108.279999,993400,True,0.00416452
2010-07-07,LQD,108.220001,108.540001,108.209999,108.349998,634100,True,0.00064626
2010-07-08,LQD,108.120003,108.150002,107.870003,108.080002,738200,True,-0.002495
2010-07-09,LQD,108.080002,108.120003,107.860001,107.949997,530000,True,-0.00120358
2010-07-12,LQD,108.169998,108.260002,107.940002,108.080002,585100,True,0.00120358
2010-07-13,LQD,108.199997,108.300003,107.959999,108.139999,709000,True,0.00055497
2010-07-14,LQD,108.230003,108.720001,108.199997,108.620003,1880300,True,0.0044289
2010-07-15,LQD,108.620003,108.919998,108.620003,108.809998,1038800,True,0.00174764
2010-07-16,LQD,108.989998,109.370003,108.889999,109.0,814100,True,0.00174466
2010-07-19,LQD,108.959999,109.139999,108.879997,108.980003,580700,True,-0.00018347
2010-07-20,LQD,108.959999,109.370003,108.959999,109.099998,1052100,True,0.00110047
2010-07-21,LQD,108.989998,109.629997,108.940002,109.629997,779400,True,0.00484616
2010-07-22,LQD,109.660004,109.68,109.18,109.489998,827300,True,-0.00127783
2010-07-23,LQD,109.660004,109.690002,109.370003,109.629997,675800,True,0.00127783
2010-07-26,LQD,109.470001,109.75,109.349998,109.730003,538000,True,0.0009118
2010-07-27,LQD,109.510002,109.800003,109.360001,109.360001,1108600,True,-0.00337764
2010-07-28,LQD,109.589996,109.769997,109.239998,109.75,777600,True,0.00355985
2010-07-29,LQD,109.660004,109.900002,109.540001,109.790001,513000,True,0.00036441
2010-07-30,LQD,110.029999,110.419998,110.029999,110.300003,796300,True,0.0046345
2010-08-02,LQD,109.910004,109.949997,109.559998,109.629997,764100,True,-0.00609292
2010-08-03,LQD,109.900002,110.040001,109.699997,109.900002,1060700,True,0.00245984
2010-08-04,LQD,109.830002,109.949997,109.550003,109.559998,859900,True,-0.00309855
2010-08-05,LQD,109.690002,109.889999,109.589996,109.760002,1093400,True,0.00182386
2010-08-06,LQD,110.190002,110.480003,110.059998,110.389999,685700,True,0.00572336
2010-08-09,LQD,110.459999,110.779999,110.300003,110.75,844400,True,0.00325586
2010-08-10,LQD,110.599998,110.730003,110.379997,110.610001,1260100,True,-0.0012649
2010-08-11,LQD,110.629997,110.940002,110.540001,110.599998,934600,True,-9.043e-05
2010-08-12,LQD,110.540001,110.699997,110.18,110.209999,1427100,True,-0.00353245
2010-08-13,LQD,110.389999,110.779999,110.339996,110.639999,894800,True,0.00389405
2010-08-16,LQD,111.279999,111.970001,111.279999,111.860001,786200,True,0.01096641
2010-08-17,LQD,111.900002,111.980003,111.470001,111.68,799600,True,-0.00161045
2010-08-18,LQD,111.790001,111.989998,111.599998,111.779999,1889200,True,0.000895
2010-08-19,LQD,111.589996,112.379997,111.580002,111.900002,1439500,True,0.00107299
2010-08-20,LQD,111.849998,112.25,111.800003,112.099998,1402000,True,0.00178569
2010-08-23,LQD,111.989998,112.360001,111.830002,112.339996,549100,True,0.00213864
2010-08-24,LQD,112.610001,112.800003,112.349998,112.599998,826000,True,0.00231175
2010-08-25,LQD,113.0,113.0,112.400002,112.809998,1820000,True,0.00186326
2010-08-26,LQD,112.75,112.959999,112.580002,112.910004,703600,True,0.00088611
2010-08-27,LQD,112.720001,112.910004,111.82,111.889999,1642300,True,-0.00907483
2010-08-30,LQD,112.459999,112.720001,111.980003,112.620003,1574500,True,0.0065031
2010-08-31,LQD,112.660004,113.050003,112.400002,113.0,1450700,True,0.00336847
2010-09-01,LQD,112.349998,112.389999,111.449997,111.730003,2395600,True,-0.01130254
2010-09-02,LQD,111.470001,111.669998,111.330002,111.589996,1243900,True,-0.00125387
2010-09-03,LQD,110.720001,111.150002,110.669998,110.75,1184800,True,-0.007556
2010-09-07,LQD,111.589996,111.739998,111.0,111.57,1128300,True,0.00737678
2010-09-08,LQD,111.480003,111.5,111.199997,111.349998,556200,True,-0.00197381
2010-09-09,LQD,111.18,111.199997,110.559998,110.769997,967700,True,-0.00522243
2010-09-10,LQD,110.510002,110.940002,110.419998,110.849998,1105900,True,0.00072197
2010-09-13,LQD,110.830002,111.300003,110.75,111.0,987900,True,0.00135228
2010-09-14,LQD,111.199997,111.599998,111.129997,111.519997,1846500,True,0.00467372
2010-09-15,LQD,111.339996,111.559998,111.199997,111.339996,983200,True,-0.00161537
2010-09-16,LQD,111.040001,111.050003,110.709999,110.989998,1382000,True,-0.00314846
2010-09-17,LQD,111.339996,111.459999,111.040001,111.349998,2647200,True,0.00323829
2010-09-20,LQD,111.489998,111.589996,111.309998,111.489998,775000,True,0.0012565
2010-09-21,LQD,111.620003,112.480003,111.599998,112.339996,1416600,True,0.00759507
2010-09-22,LQD,112.449997,112.589996,112.18,112.269997,851200,True,-0.0006233
2010-09-23,LQD,112.68,112.699997,112.269997,112.349998,594200,True,0.00071233
2010-09-24,LQD,112.339996,112.339996,112.010002,112.099998,1064700,True,-0.00222767
2010-09-27,LQD,112.529999,112.75,112.410004,112.68,770900,True,0.00516063
2010-09-28,LQD,112.68,113.190002,112.610001,112.879997,595900,True,0.00177334
2010-09-29,LQD,112.919998,112.989998,112.68,112.769997,751900,True,-0.00097497
2010-09-30,LQD,112.760002,113.150002,112.199997,113.089996,1089800,True,0.00283361
2010-10-01,LQD,112.360001,112.540001,108.980003,112.110001,3916600,True,-0.00870339
2010-10-04,LQD,112.120003,112.360001,112.120003,112.290001,847300,True,0.00160428
2010-10-05,LQD,112.589996,112.720001,112.379997,112.519997,1236000,True,0.00204614
2010-10-06,LQD,113.129997,113.980003,113.07,113.25,1457100,True,0.00646681
2010-10-07,LQD,113.43,113.489998,113.169998,113.220001,713800,True,-0.00026492
2010-10-08,LQD,113.5,113.589996,113.07,113.110001,1160400,True,-0.00097204
2010-10-11,LQD,113.089996,113.400002,113.07,113.209999,460300,True,0.00088369
2010-10-12,LQD,113.279999,113.489998,112.959999,113.040001,748800,True,-0.00150275
2010-10-13,LQD,112.93,113.18,112.699997,112.980003,996600,True,-0.0005309
2010-10-14,LQD,112.839996,112.949997,112.050003,112.07,1236100,True,-0.00808717
2010-10-15,LQD,111.68,111.970001,111.360001,111.360001,1287700,True,-0.00635547
2010-10-18,LQD,111.790001,112.150002,111.760002,112.129997,662600,True,0.00689069
2010-10-19,LQD,111.790001,112.379997,111.739998,112.139999,685300,True,8.92e-05
2010-10-20,LQD,112.190002,112.620003,111.910004,112.339996,632700,True,0.00178187
2010-10-21,LQD,112.290001,112.57,112.040001,112.040001,841200,True,-0.002674
2010-10-22,LQD,112.089996,112.339996,112.0,112.18,640000,True,0.00124877
2010-10-25,LQD,112.82,112.910004,112.550003,112.580002,716400,True,0.00355937
2010-10-26,LQD,112.160004,112.440002,111.980003,111.980003,598800,True,-0.00534378
2010-10-27,LQD,111.669998,111.919998,111.660004,111.690002,1751000,True,-0.00259312
2010-10-28,LQD,111.989998,112.339996,111.910004,112.139999,1264500,True,0.00402089
2010-10-29,LQD,112.160004,112.5,112.120003,112.360001,583800,True,0.00195992
2010-11-01,LQD,112.080002,112.57,111.769997,111.889999,865500,True,-0.00419177
2010-11-02,LQD,112.080002,112.459999,112.080002,112.410004,555600,True,0.00463669
2010-11-03,LQD,112.610001,112.900002,111.800003,112.040001,932000,True,-0.00329698
2010-11-04,LQD,112.580002,113.190002,112.580002,113.099998,990300,True,0.00941641
2010-11-05,LQD,112.870003,113.029999,112.610001,112.739998,455800,True,-0.00318811
2010-11-08,LQD,112.849998,112.980003,112.57,112.800003,432500,True,0.0005321
2010-11-09,LQD,112.910004,112.919998,111.910004,111.959999,1438900,True,-0.00747471
2010-11-10,LQD,111.629997,111.93,110.809998,111.720001,1169900,True,-0.0021459
2010-11-11,LQD,111.699997,111.75,111.220001,111.230003,778500,True,-0.00439559
2010-11-12,LQD,111.099998,111.25,110.419998,110.449997,1351700,True,-0.00703726
2010-11-15,LQD,110.059998,110.279999,109.239998,109.239998,1294100,True,-0.01101563
2010-11-16,LQD,109.5,109.900002,109.019997,109.82,2219600,True,0.00529538
2010-11-17,LQD,109.910004,110.370003,109.769997,109.82,1237000,True,0.0
2010-11-18,LQD,109.93,110.080002,109.480003,109.900002,1001200,True,0.00072822
2010-11-19,LQD,110.07,110.360001,109.900002,110.279999,676400,True,0.0034517
2010-11-22,LQD,110.5,110.910004,110.5,110.889999,759800,True,0.00551614
2010-11-23,LQD,111.160004,111.190002,110.75,110.949997,749200,True,0.00054091
2010-11-24,LQD,110.440002,110.459999,109.860001,110.040001,644500,True,-0.00823568
2010-11-26,LQD,110.18,110.339996,109.959999,110.18,233400,True,0.00127145
2010-11-29,LQD,110.32,110.5,110.190002,110.290001,494600,True,0.00099787
2010-11-30,LQD,110.599998,110.739998,110.080002,110.120003,1324500,True,-0.00154256
2010-12-01,LQD,109.400002,109.559998,109.07,109.449997,1473400,True,-0.00610291
2010-12-02,LQD,109.110001,109.489998,108.919998,109.209999,1011600,True,-0.00219517
2010-12-03,LQD,109.43,109.669998,108.860001,108.900002,1391800,True,-0.00284258
2010-12-06,LQD,109.410004,109.660004,109.309998,109.660004,670700,True,0.00695466
2010-12-07,LQD,109.150002,109.349998,108.279999,108.639999,1302200,True,-0.00934505
2010-12-08,LQD,108.25,108.269997,107.230003,107.940002,3831100,True,-0.00646412
2010-12-09,LQD,108.059998,108.400002,107.779999,108.199997,1967300,True,0.0024058
2010-12-10,LQD,107.949997,108.239998,107.57,107.699997,1335200,True,-0.00463178
2010-12-13,LQD,107.610001,108.379997,107.57,108.099998,1670200,True,0.00370715
2010-12-14,LQD,107.650002,107.93,107.010002,107.440002,1976500,True,-0.00612414
2010-12-15,LQD,107.620003,107.82,106.68,106.769997,2601900,True,-0.00625562
2010-12-16,LQD,106.690002,107.339996,106.339996,107.290001,1892500,True,0.0048585
2010-12-17,LQD,107.370003,108.32,107.360001,108.269997,1678700,True,0.00909262
2010-12-20,LQD,108.419998,108.639999,108.059998,108.199997,1438200,True,-0.00064674
2010-12-21,LQD,108.339996,108.470001,107.93,108.43,985200,True,0.00212347
2010-12-22,LQD,108.489998,108.559998,108.199997,108.339996,749800,True,-0.00083041
2010-12-23,LQD,108.220001,108.389999,108.089996,108.389999,861300,True,0.00046143
2010-12-27,LQD,108.129997,108.690002,107.970001,108.599998,781400,True,0.00193557
2010-12-28,LQD,108.099998,108.190002,107.220001,107.309998,584800,True,-0.01194957
2010-12-29,LQD,107.239998,108.400002,107.169998,108.120003,1031600,True,0.00751993
2010-12-30,LQD,107.970001,108.209999,107.690002,108.169998,562900,True,0.0004623
2010-12-31,LQD,108.25,108.75,108.25,108.440002,914800,True,0.002493
2011-01-03,LQD,108.220001,108.889999,108.059998,108.860001,2447900,True,0.00386561
2011-01-04,LQD,108.980003,109.190002,108.75,109.0,962500,True,0.00128522
2011-01-05,LQD,108.510002,108.580002,108.0,108.199997,1209200,True,-0.00736654
2011-01-06,LQD,108.32,108.639999,108.199997,108.360001,1089700,True,0.00147768
2011-01-07,LQD,108.260002,109.059998,108.199997,108.910004,1118600,True,0.00506286
2011-01-10,LQD,108.779999,109.199997,108.779999,109.099998,909200,True,0.00174299
2011-01-11,LQD,108.900002,109.169998,108.580002,109.050003,845000,True,-0.00045836
2011-01-12,LQD,108.809998,109.019997,108.669998,108.980003,1291600,True,-0.00064211
2011-01-13,LQD,108.849998,109.459999,108.769997,109.449997,971000,True,0.00430339
2011-01-14,LQD,109.389999,109.43,108.889999,108.93,1629900,True,-0.00476232
2011-01-18,LQD,108.800003,109.080002,108.400002,108.870003,1422700,True,-0.00055094
2011-01-19,LQD,108.830002,108.970001,108.68,108.790001,1685300,True,-0.00073511
2011-01-20,LQD,108.580002,108.75,107.699997,108.32,1699200,True,-0.00432962
2011-01-21,LQD,108.18,108.550003,108.139999,108.480003,1056600,True,0.00147605
2011-01-24,LQD,108.550003,108.82,108.459999,108.529999,727200,True,0.00046077
2011-01-25,LQD,108.82,109.18,108.419998,109.07,1302200,True,0.00496325
2011-01-26,LQD,108.830002,108.989998,108.459999,108.459999,1647100,True,-0.00560844
2011-01-27,LQD,108.5,108.790001,108.339996,108.639999,1094300,True,0.00165823
2011-01-28,LQD,108.370003,109.019997,108.339996,108.779999,1388100,True,0.00128782
2011-01-31,LQD,108.720001,109.0,108.440002,108.480003,1849900,True,-0.00276163
2011-02-01,LQD,107.959999,108.110001,107.720001,107.910004,989200,True,-0.00526827
2011-02-02,LQD,108.120003,108.150002,107.559998,107.699997,1975700,True,-0.00194802
2011-02-03,LQD,107.510002,107.769997,107.419998,107.440002,1645800,True,-0.00241698
2011-02-04,LQD,107.300003,107.440002,106.879997,107.110001,1367700,True,-0.00307623
2011-02-07,LQD,106.93,107.349998,106.879997,107.230003,1709500,True,0.00111974
2011-02-08,LQD,107.260002,107.470001,106.790001,106.839996,1263200,True,-0.00364374
2011-02-09,LQD,106.949997,107.660004,106.82,107.529999,2124900,True,0.00643751
2011-02-10,LQD,107.199997,107.389999,106.940002,107.0,690600,True,-0.00494103
2011-02-11,LQD,107.349998,107.660004,107.230003,107.589996,817300,True,0.00549884
2011-02-14,LQD,107.330002,107.860001,107.330002,107.660004,785400,True,0.00065047
2011-02-15,LQD,107.690002,107.900002,107.529999,107.900002,621800,True,0.00222674
2011-02-16,LQD,107.889999,108.169998,107.650002,107.769997,1892600,True,-0.00120559
2011-02-17,LQD,108.120003,108.199997,107.900002,107.970001,585600,True,0.00185413
2011-02-18,LQD,107.709999,108.129997,107.660004,108.129997,505900,True,0.00148076
2011-02-22,LQD,107.989998,108.68,107.989998,108.43,1225300,True,0.00277062
2011-02-23,LQD,108.650002,108.75,108.25,108.300003,1293600,True,-0.00119962
2011-02-24,LQD,108.589996,108.75,108.360001,108.419998,718900,True,0.00110737
2011-02-25,LQD,108.709999,108.959999,108.540001,108.93,722900,True,0.00469292
2011-02-28,LQD,108.940002,109.220001,108.940002,109.220001,718600,True,0.00265873
2011-03-01,LQD,108.43,108.800003,108.379997,108.790001,1332300,True,-0.00394478
2011-03-02,LQD,108.68,108.82,108.209999,108.209999,837100,True,-0.00534565
2011-03-03,LQD,108.080002,108.150002,107.690002,107.75,1024200,True,-0.00426005
2011-03-04,LQD,107.849998,108.269997,107.82,108.160004,1385200,True,0.00379792
2011-03-07,LQD,107.739998,108.279999,107.739998,107.889999,451800,True,-0.00249946
2011-03-08,LQD,107.919998,108.010002,107.660004,107.75,745900,True,-0.00129845
2011-03-09,LQD,107.900002,108.389999,107.800003,108.309998,1745300,True,0.00518373
2011-03-10,LQD,108.5,108.839996,108.129997,108.75,965400,True,0.00405421
2011-03-11,LQD,108.709999,109.0,108.529999,108.650002,1541500,True,-0.00091995
2011-03-14,LQD,108.940002,109.099998,108.699997,108.769997,1095700,True,0.00110381
2011-03-15,LQD,109.029999,109.07,108.620003,108.760002,1659400,True,-9.189e-05
2011-03-16,LQD,109.260002,109.989998,109.059998,109.410004,2000100,True,0.00595869
2011-03-17,LQD,109.07,109.459999,108.970001,109.339996,1117800,True,-0.00064007
2011-03-18,LQD,108.940002,109.489998,108.93,109.410004,693500,True,0.00064007
2011-03-21,LQD,109.099998,109.360001,108.940002,109.059998,870400,True,-0.00320416
2011-03-22,LQD,108.830002,109.290001,108.830002,109.260002,463300,True,0.00183222
2011-03-23,LQD,109.400002,109.480003,109.0,109.190002,537800,True,-0.00064088
2011-03-24,LQD,109.089996,109.139999,108.779999,108.830002,516800,True,-0.00330246
2011-03-25,LQD,108.870003,109.080002,108.550003,108.669998,420200,True,-0.0014713
2011-03-28,LQD,108.5,108.860001,108.360001,108.709999,573000,True,0.00036803
2011-03-29,LQD,108.400002,108.739998,108.120003,108.18,625000,True,-0.00488727
2011-03-30,LQD,108.199997,108.550003,108.190002,108.550003,754700,True,0.00341442
2011-03-31,LQD,108.610001,108.610001,108.110001,108.199997,832900,True,-0.00322959
2011-04-01,LQD,107.760002,108.389999,107.519997,108.279999,2873600,True,0.00073912
2011-04-04,LQD,108.300003,108.639999,108.300003,108.529999,767300,True,0.00230617
2011-04-05,LQD,108.610001,108.610001,108.25,108.589996,1901800,True,0.00055267
2011-04-06,LQD,108.559998,108.57,108.18,108.239998,1253300,True,-0.00322832
2011-04-07,LQD,108.300003,108.339996,108.0,108.080002,641400,True,-0.00147925
2011-04-08,LQD,108.0,108.230003,107.900002,108.019997,572200,True,-0.00055535
2011-04-11,LQD,107.900002,108.18,107.900002,108.029999,667500,True,9.259e-05
2011-04-12,LQD,108.43,108.580002,108.25,108.410004,625100,True,0.00351141
2011-04-13,LQD,108.239998,108.669998,108.239998,108.599998,673700,True,0.00175102
2011-04-14,LQD,108.760002,108.760002,108.260002,108.330002,1076400,True,-0.00248925
2011-04-15,LQD,108.730003,109.0,108.730003,108.900002,662600,True,0.0052479
2011-04-18,LQD,108.809998,109.160004,108.559998,109.050003,822800,True,0.00137648
2011-04-19,LQD,109.190002,109.440002,109.080002,109.279999,467300,True,0.00210686
2011-04-20,LQD,109.410004,109.43,109.209999,109.330002,515400,True,0.00045746
2011-04-21,LQD,109.379997,109.699997,109.260002,109.43,624800,True,0.00091423
2011-04-25,LQD,109.410004,109.610001,109.339996,109.540001,687000,True,0.00100471
2011-04-26,LQD,109.620003,110.080002,109.610001,110.050003,953600,True,0.00464505
2011-04-27,LQD,109.849998,110.0,109.68,109.910004,716100,True,-0.00127295
2011-04-28,LQD,109.949997,110.290001,109.849998,110.260002,508700,True,0.00317935
2011-04-29,LQD,110.190002,110.480003,110.160004,110.470001,756000,True,0.00190277
2011-05-02,LQD,110.050003,110.43,109.959999,110.300003,1771000,True,-0.00154005
2011-05-03,LQD,110.330002,110.400002,110.089996,110.25,661300,True,-0.00045344
2011-05-04,LQD,110.459999,110.589996,110.309998,110.410004,720600,True,0.00145023
2011-05-05,LQD,110.510002,110.879997,110.510002,110.790001,771600,True,0.00343578
2011-05-06,LQD,110.559998,111.029999,110.419998,110.790001,857100,True,0.0
2011-05-09,LQD,110.809998,111.0,110.730003,110.900002,485200,True,0.00099238
2011-05-10,LQD,110.800003,110.830002,110.400002,110.449997,974700,True,-0.00406601
2011-05-11,LQD,110.449997,110.769997,110.309998,110.629997,538900,True,0.00162837
2011-05-12,LQD,110.57,110.699997,110.18,110.370003,595000,True,-0.00235289
2011-05-13,LQD,110.639999,110.93,110.550003,110.699997,1062900,True,0.00298543
2011-05-16,LQD,110.639999,111.080002,110.599998,111.019997,614900,True,0.00288652
2011-05-17,LQD,111.050003,111.349998,110.989998,111.169998,1227800,True,0.00135021
2011-05-18,LQD,111.239998,111.360001,110.870003,110.889999,477800,True,-0.00252183
2011-05-19,LQD,110.589996,111.099998,110.5,111.080002,430800,True,0.00171197
2011-05-20,LQD,110.959999,111.089996,110.800003,111.0,585600,True,-0.00072048
2011-05-23,LQD,111.290001,111.349998,110.900002,110.93,1200000,True,-0.00063083
2011-05-24,LQD,110.860001,111.190002,110.809998,111.07,590500,True,0.00126126
2011-05-25,LQD,111.220001,111.220001,110.779999,110.849998,675300,True,-0.00198271
2011-05-26,LQD,111.099998,111.339996,110.980003,111.330002,1042600,True,0.00432086
2011-05-27,LQD,111.120003,111.449997,111.110001,111.449997,510300,True,0.00107725
2011-05-31,LQD,111.43,111.580002,111.300003,111.440002,1022400,True,-8.968e-05
2011-06-01,LQD,111.379997,111.900002,111.309998,111.57,1467600,True,0.00116584
2011-06-02,LQD,111.25,111.25,110.540001,110.559998,1448900,True,-0.00909386
2011-06-03,LQD,111.029999,111.239998,110.529999,110.800003,684700,True,0.00216846
2011-06-06,LQD,110.529999,110.779999,110.449997,110.610001,445500,True,-0.0017163
2011-06-07,LQD,110.529999,111.029999,110.470001,110.989998,405200,True,0.00342958
2011-06-08,LQD,111.029999,111.239998,110.910004,111.059998,450600,True,0.00063049
2011-06-09,LQD,111.150002,111.25,110.559998,110.760002,1355700,True,-0.00270486
2011-06-10,LQD,110.82,110.989998,110.529999,110.629997,1379300,True,-0.00117444
2011-06-13,LQD,110.589996,110.870003,110.480003,110.75,908900,True,0.00108413
2011-06-14,LQD,110.419998,110.550003,110.309998,110.419998,690200,True,-0.00298415
2011-06-15,LQD,110.349998,111.050003,110.300003,111.029999,1024100,True,0.00550916
2011-06-16,LQD,111.0,111.089996,110.730003,110.82,1002000,True,-0.00189316
2011-06-17,LQD,110.779999,111.050003,110.760002,110.860001,556100,True,0.00036089
2011-06-20,LQD,110.989998,111.0,110.620003,110.879997,619400,True,0.00018036
2011-06-21,LQD,110.849998,111.059998,110.650002,110.849998,692800,True,-0.00027059
2011-06-22,LQD,111.089996,111.099998,110.699997,111.0,703200,True,0.00135228
2011-06-23,LQD,111.059998,111.43,111.0,111.290001,796100,True,0.00260921
2011-06-24,LQD,111.309998,111.559998,111.190002,111.349998,716900,True,0.00053896
2011-06-27,LQD,111.389999,111.419998,110.910004,110.989998,995100,True,-0.00323829
2011-06-28,LQD,110.739998,110.82,110.129997,110.220001,863400,True,-0.00696171
2011-06-29,LQD,110.190002,110.339996,109.800003,109.970001,1041200,True,-0.00227077
2011-06-30,LQD,110.169998,110.209999,109.57,110.129997,1004100,True,0.00145385
2011-07-01,LQD,109.959999,109.959999,109.389999,109.709999,1495800,True,-0.00382095
2011-07-05,LQD,109.720001,110.379997,109.720001,110.099998,1116100,True,0.00354852
2011-07-06,LQD,110.18,110.339996,110.010002,110.330002,1343800,True,0.00208686
2011-07-07,LQD,110.07,110.43,110.0,110.360001,1463800,True,0.00027186
2011-07-08,LQD,110.800003,111.150002,110.510002,111.07,1044300,True,0.00641288
2011-07-11,LQD,111.360001,111.5,111.0,111.440002,1397100,True,0.00332572
2011-07-12,LQD,111.75,111.75,111.339996,111.529999,694400,True,0.00080725
2011-07-13,LQD,111.660004,111.849998,111.410004,111.809998,1014400,True,0.00250738
2011-07-14,LQD,111.599998,111.650002,111.07,111.120003,761200,True,-0.00619026
2011-07-15,LQD,111.07,111.379997,110.970001,111.370003,531400,True,0.00224729
2011-07-18,LQD,111.309998,111.339996,110.82,110.940002,1163600,True,-0.00386848
2011-07-19,LQD,110.980003,111.57,110.93,111.480003,1230200,True,0.0048557
2011-07-20,LQD,111.419998,111.589996,111.120003,111.220001,1019800,True,-0.002335
2011-07-21,LQD,111.050003,111.260002,110.849998,111.050003,931400,True,-0.00152965
2011-07-22,LQD,111.330002,111.529999,111.18,111.5,1121000,True,0.00404401
2011-07-25,LQD,111.019997,111.440002,110.82,110.970001,1166900,True,-0.00476469
2011-07-26,LQD,111.089996,111.68,111.089996,111.459999,900200,True,0.00440587
2011-07-27,LQD,111.32,111.43,110.989998,111.129997,762400,True,-0.00296511
2011-07-28,LQD,111.459999,111.529999,111.290001,111.370003,890200,True,0.00215735
2011-07-29,LQD,111.699997,112.440002,111.540001,112.370003,1680200,True,0.00893901
2011-08-01,LQD,112.239998,112.830002,112.129997,112.279999,2151200,True,-0.00080128
2011-08-02,LQD,112.589996,113.239998,112.349998,113.220001,1427300,True,0.0083371
2011-08-03,LQD,113.370003,113.709999,113.150002,113.18,2093400,True,-0.00035336
2011-08-04,LQD,113.410004,114.169998,113.290001,114.0,2160900,True,0.00721897
2011-08-05,LQD,113.860001,113.919998,112.379997,112.589996,2470900,True,-0.01244558
2011-08-08,LQD,112.470001,112.470001,111.510002,111.519997,2548400,True,-0.00954895
2011-08-09,LQD,111.68,113.639999,111.550003,112.519997,2109000,True,0.00892704
2011-08-10,LQD,113.18,113.739998,112.790001,113.529999,1264900,True,0.00893615
2011-08-11,LQD,112.199997,113.300003,110.809998,111.199997,1858300,True,-0.02073675
2011-08-12,LQD,111.769997,112.629997,111.519997,112.470001,1962400,True,0.01135618
2011-08-15,LQD,112.529999,112.809998,112.300003,112.68,1884300,True,0.00186542
2011-08-16,LQD,112.519997,113.309998,112.410004,113.089996,1692300,True,0.00363198
2011-08-17,LQD,113.379997,113.730003,112.980003,113.400002,1050200,True,0.00273748
2011-08-18,LQD,113.93,114.0,113.209999,113.550003,1358100,True,0.00132189
2011-08-19,LQD,113.449997,113.610001,113.18,113.410004,1749300,True,-0.00123369
2011-08-22,LQD,113.550003,113.650002,112.910004,112.989998,1464200,True,-0.0037103
2011-08-23,LQD,112.459999,112.5,111.449997,111.699997,2340100,True,-0.01148262
2011-08-24,LQD,111.480003,111.620003,110.199997,110.379997,1513600,True,-0.01188775
2011-08-25,LQD,110.910004,111.18,110.669998,110.989998,1480200,True,0.00551115
2011-08-26,LQD,111.139999,111.620003,110.889999,111.040001,1134400,True,0.00045042
2011-08-29,LQD,110.949997,111.470001,110.849998,111.400002,1186200,True,0.00323684
2011-08-30,LQD,111.769997,112.160004,111.660004,111.989998,1420000,True,0.00528222
2011-08-31,LQD,112.449997,112.739998,112.199997,112.330002,1332700,True,0.00303142
2011-09-01,LQD,112.379997,112.559998,111.529999,112.0,2821200,True,-0.00294211
2011-09-02,LQD,112.800003,113.0,112.25,112.690002,1386300,True,0.00614184
2011-09-06,LQD,112.839996,113.959999,112.510002,113.349998,4665100,True,0.00583966
2011-09-07,LQD,113.57,113.82,113.260002,113.57,826700,True,0.00193902
2011-09-08,LQD,113.739998,113.739998,113.150002,113.470001,1397100,True,-0.00088089
2011-09-09,LQD,113.400002,113.900002,113.080002,113.589996,1029500,True,0.00105695
2011-09-12,LQD,113.050003,113.519997,112.82,112.900002,1749500,True,-0.00609296
2011-09-13,LQD,112.690002,112.980003,112.5,112.879997,1536800,True,-0.0001772
2011-09-14,LQD,112.68,113.110001,112.68,112.830002,954900,True,-0.00044301
2011-09-15,LQD,112.419998,112.629997,112.25,112.440002,1326900,True,-0.00346251
2011-09-16,LQD,112.300003,112.82,112.300003,112.440002,1528700,True,0.0
2011-09-19,LQD,113.0,113.199997,112.919998,113.059998,903300,True,0.00549886
2011-09-20,LQD,113.099998,113.32,113.0,113.110001,889200,True,0.00044217
2011-09-21,LQD,113.110001,113.550003,112.75,113.370003,1006500,True,0.00229603
2011-09-22,LQD,113.68,113.809998,112.900002,113.589996,1304000,True,0.00193861
2011-09-23,LQD,113.449997,113.519997,112.889999,112.889999,686500,True,-0.00618155
2011-09-26,LQD,112.699997,113.019997,112.449997,112.68,811500,True,-0.00186194
2011-09-27,LQD,112.150002,112.550003,112.040001,112.32,1298700,True,-0.00320001
2011-09-28,LQD,112.18,112.18,111.660004,111.870003,1238500,True,-0.00401443
2011-09-29,LQD,112.099998,112.269997,111.75,111.75,864500,True,-0.00107327
2011-09-30,LQD,112.330002,112.43,111.900002,112.309998,1483800,True,0.00499865
2011-10-03,LQD,112.019997,112.190002,111.690002,112.099998,3575400,True,-0.00187157
2011-10-04,LQD,112.139999,112.150002,110.75,111.120003,1753300,True,-0.00878059
2011-10-05,LQD,111.260002,111.599998,110.690002,111.580002,4530500,True,0.00413112
2011-10-06,LQD,111.639999,111.82,111.080002,111.129997,1410900,True,-0.00404118
2011-10-07,LQD,111.150002,111.489998,110.949997,111.029999,2117800,True,-0.00090024
2011-10-10,LQD,111.029999,111.360001,110.650002,111.239998,953700,True,0.00188959
2011-10-11,LQD,111.540001,111.75,111.139999,111.540001,2097300,True,0.00269327
2011-10-12,LQD,111.540001,111.879997,111.209999,111.709999,1613100,True,0.00152294
2011-10-13,LQD,111.980003,112.010002,111.660004,111.809998,1494400,True,0.00089476
2011-10-14,LQD,111.139999,111.919998,111.080002,111.739998,1051900,True,-0.00062626
2011-10-17,LQD,111.949997,111.949997,111.629997,111.660004,979000,True,-0.00071615
2011-10-18,LQD,111.849998,112.279999,111.800003,112.050003,835100,True,0.00348665
2011-10-19,LQD,112.279999,112.5,112.0,112.339996,1839700,True,0.00258473
2011-10-20,LQD,112.300003,112.650002,112.07,112.589996,937600,True,0.00222291
2011-10-21,LQD,112.650002,113.019997,112.639999,112.959999,850600,True,0.0032809
2011-10-24,LQD,113.220001,113.540001,113.199997,113.540001,1341200,True,0.00512144
2011-10-25,LQD,113.480003,114.199997,113.43,114.099998,1546300,True,0.00492004
2011-10-26,LQD,114.220001,114.309998,113.769997,114.019997,1035800,True,-0.0007014
2011-10-27,LQD,113.970001,114.639999,113.900002,114.0,2364200,True,-0.00017539
2011-10-28,LQD,114.25,114.720001,114.040001,114.440002,2102500,True,0.00385224
2011-10-31,LQD,114.639999,114.949997,114.349998,114.699997,1548300,True,0.00226931
2011-11-01,LQD,114.699997,114.989998,114.360001,114.870003,1530900,True,0.00148108
2011-11-02,LQD,114.739998,115.32,114.599998,115.290001,1871200,True,0.00364962
2011-11-03,LQD,115.169998,115.529999,114.860001,115.349998,1868200,True,0.00052027
2011-11-04,LQD,115.300003,115.68,115.019997,115.580002,1489300,True,0.00199198
2011-11-07,LQD,115.400002,115.68,115.07,115.120003,757000,True,-0.00398786
2011-11-08,LQD,115.110001,115.239998,114.370003,114.410004,4358700,True,-0.00618657
2011-11-09,LQD,114.620003,114.879997,114.059998,114.110001,1252300,True,-0.00262562
2011-11-10,LQD,113.779999,113.870003,113.059998,113.540001,1487800,True,-0.00500769
2011-11-11,LQD,113.57,113.580002,112.980003,113.339996,1114200,True,-0.00176309
2011-11-14,LQD,113.410004,113.610001,113.199997,113.330002,821400,True,-8.819e-05
2011-11-15,LQD,113.260002,113.550003,113.010002,113.220001,1425200,True,-0.00097109
2011-11-16,LQD,113.370003,113.370003,112.75,112.860001,2641800,True,-0.00318472
2011-11-17,LQD,112.730003,112.93,111.900002,111.970001,4230700,True,-0.00791713
2011-11-18,LQD,111.970001,112.199997,111.779999,112.150002,1280400,True,0.00160629
2011-11-21,LQD,112.120003,112.120003,111.580002,111.690002,1355300,True,-0.00411008
2011-11-22,LQD,111.510002,111.720001,111.400002,111.400002,1391700,True,-0.00259986
2011-11-23,LQD,111.199997,111.199997,110.650002,110.830002,1796600,True,-0.00512983
2011-11-25,LQD,110.610001,110.830002,110.330002,110.389999,660100,True,-0.00397797
2011-11-28,LQD,110.129997,110.809998,109.809998,110.440002,2416000,True,0.00045286
2011-11-29,LQD,110.389999,110.43,109.93,110.190002,1460500,True,-0.00226624
2011-11-30,LQD,110.800003,110.900002,110.440002,110.690002,1759300,True,0.00452735
2011-12-01,LQD,110.300003,110.639999,110.110001,110.559998,1661300,True,-0.00117519
2011-12-02,LQD,110.849998,111.550003,110.57,111.5,1882200,True,0.00846625
2011-12-05,LQD,111.5,112.330002,111.449997,112.330002,1826300,True,0.00741639
2011-12-06,LQD,112.059998,112.370003,111.669998,111.730003,1166900,True,-0.00535571
2011-12-07,LQD,112.160004,112.470001,111.989998,112.43,1560000,True,0.00624553
2011-12-08,LQD,112.300003,112.339996,111.959999,112.050003,1110300,True,-0.00338558
2011-12-09,LQD,112.379997,112.440002,111.5,111.620003,1018000,True,-0.00384496
2011-12-12,LQD,111.910004,111.959999,111.470001,111.629997,574500,True,8.954e-05
2011-12-13,LQD,111.68,112.290001,111.650002,112.010002,1206100,True,0.00339837
2011-12-14,LQD,112.150002,112.290001,111.900002,112.199997,1085400,True,0.00169479
2011-12-15,LQD,112.199997,112.5,112.190002,112.379997,912600,True,0.001603
2011-12-16,LQD,112.5,113.050003,112.449997,113.010002,1464900,True,0.00559037
2011-12-19,LQD,113.129997,113.489998,112.870003,113.410004,1061800,True,0.00353327
2011-12-20,LQD,113.32,113.580002,113.199997,113.330002,1127900,True,-0.00070567
2011-12-21,LQD,113.379997,113.440002,112.849998,112.849998,1159500,True,-0.00424444
2011-12-22,LQD,113.190002,113.5,113.110001,113.440002,1762800,True,0.00521459
2011-12-23,LQD,113.349998,113.349998,112.949997,113.089996,830600,True,-0.00309015
2011-12-27,LQD,112.82,113.139999,112.43,113.129997,872900,True,0.00035365
2011-12-28,LQD,113.279999,113.5,113.050003,113.339996,501500,True,0.00185454
2011-12-29,LQD,113.489998,113.5,113.019997,113.279999,971600,True,-0.0005295
2011-12-30,LQD,113.449997,113.849998,113.330002,113.760002,807100,True,0.00422837
2012-01-03,LQD,113.800003,114.0,113.5,113.669998,2509400,True,-0.00079149
2012-01-04,LQD,113.75,113.949997,113.440002,113.760002,1641400,True,0.00079149
2012-01-05,LQD,113.699997,113.760002,113.199997,113.269997,1454800,True,-0.00431667
2012-01-06,LQD,113.489998,113.82,113.389999,113.709999,781000,True,0.00387702
2012-01-09,LQD,113.830002,113.93,113.540001,113.540001,1184400,True,-0.00149613
2012-01-10,LQD,113.699997,113.919998,113.610001,113.860001,1946400,True,0.00281442
2012-01-11,LQD,113.889999,114.050003,113.809998,113.839996,2382700,True,-0.00017571
2012-01-12,LQD,114.18,114.379997,114.010002,114.099998,1820800,True,0.00228132
2012-01-13,LQD,114.440002,114.82,114.349998,114.510002,3220100,True,0.00358693
2012-01-17,LQD,114.779999,114.889999,114.610001,114.860001,1689000,True,0.00305183
2012-01-18,LQD,115.0,115.040001,114.589996,114.629997,1643200,True,-0.00200447
2012-01-19,LQD,114.769997,114.93,114.419998,114.599998,1268300,True,-0.00026174
2012-01-20,LQD,114.529999,114.610001,114.209999,114.309998,1140300,True,-0.00253376
2012-01-23,LQD,114.239998,114.400002,114.139999,114.139999,1129000,True,-0.00148827
2012-01-24,LQD,114.239998,114.57,114.160004,114.550003,1321300,True,0.00358568
2012-01-25,LQD,114.610001,115.529999,114.389999,114.940002,1697600,True,0.00339884
2012-01-26,LQD,115.629997,115.870003,115.510002,115.839996,1342800,True,0.00779962
2012-01-27,LQD,115.910004,116.209999,115.75,116.010002,1148400,True,0.00146652
2012-01-30,LQD,116.400002,116.410004,115.839996,115.860001,1325500,True,-0.00129384
2012-01-31,LQD,116.139999,116.379997,115.949997,116.199997,1504000,True,0.00293025
2012-02-01,LQD,116.080002,116.32,115.739998,116.269997,3195600,True,0.00060223
2012-02-02,LQD,116.279999,116.57,116.199997,116.510002,2860600,True,0.00206208
2012-02-03,LQD,116.099998,116.389999,115.900002,116.339996,2148400,True,-0.00146022
2012-02-06,LQD,116.239998,116.839996,116.239998,116.639999,1141700,True,0.00257536
2012-02-07,LQD,116.440002,116.559998,116.199997,116.419998,1061100,True,-0.00188794
2012-02-08,LQD,116.470001,116.650002,116.32,116.540001,1651200,True,0.00103024
2012-02-09,LQD,116.5,116.510002,115.980003,116.169998,2439000,True,-0.00317995
2012-02-10,LQD,116.18,116.25,115.830002,116.059998,1776500,True,-0.00094734
2012-02-13,LQD,116.5,116.529999,116.290001,116.459999,1061300,True,0.00344058
2012-02-14,LQD,116.519997,116.739998,116.400002,116.550003,1972900,True,0.00077253
2012-02-15,LQD,116.650002,116.860001,116.349998,116.389999,1025100,True,-0.00137378
2012-02-16,LQD,116.43,116.43,116.019997,116.190002,1821400,True,-0.00171981
2012-02-17,LQD,115.959999,116.139999,115.830002,116.010002,1858600,True,-0.00155039
2012-02-21,LQD,116.169998,116.300003,115.82,115.82,1887500,True,-0.00163915
2012-02-22,LQD,116.169998,116.580002,115.940002,116.540001,2834500,True,0.00619731
2012-02-23,LQD,116.449997,116.720001,116.220001,116.699997,1590800,True,0.00137194
2012-02-24,LQD,116.830002,116.989998,116.529999,116.790001,2175100,True,0.00077094
2012-02-27,LQD,117.18,117.300003,116.970001,117.220001,1160200,True,0.00367506
2012-02-28,LQD,117.5,117.800003,117.410004,117.589996,2136700,True,0.00315145
2012-02-29,LQD,117.599998,117.870003,117.400002,117.699997,1769800,True,0.00093502
2012-03-01,LQD,116.940002,117.190002,116.790001,117.019997,2300600,True,-0.00579416
2012-03-02,LQD,117.029999,117.370003,117.010002,117.059998,1880600,True,0.00034177
2012-03-05,LQD,117.18,117.309998,116.690002,116.849998,1646400,True,-0.00179556
2012-03-06,LQD,116.82,116.910004,116.5,116.669998,1682900,True,-0.00154163
2012-03-07,LQD,116.68,116.849998,116.519997,116.620003,1410400,True,-0.00042861
2012-03-08,LQD,116.720001,116.830002,116.529999,116.639999,1202400,True,0.00017145
2012-03-09,LQD,116.529999,116.599998,116.269997,116.580002,1659400,True,-0.00051451
2012-03-12,LQD,116.75,116.779999,116.339996,116.349998,2027900,True,-0.00197487
2012-03-13,LQD,116.269997,116.400002,115.919998,116.029999,2230100,True,-0.00275411
2012-03-14,LQD,115.739998,115.739998,114.599998,114.650002,3067800,True,-0.01196475
2012-03-15,LQD,114.720001,115.120003,114.290001,114.400002,2035800,True,-0.00218293
2012-03-16,LQD,114.199997,114.589996,114.0,114.57,3390500,True,0.00148489
2012-03-19,LQD,114.540001,114.629997,114.160004,114.410004,1961200,True,-0.00139747
2012-03-20,LQD,114.18,114.5,114.050003,114.339996,1825900,True,-0.00061209
2012-03-21,LQD,114.580002,114.900002,114.459999,114.860001,2112500,True,0.00453757
2012-03-22,LQD,114.82,114.839996,114.599998,114.669998,3073000,True,-0.00165558
2012-03-23,LQD,114.919998,115.099998,114.760002,114.760002,2235200,True,0.00078459
2012-03-26,LQD,115.019997,115.279999,114.82,115.010002,1600200,True,0.00217609
2012-03-27,LQD,115.019997,115.949997,115.019997,115.900002,2904800,True,0.00770866
2012-03-28,LQD,115.730003,116.0,115.519997,115.68,1666400,True,-0.0019
2012-03-29,LQD,115.870003,116.040001,115.620003,115.910004,1632100,True,0.0019863
2012-03-30,LQD,116.099998,116.18,115.480003,115.629997,4285000,True,-0.00241865
2012-04-02,LQD,115.43,115.599998,115.160004,115.529999,6107600,True,-0.00086519
2012-04-03,LQD,115.5,115.800003,114.389999,114.43,2724100,True,-0.00956694
2012-04-04,LQD,114.809998,114.989998,114.639999,114.650002,1620100,True,0.00192074
2012-04-05,LQD,114.879997,115.129997,114.599998,114.839996,1646300,True,0.0016558
2012-04-09,LQD,115.650002,115.739998,115.389999,115.589996,1026600,True,0.00650959
2012-04-10,LQD,115.809998,115.809998,115.470001,115.519997,2263600,True,-0.00060577
2012-04-11,LQD,115.519997,115.580002,114.989998,115.400002,1311400,True,-0.00103928
2012-04-12,LQD,115.599998,115.699997,115.389999,115.449997,1400700,True,0.00043314
2012-04-13,LQD,115.699997,116.040001,115.699997,116.0,1012800,True,0.00475268
2012-04-16,LQD,115.970001,116.290001,115.900002,116.0,2396800,True,0.0
2012-04-17,LQD,115.970001,116.169998,115.809998,116.150002,2229300,True,0.00129228
2012-04-18,LQD,116.230003,116.279999,116.050003,116.129997,2663500,True,-0.00017224
2012-04-19,LQD,116.389999,116.400002,116.129997,116.209999,1141800,True,0.00068866
2012-04-20,LQD,116.080002,116.269997,115.93,116.18,663400,True,-0.00025818
2012-04-23,LQD,116.400002,116.410004,116.150002,116.199997,976400,True,0.0001721
2012-04-24,LQD,116.160004,116.209999,115.940002,115.989998,1988800,True,-0.00180886
2012-04-25,LQD,115.849998,116.230003,115.75,116.190002,1709800,True,0.00172284
2012-04-26,LQD,116.25,116.540001,116.239998,116.379997,1116300,True,0.00163387
2012-04-27,LQD,116.470001,116.599998,116.269997,116.550003,1601000,True,0.00145972
2012-04-30,LQD,116.68,116.760002,116.419998,116.480003,1733000,True,-0.00060078
2012-05-01,LQD,116.389999,116.510002,115.830002,115.870003,2430700,True,-0.00525072
2012-05-02,LQD,116.129997,116.290001,116.059998,116.25,2046500,True,0.00327415
2012-05-03,LQD,116.25,116.449997,116.110001,116.32,1356300,True,0.00060197
2012-05-04,LQD,116.480003,116.580002,116.440002,116.449997,686400,True,0.00111696
2012-05-07,LQD,116.5,116.699997,116.400002,116.650002,787200,True,0.00171604
2012-05-08,LQD,116.75,117.0,116.620003,116.940002,1570700,True,0.00248299
2012-05-09,LQD,116.650002,116.989998,116.57,116.739998,2175700,True,-0.00171178
2012-05-10,LQD,116.620003,116.68,116.300003,116.5,1600000,True,-0.00205795
2012-05-11,LQD,116.779999,117.0,116.75,116.849998,2977200,True,0.00299977
2012-05-14,LQD,117.059998,117.18,116.760002,116.879997,1925800,True,0.0002567
2012-05-15,LQD,117.059998,117.059998,116.620003,116.730003,2455300,True,-0.00128414
2012-05-16,LQD,116.309998,116.910004,116.220001,116.790001,2700500,True,0.00051385
2012-05-17,LQD,116.389999,116.449997,115.900002,115.919998,2367900,True,-0.00747718
2012-05-18,LQD,115.75,115.769997,115.389999,115.470001,1969000,True,-0.00388952
2012-05-21,LQD,115.470001,115.660004,115.25,115.599998,1387000,True,0.00112518
2012-05-22,LQD,115.379997,115.599998,115.220001,115.290001,1728300,True,-0.00268524
2012-05-23,LQD,115.389999,115.800003,115.370003,115.57,1870700,True,0.0024257
2012-05-24,LQD,115.589996,115.639999,115.43,115.589996,1212900,True,0.00017301
2012-05-25,LQD,115.68,115.910004,115.599998,115.879997,594000,True,0.00250573
2012-05-29,LQD,115.980003,116.290001,115.949997,116.050003,2514200,True,0.00146601
2012-05-30,LQD,116.480003,116.57,116.129997,116.150002,1919500,True,0.00086131
2012-05-31,LQD,116.489998,117.0,116.25,116.970001,4629800,True,0.00703503
2012-06-01,LQD,116.589996,117.300003,116.330002,117.290001,3800200,True,0.00273201
2012-06-04,LQD,116.75,116.910004,116.360001,116.400002,2643900,True,-0.00761696
2012-06-05,LQD,116.269997,116.489998,116.07,116.150002,2430900,True,-0.00215008
2012-06-06,LQD,116.269997,116.269997,115.57,115.809998,2499400,True,-0.00293158
2012-06-07,LQD,115.889999,116.099998,115.730003,116.050003,2929700,True,0.00207026
2012-06-08,LQD,116.559998,116.669998,116.199997,116.480003,1713000,True,0.00369845
2012-06-11,LQD,116.459999,116.730003,116.279999,116.459999,1354200,True,-0.00017175
2012-06-12,LQD,116.349998,116.43,115.93,116.120003,926300,True,-0.0029237
2012-06-13,LQD,116.190002,116.550003,116.040001,116.540001,1333000,True,0.00361041
2012-06-14,LQD,116.480003,116.559998,116.169998,116.400002,1574900,True,-0.00120202
2012-06-15,LQD,116.75,116.959999,116.620003,116.879997,1347100,True,0.0041152
2012-06-18,LQD,116.959999,117.0,116.699997,116.830002,996800,True,-0.00042784
2012-06-19,LQD,116.970001,117.309998,116.669998,116.720001,2159200,True,-0.00094199
2012-06-20,LQD,116.660004,116.980003,116.480003,116.769997,2579000,True,0.00042824
2012-06-21,LQD,116.980003,117.269997,116.919998,116.949997,2229400,True,0.00154031
2012-06-22,LQD,116.940002,117.120003,116.800003,116.860001,1245600,True,-0.00076982
2012-06-25,LQD,117.120003,117.339996,116.959999,117.160004,1702300,True,0.00256391
2012-06-26,LQD,117.089996,117.419998,117.019997,117.279999,1642300,True,0.00102367
2012-06-27,LQD,117.489998,117.610001,117.32,117.440002,2352100,True,0.00136336
2012-06-28,LQD,117.68,117.860001,117.610001,117.620003,2286500,True,0.00153153
2012-06-29,LQD,117.5,117.809998,117.400002,117.589996,2348600,True,-0.00025515
2012-07-02,LQD,117.580002,118.0,117.449997,117.82,2310500,True,0.00195407
2012-07-03,LQD,117.860001,117.989998,117.739998,117.919998,808800,True,0.00084838
2012-07-05,LQD,117.980003,118.339996,117.93,118.220001,1982300,True,0.00254089
2012-07-06,LQD,118.389999,118.57,118.019997,118.519997,1533100,True,0.00253439
2012-07-09,LQD,118.410004,118.760002,118.379997,118.599998,1119500,True,0.00067478
2012-07-10,LQD,118.769997,118.860001,118.57,118.57,1385600,True,-0.00025297
2012-07-11,LQD,118.800003,119.110001,118.75,118.769997,1210000,True,0.00168532
2012-07-12,LQD,118.949997,119.410004,118.82,119.370003,1716700,True,0.00503911
2012-07-13,LQD,119.32,119.519997,119.050003,119.410004,1634700,True,0.00033504
2012-07-16,LQD,119.830002,119.860001,119.589996,119.739998,750100,True,0.00275973
2012-07-17,LQD,119.769997,119.900002,119.529999,119.739998,2479000,True,0.0
2012-07-18,LQD,120.120003,120.489998,120.07,120.400002,2351900,True,0.00549684
2012-07-19,LQD,120.410004,120.870003,120.410004,120.610001,3499900,True,0.00174266
2012-07-20,LQD,120.800003,120.919998,120.660004,120.699997,1144600,True,0.0007459
2012-07-23,LQD,120.720001,120.800003,120.25,120.309998,1328000,True,-0.00323638
2012-07-24,LQD,120.220001,120.629997,120.169998,120.5,1333100,True,0.00157803
2012-07-25,LQD,120.690002,120.860001,120.540001,120.730003,2551400,True,0.00190692
2012-07-26,LQD,120.730003,120.970001,120.730003,120.919998,1094600,True,0.00157248
2012-07-27,LQD,120.559998,120.650002,119.739998,120.349998,2952200,True,-0.004725
2012-07-30,LQD,120.220001,120.779999,120.220001,120.660004,2581500,True,0.00257255
2012-07-31,LQD,121.050003,121.290001,120.839996,121.279999,1563500,True,0.00512521
2012-08-01,LQD,120.660004,120.970001,120.400002,120.760002,2583100,True,-0.00429679
2012-08-02,LQD,121.0,121.059998,120.199997,120.839996,1500000,True,0.0006622
2012-08-03,LQD,120.540001,120.68,120.190002,120.550003,2259800,True,-0.0024027
2012-08-06,LQD,120.720001,120.790001,120.599998,120.709999,1596300,True,0.00132634
2012-08-07,LQD,120.230003,120.339996,120.0,120.080002,4136600,True,-0.00523276
2012-08-08,LQD,120.230003,120.269997,119.699997,119.739998,2310300,True,-0.00283549
2012-08-09,LQD,119.580002,119.769997,119.300003,119.660004,2496100,True,-0.00066829
2012-08-10,LQD,120.089996,120.099998,119.790001,120.0,1482700,True,0.00283732
2012-08-13,LQD,119.959999,120.07,119.730003,119.75,1127000,True,-0.00208551
2012-08-14,LQD,119.470001,119.470001,119.18,119.209999,1593600,True,-0.0045196
2012-08-15,LQD,119.029999,119.07,118.650002,118.650002,3995300,True,-0.00470864
2012-08-16,LQD,118.75,118.900002,118.129997,118.300003,1895700,True,-0.0029542
2012-08-17,LQD,118.410004,118.790001,118.400002,118.459999,1734500,True,0.00135155
2012-08-20,LQD,118.269997,118.82,118.260002,118.790001,1813900,True,0.00278189
2012-08-21,LQD,118.760002,118.989998,118.480003,118.989998,2010000,True,0.0016822
2012-08-22,LQD,119.449997,119.699997,119.190002,119.669998,2281400,True,0.0056985
2012-08-23,LQD,119.839996,119.910004,119.720001,119.760002,883300,True,0.00075182
2012-08-24,LQD,119.949997,119.949997,119.730003,119.889999,1335300,True,0.00108489
2012-08-27,LQD,120.150002,120.260002,120.0,120.040001,1879300,True,0.00125038
2012-08-28,LQD,120.190002,120.279999,120.059998,120.209999,908300,True,0.00141518
2012-08-29,LQD,120.190002,120.190002,119.879997,119.959999,1777000,True,-0.00208186
2012-08-30,LQD,120.059998,120.129997,119.949997,120.0,1888000,True,0.0003334
2012-08-31,LQD,120.040001,120.830002,120.040001,120.830002,1766500,True,0.00689287
2012-09-04,LQD,120.559998,120.57,120.050003,120.160004,3788800,True,-0.0055604
2012-09-05,LQD,120.150002,120.800003,120.059998,120.209999,817600,True,0.00041599
2012-09-06,LQD,119.849998,119.919998,119.610001,119.68,2078500,True,-0.00441869
2012-09-07,LQD,120.599998,120.620003,119.900002,119.93,2192700,True,0.00208673
2012-09-10,LQD,119.93,120.010002,119.720001,119.919998,1075900,True,-8.34e-05
2012-09-11,LQD,120.0,120.120003,119.800003,120.019997,2641500,True,0.00083353
2012-09-12,LQD,119.779999,119.830002,119.57,119.779999,1334800,True,-0.00200165
2012-09-13,LQD,120.019997,120.589996,119.650002,120.419998,3618500,True,0.0053289
2012-09-14,LQD,120.099998,120.099998,119.360001,119.699997,3164800,True,-0.00599703
2012-09-17,LQD,120.029999,120.339996,119.919998,120.110001,898100,True,0.00341941
2012-09-18,LQD,120.489998,120.650002,120.32,120.480003,1563000,True,0.0030758
2012-09-19,LQD,120.830002,120.940002,120.650002,120.68,1237400,True,0.00165862
2012-09-20,LQD,120.980003,121.059998,120.550003,120.580002,1165200,True,-0.00082897
2012-09-21,LQD,120.529999,120.860001,120.449997,120.800003,1305900,True,0.00182286
2012-09-24,LQD,120.970001,121.029999,120.839996,120.980003,1191700,True,0.00148896
2012-09-25,LQD,121.010002,121.220001,120.830002,121.220001,3287800,True,0.00198182
2012-09-26,LQD,121.260002,121.57,121.199997,121.559998,1162900,True,0.00280086
2012-09-27,LQD,121.519997,121.739998,121.43,121.5,1720200,True,-0.00049369
2012-09-28,LQD,121.75,121.910004,121.559998,121.769997,2519100,True,0.00221973
2012-10-01,LQD,121.669998,121.760002,121.400002,121.709999,3318000,True,-0.00049283
2012-10-02,LQD,121.589996,121.790001,121.559998,121.75,2188900,True,0.0003286
2012-10-03,LQD,121.650002,121.830002,121.529999,121.830002,6193600,True,0.00065688
2012-10-04,LQD,121.730003,121.919998,121.669998,121.730003,1710500,True,-0.00082114
2012-10-05,LQD,121.57,121.690002,121.5,121.540001,1711500,True,-0.00156207
2012-10-08,LQD,121.860001,121.949997,121.730003,121.860001,715300,True,0.00262942
2012-10-09,LQD,121.650002,122.220001,121.650002,121.989998,3132200,True,0.00106621
2012-10-10,LQD,121.889999,122.360001,121.760002,122.209999,2418400,True,0.00180181
2012-10-11,LQD,122.059998,122.690002,122.029999,122.610001,2165200,True,0.00326772
2012-10-12,LQD,122.760002,122.959999,122.660004,122.75,1712000,True,0.00114118
2012-10-15,LQD,122.790001,123.150002,122.730003,123.129997,2144800,True,0.00309092
2012-10-16,LQD,123.059998,123.199997,122.93,123.050003,2177900,True,-0.00064988
2012-10-17,LQD,123.019997,123.150002,122.760002,122.809998,6454900,True,-0.00195238
2012-10-18,LQD,122.959999,123.0,122.5,122.580002,1541400,True,-0.00187453
2012-10-19,LQD,122.699997,123.010002,122.599998,122.800003,1716000,True,0.00179315
2012-10-22,LQD,122.540001,122.709999,122.459999,122.510002,2030300,True,-0.00236436
2012-10-23,LQD,122.400002,122.75,122.370003,122.720001,1188600,True,0.00171267
2012-10-24,LQD,122.610001,122.760002,122.370003,122.389999,2842400,True,-0.00269269
2012-10-25,LQD,122.239998,122.43,122.0,122.040001,1511200,True,-0.0028638
2012-10-26,LQD,122.370003,122.660004,122.220001,122.639999,1206500,True,0.00490436
2012-10-31,LQD,122.940002,123.18,122.690002,123.019997,1286500,True,0.00309369
2012-11-01,LQD,122.589996,122.769997,122.389999,122.480003,1953700,True,-0.00439914
2012-11-02,LQD,122.389999,122.489998,122.029999,122.239998,1940300,True,-0.00196147
2012-11-05,LQD,122.260002,122.510002,122.260002,122.300003,2073200,True,0.00049076
2012-11-06,LQD,122.110001,122.230003,121.650002,121.709999,1459400,True,-0.00483591
2012-11-07,LQD,122.410004,122.449997,121.959999,121.959999,1585400,True,0.00205196
2012-11-08,LQD,121.900002,122.0,121.599998,121.839996,3176500,True,-0.00098444
2012-11-09,LQD,121.690002,121.830002,121.379997,121.540001,2850300,True,-0.00246524
2012-11-12,LQD,121.540001,121.779999,121.5,121.559998,991500,True,0.00016451
2012-11-13,LQD,121.849998,121.980003,121.550003,121.610001,1849500,True,0.00041126
2012-11-14,LQD,121.379997,121.93,121.379997,121.860001,2445600,True,0.00205364
2012-11-15,LQD,121.529999,121.709999,121.519997,121.620003,2218400,True,-0.0019714
2012-11-16,LQD,121.629997,121.849998,121.599998,121.660004,2181100,True,0.00032885
2012-11-19,LQD,121.57,122.07,121.550003,122.040001,2385000,True,0.00311857
2012-11-20,LQD,121.980003,122.040001,121.629997,121.660004,3229500,True,-0.00311857
2012-11-21,LQD,121.639999,121.800003,121.550003,121.75,2263700,True,0.00073946
2012-11-23,LQD,121.800003,121.940002,121.75,121.800003,929000,True,0.00041062
2012-11-26,LQD,122.0,122.18,121.910004,122.0,2412300,True,0.00164066
2012-11-27,LQD,121.970001,122.150002,121.970001,122.07,2243300,True,0.0005736
2012-11-28,LQD,122.160004,122.300003,122.019997,122.050003,1479700,True,-0.00016383
2012-11-29,LQD,122.139999,122.209999,122.050003,122.139999,1052700,True,0.0007371
2012-11-30,LQD,122.279999,122.370003,122.099998,122.129997,2129200,True,-8.189e-05
2012-12-03,LQD,121.730003,121.989998,121.529999,121.889999,3859100,True,-0.00196704
2012-12-04,LQD,122.040001,122.099998,121.889999,122.0,2387600,True,0.00090205
2012-12-05,LQD,122.110001,122.309998,122.019997,122.25,1943900,True,0.00204708
2012-12-06,LQD,122.330002,122.480003,122.199997,122.230003,2737400,True,-0.00016359
2012-12-07,LQD,122.050003,122.089996,121.93,121.940002,1947300,True,-0.0023754
2012-12-10,LQD,122.099998,122.150002,121.970001,122.050003,2290200,True,0.00090168
2012-12-11,LQD,122.0,122.019997,121.559998,121.599998,2365400,True,-0.00369386
2012-12-12,LQD,121.589996,121.800003,121.150002,121.230003,2390900,True,-0.00304736
2012-12-13,LQD,121.029999,121.220001,120.870003,121.040001,3635100,True,-0.00156852
2012-12-14,LQD,121.160004,121.290001,121.099998,121.129997,2844200,True,0.00074325
2012-12-17,LQD,121.139999,121.199997,120.739998,120.739998,1983300,True,-0.00322487
2012-12-18,LQD,120.870003,120.889999,120.300003,120.440002,2278500,True,-0.00248773
2012-12-19,LQD,120.650002,120.949997,120.650002,120.910004,3112200,True,0.00389477
2012-12-20,LQD,121.120003,121.25,120.940002,121.029999,2545200,True,0.00099194
2012-12-21,LQD,121.190002,121.330002,121.089996,121.239998,2649700,True,0.0017336
2012-12-24,LQD,121.080002,121.279999,121.059998,121.160004,1902500,True,-0.00066002
2012-12-26,LQD,121.120003,121.139999,120.949997,120.970001,1642000,True,-0.00156943
2012-12-27,LQD,121.0,121.419998,120.970001,121.360001,1556900,True,0.00321875
2012-12-28,LQD,121.5,121.629997,121.410004,121.629997,1894500,True,0.00222229
2012-12-31,LQD,121.410004,121.5,120.900002,120.989998,1867700,True,-0.00527575
2013-01-02,LQD,120.959999,121.309998,120.809998,121.269997,4058400,True,0.00231156
2013-01-03,LQD,121.139999,121.18,120.559998,120.610001,3207900,True,-0.00545723
2013-01-04,LQD,120.57,120.650002,120.260002,120.550003,4663300,True,-0.00049757
2013-01-07,LQD,120.690002,120.800003,120.510002,120.75,3832600,True,0.00165766
2013-01-08,LQD,120.800003,120.940002,120.760002,120.860001,2534900,True,0.00091056
2013-01-09,LQD,120.980003,121.0,120.790001,120.82,1867600,True,-0.00033102
2013-01-10,LQD,120.639999,120.970001,120.629997,120.879997,1439900,True,0.00049646
2013-01-11,LQD,120.75,121.110001,120.660004,121.099998,758200,True,0.00181834
2013-01-14,LQD,121.190002,121.190002,120.830002,120.860001,1569400,True,-0.00198378
2013-01-15,LQD,120.989998,121.139999,120.669998,120.760002,3042900,True,-0.00082773
2013-01-16,LQD,120.839996,120.940002,120.709999,120.760002,4199900,True,0.0
2013-01-17,LQD,120.57,120.610001,120.300003,120.550003,2225700,True,-0.00174049
2013-01-18,LQD,120.559998,120.790001,120.480003,120.669998,2704400,True,0.0009949
2013-01-22,LQD,120.519997,120.779999,120.379997,120.669998,1730300,True,0.0
2013-01-23,LQD,120.849998,120.940002,120.760002,120.82,2446600,True,0.0012423
2013-01-24,LQD,120.760002,120.800003,120.580002,120.650002,1873600,True,-0.00140803
2013-01-25,LQD,120.440002,120.440002,120.029999,120.099998,2434600,True,-0.00456909
2013-01-28,LQD,119.699997,120.029999,119.0,120.0,2434200,True,-0.00083297
2013-01-29,LQD,119.769997,120.050003,119.620003,119.730003,1424100,True,-0.00225251
2013-01-30,LQD,119.389999,119.599998,119.220001,119.330002,3009300,True,-0.00334646
2013-01-31,LQD,119.43,119.480003,119.239998,119.419998,2804100,True,0.0007539
2013-02-01,LQD,119.440002,119.650002,118.730003,118.739998,4589000,True,-0.00571046
2013-02-04,LQD,118.980003,119.300003,118.970001,119.139999,2581400,True,0.00336306
2013-02-05,LQD,118.919998,119.080002,118.870003,118.900002,2814700,True,-0.00201645
2013-02-06,LQD,119.080002,119.279999,118.959999,119.209999,1970200,True,0.00260382
2013-02-07,LQD,119.120003,119.5,119.110001,119.25,1680000,True,0.00033549
2013-02-08,LQD,119.400002,119.510002,119.169998,119.510002,1496700,True,0.00217794
2013-02-11,LQD,119.480003,119.519997,119.410004,119.449997,749100,True,-0.00050222
2013-02-12,LQD,119.169998,119.449997,119.160004,119.330002,1520200,True,-0.00100507
2013-02-13,LQD,118.93,119.169998,118.93,119.050003,2317800,True,-0.00234918
2013-02-14,LQD,119.080002,119.459999,119.07,119.379997,3180500,True,0.00276806
2013-02-15,LQD,119.379997,119.419998,119.199997,119.330002,1363600,True,-0.00041888
2013-02-19,LQD,119.370003,119.599998,119.209999,119.300003,1842300,True,-0.00025143
2013-02-20,LQD,119.160004,119.519997,119.160004,119.5,1369800,True,0.00167502
2013-02-21,LQD,119.68,119.82,119.610001,119.690002,3578100,True,0.00158872
2013-02-22,LQD,119.760002,119.849998,119.669998,119.769997,1914300,True,0.00066812
2013-02-25,LQD,119.419998,120.529999,119.410004,120.480003,2643500,True,0.00591058
2013-02-26,LQD,120.32,120.589996,120.260002,120.330002,1574100,True,-0.00124581
2013-02-27,LQD,120.519997,120.580002,120.169998,120.290001,941400,True,-0.00033248
2013-02-28,LQD,120.389999,120.389999,120.110001,120.330002,2231100,True,0.00033248
2013-03-01,LQD,120.120003,120.290001,119.989998,120.230003,1363700,True,-0.00083138
2013-03-04,LQD,120.190002,120.230003,120.040001,120.139999,1733400,True,-0.00074888
2013-03-05,LQD,120.139999,120.150002,119.849998,119.940002,1395400,True,-0.00166609
2013-03-06,LQD,119.639999,119.809998,119.540001,119.589996,1014700,True,-0.00292244
2013-03-07,LQD,119.290001,119.400002,119.199997,119.199997,1964000,True,-0.00326647
2013-03-08,LQD,118.870003,119.029999,118.650002,118.779999,2526900,True,-0.0035297
2013-03-11,LQD,118.779999,118.959999,118.779999,118.860001,2632500,True,0.0006733
2013-03-12,LQD,118.989998,119.169998,118.949997,119.099998,3172900,True,0.00201713
2013-03-13,LQD,118.889999,119.110001,118.889999,118.989998,1958600,True,-0.00092403
2013-03-14,LQD,118.830002,119.129997,118.82,119.040001,1669600,True,0.00042014
2013-03-15,LQD,118.980003,119.290001,118.980003,119.199997,1188500,True,0.00134315
2013-03-18,LQD,119.410004,119.519997,119.330002,119.489998,1665700,True,0.00242994
2013-03-19,LQD,119.589996,119.82,119.57,119.690002,1354600,True,0.00167242
2013-03-20,LQD,119.43,119.580002,119.330002,119.339996,1905100,True,-0.00292856
2013-03-21,LQD,119.580002,119.599998,119.32,119.459999,1854000,True,0.00100505
2013-03-22,LQD,119.400002,119.620003,119.339996,119.470001,997900,True,8.372e-05
2013-03-25,LQD,119.370003,119.580002,119.25,119.470001,1089700,True,0.0
2013-03-26,LQD,119.279999,119.57,119.260002,119.550003,918000,True,0.00066942
2013-03-27,LQD,119.650002,120.050003,119.650002,119.970001,1847200,True,0.003507
2013-03-28,LQD,119.739998,119.940002,119.730003,119.900002,1874300,True,-0.00058365
2013-04-01,LQD,119.419998,119.769997,119.290001,119.360001,5877400,True,-0.00451393
2013-04-02,LQD,119.43,119.470001,119.279999,119.349998,1319200,True,-8.38e-05
2013-04-03,LQD,119.519997,119.830002,119.489998,119.830002,1421000,True,0.00401375
2013-04-04,LQD,119.959999,120.489998,119.959999,120.470001,2660900,True,0.00532668
2013-04-05,LQD,120.839996,121.050003,120.739998,120.839996,3268500,True,0.00306656
2013-04-08,LQD,121.0,121.040001,120.889999,120.949997,2276800,True,0.00090989
2013-04-09,LQD,121.019997,121.18,120.980003,121.07,3157000,True,0.00099168
2013-04-10,LQD,120.800003,120.949997,120.660004,120.75,2181600,True,-0.0026466
2013-04-11,LQD,120.879997,120.980003,120.760002,120.830002,1496900,True,0.00066232
2013-04-12,LQD,121.199997,121.5,121.050003,121.43,1358900,True,0.00495335
2013-04-15,LQD,121.400002,121.529999,121.32,121.470001,1024800,True,0.00032936
2013-04-16,LQD,121.25,121.370003,121.230003,121.25,1629800,True,-0.0018128
2013-04-17,LQD,121.32,121.629997,121.32,121.419998,1373200,True,0.00140106
2013-04-18,LQD,121.449997,121.660004,121.449997,121.529999,1656700,True,0.00090554
2013-04-19,LQD,121.620003,121.769997,121.470001,121.709999,877900,True,0.00148002
2013-04-22,LQD,121.75,121.809998,121.669998,121.75,1271500,True,0.0003286
2013-04-23,LQD,121.910004,122.089996,121.809998,121.910004,1659700,True,0.00131334
2013-04-24,LQD,121.860001,122.040001,121.809998,121.959999,1366900,True,0.00041002
2013-04-25,LQD,121.910004,122.019997,121.830002,121.889999,1067100,True,-0.00057412
2013-04-26,LQD,122.150002,122.349998,122.150002,122.330002,1294500,True,0.00360333
2013-04-29,LQD,122.540001,122.550003,122.300003,122.339996,875700,True,8.17e-05
2013-04-30,LQD,122.32,122.57,122.099998,122.129997,2347500,True,-0.001718
2013-05-01,LQD,121.949997,122.389999,121.949997,122.309998,4063500,True,0.00147276
2013-05-02,LQD,122.089996,122.400002,122.089996,122.309998,1799000,True,0.0
2013-05-03,LQD,121.889999,121.889999,121.150002,121.160004,2882200,True,-0.00944677
2013-05-06,LQD,121.300003,121.400002,121.080002,121.139999,1839300,True,-0.00016512
2013-05-07,LQD,121.050003,121.260002,120.989998,121.050003,3886100,True,-0.00074319
2013-05-08,LQD,121.019997,121.269997,120.959999,121.160004,2379000,True,0.00090831
2013-05-09,LQD,121.150002,121.410004,120.900002,120.900002,825800,True,-0.00214825
2013-05-10,LQD,120.860001,120.860001,120.050003,120.269997,2808200,True,-0.00522458
2013-05-13,LQD,120.029999,120.160004,119.900002,119.959999,2498400,True,-0.00258084
2013-05-14,LQD,120.230003,120.309998,119.610001,119.639999,2325000,True,-0.00267112
2013-05-15,LQD,120.129997,120.150002,119.669998,120.059998,2081600,True,0.00350437
2013-05-16,LQD,120.279999,120.75,120.279999,120.610001,2916500,True,0.00457061
2013-05-17,LQD,120.5,120.550003,120.040001,120.089996,909500,True,-0.00432077
2013-05-20,LQD,120.230003,120.309998,119.870003,119.949997,2097100,True,-0.00116647
2013-05-21,LQD,119.910004,120.410004,119.730003,120.400002,2007700,True,0.00374458
2013-05-22,LQD,120.419998,120.599998,119.440002,119.449997,2886300,True,-0.0079217
2013-05-23,LQD,119.730003,119.809998,119.230003,119.57,2568500,True,0.00100412
2013-05-24,LQD,119.639999,119.809998,119.459999,119.489998,1090900,True,-0.0006693
2013-05-28,LQD,119.330002,119.489998,118.330002,118.339996,1683700,True,-0.00967086
2013-05-29,LQD,118.410004,118.580002,118.150002,118.290001,3574100,True,-0.00042256
2013-05-30,LQD,118.32,118.599998,118.25,118.440002,1759000,True,0.00126728
2013-05-31,LQD,118.32,118.449997,117.480003,117.849998,4297500,True,-0.00499391
2013-06-03,LQD,117.25,117.75,116.93,117.18,10863900,True,-0.0057014
2013-06-04,LQD,116.949997,117.25,116.709999,116.720001,3726500,True,-0.0039333
2013-06-05,LQD,116.809998,117.0,116.480003,116.550003,4575200,True,-0.00145752
2013-06-06,LQD,116.57,117.459999,116.419998,117.050003,2500000,True,0.00428083
2013-06-07,LQD,116.889999,117.199997,116.389999,116.589996,3159800,True,-0.00393774
2013-06-10,LQD,116.220001,116.480003,116.07,116.230003,2911100,True,-0.00309246
2013-06-11,LQD,115.5,116.050003,115.230003,116.010002,3983700,True,-0.0018946
2013-06-12,LQD,115.800003,116.099998,115.5,115.610001,3469000,True,-0.00345395
2013-06-13,LQD,115.839996,116.910004,115.790001,116.849998,2474400,True,0.01066858
2013-06-14,LQD,116.93,117.150002,116.739998,116.769997,1283900,True,-0.00068489
2013-06-17,LQD,116.910004,117.110001,116.550003,116.599998,1868600,True,-0.0014569
2013-06-18,LQD,116.279999,116.559998,116.160004,116.370003,1748400,True,-0.00197447
2013-06-19,LQD,116.5,116.559998,114.669998,114.720001,2823000,True,-0.01428041
2013-06-20,LQD,113.870003,113.889999,112.790001,113.139999,6649600,True,-0.0138684
2013-06-21,LQD,113.260002,113.480003,112.199997,112.209999,4107600,True,-0.00825388
2013-06-24,LQD,111.43,112.099998,110.910004,111.480003,6063600,True,-0.00652687
2013-06-25,LQD,112.190002,112.470001,111.660004,111.849998,3653200,True,0.00331344
2013-06-26,LQD,112.75,113.0,112.510002,112.699997,2010000,True,0.00757072
2013-06-27,LQD,113.239998,113.790001,113.239998,113.720001,1544800,True,0.0090099
2013-06-28,LQD,113.129997,113.699997,112.879997,113.650002,2960300,True,-0.00061573
2013-07-01,LQD,113.080002,113.940002,113.080002,113.580002,2849900,True,-0.00061611
2013-07-02,LQD,113.809998,114.169998,113.660004,113.940002,2214800,True,0.00316456
2013-07-03,LQD,113.900002,114.080002,113.57,113.610001,2132000,True,-0.00290048
2013-07-05,LQD,112.18,112.43,111.699997,112.169998,2500100,True,-0.01275597
2013-07-08,LQD,112.540001,113.089996,112.540001,113.089996,3096700,True,0.00816837
2013-07-09,LQD,113.050003,113.510002,113.050003,113.190002,4037000,True,0.00088391
2013-07-10,LQD,113.260002,113.449997,112.800003,112.860001,2908800,True,-0.00291973
2013-07-11,LQD,113.860001,114.199997,113.599998,114.190002,2179100,True,0.01171563
2013-07-12,LQD,114.32,114.5,113.739998,113.870003,2008800,True,-0.00280628
2013-07-15,LQD,114.089996,114.620003,113.949997,114.599998,3308200,True,0.00639032
2013-07-16,LQD,114.529999,114.599998,114.290001,114.43,1625900,True,-0.00148451
2013-07-17,LQD,114.879997,115.150002,114.739998,114.860001,1248400,True,0.00375072
2013-07-18,LQD,114.949997,114.949997,114.419998,114.559998,1119900,True,-0.00261532
2013-07-19,LQD,114.769997,115.209999,114.730003,115.190002,2734900,True,0.00548428
2013-07-22,LQD,115.32,115.470001,115.290001,115.449997,2235900,True,0.00225455
2013-07-23,LQD,115.129997,115.379997,115.010002,115.269997,827300,True,-0.00156034
2013-07-24,LQD,114.720001,114.879997,114.290001,114.709999,1960700,True,-0.00486998
2013-07-25,LQD,114.18,114.57,114.129997,114.57,2109200,True,-0.00122121
2013-07-26,LQD,114.669998,114.790001,114.489998,114.690002,1022700,True,0.00104687
2013-07-29,LQD,114.540001,114.68,114.440002,114.5,2211900,True,-0.00165803
2013-07-30,LQD,114.720001,114.779999,114.360001,114.529999,1331900,True,0.00026196
2013-07-31,LQD,113.879997,114.650002,113.699997,114.540001,2282100,True,8.733e-05
2013-08-01,LQD,113.949997,113.949997,113.120003,113.279999,1845700,True,-0.0110615
2013-08-02,LQD,113.650002,113.970001,113.620003,113.839996,1772000,True,0.0049313
2013-08-05,LQD,113.68,113.830002,113.379997,113.410004,3111500,True,-0.00378432
2013-08-06,LQD,113.360001,113.599998,113.279999,113.480003,1047200,True,0.00061704
2013-08-07,LQD,113.610001,113.860001,113.589996,113.730003,946000,True,0.00220061
2013-08-08,LQD,113.910004,114.169998,113.889999,113.970001,960900,True,0.00210802
2013-08-09,LQD,114.019997,114.080002,113.75,113.970001,539600,True,0.0
2013-08-12,LQD,114.080002,114.18,113.849998,113.910004,1042800,True,-0.00052657
2013-08-13,LQD,113.279999,113.410004,113.0,113.099998,1221600,True,-0.00713633
2013-08-14,LQD,113.019997,113.150002,112.870003,112.910004,1723700,True,-0.0016813
2013-08-15,LQD,112.089996,112.419998,111.989998,112.110001,1793800,True,-0.00711054
2013-08-16,LQD,112.07,112.209999,111.360001,111.550003,2469000,True,-0.00500759
2013-08-19,LQD,111.32,111.440002,110.93,110.940002,4884400,True,-0.00548341
2013-08-20,LQD,111.290001,111.739998,111.290001,111.620003,2100500,True,0.00611073
2013-08-21,LQD,111.410004,111.660004,110.889999,110.949997,2310800,True,-0.00602065
2013-08-22,LQD,111.050003,111.5,111.050003,111.459999,2507700,True,0.00458615
2013-08-23,LQD,111.43,112.220001,111.379997,112.209999,2327600,True,0.00670633
2013-08-26,LQD,112.32,112.470001,112.260002,112.440002,1385700,True,0.00204766
2013-08-27,LQD,112.510002,112.970001,112.449997,112.919998,2398500,True,0.00425982
2013-08-28,LQD,112.739998,112.940002,112.550003,112.940002,2488300,True,0.00017714
2013-08-29,LQD,112.650002,113.07,112.519997,113.050003,2273100,True,0.0009735
2013-08-30,LQD,113.0,113.290001,112.809998,113.050003,1668800,True,0.0
2013-09-03,LQD,112.0,112.269997,111.510002,112.239998,5473600,True,-0.00719081
2013-09-04,LQD,112.269997,112.370003,111.790001,111.830002,2335000,True,-0.00365954
2013-09-05,LQD,111.389999,111.419998,110.730003,110.910004,2703800,True,-0.00826078
2013-09-06,LQD,111.410004,111.650002,110.989998,111.07,1960600,True,0.00144154
2013-09-09,LQD,111.459999,111.599998,111.269997,111.360001,1615600,True,0.00260757
2013-09-10,LQD,111.040001,111.32,110.82,110.870003,2115900,True,-0.00440983
2013-09-11,LQD,111.110001,111.389999,110.82,111.389999,2301300,True,0.00467918
2013-09-12,LQD,111.599998,111.760002,111.230003,111.309998,1860200,True,-0.00071847
2013-09-13,LQD,111.339996,111.540001,111.32,111.379997,1255400,True,0.00062867
2013-09-16,LQD,112.419998,112.440002,111.440002,111.510002,2311100,True,0.00116654
2013-09-17,LQD,111.68,111.839996,111.559998,111.809998,1020100,True,0.00268669
2013-09-18,LQD,111.699997,113.709999,111.419998,113.449997,5100000,True,0.0145612
2013-09-19,LQD,113.400002,113.559998,112.660004,112.730003,5030300,True,-0.00636658
2013-09-20,LQD,112.93,113.089996,112.75,112.830002,1089700,True,0.00088667
2013-09-23,LQD,112.889999,113.519997,112.889999,113.5,3719000,True,0.00592056
2013-09-24,LQD,113.620003,113.93,113.400002,113.790001,2576200,True,0.00255182
2013-09-25,LQD,113.720001,114.18,113.629997,114.139999,1931100,True,0.00307111
2013-09-26,LQD,113.730003,113.949997,113.730003,113.860001,921300,True,-0.00245613
2013-09-27,LQD,113.75,113.849998,113.660004,113.769997,1194100,True,-0.00079079
2013-09-30,LQD,113.599998,113.779999,113.419998,113.519997,1800800,True,-0.00219983
2013-10-01,LQD,113.07,113.18,112.93,113.040001,3172400,True,-0.00423726
2013-10-02,LQD,113.199997,113.559998,113.190002,113.379997,910300,True,0.00300324
2013-10-03,LQD,113.290001,113.629997,113.290001,113.440002,1411600,True,0.0005291
2013-10-04,LQD,113.290001,113.43,113.190002,113.330002,569300,True,-0.00097015
2013-10-07,LQD,113.459999,113.690002,113.43,113.529999,1374600,True,0.00176318
2013-10-08,LQD,113.480003,113.620003,113.279999,113.510002,1667900,True,-0.00017615
2013-10-09,LQD,113.43,113.529999,113.209999,113.269997,1017300,True,-0.00211664
2013-10-10,LQD,113.089996,113.489998,113.019997,113.43,1978400,True,0.00141159
2013-10-11,LQD,113.68,113.809998,113.529999,113.580002,3275900,True,0.00132154
2013-10-14,LQD,113.510002,113.639999,113.110001,113.230003,525100,True,-0.00308627
2013-10-15,LQD,113.57,113.580002,113.199997,113.25,1430400,True,0.00017659
2013-10-16,LQD,113.260002,114.150002,113.209999,114.089996,1395200,True,0.00738981
2013-10-17,LQD,114.410004,115.0,114.339996,114.93,2697900,True,0.00733567
2013-10-18,LQD,115.099998,115.269997,114.989998,115.080002,1071200,True,0.0013043
2013-10-21,LQD,115.010002,115.18,114.739998,114.779999,1031400,True,-0.00261031
2013-10-22,LQD,115.309998,115.489998,115.260002,115.480003,1372100,True,0.00608014
2013-10-23,LQD,115.470001,115.669998,115.410004,115.449997,1514800,True,-0.00025987
2013-10-24,LQD,115.559998,115.639999,115.269997,115.330002,1500200,True,-0.00103991
2013-10-25,LQD,115.309998,115.529999,115.300003,115.32,708700,True,-8.673e-05
2013-10-28,LQD,115.260002,115.519997,115.25,115.43,2958700,True,0.00095342
2013-10-29,LQD,115.349998,115.599998,115.260002,115.589996,1584300,True,0.00138513
2013-10-30,LQD,115.589996,115.75,115.080002,115.360001,1436200,True,-0.00199174
2013-10-31,LQD,115.449997,115.5,115.089996,115.199997,1072800,True,-0.00138796
2013-11-01,LQD,114.809998,114.93,114.290001,114.510002,1965300,True,-0.00600755
2013-11-04,LQD,114.660004,114.790001,114.519997,114.540001,772400,True,0.00026194
2013-11-05,LQD,114.330002,114.330002,113.919998,114.050003,1264700,True,-0.00428714
2013-11-06,LQD,114.230003,114.239998,114.080002,114.18,1060000,True,0.00113918
2013-11-07,LQD,114.370003,114.489998,114.209999,114.410004,1337000,True,0.00201237
2013-11-08,LQD,113.480003,113.510002,113.279999,113.290001,1634000,True,-0.00983761
2013-11-11,LQD,113.220001,113.279999,113.010002,113.099998,1241500,True,-0.00167854
2013-11-12,LQD,113.040001,113.220001,113.0,113.18,2301900,True,0.0007071
2013-11-13,LQD,113.330002,113.57,113.300003,113.440002,4339700,True,0.00229461
2013-11-14,LQD,113.739998,114.139999,113.660004,114.059998,1355100,True,0.00545052
2013-11-15,LQD,114.080002,114.150002,113.93,114.059998,1451200,True,0.0
2013-11-18,LQD,114.120003,114.57,114.120003,114.57,3003900,True,0.00446138
2013-11-19,LQD,114.360001,114.459999,114.169998,114.169998,914200,True,-0.00349744
2013-11-20,LQD,114.139999,114.440002,113.519997,113.68,1881300,True,-0.00430106
2013-11-21,LQD,113.589996,113.93,113.330002,113.900002,3320600,True,0.0019334
2013-11-22,LQD,114.029999,114.300003,114.0,114.300003,1190900,True,0.00350571
2013-11-25,LQD,114.269997,114.540001,114.269997,114.5,1189200,True,0.00174823
2013-11-26,LQD,114.519997,114.779999,114.519997,114.730003,1044500,True,0.00200675
2013-11-27,LQD,114.599998,114.809998,114.279999,114.75,2387900,True,0.00017428
2013-11-29,LQD,114.370003,114.75,114.339996,114.660004,741200,True,-0.00078459
2013-12-02,LQD,114.099998,114.199997,113.739998,113.75,5714000,True,-0.0079682
2013-12-03,LQD,113.889999,114.139999,113.889999,114.040001,1164500,True,0.00254621
2013-12-04,LQD,113.419998,113.720001,113.419998,113.669998,1705000,True,-0.00324977
2013-12-05,LQD,113.389999,113.589996,113.239998,113.419998,1234400,True,-0.00220177
2013-12-06,LQD,113.43,113.690002,113.339996,113.660004,737400,True,0.00211384
2013-12-09,LQD,113.660004,113.849998,113.660004,113.830002,590100,True,0.00149456
2013-12-10,LQD,114.169998,114.309998,113.989998,114.290001,1171600,True,0.00403296
2013-12-11,LQD,114.199997,114.290001,113.940002,113.970001,1087800,True,-0.00280382
2013-12-12,LQD,113.860001,113.919998,113.709999,113.779999,877300,True,-0.00166852
2013-12-13,LQD,113.989998,114.129997,113.82,114.089996,904000,True,0.00272083
2013-12-16,LQD,114.279999,114.349998,114.059998,114.18,1593500,True,0.00078857
2013-12-17,LQD,114.089996,114.519997,114.089996,114.519997,1500800,True,0.0029733
2013-12-18,LQD,114.330002,114.900002,114.040001,114.519997,1946900,True,0.0
2013-12-19,LQD,114.190002,114.5,114.169998,114.349998,2493300,True,-0.00148554
2013-12-20,LQD,114.660004,114.879997,114.510002,114.879997,1269700,True,0.00462417
2013-12-23,LQD,114.82,115.040001,114.690002,114.699997,1204900,True,-0.00156808
2013-12-24,LQD,114.519997,115.0,114.510002,114.669998,1003500,True,-0.00026158
2013-12-26,LQD,114.169998,114.389999,114.169998,114.239998,2268000,True,-0.00375694
2013-12-27,LQD,114.080002,114.239998,114.040001,114.139999,2463600,True,-0.00087572
2013-12-30,LQD,114.199997,114.489998,114.199997,114.480003,2790000,True,0.0029744
2013-12-31,LQD,114.300003,114.489998,114.019997,114.190002,1658600,True,-0.00253642
2014-01-02,LQD,114.290001,114.459999,114.110001,114.410004,1887700,True,0.00192477
2014-01-03,LQD,114.220001,114.739998,114.220001,114.580002,1695800,True,0.00148477
2014-01-06,LQD,114.739998,114.889999,114.650002,114.830002,1171700,True,0.0021795
2014-01-07,LQD,114.919998,114.940002,114.660004,114.739998,1086500,True,-0.00078411
2014-01-08,LQD,114.5,114.529999,114.150002,114.25,1067000,True,-0.00427965
2014-01-09,LQD,114.400002,114.510002,114.18,114.510002,1216000,True,0.00227314
2014-01-10,LQD,114.910004,115.25,114.889999,115.129997,1736900,True,0.00539973
2014-01-13,LQD,115.230003,115.449997,115.169998,115.349998,2109900,True,0.00190907
2014-01-14,LQD,115.199997,115.300003,115.0,115.010002,1529100,True,-0.00295187
2014-01-15,LQD,114.800003,115.089996,114.739998,115.040001,1495000,True,0.0002608
2014-01-16,LQD,115.220001,115.32,115.169998,115.309998,1372300,True,0.00234423
2014-01-17,LQD,115.190002,115.440002,115.110001,115.440002,1766000,True,0.0011268
2014-01-21,LQD,115.269997,115.400002,115.269997,115.279999,1114100,True,-0.00138699
2014-01-22,LQD,115.160004,115.290001,114.989998,115.0,1687800,True,-0.00243181
2014-01-23,LQD,115.220001,115.599998,115.199997,115.440002,1597600,True,0.00381881
2014-01-24,LQD,115.489998,115.629997,115.269997,115.360001,1681100,True,-0.00069326
2014-01-27,LQD,115.269997,115.589996,115.139999,115.139999,1979600,True,-0.0019089
2014-01-28,LQD,115.400002,115.699997,115.300003,115.699997,2420900,True,0.00485183
2014-01-29,LQD,115.720001,115.989998,115.580002,115.93,2105500,True,0.00198596
2014-01-30,LQD,115.830002,116.019997,115.669998,115.989998,1821900,True,0.0005174
2014-01-31,LQD,116.050003,116.339996,116.010002,116.339996,1427400,True,0.00301294
2014-02-03,LQD,115.889999,116.75,115.830002,116.739998,6064600,True,0.00343231
2014-02-04,LQD,116.330002,116.339996,116.099998,116.18,2015000,True,-0.00480851
2014-02-05,LQD,116.0,116.010002,115.779999,115.809998,3226900,True,-0.00318982
2014-02-06,LQD,115.75,115.830002,115.620003,115.699997,853500,True,-0.00095029
2014-02-07,LQD,115.830002,116.169998,115.779999,116.059998,1076900,True,0.00310667
2014-02-10,LQD,115.93,116.120003,115.879997,116.110001,1048800,True,0.00043075
2014-02-11,LQD,115.870003,115.93,115.709999,115.870003,2288900,True,-0.00206913
2014-02-12,LQD,115.699997,115.720001,115.459999,115.519997,971500,True,-0.00302525
2014-02-13,LQD,116.040001,116.099998,115.849998,116.0,1125500,True,0.00414655
2014-02-14,LQD,116.120003,116.220001,115.980003,116.220001,1063900,True,0.00189477
2014-02-18,LQD,116.349998,116.650002,116.290001,116.459999,1034400,True,0.0020629
2014-02-19,LQD,116.699997,116.699997,116.260002,116.330002,1556900,True,-0.00111686
2014-02-20,LQD,116.190002,116.309998,116.0,116.18,1148800,True,-0.00129028
2014-02-21,LQD,116.059998,116.339996,116.040001,116.300003,711000,True,0.00103237
2014-02-24,LQD,116.410004,116.459999,116.230003,116.360001,703600,True,0.00051575
2014-02-25,LQD,116.629997,116.809998,116.449997,116.809998,787300,True,0.00385982
2014-02-26,LQD,116.800003,117.199997,116.790001,117.190002,898200,True,0.00324791
2014-02-27,LQD,117.290001,117.440002,117.260002,117.389999,964900,True,0.00170515
2014-02-28,LQD,117.230003,117.360001,117.029999,117.32,1791900,True,-0.00059648
2014-03-03,LQD,117.059998,117.290001,116.959999,117.279999,1292700,True,-0.00034101
2014-03-04,LQD,116.980003,117.040001,116.650002,116.650002,1075900,True,-0.00538622
2014-03-05,LQD,116.57,116.849998,116.550003,116.589996,2869300,True,-0.00051454
2014-03-06,LQD,116.139999,116.379997,116.120003,116.239998,1271000,True,-0.00300647
2014-03-07,LQD,115.949997,116.0,115.639999,115.82,1473800,True,-0.00361974
2014-03-10,LQD,115.699997,115.790001,115.620003,115.639999,1851400,True,-0.00155535
2014-03-11,LQD,115.690002,115.809998,115.610001,115.68,943800,True,0.00034585
2014-03-12,LQD,116.0,116.139999,115.93,116.089996,1303800,True,0.00353796
2014-03-13,LQD,115.82,116.559998,115.82,116.5,1696400,True,0.00352555
2014-03-14,LQD,116.699997,116.769997,116.370003,116.370003,797800,True,-0.00111648
2014-03-17,LQD,116.360001,116.43,116.169998,116.220001,635800,True,-0.00128984
2014-03-18,LQD,116.25,116.580002,116.190002,116.580002,963500,True,0.00309279
2014-03-19,LQD,116.529999,116.540001,115.690002,115.739998,1286700,True,-0.00723147
2014-03-20,LQD,115.730003,115.959999,115.709999,115.900002,2003400,True,0.00138149
2014-03-21,LQD,116.07,116.389999,116.010002,116.300003,636100,True,0.00344532
2014-03-24,LQD,116.290001,116.660004,116.25,116.519997,1061300,True,0.00188982
2014-03-25,LQD,116.279999,116.599998,116.279999,116.559998,1352800,True,0.00034324
2014-03-26,LQD,116.620003,117.029999,116.599998,117.010002,955000,True,0.00385328
2014-03-27,LQD,116.870003,117.260002,116.809998,117.040001,665500,True,0.00025635
2014-03-28,LQD,117.019997,117.110001,116.830002,116.949997,816300,True,-0.0007693
2014-03-31,LQD,116.690002,116.970001,116.57,116.940002,1695700,True,-8.546e-05
2014-04-01,LQD,116.440002,116.529999,116.300003,116.309998,3416600,True,-0.00540198
2014-04-02,LQD,116.080002,116.260002,116.080002,116.150002,1236800,True,-0.00137655
2014-04-03,LQD,116.25,116.510002,116.25,116.370003,1012200,True,0.00189232
2014-04-04,LQD,116.739998,117.029999,116.720001,116.830002,989900,True,0.00394511
2014-04-07,LQD,116.989998,117.199997,116.959999,117.110001,1024500,True,0.00239377
2014-04-08,LQD,117.099998,117.419998,117.029999,117.419998,992600,True,0.00264357
2014-04-09,LQD,117.190002,117.589996,117.129997,117.519997,1675600,True,0.00085127
2014-04-10,LQD,117.480003,118.040001,117.389999,117.68,1401500,True,0.00136058
2014-04-11,LQD,118.0,118.0,117.760002,117.760002,1258200,True,0.00067959
2014-04-14,LQD,117.849998,117.93,117.699997,117.839996,908600,True,0.00067907
2014-04-15,LQD,117.839996,118.230003,117.769997,118.089996,1152500,True,0.00211927
2014-04-16,LQD,117.769997,118.150002,117.75,118.139999,956300,True,0.00042334
2014-04-17,LQD,118.120003,118.120003,117.419998,117.459999,1510500,True,-0.00577251
2014-04-21,LQD,117.709999,117.790001,117.510002,117.620003,652500,True,0.00136127
2014-04-22,LQD,117.449997,117.739998,117.400002,117.68,1385000,True,0.00050997
2014-04-23,LQD,117.769997,118.010002,117.760002,117.940002,1778900,True,0.00220696
2014-04-24,LQD,117.739998,118.010002,117.699997,117.959999,1161000,True,0.00016953
2014-04-25,LQD,118.040001,118.269997,117.940002,117.940002,1051500,True,-0.00016953
2014-04-28,LQD,117.940002,118.080002,117.699997,117.800003,1015500,True,-0.00118774
2014-04-29,LQD,117.610001,117.870003,117.599998,117.82,1359500,True,0.00016974
2014-04-30,LQD,117.959999,118.279999,117.790001,118.150002,2123200,True,0.00279698
2014-05-01,LQD,117.879997,118.32,117.82,118.300003,2193800,True,0.00126878
2014-05-02,LQD,118.040001,118.68,117.940002,118.550003,862700,True,0.00211104
2014-05-05,LQD,118.5,118.639999,118.239998,118.25,1879800,True,-0.00253381
2014-05-06,LQD,118.410004,118.550003,118.370003,118.449997,2251100,True,0.00168988
2014-05-07,LQD,118.480003,118.580002,118.290001,118.470001,1869200,True,0.00016887
2014-05-08,LQD,118.580002,118.830002,118.370003,118.5,3351200,True,0.00025319
2014-05-09,LQD,118.339996,118.480003,118.230003,118.370003,1148100,True,-0.00109763
2014-05-12,LQD,118.120003,118.199997,117.970001,118.07,1634400,True,-0.00253767
2014-05-13,LQD,118.349998,118.519997,118.300003,118.510002,961600,True,0.0037197
2014-05-14,LQD,118.860001,119.220001,118.839996,119.099998,1359000,True,0.0049661
2014-05-15,LQD,119.290001,119.559998,119.099998,119.309998,755100,True,0.00176166
2014-05-16,LQD,119.099998,119.360001,119.07,119.169998,821100,True,-0.0011741
2014-05-19,LQD,119.349998,119.459999,118.970001,119.059998,726700,True,-0.00092348
2014-05-20,LQD,118.949997,119.32,118.949997,119.059998,1200100,True,0.0
2014-05-21,LQD,118.779999,118.889999,118.669998,118.839996,1397200,True,-0.00184953
2014-05-22,LQD,118.849998,118.870003,118.68,118.800003,605800,True,-0.00033659
2014-05-23,LQD,118.940002,119.040001,118.830002,118.93,582500,True,0.00109365
2014-05-27,LQD,119.059998,119.349998,118.809998,119.349998,1062700,True,0.00352525
2014-05-28,LQD,119.510002,119.919998,119.510002,119.919998,1430800,True,0.0047645
2014-05-29,LQD,119.860001,120.129997,119.57,119.57,1325700,True,-0.00292287
2014-05-30,LQD,119.470001,119.690002,119.339996,119.589996,1045400,True,0.00016722
2014-06-02,LQD,118.889999,119.080002,118.550003,118.589996,2652700,True,-0.00839706
2014-06-03,LQD,118.459999,118.489998,118.050003,118.050003,1431100,True,-0.00456385
2014-06-04,LQD,118.209999,118.230003,117.970001,117.989998,1263600,True,-0.00050843
2014-06-05,LQD,118.040001,118.349998,117.910004,118.239998,801000,True,0.00211658
2014-06-06,LQD,118.440002,118.760002,118.370003,118.489998,1112700,True,0.00211211
2014-06-09,LQD,118.290001,118.330002,118.110001,118.25,1215400,True,-0.00202752
2014-06-10,LQD,118.07,118.169998,118.0,118.029999,758800,True,-0.00186221
2014-06-11,LQD,118.110001,118.279999,118.029999,118.120003,507500,True,0.00076226
2014-06-12,LQD,118.18,118.599998,118.059998,118.5,964800,True,0.00321188
2014-06-13,LQD,118.129997,118.589996,118.080002,118.480003,474700,True,-0.00016876
2014-06-16,LQD,118.400002,118.620003,118.379997,118.470001,732400,True,-8.442e-05
2014-06-17,LQD,118.370003,118.379997,118.059998,118.07,605200,True,-0.00338211
2014-06-18,LQD,118.339996,118.75,118.169998,118.75,791400,True,0.00574278
2014-06-19,LQD,118.889999,118.900002,118.209999,118.330002,610700,True,-0.0035431
2014-06-20,LQD,118.239998,118.610001,118.18,118.559998,1151900,True,0.00194179
2014-06-23,LQD,118.699997,118.779999,118.489998,118.550003,833300,True,-8.43e-05
2014-06-24,LQD,118.879997,119.059998,118.589996,119.050003,777600,True,0.00420876
2014-06-25,LQD,119.43,119.43,119.139999,119.169998,827100,True,0.00100743
2014-06-26,LQD,119.239998,119.519997,119.239998,119.389999,698700,True,0.00184441
2014-06-27,LQD,119.519997,119.610001,119.370003,119.370003,729300,True,-0.0001675
2014-06-30,LQD,119.440002,119.459999,119.169998,119.260002,857200,True,-0.00092193
2014-07-01,LQD,118.709999,118.849998,118.459999,118.470001,5448400,True,-0.00664623
2014-07-02,LQD,118.32,118.32,117.970001,118.050003,3278000,True,-0.00355148
2014-07-03,LQD,117.760002,118.0,117.660004,117.93,648400,True,-0.00101706
2014-07-07,LQD,118.019997,118.220001,117.949997,118.139999,1219200,True,0.00177913
2014-07-08,LQD,118.489998,118.660004,118.459999,118.580002,1296400,True,0.0037175
2014-07-09,LQD,118.519997,118.870003,118.370003,118.769997,836700,True,0.00160097
2014-07-10,LQD,118.940002,118.970001,118.650002,118.68,524000,True,-0.00075802
2014-07-11,LQD,118.839996,119.110001,118.839996,119.050003,1259300,True,0.0031128
2014-07-14,LQD,118.860001,118.93,118.730003,118.800003,690900,True,-0.00210217
2014-07-15,LQD,118.709999,119.040001,118.5,118.669998,791400,True,-0.00109492
2014-07-16,LQD,118.790001,118.989998,118.690002,118.949997,963800,True,0.00235669
2014-07-17,LQD,119.18,119.489998,119.059998,119.400002,847900,True,0.003776
2014-07-18,LQD,119.349998,119.389999,119.07,119.239998,539300,True,-0.00134096
2014-07-21,LQD,119.370003,119.470001,119.209999,119.239998,852600,True,0.0
2014-07-22,LQD,119.309998,119.400002,119.18,119.330002,1017500,True,0.00075453
2014-07-23,LQD,119.459999,119.550003,119.410004,119.470001,1597800,True,0.00117252
2014-07-24,LQD,119.110001,119.169998,118.980003,119.0,813400,True,-0.00394181
2014-07-25,LQD,119.370003,119.459999,119.220001,119.459999,655400,True,0.00385809
2014-07-28,LQD,119.410004,119.510002,119.230003,119.32,1290600,True,-0.00117262
2014-07-29,LQD,119.529999,119.550003,119.279999,119.43,787500,True,0.00092147
2014-07-30,LQD,119.080002,119.18,118.699997,118.879997,1305800,True,-0.00461587
2014-07-31,LQD,118.370003,118.730003,118.360001,118.550003,2121700,True,-0.00277972
2014-08-01,LQD,118.129997,118.879997,118.080002,118.82,2763600,True,0.0022749
2014-08-04,LQD,118.870003,119.010002,118.720001,118.849998,1779300,True,0.00025244
2014-08-05,LQD,118.669998,118.989998,118.5,118.970001,2416200,True,0.00100919
2014-08-06,LQD,119.110001,119.120003,118.739998,118.760002,1799500,True,-0.0017667
2014-08-07,LQD,118.940002,119.120003,118.790001,119.07,1839200,True,0.00260689
2014-08-08,LQD,119.269997,119.410004,119.0,119.040001,1048300,True,-0.00025197
2014-08-11,LQD,119.139999,119.279999,119.019997,119.089996,770900,True,0.0004199
2014-08-12,LQD,119.199997,119.209999,118.980003,119.029999,1927400,True,-0.00050393
2014-08-13,LQD,119.040001,119.330002,119.0,119.269997,2260600,True,0.00201425
2014-08-14,LQD,119.459999,119.5,119.190002,119.400002,1694200,True,0.00108941
2014-08-15,LQD,119.57,120.18,119.510002,119.82,1729500,True,0.0035114
2014-08-18,LQD,119.68,119.739998,119.459999,119.550003,1624200,True,-0.00225589
2014-08-19,LQD,119.739998,119.779999,119.300003,119.470001,1559000,True,-0.00066942
2014-08-20,LQD,119.43,119.470001,119.110001,119.199997,746700,True,-0.00226258
2014-08-21,LQD,119.389999,119.639999,119.379997,119.610001,1817900,True,0.00343373
2014-08-22,LQD,119.610001,119.879997,119.339996,119.760002,1014500,True,0.0012533
2014-08-25,LQD,119.879997,119.949997,119.720001,119.949997,793300,True,0.00158521
2014-08-26,LQD,120.050003,120.089996,119.849998,120.029999,730100,True,0.00066674
2014-08-27,LQD,120.099998,120.290001,120.019997,120.230003,1412400,True,0.0016649
2014-08-28,LQD,120.5,120.599998,120.32,120.489998,1100200,True,0.00216014
2014-08-29,LQD,120.43,120.68,120.389999,120.580002,1257900,True,0.0007467
2014-09-02,LQD,119.739998,119.879997,119.580002,119.669998,3493400,True,-0.00757551
2014-09-03,LQD,119.459999,119.830002,119.410004,119.830002,838300,True,0.00133615
2014-09-04,LQD,119.529999,119.660004,118.949997,118.980003,4901900,True,-0.00711865
2014-09-05,LQD,119.260002,119.400002,118.889999,119.0,1557300,True,0.00016805
2014-09-08,LQD,119.209999,119.300003,118.769997,118.800003,1133000,True,-0.00168206
2014-09-09,LQD,118.690002,118.709999,118.470001,118.480003,1853400,True,-0.00269723
2014-09-10,LQD,118.239998,118.410004,118.199997,118.290001,1894800,True,-0.00160495
2014-09-11,LQD,118.389999,118.550003,118.199997,118.199997,1300200,True,-0.00076117
2014-09-12,LQD,117.860001,118.029999,117.599998,117.629997,1296900,True,-0.004834
2014-09-15,LQD,117.889999,117.940002,117.610001,117.660004,3575600,True,0.00025506
2014-09-16,LQD,117.669998,117.919998,117.580002,117.639999,1567600,True,-0.00017003
2014-09-17,LQD,117.809998,117.910004,117.260002,117.32,1763300,True,-0.00272387
2014-09-18,LQD,117.410004,117.580002,117.330002,117.529999,1521200,True,0.00178837
2014-09-19,LQD,117.669998,118.019997,117.5,117.989998,739000,True,0.00390625
2014-09-22,LQD,118.050003,118.169998,117.910004,118.099998,1729400,True,0.00093185
2014-09-23,LQD,118.169998,118.290001,118.059998,118.290001,904400,True,0.00160753
2014-09-24,LQD,118.220001,118.239998,117.940002,118.010002,786700,True,-0.00236986
2014-09-25,LQD,118.059998,118.440002,118.050003,118.360001,1375200,True,0.00296145
2014-09-26,LQD,117.879997,118.139999,117.400002,118.099998,3295000,True,-0.00219912
2014-09-29,LQD,118.120003,118.230003,117.879997,118.050003,3628200,True,-0.00042342
2014-09-30,LQD,118.139999,118.419998,118.050003,118.220001,1716100,True,0.00143902
2014-10-01,LQD,118.309998,118.809998,118.25,118.599998,1973500,True,0.00320917
2014-10-02,LQD,118.599998,118.790001,118.370003,118.589996,1891200,True,-8.434e-05
2014-10-03,LQD,118.57,118.949997,118.370003,118.93,2535800,True,0.00286295
2014-10-06,LQD,118.910004,119.150002,118.870003,118.989998,1858400,True,0.00050435
2014-10-07,LQD,119.279999,119.629997,119.160004,119.419998,1887900,True,0.00360724
2014-10-08,LQD,119.599998,120.080002,119.230003,120.029999,2297900,True,0.00509503
2014-10-09,LQD,119.730003,119.940002,119.510002,119.529999,1786200,True,-0.00417433
2014-10-10,LQD,119.599998,119.669998,119.410004,119.629997,1371400,True,0.00083625
2014-10-13,LQD,119.919998,120.18,119.800003,119.940002,1748200,True,0.00258801
2014-10-14,LQD,120.089996,120.25,119.889999,120.209999,2826400,True,0.00224857
2014-10-15,LQD,120.800003,122.43,120.129997,120.300003,3497900,True,0.00074844
2014-10-16,LQD,120.739998,120.790001,119.839996,120.029999,2229900,True,-0.00224695
2014-10-17,LQD,120.059998,120.199997,119.75,119.980003,1537800,True,-0.00041661
2014-10-20,LQD,120.279999,120.290001,119.970001,120.199997,1735300,True,0.00183191
2014-10-21,LQD,120.0,120.239998,119.949997,120.129997,1150000,True,-0.00058253
2014-10-22,LQD,119.93,120.019997,119.779999,119.93,957000,True,-0.00166623
2014-10-23,LQD,119.699997,119.849998,119.449997,119.699997,1408400,True,-0.00191965
2014-10-24,LQD,119.68,119.949997,119.599998,119.75,1727800,True,0.00041765
2014-10-27,LQD,119.75,119.910004,119.660004,119.900002,1946500,True,0.00125184
2014-10-28,LQD,119.709999,119.75,119.440002,119.5,2212700,True,-0.0033417
2014-10-29,LQD,119.440002,119.5,118.860001,119.279999,3574000,True,-0.00184271
2014-10-30,LQD,119.449997,119.699997,119.300003,119.360001,2542000,True,0.00067048
2014-10-31,LQD,119.309998,119.440002,119.029999,119.339996,1893700,True,-0.00016761
2014-11-03,LQD,118.779999,118.970001,118.629997,118.769997,6621700,True,-0.00478771
2014-11-04,LQD,118.800003,119.129997,118.769997,118.940002,2155400,True,0.00143036
2014-11-05,LQD,118.809998,118.849998,118.610001,118.720001,1725300,True,-0.0018514
2014-11-06,LQD,118.589996,118.709999,118.330002,118.360001,1458700,True,-0.00303696
2014-11-07,LQD,118.5,119.120003,118.5,119.110001,1730000,True,0.00631661
2014-11-10,LQD,118.980003,119.0,118.5,118.510002,1710500,True,-0.00505008
2014-11-11,LQD,118.5,118.589996,118.400002,118.5,805600,True,-8.44e-05
2014-11-12,LQD,118.830002,118.980003,118.349998,118.489998,1931400,True,-8.441e-05
2014-11-13,LQD,118.529999,118.559998,118.309998,118.360001,2128500,True,-0.00109772
2014-11-14,LQD,118.25,118.709999,118.190002,118.510002,1784800,True,0.00126653
2014-11-17,LQD,118.639999,118.68,118.169998,118.230003,1770100,True,-0.00236545
2014-11-18,LQD,118.209999,118.360001,118.160004,118.330002,2002900,True,0.00084544
2014-11-19,LQD,117.860001,118.080002,117.699997,117.699997,1890200,True,-0.00533836
2014-11-20,LQD,118.209999,118.300003,117.870003,118.150002,2040100,True,0.00381603
2014-11-21,LQD,118.389999,118.75,118.300003,118.660004,1820200,True,0.00430728
2014-11-24,LQD,118.620003,118.889999,118.599998,118.849998,1592600,True,0.00159989
2014-11-25,LQD,119.0,119.449997,118.949997,119.360001,2052800,True,0.00428196
2014-11-26,LQD,119.730003,119.849998,119.660004,119.769997,978200,True,0.00342907
2014-11-28,LQD,119.910004,120.110001,119.910004,120.089996,1037800,True,0.00266822
2014-12-01,LQD,119.800003,119.879997,118.949997,119.339996,6029800,True,-0.0062649
2014-12-02,LQD,118.940002,118.959999,118.540001,118.540001,1496200,True,-0.00672607
2014-12-03,LQD,118.620003,118.830002,118.550003,118.660004,5153700,True,0.00101183
2014-12-04,LQD,118.610001,119.0,118.580002,118.849998,2413000,True,0.00159989
2014-12-05,LQD,118.75,118.809998,118.300003,118.360001,1118600,True,-0.00413135
2014-12-08,LQD,118.529999,119.059998,118.419998,118.919998,1842000,True,0.00472015
2014-12-09,LQD,119.129997,119.269997,118.900002,119.019997,1369900,True,0.00084054
2014-12-10,LQD,118.980003,119.269997,118.93,118.980003,2974000,True,-0.00033608
2014-12-11,LQD,119.050003,119.150002,118.68,118.860001,1915600,True,-0.0010091
2014-12-12,LQD,119.150002,119.629997,119.0,119.050003,3457700,True,0.00159726
2014-12-15,LQD,119.0,119.489998,118.860001,119.330002,4318600,True,0.00234918
2014-12-16,LQD,119.339996,119.599998,119.139999,119.290001,2041000,True,-0.00033527
2014-12-17,LQD,119.519997,119.889999,119.129997,119.32,1875200,True,0.00025145
2014-12-18,LQD,119.25,119.510002,118.879997,119.440002,2056600,True,0.00100522
2014-12-19,LQD,119.190002,119.470001,119.029999,119.379997,1088400,True,-0.00050251
2014-12-22,LQD,119.559998,119.809998,119.330002,119.760002,2011400,True,0.0031781
2014-12-23,LQD,119.599998,119.610001,118.769997,118.849998,1285700,True,-0.00762758
2014-12-24,LQD,118.510002,118.989998,118.419998,118.910004,466200,True,0.00050475
2014-12-26,LQD,119.099998,119.129997,118.860001,119.0,499100,True,0.00075656
2014-12-29,LQD,119.269997,119.419998,119.110001,119.230003,826200,True,0.00193094
2014-12-30,LQD,119.550003,119.720001,119.300003,119.330002,1052000,True,0.00083835
2014-12-31,LQD,119.580002,119.790001,119.309998,119.410004,1231400,True,0.0006702
2015-01-02,LQD,119.599998,120.239998,119.550003,119.830002,2523600,True,0.00351111
2015-01-05,LQD,120.190002,120.68,120.089996,120.32,3218800,True,0.00408077
2015-01-06,LQD,120.650002,121.169998,120.470001,120.809998,5313400,True,0.00406419
2015-01-07,LQD,120.639999,121.050003,120.510002,120.970001,1636600,True,0.00132355
2015-01-08,LQD,120.650002,120.669998,120.370003,120.580002,2156900,True,-0.00322914
2015-01-09,LQD,120.419998,121.019997,120.389999,120.900002,1530400,True,0.00265032
2015-01-12,LQD,120.940002,121.190002,120.870003,121.129997,1948000,True,0.00190056
2015-01-13,LQD,121.129997,121.279999,120.910004,121.239998,1468300,True,0.00090771
2015-01-14,LQD,121.709999,121.82,121.349998,121.449997,2457000,True,0.0017306
2015-01-15,LQD,121.529999,122.269997,121.449997,122.080002,2171300,True,0.00517395
2015-01-16,LQD,121.709999,121.910004,121.230003,121.400002,1322500,True,-0.00558569
2015-01-20,LQD,121.709999,122.059998,121.629997,121.68,1648900,True,0.00230376
2015-01-21,LQD,122.080002,122.110001,121.32,121.629997,1878000,True,-0.00041102
2015-01-22,LQD,121.879997,121.959999,121.25,121.57,1938400,True,-0.0004934
2015-01-23,LQD,122.089996,122.410004,122.040001,122.279999,1436300,True,0.00582326
2015-01-26,LQD,122.349998,122.470001,122.0,122.25,2347900,True,-0.00024536
2015-01-27,LQD,122.68,122.830002,122.199997,122.339996,1268000,True,0.0007359
2015-01-28,LQD,122.389999,123.339996,122.370003,123.169998,1367900,True,0.00676148
2015-01-29,LQD,122.860001,123.029999,122.690002,122.879997,1674500,True,-0.00235725
2015-01-30,LQD,123.550003,123.900002,123.43,123.889999,3499000,True,0.00818582
2015-02-02,LQD,123.239998,123.720001,123.050003,123.669998,5684700,True,-0.00177736
2015-02-03,LQD,123.059998,123.190002,122.519997,122.669998,2828500,True,-0.0081189
2015-02-04,LQD,122.260002,122.870003,122.190002,122.839996,3209500,True,0.00138486
2015-02-05,LQD,122.589996,122.690002,122.360001,122.449997,1789300,True,-0.00317991
2015-02-06,LQD,121.959999,122.089996,121.139999,121.169998,2578400,True,-0.01050826
2015-02-09,LQD,121.559998,121.620003,121.110001,121.25,2426900,True,0.00066003
2015-02-10,LQD,121.230003,121.300003,120.889999,120.919998,2580300,True,-0.00272538
2015-02-11,LQD,121.029999,121.050003,120.639999,121.0,2239600,True,0.00066139
2015-02-12,LQD,121.0,121.440002,120.900002,121.309998,4045600,True,0.00255869
2015-02-13,LQD,121.290001,121.360001,120.82,120.830002,2068700,True,-0.00396462
2015-02-17,LQD,120.660004,120.779999,120.059998,120.269997,2970300,True,-0.00464543
2015-02-18,LQD,120.339996,121.0,120.209999,120.699997,3221900,True,0.00356892
2015-02-19,LQD,120.639999,121.080002,120.540001,120.68,2765500,True,-0.00016569
2015-02-20,LQD,121.019997,121.32,120.470001,120.860001,1621100,True,0.00149044
2015-02-23,LQD,121.150002,121.279999,121.059998,121.269997,2191400,True,0.00338658
2015-02-24,LQD,121.059998,122.099998,120.800003,122.059998,1891700,True,0.00649327
2015-02-25,LQD,121.919998,122.199997,121.739998,122.169998,2024500,True,0.0009008
2015-02-26,LQD,122.0,122.150002,121.440002,121.510002,1192200,True,-0.00541692
2015-02-27,LQD,121.540001,121.860001,121.309998,121.800003,2892800,True,0.0023838
2015-03-02,LQD,121.360001,121.360001,120.400002,120.419998,4540700,True,-0.01139476
2015-03-03,LQD,120.5,120.769997,120.339996,120.349998,4737600,True,-0.00058147
2015-03-04,LQD,120.660004,120.669998,120.199997,120.269997,2703200,True,-0.00066496
2015-03-05,LQD,120.5,120.580002,120.129997,120.43,1307600,True,0.00132949
2015-03-06,LQD,119.699997,119.809998,119.110001,119.150002,3372800,True,-0.01068546
2015-03-09,LQD,119.589996,119.68,119.379997,119.629997,6241000,True,0.00402041
2015-03-10,LQD,120.019997,120.190002,119.790001,119.82,3356900,True,0.00158699
2015-03-11,LQD,120.07,120.440002,119.879997,120.43,1712200,True,0.00507806
2015-03-12,LQD,120.629997,120.720001,120.080002,120.309998,2970700,True,-0.00099695
2015-03-13,LQD,120.0,120.300003,119.900002,119.970001,1845300,True,-0.00283
2015-03-16,LQD,120.419998,120.419998,119.910004,120.089996,1588300,True,0.00099971
2015-03-17,LQD,120.099998,120.370003,119.879997,120.290001,2528800,True,0.00166407
2015-03-18,LQD,120.540001,121.889999,120.360001,121.769997,3382500,True,0.01222849
2015-03-19,LQD,121.480003,121.610001,121.050003,121.150002,2503000,True,-0.00510453
2015-03-20,LQD,121.470001,121.709999,121.360001,121.489998,3669300,True,0.00280248
2015-03-23,LQD,121.57,121.830002,121.550003,121.769997,2946600,True,0.00230205
2015-03-24,LQD,121.889999,122.0,121.699997,121.949997,2782100,True,0.00147711
2015-03-25,LQD,122.0,122.300003,121.440002,121.550003,3205900,True,-0.00328537
2015-03-26,LQD,121.269997,121.379997,120.720001,120.800003,2681800,True,-0.00618942
2015-03-27,LQD,121.18,121.540001,121.029999,121.279999,1009700,True,0.0039656
2015-03-30,LQD,121.419998,121.589996,121.279999,121.489998,981100,True,0.00173003
2015-03-31,LQD,121.470001,121.760002,121.32,121.709999,1688400,True,0.00180922
2015-04-01,LQD,121.699997,122.169998,121.610001,121.730003,7393500,True,0.00016435
2015-04-02,LQD,121.940002,122.120003,121.5,121.529999,3013700,True,-0.00164437
2015-04-06,LQD,122.010002,122.160004,121.400002,121.690002,3496000,True,0.00131571
2015-04-07,LQD,121.599998,122.139999,121.470001,122.129997,2613500,True,0.00360918
2015-04-08,LQD,122.129997,122.129997,121.699997,122.089996,3933500,True,-0.00032758
2015-04-09,LQD,122.07,122.07,121.360001,121.470001,1780600,True,-0.00509112
2015-04-10,LQD,121.809998,121.900002,121.559998,121.639999,1325000,True,0.00139853
2015-04-13,LQD,121.650002,121.849998,121.540001,121.599998,1710100,True,-0.0003289
2015-04-14,LQD,122.050003,122.309998,121.849998,121.879997,2245000,True,0.00229997
2015-04-15,LQD,122.150002,122.290001,121.959999,121.959999,1560900,True,0.00065618
2015-04-16,LQD,122.139999,122.139999,121.57,121.889999,1820500,True,-0.00057412
2015-04-17,LQD,121.82,122.349998,121.650002,122.220001,1625800,True,0.00270372
2015-04-20,LQD,122.190002,122.349998,121.839996,121.93,1527200,True,-0.0023756
2015-04-21,LQD,122.050003,122.099998,121.779999,121.900002,2441600,True,-0.00024606
2015-04-22,LQD,121.93,121.940002,121.089996,121.110001,2106000,True,-0.00650182
2015-04-23,LQD,121.139999,121.589996,121.040001,121.419998,1962900,True,0.00255637
2015-04-24,LQD,121.610001,121.830002,121.510002,121.650002,1690200,True,0.00189249
2015-04-27,LQD,121.650002,121.760002,121.32,121.559998,1564700,True,-0.00074013
2015-04-28,LQD,121.220001,121.379997,120.760002,120.839996,1972700,True,-0.00594062
2015-04-29,LQD,120.010002,120.150002,119.599998,119.839996,3087100,True,-0.00830984
2015-04-30,LQD,119.660004,120.010002,119.169998,119.940002,5716000,True,0.00083415
2015-05-01,LQD,119.220001,119.470001,118.800003,118.949997,3462200,True,-0.00828843
2015-05-04,LQD,119.010002,119.160004,118.559998,118.57,2689600,True,-0.00319971
2015-05-05,LQD,118.639999,118.690002,118.050003,118.370003,3307400,True,-0.00168817
2015-05-06,LQD,118.300003,118.300003,117.68,117.860001,2105900,True,-0.00431785
2015-05-07,LQD,118.010002,118.410004,117.860001,118.330002,3641200,True,0.00397986
2015-05-08,LQD,119.089996,119.230003,118.830002,119.010002,5393700,True,0.00573019
2015-05-11,LQD,118.610001,118.650002,117.690002,117.809998,3882800,True,-0.0101344
2015-05-12,LQD,117.449997,117.980003,117.199997,117.639999,3737200,True,-0.00144403
2015-05-13,LQD,118.209999,118.279999,117.489998,117.529999,3263600,True,-0.0009355
2015-05-14,LQD,117.75,118.139999,117.610001,117.93,3094300,True,0.00339762
2015-05-15,LQD,118.209999,118.82,118.099998,118.75,1856500,True,0.00692921
2015-05-18,LQD,118.309998,118.480003,117.75,117.839996,2820500,True,-0.0076927
2015-05-19,LQD,117.300003,117.800003,117.199997,117.209999,3562500,True,-0.00536055
2015-05-20,LQD,117.379997,117.68,117.110001,117.349998,2626800,True,0.00119372
2015-05-21,LQD,117.550003,117.949997,117.419998,117.910004,1606900,True,0.00476074
2015-05-22,LQD,117.82,117.849998,117.510002,117.830002,2858500,True,-0.00067873
2015-05-26,LQD,117.860001,118.410004,117.809998,118.349998,2232300,True,0.0044034
2015-05-27,LQD,118.360001,118.550003,118.089996,118.470001,2282700,True,0.00101345
2015-05-28,LQD,118.43,118.489998,118.190002,118.220001,2901000,True,-0.00211247
2015-05-29,LQD,118.5,118.57,118.129997,118.269997,2845800,True,0.00042281
2015-06-01,LQD,117.860001,117.989998,117.220001,117.279999,5315800,True,-0.00840589
2015-06-02,LQD,116.870003,116.989998,116.589996,116.68,7084900,True,-0.00512908
2015-06-03,LQD,116.440002,116.440002,115.709999,115.93,3307900,True,-0.00644858
2015-06-04,LQD,116.120003,116.669998,116.120003,116.529999,2849100,True,0.00516218
2015-06-05,LQD,115.910004,116.209999,115.5,115.940002,5548400,True,-0.0050759
2015-06-08,LQD,116.080002,116.199997,115.860001,115.860001,2131100,True,-0.00069027
2015-06-09,LQD,115.669998,115.669998,115.239998,115.339996,6152300,True,-0.00449831
2015-06-10,LQD,115.18,115.279999,114.93,115.029999,1959600,True,-0.0026913
2015-06-11,LQD,115.540001,116.07,115.290001,116.050003,2562600,True,0.00882821
2015-06-12,LQD,115.760002,116.330002,115.730003,115.849998,2437900,True,-0.00172492
2015-06-15,LQD,116.199997,116.25,115.68,115.830002,1827600,True,-0.00017262
2015-06-16,LQD,115.959999,116.120003,115.660004,116.120003,2274100,True,0.00250055
2015-06-17,LQD,116.040001,116.199997,115.470001,116.110001,3824200,True,-8.614e-05
2015-06-18,LQD,115.849998,116.0,115.529999,115.900002,1853100,True,-0.00181026
2015-06-19,LQD,116.230003,116.620003,116.059998,116.519997,5114500,True,0.00533514
2015-06-22,LQD,116.089996,116.25,115.540001,115.599998,2547700,True,-0.00792696
2015-06-23,LQD,115.089996,115.639999,115.089996,115.339996,1238700,True,-0.00225169
2015-06-24,LQD,115.440002,115.720001,115.300003,115.660004,2540000,True,0.00277063
2015-06-25,LQD,115.480003,115.639999,115.260002,115.470001,2567500,True,-0.00164412
2015-06-26,LQD,115.019997,115.129997,114.730003,114.940002,2285000,True,-0.00460049
2015-06-29,LQD,115.220001,116.089996,115.150002,115.940002,5945700,True,0.00866256
2015-06-30,LQD,115.669998,116.18,115.599998,115.720001,2668600,True,-0.00189935
2015-07-01,LQD,115.029999,115.290001,115.019997,115.019997,4088700,True,-0.00606749
2015-07-02,LQD,115.300003,115.660004,115.279999,115.459999,1971000,True,0.00381814
2015-07-06,LQD,115.879997,116.07,115.589996,115.919998,4845100,True,0.00397614
2015-07-07,LQD,116.650002,116.860001,116.260002,116.400002,3627500,True,0.00413227
2015-07-08,LQD,116.510002,116.709999,116.230003,116.559998,3490600,True,0.00137359
2015-07-09,LQD,116.160004,116.199997,115.720001,115.790001,1427800,True,-0.00662793
2015-07-10,LQD,115.150002,115.360001,114.809998,115.050003,2740000,True,-0.00641137
2015-07-13,LQD,114.580002,115.080002,114.580002,114.800003,3146100,True,-0.00217533
2015-07-14,LQD,114.870003,115.0,114.660004,114.900002,4364200,True,0.00087069
2015-07-15,LQD,114.860001,115.370003,114.769997,115.199997,1923800,True,0.00260752
2015-07-16,LQD,115.029999,115.459999,114.919998,115.379997,2036600,True,0.00156128
2015-07-17,LQD,115.389999,115.620003,115.389999,115.459999,2268200,True,0.00069314
2015-07-20,LQD,115.25,115.449997,115.150002,115.190002,2805800,True,-0.00234118
2015-07-21,LQD,115.010002,115.480003,115.0,115.43,2490900,True,0.00208133
2015-07-22,LQD,115.410004,115.75,115.339996,115.580002,1292900,True,0.00129866
2015-07-23,LQD,115.529999,116.019997,115.400002,115.919998,2007600,True,0.00293734
2015-07-24,LQD,116.110001,116.110001,115.669998,115.870003,2704700,True,-0.00043139
2015-07-27,LQD,115.93,116.18,115.809998,115.879997,4836700,True,8.625e-05
2015-07-28,LQD,115.629997,115.82,115.5,115.790001,2755100,True,-0.00077694
2015-07-29,LQD,115.730003,115.809998,115.519997,115.690002,1569200,True,-0.00086399
2015-07-30,LQD,115.769997,115.919998,115.599998,115.75,2157600,True,0.00051847
2015-07-31,LQD,116.110001,116.410004,116.099998,116.349998,3626900,True,0.00517018
2015-08-03,LQD,115.860001,116.379997,115.830002,116.290001,2942800,True,-0.0005158
2015-08-04,LQD,115.989998,116.050003,115.639999,115.699997,3823200,True,-0.00508647
2015-08-05,LQD,115.510002,115.510002,115.089996,115.25,2991600,True,-0.00389693
2015-08-06,LQD,115.379997,115.589996,115.330002,115.470001,1750800,True,0.00190708
2015-08-07,LQD,115.639999,115.940002,115.550003,115.870003,2907200,True,0.00345813
2015-08-10,LQD,115.580002,115.68,115.349998,115.410004,1317600,True,-0.00397786
2015-08-11,LQD,115.889999,116.209999,115.82,115.889999,5011600,True,0.00415042
2015-08-12,LQD,115.889999,116.260002,115.650002,115.709999,5062200,True,-0.00155441
2015-08-13,LQD,115.410004,115.660004,115.220001,115.309998,1647500,True,-0.00346292
2015-08-14,LQD,115.279999,115.529999,115.169998,115.419998,1693600,True,0.0009535
2015-08-17,LQD,115.800003,116.099998,115.589996,115.790001,3313900,True,0.00320058
2015-08-18,LQD,115.519997,115.639999,115.279999,115.349998,2200900,True,-0.00380724
2015-08-19,LQD,115.099998,115.989998,115.0,115.910004,2600100,True,0.00484309
2015-08-20,LQD,115.949997,116.110001,115.809998,115.980003,1760100,True,0.00060373
2015-08-21,LQD,116.010002,116.290001,115.82,116.010002,2971100,True,0.00025862
2015-08-24,LQD,116.5,116.589996,115.629997,115.690002,3966000,True,-0.00276219
2015-08-25,LQD,115.349998,115.559998,114.870003,115.099998,2625300,True,-0.00511292
2015-08-26,LQD,114.879997,115.230003,114.68,115.029999,3299400,True,-0.00060835
2015-08-27,LQD,114.809998,115.389999,114.699997,115.139999,2957800,True,0.00095582
2015-08-28,LQD,115.709999,115.760002,115.269997,115.349998,1901200,True,0.0018222
2015-08-31,LQD,115.790001,115.82,115.059998,115.059998,1250200,True,-0.00251726
2015-09-01,LQD,115.059998,115.489998,114.839996,115.419998,3856800,True,0.00312392
2015-09-02,LQD,114.970001,115.459999,114.970001,115.25,1824500,True,-0.00147395
2015-09-03,LQD,115.57,115.940002,115.419998,115.800003,11303000,True,0.00476091
2015-09-04,LQD,115.970001,116.199997,115.779999,116.059998,1648600,True,0.00224269
2015-09-08,LQD,115.760002,115.82,115.5,115.519997,1892300,True,-0.00466363
2015-09-09,LQD,115.230003,115.839996,115.199997,115.769997,2079100,True,0.00216179
2015-09-10,LQD,115.57,115.650002,115.360001,115.540001,2566500,True,-0.00198864
2015-09-11,LQD,115.580002,115.889999,115.57,115.620003,2333300,True,0.00069218
2015-09-14,LQD,115.779999,115.82,115.480003,115.610001,1732500,True,-8.651e-05
2015-09-15,LQD,115.339996,115.480003,114.639999,114.739998,3090400,True,-0.00755378
2015-09-16,LQD,114.809998,115.050003,114.760002,114.949997,2918300,True,0.00182854
2015-09-17,LQD,114.93,115.940002,114.889999,115.900002,4106700,True,0.00823054
2015-09-18,LQD,116.080002,116.379997,116.0,116.25,4692400,True,0.00301528
2015-09-21,LQD,115.940002,116.099998,115.610001,115.660004,3209900,True,-0.00508816
2015-09-22,LQD,116.050003,116.349998,115.940002,116.160004,4001000,True,0.0043137
2015-09-23,LQD,116.120003,116.220001,115.93,116.089996,2435200,True,-0.00060286
2015-09-24,LQD,116.459999,116.519997,116.080002,116.110001,2378100,True,0.0001723
2015-09-25,LQD,115.739998,115.949997,115.650002,115.760002,2858800,True,-0.00301892
2015-09-28,LQD,115.839996,116.160004,115.699997,115.959999,3099400,True,0.0017262
2015-09-29,LQD,115.910004,116.150002,115.82,116.110001,2267100,True,0.00129273
2015-09-30,LQD,115.879997,116.129997,115.830002,116.089996,4404200,True,-0.0001723
2015-10-01,LQD,115.739998,115.919998,115.57,115.730003,6459600,True,-0.0031058
2015-10-02,LQD,116.349998,116.489998,116.019997,116.239998,3480100,True,0.00439708
2015-10-05,LQD,115.919998,116.07,115.800003,115.93,7567200,True,-0.00267044
2015-10-06,LQD,115.93,116.220001,115.650002,116.160004,3241200,True,0.00198202
2015-10-07,LQD,116.239998,116.599998,115.919998,116.57,5884900,True,0.00352337
2015-10-08,LQD,116.57,116.57,115.980003,116.110001,2175000,True,-0.00395393
2015-10-09,LQD,116.089996,116.279999,115.989998,116.160004,3798800,True,0.00043056
2015-10-12,LQD,116.32,116.699997,116.32,116.629997,860400,True,0.00403792
2015-10-13,LQD,116.610001,116.639999,116.239998,116.540001,2147200,True,-0.00077194
2015-10-14,LQD,116.839996,117.010002,116.57,117.0,1976500,True,0.00393937
2015-10-15,LQD,116.849998,116.949997,116.610001,116.949997,4233500,True,-0.00042747
2015-10-16,LQD,116.919998,117.029999,116.830002,116.989998,3055300,True,0.00034198
2015-10-19,LQD,116.940002,116.989998,116.639999,116.980003,2510700,True,-8.543e-05
2015-10-20,LQD,116.639999,116.849998,116.550003,116.760002,4190100,True,-0.00188244
2015-10-21,LQD,117.050003,117.370003,117.050003,117.339996,2497700,True,0.00495511
2015-10-22,LQD,117.309998,117.779999,117.220001,117.589996,2396900,True,0.00212829
2015-10-23,LQD,117.349998,117.410004,117.160004,117.160004,3682800,True,-0.00366341
2015-10-26,LQD,117.370003,117.43,117.129997,117.370003,3771900,True,0.00179081
2015-10-27,LQD,117.660004,117.690002,117.370003,117.400002,2809600,True,0.00025556
2015-10-28,LQD,117.290001,117.360001,116.82,116.940002,4693300,True,-0.00392592
2015-10-29,LQD,116.610001,116.629997,116.0,116.120003,2942100,True,-0.00703684
2015-10-30,LQD,116.190002,116.440002,116.080002,116.419998,2664100,True,0.00258016
2015-11-02,LQD,115.800003,115.879997,115.559998,115.589996,6241700,True,-0.00715491
2015-11-03,LQD,115.599998,115.709999,115.43,115.599998,2672700,True,8.653e-05
2015-11-04,LQD,115.629997,115.790001,115.449997,115.470001,4176400,True,-0.00112518
2015-11-05,LQD,115.559998,115.720001,115.230003,115.5,3743100,True,0.00025976
2015-11-06,LQD,114.830002,114.879997,114.639999,114.75,4306200,True,-0.00651468
2015-11-09,LQD,114.540001,114.809998,114.43,114.559998,3253200,True,-0.00165717
2015-11-10,LQD,114.699997,115.059998,114.57,114.849998,2228800,True,0.00252823
2015-11-11,LQD,114.800003,114.900002,114.730003,114.839996,910900,True,-8.709e-05
2015-11-12,LQD,114.75,115.199997,114.739998,114.800003,3102000,True,-0.00034831
2015-11-13,LQD,115.089996,115.190002,114.980003,115.139999,2618900,True,0.00295726
2015-11-16,LQD,115.209999,115.300003,115.019997,115.160004,2558400,True,0.00017372
2015-11-17,LQD,114.949997,115.5,114.860001,115.279999,3857700,True,0.00104144
2015-11-18,LQD,115.199997,115.410004,115.07,115.309998,1713300,True,0.00026019
2015-11-19,LQD,115.470001,115.769997,115.440002,115.650002,2890500,True,0.00294427
2015-11-20,LQD,115.629997,115.760002,115.480003,115.629997,2344900,True,-0.00017299
2015-11-23,LQD,115.540001,115.75,115.470001,115.669998,1948100,True,0.00034588
2015-11-24,LQD,115.639999,115.82,115.580002,115.709999,1659500,True,0.00034576
2015-11-25,LQD,115.75,115.910004,115.68,115.82,609600,True,0.00095021
2015-11-27,LQD,115.910004,116.0,115.860001,115.860001,409200,True,0.00034531
2015-11-30,LQD,115.849998,115.949997,115.800003,115.910004,4925000,True,0.00043149
2015-12-01,LQD,115.639999,116.470001,115.559998,116.449997,5961700,True,0.00464791
2015-12-02,LQD,116.209999,116.330002,116.050003,116.169998,6138300,True,-0.00240735
2015-12-03,LQD,115.580002,115.690002,114.559998,114.629997,4515400,True,-0.01334509
2015-12-04,LQD,114.790001,115.279999,114.790001,115.25,3120500,True,0.00539416
2015-12-07,LQD,115.220001,115.830002,115.190002,115.449997,3094600,True,0.00173383
2015-12-08,LQD,115.599998,115.610001,115.220001,115.300003,3754100,True,-0.00130006
2015-12-09,LQD,115.169998,115.419998,114.93,115.269997,3394600,True,-0.00026028
2015-12-10,LQD,115.290001,115.470001,115.0,115.0,4722600,True,-0.00234505
2015-12-11,LQD,115.279999,115.410004,114.809998,115.199997,7949600,True,0.00173759
2015-12-14,LQD,114.849998,115.0,114.18,114.349998,6442800,True,-0.00740581
2015-12-15,LQD,114.07,114.629997,113.940002,114.360001,3822600,True,8.747e-05
2015-12-16,LQD,114.309998,114.629997,113.699997,114.339996,2540900,True,-0.00017494
2015-12-17,LQD,114.660004,114.739998,114.339996,114.470001,2327500,True,0.00113636
2015-12-18,LQD,114.519997,114.760002,114.43,114.470001,2566200,True,0.0
2015-12-21,LQD,114.760002,114.900002,114.459999,114.550003,3026000,True,0.00069864
2015-12-22,LQD,114.43,114.589996,114.290001,114.400002,2204900,True,-0.00131034
2015-12-23,LQD,114.279999,114.519997,114.209999,114.5,1923200,True,0.00087373
2015-12-24,LQD,114.339996,114.550003,114.199997,114.550003,920100,True,0.00043661
2015-12-28,LQD,114.360001,114.559998,114.209999,114.410004,2422500,True,-0.00122292
2015-12-29,LQD,114.279999,114.379997,113.809998,113.82,2965700,True,-0.00517027
2015-12-30,LQD,113.769997,114.050003,113.730003,113.82,1890600,True,0.0
2015-12-31,LQD,114.169998,114.269997,114.0,114.010002,1228200,True,0.00166793
2016-01-04,LQD,114.150002,114.410004,113.889999,113.949997,8333700,True,-0.00052645
2016-01-05,LQD,114.089996,114.230003,113.910004,114.010002,4474300,True,0.00052645
2016-01-06,LQD,114.480003,114.529999,114.300003,114.459999,4522400,True,0.00393923
2016-01-07,LQD,114.57,114.68,114.25,114.550003,4820000,True,0.00078603
2016-01-08,LQD,114.519997,114.919998,114.440002,114.639999,4363500,True,0.00078534
2016-01-11,LQD,114.489998,114.610001,114.230003,114.269997,4161500,True,-0.00323274
2016-01-12,LQD,114.300003,114.910004,114.300003,114.529999,2616600,True,0.00227275
2016-01-13,LQD,114.720001,115.0,114.540001,114.879997,5649800,True,0.00305129
2016-01-14,LQD,114.900002,114.919998,114.260002,114.309998,4735300,True,-0.00497405
2016-01-15,LQD,114.339996,114.489998,113.980003,114.139999,5977900,True,-0.00148827
2016-01-19,LQD,114.040001,114.120003,113.610001,113.629997,3374300,True,-0.00447823
2016-01-20,LQD,113.839996,113.940002,113.510002,113.800003,6175300,True,0.00149502
2016-01-21,LQD,113.809998,113.989998,113.360001,113.470001,3928300,True,-0.00290405
2016-01-22,LQD,113.43,113.760002,113.349998,113.540001,2932000,True,0.00061671
2016-01-25,LQD,113.190002,113.709999,113.190002,113.419998,2485200,True,-0.00105748
2016-01-26,LQD,113.510002,113.779999,113.440002,113.739998,4002200,True,0.0028174
2016-01-27,LQD,113.529999,113.709999,113.209999,113.43,2535900,True,-0.00272921
2016-01-28,LQD,113.269997,113.75,113.269997,113.559998,4187100,True,0.0011454
2016-01-29,LQD,114.220001,114.220001,113.900002,114.150002,2022700,True,0.00518208
2016-02-01,LQD,113.489998,113.589996,113.110001,113.449997,8696800,True,-0.0061512
2016-02-02,LQD,113.639999,113.739998,113.370003,113.660004,5881200,True,0.00184938
2016-02-03,LQD,113.519997,113.940002,113.239998,113.379997,3732100,True,-0.00246658
2016-02-04,LQD,113.489998,113.68,113.330002,113.43,3367500,True,0.00044092
2016-02-05,LQD,113.279999,113.5,113.120003,113.410004,4334400,True,-0.00017631
2016-02-08,LQD,113.650002,114.080002,113.5,114.0,3265200,True,0.00518885
2016-02-09,LQD,113.660004,114.080002,113.589996,113.610001,3346900,True,-0.00342691
2016-02-10,LQD,113.739998,113.93,113.620003,113.75,3738300,True,0.00123152
2016-02-11,LQD,114.0,114.489998,113.900002,114.129997,5333600,True,0.00333507
2016-02-12,LQD,113.669998,113.830002,113.169998,113.489998,4180600,True,-0.00562342
2016-02-16,LQD,113.529999,113.529999,112.879997,112.949997,4972200,True,-0.00476949
2016-02-17,LQD,112.900002,113.139999,112.669998,112.919998,5008100,True,-0.00026563
2016-02-18,LQD,113.190002,113.879997,113.080002,113.839996,3810700,True,0.00811433
2016-02-19,LQD,113.800003,113.970001,113.57,113.760002,3587300,True,-0.00070294
2016-02-22,LQD,113.870003,114.040001,113.779999,113.989998,4556800,True,0.00201972
2016-02-23,LQD,113.75,114.300003,113.550003,114.220001,2832100,True,0.00201572
2016-02-24,LQD,114.5,114.82,114.269997,114.330002,3402200,True,0.0009626
2016-02-25,LQD,114.580002,115.110001,114.580002,114.970001,4531800,True,0.00558222
2016-02-26,LQD,114.910004,114.959999,114.57,114.93,5422500,True,-0.00034799
2016-02-29,LQD,114.849998,115.07,114.779999,115.010002,5231900,True,0.00069585
2016-03-01,LQD,115.110001,115.110001,113.919998,114.050003,8301800,True,-0.00838212
2016-03-02,LQD,113.949997,114.300003,113.82,114.279999,3519600,True,0.00201459
2016-03-03,LQD,114.290001,114.900002,114.279999,114.82,3614600,True,0.00471412
2016-03-04,LQD,114.739998,114.82,114.449997,114.800003,2040600,True,-0.00017417
2016-03-07,LQD,114.489998,114.959999,114.489998,114.93,3616900,True,0.00113174
2016-03-08,LQD,115.769997,115.860001,115.449997,115.540001,3279800,True,0.00529355
2016-03-09,LQD,115.199997,115.540001,115.18,115.410004,3205800,True,-0.00112576
2016-03-10,LQD,115.910004,116.089996,115.400002,115.889999,4459000,True,0.00415042
2016-03-11,LQD,116.300003,116.379997,115.970001,116.220001,4603500,True,0.0028435
2016-03-14,LQD,116.43,116.599998,116.209999,116.559998,2997400,True,0.00292118
2016-03-15,LQD,116.830002,116.830002,116.389999,116.519997,6599400,True,-0.00034324
2016-03-16,LQD,116.349998,117.120003,116.260002,117.080002,3975400,True,0.00479457
2016-03-17,LQD,117.080002,117.690002,117.080002,117.440002,3341900,True,0.00307011
2016-03-18,LQD,117.860001,117.910004,117.5,117.709999,3315200,True,0.00229638
2016-03-21,LQD,117.510002,117.839996,117.419998,117.57,2948600,True,-0.00119007
2016-03-22,LQD,117.800003,117.800003,117.279999,117.349998,3762900,True,-0.00187299
2016-03-23,LQD,117.589996,117.940002,117.309998,117.940002,5338700,True,0.00501513
2016-03-24,LQD,118.260002,118.260002,117.800003,117.889999,2601500,True,-0.00042406
2016-03-28,LQD,117.940002,118.190002,117.860001,117.959999,3274500,True,0.0005936
2016-03-29,LQD,118.279999,118.599998,118.110001,118.489998,3758500,True,0.00448297
2016-03-30,LQD,118.489998,118.489998,118.190002,118.349998,3877600,True,-0.00118223
2016-03-31,LQD,118.379997,118.860001,118.290001,118.82,7853500,True,0.00396342
2016-04-01,LQD,118.650002,118.959999,118.190002,118.870003,6809800,True,0.00042074
2016-04-04,LQD,118.900002,118.919998,118.660004,118.879997,4138700,True,8.408e-05
2016-04-05,LQD,118.690002,119.269997,118.559998,119.260002,6944700,True,0.00319144
2016-04-06,LQD,119.07,119.18,118.910004,119.160004,4793600,True,-0.00083884
2016-04-07,LQD,119.440002,119.540001,119.25,119.480003,3591900,True,0.00268186
2016-04-08,LQD,119.379997,119.389999,119.139999,119.209999,2060900,True,-0.00226239
2016-04-11,LQD,119.089996,119.339996,118.980003,119.199997,1998600,True,-8.391e-05
2016-04-12,LQD,118.879997,119.040001,118.610001,118.730003,3553400,True,-0.00395069
2016-04-13,LQD,118.769997,119.160004,118.699997,119.139999,2502200,True,0.00344723
2016-04-14,LQD,119.18,119.230003,118.910004,119.059998,1864000,True,-0.00067172
2016-04-15,LQD,119.300003,119.620003,119.139999,119.559998,3789500,True,0.00419077
2016-04-18,LQD,119.339996,119.690002,119.339996,119.690002,2827400,True,0.00108677
2016-04-19,LQD,119.730003,119.919998,119.57,119.910004,2577100,True,0.0018364
2016-04-20,LQD,120.059998,120.389999,119.550003,119.580002,3040900,True,-0.00275587
2016-04-21,LQD,119.660004,119.690002,119.330002,119.529999,3579500,True,-0.00041824
2016-04-22,LQD,119.910004,119.910004,119.550003,119.660004,1651800,True,0.00108704
2016-04-25,LQD,119.68,119.690002,119.300003,119.379997,2923600,True,-0.00234276
2016-04-26,LQD,119.5,119.5,119.120003,119.330002,3286600,True,-0.00041888
2016-04-27,LQD,119.589996,120.089996,119.419998,120.089996,3091100,True,0.00634865
2016-04-28,LQD,119.900002,120.269997,119.82,120.199997,3503200,True,0.00091557
2016-04-29,LQD,120.080002,120.419998,119.849998,120.330002,2924600,True,0.00108099
2016-05-02,LQD,119.949997,120.050003,119.769997,119.849998,6771200,True,-0.00399704
2016-05-03,LQD,120.040001,120.239998,119.900002,120.059998,3732700,True,0.00175065
2016-05-04,LQD,120.0,120.010002,119.720001,119.860001,4228200,True,-0.0016672
2016-05-05,LQD,119.959999,120.129997,119.620003,120.099998,4466000,True,0.00200032
2016-05-06,LQD,120.050003,120.050003,119.690002,119.839996,3045000,True,-0.00216723
2016-05-09,LQD,119.949997,119.949997,119.610001,119.720001,6202800,True,-0.0010018
2016-05-10,LQD,119.809998,119.970001,119.669998,119.919998,5469900,True,0.00166915
2016-05-11,LQD,119.839996,120.239998,119.75,120.050003,3416600,True,0.00108351
2016-05-12,LQD,120.099998,120.099998,119.669998,119.800003,2681900,True,-0.00208464
2016-05-13,LQD,119.910004,120.059998,119.779999,120.019997,4328100,True,0.00183466
2016-05-16,LQD,120.019997,120.019997,119.599998,119.620003,2968400,True,-0.00333829
2016-05-17,LQD,119.610001,119.800003,119.510002,119.580002,3386000,True,-0.00033446
2016-05-18,LQD,119.449997,119.449997,118.440002,118.559998,7022100,True,-0.00856648
2016-05-19,LQD,118.620003,118.919998,118.620003,118.839996,5759900,True,0.00235888
2016-05-20,LQD,118.93,118.989998,118.690002,118.919998,2977700,True,0.00067296
2016-05-23,LQD,118.919998,118.980003,118.709999,118.919998,2842000,True,0.0
2016-05-24,LQD,118.989998,118.989998,118.559998,118.720001,3498100,True,-0.00168319
2016-05-25,LQD,118.730003,118.959999,118.699997,118.93,4793800,True,0.0017673
2016-05-26,LQD,118.959999,119.449997,118.959999,119.269997,4858600,True,0.00285472
2016-05-27,LQD,119.279999,119.410004,119.029999,119.18,2762800,True,-0.00075484
2016-05-31,LQD,119.0,119.5,118.910004,119.389999,3170400,True,0.00176048
2016-06-01,LQD,119.279999,119.419998,119.040001,119.139999,5528700,True,-0.00209617
2016-06-02,LQD,119.279999,119.599998,119.230003,119.379997,2709400,True,0.00201239
2016-06-03,LQD,120.050003,120.339996,119.93,120.339996,2998800,True,0.00800938
2016-06-06,LQD,120.309998,120.309998,120.019997,120.050003,6401500,True,-0.00241269
2016-06-07,LQD,120.32,120.449997,120.18,120.230003,3663400,True,0.00149825
2016-06-08,LQD,120.379997,120.639999,120.330002,120.629997,2478800,True,0.00332138
2016-06-09,LQD,120.910004,120.970001,120.730003,120.800003,2885400,True,0.00140832
2016-06-10,LQD,120.900002,121.150002,120.879997,120.940002,4209200,True,0.00115826
2016-06-13,LQD,121.150002,121.150002,120.68,120.760002,3979900,True,-0.00148945
2016-06-14,LQD,120.919998,121.019997,120.449997,120.489998,6301100,True,-0.00223838
2016-06-15,LQD,120.900002,121.089996,120.650002,120.940002,5589500,True,0.00372783
2016-06-16,LQD,120.919998,121.260002,120.860001,121.120003,4550700,True,0.00148724
2016-06-17,LQD,121.080002,121.080002,120.690002,120.760002,2673200,True,-0.00297669
2016-06-20,LQD,120.68,120.699997,120.480003,120.610001,4549700,True,-0.00124292
2016-06-21,LQD,120.709999,120.769997,120.410004,120.5,4396400,True,-0.00091245
2016-06-22,LQD,120.529999,120.730003,120.5,120.720001,4090400,True,0.00182407
2016-06-23,LQD,120.650002,120.699997,120.5,120.599998,3942700,True,-0.00099455
2016-06-24,LQD,120.879997,121.5,120.879997,121.169998,5294900,True,0.00471523
2016-06-27,LQD,121.589996,121.989998,121.589996,121.68,7323900,True,0.00420015
2016-06-28,LQD,121.830002,122.389999,121.82,122.349998,5555700,True,0.00549113
2016-06-29,LQD,122.519997,122.690002,122.220001,122.309998,5325800,True,-0.00032699
2016-06-30,LQD,122.440002,122.839996,122.300003,122.739998,5398300,True,0.00350949
2016-07-01,LQD,122.989998,123.169998,122.760002,123.050003,4396300,True,0.00252252
2016-07-05,LQD,123.459999,123.580002,123.199997,123.470001,4415000,True,0.00340742
2016-07-06,LQD,123.639999,123.75,123.400002,123.690002,6770300,True,0.00178023
2016-07-07,LQD,123.629997,123.860001,123.459999,123.709999,2597100,True,0.00016165
2016-07-08,LQD,124.050003,124.419998,123.860001,124.400002,3835300,True,0.00556208
2016-07-11,LQD,124.279999,124.480003,124.059998,124.080002,3000200,True,-0.00257566
2016-07-12,LQD,123.830002,123.839996,123.370003,123.379997,4363000,True,-0.00565753
2016-07-13,LQD,123.889999,124.059998,123.730003,123.860001,3738500,True,0.0038829
2016-07-14,LQD,123.230003,123.68,123.209999,123.559998,7254900,True,-0.00242505
2016-07-15,LQD,123.269997,123.5,123.0,123.089996,4442600,True,-0.00381108
2016-07-18,LQD,123.410004,123.449997,122.830002,123.089996,4737300,True,0.0
2016-07-19,LQD,123.410004,123.410004,123.019997,123.309998,7196300,True,0.00178572
2016-07-20,LQD,123.190002,123.309998,122.940002,123.269997,3676800,True,-0.00032445
2016-07-21,LQD,122.879997,123.449997,122.800003,123.410004,3570100,True,0.00113513
2016-07-22,LQD,123.169998,123.610001,123.099998,123.339996,3748200,True,-0.00056744
2016-07-25,LQD,123.519997,123.519997,123.199997,123.269997,3295600,True,-0.0005677
2016-07-26,LQD,123.559998,123.559998,122.970001,123.150002,4929300,True,-0.00097391
2016-07-27,LQD,123.389999,123.739998,123.199997,123.660004,5976800,True,0.00413276
2016-07-28,LQD,123.389999,123.620003,123.25,123.540001,5276100,True,-0.0009709
2016-07-29,LQD,123.5,124.040001,123.5,123.989998,4226100,True,0.0036359
2016-08-01,LQD,123.32,123.440002,122.949997,122.970001,4827700,True,-0.00826047
2016-08-02,LQD,122.43,122.669998,122.110001,122.279999,4526700,True,-0.00562695
2016-08-03,LQD,122.529999,122.650002,122.18,122.440002,6037600,True,0.00130765
2016-08-04,LQD,122.849998,123.230003,122.730003,122.959999,3413100,True,0.00423796
2016-08-05,LQD,122.870003,122.959999,122.410004,122.459999,3888300,True,-0.00407465
2016-08-08,LQD,122.339996,122.769997,122.230003,122.540001,4161300,True,0.00065308
2016-08-09,LQD,122.879997,123.32,122.75,123.260002,4259100,True,0.00585845
2016-08-10,LQD,123.599998,123.720001,123.279999,123.610001,6338800,True,0.00283549
2016-08-11,LQD,123.699997,123.760002,123.059998,123.199997,4227600,True,-0.00332243
2016-08-12,LQD,123.760002,124.059998,123.68,123.760002,6585200,True,0.0045352
2016-08-15,LQD,123.620003,123.639999,123.379997,123.379997,2980700,True,-0.00307522
2016-08-16,LQD,123.519997,123.529999,123.110001,123.160004,4526300,True,-0.00178465
2016-08-17,LQD,123.25,123.660004,123.18,123.5,4566900,True,0.0027568
2016-08-18,LQD,123.739998,123.940002,123.5,123.800003,4237900,True,0.00242623
2016-08-19,LQD,123.540001,123.699997,123.260002,123.43,5272100,True,-0.00299319
2016-08-22,LQD,123.839996,123.970001,123.639999,123.849998,5221000,True,0.00339695
2016-08-23,LQD,124.050003,124.230003,123.900002,123.989998,5398800,True,0.00112976
2016-08-24,LQD,124.169998,124.25,123.900002,123.910004,3871200,True,-0.00064537
2016-08-25,LQD,123.919998,124.07,123.760002,123.790001,3679300,True,-0.00096894
2016-08-26,LQD,124.050003,124.449997,123.32,123.400002,3388100,True,-0.00315547
2016-08-29,LQD,123.800003,124.25,123.709999,124.099998,2668000,True,0.00565656
2016-08-30,LQD,124.080002,124.099998,123.809998,123.940002,10626500,True,-0.00129008
2016-08-31,LQD,124.010002,124.050003,123.769997,123.889999,5300000,True,-0.00040353
2016-09-01,LQD,123.199997,123.629997,123.080002,123.57,10146300,True,-0.00258628
2016-09-02,LQD,123.580002,123.589996,123.099998,123.349998,4155700,True,-0.00178196
2016-09-06,LQD,123.470001,123.900002,123.18,123.779999,6387400,True,0.00347996
2016-09-07,LQD,123.949997,124.040001,123.610001,123.610001,2983400,True,-0.00137433
2016-09-08,LQD,123.25,123.400002,122.669998,122.739998,4632300,True,-0.00706317
2016-09-09,LQD,122.110001,122.379997,121.75,121.82,8136000,True,-0.00752374
2016-09-12,LQD,121.720001,122.059998,121.550003,121.830002,5164100,True,8.21e-05
2016-09-13,LQD,121.989998,121.989998,121.050003,121.43,13637100,True,-0.00328868
2016-09-14,LQD,121.489998,121.720001,121.349998,121.510002,4444000,True,0.00065861
2016-09-15,LQD,121.489998,121.699997,121.199997,121.589996,3441100,True,0.00065812
2016-09-16,LQD,121.75,121.82,121.5,121.730003,6832400,True,0.00115081
2016-09-19,LQD,121.809998,121.910004,121.610001,121.690002,5997100,True,-0.00032866
2016-09-20,LQD,121.980003,122.209999,121.809998,121.849998,5026100,True,0.00131392
2016-09-21,LQD,121.879997,122.5,121.620003,122.470001,4651400,True,0.00507534
2016-09-22,LQD,122.720001,123.110001,122.699997,122.970001,8544300,True,0.00407432
2016-09-23,LQD,122.959999,123.040001,122.839996,122.879997,6284600,True,-0.00073219
2016-09-26,LQD,122.949997,123.209999,122.900002,123.07,5027000,True,0.00154505
2016-09-27,LQD,123.339996,123.440002,123.07,123.370003,4571800,True,0.0024347
2016-09-28,LQD,123.489998,123.510002,123.25,123.449997,8094600,True,0.0006482
2016-09-29,LQD,123.190002,123.440002,123.080002,123.400002,5409100,True,-0.00040507
2016-09-30,LQD,123.449997,123.449997,122.839996,123.18,5224600,True,-0.00178442
2016-10-03,LQD,122.919998,122.949997,122.510002,122.510002,5555900,True,-0.00545403
2016-10-04,LQD,122.43,122.57,121.940002,121.940002,6890100,True,-0.00466354
2016-10-05,LQD,122.040001,122.150002,121.669998,121.809998,4168600,True,-0.00106671
2016-10-06,LQD,121.809998,122.129997,121.650002,121.82,5909300,True,8.211e-05
2016-10-07,LQD,121.989998,122.199997,121.690002,122.110001,2545900,True,0.00237774
2016-10-10,LQD,122.110001,122.120003,121.769997,122.110001,2246100,True,0.0
2016-10-11,LQD,121.75,122.010002,121.690002,121.730003,3416600,True,-0.00311678
2016-10-12,LQD,121.800003,121.93,121.580002,121.889999,2327800,True,0.00131349
2016-10-13,LQD,122.099998,122.330002,122.059998,122.190002,4204300,True,0.00245824
2016-10-14,LQD,121.860001,122.099998,121.610001,121.620003,2208900,True,-0.00467578
2016-10-17,LQD,121.800003,122.07,121.800003,122.019997,2698800,True,0.00328349
2016-10-18,LQD,121.919998,122.32,121.910004,122.32,2944100,True,0.00245562
2016-10-19,LQD,122.239998,122.57,122.160004,122.480003,5010500,True,0.00130722
2016-10-20,LQD,122.769997,122.769997,122.419998,122.440002,2646800,True,-0.00032664
2016-10-21,LQD,122.519997,122.580002,122.300003,122.510002,3502500,True,0.00057154
2016-10-24,LQD,122.550003,122.550003,122.019997,122.160004,3816500,True,-0.00286099
2016-10-25,LQD,122.089996,122.290001,121.980003,122.07,6611600,True,-0.00073704
2016-10-26,LQD,121.879997,121.919998,121.550003,121.559998,10256000,True,-0.0041867
2016-10-27,LQD,121.32,121.32,120.730003,121.010002,11643100,True,-0.00453474
2016-10-28,LQD,120.949997,121.139999,120.839996,120.870003,5629800,True,-0.00115759
2016-10-31,LQD,121.160004,121.199997,120.940002,120.980003,5377300,True,0.00090966
2016-11-01,LQD,120.43,120.669998,120.18,120.510002,9303000,True,-0.00389252
2016-11-02,LQD,120.599998,120.809998,120.510002,120.690002,4798100,True,0.00149254
2016-11-03,LQD,120.510002,120.610001,120.360001,120.449997,6320500,True,-0.00199059
2016-11-04,LQD,120.629997,120.900002,120.629997,120.809998,4242900,True,0.00298434
2016-11-07,LQD,120.68,120.769997,120.559998,120.730003,4352400,True,-0.00066237
2016-11-08,LQD,120.690002,120.779999,120.330002,120.459999,3632400,True,-0.00223894
2016-11-09,LQD,119.470001,119.690002,118.510002,118.690002,9216200,True,-0.01480267
2016-11-10,LQD,118.510002,119.080002,118.410004,118.589996,9063900,True,-0.00084294
2016-11-11,LQD,118.540001,118.650002,118.019997,118.080002,6011900,True,-0.00430976
2016-11-14,LQD,117.32,118.010002,117.18,117.470001,7148700,True,-0.00517938
2016-11-15,LQD,117.660004,118.050003,117.57,117.830002,4840300,True,0.00305993
2016-11-16,LQD,117.690002,118.059998,117.650002,118.0,5417800,True,0.0014417
2016-11-17,LQD,117.709999,117.779999,117.120003,117.25,6106200,True,-0.00637622
2016-11-18,LQD,117.410004,117.449997,116.519997,116.589996,9801400,True,-0.00564493
2016-11-21,LQD,116.790001,116.949997,116.589996,116.709999,5077200,True,0.00102874
2016-11-22,LQD,117.099998,117.110001,116.779999,117.010002,3693100,True,0.0025672
2016-11-23,LQD,116.300003,116.760002,116.040001,116.580002,6098300,True,-0.00368167
2016-11-25,LQD,116.870003,116.870003,116.459999,116.589996,876100,True,8.573e-05
2016-11-28,LQD,116.970001,117.169998,116.870003,117.120003,3125200,True,0.0045356
2016-11-29,LQD,117.040001,117.32,116.949997,117.279999,3926200,True,0.00136515
2016-11-30,LQD,116.559998,116.93,116.480003,116.839996,11333400,True,-0.00375878
2016-12-01,LQD,115.980003,116.160004,115.599998,115.870003,11597800,True,-0.00833655
2016-12-02,LQD,116.160004,116.690002,116.160004,116.400002,7533500,True,0.00456365
2016-12-05,LQD,116.279999,116.870003,116.110001,116.650002,4107500,True,0.00214546
2016-12-06,LQD,116.699997,116.779999,116.610001,116.639999,9040100,True,-8.575e-05
2016-12-07,LQD,116.910004,117.269997,116.860001,117.129997,8069200,True,0.00419214
2016-12-08,LQD,116.82,116.849998,116.57,116.650002,5941700,True,-0.00410639
2016-12-09,LQD,116.540001,116.699997,116.050003,116.199997,8875100,True,-0.00386519
2016-12-12,LQD,116.059998,116.220001,115.870003,116.089996,7302800,True,-0.0009471
2016-12-13,LQD,116.57,116.57,116.139999,116.349998,6232700,True,0.00223716
2016-12-14,LQD,116.870003,116.870003,115.580002,115.610001,6133700,True,-0.00638041
2016-12-15,LQD,115.839996,116.050003,115.559998,115.690002,9352800,True,0.00069176
2016-12-16,LQD,115.870003,116.0,115.550003,115.599998,7852000,True,-0.00077828
2016-12-19,LQD,116.199997,116.220001,115.949997,116.160004,5777400,True,0.00483264
2016-12-20,LQD,115.93,116.129997,115.82,116.089996,3750000,True,-0.00060286
2016-12-21,LQD,116.120003,116.480003,116.120003,116.459999,4199600,True,0.00318214
2016-12-22,LQD,115.989998,116.209999,115.889999,116.150002,3773400,True,-0.00266539
2016-12-23,LQD,116.239998,116.379997,116.220001,116.330002,1291700,True,0.00154852
2016-12-27,LQD,116.099998,116.169998,116.0,116.120003,2542800,True,-0.00180683
2016-12-28,LQD,116.330002,116.68,116.129997,116.550003,1731700,True,0.00369623
2016-12-29,LQD,116.790001,117.139999,116.660004,117.0,3309500,True,0.00385354
2016-12-30,LQD,117.0,117.360001,116.949997,117.18,2388400,True,0.00153728
2017-01-03,LQD,116.949997,117.400002,116.519997,117.279999,5822600,True,0.00085301
2017-01-04,LQD,117.529999,117.68,117.330002,117.68,4999200,True,0.00340485
2017-01-05,LQD,117.800003,118.339996,117.709999,118.309998,7071100,True,0.0053392
2017-01-06,LQD,117.870003,117.980003,117.620003,117.690002,4496000,True,-0.00525421
2017-01-09,LQD,118.010002,118.07,117.870003,117.919998,3561400,True,0.00195234
2017-01-10,LQD,117.919998,117.970001,117.769997,117.849998,4259600,True,-0.0005938
2017-01-11,LQD,117.900002,118.389999,117.690002,118.029999,7133600,True,0.0015262
2017-01-12,LQD,118.419998,118.43,118.010002,118.019997,3922600,True,-8.475e-05
2017-01-13,LQD,117.82,117.970001,117.389999,117.779999,4045300,True,-0.00203561
2017-01-17,LQD,118.43,118.540001,118.099998,118.290001,8443000,True,0.00432078
2017-01-18,LQD,117.949997,118.010002,117.419998,117.510002,6026200,True,-0.00661579
2017-01-19,LQD,117.300003,117.349998,116.919998,117.110001,3371300,True,-0.00340979
2017-01-20,LQD,117.129997,117.360001,116.900002,117.32,4570600,True,0.00179157
2017-01-23,LQD,117.540001,118.050003,117.32,117.860001,8747800,True,0.00459224
2017-01-24,LQD,117.669998,117.760002,117.339996,117.510002,5129700,True,-0.00297403
2017-01-25,LQD,117.169998,117.25,116.860001,117.059998,5886400,True,-0.00383685
2017-01-26,LQD,117.059998,117.25,116.82,117.199997,4033200,True,0.00119525
2017-01-27,LQD,117.349998,117.419998,117.220001,117.339996,3816700,True,0.00119382
2017-01-30,LQD,117.290001,117.339996,117.099998,117.139999,3651000,True,-0.00170588
2017-01-31,LQD,117.18,117.559998,117.080002,117.349998,4982500,True,0.00179111
2017-02-01,LQD,116.779999,117.050003,116.529999,116.889999,3626900,True,-0.00392759
2017-02-02,LQD,117.139999,117.290001,116.879997,116.919998,7145600,True,0.00025661
2017-02-03,LQD,117.260002,117.43,116.800003,117.050003,5243200,True,0.0011113
2017-02-06,LQD,117.43,117.529999,117.169998,117.419998,4494500,True,0.00315602
2017-02-07,LQD,117.419998,117.830002,117.290001,117.620003,3228900,True,0.00170188
2017-02-08,LQD,118.010002,118.139999,117.839996,118.029999,6287200,True,0.00347971
2017-02-09,LQD,118.029999,118.029999,117.480003,117.559998,4692700,True,-0.00399
2017-02-10,LQD,117.349998,117.620003,117.260002,117.529999,4881600,True,-0.00025521
2017-02-13,LQD,117.410004,117.480003,117.260002,117.480003,3723500,True,-0.00042547
2017-02-14,LQD,117.519997,117.519997,116.809998,117.199997,4404100,True,-0.00238628
2017-02-15,LQD,116.949997,117.110001,116.870003,117.110001,3632700,True,-0.00076818
2017-02-16,LQD,117.32,117.57,117.209999,117.440002,4037700,True,0.00281392
2017-02-17,LQD,117.860001,117.870003,117.629997,117.739998,3104800,True,0.0025512
2017-02-21,LQD,117.57,117.919998,117.5,117.790001,3656200,True,0.0004246
2017-02-22,LQD,118.050003,118.169998,117.540001,117.879997,4259100,True,0.00076375
2017-02-23,LQD,118.160004,118.209999,118.050003,118.18,4247900,True,0.00254175
2017-02-24,LQD,118.620003,118.870003,118.440002,118.779999,5388800,True,0.00506414
2017-02-27,LQD,118.760002,118.760002,118.459999,118.5,5083400,True,-0.00236007
2017-02-28,LQD,118.620003,118.779999,118.5,118.580002,4290600,True,0.00067489
2017-03-01,LQD,117.610001,117.620003,117.389999,117.559998,6524600,True,-0.00863903
2017-03-02,LQD,117.449997,117.480003,117.25,117.379997,4687900,True,-0.00153231
2017-03-03,LQD,117.519997,117.529999,117.129997,117.5,4926300,True,0.00102182
2017-03-06,LQD,117.480003,117.5,117.209999,117.290001,3464400,True,-0.00178883
2017-03-07,LQD,117.010002,117.129997,116.599998,116.709999,5999600,True,-0.00495729
2017-03-08,LQD,116.480003,116.480003,116.160004,116.349998,7933300,True,-0.00308934
2017-03-09,LQD,115.989998,116.019997,115.660004,115.720001,5497200,True,-0.00542939
2017-03-10,LQD,116.07,116.07,115.760002,116.010002,4789100,True,0.00250292
2017-03-13,LQD,115.900002,116.0,115.620003,115.620003,3171600,True,-0.00336744
2017-03-14,LQD,115.709999,115.800003,115.629997,115.720001,3598500,True,0.00086452
2017-03-15,LQD,116.040001,116.809998,115.910004,116.720001,7841600,True,0.00860442
2017-03-16,LQD,116.730003,116.739998,116.5,116.550003,3116900,True,-0.00145752
2017-03-17,LQD,116.75,116.919998,116.68,116.82,4440500,True,0.00231389
2017-03-20,LQD,116.860001,117.129997,116.82,117.089996,2939600,True,0.00230855
2017-03-21,LQD,117.099998,117.470001,117.029999,117.379997,5032300,True,0.00247367
2017-03-22,LQD,117.709999,117.800003,117.470001,117.68,3905800,True,0.00255257
2017-03-23,LQD,117.760002,117.779999,117.449997,117.599998,4504900,True,-0.00068006
2017-03-24,LQD,117.519997,117.82,117.519997,117.720001,3158300,True,0.00101991
2017-03-27,LQD,118.089996,118.089996,117.800003,117.970001,3492100,True,0.00212143
2017-03-28,LQD,117.93,118.089996,117.690002,117.720001,4834900,True,-0.00212143
2017-03-29,LQD,117.919998,118.099998,117.82,118.099998,3457100,True,0.00322278
2017-03-30,LQD,117.93,118.040001,117.739998,117.790001,2667700,True,-0.00262832
2017-03-31,LQD,117.870003,117.940002,117.790001,117.910004,5772300,True,0.00101827
2017-04-03,LQD,117.639999,118.120003,117.610001,118.120003,3713700,True,0.00177943
2017-04-04,LQD,117.989998,118.029999,117.809998,117.809998,3016200,True,-0.00262794
2017-04-05,LQD,117.879997,118.07,117.699997,117.959999,6753900,True,0.00127244
2017-04-06,LQD,118.080002,118.120003,117.809998,118.07,2012600,True,0.00093209
2017-04-07,LQD,118.339996,118.440002,117.75,117.779999,2121700,True,-0.0024592
2017-04-10,LQD,117.989998,118.150002,117.910004,118.0,2766200,True,0.00186616
2017-04-11,LQD,118.260002,118.620003,118.260002,118.550003,3534200,True,0.00465021
2017-04-12,LQD,118.809998,118.940002,118.510002,118.940002,2886300,True,0.00328435
2017-04-13,LQD,119.059998,119.209999,118.889999,119.139999,3286700,True,0.00168008
2017-04-17,LQD,119.190002,119.209999,118.849998,118.910004,2933700,True,-0.00193233
2017-04-18,LQD,119.279999,119.660004,119.150002,119.610001,3616800,True,0.00586952
2017-04-19,LQD,119.370003,119.43,119.160004,119.25,1839400,True,-0.00301433
2017-04-20,LQD,119.099998,119.190002,118.900002,119.080002,3264000,True,-0.00142658
2017-04-21,LQD,119.279999,119.290001,119.07,119.080002,3892400,True,0.0
2017-04-24,LQD,118.93,119.029999,118.739998,118.919998,3193400,True,-0.00134457
2017-04-25,LQD,118.75,118.809998,118.410004,118.449997,3541100,True,-0.00396008
2017-04-26,LQD,118.470001,118.779999,118.440002,118.739998,3320400,True,0.00244531
2017-04-27,LQD,118.739998,118.940002,118.610001,118.849998,4391000,True,0.00092597
2017-04-28,LQD,118.709999,119.010002,118.599998,118.989998,4478000,True,0.00117726
2017-05-01,LQD,118.57,118.709999,118.18,118.300003,3479800,True,-0.00581564
2017-05-02,LQD,118.360001,118.68,118.290001,118.650002,2858200,True,0.0029542
2017-05-03,LQD,118.870003,118.900002,118.5,118.589996,2854900,True,-0.00050586
2017-05-04,LQD,118.25,118.360001,118.169998,118.360001,1540100,True,-0.0019413
2017-05-05,LQD,118.379997,118.400002,118.129997,118.400002,2887300,True,0.0003379
2017-05-08,LQD,118.370003,118.370003,118.099998,118.190002,3886500,True,-0.00177522
2017-05-09,LQD,118.120003,118.209999,118.050003,118.209999,3012400,True,0.00016918
2017-05-10,LQD,118.529999,118.529999,118.230003,118.370003,4282600,True,0.00135264
2017-05-11,LQD,118.199997,118.470001,118.150002,118.43,2263500,True,0.00050674
2017-05-12,LQD,118.800003,119.059998,118.779999,119.029999,3165000,True,0.00505348
2017-05-15,LQD,118.959999,119.080002,118.879997,119.019997,3752700,True,-8.403e-05
2017-05-16,LQD,119.089996,119.360001,119.050003,119.190002,3996400,True,0.00142736
2017-05-17,LQD,119.589996,119.980003,119.589996,119.919998,7304300,True,0.00610596
2017-05-18,LQD,119.910004,119.949997,119.699997,119.900002,4825400,True,-0.00016676
2017-05-19,LQD,119.830002,119.970001,119.699997,119.970001,2907800,True,0.00058365
2017-05-22,LQD,119.879997,119.93,119.800003,119.870003,2852900,True,-0.00083388
2017-05-23,LQD,120.010002,120.010002,119.459999,119.5,5154200,True,-0.00309147
2017-05-24,LQD,119.57,119.760002,119.379997,119.690002,5274800,True,0.00158872
2017-05-25,LQD,119.769997,119.769997,119.550003,119.739998,2806200,True,0.00041762
2017-05-26,LQD,119.82,119.910004,119.720001,119.830002,2054800,True,0.00075138
2017-05-30,LQD,120.0,120.120003,119.959999,120.110001,3898300,True,0.00233391
2017-05-31,LQD,120.110001,120.260002,120.019997,120.25,4428500,True,0.00116491
2017-06-01,LQD,119.690002,119.970001,119.669998,119.959999,9430000,True,-0.00241456
2017-06-02,LQD,120.459999,120.580002,120.300003,120.519997,5130100,True,0.00465734
2017-06-05,LQD,120.260002,120.370003,120.169998,120.18,3198500,True,-0.00282506
2017-06-06,LQD,120.660004,120.660004,120.449997,120.529999,1806700,True,0.00290805
2017-06-07,LQD,120.470001,120.599998,120.32,120.379997,5702400,True,-0.00124529
2017-06-08,LQD,120.389999,120.389999,120.0,120.169998,3895200,True,-0.00174599
2017-06-09,LQD,119.949997,120.139999,119.849998,120.050003,6884700,True,-0.00099904
2017-06-12,LQD,119.959999,120.279999,119.919998,120.080002,4075100,True,0.00024985
2017-06-13,LQD,119.959999,120.209999,119.959999,120.209999,4822000,True,0.001082
2017-06-14,LQD,120.989998,121.309998,120.790001,121.029999,6852800,True,0.00679823
2017-06-15,LQD,120.870003,120.870003,120.589996,120.739998,6624700,True,-0.00239898
2017-06-16,LQD,120.839996,120.910004,120.760002,120.839996,4314800,True,0.00082787
2017-06-19,LQD,120.849998,120.849998,120.629997,120.690002,7827700,True,-0.00124203
2017-06-20,LQD,120.860001,121.080002,120.739998,120.959999,6906500,True,0.00223461
2017-06-21,LQD,120.949997,121.080002,120.830002,121.019997,5462700,True,0.00049589
2017-06-22,LQD,121.190002,121.230003,120.980003,121.120003,3520800,True,0.00082602
2017-06-23,LQD,121.110001,121.190002,121.050003,121.18,5495700,True,0.00049523
2017-06-26,LQD,121.449997,121.559998,121.370003,121.400002,3808600,True,0.00181385
2017-06-27,LQD,121.129997,121.150002,120.82,120.849998,4736500,True,-0.0045408
2017-06-28,LQD,120.910004,120.980003,120.629997,120.980003,3933900,True,0.00107518
2017-06-29,LQD,120.370003,120.709999,120.339996,120.610001,6954200,True,-0.00306307
2017-06-30,LQD,120.660004,120.690002,120.470001,120.510002,4567700,True,-0.00082945
2017-07-03,LQD,120.339996,120.339996,119.93,119.93,5759500,True,-0.00482451
2017-07-05,LQD,120.029999,120.150002,119.900002,120.129997,5406900,True,0.00166623
2017-07-06,LQD,119.779999,119.889999,119.5,119.82,11548000,True,-0.00258385
2017-07-07,LQD,119.699997,119.769997,119.599998,119.720001,9803900,True,-0.00083492
2017-07-10,LQD,119.889999,119.949997,119.739998,119.919998,2234500,True,0.00166915
2017-07-11,LQD,119.900002,119.989998,119.730003,119.970001,4340900,True,0.00041688
2017-07-12,LQD,120.5,120.620003,120.379997,120.5,6779600,True,0.00440803
2017-07-13,LQD,120.379997,120.43,120.120003,120.290001,3977400,True,-0.00174425
2017-07-14,LQD,120.720001,120.800003,120.379997,120.57,5302000,True,0.00232499
2017-07-17,LQD,120.57,120.75,120.449997,120.68,5899000,True,0.00091192
2017-07-18,LQD,121.050003,121.199997,120.919998,121.199997,4775300,True,0.00429963
2017-07-19,LQD,121.190002,121.300003,121.089996,121.160004,4144200,True,-0.00033003
2017-07-20,LQD,121.419998,121.470001,121.190002,121.269997,1925200,True,0.00090742
2017-07-21,LQD,121.440002,121.610001,121.43,121.550003,3634000,True,0.00230629
2017-07-24,LQD,121.470001,121.5,121.309998,121.410004,2647900,True,-0.00115245
2017-07-25,LQD,120.940002,120.980003,120.660004,120.690002,7043100,True,-0.00594798
2017-07-26,LQD,120.68,121.190002,120.639999,121.089996,9355500,True,0.00330875
2017-07-27,LQD,120.839996,120.93,120.699997,120.790001,2769100,True,-0.00248053
2017-07-28,LQD,120.839996,121.110001,120.790001,121.110001,2312200,True,0.00264572
2017-07-31,LQD,120.910004,121.120003,120.910004,121.110001,3689900,True,0.0
2017-08-01,LQD,120.629997,121.230003,120.57,121.230003,7390500,True,0.00099037
2017-08-02,LQD,121.169998,121.290001,121.0,121.040001,6728600,True,-0.00156852
2017-08-03,LQD,121.110001,121.269997,121.089996,121.209999,6520500,True,0.00140349
2017-08-04,LQD,120.900002,120.919998,120.580002,120.739998,5095700,True,-0.00388512
2017-08-07,LQD,120.75,120.830002,120.589996,120.769997,10816400,True,0.00024843
2017-08-08,LQD,120.650002,120.669998,120.169998,120.190002,9992700,True,-0.00481404
2017-08-09,LQD,120.57,120.620003,120.300003,120.309998,7465800,True,0.00099788
2017-08-10,LQD,120.339996,120.440002,120.059998,120.269997,8053400,True,-0.00033254
2017-08-11,LQD,120.300003,120.510002,120.089996,120.489998,10910500,True,0.00182756
2017-08-14,LQD,120.419998,120.650002,120.360001,120.410004,3051500,True,-0.00066413
2017-08-15,LQD,120.169998,120.349998,120.110001,120.269997,4710000,True,-0.00116343
2017-08-16,LQD,120.300003,120.800003,120.290001,120.610001,5190200,True,0.00282302
2017-08-17,LQD,120.599998,120.839996,120.480003,120.730003,8973800,True,0.00099447
2017-08-18,LQD,121.029999,121.040001,120.610001,120.650002,4350900,True,-0.00066287
2017-08-21,LQD,120.839996,120.870003,120.720001,120.82,3666200,True,0.00140803
2017-08-22,LQD,120.779999,120.790001,120.639999,120.699997,2390100,True,-0.00099373
2017-08-23,LQD,120.949997,121.169998,120.870003,121.160004,4590000,True,0.00380391
2017-08-24,LQD,121.0,121.129997,120.889999,120.93,2929800,True,-0.00190015
2017-08-25,LQD,121.010002,121.290001,120.949997,121.209999,5488000,True,0.0023127
2017-08-28,LQD,121.18,121.260002,121.0,121.209999,5200500,True,0.0
2017-08-29,LQD,121.650002,121.699997,121.230003,121.300003,3499700,True,0.00074227
2017-08-30,LQD,121.290001,121.400002,121.239998,121.400002,2573700,True,0.00082405
2017-08-31,LQD,121.459999,121.660004,121.449997,121.610001,4549400,True,0.00172832
2017-09-01,LQD,121.190002,121.220001,120.800003,120.809998,7946000,True,-0.00660016
2017-09-05,LQD,121.220001,121.660004,121.169998,121.559998,7357000,True,0.0061889
2017-09-06,LQD,121.540001,121.599998,121.080002,121.129997,8863700,True,-0.00354362
2017-09-07,LQD,121.370003,121.809998,121.349998,121.599998,7698800,True,0.00387263
2017-09-08,LQD,121.519997,121.519997,121.230003,121.239998,6776600,True,-0.00296492
2017-09-11,LQD,120.989998,121.190002,120.849998,120.870003,4220300,True,-0.00305642
2017-09-12,LQD,120.82,120.82,120.550003,120.739998,4615800,True,-0.00107615
2017-09-13,LQD,120.82,120.839996,120.599998,120.620003,5671300,True,-0.00099432
2017-09-14,LQD,120.559998,120.919998,120.559998,120.919998,4333500,True,0.00248402
2017-09-15,LQD,120.989998,121.050003,120.790001,121.019997,4631300,True,0.00082664
2017-09-18,LQD,120.959999,120.980003,120.760002,120.900002,4971700,True,-0.00099202
2017-09-19,LQD,120.949997,121.059998,120.839996,120.970001,5296800,True,0.00057882
2017-09-20,LQD,121.07,121.089996,120.540001,120.82,6603300,True,-0.00124076
2017-09-21,LQD,120.849998,121.07,120.809998,120.82,3410000,True,0.0
2017-09-22,LQD,121.059998,121.120003,120.900002,120.980003,2099200,True,0.00132344
2017-09-25,LQD,121.120003,121.459999,121.07,121.43,3489900,True,0.0037127
2017-09-26,LQD,121.300003,121.459999,121.209999,121.410004,10290700,True,-0.00016469
2017-09-27,LQD,120.849998,121.010002,120.639999,120.940002,6695500,True,-0.0038787
2017-09-28,LQD,120.790001,121.139999,120.75,121.120003,6350800,True,0.00148724
2017-09-29,LQD,121.199997,121.300003,120.949997,121.230003,7627300,True,0.00090778
2017-10-02,LQD,120.959999,121.110001,120.769997,121.019997,7218100,True,-0.0017338
2017-10-03,LQD,120.980003,121.290001,120.919998,121.290001,7569400,True,0.00222859
2017-10-04,LQD,121.300003,121.300003,120.980003,121.220001,5376300,True,-0.00057729
2017-10-05,LQD,121.150002,121.150002,120.919998,121.050003,3932800,True,-0.00140338
2017-10-06,LQD,120.68,120.989998,120.57,120.949997,5901300,True,-0.0008265
2017-10-09,LQD,121.019997,121.07,120.870003,121.050003,1312200,True,0.0008265
2017-10-10,LQD,121.089996,121.400002,121.050003,121.129997,3873400,True,0.00066062
2017-10-11,LQD,121.309998,121.309998,121.0,121.07,7170900,True,-0.00049544
2017-10-12,LQD,121.110001,121.190002,120.949997,121.099998,10302500,True,0.00024775
2017-10-13,LQD,121.57,121.650002,121.400002,121.580002,5755800,True,0.00395586
2017-10-16,LQD,121.540001,121.559998,121.290001,121.410004,4886100,True,-0.00139922
2017-10-17,LQD,121.269997,121.489998,121.260002,121.389999,4476900,True,-0.00016478
2017-10-18,LQD,121.099998,121.290001,121.040001,121.209999,3272500,True,-0.00148393
2017-10-19,LQD,121.550003,121.550003,121.300003,121.389999,4143300,True,0.00148393
2017-10-20,LQD,120.980003,121.160004,120.900002,121.059998,7280400,True,-0.00272223
2017-10-23,LQD,121.239998,121.309998,121.139999,121.18,2675800,True,0.00099078
2017-10-24,LQD,120.879997,121.059998,120.849998,120.879997,4686200,True,-0.00247875
2017-10-25,LQD,120.580002,120.639999,120.400002,120.559998,8866600,True,-0.00265076
2017-10-26,LQD,120.800003,120.800003,120.540001,120.550003,9420100,True,-8.29e-05
2017-10-27,LQD,120.709999,120.949997,120.68,120.910004,6915900,True,0.00298187
2017-10-30,LQD,120.709999,121.349998,120.709999,121.309998,5236600,True,0.00330274
2017-10-31,LQD,121.360001,121.360001,121.120003,121.139999,5932800,True,-0.00140234
2017-11-01,LQD,121.050003,121.150002,120.849998,121.010002,5967400,True,-0.00107369
2017-11-02,LQD,121.150002,121.150002,120.900002,120.989998,13253900,True,-0.00016532
2017-11-03,LQD,121.099998,121.190002,120.910004,121.129997,5307500,True,0.00115645
2017-11-06,LQD,121.190002,121.25,121.050003,121.160004,9576900,True,0.00024769
2017-11-07,LQD,121.019997,121.110001,120.959999,121.059998,7643200,True,-0.00082575
2017-11-08,LQD,121.080002,121.110001,120.879997,120.900002,7185500,True,-0.0013225
2017-11-09,LQD,120.610001,120.75,120.510002,120.580002,7232300,True,-0.00265032
2017-11-10,LQD,120.089996,120.150002,119.779999,119.889999,5816600,True,-0.0057388
2017-11-13,LQD,120.099998,120.120003,119.910004,119.910004,3646400,True,0.00016684
2017-11-14,LQD,119.980003,120.099998,119.879997,119.940002,6112500,True,0.00025015
2017-11-15,LQD,120.07,120.480003,119.849998,120.449997,7141900,True,0.00424307
2017-11-16,LQD,120.360001,120.519997,120.269997,120.309998,5051200,True,-0.00116298
2017-11-17,LQD,120.510002,120.580002,120.379997,120.459999,5521500,True,0.00124602
2017-11-20,LQD,120.419998,120.599998,120.379997,120.459999,3190600,True,0.0
2017-11-21,LQD,120.900002,120.940002,120.669998,120.860001,4372100,True,0.00331512
2017-11-22,LQD,121.050003,121.370003,120.980003,121.330002,4111500,True,0.00388127
2017-11-24,LQD,121.25,121.370003,121.169998,121.190002,1359700,True,-0.00115454
2017-11-27,LQD,121.160004,121.260002,121.040001,121.120003,6049200,True,-0.00057777
2017-11-28,LQD,121.239998,121.389999,121.169998,121.290001,5176400,True,0.00140257
2017-11-29,LQD,120.809998,120.870003,120.620003,120.809998,7606300,True,-0.00396534
2017-11-30,LQD,120.93,120.940002,120.470001,120.669998,6119600,True,-0.00115951
2017-12-01,LQD,120.809998,121.379997,120.400002,120.720001,13958300,True,0.00041429
2017-12-04,LQD,120.779999,120.919998,120.580002,120.910004,5766700,True,0.00157267
2017-12-05,LQD,121.0,121.169998,120.830002,121.139999,4541900,True,0.0019004
2017-12-06,LQD,121.480003,121.540001,121.339996,121.370003,4801500,True,0.00189686
2017-12-07,LQD,121.489998,121.57,120.940002,121.129997,8295200,True,-0.00197943
2017-12-08,LQD,121.019997,121.110001,120.910004,120.980003,5135100,True,-0.00123906
2017-12-11,LQD,121.089996,121.220001,121.029999,121.07,4521500,True,0.00074362
2017-12-12,LQD,120.949997,120.989998,120.779999,120.980003,10153000,True,-0.00074362
2017-12-13,LQD,121.18,121.540001,121.089996,121.400002,7205800,True,0.00346562
2017-12-14,LQD,121.290001,121.660004,121.220001,121.620003,8022200,True,0.00181056
2017-12-15,LQD,121.699997,121.849998,121.489998,121.790001,5846000,True,0.00139681
2017-12-18,LQD,121.720001,121.769997,121.410004,121.43,6371100,True,-0.00296029
2017-12-19,LQD,121.169998,121.190002,120.650002,120.809998,6029200,True,-0.00511892
2017-12-20,LQD,120.550003,120.699997,120.400002,120.489998,9805700,True,-0.0026523
2017-12-21,LQD,120.290001,120.589996,120.269997,120.559998,6210400,True,0.00058079
2017-12-22,LQD,120.57,120.669998,120.489998,120.650002,2934900,True,0.00074627
2017-12-26,LQD,120.68,120.860001,120.599998,120.809998,1873000,True,0.00132524
2017-12-27,LQD,121.080002,121.489998,120.949997,121.480003,3179300,True,0.00553062
2017-12-28,LQD,121.470001,121.480003,121.220001,121.400002,2493200,True,-0.00065878
2017-12-29,LQD,121.260002,121.629997,121.260002,121.559998,3003300,True,0.00131706
2018-01-02,LQD,121.32,121.459999,120.5,120.75,8480600,True,-0.00668566
2018-01-03,LQD,120.940002,121.050003,120.699997,120.970001,5087600,True,0.0018203
2018-01-04,LQD,120.779999,121.010002,120.730003,120.93,7710100,True,-0.00033072
2018-01-05,LQD,121.089996,121.089996,120.760002,120.889999,5796500,True,-0.00033083
2018-01-08,LQD,121.019997,121.029999,120.769997,120.879997,3897200,True,-8.274e-05
2018-01-09,LQD,120.730003,120.769997,120.419998,120.440002,7621600,True,-0.00364657
2018-01-10,LQD,120.050003,120.650002,119.910004,120.519997,6050500,True,0.00066396
2018-01-11,LQD,120.489998,120.949997,120.489998,120.809998,5192600,True,0.00240336
2018-01-12,LQD,120.599998,120.910004,120.550003,120.830002,4463000,True,0.00016557
2018-01-16,LQD,121.18,121.18,120.82,120.940002,7410200,True,0.00090996
2018-01-17,LQD,120.959999,121.019997,120.489998,120.610001,11240700,True,-0.00273237
2018-01-18,LQD,120.169998,120.410004,120.010002,120.139999,6399400,True,-0.00390448
2018-01-19,LQD,119.989998,120.110001,119.720001,119.769997,6797800,True,-0.00308452
2018-01-22,LQD,119.769997,120.0,119.629997,119.660004,5096700,True,-0.00091879
2018-01-23,LQD,119.970001,120.190002,119.910004,120.18,6144000,True,0.0043362
2018-01-24,LQD,119.940002,120.120003,119.830002,120.099998,5679000,True,-0.00066591
2018-01-25,LQD,120.019997,120.709999,120.0,120.709999,7042100,True,0.00506625
2018-01-26,LQD,120.620003,120.620003,120.339996,120.550003,6391300,True,-0.00132634
2018-01-29,LQD,120.199997,120.379997,120.0,120.230003,5732400,True,-0.00265803
2018-01-30,LQD,120.0,120.080002,119.699997,119.82,6662600,True,-0.00341599
2018-01-31,LQD,120.169998,120.220001,119.709999,120.07,6751200,True,0.00208429
2018-02-01,LQD,119.910004,119.959999,119.139999,119.220001,12272400,True,-0.00710437
2018-02-02,LQD,119.0,119.0,118.470001,118.610001,8681500,True,-0.00512973
2018-02-05,LQD,118.239998,119.330002,118.220001,118.68,14486000,True,0.00058999
2018-02-06,LQD,118.589996,118.82,118.389999,118.440002,10467500,True,-0.00202427
2018-02-07,LQD,118.800003,118.849998,118.080002,118.110001,8862300,True,-0.00279013
2018-02-08,LQD,117.940002,118.099998,117.559998,117.599998,10957000,True,-0.00432738
2018-02-09,LQD,117.449997,117.470001,117.199997,117.220001,8719000,True,-0.0032365
2018-02-12,LQD,117.290001,117.620003,117.199997,117.220001,7814800,True,0.0
2018-02-13,LQD,117.089996,117.209999,116.790001,117.18,8730500,True,-0.0003413
2018-02-14,LQD,116.809998,117.0,116.660004,116.75,11013300,True,-0.00367632
2018-02-15,LQD,117.18,117.459999,117.059998,117.300003,4953400,True,0.00469989
2018-02-16,LQD,117.580002,117.760002,117.459999,117.650002,6319800,True,0.00297935
2018-02-20,LQD,117.349998,117.410004,117.129997,117.150002,8786200,True,-0.00425895
2018-02-21,LQD,117.199997,117.309998,116.440002,116.510002,6387200,True,-0.00547805
2018-02-22,LQD,116.839996,117.07,116.639999,116.669998,7227100,True,0.0013723
2018-02-23,LQD,117.050003,117.239998,116.879997,117.209999,8005600,True,0.00461777
2018-02-26,LQD,117.589996,117.75,117.330002,117.360001,5072000,True,0.00127895
2018-02-27,LQD,117.510002,117.519997,116.699997,116.849998,7279500,True,-0.00435509
2018-02-28,LQD,117.010002,117.160004,116.949997,117.07,7963400,True,0.001881
2018-03-01,LQD,116.559998,116.809998,116.370003,116.620003,11679100,True,-0.00385123
2018-03-02,LQD,116.360001,116.489998,116.190002,116.25,5335000,True,-0.00317776
2018-03-05,LQD,116.510002,116.580002,116.099998,116.209999,10168400,True,-0.00034415
2018-03-06,LQD,116.639999,116.68,116.290001,116.309998,8363400,True,0.00086013
2018-03-07,LQD,116.5,116.529999,116.230003,116.269997,4070400,True,-0.00034398
2018-03-08,LQD,116.489998,116.699997,116.339996,116.5,6410000,True,0.00197623
2018-03-09,LQD,116.32,116.370003,116.040001,116.089996,7773800,True,-0.00352555
2018-03-12,LQD,116.190002,116.279999,116.099998,116.239998,8555600,True,0.00129128
2018-03-13,LQD,116.349998,116.400002,116.110001,116.25,8625900,True,8.604e-05
2018-03-14,LQD,116.269997,116.699997,116.260002,116.510002,5765700,True,0.00223408
2018-03-15,LQD,116.480003,116.709999,116.440002,116.629997,5268200,True,0.00102938
2018-03-16,LQD,116.410004,116.830002,116.360001,116.760002,10754700,True,0.00111406
2018-03-19,LQD,116.5,116.599998,116.360001,116.370003,8095300,True,-0.00334577
2018-03-20,LQD,116.029999,116.190002,115.919998,115.959999,6445000,True,-0.0035295
2018-03-21,LQD,115.760002,116.230003,115.519997,115.889999,7312600,True,-0.00060384
2018-03-22,LQD,116.190002,116.290001,115.989998,116.089996,10966600,True,0.00172426
2018-03-23,LQD,115.970001,116.029999,115.709999,115.720001,6120800,True,-0.00319223
2018-03-26,LQD,116.059998,116.199997,116.0,116.129997,5834800,True,0.00353674
2018-03-27,LQD,116.059998,116.620003,116.059998,116.550003,5000200,True,0.00361016
2018-03-28,LQD,116.779999,116.980003,116.660004,116.860001,4771600,True,0.00265625
2018-03-29,LQD,117.110001,117.470001,116.949997,117.389999,5930800,True,0.00452508
2018-04-02,LQD,116.900002,117.07,116.720001,116.989998,4393500,True,-0.00341328
2018-04-03,LQD,116.940002,116.940002,116.629997,116.68,3773500,True,-0.0026533
2018-04-04,LQD,116.730003,116.860001,116.639999,116.68,5259600,True,0.0
2018-04-05,LQD,116.610001,116.75,116.5,116.720001,5171000,True,0.00034277
2018-04-06,LQD,116.93,117.07,116.809998,117.07,4772500,True,0.00299413
2018-04-09,LQD,116.849998,117.18,116.849998,117.129997,3611300,True,0.00051236
2018-04-10,LQD,117.209999,117.440002,117.010002,117.160004,5201300,True,0.00025615
2018-04-11,LQD,117.360001,117.400002,117.110001,117.239998,2483800,True,0.00068254
2018-04-12,LQD,117.120003,117.199997,116.900002,116.919998,2588100,True,-0.00273317
2018-04-13,LQD,116.839996,117.059998,116.839996,116.959999,4427800,True,0.00034206
2018-04-16,LQD,116.75,116.989998,116.709999,116.970001,2323600,True,8.551e-05
2018-04-17,LQD,116.980003,117.150002,116.910004,116.980003,6702900,True,8.551e-05
2018-04-18,LQD,116.940002,116.949997,116.360001,116.379997,6888000,True,-0.00514233
2018-04-19,LQD,116.040001,116.07,115.760002,115.940002,4058600,True,-0.00378784
2018-04-20,LQD,115.790001,115.830002,115.459999,115.470001,4679700,True,-0.00406207
2018-04-23,LQD,115.440002,115.470001,115.25,115.419998,4380000,True,-0.00043313
2018-04-24,LQD,115.309998,115.440002,114.989998,115.080002,5984700,True,-0.00295008
2018-04-25,LQD,114.82,114.839996,114.550003,114.720001,3756100,True,-0.00313317
2018-04-26,LQD,115.019997,115.18,114.919998,115.059998,6027200,True,0.00295932
2018-04-27,LQD,115.25,115.370003,115.220001,115.32,3369800,True,0.00225716
2018-04-30,LQD,115.370003,115.459999,115.169998,115.220001,6388500,True,-0.00086752
2018-05-01,LQD,114.830002,114.870003,114.489998,114.580002,6051500,True,-0.00557007
2018-05-02,LQD,114.730003,114.75,114.489998,114.489998,3608100,True,-0.00078582
2018-05-03,LQD,114.769997,114.82,114.470001,114.510002,4122600,True,0.00017471
2018-05-04,LQD,114.860001,114.860001,114.470001,114.669998,3733800,True,0.00139625
2018-05-07,LQD,114.709999,114.75,114.5,114.540001,3870900,True,-0.00113431
2018-05-08,LQD,114.43,114.540001,114.260002,114.5,5069300,True,-0.00034929
2018-05-09,LQD,114.32,114.629997,114.279999,114.480003,3906600,True,-0.00017466
2018-05-10,LQD,114.839996,115.07,114.720001,115.059998,5103000,True,0.00505355
2018-05-11,LQD,115.230003,115.279999,115.080002,115.260002,4254000,True,0.00173675
2018-05-14,LQD,115.129997,115.269997,115.050003,115.050003,4808300,True,-0.00182362
2018-05-15,LQD,114.510002,114.760002,114.0,114.18,5970000,True,-0.00759069
2018-05-16,LQD,114.239998,114.349998,113.989998,114.029999,4210800,True,-0.00131459
2018-05-17,LQD,114.0,114.059998,113.720001,113.809998,3272300,True,-0.00193119
2018-05-18,LQD,113.989998,114.330002,113.959999,114.279999,4154700,True,0.0041212
2018-05-21,LQD,114.150002,114.349998,114.099998,114.349998,2593300,True,0.00061234
2018-05-22,LQD,114.260002,114.389999,114.129997,114.230003,3230000,True,-0.00104992
2018-05-23,LQD,114.410004,114.800003,114.330002,114.720001,5771100,True,0.0042804
2018-05-24,LQD,114.980003,115.080002,114.889999,115.040001,4436900,True,0.00278551
2018-05-25,LQD,115.379997,115.419998,115.230003,115.379997,3997600,True,0.0029511
2018-05-29,LQD,115.43,116.209999,115.260002,115.989998,6831700,True,0.00527296
2018-05-30,LQD,115.610001,115.82,115.269997,115.540001,5083900,True,-0.00388716
2018-05-31,LQD,115.660004,115.769997,115.360001,115.489998,6303300,True,-0.00043287
2018-06-01,LQD,114.870003,115.139999,114.809998,114.910004,4479700,True,-0.00503468
2018-06-04,LQD,114.900002,114.970001,114.650002,114.650002,3714900,True,-0.00226522
2018-06-05,LQD,114.93,114.949997,114.690002,114.730003,3901500,True,0.00069755
2018-06-06,LQD,114.410004,114.470001,114.160004,114.309998,4754900,True,-0.00366754
2018-06-07,LQD,114.25,115.059998,114.25,114.690002,7185200,True,0.00331882
2018-06-08,LQD,114.599998,114.650002,114.43,114.5,2935600,True,-0.00165803
2018-06-11,LQD,114.300003,114.400002,114.230003,114.389999,2905100,True,-0.00096117
2018-06-12,LQD,114.25,114.5,114.220001,114.400002,3396500,True,8.744e-05
2018-06-13,LQD,114.440002,114.580002,113.980003,114.290001,4906500,True,-0.00096201
2018-06-14,LQD,114.68,114.82,114.489998,114.809998,4915800,True,0.00453948
2018-06-15,LQD,114.980003,115.059998,114.589996,114.650002,5887100,True,-0.00139454
2018-06-18,LQD,114.639999,114.660004,114.419998,114.529999,4723200,True,-0.00104724
2018-06-19,LQD,114.559998,114.660004,114.470001,114.589996,4278700,True,0.00052372
2018-06-20,LQD,114.610001,114.610001,113.900002,113.949997,7731500,True,-0.00560078
2018-06-21,LQD,113.900002,114.089996,113.860001,113.860001,15921600,True,-0.0007901
2018-06-22,LQD,113.800003,114.089996,113.75,114.0,6728500,True,0.00122882
2018-06-25,LQD,114.040001,114.110001,113.870003,113.889999,3243900,True,-0.00096538
2018-06-26,LQD,113.980003,114.290001,113.889999,114.269997,10345300,True,0.00333097
2018-06-27,LQD,114.589996,114.660004,114.480003,114.660004,9776300,True,0.00340722
2018-06-28,LQD,114.57,114.57,114.269997,114.510002,6241300,True,-0.00130909
2018-06-29,LQD,114.639999,114.839996,114.510002,114.57,7855600,True,0.00052381
2018-07-02,LQD,114.410004,114.410004,114.160004,114.239998,4806200,True,-0.00288451
2018-07-03,LQD,114.309998,114.730003,114.309998,114.660004,2518100,True,0.00366978
2018-07-05,LQD,114.769997,115.029999,114.75,115.019997,4730600,True,0.00313474
2018-07-06,LQD,115.239998,115.279999,115.089996,115.18,2465600,True,0.00139013
2018-07-09,LQD,115.089996,115.300003,115.029999,115.260002,5161600,True,0.00069434
2018-07-10,LQD,115.239998,115.370003,115.110001,115.129997,6624000,True,-0.00112856
2018-07-11,LQD,115.269997,115.389999,115.120003,115.360001,4071400,True,0.00199578
2018-07-12,LQD,115.400002,115.610001,115.32,115.610001,3324800,True,0.00216478
2018-07-13,LQD,115.709999,115.809998,115.629997,115.699997,4273800,True,0.00077814
2018-07-16,LQD,115.5,115.629997,115.290001,115.510002,2653700,True,-0.00164348
2018-07-17,LQD,115.519997,115.580002,115.379997,115.43,6157000,True,-0.00069284
2018-07-18,LQD,115.540001,115.540001,115.349998,115.410004,3527600,True,-0.00017325
2018-07-19,LQD,115.400002,115.739998,115.370003,115.589996,5098600,True,0.00155838
2018-07-20,LQD,115.339996,115.389999,115.120003,115.25,5139900,True,-0.00294573
2018-07-23,LQD,115.050003,115.120003,114.720001,114.790001,4716300,True,-0.0039993
2018-07-24,LQD,114.809998,115.169998,114.809998,115.150002,4446700,True,0.00313126
2018-07-25,LQD,115.400002,115.400002,115.199997,115.300003,7376300,True,0.00130181
2018-07-26,LQD,115.419998,115.550003,115.279999,115.410004,5860900,True,0.00095358
2018-07-27,LQD,115.75,115.75,115.459999,115.559998,5497600,True,0.00129882
2018-07-30,LQD,115.32,115.489998,115.309998,115.400002,6467600,True,-0.00138549
2018-07-31,LQD,115.709999,115.860001,115.639999,115.760002,6081600,True,0.00311473
2018-08-01,LQD,114.900002,115.150002,114.849998,115.010002,7255900,True,-0.0065
2018-08-02,LQD,115.050003,115.169998,114.879997,115.150002,6751500,True,0.00121654
2018-08-03,LQD,115.290001,115.550003,115.160004,115.510002,2711200,True,0.00312149
2018-08-06,LQD,115.589996,115.760002,115.589996,115.620003,3059800,True,0.00095185
2018-08-07,LQD,115.589996,115.589996,115.199997,115.260002,5397700,True,-0.00311851
2018-08-08,LQD,115.169998,115.230003,115.080002,115.080002,7433200,True,-0.00156291
2018-08-09,LQD,115.25,115.360001,115.089996,115.169998,7273500,True,0.00078173
2018-08-10,LQD,115.099998,115.5,115.029999,115.360001,4765900,True,0.0016484
2018-08-13,LQD,115.260002,115.379997,115.220001,115.330002,3145700,True,-0.00026008
2018-08-14,LQD,115.489998,115.529999,115.410004,115.480003,7052500,True,0.00129978
2018-08-15,LQD,115.650002,115.760002,115.550003,115.720001,5208100,True,0.00207611
2018-08-16,LQD,115.82,115.889999,115.699997,115.870003,5997900,True,0.00129541
2018-08-17,LQD,115.959999,116.07,115.889999,115.970001,3871900,True,0.00086265
2018-08-20,LQD,116.25,116.370003,116.18,116.269997,2686800,True,0.0025835
2018-08-21,LQD,116.220001,116.220001,115.959999,115.980003,5480400,True,-0.00249725
2018-08-22,LQD,116.220001,116.239998,115.949997,115.970001,6877700,True,-8.624e-05
2018-08-23,LQD,116.139999,116.18,115.940002,116.010002,5693800,True,0.00034487
2018-08-24,LQD,115.889999,116.290001,115.849998,116.239998,5152500,True,0.00198059
2018-08-27,LQD,116.019997,116.160004,116.010002,116.059998,3762200,True,-0.00154972
2018-08-28,LQD,115.870003,115.980003,115.599998,115.620003,4026900,True,-0.0037983
2018-08-29,LQD,115.730003,115.75,115.410004,115.5,10473500,True,-0.00103845
2018-08-30,LQD,115.739998,115.809998,115.519997,115.610001,5682300,True,0.00095193
2018-08-31,LQD,115.809998,115.839996,115.43,115.440002,4425800,True,-0.00147153
2018-09-04,LQD,114.860001,114.989998,114.68,114.879997,6468700,True,-0.00486285
2018-09-05,LQD,114.839996,114.879997,114.779999,114.809998,6103200,True,-0.00060951
2018-09-06,LQD,114.989998,115.209999,114.949997,115.129997,6918100,True,0.00278333
2018-09-07,LQD,114.760002,114.760002,114.629997,114.650002,4529100,True,-0.00417788
2018-09-10,LQD,114.739998,115.029999,114.739998,115.029999,5512700,True,0.00330893
2018-09-11,LQD,114.800003,114.889999,114.720001,114.769997,5976900,True,-0.00226286
2018-09-12,LQD,114.970001,115.120003,114.959999,115.0,5543100,True,0.00200203
2018-09-13,LQD,115.25,115.330002,115.129997,115.239998,5584100,True,0.00208476
2018-09-14,LQD,115.010002,115.160004,114.949997,115.099998,7003500,True,-0.00121559
2018-09-17,LQD,114.910004,115.110001,114.889999,115.029999,2667100,True,-0.00060835
2018-09-18,LQD,114.809998,114.809998,114.519997,114.559998,5160900,True,-0.00409427
2018-09-19,LQD,114.529999,114.540001,114.230003,114.389999,5220700,True,-0.00148502
2018-09-20,LQD,114.410004,114.809998,114.389999,114.690002,6152400,True,0.0026192
2018-09-21,LQD,114.599998,114.790001,114.599998,114.709999,9404300,True,0.00017434
2018-09-24,LQD,114.480003,114.599998,114.370003,114.449997,10749400,True,-0.00226918
2018-09-25,LQD,114.330002,114.470001,114.230003,114.449997,4087100,True,0.0
2018-09-26,LQD,114.650002,114.93,114.529999,114.860001,7433600,True,0.00357598
2018-09-27,LQD,114.849998,115.040001,114.769997,115.010002,6323400,True,0.0013051
2018-09-28,LQD,115.139999,115.139999,114.900002,114.93,12578500,True,-0.00069585
2018-10-01,LQD,114.5,114.639999,114.419998,114.419998,7550600,True,-0.00444738
2018-10-02,LQD,114.559998,114.75,114.519997,114.519997,11207800,True,0.00087358
2018-10-03,LQD,114.410004,114.529999,113.660004,113.849998,8400500,True,-0.00586767
2018-10-04,LQD,113.559998,113.660004,113.230003,113.379997,9843800,True,-0.00413679
2018-10-05,LQD,113.150002,113.260002,112.760002,112.940002,8785800,True,-0.00388826
2018-10-08,LQD,113.0,113.010002,112.800003,112.82,1355200,True,-0.0010631
2018-10-09,LQD,113.0,113.169998,112.910004,113.139999,8416200,True,0.00283236
2018-10-10,LQD,112.860001,113.010002,112.589996,112.830002,12316400,True,-0.00274371
2018-10-11,LQD,113.080002,113.489998,113.050003,113.300003,18587600,True,0.00415692
2018-10-12,LQD,113.339996,113.529999,113.160004,113.32,8956700,True,0.00017648
2018-10-15,LQD,113.260002,113.360001,113.099998,113.110001,6636500,True,-0.00185487
2018-10-16,LQD,113.160004,113.480003,113.059998,113.400002,9017800,True,0.0025606
2018-10-17,LQD,113.309998,113.400002,112.839996,112.839996,6880600,True,-0.00495055
2018-10-18,LQD,112.730003,112.980003,112.599998,112.839996,10418000,True,0.0
2018-10-19,LQD,112.75,112.860001,112.599998,112.699997,6355700,True,-0.00124146
2018-10-22,LQD,112.830002,112.849998,112.529999,112.559998,7282900,True,-0.001243
2018-10-23,LQD,112.809998,112.959999,112.660004,112.720001,10277900,True,0.00142049
2018-10-24,LQD,112.949997,113.050003,112.82,112.879997,7262000,True,0.0014184
2018-10-25,LQD,112.730003,112.849998,112.720001,112.739998,5653100,True,-0.00124102
2018-10-26,LQD,112.970001,113.080002,112.919998,112.93,4955300,True,0.0016839
2018-10-29,LQD,112.860001,112.919998,112.720001,112.800003,6573300,True,-0.00115179
2018-10-30,LQD,112.589996,112.669998,112.440002,112.550003,7669600,True,-0.00221877
2018-10-31,LQD,112.389999,112.610001,112.230003,112.230003,13156300,True,-0.00284723
2018-11-01,LQD,111.709999,112.209999,111.669998,112.199997,14262000,True,-0.0002674
2018-11-02,LQD,112.07,112.18,111.730003,111.75,7738400,True,-0.00401873
2018-11-05,LQD,111.849998,112.040001,111.849998,111.949997,5064000,True,0.00178808
2018-11-06,LQD,112.029999,112.18,112.010002,112.139999,5787100,True,0.00169577
2018-11-07,LQD,112.629997,112.709999,112.379997,112.43,13257500,True,0.00258272
2018-11-08,LQD,112.410004,112.459999,112.099998,112.099998,10934400,True,-0.00293949
2018-11-09,LQD,112.18,112.330002,112.089996,112.18,8836800,True,0.00071341
2018-11-12,LQD,112.410004,112.410004,112.080002,112.169998,2876500,True,-8.917e-05
2018-11-13,LQD,112.059998,112.120003,111.959999,112.019997,7778400,True,-0.00133816
2018-11-14,LQD,111.730003,111.940002,111.68,111.720001,11595100,True,-0.00268164
2018-11-15,LQD,111.589996,111.669998,111.32,111.510002,15158300,True,-0.00188146
2018-11-16,LQD,111.470001,111.760002,111.410004,111.730003,13503700,True,0.00197098
2018-11-19,LQD,111.470001,111.650002,111.419998,111.620003,9773700,True,-0.00098501
2018-11-20,LQD,111.379997,111.599998,111.330002,111.349998,16168200,True,-0.00242189
2018-11-21,LQD,111.620003,111.720001,111.449997,111.589996,10704600,True,0.00215303
2018-11-23,LQD,111.940002,111.980003,111.629997,111.639999,2924700,True,0.000448
2018-11-26,LQD,111.769997,111.82,111.639999,111.690002,5938900,True,0.0004478
2018-11-27,LQD,111.610001,111.660004,111.519997,111.550003,8581300,True,-0.00125425
2018-11-28,LQD,111.510002,111.949997,111.290001,111.849998,13861300,True,0.00268573
2018-11-29,LQD,111.75,111.870003,111.419998,111.529999,10939100,True,-0.00286507
2018-11-30,LQD,111.550003,111.580002,111.25,111.459999,14854800,True,-0.00062783
2018-12-03,LQD,111.309998,111.599998,111.25,111.519997,12740500,True,0.00053814
2018-12-04,LQD,111.720001,111.980003,111.529999,111.540001,13521500,True,0.00017936
2018-12-06,LQD,111.610001,111.989998,111.599998,111.879997,12752200,True,0.00304356
2018-12-07,LQD,112.0,112.059998,111.739998,111.889999,11791900,True,8.94e-05
2018-12-10,LQD,112.199997,112.239998,111.910004,112.230003,6886500,True,0.00303413
2018-12-11,LQD,112.379997,112.559998,112.260002,112.43,10241100,True,0.00178044
2018-12-12,LQD,112.449997,112.68,111.589996,112.550003,10001600,True,0.00106679
2018-12-13,LQD,112.739998,112.910004,112.730003,112.849998,6911200,True,0.0026619
2018-12-14,LQD,112.910004,113.010002,112.709999,112.730003,6037900,True,-0.00106388
2018-12-17,LQD,112.769997,112.989998,112.769997,112.849998,6480500,True,0.00106388
2018-12-18,LQD,112.699997,112.940002,112.610001,112.900002,5923200,True,0.00044299
2018-12-19,LQD,113.050003,113.309998,112.809998,112.809998,10049200,True,-0.00079752
2018-12-20,LQD,113.080002,113.150002,112.269997,112.440002,20942200,True,-0.0032852
2018-12-21,LQD,112.580002,112.68,112.139999,112.330002,11850700,True,-0.00097878
2018-12-24,LQD,112.32,112.410004,111.989998,112.07,4384800,True,-0.00231731
2018-12-26,LQD,112.080002,112.209999,111.790001,111.980003,7659300,True,-0.00080336
2018-12-27,LQD,112.160004,112.290001,111.980003,111.980003,7797300,True,0.0
2018-12-28,LQD,112.099998,112.529999,112.099998,112.510002,4334500,True,0.00472181
2018-12-31,LQD,112.519997,112.919998,112.43,112.82,7008400,True,0.0027515
2019-01-02,LQD,112.82,113.190002,112.779999,113.169998,9506500,True,0.00309747
2019-01-03,LQD,113.0,113.300003,112.949997,113.220001,11199100,True,0.00044174
2019-01-04,LQD,112.879997,113.199997,112.809998,113.150002,12080700,True,-0.00061845
2019-01-07,LQD,113.389999,113.459999,113.150002,113.160004,16150100,True,8.839e-05
2019-01-08,LQD,113.209999,113.440002,113.209999,113.410004,7961400,True,0.00220682
2019-01-09,LQD,113.5,113.889999,113.5,113.839996,10534900,True,0.00378432
2019-01-10,LQD,113.730003,113.769997,113.43,113.540001,10337000,True,-0.00263872
2019-01-11,LQD,113.790001,113.790001,113.589996,113.75,6890800,True,0.00184785
2019-01-14,LQD,113.620003,113.790001,113.419998,113.449997,4511400,True,-0.00264087
2019-01-15,LQD,113.540001,113.68,113.449997,113.519997,10536500,True,0.00061682
2019-01-16,LQD,113.519997,113.900002,113.459999,113.739998,17911800,True,0.00193612
2019-01-17,LQD,113.660004,113.980003,113.660004,113.970001,8756200,True,0.00202014
2019-01-18,LQD,113.959999,114.279999,113.959999,114.169998,12589700,True,0.00175328
2019-01-22,LQD,114.32,114.580002,114.32,114.360001,9101600,True,0.00166282
2019-01-23,LQD,114.459999,114.739998,114.389999,114.650002,11707200,True,0.00253265
2019-01-24,LQD,115.050003,115.110001,114.860001,114.949997,8874700,True,0.0026132
2019-01-25,LQD,114.900002,115.050003,114.879997,115.050003,8529200,True,0.00086962
2019-01-28,LQD,114.949997,115.120003,114.889999,115.029999,7830600,True,-0.00017389
2019-01-29,LQD,115.169998,115.279999,115.07,115.279999,9111300,True,0.00217099
2019-01-30,LQD,115.32,115.809998,115.169998,115.809998,17275500,True,0.00458696
2019-01-31,LQD,116.209999,116.699997,116.190002,116.620003,12004200,True,0.00696991
2019-02-01,LQD,116.120003,116.309998,115.919998,115.989998,15158400,True,-0.00541685
2019-02-04,LQD,115.870003,115.889999,115.610001,115.830002,7375500,True,-0.00138035
2019-02-05,LQD,116.099998,116.480003,116.089996,116.300003,9298100,True,0.00404947
2019-02-06,LQD,116.379997,116.400002,116.040001,116.080002,7083600,True,-0.00189346
2019-02-07,LQD,116.0,116.080002,115.779999,116.059998,12973200,True,-0.00017235
2019-02-08,LQD,116.150002,116.379997,116.110001,116.349998,5502500,True,0.0024956
2019-02-11,LQD,116.279999,116.279999,116.0,116.089996,5353800,True,-0.00223716
2019-02-12,LQD,116.080002,116.25,116.029999,116.25,10689100,True,0.00137732
2019-02-13,LQD,116.010002,116.099998,115.889999,115.949997,9595200,True,-0.00258401
2019-02-14,LQD,116.239998,116.239998,115.940002,116.080002,14906100,True,0.00112059
2019-02-15,LQD,116.029999,116.260002,116.029999,116.220001,8298000,True,0.00120533
2019-02-19,LQD,116.440002,116.440002,116.169998,116.290001,6920300,True,0.00060212
2019-02-20,LQD,116.190002,116.230003,115.989998,116.190002,8577400,True,-0.00086028
2019-02-21,LQD,115.760002,115.980003,115.739998,115.860001,6311000,True,-0.00284423
2019-02-22,LQD,115.970001,116.480003,115.970001,116.379997,4110600,True,0.0044781
2019-02-25,LQD,116.260002,116.449997,116.25,116.339996,6026200,True,-0.00034377
2019-02-26,LQD,116.510002,116.589996,116.410004,116.519997,6360600,True,0.001546
2019-02-27,LQD,116.370003,116.370003,116.110001,116.190002,7008500,True,-0.0028361
2019-02-28,LQD,116.25,116.370003,115.959999,116.029999,12468400,True,-0.00137804
2019-03-01,LQD,115.739998,115.879997,115.419998,115.470001,12714100,True,-0.004838
2019-03-04,LQD,115.809998,115.860001,115.68,115.730003,9453600,True,0.00224915
2019-03-05,LQD,115.690002,115.790001,115.57,115.769997,9090400,True,0.00034551
2019-03-06,LQD,115.809998,115.959999,115.739998,115.879997,6278700,True,0.00094971
2019-03-07,LQD,116.099998,116.300003,116.029999,116.260002,7355500,True,0.00327393
2019-03-08,LQD,116.110001,116.43,115.910004,116.410004,7386600,True,0.00128939
2019-03-11,LQD,116.389999,116.540001,116.309998,116.540001,7813600,True,0.0011161
2019-03-12,LQD,116.57,116.940002,116.559998,116.860001,7994600,True,0.00274207
2019-03-13,LQD,116.540001,116.709999,116.540001,116.669998,5834000,True,-0.00162722
2019-03-14,LQD,116.629997,116.639999,116.339996,116.440002,5395300,True,-0.00197328
2019-03-15,LQD,116.760002,117.019997,116.699997,116.860001,8537000,True,0.0036005
2019-03-18,LQD,116.779999,116.889999,116.75,116.800003,4308300,True,-0.00051355
2019-03-19,LQD,116.629997,116.93,116.629997,116.82,8074700,True,0.00017119
2019-03-20,LQD,116.889999,117.660004,116.779999,117.610001,16202600,True,0.00673979
2019-03-21,LQD,117.519997,117.910004,117.519997,117.830002,14163200,True,0.00186885
2019-03-22,LQD,118.209999,118.639999,118.209999,118.550003,10576900,True,0.00609191
2019-03-25,LQD,118.57,119.0,118.370003,118.790001,7096100,True,0.0020224
2019-03-26,LQD,118.739998,118.93,118.589996,118.839996,7766500,True,0.00042078
2019-03-27,LQD,119.0,119.220001,118.919998,119.0,7484100,True,0.00134547
2019-03-28,LQD,119.029999,119.150002,118.910004,119.150002,4621200,True,0.00125972
2019-03-29,LQD,118.830002,119.150002,118.790001,119.059998,8415100,True,-0.00075567
2019-04-01,LQD,118.449997,118.620003,118.199997,118.260002,9567400,True,-0.00674194
2019-04-02,LQD,118.279999,118.449997,118.190002,118.419998,7733300,True,0.001352
2019-04-03,LQD,118.150002,118.290001,118.110001,118.169998,6048400,True,-0.00211336
2019-04-04,LQD,118.199997,118.360001,118.110001,118.360001,7510600,True,0.00160658
2019-04-05,LQD,118.339996,118.690002,118.260002,118.550003,9326200,True,0.00160401
2019-04-08,LQD,118.519997,118.57,118.349998,118.379997,8564800,True,-0.00143507
2019-04-09,LQD,118.690002,118.830002,118.580002,118.629997,7749000,True,0.00210962
2019-04-10,LQD,118.870003,119.269997,118.860001,119.209999,5765300,True,0.00487725
2019-04-11,LQD,119.059998,119.209999,119.010002,119.089996,7769500,True,-0.00100716
2019-04-12,LQD,118.989998,119.120003,118.889999,119.019997,11083800,True,-0.00058796
2019-04-15,LQD,119.010002,119.080002,118.830002,118.830002,12427300,True,-0.0015976
2019-04-16,LQD,118.790001,118.790001,118.489998,118.5,10302700,True,-0.00278096
2019-04-17,LQD,118.620003,118.720001,118.470001,118.480003,6062300,True,-0.00016876
2019-04-18,LQD,118.75,118.800003,118.550003,118.580002,8060000,True,0.00084366
2019-04-22,LQD,118.459999,118.529999,118.339996,118.389999,6581900,True,-0.0016036
2019-04-23,LQD,118.559998,118.879997,118.540001,118.879997,7389700,True,0.0041303
2019-04-24,LQD,119.160004,119.400002,119.129997,119.279999,6463200,True,0.0033591
2019-04-25,LQD,119.169998,119.269997,119.029999,119.220001,4404000,True,-0.00050312
2019-04-26,LQD,119.620003,119.709999,119.5,119.639999,3406100,True,0.00351669
2019-04-29,LQD,119.379997,119.43,119.110001,119.169998,5847500,True,-0.0039362
2019-04-30,LQD,119.150002,119.349998,119.099998,119.220001,9753300,True,0.00041951
2019-05-01,LQD,119.0,119.57,118.830002,118.830002,12804300,True,-0.00327662
2019-05-02,LQD,118.699997,118.739998,118.290001,118.400002,11748200,True,-0.00362518
2019-05-03,LQD,118.650002,118.970001,118.650002,118.93,7481000,True,0.00446635
2019-05-06,LQD,119.029999,119.230003,118.879997,119.089996,8077400,True,0.00134439
2019-05-07,LQD,119.279999,119.290001,119.0,119.080002,11575500,True,-8.393e-05
2019-05-08,LQD,119.150002,119.199997,118.639999,118.68,11843100,True,-0.00336475
2019-05-09,LQD,118.93,118.949997,118.610001,118.790001,11586200,True,0.00092644
2019-05-10,LQD,118.75,118.919998,118.709999,118.860001,8155600,True,0.0005891
2019-05-13,LQD,118.860001,119.129997,118.779999,118.93,16744900,True,0.00058875
2019-05-14,LQD,119.0,119.120003,118.919998,119.099998,7993500,True,0.00142838
2019-05-15,LQD,119.410004,119.449997,119.18,119.43,10804400,True,0.00276696
2019-05-16,LQD,119.339996,119.339996,119.209999,119.239998,11716300,True,-0.00159218
2019-05-17,LQD,119.379997,119.440002,119.230003,119.25,7746100,True,8.388e-05
2019-05-20,LQD,119.220001,119.309998,118.959999,118.970001,2890900,True,-0.00235076
2019-05-21,LQD,119.089996,119.110001,118.93,119.07,3610100,True,0.00084018
2019-05-22,LQD,119.139999,119.309998,119.040001,119.220001,9526200,True,0.00125898
2019-05-23,LQD,119.269997,119.610001,119.190002,119.480003,9983400,True,0.00217849
2019-05-24,LQD,119.639999,119.75,119.519997,119.730003,5981700,True,0.00209021
2019-05-28,LQD,119.93,120.0,119.769997,119.809998,9039100,True,0.0006679
2019-05-29,LQD,119.879997,120.029999,119.82,119.860001,8778000,True,0.00041727
2019-05-30,LQD,120.099998,120.589996,120.010002,120.550003,11946400,True,0.00574023
2019-05-31,LQD,120.620003,120.839996,120.389999,120.830002,11611700,True,0.00231998
2019-06-03,LQD,120.75,120.910004,120.410004,120.830002,12525200,True,0.0
2019-06-04,LQD,120.529999,120.93,120.529999,120.870003,20566100,True,0.000331
2019-06-05,LQD,120.970001,121.18,120.68,120.790001,10423100,True,-0.0006621
2019-06-06,LQD,120.959999,121.120003,120.82,121.019997,14133600,True,0.00190229
2019-06-07,LQD,121.5,121.849998,121.43,121.559998,11912900,True,0.00445215
2019-06-10,LQD,121.339996,121.470001,121.110001,121.120003,13072400,True,-0.00362614
2019-06-11,LQD,121.199997,121.32,121.029999,121.230003,17076700,True,0.00090778
2019-06-12,LQD,121.239998,121.43,121.150002,121.410004,11814400,True,0.00148368
2019-06-13,LQD,121.449997,121.75,121.449997,121.720001,6665700,True,0.00255006
2019-06-14,LQD,121.550003,121.82,121.459999,121.769997,4652300,True,0.00041066
2019-06-17,LQD,121.690002,121.93,121.620003,121.830002,6213200,True,0.00049265
2019-06-18,LQD,122.459999,122.769997,122.339996,122.639999,19575000,True,0.00662658
2019-06-19,LQD,122.349998,123.449997,122.230003,123.419998,17597800,True,0.00633993
2019-06-20,LQD,123.900002,124.160004,123.699997,124.089996,24937900,True,0.00541392
2019-06-21,LQD,123.68,123.889999,123.480003,123.639999,18566400,True,-0.00363297
2019-06-24,LQD,123.949997,124.169998,123.779999,123.949997,15241600,True,0.00250412
2019-06-25,LQD,123.949997,123.989998,123.470001,123.580002,17843700,True,-0.0029895
2019-06-26,LQD,123.839996,123.839996,123.279999,123.330002,24436700,True,-0.00202503
2019-06-27,LQD,123.639999,124.139999,123.540001,124.050003,10314500,True,0.00582103
2019-06-28,LQD,124.110001,124.440002,124.089996,124.370003,9512100,True,0.00257628
2019-07-01,LQD,124.209999,124.540001,123.940002,124.25,19129900,True,-0.00096535
2019-07-02,LQD,124.32,124.650002,124.199997,124.589996,15843800,True,0.00273265
2019-07-03,LQD,124.650002,124.959999,124.589996,124.93,6947300,True,0.00272527
2019-07-05,LQD,124.040001,124.150002,123.339996,123.830002,7889900,True,-0.00884391
2019-07-08,LQD,124.0,124.050003,123.660004,123.660004,9239200,True,-0.00137378
2019-07-09,LQD,123.589996,123.620003,123.339996,123.400002,15877100,True,-0.00210477
2019-07-10,LQD,123.550003,123.839996,123.480003,123.68,9551800,True,0.00226646
2019-07-11,LQD,123.449997,123.639999,122.849998,122.949997,7101300,True,-0.00591984
2019-07-12,LQD,122.900002,123.139999,122.839996,123.07,6363600,True,0.00097555
2019-07-15,LQD,123.199997,123.339996,123.089996,123.279999,7705000,True,0.00170488
2019-07-16,LQD,122.849998,123.040001,122.709999,123.019997,9867500,True,-0.00211126
2019-07-17,LQD,123.150002,123.68,123.150002,123.669998,6620400,True,0.0052698
2019-07-18,LQD,123.610001,124.089996,123.360001,123.959999,10357300,True,0.00234221
2019-07-19,LQD,123.830002,124.059998,123.650002,123.769997,8789300,True,-0.00153395
2019-07-22,LQD,124.25,124.269997,124.089996,124.150002,4464800,True,0.00306555
2019-07-23,LQD,124.239998,124.239998,123.970001,124.220001,7013600,True,0.00056367
2019-07-24,LQD,124.389999,124.580002,124.220001,124.57,11851200,True,0.00281361
2019-07-25,LQD,124.410004,124.489998,123.870003,124.169998,9943100,True,-0.00321622
2019-07-26,LQD,124.43,124.489998,124.169998,124.339996,7285100,True,0.00136814
2019-07-29,LQD,124.489998,124.510002,124.25,124.260002,7379600,True,-0.00064356
2019-07-30,LQD,124.220001,124.309998,123.919998,124.220001,12112000,True,-0.00032196
2019-07-31,LQD,124.349998,124.730003,123.809998,124.330002,17422700,True,0.00088514
2019-08-01,LQD,124.309998,125.309998,124.220001,124.989998,16216800,True,0.00529438
2019-08-02,LQD,124.949997,125.150002,124.839996,125.120003,14629500,True,0.00103958
2019-08-05,LQD,125.510002,125.510002,125.129997,125.209999,12715500,True,0.00071902
2019-08-06,LQD,125.580002,126.040001,125.330002,125.989998,14920200,True,0.0062102
2019-08-07,LQD,126.470001,126.660004,125.860001,125.970001,24644100,True,-0.00015873
2019-08-08,LQD,125.779999,126.360001,125.529999,126.309998,8353800,True,0.00269539
2019-08-09,LQD,126.309998,126.349998,125.889999,125.940002,6375900,True,-0.00293356
2019-08-12,LQD,126.300003,126.830002,126.260002,126.730003,8075100,True,0.00625324
2019-08-13,LQD,126.82,126.949997,126.449997,126.629997,10955000,True,-0.00078944
2019-08-14,LQD,127.099998,127.199997,126.830002,127.0,9070900,True,0.00291766
2019-08-15,LQD,127.150002,128.0,127.050003,127.620003,11378300,True,0.00487003
2019-08-16,LQD,127.32,127.900002,127.07,127.849998,10842200,True,0.00180057
2019-08-19,LQD,127.169998,127.620003,127.0,127.43,7226200,True,-0.00329049
2019-08-20,LQD,127.849998,128.220001,127.720001,128.169998,11402300,True,0.0057903
2019-08-21,LQD,127.870003,128.729996,127.870003,128.399994,9344000,True,0.00179285
2019-08-22,LQD,128.25,128.5,127.879997,127.93,7054000,True,-0.0036671
2019-08-23,LQD,127.790001,128.710007,127.769997,128.399994,7998600,True,0.0036671
2019-08-26,LQD,128.479996,128.720001,128.210007,128.410004,6305900,True,7.795e-05
2019-08-27,LQD,128.75,129.199997,128.75,129.100006,12644100,True,0.00535905
2019-08-28,LQD,129.399994,129.460007,129.009995,129.100006,8935800,True,0.0
2019-08-29,LQD,129.059998,129.100006,128.350006,128.820007,17900500,True,-0.00217121
2019-08-30,LQD,128.669998,128.839996,128.419998,128.800003,8653700,True,-0.0001553
2019-09-03,LQD,128.369995,128.720001,127.940002,128.330002,22683500,True,-0.00365575
2019-09-04,LQD,128.070007,128.710007,128.070007,128.570007,8502600,True,0.00186847
2019-09-05,LQD,127.949997,128.240005,127.419998,127.629997,19042800,True,-0.00733813
2019-09-06,LQD,127.839996,128.190002,127.779999,128.089996,8914800,True,0.00359768
2019-09-09,LQD,127.470001,127.559998,127.150002,127.150002,7219000,True,-0.00736561
2019-09-10,LQD,126.970001,126.989998,126.07,126.080002,9863400,True,-0.00845086
2019-09-11,LQD,126.0,126.32,125.910004,125.980003,8165800,True,-0.00079345
2019-09-12,LQD,126.660004,126.760002,125.730003,125.809998,11506000,True,-0.00135038
2019-09-13,LQD,125.360001,125.589996,124.68,124.68,8984600,True,-0.00902236
2019-09-16,LQD,125.129997,125.43,124.93,125.309998,11464700,True,0.00504019
2019-09-17,LQD,125.260002,125.809998,125.160004,125.629997,12480700,True,0.00255041
2019-09-18,LQD,126.07,126.459999,125.529999,125.940002,9162300,True,0.00246457
2019-09-19,LQD,126.410004,126.610001,126.209999,126.300003,9042800,True,0.00285443
2019-09-20,LQD,126.690002,127.230003,126.559998,127.169998,10406200,True,0.00686471
2019-09-23,LQD,127.389999,127.580002,127.050003,127.080002,9526600,True,-0.00070794
2019-09-24,LQD,127.410004,127.650002,127.290001,127.480003,12638700,True,0.00314269
2019-09-25,LQD,127.279999,127.360001,126.629997,126.760002,13852300,True,-0.00566396
2019-09-26,LQD,127.190002,127.269997,127.0,127.029999,8377600,True,0.00212772
2019-09-27,LQD,127.150002,127.220001,126.93,127.059998,8627800,True,0.00023613
2019-09-30,LQD,126.959999,127.510002,126.860001,127.480003,10769500,True,0.00330012
2019-10-01,LQD,126.559998,127.660004,126.559998,127.290001,13233900,True,-0.00149156
2019-10-02,LQD,127.25,127.349998,126.970001,127.239998,11377000,True,-0.0003929
2019-10-03,LQD,127.43,127.919998,127.43,127.739998,13985000,True,0.00392188
2019-10-04,LQD,128.029999,128.270004,127.949997,128.270004,9168500,True,0.00414052
2019-10-07,LQD,127.910004,128.0,127.610001,127.620003,6989300,True,-0.00508033
2019-10-08,LQD,127.910004,127.989998,127.480003,127.510002,8635500,True,-0.00086231
2019-10-09,LQD,127.779999,127.779999,127.279999,127.559998,9929500,True,0.00039201
2019-10-10,LQD,127.139999,127.199997,126.660004,126.809998,7962200,True,-0.00589694
2019-10-11,LQD,126.489998,126.769997,126.050003,126.580002,11061500,True,-0.00181535
2019-10-14,LQD,126.900002,127.050003,126.699997,127.0,2276500,True,0.00331255
2019-10-15,LQD,127.050003,127.050003,126.57,126.660004,13199100,True,-0.00268073
2019-10-16,LQD,126.739998,126.910004,126.510002,126.800003,7793500,True,0.00110471
2019-10-17,LQD,126.82,127.190002,126.709999,126.980003,5795300,True,0.00141855
2019-10-18,LQD,127.139999,127.339996,127.050003,127.139999,5978200,True,0.00125922
2019-10-21,LQD,126.900002,127.0,126.800003,126.849998,6457700,True,-0.00228356
2019-10-22,LQD,127.239998,127.260002,126.879997,127.07,5820000,True,0.00173284
2019-10-23,LQD,127.309998,127.370003,127.089996,127.139999,4986100,True,0.00055072
2019-10-24,LQD,127.269997,127.559998,127.269997,127.419998,9154900,True,0.00219987
2019-10-25,LQD,127.480003,127.480003,127.029999,127.199997,6263000,True,-0.00172808
2019-10-28,LQD,126.800003,126.940002,126.720001,126.82,9081600,True,-0.00299187
2019-10-29,LQD,126.769997,126.879997,126.480003,126.489998,9236700,True,-0.00260552
2019-10-30,LQD,126.459999,127.010002,126.43,126.940002,12250700,True,0.00355132
2019-10-31,LQD,127.410004,127.790001,127.260002,127.709999,18082800,True,0.00604751
2019-11-01,LQD,127.379997,127.830002,127.300003,127.489998,11238400,True,-0.00172415
2019-11-04,LQD,127.150002,127.18,126.849998,126.889999,10122100,True,-0.00471735
2019-11-05,LQD,126.339996,126.559998,126.019997,126.160004,10409200,True,-0.00576959
2019-11-06,LQD,126.510002,126.900002,126.5,126.870003,8496500,True,0.00561199
2019-11-07,LQD,126.32,126.440002,125.739998,125.879997,14799000,True,-0.00783391
2019-11-08,LQD,125.860001,126.169998,125.709999,125.709999,6256300,True,-0.00135139
2019-11-11,LQD,125.959999,125.989998,125.660004,125.75,3231600,True,0.00031815
2019-11-12,LQD,125.860001,125.970001,125.610001,125.870003,9936600,True,0.00095384
2019-11-13,LQD,126.230003,126.339996,126.110001,126.169998,10280100,True,0.00238054
2019-11-14,LQD,126.639999,126.910004,126.639999,126.830002,10163800,True,0.00521743
2019-11-15,LQD,126.739998,126.989998,126.599998,126.849998,5411900,True,0.00015765
2019-11-18,LQD,127.040001,127.169998,126.910004,126.989998,9148900,True,0.00110305
2019-11-19,LQD,127.080002,127.279999,127.040001,127.239998,3818800,True,0.00196672
2019-11-20,LQD,127.410004,127.550003,127.309998,127.419998,5395800,True,0.00141365
2019-11-21,LQD,127.169998,127.300003,127.010002,127.120003,8425700,True,-0.00235716
2019-11-22,LQD,127.419998,127.510002,127.230003,127.470001,5276600,True,0.00274951
2019-11-25,LQD,127.639999,127.980003,127.629997,127.910004,6808600,True,0.00344587
2019-11-26,LQD,128.050003,128.330002,128.029999,128.240005,8688800,True,0.00257663
2019-11-27,LQD,127.989998,128.279999,127.980003,128.229996,7264000,True,-7.806e-05
2019-11-29,LQD,128.179993,128.259995,127.839996,127.970001,5260900,True,-0.00202962
2019-12-02,LQD,127.07,127.150002,126.800003,127.07,14911500,True,-0.00705776
2019-12-03,LQD,127.639999,128.169998,127.510002,128.050003,9376800,True,0.00768272
2019-12-04,LQD,127.849998,128.020004,127.459999,127.879997,11177600,True,-0.00132853
2019-12-05,LQD,127.68,127.849998,127.470001,127.739998,5700600,True,-0.00109537
2019-12-06,LQD,127.370003,127.860001,127.300003,127.669998,6149500,True,-0.00054814
2019-12-09,LQD,127.980003,127.989998,127.620003,127.650002,4545300,True,-0.00015664
2019-12-10,LQD,127.82,127.93,127.529999,127.650002,6425500,True,0.0
2019-12-11,LQD,127.879997,128.289993,127.830002,128.149994,4417100,True,0.00390925
2019-12-12,LQD,128.089996,128.130005,127.169998,127.559998,10375000,True,-0.00461458
2019-12-13,LQD,128.039993,128.460007,127.699997,128.389999,12474100,True,0.00648568
2019-12-16,LQD,128.240005,128.309998,127.970001,128.100006,8062600,True,-0.00226125
2019-12-17,LQD,128.220001,128.350006,127.970001,128.0,10886800,True,-0.00078099
2019-12-18,LQD,128.009995,128.110001,127.809998,127.910004,10205500,True,-0.00070334
2019-12-19,LQD,127.57,127.839996,127.5,127.699997,9307000,True,-0.00164318
2019-12-20,LQD,127.629997,127.730003,127.480003,127.660004,8336900,True,-0.00031323
2019-12-23,LQD,127.800003,127.860001,127.470001,127.720001,3827500,True,0.00046987
2019-12-24,LQD,127.559998,127.959999,127.5,127.849998,2638000,True,0.00101731
2019-12-26,LQD,128.039993,128.100006,127.800003,128.080002,3879900,True,0.00179739
2019-12-27,LQD,128.350006,128.399994,128.259995,128.259995,8752100,True,0.00140433
2019-12-30,LQD,127.900002,128.5,127.779999,128.490005,9993800,True,0.00179171
2019-12-31,LQD,128.009995,128.25,127.889999,127.959999,5499400,True,-0.00413342
2020-01-02,LQD,128.339996,128.570007,128.059998,128.229996,15348700,True,0.00210779
2020-01-03,LQD,128.399994,128.710007,128.270004,128.669998,10110900,True,0.00342548
2020-01-06,LQD,128.690002,128.860001,128.139999,128.240005,13894300,True,-0.00334742
2020-01-07,LQD,128.169998,128.179993,127.839996,127.910004,8211700,True,-0.00257663
2020-01-08,LQD,128.009995,128.320007,127.669998,127.730003,12268500,True,-0.00140823
2020-01-09,LQD,127.699997,128.389999,127.660004,128.339996,14415100,True,0.00476428
2020-01-10,LQD,128.470001,128.850006,128.410004,128.699997,8263500,True,0.00280113
2020-01-13,LQD,128.520004,128.550003,128.330002,128.389999,4477400,True,-0.00241159
2020-01-14,LQD,128.360001,128.570007,128.320007,128.550003,11066300,True,0.00124546
2020-01-15,LQD,128.800003,128.869995,128.639999,128.830002,8712400,True,0.00217576
2020-01-16,LQD,128.899994,129.110001,128.75,129.009995,13926100,True,0.00139616
2020-01-17,LQD,128.929993,129.089996,128.600006,128.990005,13727800,True,-0.00015495
2020-01-21,LQD,129.360001,129.669998,129.070007,129.610001,16807300,True,0.00479502
2020-01-22,LQD,129.839996,129.880005,129.669998,129.679993,9928600,True,0.00053987
2020-01-23,LQD,129.910004,130.0,129.740005,129.850006,13623200,True,0.00131016
2020-01-24,LQD,130.130005,130.220001,129.960007,130.070007,11604500,True,0.00169284
2020-01-27,LQD,130.190002,130.449997,130.139999,130.320007,10461200,True,0.0019202
2020-01-28,LQD,130.449997,130.559998,130.119995,130.25,12055900,True,-0.00053734
2020-01-29,LQD,130.600006,130.880005,130.589996,130.669998,11174700,True,0.00321937
2020-01-30,LQD,130.720001,130.949997,130.470001,130.75,14619200,True,0.00061206
2020-01-31,LQD,130.960007,131.160004,130.770004,131.089996,20194800,True,0.00259698
2020-02-03,LQD,130.580002,130.809998,130.419998,130.649994,11216300,True,-0.00336214
2020-02-04,LQD,130.419998,130.5,130.130005,130.330002,16799300,True,-0.00245224
2020-02-05,LQD,130.169998,130.309998,130.089996,130.25,9587500,True,-0.00061403
2020-02-06,LQD,130.289993,130.440002,130.179993,130.190002,11028900,True,-0.00046074
2020-02-07,LQD,130.720001,130.889999,130.580002,130.690002,11517200,True,0.00383318
2020-02-10,LQD,130.899994,131.059998,130.800003,131.0,10405800,True,0.0023692
2020-02-11,LQD,130.889999,131.070007,130.789993,130.809998,10052700,True,-0.00145145
2020-02-12,LQD,130.699997,130.809998,130.600006,130.75,7069100,True,-0.00045877
2020-02-13,LQD,130.75,130.910004,130.639999,130.660004,5437400,True,-0.00068855
2020-02-14,LQD,131.059998,131.139999,130.850006,130.979996,8254500,True,0.00244605
2020-02-18,LQD,131.130005,131.350006,131.029999,131.229996,9650900,True,0.00190687
2020-02-19,LQD,131.119995,131.289993,131.009995,131.050003,10731500,True,-0.00137252
2020-02-20,LQD,131.160004,131.490005,131.139999,131.490005,13706000,True,0.00335189
2020-02-21,LQD,131.779999,132.050003,131.669998,131.75,12192700,True,0.00197534
2020-02-24,LQD,132.020004,132.160004,131.759995,131.770004,17894700,True,0.00015182
2020-02-25,LQD,131.899994,132.199997,131.75,131.899994,19930500,True,0.000986
2020-02-26,LQD,131.5,132.039993,131.399994,131.410004,23073400,True,-0.00372178
2020-02-27,LQD,131.630005,131.899994,130.690002,130.710007,29687900,True,-0.00534105
2020-02-28,LQD,131.009995,132.289993,130.759995,132.179993,25073300,True,0.01118339
2020-03-02,LQD,131.869995,132.509995,131.600006,131.699997,15922600,True,-0.00363799
2020-03-03,LQD,131.830002,133.990005,131.75,133.199997,39141000,True,0.01132515
2020-03-04,LQD,133.610001,134.059998,133.25,133.389999,23702000,True,0.00142543
2020-03-05,LQD,133.720001,133.869995,133.059998,133.339996,22089500,True,-0.00037493
2020-03-06,LQD,134.199997,134.529999,133.490005,134.270004,30099900,True,0.0069505
2020-03-09,LQD,131.289993,133.220001,130.350006,131.009995,27166000,True,-0.02457912
2020-03-10,LQD,130.910004,131.360001,128.059998,128.059998,30024700,True,-0.02277473
2020-03-11,LQD,128.080002,128.270004,123.199997,123.849998,37310300,True,-0.03342774
2020-03-12,LQD,121.43,125.800003,115.720001,117.940002,41021400,True,-0.0488951
2020-03-13,LQD,121.489998,124.0,119.239998,123.050003,33470600,True,0.04241476
2020-03-16,LQD,116.32,122.050003,115.209999,121.300003,19928900,True,-0.01432396
2020-03-17,LQD,119.449997,121.050003,115.389999,116.330002,19074000,True,-0.04183585
2020-03-18,LQD,112.720001,114.709999,108.32,110.510002,23808700,True,-0.05132496
2020-03-19,LQD,109.080002,110.0,104.949997,105.050003,29077100,True,-0.05066958
2020-03-20,LQD,108.870003,110.639999,105.800003,106.739998,29390100,True,0.01595949
2020-03-23,LQD,111.07,115.139999,110.830002,114.629997,36918800,True,0.07131358
2020-03-24,LQD,115.540001,118.720001,114.849998,116.980003,43049700,True,0.02029348
2020-03-25,LQD,117.889999,123.599998,117.190002,122.580002,45181000,True,0.04676088
2020-03-26,LQD,122.5,123.330002,121.25,122.68,21893500,True,0.00081545
2020-03-27,LQD,121.580002,122.620003,120.559998,122.43,27730300,True,-0.0020399
2020-03-30,LQD,122.839996,125.0,122.839996,123.919998,19272700,True,0.01209674
2020-03-31,LQD,124.089996,124.910004,122.989998,123.510002,23901400,True,-0.00331404
2020-04-01,LQD,122.550003,122.599998,121.32,121.410004,21859400,True,-0.01714886
2020-04-02,LQD,121.660004,123.5,121.510002,121.730003,22929500,True,0.00263223
2020-04-03,LQD,122.019997,122.239998,120.68,121.099998,10754100,True,-0.00518887
2020-04-06,LQD,122.629997,123.5,122.230003,123.489998,15631800,True,0.01954353
2020-04-07,LQD,124.300003,124.480003,123.470001,123.68,17457700,True,0.00153742
2020-04-08,LQD,124.330002,126.010002,123.879997,125.910004,15484100,True,0.01786981
2020-04-09,LQD,129.410004,132.0,129.100006,131.830002,53580000,True,0.04594583
2020-04-13,LQD,131.190002,131.460007,129.809998,130.550003,20599800,True,-0.00975691
2020-04-14,LQD,131.399994,131.5,129.839996,129.910004,14791600,True,-0.00491439
2020-04-15,LQD,129.399994,130.880005,129.399994,130.779999,13687800,True,0.00667458
2020-04-16,LQD,130.619995,131.070007,130.039993,130.130005,12582100,True,-0.00498252
2020-04-17,LQD,131.330002,131.470001,129.940002,130.559998,11187900,True,0.00329888
2020-04-20,LQD,130.029999,130.130005,129.229996,129.820007,12057500,True,-0.00568394
2020-04-21,LQD,129.699997,130.130005,128.690002,129.360001,16146000,True,-0.00354971
2020-04-22,LQD,129.360001,129.600006,128.910004,129.440002,19956600,True,0.00061825
2020-04-23,LQD,129.919998,130.240005,129.699997,129.990005,5833400,True,0.00424009
2020-04-24,LQD,129.779999,130.199997,129.210007,129.899994,14985500,True,-0.00069269
2020-04-27,LQD,129.979996,130.100006,128.820007,128.850006,11794700,True,-0.00811589
2020-04-28,LQD,129.399994,129.559998,129.070007,129.199997,9232900,True,0.00271258
2020-04-29,LQD,129.839996,130.229996,129.699997,130.050003,7399100,True,0.00655745
2020-04-30,LQD,129.729996,130.149994,129.110001,129.169998,14583200,True,-0.00678966
2020-05-01,LQD,128.699997,128.940002,127.830002,128.339996,15442300,True,-0.00644639
2020-05-04,LQD,128.529999,128.949997,128.360001,128.539993,9466700,True,0.00155712
2020-05-05,LQD,128.389999,128.720001,128.160004,128.369995,7268800,True,-0.00132341
2020-05-06,LQD,127.889999,127.949997,126.709999,126.93,10662900,True,-0.01128093
2020-05-07,LQD,127.290001,127.5,126.889999,127.269997,11194300,True,0.00267503
2020-05-08,LQD,126.82,127.080002,126.370003,126.660004,12286700,True,-0.00480443
2020-05-11,LQD,126.379997,126.529999,125.519997,125.550003,12334800,True,-0.00880225
2020-05-12,LQD,127.169998,127.199997,126.190002,126.760002,18760500,True,0.00959144
2020-05-13,LQD,127.290001,127.559998,126.940002,127.050003,13404100,True,0.00228518
2020-05-14,LQD,127.5,128.119995,127.0,128.100006,16978300,True,0.00823052
2020-05-15,LQD,128.100006,128.610001,127.970001,128.550003,17987400,True,0.0035067
2020-05-18,LQD,128.860001,130.0,128.860001,129.279999,15299000,True,0.00566263
2020-05-19,LQD,129.330002,129.660004,128.899994,129.380005,13529000,True,0.00077326
2020-05-20,LQD,129.759995,130.860001,129.649994,130.800003,15068200,True,0.01091561
2020-05-21,LQD,130.990005,131.0,130.550003,130.699997,11059200,True,-0.00076487
2020-05-22,LQD,130.720001,130.979996,130.520004,130.699997,12546900,True,0.0
2020-05-26,LQD,130.919998,131.149994,130.470001,130.520004,12864900,True,-0.00137809
2020-05-27,LQD,130.929993,131.110001,130.699997,131.059998,10204500,True,0.00412871
2020-05-28,LQD,130.929993,131.380005,130.600006,131.169998,12360900,True,0.00083896
2020-05-29,LQD,131.360001,132.039993,131.160004,132.020004,14092500,True,0.00645928
2020-06-01,LQD,131.399994,131.649994,131.25,131.639999,15415500,True,-0.00288254
2020-06-02,LQD,131.820007,132.309998,131.729996,132.059998,11585400,True,0.00318543
2020-06-03,LQD,132.070007,132.279999,131.600006,131.979996,15198200,True,-0.00060598
2020-06-04,LQD,132.139999,132.300003,131.5,131.580002,9777400,True,-0.00303532
2020-06-05,LQD,132.089996,132.449997,131.5,132.259995,22147400,True,0.0051546
2020-06-08,LQD,132.490005,132.919998,132.309998,132.699997,15872100,True,0.00332128
2020-06-09,LQD,132.770004,132.850006,132.350006,132.419998,17982200,True,-0.00211224
2020-06-10,LQD,132.660004,133.509995,132.100006,133.289993,16866200,True,0.00654848
2020-06-11,LQD,132.589996,132.809998,131.130005,131.699997,28279600,True,-0.01200057
2020-06-12,LQD,132.729996,132.970001,131.789993,132.339996,16202800,True,0.00484776
2020-06-15,LQD,131.889999,134.830002,131.820007,134.220001,24006200,True,0.01410591
2020-06-16,LQD,134.889999,134.899994,133.479996,133.850006,16299500,True,-0.00276044
2020-06-17,LQD,134.0,134.110001,132.809998,133.589996,20132900,True,-0.00194443
2020-06-18,LQD,133.619995,133.919998,133.360001,133.889999,9306600,True,0.00224318
2020-06-19,LQD,133.960007,134.199997,133.630005,133.990005,13741400,True,0.00074665
2020-06-22,LQD,133.990005,134.309998,133.600006,133.860001,10134000,True,-0.00097073
2020-06-23,LQD,133.699997,134.070007,133.559998,133.610001,9381300,True,-0.00186937
2020-06-24,LQD,133.339996,133.399994,132.699997,133.240005,12357300,True,-0.00277306
2020-06-25,LQD,133.369995,133.490005,133.080002,133.380005,19115300,True,0.00105018
2020-06-26,LQD,133.399994,133.600006,133.149994,133.5,7304900,True,0.00089924
2020-06-29,LQD,133.509995,134.119995,133.179993,134.119995,10954600,True,0.00463341
2020-06-30,LQD,134.309998,134.529999,133.820007,134.5,11599000,True,0.00282931
2020-07-01,LQD,134.149994,134.940002,133.880005,134.720001,11872500,True,0.00163436
2020-07-02,LQD,134.960007,135.110001,134.789993,135.050003,9733200,True,0.00244654
2020-07-06,LQD,135.160004,135.509995,134.960007,135.399994,12706800,True,0.00258821
2020-07-07,LQD,135.399994,135.679993,135.229996,135.580002,11645100,True,0.00132857
2020-07-08,LQD,135.669998,135.710007,135.229996,135.360001,10033100,True,-0.00162399
2020-07-09,LQD,135.639999,136.25,135.419998,136.119995,9809000,True,0.00559891
2020-07-10,LQD,136.309998,136.419998,135.679993,135.869995,9043100,True,-0.0018383
2020-07-13,LQD,135.889999,136.080002,135.429993,135.509995,22457200,True,-0.00265311
2020-07-14,LQD,135.850006,136.440002,135.800003,136.300003,12505600,True,0.00581296
2020-07-15,LQD,136.479996,136.580002,136.240005,136.570007,8815600,True,0.001979
2020-07-16,LQD,136.720001,137.029999,136.600006,136.949997,7761800,True,0.00277852
2020-07-17,LQD,137.320007,137.410004,136.940002,137.320007,6078400,True,0.00269815
2020-07-20,LQD,137.619995,137.699997,137.399994,137.699997,7244300,True,0.00276336
2020-07-21,LQD,137.919998,138.100006,137.779999,137.880005,7712300,True,0.00130639
2020-07-22,LQD,138.279999,138.339996,138.100006,138.330002,6229900,True,0.00325837
2020-07-23,LQD,138.470001,138.520004,138.169998,138.429993,9544200,True,0.00072258
2020-07-24,LQD,138.169998,138.389999,137.949997,138.119995,9106500,True,-0.00224189
2020-07-27,LQD,138.190002,138.289993,137.610001,137.699997,6347600,True,-0.00304545
2020-07-28,LQD,137.919998,137.990005,137.509995,137.559998,12922600,True,-0.00101722
2020-07-29,LQD,137.690002,138.309998,137.570007,138.309998,7625100,True,0.00543736
2020-07-30,LQD,138.229996,138.309998,137.960007,138.160004,8939900,True,-0.00108506
2020-07-31,LQD,138.139999,138.460007,137.929993,138.350006,11788700,True,0.00137429
2020-08-03,LQD,137.949997,138.339996,137.809998,138.240005,10915900,True,-0.00079541
2020-08-04,LQD,138.490005,138.75,138.410004,138.75,10101900,True,0.00368241
2020-08-05,LQD,138.539993,138.800003,138.429993,138.559998,11602000,True,-0.00137033
2020-08-06,LQD,138.990005,139.259995,138.929993,139.149994,8067800,True,0.00424902
2020-08-07,LQD,139.289993,139.380005,138.720001,138.759995,7405300,True,-0.00280666
2020-08-10,LQD,138.979996,138.990005,138.410004,138.460007,6137100,True,-0.00216426
2020-08-11,LQD,138.0,138.089996,137.490005,137.589996,12870500,True,-0.0063033
2020-08-12,LQD,137.5,137.729996,137.100006,137.25,11902600,True,-0.00247414
2020-08-13,LQD,137.149994,137.229996,135.75,136.009995,20754500,True,-0.00907571
2020-08-14,LQD,135.850006,136.119995,135.279999,135.410004,12409100,True,-0.00442113
2020-08-17,LQD,135.75,135.919998,135.570007,135.690002,9522800,True,0.00206565
2020-08-18,LQD,135.860001,136.240005,135.740005,136.080002,12198000,True,0.00287007
2020-08-19,LQD,136.279999,136.350006,135.600006,135.720001,12168600,True,-0.00264901
2020-08-20,LQD,136.240005,136.350006,136.020004,136.199997,12065300,True,0.00353042
2020-08-21,LQD,136.279999,136.490005,135.979996,136.449997,6353900,True,0.00183385
2020-08-24,LQD,136.460007,136.669998,136.119995,136.210007,13093400,True,-0.00176036
2020-08-25,LQD,135.710007,136.0,135.229996,135.619995,12191100,True,-0.00434104
2020-08-26,LQD,135.399994,135.679993,135.130005,135.669998,6259000,True,0.00036863
2020-08-27,LQD,135.860001,135.889999,134.559998,134.589996,12251100,True,-0.00799236
2020-08-28,LQD,134.830002,135.070007,134.619995,135.0,7907500,True,0.00304169
2020-08-31,LQD,135.119995,135.789993,135.059998,135.600006,11874000,True,0.00443464
2020-09-01,LQD,135.25,136.199997,135.100006,136.160004,13289900,True,0.00412127
2020-09-02,LQD,136.050003,136.809998,136.0,136.699997,14236600,True,0.00395803
2020-09-03,LQD,136.869995,136.899994,136.330002,136.399994,16452600,True,-0.00219702
2020-09-04,LQD,136.009995,136.119995,134.869995,134.949997,13177800,True,-0.01068738
2020-09-08,LQD,135.139999,135.429993,134.990005,135.080002,13932300,True,0.00096289
2020-09-09,LQD,135.110001,135.690002,135.009995,135.169998,11640000,True,0.00066602
2020-09-10,LQD,135.050003,135.419998,134.880005,135.270004,12624700,True,0.00073958
2020-09-11,LQD,135.330002,135.600006,135.179993,135.369995,9773000,True,0.00073892
2020-09-14,LQD,135.600006,135.979996,135.580002,135.710007,13896200,True,0.00250857
2020-09-15,LQD,135.740005,135.990005,135.729996,135.860001,9388500,True,0.00110464
2020-09-16,LQD,136.169998,136.270004,135.759995,135.949997,8868200,True,0.0006622
2020-09-17,LQD,136.270004,136.300003,135.789993,135.979996,12190400,True,0.00022064
2020-09-18,LQD,136.059998,136.119995,135.690002,135.729996,9968000,True,-0.0018402
2020-09-21,LQD,135.970001,135.970001,135.470001,135.600006,12081100,True,-0.00095817
2020-09-22,LQD,135.710007,135.800003,135.520004,135.679993,8295900,True,0.0005897
2020-09-23,LQD,135.660004,135.729996,134.619995,134.699997,17759900,True,-0.00724906
2020-09-24,LQD,134.679993,134.809998,134.229996,134.360001,20595000,True,-0.00252729
2020-09-25,LQD,134.279999,134.449997,134.039993,134.220001,9793100,True,-0.00104252
2020-09-28,LQD,134.520004,134.919998,134.389999,134.899994,8579500,True,0.00505346
2020-09-29,LQD,135.059998,135.179993,134.710007,134.729996,8428600,True,-0.00126097
2020-09-30,LQD,134.649994,134.789993,134.419998,134.710007,11634700,True,-0.00014837
2020-10-01,LQD,134.259995,134.929993,134.210007,134.789993,12642600,True,0.00059359
2020-10-02,LQD,134.660004,134.889999,134.399994,134.809998,10829600,True,0.0001484
2020-10-05,LQD,134.490005,134.759995,134.320007,134.360001,10078700,True,-0.00334359
2020-10-06,LQD,134.449997,134.949997,133.949997,134.25,22370600,True,-0.00081904
2020-10-07,LQD,134.259995,134.740005,134.110001,134.289993,14745500,True,0.00029786
2020-10-08,LQD,134.660004,134.850006,134.509995,134.619995,12101600,True,0.00245437
2020-10-09,LQD,134.520004,134.979996,134.449997,134.929993,9979700,True,0.00230011
2020-10-12,LQD,135.110001,135.75,135.100006,135.710007,5465400,True,0.00576423
2020-10-13,LQD,135.669998,135.789993,135.389999,135.580002,9228200,True,-0.00095842
2020-10-14,LQD,135.789993,135.899994,135.5,135.710007,12994600,True,0.00095842
2020-10-15,LQD,135.699997,135.759995,135.490005,135.570007,13255900,True,-0.00103214
2020-10-16,LQD,135.509995,135.869995,135.320007,135.339996,8742400,True,-0.00169806
2020-10-19,LQD,135.25,135.320007,135.009995,135.080002,8634500,True,-0.00192289
2020-10-20,LQD,134.979996,135.009995,134.770004,134.800003,13413100,True,-0.00207499
2020-10-21,LQD,134.589996,134.880005,134.539993,134.580002,8890100,True,-0.00163339
2020-10-22,LQD,134.5,134.539993,134.160004,134.279999,9661800,True,-0.00223167
2020-10-23,LQD,134.309998,134.729996,134.289993,134.619995,12010800,True,0.0025288
2020-10-26,LQD,134.779999,135.009995,134.720001,134.899994,9776600,True,0.00207776
2020-10-27,LQD,135.070007,135.460007,135.009995,135.449997,7023800,True,0.00406883
2020-10-28,LQD,135.410004,135.479996,134.740005,134.779999,13578300,True,-0.00495874
2020-10-29,LQD,134.800003,134.800003,134.080002,134.429993,14744600,True,-0.00260025
2020-10-30,LQD,134.270004,134.539993,133.720001,133.729996,19875600,True,-0.00522075
2020-11-02,LQD,133.960007,134.25,133.880005,133.970001,18496400,True,0.00179309
2020-11-03,LQD,133.910004,134.139999,133.779999,134.100006,11661900,True,0.00096993
2020-11-04,LQD,135.610001,136.229996,135.559998,136.110001,20019500,True,0.01487755
2020-11-05,LQD,136.539993,136.820007,136.350006,136.619995,14349900,True,0.00373993
2020-11-06,LQD,136.270004,136.330002,135.940002,136.190002,12029700,True,-0.00315233
2020-11-09,LQD,136.190002,136.300003,135.139999,135.160004,21273800,True,-0.0075917
2020-11-10,LQD,134.820007,135.369995,134.770004,134.809998,18849800,True,-0.00259293
2020-11-11,LQD,135.0,135.089996,134.710007,135.059998,3763300,True,0.00185274
2020-11-12,LQD,135.179993,135.600006,135.070007,135.600006,16891500,True,0.00399031
2020-11-13,LQD,135.770004,135.940002,135.619995,135.759995,8256800,True,0.00117916
2020-11-16,LQD,135.800003,136.25,135.729996,136.199997,12742500,True,0.00323579
2020-11-17,LQD,136.389999,136.759995,136.259995,136.639999,11832300,True,0.00322535
2020-11-18,LQD,136.839996,137.080002,136.779999,136.929993,11878400,True,0.00212007
2020-11-19,LQD,137.199997,137.850006,137.110001,137.690002,16107800,True,0.00553501
2020-11-20,LQD,137.399994,137.75,137.169998,137.570007,18308400,True,-0.00087187
2020-11-23,LQD,137.669998,137.809998,137.550003,137.740005,8648500,True,0.00123496
2020-11-24,LQD,137.699997,137.779999,137.399994,137.429993,11204400,True,-0.00225325
2020-11-25,LQD,137.600006,137.630005,137.380005,137.509995,6709800,True,0.00058196
2020-11-27,LQD,137.820007,138.070007,137.75,138.0,3404800,True,0.00355708
2020-11-30,LQD,138.100006,138.520004,137.949997,138.479996,11856200,True,0.00347219
2020-12-01,LQD,138.050003,138.270004,137.479996,137.679993,18933600,True,-0.00579378
2020-12-02,LQD,137.460007,137.5,136.979996,137.220001,15637700,True,-0.00334661
2020-12-03,LQD,137.649994,138.029999,137.479996,137.759995,18888700,True,0.00392751
2020-12-04,LQD,137.139999,137.339996,136.839996,137.0,12521200,True,-0.00553207
2020-12-07,LQD,137.339996,137.490005,137.070007,137.119995,16697300,True,0.00087549
2020-12-08,LQD,137.369995,137.449997,136.899994,136.960007,12797700,True,-0.00116746
2020-12-09,LQD,136.600006,136.600006,136.119995,136.460007,20824700,True,-0.00365738
2020-12-10,LQD,136.570007,137.160004,136.559998,137.139999,13527600,True,0.00497072
2020-12-11,LQD,137.139999,137.309998,136.919998,137.279999,9023000,True,0.00102033
2020-12-14,LQD,136.979996,137.320007,136.869995,137.179993,8004000,True,-0.00072875
2020-12-15,LQD,137.169998,137.479996,137.089996,137.449997,12254500,True,0.00196631
2020-12-16,LQD,137.169998,137.610001,136.880005,137.339996,12326000,True,-0.00080062
2020-12-17,LQD,137.520004,137.580002,136.970001,137.259995,12338800,True,-0.00058268
2020-12-18,LQD,137.479996,137.520004,137.009995,137.160004,8781900,True,-0.00072874
2020-12-21,LQD,137.130005,137.139999,136.669998,136.889999,11925000,True,-0.00197048
2020-12-22,LQD,137.190002,137.289993,136.990005,137.270004,10226800,True,0.00277214
2020-12-23,LQD,136.919998,137.320007,136.649994,137.300003,7553100,True,0.00021851
2020-12-24,LQD,137.479996,137.830002,137.479996,137.770004,3397000,True,0.00341732
2020-12-28,LQD,137.570007,137.899994,137.5,137.860001,6279200,True,0.00065302
2020-12-29,LQD,137.610001,137.929993,137.600006,137.919998,6581800,True,0.00043511
2020-12-30,LQD,137.889999,138.110001,137.789993,138.100006,5343100,True,0.00130431
2020-12-31,LQD,138.039993,138.220001,137.960007,138.130005,6932300,True,0.0002172
2021-01-04,LQD,137.889999,137.889999,137.380005,137.429993,14891400,True,-0.00508066
2021-01-05,LQD,137.059998,137.059998,136.550003,136.990005,16294400,True,-0.00320667
2021-01-06,LQD,135.779999,135.979996,135.399994,135.880005,19136500,True,-0.00813579
2021-01-07,LQD,135.559998,135.949997,135.539993,135.860001,11886100,True,-0.00014723
2021-01-08,LQD,135.779999,135.889999,135.449997,135.759995,13341400,True,-0.00073637
2021-01-11,LQD,135.490005,135.490005,135.169998,135.179993,7557700,True,-0.00428141
2021-01-12,LQD,135.110001,135.539993,134.740005,135.470001,16766200,True,0.00214305
2021-01-13,LQD,135.759995,136.639999,135.729996,136.520004,16490700,True,0.00772093
2021-01-14,LQD,136.550003,136.630005,135.839996,135.929993,22050500,True,-0.00433116
2021-01-15,LQD,136.240005,136.509995,136.039993,136.139999,13680700,True,0.00154377
2021-01-19,LQD,136.089996,136.479996,136.050003,136.380005,12807500,True,0.00176138
2021-01-20,LQD,136.350006,136.509995,136.270004,136.339996,12218400,True,-0.0002934
2021-01-21,LQD,135.770004,135.929993,135.600006,135.800003,25084300,True,-0.0039685
2021-01-22,LQD,135.759995,135.910004,135.600006,135.699997,15998800,True,-0.00073669
2021-01-25,LQD,135.949997,136.369995,135.929993,136.279999,14603700,True,0.00426504
2021-01-26,LQD,136.020004,136.449997,135.960007,136.270004,11926900,True,-7.334e-05
2021-01-27,LQD,136.419998,136.440002,135.979996,136.029999,13822700,True,-0.0017628
2021-01-28,LQD,136.039993,136.179993,135.759995,135.809998,16896900,True,-0.00161861
2021-01-29,LQD,135.419998,135.899994,134.960007,135.600006,18131600,True,-0.00154741
2021-02-01,LQD,135.369995,135.699997,135.309998,135.600006,10682300,True,0.0
2021-02-02,LQD,135.210007,135.360001,135.039993,135.240005,12710600,True,-0.0026584
2021-02-03,LQD,135.0,135.080002,134.869995,134.919998,13189600,True,-0.00236902
2021-02-04,LQD,134.809998,135.220001,134.630005,135.149994,10689500,True,0.00170323
2021-02-05,LQD,135.240005,135.380005,134.720001,134.789993,12016300,True,-0.00266727
2021-02-08,LQD,134.929993,135.410004,134.869995,135.369995,13460300,True,0.00429377
2021-02-09,LQD,135.470001,135.490005,134.880005,135.160004,11755100,True,-0.00155245
2021-02-10,LQD,135.380005,135.550003,135.289993,135.479996,9414500,True,0.00236471
2021-02-11,LQD,135.539993,135.559998,135.039993,135.119995,9241100,True,-0.00266076
2021-02-12,LQD,134.610001,134.940002,134.570007,134.679993,13717100,True,-0.0032617
2021-02-16,LQD,134.020004,134.289993,133.710007,133.729996,21429200,True,-0.00707873
2021-02-17,LQD,134.339996,134.429993,134.029999,134.399994,16195400,True,0.00499757
2021-02-18,LQD,134.130005,134.350006,133.839996,134.139999,15414100,True,-0.00193636
2021-02-19,LQD,133.789993,133.899994,133.149994,133.169998,13678500,True,-0.00725753
2021-02-22,LQD,132.940002,133.220001,132.25,132.339996,17978100,True,-0.00625215
2021-02-23,LQD,131.910004,132.470001,131.759995,132.440002,23482500,True,0.00075539
2021-02-24,LQD,131.639999,132.669998,131.350006,132.639999,18120000,True,0.00150896
2021-02-25,LQD,131.729996,131.910004,129.779999,130.539993,35471200,True,-0.01595905
2021-02-26,LQD,131.440002,132.320007,130.990005,132.270004,23284400,True,0.01316568
2021-03-01,LQD,131.639999,132.169998,131.639999,132.130005,23890800,True,-0.001059
2021-03-02,LQD,132.100006,132.110001,131.770004,131.979996,13633400,True,-0.00113596
2021-03-03,LQD,131.289993,131.850006,130.940002,131.0,24043300,True,-0.00745304
2021-03-04,LQD,131.050003,131.160004,129.809998,129.929993,21771800,True,-0.00820154
2021-03-05,LQD,129.589996,129.929993,129.270004,129.759995,23789400,True,-0.00130924
2021-03-08,LQD,129.529999,129.619995,128.529999,128.550003,15029200,True,-0.00936859
2021-03-09,LQD,129.210007,129.619995,129.160004,129.520004,21900300,True,0.00751738
2021-03-10,LQD,129.710007,130.289993,129.710007,130.130005,19440400,True,0.00469865
2021-03-11,LQD,130.289993,130.550003,130.059998,130.210007,20622100,True,0.00061459
2021-03-12,LQD,129.130005,129.289993,128.660004,128.710007,14352000,True,-0.01158672
2021-03-15,LQD,128.830002,129.279999,128.830002,129.149994,10111200,True,0.00341261
2021-03-16,LQD,129.210007,129.389999,128.869995,129.059998,11356900,True,-0.00069708
2021-03-17,LQD,128.479996,129.460007,128.309998,129.179993,19086100,True,0.00092933
2021-03-18,LQD,128.009995,128.619995,127.910004,128.440002,21368700,True,-0.00574484
2021-03-19,LQD,128.429993,128.720001,128.240005,128.630005,19776100,True,0.00147822
2021-03-22,LQD,129.059998,129.460007,128.929993,129.089996,16677200,True,0.0035697
2021-03-23,LQD,129.089996,129.589996,129.089996,129.470001,32228000,True,0.0029394
2021-03-24,LQD,129.210007,129.919998,129.210007,129.860001,13435400,True,0.00300775
2021-03-25,LQD,129.929993,130.020004,129.449997,129.710007,12945900,True,-0.00115571
2021-03-26,LQD,129.449997,129.820007,129.330002,129.619995,14315000,True,-0.00069419
2021-03-29,LQD,129.669998,129.710007,129.110001,129.309998,11279900,True,-0.00239445
2021-03-30,LQD,129.259995,129.789993,128.979996,129.710007,20219000,True,0.00308864
2021-03-31,LQD,129.910004,130.380005,129.830002,130.050003,23764600,True,0.00261777
2021-04-01,LQD,130.460007,130.649994,130.149994,130.610001,16390900,True,0.00429677
2021-04-05,LQD,130.190002,130.300003,129.919998,129.970001,17015500,True,-0.00491212
2021-04-06,LQD,130.160004,130.880005,130.160004,130.839996,15762000,True,0.00667151
2021-04-07,LQD,130.789993,130.919998,130.410004,130.580002,10976500,True,-0.00198909
2021-04-08,LQD,130.75,131.080002,130.669998,131.059998,7452800,True,0.00366914
2021-04-09,LQD,130.639999,131.100006,130.539993,130.789993,7568300,True,-0.00206228
2021-04-12,LQD,130.699997,130.770004,130.520004,130.759995,10579800,True,-0.00022939
2021-04-13,LQD,130.610001,131.350006,130.559998,131.339996,9582100,True,0.00442581
2021-04-14,LQD,131.160004,131.289993,130.940002,131.160004,10219300,True,-0.00137137
2021-04-15,LQD,131.660004,132.320007,131.649994,131.970001,17234400,True,0.00615665
2021-04-16,LQD,131.279999,131.679993,131.050003,131.070007,21100200,True,-0.00684305
2021-04-19,LQD,130.779999,130.899994,130.630005,130.729996,10868200,True,-0.00259749
2021-04-20,LQD,130.690002,131.190002,130.649994,130.979996,11996200,True,0.00191051
2021-04-21,LQD,131.059998,131.429993,130.899994,131.429993,10473600,True,0.00342973
2021-04-22,LQD,131.550003,131.669998,131.259995,131.559998,16487100,True,0.00098867
2021-04-23,LQD,131.720001,131.889999,131.490005,131.669998,15170600,True,0.00083578
2021-04-26,LQD,131.699997,131.880005,131.589996,131.610001,10915200,True,-0.00045577
2021-04-27,LQD,131.600006,131.639999,131.020004,131.020004,10418200,True,-0.00449299
2021-04-28,LQD,131.009995,131.110001,130.580002,131.039993,15731100,True,0.00015255
2021-04-29,LQD,130.669998,130.929993,130.360001,130.880005,11697300,True,-0.00122166
2021-04-30,LQD,130.960007,131.240005,130.869995,131.149994,11860200,True,0.00206075
2021-05-03,LQD,131.130005,131.429993,130.869995,131.210007,9029900,True,0.00045748
2021-05-04,LQD,131.479996,131.610001,131.089996,131.289993,14006800,True,0.00060942
2021-05-05,LQD,131.119995,131.5,131.119995,131.449997,5722300,True,0.00121796
2021-05-06,LQD,131.5,131.759995,131.369995,131.699997,9383600,True,0.00190006
2021-05-07,LQD,132.080002,132.339996,131.529999,131.75,11267200,True,0.0003796
2021-05-10,LQD,131.520004,131.770004,131.029999,131.039993,9705000,True,-0.00540362
2021-05-11,LQD,130.539993,130.789993,130.419998,130.559998,12179400,True,-0.0036697
2021-05-12,LQD,130.130005,130.309998,129.779999,129.850006,12569900,True,-0.00545289
2021-05-13,LQD,130.130005,130.539993,130.130005,130.339996,9508200,True,0.00376641
2021-05-14,LQD,130.820007,131.080002,130.669998,131.050003,8987200,True,0.00543256
2021-05-17,LQD,131.050003,131.059998,130.820007,130.899994,6001600,True,-0.00114533
2021-05-18,LQD,130.669998,130.729996,130.449997,130.470001,8835300,True,-0.0032903
2021-05-19,LQD,130.360001,130.679993,129.979996,130.240005,20069600,True,-0.00176438
2021-05-20,LQD,130.639999,131.169998,130.639999,131.130005,10498100,True,0.00681029
2021-05-21,LQD,131.320007,131.419998,131.089996,131.220001,7826100,True,0.00068608
2021-05-24,LQD,131.5,131.649994,131.360001,131.580002,5756400,True,0.00273973
2021-05-25,LQD,131.679993,132.110001,131.660004,132.070007,11428000,True,0.00371709
2021-05-26,LQD,131.880005,132.130005,131.740005,132.0,28568500,True,-0.00053022
2021-05-27,LQD,131.809998,131.820007,131.020004,131.600006,15033000,True,-0.00303486
2021-05-28,LQD,131.690002,132.059998,131.660004,131.710007,10432400,True,0.00083552
2021-06-01,LQD,131.440002,131.5,131.110001,131.470001,6390600,True,-0.00182389
2021-06-02,LQD,131.559998,131.759995,131.550003,131.679993,8140400,True,0.00159598
2021-06-03,LQD,131.300003,131.389999,131.130005,131.160004,10028100,True,-0.0039567
2021-06-04,LQD,131.589996,132.100006,131.539993,132.089996,11427200,True,0.0070655
2021-06-07,LQD,131.970001,132.050003,131.860001,131.979996,5000100,True,-0.00083312
2021-06-08,LQD,132.320007,132.529999,132.320007,132.479996,10626800,True,0.00378129
2021-06-09,LQD,132.979996,133.160004,132.779999,132.960007,12152200,True,0.00361672
2021-06-10,LQD,132.740005,133.570007,132.639999,133.559998,16424100,True,0.00450242
2021-06-11,LQD,133.669998,133.800003,133.429993,133.669998,12707000,True,0.00082327
2021-06-14,LQD,133.490005,133.509995,133.0,133.179993,8327200,True,-0.00367252
2021-06-15,LQD,133.059998,133.320007,132.960007,133.279999,17848200,True,0.00075063
2021-06-16,LQD,133.440002,133.710007,132.529999,132.899994,22698500,True,-0.00285525
2021-06-17,LQD,133.220001,134.259995,133.220001,133.639999,22735800,True,0.00555269
2021-06-18,LQD,133.889999,134.570007,133.770004,134.339996,21169700,True,0.00522426
2021-06-21,LQD,133.75,133.919998,133.470001,133.559998,22492000,True,-0.00582308
2021-06-22,LQD,133.130005,133.789993,133.110001,133.779999,12098400,True,0.00164585
2021-06-23,LQD,133.589996,133.800003,133.449997,133.570007,12519100,True,-0.00157091
2021-06-24,LQD,133.699997,133.880005,133.639999,133.830002,8241300,True,0.00194461
2021-06-25,LQD,133.839996,133.929993,133.139999,133.479996,10981600,True,-0.00261873
2021-06-28,LQD,133.800003,134.119995,133.759995,134.050003,12359900,True,0.00426127
2021-06-29,LQD,133.809998,134.220001,133.770004,134.210007,11194400,True,0.0011929
2021-06-30,LQD,134.429993,134.619995,134.270004,134.360001,17381500,True,0.00111698
2021-07-01,LQD,134.050003,134.160004,133.740005,133.990005,11062700,True,-0.00275756
2021-07-02,LQD,134.029999,134.380005,133.949997,134.369995,6896200,True,0.00283194
2021-07-06,LQD,134.529999,135.179993,134.529999,134.860001,11499900,True,0.00364006
2021-07-07,LQD,135.130005,135.5,134.979996,135.320007,16902400,True,0.00340519
2021-07-08,LQD,135.270004,135.600006,135.160004,135.389999,17494900,True,0.0005171
2021-07-09,LQD,134.800003,134.880005,134.720001,134.820007,13192600,True,-0.00421889
2021-07-12,LQD,134.949997,135.009995,134.649994,134.75,12577200,True,-0.0005194
2021-07-13,LQD,134.899994,134.960007,134.029999,134.25,19922400,True,-0.00371748
2021-07-14,LQD,134.630005,134.899994,134.619995,134.869995,14420100,True,0.00460758
2021-07-15,LQD,135.220001,135.289993,134.770004,135.160004,15859100,True,0.00214797
2021-07-16,LQD,134.800003,135.130005,134.800003,134.970001,9624600,True,-0.00140675
2021-07-19,LQD,135.649994,136.080002,135.589996,135.940002,21808500,True,0.00716109
2021-07-20,LQD,136.369995,136.539993,135.570007,135.75,24764800,True,-0.00139867
2021-07-21,LQD,135.240005,135.440002,135.029999,135.270004,22385000,True,-0.00354215
2021-07-22,LQD,135.380005,135.899994,135.270004,135.830002,6074900,True,0.0041313
2021-07-23,LQD,135.300003,135.779999,135.25,135.770004,11455300,True,-0.00044181
2021-07-26,LQD,135.889999,135.889999,135.380005,135.470001,8684600,True,-0.00221209
2021-07-27,LQD,135.940002,136.050003,135.669998,136.050003,10506100,True,0.00427227
2021-07-28,LQD,135.759995,136.300003,135.630005,136.289993,12225700,True,0.00176243
2021-07-29,LQD,135.880005,136.009995,135.770004,135.899994,15828800,True,-0.00286564
2021-07-30,LQD,135.960007,136.179993,135.929993,136.009995,11148100,True,0.0008091
2021-08-02,LQD,135.919998,136.509995,135.850006,136.160004,12042700,True,0.00110232
2021-08-03,LQD,136.190002,136.399994,136.139999,136.300003,13121700,True,0.00102767
2021-08-04,LQD,136.619995,136.779999,135.720001,136.330002,14426200,True,0.00022007
2021-08-05,LQD,136.110001,136.139999,135.740005,135.770004,13960900,True,-0.00411612
2021-08-06,LQD,134.990005,135.160004,134.639999,134.660004,8641500,True,-0.0082092
2021-08-09,LQD,134.690002,134.809998,134.080002,134.080002,14166600,True,-0.00431646
2021-08-10,LQD,134.240005,134.25,133.779999,133.779999,12103500,True,-0.00224
2021-08-11,LQD,133.779999,134.330002,133.570007,133.990005,15902200,True,0.00156856
2021-08-12,LQD,134.0,134.210007,133.869995,134.179993,14593200,True,0.00141692
2021-08-13,LQD,134.509995,135.119995,134.399994,135.080002,17846600,True,0.00668508
2021-08-16,LQD,135.410004,135.660004,135.130005,135.160004,15203000,True,0.00059208
2021-08-17,LQD,134.940002,135.130005,134.820007,134.919998,15055900,True,-0.00177729
2021-08-18,LQD,134.929993,135.110001,134.600006,134.830002,9134600,True,-0.00066726
2021-08-19,LQD,135.039993,135.25,134.839996,135.139999,15681600,True,0.00229653
2021-08-20,LQD,135.289993,135.389999,135.050003,135.229996,10782100,True,0.00066573
2021-08-23,LQD,135.330002,135.460007,135.199997,135.330002,12064300,True,0.00073925
2021-08-24,LQD,135.199997,135.300003,134.910004,135.020004,13782900,True,-0.00229331
2021-08-25,LQD,135.020004,135.130005,134.509995,134.669998,15533600,True,-0.00259562
2021-08-26,LQD,134.830002,134.850006,134.449997,134.630005,14673700,True,-0.00029702
2021-08-27,LQD,134.779999,135.429993,134.570007,135.380005,11670000,True,0.00555536
2021-08-30,LQD,135.25,135.660004,135.220001,135.610001,9119900,True,0.00169745
2021-08-31,LQD,135.570007,135.779999,135.199997,135.300003,15644700,True,-0.00228857
2021-09-01,LQD,135.330002,135.389999,134.880005,135.240005,16028100,True,-0.00044354
2021-09-02,LQD,135.369995,135.479996,135.199997,135.479996,11822200,True,0.00177298
2021-09-03,LQD,134.910004,135.089996,134.820007,134.990005,7681300,True,-0.00362325
2021-09-07,LQD,134.5,134.5,134.119995,134.350006,14271400,True,-0.00475236
2021-09-08,LQD,134.580002,134.880005,134.399994,134.779999,16045000,True,0.00319543
2021-09-09,LQD,134.960007,135.729996,134.839996,135.660004,18014200,True,0.00650797
2021-09-10,LQD,135.520004,135.600006,135.089996,135.270004,10776600,True,-0.00287897
2021-09-13,LQD,135.570007,135.779999,135.539993,135.600006,13159800,True,0.00243661
2021-09-14,LQD,135.770004,136.259995,135.679993,136.009995,16550300,True,0.00301895
2021-09-15,LQD,135.960007,136.0,135.639999,135.850006,14194400,True,-0.00117699
2021-09-16,LQD,135.449997,135.740005,135.369995,135.660004,16282400,True,-0.0013996
2021-09-17,LQD,135.289993,135.399994,135.100006,135.360001,15769600,True,-0.00221388
2021-09-20,LQD,135.380005,135.830002,135.380005,135.779999,17519900,True,0.00309802
2021-09-21,LQD,135.800003,135.889999,135.669998,135.770004,15834600,True,-7.361e-05
2021-09-22,LQD,135.779999,136.210007,135.630005,136.149994,15898200,True,0.00279487
2021-09-23,LQD,135.710007,135.710007,135.0,135.210007,14735500,True,-0.006928
2021-09-24,LQD,135.059998,135.149994,134.779999,134.919998,10797300,True,-0.00214718
2021-09-27,LQD,134.630005,134.960007,134.539993,134.850006,13104100,True,-0.0005189
2021-09-28,LQD,134.050003,134.050003,133.389999,133.410004,19987200,True,-0.01073597
2021-09-29,LQD,133.779999,134.070007,133.25,133.380005,14956300,True,-0.00022489
2021-09-30,LQD,133.309998,133.380005,132.970001,133.029999,21397100,True,-0.00262758
2021-10-01,LQD,133.229996,133.940002,133.179993,133.740005,21381400,True,0.005323
2021-10-04,LQD,133.429993,133.669998,133.25,133.520004,12931100,True,-0.00164635
2021-10-05,LQD,133.399994,133.509995,132.970001,132.970001,14635200,True,-0.00412776
2021-10-06,LQD,133.0,133.130005,132.779999,133.009995,13855500,True,0.00030072
2021-10-07,LQD,132.720001,132.820007,132.380005,132.419998,15805500,True,-0.0044456
2021-10-08,LQD,132.279999,132.309998,131.710007,131.809998,9079400,True,-0.0046172
2021-10-11,LQD,131.580002,131.839996,131.539993,131.559998,4337000,True,-0.00189847
2021-10-12,LQD,132.089996,132.449997,131.839996,132.399994,19870400,True,0.00636459
2021-10-13,LQD,132.610001,133.110001,132.559998,133.070007,18260300,True,0.00504776
2021-10-14,LQD,133.309998,133.699997,133.220001,133.699997,15870000,True,0.0047231
2021-10-15,LQD,133.210007,133.279999,133.0,133.220001,13131700,True,-0.00359656
2021-10-18,LQD,133.0,133.289993,132.710007,133.110001,11530300,True,-0.00082605
2021-10-19,LQD,132.779999,132.830002,132.380005,132.380005,12213200,True,-0.00549925
2021-10-20,LQD,132.309998,132.509995,132.029999,132.059998,13810200,True,-0.00242027
2021-10-21,LQD,132.0,132.059998,131.660004,131.779999,13131000,True,-0.00212249
2021-10-22,LQD,132.089996,132.440002,131.979996,132.309998,13735100,True,0.00401378
2021-10-25,LQD,132.300003,132.639999,132.259995,132.369995,8206800,True,0.00045336
2021-10-26,LQD,132.720001,132.960007,132.399994,132.940002,10100600,True,0.00429692
2021-10-27,LQD,133.529999,134.059998,133.240005,133.75,15928300,True,0.00607447
2021-10-28,LQD,133.710007,133.880005,133.289993,133.550003,18514400,True,-0.00149642
2021-10-29,LQD,133.009995,133.720001,132.949997,133.479996,17367800,True,-0.00052434
2021-11-01,LQD,132.610001,133.070007,132.610001,132.979996,11894200,True,-0.00375291
2021-11-02,LQD,132.979996,133.570007,132.979996,133.490005,18047600,True,0.0038279
2021-11-03,LQD,133.630005,133.740005,132.910004,133.149994,11847700,True,-0.00255034
2021-11-04,LQD,133.300003,134.029999,133.300003,133.850006,20135500,True,0.00524355
2021-11-05,LQD,134.339996,135.0,134.220001,134.830002,15840400,True,0.00729492
2021-11-08,LQD,134.690002,134.710007,134.339996,134.520004,8494200,True,-0.00230182
2021-11-09,LQD,135.210007,135.309998,134.860001,134.880005,18075300,True,0.00267261
2021-11-10,LQD,134.669998,134.690002,133.25,133.5,23397300,True,-0.01028405
2021-11-11,LQD,133.539993,133.679993,133.050003,133.119995,6168900,True,-0.00285054
2021-11-12,LQD,133.300003,133.419998,132.789993,132.979996,11897100,True,-0.00105223
2021-11-15,LQD,132.850006,132.899994,131.960007,131.970001,12353400,True,-0.00762408
2021-11-16,LQD,131.889999,132.350006,131.679993,131.75,18709500,True,-0.00166845
2021-11-17,LQD,131.600006,132.320007,131.490005,132.279999,14541100,True,0.00401469
2021-11-18,LQD,132.190002,132.690002,132.190002,132.580002,14086100,True,0.00226537
2021-11-19,LQD,132.899994,133.210007,132.889999,133.080002,17682900,True,0.00376421
2021-11-22,LQD,132.550003,132.759995,131.869995,131.919998,13745400,True,-0.0087548
2021-11-23,LQD,131.610001,131.699997,130.979996,130.979996,10986900,True,-0.00715106
2021-11-24,LQD,130.960007,131.630005,130.809998,131.610001,14019900,True,0.0047984
2021-11-26,LQD,132.020004,132.740005,131.809998,132.679993,14399300,True,0.00809715
2021-11-29,LQD,132.139999,132.869995,132.050003,132.770004,21231700,True,0.00067818
2021-11-30,LQD,133.229996,133.729996,132.770004,133.059998,28873400,True,0.0021818
2021-12-01,LQD,132.770004,132.960007,132.350006,132.839996,18070800,True,-0.00165477
2021-12-02,LQD,132.869995,133.229996,132.600006,133.149994,17305900,True,0.0023309
2021-12-03,LQD,133.119995,134.559998,133.070007,134.259995,25739900,True,0.00830191
2021-12-06,LQD,134.210007,134.240005,133.509995,133.580002,25332000,True,-0.00507761
2021-12-07,LQD,133.639999,134.070007,133.479996,133.639999,17338200,True,0.00044905
2021-12-08,LQD,133.300003,133.360001,132.539993,132.75,17408000,True,-0.00668195
2021-12-09,LQD,132.940002,133.160004,132.589996,132.639999,12348300,True,-0.00082897
2021-12-10,LQD,133.289993,133.330002,132.729996,132.789993,12792300,True,0.0011302
2021-12-13,LQD,133.320007,133.699997,133.279999,133.389999,10264200,True,0.00450828
2021-12-14,LQD,133.029999,133.169998,132.610001,132.789993,17725400,True,-0.00450828
2021-12-15,LQD,132.369995,133.029999,132.320007,132.960007,20585100,True,0.0012795
2021-12-16,LQD,132.779999,133.100006,132.520004,132.699997,9750200,True,-0.00195746
2021-12-17,LQD,132.850006,133.139999,132.850006,133.009995,8753100,True,0.00233335
2021-12-20,LQD,132.770004,132.910004,132.350006,132.429993,12931400,True,-0.00437012
2021-12-21,LQD,131.479996,132.699997,131.479996,132.690002,12933300,True,0.00196145
2021-12-22,LQD,132.869995,132.910004,132.559998,132.899994,7850800,True,0.00158132
2021-12-23,LQD,132.770004,132.820007,132.419998,132.699997,8401200,True,-0.001506
2021-12-27,LQD,132.740005,133.199997,132.679993,133.089996,8744200,True,0.00293465
2021-12-28,LQD,133.360001,133.410004,132.75,132.919998,6864300,True,-0.00127813
2021-12-29,LQD,132.380005,132.509995,132.0,132.190002,7263000,True,-0.00550713
2021-12-30,LQD,132.380005,132.75,132.100006,132.720001,5566900,True,0.00400136
2021-12-31,LQD,132.729996,133.029999,132.449997,132.520004,8514500,True,-0.00150805
2022-01-03,LQD,131.779999,131.789993,131.110001,131.110001,18199400,True,-0.01069694
2022-01-04,LQD,130.940002,131.240005,130.690002,131.220001,18748000,True,0.00083864
2022-01-05,LQD,131.479996,131.479996,130.419998,130.449997,16107500,True,-0.00588533
2022-01-06,LQD,130.179993,130.479996,130.0,130.279999,19336300,True,-0.00130402
2022-01-07,LQD,130.110001,130.199997,129.470001,129.720001,17750800,True,-0.00430768
2022-01-10,LQD,129.399994,129.679993,129.029999,129.600006,14253400,True,-0.00092546
2022-01-11,LQD,129.610001,130.070007,129.479996,129.990005,17231000,True,0.00300474
2022-01-12,LQD,130.229996,130.380005,129.889999,129.899994,12733100,True,-0.00069269
2022-01-13,LQD,130.110001,130.320007,129.690002,130.309998,13468500,True,0.00315133
2022-01-14,LQD,129.710007,129.729996,129.100006,129.160004,14308300,True,-0.00886423
2022-01-18,LQD,128.419998,128.490005,127.870003,127.93,15266600,True,-0.00956873
2022-01-19,LQD,128.270004,128.690002,128.100006,128.130005,16057900,True,0.00156217
2022-01-20,LQD,128.289993,128.5,127.93,128.059998,22915800,True,-0.00054653
2022-01-21,LQD,128.679993,129.110001,128.619995,128.899994,21504700,True,0.00653798
2022-01-24,LQD,128.940002,129.0,128.410004,128.5,22567100,True,-0.00310796
2022-01-25,LQD,128.479996,128.789993,128.089996,128.139999,17247300,True,-0.00280549
2022-01-26,LQD,128.479996,128.619995,127.150002,127.269997,23220800,True,-0.00681262
2022-01-27,LQD,127.709999,128.059998,127.32,127.559998,22292800,True,0.00227604
2022-01-28,LQD,126.860001,127.75,126.849998,127.699997,21294200,True,0.00109692
2022-01-31,LQD,127.540001,127.879997,127.260002,127.760002,20325100,True,0.00046978
2022-02-01,LQD,127.589996,127.82,127.050003,127.730003,17587300,True,-0.00023483
2022-02-02,LQD,127.940002,128.300003,127.610001,127.739998,22644800,True,7.824e-05
2022-02-03,LQD,126.82,126.93,126.459999,126.709999,23396800,True,-0.00809593
2022-02-04,LQD,125.68,125.800003,125.110001,125.449997,26115800,True,-0.00999376
2022-02-07,LQD,125.330002,125.809998,125.199997,125.68,12756600,True,0.00183175
2022-02-08,LQD,125.540001,125.68,125.209999,125.209999,22126100,True,-0.00374668
2022-02-09,LQD,125.720001,126.080002,125.599998,125.629997,19616400,True,0.00334874
2022-02-10,LQD,124.959999,125.190002,123.900002,123.919998,39583900,True,-0.01370488
2022-02-11,LQD,124.190002,124.959999,123.699997,124.839996,21553500,True,0.00739671
2022-02-14,LQD,124.150002,124.300003,123.660004,123.730003,22793600,True,-0.00893109
2022-02-15,LQD,123.589996,123.849998,123.110001,123.110001,15673700,True,-0.00502353
2022-02-16,LQD,123.470001,123.489998,122.620003,123.290001,27148800,True,0.00146104
2022-02-17,LQD,123.440002,123.769997,123.089996,123.379997,24384600,True,0.00072969
2022-02-18,LQD,123.760002,124.139999,123.260002,123.68,19233800,True,0.00242859
2022-02-22,LQD,123.25,123.529999,123.120003,123.519997,18011000,True,-0.00129453
2022-02-23,LQD,123.230003,123.349998,122.370003,122.400002,16579900,True,-0.00910868
2022-02-24,LQD,122.470001,123.080002,122.220001,122.980003,29245000,True,0.00472739
2022-02-25,LQD,123.32,124.080002,123.019997,123.480003,19073700,True,0.00405746
2022-02-28,LQD,123.940002,125.0,123.940002,124.800003,23474500,True,0.01063325
2022-03-01,LQD,124.839996,125.839996,124.800003,124.970001,28504600,True,0.00136124
2022-03-02,LQD,124.129997,124.300003,123.040001,123.07,24849900,True,-0.01532042
2022-03-03,LQD,123.529999,123.860001,123.239998,123.519997,14144600,True,0.00364976
2022-03-04,LQD,124.330002,124.449997,123.57,123.639999,17402800,True,0.00097105
2022-03-07,LQD,122.889999,123.290001,122.0,122.139999,16164900,True,-0.01220619
2022-03-08,LQD,121.32,121.830002,120.809998,121.410004,20045200,True,-0.00599465
2022-03-09,LQD,121.559998,122.0,121.419998,121.620003,27652200,True,0.00172817
2022-03-10,LQD,120.879997,120.93,119.790001,120.230003,34185900,True,-0.01149485
2022-03-11,LQD,120.300003,120.419998,120.07,120.18,20701300,True,-0.00041598
2022-03-14,LQD,119.110001,119.57,118.400002,118.440002,18624900,True,-0.0145841
2022-03-15,LQD,119.010002,119.470001,118.82,119.370003,24022000,True,0.00782141
2022-03-16,LQD,119.900002,120.449997,118.669998,120.389999,32561800,True,0.00850853
2022-03-17,LQD,121.010002,121.879997,120.830002,121.57,23878300,True,0.00975376
2022-03-18,LQD,121.150002,121.989998,121.150002,121.809998,21675100,True,0.00197221
2022-03-21,LQD,120.889999,121.160004,119.959999,120.120003,17919300,True,-0.01397117
2022-03-22,LQD,119.739998,119.989998,119.589996,119.830002,16780900,True,-0.00241718
2022-03-23,LQD,120.050003,120.330002,119.650002,120.169998,16949300,True,0.0028333
2022-03-24,LQD,119.400002,120.400002,118.839996,120.220001,20466500,True,0.00041602
2022-03-25,LQD,119.779999,119.809998,118.839996,119.269997,23247400,True,-0.00793361
2022-03-28,LQD,119.480003,120.120003,119.330002,119.93,18691100,True,0.00551844
2022-03-29,LQD,120.550003,121.010002,120.290001,120.940002,23812400,True,0.00838633
2022-03-30,LQD,120.489998,121.349998,120.43,121.220001,17696700,True,0.00231251
2022-03-31,LQD,121.269997,121.559998,120.720001,120.940002,19905200,True,-0.00231251
2022-04-01,LQD,120.059998,121.400002,119.949997,121.089996,16506800,True,0.00123947
2022-04-04,LQD,121.169998,121.550003,120.779999,121.510002,19647900,True,0.00346254
2022-04-05,LQD,121.139999,121.190002,119.360001,119.379997,22750400,True,-0.01768492
2022-04-06,LQD,118.110001,119.239998,117.800003,118.68,25447400,True,-0.00588086
2022-04-07,LQD,118.529999,118.620003,117.910004,118.129997,21292700,True,-0.00464511
2022-04-08,LQD,117.25,117.559998,116.849998,117.199997,16072800,True,-0.00790384
2022-04-11,LQD,116.5,116.589996,115.779999,116.059998,20685500,True,-0.00977457
2022-04-12,LQD,116.839996,117.169998,116.129997,116.139999,25029100,True,0.00068908
2022-04-13,LQD,116.150002,116.809998,116.099998,116.739998,21276200,True,0.00515287
2022-04-14,LQD,116.669998,116.699997,115.269997,115.379997,19717700,True,-0.01171822
2022-04-18,LQD,115.139999,115.330002,114.389999,114.5,16576000,True,-0.00765618
2022-04-19,LQD,113.93,114.169998,113.519997,113.589996,19775400,True,-0.00797938
2022-04-20,LQD,114.330002,115.089996,114.309998,114.769997,21119400,True,0.01033465
2022-04-21,LQD,114.5,114.580002,113.220001,113.550003,25288700,True,-0.0106868
2022-04-22,LQD,113.110001,113.709999,112.809998,113.419998,19927300,True,-0.00114557
2022-04-25,LQD,114.029999,114.860001,114.019997,114.68,22261500,True,0.01104792
2022-04-26,LQD,115.239998,115.269997,114.480003,114.620003,22695300,True,-0.00052331
2022-04-27,LQD,114.400002,114.809998,113.470001,113.519997,19426200,True,-0.00964333
2022-04-28,LQD,113.269997,113.870003,113.019997,113.860001,19645500,True,0.00299063
2022-04-29,LQD,112.910004,113.519997,112.379997,112.599998,20257300,True,-0.01112793
2022-05-02,LQD,111.690002,111.919998,111.300003,111.68,17184100,True,-0.00820406
2022-05-03,LQD,112.779999,113.339996,112.290001,112.400002,20914600,True,0.00642631
2022-05-04,LQD,112.389999,113.860001,111.779999,113.5,34240700,True,0.00973889
2022-05-05,LQD,112.440002,112.489998,110.889999,111.760002,34356900,True,-0.0154491
2022-05-06,LQD,110.849998,111.519997,110.660004,110.809998,15550400,True,-0.00853673
2022-05-09,LQD,110.419998,111.32,110.190002,111.199997,17185900,True,0.00351335
2022-05-10,LQD,112.080002,112.360001,111.57,111.669998,25650800,True,0.00421772
2022-05-11,LQD,111.199997,112.459999,111.040001,112.190002,25053500,True,0.00464581
2022-05-12,LQD,112.459999,112.879997,112.160004,112.239998,22156400,True,0.00044553
2022-05-13,LQD,112.07,112.160004,111.419998,111.650002,16107900,True,-0.00527042
2022-05-16,LQD,111.849998,112.309998,111.739998,111.800003,11980500,True,0.0013426
2022-05-17,LQD,111.169998,111.400002,110.949997,111.160004,16562600,True,-0.00574095
2022-05-18,LQD,110.889999,111.620003,110.889999,111.57,16146400,True,0.00368156
2022-05-19,LQD,112.269997,112.620003,111.709999,111.870003,21212500,True,0.00268531
2022-05-20,LQD,112.18,112.459999,111.980003,112.419998,13906700,True,0.00490433
2022-05-23,LQD,112.07,112.510002,111.779999,112.019997,14892400,True,-0.00356444
2022-05-24,LQD,112.489998,113.610001,112.410004,113.489998,17210400,True,0.01303731
2022-05-25,LQD,114.019997,114.68,113.919998,114.660004,25637000,True,0.01025655
2022-05-26,LQD,114.830002,115.269997,114.43,114.690002,34022300,True,0.0002616
2022-05-27,LQD,115.169998,115.660004,114.870003,115.290001,9246100,True,0.00521784
2022-05-31,LQD,114.260002,114.660004,113.709999,114.440002,20336900,True,-0.00740001
2022-06-01,LQD,114.660004,114.900002,113.089996,113.5,22403900,True,-0.00824785
2022-06-02,LQD,113.660004,113.790001,112.889999,113.550003,14823300,True,0.00044046
2022-06-03,LQD,112.739998,113.199997,112.739998,113.190002,11440900,True,-0.00317545
2022-06-06,LQD,113.110001,113.190002,112.309998,112.389999,12213900,True,-0.00709288
2022-06-07,LQD,112.690002,113.290001,112.610001,112.989998,11291400,True,0.00532434
2022-06-08,LQD,112.760002,113.089996,112.330002,112.339996,13730800,True,-0.00576935
2022-06-09,LQD,112.059998,112.339996,111.540001,111.599998,24846700,True,-0.00660892
2022-06-10,LQD,111.010002,111.139999,109.860001,110.519997,36297900,True,-0.00972457
2022-06-13,LQD,108.370003,108.849998,107.099998,107.970001,34771900,True,-0.02334305
2022-06-14,LQD,108.459999,108.82,107.160004,107.410004,27320800,True,-0.0052001
2022-06-15,LQD,108.660004,109.190002,107.739998,109.089996,31581500,True,0.01551987
2022-06-16,LQD,107.589996,109.480003,107.290001,109.209999,30588300,True,0.00109943
2022-06-17,LQD,109.519997,109.709999,108.769997,109.43,17319600,True,0.00201245
2022-06-21,LQD,108.940002,109.419998,108.209999,108.330002,17031500,True,-0.01010294
2022-06-22,LQD,109.459999,109.669998,109.059998,109.120003,18943300,True,0.00726608
2022-06-23,LQD,109.639999,110.82,109.589996,109.959999,30742100,True,0.00766844
2022-06-24,LQD,109.879997,110.669998,109.849998,110.089996,18668900,True,0.00118152
2022-06-27,LQD,109.480003,109.709999,109.019997,109.080002,20847000,True,-0.00921661
2022-06-28,LQD,108.900002,109.110001,108.519997,109.050003,18998400,True,-0.00027505
2022-06-29,LQD,109.099998,109.709999,109.019997,109.699997,10747100,True,0.00594282
2022-06-30,LQD,109.769997,110.900002,109.769997,110.029999,16570800,True,0.00300371
2022-07-01,LQD,110.660004,111.459999,110.470001,111.120003,20179400,True,0.00985768
2022-07-05,LQD,111.199997,111.300003,110.839996,111.089996,16728000,True,-0.00027007
2022-07-06,LQD,111.410004,111.580002,110.43,110.540001,17291300,True,-0.0049632
2022-07-07,LQD,110.959999,111.139999,110.330002,110.529999,15165800,True,-9.049e-05
2022-07-08,LQD,110.120003,110.410004,109.949997,110.349998,14384500,True,-0.00162985
2022-07-11,LQD,110.82,111.160004,110.5,110.660004,9456900,True,0.00280535
2022-07-12,LQD,111.110001,111.580002,110.779999,110.82,18053600,True,0.00144479
2022-07-13,LQD,109.720001,111.779999,109.709999,111.650002,25657200,True,0.00746173
2022-07-14,LQD,110.440002,111.220001,110.089996,110.940002,22978600,True,-0.00637946
2022-07-15,LQD,110.860001,112.050003,110.860001,111.830002,15192500,True,0.00799034
2022-07-18,LQD,111.660004,111.669998,110.970001,111.050003,15665500,True,-0.0069993
2022-07-19,LQD,111.209999,111.470001,110.82,111.360001,15414500,True,0.00278762
2022-07-20,LQD,111.849998,111.940002,111.160004,111.239998,9888100,True,-0.00107819
2022-07-21,LQD,111.510002,112.769997,111.510002,112.760002,25141900,True,0.01357168
2022-07-22,LQD,113.709999,114.239998,113.139999,113.629997,16062400,True,0.00768585
2022-07-25,LQD,112.839996,113.010002,112.400002,112.669998,25656700,True,-0.00848436
2022-07-26,LQD,113.010002,113.120003,112.599998,112.650002,18514600,True,-0.0001775
2022-07-27,LQD,113.160004,114.050003,113.129997,113.400002,16995200,True,0.00663572
2022-07-28,LQD,114.230003,114.510002,113.989998,114.339996,17266700,True,0.00825503
2022-07-29,LQD,114.279999,115.080002,114.139999,114.610001,14914000,True,0.00235863
2022-08-01,LQD,114.379997,114.910004,114.260002,114.559998,18348900,True,-0.00043638
2022-08-02,LQD,114.529999,114.68,113.07,113.160004,22706500,True,-0.0122959
2022-08-03,LQD,113.230003,114.419998,112.870003,114.389999,19416500,True,0.01081088
2022-08-04,LQD,114.260002,114.629997,113.910004,114.57,22451000,True,0.00157233
2022-08-05,LQD,112.949997,113.099998,112.309998,113.019997,15893400,True,-0.01362122
2022-08-08,LQD,113.580002,113.940002,113.410004,113.470001,11889800,True,0.00397373
2022-08-09,LQD,113.019997,113.209999,112.830002,112.959999,17809000,True,-0.00450473
2022-08-10,LQD,113.559998,114.309998,113.540001,114.029999,25548100,True,0.0094278
2022-08-11,LQD,114.470001,114.980003,112.879997,112.93,24970100,True,-0.0096934
2022-08-12,LQD,113.540001,114.260002,113.269997,114.239998,16542900,True,0.01153332
2022-08-15,LQD,114.440002,114.610001,114.139999,114.160004,10750200,True,-0.00070047
2022-08-16,LQD,113.809998,113.870003,113.129997,113.720001,15328900,True,-0.00386171
2022-08-17,LQD,112.959999,113.18,112.400002,112.650002,20836800,True,-0.00945362
2022-08-18,LQD,113.010002,113.32,112.879997,112.940002,13914300,True,0.00257105
2022-08-19,LQD,111.940002,111.940002,111.349998,111.599998,17996700,True,-0.01193569
2022-08-22,LQD,111.290001,111.300003,110.730003,110.849998,10208500,True,-0.00674311
2022-08-23,LQD,110.720001,111.489998,110.610001,110.970001,14517700,True,0.00108198
2022-08-24,LQD,110.730003,110.800003,110.43,110.639999,14441000,True,-0.00297822
2022-08-25,LQD,111.230003,112.040001,110.75,111.779999,33579200,True,0.01025096
2022-08-26,LQD,111.449997,111.739998,111.010002,111.110001,13942300,True,-0.00601194
2022-08-29,LQD,110.620003,110.620003,110.150002,110.290001,18371900,True,-0.00740744
2022-08-30,LQD,110.580002,110.800003,109.849998,110.43,19251300,True,0.00126857
2022-08-31,LQD,110.199997,110.370003,109.209999,109.269997,19484300,True,-0.01055999
2022-09-01,LQD,108.190002,108.419998,107.349998,108.309998,26706500,True,-0.00882439
2022-09-02,LQD,108.849998,109.25,108.379997,108.389999,14458700,True,0.00073836
2022-09-06,LQD,107.860001,107.940002,106.919998,106.919998,16455700,True,-0.01365495
2022-09-07,LQD,107.410004,108.489998,107.389999,108.379997,21874300,True,0.01356267
2022-09-08,LQD,108.339996,108.669998,108.050003,108.129997,16871100,True,-0.00230936
2022-09-09,LQD,108.550003,108.989998,108.349998,108.379997,11911700,True,0.00230936
2022-09-12,LQD,108.800003,109.019997,107.919998,108.139999,11084600,True,-0.00221687
2022-09-13,LQD,107.059998,107.519997,106.910004,107.360001,19563400,True,-0.007239
2022-09-14,LQD,107.330002,108.059998,107.300003,107.870003,19360500,True,0.00473914
2022-09-15,LQD,107.620003,107.760002,107.199997,107.349998,12947800,True,-0.00483231
2022-09-16,LQD,106.75,108.160004,106.730003,107.099998,13980900,True,-0.00233155
2022-09-19,LQD,106.620003,107.389999,106.529999,107.279999,13679600,True,0.00167926
2022-09-20,LQD,106.339996,106.650002,106.059998,106.209999,30310500,True,-0.01002397
2022-09-21,LQD,106.629997,106.900002,105.599998,106.610001,23883200,True,0.00375906
2022-09-22,LQD,105.620003,105.629997,104.809998,105.110001,20982600,True,-0.0141699
2022-09-23,LQD,104.879997,105.07,104.330002,104.809998,18671200,True,-0.00285826
2022-09-26,LQD,104.389999,104.589996,102.940002,102.989998,27606500,True,-0.01751729
2022-09-27,LQD,103.059998,103.269997,101.400002,101.440002,34683500,True,-0.01516436
2022-09-28,LQD,102.489998,103.57,102.269997,103.480003,39921300,True,0.01991088
2022-09-29,LQD,102.519997,102.779999,101.739998,102.709999,30873000,True,-0.00746892
2022-09-30,LQD,103.059998,103.57,102.440002,102.449997,24058300,True,-0.00253463
2022-10-03,LQD,103.610001,104.839996,103.389999,104.0,27200900,True,0.01501605
2022-10-04,LQD,104.809998,105.120003,104.360001,104.480003,21918800,True,0.0046048
2022-10-05,LQD,103.669998,103.889999,102.949997,103.690002,24999500,True,-0.00759
2022-10-06,LQD,103.68,103.940002,103.199997,103.449997,22017200,True,-0.00231733
2022-10-07,LQD,102.839996,102.910004,102.370003,102.419998,20895500,True,-0.01000639
2022-10-10,LQD,102.389999,102.449997,101.089996,101.5,6179400,True,-0.00902319
2022-10-11,LQD,101.769997,102.169998,101.040001,101.290001,30332900,True,-0.0020711
2022-10-12,LQD,101.169998,101.480003,100.830002,101.169998,18941200,True,-0.00118545
2022-10-13,LQD,99.199997,101.639999,99.18,101.349998,20727700,True,0.00177761
2022-10-14,LQD,101.989998,101.989998,100.269997,100.379997,20681900,True,-0.0096169
2022-10-17,LQD,101.260002,101.669998,100.790001,100.860001,16585700,True,0.00477047
2022-10-18,LQD,101.470001,101.610001,100.510002,101.459999,23532600,True,0.0059312
2022-10-19,LQD,100.540001,100.839996,99.940002,100.07,16461800,True,-0.01379469
2022-10-20,LQD,99.82,100.370003,99.099998,99.199997,21437300,True,-0.00873195
2022-10-21,LQD,98.730003,99.639999,98.410004,99.480003,18871700,True,0.00281867
2022-10-24,LQD,99.379997,99.980003,98.830002,99.43,16517100,True,-0.00050277
2022-10-25,LQD,100.290001,101.190002,100.290001,100.760002,23143100,True,0.01328759
2022-10-26,LQD,101.010002,101.720001,100.910004,101.220001,22201400,True,0.00455491
2022-10-27,LQD,101.57,102.089996,101.199997,101.690002,21002900,True,0.00463262
2022-10-28,LQD,101.290001,102.050003,101.239998,101.900002,19532300,True,0.00206296
2022-10-31,LQD,101.540001,101.68,100.970001,101.349998,21884100,True,-0.0054121
2022-11-01,LQD,102.099998,102.190002,101.190002,101.769997,26415300,True,0.00413547
2022-11-02,LQD,101.910004,102.919998,101.019997,101.279999,23174200,True,-0.00482639
2022-11-03,LQD,100.330002,101.18,100.010002,100.919998,52723900,True,-0.00356084
2022-11-04,LQD,101.209999,101.550003,100.660004,101.120003,16698200,True,0.00197985
2022-11-07,LQD,101.169998,101.230003,100.540001,100.75,13428300,True,-0.00366576
2022-11-08,LQD,101.0,101.489998,100.849998,101.169998,19206000,True,0.00416005
2022-11-09,LQD,100.860001,101.419998,100.650002,100.910004,12204000,True,-0.00257319
2022-11-10,LQD,103.099998,104.389999,103.07,104.290001,28447600,True,0.03294642
2022-11-11,LQD,104.120003,104.739998,103.980003,104.57,8578600,True,0.00268121
2022-11-14,LQD,104.209999,104.449997,104.010002,104.040001,22576600,True,-0.00508125
2022-11-15,LQD,105.120003,105.529999,104.82,105.489998,25504400,True,0.01384069
2022-11-16,LQD,105.800003,106.599998,105.580002,106.389999,24648800,True,0.00849544
2022-11-17,LQD,105.519997,105.910004,105.220001,105.82,24106600,True,-0.00537205
2022-11-18,LQD,106.129997,106.290001,105.610001,105.809998,14214100,True,-9.452e-05
2022-11-21,LQD,106.199997,106.360001,105.639999,105.650002,9664100,True,-0.00151325
2022-11-22,LQD,106.190002,106.730003,106.059998,106.589996,15050400,True,0.00885791
2022-11-23,LQD,106.959999,107.699997,106.919998,107.660004,12511500,True,0.00998848
2022-11-25,LQD,107.720001,107.790001,107.5,107.769997,4413900,True,0.00102115
2022-11-28,LQD,107.849998,107.879997,106.889999,106.989998,18815800,True,-0.00726394
2022-11-29,LQD,106.510002,106.809998,106.239998,106.459999,23040000,True,-0.00496603
2022-11-30,LQD,106.400002,107.779999,105.989998,107.760002,20930100,True,0.01213723
2022-12-01,LQD,107.919998,108.809998,107.610001,108.760002,30830200,True,0.00923709
2022-12-02,LQD,108.0,109.419998,107.790001,109.419998,16908900,True,0.00605003
2022-12-05,LQD,108.709999,108.709999,108.019997,108.489998,19612000,True,-0.00853569
2022-12-06,LQD,108.870003,108.980003,108.529999,108.82,18220800,True,0.00303716
2022-12-07,LQD,109.389999,110.080002,109.279999,110.029999,22116700,True,0.01105791
2022-12-08,LQD,109.739998,110.029999,109.410004,109.68,18285600,True,-0.00318601
2022-12-09,LQD,109.300003,109.400002,108.82,108.860001,15568800,True,-0.00750438
2022-12-12,LQD,109.620003,109.739998,108.650002,108.720001,13988400,True,-0.00128688
2022-12-13,LQD,110.760002,110.889999,109.480003,109.669998,19976000,True,0.00870006
2022-12-14,LQD,109.660004,109.93,108.769997,109.769997,19894900,True,0.0009114
2022-12-15,LQD,109.529999,109.720001,109.160004,109.529999,16931200,True,-0.00218876
2022-12-16,LQD,108.480003,109.199997,108.480003,109.059998,16643900,True,-0.00430031
2022-12-19,LQD,108.43,108.449997,107.699997,107.959999,14746200,True,-0.01013739
2022-12-20,LQD,106.93,107.019997,106.519997,106.690002,18678000,True,-0.01183332
2022-12-21,LQD,107.370003,107.519997,107.010002,107.419998,15087800,True,0.00681891
2022-12-22,LQD,107.370003,107.540001,107.139999,107.389999,13957300,True,-0.00027931
2022-12-23,LQD,106.959999,107.309998,106.830002,107.059998,5992400,True,-0.00307766
2022-12-27,LQD,106.32,106.540001,105.639999,105.68,10456200,True,-0.01297374
2022-12-28,LQD,106.07,106.230003,105.349998,105.349998,10050900,True,-0.00312754
2022-12-29,LQD,105.730003,106.139999,105.660004,106.099998,14253300,True,0.00709391
2022-12-30,LQD,105.809998,105.940002,105.169998,105.43,8528200,True,-0.0063348
2023-01-03,LQD,106.949997,106.989998,105.849998,106.160004,15589800,True,0.0069002
2023-01-04,LQD,107.029999,107.099998,106.519997,106.93,13951700,True,0.00722699
2023-01-05,LQD,106.089996,106.959999,106.089996,106.849998,9848100,True,-0.00074845
2023-01-06,LQD,107.029999,108.769997,106.889999,108.599998,20695600,True,0.01624543
2023-01-09,LQD,108.440002,109.290001,108.339996,109.029999,20449600,True,0.00395167
2023-01-10,LQD,108.510002,108.830002,108.25,108.660004,19225200,True,-0.00339929
2023-01-11,LQD,109.32,109.639999,109.169998,109.589996,19541700,True,0.00852232
2023-01-12,LQD,109.879997,110.849998,109.239998,110.830002,18372500,True,0.01125142
2023-01-13,LQD,110.449997,110.889999,110.309998,110.470001,21077700,True,-0.00325351
2023-01-17,LQD,110.010002,110.410004,109.919998,110.07,20745100,True,-0.00362748
2023-01-18,LQD,111.68,111.949997,110.870003,111.360001,27794600,True,0.01165168
2023-01-19,LQD,110.870003,111.230003,110.760002,111.129997,18085800,True,-0.00206754
2023-01-20,LQD,110.580002,110.68,110.120003,110.550003,15440000,True,-0.00523273
2023-01-23,LQD,110.150002,110.519997,110.080002,110.230003,18814700,True,-0.00289881
2023-01-24,LQD,110.290001,110.940002,109.919998,110.809998,12419700,True,0.00524788
2023-01-25,LQD,110.709999,110.959999,110.330002,110.860001,15450000,True,0.00045115
2023-01-26,LQD,110.93,111.080002,110.370003,110.82,13250300,True,-0.00036089
2023-01-27,LQD,110.370003,110.660004,110.279999,110.5,8924900,True,-0.00289174
2023-01-30,LQD,110.160004,110.620003,110.010002,110.080002,20019800,True,-0.00380813
2023-01-31,LQD,110.669998,110.970001,110.080002,110.870003,27212200,True,0.00715098
2023-02-01,LQD,110.870003,111.900002,110.279999,111.650002,29127300,True,0.00701062
2023-02-02,LQD,112.360001,112.510002,111.699997,111.809998,18958900,True,0.00143199
2023-02-03,LQD,110.699997,110.900002,110.290001,110.540001,16053900,True,-0.01142353
2023-02-06,LQD,109.980003,110.010002,109.620003,109.690002,18455400,True,-0.00771923
2023-02-07,LQD,109.5,110.120003,109.190002,109.330002,25191300,True,-0.00328738
2023-02-08,LQD,109.43,109.639999,108.949997,109.440002,16484400,True,0.00100563
2023-02-09,LQD,109.959999,109.970001,108.459999,108.519997,21637500,True,-0.00844202
2023-02-10,LQD,108.379997,108.449997,107.720001,107.760002,16092100,True,-0.0070279
2023-02-13,LQD,107.860001,108.160004,107.769997,108.160004,32223500,True,0.00370509
2023-02-14,LQD,108.110001,108.349998,107.220001,107.889999,31922200,True,-0.00249946
2023-02-15,LQD,107.720001,107.790001,107.209999,107.480003,24279600,True,-0.00380737
2023-02-16,LQD,106.959999,107.18,106.559998,106.620003,27909900,True,-0.00803368
2023-02-17,LQD,106.269997,107.040001,106.220001,107.040001,18528900,True,0.00393147
2023-02-21,LQD,106.18,106.25,105.480003,105.519997,21136000,True,-0.01430213
2023-02-22,LQD,105.940002,106.269997,105.769997,105.82,20971700,True,0.00283906
2023-02-23,LQD,106.129997,106.690002,106.050003,106.650002,21144600,True,0.00781292
2023-02-24,LQD,105.849998,106.050003,105.580002,105.849998,26721100,True,-0.00752948
2023-02-27,LQD,106.129997,106.290001,105.800003,105.879997,19660700,True,0.00028337
2023-02-28,LQD,105.440002,106.0,105.269997,105.919998,18239100,True,0.00037772
2023-03-01,LQD,105.260002,105.360001,104.760002,104.889999,27249600,True,-0.0097719
2023-03-02,LQD,104.43,104.980003,104.330002,104.980003,23715100,True,0.00085771
2023-03-03,LQD,105.610001,106.230003,105.440002,106.169998,27316900,True,0.01127168
2023-03-06,LQD,106.5,106.540001,105.82,105.879997,14688600,True,-0.00273521
2023-03-07,LQD,106.089996,106.199997,105.339996,105.580002,22431700,True,-0.00283737
2023-03-08,LQD,105.900002,106.169998,105.150002,105.410004,29396500,True,-0.00161143
2023-03-09,LQD,105.489998,105.830002,105.160004,105.309998,24552400,True,-0.00094918
2023-03-10,LQD,106.5,107.139999,106.25,106.82,36906000,True,0.01423681
2023-03-13,LQD,107.410004,108.260002,106.480003,106.910004,47445400,True,0.00084222
2023-03-14,LQD,106.839996,107.57,106.43,106.589996,49782100,True,-0.00299773
2023-03-15,LQD,107.300003,108.099998,106.989998,107.610001,50591500,True,0.00952392
2023-03-16,LQD,108.059998,108.300003,107.129997,107.449997,37961900,True,-0.00148799
2023-03-17,LQD,107.779999,108.419998,107.610001,107.989998,32011600,True,0.00501302
2023-03-20,LQD,108.080002,108.279999,107.559998,107.669998,24035100,True,-0.00296763
2023-03-21,LQD,108.120003,108.25,107.699997,108.190002,29109400,True,0.00481799
2023-03-22,LQD,108.110001,109.589996,107.809998,108.82,31434700,True,0.00580617
2023-03-23,LQD,108.709999,109.220001,108.379997,109.129997,28703800,True,0.00284467
2023-03-24,LQD,109.43,109.690002,109.18,109.470001,26204100,True,0.00311074
2023-03-27,LQD,108.480003,108.989998,108.129997,108.160004,16527900,True,-0.0120389
2023-03-28,LQD,108.040001,108.209999,107.739998,107.980003,14138000,True,-0.00166559
2023-03-29,LQD,107.760002,108.519997,107.720001,108.480003,17506000,True,0.0046198
2023-03-30,LQD,108.480003,108.849998,108.459999,108.629997,18267200,True,0.00138173
2023-03-31,LQD,109.099998,109.690002,108.860001,109.610001,19187400,True,0.00898103
2023-04-03,LQD,109.169998,110.019997,109.0,109.93,20093500,True,0.00291519
2023-04-04,LQD,109.419998,110.199997,109.290001,110.07,20317700,True,0.00127272
2023-04-05,LQD,110.220001,110.580002,110.050003,110.43,14674800,True,0.00326531
2023-04-06,LQD,110.489998,110.599998,110.230003,110.330002,14191300,True,-0.00090595
2023-04-10,LQD,109.779999,109.889999,109.349998,109.82,10825500,True,-0.00463323
2023-04-11,LQD,109.839996,109.949997,109.550003,109.790001,14510100,True,-0.0002732
2023-04-12,LQD,110.260002,110.309998,109.389999,109.559998,20049200,True,-0.00209714
2023-04-13,LQD,109.900002,110.050003,109.550003,109.75,18589100,True,0.00173273
2023-04-14,LQD,109.440002,109.57,109.029999,109.389999,16218900,True,-0.00328558
2023-04-17,LQD,109.059998,109.169998,108.580002,108.699997,11891400,True,-0.00632771
2023-04-18,LQD,108.910004,109.230003,108.900002,109.059998,10522400,True,0.0033064
2023-04-19,LQD,108.779999,108.800003,108.459999,108.519997,14023700,True,-0.00496371
2023-04-20,LQD,108.769997,109.099998,108.75,108.93,16076100,True,0.00377102
2023-04-21,LQD,109.349998,109.400002,108.650002,109.0,18480700,True,0.00064241
2023-04-24,LQD,109.099998,109.510002,109.099998,109.480003,7974300,True,0.00439403
2023-04-25,LQD,109.949997,110.230003,109.910004,109.959999,17038800,True,0.00437474
2023-04-26,LQD,110.07,110.129997,109.379997,109.480003,19635200,True,-0.00437474
2023-04-27,LQD,109.300003,109.389999,109.029999,109.080002,14629500,True,-0.00366034
2023-04-28,LQD,109.82,109.989998,109.510002,109.93,18882100,True,0.00776223
2023-05-01,LQD,108.940002,108.980003,107.610001,107.790001,20789900,True,-0.0196589
2023-05-02,LQD,108.18,109.110001,108.059998,109.089996,21547100,True,0.0119883
2023-05-03,LQD,109.300003,109.550003,108.839996,109.269997,15750800,True,0.00164866
2023-05-04,LQD,108.660004,109.260002,108.550003,108.970001,17811700,True,-0.00274923
2023-05-05,LQD,108.68,108.82,108.339996,108.540001,12130800,True,-0.00395385
2023-05-08,LQD,107.940002,108.029999,107.620003,107.760002,16424800,True,-0.00721223
2023-05-09,LQD,107.779999,107.989998,107.690002,107.720001,15860300,True,-0.00037127
2023-05-10,LQD,108.419998,108.589996,108.25,108.57,15815700,True,0.00785984
2023-05-11,LQD,109.239998,109.25,108.860001,108.989998,12261800,True,0.00386099
2023-05-12,LQD,108.989998,109.07,108.300003,108.32,10797200,True,-0.00616631
2023-05-15,LQD,107.769997,107.849998,107.599998,107.739998,20334800,True,-0.00536891
2023-05-16,LQD,107.279999,107.389999,107.089996,107.199997,25934500,True,-0.00502468
2023-05-17,LQD,107.400002,107.480003,107.080002,107.190002,25387100,True,-9.324e-05
2023-05-18,LQD,106.93,106.93,106.589996,106.739998,21383500,True,-0.00420703
2023-05-19,LQD,106.730003,106.900002,106.5,106.610001,22194600,True,-0.00121863
2023-05-22,LQD,106.68,106.93,106.5,106.57,15526700,True,-0.00037528
2023-05-23,LQD,106.449997,106.889999,106.290001,106.790001,15529300,True,0.00206225
2023-05-24,LQD,106.849998,106.889999,106.309998,106.370003,16688900,True,-0.00394069
2023-05-25,LQD,106.489998,106.559998,105.980003,106.019997,18743200,True,-0.00329588
2023-05-26,LQD,106.040001,106.510002,105.959999,106.470001,15848500,True,0.00423554
2023-05-30,LQD,106.940002,107.269997,106.879997,107.269997,21581400,True,0.00748572
2023-05-31,LQD,107.239998,107.739998,107.07,107.620003,24052300,True,0.00325754
2023-06-01,LQD,107.610001,107.860001,107.440002,107.599998,26084500,True,-0.0001859
2023-06-02,LQD,107.690002,107.760002,107.220001,107.309998,17086600,True,-0.00269881
2023-06-05,LQD,106.970001,107.489998,106.849998,107.080002,14211100,True,-0.00214558
2023-06-06,LQD,107.110001,107.32,106.82,107.290001,25228400,True,0.00195922
2023-06-07,LQD,107.209999,107.32,106.269997,106.330002,26526700,True,-0.00898797
2023-06-08,LQD,106.440002,107.099998,106.410004,107.040001,16579800,True,0.00665512
2023-06-09,LQD,106.809998,106.919998,106.580002,106.760002,12060000,True,-0.00261926
2023-06-12,LQD,106.989998,107.110001,106.419998,107.099998,14229300,True,0.00317962
2023-06-13,LQD,107.269997,107.389999,106.449997,106.620003,19385200,True,-0.00449183
2023-06-14,LQD,106.93,107.220001,106.43,106.949997,30280100,True,0.00309027
2023-06-15,LQD,107.510002,107.900002,107.269997,107.879997,23426200,True,0.00865807
2023-06-16,LQD,107.540001,107.790001,107.300003,107.690002,13184500,True,-0.00176272
2023-06-20,LQD,107.849998,108.199997,107.849998,108.080002,22272700,True,0.00361496
2023-06-21,LQD,107.629997,108.089996,107.309998,107.959999,17521700,True,-0.00111093
2023-06-22,LQD,107.559998,107.800003,107.220001,107.400002,16007900,True,-0.00520058
2023-06-23,LQD,108.120003,108.120003,107.5,107.699997,13102800,True,0.00278936
2023-06-26,LQD,107.980003,108.019997,107.760002,107.82,14642200,True,0.00111361
2023-06-27,LQD,107.93,108.129997,107.459999,107.699997,15749300,True,-0.00111361
2023-06-28,LQD,107.849998,108.190002,107.629997,108.169998,17806000,True,0.00435449
2023-06-29,LQD,107.370003,107.459999,107.010002,107.349998,25554500,True,-0.00760954
2023-06-30,LQD,107.629997,108.209999,107.440002,108.139999,20938600,True,0.00733217
2023-07-03,LQD,107.870003,108.160004,107.489998,107.489998,11810800,True,-0.00602888
2023-07-05,LQD,107.309998,107.379997,106.589996,106.720001,21463300,True,-0.00718921
2023-07-06,LQD,105.879997,105.940002,105.349998,105.639999,35240800,True,-0.01017151
2023-07-07,LQD,105.669998,105.989998,105.519997,105.540001,17148000,True,-0.00094704
2023-07-10,LQD,105.68,106.190002,105.580002,106.089996,16360600,True,0.00519772
2023-07-11,LQD,106.339996,106.660004,106.209999,106.589996,21693900,True,0.00470191
2023-07-12,LQD,107.120003,107.68,107.120003,107.529999,23217300,True,0.0087802
2023-07-13,LQD,107.989998,108.330002,107.870003,108.290001,21637500,True,0.00704296
2023-07-14,LQD,108.120003,108.239998,107.419998,107.449997,23784000,True,-0.00778723
2023-07-17,LQD,107.43,107.720001,107.349998,107.629997,12260100,True,0.0016738
2023-07-18,LQD,108.07,108.18,107.860001,107.900002,17403600,True,0.00250549
2023-07-19,LQD,108.260002,108.519997,108.080002,108.510002,20871600,True,0.00563747
2023-07-20,LQD,108.07,108.099998,107.489998,107.779999,37868000,True,-0.00675025
2023-07-21,LQD,108.18,108.209999,107.879997,107.970001,16517800,True,0.00176132
2023-07-24,LQD,108.160004,108.300003,107.809998,107.839996,17999400,True,-0.00120481
2023-07-25,LQD,107.559998,107.889999,107.540001,107.669998,15029800,True,-0.00157764
2023-07-26,LQD,108.059998,108.260002,107.690002,108.169998,17816800,True,0.00463307
2023-07-27,LQD,108.040001,108.129997,106.720001,106.849998,29142600,True,-0.01227808
2023-07-28,LQD,107.330002,107.599998,107.139999,107.550003,18719300,True,0.00652992
2023-07-31,LQD,107.580002,108.029999,107.580002,107.849998,24906600,True,0.00278547
2023-08-01,LQD,106.800003,106.970001,106.32,106.410004,22977700,True,-0.01344177
2023-08-02,LQD,105.800003,105.879997,105.389999,105.760002,28516700,True,-0.0061272
2023-08-03,LQD,104.910004,104.949997,104.559998,104.809998,27632700,True,-0.00902323
2023-08-04,LQD,105.190002,106.040001,105.18,105.900002,19998900,True,0.0103461
2023-08-07,LQD,105.809998,105.860001,105.5,105.639999,10726300,True,-0.00245819
2023-08-08,LQD,106.129997,106.300003,105.919998,106.059998,17616200,True,0.00396787
2023-08-09,LQD,106.199997,106.309998,106.059998,106.160004,11514100,True,0.00094248
2023-08-10,LQD,106.290001,106.559998,105.379997,105.410004,22056400,True,-0.00708988
2023-08-11,LQD,105.040001,105.410004,104.980003,105.050003,12803100,True,-0.00342109
2023-08-14,LQD,105.019997,105.300003,104.709999,105.010002,9829300,True,-0.00038085
2023-08-15,LQD,104.769997,104.949997,104.459999,104.459999,17279900,True,-0.00525139
2023-08-16,LQD,104.370003,104.660004,103.860001,103.989998,20773700,True,-0.00450949
2023-08-17,LQD,103.860001,103.949997,103.400002,103.709999,29797400,True,-0.00269619
2023-08-18,LQD,103.730003,104.209999,103.620003,104.099998,17884100,True,0.00375343
2023-08-21,LQD,103.639999,103.709999,103.260002,103.480003,19065100,True,-0.00597357
2023-08-22,LQD,103.580002,103.870003,103.43,103.800003,18361500,True,0.00308761
2023-08-23,LQD,104.480003,105.279999,104.480003,105.260002,22620400,True,0.0139675
2023-08-24,LQD,105.080002,105.220001,104.879997,104.900002,20129900,True,-0.00342597
2023-08-25,LQD,104.860001,105.290001,104.510002,104.959999,18521400,True,0.00057179
2023-08-28,LQD,105.440002,105.449997,105.040001,105.290001,15271000,True,0.00313914
2023-08-29,LQD,105.230003,106.169998,105.150002,106.129997,21843300,True,0.00794628
2023-08-30,LQD,106.18,106.260002,105.940002,105.980003,21533500,True,-0.0014143
2023-08-31,LQD,106.160004,106.400002,106.07,106.160004,20534800,True,0.001697
2023-09-01,LQD,105.779999,105.809998,104.910004,105.029999,16514200,True,-0.01070141
2023-09-05,LQD,104.709999,104.75,104.25,104.279999,16272800,True,-0.00716643
2023-09-06,LQD,104.419998,104.449997,103.949997,104.18,17733800,True,-0.0009594
2023-09-07,LQD,104.309998,104.650002,104.209999,104.639999,17295600,True,0.00440571
2023-09-08,LQD,104.910004,105.18,104.720001,104.720001,18608800,True,0.00076425
2023-09-11,LQD,104.589996,104.639999,104.389999,104.519997,13686300,True,-0.00191172
2023-09-12,LQD,104.529999,104.550003,104.309998,104.489998,15839800,True,-0.00028706
2023-09-13,LQD,104.379997,104.82,104.32,104.720001,19975200,True,0.00219878
2023-09-14,LQD,104.800003,104.900002,104.470001,104.529999,16821000,True,-0.00181603
2023-09-15,LQD,104.43,104.480003,104.150002,104.370003,21796400,True,-0.0015318
2023-09-18,LQD,104.169998,104.599998,104.169998,104.57,12182200,True,0.0019144
2023-09-19,LQD,104.32,104.43,104.18,104.220001,14577800,True,-0.00335264
2023-09-20,LQD,104.559998,104.779999,104.239998,104.260002,23735800,True,0.00038374
2023-09-21,LQD,103.410004,103.43,103.129997,103.209999,30183800,True,-0.01012206
2023-09-22,LQD,103.449997,103.940002,103.32,103.839996,21849000,True,0.00608548
2023-09-25,LQD,103.059998,103.360001,102.800003,102.830002,25968600,True,-0.00977406
2023-09-26,LQD,103.050003,103.120003,102.400002,102.540001,39047500,True,-0.00282418
2023-09-27,LQD,103.019997,103.110001,101.699997,102.059998,35741200,True,-0.00469212
2023-09-28,LQD,101.620003,102.260002,101.300003,102.239998,34650100,True,0.00176212
2023-09-29,LQD,102.779999,102.919998,101.779999,102.019997,28143000,True,-0.00215413
2023-10-02,LQD,101.129997,101.300003,100.599998,100.690002,18787800,True,-0.01312233
2023-10-03,LQD,100.370003,100.529999,99.389999,99.529999,30830200,True,-0.01158742
2023-10-04,LQD,100.089996,100.449997,99.669998,100.400002,25863600,True,0.00870313
2023-10-05,LQD,100.540001,100.75,100.120003,100.279999,21155700,True,-0.00119596
2023-10-06,LQD,99.32,100.199997,99.169998,99.980003,21667900,True,-0.00299606
2023-10-09,LQD,100.480003,101.25,100.309998,101.220001,6398600,True,0.01232618
2023-10-10,LQD,100.760002,101.660004,100.57,101.260002,23168100,True,0.00039511
2023-10-11,LQD,101.860001,101.940002,101.43,101.879997,22655800,True,0.00610414
2023-10-12,LQD,101.730003,101.839996,100.599998,100.82,27899900,True,-0.01045888
2023-10-13,LQD,101.650002,101.730003,101.18,101.379997,20716300,True,0.00553906
2023-10-16,LQD,100.82,100.949997,100.629997,100.68,25991800,True,-0.00692863
2023-10-17,LQD,99.800003,100.220001,99.559998,99.879997,24273500,True,-0.00797774
2023-10-18,LQD,99.510002,99.57,98.949997,99.080002,32144400,True,-0.00804181
2023-10-19,LQD,98.919998,99.230003,98.269997,98.279999,41211800,True,-0.00810709
2023-10-20,LQD,98.360001,98.760002,98.360001,98.669998,27130800,True,0.0039604
2023-10-23,LQD,98.379997,99.709999,98.239998,99.440002,21103000,True,0.00777354
2023-10-24,LQD,99.589996,100.059998,99.419998,100.0,24517600,True,0.00561571
2023-10-25,LQD,99.440002,99.5,98.860001,99.089996,20957000,True,-0.00914169
2023-10-26,LQD,99.18,99.870003,99.029999,99.809998,28046100,True,0.00723986
2023-10-27,LQD,99.690002,99.82,99.309998,99.610001,21362800,True,-0.00200579
2023-10-30,LQD,99.330002,99.529999,99.010002,99.309998,20961500,True,-0.00301632
2023-10-31,LQD,99.440002,99.900002,99.139999,99.169998,28805700,True,-0.00141072
2023-11-01,LQD,99.269997,100.260002,99.220001,100.220001,32111800,True,0.01053225
2023-11-02,LQD,101.199997,101.489998,101.029999,101.410004,31295500,True,0.01180396
2023-11-03,LQD,102.580002,102.900002,101.879997,101.910004,38496200,True,0.00491837
2023-11-06,LQD,101.730003,101.730003,101.25,101.370003,17827700,True,-0.00531289
2023-11-07,LQD,101.75,102.400002,101.68,102.18,25518200,True,0.00795875
2023-11-08,LQD,102.339996,102.790001,102.330002,102.699997,26997000,True,0.00507612
2023-11-09,LQD,102.559998,102.559998,101.480003,101.660004,23864100,True,-0.01017814
2023-11-10,LQD,102.309998,102.339996,101.970001,102.169998,18498900,True,0.00500413
2023-11-13,LQD,101.830002,102.25,101.650002,102.18,21439200,True,9.789e-05
2023-11-14,LQD,103.809998,104.050003,103.660004,103.779999,28387800,True,0.0155373
2023-11-15,LQD,103.419998,103.449997,102.970001,103.239998,23895000,True,-0.00521691
2023-11-16,LQD,103.769997,104.139999,103.690002,104.089996,21223000,True,0.00819952
2023-11-17,LQD,104.449997,104.580002,104.150002,104.389999,25810200,True,0.00287801
2023-11-20,LQD,104.260002,104.879997,104.239998,104.809998,18529400,True,0.00401528
2023-11-21,LQD,104.830002,104.970001,104.550003,104.839996,20273200,True,0.00028618
2023-11-22,LQD,105.239998,105.379997,104.849998,105.260002,18588000,True,0.00399816
2023-11-24,LQD,104.860001,105.019997,104.699997,104.720001,6391400,True,-0.00514337
2023-11-27,LQD,105.059998,105.589996,104.879997,105.57,17919500,True,0.0080841
2023-11-28,LQD,105.389999,106.029999,105.290001,105.989998,21320800,True,0.00397049
2023-11-29,LQD,106.540001,106.910004,106.400002,106.849998,20661800,True,0.00808124
2023-11-30,LQD,106.610001,106.639999,106.080002,106.290001,41950900,True,-0.00525475
2023-12-01,LQD,106.040001,107.220001,105.900002,107.169998,27733500,True,0.00824513
2023-12-04,LQD,106.809998,106.949997,106.449997,106.68,28914300,True,-0.00458264
2023-12-05,LQD,107.160004,107.669998,107.029999,107.529999,33315200,True,0.00793616
2023-12-06,LQD,107.849998,108.190002,107.720001,107.93,22544300,True,0.003713
2023-12-07,LQD,107.790001,108.230003,107.68,107.940002,20253300,True,9.267e-05
2023-12-08,LQD,107.339996,107.629997,107.18,107.360001,21624200,True,-0.00538786
2023-12-11,LQD,107.220001,107.360001,106.779999,107.330002,17714600,True,-0.00027946
2023-12-12,LQD,107.32,107.980003,107.139999,107.940002,22111100,True,0.00566732
2023-12-13,LQD,108.349998,109.949997,108.129997,109.75,33623500,True,0.01662951
2023-12-14,LQD,110.239998,110.870003,110.120003,110.519997,28202300,True,0.00699142
2023-12-15,LQD,110.419998,110.57,110.139999,110.360001,17904100,True,-0.00144871
2023-12-18,LQD,110.040001,110.160004,109.839996,109.900002,19714500,True,-0.00417688
2023-12-19,LQD,110.110001,110.370003,109.959999,110.040001,18086800,True,0.00127307
2023-12-20,LQD,110.25,110.419998,109.910004,110.330002,23942000,True,0.00263195
2023-12-21,LQD,110.589996,110.709999,110.029999,110.290001,24168300,True,-0.00036262
2023-12-22,LQD,110.440002,110.5,109.940002,110.099998,11037100,True,-0.00172424
2023-12-26,LQD,110.139999,110.400002,110.089996,110.330002,5816000,True,0.00208686
2023-12-27,LQD,110.889999,111.400002,110.720001,111.360001,13646400,True,0.00929231
2023-12-28,LQD,111.209999,111.389999,110.919998,111.07,14288800,True,-0.00260757
2023-12-29,LQD,110.699997,111.010002,110.559998,110.660004,17956700,True,-0.00369816
2024-01-02,LQD,109.940002,110.169998,109.790001,109.910004,20622000,True,-0.00680059
2024-01-03,LQD,109.099998,109.769997,108.919998,109.660004,35384900,True,-0.00227718
2024-01-04,LQD,109.0,109.25,108.870003,109.050003,43111300,True,-0.00557818
2024-01-05,LQD,108.720001,109.57,108.580002,108.660004,24385500,True,-0.00358275
2024-01-08,LQD,108.760002,109.550003,108.739998,109.489998,29182300,True,0.00760943
2024-01-09,LQD,109.32,109.790001,109.269997,109.68,55126300,True,0.00173384
2024-01-10,LQD,110.050003,110.160004,109.470001,109.540001,32323500,True,-0.00127725
2024-01-11,LQD,109.730003,110.339996,109.389999,110.199997,50960900,True,0.00600708
2024-01-12,LQD,110.550003,110.849998,110.129997,110.440002,30479000,True,0.00217554
2024-01-16,LQD,109.849998,109.989998,109.099998,109.32,27124600,True,-0.01019305
2024-01-17,LQD,109.07,109.25,108.699997,109.089996,34414000,True,-0.00210616
2024-01-18,LQD,109.260002,109.330002,108.760002,108.879997,28325100,True,-0.00192686
2024-01-19,LQD,108.839996,109.019997,108.449997,108.989998,25621500,True,0.00100978
2024-01-22,LQD,109.489998,109.57,109.160004,109.290001,17679900,True,0.00274879
2024-01-23,LQD,109.040001,109.040001,108.669998,108.889999,25439500,True,-0.00366672
2024-01-24,LQD,109.389999,109.449997,108.589996,108.68,26828300,True,-0.00193041
2024-01-25,LQD,109.260002,109.440002,109.050003,109.400002,39484000,True,0.00660312
2024-01-26,LQD,109.440002,109.449997,109.059998,109.089996,26642300,True,-0.00283771
2024-01-29,LQD,109.529999,109.779999,109.32,109.540001,27060700,True,0.00411659
2024-01-30,LQD,109.82,109.910004,109.339996,109.889999,30459200,True,0.00319007
2024-01-31,LQD,110.360001,110.639999,109.870003,110.169998,44733000,True,0.00254475
2024-02-01,LQD,110.510002,110.910004,110.099998,110.629997,42478500,True,0.00416666
2024-02-02,LQD,109.470001,109.709999,109.220001,109.620003,39604900,True,-0.00917141
2024-02-05,LQD,108.849998,108.860001,108.32,108.57,39266800,True,-0.00962474
2024-02-06,LQD,108.75,109.360001,108.720001,109.18,26095200,True,0.00560278
2024-02-07,LQD,108.919998,109.309998,108.760002,108.860001,23574200,True,-0.00293524
2024-02-08,LQD,108.540001,108.580002,108.190002,108.300003,26063900,True,-0.00515748
2024-02-09,LQD,108.019997,108.239998,108.0,108.160004,19029200,True,-0.00129354
2024-02-12,LQD,108.220001,108.269997,107.860001,108.169998,30378900,True,9.24e-05
2024-02-13,LQD,107.199997,107.389999,106.870003,106.980003,41494100,True,-0.01106211
2024-02-14,LQD,107.099998,107.519997,107.080002,107.480003,41932200,True,0.00466288
2024-02-15,LQD,108.080002,108.099998,107.620003,107.870003,33255200,True,0.00362201
2024-02-16,LQD,107.360001,107.589996,107.239998,107.480003,26189800,True,-0.00362201
2024-02-20,LQD,107.839996,107.949997,107.620003,107.839996,22386600,True,0.0033438
2024-02-21,LQD,107.919998,107.919998,107.419998,107.57,23606200,True,-0.00250682
2024-02-22,LQD,107.730003,107.93,107.599998,107.739998,28705900,True,0.0015791
2024-02-23,LQD,107.790001,108.220001,107.730003,108.059998,29856300,True,0.00296571
2024-02-26,LQD,108.089996,108.089996,107.480003,107.720001,26696200,True,-0.00315133
2024-02-27,LQD,107.650002,107.839996,107.510002,107.57,33453800,True,-0.00139348
2024-02-28,LQD,107.440002,107.629997,107.400002,107.559998,32713500,True,-9.299e-05
2024-02-29,LQD,107.720001,108.150002,107.519997,107.660004,45656400,True,0.00092934
2024-03-01,LQD,107.040001,108.029999,106.75,107.919998,42971500,True,0.00241205
2024-03-04,LQD,107.629997,107.870003,107.550003,107.720001,31472000,True,-0.00185492
2024-03-05,LQD,108.290001,108.599998,108.139999,108.309998,33394200,True,0.00546218
2024-03-06,LQD,108.550003,108.959999,108.519997,108.599998,33176900,True,0.00267393
2024-03-07,LQD,108.989998,109.029999,108.599998,108.870003,22875700,True,0.00248314
2024-03-08,LQD,109.089996,109.300003,108.919998,109.019997,29591100,True,0.00137679
2024-03-11,LQD,109.040001,109.290001,108.870003,109.040001,25360200,True,0.00018347
2024-03-12,LQD,108.870003,108.959999,108.589996,108.690002,30852100,True,-0.00321498
2024-03-13,LQD,108.720001,108.940002,108.540001,108.580002,31089900,True,-0.00101257
2024-03-14,LQD,108.25,108.25,107.699997,107.779999,48815400,True,-0.00739514
2024-03-15,LQD,107.830002,107.959999,107.629997,107.809998,34525600,True,0.00027829
2024-03-18,LQD,107.870003,107.919998,107.610001,107.629997,18279900,True,-0.001671
2024-03-19,LQD,107.809998,108.18,107.75,107.940002,22721000,True,0.00287615
2024-03-20,LQD,107.980003,108.330002,107.529999,108.139999,41915400,True,0.00185114
2024-03-21,LQD,108.470001,108.550003,108.129997,108.300003,26546700,True,0.0014785
2024-03-22,LQD,108.889999,108.919998,108.620003,108.669998,20877600,True,0.00341057
2024-03-25,LQD,108.660004,108.660004,108.239998,108.300003,23291000,True,-0.00341057
2024-03-26,LQD,108.489998,108.489998,108.129997,108.269997,27266700,True,-0.00027711
2024-03-27,LQD,108.419998,109.019997,108.349998,109.019997,30600500,True,0.00690324
2024-03-28,LQD,108.889999,109.190002,108.800003,108.919998,23066200,True,-0.00091767
2024-04-01,LQD,108.019997,108.029999,107.379997,107.470001,20817100,True,-0.0134019
2024-04-02,LQD,106.93,107.360001,106.68,107.309998,32433900,True,-0.00148993
2024-04-03,LQD,106.919998,107.559998,106.75,107.379997,25198700,True,0.0006521
2024-04-04,LQD,107.779999,107.779999,107.290001,107.5,31423800,True,0.00111693
2024-04-05,LQD,107.080002,107.379997,106.980003,107.029999,25134900,True,-0.00438169
2024-04-08,LQD,106.93,107.220001,106.860001,107.019997,37054400,True,-9.346e-05
2024-04-09,LQD,107.449997,107.629997,107.389999,107.57,21967300,True,0.00512609
2024-04-10,LQD,106.739998,106.739998,105.879997,106.040001,45351600,True,-0.01432541
2024-04-11,LQD,106.309998,106.400002,105.610001,105.82,38047900,True,-0.00207686
2024-04-12,LQD,106.290001,106.330002,106.019997,106.059998,35119700,True,0.00226541
2024-04-15,LQD,105.489998,105.489998,104.75,104.889999,27018500,True,-0.01109277
2024-04-16,LQD,104.459999,104.660004,104.18,104.540001,34191600,True,-0.00334239
2024-04-17,LQD,105.040001,105.279999,104.809998,105.110001,26726300,True,0.00543764
2024-04-18,LQD,105.18,105.209999,104.730003,104.900002,25997900,True,-0.0019999
2024-04-19,LQD,105.269997,105.290001,104.910004,105.010002,20265600,True,0.00104807
2024-04-22,LQD,104.970001,105.309998,104.919998,105.269997,26642400,True,0.00247284
2024-04-23,LQD,105.169998,105.870003,105.019997,105.449997,26338800,True,0.00170843
2024-04-24,LQD,105.220001,105.279999,104.739998,105.040001,24538400,True,-0.00389564
2024-04-25,LQD,104.300003,104.779999,104.139999,104.730003,29826400,True,-0.0029556
2024-04-26,LQD,105.129997,105.32,105.059998,105.129997,11784100,True,0.00381201
2024-04-29,LQD,105.43,105.669998,105.300003,105.57,18052100,True,0.00417658
2024-04-30,LQD,105.139999,105.400002,104.900002,104.989998,26008100,True,-0.00550915
2024-05-01,LQD,104.879997,105.550003,104.650002,105.010002,30342900,True,0.00019052
2024-05-02,LQD,105.089996,105.720001,104.93,105.660004,28044200,True,0.00617082
2024-05-03,LQD,106.43,106.790001,106.0,106.400002,24166800,True,0.00697916
2024-05-06,LQD,106.519997,106.709999,106.449997,106.699997,18519800,True,0.00281554
2024-05-07,LQD,107.0,107.160004,106.650002,106.75,28680400,True,0.00046852
2024-05-08,LQD,106.5,106.650002,106.410004,106.480003,19916700,True,-0.00253245
2024-05-09,LQD,106.400002,106.769997,106.290001,106.650002,25583500,True,0.00159525
2024-05-10,LQD,106.440002,106.519997,106.190002,106.309998,16291500,True,-0.00319313
2024-05-13,LQD,106.559998,106.650002,106.32,106.349998,20464200,True,0.0003762
2024-05-14,LQD,106.629997,106.779999,106.5,106.660004,25440400,True,0.00291071
2024-05-15,LQD,107.5,107.779999,107.25,107.610001,33780900,True,0.00886735
2024-05-16,LQD,107.760002,107.779999,107.389999,107.440002,23586600,True,-0.00158101
2024-05-17,LQD,107.25,107.449997,107.160004,107.190002,21862800,True,-0.00232959
2024-05-20,LQD,107.110001,107.230003,107.059998,107.139999,17885200,True,-0.0004666
2024-05-21,LQD,107.440002,107.480003,107.260002,107.32,17411900,True,0.00167864
2024-05-22,LQD,107.010002,107.32,107.0,107.160004,26735600,True,-0.00149194
2024-05-23,LQD,107.300003,107.330002,106.57,106.690002,24876100,True,-0.00439562
2024-05-24,LQD,106.709999,106.989998,106.620003,106.980003,11189500,True,0.00271448
2024-05-28,LQD,107.129997,107.129997,106.269997,106.339996,15989600,True,-0.00600046
2024-05-29,LQD,105.959999,105.970001,105.550003,105.769997,30015700,True,-0.00537458
2024-05-30,LQD,106.199997,106.449997,106.129997,106.419998,21036300,True,0.00612662
2024-05-31,LQD,106.839996,107.019997,106.669998,106.889999,19901400,True,0.00440675
2024-06-03,LQD,106.809998,107.239998,106.760002,107.220001,20154900,True,0.00308255
2024-06-04,LQD,107.519997,107.800003,107.349998,107.639999,24545200,True,0.00390951
2024-06-05,LQD,107.82,108.029999,107.43,108.0,26584700,True,0.00333891
2024-06-06,LQD,107.830002,108.029999,107.790001,107.93,22687100,True,-0.00064836
2024-06-07,LQD,107.029999,107.199997,106.870003,106.959999,26228700,True,-0.00902795
2024-06-10,LQD,106.75,106.839996,106.650002,106.739998,19415700,True,-0.00205897
2024-06-11,LQD,106.800003,107.269997,106.730003,107.199997,19042600,True,0.00430027
2024-06-12,LQD,108.279999,108.559998,107.82,107.860001,27209400,True,0.00613788
2024-06-13,LQD,108.349998,108.550003,108.059998,108.370003,26782700,True,0.00471723
2024-06-14,LQD,108.43,108.580002,108.25,108.459999,28561900,True,0.00083011
2024-06-17,LQD,107.82,108.010002,107.730003,107.949997,24678700,True,-0.0047133
2024-06-18,LQD,108.18,108.550003,108.139999,108.449997,25576600,True,0.00462108
2024-06-20,LQD,107.839996,108.110001,107.779999,108.089996,21206300,True,-0.00332503
2024-06-21,LQD,108.190002,108.349998,107.860001,108.120003,21091200,True,0.00027757
2024-06-24,LQD,108.230003,108.419998,108.169998,108.230003,18597600,True,0.00101688
2024-06-25,LQD,108.150002,108.290001,108.019997,108.190002,16251600,True,-0.00036966
2024-06-26,LQD,107.5,107.699997,107.389999,107.599998,26381300,True,-0.00546833
2024-06-27,LQD,107.93,107.980003,107.779999,107.809998,19939400,True,0.00194976
2024-06-28,LQD,108.080002,108.110001,107.089996,107.120003,27395800,True,-0.00642067
2024-07-01,LQD,106.339996,106.699997,106.050003,106.110001,22429100,True,-0.00947343
2024-07-02,LQD,106.650002,106.82,106.410004,106.790001,19845700,True,0.006388
2024-07-03,LQD,107.150002,107.580002,107.040001,107.580002,14318900,True,0.00737048
2024-07-05,LQD,107.989998,108.199997,107.699997,108.139999,18800300,True,0.0051919
2024-07-08,LQD,108.220001,108.309998,107.980003,108.129997,18136600,True,-9.25e-05
2024-07-09,LQD,107.949997,108.120003,107.690002,107.93,20384700,True,-0.00185131
2024-07-10,LQD,108.059998,108.209999,107.900002,108.190002,17263200,True,0.00240609
2024-07-11,LQD,108.860001,109.019997,108.68,108.769997,31411700,True,0.00534657
2024-07-12,LQD,108.830002,109.169998,108.730003,109.169998,20301300,True,0.00367075
2024-07-15,LQD,108.800003,108.959999,108.550003,108.57,18291500,True,-0.00551116
2024-07-16,LQD,108.830002,109.220001,108.739998,109.199997,20090700,True,0.00578591
2024-07-17,LQD,108.900002,109.300003,108.839996,109.25,21313500,True,0.0004578
2024-07-18,LQD,108.989998,109.239998,108.739998,108.779999,28091700,True,-0.00431135
2024-07-19,LQD,108.57,108.580002,108.309998,108.379997,16576600,True,-0.00368394
2024-07-22,LQD,108.720001,108.760002,108.199997,108.32,22556800,True,-0.00055374
2024-07-23,LQD,108.459999,108.57,108.239998,108.239998,24425700,True,-0.00073884
2024-07-24,LQD,108.370003,108.470001,107.580002,107.580002,28026100,True,-0.00611619
2024-07-25,LQD,107.790001,108.279999,107.769997,108.010002,29760400,True,0.00398906
2024-07-26,LQD,108.610001,108.660004,108.349998,108.610001,21119900,True,0.00553965
2024-07-29,LQD,108.93,108.970001,108.620003,108.839996,24734600,True,0.00211539
2024-07-30,LQD,108.919998,108.989998,108.690002,108.93,14952000,True,0.0008266
2024-07-31,LQD,109.389999,109.589996,109.089996,109.559998,29226900,True,0.00576685
2024-08-01,LQD,109.559998,109.839996,109.449997,109.529999,34564600,True,-0.00027385
2024-08-02,LQD,110.110001,110.690002,110.110001,110.599998,46697900,True,0.0097216
2024-08-05,LQD,110.559998,110.660004,110.010002,110.32,56991100,True,-0.00253484
2024-08-06,LQD,110.199997,110.239998,109.580002,109.599998,47432500,True,-0.00654787
2024-08-07,LQD,109.540001,109.769997,108.940002,109.099998,46819000,True,-0.00457248
2024-08-08,LQD,109.040001,109.220001,108.839996,109.150002,23536800,True,0.00045822
2024-08-09,LQD,109.889999,109.919998,109.610001,109.709999,23199700,True,0.00511742
2024-08-12,LQD,109.660004,110.059998,109.550003,109.940002,24281800,True,0.00209427
2024-08-13,LQD,110.459999,110.709999,110.300003,110.709999,31245000,True,0.00697938
2024-08-14,LQD,110.839996,111.339996,110.830002,111.199997,28985600,True,0.00441619
2024-08-15,LQD,110.510002,111.010002,110.440002,110.860001,29546000,True,-0.0030622
2024-08-16,LQD,110.980003,111.260002,110.419998,111.190002,21411500,True,0.00297232
2024-08-19,LQD,111.169998,111.57,111.150002,111.449997,16004100,True,0.00233556
2024-08-20,LQD,111.639999,111.800003,111.449997,111.739998,27114000,True,0.00259869
2024-08-21,LQD,111.830002,112.279999,111.669998,111.989998,23819100,True,0.00223484
2024-08-22,LQD,111.739998,111.82,111.290001,111.529999,17926300,True,-0.00411596
2024-08-23,LQD,111.849998,112.300003,111.709999,112.169998,22650200,True,0.00572196
2024-08-26,LQD,112.400002,112.400002,111.989998,112.029999,15312500,True,-0.00124888
2024-08-27,LQD,111.580002,111.989998,111.540001,111.940002,15922700,True,-0.00080365
2024-08-28,LQD,111.870003,111.959999,111.639999,111.709999,22104600,True,-0.00205682
2024-08-29,LQD,111.489998,111.639999,111.339996,111.519997,20079400,True,-0.0017023
2024-08-30,LQD,111.660004,111.809998,111.169998,111.209999,25275500,True,-0.00278362
2024-09-03,LQD,111.290001,111.519997,110.970001,111.139999,27734500,True,-0.00062964
2024-09-04,LQD,111.209999,111.870003,111.190002,111.830002,31915900,True,0.00618922
2024-09-05,LQD,112.160004,112.410004,111.739998,112.379997,35538500,True,0.00490608
2024-09-06,LQD,112.400002,113.059998,112.129997,112.330002,42004600,True,-0.00044498
2024-09-09,LQD,112.309998,112.690002,112.18,112.580002,35440300,True,0.00222311
2024-09-10,LQD,112.629997,112.910004,112.510002,112.889999,30489500,True,0.00274979
2024-09-11,LQD,112.660004,113.110001,112.57,112.940002,36948000,True,0.00044284
2024-09-12,LQD,112.860001,112.949997,112.559998,112.860001,30255700,True,-0.00070861
2024-09-13,LQD,113.220001,113.370003,113.099998,113.209999,25536600,True,0.00309638
2024-09-16,LQD,113.349998,113.790001,113.220001,113.709999,25722000,True,0.00440685
2024-09-17,LQD,113.900002,113.919998,113.540001,113.720001,31732800,True,8.796e-05
2024-09-18,LQD,113.440002,114.07,113.220001,113.25,35015500,True,-0.00414153
2024-09-19,LQD,113.300003,113.559998,113.139999,113.349998,31216900,True,0.0008826
2024-09-20,LQD,113.18,113.5,112.989998,113.449997,29958900,True,0.00088182
2024-09-23,LQD,113.099998,113.519997,112.959999,113.290001,22919400,True,-0.00141127
2024-09-24,LQD,113.0,113.57,112.900002,113.480003,24719900,True,0.00167573
2024-09-25,LQD,113.160004,113.199997,112.779999,112.809998,32881300,True,-0.00592167
2024-09-26,LQD,113.010002,113.089996,112.519997,112.809998,20877100,True,0.0
2024-09-27,LQD,113.129997,113.349998,113.050003,113.260002,25232000,True,0.00398111
2024-09-30,LQD,113.199997,113.32,112.830002,112.980003,22728400,True,-0.00247524
2024-10-01,LQD,113.099998,113.290001,112.870003,113.110001,36591300,True,0.00114996
2024-10-02,LQD,112.440002,112.879997,112.389999,112.860001,29446700,True,-0.00221268
2024-10-03,LQD,112.580002,112.629997,112.129997,112.129997,24163200,True,-0.00648923
2024-10-04,LQD,111.550003,111.639999,111.389999,111.519997,33618100,True,-0.00545497
2024-10-07,LQD,111.120003,111.330002,110.879997,110.949997,27106300,True,-0.0051243
2024-10-08,LQD,110.82,111.169998,110.669998,111.169998,27316000,True,0.00198092
2024-10-09,LQD,110.93,111.07,110.75,110.949997,29951900,True,-0.00198092
2024-10-10,LQD,110.730003,110.889999,110.5,110.830002,25932500,True,-0.00108211
2024-10-11,LQD,110.669998,111.019997,110.57,110.809998,20079000,True,-0.00018051
2024-10-14,LQD,110.5,110.839996,110.370003,110.82,4335400,True,9.026e-05
2024-10-15,LQD,111.050003,111.470001,111.050003,111.360001,28673200,True,0.00486094
2024-10-16,LQD,111.669998,111.790001,111.489998,111.709999,20474300,True,0.00313802
2024-10-17,LQD,111.279999,111.32,110.830002,110.879997,31476700,True,-0.00745771
2024-10-18,LQD,111.059998,111.150002,110.730003,110.75,27372400,True,-0.0011731
2024-10-21,LQD,110.209999,110.279999,109.580002,109.620003,28320400,True,-0.01025554
2024-10-22,LQD,109.720001,109.739998,109.349998,109.610001,26001200,True,-9.125e-05
2024-10-23,LQD,109.239998,109.459999,109.080002,109.239998,25425800,True,-0.00338134
2024-10-24,LQD,109.410004,109.769997,109.269997,109.57,21021100,True,0.00301633
2024-10-25,LQD,109.879997,109.940002,109.25,109.309998,16040900,True,-0.00237575
2024-10-28,LQD,109.43,109.489998,108.970001,109.220001,20935200,True,-0.00082365
2024-10-29,LQD,108.739998,109.379997,108.660004,109.349998,24075800,True,0.00118953
2024-10-30,LQD,109.68,109.949997,109.160004,109.209999,25259100,True,-0.00128111
2024-10-31,LQD,109.029999,109.32,108.720001,108.989998,29424400,True,-0.00201651
2024-11-01,LQD,108.900002,109.07,107.959999,108.010002,25142200,True,-0.00903228
2024-11-04,LQD,108.900002,109.080002,108.519997,108.809998,24713500,True,0.00737938
2024-11-05,LQD,108.760002,109.349998,108.5,109.330002,23732500,True,0.00476763
2024-11-06,LQD,108.07,108.650002,107.910004,108.190002,38097900,True,-0.01048188
2024-11-07,LQD,108.830002,109.589996,108.720001,109.470001,24596700,True,0.01176159
2024-11-08,LQD,109.709999,110.080002,109.589996,109.849998,21113600,True,0.00346523
2024-11-11,LQD,109.650002,109.730003,109.459999,109.639999,7971100,True,-0.00191352
2024-11-12,LQD,109.169998,109.400002,108.559998,108.650002,36203300,True,-0.00907055
2024-11-13,LQD,109.239998,109.25,108.169998,108.239998,22942500,True,-0.00378076
2024-11-14,LQD,108.529999,108.720001,108.099998,108.209999,26889100,True,-0.00027719
2024-11-15,LQD,107.910004,108.519997,107.599998,108.260002,27276300,True,0.00046199
2024-11-18,LQD,108.129997,108.639999,108.040001,108.459999,19399100,True,0.00184567
2024-11-19,LQD,108.720001,108.910004,108.610001,108.690002,21473200,True,0.00211838
2024-11-20,LQD,108.309998,108.599998,108.269997,108.43,24792000,True,-0.00239501
2024-11-21,LQD,108.470001,108.75,108.209999,108.300003,22507400,True,-0.00119962
2024-11-22,LQD,108.480003,108.589996,108.220001,108.400002,13813000,True,0.00092292
2024-11-25,LQD,109.559998,109.809998,109.419998,109.75,21678000,True,0.01237695
2024-11-26,LQD,109.489998,109.519997,109.110001,109.470001,25005000,True,-0.0025545
2024-11-27,LQD,109.790001,109.980003,109.559998,109.870003,23584000,True,0.00364732
2024-11-29,LQD,110.339996,110.57,110.290001,110.550003,11838900,True,0.00617006
2024-12-02,LQD,110.349998,110.43,109.809998,110.339996,33409400,True,-0.00190146
2024-12-03,LQD,110.459999,110.540001,109.889999,109.949997,27394800,True,-0.00354079
2024-12-04,LQD,109.75,110.589996,109.699997,110.480003,22704100,True,0.00480885
2024-12-05,LQD,110.209999,110.540001,110.169998,110.449997,16792500,True,-0.00027164
2024-12-06,LQD,110.919998,110.93,110.440002,110.699997,16668800,True,0.00226091
2024-12-09,LQD,110.540001,110.599998,110.330002,110.419998,21149300,True,-0.00253255
2024-12-10,LQD,110.169998,110.400002,110.110001,110.25,19497500,True,-0.00154075
2024-12-11,LQD,110.449997,110.589996,109.93,109.949997,24516500,True,-0.00272483
2024-12-12,LQD,109.690002,109.720001,109.25,109.330002,24747600,True,-0.00565484
2024-12-13,LQD,109.18,109.190002,108.650002,108.720001,13195000,True,-0.00559507
2024-12-16,LQD,109.029999,109.059998,108.699997,108.860001,18893000,True,0.00128688
2024-12-17,LQD,108.839996,109.019997,108.75,108.870003,29945700,True,9.188e-05
2024-12-18,LQD,108.360001,108.589996,107.050003,107.139999,36753900,True,-0.01601815
2024-12-19,LQD,106.860001,107.0,106.330002,106.559998,40479900,True,-0.0054282
2024-12-20,LQD,107.089996,107.470001,106.809998,106.980003,27608300,True,0.00393375
2024-12-23,LQD,107.010002,107.080002,106.550003,106.669998,13091800,True,-0.00290199
2024-12-24,LQD,106.459999,107.010002,106.419998,107.0,6215300,True,0.00308889
2024-12-26,LQD,106.5,107.139999,106.5,107.099998,12454800,True,0.00093413
2024-12-27,LQD,106.910004,107.040001,106.610001,106.650002,13908400,True,-0.0042105
2024-12-30,LQD,107.029999,107.18,106.970001,107.110001,9141400,True,0.00430389
2024-12-31,LQD,107.290001,107.389999,106.669998,106.839996,10768700,True,-0.002524
2025-01-02,LQD,107.120003,107.309998,106.620003,106.849998,19098100,True,9.361e-05
2025-01-03,LQD,107.0,107.059998,106.540001,106.599998,22610500,True,-0.00234247
2025-01-06,LQD,106.519997,106.589996,106.269997,106.330002,24302200,True,-0.00253601
2025-01-07,LQD,106.190002,106.309998,105.669998,105.839996,25115700,True,-0.004619
2025-01-08,LQD,105.709999,106.110001,105.629997,106.010002,30143800,True,0.00160496
2025-01-10,LQD,105.349998,105.739998,105.220001,105.400002,24613500,True,-0.0057708
2025-01-13,LQD,105.349998,105.370003,105.029999,105.099998,18873300,True,-0.00285039
2025-01-14,LQD,105.199997,105.279999,104.940002,105.220001,27585200,True,0.00114114
2025-01-15,LQD,106.419998,106.639999,106.220001,106.480003,32123600,True,0.0119038
2025-01-16,LQD,106.43,106.910004,106.209999,106.690002,24583300,True,0.00197025
2025-01-17,LQD,106.980003,107.010002,106.709999,106.779999,18912000,True,0.00084318
2025-01-21,LQD,107.230003,107.419998,107.120003,107.400002,20670600,True,0.00578956
2025-01-22,LQD,107.400002,107.510002,107.050003,107.059998,18418900,True,-0.00317079
2025-01-23,LQD,106.589996,106.919998,106.57,106.910004,18118300,True,-0.00140201
2025-01-24,LQD,106.870003,107.239998,106.760002,107.120003,13020200,True,0.00196233
2025-01-27,LQD,107.650002,107.889999,107.510002,107.860001,18954300,True,0.00688437
2025-01-28,LQD,107.580002,107.769997,107.480003,107.709999,22253100,True,-0.00139167
2025-01-29,LQD,107.889999,107.919998,107.230003,107.57,24969100,True,-0.00130063
2025-01-30,LQD,107.860001,108.010002,107.660004,107.809998,22709300,True,0.0022286
2025-01-31,LQD,107.900002,108.019997,107.239998,107.459999,28454600,True,-0.00325172
2025-02-03,LQD,107.360001,107.68,107.019997,107.239998,21155000,True,-0.00204938
2025-02-04,LQD,106.980003,107.57,106.940002,107.449997,25086200,True,0.0019563
2025-02-05,LQD,108.040001,108.43,107.769997,108.199997,30119200,True,0.00695574
2025-02-06,LQD,108.129997,108.290001,107.889999,108.0,22557700,True,-0.00185011
2025-02-07,LQD,107.639999,107.720001,107.400002,107.529999,23911000,True,-0.00436136
2025-02-10,LQD,107.629997,107.849998,107.449997,107.559998,15302300,True,0.00027894
2025-02-11,LQD,107.230003,107.400002,107.199997,107.32,19478800,True,-0.00223379
2025-02-12,LQD,106.57,106.870003,106.360001,106.739998,31480600,True,-0.00541907
2025-02-13,LQD,107.32,107.760002,107.279999,107.57,20735100,True,0.00774584
2025-02-14,LQD,108.129997,108.349998,107.989998,107.989998,14409400,True,0.00389681
2025-02-18,LQD,107.849998,107.959999,107.470001,107.550003,17640000,True,-0.00408273
2025-02-19,LQD,107.510002,107.769997,107.400002,107.610001,26007400,True,0.0005577
2025-02-20,LQD,107.779999,107.949997,107.709999,107.870003,23814800,True,0.00241324
2025-02-21,LQD,108.019997,108.580002,107.989998,108.25,30130700,True,0.00351654
2025-02-24,LQD,108.309998,108.68,108.18,108.529999,23399500,True,0.00258325
2025-02-25,LQD,109.209999,109.400002,109.059998,109.360001,26835200,True,0.00761858
2025-02-26,LQD,109.400002,109.639999,109.190002,109.589996,22983100,True,0.0021009
2025-02-27,LQD,109.279999,109.449997,109.07,109.129997,27258200,True,-0.00420629
2025-02-28,LQD,109.510002,109.660004,109.150002,109.610001,29596100,True,0.00438881
2025-03-03,LQD,108.940002,109.540001,108.870003,109.540001,42545300,True,-0.00063883
2025-03-04,LQD,109.360001,109.550003,109.050003,109.18,46053300,True,-0.00329189
2025-03-05,LQD,109.330002,109.449997,108.730003,108.830002,45483500,True,-0.00321085
2025-03-06,LQD,108.690002,108.839996,108.290001,108.489998,40519900,True,-0.00312907
2025-03-07,LQD,109.029999,109.029999,108.199997,108.32,30747100,True,-0.00156818
2025-03-10,LQD,108.82,109.059998,108.550003,108.690002,34294800,True,0.00341001
2025-03-11,LQD,108.610001,108.68,107.949997,107.980003,42262600,True,-0.00655376
2025-03-12,LQD,108.029999,108.059998,107.620003,107.660004,35875600,True,-0.00296791
2025-03-13,LQD,107.290001,108.029999,107.18,108.0,43907900,True,0.00315308
2025-03-14,LQD,108.0,108.209999,107.870003,107.949997,31358100,True,-0.0004631
2025-03-17,LQD,108.349998,108.559998,108.120003,108.169998,17561400,True,0.00203592
2025-03-18,LQD,108.139999,108.660004,108.019997,108.43,27948100,True,0.00240076
2025-03-19,LQD,108.449997,109.18,108.279999,109.07,27469800,True,0.00588507
2025-03-20,LQD,109.639999,109.650002,108.900002,108.910004,26937300,True,-0.00146799
2025-03-21,LQD,108.980003,109.099998,108.690002,108.760002,26447400,True,-0.00137825
2025-03-24,LQD,108.639999,108.639999,108.209999,108.290001,25243300,True,-0.00433082
2025-03-25,LQD,108.290001,108.620003,108.190002,108.400002,22744000,True,0.00101528
2025-03-26,LQD,108.220001,108.220001,107.910004,107.959999,17115600,True,-0.00406732
2025-03-27,LQD,107.769997,107.870003,107.639999,107.830002,22028900,True,-0.00120485
2025-03-28,LQD,108.300003,108.529999,108.150002,108.480003,27257000,True,0.00600993
2025-03-31,LQD,108.75,108.82,108.300003,108.690002,29834300,True,0.00193396
2025-04-01,LQD,108.529999,108.900002,108.480003,108.660004,22059200,True,-0.00027604
2025-04-02,LQD,109.010002,109.010002,108.349998,108.910004,24769000,True,0.00229811
2025-04-03,LQD,109.110001,109.540001,108.75,108.900002,41675700,True,-9.184e-05
2025-04-04,LQD,109.129997,109.470001,108.5,108.779999,60793800,True,-0.00110256
2025-04-07,LQD,107.769997,108.269997,106.360001,106.660004,62583200,True,-0.01968124
2025-04-08,LQD,106.839996,106.910004,104.970001,105.309998,56747700,True,-0.01273788
2025-04-09,LQD,104.089996,107.110001,103.769997,107.07,77380700,True,0.01657447
2025-04-10,LQD,105.959999,106.349998,105.059998,105.25,55825000,True,-0.01714435
2025-04-11,LQD,104.529999,105.43,103.449997,105.230003,41686900,True,-0.00019001
2025-04-14,LQD,105.989998,106.089996,105.480003,105.879997,28111900,True,0.00615789
2025-04-15,LQD,105.93,106.610001,105.879997,106.449997,20502600,True,0.00536901
2025-04-16,LQD,106.550003,106.910004,106.279999,106.900002,24639800,True,0.00421847
2025-04-17,LQD,106.910004,107.0,106.57,106.75,11483700,True,-0.00140418
2025-04-21,LQD,106.209999,106.379997,105.510002,105.599998,23506700,True,-0.0108313
2025-04-22,LQD,106.18,106.230003,105.82,105.860001,20939300,True,0.00245912
2025-04-23,LQD,107.550003,107.669998,106.309998,106.330002,31155900,True,0.00443001
2025-04-24,LQD,107.059998,107.480003,106.870003,107.419998,23838700,True,0.01019888
2025-04-25,LQD,107.830002,108.040001,107.650002,107.989998,14575300,True,0.00529224
2025-04-28,LQD,107.889999,108.349998,107.879997,108.239998,18297900,True,0.00231235
2025-04-29,LQD,108.059998,108.5,108.050003,108.489998,19346200,True,0.00230702
2025-04-30,LQD,108.129997,108.290001,107.809998,107.980003,35129300,True,-0.00471193
2025-05-01,LQD,107.760002,107.760002,107.089996,107.169998,28056300,True,-0.00752971
2025-05-02,LQD,106.839996,107.040001,106.699997,106.910004,20302100,True,-0.00242895
2025-05-05,LQD,106.639999,106.809998,106.300003,106.760002,20005800,True,-0.00140405
2025-05-06,LQD,106.459999,106.980003,106.370003,106.970001,29906500,True,0.00196509
2025-05-07,LQD,107.190002,107.300003,107.0,107.190002,19892000,True,0.00205455
2025-05-08,LQD,107.349998,107.43,106.650002,106.650002,25149700,True,-0.00505052
2025-05-09,LQD,106.93,107.029999,106.580002,106.610001,18254700,True,-0.00037514
2025-05-12,LQD,106.589996,106.830002,106.489998,106.589996,28270900,True,-0.00018766
2025-05-13,LQD,106.690002,106.82,106.470001,106.68,32005700,True,0.00084404
2025-05-14,LQD,106.580002,106.709999,106.099998,106.139999,25340600,True,-0.00507473
2025-05-15,LQD,106.389999,106.959999,106.32,106.900002,30008300,True,0.00713486
2025-05-16,LQD,107.389999,107.400002,106.949997,107.099998,21888400,True,0.00186913
2025-05-19,LQD,106.160004,107.169998,106.059998,107.110001,33615600,True,9.339e-05
2025-05-20,LQD,106.800003,106.980003,106.610001,106.849998,23036200,True,-0.00243038
2025-05-21,LQD,106.360001,106.540001,105.57,105.660004,35452800,True,-0.01119954
2025-05-22,LQD,105.540001,106.25,105.389999,106.199997,34010700,True,0.00509765
2025-05-23,LQD,106.410004,106.57,106.089996,106.279999,21447200,True,0.00075303
2025-05-27,LQD,106.919998,107.330002,106.519997,107.239998,29208400,True,0.00899218
2025-05-28,LQD,107.029999,107.099998,106.669998,106.980003,29079800,True,-0.00242736
2025-05-29,LQD,107.330002,107.559998,107.199997,107.459999,31012800,True,0.00447674
2025-05-30,LQD,107.449997,107.769997,107.349998,107.769997,29890800,True,0.00288062
2025-06-02,LQD,106.989998,107.080002,106.690002,107.07,24225900,True,-0.00651647
2025-06-03,LQD,107.239998,107.410004,106.989998,107.120003,24080000,True,0.0004669
2025-06-04,LQD,107.629997,108.050003,107.519997,107.900002,28006400,True,0.00725516
2025-06-05,LQD,107.940002,107.989998,107.510002,107.57,29760700,True,-0.00306309
2025-06-06,LQD,107.220001,107.349998,106.910004,106.919998,31093100,True,-0.00606092
2025-06-09,LQD,106.989998,107.379997,106.940002,107.239998,18850000,True,0.00298842
2025-06-10,LQD,107.650002,107.690002,107.260002,107.5,20359000,True,0.00242155
2025-06-11,LQD,107.68,107.970001,107.559998,107.839996,20584700,True,0.00315777
2025-06-12,LQD,108.230003,108.440002,108.080002,108.440002,26497300,True,0.00554843
2025-06-13,LQD,108.120003,108.190002,107.5,107.790001,34794500,True,-0.00601215
2025-06-16,LQD,107.800003,108.120003,107.580002,107.599998,21286000,True,-0.00176426
2025-06-17,LQD,107.879997,108.040001,107.650002,107.970001,27241300,True,0.00343279
2025-06-18,LQD,108.220001,108.419998,107.849998,108.050003,29762000,True,0.00074069
2025-06-20,LQD,107.860001,108.309998,107.720001,108.139999,20437500,True,0.00083257
2025-06-23,LQD,108.389999,108.699997,108.309998,108.410004,34072400,True,0.00249369
2025-06-24,LQD,108.279999,109.019997,108.269997,108.919998,38185300,True,0.00469328
2025-06-25,LQD,108.709999,108.849998,108.529999,108.790001,30675200,True,-0.00119422
2025-06-26,LQD,108.910004,109.199997,108.690002,109.190002,31026000,True,0.00367008
2025-06-27,LQD,109.0,109.400002,108.879997,109.010002,24704800,True,-0.00164987
2025-06-30,LQD,109.370003,109.720001,109.239998,109.610001,40575000,True,0.00548898
2025-07-01,LQD,109.260002,109.410004,109.029999,109.339996,28691300,True,-0.00246636
2025-07-02,LQD,108.980003,109.32,108.900002,109.32,24284500,True,-0.0001829
2025-07-03,LQD,109.150002,109.279999,108.980003,109.059998,17340500,True,-0.00238119
2025-07-07,LQD,108.860001,108.860001,108.290001,108.410004,18303300,True,-0.0059778
2025-07-08,LQD,108.160004,108.190002,108.010002,108.099998,29374900,True,-0.00286366
2025-07-09,LQD,108.349998,108.739998,108.25,108.720001,33182900,True,0.00571907
2025-07-10,LQD,108.68,108.839996,108.470001,108.739998,29758900,True,0.00018391
2025-07-11,LQD,108.260002,108.290001,108.0,108.080002,23776000,True,-0.00608798
2025-07-14,LQD,108.019997,108.190002,107.860001,108.050003,18216500,True,-0.0002776
2025-07-15,LQD,108.279999,108.279999,107.620003,107.660004,31329400,True,-0.00361596
2025-07-16,LQD,107.910004,108.099998,107.339996,107.830002,41794100,True,0.00157778
2025-07-17,LQD,108.040001,108.209999,107.949997,108.089996,19396900,True,0.00240825
2025-07-18,LQD,108.389999,108.43,108.160004,108.290001,17446200,True,0.00184864
2025-07-21,LQD,108.860001,108.989998,108.68,108.709999,17147100,True,0.00387096
2025-07-22,LQD,108.760002,109.029999,108.720001,108.970001,19568700,True,0.00238885
2025-07-23,LQD,108.760002,108.879997,108.650002,108.800003,20810400,True,-0.00156126
2025-07-24,LQD,108.440002,108.860001,108.419998,108.639999,23064800,True,-0.0014717
2025-07-25,LQD,108.690002,109.040001,108.599998,108.989998,26008500,True,0.00321646
2025-07-28,LQD,108.860001,108.940002,108.730003,108.769997,21887900,True,-0.00202059
2025-07-29,LQD,108.949997,109.5,108.93,109.489998,26131300,True,0.00659767
2025-07-30,LQD,109.089996,109.449997,108.980003,109.080002,23313300,True,-0.00375163
2025-07-31,LQD,109.410004,109.5,109.089996,109.110001,31745000,True,0.00027498
2025-08-01,LQD,109.32,109.699997,109.120003,109.629997,46073800,True,0.00475448
2025-08-04,LQD,109.779999,109.889999,109.580002,109.82,31779600,True,0.00173162
2025-08-05,LQD,109.629997,109.93,109.610001,109.900002,25922900,True,0.00072822
2025-08-06,LQD,109.650002,109.919998,109.230003,109.870003,31825300,True,-0.000273
2025-08-07,LQD,109.910004,110.080002,109.690002,109.760002,29018100,True,-0.00100169
2025-08-08,LQD,109.639999,109.639999,109.389999,109.410004,16946300,True,-0.00319386
2025-08-11,LQD,109.57,109.720001,109.449997,109.580002,24444300,True,0.00155257
2025-08-12,LQD,109.389999,109.699997,109.269997,109.68,26380500,True,0.00091215
2025-08-13,LQD,110.059998,110.32,110.050003,110.260002,27701400,True,0.00527419
2025-08-14,LQD,110.0,110.059998,109.75,109.879997,18817700,True,-0.0034524
2025-08-15,LQD,109.839996,109.93,109.629997,109.739998,20932000,True,-0.00127492
2025-08-18,LQD,109.82,109.839996,109.440002,109.540001,19579900,True,-0.00182412
2025-08-19,LQD,109.68,109.779999,109.610001,109.709999,26744200,True,0.00155072
2025-08-20,LQD,109.669998,109.870003,109.589996,109.760002,25054700,True,0.00045567
2025-08-21,LQD,109.559998,109.57,109.190002,109.339996,25157900,True,-0.00383392
2025-08-22,LQD,109.650002,110.309998,109.559998,110.199997,34562900,True,0.00783461
2025-08-25,LQD,109.970001,110.139999,109.879997,109.910004,18983100,True,-0.00263499
2025-08-26,LQD,109.889999,110.010002,109.660004,109.989998,23246400,True,0.00072755
2025-08-27,LQD,109.68,110.059998,109.589996,110.029999,25171700,True,0.00036361
2025-08-28,LQD,110.080002,110.309998,110.0,110.199997,26892700,True,0.00154382
2025-08-29,LQD,109.989998,110.010002,109.75,109.800003,32201100,True,-0.00363631
2025-09-02,LQD,108.879997,109.089996,108.809998,109.050003,31044800,True,-0.00685404
2025-09-03,LQD,109.260002,109.830002,109.239998,109.699997,34520600,True,0.00594282
2025-09-04,LQD,110.080002,110.459999,109.970001,110.449997,43026600,True,0.00681356
2025-09-05,LQD,111.209999,111.309998,111.059998,111.169998,36249000,True,0.00649764
2025-09-08,LQD,111.510002,111.629997,111.419998,111.559998,28998000,True,0.003502
2025-09-09,LQD,111.440002,111.550003,111.120003,111.360001,24412500,True,-0.00179434
2025-09-10,LQD,111.580002,111.989998,111.550003,111.690002,30188100,True,0.002959
2025-09-11,LQD,111.889999,112.330002,111.870003,112.209999,28405600,True,0.00464491
2025-09-12,LQD,111.970001,112.040001,111.709999,112.010002,26728500,True,-0.00178394
2025-09-15,LQD,112.230003,112.419998,112.230003,112.360001,21863600,True,0.00311984
2025-09-16,LQD,112.290001,112.400002,112.160004,112.260002,28232600,True,-0.00089038
2025-09-17,LQD,112.459999,112.639999,111.82,112.059998,34969800,True,-0.00178321
2025-09-18,LQD,111.720001,111.879997,111.519997,111.830002,37159300,True,-0.00205454
2025-09-19,LQD,111.739998,111.839996,111.559998,111.739998,26845400,True,-0.00080515
2025-09-22,LQD,111.639999,111.699997,111.43,111.489998,25908600,True,-0.00223984
2025-09-23,LQD,111.650002,111.75,111.489998,111.709999,31575400,True,0.00197134
2025-09-24,LQD,111.489998,111.519997,111.169998,111.260002,34756700,True,-0.0040364
2025-09-25,LQD,111.0,111.080002,110.68,111.059998,36991200,True,-0.00179925
2025-09-26,LQD,111.150002,111.389999,110.989998,111.209999,31962100,True,0.00134972
2025-09-29,LQD,111.459999,111.699997,111.419998,111.580002,31961900,True,0.00332154
2025-09-30,LQD,111.650002,111.860001,111.379997,111.470001,34939700,True,-0.00098633
2025-10-01,LQD,111.440002,111.510002,111.230003,111.510002,30262700,True,0.00035878
2025-10-02,LQD,111.489998,111.730003,111.410004,111.690002,18259400,True,0.00161291
2025-10-03,LQD,111.690002,111.769997,111.480003,111.550003,19971200,True,-0.00125425
2025-10-06,LQD,111.239998,111.470001,111.160004,111.190002,19553600,True,-0.00323248
2025-10-07,LQD,111.339996,111.489998,111.169998,111.400002,29459500,True,0.00188687
2025-10-08,LQD,111.610001,111.620003,111.25,111.260002,22462100,True,-0.00125752
2025-10-09,LQD,111.169998,111.209999,110.949997,111.040001,29660700,True,-0.00197932
2025-10-10,LQD,111.480003,111.550003,111.279999,111.349998,39146400,True,0.00278787
2025-10-13,LQD,111.400002,111.800003,111.330002,111.730003,11235900,True,0.0034069
2025-10-14,LQD,111.519997,112.129997,111.480003,112.099998,43975300,True,0.00330604
2025-10-15,LQD,112.260002,112.5,111.910004,112.099998,45017200,True,0.0
2025-10-16,LQD,112.050003,112.440002,111.980003,112.419998,39858400,True,0.00285052
2025-10-17,LQD,112.290001,112.32,112.110001,112.199997,35433500,True,-0.00195888
2025-10-20,LQD,112.459999,112.559998,112.419998,112.540001,26361100,True,0.00302576
2025-10-21,LQD,112.82,112.889999,112.550003,112.559998,27353800,True,0.00017767
2025-10-22,LQD,112.550003,112.68,112.410004,112.669998,41003600,True,0.00097678
2025-10-23,LQD,112.519997,112.690002,112.459999,112.529999,27558500,True,-0.00124333
2025-10-24,LQD,112.779999,112.790001,112.550003,112.720001,29474600,True,0.00168704
2025-10-27,LQD,112.709999,112.93,112.550003,112.910004,23513400,True,0.0016842
2025-10-28,LQD,112.849998,112.93,112.699997,112.919998,34236300,True,8.851e-05
2025-10-29,LQD,112.860001,112.889999,112.190002,112.279999,36236000,True,-0.00568385
2025-10-30,LQD,111.620003,112.010002,111.519997,111.68,46045200,True,-0.0053581
2025-10-31,LQD,111.779999,111.779999,111.190002,111.230003,57255300,True,-0.00403748
2025-11-03,LQD,110.589996,110.620003,110.400002,110.529999,53372100,True,-0.00631319
2025-11-04,LQD,110.459999,110.959999,110.449997,110.68,62636700,True,0.00135619
2025-11-05,LQD,110.650002,110.720001,110.330002,110.349998,43258300,True,-0.00298604
2025-11-06,LQD,110.800003,110.93,110.730003,110.93,37814800,True,0.00524226
2025-11-07,LQD,110.650002,110.839996,110.589996,110.709999,42671600,True,-0.00198521
2025-11-10,LQD,110.769997,110.900002,110.709999,110.769997,45229000,True,0.00054179
2025-11-11,LQD,111.050003,111.290001,110.980003,111.209999,11282600,True,0.00396435
2025-11-12,LQD,111.139999,111.190002,111.0,111.099998,39067900,True,-0.00098961
2025-11-13,LQD,110.790001,110.910004,110.550003,110.550003,34125900,True,-0.00496275
2025-11-14,LQD,110.639999,110.730003,110.239998,110.25,31437600,True,-0.00271742
2025-11-17,LQD,110.309998,110.580002,110.25,110.32,34343300,True,0.00063472
2025-11-18,LQD,110.510002,110.580002,110.260002,110.370003,30566000,True,0.00045315
2025-11-19,LQD,110.599998,110.669998,110.32,110.379997,29144800,True,9.055e-05
2025-11-20,LQD,110.669998,110.809998,110.43,110.529999,49362200,True,0.00135803
2025-11-21,LQD,110.900002,110.959999,110.610001,110.919998,41000500,True,0.00352224
2025-11-24,LQD,111.18,111.360001,111.089996,111.360001,28437900,True,0.003959
2025-11-25,LQD,111.43,111.900002,111.400002,111.669998,47560900,True,0.00277987
2025-11-26,LQD,111.669998,112.059998,111.540001,112.050003,24585400,True,0.00339715
2025-11-28,LQD,111.980003,112.019997,111.68,111.860001,25471200,True,-0.00169713
2025-12-01,LQD,110.769997,110.889999,110.660004,110.849998,24610100,True,-0.00907017
2025-12-02,LQD,110.839996,111.050003,110.75,110.919998,34955000,True,0.00063128
2025-12-03,LQD,111.0,111.269997,110.949997,111.169998,20997800,True,0.00225134
2025-12-04,LQD,111.040001,111.059998,110.860001,110.970001,29846500,True,-0.00180064
2025-12-05,LQD,111.019997,111.029999,110.699997,110.860001,25470000,True,-0.00099176
2025-12-08,LQD,110.879997,110.889999,110.410004,110.629997,28815200,True,-0.00207687
2025-12-09,LQD,110.860001,110.879997,110.400002,110.489998,29239900,True,-0.00126628
2025-12-10,LQD,110.459999,111.059998,110.43,111.0,34019300,True,0.0046052
2025-12-11,LQD,111.190002,111.309998,110.790001,110.839996,41927200,True,-0.00144251
2025-12-12,LQD,110.300003,110.410004,110.099998,110.169998,39040100,True,-0.00606308
2025-12-15,LQD,110.529999,110.610001,110.220001,110.300003,22151200,True,0.00117934
2025-12-16,LQD,110.18,110.589996,110.120003,110.550003,31692600,True,0.00226398
2025-12-17,LQD,110.43,110.580002,110.349998,110.43,22248000,True,-0.0010861
2025-12-18,LQD,110.849998,110.940002,110.639999,110.849998,31844300,True,0.00379608
2025-12-19,LQD,110.279999,110.339996,110.099998,110.129997,28594900,True,-0.00651646
2025-12-22,LQD,110.18,110.209999,110.010002,110.110001,17335000,True,-0.00018159
2025-12-23,LQD,109.910004,110.269997,109.849998,110.220001,16137300,True,0.00099851
2025-12-24,LQD,110.43,110.650002,110.339996,110.650002,6400600,True,0.0038937
2025-12-26,LQD,110.75,110.800003,110.470001,110.639999,10589300,True,-9.04e-05
2025-12-29,LQD,110.690002,110.790001,110.589996,110.790001,18943900,True,0.00135484
2025-12-30,LQD,110.57,110.760002,110.480003,110.660004,21486400,True,-0.00117406
2025-12-31,LQD,110.529999,110.629997,110.190002,110.190002,19124600,True,-0.0042563
2026-01-02,LQD,110.32,110.400002,110.040001,110.160004,25676200,True,-0.00027228
2026-01-05,LQD,110.300003,110.510002,110.169998,110.470001,27771000,True,0.00281011
2026-01-06,LQD,110.309998,110.480003,110.129997,110.470001,31037300,True,0.0
2026-01-07,LQD,110.75,110.800003,110.529999,110.550003,28107400,True,0.00072393
2026-01-08,LQD,110.199997,110.389999,110.190002,110.239998,26395600,True,-0.00280815
2026-01-09,LQD,110.32,110.68,110.220001,110.639999,29660300,True,0.00362189
2026-01-12,LQD,110.370003,110.650002,110.32,110.510002,28990100,True,-0.00117565
2026-01-13,LQD,110.709999,110.790001,110.529999,110.75,31139200,True,0.00216937
2026-01-14,LQD,110.800003,111.040001,110.769997,111.029999,27251900,True,0.00252502
2026-01-15,LQD,111.18,111.199997,110.839996,110.889999,34534800,True,-0.00126171
2026-01-16,LQD,110.82,110.870003,110.550003,110.57,38762100,True,-0.00288991
2026-01-20,LQD,109.849998,110.150002,109.809998,109.900002,43500200,True,-0.00607793
2026-01-21,LQD,110.129997,110.660004,110.029999,110.559998,38616500,True,0.00598746
2026-01-22,LQD,110.580002,110.870003,110.480003,110.769997,36342900,True,0.00189761
2026-01-23,LQD,110.760002,110.860001,110.510002,110.839996,30615300,True,0.00063174
2026-01-26,LQD,111.050003,111.120003,110.889999,110.93,23629800,True,0.00081169
2026-01-27,LQD,110.839996,111.0,110.739998,110.809998,27166000,True,-0.00108237
2026-01-28,LQD,110.709999,110.739998,110.459999,110.650002,31045900,True,-0.00144492
2026-01-29,LQD,110.43,110.709999,110.32,110.68,45815500,True,0.00027108
2026-01-30,LQD,110.599998,110.739998,110.519997,110.57,39631400,True,-0.00099436
2026-02-02,LQD,110.150002,110.32,110.029999,110.059998,35480300,True,-0.00462315
2026-02-03,LQD,110.040001,110.139999,109.900002,110.110001,32761700,True,0.00045422
2026-02-04,LQD,109.970001,110.050003,109.830002,109.970001,31344400,True,-0.00127226
2026-02-05,LQD,110.190002,110.540001,110.120003,110.5,23929700,True,0.00480791
2026-02-06,LQD,110.470001,110.599998,110.309998,110.559998,29022200,True,0.00054282
2026-02-09,LQD,110.370003,110.610001,110.290001,110.559998,27356900,True,0.0
2026-02-10,LQD,110.900002,111.040001,110.769997,110.82,34509800,True,0.00234892
2026-02-11,LQD,110.629997,110.910004,110.599998,110.699997,29955300,True,-0.00108345
2026-02-12,LQD,110.989998,111.290001,110.970001,111.220001,39724200,True,0.00468642
2026-02-13,LQD,111.550003,111.599998,111.419998,111.589996,33609900,True,0.00332117
2026-02-17,LQD,111.57,111.739998,111.489998,111.699997,33132600,True,0.00098527
2026-02-18,LQD,111.57,111.730003,111.510002,111.589996,40087000,True,-0.00098527
2026-02-19,LQD,111.410004,111.68,111.400002,111.68,30394400,True,0.00080623
2026-02-20,LQD,111.620003,111.690002,111.400002,111.589996,44837400,True,-0.00080623
2026-02-23,LQD,111.620003,111.830002,111.580002,111.709999,33323600,True,0.00107481
2026-02-24,LQD,111.629997,111.739998,111.470001,111.68,37797100,True,-0.00026858
2026-02-25,LQD,111.599998,111.769997,111.57,111.650002,33682200,True,-0.00026865
2026-02-26,LQD,111.639999,111.739998,111.540001,111.720001,33031800,True,0.00062676
2026-02-27,LQD,111.699997,111.93,111.660004,111.68,48343700,True,-0.00035811
2026-03-02,LQD,110.839996,110.980003,110.68,110.919998,54854600,True,-0.00682844
2026-03-03,LQD,110.169998,111.129997,110.169998,110.870003,78775000,True,-0.00045084
2026-03-04,LQD,110.93,111.169998,110.830002,110.970001,49023300,True,0.00090154
2026-03-05,LQD,110.419998,110.599998,110.290001,110.529999,47318400,True,-0.00397294
2026-03-06,LQD,109.959999,110.519997,109.769997,110.160004,58242900,True,-0.00335308
2026-03-09,LQD,109.839996,110.870003,109.839996,110.82,44312100,True,0.00597337
2026-03-10,LQD,110.400002,110.699997,110.050003,110.059998,71501200,True,-0.00688161
2026-03-11,LQD,109.639999,109.760002,109.010002,109.160004,66523500,True,-0.00821092
2026-03-12,LQD,108.959999,108.980003,108.349998,108.57,72750200,True,-0.00541961
2026-03-13,LQD,108.790001,108.989998,108.019997,108.169998,54605100,True,-0.00369108
2026-03-16,LQD,108.900002,109.029999,108.559998,108.690002,65430000,True,0.00479577
2026-03-17,LQD,109.010002,109.330002,108.989998,109.300003,53953900,True,0.00559661
2026-03-18,LQD,109.129997,109.32,108.709999,108.709999,60360000,True,-0.00541265
2026-03-19,LQD,108.309998,109.349998,108.309998,109.190002,60271200,True,0.00440573
2026-03-20,LQD,108.690002,108.800003,107.75,107.849998,66608900,True,-0.01234815
2026-03-23,LQD,108.199997,108.910004,108.050003,108.559998,54512800,True,0.00656163
2026-03-24,LQD,108.07,108.629997,107.949997,108.339996,46515300,True,-0.0020286
2026-03-25,LQD,109.0,109.050003,108.690002,108.730003,48616300,True,0.00359338
2026-03-26,LQD,108.279999,108.580002,107.839996,107.879997,42072700,True,-0.0078483
2026-03-27,LQD,107.470001,107.870003,107.360001,107.620003,42578500,True,-0.00241294
2026-03-30,LQD,108.440002,108.589996,108.199997,108.309998,42677000,True,0.00639093
2026-03-31,LQD,108.720001,109.199997,108.599998,108.989998,57883800,True,0.00625865
2026-04-01,LQD,108.489998,108.949997,108.489998,108.660004,37445300,True,-0.00303234
2026-04-02,LQD,108.410004,109.25,108.370003,109.120003,27148600,True,0.00422444
2026-04-06,LQD,108.870003,109.260002,108.870003,108.949997,29080500,True,-0.00155919
2026-04-07,LQD,108.860001,109.150002,108.269997,109.07,41258900,True,0.00110084
2026-04-08,LQD,109.980003,110.0,109.290001,109.489998,63694700,True,0.00384333
2026-04-09,LQD,109.309998,109.790001,109.160004,109.489998,39122000,True,0.0
2026-04-10,LQD,109.470001,109.550003,109.150002,109.199997,22857000,True,-0.00265217
2026-04-13,LQD,109.139999,109.68,109.110001,109.620003,19904200,True,0.00383883
2026-04-14,LQD,109.720001,110.080002,109.669998,109.980003,29507800,True,0.0032787
2026-04-15,LQD,109.849998,109.959999,109.760002,109.940002,30074300,True,-0.00036378
2026-04-16,LQD,110.010002,110.019997,109.410004,109.43,25833300,True,-0.00464971
2026-04-17,LQD,110.129997,110.290001,109.970001,110.040001,44767700,True,0.00555887
2026-04-20,LQD,110.040001,110.120003,109.800003,110.029999,19935900,True,-9.09e-05
2026-04-21,LQD,109.940002,110.029999,109.580002,109.610001,26008100,True,-0.00382443
2026-04-22,LQD,109.959999,110.110001,109.779999,109.82,17815000,True,0.00191404
2026-04-23,LQD,109.800003,109.949997,109.260002,109.519997,25668600,True,-0.00273551
2026-04-24,LQD,109.5,109.730003,109.32,109.599998,23212600,True,0.00073021
2026-04-27,LQD,109.519997,109.589996,109.199997,109.290001,21833200,True,-0.00283245
2026-04-28,LQD,109.07,109.339996,108.949997,109.339996,25603500,True,0.00045735
2026-04-29,LQD,109.040001,109.040001,108.57,108.730003,21800900,True,-0.00559448
2026-04-30,LQD,108.889999,109.07,108.739998,108.849998,45530700,True,0.001103
2026-05-01,LQD,108.550003,109.010002,108.459999,108.599998,34755500,True,-0.00229938
2026-05-04,LQD,108.459999,108.470001,107.919998,108.25,21983900,True,-0.00322803
2026-05-05,LQD,108.470001,108.790001,108.410004,108.650002,33609700,True,0.00368835
2026-05-06,LQD,109.18,109.32,109.099998,109.190002,28417400,True,0.00495779
2026-05-07,LQD,109.370003,109.389999,108.68,108.739998,24184900,True,-0.00412981
2026-05-08,LQD,109.150002,109.290001,109.089996,109.199997,17503300,True,0.00422134
2026-05-11,LQD,109.040001,109.18,108.889999,108.93,23050600,True,-0.00247556
2026-05-12,LQD,108.610001,108.660004,108.449997,108.559998,26579400,True,-0.00340248
2026-05-13,LQD,108.529999,108.629997,108.300003,108.620003,19083000,True,0.00055258
2026-05-14,LQD,108.889999,108.940002,108.529999,108.550003,18038000,True,-0.00064465
2026-05-15,LQD,107.870003,107.949997,107.690002,107.860001,49718000,True,-0.00637683
2026-05-18,LQD,107.959999,108.110001,107.5,107.660004,31145200,True,-0.00185595
2026-05-19,LQD,107.220001,107.400002,106.93,107.120003,36965500,True,-0.00502842
2026-05-20,LQD,107.169998,108.080002,107.169998,107.949997,34281700,True,0.0077184
2026-05-21,LQD,107.650002,108.18,107.459999,108.169998,25440400,True,0.00203592
2026-05-22,LQD,108.529999,108.529999,108.099998,108.370003,19668800,True,0.00184728
2026-05-26,LQD,108.970001,109.0,108.68,108.779999,23730300,True,0.00377616
2026-05-27,LQD,108.910004,109.07,108.82,108.93,16208400,True,0.00137799
2026-05-28,LQD,108.989998,109.410004,108.870003,109.260002,24176800,True,0.00302491
2026-05-29,LQD,109.389999,109.599998,109.290001,109.360001,26551200,True,0.00091482
2026-06-01,LQD,108.559998,108.959999,108.43,108.93,19298000,True,-0.00393972
2026-06-02,LQD,109.059998,109.139999,108.889999,108.919998,14394700,True,-9.183e-05
2026-06-03,LQD,108.589996,108.699997,108.470001,108.620003,24018700,True,-0.00275807
2026-06-04,LQD,108.879997,108.970001,108.800003,108.849998,17881600,True,0.0021152
2026-06-05,LQD,108.410004,108.470001,108.139999,108.169998,30790300,True,-0.00626673
2026-06-08,LQD,108.43,108.489998,108.029999,108.059998,21944000,True,-0.00101744
2026-06-09,LQD,108.32,108.449997,108.050003,108.410004,37925400,True,0.00323376
2026-06-10,LQD,108.349998,108.510002,108.080002,108.160004,20870100,True,-0.00230872
2026-06-11,LQD,108.43,109.150002,108.25,109.080002,34849400,True,0.00846993
2026-06-12,LQD,108.879997,109.07,108.639999,109.010002,23423000,True,-0.00064193
2026-06-15,LQD,109.279999,109.339996,108.980003,108.989998,27040500,True,-0.00018353
2026-06-16,LQD,109.110001,109.330002,109.050003,109.120003,24297100,True,0.0011921
2026-06-17,LQD,109.080002,109.309998,108.709999,108.769997,31079300,True,-0.00321269
2026-06-18,LQD,109.440002,109.459999,109.029999,109.07,41725500,True,0.00275434
2026-06-22,LQD,108.730003,108.809998,108.589996,108.779999,22557300,True,-0.00266239
2026-06-23,LQD,108.779999,109.120003,108.720001,108.910004,27509300,True,0.0011944
2026-06-24,LQD,109.389999,109.610001,109.309998,109.410004,31462200,True,0.00458044
2026-06-25,LQD,109.580002,109.709999,109.419998,109.5,33772500,True,0.00082222
2026-06-26,LQD,109.290001,109.650002,109.260002,109.5,26033500,True,0.0
2026-06-29,LQD,109.620003,109.739998,109.540001,109.699997,43883300,True,0.00182479
2026-06-30,LQD,109.5,109.559998,109.050003,109.07,32665400,True,-0.00575946
2026-07-01,LQD,108.339996,108.660004,108.260002,108.459999,25563100,True,-0.00560844
2026-07-02,LQD,108.57,108.720001,108.419998,108.639999,18406000,True,0.00165823
2026-07-06,LQD,108.610001,108.68,108.440002,108.669998,17471600,True,0.00027609
2026-07-07,LQD,108.290001,108.339996,107.769997,107.879997,32025000,True,-0.00729628
2026-07-08,LQD,107.68,107.75,107.389999,107.669998,31080600,True,-0.0019485
2026-07-09,LQD,107.709999,108.010002,107.639999,107.709999,24612700,True,0.00037145
2026-07-10,LQD,107.720001,107.720001,107.32,107.459999,34114000,True,-0.00232375
2026-07-13,LQD,107.349998,107.43,106.940002,106.959999,29936100,True,-0.00466375
2026-07-14,LQD,107.160004,107.389999,107.019997,107.209999,33688900,True,0.0023346
2026-07-15,LQD,107.269997,107.660004,107.269997,107.580002,27178700,True,0.00344525
2026-07-16,LQD,107.349998,107.57,107.260002,107.5,33413200,True,-0.00074393
2026-07-17,LQD,107.669998,107.790001,107.529999,107.559998,25761500,True,0.00055796
2026-07-20,LQD,107.529999,107.559998,107.110001,107.150002,29445700,True,-0.00381907
2026-07-21,LQD,107.010002,107.050003,106.769997,106.849998,26033300,True,-0.00280377
2026-07-22,LQD,106.760002,106.830002,106.620003,106.669998,20115500,True,-0.00168603
2026-07-23,LQD,106.129997,106.32,106.07,106.260002,35690700,True,-0.003851
2026-07-24,LQD,106.080002,106.489998,106.080002,106.230003,27980000,True,-0.00028235
2026-07-27,LQD,106.559998,106.620003,106.43,106.510002,33698100,True,0.00263231
2026-07-28,LQD,106.620003,106.940002,106.57,106.830002,23347600,True,0.00299991
2026-07-29,LQD,106.720001,106.800003,106.150002,106.220001,44523200,True,-0.00572638
2026-07-30,LQD,106.349998,106.550003,106.300003,106.410004,30975700,True,0.00178717
2026-07-31,LQD,106.239998,106.349998,106.0,106.25,40904000,True,-0.00150478
2026-08-03,LQD,106.010002,106.25,105.959999,106.110001,30003200,True,-0.00131851
2026-08-04,LQD,106.529999,106.779999,106.480003,106.760002,30075900,True,0.00610705
2026-08-05,LQD,106.760002,106.940002,106.620003,106.739998,24602300,True,-0.00018739
2026-08-06,LQD,106.419998,106.510002,106.25,106.360001,32079900,True,-0.00356638
2026-08-07,LQD,106.699997,106.739998,106.410004,106.550003,22803900,True,0.00178482
2026-08-10,LQD,106.269997,106.330002,105.93,105.959999,26021600,True,-0.00555273
2026-08-11,LQD,106.169998,106.279999,105.959999,105.989998,24716700,True,0.00028307
2026-08-12,LQD,106.349998,106.389999,106.089996,106.120003,23031500,True,0.00122583
2026-08-13,LQD,106.599998,106.860001,106.510002,106.550003,25741000,True,0.00404383
2026-08-14,LQD,106.389999,106.440002,106.019997,106.120003,29528400,True,-0.00404383
2026-08-17,LQD,105.959999,106.019997,105.669998,105.699997,25578600,True,-0.00396569
2026-08-18,LQD,105.489998,105.910004,105.419998,105.839996,33979400,True,0.00132362
2026-08-19,LQD,106.540001,106.629997,106.290001,106.57,37259700,True,0.00687356
2026-08-20,LQD,106.029999,106.300003,105.959999,106.059998,26597500,True,-0.00479709
2026-08-21,LQD,105.970001,106.019997,105.82,105.919998,24263700,True,-0.00132087
