Date,OriginDate,Code,Model,Spec,Horizon,SigmaHat,VarHat,VaR_01,VaR_025,VaR_05,ES_01,ES_025,Realized,RVProxy,Valid,Reason
2013-10-04,2013-09-27,UKX,GJR-skewt-h5,GJR-skewt-AR1-expanding-refit21-horizon5,1,0.0162399621,0.0002637363689,-0.04028793847,-0.03247665283,-0.02626853827,,,-0.009069562665,,True,
2013-10-07,2013-09-30,UKX,GJR-skewt-h5,GJR-skewt-AR1-expanding-refit21-horizon5,1,0.01698818134,0.0002885983053,-0.04219327433,-0.03402210151,-0.02752796222,,,-0.003860680016,,True,
2013-10-08,2013-10-01,UKX,GJR-skewt-h5,GJR-skewt-AR1-expanding-refit21-horizon5,1,0.0165683096,0.0002745088831,-0.04123650388,-0.03326728585,-0.02693365258,,,-0.01468943696,,True,
2013-10-09,2013-10-02,UKX,GJR-skewt-h5,GJR-skewt-AR1-expanding-refit21-horizon5,1,0.01639956111,0.0002689456045,-0.04076131925,-0.03287326783,-0.02660414272,,,-0.01559279815,,True,
2013-10-10,2013-10-03,UKX,GJR-skewt-h5,GJR-skewt-AR1-expanding-refit21-horizon5,1,0.01600699878,0.0002562240099,-0.03984189103,-0.03214265879,-0.02602360004,,,-0.002872784302,,True,
2013-10-11,2013-10-04,UKX,GJR-skewt-h5,GJR-skewt-AR1-expanding-refit21-horizon5,1,0.01563283077,0.0002443853978,-0.03887619205,-0.0313569315,-0.02538090743,,,0.005146450651,,True,
2013-10-14,2013-10-07,UKX,GJR-skewt-h5,GJR-skewt-AR1-expanding-refit21-horizon5,1,0.01541783026,0.0002377094898,-0.03828075374,-0.03086490663,-0.02497107166,,,0.01087695389,,True,
2013-10-15,2013-10-08,UKX,GJR-skewt-h5,GJR-skewt-AR1-expanding-refit21-horizon5,1,0.01735716651,0.0003012712294,-0.04308069294,-0.03473204135,-0.02809684863,,,0.02838776976,,True,
2013-10-16,2013-10-09,UKX,GJR-skewt-h5,GJR-skewt-AR1-expanding-refit21-horizon5,1,0.01728546646,0.0002987873506,-0.04299859496,-0.0346844305,-0.02807664684,,,0.03620988113,,True,
2013-10-17,2013-10-10,UKX,GJR-skewt-h5,GJR-skewt-AR1-expanding-refit21-horizon5,1,0.01708902712,0.0002920348479,-0.04277854586,-0.03455886706,-0.02802617705,,,0.02240480484,,True,
2013-10-18,2013-10-11,UKX,GJR-skewt-h5,GJR-skewt-AR1-expanding-refit21-horizon5,1,0.01675253613,0.0002806474667,-0.04183916189,-0.03378133244,-0.02737727418,,,0.02065702218,,True,
2013-10-21,2013-10-14,UKX,GJR-skewt-h5,GJR-skewt-AR1-expanding-refit21-horizon5,1,0.01635034401,0.0002673337492,-0.04073437878,-0.03287000037,-0.02661968967,,,0.02226214241,,True,
2013-10-22,2013-10-15,UKX,GJR-skewt-h5,GJR-skewt-AR1-expanding-refit21-horizon5,1,0.0160068147,0.000256218117,-0.03990869864,-0.03220955495,-0.02609056656,,,0.02213790785,,True,
2013-10-23,2013-10-16,UKX,GJR-skewt-h5,GJR-skewt-AR1-expanding-refit21-horizon5,1,0.0156468832,0.0002448249539,-0.03895131448,-0.03142529482,-0.02544389888,,,0.01553694615,,True,
2013-10-24,2013-10-17,UKX,GJR-skewt-h5,GJR-skewt-AR1-expanding-refit21-horizon5,1,0.01529219899,0.00023385135,-0.03800994623,-0.03065452671,-0.02480871729,,,0.02061866593,,True,
2013-10-25,2013-10-18,UKX,GJR-skewt-h5,GJR-skewt-AR1-expanding-refit21-horizon5,1,0.01502103147,0.0002256313863,-0.03741452797,-0.03018953775,-0.02444738862,,,0.01479350231,,True,
2013-10-28,2013-10-21,UKX,GJR-skewt-h5,GJR-skewt-AR1-expanding-refit21-horizon5,1,0.01473111728,0.0002170058164,-0.03664448538,-0.02955894146,-0.02392761897,,,0.01070258497,,True,
2013-10-29,2013-10-22,UKX,GJR-skewt-h5,GJR-skewt-AR1-expanding-refit21-horizon5,1,0.01447985644,0.0002096662425,-0.03602767803,-0.02906298847,-0.02352771645,,,0.01172955569,,True,
2013-10-30,2013-10-23,UKX,GJR-skewt-h5,GJR-skewt-AR1-expanding-refit21-horizon5,1,0.01440099921,0.0002073887784,-0.03568873142,-0.02876197151,-0.02325684457,,,0.01534354502,,True,
2013-10-31,2013-10-24,UKX,GJR-skewt-h5,GJR-skewt-AR1-expanding-refit21-horizon5,1,0.01416033484,0.0002005150828,-0.03520950961,-0.02839850725,-0.02298538003,,,0.002707364739,,True,
2013-11-01,2013-10-25,UKX,GJR-skewt-h5,GJR-skewt-AR1-expanding-refit21-horizon5,1,0.01389058144,0.0001929482528,-0.0344566549,-0.02777540166,-0.02246539414,,,0.0019917352,,True,
2013-11-04,2013-10-28,UKX,GJR-skewt-h5,GJR-skewt-AR1-expanding-refit21-horizon5,1,0.01360771302,0.0001851698537,-0.0337021937,-0.02715542739,-0.02195229668,,,0.005604458644,0.0001610482866,True,
2013-11-05,2013-10-29,UKX,GJR-skewt-h5,GJR-skewt-AR1-expanding-refit21-horizon5,1,0.01344259494,0.0001807033588,-0.03337208133,-0.0269047545,-0.02176475937,,,-0.004126824626,0.0001813295268,True,
2013-11-06,2013-10-30,UKX,GJR-skewt-h5,GJR-skewt-AR1-expanding-refit21-horizon5,1,0.01321097248,0.0001745297939,-0.03269104929,-0.02633515765,-0.02128372714,,,-0.005325692567,0.0001829925829,True,
2013-11-07,2013-10-31,UKX,GJR-skewt-h5,GJR-skewt-AR1-expanding-refit21-horizon5,1,0.01403911325,0.0001970967008,-0.03469598397,-0.02794166798,-0.02257358437,,,-0.005093573521,0.0002195903196,True,
2013-11-08,2013-11-01,UKX,GJR-skewt-h5,GJR-skewt-AR1-expanding-refit21-horizon5,1,0.0137721103,0.0001896710221,-0.03411746803,-0.02749160904,-0.02222561835,,,-0.003912836528,0.0002273659621,True,
2013-11-11,2013-11-04,UKX,GJR-skewt-h5,GJR-skewt-AR1-expanding-refit21-horizon5,1,0.01354628422,0.0001835018161,-0.03359525022,-0.02707803774,-0.02189839534,,,-0.005217947801,0.0002259318622,True,
2013-11-12,2013-11-05,UKX,GJR-skewt-h5,GJR-skewt-AR1-expanding-refit21-horizon5,1,0.01345360986,0.0001809996183,-0.03326770825,-0.02679508206,-0.0216508752,,,-0.002968770821,0.0002240094782,True,
2013-11-13,2013-11-06,UKX,GJR-skewt-h5,GJR-skewt-AR1-expanding-refit21-horizon5,1,0.01324143251,0.000175335535,-0.03275213756,-0.02638159138,-0.02131851399,,,-0.01670734337,0.0002531157821,True,
2013-11-14,2013-11-07,UKX,GJR-skewt-h5,GJR-skewt-AR1-expanding-refit21-horizon5,1,0.01400473828,0.0001961326942,-0.0346117991,-0.02787402116,-0.02251908137,,,-0.004654561741,0.0002162563285,True,
2013-11-15,2013-11-08,UKX,GJR-skewt-h5,GJR-skewt-AR1-expanding-refit21-horizon5,1,0.01374259855,0.000188859015,-0.03405854261,-0.02744688193,-0.02219217554,,,-0.002238506242,0.000193326674,True,
2013-11-18,2013-11-11,UKX,GJR-skewt-h5,GJR-skewt-AR1-expanding-refit21-horizon5,1,0.01350500996,0.0001823852939,-0.03347262651,-0.02697527137,-0.02181141085,,,-0.0007285070884,0.0002062747962,True,
2013-11-19,2013-11-12,UKX,GJR-skewt-h5,GJR-skewt-AR1-expanding-refit21-horizon5,1,0.01327248239,0.0001761587887,-0.03283808069,-0.0264525962,-0.02137764638,,,-0.004290544306,0.0002014987803,True,
2013-11-20,2013-11-13,UKX,GJR-skewt-h5,GJR-skewt-AR1-expanding-refit21-horizon5,1,0.01713675138,0.0002936682478,-0.04246273778,-0.03421812634,-0.02766561033,,,0.007677855121,0.0001940522641,True,
2013-11-21,2013-11-14,UKX,GJR-skewt-h5,GJR-skewt-AR1-expanding-refit21-horizon5,1,0.01673116218,0.000279931788,-0.04170320126,-0.03365372163,-0.02725628925,,,0.002277554232,0.0001858767788,True,
2013-11-22,2013-11-15,UKX,GJR-skewt-h5,GJR-skewt-AR1-expanding-refit21-horizon5,1,0.01633541191,0.0002668456821,-0.0406793845,-0.0328203031,-0.0265741923,,,-0.002857650967,0.0002058894437,True,
2013-11-25,2013-11-18,UKX,GJR-skewt-h5,GJR-skewt-AR1-expanding-refit21-horizon5,1,0.01596517662,0.0002548868645,-0.03974410776,-0.03206314916,-0.02595860384,,,-0.004307606364,0.0001875743982,True,
2013-11-26,2013-11-19,UKX,GJR-skewt-h5,GJR-skewt-AR1-expanding-refit21-horizon5,1,0.01586949051,0.000251840729,-0.03938826962,-0.03175334628,-0.02568538811,,,-0.009269434476,0.0001941884405,True,
2013-11-27,2013-11-20,UKX,GJR-skewt-h5,GJR-skewt-AR1-expanding-refit21-horizon5,1,0.01563957857,0.0002445964178,-0.03882141762,-0.03129710654,-0.02531705894,,,-0.004740995448,0.0001710074128,True,
2013-11-28,2013-11-21,UKX,GJR-skewt-h5,GJR-skewt-AR1-expanding-refit21-horizon5,1,0.0152830038,0.0002335702052,-0.03795017885,-0.03059741839,-0.02475371296,,,-0.004019232663,0.0001573805021,True,
2013-11-29,2013-11-22,UKX,GJR-skewt-h5,GJR-skewt-AR1-expanding-refit21-horizon5,1,0.01497416417,0.0002242255925,-0.03715079572,-0.02994662017,-0.02422100461,,,-0.00355720976,0.0001315477438,True,
2013-12-02,2013-11-25,UKX,GJR-skewt-h5,GJR-skewt-AR1-expanding-refit21-horizon5,1,0.01466503981,0.0002150633926,-0.03642091847,-0.02936546483,-0.02375804799,,,-0.01494400134,0.0001637433838,True,
2013-12-03,2013-11-26,UKX,GJR-skewt-h5,GJR-skewt-AR1-expanding-refit21-horizon5,1,0.01583371189,0.0002507064321,-0.03928809894,-0.03165677332,-0.02559413201,,,-0.01576514468,0.0001664092094,True,
2013-12-04,2013-11-27,UKX,GJR-skewt-h5,GJR-skewt-AR1-expanding-refit21-horizon5,1,0.015469619,0.000239309112,-0.03851164043,-0.03105579554,-0.0251325634,,,-0.02120220765,0.0002299340302,True,
2013-12-05,2013-11-28,UKX,GJR-skewt-h5,GJR-skewt-AR1-expanding-refit21-horizon5,1,0.01512185111,0.0002286703811,-0.0376100236,-0.03032179133,-0.02453171761,,,-0.02375274332,0.0002676269246,True,
2013-12-06,2013-11-29,UKX,GJR-skewt-h5,GJR-skewt-AR1-expanding-refit21-horizon5,1,0.01480344153,0.0002191418813,-0.03678184357,-0.0296470742,-0.02397891775,,,-0.01493674435,0.0003020097888,True,
2013-12-09,2013-12-02,UKX,GJR-skewt-h5,GJR-skewt-AR1-expanding-refit21-horizon5,1,0.01585979833,0.0002515332032,-0.03936014248,-0.03171624406,-0.02564361439,,,-0.005442864036,0.0002866763648,True,
2013-12-10,2013-12-03,UKX,GJR-skewt-h5,GJR-skewt-AR1-expanding-refit21-horizon5,1,0.01719191536,0.0002955619537,-0.0427302129,-0.03444427811,-0.02786158816,,,-0.001394042246,0.000280887049,True,
2013-12-11,2013-12-04,UKX,GJR-skewt-h5,GJR-skewt-AR1-expanding-refit21-horizon5,1,0.01698916731,0.000288631806,-0.0422999719,-0.03411175497,-0.02760669612,,,-0.000353335072,0.0002485182191,True,
2013-12-12,2013-12-05,UKX,GJR-skewt-h5,GJR-skewt-AR1-expanding-refit21-horizon5,1,0.01663024113,0.0002765649201,-0.0414100261,-0.03339479972,-0.02702717174,,,-0.00818942146,0.0002754805785,True,
2013-12-13,2013-12-06,UKX,GJR-skewt-h5,GJR-skewt-AR1-expanding-refit21-horizon5,1,0.01630219546,0.0002657615767,-0.04071502617,-0.03285790696,-0.02661588586,,,-0.01724180643,0.0002497082447,True,
2013-12-16,2013-12-09,UKX,GJR-skewt-h5,GJR-skewt-AR1-expanding-refit21-horizon5,1,0.01591072446,0.000253151153,-0.03962133588,-0.03195289275,-0.02586076375,,,-0.005702608302,0.0002614181673,True,
2013-12-17,2013-12-10,UKX,GJR-skewt-h5,GJR-skewt-AR1-expanding-refit21-horizon5,1,0.01612204694,0.0002599203977,-0.0400660246,-0.03229573102,-0.0261226878,,,-0.00570347985,0.0002532824379,True,
2013-12-18,2013-12-11,UKX,GJR-skewt-h5,GJR-skewt-AR1-expanding-refit21-horizon5,1,0.01586483138,0.0002516928747,-0.03945555904,-0.03180923485,-0.02573467806,,,-0.002400052943,0.0002368813754,True,
2013-12-19,2013-12-12,UKX,GJR-skewt-h5,GJR-skewt-AR1-expanding-refit21-horizon5,1,0.01718584869,0.0002953533951,-0.04271406415,-0.0344310533,-0.02785068624,,,0.02139765292,0.0001799514855,True,
2013-12-20,2013-12-13,UKX,GJR-skewt-h5,GJR-skewt-AR1-expanding-refit21-horizon5,1,0.0167684022,0.0002811793124,-0.04177487164,-0.03369305619,-0.02727252709,,,0.02554062408,0.000198734269,True,
2013-12-23,2013-12-16,UKX,GJR-skewt-h5,GJR-skewt-AR1-expanding-refit21-horizon5,1,0.0165477836,0.0002738291421,-0.04140126381,-0.03342577924,-0.02708972379,,,0.02369662718,0.0001752530397,True,
2013-12-24,2013-12-17,UKX,GJR-skewt-h5,GJR-skewt-AR1-expanding-refit21-horizon5,1,0.01667324967,0.0002779972544,-0.04146755619,-0.03343160112,-0.02704750541,,,0.03156463585,,True,
2013-12-27,2013-12-18,UKX,GJR-skewt-h5,GJR-skewt-AR1-expanding-refit21-horizon5,1,0.01626124756,0.0002644281722,-0.04050935349,-0.03267196982,-0.02644562745,,,0.03908974661,,True,
2013-12-30,2013-12-19,UKX,GJR-skewt-h5,GJR-skewt-AR1-expanding-refit21-horizon5,1,0.01612453249,0.0002600005481,-0.0403455872,-0.03257409567,-0.02640010075,,,0.02201945528,,True,
2013-12-31,2013-12-20,UKX,GJR-skewt-h5,GJR-skewt-AR1-expanding-refit21-horizon5,1,0.01575571192,0.0002482424582,-0.03925737633,-0.03166364411,-0.02563086856,,,0.02134001298,,True,
2014-01-02,2013-12-23,UKX,GJR-skewt-h5,GJR-skewt-AR1-expanding-refit21-horizon5,1,0.01554575738,0.0002416705725,-0.03882783003,-0.03133528896,-0.02538290385,,,0.00586719169,,True,
2014-01-03,2013-12-24,UKX,GJR-skewt-h5,GJR-skewt-AR1-expanding-refit21-horizon5,1,0.01520063894,0.0002310594243,-0.03783229617,-0.03050609078,-0.02468584962,,,0.005437670132,,True,
2014-01-06,2013-12-27,UKX,GJR-skewt-h5,GJR-skewt-AR1-expanding-refit21-horizon5,1,0.01495892097,0.0002237693164,-0.03724791407,-0.03005360505,-0.02433551022,,,-0.002996635706,,True,
2014-01-07,2013-12-30,UKX,GJR-skewt-h5,GJR-skewt-AR1-expanding-refit21-horizon5,1,0.01480951592,0.0002193217619,-0.03672018943,-0.02959773493,-0.02393675064,,,0.003588726951,,True,
2014-01-08,2013-12-31,UKX,GJR-skewt-h5,GJR-skewt-AR1-expanding-refit21-horizon5,1,0.01450616831,0.0002104289189,-0.03602203958,-0.02904547638,-0.02350044768,,,-0.004053230381,0.0002335522528,True,
2014-01-09,2014-01-02,UKX,GJR-skewt-h5,GJR-skewt-AR1-expanding-refit21-horizon5,1,0.01466091154,0.0002149423271,-0.03632012046,-0.02926913541,-0.02366495562,,,-0.003967445108,0.000200055779,True,
2014-01-10,2014-01-03,UKX,GJR-skewt-h5,GJR-skewt-AR1-expanding-refit21-horizon5,1,0.01436148649,0.0002062522943,-0.03564485213,-0.02873787188,-0.02324814826,,,0.001365894372,0.0002188514186,True,
2014-01-13,2014-01-06,UKX,GJR-skewt-h5,GJR-skewt-AR1-expanding-refit21-horizon5,1,0.01407543845,0.0001981179675,-0.03489329669,-0.02812388772,-0.02274350687,,,0.003929452818,0.0002049567927,True,
2014-01-14,2014-01-07,UKX,GJR-skewt-h5,GJR-skewt-AR1-expanding-refit21-horizon5,1,0.01382369744,0.0001910946109,-0.03430181173,-0.02765347451,-0.02236932246,,,0.001686077144,0.0002087139152,True,
2014-01-15,2014-01-08,UKX,GJR-skewt-h5,GJR-skewt-AR1-expanding-refit21-horizon5,1,0.01410909625,0.0001990665971,-0.03491346834,-0.02812787207,-0.02273462542,,,0.01448884782,0.0001971581008,True,
2014-01-16,2014-01-09,UKX,GJR-skewt-h5,GJR-skewt-AR1-expanding-refit21-horizon5,1,0.014301192,0.0002045240925,-0.03540739653,-0.02852941416,-0.02306273831,,,0.0183765971,0.0001630662019,True,
2014-01-17,2014-01-10,UKX,GJR-skewt-h5,GJR-skewt-AR1-expanding-refit21-horizon5,1,0.01409029833,0.0001985365071,-0.03502559087,-0.02824903522,-0.02286297414,,,0.01317707728,0.0001334159959,True,
2014-01-20,2014-01-13,UKX,GJR-skewt-h5,GJR-skewt-AR1-expanding-refit21-horizon5,1,0.01382856227,0.0001912291346,-0.03429961391,-0.027648937,-0.02236292535,,,0.01169655567,0.0001167229605,True,
2014-01-21,2014-01-14,UKX,GJR-skewt-h5,GJR-skewt-AR1-expanding-refit21-horizon5,1,0.01357530484,0.0001842889014,-0.03364147854,-0.02711260268,-0.02192339948,,,0.009910957292,0.0001282947792,True,
2014-01-22,2014-01-15,UKX,GJR-skewt-h5,GJR-skewt-AR1-expanding-refit21-horizon5,1,0.01342474862,0.0001802238754,-0.03334218271,-0.02688571501,-0.02175406241,,,0.0009379759356,0.0001419397541,True,
2014-01-23,2014-01-16,UKX,GJR-skewt-h5,GJR-skewt-AR1-expanding-refit21-horizon5,1,0.01320426044,0.0001743524937,-0.03267150137,-0.02632107475,-0.02127370445,,,-0.006196359124,0.0001614349521,True,
2014-01-24,2014-01-17,UKX,GJR-skewt-h5,GJR-skewt-AR1-expanding-refit21-horizon5,1,0.01299088776,0.0001687631648,-0.03216468138,-0.02591687373,-0.02095106581,,,-0.02454723565,0.0002472134499,True,
2014-01-27,2014-01-20,UKX,GJR-skewt-h5,GJR-skewt-AR1-expanding-refit21-horizon5,1,0.01278636183,0.0001634910489,-0.03163262832,-0.02548318489,-0.02059555766,,,-0.04273324366,0.000447165397,True,
2014-01-28,2014-01-21,UKX,GJR-skewt-h5,GJR-skewt-AR1-expanding-refit21-horizon5,1,0.01259884887,0.0001587309928,-0.03113752706,-0.02507826568,-0.02026231587,,,-0.03909020468,0.0004558439583,True,
2014-01-29,2014-01-22,UKX,GJR-skewt-h5,GJR-skewt-AR1-expanding-refit21-horizon5,1,0.01245878289,0.0001552212711,-0.03077098469,-0.02477908632,-0.02001667718,,,-0.04218835858,0.0005774722745,True,
2014-01-30,2014-01-23,UKX,GJR-skewt-h5,GJR-skewt-AR1-expanding-refit21-horizon5,1,0.01368387285,0.0001872483762,-0.03379672291,-0.0272156326,-0.02198492894,,,-0.03528060261,0.0005980447327,True,
2014-01-31,2014-01-24,UKX,GJR-skewt-h5,GJR-skewt-AR1-expanding-refit21-horizon5,1,0.01836620366,0.0003373174369,-0.04558059302,-0.0367475933,-0.02972705389,,,-0.02327403189,0.0006165356426,True,
2014-02-03,2014-01-27,UKX,GJR-skewt-h5,GJR-skewt-AR1-expanding-refit21-horizon5,1,0.02221572152,0.0004935382824,-0.05534973437,-0.0446653564,-0.03617332662,,,-0.01306063208,0.0005409389787,True,
2014-02-04,2014-01-28,UKX,GJR-skewt-h5,GJR-skewt-AR1-expanding-refit21-horizon5,1,0.02157885345,0.0004656469163,-0.05409035581,-0.04368649884,-0.03542257615,,,-0.01889225012,0.0005686816928,True,
2014-02-05,2014-01-29,UKX,GJR-skewt-h5,GJR-skewt-AR1-expanding-refit21-horizon5,1,0.02118590243,0.0004488424619,-0.05299790625,-0.04278350356,-0.03467006694,,,-0.0132902396,0.0005161097193,True,
2014-02-06,2014-01-30,UKX,GJR-skewt-h5,GJR-skewt-AR1-expanding-refit21-horizon5,1,0.02056526384,0.0004229300769,-0.05146144,-0.04154626707,-0.03367051265,,,0.003023611936,,True,
2014-02-07,2014-01-31,UKX,GJR-skewt-h5,GJR-skewt-AR1-expanding-refit21-horizon5,1,0.020244294,0.0004098314396,-0.05060309077,-0.04084266769,-0.03308983315,,,0.009371697392,,True,
2014-02-10,2014-02-03,UKX,GJR-skewt-h5,GJR-skewt-AR1-expanding-refit21-horizon5,1,0.02037662138,0.0004152066987,-0.0509077294,-0.04108350705,-0.03327999589,,,0.01928481418,,True,
2014-02-11,2014-02-04,UKX,GJR-skewt-h5,GJR-skewt-AR1-expanding-refit21-horizon5,1,0.01989033748,0.0003956255253,-0.04972482977,-0.04013506048,-0.03251777851,,,0.0340530373,,True,
2014-02-12,2014-02-05,UKX,GJR-skewt-h5,GJR-skewt-AR1-expanding-refit21-horizon5,1,0.0193160577,0.0003731100849,-0.04831228332,-0.03899939272,-0.0316020392,,,0.03306503192,,True,
2014-02-13,2014-02-06,UKX,GJR-skewt-h5,GJR-skewt-AR1-expanding-refit21-horizon5,1,0.01901780882,0.0003616770523,-0.04772769164,-0.03855859638,-0.03127546143,,,0.01529798239,,True,
2014-02-14,2014-02-07,UKX,GJR-skewt-h5,GJR-skewt-AR1-expanding-refit21-horizon5,1,0.01848956658,0.0003418640725,-0.04621939208,-0.03730497934,-0.03022414211,,,0.01388731316,0.0001960521189,True,
2014-02-17,2014-02-10,UKX,GJR-skewt-h5,GJR-skewt-AR1-expanding-refit21-horizon5,1,0.01799224371,0.0003237208335,-0.04496689676,-0.03629225932,-0.02940187882,,,0.02167015092,0.0002157431262,True,
2014-02-18,2014-02-11,UKX,GJR-skewt-h5,GJR-skewt-AR1-expanding-refit21-horizon5,1,0.01767857976,0.0003125321822,-0.0442828108,-0.03575940081,-0.02898914229,,,0.01836844097,0.0002430860697,True,
2014-02-19,2014-02-12,UKX,GJR-skewt-h5,GJR-skewt-AR1-expanding-refit21-horizon5,1,0.01721303575,0.0002962885996,-0.04295246594,-0.03465350964,-0.02806153769,,,0.01806802467,0.000256720354,True,
2014-02-20,2014-02-13,UKX,GJR-skewt-h5,GJR-skewt-AR1-expanding-refit21-horizon5,1,0.0168780688,0.0002848692063,-0.04206759828,-0.03393014028,-0.0274664486,,,0.0228031761,0.0002850509764,True,
2014-02-21,2014-02-14,UKX,GJR-skewt-h5,GJR-skewt-AR1-expanding-refit21-horizon5,1,0.01645395605,0.0002707326696,-0.04102577866,-0.03309279901,-0.02679152722,,,0.02585003584,0.0003036567566,True,
2014-02-24,2014-02-17,UKX,GJR-skewt-h5,GJR-skewt-AR1-expanding-refit21-horizon5,1,0.0161938435,0.0002622405674,-0.04048983788,-0.03268226682,-0.02648060875,,,0.01910083919,0.0003183348066,True,
2014-02-25,2014-02-18,UKX,GJR-skewt-h5,GJR-skewt-AR1-expanding-refit21-horizon5,1,0.01590634069,0.0002530116743,-0.03973558805,-0.03206663131,-0.02597507644,,,0.005004831534,0.0003382447653,True,
2014-02-26,2014-02-19,UKX,GJR-skewt-h5,GJR-skewt-AR1-expanding-refit21-horizon5,1,0.0155335244,0.0002412903803,-0.03867804426,-0.03118883421,-0.02524005454,,,0.00036775792,0.0003250692397,True,
2014-02-27,2014-02-20,UKX,GJR-skewt-h5,GJR-skewt-AR1-expanding-refit21-horizon5,1,0.01518753348,0.0002306611733,-0.03782723978,-0.03050484304,-0.02468856541,,,-0.000396408371,0.0003283493256,True,
2014-02-28,2014-02-21,UKX,GJR-skewt-h5,GJR-skewt-AR1-expanding-refit21-horizon5,1,0.01487097336,0.0002211458488,-0.03703808966,-0.0298683167,-0.02417327019,,,-0.004161834638,0.0003197789999,True,
2014-03-03,2014-02-24,UKX,GJR-skewt-h5,GJR-skewt-AR1-expanding-refit21-horizon5,1,0.01457647667,0.000212473672,-0.03629391724,-0.02926613058,-0.02368386568,,,-0.02320665827,0.0003760772796,True,
2014-03-04,2014-02-25,UKX,GJR-skewt-h5,GJR-skewt-AR1-expanding-refit21-horizon5,1,0.01482806945,0.0002198716435,-0.03681990154,-0.02967081394,-0.02399219808,,,-0.0009814044922,0.0003448703544,True,
2014-03-05,2014-02-26,UKX,GJR-skewt-h5,GJR-skewt-AR1-expanding-refit21-horizon5,1,0.01494623089,0.0002233898178,-0.03708223146,-0.02987984702,-0.02415956321,,,-0.00350659574,0.0003454958739,True,
2014-03-06,2014-02-27,UKX,GJR-skewt-h5,GJR-skewt-AR1-expanding-refit21-horizon5,1,0.01462835546,0.0002139887835,-0.03634351039,-0.02929430578,-0.02369568058,,,-0.00320613937,0.0003158725317,True,
2014-03-07,2014-02-28,UKX,GJR-skewt-h5,GJR-skewt-AR1-expanding-refit21-horizon5,1,0.01432668721,0.0002052539663,-0.03555764188,-0.02865380708,-0.02317063761,,,-0.01434681137,0.0004200993465,True,
2014-03-10,2014-03-03,UKX,GJR-skewt-h5,GJR-skewt-AR1-expanding-refit21-horizon5,1,0.01812261003,0.0003284289943,-0.04504000901,-0.03630697088,-0.02937100999,,,-0.002821324939,0.0003896196208,True,
2014-03-11,2014-03-04,UKX,GJR-skewt-h5,GJR-skewt-AR1-expanding-refit21-horizon5,1,0.01794784914,0.0003221252887,-0.0449521948,-0.03630337155,-0.02943429588,,,-0.02047547079,0.0003867426989,True,
2014-03-12,2014-03-05,UKX,GJR-skewt-h5,GJR-skewt-AR1-expanding-refit21-horizon5,1,0.01827442268,0.0003339545243,-0.04551339178,-0.0367071972,-0.02971313395,,,-0.02306709358,0.0004214574063,True,
2014-03-13,2014-03-06,UKX,GJR-skewt-h5,GJR-skewt-AR1-expanding-refit21-horizon5,1,0.01778254895,0.0003162190471,-0.04436384584,-0.03579467849,-0.0289888672,,,-0.03518499972,0.0004237962013,True,
2014-03-14,2014-03-07,UKX,GJR-skewt-h5,GJR-skewt-AR1-expanding-refit21-horizon5,1,0.01933061575,0.0003736727054,-0.04815219453,-0.03883703494,-0.03143874107,,,-0.0279159997,0.0003866076592,True,
2014-03-17,2014-03-10,UKX,GJR-skewt-h5,GJR-skewt-AR1-expanding-refit21-horizon5,1,0.01899731482,0.0003608979704,-0.04739142177,-0.03823687535,-0.0309661438,,,-0.01826887622,0.000349342283,True,
2014-03-18,2014-03-11,UKX,GJR-skewt-h5,GJR-skewt-AR1-expanding-refit21-horizon5,1,0.01847662078,0.0003413855153,-0.04609982925,-0.03719619817,-0.03012474882,,,-0.01206867452,0.0003719536522,True,
2014-03-19,2014-03-12,UKX,GJR-skewt-h5,GJR-skewt-AR1-expanding-refit21-horizon5,1,0.01946351187,0.0003788282944,-0.04850686955,-0.03912766914,-0.03167851271,,,-0.007245719743,,True,
2014-03-20,2014-03-13,UKX,GJR-skewt-h5,GJR-skewt-AR1-expanding-refit21-horizon5,1,0.02049804471,0.0004201698368,-0.05113103481,-0.04125330716,-0.03340821001,,,-0.001740948692,,True,
2014-03-21,2014-03-14,UKX,GJR-skewt-h5,GJR-skewt-AR1-expanding-refit21-horizon5,1,0.02015187642,0.0004060981234,-0.05032043006,-0.04060951618,-0.032896906,,,0.004478428404,,True,
2014-03-24,2014-03-17,UKX,GJR-skewt-h5,GJR-skewt-AR1-expanding-refit21-horizon5,1,0.01960124019,0.0003842086169,-0.04903370589,-0.03958813609,-0.0320862677,,,-0.007334547995,,True,
2014-03-25,2014-03-18,UKX,GJR-skewt-h5,GJR-skewt-AR1-expanding-refit21-horizon5,1,0.01907253784,0.0003637616995,-0.04768342366,-0.03849262829,-0.03119310708,,,-6.0544577e-05,,True,
2014-03-26,2014-03-19,UKX,GJR-skewt-h5,GJR-skewt-AR1-expanding-refit21-horizon5,1,0.01891865851,0.0003579156398,-0.0471756578,-0.03805901477,-0.0308183869,,,0.004886749733,0.0003339189397,True,
2014-03-27,2014-03-20,UKX,GJR-skewt-h5,GJR-skewt-AR1-expanding-refit21-horizon5,1,0.01876215199,0.0003520183473,-0.0467801486,-0.03773892393,-0.03055819488,,,0.006991263376,0.0003067460989,True,
2014-03-28,2014-03-21,UKX,GJR-skewt-h5,GJR-skewt-AR1-expanding-refit21-horizon5,1,0.01824741916,0.0003329683059,-0.0455490519,-0.03675586995,-0.02977214159,,,0.008866798911,0.0003007022189,True,
2014-03-31,2014-03-24,UKX,GJR-skewt-h5,GJR-skewt-AR1-expanding-refit21-horizon5,1,0.01828234749,0.0003342442299,-0.04555010618,-0.03674009274,-0.02974299647,,,0.01189147183,0.0002745920595,True,
2014-04-01,2014-03-25,UKX,GJR-skewt-h5,GJR-skewt-AR1-expanding-refit21-horizon5,1,0.01796488675,0.000322737156,-0.04494901186,-0.03629197841,-0.02941638204,,,0.007195987454,0.0002428237201,True,
2014-04-02,2014-03-26,UKX,GJR-skewt-h5,GJR-skewt-AR1-expanding-refit21-horizon5,1,0.01748537771,0.0003057384337,-0.04358771842,-0.03516175383,-0.02846967715,,,0.008096995571,0.0002476879361,True,
2014-04-03,2014-03-27,UKX,GJR-skewt-h5,GJR-skewt-AR1-expanding-refit21-horizon5,1,0.01716099087,0.0002944996075,-0.04275053035,-0.03448808213,-0.02792549788,,,0.00918620288,0.0002365587237,True,
2014-04-04,2014-03-28,UKX,GJR-skewt-h5,GJR-skewt-AR1-expanding-refit21-horizon5,1,0.01674260205,0.0002803147234,-0.04176770752,-0.03370669964,-0.02730411268,,,0.01202009767,0.0002272027882,True,
2014-04-07,2014-03-31,UKX,GJR-skewt-h5,GJR-skewt-AR1-expanding-refit21-horizon5,1,0.0164561461,0.0002708047445,-0.04095961049,-0.03303652165,-0.02674347913,,,0.003691031254,,True,
2014-04-08,2014-04-01,UKX,GJR-skewt-h5,GJR-skewt-AR1-expanding-refit21-horizon5,1,0.01613385159,0.0002603011671,-0.04026947548,-0.03250156077,-0.02633176783,,,-0.009348176427,,True,
2014-04-09,2014-04-02,UKX,GJR-skewt-h5,GJR-skewt-AR1-expanding-refit21-horizon5,1,0.01575189531,0.0002481222057,-0.03921303536,-0.03162901994,-0.02560529201,,,-0.003520215128,,True,
2014-04-10,2014-04-03,UKX,GJR-skewt-h5,GJR-skewt-AR1-expanding-refit21-horizon5,1,0.01543912734,0.0002383666529,-0.03838925568,-0.03095582767,-0.02505170624,,,-0.001068398951,,True,
2014-04-11,2014-04-04,UKX,GJR-skewt-h5,GJR-skewt-AR1-expanding-refit21-horizon5,1,0.01515319143,0.0002296192104,-0.03776373024,-0.03046797089,-0.02467319504,,,-0.02020086344,,True,
2014-04-14,2014-04-07,UKX,GJR-skewt-h5,GJR-skewt-AR1-expanding-refit21-horizon5,1,0.01699643121,0.0002888786737,-0.04223281587,-0.03404959767,-0.02754994316,,,-0.00590615518,0.0002995885897,True,
2014-04-15,2014-04-08,UKX,GJR-skewt-h5,GJR-skewt-AR1-expanding-refit21-horizon5,1,0.01701947526,0.0002896625381,-0.04236380546,-0.03416949231,-0.02766102546,,,-0.007477795159,0.0003144006604,True,
2014-04-16,2014-04-09,UKX,GJR-skewt-h5,GJR-skewt-AR1-expanding-refit21-horizon5,1,0.01664107117,0.0002769252497,-0.04154143653,-0.0335293124,-0.02716555215,,,-0.007776238802,0.0003252351581,True,
2014-04-17,2014-04-10,UKX,GJR-skewt-h5,GJR-skewt-AR1-expanding-refit21-horizon5,1,0.01623236373,0.0002634896321,-0.04043365915,-0.03261831411,-0.02641084886,,,-0.002517498519,0.0003056117994,True,
2014-04-22,2014-04-11,UKX,GJR-skewt-h5,GJR-skewt-AR1-expanding-refit21-horizon5,1,0.01837196843,0.0003375292239,-0.04571258316,-0.03686708938,-0.02984141169,,,0.0181376377,0.0002761535671,True,
2014-04-23,2014-04-14,UKX,GJR-skewt-h5,GJR-skewt-AR1-expanding-refit21-horizon5,1,0.0178843676,0.0003198506044,-0.04465905939,-0.03604832925,-0.02920911641,,,0.01371223205,0.0002370564561,True,
2014-04-24,2014-04-15,UKX,GJR-skewt-h5,GJR-skewt-AR1-expanding-refit21-horizon5,1,0.01810071528,0.0003276358935,-0.04509186913,-0.03637697475,-0.02945502777,,,0.02437338853,0.0002106685408,True,
2014-04-25,2014-04-16,UKX,GJR-skewt-h5,GJR-skewt-AR1-expanding-refit21-horizon5,1,0.01765986585,0.0003118708618,-0.04412604909,-0.0356234091,-0.02887004863,,,0.01529807708,0.0002159398313,True,
2014-04-28,2014-04-17,UKX,GJR-skewt-h5,GJR-skewt-AR1-expanding-refit21-horizon5,1,0.01724070884,0.0002972420413,-0.04305801131,-0.03475718152,-0.0281641121,,,0.01124178137,0.0002103627769,True,
2014-04-29,2014-04-22,UKX,GJR-skewt-h5,GJR-skewt-AR1-expanding-refit21-horizon5,1,0.01688224014,0.0002850100321,-0.04217441276,-0.03404617377,-0.02759018739,,,0.01309891815,0.0002092193501,True,
2014-04-30,2014-04-23,UKX,GJR-skewt-h5,GJR-skewt-AR1-expanding-refit21-horizon5,1,0.01648196301,0.0002716551046,-0.04104356832,-0.0331080495,-0.02680513427,,,0.01565281328,0.0002212803445,True,
2014-05-01,2014-04-24,UKX,GJR-skewt-h5,GJR-skewt-AR1-expanding-refit21-horizon5,1,0.01610066614,0.0002592314502,-0.0401380585,-0.03238612148,-0.02622901909,,,0.01567537818,0.0002044666941,True,
2014-05-02,2014-04-25,UKX,GJR-skewt-h5,GJR-skewt-AR1-expanding-refit21-horizon5,1,0.01585091252,0.0002512514277,-0.03942228712,-0.03179059819,-0.0257290048,,,0.02024035546,0.0001938269169,True,
2014-05-06,2014-04-28,UKX,GJR-skewt-h5,GJR-skewt-AR1-expanding-refit21-horizon5,1,0.01548795833,0.0002398768531,-0.03855689512,-0.0310999566,-0.02517716158,,,0.01457931725,0.0001718671796,True,
2014-05-07,2014-04-29,UKX,GJR-skewt-h5,GJR-skewt-AR1-expanding-refit21-horizon5,1,0.01526463861,0.000233009192,-0.03808937896,-0.03073754744,-0.02489693171,,,0.003906744519,0.0001838209022,True,
2014-05-08,2014-04-30,UKX,GJR-skewt-h5,GJR-skewt-AR1-expanding-refit21-horizon5,1,0.01493084291,0.0002229300701,-0.03713015531,-0.02993908815,-0.02422619064,,,0.008708256751,0.0001829906366,True,
2014-05-09,2014-05-01,UKX,GJR-skewt-h5,GJR-skewt-AR1-expanding-refit21-horizon5,1,0.01463539838,0.0002141948856,-0.03641384447,-0.02936507077,-0.02376521741,,,0.0008368181929,0.0001795834955,True,
2014-05-12,2014-05-02,UKX,GJR-skewt-h5,GJR-skewt-AR1-expanding-refit21-horizon5,1,0.0143383594,0.0002055885504,-0.03563046009,-0.02872474779,-0.02323854863,,,0.004300061273,,True,
2014-05-13,2014-05-06,UKX,GJR-skewt-h5,GJR-skewt-AR1-expanding-refit21-horizon5,1,0.01431828768,0.000205013362,-0.03551091964,-0.02861487438,-0.02313635515,,,0.01089853293,,True,
2014-05-14,2014-05-07,UKX,GJR-skewt-h5,GJR-skewt-AR1-expanding-refit21-horizon5,1,0.014040119,0.0001971249414,-0.03484362563,-0.02808155336,-0.02270946812,,,0.01200755911,,True,
2014-05-15,2014-05-08,UKX,GJR-skewt-h5,GJR-skewt-AR1-expanding-refit21-horizon5,1,0.0138257926,0.0001911525409,-0.03438170757,-0.02772286025,-0.02243278142,,,0.0002339288966,,True,
2014-05-16,2014-05-09,UKX,GJR-skewt-h5,GJR-skewt-AR1-expanding-refit21-horizon5,1,0.01385469672,0.0001919526212,-0.03433113516,-0.0276583669,-0.02235722866,,,0.00602759715,,True,
2014-05-19,2014-05-12,UKX,GJR-skewt-h5,GJR-skewt-AR1-expanding-refit21-horizon5,1,0.01363706668,0.0001859695877,-0.03389143357,-0.02732348138,-0.02210561359,,,-0.001051328482,0.0001830181597,True,
2014-05-20,2014-05-13,UKX,GJR-skewt-h5,GJR-skewt-AR1-expanding-refit21-horizon5,1,0.01340563576,0.0001797110701,-0.03327395236,-0.02681746308,-0.0216881463,,,-0.01039856939,0.0001994066412,True,
2014-05-21,2014-05-14,UKX,GJR-skewt-h5,GJR-skewt-AR1-expanding-refit21-horizon5,1,0.01317511238,0.0001735835861,-0.03265904732,-0.02631358387,-0.02127247084,,,-0.008394516246,0.000210010913,True,
2014-05-22,2014-05-15,UKX,GJR-skewt-h5,GJR-skewt-AR1-expanding-refit21-horizon5,1,0.01363721595,0.0001859736588,-0.03375507574,-0.02718705165,-0.02196912675,,,-0.002971828707,0.0001890112183,True,
2014-05-23,2014-05-16,UKX,GJR-skewt-h5,GJR-skewt-AR1-expanding-refit21-horizon5,1,0.01339797774,0.0001795058076,-0.0332428721,-0.02679007111,-0.02166368447,,,-0.005851563135,0.0001586095101,True,
2014-05-27,2014-05-19,UKX,GJR-skewt-h5,GJR-skewt-AR1-expanding-refit21-horizon5,1,0.01323514887,0.0001751691656,-0.03278134157,-0.02640696303,-0.02134287861,,,4.380057691e-05,0.0001286546543,True,
2014-05-28,2014-05-20,UKX,GJR-skewt-h5,GJR-skewt-AR1-expanding-refit21-horizon5,1,0.01388800529,0.0001928766909,-0.03438293234,-0.02769412184,-0.02238023894,,,0.007207161291,0.0001092107896,True,
2014-05-29,2014-05-21,UKX,GJR-skewt-h5,GJR-skewt-AR1-expanding-refit21-horizon5,1,0.01363802356,0.0001859956867,-0.03386064177,-0.02729222871,-0.0220739948,,,0.007347199811,0.0001004520739,True,
2014-05-30,2014-05-22,UKX,GJR-skewt-h5,GJR-skewt-AR1-expanding-refit21-horizon5,1,0.01339396543,0.0001793983101,-0.0332047106,-0.02675384204,-0.0216289906,,,0.00349795116,0.0001024447109,True,
2014-06-02,2014-05-23,UKX,GJR-skewt-h5,GJR-skewt-AR1-expanding-refit21-horizon5,1,0.01317994653,0.0001737109906,-0.03265269289,-0.02630490118,-0.02126193849,,,0.007061527358,0.0001049195537,True,
2014-06-03,2014-05-27,UKX,GJR-skewt-h5,GJR-skewt-AR1-expanding-refit21-horizon5,1,0.01298767943,0.0001686798171,-0.03222616968,-0.02597097861,-0.02100158191,,,-0.001257214033,0.0001120743712,True,
2014-06-04,2014-05-28,UKX,GJR-skewt-h5,GJR-skewt-AR1-expanding-refit21-horizon5,1,0.01278251407,0.0001633926658,-0.03166292407,-0.02550654578,-0.02061565026,,,-0.004769661312,0.0001194582978,True,
2014-06-05,2014-05-29,UKX,GJR-skewt-h5,GJR-skewt-AR1-expanding-refit21-horizon5,1,0.01260092053,0.0001587831983,-0.03122654414,-0.02515762583,-0.02033621233,,,-0.008447350275,0.0001627984181,True,
2014-06-06,2014-05-30,UKX,GJR-skewt-h5,GJR-skewt-AR1-expanding-refit21-horizon5,1,0.01269983149,0.0001612857199,-0.03139238884,-0.0252656219,-0.02040073083,,,0.001999635017,0.0001721695034,True,
2014-06-09,2014-06-02,UKX,GJR-skewt-h5,GJR-skewt-AR1-expanding-refit21-horizon5,1,0.01251455742,0.0001566141474,-0.03100900634,-0.02497162099,-0.02017770236,,,0.001586698432,0.0001569490044,True,
2014-06-10,2014-06-03,UKX,GJR-skewt-h5,GJR-skewt-AR1-expanding-refit21-horizon5,1,0.01273045161,0.0001620643982,-0.03146830258,-0.02532676361,-0.02045014296,,,0.005441379631,0.0001574415204,True,
2014-06-11,2014-06-04,UKX,GJR-skewt-h5,GJR-skewt-AR1-expanding-refit21-horizon5,1,0.01271150227,0.0001615822899,-0.03143912451,-0.02530672725,-0.02043736548,,,0.002972699096,0.0001592952128,True,
2014-06-12,2014-06-05,UKX,GJR-skewt-h5,GJR-skewt-AR1-expanding-refit21-horizon5,1,0.01253445356,0.000157112526,-0.03101281741,-0.02496583358,-0.0201642934,,,0.004334921451,0.0001126539782,True,
2014-06-13,2014-06-06,UKX,GJR-skewt-h5,GJR-skewt-AR1-expanding-refit21-horizon5,1,0.01241728027,0.0001541888494,-0.03080935223,-0.02481889619,-0.02006224126,,,-0.01177774007,0.0001220475793,True,
2014-06-16,2014-06-09,UKX,GJR-skewt-h5,GJR-skewt-AR1-expanding-refit21-horizon5,1,0.01224732992,0.0001499970902,-0.03032411268,-0.02441564562,-0.01972409313,,,-0.01766787478,0.0001436433625,True,
2014-06-17,2014-06-10,UKX,GJR-skewt-h5,GJR-skewt-AR1-expanding-refit21-horizon5,1,0.01208109508,0.0001459528584,-0.02986702373,-0.02403875318,-0.01941087983,,,-0.01565972791,0.0001501449308,True,
2014-06-18,2014-06-11,UKX,GJR-skewt-h5,GJR-skewt-AR1-expanding-refit21-horizon5,1,0.01256353925,0.0001578425186,-0.03103085378,-0.02496983816,-0.02015715619,,,-0.008856280247,0.0001355120122,True,
2014-06-19,2014-06-12,UKX,GJR-skewt-h5,GJR-skewt-AR1-expanding-refit21-horizon5,1,0.01237502219,0.0001531411742,-0.03062506007,-0.02465499055,-0.01991452332,,,-0.0051277655,0.0001379621828,True,
2014-06-20,2014-06-13,UKX,GJR-skewt-h5,GJR-skewt-AR1-expanding-refit21-horizon5,1,0.01425040887,0.0002030741529,-0.03526191928,-0.02838710886,-0.02292824218,,,0.006954368238,0.0001213252777,True,
2014-06-23,2014-06-16,UKX,GJR-skewt-h5,GJR-skewt-AR1-expanding-refit21-horizon5,1,0.01424594891,0.0002029470602,-0.03533006786,-0.02845740905,-0.02300025084,,,0.006787089222,0.0001306282419,True,
2014-06-24,2014-06-17,UKX,GJR-skewt-h5,GJR-skewt-AR1-expanding-refit21-horizon5,1,0.01396150243,0.00019492355,-0.03467479535,-0.02793936177,-0.02259116572,,,0.0029954933,0.0001241008516,True,
2014-06-25,2014-06-18,UKX,GJR-skewt-h5,GJR-skewt-AR1-expanding-refit21-horizon5,1,0.01369342991,0.0001875100228,-0.03399230136,-0.02738619373,-0.02214068752,,,-0.006660671944,0.0001581441614,True,
2014-06-26,2014-06-19,UKX,GJR-skewt-h5,GJR-skewt-AR1-expanding-refit21-horizon5,1,0.01346486391,0.0001813025601,-0.03344479264,-0.02694895188,-0.02179100184,,,-0.01078042205,0.000171386322,True,
2014-06-27,2014-06-20,UKX,GJR-skewt-h5,GJR-skewt-AR1-expanding-refit21-horizon5,1,0.01323099937,0.0001750593444,-0.03282631221,-0.02644329448,-0.02137493032,,,-0.009924308798,0.0001645338588,True,
2014-06-30,2014-06-23,UKX,GJR-skewt-h5,GJR-skewt-AR1-expanding-refit21-horizon5,1,0.01330772343,0.000177095503,-0.03294206345,-0.0265220318,-0.02142427716,,,-0.008372479932,0.0001605808357,True,
2014-07-01,2014-06-24,UKX,GJR-skewt-h5,GJR-skewt-AR1-expanding-refit21-horizon5,1,0.01318006973,0.0001737142382,-0.03263850524,-0.02628005744,-0.02123120276,,,0.002325211349,0.0001557988967,True,
2014-07-02,2014-06-25,UKX,GJR-skewt-h5,GJR-skewt-AR1-expanding-refit21-horizon5,1,0.01433438556,0.0002054746094,-0.03549698771,-0.02858166449,-0.02309062908,,,0.0122215254,0.0001284228299,True,
2014-07-03,2014-06-26,UKX,GJR-skewt-h5,GJR-skewt-AR1-expanding-refit21-horizon5,1,0.01404112307,0.000197153137,-0.03485675326,-0.02808290837,-0.02270421226,,,0.01913252837,0.0001223340444,True,
2014-07-04,2014-06-27,UKX,GJR-skewt-h5,GJR-skewt-AR1-expanding-refit21-horizon5,1,0.01378036274,0.0001898983973,-0.03423440252,-0.02758635597,-0.02230754863,,,0.01589890928,0.0001110094876,True,
2014-07-07,2014-06-30,UKX,GJR-skewt-h5,GJR-skewt-AR1-expanding-refit21-horizon5,1,0.01354438721,0.0001834504249,-0.03360455243,-0.02706710539,-0.02187711842,,,0.01173415863,9.839779623e-05,True,
2014-07-08,2014-07-01,UKX,GJR-skewt-h5,GJR-skewt-AR1-expanding-refit21-horizon5,1,0.01341426167,0.0001799424161,-0.03340907965,-0.02693444009,-0.0217943151,,,-0.009511629226,0.0001192450576,True,
2014-07-09,2014-07-02,UKX,GJR-skewt-h5,GJR-skewt-AR1-expanding-refit21-horizon5,1,0.0131750399,0.0001735816762,-0.03271605566,-0.02635688087,-0.02130842174,,,-0.01454096769,0.0001394480115,True,
2014-07-10,2014-07-03,UKX,GJR-skewt-h5,GJR-skewt-AR1-expanding-refit21-horizon5,1,0.01302877205,0.0001697489011,-0.03240885919,-0.02612028327,-0.02112787157,,,-0.02848559988,0.0002025865425,True,
2014-07-11,2014-07-04,UKX,GJR-skewt-h5,GJR-skewt-AR1-expanding-refit21-horizon5,1,0.0128059063,0.0001639912361,-0.03175397876,-0.02557297308,-0.02066595988,,,-0.02595247552,0.0002255714375,True,
2014-07-14,2014-07-07,UKX,GJR-skewt-h5,GJR-skewt-AR1-expanding-refit21-horizon5,1,0.01349060468,0.0001819964145,-0.03341538507,-0.02690389715,-0.02173451878,,,-0.01140796204,0.0002341073417,True,
2014-07-15,2014-07-08,UKX,GJR-skewt-h5,GJR-skewt-AR1-expanding-refit21-horizon5,1,0.01639210743,0.0002687011859,-0.04071516386,-0.0328032124,-0.02652202577,,,-0.004163884372,0.0002545655921,True,
2014-07-16,2014-07-09,UKX,GJR-skewt-h5,GJR-skewt-AR1-expanding-refit21-horizon5,1,0.01618503638,0.0002619554027,-0.04030788526,-0.03249588044,-0.02629404003,,,0.009879614675,0.0002557839023,True,
2014-07-17,2014-07-10,UKX,GJR-skewt-h5,GJR-skewt-AR1-expanding-refit21-horizon5,1,0.01665405506,0.0002773575499,-0.04145335822,-0.03341497292,-0.02703341225,,,0.009828038037,0.0002057001531,True,
2014-07-18,2014-07-11,UKX,GJR-skewt-h5,GJR-skewt-AR1-expanding-refit21-horizon5,1,0.01623947332,0.0002637204937,-0.04051816713,-0.03267988732,-0.02645718757,,,0.008824629856,0.0002048784186,True,
2014-07-21,2014-07-14,UKX,GJR-skewt-h5,GJR-skewt-AR1-expanding-refit21-horizon5,1,0.01593389409,0.000253888981,-0.03981216251,-0.03212137612,-0.02601576932,,,-0.002627215289,,True,
2014-07-22,2014-07-15,UKX,GJR-skewt-h5,GJR-skewt-AR1-expanding-refit21-horizon5,1,0.0160664806,0.0002581317989,-0.03997814212,-0.03222336042,-0.02606694865,,,0.01255770418,,True,
2014-07-23,2014-07-16,UKX,GJR-skewt-h5,GJR-skewt-AR1-expanding-refit21-horizon5,1,0.01584085933,0.0002509328242,-0.03960921282,-0.03196333136,-0.02589337396,,,0.001987794073,,True,
2014-07-24,2014-07-17,UKX,GJR-skewt-h5,GJR-skewt-AR1-expanding-refit21-horizon5,1,0.01631431567,0.0002661568958,-0.04058867655,-0.0327142727,-0.0264628946,,,0.01227175037,,True,
2014-07-25,2014-07-18,UKX,GJR-skewt-h5,GJR-skewt-AR1-expanding-refit21-horizon5,1,0.01591206058,0.0002531936719,-0.03967286225,-0.0319926142,-0.02589537365,,,0.006218140823,,True,
2014-07-28,2014-07-21,UKX,GJR-skewt-h5,GJR-skewt-AR1-expanding-refit21-horizon5,1,0.01572431584,0.0002472541085,-0.03913511108,-0.03154548148,-0.02552018163,,,0.00883373421,0.0001865401633,True,
2014-07-29,2014-07-22,UKX,GJR-skewt-h5,GJR-skewt-AR1-expanding-refit21-horizon5,1,0.01548813556,0.000239882343,-0.03869828572,-0.03122265287,-0.02528785343,,,0.00183781695,0.0002079034983,True,
2014-07-30,2014-07-23,UKX,GJR-skewt-h5,GJR-skewt-AR1-expanding-refit21-horizon5,1,0.01512693982,0.0002288243084,-0.03766060273,-0.03035930763,-0.02456291247,,,-0.003654737898,0.0002166346405,True,
2014-07-31,2014-07-24,UKX,GJR-skewt-h5,GJR-skewt-AR1-expanding-refit21-horizon5,1,0.01480128608,0.0002190780696,-0.03687006237,-0.02972595003,-0.02405434004,,,-0.01348937207,,True,
2014-08-01,2014-07-25,UKX,GJR-skewt-h5,GJR-skewt-AR1-expanding-refit21-horizon5,1,0.01487414052,0.0002212400562,-0.03695705499,-0.02977777811,-0.02407825149,,,-0.0166883198,,True,
2014-08-04,2014-07-28,UKX,GJR-skewt-h5,GJR-skewt-AR1-expanding-refit21-horizon5,1,0.01455664417,0.0002118958896,-0.03619836235,-0.02917233091,-0.02359446369,,,-0.01642742758,,True,
2014-08-05,2014-07-29,UKX,GJR-skewt-h5,GJR-skewt-AR1-expanding-refit21-horizon5,1,0.0142616158,0.0002033936853,-0.03547667265,-0.02860052122,-0.02313940497,,,-0.01857681596,,True,
2014-08-06,2014-07-30,UKX,GJR-skewt-h5,GJR-skewt-AR1-expanding-refit21-horizon5,1,0.01450928493,0.0002105193492,-0.03600357193,-0.02900800834,-0.02345205362,,,-0.02046362215,,True,
2014-08-07,2014-07-31,UKX,GJR-skewt-h5,GJR-skewt-AR1-expanding-refit21-horizon5,1,0.01506372391,0.0002269157781,-0.03739585804,-0.03013297505,-0.02436471229,,,-0.01991439978,,True,
2014-08-08,2014-08-01,UKX,GJR-skewt-h5,GJR-skewt-AR1-expanding-refit21-horizon5,1,0.01587341823,0.0002519654064,-0.03943931707,-0.03178604489,-0.02570773067,,,-0.01688024805,0.0002740545561,True,
2014-08-11,2014-08-04,UKX,GJR-skewt-h5,GJR-skewt-AR1-expanding-refit21-horizon5,1,0.01549759522,0.0002401754577,-0.03857849413,-0.03110642273,-0.0251720202,,,-0.006716657581,0.0002508008053,True,
2014-08-12,2014-08-05,UKX,GJR-skewt-h5,GJR-skewt-AR1-expanding-refit21-horizon5,1,0.01513727908,0.0002291372178,-0.03767532781,-0.03037698065,-0.02458055185,,,-0.007525454161,0.0002533349217,True,
2014-08-13,2014-08-06,UKX,GJR-skewt-h5,GJR-skewt-AR1-expanding-refit21-horizon5,1,0.01574055803,0.000247765167,-0.03910976658,-0.03152055215,-0.0254931133,,,0.003084355657,0.0002098663234,True,
2014-08-14,2014-08-07,UKX,GJR-skewt-h5,GJR-skewt-AR1-expanding-refit21-horizon5,1,0.01604755952,0.0002575241665,-0.03990438265,-0.03216714931,-0.0260221522,,,0.0132354398,0.0001829387092,True,
2014-08-15,2014-08-08,UKX,GJR-skewt-h5,GJR-skewt-AR1-expanding-refit21-horizon5,1,0.01607212695,0.0002583132647,-0.03998370993,-0.03223463155,-0.02608022698,,,0.01836134955,0.0001753627102,True,
2014-08-18,2014-08-11,UKX,GJR-skewt-h5,GJR-skewt-AR1-expanding-refit21-horizon5,1,0.01581339626,0.0002500635014,-0.03951263563,-0.03188830268,-0.02583297232,,,0.01622574732,0.0001643790153,True,
2014-08-19,2014-08-12,UKX,GJR-skewt-h5,GJR-skewt-AR1-expanding-refit21-horizon5,1,0.01543594375,0.0002382683594,-0.03842425141,-0.0309819049,-0.0250711102,,,0.02190710815,0.0001422870039,True,
2014-08-20,2014-08-13,UKX,GJR-skewt-h5,GJR-skewt-AR1-expanding-refit21-horizon5,1,0.01509641195,0.0002279016538,-0.0376089714,-0.03033032808,-0.02454954828,,,0.01473309237,0.0001314518816,True,
2014-08-21,2014-08-14,UKX,GJR-skewt-h5,GJR-skewt-AR1-expanding-refit21-horizon5,1,0.01478343024,0.0002185498098,-0.03682133784,-0.02969359675,-0.02403266518,,,0.01372678316,0.0001191045153,True,
2014-08-22,2014-08-15,UKX,GJR-skewt-h5,GJR-skewt-AR1-expanding-refit21-horizon5,1,0.01446168683,0.0002091403859,-0.03595528586,-0.0289826714,-0.02344494314,,,0.01280426685,0.0001208665981,True,
2014-08-26,2014-08-18,UKX,GJR-skewt-h5,GJR-skewt-AR1-expanding-refit21-horizon5,1,0.01424829985,0.0002030140485,-0.03550575687,-0.02863602565,-0.02318000841,,,0.01201716047,0.000125827582,True,
2014-08-27,2014-08-19,UKX,GJR-skewt-h5,GJR-skewt-AR1-expanding-refit21-horizon5,1,0.01400514024,0.0001961439532,-0.03485972995,-0.02810723665,-0.02274433108,,,0.007553362877,0.0001241634365,True,
2014-08-28,2014-08-20,UKX,GJR-skewt-h5,GJR-skewt-AR1-expanding-refit21-horizon5,1,0.01399481147,0.000195854748,-0.03471550287,-0.02796798954,-0.0226090391,,,0.007418173241,0.0001252491374,True,
2014-08-29,2014-08-21,UKX,GJR-skewt-h5,GJR-skewt-AR1-expanding-refit21-horizon5,1,0.01373209525,0.0001885704399,-0.03413529303,-0.02751444672,-0.02225609666,,,0.006192277187,0.0001321908155,True,
2014-09-01,2014-08-22,UKX,GJR-skewt-h5,GJR-skewt-AR1-expanding-refit21-horizon5,1,0.01347395461,0.0001815474528,-0.03343203493,-0.02693564956,-0.02177614776,,,0.007352650132,9.486255991e-05,True,
2014-09-02,2014-08-26,UKX,GJR-skewt-h5,GJR-skewt-AR1-expanding-refit21-horizon5,1,0.01330387609,0.0001769931191,-0.03309436722,-0.02667998418,-0.02158560954,,,0.0009376487648,9.166365146e-05,True,
2014-09-03,2014-08-27,UKX,GJR-skewt-h5,GJR-skewt-AR1-expanding-refit21-horizon5,1,0.013067794,0.00017076724,-0.03241887082,-0.02611831333,-0.02111434021,,,0.006260814812,0.0001140673471,True,
2014-09-04,2014-08-28,UKX,GJR-skewt-h5,GJR-skewt-AR1-expanding-refit21-horizon5,1,0.01312933641,0.0001723794746,-0.03250990425,-0.0261863059,-0.02116263691,,,0.01055275085,0.0001287429863,True,
2014-09-05,2014-08-29,UKX,GJR-skewt-h5,GJR-skewt-AR1-expanding-refit21-horizon5,1,0.01290476593,0.0001665329837,-0.03200914822,-0.02579371173,-0.02085596999,,,0.005162797777,0.0001379060134,True,
2014-09-08,2014-09-01,UKX,GJR-skewt-h5,GJR-skewt-AR1-expanding-refit21-horizon5,1,0.01268833033,0.0001609937267,-0.03144374618,-0.02533255349,-0.02047762635,,,0.001390912483,0.0001554574868,True,
2014-09-09,2014-09-02,UKX,GJR-skewt-h5,GJR-skewt-AR1-expanding-refit21-horizon5,1,0.01248440587,0.0001558603898,-0.0309225793,-0.02490960455,-0.0201327049,,,-2.93149893e-05,0.0001585441413,True,
2014-09-10,2014-09-03,UKX,GJR-skewt-h5,GJR-skewt-AR1-expanding-refit21-horizon5,1,0.01236606902,0.000152919663,-0.03069430206,-0.02473832293,-0.02000670242,,,-0.006348671597,0.0001678356888,True,
2014-09-11,2014-09-04,UKX,GJR-skewt-h5,GJR-skewt-AR1-expanding-refit21-horizon5,1,0.01218203887,0.0001484020709,-0.03015493729,-0.02428759423,-0.01962638905,,,-0.01146411067,0.0001801356545,True,
2014-09-12,2014-09-05,UKX,GJR-skewt-h5,GJR-skewt-AR1-expanding-refit21-horizon5,1,0.0122949814,0.0001511665676,-0.03039323029,-0.02447148971,-0.01976706941,,,-0.007041420629,0.0001677173124,True,
2014-09-15,2014-09-08,UKX,GJR-skewt-h5,GJR-skewt-AR1-expanding-refit21-horizon5,1,0.01234934263,0.0001525062635,-0.03053592204,-0.02458799898,-0.01986277848,,,-0.004487082827,0.0001716673439,True,
2014-09-16,2014-09-09,UKX,GJR-skewt-h5,GJR-skewt-AR1-expanding-refit21-horizon5,1,0.0121916015,0.0001486351473,-0.03016097883,-0.02428903003,-0.01962416591,,,-0.005403326286,0.0001987571122,True,
2014-09-17,2014-09-10,UKX,GJR-skewt-h5,GJR-skewt-AR1-expanding-refit21-horizon5,1,0.01201778447,0.0001444271436,-0.02973160154,-0.02394336978,-0.01934501315,,,-0.007229507059,0.0001798592041,True,
2014-09-18,2014-09-11,UKX,GJR-skewt-h5,GJR-skewt-AR1-expanding-refit21-horizon5,1,0.01236159953,0.0001528091428,-0.03054855418,-0.02459472773,-0.01986481738,,,0.002892997361,0.0001714015907,True,
2014-09-19,2014-09-12,UKX,GJR-skewt-h5,GJR-skewt-AR1-expanding-refit21-horizon5,1,0.01217867058,0.000148320017,-0.03015186918,-0.02428614842,-0.01962623205,,,0.004529158153,0.0001949152464,True,
2014-09-22,2014-09-15,UKX,GJR-skewt-h5,GJR-skewt-AR1-expanding-refit21-horizon5,1,0.01201316461,0.000144316124,-0.02971283777,-0.02392683111,-0.01933024217,,,-0.00450737942,0.0001956773626,True,
2014-09-23,2014-09-16,UKX,GJR-skewt-h5,GJR-skewt-AR1-expanding-refit21-horizon5,1,0.01194025588,0.0001425697105,-0.02951093017,-0.02376003919,-0.01919134727,,,-0.0172409243,0.0002221766646,True,
2014-09-24,2014-09-17,UKX,GJR-skewt-h5,GJR-skewt-AR1-expanding-refit21-horizon5,1,0.0118648769,0.0001407753038,-0.02932057753,-0.023605992,-0.01906614228,,,-0.01106246803,0.0002365858312,True,
2014-09-25,2014-09-18,UKX,GJR-skewt-h5,GJR-skewt-AR1-expanding-refit21-horizon5,1,0.0117691679,0.0001385133131,-0.02916701909,-0.02349853073,-0.01899530208,,,-0.02668998758,0.0002635152046,True,
2014-09-26,2014-09-19,UKX,GJR-skewt-h5,GJR-skewt-AR1-expanding-refit21-horizon5,1,0.01163541765,0.0001353829438,-0.02879122919,-0.02318716014,-0.01873510827,,,-0.02795404233,0.0002752682471,True,
2014-09-29,2014-09-22,UKX,GJR-skewt-h5,GJR-skewt-AR1-expanding-refit21-horizon5,1,0.01358380571,0.0001845197775,-0.03359387092,-0.0270513825,-0.02185382024,,,-0.01892725735,0.0003088995232,True,
2014-09-30,2014-09-23,UKX,GJR-skewt-h5,GJR-skewt-AR1-expanding-refit21-horizon5,1,0.01738503109,0.0003022393061,-0.04319295639,-0.0348196502,-0.02816762767,,,-0.008030828168,0.0002811009,True,
2014-10-01,2014-09-24,UKX,GJR-skewt-h5,GJR-skewt-AR1-expanding-refit21-horizon5,1,0.01694761845,0.0002872217712,-0.04231445275,-0.03415182147,-0.02766716584,,,-0.02243792126,0.0002992465254,True,
2014-10-02,2014-09-25,UKX,GJR-skewt-h5,GJR-skewt-AR1-expanding-refit21-horizon5,1,0.01818299416,0.0003306212767,-0.04527644781,-0.0365188116,-0.02956146501,,,-0.02954499086,0.0003225007124,True,
2014-10-03,2014-09-26,UKX,GJR-skewt-h5,GJR-skewt-AR1-expanding-refit21-horizon5,1,0.01768110268,0.000312621392,-0.04420532627,-0.03567718459,-0.02890493256,,,-0.0184413264,0.000328537181,True,
2014-10-06,2014-09-29,UKX,GJR-skewt-h5,GJR-skewt-AR1-expanding-refit21-horizon5,1,0.01720676137,0.0002960726368,-0.04297678344,-0.03467743122,-0.02808686238,,,-0.01255096242,0.0002994246329,True,
2014-10-07,2014-09-30,UKX,GJR-skewt-h5,GJR-skewt-AR1-expanding-refit21-horizon5,1,0.01699218916,0.0002887344926,-0.04239331577,-0.03419745835,-0.02768907538,,,-0.01937813154,0.0003309106453,True,
2014-10-08,2014-10-01,UKX,GJR-skewt-h5,GJR-skewt-AR1-expanding-refit21-horizon5,1,0.01823013932,0.0003323379798,-0.04546633849,-0.03667337949,-0.02969083433,,,-0.01154944377,0.0003743556499,True,
2014-10-09,2014-10-02,UKX,GJR-skewt-h5,GJR-skewt-AR1-expanding-refit21-horizon5,1,0.02207478888,0.0004872963041,-0.05515698179,-0.04450962962,-0.03605449894,,,-0.002251851002,0.0004142431565,True,
2014-10-10,2014-10-03,UKX,GJR-skewt-h5,GJR-skewt-AR1-expanding-refit21-horizon5,1,0.02154725873,0.0004642843589,-0.05416836515,-0.04377545705,-0.03552238205,,,-0.02920651546,0.0004725192767,True,
2014-10-13,2014-10-06,UKX,GJR-skewt-h5,GJR-skewt-AR1-expanding-refit21-horizon5,1,0.02091536482,0.0004374524855,-0.05247716588,-0.04238903973,-0.03437799402,,,-0.03055172216,0.0005627373032,True,
2014-10-14,2014-10-07,UKX,GJR-skewt-h5,GJR-skewt-AR1-expanding-refit21-horizon5,1,0.02179059274,0.0004748299318,-0.05451354351,-0.04400326791,-0.03565699062,,,-0.01596829484,0.0006055643398,True,
2014-10-15,2014-10-08,UKX,GJR-skewt-h5,GJR-skewt-AR1-expanding-refit21-horizon5,1,0.02118880311,0.0004489653771,-0.05308282473,-0.04286281085,-0.03474703225,,,-0.04264146151,0.0007244263035,True,
2014-10-16,2014-10-09,UKX,GJR-skewt-h5,GJR-skewt-AR1-expanding-refit21-horizon5,1,0.02141020656,0.0004583969451,-0.053577696,-0.0432508924,-0.0350503114,,,-0.03738220209,0.001140851418,True,
2014-10-17,2014-10-10,UKX,GJR-skewt-h5,GJR-skewt-AR1-expanding-refit21-horizon5,1,0.02353204593,0.0005537571858,-0.0588946014,-0.04754436916,-0.03853107691,,,-0.004695580345,0.001205384481,True,
2014-10-20,2014-10-13,UKX,GJR-skewt-h5,GJR-skewt-AR1-expanding-refit21-horizon5,1,0.02279075164,0.0005194183603,-0.05722992456,-0.04623724144,-0.03750788125,,,-0.01568903255,0.001282753506,True,
2014-10-21,2014-10-14,UKX,GJR-skewt-h5,GJR-skewt-AR1-expanding-refit21-horizon5,1,0.02208564999,0.0004877759354,-0.05543733704,-0.04478474622,-0.0363254555,,,-0.003196303539,0.001279784709,True,
2014-10-22,2014-10-15,UKX,GJR-skewt-h5,GJR-skewt-AR1-expanding-refit21-horizon5,1,0.03058953561,0.0009357196886,-0.07666979725,-0.06191551987,-0.05019905352,,,0.02983261725,0.001134382783,True,
2014-10-23,2014-10-16,UKX,GJR-skewt-h5,GJR-skewt-AR1-expanding-refit21-horizon5,1,0.02961468591,0.0008770296214,-0.07450275614,-0.06021867886,-0.04887560144,,,0.03540576256,0.000759064979,True,
2014-10-24,2014-10-17,UKX,GJR-skewt-h5,GJR-skewt-AR1-expanding-refit21-horizon5,1,0.02885894085,0.000832838467,-0.07282883017,-0.05890927206,-0.04785566166,,,0.01234764724,0.0006535713651,True,
2014-10-27,2014-10-20,UKX,GJR-skewt-h5,GJR-skewt-AR1-expanding-refit21-horizon5,1,0.02834199169,0.0008032684932,-0.07121490577,-0.0575446882,-0.04668908072,,,0.0152647971,0.0005602600959,True,
2014-10-28,2014-10-21,UKX,GJR-skewt-h5,GJR-skewt-AR1-expanding-refit21-horizon5,1,0.02760299034,0.0007619250758,-0.06961556179,-0.05630178738,-0.0457292337,,,0.004681270438,0.0004736241338,True,
2014-10-29,2014-10-22,UKX,GJR-skewt-h5,GJR-skewt-AR1-expanding-refit21-horizon5,1,0.02668347459,0.000712007816,-0.06713038749,-0.05426012392,-0.04403976504,,,0.008433439321,0.000460851646,True,
2014-10-30,2014-10-23,UKX,GJR-skewt-h5,GJR-skewt-AR1-expanding-refit21-horizon5,1,0.02579535457,0.0006654003173,-0.0648572086,-0.05241531273,-0.04253512339,,,0.006892923555,0.0004319633833,True,
2014-10-31,2014-10-24,UKX,GJR-skewt-h5,GJR-skewt-AR1-expanding-refit21-horizon5,1,0.02521139958,0.0006356146685,-0.06327945158,-0.05111921524,-0.04146269353,,,0.02439972035,0.0004076752838,True,
2014-11-03,2014-10-27,UKX,GJR-skewt-h5,GJR-skewt-AR1-expanding-refit21-horizon5,1,0.02460467846,0.0006053902019,-0.06181500124,-0.04993614259,-0.04050441211,,,0.01937577636,0.0003819690609,True,
2014-11-04,2014-10-28,UKX,GJR-skewt-h5,GJR-skewt-AR1-expanding-refit21-horizon5,1,0.02383244928,0.0005679856388,-0.05997008974,-0.04846405455,-0.03932834328,,,0.008058381877,0.0004085960672,True,
2014-11-05,2014-10-29,UKX,GJR-skewt-h5,GJR-skewt-AR1-expanding-refit21-horizon5,1,0.02312469521,0.0005347515283,-0.05819321946,-0.04702887988,-0.03816447253,,,0.01311497225,0.0004028386764,True,
2014-11-06,2014-10-30,UKX,GJR-skewt-h5,GJR-skewt-AR1-expanding-refit21-horizon5,1,0.02238846202,0.0005012432316,-0.05624212386,-0.04543322928,-0.03685104277,,,0.01346181547,0.000392389392,True,
2014-11-07,2014-10-31,UKX,GJR-skewt-h5,GJR-skewt-AR1-expanding-refit21-horizon5,1,0.02185057598,0.0004774476708,-0.05500803112,-0.04445882179,-0.03608282355,,,0.003157036062,0.0004013184395,True,
2014-11-10,2014-11-03,UKX,GJR-skewt-h5,GJR-skewt-AR1-expanding-refit21-horizon5,1,0.02224113468,0.0004946680719,-0.05574217023,-0.0450044036,-0.03647869219,,,0.01882595993,0.000366297322,True,
2014-11-11,2014-11-04,UKX,GJR-skewt-h5,GJR-skewt-AR1-expanding-refit21-horizon5,1,0.02194648947,0.0004816484001,-0.05503705417,-0.0444415389,-0.03602877407,,,0.02651246201,0.0003251730238,True,
2014-11-12,2014-11-05,UKX,GJR-skewt-h5,GJR-skewt-AR1-expanding-refit21-horizon5,1,0.02143971234,0.000459661265,-0.05396704421,-0.04361619517,-0.03539769361,,,0.01093537204,0.0003194019996,True,
2014-11-13,2014-11-06,UKX,GJR-skewt-h5,GJR-skewt-AR1-expanding-refit21-horizon5,1,0.02078278739,0.0004319242517,-0.05216145249,-0.04212775934,-0.03416107732,,,0.01278575416,0.0002391327873,True,
2014-11-14,2014-11-07,UKX,GJR-skewt-h5,GJR-skewt-AR1-expanding-refit21-horizon5,1,0.02015893973,0.0004063828508,-0.0505814471,-0.04084894049,-0.03312139849,,,0.01319068353,0.0002209931446,True,
2014-11-17,2014-11-10,UKX,GJR-skewt-h5,GJR-skewt-AR1-expanding-refit21-horizon5,1,0.01960896512,0.0003845115131,-0.04923312319,-0.03976613807,-0.03224941826,,,0.009139388315,0.0002122597452,True,
2014-11-18,2014-11-11,UKX,GJR-skewt-h5,GJR-skewt-AR1-expanding-refit21-horizon5,1,0.01904169748,0.0003625862431,-0.04773911403,-0.03854599927,-0.0312467306,,,0.01225227279,0.0002189233815,True,
2014-11-19,2014-11-12,UKX,GJR-skewt-h5,GJR-skewt-AR1-expanding-refit21-horizon5,1,0.01860012995,0.0003459648341,-0.04655712631,-0.03757719532,-0.03044719308,,,0.01286502119,0.0002058422276,True,
2014-11-20,2014-11-13,UKX,GJR-skewt-h5,GJR-skewt-AR1-expanding-refit21-horizon5,1,0.01809091086,0.0003272810556,-0.04533545728,-0.03660137148,-0.02966656858,,,0.006519265761,0.0001914928136,True,
2014-11-21,2014-11-14,UKX,GJR-skewt-h5,GJR-skewt-AR1-expanding-refit21-horizon5,1,0.0176009941,0.0003097949933,-0.04407890519,-0.03558134561,-0.02883434289,,,0.01438271222,0.0002090144573,True,
2014-11-24,2014-11-17,UKX,GJR-skewt-h5,GJR-skewt-AR1-expanding-refit21-horizon5,1,0.01713438828,0.0002935872618,-0.04288944332,-0.03461715572,-0.02804901737,,,0.008625731503,0.0001942900255,True,
2014-11-25,2014-11-18,UKX,GJR-skewt-h5,GJR-skewt-AR1-expanding-refit21-horizon5,1,0.01672319893,0.0002796653825,-0.04187806714,-0.03380429708,-0.02739378026,,,0.003273763686,0.0002037059939,True,
2014-11-26,2014-11-19,UKX,GJR-skewt-h5,GJR-skewt-AR1-expanding-refit21-horizon5,1,0.0163598035,0.0002676431706,-0.0408650855,-0.03296675862,-0.02669554245,,,0.004856345302,0.0002014654833,True,
2014-11-27,2014-11-20,UKX,GJR-skewt-h5,GJR-skewt-AR1-expanding-refit21-horizon5,1,0.0160913573,0.0002589317799,-0.04017282413,-0.03240410002,-0.02623578754,,,0.006640675735,0.0002206182527,True,
2014-11-28,2014-11-21,UKX,GJR-skewt-h5,GJR-skewt-AR1-expanding-refit21-horizon5,1,0.01585425805,0.0002513574982,-0.03972915695,-0.03207490165,-0.02599747662,,,-0.004185988448,0.0002194137489,True,
2014-12-01,2014-11-24,UKX,GJR-skewt-h5,GJR-skewt-AR1-expanding-refit21-horizon5,1,0.01565163529,0.0002449736874,-0.03904857628,-0.03149214495,-0.02549239145,,,-0.01096661341,0.0002630663687,True,
2014-12-02,2014-11-25,UKX,GJR-skewt-h5,GJR-skewt-AR1-expanding-refit21-horizon5,1,0.01521917989,0.0002316234367,-0.0379706826,-0.03061383055,-0.02477429503,,,0.001632871523,0.0002903003832,True,
2014-12-03,2014-11-26,UKX,GJR-skewt-h5,GJR-skewt-AR1-expanding-refit21-horizon5,1,0.01486816719,0.0002210623955,-0.03707137942,-0.02988420461,-0.0241793512,,,-0.001874206131,0.0003261979901,True,
2014-12-04,2014-11-27,UKX,GJR-skewt-h5,GJR-skewt-AR1-expanding-refit21-horizon5,1,0.01455368211,0.0002118096631,-0.03626375206,-0.02922859728,-0.02364441048,,,-0.006565815904,0.000388030396,True,
2014-12-05,2014-11-28,UKX,GJR-skewt-h5,GJR-skewt-AR1-expanding-refit21-horizon5,1,0.01423762193,0.0002027098782,-0.03546851719,-0.02858614384,-0.023123228,,,0.00300024096,0.0003646873797,True,
2014-12-08,2014-12-01,UKX,GJR-skewt-h5,GJR-skewt-AR1-expanding-refit21-horizon5,1,0.01590610181,0.0002530040749,-0.03959401807,-0.03190511245,-0.02580200788,,,0.002370886712,0.0003304504987,True,
2014-12-09,2014-12-02,UKX,GJR-skewt-h5,GJR-skewt-AR1-expanding-refit21-horizon5,1,0.01575024863,0.0002480703319,-0.03947852932,-0.03186496211,-0.02582165775,,,-0.03204109295,0.0003573142959,True,
2014-12-10,2014-12-03,UKX,GJR-skewt-h5,GJR-skewt-AR1-expanding-refit21-horizon5,1,0.01563511851,0.0002444569307,-0.03897998661,-0.03142207256,-0.02542294314,,,-0.0327799118,0.0003448267544,True,
2014-12-11,2014-12-04,UKX,GJR-skewt-h5,GJR-skewt-AR1-expanding-refit21-horizon5,1,0.01587642375,0.000252060831,-0.0395722963,-0.03189773686,-0.02580601964,,,-0.03313567723,0.0003125126649,True,
2014-12-12,2014-12-05,UKX,GJR-skewt-h5,GJR-skewt-AR1-expanding-refit21-horizon5,1,0.01561496984,0.0002438272831,-0.03909274939,-0.03154457506,-0.02555317661,,,-0.06783035749,0.0004822994524,True,
2014-12-15,2014-12-08,UKX,GJR-skewt-h5,GJR-skewt-AR1-expanding-refit21-horizon5,1,0.01723547347,0.0002970615457,-0.04296978276,-0.03463826758,-0.02802508867,,,-0.07619456905,0.0006748534651,True,
2014-12-16,2014-12-09,UKX,GJR-skewt-h5,GJR-skewt-AR1-expanding-refit21-horizon5,1,0.02367058934,0.0005602967998,-0.05921118135,-0.04776897323,-0.03868666734,,,-0.03074584556,0.001017163257,True,
2014-12-17,2014-12-10,UKX,GJR-skewt-h5,GJR-skewt-AR1-expanding-refit21-horizon5,1,0.02320804252,0.0005386132374,-0.05824570879,-0.04702709278,-0.03812226418,,,-0.02547561137,0.001135769994,True,
2014-12-18,2014-12-11,UKX,GJR-skewt-h5,GJR-skewt-AR1-expanding-refit21-horizon5,1,0.02293711152,0.0005261110851,-0.05753900374,-0.046451354,-0.03765048048,,,0.0006652080439,0.001222789995,True,
2014-12-19,2014-12-12,UKX,GJR-skewt-h5,GJR-skewt-AR1-expanding-refit21-horizon5,1,0.02949680557,0.0008700615389,-0.07399530942,-0.05973674647,-0.04841894585,,,0.03810232251,0.00118108865,True,
2014-12-22,2014-12-15,UKX,GJR-skewt-h5,GJR-skewt-AR1-expanding-refit21-horizon5,1,0.03206524591,0.001028179996,-0.08061139157,-0.06511126135,-0.05280796093,,,0.06177802862,0.001022875255,True,
2014-12-23,2014-12-16,UKX,GJR-skewt-h5,GJR-skewt-AR1-expanding-refit21-horizon5,1,0.0313390213,0.0009821342563,-0.07929241818,-0.06414334018,-0.05211868911,,,0.04121238898,0.000649087176,True,
2014-12-24,2014-12-17,UKX,GJR-skewt-h5,GJR-skewt-AR1-expanding-refit21-horizon5,1,0.03022864952,0.0009137712516,-0.07618012692,-0.06156779539,-0.04996918931,,,0.04224194478,,True,
2014-12-29,2014-12-18,UKX,GJR-skewt-h5,GJR-skewt-AR1-expanding-refit21-horizon5,1,0.02948979887,0.0008696482373,-0.0745411151,-0.06028593914,-0.04897082696,,,0.02557488907,,True,
2014-12-30,2014-12-19,UKX,GJR-skewt-h5,GJR-skewt-AR1-expanding-refit21-horizon5,1,0.02858354985,0.000817019322,-0.07213483422,-0.05831773311,-0.04735034488,,,0.00025972442,,True,
2014-12-31,2014-12-22,UKX,GJR-skewt-h5,GJR-skewt-AR1-expanding-refit21-horizon5,1,0.02761156856,0.0007623987181,-0.06956915607,-0.05622190436,-0.04562746128,,,-0.00161306557,,True,
2015-01-02,2014-12-23,UKX,GJR-skewt-h5,GJR-skewt-AR1-expanding-refit21-horizon5,1,0.02667159572,0.0007113740183,-0.06715783877,-0.05426496379,-0.04403118434,,,-0.007667828536,,True,
2015-01-05,2014-12-24,UKX,GJR-skewt-h5,GJR-skewt-AR1-expanding-refit21-horizon5,1,0.02580188493,0.000665737266,-0.06497490504,-0.05250065066,-0.04259812891,,,-0.02958659445,,True,
2015-01-06,2014-12-29,UKX,GJR-skewt-h5,GJR-skewt-AR1-expanding-refit21-horizon5,1,0.02493941405,0.000621974373,-0.06280067599,-0.0507433943,-0.04117188079,,,-0.04108270035,,True,
2015-01-07,2014-12-30,UKX,GJR-skewt-h5,GJR-skewt-AR1-expanding-refit21-horizon5,1,0.02615244574,0.0006839504179,-0.06568947304,-0.05304573552,-0.04300867181,,,-0.01961999526,,True,
2015-01-08,2014-12-31,UKX,GJR-skewt-h5,GJR-skewt-AR1-expanding-refit21-horizon5,1,0.02526941994,0.0006385435842,-0.06363301486,-0.05141618755,-0.04171802087,,,0.000593768635,0.0007927829897,True,
2015-01-09,2015-01-02,UKX,GJR-skewt-h5,GJR-skewt-AR1-expanding-refit21-horizon5,1,0.02452136378,0.0006012972817,-0.06166054873,-0.04980537884,-0.04039430911,,,-0.007157677158,0.0007746395388,True,
2015-01-12,2015-01-05,UKX,GJR-skewt-h5,GJR-skewt-AR1-expanding-refit21-horizon5,1,0.02837083043,0.000804904019,-0.07125307839,-0.05753683415,-0.04664837518,,,0.01303560737,0.000751388163,True,
2015-01-13,2015-01-06,UKX,GJR-skewt-h5,GJR-skewt-AR1-expanding-refit21-horizon5,1,0.02811636905,0.0007905302088,-0.07075113106,-0.05715790946,-0.04636711037,,,0.02722366211,0.0006704242379,True,
2015-01-14,2015-01-07,UKX,GJR-skewt-h5,GJR-skewt-AR1-expanding-refit21-horizon5,1,0.02719517623,0.0007395776102,-0.06860025958,-0.05545240054,-0.04501514663,,,-0.004887435151,0.000784661457,True,
2015-01-15,2015-01-08,UKX,GJR-skewt-h5,GJR-skewt-AR1-expanding-refit21-horizon5,1,0.02672412464,0.0007141788378,-0.06757767042,-0.05465754735,-0.04440107863,,,-0.01089631803,0.001037039619,True,
2015-01-16,2015-01-09,UKX,GJR-skewt-h5,GJR-skewt-AR1-expanding-refit21-horizon5,1,0.02701526571,0.0007298245814,-0.06791683558,-0.05485595661,-0.04448775067,,,0.007539411926,0.00104256498,True,
2015-01-19,2015-01-12,UKX,GJR-skewt-h5,GJR-skewt-AR1-expanding-refit21-horizon5,1,0.02608790298,0.0006805786818,-0.06568243204,-0.05306989855,-0.04305760575,,,0.0128527392,0.0009721701566,True,
2015-01-20,2015-01-13,UKX,GJR-skewt-h5,GJR-skewt-AR1-expanding-refit21-horizon5,1,0.0252357823,0.0006368447083,-0.0635872953,-0.05138673055,-0.04170147369,,,0.01183696023,0.0008948109648,True,
2015-01-21,2015-01-14,UKX,GJR-skewt-h5,GJR-skewt-AR1-expanding-refit21-horizon5,1,0.03048010808,0.0009290369884,-0.07657945681,-0.06184345506,-0.05014547508,,,0.05177842362,0.0007536027873,True,
2015-01-22,2015-01-15,UKX,GJR-skewt-h5,GJR-skewt-AR1-expanding-refit21-horizon5,1,0.02961740641,0.0008771907627,-0.0748714823,-0.06055256481,-0.04918568165,,,0.04480498709,0.0005248775442,True,
2015-01-23,2015-01-16,UKX,GJR-skewt-h5,GJR-skewt-AR1-expanding-refit21-horizon5,1,0.02862545394,0.0008194166133,-0.07223608313,-0.05839673786,-0.04741055677,,,0.04222369675,0.0004551781648,True,
2015-01-26,2015-01-19,UKX,GJR-skewt-h5,GJR-skewt-AR1-expanding-refit21-horizon5,1,0.02764956293,0.0007644983304,-0.06972145984,-0.05635392168,-0.04574227842,,,0.03972867911,0.0004844614195,True,
2015-01-27,2015-01-20,UKX,GJR-skewt-h5,GJR-skewt-AR1-expanding-refit21-horizon5,1,0.02671636471,0.0007137641434,-0.06734435198,-0.05442798055,-0.04417449002,,,0.02851656518,0.0005228447073,True,
2015-01-28,2015-01-21,UKX,GJR-skewt-h5,GJR-skewt-AR1-expanding-refit21-horizon5,1,0.0260325597,0.0006776941645,-0.06573402783,-0.05314825076,-0.04315719819,,,0.01444626348,0.0005110555091,True,
2015-01-29,2015-01-22,UKX,GJR-skewt-h5,GJR-skewt-AR1-expanding-refit21-horizon5,1,0.0252440487,0.0006372619949,-0.06365476831,-0.05145020706,-0.04176177763,,,0.002057734838,0.0005391770389,True,
2015-01-30,2015-01-23,UKX,GJR-skewt-h5,GJR-skewt-AR1-expanding-refit21-horizon5,1,0.02442237169,0.0005964522391,-0.06150528844,-0.04969797755,-0.04032490005,,,-0.01228091959,0.0005939920676,True,
2015-02-02,2015-01-26,UKX,GJR-skewt-h5,GJR-skewt-AR1-expanding-refit21-horizon5,1,0.02361928424,0.0005578705878,-0.05943160896,-0.04801256107,-0.03894770102,,,-0.01023841786,0.0006090141955,True,
2015-02-03,2015-01-27,UKX,GJR-skewt-h5,GJR-skewt-AR1-expanding-refit21-horizon5,1,0.02331532426,0.0005436043451,-0.05857857637,-0.04730004167,-0.03834564611,,,0.008798996719,0.0006258940991,True,
2015-02-04,2015-01-28,UKX,GJR-skewt-h5,GJR-skewt-AR1-expanding-refit21-horizon5,1,0.02256039182,0.0005089712791,-0.05675268156,-0.04583933723,-0.03717487817,,,0.00498325559,0.0006410026247,True,
2015-02-05,2015-01-29,UKX,GJR-skewt-h5,GJR-skewt-AR1-expanding-refit21-horizon5,1,0.02191229581,0.0004801487075,-0.0550498417,-0.04445000677,-0.03603445302,,,0.008086879742,0.0005951501781,True,
2015-02-06,2015-01-30,UKX,GJR-skewt-h5,GJR-skewt-AR1-expanding-refit21-horizon5,1,0.0223608152,0.0005000060563,-0.0561107531,-0.04529395179,-0.03670614137,,,0.01529126768,0.0005294727511,True,
2015-02-09,2015-02-02,UKX,GJR-skewt-h5,GJR-skewt-AR1-expanding-refit21-horizon5,1,0.02166963362,0.0004695730213,-0.05451767048,-0.04403522075,-0.03571286292,,,0.008017795907,0.0005086067634,True,
2015-02-10,2015-02-03,UKX,GJR-skewt-h5,GJR-skewt-AR1-expanding-refit21-horizon5,1,0.02117046095,0.000448188417,-0.05334427132,-0.04310329094,-0.03497264349,,,-0.006233144619,0.0004946234553,True,
2015-02-11,2015-02-04,UKX,GJR-skewt-h5,GJR-skewt-AR1-expanding-refit21-horizon5,1,0.02055468038,0.0004224948856,-0.05159830764,-0.04165520441,-0.03376105133,,,-0.006111905738,0.0004140964533,True,
2015-02-12,2015-02-05,UKX,GJR-skewt-h5,GJR-skewt-AR1-expanding-refit21-horizon5,1,0.01992733547,0.0003970986989,-0.05003142903,-0.04039179709,-0.03273857973,,,-0.005520651382,0.0003797293791,True,
2015-02-13,2015-02-06,UKX,GJR-skewt-h5,GJR-skewt-AR1-expanding-refit21-horizon5,1,0.01938822444,0.000375903247,-0.04862610177,-0.03924725893,-0.03180109052,,,0.00292857273,0.0003559501312,True,
2015-02-16,2015-02-09,UKX,GJR-skewt-h5,GJR-skewt-AR1-expanding-refit21-horizon5,1,0.01891751665,0.0003578724363,-0.04742067243,-0.03826952937,-0.03100413922,,,0.002906306503,0.0002852457534,True,
2015-02-17,2015-02-10,UKX,GJR-skewt-h5,GJR-skewt-AR1-expanding-refit21-horizon5,1,0.01839965852,0.0003385474336,-0.0461158753,-0.03721524049,-0.03014873698,,,0.01005311792,0.0002632596236,True,
2015-02-18,2015-02-11,UKX,GJR-skewt-h5,GJR-skewt-AR1-expanding-refit21-horizon5,1,0.01792896169,0.0003214476674,-0.04491206337,-0.03623912302,-0.02935339356,,,0.01165048957,0.0002439018485,True,
2015-02-19,2015-02-12,UKX,GJR-skewt-h5,GJR-skewt-AR1-expanding-refit21-horizon5,1,0.01743351263,0.0003039273626,-0.04368676857,-0.03525349632,-0.02855804716,,,0.00886494163,0.0002342438717,True,
2015-02-20,2015-02-13,UKX,GJR-skewt-h5,GJR-skewt-AR1-expanding-refit21-horizon5,1,0.017018004,0.00028961246,-0.04269063815,-0.03445836369,-0.02792249321,,,0.006048477599,0.000265861019,True,
2015-02-23,2015-02-16,UKX,GJR-skewt-h5,GJR-skewt-AR1-expanding-refit21-horizon5,1,0.01667410758,0.0002780258637,-0.04170644639,-0.03364052808,-0.02723673316,,,0.008003368354,0.0002801373105,True,
2015-02-24,2015-02-17,UKX,GJR-skewt-h5,GJR-skewt-AR1-expanding-refit21-horizon5,1,0.01628856426,0.0002653173258,-0.04082476237,-0.03294534645,-0.02668962184,,,0.007438092493,0.000234948372,True,
2015-02-25,2015-02-18,UKX,GJR-skewt-h5,GJR-skewt-AR1-expanding-refit21-horizon5,1,0.01587673184,0.0002520706138,-0.03970422381,-0.03202402736,-0.02592646956,,,0.005392690844,0.0002472320637,True,
2015-02-26,2015-02-19,UKX,GJR-skewt-h5,GJR-skewt-AR1-expanding-refit21-horizon5,1,0.01552860264,0.0002411375001,-0.03880150937,-0.03128971662,-0.02532586001,,,0.008787114851,0.0002185652367,True,
2015-02-27,2015-02-20,UKX,GJR-skewt-h5,GJR-skewt-AR1-expanding-refit21-horizon5,1,0.01517779304,0.0002303654015,-0.03796979592,-0.03062770351,-0.02479857751,,,0.004544839212,0.000191067283,True,
2015-03-02,2015-02-23,UKX,GJR-skewt-h5,GJR-skewt-AR1-expanding-refit21-horizon5,1,0.01483205073,0.0002199897289,-0.03703821123,-0.0298633679,-0.02416702639,,,0.004100245754,0.0001858737242,True,
2015-03-03,2015-02-24,UKX,GJR-skewt-h5,GJR-skewt-AR1-expanding-refit21-horizon5,1,0.01454310151,0.0002115018015,-0.03637228257,-0.02933721529,-0.02375184653,,,-0.008743651439,0.0001980008386,True,
2015-03-04,2015-02-25,UKX,GJR-skewt-h5,GJR-skewt-AR1-expanding-refit21-horizon5,1,0.01416373193,0.0002006113021,-0.03530234804,-0.02844184715,-0.02299875196,,,-0.002338532223,0.0002200668161,True,
2015-03-05,2015-02-26,UKX,GJR-skewt-h5,GJR-skewt-AR1-expanding-refit21-horizon5,1,0.01386906161,0.00019235087,-0.03460144015,-0.027883669,-0.02255381506,,,0.001639000678,0.0002329226192,True,
2015-03-06,2015-02-27,UKX,GJR-skewt-h5,GJR-skewt-AR1-expanding-refit21-horizon5,1,0.01359280345,0.0001847643057,-0.03386754094,-0.02728358123,-0.02205989277,,,-0.005036687055,0.000201925202,True,
2015-03-09,2015-03-02,UKX,GJR-skewt-h5,GJR-skewt-AR1-expanding-refit21-horizon5,1,0.01335067757,0.0001782405916,-0.03324535308,-0.02677867213,-0.02164803218,,,-0.00927843866,0.0001949792041,True,
2015-03-10,2015-03-03,UKX,GJR-skewt-h5,GJR-skewt-AR1-expanding-refit21-horizon5,1,0.01436711969,0.0002064141281,-0.03575501816,-0.02879600213,-0.02327474542,,,-0.02741514617,0.0002345354836,True,
2015-03-11,2015-03-04,UKX,GJR-skewt-h5,GJR-skewt-AR1-expanding-refit21-horizon5,1,0.01408346381,0.0001983439529,-0.03517544994,-0.02835382859,-0.02294158028,,,-0.02898884028,0.0002515290744,True,
2015-03-12,2015-03-05,UKX,GJR-skewt-h5,GJR-skewt-AR1-expanding-refit21-horizon5,1,0.01384958683,0.0001918110554,-0.03460000301,-0.02789166488,-0.02256929506,,,-0.02915190871,0.0002990590021,True,
2015-03-13,2015-03-06,UKX,GJR-skewt-h5,GJR-skewt-AR1-expanding-refit21-horizon5,1,0.01466698118,0.0002151203368,-0.03652298937,-0.02941872913,-0.02378223622,,,-0.02508111141,0.0003339389903,True,
2015-03-16,2015-03-09,UKX,GJR-skewt-h5,GJR-skewt-AR1-expanding-refit21-horizon5,1,0.0149264136,0.0002227978229,-0.03720791911,-0.02997799733,-0.02424180503,,,-0.01058441551,0.0003497515542,True,
2015-03-17,2015-03-10,UKX,GJR-skewt-h5,GJR-skewt-AR1-expanding-refit21-horizon5,1,0.02475383464,0.0006127523293,-0.06199387493,-0.05000383546,-0.04049098398,,,0.01991148675,0.0003287882882,True,
2015-03-18,2015-03-11,UKX,GJR-skewt-h5,GJR-skewt-AR1-expanding-refit21-horizon5,1,0.02391016313,0.0005716959009,-0.06018834978,-0.04860696032,-0.0394183302,,,0.03273945765,0.0003212335822,True,
2015-03-19,2015-03-12,UKX,GJR-skewt-h5,GJR-skewt-AR1-expanding-refit21-horizon5,1,0.0231358688,0.0005352684254,-0.05825335937,-0.04704701563,-0.03815594534,,,0.02932423831,0.0002943346126,True,
2015-03-20,2015-03-13,UKX,GJR-skewt-h5,GJR-skewt-AR1-expanding-refit21-horizon5,1,0.02249381973,0.0005059719261,-0.05650992119,-0.04561456739,-0.03697023533,,,0.04097032372,0.0002852948965,True,
2015-03-23,2015-03-16,UKX,GJR-skewt-h5,GJR-skewt-AR1-expanding-refit21-horizon5,1,0.02184692495,0.0004772881297,-0.05501239378,-0.04443037705,-0.03603464542,,,0.03375605389,0.0002769682103,True,
2015-03-24,2015-03-17,UKX,GJR-skewt-h5,GJR-skewt-AR1-expanding-refit21-horizon5,1,0.02116451098,0.0004479365251,-0.05321997679,-0.04296850159,-0.03483502035,,,0.02628370266,0.0002685901399,True,
2015-03-25,2015-03-18,UKX,GJR-skewt-h5,GJR-skewt-AR1-expanding-refit21-horizon5,1,0.02077293478,0.0004315148192,-0.05235211701,-0.04229030996,-0.03430731072,,,0.006572805966,0.0002350477632,True,
2015-03-26,2015-03-19,UKX,GJR-skewt-h5,GJR-skewt-AR1-expanding-refit21-horizon5,1,0.02012365733,0.0004049615843,-0.05053886652,-0.04079155063,-0.03305806747,,,-0.009669859708,0.0003176265173,True,
2015-03-27,2015-03-20,UKX,GJR-skewt-h5,GJR-skewt-AR1-expanding-refit21-horizon5,1,0.0195891496,0.0003837347819,-0.04925177984,-0.039763364,-0.03223529114,,,-0.02414096698,0.0003493791229,True,
2015-03-30,2015-03-23,UKX,GJR-skewt-h5,GJR-skewt-AR1-expanding-refit21-horizon5,1,0.01899757679,0.0003609079239,-0.04766675922,-0.03846488409,-0.03116415153,,,-0.02100719675,0.0003621558141,True,
2015-03-31,2015-03-24,UKX,GJR-skewt-h5,GJR-skewt-AR1-expanding-refit21-horizon5,1,0.01854785957,0.0003440230946,-0.0464639747,-0.03747992954,-0.03035202245,,,-0.03577638962,0.0004283417463,True,
2015-04-01,2015-03-25,UKX,GJR-skewt-h5,GJR-skewt-AR1-expanding-refit21-horizon5,1,0.01830741184,0.0003351613281,-0.0458328701,-0.03696529085,-0.02992978737,,,-0.0263049115,0.0004819014998,True,
2015-04-02,2015-03-26,UKX,GJR-skewt-h5,GJR-skewt-AR1-expanding-refit21-horizon5,1,0.02083060508,0.0004339141081,-0.05227227461,-0.04213233987,-0.03409814036,,,-0.009003004381,0.0003873571413,True,
2015-04-07,2015-03-27,UKX,GJR-skewt-h5,GJR-skewt-AR1-expanding-refit21-horizon5,1,0.02073331633,0.000429870406,-0.05211548102,-0.04202290455,-0.03402622854,,,0.01545972058,0.0003591248149,True,
2015-04-08,2015-03-30,UKX,GJR-skewt-h5,GJR-skewt-AR1-expanding-refit21-horizon5,1,0.02011308763,0.0004045362941,-0.05066155572,-0.04087089456,-0.03311343585,,,0.006652807239,0.0003758195464,True,
2015-04-09,2015-03-31,UKX,GJR-skewt-h5,GJR-skewt-AR1-expanding-refit21-horizon5,1,0.02370444377,0.0005619006542,-0.05956509865,-0.04802623494,-0.0388836186,,,0.0351635984,0.0003049409924,True,
2015-04-10,2015-04-01,UKX,GJR-skewt-h5,GJR-skewt-AR1-expanding-refit21-horizon5,1,0.02293580812,0.0005260512942,-0.05786579217,-0.04670108539,-0.03785492573,,,0.04033840787,0.0002381560353,True,
2015-04-13,2015-04-02,UKX,GJR-skewt-h5,GJR-skewt-AR1-expanding-refit21-horizon5,1,0.02219043738,0.0004924155112,-0.05594223778,-0.04514036303,-0.03658168697,,,0.03321691623,0.0002155258346,True,
2015-04-14,2015-04-07,UKX,GJR-skewt-h5,GJR-skewt-AR1-expanding-refit21-horizon5,1,0.02184076891,0.0004770191865,-0.05522408339,-0.04459242047,-0.03616860877,,,0.01617178431,0.0002253262373,True,
2015-04-15,2015-04-08,UKX,GJR-skewt-h5,GJR-skewt-AR1-expanding-refit21-horizon5,1,0.02130309037,0.0004538216595,-0.05359663767,-0.04322670625,-0.0350102729,,,0.02271690032,0.0001963772795,True,
2015-04-16,2015-04-09,UKX,GJR-skewt-h5,GJR-skewt-AR1-expanding-refit21-horizon5,1,0.02076207765,0.0004310638682,-0.05238567373,-0.04227909681,-0.03427132779,,,0.0064081519,0.0001909676916,True,
2015-04-17,2015-04-10,UKX,GJR-skewt-h5,GJR-skewt-AR1-expanding-refit21-horizon5,1,0.02023975468,0.0004096476696,-0.05104546287,-0.04119314264,-0.03338682945,,,-0.01351866711,0.0002741892324,True,
2015-04-20,2015-04-13,UKX,GJR-skewt-h5,GJR-skewt-AR1-expanding-refit21-horizon5,1,0.01981393241,0.0003925919176,-0.04979537589,-0.04015033769,-0.03250826079,,,-0.001728444947,0.0003020702717,True,
2015-04-21,2015-04-14,UKX,GJR-skewt-h5,GJR-skewt-AR1-expanding-refit21-horizon5,1,0.01921173373,0.0003690907128,-0.04831819397,-0.03896629442,-0.03155648078,,,-0.001754099735,0.0003195917236,True,
2015-04-22,2015-04-15,UKX,GJR-skewt-h5,GJR-skewt-AR1-expanding-refit21-horizon5,1,0.01864849467,0.0003477663535,-0.04689792839,-0.03782020268,-0.03062762589,,,-0.009713295484,0.0003872180028,True,
2015-04-23,2015-04-16,UKX,GJR-skewt-h5,GJR-skewt-AR1-expanding-refit21-horizon5,1,0.0185526889,0.0003442022656,-0.04655918759,-0.03752809828,-0.03037247301,,,-0.000963541034,0.000428056635,True,
2015-04-24,2015-04-17,UKX,GJR-skewt-h5,GJR-skewt-AR1-expanding-refit21-horizon5,1,0.01948202346,0.0003795492382,-0.04888169623,-0.03939822488,-0.03188416263,,,0.0108210757,0.0003848057864,True,
2015-04-27,2015-04-20,UKX,GJR-skewt-h5,GJR-skewt-AR1-expanding-refit21-horizon5,1,0.01897262848,0.0003599606316,-0.04778459163,-0.03854908387,-0.03123149123,,,0.007332546985,0.0004400484211,True,
2015-04-28,2015-04-21,UKX,GJR-skewt-h5,GJR-skewt-AR1-expanding-refit21-horizon5,1,0.01841376643,0.0003390667941,-0.0462815571,-0.03731809256,-0.03021604859,,,-0.004597891111,0.0004561083092,True,
2015-04-29,2015-04-22,UKX,GJR-skewt-h5,GJR-skewt-AR1-expanding-refit21-horizon5,1,0.01830434181,0.000335048929,-0.04592777252,-0.03701757376,-0.02995773401,,,-0.01172153962,0.0004763746569,True,
2015-04-30,2015-04-23,UKX,GJR-skewt-h5,GJR-skewt-AR1-expanding-refit21-horizon5,1,0.01779273708,0.0003165814928,-0.04472089678,-0.03605973728,-0.02919721942,,,-0.01328663789,0.0005350369327,True,
2015-05-01,2015-04-24,UKX,GJR-skewt-h5,GJR-skewt-AR1-expanding-refit21-horizon5,1,0.01729972954,0.0002992806421,-0.04344876163,-0.03502758865,-0.02835521989,,,-0.0120513661,0.0005334774509,True,
2015-05-05,2015-04-27,UKX,GJR-skewt-h5,GJR-skewt-AR1-expanding-refit21-horizon5,1,0.01685505665,0.0002840929348,-0.0423404554,-0.03413574056,-0.02763487862,,,-0.02514455867,0.000557454634,True,
2015-05-06,2015-04-28,UKX,GJR-skewt-h5,GJR-skewt-AR1-expanding-refit21-horizon5,1,0.01830163845,0.0003349499699,-0.04586141518,-0.03695102416,-0.02989019923,,,-0.01386421767,,True,
2015-05-07,2015-04-29,UKX,GJR-skewt-h5,GJR-skewt-AR1-expanding-refit21-horizon5,1,0.02017447033,0.000407009253,-0.05062205507,-0.04079985146,-0.03301648259,,,-0.00857353908,,True,
2015-05-08,2015-04-30,UKX,GJR-skewt-h5,GJR-skewt-AR1-expanding-refit21-horizon5,1,0.0195554118,0.0003824141305,-0.04921102777,-0.03969022088,-0.03214568657,,,0.0123078938,,True,
2015-05-11,2015-05-01,UKX,GJR-skewt-h5,GJR-skewt-AR1-expanding-refit21-horizon5,1,0.01897912814,0.0003602073049,-0.04775907752,-0.03851884182,-0.03119663941,,,0.006264320649,,True,
2015-05-12,2015-05-05,UKX,GJR-skewt-h5,GJR-skewt-AR1-expanding-refit21-horizon5,1,0.01955759997,0.0003824997168,-0.04909130384,-0.0395694316,-0.03202405309,,,0.0008945283247,,True,
2015-05-13,2015-05-06,UKX,GJR-skewt-h5,GJR-skewt-AR1-expanding-refit21-horizon5,1,0.01896644402,0.0003597259988,-0.04769358181,-0.03845952155,-0.03114221271,,,0.002290508686,0.0005694466916,True,
2015-05-14,2015-05-07,UKX,GJR-skewt-h5,GJR-skewt-AR1-expanding-refit21-horizon5,1,0.01916391569,0.0003672556646,-0.04810604764,-0.03877584572,-0.03138235174,,,0.01240997168,0.0005151995338,True,
2015-05-15,2015-05-08,UKX,GJR-skewt-h5,GJR-skewt-AR1-expanding-refit21-horizon5,1,0.01922906544,0.0003697569577,-0.04862839364,-0.03926647271,-0.03184784377,,,-0.01232227455,0.0004738277985,True,
2015-05-18,2015-05-11,UKX,GJR-skewt-h5,GJR-skewt-AR1-expanding-refit21-horizon5,1,0.0187368098,0.0003510680414,-0.04706809812,-0.03794583826,-0.03071712297,,,-0.008715088003,0.0005419342736,True,
2015-05-19,2015-05-12,UKX,GJR-skewt-h5,GJR-skewt-AR1-expanding-refit21-horizon5,1,0.02115054643,0.0004473456144,-0.05309291851,-0.04279549954,-0.03463555769,,,0.008801942608,0.0004222518396,True,
2015-05-20,2015-05-13,UKX,GJR-skewt-h5,GJR-skewt-AR1-expanding-refit21-horizon5,1,0.02048363229,0.0004195791917,-0.05158294424,-0.0416102211,-0.03370757665,,,0.008268316908,0.0003965759566,True,
2015-05-21,2015-05-14,UKX,GJR-skewt-h5,GJR-skewt-AR1-expanding-refit21-horizon5,1,0.01985776025,0.0003943306422,-0.04999841757,-0.04033040839,-0.03266922717,,,0.005791314939,0.000336886803,True,
2015-05-22,2015-05-15,UKX,GJR-skewt-h5,GJR-skewt-AR1-expanding-refit21-horizon5,1,0.0193071175,0.0003727647862,-0.04853108561,-0.03913116402,-0.03168242237,,,0.01017721424,0.0003245016638,True,
2015-05-26,2015-05-18,UKX,GJR-skewt-h5,GJR-skewt-AR1-expanding-refit21-horizon5,1,0.01872955993,0.0003507964151,-0.04709284245,-0.03797411229,-0.03074819402,,,-0.002859614701,0.0002842306462,True,
2015-05-27,2015-05-19,UKX,GJR-skewt-h5,GJR-skewt-AR1-expanding-refit21-horizon5,1,0.01819713666,0.0003311357827,-0.04576436325,-0.0369048503,-0.02988434245,,,0.005446066788,0.0003163517364,True,
2015-05-28,2015-05-20,UKX,GJR-skewt-h5,GJR-skewt-AR1-expanding-refit21-horizon5,1,0.01767912688,0.0003125515273,-0.04441804282,-0.03581072967,-0.02899007149,,,0.004783554014,0.0003120602897,True,
2015-05-29,2015-05-21,UKX,GJR-skewt-h5,GJR-skewt-AR1-expanding-refit21-horizon5,1,0.0171856174,0.0002953454454,-0.04314807093,-0.0347810293,-0.02815076851,,,-0.004157786546,0.0004450376551,True,
2015-06-01,2015-05-22,UKX,GJR-skewt-h5,GJR-skewt-AR1-expanding-refit21-horizon5,1,0.01672607307,0.0002797615202,-0.04199555296,-0.03385224647,-0.02739927921,,,-0.01116899992,0.0005063380173,True,
2015-06-02,2015-05-26,UKX,GJR-skewt-h5,GJR-skewt-AR1-expanding-refit21-horizon5,1,0.01872803922,0.0003507394531,-0.04693265118,-0.03781466139,-0.03058932981,,,-0.002983319614,0.0005736391137,True,
2015-06-03,2015-05-27,UKX,GJR-skewt-h5,GJR-skewt-AR1-expanding-refit21-horizon5,1,0.01835586846,0.000336937907,-0.04626911027,-0.03733231666,-0.03025056963,,,-0.01184238531,0.0005741366132,True,
2015-06-04,2015-05-28,UKX,GJR-skewt-h5,GJR-skewt-AR1-expanding-refit21-horizon5,1,0.01782753929,0.000317821157,-0.04478892223,-0.03610935256,-0.02923143645,,,-0.02614514369,0.0006576796527,True,
2015-06-05,2015-05-29,UKX,GJR-skewt-h5,GJR-skewt-AR1-expanding-refit21-horizon5,1,0.01845041235,0.0003404177159,-0.04627550417,-0.0372869496,-0.03016750727,,,-0.02608020816,0.0005950505833,True,
2015-06-08,2015-06-01,UKX,GJR-skewt-h5,GJR-skewt-AR1-expanding-refit21-horizon5,1,0.01827815078,0.000334090796,-0.04588146343,-0.03697683016,-0.02992385823,,,-0.0238085836,0.0005904025954,True,
2015-06-09,2015-06-02,UKX,GJR-skewt-h5,GJR-skewt-AR1-expanding-refit21-horizon5,1,0.01800233273,0.0003240839836,-0.04518720507,-0.03641694308,-0.0294704008,,,-0.02550916414,0.0005198804387,True,
2015-06-10,2015-06-03,UKX,GJR-skewt-h5,GJR-skewt-AR1-expanding-refit21-horizon5,1,0.01750509633,0.0003064283975,-0.04400395266,-0.03547593114,-0.02872125696,,,-0.0174450315,0.0005011905925,True,
2015-06-11,2015-06-04,UKX,GJR-skewt-h5,GJR-skewt-AR1-expanding-refit21-horizon5,1,0.01990114279,0.0003960554845,-0.0499134194,-0.04021810719,-0.03253887294,,,-0.001824032444,0.0004568431355,True,
2015-06-12,2015-06-05,UKX,GJR-skewt-h5,GJR-skewt-AR1-expanding-refit21-horizon5,1,0.02033630084,0.0004135651318,-0.05108968702,-0.04118237729,-0.03333522904,,,-0.002899328133,,True,
2015-06-15,2015-06-08,UKX,GJR-skewt-h5,GJR-skewt-AR1-expanding-refit21-horizon5,1,0.01979502329,0.000391842947,-0.04978148258,-0.040137869,-0.03249958298,,,-0.01177747772,,True,
2015-06-16,2015-06-09,UKX,GJR-skewt-h5,GJR-skewt-AR1-expanding-refit21-horizon5,1,0.01966292739,0.0003866307137,-0.04940422361,-0.03982496367,-0.03223764937,,,-0.006491411973,,True,
2015-06-17,2015-06-10,UKX,GJR-skewt-h5,GJR-skewt-AR1-expanding-refit21-horizon5,1,0.01921312191,0.0003691440534,-0.04846450943,-0.03910438286,-0.03169063455,,,-0.0221607494,,True,
2015-06-18,2015-06-11,UKX,GJR-skewt-h5,GJR-skewt-AR1-expanding-refit21-horizon5,1,0.01864859946,0.0003477702618,-0.04691247899,-0.03782737288,-0.03063145629,,,-0.02048089119,,True,
2015-06-19,2015-06-12,UKX,GJR-skewt-h5,GJR-skewt-AR1-expanding-refit21-horizon5,1,0.01944943732,0.0003782806122,-0.04881265059,-0.03933739738,-0.03183246227,,,-0.01102607649,0.0004906545266,True,
2015-06-22,2015-06-15,UKX,GJR-skewt-h5,GJR-skewt-AR1-expanding-refit21-horizon5,1,0.02078830882,0.0004321537837,-0.05220529356,-0.04207777745,-0.03405621333,,,0.01702146463,0.0004953751231,True,
2015-06-23,2015-06-16,UKX,GJR-skewt-h5,GJR-skewt-AR1-expanding-refit21-horizon5,1,0.02013952847,0.0004056006072,-0.05068696012,-0.04087551269,-0.0331042928,,,0.01842795655,0.0004083249237,True,
2015-06-24,2015-06-17,UKX,GJR-skewt-h5,GJR-skewt-AR1-expanding-refit21-horizon5,1,0.01983624751,0.0003934767153,-0.04985837559,-0.04019467866,-0.03254048549,,,0.02428139288,0.0004025841876,True,
2015-06-25,2015-06-18,UKX,GJR-skewt-h5,GJR-skewt-AR1-expanding-refit21-horizon5,1,0.01925089215,0.0003705968487,-0.04847078613,-0.03909225889,-0.03166393622,,,0.01478306333,0.0003539125818,True,
2015-06-26,2015-06-19,UKX,GJR-skewt-h5,GJR-skewt-AR1-expanding-refit21-horizon5,1,0.01867757168,0.0003488516837,-0.04696120453,-0.03786198392,-0.03065488785,,,0.006417067874,0.0003121688194,True,
2015-06-29,2015-06-22,UKX,GJR-skewt-h5,GJR-skewt-AR1-expanding-refit21-horizon5,1,0.01848608071,0.0003417351801,-0.04668110183,-0.03767517057,-0.03054196493,,,-0.03052403269,0.0003495314908,True,
2015-06-30,2015-06-23,UKX,GJR-skewt-h5,GJR-skewt-AR1-expanding-refit21-horizon5,1,0.01795446766,0.000322362909,-0.04512765363,-0.03638071024,-0.0294526376,,,-0.04701408675,0.0004348190058,True,
2015-07-01,2015-06-24,UKX,GJR-skewt-h5,GJR-skewt-AR1-expanding-refit21-horizon5,1,0.01745028823,0.0003045125593,-0.04384209287,-0.03534077241,-0.02860724698,,,-0.03511736546,0.0004953161538,True,
2015-07-02,2015-06-25,UKX,GJR-skewt-h5,GJR-skewt-AR1-expanding-refit21-horizon5,1,0.01750450407,0.0003064076627,-0.04389432713,-0.03536659413,-0.0286121485,,,-0.02638876886,0.0004960997115,True,
2015-07-03,2015-06-26,UKX,GJR-skewt-h5,GJR-skewt-AR1-expanding-refit21-horizon5,1,0.01816328068,0.000329904765,-0.04554363982,-0.03669496823,-0.02968632112,,,-0.02517474529,0.0004924624724,True,
2015-07-06,2015-06-29,UKX,GJR-skewt-h5,GJR-skewt-AR1-expanding-refit21-horizon5,1,0.02354100683,0.0005541790024,-0.05915405935,-0.04769654038,-0.0386205753,,,-0.01289140909,0.0005247040113,True,
2015-07-07,2015-06-30,UKX,GJR-skewt-h5,GJR-skewt-AR1-expanding-refit21-horizon5,1,0.02572764985,0.0006619119666,-0.06478753503,-0.0522657666,-0.04234676639,,,-0.01371108217,0.0004880101236,True,
2015-07-08,2015-07-01,UKX,GJR-skewt-h5,GJR-skewt-AR1-expanding-refit21-horizon5,1,0.02499527296,0.0006247636702,-0.06324920675,-0.0510838896,-0.0414472489,,,-0.01800143277,0.000468018262,True,
2015-07-09,2015-07-02,UKX,GJR-skewt-h5,GJR-skewt-AR1-expanding-refit21-horizon5,1,0.02415613017,0.0005835186249,-0.06099229923,-0.04923539682,-0.03992227799,,,-0.007402324369,0.0004714546425,True,
2015-07-10,2015-07-03,UKX,GJR-skewt-h5,GJR-skewt-AR1-expanding-refit21-horizon5,1,0.02394136154,0.0005731887922,-0.0603277473,-0.0486753738,-0.03944505656,,,0.01321367406,0.0005099346755,True,
2015-07-13,2015-07-06,UKX,GJR-skewt-h5,GJR-skewt-AR1-expanding-refit21-horizon5,1,0.0239245472,0.0005723839587,-0.06027475474,-0.04863056486,-0.03940673019,,,0.03048365828,0.0004315052467,True,
2015-07-14,2015-07-07,UKX,GJR-skewt-h5,GJR-skewt-AR1-expanding-refit21-horizon5,1,0.02629617982,0.0006914890733,-0.06622836647,-0.05342989181,-0.04329170139,,,0.04878862434,0.0003880712667,True,
2015-07-15,2015-07-08,UKX,GJR-skewt-h5,GJR-skewt-AR1-expanding-refit21-horizon5,1,0.02545309426,0.0006478600074,-0.06436741778,-0.05197927684,-0.04216612839,,,0.03973486739,0.0003116216973,True,
2015-07-16,2015-07-09,UKX,GJR-skewt-h5,GJR-skewt-AR1-expanding-refit21-horizon5,1,0.02475542266,0.0006128309513,-0.0626438718,-0.05059529091,-0.04105112174,,,0.03212988203,0.0002883200317,True,
2015-07-17,2015-07-10,UKX,GJR-skewt-h5,GJR-skewt-AR1-expanding-refit21-horizon5,1,0.0240950121,0.0005805696082,-0.06095851002,-0.04923135406,-0.03994179861,,,0.01512468077,0.0002246382364,True,
2015-07-20,2015-07-13,UKX,GJR-skewt-h5,GJR-skewt-AR1-expanding-refit21-horizon5,1,0.02337643645,0.0005464577811,-0.05907655965,-0.04769913786,-0.038686621,,,0.007496348954,0.0001911278932,True,
2015-07-21,2015-07-14,UKX,GJR-skewt-h5,GJR-skewt-AR1-expanding-refit21-horizon5,1,0.022608505,0.0005111444982,-0.05703309936,-0.04602943342,-0.03731298372,,,0.002262872556,0.0001854413512,True,
2015-07-22,2015-07-15,UKX,GJR-skewt-h5,GJR-skewt-AR1-expanding-refit21-horizon5,1,0.02187209845,0.0004783886907,-0.05512738931,-0.04448213591,-0.0360495993,,,-0.01289032944,0.0002156934812,True,
2015-07-23,2015-07-16,UKX,GJR-skewt-h5,GJR-skewt-AR1-expanding-refit21-horizon5,1,0.0212107924,0.0004498977142,-0.05351339356,-0.04319000093,-0.03501242329,,,-0.02103932195,0.0002187784979,True,
2015-07-24,2015-07-17,UKX,GJR-skewt-h5,GJR-skewt-AR1-expanding-refit21-horizon5,1,0.02069184989,0.000428152652,-0.05208003399,-0.04200921312,-0.03403170781,,,-0.02924982116,0.0002383202974,True,
2015-07-27,2015-07-20,UKX,GJR-skewt-h5,GJR-skewt-AR1-expanding-refit21-horizon5,1,0.02005226501,0.0004020933322,-0.05050820374,-0.04074867185,-0.03301775115,,,-0.04267299423,0.0002967482859,True,
2015-07-28,2015-07-21,UKX,GJR-skewt-h5,GJR-skewt-AR1-expanding-refit21-horizon5,1,0.0195789609,0.0003833357099,-0.04924408084,-0.03971490829,-0.03216646456,,,-0.03209430011,0.000342079577,True,
2015-07-29,2015-07-22,UKX,GJR-skewt-h5,GJR-skewt-AR1-expanding-refit21-horizon5,1,0.022384526,0.000501067004,-0.05625907521,-0.0453644209,-0.03673432374,,,-0.005459328739,0.000328138888,True,
2015-07-30,2015-07-23,UKX,GJR-skewt-h5,GJR-skewt-AR1-expanding-refit21-horizon5,1,0.02172298202,0.0004718879478,-0.05472560344,-0.04415292571,-0.03577787923,,,0.002086462244,0.0003766494021,True,
2015-07-31,2015-07-24,UKX,GJR-skewt-h5,GJR-skewt-AR1-expanding-refit21-horizon5,1,0.02283861716,0.0005216024338,-0.05746135589,-0.04634569327,-0.03754052647,,,0.01755078582,0.0003857673161,True,
2015-08-03,2015-07-27,UKX,GJR-skewt-h5,GJR-skewt-AR1-expanding-refit21-horizon5,1,0.02386804707,0.0005696836709,-0.06008682034,-0.04847012933,-0.03926807764,,,0.02781809962,0.0003901950746,True,
2015-08-04,2015-07-28,UKX,GJR-skewt-h5,GJR-skewt-AR1-expanding-refit21-horizon5,1,0.02311054577,0.0005340973256,-0.05837405787,-0.04713942826,-0.03823490308,,,0.01983168537,0.0004244764663,True,
2015-08-05,2015-07-29,UKX,GJR-skewt-h5,GJR-skewt-AR1-expanding-refit21-horizon5,1,0.02247716651,0.0005052230143,-0.05679755476,-0.04587082707,-0.03721034379,,,0.01814236035,0.0004424799932,True,
2015-08-06,2015-07-30,UKX,GJR-skewt-h5,GJR-skewt-AR1-expanding-refit21-horizon5,1,0.021778982,0.0004743240572,-0.05495736367,-0.04437004139,-0.03597856956,,,0.01165788337,0.0004154918609,True,
2015-08-07,2015-07-31,UKX,GJR-skewt-h5,GJR-skewt-AR1-expanding-refit21-horizon5,1,0.02109886628,0.0004451621583,-0.05320624016,-0.04294953959,-0.03482011729,,,0.003309809403,0.0004025666146,True,
2015-08-10,2015-08-03,UKX,GJR-skewt-h5,GJR-skewt-AR1-expanding-refit21-horizon5,1,0.02045763257,0.0004185147305,-0.05151677069,-0.04157179029,-0.03368943622,,,0.007091397329,0.0004091633521,True,
2015-08-11,2015-08-04,UKX,GJR-skewt-h5,GJR-skewt-AR1-expanding-refit21-horizon5,1,0.01982856855,0.0003931721309,-0.04992103677,-0.04028186054,-0.03264188571,,,-0.003310606324,0.0003730247869,True,
2015-08-12,2015-08-05,UKX,GJR-skewt-h5,GJR-skewt-AR1-expanding-refit21-horizon5,1,0.01933401426,0.0003738041074,-0.04876331735,-0.03936455666,-0.03191513428,,,-0.02720148884,0.0004965429653,True,
2015-08-13,2015-08-06,UKX,GJR-skewt-h5,GJR-skewt-AR1-expanding-refit21-horizon5,1,0.01876905728,0.0003522775111,-0.04721366734,-0.03808954675,-0.03085780307,,,-0.02685778005,0.0005645873068,True,
2015-08-14,2015-08-07,UKX,GJR-skewt-h5,GJR-skewt-AR1-expanding-refit21-horizon5,1,0.01853597237,0.0003435822717,-0.04658358715,-0.03757277511,-0.03043083937,,,-0.02529297141,,True,
2015-08-17,2015-08-10,UKX,GJR-skewt-h5,GJR-skewt-AR1-expanding-refit21-horizon5,1,0.01800867473,0.0003243123655,-0.04530934614,-0.03655486703,-0.02961609979,,,-0.02798517631,,True,
2015-08-18,2015-08-11,UKX,GJR-skewt-h5,GJR-skewt-AR1-expanding-refit21-horizon5,1,0.0193963088,0.000376216795,-0.04871164692,-0.03928260325,-0.0318091787,,,-0.02095479486,,True,
2015-08-19,2015-08-12,UKX,GJR-skewt-h5,GJR-skewt-AR1-expanding-refit21-horizon5,1,0.02184630639,0.0004772611028,-0.05492567098,-0.04430562059,-0.03588820859,,,-0.02585177801,,True,
2015-08-20,2015-08-13,UKX,GJR-skewt-h5,GJR-skewt-AR1-expanding-refit21-horizon5,1,0.0211533797,0.0004474654725,-0.05329861851,-0.04301541758,-0.03486499118,,,-0.03098528791,,True,
2015-08-21,2015-08-14,UKX,GJR-skewt-h5,GJR-skewt-AR1-expanding-refit21-horizon5,1,0.02060278651,0.0004244748121,-0.05187125214,-0.04185570869,-0.0339174266,,,-0.05700846181,0.0005780839937,True,
2015-08-24,2015-08-17,UKX,GJR-skewt-h5,GJR-skewt-AR1-expanding-refit21-horizon5,1,0.01996428918,0.0003985728423,-0.05026964857,-0.04056449507,-0.03287222689,,,-0.1047449441,0.002241995522,True,
2015-08-25,2015-08-18,UKX,GJR-skewt-h5,GJR-skewt-AR1-expanding-refit21-horizon5,1,0.019579299,0.0003833489492,-0.04925061197,-0.03973261208,-0.03218868114,,,-0.07062168035,0.00261200614,True,
2015-08-26,2015-08-19,UKX,GJR-skewt-h5,GJR-skewt-AR1-expanding-refit21-horizon5,1,0.02409612758,0.0005806233642,-0.06061372034,-0.04889997411,-0.03961570289,,,-0.06855790351,0.002978171121,True,
2015-08-27,2015-08-20,UKX,GJR-skewt-h5,GJR-skewt-AR1-expanding-refit21-horizon5,1,0.02373214003,0.0005632144703,-0.05982322533,-0.04828642279,-0.03914239648,,,-0.02801159321,0.003044674347,True,
2015-08-28,2015-08-21,UKX,GJR-skewt-h5,GJR-skewt-AR1-expanding-refit21-horizon5,1,0.03203630501,0.001026324839,-0.08076605437,-0.06519238405,-0.0528487515,,,0.009681909495,0.003047261517,True,
2015-09-01,2015-08-24,UKX,GJR-skewt-h5,GJR-skewt-AR1-expanding-refit21-horizon5,1,0.04843189019,0.002345647987,-0.1223882553,-0.09884427013,-0.08018339598,,,0.02669636846,0.001569051341,True,
2015-09-02,2015-08-25,UKX,GJR-skewt-h5,GJR-skewt-AR1-expanding-refit21-horizon5,1,0.04697632971,0.002206775553,-0.1194796948,-0.09664329488,-0.07854325019,,,0.000328823004,0.001423506278,True,
2015-09-03,2015-08-26,UKX,GJR-skewt-h5,GJR-skewt-AR1-expanding-refit21-horizon5,1,0.04733016888,0.002240144886,-0.1201297131,-0.09703512355,-0.07874849495,,,0.03531042954,0.001096831404,True,
2015-09-04,2015-08-27,UKX,GJR-skewt-h5,GJR-skewt-AR1-expanding-refit21-horizon5,1,0.04604703796,0.002120329705,-0.1173454289,-0.09487693857,-0.07708606435,,,-0.02437412334,0.001095799044,True,
2015-09-07,2015-08-28,UKX,GJR-skewt-h5,GJR-skewt-AR1-expanding-refit21-horizon5,1,0.04428989193,0.001961594527,-0.1126107168,-0.09099961968,-0.07388764177,,,-0.02814571029,0.001009650562,True,
2015-09-08,2015-09-01,UKX,GJR-skewt-h5,GJR-skewt-AR1-expanding-refit21-horizon5,1,0.04891768546,0.002392939951,-0.1240528291,-0.1001836164,-0.08128363009,,,0.01435550557,0.0007995595171,True,
2015-09-09,2015-09-02,UKX,GJR-skewt-h5,GJR-skewt-AR1-expanding-refit21-horizon5,1,0.04700241212,0.002209226745,-0.1194922,-0.0965575382,-0.07839754271,,,0.02366852643,0.0005617708159,True,
2015-09-10,2015-09-03,UKX,GJR-skewt-h5,GJR-skewt-AR1-expanding-refit21-horizon5,1,0.04531765832,0.002053690155,-0.1153218078,-0.09320921574,-0.07570014687,,,-0.00620254676,0.000574170604,True,
2015-09-11,2015-09-04,UKX,GJR-skewt-h5,GJR-skewt-AR1-expanding-refit21-horizon5,1,0.0476306182,0.00226867579,-0.1208231831,-0.09758199037,-0.07917927925,,,0.01231850995,0.000515553034,True,
2015-09-14,2015-09-07,UKX,GJR-skewt-h5,GJR-skewt-AR1-expanding-refit21-horizon5,1,0.0457753166,0.00209537961,-0.1163688159,-0.09403291108,-0.07634701996,,,0.001661323658,0.0005979384173,True,
2015-09-15,2015-09-08,UKX,GJR-skewt-h5,GJR-skewt-AR1-expanding-refit21-horizon5,1,0.04405519517,0.001940860221,-0.1120372146,-0.09054063696,-0.07351933721,,,-0.001383948028,0.0006601960556,True,
2015-09-16,2015-09-09,UKX,GJR-skewt-h5,GJR-skewt-AR1-expanding-refit21-horizon5,1,0.04243394949,0.001800640069,-0.1079123499,-0.08720685338,-0.07081194306,,,3.2138672e-05,0.0007027177386,True,
2015-09-17,2015-09-10,UKX,GJR-skewt-h5,GJR-skewt-AR1-expanding-refit21-horizon5,1,0.04182423049,0.001749266256,-0.1061155439,-0.08570755766,-0.06954822023,,,0.005055621408,0.0006241229514,True,
2015-09-18,2015-09-11,UKX,GJR-skewt-h5,GJR-skewt-AR1-expanding-refit21-horizon5,1,0.04052046294,0.001641907917,-0.1028390554,-0.08306723797,-0.06741162816,,,-0.002241830298,0.0007674717774,True,
2015-09-21,2015-09-14,UKX,GJR-skewt-h5,GJR-skewt-AR1-expanding-refit21-horizon5,1,0.03920764288,0.00153723926,-0.09949311355,-0.08036188201,-0.06521349736,,,0.003953011537,0.0007266771416,True,
2015-09-22,2015-09-15,UKX,GJR-skewt-h5,GJR-skewt-AR1-expanding-refit21-horizon5,1,0.03774626761,0.001424780719,-0.09589467093,-0.07747651232,-0.06289274908,,,-0.03343202252,0.0007757223606,True,
2015-09-23,2015-09-16,UKX,GJR-skewt-h5,GJR-skewt-AR1-expanding-refit21-horizon5,1,0.03643749866,0.001327691308,-0.09261027506,-0.07483072566,-0.06075262239,,,-0.03213612597,0.0008635456485,True,
2015-09-24,2015-09-17,UKX,GJR-skewt-h5,GJR-skewt-AR1-expanding-refit21-horizon5,1,0.03545430954,0.001257008065,-0.08989385163,-0.0725940459,-0.05889581059,,,-0.03712818929,0.0009612898369,True,
2015-09-25,2015-09-18,UKX,GJR-skewt-h5,GJR-skewt-AR1-expanding-refit21-horizon5,1,0.03575358468,0.001278318817,-0.09059467124,-0.07314883526,-0.05933497109,,,0.0008024010572,0.0008108753786,True,
2015-09-28,2015-09-21,UKX,GJR-skewt-h5,GJR-skewt-AR1-expanding-refit21-horizon5,1,0.03440238773,0.001183524282,-0.0872788566,-0.07049233243,-0.05720052083,,,-0.02482813268,0.0008433574386,True,
2015-09-29,2015-09-22,UKX,GJR-skewt-h5,GJR-skewt-AR1-expanding-refit21-horizon5,1,0.04005816718,0.001604656758,-0.1014444181,-0.08189817624,-0.06642118043,,,-0.004491288264,0.0008370036122,True,
2015-09-30,2015-09-23,UKX,GJR-skewt-h5,GJR-skewt-AR1-expanding-refit21-horizon5,1,0.03865702462,0.001494365552,-0.09829147039,-0.07942891109,-0.064493265,,,0.004861988816,0.000726416922,True,
2015-10-01,2015-09-24,UKX,GJR-skewt-h5,GJR-skewt-AR1-expanding-refit21-horizon5,1,0.03829822847,0.001466754304,-0.09711008684,-0.07842260087,-0.06362558035,,,0.01844825463,0.0007474340049,True,
2015-10-02,2015-09-25,UKX,GJR-skewt-h5,GJR-skewt-AR1-expanding-refit21-horizon5,1,0.03714556006,0.001379792632,-0.094539734,-0.0764220324,-0.06207145445,,,0.003431656282,0.0009838046946,True,
2015-10-05,2015-09-28,UKX,GJR-skewt-h5,GJR-skewt-AR1-expanding-refit21-horizon5,1,0.04062520041,0.001650406908,-0.1029112032,-0.08309631125,-0.06740143132,,,0.05548911558,0.0009110577882,True,
2015-10-06,2015-09-29,UKX,GJR-skewt-h5,GJR-skewt-AR1-expanding-refit21-horizon5,1,0.03965623058,0.001572616624,-0.100609011,-0.08126673291,-0.06594619858,,,0.0681892793,0.0008012221303,True,
2015-10-07,2015-09-30,UKX,GJR-skewt-h5,GJR-skewt-AR1-expanding-refit21-horizon5,1,0.03849605076,0.001481945924,-0.09800001191,-0.07922361012,-0.06435129224,,,0.04433696056,0.0008192204102,True,
2015-10-08,2015-10-01,UKX,GJR-skewt-h5,GJR-skewt-AR1-expanding-refit21-horizon5,1,0.03702723189,0.001371015902,-0.09400028957,-0.07594030239,-0.06163543859,,,0.04858230552,0.0007535124558,True,
2015-10-09,2015-10-02,UKX,GJR-skewt-h5,GJR-skewt-AR1-expanding-refit21-horizon5,1,0.03567351218,0.001272599471,-0.0906223732,-0.07322266116,-0.05944078477,,,0.04563132259,0.0004735853598,True,
2015-10-12,2015-10-05,UKX,GJR-skewt-h5,GJR-skewt-AR1-expanding-refit21-horizon5,1,0.03479001113,0.001210344874,-0.08855163077,-0.07158284529,-0.05814229504,,,0.01141286607,0.0004735745791,True,
2015-10-13,2015-10-06,UKX,GJR-skewt-h5,GJR-skewt-AR1-expanding-refit21-horizon5,1,0.03349514555,0.001121924775,-0.08500473658,-0.06866752021,-0.05572722004,,,0.002541677179,0.0004919511167,True,
2015-10-14,2015-10-07,UKX,GJR-skewt-h5,GJR-skewt-AR1-expanding-refit21-horizon5,1,0.03224635069,0.001039827133,-0.08178650366,-0.06605838545,-0.05360053669,,,-0.01059819597,0.0004580990993,True,
2015-10-15,2015-10-08,UKX,GJR-skewt-h5,GJR-skewt-AR1-expanding-refit21-horizon5,1,0.03107648,0.0009657476089,-0.07884470731,-0.06368719211,-0.05168130371,,,-0.005678956543,0.0004104486332,True,
2015-10-16,2015-10-09,UKX,GJR-skewt-h5,GJR-skewt-AR1-expanding-refit21-horizon5,1,0.02996448247,0.0008978702097,-0.07600884295,-0.06139370318,-0.04981741679,,,-0.00597150395,0.0004167784298,True,
2015-10-19,2015-10-12,UKX,GJR-skewt-h5,GJR-skewt-AR1-expanding-refit21-horizon5,1,0.02939952311,0.0008643319593,-0.07442423022,-0.0600846487,-0.04872662509,,,-0.002970944141,0.0004164173344,True,
2015-10-20,2015-10-13,UKX,GJR-skewt-h5,GJR-skewt-AR1-expanding-refit21-horizon5,1,0.02857491176,0.0008165255819,-0.07234402028,-0.05840664194,-0.0473671934,,,0.000441428989,0.0003812964223,True,
2015-10-21,2015-10-14,UKX,GJR-skewt-h5,GJR-skewt-AR1-expanding-refit21-horizon5,1,0.02902315272,0.0008423433938,-0.07341582508,-0.05925981775,-0.04804719867,,,0.01249022482,0.0003812323627,True,
2015-10-22,2015-10-15,UKX,GJR-skewt-h5,GJR-skewt-AR1-expanding-refit21-horizon5,1,0.02806370751,0.0007875716793,-0.07120068769,-0.05751264859,-0.04667069543,,,0.005914230373,0.0003787772714,True,
2015-10-23,2015-10-16,UKX,GJR-skewt-h5,GJR-skewt-AR1-expanding-refit21-horizon5,1,0.02708989938,0.0007338626485,-0.0686632086,-0.05545014323,-0.04498440488,,,0.01031043012,0.000468419142,True,
2015-10-26,2015-10-19,UKX,GJR-skewt-h5,GJR-skewt-AR1-expanding-refit21-horizon5,1,0.02632546164,0.0006930299307,-0.06660356169,-0.05376334989,-0.04359293951,,,0.01013379742,0.0004530298857,True,
2015-10-27,2015-10-20,UKX,GJR-skewt-h5,GJR-skewt-AR1-expanding-refit21-horizon5,1,0.0254220137,0.0006462787808,-0.06432629255,-0.05192673638,-0.04210535831,,,0.003178456092,0.0004343709391,True,
2015-10-28,2015-10-21,UKX,GJR-skewt-h5,GJR-skewt-AR1-expanding-refit21-horizon5,1,0.02454096901,0.0006022591598,-0.06209315835,-0.05012333066,-0.04064232975,,,0.01398403934,0.0004043499115,True,
2015-10-29,2015-10-22,UKX,GJR-skewt-h5,GJR-skewt-AR1-expanding-refit21-horizon5,1,0.02371830286,0.0005625578905,-0.06003230387,-0.04846373059,-0.03930055326,,,0.003053533203,0.0004084209022,True,
2015-10-30,2015-10-23,UKX,GJR-skewt-h5,GJR-skewt-AR1-expanding-refit21-horizon5,1,0.02302264529,0.0005300421961,-0.05832023962,-0.04709097247,-0.03819655103,,,-0.01296366494,0.0003099800334,True,
2015-11-02,2015-10-26,UKX,GJR-skewt-h5,GJR-skewt-AR1-expanding-refit21-horizon5,1,0.02229753301,0.0004971799782,-0.05630770803,-0.04542660274,-0.03680964346,,,-0.008639393247,0.0003235283876,True,
2015-11-03,2015-10-27,UKX,GJR-skewt-h5,GJR-skewt-AR1-expanding-refit21-horizon5,1,0.02251171702,0.000506777403,-0.05681349341,-0.0458278672,-0.03712813576,,,0.002870883869,0.0003164838604,True,
2015-11-04,2015-10-28,UKX,GJR-skewt-h5,GJR-skewt-AR1-expanding-refit21-horizon5,1,0.02188386597,0.00047890359,-0.0554168587,-0.04473762124,-0.03628052502,,,-0.003875265118,0.0003315616113,True,
2015-11-05,2015-10-29,UKX,GJR-skewt-h5,GJR-skewt-AR1-expanding-refit21-horizon5,1,0.02177930189,0.0004743379907,-0.0549589378,-0.04433072719,-0.03591404012,,,-0.00484298888,0.0003386928893,True,
2015-11-06,2015-10-30,UKX,GJR-skewt-h5,GJR-skewt-AR1-expanding-refit21-horizon5,1,0.02152393839,0.0004632799236,-0.05431838121,-0.04381478695,-0.035496786,,,-0.001148305351,0.0004127370845,True,
2015-11-09,2015-11-02,UKX,GJR-skewt-h5,GJR-skewt-AR1-expanding-refit21-horizon5,1,0.02082111463,0.0004335188144,-0.05258219182,-0.04242157268,-0.03437518042,,,-0.01052385631,0.0004240362294,True,
2015-11-10,2015-11-03,UKX,GJR-skewt-h5,GJR-skewt-AR1-expanding-refit21-horizon5,1,0.02016599627,0.0004066674057,-0.05094396391,-0.04110303986,-0.03330982037,,,-0.01711095533,0.0004619400448,True,
2015-11-11,2015-11-04,UKX,GJR-skewt-h5,GJR-skewt-AR1-expanding-refit21-horizon5,1,0.01955559721,0.0003824213823,-0.04939699603,-0.03985394424,-0.0322966156,,,-0.01820645031,0.000446388982,True,
2015-11-12,2015-11-05,UKX,GJR-skewt-h5,GJR-skewt-AR1-expanding-refit21-horizon5,1,0.01987031545,0.0003948294362,-0.05007187508,-0.04037524207,-0.03269628947,,,-0.02969058066,0.0005003180996,True,
2015-11-13,2015-11-06,UKX,GJR-skewt-h5,GJR-skewt-AR1-expanding-refit21-horizon5,1,0.01931344537,0.0003730091721,-0.04871086301,-0.03928598034,-0.03182223211,,,-0.03776878014,0.0004927300807,True,
2015-11-16,2015-11-09,UKX,GJR-skewt-h5,GJR-skewt-AR1-expanding-refit21-horizon5,1,0.0201321811,0.0004053047157,-0.05072213106,-0.04089770869,-0.03311755719,,,-0.02392094059,0.0005217219668,True,
2015-11-17,2015-11-10,UKX,GJR-skewt-h5,GJR-skewt-AR1-expanding-refit21-horizon5,1,0.01968188933,0.0003873767676,-0.04963692796,-0.04003224613,-0.03242611146,,,-0.001036343908,0.0005204864918,True,
2015-11-18,2015-11-11,UKX,GJR-skewt-h5,GJR-skewt-AR1-expanding-refit21-horizon5,1,0.01908679192,0.0003643056259,-0.04818768155,-0.03887340483,-0.03149724762,,,-0.002894388997,0.0005241645667,True,
2015-11-19,2015-11-12,UKX,GJR-skewt-h5,GJR-skewt-AR1-expanding-refit21-horizon5,1,0.02382492848,0.0005676272172,-0.06005178862,-0.04842532056,-0.03921809397,,,0.02417649784,0.0004486681802,True,
2015-11-20,2015-11-13,UKX,GJR-skewt-h5,GJR-skewt-AR1-expanding-refit21-horizon5,1,0.02435173789,0.0005930071382,-0.06149552718,-0.04961197828,-0.04020116436,,,0.03474243768,0.0003861655291,True,
2015-11-23,2015-11-16,UKX,GJR-skewt-h5,GJR-skewt-AR1-expanding-refit21-horizon5,1,0.02352600432,0.0005534728792,-0.05953989994,-0.04805930566,-0.03896759936,,,0.02555573978,0.000358960016,True,
2015-11-24,2015-11-17,UKX,GJR-skewt-h5,GJR-skewt-AR1-expanding-refit21-horizon5,1,0.02309432373,0.0005333477884,-0.058598723,-0.04732878708,-0.03840390525,,,0.001339134585,0.0003707135262,True,
2015-11-25,2015-11-18,UKX,GJR-skewt-h5,GJR-skewt-AR1-expanding-refit21-horizon5,1,0.02231557985,0.0004979851038,-0.05641616307,-0.045526251,-0.03690231746,,,0.009289431217,0.0003770884793,True,
2015-11-26,2015-11-19,UKX,GJR-skewt-h5,GJR-skewt-AR1-expanding-refit21-horizon5,1,0.0216375288,0.0004681826527,-0.05475284312,-0.0441938172,-0.03583191884,,,0.009934876339,0.0003371280625,True,
2015-11-27,2015-11-20,UKX,GJR-skewt-h5,GJR-skewt-AR1-expanding-refit21-horizon5,1,0.02092939507,0.0004380395779,-0.05286555745,-0.04265209791,-0.03456386029,,,0.006388807717,0.0003104590494,True,
2015-11-30,2015-11-23,UKX,GJR-skewt-h5,GJR-skewt-AR1-expanding-refit21-horizon5,1,0.02059368274,0.0004240997689,-0.05195085647,-0.04190122317,-0.03394272276,,,0.007992728721,0.0002859726115,True,
2015-12-01,2015-11-24,UKX,GJR-skewt-h5,GJR-skewt-AR1-expanding-refit21-horizon5,1,0.0202387642,0.0004096075765,-0.05105404326,-0.04118149003,-0.03336356357,,,0.0187018678,0.0002651215227,True,
2015-12-02,2015-11-25,UKX,GJR-skewt-h5,GJR-skewt-AR1-expanding-refit21-horizon5,1,0.01969698332,0.000387971152,-0.04981545995,-0.04020718968,-0.03259854493,,,0.01305811618,0.0002373246874,True,
2015-12-03,2015-11-26,UKX,GJR-skewt-h5,GJR-skewt-AR1-expanding-refit21-horizon5,1,0.01917160888,0.000367550587,-0.04846489746,-0.03911290703,-0.03170720643,,,-0.01864581408,0.0004793091639,True,
2015-12-04,2015-11-27,UKX,GJR-skewt-h5,GJR-skewt-AR1-expanding-refit21-horizon5,1,0.01872036864,0.000350452202,-0.04719374186,-0.0380618683,-0.03083047493,,,-0.02170781558,0.0005686020857,True,
2015-12-07,2015-11-30,UKX,GJR-skewt-h5,GJR-skewt-AR1-expanding-refit21-horizon5,1,0.018328801,0.0003359449462,-0.04619170744,-0.0372508422,-0.03017070544,,,-0.02108254767,0.0005745083773,True,
2015-12-08,2015-12-01,UKX,GJR-skewt-h5,GJR-skewt-AR1-expanding-refit21-horizon5,1,0.01783514343,0.0003180923412,-0.04502590804,-0.036325851,-0.02943640665,,,-0.04158321079,0.0006254805794,True,
2015-12-09,2015-12-02,UKX,GJR-skewt-h5,GJR-skewt-AR1-expanding-refit21-horizon5,1,0.01734219338,0.0003007516713,-0.04374350219,-0.03528390824,-0.02858488299,,,-0.04690197876,0.0007150891912,True,
2015-12-10,2015-12-03,UKX,GJR-skewt-h5,GJR-skewt-AR1-expanding-refit21-horizon5,1,0.02480828075,0.0006154507937,-0.06253341177,-0.0504318294,-0.04084876827,,,-0.03023742274,0.0005536107786,True,
2015-12-11,2015-12-04,UKX,GJR-skewt-h5,GJR-skewt-AR1-expanding-refit21-horizon5,1,0.02443390015,0.0005970154764,-0.0617537223,-0.04983476434,-0.04039632074,,,-0.04684601376,0.0005455277419,True,
2015-12-14,2015-12-07,UKX,GJR-skewt-h5,GJR-skewt-AR1-expanding-refit21-horizon5,1,0.02366522767,0.0005600430009,-0.05982661665,-0.04828262031,-0.03914110318,,,-0.05777957597,0.0007221566659,True,
2015-12-15,2015-12-08,UKX,GJR-skewt-h5,GJR-skewt-AR1-expanding-refit21-horizon5,1,0.02553042918,0.0006518028143,-0.06446728429,-0.05201343491,-0.04215141884,,,-0.01932099763,0.0007117739866,True,
2015-12-16,2015-12-09,UKX,GJR-skewt-h5,GJR-skewt-AR1-expanding-refit21-horizon5,1,0.02465654036,0.0006079449825,-0.06236847708,-0.05034091429,-0.04081646817,,,-0.01074846831,0.0006481431832,True,
2015-12-17,2015-12-10,UKX,GJR-skewt-h5,GJR-skewt-AR1-expanding-refit21-horizon5,1,0.02432985053,0.000591941627,-0.0614833113,-0.04961510916,-0.04021685835,,,0.002362461015,0.0006339645861,True,
2015-12-18,2015-12-11,UKX,GJR-skewt-h5,GJR-skewt-AR1-expanding-refit21-horizon5,1,0.02951447116,0.0008711040079,-0.07455760448,-0.06016032288,-0.04875933205,,,0.01659320706,0.0006851245336,True,
2015-12-21,2015-12-14,UKX,GJR-skewt-h5,GJR-skewt-AR1-expanding-refit21-horizon5,1,0.03039207354,0.0009236781339,-0.0768933334,-0.06206795371,-0.05032795845,,,0.02698980818,0.0005449818228,True,
2015-12-22,2015-12-15,UKX,GJR-skewt-h5,GJR-skewt-AR1-expanding-refit21-horizon5,1,0.02968206233,0.0008810248241,-0.07546630354,-0.06098727027,-0.04952154153,,,0.01079273895,0.0005462543271,True,
2015-12-23,2015-12-16,UKX,GJR-skewt-h5,GJR-skewt-AR1-expanding-refit21-horizon5,1,0.02861667367,0.0008189140119,-0.07257043401,-0.05861110175,-0.04755691643,,,0.0292325935,0.0005639789157,True,
2015-12-24,2015-12-17,UKX,GJR-skewt-h5,GJR-skewt-AR1-expanding-refit21-horizon5,1,0.0275966381,0.0007615744344,-0.06996133482,-0.05649958015,-0.04583941904,,,0.02461868542,,True,
2015-12-29,2015-12-18,UKX,GJR-skewt-h5,GJR-skewt-AR1-expanding-refit21-horizon5,1,0.02738189913,0.0007497683999,-0.06925798165,-0.05590097754,-0.04532376682,,,0.04240955666,,True,
2015-12-30,2015-12-21,UKX,GJR-skewt-h5,GJR-skewt-AR1-expanding-refit21-horizon5,1,0.02649845129,0.000702167921,-0.06705672801,-0.05413067342,-0.04389472515,,,0.03888738238,,True,
2015-12-31,2015-12-22,UKX,GJR-skewt-h5,GJR-skewt-AR1-expanding-refit21-horizon5,1,0.02559614594,0.0006551626868,-0.06486453783,-0.05237863154,-0.04249123009,,,0.0258342224,,True,
2016-01-04,2015-12-23,UKX,GJR-skewt-h5,GJR-skewt-AR1-expanding-refit21-horizon5,1,0.02526967715,0.0006385565833,-0.06422475704,-0.05188720875,-0.04211981257,,,-0.02393422382,,True,
2016-01-05,2015-12-24,UKX,GJR-skewt-h5,GJR-skewt-AR1-expanding-refit21-horizon5,1,0.02438354484,0.0005945572592,-0.06173477022,-0.04982986299,-0.0404049803,,,-0.01894856484,,True,
2016-01-06,2015-12-29,UKX,GJR-skewt-h5,GJR-skewt-AR1-expanding-refit21-horizon5,1,0.02361719692,0.0005577719903,-0.05984815752,-0.0483174084,-0.03918873938,,,-0.03894586415,,True,
2016-01-07,2015-12-30,UKX,GJR-skewt-h5,GJR-skewt-AR1-expanding-refit21-horizon5,1,0.02336927773,0.0005461231414,-0.05906061598,-0.04765090976,-0.03861806804,,,-0.05234998971,,True,
2016-01-08,2015-12-31,UKX,GJR-skewt-h5,GJR-skewt-AR1-expanding-refit21-horizon5,1,0.02294999243,0.0005267021524,-0.05800255565,-0.04679755931,-0.03792678241,,,-0.0542968492,0.001029135347,True,
2016-01-11,2016-01-04,UKX,GJR-skewt-h5,GJR-skewt-AR1-expanding-refit21-horizon5,1,0.02931371126,0.000859293668,-0.07407552672,-0.05976353823,-0.0484330163,,,-0.03704500456,0.0009626031836,True,
2016-01-12,2016-01-05,UKX,GJR-skewt-h5,GJR-skewt-AR1-expanding-refit21-horizon5,1,0.02826529045,0.000798926644,-0.07169926231,-0.05789914987,-0.04697387021,,,-0.03447931432,0.0009397624132,True,
2016-01-13,2016-01-06,UKX,GJR-skewt-h5,GJR-skewt-AR1-expanding-refit21-horizon5,1,0.02846187111,0.0008100781068,-0.0720315127,-0.05813542264,-0.04713415937,,,-0.01868031168,0.0009818389574,True,
2016-01-14,2016-01-07,UKX,GJR-skewt-h5,GJR-skewt-AR1-expanding-refit21-horizon5,1,0.03165504513,0.001002041882,-0.08009827414,-0.06464316382,-0.05240765464,,,-0.006047692786,0.001018232596,True,
2016-01-15,2016-01-08,UKX,GJR-skewt-h5,GJR-skewt-AR1-expanding-refit21-horizon5,1,0.0310074751,0.0009614635121,-0.07856758111,-0.06342863733,-0.05144343104,,,-0.01848724252,0.001063109548,True,
2016-01-18,2016-01-11,UKX,GJR-skewt-h5,GJR-skewt-AR1-expanding-refit21-horizon5,1,0.03036221621,0.0009218641735,-0.07692051745,-0.06209661184,-0.05036081511,,,-0.01577483303,0.001100576493,True,
2016-01-19,2016-01-12,UKX,GJR-skewt-h5,GJR-skewt-AR1-expanding-refit21-horizon5,1,0.02929633538,0.0008582752667,-0.07435794648,-0.06005444151,-0.04873063581,,,-0.008876966643,0.001140715448,True,
2016-01-20,2016-01-13,UKX,GJR-skewt-h5,GJR-skewt-AR1-expanding-refit21-horizon5,1,0.02823508486,0.0007972200169,-0.07160460033,-0.05781923532,-0.04690563092,,,-0.04941439806,0.001225210499,True,
2016-01-21,2016-01-14,UKX,GJR-skewt-h5,GJR-skewt-AR1-expanding-refit21-horizon5,1,0.02780010801,0.0007728460056,-0.07037226168,-0.05679926772,-0.04605379333,,,-0.02470197272,0.001367890547,True,
2016-01-22,2016-01-15,UKX,GJR-skewt-h5,GJR-skewt-AR1-expanding-refit21-horizon5,1,0.03095040977,0.0009579278648,-0.0783017749,-0.06319069243,-0.05122754339,,,0.01638776966,0.001222449181,True,
2016-01-25,2016-01-18,UKX,GJR-skewt-h5,GJR-skewt-AR1-expanding-refit21-horizon5,1,0.02999971494,0.0008999828965,-0.0760206356,-0.0613737159,-0.04977803547,,,0.01666006309,0.001215417553,True,
2016-01-26,2016-01-19,UKX,GJR-skewt-h5,GJR-skewt-AR1-expanding-refit21-horizon5,1,0.02908456094,0.000845911685,-0.07388349885,-0.05968338964,-0.04844144035,,,0.00588724342,0.001221048755,True,
2016-01-27,2016-01-20,UKX,GJR-skewt-h5,GJR-skewt-AR1-expanding-refit21-horizon5,1,0.03940867249,0.001553043468,-0.09975774103,-0.08051703616,-0.06528454567,,,0.05433431733,0.001141266752,True,
2016-01-28,2016-01-21,UKX,GJR-skewt-h5,GJR-skewt-AR1-expanding-refit21-horizon5,1,0.03802857827,0.001446172765,-0.09674056488,-0.07817367072,-0.06347462302,,,0.02699726656,0.00102092453,True,
2016-01-29,2016-01-22,UKX,GJR-skewt-h5,GJR-skewt-AR1-expanding-refit21-horizon5,1,0.03682066511,0.001355761379,-0.09369451349,-0.07571736517,-0.06148520774,,,0.03067711778,0.001103256139,True,
2016-02-01,2016-01-25,UKX,GJR-skewt-h5,GJR-skewt-AR1-expanding-refit21-horizon5,1,0.03552005081,0.00126167401,-0.09012562591,-0.0727834834,-0.05905404767,,,0.03067989013,0.001081552464,True,
2016-02-02,2016-01-26,UKX,GJR-skewt-h5,GJR-skewt-AR1-expanding-refit21-horizon5,1,0.03418551727,0.001168649591,-0.08689134701,-0.07018595475,-0.05696032085,,,0.001774623352,0.001048652211,True,
2016-02-03,2016-01-27,UKX,GJR-skewt-h5,GJR-skewt-AR1-expanding-refit21-horizon5,1,0.03299365036,0.001088580964,-0.08391888224,-0.06779591804,-0.05503139155,,,-0.02592405656,0.001135441006,True,
2016-02-04,2016-01-28,UKX,GJR-skewt-h5,GJR-skewt-AR1-expanding-refit21-horizon5,1,0.03267204568,0.001067462569,-0.08286573801,-0.06689993195,-0.05425982732,,,-0.005578768068,0.001176457865,True,
2016-02-05,2016-01-29,UKX,GJR-skewt-h5,GJR-skewt-AR1-expanding-refit21-horizon5,1,0.03185883106,0.001014985116,-0.08113865513,-0.0655702416,-0.05324475204,,,-0.03951262978,0.001312178132,True,
2016-02-08,2016-02-01,UKX,GJR-skewt-h5,GJR-skewt-AR1-expanding-refit21-horizon5,1,0.03080381046,0.0009488747386,-0.07814958878,-0.0630967308,-0.05117940579,,,-0.06312154057,0.00164694168,True,
2016-02-09,2016-02-02,UKX,GJR-skewt-h5,GJR-skewt-AR1-expanding-refit21-horizon5,1,0.03484365252,0.001214080121,-0.08828434598,-0.07125734363,-0.05777709149,,,-0.05017406548,0.002016009661,True,
2016-02-10,2016-02-03,UKX,GJR-skewt-h5,GJR-skewt-AR1-expanding-refit21-horizon5,1,0.03547921257,0.001258774524,-0.0899951159,-0.07265753525,-0.05893139875,,,-0.02863947011,0.002121148843,True,
2016-02-11,2016-02-04,UKX,GJR-skewt-h5,GJR-skewt-AR1-expanding-refit21-horizon5,1,0.03418178107,0.001168394157,-0.08692845066,-0.07022488417,-0.05700069572,,,-0.0632960695,0.00232811117,True,
2016-02-12,2016-02-05,UKX,GJR-skewt-h5,GJR-skewt-AR1-expanding-refit21-horizon5,1,0.03357558512,0.001127319916,-0.08518730525,-0.06877996775,-0.05579030334,,,-0.02431820168,0.002236605489,True,
2016-02-15,2016-02-08,UKX,GJR-skewt-h5,GJR-skewt-AR1-expanding-refit21-horizon5,1,0.03899485762,0.001520598921,-0.0988507713,-0.07979520495,-0.06470894176,,,0.02343400987,0.001839225989,True,
2016-02-16,2016-02-09,UKX,GJR-skewt-h5,GJR-skewt-AR1-expanding-refit21-horizon5,1,0.03837686356,0.001472783656,-0.09744530749,-0.0786917355,-0.06384456078,,,0.0400248288,0.001581277061,True,
2016-02-17,2016-02-10,UKX,GJR-skewt-h5,GJR-skewt-AR1-expanding-refit21-horizon5,1,0.03691114688,0.001362432764,-0.09387086081,-0.07583353868,-0.0615534179,,,0.06120208355,0.00130489482,True,
2016-02-18,2016-02-11,UKX,GJR-skewt-h5,GJR-skewt-AR1-expanding-refit21-horizon5,1,0.04028170928,0.001622616102,-0.1021738741,-0.08248946361,-0.06690534546,,,0.07562904183,0.0008759073234,True,
2016-02-19,2016-02-12,UKX,GJR-skewt-h5,GJR-skewt-AR1-expanding-refit21-horizon5,1,0.03919376324,0.001536151077,-0.09993824922,-0.08078548393,-0.06562226847,,,0.04162622796,0.0008374302642,True,
2016-02-22,2016-02-15,UKX,GJR-skewt-h5,GJR-skewt-AR1-expanding-refit21-horizon5,1,0.03789884308,0.001436322307,-0.0965271137,-0.07800713536,-0.06334489638,,,0.03598438994,0.0008142226138,True,
2016-02-23,2016-02-16,UKX,GJR-skewt-h5,GJR-skewt-AR1-expanding-refit21-horizon5,1,0.03645248123,0.001328783388,-0.09269235954,-0.07487917296,-0.06077649996,,,0.01693128695,0.0006650211588,True,
2016-02-24,2016-02-17,UKX,GJR-skewt-h5,GJR-skewt-AR1-expanding-refit21-horizon5,1,0.0355247685,0.001262009177,-0.09053902776,-0.07317918535,-0.05943542424,,,-0.02741917684,0.0007583646354,True,
2016-02-25,2016-02-18,UKX,GJR-skewt-h5,GJR-skewt-AR1-expanding-refit21-horizon5,1,0.034978281,0.001223480141,-0.08876195564,-0.07166916457,-0.0581368276,,,0.006808618133,0.0008204735967,True,
2016-02-26,2016-02-19,UKX,GJR-skewt-h5,GJR-skewt-AR1-expanding-refit21-horizon5,1,0.03377598026,0.001140816843,-0.08574933412,-0.06924406978,-0.05617687685,,,0.02420795318,0.0007140920253,True,
2016-02-29,2016-02-22,UKX,GJR-skewt-h5,GJR-skewt-AR1-expanding-refit21-horizon5,1,0.03262645111,0.001064485312,-0.08299367788,-0.06705015246,-0.05442768738,,,0.009790087359,0.0007891206069,True,
2016-03-01,2016-02-23,UKX,GJR-skewt-h5,GJR-skewt-AR1-expanding-refit21-horizon5,1,0.03291126171,0.001083151148,-0.08344982149,-0.06736711804,-0.05463446593,,,0.0314672195,0.0008253186712,True,
2016-03-02,2016-02-24,UKX,GJR-skewt-h5,GJR-skewt-AR1-expanding-refit21-horizon5,1,0.03421450897,0.001170632624,-0.08667616345,-0.0700057971,-0.05679524154,,,0.04660289027,0.0007240724941,True,
2016-03-03,2016-02-25,UKX,GJR-skewt-h5,GJR-skewt-AR1-expanding-refit21-horizon5,1,0.03328405406,0.001107828254,-0.08470198569,-0.06848496573,-0.05563366789,,,0.01938581489,0.0005956977408,True,
2016-03-04,2016-02-26,UKX,GJR-skewt-h5,GJR-skewt-AR1-expanding-refit21-horizon5,1,0.03214622571,0.001033379828,-0.08168946295,-0.06602682813,-0.05361485691,,,0.01681967899,0.0006241952031,True,
2016-03-07,2016-02-29,UKX,GJR-skewt-h5,GJR-skewt-AR1-expanding-refit21-horizon5,1,0.0309329868,0.0009568496724,-0.07845670576,-0.06338519844,-0.05144167059,,,0.01389326538,0.0005641053025,True,
2016-03-08,2016-03-01,UKX,GJR-skewt-h5,GJR-skewt-AR1-expanding-refit21-horizon5,1,0.02983344356,0.0008900343545,-0.07573709045,-0.06120131459,-0.04968233111,,,-0.004479455039,0.0005749975642,True,
2016-03-09,2016-03-02,UKX,GJR-skewt-h5,GJR-skewt-AR1-expanding-refit21-horizon5,1,0.02873722273,0.0008258279702,-0.07283793214,-0.05883626895,-0.04774054702,,,-0.000130198804,0.0006105125267,True,
2016-03-10,2016-03-03,UKX,GJR-skewt-h5,GJR-skewt-AR1-expanding-refit21-horizon5,1,0.0277719837,0.0007712830786,-0.07035541596,-0.05682404707,-0.04610101334,,,-0.01541877536,0.0008208815057,True,
2016-03-11,2016-03-04,UKX,GJR-skewt-h5,GJR-skewt-AR1-expanding-refit21-horizon5,1,0.02685910918,0.000721411746,-0.06816155908,-0.05507497087,-0.04470440689,,,-0.009660360791,0.0008441383971,True,
2016-03-14,2016-03-07,UKX,GJR-skewt-h5,GJR-skewt-AR1-expanding-refit21-horizon5,1,0.02598362373,0.0006751487022,-0.06578780397,-0.05312777933,-0.04309524882,,,-0.001262410788,0.0008340602099,True,
2016-03-15,2016-03-08,UKX,GJR-skewt-h5,GJR-skewt-AR1-expanding-refit21-horizon5,1,0.0261370116,0.0006831433754,-0.06611498682,-0.05338022687,-0.04328847181,,,0.002380697735,0.0007381767912,True,
2016-03-16,2016-03-09,UKX,GJR-skewt-h5,GJR-skewt-AR1-expanding-refit21-horizon5,1,0.02521413665,0.0006357526871,-0.06388358914,-0.05159848239,-0.04186305835,,,0.004739607868,0.0006826946745,True,
2016-03-17,2016-03-10,UKX,GJR-skewt-h5,GJR-skewt-AR1-expanding-refit21-horizon5,1,0.02820731392,0.0007956525589,-0.07131574895,-0.05757227371,-0.04668115473,,,0.02686917415,0.0005292409691,True,
2016-03-18,2016-03-11,UKX,GJR-skewt-h5,GJR-skewt-AR1-expanding-refit21-horizon5,1,0.02739304934,0.0007503791521,-0.06958219775,-0.05623545739,-0.04565873392,,,0.008078343509,0.0004788409655,True,
2016-03-21,2016-03-14,UKX,GJR-skewt-h5,GJR-skewt-AR1-expanding-refit21-horizon5,1,0.0264277914,0.000698428158,-0.06700532211,-0.05412888525,-0.04392485728,,,0.001618228046,0.0004833634234,True,
2016-03-22,2016-03-15,UKX,GJR-skewt-h5,GJR-skewt-AR1-expanding-refit21-horizon5,1,0.02587352082,0.0006694390795,-0.06547815679,-0.05287177769,-0.04288175899,,,0.008546468324,0.0005610822768,True,
2016-03-23,2016-03-16,UKX,GJR-skewt-h5,GJR-skewt-AR1-expanding-refit21-horizon5,1,0.02498134842,0.0006240677689,-0.06331244871,-0.05114076358,-0.04149522135,,,0.003814285137,0.0005456599145,True,
2016-03-24,2016-03-17,UKX,GJR-skewt-h5,GJR-skewt-AR1-expanding-refit21-horizon5,1,0.0241203601,0.0005817917713,-0.06109748851,-0.0493453035,-0.04003219725,,,-0.01537293384,0.0005099943527,True,
2016-03-29,2016-03-18,UKX,GJR-skewt-h5,GJR-skewt-AR1-expanding-refit21-horizon5,1,0.02333631814,0.0005445837443,-0.05903580363,-0.0476656281,-0.0386552481,,,-0.01361497929,0.0004961515529,True,
2016-03-30,2016-03-21,UKX,GJR-skewt-h5,GJR-skewt-AR1-expanding-refit21-horizon5,1,0.02255349792,0.0005086602685,-0.05704698207,-0.04605822075,-0.03735009527,,,0.003002972374,0.0004658126113,True,
2016-03-31,2016-03-22,UKX,GJR-skewt-h5,GJR-skewt-AR1-expanding-refit21-horizon5,1,0.02179894646,0.0004751940669,-0.05514094208,-0.04451982155,-0.03610303574,,,-0.002878538294,0.0003715778374,True,
2016-04-01,2016-03-23,UKX,GJR-skewt-h5,GJR-skewt-AR1-expanding-refit21-horizon5,1,0.02108192791,0.0004444476842,-0.05330705327,-0.04303528635,-0.0348953484,,,-0.008586385758,0.0004617833359,True,
2016-04-04,2016-03-24,UKX,GJR-skewt-h5,GJR-skewt-AR1-expanding-refit21-horizon5,1,0.02359366709,0.0005566611268,-0.05957100977,-0.04806707762,-0.03895227459,,,0.009485727639,0.0004428442369,True,
2016-04-05,2016-03-29,UKX,GJR-skewt-h5,GJR-skewt-AR1-expanding-refit21-horizon5,1,0.02278169361,0.0005190055637,-0.05765266605,-0.04654464047,-0.03774352239,,,-0.002410362127,0.0004454389074,True,
2016-04-06,2016-03-30,UKX,GJR-skewt-h5,GJR-skewt-AR1-expanding-refit21-horizon5,1,0.02224216694,0.0004947139902,-0.05644027902,-0.04559531886,-0.03700263296,,,-0.006728819387,0.0004374668764,True,
2016-04-07,2016-03-31,UKX,GJR-skewt-h5,GJR-skewt-AR1-expanding-refit21-horizon5,1,0.02179264427,0.0004749193441,-0.05507940163,-0.04445362225,-0.03603459781,,,-0.006172959482,0.0004742621357,True,
2016-04-08,2016-04-01,UKX,GJR-skewt-h5,GJR-skewt-AR1-expanding-refit21-horizon5,1,0.02141556059,0.0004586262354,-0.05411504358,-0.04367312477,-0.03539977686,,,0.009440951702,0.0003882404478,True,
2016-04-11,2016-04-04,UKX,GJR-skewt-h5,GJR-skewt-AR1-expanding-refit21-horizon5,1,0.02072063524,0.0004293447247,-0.05242005466,-0.04231697145,-0.03431208996,,,0.005725931491,0.0003816110039,True,
2016-04-12,2016-04-05,UKX,GJR-skewt-h5,GJR-skewt-AR1-expanding-refit21-horizon5,1,0.02222044767,0.0004937482946,-0.05609487239,-0.04526050224,-0.03667620702,,,0.02451956945,0.0003766407976,True,
2016-04-13,2016-04-06,UKX,GJR-skewt-h5,GJR-skewt-AR1-expanding-refit21-horizon5,1,0.02159922064,0.0004665263323,-0.05475278935,-0.04422132054,-0.03587702032,,,0.03214773288,0.0003645969489,True,
2016-04-14,2016-04-07,UKX,GJR-skewt-h5,GJR-skewt-AR1-expanding-refit21-horizon5,1,0.02112655864,0.0004463314801,-0.05338362666,-0.04308262104,-0.03492092155,,,0.0365102455,0.0003202197772,True,
2016-04-15,2016-04-08,UKX,GJR-skewt-h5,GJR-skewt-AR1-expanding-refit21-horizon5,1,0.0205572808,0.0004226017939,-0.05208530765,-0.04206187371,-0.03412009999,,,0.02221922528,0.0003106412562,True,
2016-04-18,2016-04-11,UKX,GJR-skewt-h5,GJR-skewt-AR1-expanding-refit21-horizon5,1,0.01990617975,0.0003962559921,-0.05030072273,-0.04059475627,-0.03290451861,,,0.02444040541,0.0003142450231,True,
2016-04-19,2016-04-12,UKX,GJR-skewt-h5,GJR-skewt-AR1-expanding-refit21-horizon5,1,0.01933042979,0.0003736655158,-0.04890804863,-0.03948280956,-0.03201499799,,,0.02577666119,0.0002811399274,True,
2016-04-20,2016-04-13,UKX,GJR-skewt-h5,GJR-skewt-AR1-expanding-refit21-horizon5,1,0.01913990884,0.0003663361106,-0.04854981418,-0.03921747038,-0.03182326165,,,0.007421808422,0.0002803719335,True,
2016-04-21,2016-04-14,UKX,GJR-skewt-h5,GJR-skewt-AR1-expanding-refit21-horizon5,1,0.01855689947,0.000344358518,-0.04686470799,-0.03781663116,-0.03064765302,,,0.002557535463,0.0003215002473,True,
2016-04-22,2016-04-15,UKX,GJR-skewt-h5,GJR-skewt-AR1-expanding-refit21-horizon5,1,0.01821287205,0.0003317087082,-0.04594730367,-0.03706696965,-0.03003089762,,,-0.005278876791,0.0003258779843,True,
2016-04-25,2016-04-18,UKX,GJR-skewt-h5,GJR-skewt-AR1-expanding-refit21-horizon5,1,0.01768246556,0.0003126695882,-0.04464322093,-0.03602150548,-0.02919034227,,,-0.01468191307,0.0003214409442,True,
2016-04-26,2016-04-19,UKX,GJR-skewt-h5,GJR-skewt-AR1-expanding-refit21-horizon5,1,0.01725796374,0.0002978373125,-0.04362769539,-0.03521296091,-0.028545793,,,-0.01905508493,0.0003248871882,True,
2016-04-27,2016-04-20,UKX,GJR-skewt-h5,GJR-skewt-AR1-expanding-refit21-horizon5,1,0.01677929611,0.0002815447778,-0.04232804092,-0.03414669788,-0.02766445082,,,-0.01420267155,0.0003393845755,True,
2016-04-28,2016-04-21,UKX,GJR-skewt-h5,GJR-skewt-AR1-expanding-refit21-horizon5,1,0.01673305764,0.0002799952181,-0.04215483114,-0.0339960333,-0.02753164929,,,-0.009288626259,0.000334576383,True,
2016-04-29,2016-04-22,UKX,GJR-skewt-h5,GJR-skewt-AR1-expanding-refit21-horizon5,1,0.01860290708,0.0003460681517,-0.04686196785,-0.03779145838,-0.0306047064,,,-0.01091444294,0.0003838419205,True,
2016-05-03,2016-04-25,UKX,GJR-skewt-h5,GJR-skewt-AR1-expanding-refit21-horizon5,1,0.01915796216,0.0003670275141,-0.04831445125,-0.03897330491,-0.03157212175,,,-0.01209990322,0.0004128402998,True,
2016-05-04,2016-04-26,UKX,GJR-skewt-h5,GJR-skewt-AR1-expanding-refit21-horizon5,1,0.01858321952,0.0003453360479,-0.04693109654,-0.03787950684,-0.0307067774,,,-0.02783223251,0.0004489243941,True,
2016-05-05,2016-04-27,UKX,GJR-skewt-h5,GJR-skewt-AR1-expanding-refit21-horizon5,1,0.01806557185,0.0003263648864,-0.04562877776,-0.03682932597,-0.02985639758,,,-0.03258257891,0.000462972989,True,
2016-05-06,2016-04-28,UKX,GJR-skewt-h5,GJR-skewt-AR1-expanding-refit21-horizon5,1,0.01754169617,0.0003077111045,-0.04423667042,-0.03569239012,-0.02892166665,,,-0.03160579996,0.0004921422272,True,
2016-05-09,2016-04-29,UKX,GJR-skewt-h5,GJR-skewt-AR1-expanding-refit21-horizon5,1,0.01988788233,0.0003955278637,-0.05008914559,-0.04040207544,-0.03272577377,,,-0.02057257726,0.0004677049621,True,
2016-05-10,2016-05-03,UKX,GJR-skewt-h5,GJR-skewt-AR1-expanding-refit21-horizon5,1,0.02062980581,0.0004255888879,-0.05202265677,-0.04197420754,-0.0340115391,,,-0.004683074488,0.0004634152668,True,
2016-05-11,2016-05-04,UKX,GJR-skewt-h5,GJR-skewt-AR1-expanding-refit21-horizon5,1,0.02217901968,0.0004919089139,-0.05594781155,-0.04514476497,-0.03658413277,,,0.008228487504,0.0004618584626,True,
2016-05-12,2016-05-05,UKX,GJR-skewt-h5,GJR-skewt-AR1-expanding-refit21-horizon5,1,0.02143754946,0.0004595685266,-0.05418868504,-0.04374679677,-0.03547235639,,,-0.00214370004,0.0005008418643,True,
2016-05-13,2016-05-06,UKX,GJR-skewt-h5,GJR-skewt-AR1-expanding-refit21-horizon5,1,0.02073532944,0.0004299538871,-0.05240101911,-0.042301171,-0.03429777268,,,0.00208734519,0.0005139855958,True,
2016-05-16,2016-05-09,UKX,GJR-skewt-h5,GJR-skewt-AR1-expanding-refit21-horizon5,1,0.02012316268,0.0004049416761,-0.05080507814,-0.0410034067,-0.03323629179,,,0.005967652001,0.0005115475594,True,
2016-05-17,2016-05-10,UKX,GJR-skewt-h5,GJR-skewt-AR1-expanding-refit21-horizon5,1,0.01953499052,0.0003816158546,-0.04939322682,-0.03987804465,-0.03233795175,,,0.001801227311,0.0004916155421,True,
2016-05-18,2016-05-11,UKX,GJR-skewt-h5,GJR-skewt-AR1-expanding-refit21-horizon5,1,0.01893195087,0.0003584187639,-0.04779204263,-0.03857059145,-0.03126325909,,,0.0005353220038,0.000527592759,True,
2016-05-19,2016-05-12,UKX,GJR-skewt-h5,GJR-skewt-AR1-expanding-refit21-horizon5,1,0.01987744966,0.0003951130052,-0.05009705707,-0.04041506852,-0.03274279364,,,-0.008357009318,0.0005187388692,True,
2016-05-20,2016-05-13,UKX,GJR-skewt-h5,GJR-skewt-AR1-expanding-refit21-horizon5,1,0.01928611644,0.0003719542871,-0.04874499163,-0.03935103205,-0.03190699928,,,0.002895503424,0.0004669324281,True,
2016-05-23,2016-05-16,UKX,GJR-skewt-h5,GJR-skewt-AR1-expanding-refit21-horizon5,1,0.018700124,0.0003496946377,-0.04721221812,-0.0381036861,-0.03088583401,,,-0.002441447234,0.0005050291457,True,
2016-05-24,2016-05-17,UKX,GJR-skewt-h5,GJR-skewt-AR1-expanding-refit21-horizon5,1,0.01814872617,0.0003293762616,-0.04581024153,-0.03697028661,-0.02996526241,,,0.008315150175,0.0004984765944,True,
2016-05-25,2016-05-18,UKX,GJR-skewt-h5,GJR-skewt-AR1-expanding-refit21-horizon5,1,0.01762308927,0.0003105732755,-0.04443697161,-0.03585304603,-0.02905090654,,,0.01562545961,0.0004171432476,True,
2016-05-26,2016-05-19,UKX,GJR-skewt-h5,GJR-skewt-AR1-expanding-refit21-horizon5,1,0.02255216526,0.0005086001577,-0.05683343067,-0.04584863083,-0.03714397234,,,0.0344702636,0.0003738404512,True,
2016-05-27,2016-05-20,UKX,GJR-skewt-h5,GJR-skewt-AR1-expanding-refit21-horizon5,1,0.02204682866,0.0004860626541,-0.05591127725,-0.0451726188,-0.03666300954,,,0.01842799105,0.0003233009535,True,
2016-05-31,2016-05-23,UKX,GJR-skewt-h5,GJR-skewt-AR1-expanding-refit21-horizon5,1,0.02145954962,0.0004605122698,-0.05420200099,-0.04374939679,-0.03546646481,,,0.01526646915,0.0002740967564,True,
2016-06-01,2016-05-24,UKX,GJR-skewt-h5,GJR-skewt-AR1-expanding-refit21-horizon5,1,0.02092743849,0.0004379576816,-0.05301730784,-0.04282388649,-0.03474633814,,,-0.004415358412,0.0002797284372,True,
2016-06-02,2016-05-25,UKX,GJR-skewt-h5,GJR-skewt-AR1-expanding-refit21-horizon5,1,0.0202997038,0.0004120779743,-0.05134737238,-0.04145971058,-0.03362445454,,,-0.0124192951,0.0002993841588,True,
2016-06-03,2016-05-26,UKX,GJR-skewt-h5,GJR-skewt-AR1-expanding-refit21-horizon5,1,0.01965325183,0.0003862503075,-0.0496646234,-0.04008589094,-0.03249552045,,,-0.008993847658,0.0003566485939,True,
2016-06-06,2016-05-27,UKX,GJR-skewt-h5,GJR-skewt-AR1-expanding-refit21-horizon5,1,0.01904488292,0.0003627075655,-0.04811455084,-0.03883232927,-0.03147691966,,,0.000414549688,0.0003754185612,True,
2016-06-07,2016-05-31,UKX,GJR-skewt-h5,GJR-skewt-AR1-expanding-refit21-horizon5,1,0.01917264756,0.0003675904143,-0.0483651405,-0.03902064814,-0.03161589399,,,0.008581580209,0.0003718254919,True,
2016-06-08,2016-06-01,UKX,GJR-skewt-h5,GJR-skewt-AR1-expanding-refit21-horizon5,1,0.01927650312,0.0003715835727,-0.04863184614,-0.03923673598,-0.03179187129,,,0.01754572984,0.0003401171931,True,
2016-06-09,2016-06-02,UKX,GJR-skewt-h5,GJR-skewt-AR1-expanding-refit21-horizon5,1,0.01871163177,0.0003501251634,-0.04724411091,-0.03812431149,-0.03089760831,,,0.007457220631,0.0003349351698,True,
2016-06-10,2016-06-03,UKX,GJR-skewt-h5,GJR-skewt-AR1-expanding-refit21-horizon5,1,0.01816912283,0.0003301170243,-0.0459097729,-0.0370543851,-0.03003720672,,,-0.01522094288,0.0003194495177,True,
2016-06-13,2016-06-06,UKX,GJR-skewt-h5,GJR-skewt-AR1-expanding-refit21-horizon5,1,0.01775866447,0.0003153701637,-0.04492804814,-0.03627271226,-0.02941405885,,,-0.03708697274,0.0003540116932,True,
2016-06-14,2016-06-07,UKX,GJR-skewt-h5,GJR-skewt-AR1-expanding-refit21-horizon5,1,0.01725655599,0.0002977887246,-0.04355675119,-0.03514613628,-0.02848140444,,,-0.05915879397,0.0004345521546,True,
2016-06-15,2016-06-08,UKX,GJR-skewt-h5,GJR-skewt-AR1-expanding-refit21-horizon5,1,0.01678717917,0.0002818093844,-0.0423676537,-0.03418580678,-0.02770235506,,,-0.05457696268,0.0004837551596,True,
2016-06-16,2016-06-09,UKX,GJR-skewt-h5,GJR-skewt-AR1-expanding-refit21-horizon5,1,0.01858447768,0.0003453828105,-0.04681337355,-0.03775554734,-0.03057795291,,,-0.04620599686,0.0005160016315,True,
2016-06-17,2016-06-10,UKX,GJR-skewt-h5,GJR-skewt-AR1-expanding-refit21-horizon5,1,0.02350426014,0.0005524502448,-0.05929883281,-0.04784317034,-0.03876548467,,,-0.01560557137,0.000555200804,True,
2016-06-20,2016-06-13,UKX,GJR-skewt-h5,GJR-skewt-AR1-expanding-refit21-horizon5,1,0.02459239068,0.0006047856793,-0.06215339796,-0.05016739519,-0.04066945775,,,0.02596276126,0.0005785951904,True,
2016-06-21,2016-06-14,UKX,GJR-skewt-h5,GJR-skewt-AR1-expanding-refit21-horizon5,1,0.02877084083,0.0008277612818,-0.07273522459,-0.05871270103,-0.04760098562,,,0.04990296277,0.0005204216551,True,
2016-06-22,2016-06-15,UKX,GJR-skewt-h5,GJR-skewt-AR1-expanding-refit21-horizon5,1,0.02774328616,0.0007696899267,-0.07040033596,-0.05687862882,-0.04616376991,,,0.04816115357,0.0005534831626,True,
2016-06-23,2016-06-16,UKX,GJR-skewt-h5,GJR-skewt-AR1-expanding-refit21-horizon5,1,0.02681894584,0.000719255856,-0.06793412394,-0.05486292793,-0.04450506263,,,0.06310380482,0.0006809224525,True,
2016-06-24,2016-06-17,UKX,GJR-skewt-h5,GJR-skewt-AR1-expanding-refit21-horizon5,1,0.02595558777,0.0006736925365,-0.0658815016,-0.05323109478,-0.04320667087,,,0.01934304197,0.002501082044,True,
2016-06-27,2016-06-20,UKX,GJR-skewt-h5,GJR-skewt-AR1-expanding-refit21-horizon5,1,0.02574336938,0.0006627210668,-0.06552985016,-0.05298287575,-0.04304041366,,,-0.03640581943,0.002780653577,True,
2016-06-28,2016-06-21,UKX,GJR-skewt-h5,GJR-skewt-AR1-expanding-refit21-horizon5,1,0.02483785908,0.0006169192437,-0.06294086555,-0.05083522477,-0.04124248387,,,-0.01394058251,0.002857897449,True,
2016-06-29,2016-06-22,UKX,GJR-skewt-h5,GJR-skewt-AR1-expanding-refit21-horizon5,1,0.02398989337,0.000575514984,-0.06079496468,-0.04910261105,-0.03983736679,,,0.01567222474,0.002891471787,True,
2016-06-30,2016-06-23,UKX,GJR-skewt-h5,GJR-skewt-AR1-expanding-refit21-horizon5,1,0.02328751429,0.0005423083216,-0.05907092468,-0.04772090124,-0.03872692596,,,0.02588441222,0.003070518156,True,
2016-07-01,2016-06-24,UKX,GJR-skewt-h5,GJR-skewt-AR1-expanding-refit21-horizon5,1,0.03385395728,0.001146090424,-0.08559625917,-0.06909629254,-0.05602140394,,,0.06908728817,0.001240870625,True,
2016-07-04,2016-06-27,UKX,GJR-skewt-h5,GJR-skewt-AR1-expanding-refit21-horizon5,1,0.03883424435,0.001508098534,-0.09853451711,-0.0795690108,-0.06454672828,,,0.0864386187,0.0009332684286,True,
2016-07-05,2016-06-28,UKX,GJR-skewt-h5,GJR-skewt-AR1-expanding-refit21-horizon5,1,0.03766159083,0.001418395424,-0.09601953581,-0.0776267191,-0.0630580551,,,0.06387262723,0.0008983515298,True,
2016-07-06,2016-06-29,UKX,GJR-skewt-h5,GJR-skewt-AR1-expanding-refit21-horizon5,1,0.03688552764,0.001360542149,-0.09411975796,-0.07610594776,-0.06183748892,,,0.01614233738,0.000908417294,True,
2016-07-07,2016-06-30,UKX,GJR-skewt-h5,GJR-skewt-AR1-expanding-refit21-horizon5,1,0.0357332115,0.001276862404,-0.09105552283,-0.07360447005,-0.05978176261,,,0.004525207086,0.000638770027,True,
2016-07-08,2016-07-01,UKX,GJR-skewt-h5,GJR-skewt-AR1-expanding-refit21-horizon5,1,0.03441076135,0.001184100497,-0.08757078608,-0.07076557917,-0.0574544362,,,0.001944093002,0.0006170619903,True,
2016-07-11,2016-07-04,UKX,GJR-skewt-h5,GJR-skewt-AR1-expanding-refit21-horizon5,1,0.03375492632,0.001139395051,-0.08571091376,-0.06922599745,-0.05616855169,,,0.02432496584,0.0006318772167,True,
2016-07-12,2016-07-05,UKX,GJR-skewt-h5,GJR-skewt-AR1-expanding-refit21-horizon5,1,0.03245299002,0.001053196561,-0.08249426121,-0.06664517243,-0.05409135574,,,0.02046030379,0.0005723519882,True,
2016-07-13,2016-07-06,UKX,GJR-skewt-h5,GJR-skewt-AR1-expanding-refit21-horizon5,1,0.03279602608,0.001075579326,-0.08322139882,-0.06720478128,-0.05451826768,,,0.03149336018,0.0004696847963,True,
2016-07-14,2016-07-07,UKX,GJR-skewt-h5,GJR-skewt-AR1-expanding-refit21-horizon5,1,0.03160572673,0.0009989219621,-0.08039585769,-0.06496054745,-0.05273447832,,,0.0183046438,0.0006023192196,True,
2016-07-15,2016-07-08,UKX,GJR-skewt-h5,GJR-skewt-AR1-expanding-refit21-horizon5,1,0.03044854503,0.0009271138944,-0.07741763961,-0.06254746298,-0.05076902739,,,0.01185553566,0.0005999358741,True,
2016-07-18,2016-07-11,UKX,GJR-skewt-h5,GJR-skewt-AR1-expanding-refit21-horizon5,1,0.02943184344,0.0008662334081,-0.07486734281,-0.06049369343,-0.04910854935,,,0.001868698388,0.0006136002021,True,
2016-07-19,2016-07-12,UKX,GJR-skewt-h5,GJR-skewt-AR1-expanding-refit21-horizon5,1,0.02832713954,0.0008024268345,-0.07191085979,-0.0580767154,-0.04711890483,,,0.002496575083,0.0005943815269,True,
2016-07-20,2016-07-13,UKX,GJR-skewt-h5,GJR-skewt-AR1-expanding-refit21-horizon5,1,0.02730602208,0.0007456188416,-0.06928915372,-0.05595369317,-0.0453908823,,,0.008746730755,0.0005727602989,True,
2016-07-21,2016-07-14,UKX,GJR-skewt-h5,GJR-skewt-AR1-expanding-refit21-horizon5,1,0.02637827961,0.0006958136354,-0.06690959767,-0.05402721933,-0.04382328784,,,0.006799268742,0.0003700336199,True,
2016-07-22,2016-07-15,UKX,GJR-skewt-h5,GJR-skewt-AR1-expanding-refit21-horizon5,1,0.02542358984,0.0006463589203,-0.06451170467,-0.05209556882,-0.04226094076,,,0.00914949316,0.0003408388746,True,
2016-07-25,2016-07-18,UKX,GJR-skewt-h5,GJR-skewt-AR1-expanding-refit21-horizon5,1,0.02452485081,0.000601468307,-0.0622300761,-0.05025285805,-0.04076588994,,,0.002193159807,0.0002751744644,True,
2016-07-26,2016-07-19,UKX,GJR-skewt-h5,GJR-skewt-AR1-expanding-refit21-horizon5,1,0.02365821155,0.0005597109736,-0.05998088985,-0.048426913,-0.03927518767,,,0.003963838798,0.0002915519591,True,
2016-07-27,2016-07-20,UKX,GJR-skewt-h5,GJR-skewt-AR1-expanding-refit21-horizon5,1,0.02285444878,0.000522325829,-0.05796711516,-0.04680567248,-0.03796486736,,,0.003175203664,0.0002861123741,True,
2016-07-28,2016-07-21,UKX,GJR-skewt-h5,GJR-skewt-AR1-expanding-refit21-horizon5,1,0.02234854776,0.0004994575869,-0.05658974414,-0.04567536868,-0.03703026166,,,0.003159259911,0.0003066096647,True,
2016-07-29,2016-07-22,UKX,GJR-skewt-h5,GJR-skewt-AR1-expanding-refit21-horizon5,1,0.02161086851,0.0004670296377,-0.05478658603,-0.0442324715,-0.03587272155,,,-0.0009067474994,0.0003173364108,True,
2016-08-01,2016-07-25,UKX,GJR-skewt-h5,GJR-skewt-AR1-expanding-refit21-horizon5,1,0.02103789179,0.0004425928909,-0.05325121111,-0.0429769216,-0.03483881671,,,-0.002402265818,0.0003384558539,True,
2016-08-02,2016-07-26,UKX,GJR-skewt-h5,GJR-skewt-AR1-expanding-refit21-horizon5,1,0.02019519214,0.0004078457857,-0.05113345309,-0.04126079891,-0.03344421824,,,-0.0117583443,0.0003331982462,True,
2016-08-03,2016-07-27,UKX,GJR-skewt-h5,GJR-skewt-AR1-expanding-refit21-horizon5,1,0.01955736883,0.0003824906754,-0.04951798114,-0.0399571343,-0.03238742414,,,-0.01733352849,0.000348054283,True,
2016-08-04,2016-07-28,UKX,GJR-skewt-h5,GJR-skewt-AR1-expanding-refit21-horizon5,1,0.01927085855,0.0003713659892,-0.04871654304,-0.03929576007,-0.03183694416,,,0.002837780807,0.0004530827039,True,
2016-08-05,2016-07-29,UKX,GJR-skewt-h5,GJR-skewt-AR1-expanding-refit21-horizon5,1,0.01866883817,0.0003485255187,-0.0472175274,-0.03809104909,-0.0308652461,,,0.01022358508,0.0004202947838,True,
2016-08-08,2016-08-01,UKX,GJR-skewt-h5,GJR-skewt-AR1-expanding-refit21-horizon5,1,0.01848032207,0.0003415223038,-0.04669368726,-0.03765936722,-0.0305065297,,,0.01704836444,0.0004054333867,True,
2016-08-09,2016-08-02,UKX,GJR-skewt-h5,GJR-skewt-AR1-expanding-refit21-horizon5,1,0.01889381529,0.0003569762564,-0.04772801459,-0.03849155359,-0.03117867286,,,0.03051351558,0.0003695323284,True,
2016-08-10,2016-08-03,UKX,GJR-skewt-h5,GJR-skewt-AR1-expanding-refit21-horizon5,1,0.01837138297,0.0003375077121,-0.04643907287,-0.03745800898,-0.03034733651,,,0.03437171776,0.0003543273795,True,
2016-08-11,2016-08-04,UKX,GJR-skewt-h5,GJR-skewt-AR1-expanding-refit21-horizon5,1,0.01809770618,0.000327526969,-0.04588483985,-0.03703756604,-0.03003282059,,,0.02555998142,0.0002318592268,True,
2016-08-12,2016-08-05,UKX,GJR-skewt-h5,GJR-skewt-AR1-expanding-refit21-horizon5,1,0.01763353579,0.0003109415846,-0.04463183235,-0.03601147362,-0.02918638605,,,0.01787129514,0.0002056376397,True,
2016-08-15,2016-08-08,UKX,GJR-skewt-h5,GJR-skewt-AR1-expanding-refit21-horizon5,1,0.01713018805,0.0002934433427,-0.04329831785,-0.0349240265,-0.02829376046,,,0.0192147311,0.0001841265274,True,
2016-08-16,2016-08-09,UKX,GJR-skewt-h5,GJR-skewt-AR1-expanding-refit21-horizon5,1,0.0166952434,0.000278731152,-0.04221854251,-0.03405687891,-0.02759495887,,,0.006198561579,0.0002022491625,True,
2016-08-17,2016-08-10,UKX,GJR-skewt-h5,GJR-skewt-AR1-expanding-refit21-horizon5,1,0.01624668005,0.0002639546126,-0.04103848173,-0.03309610353,-0.02680780064,,,-0.001049091858,0.0002124056412,True,
2016-08-18,2016-08-11,UKX,GJR-skewt-h5,GJR-skewt-AR1-expanding-refit21-horizon5,1,0.01588046588,0.0002521891966,-0.0401421346,-0.03237878445,-0.02623222533,,,-0.006631073196,0.0001962689661,True,
2016-08-19,2016-08-12,UKX,GJR-skewt-h5,GJR-skewt-AR1-expanding-refit21-horizon5,1,0.01547530089,0.0002394849377,-0.03904935145,-0.03148407092,-0.02549433153,,,-0.008275909304,0.0001970329818,True,
2016-08-22,2016-08-15,UKX,GJR-skewt-h5,GJR-skewt-AR1-expanding-refit21-horizon5,1,0.01511179805,0.0002283664402,-0.03814862103,-0.03076104308,-0.02491199804,,,-0.01636966819,0.000280858233,True,
2016-08-23,2016-08-16,UKX,GJR-skewt-h5,GJR-skewt-AR1-expanding-refit21-horizon5,1,0.01576831522,0.0002486397648,-0.03974006582,-0.03203154183,-0.02592839079,,,-0.003691206624,0.0002777156827,True,
2016-08-24,2016-08-17,UKX,GJR-skewt-h5,GJR-skewt-AR1-expanding-refit21-horizon5,1,0.01593144308,0.0002538108787,-0.0401720915,-0.03238382056,-0.02621753062,,,-0.003417365867,0.0002725245363,True,
2016-08-25,2016-08-18,UKX,GJR-skewt-h5,GJR-skewt-AR1-expanding-refit21-horizon5,1,0.01552527603,0.0002410341957,-0.03918745763,-0.03159774617,-0.02558866383,,,-0.007613726544,0.000295557346,True,
2016-08-26,2016-08-19,UKX,GJR-skewt-h5,GJR-skewt-AR1-expanding-refit21-horizon5,1,0.0151932352,0.0002308343959,-0.03831443247,-0.03088704302,-0.0250064776,,,-0.003051728916,0.0003143407634,True,
2016-08-30,2016-08-22,UKX,GJR-skewt-h5,GJR-skewt-AR1-expanding-refit21-horizon5,1,0.0152806614,0.000233498613,-0.03851299633,-0.03104286756,-0.0251284637,,,-0.001128291696,0.0002410466185,True,
2016-08-31,2016-08-23,UKX,GJR-skewt-h5,GJR-skewt-AR1-expanding-refit21-horizon5,1,0.01495655769,0.000223698618,-0.03777003138,-0.03045834448,-0.02466938546,,,-0.01274742536,0.0002517696507,True,
2016-09-01,2016-08-24,UKX,GJR-skewt-h5,GJR-skewt-AR1-expanding-refit21-horizon5,1,0.01507180098,0.0002271591848,-0.03796190538,-0.03059457352,-0.02476240635,,,-0.01322374278,0.0002593449099,True,
2016-09-02,2016-08-25,UKX,GJR-skewt-h5,GJR-skewt-AR1-expanding-refit21-horizon5,1,0.01490060109,0.0002220279128,-0.03753954139,-0.0302558947,-0.02448997486,,,0.01133370203,0.0003135821122,True,
2016-09-05,2016-08-26,UKX,GJR-skewt-h5,GJR-skewt-AR1-expanding-refit21-horizon5,1,0.01456480328,0.0002121334945,-0.03672593474,-0.02960643128,-0.02397045138,,,0.00602149499,0.0002999269632,True,
2016-09-06,2016-08-30,UKX,GJR-skewt-h5,GJR-skewt-AR1-expanding-refit21-horizon5,1,0.01439534082,0.0002072258374,-0.03624969673,-0.02921302916,-0.02364262426,,,0.000776776158,0.0003214818886,True,
2016-09-07,2016-08-31,UKX,GJR-skewt-h5,GJR-skewt-AR1-expanding-refit21-horizon5,1,0.01487097696,0.0002211459557,-0.0374408431,-0.03017167715,-0.02441722063,,,0.009553876575,0.0003099261423,True,
2016-09-08,2016-09-01,UKX,GJR-skewt-h5,GJR-skewt-AR1-expanding-refit21-horizon5,1,0.01516952776,0.0002301145725,-0.03820809822,-0.03079299598,-0.02492301257,,,0.01656821119,0.000339363951,True,
2016-09-09,2016-09-02,UKX,GJR-skewt-h5,GJR-skewt-AR1-expanding-refit21-horizon5,1,0.01543909127,0.0002383655393,-0.03910353014,-0.03155666104,-0.02558236764,,,-0.01720398457,0.0002812175739,True,
2016-09-12,2016-09-05,UKX,GJR-skewt-h5,GJR-skewt-AR1-expanding-refit21-horizon5,1,0.01515656525,0.0002297214703,-0.03819817074,-0.03078940477,-0.02492443732,,,-0.02628959348,0.0003186186749,True,
2016-09-13,2016-09-06,UKX,GJR-skewt-h5,GJR-skewt-AR1-expanding-refit21-horizon5,1,0.01611847498,0.0002598052357,-0.04061467473,-0.03273571226,-0.0264985253,,,-0.02379352781,0.0003403749525,True,
2016-09-14,2016-09-07,UKX,GJR-skewt-h5,GJR-skewt-AR1-expanding-refit21-horizon5,1,0.01570386941,0.0002466115144,-0.03963701821,-0.03196072142,-0.02588396977,,,-0.02563773201,0.0003781882118,True,
2016-09-15,2016-09-08,UKX,GJR-skewt-h5,GJR-skewt-AR1-expanding-refit21-horizon5,1,0.01530833478,0.0002343451136,-0.03861646949,-0.0311335162,-0.02520982019,,,-0.01889825762,0.0003661036044,True,
2016-09-16,2016-09-09,UKX,GJR-skewt-h5,GJR-skewt-AR1-expanding-refit21-horizon5,1,0.01785522839,0.000318809181,-0.04502239907,-0.03629448438,-0.02938524528,,,-0.009890895835,0.0003942899959,True,
2016-09-19,2016-09-12,UKX,GJR-skewt-h5,GJR-skewt-AR1-expanding-refit21-horizon5,1,0.0196702481,0.0003869186603,-0.0496675658,-0.04005244111,-0.03244086402,,,0.01667879812,0.0003374831006,True,
2016-09-20,2016-09-13,UKX,GJR-skewt-h5,GJR-skewt-AR1-expanding-refit21-horizon5,1,0.01954741493,0.0003821014304,-0.04939942544,-0.03984434353,-0.03228029783,,,0.02448178169,0.0003064578403,True,
2016-09-21,2016-09-14,UKX,GJR-skewt-h5,GJR-skewt-AR1-expanding-refit21-horizon5,1,0.01892224543,0.0003580513722,-0.04785036497,-0.03860087568,-0.03127874486,,,0.02391271908,0.0002604543602,True,
2016-09-22,2016-09-15,UKX,GJR-skewt-h5,GJR-skewt-AR1-expanding-refit21-horizon5,1,0.01841023854,0.0003389368829,-0.04659757017,-0.03759835785,-0.03047435265,,,0.02655251778,0.0002321283288,True,
2016-09-23,2016-09-16,UKX,GJR-skewt-h5,GJR-skewt-AR1-expanding-refit21-horizon5,1,0.01801542862,0.0003245556682,-0.04550066853,-0.03669444547,-0.02972321547,,,0.02923915883,0.0001770504459,True,
2016-09-26,2016-09-19,UKX,GJR-skewt-h5,GJR-skewt-AR1-expanding-refit21-horizon5,1,0.01774392005,0.0003148466988,-0.04494587673,-0.0362723713,-0.02940620395,,,0.0006455444906,0.000201479777,True,
2016-09-27,2016-09-20,UKX,GJR-skewt-h5,GJR-skewt-AR1-expanding-refit21-horizon5,1,0.01722875999,0.0002968301707,-0.04353158706,-0.03510989992,-0.02844307833,,,-0.003387415341,0.0002053714739,True,
2016-09-28,2016-09-21,UKX,GJR-skewt-h5,GJR-skewt-AR1-expanding-refit21-horizon5,1,0.01673672473,0.0002801179546,-0.04225898211,-0.0340778095,-0.02760138531,,,0.002133862831,0.0002321204445,True,
2016-09-29,2016-09-22,UKX,GJR-skewt-h5,GJR-skewt-AR1-expanding-refit21-horizon5,1,0.01642682995,0.0002698407423,-0.04154735136,-0.03351766015,-0.0271611525,,,0.001156838511,0.0002586384918,True,
2016-09-30,2016-09-23,UKX,GJR-skewt-h5,GJR-skewt-AR1-expanding-refit21-horizon5,1,0.01598820135,0.0002556225823,-0.0403094221,-0.03249262558,-0.02630911615,,,-0.001462860223,0.0003463029553,True,
2016-10-03,2016-09-26,UKX,GJR-skewt-h5,GJR-skewt-AR1-expanding-refit21-horizon5,1,0.01899661602,0.0003608714201,-0.04789664677,-0.03860900529,-0.03126197783,,,0.02398405006,0.0003809593907,True,
2016-10-04,2016-09-27,UKX,GJR-skewt-h5,GJR-skewt-AR1-expanding-refit21-horizon5,1,0.01845738305,0.000340674989,-0.04660839595,-0.03758439103,-0.03044591437,,,0.03841411801,0.0004203010903,True,
2016-10-05,2016-09-28,UKX,GJR-skewt-h5,GJR-skewt-AR1-expanding-refit21-horizon5,1,0.01793519047,0.0003216710572,-0.04533198551,-0.03656328593,-0.02962676962,,,0.02649494186,0.0004117532298,True,
2016-10-06,2016-09-29,UKX,GJR-skewt-h5,GJR-skewt-AR1-expanding-refit21-horizon5,1,0.01751816343,0.0003068860499,-0.04429731905,-0.03573250829,-0.02895727909,,,0.01158110256,0.000396347347,True,
2016-10-07,2016-09-30,UKX,GJR-skewt-h5,GJR-skewt-AR1-expanding-refit21-horizon5,1,0.01717758088,0.0002950692848,-0.04332819758,-0.03492990114,-0.02828639378,,,0.02081303212,0.0003724772031,True,
2016-10-10,2016-10-03,UKX,GJR-skewt-h5,GJR-skewt-AR1-expanding-refit21-horizon5,1,0.01685843675,0.0002842068898,-0.0426267156,-0.03438445201,-0.02786437509,,,0.0161923856,0.0003434007538,True,
2016-10-11,2016-10-04,UKX,GJR-skewt-h5,GJR-skewt-AR1-expanding-refit21-horizon5,1,0.01658782422,0.0002751559124,-0.04194132428,-0.03383136595,-0.02741594966,,,-0.00048071475,0.0003119428778,True,
2016-10-12,2016-10-05,UKX,GJR-skewt-h5,GJR-skewt-AR1-expanding-refit21-horizon5,1,0.01681213781,0.0002826479779,-0.04237258782,-0.03415296027,-0.02765078967,,,-0.001323128408,0.0003343140469,True,
2016-10-13,2016-10-06,UKX,GJR-skewt-h5,GJR-skewt-AR1-expanding-refit21-horizon5,1,0.01682245931,0.0002829951373,-0.0424070326,-0.03418235875,-0.02767619627,,,-0.00319077153,0.000357716639,True,
2016-10-14,2016-10-07,UKX,GJR-skewt-h5,GJR-skewt-AR1-expanding-refit21-horizon5,1,0.01640287142,0.0002690541909,-0.04141887591,-0.03339934291,-0.02705545795,,,-0.004381825762,0.0003104950659,True,
2016-10-17,2016-10-10,UKX,GJR-skewt-h5,GJR-skewt-AR1-expanding-refit21-horizon5,1,0.01603089054,0.0002569894516,-0.04047753018,-0.03263986247,-0.02643984281,,,-0.02134631906,0.0003412960237,True,
2016-10-18,2016-10-11,UKX,GJR-skewt-h5,GJR-skewt-AR1-expanding-refit21-horizon5,1,0.01591563632,0.0002533074796,-0.04009779743,-0.0323164787,-0.02616103412,,,-0.01006330772,0.0003235991964,True,
2016-10-19,2016-10-12,UKX,GJR-skewt-h5,GJR-skewt-AR1-expanding-refit21-horizon5,1,0.01645325258,0.0002707095204,-0.0414493353,-0.03340517044,-0.02704180033,,,-0.000299033602,0.0002896164172,True,
2016-10-20,2016-10-13,UKX,GJR-skewt-h5,GJR-skewt-AR1-expanding-refit21-horizon5,1,0.01692452734,0.0002864396255,-0.04265365462,-0.03437907867,-0.02783344092,,,0.007026249813,0.0002573340835,True,
2016-10-21,2016-10-14,UKX,GJR-skewt-h5,GJR-skewt-AR1-expanding-refit21-horizon5,1,0.01648267313,0.0002716785135,-0.0416137347,-0.03355518583,-0.02718043719,,,0.000983305307,0.0002441479406,True,
2016-10-24,2016-10-17,UKX,GJR-skewt-h5,GJR-skewt-AR1-expanding-refit21-horizon5,1,0.01779752506,0.0003167518981,-0.04486246434,-0.03616107079,-0.02927779721,,,0.005569097787,0.0001926775273,True,
2016-10-25,2016-10-18,UKX,GJR-skewt-h5,GJR-skewt-AR1-expanding-refit21-horizon5,1,0.01733541706,0.0003005166847,-0.04381045522,-0.03533499104,-0.02863043982,,,0.002496844539,0.0001989621013,True,
2016-10-26,2016-10-19,UKX,GJR-skewt-h5,GJR-skewt-AR1-expanding-refit21-horizon5,1,0.01685062136,0.0002839434401,-0.04253845198,-0.03430000942,-0.02778295514,,,-0.009127360075,0.0002284631074,True,
2016-10-27,2016-10-20,UKX,GJR-skewt-h5,GJR-skewt-AR1-expanding-refit21-horizon5,1,0.01638444292,0.0002684499698,-0.04132931438,-0.03331879126,-0.02698203361,,,-0.005751584557,0.0002992903538,True,
2016-10-28,2016-10-21,UKX,GJR-skewt-h5,GJR-skewt-AR1-expanding-refit21-horizon5,1,0.01596717803,0.0002549507742,-0.04025100467,-0.03244448666,-0.0262691081,,,-0.003453030561,0.0003557973204,True,
2016-10-31,2016-10-24,UKX,GJR-skewt-h5,GJR-skewt-AR1-expanding-refit21-horizon5,1,0.01606806263,0.0002581826366,-0.0404537385,-0.03261390036,-0.02640771018,,,-0.004619566452,0.0003605130661,True,
2016-11-01,2016-10-25,UKX,GJR-skewt-h5,GJR-skewt-AR1-expanding-refit21-horizon5,1,0.0156725771,0.0002456296729,-0.03951432519,-0.03186745012,-0.02581401378,,,-0.01442467239,0.0003954999162,True,
2016-11-02,2016-10-26,UKX,GJR-skewt-h5,GJR-skewt-AR1-expanding-refit21-horizon5,1,0.01678546489,0.0002817518315,-0.04225799021,-0.03406812123,-0.02758483884,,,-0.01632958312,0.0003929921943,True,
2016-11-03,2016-10-27,UKX,GJR-skewt-h5,GJR-skewt-AR1-expanding-refit21-horizon5,1,0.01634134829,0.000267039664,-0.04121914771,-0.03324596958,-0.02693422449,,,-0.02846946622,0.0003900229097,True,
2016-11-04,2016-10-28,UKX,GJR-skewt-h5,GJR-skewt-AR1-expanding-refit21-horizon5,1,0.01590778362,0.0002530575797,-0.04009172294,-0.03233008723,-0.02618580383,,,-0.04427441308,0.0003982976609,True,
2016-11-07,2016-10-31,UKX,GJR-skewt-h5,GJR-skewt-AR1-expanding-refit21-horizon5,1,0.01627432902,0.0002648537852,-0.04097160104,-0.03303112257,-0.02674526326,,,-0.02140903243,0.0004122610824,True,
2016-11-08,2016-11-01,UKX,GJR-skewt-h5,GJR-skewt-AR1-expanding-refit21-horizon5,1,0.01645696897,0.0002708318277,-0.04144312549,-0.03341353438,-0.02705713151,,,-0.01075576115,0.0003643315051,True,
2016-11-09,2016-11-02,UKX,GJR-skewt-h5,GJR-skewt-AR1-expanding-refit21-horizon5,1,0.01815560095,0.0003296258458,-0.04574203849,-0.03688366048,-0.02987117148,,,0.009653188154,0.0007367358036,True,
2016-11-10,2016-11-03,UKX,GJR-skewt-h5,GJR-skewt-AR1-expanding-refit21-horizon5,1,0.0188324148,0.0003546598472,-0.04748804994,-0.03829944474,-0.03102554056,,,0.005507228374,0.0007763442871,True,
2016-11-11,2016-11-04,UKX,GJR-skewt-h5,GJR-skewt-AR1-expanding-refit21-horizon5,1,0.02173598556,0.0004724530683,-0.05485381211,-0.04424851312,-0.03585312262,,,0.005527565764,0.0008326983099,True,
2016-11-14,2016-11-07,UKX,GJR-skewt-h5,GJR-skewt-AR1-expanding-refit21-horizon5,1,0.02125098367,0.0004516043068,-0.0538513328,-0.04348267319,-0.03527461168,,,-0.007920293704,0.0008640320515,True,
2016-11-15,2016-11-08,UKX,GJR-skewt-h5,GJR-skewt-AR1-expanding-refit21-horizon5,1,0.02056144646,0.0004227730804,-0.05200369511,-0.04197147059,-0.03402973858,,,-0.007392324825,0.000912407341,True,
2016-11-16,2016-11-09,UKX,GJR-skewt-h5,GJR-skewt-AR1-expanding-refit21-horizon5,1,0.01997983279,0.0003991937184,-0.05055400494,-0.04080555805,-0.03308847075,,,-0.02373197934,0.000555348681,True,
2016-11-17,2016-11-10,UKX,GJR-skewt-h5,GJR-skewt-AR1-expanding-refit21-horizon5,1,0.02171980278,0.0004717498326,-0.0548292463,-0.04423184312,-0.03584270312,,,-0.004888879718,0.0004559774597,True,
2016-11-18,2016-11-11,UKX,GJR-skewt-h5,GJR-skewt-AR1-expanding-refit21-horizon5,1,0.02407632818,0.0005796695788,-0.06082966619,-0.04908248048,-0.03978314706,,,0.006722849502,0.0003828887338,True,
2016-11-21,2016-11-14,UKX,GJR-skewt-h5,GJR-skewt-AR1-expanding-refit21-horizon5,1,0.02321812279,0.0005390812257,-0.05877259363,-0.04744413863,-0.03847628177,,,0.003665577688,0.0004189349446,True,
2016-11-22,2016-11-15,UKX,GJR-skewt-h5,GJR-skewt-AR1-expanding-refit21-horizon5,1,0.02242542723,0.0005028997863,-0.05676706565,-0.04582537818,-0.03716369509,,,0.003966976379,0.0003779625031,True,
2016-11-23,2016-11-16,UKX,GJR-skewt-h5,GJR-skewt-AR1-expanding-refit21-horizon5,1,0.02225941549,0.000495481578,-0.05625121061,-0.04539052265,-0.03679296057,,,0.01002411183,0.0003800312794,True,
2016-11-24,2016-11-17,UKX,GJR-skewt-h5,GJR-skewt-AR1-expanding-refit21-horizon5,1,0.02152703906,0.0004634134108,-0.05447930744,-0.04397595643,-0.03566127023,,,0.005064639753,0.00036379417,True,
2016-11-25,2016-11-18,UKX,GJR-skewt-h5,GJR-skewt-AR1-expanding-refit21-horizon5,1,0.02092224531,0.0004377403487,-0.05286386766,-0.0426556042,-0.03457451587,,,0.009547243158,0.0003050344461,True,
2016-11-28,2016-11-21,UKX,GJR-skewt-h5,GJR-skewt-AR1-expanding-refit21-horizon5,1,0.02022339341,0.0004089856408,-0.05110293794,-0.04123565434,-0.03342449325,,,0.003167006883,0.0002923756271,True,
2016-11-29,2016-11-22,UKX,GJR-skewt-h5,GJR-skewt-AR1-expanding-refit21-horizon5,1,0.01959910612,0.0003841249608,-0.0495760019,-0.04002455412,-0.03245882386,,,-0.00701904694,0.0003388121275,True,
2016-11-30,2016-11-23,UKX,GJR-skewt-h5,GJR-skewt-AR1-expanding-refit21-horizon5,1,0.01897456097,0.000360033964,-0.04793328934,-0.03868620801,-0.03136156732,,,-0.004984811998,0.0003877399883,True,
2016-12-01,2016-11-24,UKX,GJR-skewt-h5,GJR-skewt-AR1-expanding-refit21-horizon5,1,0.01838594445,0.0003380429532,-0.0464453843,-0.03748515994,-0.0303877395,,,-0.01123553723,0.0004540199663,True,
2016-12-02,2016-11-25,UKX,GJR-skewt-h5,GJR-skewt-AR1-expanding-refit21-horizon5,1,0.01783129294,0.0003179550079,-0.04502943141,-0.03633951146,-0.02945619996,,,-0.01622547625,0.0005174000082,True,
2016-12-05,2016-11-28,UKX,GJR-skewt-h5,GJR-skewt-AR1-expanding-refit21-horizon5,1,0.01800840633,0.0003243026985,-0.04542342494,-0.03664719038,-0.02969550881,,,-0.007780790568,0.000538220174,True,
2016-12-06,2016-11-29,UKX,GJR-skewt-h5,GJR-skewt-AR1-expanding-refit21-horizon5,1,0.01780138239,0.0003168892148,-0.04490991874,-0.03623457543,-0.02936281012,,,0.001151109959,0.0005111461032,True,
2016-12-07,2016-11-30,UKX,GJR-skewt-h5,GJR-skewt-AR1-expanding-refit21-horizon5,1,0.01728087665,0.000298628698,-0.04362453213,-0.0352028526,-0.02853201513,,,0.01730284144,0.0004370868717,True,
2016-12-08,2016-12-01,UKX,GJR-skewt-h5,GJR-skewt-AR1-expanding-refit21-horizon5,1,0.01720675791,0.0002960725178,-0.04338797772,-0.03500241928,-0.02836019345,,,0.02611865319,0.0003902528723,True,
2016-12-09,2016-12-02,UKX,GJR-skewt-h5,GJR-skewt-AR1-expanding-refit21-horizon5,1,0.01694796078,0.0002872333744,-0.04273681126,-0.03447737527,-0.02793505141,,,0.03266664254,0.0003380832636,True,
2016-12-12,2016-12-05,UKX,GJR-skewt-h5,GJR-skewt-AR1-expanding-refit21-horizon5,1,0.0164813466,0.0002716347858,-0.04158817392,-0.03355613815,-0.02719393867,,,0.02106083478,0.0002751891746,True,
2016-12-13,2016-12-06,UKX,GJR-skewt-h5,GJR-skewt-AR1-expanding-refit21-horizon5,1,0.01606520276,0.0002580907398,-0.04054443518,-0.03271520336,-0.0265136455,,,0.0274667836,0.0002792442683,True,
2016-12-14,2016-12-07,UKX,GJR-skewt-h5,GJR-skewt-AR1-expanding-refit21-horizon5,1,0.01604297203,0.0002573769516,-0.04058534178,-0.0327669439,-0.02657396764,,,0.006786343484,0.000270610572,True,
2016-12-15,2016-12-08,UKX,GJR-skewt-h5,GJR-skewt-AR1-expanding-refit21-horizon5,1,0.01564866991,0.0002448808698,-0.03947629584,-0.03185005756,-0.02580929148,,,0.009676600787,0.0002968529648,True,
2016-12-16,2016-12-09,UKX,GJR-skewt-h5,GJR-skewt-AR1-expanding-refit21-horizon5,1,0.01526891562,0.0002331397841,-0.03849930289,-0.03105813444,-0.02516396273,,,0.008220112707,0.0003237360978,True,
2016-12-19,2016-12-12,UKX,GJR-skewt-h5,GJR-skewt-AR1-expanding-refit21-horizon5,1,0.01669590355,0.0002787531953,-0.04204884498,-0.03391224682,-0.02746722316,,,0.01823518159,0.0002852075168,True,
2016-12-20,2016-12-13,UKX,GJR-skewt-h5,GJR-skewt-AR1-expanding-refit21-horizon5,1,0.01638809206,0.0002685695615,-0.04141685577,-0.03343026676,-0.0271040658,,,0.01076183281,0.0002555352839,True,
2016-12-21,2016-12-14,UKX,GJR-skewt-h5,GJR-skewt-AR1-expanding-refit21-horizon5,1,0.01611047142,0.0002595472893,-0.04060246777,-0.03275117468,-0.02653214202,,,0.01318042702,0.0002313475777,True,
2016-12-22,2016-12-15,UKX,GJR-skewt-h5,GJR-skewt-AR1-expanding-refit21-horizon5,1,0.01575073545,0.0002480856674,-0.03975856275,-0.03208258375,-0.02600241789,,,0.009201739443,0.0001686669081,True,
2016-12-23,2016-12-16,UKX,GJR-skewt-h5,GJR-skewt-AR1-expanding-refit21-horizon5,1,0.01535537941,0.0002357876769,-0.03870911679,-0.03122581099,-0.02529826215,,,0.00803994385,,True,
2016-12-28,2016-12-19,UKX,GJR-skewt-h5,GJR-skewt-AR1-expanding-refit21-horizon5,1,0.01498168146,0.0002244507794,-0.03774754855,-0.03044636107,-0.02466306871,,,0.01258927804,,True,
2016-12-29,2016-12-20,UKX,GJR-skewt-h5,GJR-skewt-AR1-expanding-refit21-horizon5,1,0.01464989368,0.0002146193849,-0.03692310073,-0.02978360704,-0.0241283928,,,0.01077364135,,True,
2016-12-30,2016-12-21,UKX,GJR-skewt-h5,GJR-skewt-AR1-expanding-refit21-horizon5,1,0.01431259145,0.0002048502739,-0.03600413545,-0.02902231125,-0.02349509307,,,0.01429782892,,True,
2017-01-03,2016-12-22,UKX,GJR-skewt-h5,GJR-skewt-AR1-expanding-refit21-horizon5,1,0.01401792802,0.0001965023058,-0.03527823394,-0.02844014948,-0.02302672405,,,0.01603782637,,True,
2017-01-04,2016-12-23,UKX,GJR-skewt-h5,GJR-skewt-AR1-expanding-refit21-horizon5,1,0.01373031744,0.000188521617,-0.03452504737,-0.0278272622,-0.02252490586,,,0.01704359517,0.0001780307,True,
2017-01-05,2016-12-28,UKX,GJR-skewt-h5,GJR-skewt-AR1-expanding-refit21-horizon5,1,0.01350188824,0.0001823009859,-0.03397707113,-0.02739071599,-0.02217657414,,,0.01247442409,0.0001863683726,True,
2017-01-06,2016-12-29,UKX,GJR-skewt-h5,GJR-skewt-AR1-expanding-refit21-horizon5,1,0.01325451703,0.0001756822216,-0.0333204409,-0.0268547559,-0.02173614355,,,0.01253300244,0.0001989763882,True,
2017-01-09,2016-12-30,UKX,GJR-skewt-h5,GJR-skewt-AR1-expanding-refit21-horizon5,1,0.01303296478,0.000169858171,-0.0327634584,-0.02640584879,-0.02137279519,,,0.01321243684,0.0001723078509,True,
2017-01-10,2017-01-03,UKX,GJR-skewt-h5,GJR-skewt-AR1-expanding-refit21-horizon5,1,0.01284842002,0.000165081897,-0.03230535953,-0.02603777268,-0.02107598635,,,0.0135056917,0.0001411475021,True,
2017-01-11,2017-01-04,UKX,GJR-skewt-h5,GJR-skewt-AR1-expanding-refit21-horizon5,1,0.01264525223,0.0001599024039,-0.03176227415,-0.02559379457,-0.02071046731,,,0.01392265741,0.0001611002913,True,
2017-01-12,2017-01-05,UKX,GJR-skewt-h5,GJR-skewt-AR1-expanding-refit21-horizon5,1,0.01245358531,0.000155091787,-0.03126646474,-0.02519148218,-0.02038217261,,,0.01340468852,0.0001627514502,True,
2017-01-13,2017-01-06,UKX,GJR-skewt-h5,GJR-skewt-AR1-expanding-refit21-horizon5,1,0.01228123387,0.0001508287055,-0.03083597653,-0.02484506872,-0.0201023176,,,0.01755620919,0.0001689960488,True,
2017-01-16,2017-01-09,UKX,GJR-skewt-h5,GJR-skewt-AR1-expanding-refit21-horizon5,1,0.01213816411,0.0001473350279,-0.03048401171,-0.02456289474,-0.01987539412,,,0.01226255073,0.000158586893,True,
2017-01-17,2017-01-10,UKX,GJR-skewt-h5,GJR-skewt-AR1-expanding-refit21-horizon5,1,0.01202590112,0.0001446222977,-0.03020756842,-0.02434121446,-0.01969706742,,,-0.007602199759,0.0001674000893,True,
2017-01-18,2017-01-11,UKX,GJR-skewt-h5,GJR-skewt-AR1-expanding-refit21-horizon5,1,0.0118857105,0.0001412701141,-0.02982619607,-0.02402822849,-0.01943822007,,,-0.005901737673,0.0001648475682,True,
2017-01-19,2017-01-12,UKX,GJR-skewt-h5,GJR-skewt-AR1-expanding-refit21-horizon5,1,0.011749589,0.0001380528416,-0.02946520864,-0.02373364247,-0.01919620129,,,-0.01158569744,0.0001771968852,True,
2017-01-20,2017-01-13,UKX,GJR-skewt-h5,GJR-skewt-AR1-expanding-refit21-horizon5,1,0.01168660672,0.0001365767766,-0.02934887246,-0.02364802967,-0.01913491091,,,-0.01918027811,0.0001741153277,True,
2017-01-23,2017-01-16,UKX,GJR-skewt-h5,GJR-skewt-AR1-expanding-refit21-horizon5,1,0.0116310583,0.0001352815172,-0.02914972507,-0.02347597935,-0.0189843122,,,-0.02429961455,0.0001887936006,True,
2017-01-24,2017-01-17,UKX,GJR-skewt-h5,GJR-skewt-AR1-expanding-refit21-horizon5,1,0.01661922863,0.0002761987602,-0.04178629938,-0.03367927465,-0.02726128229,,,-0.009756052864,0.0001881455571,True,
2017-01-25,2017-01-18,UKX,GJR-skewt-h5,GJR-skewt-AR1-expanding-refit21-horizon5,1,0.01618056011,0.0002618105256,-0.04080415164,-0.03291111377,-0.02666252585,,,-0.01154608941,0.0001963390396,True,
2017-01-26,2017-01-19,UKX,GJR-skewt-h5,GJR-skewt-AR1-expanding-refit21-horizon5,1,0.01637246946,0.0002680577563,-0.0412254408,-0.03323878765,-0.02691608843,,,-0.006527542829,0.0001778604891,True,
2017-01-27,2017-01-20,UKX,GJR-skewt-h5,GJR-skewt-AR1-expanding-refit21-horizon5,1,0.01598219388,0.0002554305212,-0.04025919932,-0.03246292647,-0.02629094337,,,-0.001932837804,0.0001721675062,True,
2017-01-30,2017-01-23,UKX,GJR-skewt-h5,GJR-skewt-AR1-expanding-refit21-horizon5,1,0.01648620021,0.0002717947975,-0.04150716955,-0.0334650374,-0.02709841779,,,-0.004583172988,0.0001677544726,True,
2017-01-31,2017-01-24,UKX,GJR-skewt-h5,GJR-skewt-AR1-expanding-refit21-horizon5,1,0.01602855148,0.0002569144625,-0.04041835976,-0.03257006531,-0.02636244852,,,-0.007172157485,0.0001996954316,True,
2017-02-01,2017-01-25,UKX,GJR-skewt-h5,GJR-skewt-AR1-expanding-refit21-horizon5,1,0.01561291977,0.0002437632637,-0.03937100099,-0.03172621838,-0.0256795695,,,-0.007945572818,0.0002106243176,True,
2017-02-02,2017-01-26,UKX,GJR-skewt-h5,GJR-skewt-AR1-expanding-refit21-horizon5,1,0.01522431124,0.0002317796527,-0.03835994648,-0.03090544396,-0.02500929731,,,-0.002894668653,0.0002455681348,True,
2017-02-03,2017-01-27,UKX,GJR-skewt-h5,GJR-skewt-AR1-expanding-refit21-horizon5,1,0.01486763645,0.0002210466135,-0.03747444982,-0.0301945912,-0.02443657933,,,0.000528749463,0.0002590885459,True,
2017-02-06,2017-01-30,UKX,GJR-skewt-h5,GJR-skewt-AR1-expanding-refit21-horizon5,1,0.01636897291,0.0002679432741,-0.04122201892,-0.03320703894,-0.02686758205,,,0.007515439695,0.0002625069208,True,
2017-02-07,2017-01-31,UKX,GJR-skewt-h5,GJR-skewt-AR1-expanding-refit21-horizon5,1,0.01610017856,0.0002592157496,-0.04058251436,-0.0326991481,-0.02646379122,,,0.01218041822,0.0002460090616,True,
2017-02-08,2017-02-01,UKX,GJR-skewt-h5,GJR-skewt-AR1-expanding-refit21-horizon5,1,0.01567715677,0.0002457732443,-0.03952957633,-0.03185334042,-0.02578181351,,,0.01134550134,0.0002270663636,True,
2017-02-09,2017-02-02,UKX,GJR-skewt-h5,GJR-skewt-AR1-expanding-refit21-horizon5,1,0.01530590581,0.0002342707525,-0.03860562255,-0.03111116769,-0.02518342069,,,0.0123450899,0.0001962462947,True,
2017-02-10,2017-02-03,UKX,GJR-skewt-h5,GJR-skewt-AR1-expanding-refit21-horizon5,1,0.01498838638,0.0002246517262,-0.03780830555,-0.03046932238,-0.02466454588,,,0.009759821905,0.0001914047203,True,
2017-02-13,2017-02-06,UKX,GJR-skewt-h5,GJR-skewt-AR1-expanding-refit21-horizon5,1,0.01475305503,0.0002176526326,-0.03714151191,-0.02991775747,-0.02420412126,,,0.01476726966,0.0001704885546,True,
2017-02-14,2017-02-07,UKX,GJR-skewt-h5,GJR-skewt-AR1-expanding-refit21-horizon5,1,0.01441851236,0.0002078934987,-0.0363168662,-0.02925691879,-0.02367284592,,,0.01140116694,0.0001555668361,True,
2017-02-15,2017-02-08,UKX,GJR-skewt-h5,GJR-skewt-AR1-expanding-refit21-horizon5,1,0.01410140267,0.0001988495573,-0.03549439602,-0.02858971966,-0.02312845861,,,0.01567881562,0.000139981153,True,
2017-02-16,2017-02-09,UKX,GJR-skewt-h5,GJR-skewt-AR1-expanding-refit21-horizon5,1,0.01384941192,0.0001918062104,-0.03488883485,-0.02810754442,-0.02274387559,,,0.006672468106,0.0001429117943,True,
2017-02-17,2017-02-10,UKX,GJR-skewt-h5,GJR-skewt-AR1-expanding-refit21-horizon5,1,0.01359339937,0.0001847805065,-0.03422249173,-0.02756655648,-0.02230203746,,,0.0056598491,0.0001516399184,True,
2017-02-20,2017-02-13,UKX,GJR-skewt-h5,GJR-skewt-AR1-expanding-refit21-horizon5,1,0.01334242561,0.0001780203212,-0.03357139143,-0.02703834414,-0.02187102348,,,0.002880897578,0.0001533900593,True,
2017-02-21,2017-02-14,UKX,GJR-skewt-h5,GJR-skewt-AR1-expanding-refit21-horizon5,1,0.01315505684,0.0001730555206,-0.03306163905,-0.02662033586,-0.02152558031,,,0.0008525801962,0.0001527324871,True,
2017-02-22,2017-02-15,UKX,GJR-skewt-h5,GJR-skewt-AR1-expanding-refit21-horizon5,1,0.01295514594,0.0001678358064,-0.03259489911,-0.02625148123,-0.02123414816,,,-1.370750581e-05,0.0001673068392,True,
2017-02-23,2017-02-16,UKX,GJR-skewt-h5,GJR-skewt-AR1-expanding-refit21-horizon5,1,0.01303969082,0.0001700335368,-0.03275239544,-0.02636758061,-0.02131750457,,,-0.0008935138488,0.0001604712112,True,
2017-02-24,2017-02-17,UKX,GJR-skewt-h5,GJR-skewt-AR1-expanding-refit21-horizon5,1,0.01282951674,0.0001645964998,-0.0322618878,-0.02597998359,-0.02101130482,,,-0.007742195655,0.0001742792833,True,
2017-02-27,2017-02-20,UKX,GJR-skewt-h5,GJR-skewt-AR1-expanding-refit21-horizon5,1,0.01262154773,0.0001593034671,-0.03170779131,-0.025527718,-0.0206395825,,,-0.006445459625,0.0001820957423,True,
2017-02-28,2017-02-21,UKX,GJR-skewt-h5,GJR-skewt-AR1-expanding-refit21-horizon5,1,0.01275861946,0.0001627823706,-0.03203310867,-0.02578591893,-0.0208446976,,,-0.00156826919,0.0001643254321,True,
2017-03-01,2017-02-22,UKX,GJR-skewt-h5,GJR-skewt-AR1-expanding-refit21-horizon5,1,0.01249539488,0.0001561348933,-0.03140473308,-0.02527482583,-0.02042858912,,,0.01097716177,0.000162513755,True,
2017-03-02,2017-02-23,UKX,GJR-skewt-h5,GJR-skewt-AR1-expanding-refit21-horizon5,1,0.01279337301,0.0001636703929,-0.03210577634,-0.02582968897,-0.02086788389,,,0.01514994398,0.0001554174871,True,
2017-03-03,2017-02-24,UKX,GJR-skewt-h5,GJR-skewt-AR1-expanding-refit21-horizon5,1,0.01298396473,0.0001685833401,-0.03259671247,-0.02622712589,-0.02119140137,,,0.01786880353,0.0001198350937,True,
2017-03-06,2017-02-27,UKX,GJR-skewt-h5,GJR-skewt-AR1-expanding-refit21-horizon5,1,0.01275878894,0.0001627866952,-0.03205962118,-0.02580049983,-0.0208521079,,,0.01329875553,0.0001111544289,True,
2017-03-07,2017-02-28,UKX,GJR-skewt-h5,GJR-skewt-AR1-expanding-refit21-horizon5,1,0.01255033329,0.0001575108657,-0.03152737186,-0.02537051329,-0.02050296918,,,0.01035456829,0.0001056800027,True,
2017-03-08,2017-03-01,UKX,GJR-skewt-h5,GJR-skewt-AR1-expanding-refit21-horizon5,1,0.01280320075,0.0001639219494,-0.03228851165,-0.02600760305,-0.02104198636,,,-0.006563611674,0.0001072180772,True,
2017-03-09,2017-03-02,UKX,GJR-skewt-h5,GJR-skewt-AR1-expanding-refit21-horizon5,1,0.01258869672,0.0001584752852,-0.03161403432,-0.02543835567,-0.02055593261,,,-0.009171741251,0.0001349379914,True,
2017-03-10,2017-03-03,UKX,GJR-skewt-h5,GJR-skewt-AR1-expanding-refit21-horizon5,1,0.01242863965,0.0001544710836,-0.03119658334,-0.02509942443,-0.02027907819,,,-0.004239845889,0.0001398059523,True,
2017-03-13,2017-03-06,UKX,GJR-skewt-h5,GJR-skewt-AR1-expanding-refit21-horizon5,1,0.01254967599,0.0001574943674,-0.03148951134,-0.02533297523,-0.02046568604,,,0.00231022305,0.0001401054321,True,
2017-03-14,2017-03-07,UKX,GJR-skewt-h5,GJR-skewt-AR1-expanding-refit21-horizon5,1,0.0124258643,0.0001544021037,-0.03118631208,-0.02509051467,-0.02027124483,,,0.002571959059,0.0001637291289,True,
2017-03-15,2017-03-08,UKX,GJR-skewt-h5,GJR-skewt-AR1-expanding-refit21-horizon5,1,0.01225261812,0.0001501266508,-0.03074999639,-0.02473918893,-0.01998711121,,,0.004624851753,0.000146682861,True,
2017-03-16,2017-03-09,UKX,GJR-skewt-h5,GJR-skewt-AR1-expanding-refit21-horizon5,1,0.01228887843,0.000151016533,-0.03082686545,-0.02479826966,-0.02003212867,,,0.01371279379,0.0001335169422,True,
2017-03-17,2017-03-10,UKX,GJR-skewt-h5,GJR-skewt-AR1-expanding-refit21-horizon5,1,0.01213545609,0.0001472692946,-0.03048418703,-0.02453085614,-0.01982421876,,,0.01109157455,0.0001313471742,True,
2017-03-20,2017-03-13,UKX,GJR-skewt-h5,GJR-skewt-AR1-expanding-refit21-horizon5,1,0.01198715814,0.0001436919604,-0.03010034417,-0.0242197643,-0.01957064306,,,0.008474759263,0.0001325044896,True,
2017-03-21,2017-03-14,UKX,GJR-skewt-h5,GJR-skewt-AR1-expanding-refit21-horizon5,1,0.01188179392,0.0001411770267,-0.02979614728,-0.02396725628,-0.0193589997,,,0.002768680724,0.0001424437447,True,
2017-03-22,2017-03-15,UKX,GJR-skewt-h5,GJR-skewt-AR1-expanding-refit21-horizon5,1,0.011737475,0.0001377683194,-0.02944758038,-0.0236894884,-0.01913720472,,,-0.005975517106,0.0001609857588,True,
2017-03-23,2017-03-16,UKX,GJR-skewt-h5,GJR-skewt-AR1-expanding-refit21-horizon5,1,0.0116742614,0.0001362883792,-0.02932383975,-0.02359675867,-0.01906899187,,,-0.01020559577,0.0001543777942,True,
2017-03-24,2017-03-17,UKX,GJR-skewt-h5,GJR-skewt-AR1-expanding-refit21-horizon5,1,0.011544818,0.0001332828226,-0.02895276612,-0.02328918652,-0.01881162329,,,-0.011949931,0.0001475001655,True,
2017-03-27,2017-03-20,UKX,GJR-skewt-h5,GJR-skewt-AR1-expanding-refit21-horizon5,1,0.01142335931,0.000130493138,-0.02863763352,-0.02303363831,-0.01860318183,,,-0.01851537368,0.000168120249,True,
2017-03-28,2017-03-21,UKX,GJR-skewt-h5,GJR-skewt-AR1-expanding-refit21-horizon5,1,0.01267833587,0.0001607402004,-0.03179060627,-0.02557095305,-0.02065376418,,,-0.004741296056,0.0001557449267,True,
2017-03-29,2017-03-22,UKX,GJR-skewt-h5,GJR-skewt-AR1-expanding-refit21-horizon5,1,0.01386118709,0.0001921325076,-0.03481472378,-0.02801479532,-0.02263884728,,,0.006667416892,0.0001586215297,True,
2017-03-30,2017-03-23,UKX,GJR-skewt-h5,GJR-skewt-AR1-expanding-refit21-horizon5,1,0.01355360604,0.0001837002367,-0.03409662065,-0.02743915762,-0.0221809032,,,0.003915628804,0.0001531214112,True,
2017-03-31,2017-03-24,UKX,GJR-skewt-h5,GJR-skewt-AR1-expanding-refit21-horizon5,1,0.01329593673,0.0001767819336,-0.03341822589,-0.02688732872,-0.02172903964,,,-0.001896342686,0.0001645943399,True,
2017-04-03,2017-03-27,UKX,GJR-skewt-h5,GJR-skewt-AR1-expanding-refit21-horizon5,1,0.01393408203,0.0001941586421,-0.0350127038,-0.02816835287,-0.02276248906,,,-0.001481841197,0.0001538765626,True,
2017-04-04,2017-03-28,UKX,GJR-skewt-h5,GJR-skewt-AR1-expanding-refit21-horizon5,1,0.01370720276,0.0001878874076,-0.03452236414,-0.02778945517,-0.0224716114,,,-0.002945764538,0.000149799378,True,
2017-04-05,2017-03-29,UKX,GJR-skewt-h5,GJR-skewt-AR1-expanding-refit21-horizon5,1,0.01345412823,0.0001810135664,-0.03385581481,-0.02724721477,-0.02202755375,,,-0.00571220274,0.0001517837694,True,
2017-04-06,2017-03-30,UKX,GJR-skewt-h5,GJR-skewt-AR1-expanding-refit21-horizon5,1,0.01320405299,0.0001743470155,-0.03318288627,-0.02669712193,-0.02157448005,,,-0.009037226326,0.000178387268,True,
2017-04-07,2017-03-31,UKX,GJR-skewt-h5,GJR-skewt-AR1-expanding-refit21-horizon5,1,0.01397922361,0.0001954186928,-0.03512519016,-0.02825866592,-0.02283528899,,,0.003612252907,0.0001973436469,True,
2017-04-10,2017-04-03,UKX,GJR-skewt-h5,GJR-skewt-AR1-expanding-refit21-horizon5,1,0.01443348129,0.0002083253822,-0.03629326251,-0.02920360918,-0.02360399853,,,0.009048929478,0.0001883066716,True,
2017-04-11,2017-04-04,UKX,GJR-skewt-h5,GJR-skewt-AR1-expanding-refit21-horizon5,1,0.01414669281,0.0002001289175,-0.03563636954,-0.02868758527,-0.02319923702,,,0.005950763522,0.0002238492175,True,
2017-04-12,2017-04-05,UKX,GJR-skewt-h5,GJR-skewt-AR1-expanding-refit21-horizon5,1,0.01384195083,0.0001915996029,-0.03482842539,-0.02802932884,-0.02265920824,,,0.00235681034,0.0002145246199,True,
2017-04-13,2017-04-06,UKX,GJR-skewt-h5,GJR-skewt-AR1-expanding-refit21-horizon5,1,0.01393785206,0.0001942637199,-0.0350366672,-0.02819046445,-0.02278313803,,,0.003335419135,0.0002012387004,True,
2017-04-18,2017-04-07,UKX,GJR-skewt-h5,GJR-skewt-AR1-expanding-refit21-horizon5,1,0.01370119244,0.0001877226744,-0.03450336385,-0.02777340712,-0.02245789511,,,-0.02785601869,0.0002247411753,True,
2017-04-19,2017-04-10,UKX,GJR-skewt-h5,GJR-skewt-AR1-expanding-refit21-horizon5,1,0.01342412217,0.0001802070561,-0.03374944415,-0.02715558294,-0.02194756306,,,-0.0324297435,0.0002383361513,True,
2017-04-20,2017-04-11,UKX,GJR-skewt-h5,GJR-skewt-AR1-expanding-refit21-horizon5,1,0.01317234189,0.0001735105909,-0.03312174752,-0.02665155952,-0.02154122027,,,-0.0341099072,0.0002147910385,True,
2017-04-21,2017-04-12,UKX,GJR-skewt-h5,GJR-skewt-AR1-expanding-refit21-horizon5,1,0.01306964825,0.0001708157054,-0.03282720258,-0.02640745718,-0.02133695893,,,-0.03241522507,0.0002152923492,True,
2017-04-24,2017-04-13,UKX,GJR-skewt-h5,GJR-skewt-AR1-expanding-refit21-horizon5,1,0.01307104353,0.0001708521789,-0.03282600849,-0.02640557774,-0.02133453818,,,-0.008621024964,0.0002330402615,True,
2017-04-25,2017-04-18,UKX,GJR-skewt-h5,GJR-skewt-AR1-expanding-refit21-horizon5,1,0.02399717075,0.0005758642041,-0.06062323678,-0.04883594735,-0.03952600956,,,0.01776365214,0.0001836699822,True,
2017-04-26,2017-04-19,UKX,GJR-skewt-h5,GJR-skewt-AR1-expanding-refit21-horizon5,1,0.02347303696,0.000550983464,-0.05942551211,-0.04789567456,-0.03878907962,,,0.02420434507,0.0001753346089,True,
2017-04-27,2017-04-20,UKX,GJR-skewt-h5,GJR-skewt-AR1-expanding-refit21-horizon5,1,0.02263272853,0.0005122404008,-0.05731263348,-0.0461955512,-0.03741496215,,,0.01653738914,0.0001654253185,True,
2017-04-28,2017-04-21,UKX,GJR-skewt-h5,GJR-skewt-AR1-expanding-refit21-horizon5,1,0.02184281658,0.000477108636,-0.05528382881,-0.04455474731,-0.03608061235,,,0.01247350796,0.0001619626381,True,
2017-05-02,2017-04-24,UKX,GJR-skewt-h5,GJR-skewt-AR1-expanding-refit21-horizon5,1,0.02150140262,0.0004623103146,-0.0545619241,-0.04400054341,-0.03565886334,,,-0.002011753746,0.0001390126234,True,
2017-05-03,2017-04-25,UKX,GJR-skewt-h5,GJR-skewt-AR1-expanding-refit21-horizon5,1,0.02076980161,0.000431384659,-0.05266201948,-0.04240096171,-0.03431301091,,,-0.005665048159,0.0001364413218,True,
2017-05-04,2017-04-26,UKX,GJR-skewt-h5,GJR-skewt-AR1-expanding-refit21-horizon5,1,0.02007961775,0.000403191049,-0.05089556254,-0.04097548137,-0.03315629448,,,-0.005585851322,0.0001363649089,True,
2017-05-05,2017-04-27,UKX,GJR-skewt-h5,GJR-skewt-AR1-expanding-refit21-horizon5,1,0.02027879142,0.0004112293816,-0.05134449959,-0.04132601919,-0.03342927224,,,0.008283688693,0.000132932306,True,
2017-05-08,2017-04-28,UKX,GJR-skewt-h5,GJR-skewt-AR1-expanding-refit21-horizon5,1,0.0199901693,0.0003996068685,-0.05062206277,-0.04074617248,-0.03296181763,,,0.01337508237,0.0001325035662,True,
2017-05-09,2017-05-02,UKX,GJR-skewt-h5,GJR-skewt-AR1-expanding-refit21-horizon5,1,0.0193790193,0.000375546389,-0.04913209059,-0.03955813123,-0.03201176378,,,0.0126232764,0.0001215729786,True,
2017-05-10,2017-05-03,UKX,GJR-skewt-h5,GJR-skewt-AR1-expanding-refit21-horizon5,1,0.01884847549,0.0003552650284,-0.047713569,-0.03840171809,-0.03106194926,,,0.02061677475,0.000125511577,True,
2017-05-11,2017-05-04,UKX,GJR-skewt-h5,GJR-skewt-AR1-expanding-refit21-horizon5,1,0.01826460445,0.0003335957756,-0.04624531856,-0.03722192176,-0.03010951765,,,0.01892818209,0.0001409038671,True,
2017-05-12,2017-05-05,UKX,GJR-skewt-h5,GJR-skewt-AR1-expanding-refit21-horizon5,1,0.01775963681,0.0003154046995,-0.04498525095,-0.03621132702,-0.02929556194,,,0.01873425798,0.0001360680136,True,
2017-05-15,2017-05-08,UKX,GJR-skewt-h5,GJR-skewt-AR1-expanding-refit21-horizon5,1,0.01723471198,0.0002970352972,-0.04359665738,-0.03508206593,-0.02837071137,,,0.02080683413,0.000121391842,True,
2017-05-16,2017-05-09,UKX,GJR-skewt-h5,GJR-skewt-AR1-expanding-refit21-horizon5,1,0.01677578587,0.0002814269916,-0.04245636889,-0.03416850407,-0.02763585954,,,0.02419350825,0.0001259950972,True,
2017-05-17,2017-05-10,UKX,GJR-skewt-h5,GJR-skewt-AR1-expanding-refit21-horizon5,1,0.01634804258,0.0002672584961,-0.04136169103,-0.03328514737,-0.02691907,,,0.01589155441,0.0001389481262,True,
2017-05-18,2017-05-11,UKX,GJR-skewt-h5,GJR-skewt-AR1-expanding-refit21-horizon5,1,0.01590613403,0.0002530050999,-0.04019030481,-0.03233208049,-0.02613808634,,,0.00671928643,0.0001659938062,True,
2017-05-19,2017-05-12,UKX,GJR-skewt-h5,GJR-skewt-AR1-expanding-refit21-horizon5,1,0.01554375292,0.0002416082548,-0.03930592875,-0.03162673423,-0.02557385461,,,0.004736364142,0.0001801469079,True,
2017-05-22,2017-05-15,UKX,GJR-skewt-h5,GJR-skewt-AR1-expanding-refit21-horizon5,1,0.01515887379,0.0002297914545,-0.03829184924,-0.03080279939,-0.02489979522,,,0.005605090534,0.0001838877424,True,
2017-05-23,2017-05-16,UKX,GJR-skewt-h5,GJR-skewt-AR1-expanding-refit21-horizon5,1,0.01489504469,0.0002218623562,-0.0376605575,-0.03030184908,-0.02450158238,,,-0.00489098887,0.0001823910245,True,
2017-05-24,2017-05-17,UKX,GJR-skewt-h5,GJR-skewt-AR1-expanding-refit21-horizon5,1,0.01468470191,0.0002156404703,-0.03704218168,-0.02978739044,-0.02406903314,,,0.001518125002,0.0001690988099,True,
2017-05-25,2017-05-18,UKX,GJR-skewt-h5,GJR-skewt-AR1-expanding-refit21-horizon5,1,0.01613342181,0.0002602872992,-0.0407093293,-0.03273881632,-0.02645631424,,,0.01087341846,0.0001240170364,True,
2017-05-26,2017-05-19,UKX,GJR-skewt-h5,GJR-skewt-AR1-expanding-refit21-horizon5,1,0.0157288083,0.0002473954104,-0.03976641332,-0.03199579453,-0.02587085265,,,0.01024091589,0.0001180947509,True,
2017-05-30,2017-05-22,UKX,GJR-skewt-h5,GJR-skewt-AR1-expanding-refit21-horizon5,1,0.01533876268,0.0002352776406,-0.03875879932,-0.03118087763,-0.02520782308,,,0.004020586851,0.0001260541854,True,
2017-05-31,2017-05-23,UKX,GJR-skewt-h5,GJR-skewt-AR1-expanding-refit21-horizon5,1,0.01501186228,0.0002253560092,-0.03788736597,-0.03047094529,-0.02462518874,,,0.004625066784,0.0001524663193,True,
2017-06-01,2017-05-24,UKX,GJR-skewt-h5,GJR-skewt-AR1-expanding-refit21-horizon5,1,0.01467175859,0.0002152605003,-0.03705330092,-0.02980490416,-0.02409158711,,,0.00383830464,0.0001588670137,True,
2017-06-02,2017-05-25,UKX,GJR-skewt-h5,GJR-skewt-AR1-expanding-refit21-horizon5,1,0.01431147671,0.0002048183656,-0.03609655947,-0.02901600517,-0.02343662427,,,0.003969378861,0.0001716855206,True,
2017-06-05,2017-05-26,UKX,GJR-skewt-h5,GJR-skewt-AR1-expanding-refit21-horizon5,1,0.01401590067,0.0001964454715,-0.03536308627,-0.02842876721,-0.0229646177,,,-0.00289255355,0.0001619907111,True,
2017-06-06,2017-05-30,UKX,GJR-skewt-h5,GJR-skewt-AR1-expanding-refit21-horizon5,1,0.01391649624,0.0001936688675,-0.03506233372,-0.02817719466,-0.02275179833,,,-0.0001993156837,0.0001622556587,True,
2017-06-07,2017-05-31,UKX,GJR-skewt-h5,GJR-skewt-AR1-expanding-refit21-horizon5,1,0.01364996402,0.0001863215179,-0.03439206801,-0.02763879486,-0.02231730706,,,-0.005520516165,0.000165789973,True,
2017-06-08,2017-06-01,UKX,GJR-skewt-h5,GJR-skewt-AR1-expanding-refit21-horizon5,1,0.01339052751,0.0001793062269,-0.03375415066,-0.02712923284,-0.02190888731,,,-0.0125119756,0.0001668343023,True,
2017-06-09,2017-06-02,UKX,GJR-skewt-h5,GJR-skewt-AR1-expanding-refit21-horizon5,1,0.01313521309,0.0001725338229,-0.03308152336,-0.02658292148,-0.0214621112,,,-0.002693259045,0.0002066871961,True,
2017-06-12,2017-06-05,UKX,GJR-skewt-h5,GJR-skewt-AR1-expanding-refit21-horizon5,1,0.0131243651,0.0001722489593,-0.03303068923,-0.02653745435,-0.0214208732,,,-0.001848674627,0.0002305347066,True,
2017-06-13,2017-06-06,UKX,GJR-skewt-h5,GJR-skewt-AR1-expanding-refit21-horizon5,1,0.01288846493,0.0001661125284,-0.03244473018,-0.02606820611,-0.02104359148,,,-0.003274471246,0.0002335326956,True,
2017-06-14,2017-06-07,UKX,GJR-skewt-h5,GJR-skewt-AR1-expanding-refit21-horizon5,1,0.01365403307,0.0001864326189,-0.03436643286,-0.02761114656,-0.02228807243,,,-0.00056178641,0.0002211447352,True,
2017-06-15,2017-06-08,UKX,GJR-skewt-h5,GJR-skewt-AR1-expanding-refit21-horizon5,1,0.01376461613,0.0001894646571,-0.03466591953,-0.02785592264,-0.02248973731,,,-0.004115854222,0.0002614258374,True,
2017-06-16,2017-06-09,UKX,GJR-skewt-h5,GJR-skewt-AR1-expanding-refit21-horizon5,1,0.01363449055,0.0001858993326,-0.0344282174,-0.0276825997,-0.02236714429,,,-0.008511912778,0.000248492194,True,
2017-06-19,2017-06-12,UKX,GJR-skewt-h5,GJR-skewt-AR1-expanding-refit21-horizon5,1,0.01346968502,0.0001814324146,-0.03392180976,-0.02725772902,-0.02200652365,,,0.001582886825,0.0002244349214,True,
2017-06-20,2017-06-13,UKX,GJR-skewt-h5,GJR-skewt-AR1-expanding-refit21-horizon5,1,0.01327727943,0.0001762861491,-0.03343198115,-0.02686309243,-0.02168689707,,,-0.00369993367,0.0002487752351,True,
2017-06-21,2017-06-14,UKX,GJR-skewt-h5,GJR-skewt-AR1-expanding-refit21-horizon5,1,0.01335085936,0.0001782454458,-0.03360748655,-0.0270021944,-0.02179731364,,,-0.003565174799,0.0002677013221,True,
2017-06-22,2017-06-15,UKX,GJR-skewt-h5,GJR-skewt-AR1-expanding-refit21-horizon5,1,0.01444242639,0.0002085836801,-0.03637972604,-0.02923438483,-0.02360395272,,,0.002678554018,0.0002349576396,True,
2017-06-23,2017-06-16,UKX,GJR-skewt-h5,GJR-skewt-AR1-expanding-refit21-horizon5,1,0.01416369119,0.0002006101483,-0.03575528361,-0.02874784569,-0.0232260795,,,-0.00529299467,0.0002171625181,True,
2017-06-26,2017-06-19,UKX,GJR-skewt-h5,GJR-skewt-AR1-expanding-refit21-horizon5,1,0.01394681042,0.0001945135208,-0.03521357753,-0.02831344063,-0.0228762262,,,-0.01028691983,0.0002256169756,True,
2017-06-27,2017-06-20,UKX,GJR-skewt-h5,GJR-skewt-AR1-expanding-refit21-horizon5,1,0.0147428553,0.0002173517825,-0.03715389056,-0.02985991317,-0.02411235776,,,-0.005138541638,0.0002090067931,True,
2017-06-28,2017-06-21,UKX,GJR-skewt-h5,GJR-skewt-AR1-expanding-refit21-horizon5,1,0.01467467403,0.000215346058,-0.03700264348,-0.02974239855,-0.02402142385,,,-0.008088695936,0.0002651169211,True,
2017-06-29,2017-06-22,UKX,GJR-skewt-h5,GJR-skewt-AR1-expanding-refit21-horizon5,1,0.01437249284,0.0002065685504,-0.03624273852,-0.02913199669,-0.02352882843,,,-0.01203563,0.0003062435015,True,
2017-06-30,2017-06-23,UKX,GJR-skewt-h5,GJR-skewt-AR1-expanding-refit21-horizon5,1,0.01416147058,0.0002005472489,-0.03569555728,-0.02868921801,-0.02316831754,,,-0.01511888914,0.0003298905963,True,
2017-07-03,2017-06-26,UKX,GJR-skewt-h5,GJR-skewt-AR1-expanding-refit21-horizon5,1,0.01384005664,0.0001915471679,-0.03489881461,-0.02805963571,-0.02266982169,,,-0.00940376299,0.0003429266262,True,
2017-07-04,2017-06-27,UKX,GJR-skewt-h5,GJR-skewt-AR1-expanding-refit21-horizon5,1,0.01362601332,0.0001856682389,-0.03431834798,-0.02758494037,-0.02227848249,,,-0.010438412,0.0003419036046,True,
2017-07-05,2017-06-28,UKX,GJR-skewt-h5,GJR-skewt-AR1-expanding-refit21-horizon5,1,0.0143263233,0.0002052435394,-0.03608142512,-0.02900195351,-0.02342276983,,,-0.002737942686,0.0002902425348,True,
2017-07-06,2017-06-29,UKX,GJR-skewt-h5,GJR-skewt-AR1-expanding-refit21-horizon5,1,0.01463609171,0.0002142151806,-0.03688328941,-0.02965074317,-0.02395092457,,,-0.001770201223,0.0002737958791,True,
2017-07-07,2017-06-30,UKX,GJR-skewt-h5,GJR-skewt-AR1-expanding-refit21-horizon5,1,0.01492097778,0.0002226355778,-0.03761299369,-0.03023966864,-0.02442890519,,,0.005210152099,0.0002459254265,True,
2017-07-10,2017-07-03,UKX,GJR-skewt-h5,GJR-skewt-AR1-expanding-refit21-horizon5,1,0.01466502475,0.0002150629508,-0.03705142933,-0.0298045856,-0.02409349943,,,-0.000962914539,0.0002392011972,True,
2017-07-11,2017-07-04,UKX,GJR-skewt-h5,GJR-skewt-AR1-expanding-refit21-horizon5,1,0.01449554998,0.0002101209692,-0.03653937242,-0.02937627605,-0.02373118943,,,-0.003731248286,0.0002525404568,True,
2017-07-12,2017-07-05,UKX,GJR-skewt-h5,GJR-skewt-AR1-expanding-refit21-horizon5,1,0.01416613817,0.0002006794705,-0.03572321652,-0.02872290173,-0.02320609988,,,0.006669144949,0.0002341523738,True,
2017-07-13,2017-07-06,UKX,GJR-skewt-h5,GJR-skewt-AR1-expanding-refit21-horizon5,1,0.01427245946,0.0002037030991,-0.03595810717,-0.02890525283,-0.02334704566,,,0.0103182593,0.0001944411189,True,
2017-07-14,2017-07-07,UKX,GJR-skewt-h5,GJR-skewt-AR1-expanding-refit21-horizon5,1,0.01395933973,0.0001948631656,-0.03519630981,-0.02829818618,-0.02286191905,,,0.003734058284,0.0001866049816,True,
2017-07-17,2017-07-10,UKX,GJR-skewt-h5,GJR-skewt-AR1-expanding-refit21-horizon5,1,0.01367163429,0.000186913584,-0.03446415364,-0.02770820205,-0.02238397773,,,0.00461620787,0.0001851372465,True,
2017-07-18,2017-07-11,UKX,GJR-skewt-h5,GJR-skewt-AR1-expanding-refit21-horizon5,1,0.01413237483,0.0001997240183,-0.03559001626,-0.02860638591,-0.02310273271,,,0.008206620789,0.0001822139653,True,
2017-07-19,2017-07-12,UKX,GJR-skewt-h5,GJR-skewt-AR1-expanding-refit21-horizon5,1,0.01402185277,0.0001966123551,-0.03542406439,-0.02849504943,-0.02303443748,,,0.001885801847,0.0001869345431,True,
2017-07-20,2017-07-13,UKX,GJR-skewt-h5,GJR-skewt-AR1-expanding-refit21-horizon5,1,0.01372703743,0.0001884315567,-0.03458530897,-0.02780197946,-0.02245617916,,,0.009999211037,0.0002043868616,True,
2017-07-21,2017-07-14,UKX,GJR-skewt-h5,GJR-skewt-AR1-expanding-refit21-horizon5,1,0.01400783411,0.0001962194163,-0.03527590202,-0.0283538145,-0.02289866192,,,0.01004640559,0.000215602855,True,
2017-07-24,2017-07-17,UKX,GJR-skewt-h5,GJR-skewt-AR1-expanding-refit21-horizon5,1,0.01372410116,0.0001883509526,-0.03460457571,-0.02782269718,-0.02247804038,,,-0.003571950714,0.0002318291889,True,
2017-07-25,2017-07-18,UKX,GJR-skewt-h5,GJR-skewt-AR1-expanding-refit21-horizon5,1,0.01353732696,0.0001832592211,-0.03408966184,-0.02740007934,-0.0221281591,,,0.006016828946,0.0002320202998,True,
2017-07-26,2017-07-19,UKX,GJR-skewt-h5,GJR-skewt-AR1-expanding-refit21-horizon5,1,0.01331228127,0.0001772168327,-0.03356302537,-0.02698465105,-0.02180037167,,,0.002875714656,0.0002388022106,True,
2017-07-27,2017-07-20,UKX,GJR-skewt-h5,GJR-skewt-AR1-expanding-refit21-horizon5,1,0.01314699239,0.0001728434089,-0.03315408039,-0.02665738495,-0.02153747498,,,-0.006014377918,0.0002345521114,True,
2017-07-28,2017-07-21,UKX,GJR-skewt-h5,GJR-skewt-AR1-expanding-refit21-horizon5,1,0.01346552736,0.000181320427,-0.03388665113,-0.02723254899,-0.0219885901,,,-0.01140263224,0.0002707555981,True,
2017-07-31,2017-07-24,UKX,GJR-skewt-h5,GJR-skewt-AR1-expanding-refit21-horizon5,1,0.01561061873,0.0002436914173,-0.03934607833,-0.03163196147,-0.02555262712,,,-0.0007729235433,0.000276540151,True,
2017-08-01,2017-07-25,UKX,GJR-skewt-h5,GJR-skewt-AR1-expanding-refit21-horizon5,1,0.01528062809,0.0002334975949,-0.03860687475,-0.03107095509,-0.02512872897,,,-0.00149404207,0.0002650338818,True,
2017-08-02,2017-07-26,UKX,GJR-skewt-h5,GJR-skewt-AR1-expanding-refit21-horizon5,1,0.01490649377,0.0002222035566,-0.03760960516,-0.03025819664,-0.02446146132,,,-0.005503341297,0.0002387577219,True,
2017-08-03,2017-07-27,UKX,GJR-skewt-h5,GJR-skewt-AR1-expanding-refit21-horizon5,1,0.01458947612,0.0002128528135,-0.03677148119,-0.0295764157,-0.02390296003,,,0.004263343603,0.0002731075967,True,
2017-08-04,2017-07-28,UKX,GJR-skewt-h5,GJR-skewt-AR1-expanding-refit21-horizon5,1,0.0164696183,0.0002712483271,-0.04152090923,-0.03339861742,-0.02699402492,,,0.01926125797,0.0002311586407,True,
2017-08-07,2017-07-31,UKX,GJR-skewt-h5,GJR-skewt-AR1-expanding-refit21-horizon5,1,0.01601600361,0.0002565123715,-0.04043686634,-0.03253828287,-0.02631008896,,,0.0214582812,0.0001903740469,True,
2017-08-08,2017-08-01,UKX,GJR-skewt-h5,GJR-skewt-AR1-expanding-refit21-horizon5,1,0.01565087012,0.0002449497356,-0.03954959804,-0.03183108678,-0.02574488348,,,0.01590262251,0.0001717014005,True,
2017-08-09,2017-08-02,UKX,GJR-skewt-h5,GJR-skewt-AR1-expanding-refit21-horizon5,1,0.01531031973,0.0002344058902,-0.03861421004,-0.03106364741,-0.02510987501,,,0.01163032607,0.0001912990013,True,
2017-08-10,2017-08-03,UKX,GJR-skewt-h5,GJR-skewt-AR1-expanding-refit21-horizon5,1,0.01502238806,0.0002256721429,-0.03795157372,-0.03054300983,-0.02470120633,,,-0.01142314717,0.0001858501295,True,
2017-08-11,2017-08-04,UKX,GJR-skewt-h5,GJR-skewt-AR1-expanding-refit21-horizon5,1,0.01469001731,0.0002157966085,-0.0370741835,-0.02982953429,-0.02411698085,,,-0.02721855721,0.0002041864754,True,
2017-08-14,2017-08-07,UKX,GJR-skewt-h5,GJR-skewt-AR1-expanding-refit21-horizon5,1,0.01435550905,0.0002060806401,-0.03620125201,-0.02912157163,-0.02353909948,,,-0.0239165496,0.0002113465188,True,
2017-08-15,2017-08-08,UKX,GJR-skewt-h5,GJR-skewt-AR1-expanding-refit21-horizon5,1,0.01403545589,0.000196994022,-0.03537256602,-0.02845072568,-0.02299271361,,,-0.02127829292,0.0002236104004,True,
2017-08-16,2017-08-09,UKX,GJR-skewt-h5,GJR-skewt-AR1-expanding-refit21-horizon5,1,0.01457664637,0.0002124786193,-0.03670430051,-0.02951556224,-0.02384709572,,,-0.008720122448,0.0001994563122,True,
2017-08-17,2017-08-10,UKX,GJR-skewt-h5,GJR-skewt-AR1-expanding-refit21-horizon5,1,0.01855354939,0.0003442341949,-0.04682413148,-0.03767411115,-0.03045913379,,,-0.000270676294,0.0001775995114,True,
2017-08-18,2017-08-11,UKX,GJR-skewt-h5,GJR-skewt-AR1-expanding-refit21-horizon5,1,0.0200965604,0.0004038717399,-0.05080190735,-0.04089092308,-0.03307591016,,,0.001913353051,0.0001667031642,True,
2017-08-21,2017-08-14,UKX,GJR-skewt-h5,GJR-skewt-AR1-expanding-refit21-horizon5,1,0.01947135121,0.0003791335178,-0.04932466323,-0.03972201224,-0.03215012639,,,-0.004770741351,0.0002225771233,True,
2017-08-22,2017-08-15,UKX,GJR-skewt-h5,GJR-skewt-AR1-expanding-refit21-horizon5,1,0.01886274652,0.0003558032063,-0.04775226928,-0.03844976277,-0.03111454694,,,-0.0002979502352,0.0002337290284,True,
2017-08-23,2017-08-16,UKX,GJR-skewt-h5,GJR-skewt-AR1-expanding-refit21-horizon5,1,0.01831819149,0.0003355561394,-0.04637667212,-0.03734272282,-0.03021926983,,,-0.006790093967,0.0002381335414,True,
2017-08-24,2017-08-17,UKX,GJR-skewt-h5,GJR-skewt-AR1-expanding-refit21-horizon5,1,0.01844207417,0.0003401100998,-0.04660065295,-0.03750560866,-0.03033398102,,,0.002595499396,0.0002185346774,True,
2017-08-25,2017-08-18,UKX,GJR-skewt-h5,GJR-skewt-AR1-expanding-refit21-horizon5,1,0.01925498551,0.0003707544669,-0.04866305521,-0.0391671089,-0.03167936186,,,0.01052605556,0.0001888109612,True,
2017-08-29,2017-08-21,UKX,GJR-skewt-h5,GJR-skewt-AR1-expanding-refit21-horizon5,1,0.01865468433,0.0003479972475,-0.04718456289,-0.03798466603,-0.03073036,,,0.002524513019,0.0001582017079,True,
2017-08-30,2017-08-22,UKX,GJR-skewt-h5,GJR-skewt-AR1-expanding-refit21-horizon5,1,0.01815375343,0.0003295587635,-0.04596967741,-0.03701682374,-0.02995731629,,,-0.002224234998,0.0001408920369,True,
2017-08-31,2017-08-23,UKX,GJR-skewt-h5,GJR-skewt-AR1-expanding-refit21-horizon5,1,0.01758852468,0.0003093562005,-0.04449829943,-0.03582078238,-0.02897727655,,,0.006467170583,0.0001347121307,True,
2017-09-01,2017-08-24,UKX,GJR-skewt-h5,GJR-skewt-AR1-expanding-refit21-horizon5,1,0.01708282099,0.0002918227731,-0.04322328393,-0.03479526207,-0.02814852012,,,0.004230202702,0.0001299203294,True,
2017-09-04,2017-08-25,UKX,GJR-skewt-h5,GJR-skewt-AR1-expanding-refit21-horizon5,1,0.01660859237,0.0002758453404,-0.04198235773,-0.03378830246,-0.02732607776,,,0.001350165601,0.0001357679025,True,
2017-09-05,2017-08-29,UKX,GJR-skewt-h5,GJR-skewt-AR1-expanding-refit21-horizon5,1,0.01764885975,0.0003114822506,-0.04459591582,-0.03588863171,-0.02902165016,,,0.004826559539,0.0001184412737,True,
2017-09-06,2017-08-30,UKX,GJR-skewt-h5,GJR-skewt-AR1-expanding-refit21-horizon5,1,0.0171431426,0.0002938873383,-0.04338099847,-0.0349232162,-0.02825300375,,,-0.001521761652,0.000118757023,True,
2017-09-07,2017-08-31,UKX,GJR-skewt-h5,GJR-skewt-AR1-expanding-refit21-horizon5,1,0.01674307467,0.0002803305495,-0.04238861692,-0.03412821313,-0.02761366282,,,-0.004532109753,0.0001300450087,True,
2017-09-08,2017-09-01,UKX,GJR-skewt-h5,GJR-skewt-AR1-expanding-refit21-horizon5,1,0.01627593353,0.0002649060124,-0.04114194328,-0.03311200937,-0.02677921865,,,-0.008220819861,0.0001371130199,True,
2017-09-11,2017-09-04,UKX,GJR-skewt-h5,GJR-skewt-AR1-expanding-refit21-horizon5,1,0.01612122294,0.0002598938292,-0.04071534917,-0.03276174365,-0.02648914915,,,0.000283316538,0.0001332458079,True,
2017-09-12,2017-09-05,UKX,GJR-skewt-h5,GJR-skewt-AR1-expanding-refit21-horizon5,1,0.01627592612,0.0002649057712,-0.04110141796,-0.0330714877,-0.02673869986,,,0.003763514056,0.0001404302684,True,
2017-09-13,2017-09-06,UKX,GJR-skewt-h5,GJR-skewt-AR1-expanding-refit21-horizon5,1,0.01598471646,0.0002555111603,-0.04037265656,-0.03248639821,-0.02626691692,,,0.003475019649,0.0001456039479,True,
2017-09-14,2017-09-07,UKX,GJR-skewt-h5,GJR-skewt-AR1-expanding-refit21-horizon5,1,0.01560324967,0.0002434614003,-0.03944943892,-0.03175138195,-0.02568032529,,,-0.01383051349,0.0001719903919,True,
2017-09-15,2017-09-08,UKX,GJR-skewt-h5,GJR-skewt-AR1-expanding-refit21-horizon5,1,0.01535907112,0.0002359010658,-0.03876953356,-0.0311919451,-0.02521589569,,,-0.02221690586,0.0002168860482,True,
2017-09-18,2017-09-11,UKX,GJR-skewt-h5,GJR-skewt-AR1-expanding-refit21-horizon5,1,0.01500423309,0.0002251270106,-0.03790888343,-0.03050635872,-0.02466837297,,,-0.02185965367,0.0002399293844,True,
2017-09-19,2017-09-12,UKX,GJR-skewt-h5,GJR-skewt-AR1-expanding-refit21-horizon5,1,0.01471522244,0.0002165377714,-0.03712595304,-0.02986601533,-0.02414048051,,,-0.01708959416,0.0002302524039,True,
2017-09-20,2017-09-13,UKX,GJR-skewt-h5,GJR-skewt-AR1-expanding-refit21-horizon5,1,0.01456888305,0.0002122523534,-0.03674399971,-0.02955626035,-0.02388766462,,,-0.01470165693,0.0002569086205,True,
2017-09-21,2017-09-14,UKX,GJR-skewt-h5,GJR-skewt-AR1-expanding-refit21-horizon5,1,0.01705048606,0.0002907190749,-0.04304513354,-0.03463306452,-0.02799890374,,,-0.00432713792,0.000219104005,True,
2017-09-22,2017-09-15,UKX,GJR-skewt-h5,GJR-skewt-AR1-expanding-refit21-horizon5,1,0.0188740706,0.0003562305409,-0.04771949709,-0.03840774,-0.03106404208,,,0.01309387325,0.0001846163367,True,
2017-09-25,2017-09-18,UKX,GJR-skewt-h5,GJR-skewt-AR1-expanding-refit21-horizon5,1,0.01831148385,0.0003353104407,-0.04638303612,-0.03734883819,-0.03022403673,,,0.006595876947,0.0001736226243,True,
2017-09-26,2017-09-19,UKX,GJR-skewt-h5,GJR-skewt-AR1-expanding-refit21-horizon5,1,0.01776244089,0.0003155043064,-0.04496245045,-0.03619912968,-0.02928795493,,,0.00142852713,0.0001674466216,True,
2017-09-27,2017-09-20,UKX,GJR-skewt-h5,GJR-skewt-AR1-expanding-refit21-horizon5,1,0.01724044904,0.0002972330829,-0.04360287195,-0.03509708234,-0.02838900901,,,0.00569059847,0.0001361819792,True,
2017-09-28,2017-09-21,UKX,GJR-skewt-h5,GJR-skewt-AR1-expanding-refit21-horizon5,1,0.01677237448,0.0002813125457,-0.04239959323,-0.03412473401,-0.02759878345,,,0.008075880673,0.0001430728573,True,
2017-09-29,2017-09-22,UKX,GJR-skewt-h5,GJR-skewt-AR1-expanding-refit21-horizon5,1,0.01632679272,0.0002665641604,-0.04132981631,-0.033272611,-0.02691850459,,,0.008472163049,0.0001334180287,True,
2017-10-02,2017-09-25,UKX,GJR-skewt-h5,GJR-skewt-AR1-expanding-refit21-horizon5,1,0.01591928025,0.0002534234837,-0.04024047796,-0.03238437838,-0.0261888688,,,0.01865713152,0.0001207960256,True,
2017-10-03,2017-09-26,UKX,GJR-skewt-h5,GJR-skewt-AR1-expanding-refit21-horizon5,1,0.01560564872,0.0002435362719,-0.03943185802,-0.03173053432,-0.02565708472,,,0.02472707953,0.0001168832586,True,
2017-10-04,2017-09-27,UKX,GJR-skewt-h5,GJR-skewt-AR1-expanding-refit21-horizon5,1,0.01522306668,0.000231741759,-0.03848677322,-0.03097425219,-0.02504969693,,,0.02085172016,0.000113107904,True,
2017-10-05,2017-09-28,UKX,GJR-skewt-h5,GJR-skewt-AR1-expanding-refit21-horizon5,1,0.01484758388,0.000220450747,-0.03750983242,-0.03018261061,-0.02440418679,,,0.02497637686,0.0001013514786,True,
2017-10-06,2017-09-29,UKX,GJR-skewt-h5,GJR-skewt-AR1-expanding-refit21-horizon5,1,0.01455714049,0.0002119103393,-0.03679836631,-0.02961447712,-0.02394908886,,,0.0201541627,9.495592536e-05,True,
2017-10-09,2017-10-02,UKX,GJR-skewt-h5,GJR-skewt-AR1-expanding-refit21-horizon5,1,0.01433402882,0.0002054643821,-0.03623919037,-0.02916540588,-0.02358684884,,,0.009246267156,9.40637403e-05,True,
2017-10-10,2017-10-03,UKX,GJR-skewt-h5,GJR-skewt-AR1-expanding-refit21-horizon5,1,0.01403463132,0.0001969708762,-0.035442767,-0.02851673394,-0.02305469725,,,0.009356037362,9.166219036e-05,True,
2017-10-11,2017-10-04,UKX,GJR-skewt-h5,GJR-skewt-AR1-expanding-refit21-horizon5,1,0.01373311394,0.0001885984184,-0.03464670926,-0.0278694738,-0.02252478247,,,0.008825861207,8.27529106e-05,True,
2017-10-12,2017-10-05,UKX,GJR-skewt-h5,GJR-skewt-AR1-expanding-refit21-horizon5,1,0.01349342672,0.0001820725646,-0.03406485637,-0.02740590557,-0.02215449639,,,0.006399325403,8.031748365e-05,True,
2017-10-13,2017-10-06,UKX,GJR-skewt-h5,GJR-skewt-AR1-expanding-refit21-horizon5,1,0.0132326639,0.000175103394,-0.03337666189,-0.02684639647,-0.02169647168,,,0.001660214372,7.947154226e-05,True,
2017-10-16,2017-10-09,UKX,GJR-skewt-h5,GJR-skewt-AR1-expanding-refit21-horizon5,1,0.013093031,0.0001714274608,-0.03299546209,-0.02653410494,-0.02143852286,,,0.002540769597,7.628444561e-05,True,
2017-10-17,2017-10-10,UKX,GJR-skewt-h5,GJR-skewt-AR1-expanding-refit21-horizon5,1,0.01287816908,0.0001658472389,-0.0324805985,-0.02612527483,-0.02111331331,,,-0.002935949499,8.144326658e-05,True,
2017-10-18,2017-10-11,UKX,GJR-skewt-h5,GJR-skewt-AR1-expanding-refit21-horizon5,1,0.01266540508,0.0001604124858,-0.0319081494,-0.02565782388,-0.02072866645,,,0.001207173757,8.120172447e-05,True,
2017-10-19,2017-10-12,UKX,GJR-skewt-h5,GJR-skewt-AR1-expanding-refit21-horizon5,1,0.01246892769,0.0001554741578,-0.0314258138,-0.02527244907,-0.02041975725,,,-0.004403449548,9.912855425e-05,True,
2017-10-20,2017-10-13,UKX,GJR-skewt-h5,GJR-skewt-AR1-expanding-refit21-horizon5,1,0.0124858625,0.0001558967623,-0.03143543129,-0.0252737093,-0.02041442675,,,-0.001620297981,0.0001011108247,True,
2017-10-23,2017-10-16,UKX,GJR-skewt-h5,GJR-skewt-AR1-expanding-refit21-horizon5,1,0.0123291448,0.0001520078116,-0.03104360584,-0.02495922339,-0.02016093266,,,-0.0003321928075,0.0001013034686,True,
2017-10-24,2017-10-17,UKX,GJR-skewt-h5,GJR-skewt-AR1-expanding-refit21-horizon5,1,0.01220714824,0.0001490144683,-0.03072916463,-0.02470498699,-0.01995417522,,,0.001369409278,9.83329524e-05,True,
2017-10-25,2017-10-18,UKX,GJR-skewt-h5,GJR-skewt-AR1-expanding-refit21-horizon5,1,0.01204967472,0.0001451946608,-0.03035510597,-0.02440864087,-0.01971911508,,,-0.01276856146,0.0001452725934,True,
2017-10-26,2017-10-19,UKX,GJR-skewt-h5,GJR-skewt-AR1-expanding-refit21-horizon5,1,0.01208567574,0.000146063558,-0.030410844,-0.02444661254,-0.01974307578,,,-0.004863595979,0.0001444653086,True,
2017-10-27,2017-10-20,UKX,GJR-skewt-h5,GJR-skewt-AR1-expanding-refit21-horizon5,1,0.01191712817,0.0001420179438,-0.02999476889,-0.02411371497,-0.01947577402,,,-0.002422140194,0.0001459655974,True,
2017-10-30,2017-10-23,UKX,GJR-skewt-h5,GJR-skewt-AR1-expanding-refit21-horizon5,1,0.0116602047,0.0001359603736,-0.02930955503,-0.02354588026,-0.01900324586,,,-0.004889359866,0.0001483934597,True,
2017-10-31,2017-10-24,UKX,GJR-skewt-h5,GJR-skewt-AR1-expanding-refit21-horizon5,1,0.01151251266,0.0001325379478,-0.02893151512,-0.02324084498,-0.01875574909,,,-0.004447516153,0.0001511675871,True,
2017-11-01,2017-10-25,UKX,GJR-skewt-h5,GJR-skewt-AR1-expanding-refit21-horizon5,1,0.0143071615,0.0002046948702,-0.03603564094,-0.02896356735,-0.02338971974,,,0.005463590171,0.0001289673687,True,
2017-11-02,2017-10-26,UKX,GJR-skewt-h5,GJR-skewt-AR1-expanding-refit21-horizon5,1,0.01401886934,0.0001965286975,-0.03538246951,-0.02845289961,-0.02299136615,,,0.009147879333,0.0001770852348,True,
2017-11-03,2017-10-27,UKX,GJR-skewt-h5,GJR-skewt-AR1-expanding-refit21-horizon5,1,0.01371708222,0.0001881583447,-0.03459385751,-0.0278134619,-0.02246950001,,,0.007354620796,0.0001766736299,True,
2017-11-06,2017-10-30,UKX,GJR-skewt-h5,GJR-skewt-AR1-expanding-refit21-horizon5,1,0.01356564316,0.0001840266745,-0.03417995743,-0.02747441861,-0.02218945502,,,0.009900347565,0.000177017829,True,
2017-11-07,2017-10-31,UKX,GJR-skewt-h5,GJR-skewt-AR1-expanding-refit21-horizon5,1,0.0132849993,0.0001764912064,-0.03347688544,-0.02691006974,-0.02173444063,,,0.002665566443,0.0001830545723,True,
2017-11-08,2017-11-01,UKX,GJR-skewt-h5,GJR-skewt-AR1-expanding-refit21-horizon5,1,0.01303843185,0.0001700007052,-0.03283741126,-0.0263924746,-0.02131290434,,,0.005553487103,0.0001729043,True,
2017-11-09,2017-11-02,UKX,GJR-skewt-h5,GJR-skewt-AR1-expanding-refit21-horizon5,1,0.01292829734,0.0001671408721,-0.03260719615,-0.02621669931,-0.02118003574,,,-0.009468494673,0.0001316586287,True,
2017-11-10,2017-11-03,UKX,GJR-skewt-h5,GJR-skewt-AR1-expanding-refit21-horizon5,1,0.01269081337,0.000161056744,-0.03195377676,-0.02568066897,-0.02073652546,,,-0.01699454014,0.0001389601715,True,
2017-11-13,2017-11-06,UKX,GJR-skewt-h5,GJR-skewt-AR1-expanding-refit21-horizon5,1,0.01246913628,0.0001554793596,-0.03138331584,-0.02521978372,-0.02036200215,,,-0.01964337706,0.0001510064119,True,
2017-11-14,2017-11-07,UKX,GJR-skewt-h5,GJR-skewt-AR1-expanding-refit21-horizon5,1,0.01339226141,0.0001793526657,-0.033712682,-0.02709284631,-0.02187542955,,,-0.01322413457,0.0001632904981,True,
2017-11-15,2017-11-08,UKX,GJR-skewt-h5,GJR-skewt-AR1-expanding-refit21-horizon5,1,0.0131298341,0.0001723925434,-0.03308729671,-0.02659717964,-0.02148200049,,,-0.02108478745,0.000173814995,True,
2017-11-16,2017-11-09,UKX,GJR-skewt-h5,GJR-skewt-AR1-expanding-refit21-horizon5,1,0.01381709401,0.0001909120868,-0.03480399953,-0.02797416779,-0.02259124286,,,-0.01307263536,0.0001643182874,True,
2017-11-17,2017-11-10,UKX,GJR-skewt-h5,GJR-skewt-AR1-expanding-refit21-horizon5,1,0.01466133706,0.0002149548042,-0.03696364052,-0.02971649686,-0.02400466797,,,-0.00706103426,0.0001741225587,True,
2017-11-20,2017-11-13,UKX,GJR-skewt-h5,GJR-skewt-AR1-expanding-refit21-horizon5,1,0.01445759576,0.000209022075,-0.03646552356,-0.02931908986,-0.02368663541,,,-0.003471900205,0.0001702219228,True,
2017-11-21,2017-11-14,UKX,GJR-skewt-h5,GJR-skewt-AR1-expanding-refit21-horizon5,1,0.01411957226,0.0001993623209,-0.03561153195,-0.02863218429,-0.02313141853,,,-0.0004182058339,0.0001544608111,True,
2017-11-22,2017-11-15,UKX,GJR-skewt-h5,GJR-skewt-AR1-expanding-refit21-horizon5,1,0.01457265879,0.0002123623842,-0.03674282945,-0.02953951973,-0.02386223851,,,0.006273838379,0.0001479581014,True,
2017-11-23,2017-11-16,UKX,GJR-skewt-h5,GJR-skewt-AR1-expanding-refit21-horizon5,1,0.0142310391,0.0002025224739,-0.03590828943,-0.02887384337,-0.02332965187,,,0.004093505868,0.0001418207372,True,
2017-11-24,2017-11-17,UKX,GJR-skewt-h5,GJR-skewt-AR1-expanding-refit21-horizon5,1,0.01392732887,0.0001939704894,-0.03511484483,-0.02823052366,-0.02280465294,,,0.003907958487,0.0001219848711,True,
2017-11-27,2017-11-20,UKX,GJR-skewt-h5,GJR-skewt-AR1-expanding-refit21-horizon5,1,0.01362415302,0.0001856175455,-0.03434877213,-0.02761431171,-0.02230655359,,,-0.0007581326311,0.0001316685487,True,
2017-11-28,2017-11-21,UKX,GJR-skewt-h5,GJR-skewt-AR1-expanding-refit21-horizon5,1,0.01331388971,0.0001772596593,-0.03360412266,-0.0270187525,-0.02182970005,,,0.006643433526,0.0001371388088,True,
2017-11-29,2017-11-22,UKX,GJR-skewt-h5,GJR-skewt-AR1-expanding-refit21-horizon5,1,0.01304938237,0.0001702863803,-0.03291555334,-0.02646101488,-0.02137505344,,,-0.003429502818,0.0001452175631,True,
2017-11-30,2017-11-23,UKX,GJR-skewt-h5,GJR-skewt-AR1-expanding-refit21-horizon5,1,0.01280410164,0.0001639450189,-0.03227971992,-0.02594650321,-0.02095613927,,,-0.01227641726,0.0001739910863,True,
2017-12-01,2017-11-24,UKX,GJR-skewt-h5,GJR-skewt-AR1-expanding-refit21-horizon5,1,0.01260588065,0.000158908227,-0.03176726947,-0.02553209762,-0.02061898979,,,-0.01483363101,0.0002222518762,True,
2017-12-04,2017-11-27,UKX,GJR-skewt-h5,GJR-skewt-AR1-expanding-refit21-horizon5,1,0.01272288399,0.0001618717771,-0.03205372219,-0.02576067768,-0.02080196811,,,-0.006099347478,0.0002470546203,True,
2017-12-05,2017-11-28,UKX,GJR-skewt-h5,GJR-skewt-AR1-expanding-refit21-horizon5,1,0.01268556062,0.0001609234482,-0.03203414895,-0.02575956548,-0.02081540259,,,-0.01801487613,0.0002536587301,True,
2017-12-06,2017-11-29,UKX,GJR-skewt-h5,GJR-skewt-AR1-expanding-refit21-horizon5,1,0.01446439871,0.0002092188299,-0.03648749877,-0.02933305918,-0.02369559897,,,-0.006186607036,0.0002576378522,True,
2017-12-07,2017-11-30,UKX,GJR-skewt-h5,GJR-skewt-AR1-expanding-refit21-horizon5,1,0.01597938144,0.0002553406311,-0.04037086938,-0.03246708289,-0.02623916226,,,-0.00080565152,0.0002458397389,True,
2017-12-08,2017-12-01,UKX,GJR-skewt-h5,GJR-skewt-AR1-expanding-refit21-horizon5,1,0.01583706795,0.0002508127211,-0.04003637059,-0.03220297578,-0.02603052144,,,0.01272602155,0.0002256812905,True,
2017-12-11,2017-12-04,UKX,GJR-skewt-h5,GJR-skewt-AR1-expanding-refit21-horizon5,1,0.01545076462,0.0002387261273,-0.03909476454,-0.03145244464,-0.02543055098,,,0.01548112717,0.0002030252794,True,
2017-12-12,2017-12-05,UKX,GJR-skewt-h5,GJR-skewt-AR1-expanding-refit21-horizon5,1,0.01510779172,0.0002282453707,-0.03817795408,-0.03070527683,-0.02481705593,,,0.02332194578,0.0001957552712,True,
2017-12-13,2017-12-06,UKX,GJR-skewt-h5,GJR-skewt-AR1-expanding-refit21-horizon5,1,0.01473806046,0.0002172104262,-0.03725416202,-0.02996436275,-0.02422024361,,,0.0200080776,0.0001730844366,True,
2017-12-14,2017-12-07,UKX,GJR-skewt-h5,GJR-skewt-AR1-expanding-refit21-horizon5,1,0.01470479348,0.0002162309513,-0.03713307865,-0.02985973403,-0.0241285806,,,0.01723939448,0.0001644641624,True,
2017-12-15,2017-12-08,UKX,GJR-skewt-h5,GJR-skewt-AR1-expanding-refit21-horizon5,1,0.01450116477,0.0002102837798,-0.03668627698,-0.02951365201,-0.02386186232,,,0.0129800537,0.0001521325461,True,
2017-12-18,2017-12-11,UKX,GJR-skewt-h5,GJR-skewt-AR1-expanding-refit21-horizon5,1,0.01425970428,0.0002033391662,-0.03605663931,-0.02900344651,-0.02344576539,,,0.01114050413,0.0001406998885,True,
2017-12-19,2017-12-12,UKX,GJR-skewt-h5,GJR-skewt-AR1-expanding-refit21-horizon5,1,0.0139948569,0.0001958560196,-0.03536810725,-0.02844591434,-0.02299145677,,,0.005809474413,0.0001335045306,True,
2017-12-20,2017-12-13,UKX,GJR-skewt-h5,GJR-skewt-AR1-expanding-refit21-horizon5,1,0.01369259684,0.0001874872081,-0.0345558586,-0.02778317079,-0.02244651826,,,0.003821169315,0.0001353219424,True,
2017-12-21,2017-12-14,UKX,GJR-skewt-h5,GJR-skewt-AR1-expanding-refit21-horizon5,1,0.01442065179,0.000207955198,-0.03638943366,-0.02925663236,-0.02363622238,,,0.02071544516,0.0001249027392,True,
2017-12-22,2017-12-15,UKX,GJR-skewt-h5,GJR-skewt-AR1-expanding-refit21-horizon5,1,0.01413236811,0.0001997238283,-0.03571741027,-0.02872720101,-0.02321914882,,,0.01353837085,0.0001208917012,True,
2017-12-27,2017-12-18,UKX,GJR-skewt-h5,GJR-skewt-AR1-expanding-refit21-horizon5,1,0.01387397561,0.0001924871993,-0.03505769104,-0.02819528892,-0.02278794451,,,0.01104402973,0.0001176806866,True,
2017-12-28,2017-12-19,UKX,GJR-skewt-h5,GJR-skewt-AR1-expanding-refit21-horizon5,1,0.01357236648,0.0001842091319,-0.03425569515,-0.02754247617,-0.02225268309,,,0.01039104807,0.0001077031949,True,
2017-12-29,2017-12-20,UKX,GJR-skewt-h5,GJR-skewt-AR1-expanding-refit21-horizon5,1,0.01345274592,0.0001809763729,-0.03390054207,-0.0272561812,-0.02201835272,,,0.02137721713,0.0001503217286,True,
2018-01-02,2017-12-21,UKX,GJR-skewt-h5,GJR-skewt-AR1-expanding-refit21-horizon5,1,0.01335833151,0.0001784450208,-0.03372797105,-0.0271302418,-0.02192917358,,,0.005782839165,0.0001654273386,True,
2018-01-03,2017-12-22,UKX,GJR-skewt-h5,GJR-skewt-AR1-expanding-refit21-horizon5,1,0.01314855876,0.0001728845976,-0.03312661098,-0.02663248927,-0.0215130961,,,0.01027274872,0.0001522755782,True,
2018-01-04,2017-12-27,UKX,GJR-skewt-h5,GJR-skewt-AR1-expanding-refit21-horizon5,1,0.01291592944,0.0001668212332,-0.03255827817,-0.02617905295,-0.02115023404,,,0.009819452196,0.0001465560678,True,
2018-01-05,2017-12-28,UKX,GJR-skewt-h5,GJR-skewt-AR1-expanding-refit21-horizon5,1,0.0126768182,0.0001607017197,-0.03192741036,-0.02566628305,-0.02073056214,,,0.01320142093,0.000158962199,True,
2018-01-08,2017-12-29,UKX,GJR-skewt-h5,GJR-skewt-AR1-expanding-refit21-horizon5,1,0.01258059159,0.0001582712849,-0.0317247862,-0.02551118557,-0.0206129305,,,0.001131048671,0.0001125100905,True,
2018-01-09,2018-01-02,UKX,GJR-skewt-h5,GJR-skewt-AR1-expanding-refit21-horizon5,1,0.01306876994,0.0001707927478,-0.03290237241,-0.0264476587,-0.02135933132,,,0.01078095655,8.831822965e-05,True,
2018-01-10,2018-01-03,UKX,GJR-skewt-h5,GJR-skewt-AR1-expanding-refit21-horizon5,1,0.01283372341,0.0001647044565,-0.03234400548,-0.02600538212,-0.02100857014,,,0.01003924247,9.208231202e-05,True,
2018-01-11,2018-01-04,UKX,GJR-skewt-h5,GJR-skewt-AR1-expanding-refit21-horizon5,1,0.01261774849,0.0001592075769,-0.03179182569,-0.02555987313,-0.02064715102,,,0.008668256316,9.771710872e-05,True,
2018-01-12,2018-01-05,UKX,GJR-skewt-h5,GJR-skewt-AR1-expanding-refit21-horizon5,1,0.01242230308,0.0001543136138,-0.03129341763,-0.02515799628,-0.02032137086,,,0.007018103214,0.0001105394221,True,
2018-01-15,2018-01-08,UKX,GJR-skewt-h5,GJR-skewt-AR1-expanding-refit21-horizon5,1,0.01257391296,0.0001581032871,-0.03164291663,-0.0254326146,-0.02053695986,,,0.009388660101,0.0001078038814,True,
2018-01-16,2018-01-09,UKX,GJR-skewt-h5,GJR-skewt-AR1-expanding-refit21-horizon5,1,0.01239264404,0.0001535776262,-0.03122172561,-0.02510095298,-0.02027587531,,,0.00321561108,0.0001260424061,True,
2018-01-17,2018-01-10,UKX,GJR-skewt-h5,GJR-skewt-AR1-expanding-refit21-horizon5,1,0.01219827345,0.0001487978752,-0.03071183086,-0.02468705858,-0.01993765912,,,-0.002985687552,0.000136110641,True,
2018-01-18,2018-01-11,UKX,GJR-skewt-h5,GJR-skewt-AR1-expanding-refit21-horizon5,1,0.01201461691,0.0001443510195,-0.0302390835,-0.02430501986,-0.0196271271,,,-0.008005772541,0.0001379728922,True,
2018-01-19,2018-01-12,UKX,GJR-skewt-h5,GJR-skewt-AR1-expanding-refit21-horizon5,1,0.01184523876,0.0001403096812,-0.02980596911,-0.02395556196,-0.01934361662,,,-0.006164061105,0.0001225454286,True,
2018-01-22,2018-01-15,UKX,GJR-skewt-h5,GJR-skewt-AR1-expanding-refit21-horizon5,1,0.01172970239,0.0001375859183,-0.02949253785,-0.02369919454,-0.01913223329,,,-0.006936021349,0.0001208676095,True,
2018-01-23,2018-01-16,UKX,GJR-skewt-h5,GJR-skewt-AR1-expanding-refit21-horizon5,1,0.01166659079,0.0001361093407,-0.02932826185,-0.02356608959,-0.01902370085,,,-0.003112162156,0.0001192991092,True,
2018-01-24,2018-01-17,UKX,GJR-skewt-h5,GJR-skewt-AR1-expanding-refit21-horizon5,1,0.01197288141,0.0001433498892,-0.0301010455,-0.02418759518,-0.01952595215,,,-0.01067107115,0.0001192329321,True,
2018-01-25,2018-01-18,UKX,GJR-skewt-h5,GJR-skewt-AR1-expanding-refit21-horizon5,1,0.01209575988,0.0001463074072,-0.03042006127,-0.02444592081,-0.01973643503,,,-0.01112517952,0.0001303426872,True,
2018-01-26,2018-01-19,UKX,GJR-skewt-h5,GJR-skewt-AR1-expanding-refit21-horizon5,1,0.01194000935,0.0001425638233,-0.03005867782,-0.02416146313,-0.01951261884,,,-0.008482583135,0.0001379892939,True,
2018-01-29,2018-01-22,UKX,GJR-skewt-h5,GJR-skewt-AR1-expanding-refit21-horizon5,1,0.01188865862,0.0001413402038,-0.02989568533,-0.02402383295,-0.01939498208,,,-0.005706155415,0.0001473731347,True,
2018-01-30,2018-01-23,UKX,GJR-skewt-h5,GJR-skewt-AR1-expanding-refit21-horizon5,1,0.01165812927,0.0001359119781,-0.02929247073,-0.02353003132,-0.01898854414,,,-0.01877361719,0.0001461285637,True,
2018-01-31,2018-01-24,UKX,GJR-skewt-h5,GJR-skewt-AR1-expanding-refit21-horizon5,1,0.01483373888,0.0002200398091,-0.03734667416,-0.03001457829,-0.02423601525,,,-0.01446948932,0.0001482267633,True,
2018-02-01,2018-01-25,UKX,GJR-skewt-h5,GJR-skewt-AR1-expanding-refit21-horizon5,1,0.01478864085,0.0002187038981,-0.03728000775,-0.02997020317,-0.02420920831,,,-0.01660282348,0.0001638288047,True,
2018-02-02,2018-01-26,UKX,GJR-skewt-h5,GJR-skewt-AR1-expanding-refit21-horizon5,1,0.01448725895,0.0002098806719,-0.03657041878,-0.02940958278,-0.02376599286,,,-0.02940202123,0.0001750918812,True,
2018-02-05,2018-01-29,UKX,GJR-skewt-h5,GJR-skewt-AR1-expanding-refit21-horizon5,1,0.01414112227,0.0001999713391,-0.03564779379,-0.02865804798,-0.02314929748,,,-0.04485475181,0.0002130714626,True,
2018-02-06,2018-01-30,UKX,GJR-skewt-h5,GJR-skewt-AR1-expanding-refit21-horizon5,1,0.0164495602,0.0002705880308,-0.04149129584,-0.03336052359,-0.02695250864,,,-0.06065923024,0.0005389755824,True,
2018-02-07,2018-01-31,UKX,GJR-skewt-h5,GJR-skewt-AR1-expanding-refit21-horizon5,1,0.0170596713,0.0002910323849,-0.04307821281,-0.03464587175,-0.02800018471,,,-0.03432460045,0.0006330766483,True,
2018-02-08,2018-02-01,UKX,GJR-skewt-h5,GJR-skewt-AR1-expanding-refit21-horizon5,1,0.01723432593,0.0002970219904,-0.0435347968,-0.03501612656,-0.02830240188,,,-0.04361888151,0.0006957554473,True,
2018-02-09,2018-02-02,UKX,GJR-skewt-h5,GJR-skewt-AR1-expanding-refit21-horizon5,1,0.01751604032,0.0003068116683,-0.04425342674,-0.03559550928,-0.02877204124,,,-0.04830394616,0.0007882350367,True,
2018-02-12,2018-02-05,UKX,GJR-skewt-h5,GJR-skewt-AR1-expanding-refit21-horizon5,1,0.02078392462,0.0004319715225,-0.05257668212,-0.04230349819,-0.03420700818,,,-0.0217619962,0.000815685936,True,
2018-02-13,2018-02-06,UKX,GJR-skewt-h5,GJR-skewt-AR1-expanding-refit21-horizon5,1,0.02961184532,0.0008768613835,-0.07512673726,-0.06049004381,-0.04895458964,,,0.003717853829,0.0005295356691,True,
2018-02-14,2018-02-07,UKX,GJR-skewt-h5,GJR-skewt-AR1-expanding-refit21-horizon5,1,0.02875127295,0.0008266356965,-0.07320597346,-0.05899464809,-0.04779443453,,,-0.009024845292,0.0005893441536,True,
2018-02-15,2018-02-08,UKX,GJR-skewt-h5,GJR-skewt-AR1-expanding-refit21-horizon5,1,0.03019740352,0.0009118831792,-0.07670009418,-0.06177396805,-0.05001040652,,,0.008899383295,0.0005301463738,True,
2018-02-16,2018-02-09,UKX,GJR-skewt-h5,GJR-skewt-AR1-expanding-refit21-horizon5,1,0.03039781704,0.0009240272807,-0.07723896441,-0.06221377686,-0.05037214317,,,0.02812430942,0.0004363492144,True,
2018-02-19,2018-02-12,UKX,GJR-skewt-h5,GJR-skewt-AR1-expanding-refit21-horizon5,1,0.02932150222,0.0008597504922,-0.07462230359,-0.0601291224,-0.04870677296,,,0.009788788657,0.0003705550275,True,
2018-02-20,2018-02-13,UKX,GJR-skewt-h5,GJR-skewt-AR1-expanding-refit21-horizon5,1,0.02820977318,0.0007957913029,-0.07169150939,-0.05774783929,-0.04675856989,,,0.01093328954,0.0003607454733,True,
2018-02-21,2018-02-14,UKX,GJR-skewt-h5,GJR-skewt-AR1-expanding-refit21-horizon5,1,0.02716499483,0.0007379369443,-0.06906142887,-0.05563417712,-0.04505190677,,,0.009327049258,0.0002129520493,True,
2018-02-22,2018-02-15,UKX,GJR-skewt-h5,GJR-skewt-AR1-expanding-refit21-horizon5,1,0.02614476171,0.0006835485649,-0.0664248485,-0.05350188276,-0.04331704973,,,0.002429745709,0.000213955229,True,
2018-02-23,2018-02-16,UKX,GJR-skewt-h5,GJR-skewt-AR1-expanding-refit21-horizon5,1,0.02522815989,0.0006364600515,-0.06410900043,-0.0516390973,-0.04181133145,,,-0.006919340722,0.0002102149198,True,
2018-02-26,2018-02-19,UKX,GJR-skewt-h5,GJR-skewt-AR1-expanding-refit21-horizon5,1,0.0248623336,0.0006181356323,-0.06308013823,-0.05079105758,-0.04110580134,,,0.005764484215,0.0002246932528,True,
2018-02-27,2018-02-20,UKX,GJR-skewt-h5,GJR-skewt-AR1-expanding-refit21-horizon5,1,0.02395011882,0.0005736081914,-0.06078157447,-0.04894338798,-0.03961348993,,,0.004914244641,0.0002144732819,True,
2018-02-28,2018-02-21,UKX,GJR-skewt-h5,GJR-skewt-AR1-expanding-refit21-horizon5,1,0.02311709132,0.0005343999111,-0.05877596544,-0.04733979048,-0.03832638775,,,-0.006848849729,0.0002254096668,True,
2018-03-01,2018-02-22,UKX,GJR-skewt-h5,GJR-skewt-AR1-expanding-refit21-horizon5,1,0.02253342089,0.0005077550569,-0.05722589961,-0.0460784702,-0.03729264181,,,-0.01064603956,0.0002610363963,True,
2018-03-02,2018-02-23,UKX,GJR-skewt-h5,GJR-skewt-AR1-expanding-refit21-horizon5,1,0.02175665505,0.0004733520388,-0.05525159425,-0.04448843594,-0.03600547018,,,-0.0243824214,0.0003037448917,True,
2018-03-05,2018-02-26,UKX,GJR-skewt-h5,GJR-skewt-AR1-expanding-refit21-horizon5,1,0.02103743371,0.000442573617,-0.05345153456,-0.04304417971,-0.03484163987,,,-0.02410291847,0.0003283069725,True,
2018-03-06,2018-02-27,UKX,GJR-skewt-h5,GJR-skewt-AR1-expanding-refit21-horizon5,1,0.02033409656,0.000413475483,-0.05160436365,-0.04154495424,-0.03361664704,,,-0.01880953306,0.0003317318481,True,
2018-03-07,2018-02-28,UKX,GJR-skewt-h5,GJR-skewt-AR1-expanding-refit21-horizon5,1,0.02047476194,0.0004192158765,-0.05192879439,-0.04179979691,-0.03381664398,,,-0.01029913806,0.0003467681952,True,
2018-03-08,2018-03-01,UKX,GJR-skewt-h5,GJR-skewt-AR1-expanding-refit21-horizon5,1,0.02081296804,0.0004331796387,-0.05279099043,-0.0424946802,-0.03437966,,,0.003839003306,0.0002957245233,True,
2018-03-09,2018-03-02,UKX,GJR-skewt-h5,GJR-skewt-AR1-expanding-refit21-horizon5,1,0.02349944164,0.0005522237575,-0.05963768546,-0.04801235932,-0.03884987739,,,0.02163170578,0.000275381346,True,
2018-03-12,2018-03-05,UKX,GJR-skewt-h5,GJR-skewt-AR1-expanding-refit21-horizon5,1,0.02268893478,0.0005147877612,-0.05768833911,-0.04646397597,-0.03761751238,,,0.01378867498,0.000251254206,True,
2018-03-13,2018-03-06,UKX,GJR-skewt-h5,GJR-skewt-AR1-expanding-refit21-horizon5,1,0.02189953386,0.0004795895832,-0.05565080364,-0.04481696225,-0.03627828774,,,-0.001120009105,0.0002607542489,True,
2018-03-14,2018-03-07,UKX,GJR-skewt-h5,GJR-skewt-AR1-expanding-refit21-horizon5,1,0.02113512213,0.0004466933874,-0.05367371766,-0.04321803571,-0.03497740695,,,-0.003512772232,0.000267115303,True,
2018-03-15,2018-03-08,UKX,GJR-skewt-h5,GJR-skewt-AR1-expanding-refit21-horizon5,1,0.02045160614,0.0004182681936,-0.05194985899,-0.04183231683,-0.0338581924,,,-0.008840661356,0.0002654864182,True,
2018-03-16,2018-03-09,UKX,GJR-skewt-h5,GJR-skewt-AR1-expanding-refit21-horizon5,1,0.01977149432,0.0003909119877,-0.05018538691,-0.04040430048,-0.03269535308,,,-0.008395570986,0.0002517967553,True,
2018-03-19,2018-03-12,UKX,GJR-skewt-h5,GJR-skewt-AR1-expanding-refit21-horizon5,1,0.01915413119,0.0003668807418,-0.04857622424,-0.03910055136,-0.03163231515,,,-0.02411444153,0.0002935207921,True,
2018-03-20,2018-03-13,UKX,GJR-skewt-h5,GJR-skewt-AR1-expanding-refit21-horizon5,1,0.02047000082,0.0004190209335,-0.05189469739,-0.04176805527,-0.03378675871,,,-0.01091552477,0.0002798000508,True,
2018-03-21,2018-03-14,UKX,GJR-skewt-h5,GJR-skewt-AR1-expanding-refit21-horizon5,1,0.01979696682,0.0003919198952,-0.05022767099,-0.04043398315,-0.03271510398,,,-0.01322375708,0.0002485633717,True,
2018-03-22,2018-03-15,UKX,GJR-skewt-h5,GJR-skewt-AR1-expanding-refit21-horizon5,1,0.01914379841,0.0003664850175,-0.04856387612,-0.03909331492,-0.03162910749,,,-0.02656903301,0.0002962939769,True,
2018-03-23,2018-03-16,UKX,GJR-skewt-h5,GJR-skewt-AR1-expanding-refit21-horizon5,1,0.01853878261,0.0003436864606,-0.04702691111,-0.03785565516,-0.03062734466,,,-0.0343921722,0.0003672733614,True,
2018-03-26,2018-03-19,UKX,GJR-skewt-h5,GJR-skewt-AR1-expanding-refit21-horizon5,1,0.02271566892,0.0005160016143,-0.05761432979,-0.0463767411,-0.03751985381,,,-0.02213758697,0.0003559986356,True,
2018-03-27,2018-03-20,UKX,GJR-skewt-h5,GJR-skewt-AR1-expanding-refit21-horizon5,1,0.0219122031,0.0004801446446,-0.05567294735,-0.04483283841,-0.03628922414,,,-0.008704694248,0.0003904428959,True,
2018-03-28,2018-03-21,UKX,GJR-skewt-h5,GJR-skewt-AR1-expanding-refit21-horizon5,1,0.02130914734,0.0004540797605,-0.05409154395,-0.0435497706,-0.03524128904,,,0.000809474106,0.0004549348321,True,
2018-03-29,2018-03-22,UKX,GJR-skewt-h5,GJR-skewt-AR1-expanding-refit21-horizon5,1,0.02289961152,0.0005243922077,-0.0581647226,-0.04682939909,-0.03789684003,,,0.01484765856,0.000442473195,True,
2018-04-03,2018-03-23,UKX,GJR-skewt-h5,GJR-skewt-AR1-expanding-refit21-horizon5,1,0.02239230658,0.0005014153939,-0.05690885866,-0.04582465145,-0.03708997921,,,0.01556754279,0.0004070065763,True,
2018-04-04,2018-03-26,UKX,GJR-skewt-h5,GJR-skewt-AR1-expanding-refit21-horizon5,1,0.02196639713,0.0004825226031,-0.05581422047,-0.04494083873,-0.03637230299,,,0.02087311776,0.0004252520128,True,
2018-04-05,2018-03-27,UKX,GJR-skewt-h5,GJR-skewt-AR1-expanding-refit21-horizon5,1,0.02146945802,0.0004609376276,-0.05465892725,-0.04403153071,-0.03565683835,,,0.02808713049,0.0003902672691,True,
2018-04-06,2018-03-28,UKX,GJR-skewt-h5,GJR-skewt-AR1-expanding-refit21-horizon5,1,0.02076961885,0.0004313770671,-0.05280838308,-0.04252740741,-0.0344257046,,,0.01952507507,0.0003323287287,True,
2018-04-09,2018-03-29,UKX,GJR-skewt-h5,GJR-skewt-AR1-expanding-refit21-horizon5,1,0.02006542192,0.0004026211567,-0.05097543905,-0.04104304135,-0.03321602795,,,0.01939515277,0.000299037276,True,
2018-04-10,2018-04-03,UKX,GJR-skewt-h5,GJR-skewt-AR1-expanding-refit21-horizon5,1,0.01963894166,0.0003856880294,-0.0498506544,-0.04012936472,-0.03246871048,,,0.03305817569,0.000265525956,True,
2018-04-11,2018-04-04,UKX,GJR-skewt-h5,GJR-skewt-AR1-expanding-refit21-horizon5,1,0.01899321148,0.0003607420822,-0.04821842915,-0.03881677635,-0.03140800512,,,0.03122477945,0.0002099219865,True,
2018-04-12,2018-04-05,UKX,GJR-skewt-h5,GJR-skewt-AR1-expanding-refit21-horizon5,1,0.01904419784,0.0003626814713,-0.04847947756,-0.03905258649,-0.03162392676,,,0.008134035605,0.0001880659758,True,
2018-04-13,2018-04-06,UKX,GJR-skewt-h5,GJR-skewt-AR1-expanding-refit21-horizon5,1,0.0185154757,0.0003428228405,-0.04697754238,-0.03781236913,-0.03058995053,,,0.01121258669,0.0001580803634,True,
2018-04-16,2018-04-09,UKX,GJR-skewt-h5,GJR-skewt-AR1-expanding-refit21-horizon5,1,0.01793457979,0.0003216491524,-0.04550912876,-0.03663149938,-0.02963567358,,,0.000472506088,0.0001511167378,True,
2018-04-17,2018-04-10,UKX,GJR-skewt-h5,GJR-skewt-AR1-expanding-refit21-horizon5,1,0.01751256097,0.0003066897918,-0.04447473886,-0.03580600909,-0.02897480215,,,-0.005616517641,0.0001365360564,True,
2018-04-18,2018-04-11,UKX,GJR-skewt-h5,GJR-skewt-AR1-expanding-refit21-horizon5,1,0.01702275388,0.0002897741498,-0.04315375117,-0.03472747624,-0.02808733066,,,0.008261067323,0.0001468122197,True,
2018-04-19,2018-04-12,UKX,GJR-skewt-h5,GJR-skewt-AR1-expanding-refit21-horizon5,1,0.01652457854,0.0002730616958,-0.04188453328,-0.03370485549,-0.02725903551,,,0.009679808285,0.0001548693711,True,
2018-04-20,2018-04-13,UKX,GJR-skewt-h5,GJR-skewt-AR1-expanding-refit21-horizon5,1,0.01605652658,0.0002578120458,-0.04068800973,-0.03274001799,-0.02647677323,,,0.01416021896,0.0001665076689,True,
2018-04-23,2018-04-16,UKX,GJR-skewt-h5,GJR-skewt-AR1-expanding-refit21-horizon5,1,0.01733274904,0.0003004241893,-0.04390396859,-0.03532424585,-0.028563179,,,0.02750030541,0.0001537586377,True,
2018-04-24,2018-04-17,UKX,GJR-skewt-h5,GJR-skewt-AR1-expanding-refit21-horizon5,1,0.01683548277,0.00028343348,-0.04270319331,-0.03436961771,-0.02780252185,,,0.02720705699,0.0001564920244,True,
2018-04-25,2018-04-18,UKX,GJR-skewt-h5,GJR-skewt-AR1-expanding-refit21-horizon5,1,0.01656604767,0.0002744339355,-0.04206174478,-0.03386153975,-0.0273995437,,,0.008437375917,0.0001603125601,True,
2018-04-26,2018-04-19,UKX,GJR-skewt-h5,GJR-skewt-AR1-expanding-refit21-horizon5,1,0.01609816277,0.0002591508446,-0.04079890645,-0.03283030476,-0.02655081878,,,0.01254228237,0.0001548439233,True,
2018-04-27,2018-04-20,UKX,GJR-skewt-h5,GJR-skewt-AR1-expanding-refit21-horizon5,1,0.01569535234,0.0002463440851,-0.03978725118,-0.03201804094,-0.02589568111,,,0.01802286739,0.0001807328047,True,
2018-04-30,2018-04-23,UKX,GJR-skewt-h5,GJR-skewt-AR1-expanding-refit21-horizon5,1,0.01530142675,0.0002341336605,-0.03877002739,-0.03119581058,-0.02522711116,,,0.01481089914,0.0001884498141,True,
2018-05-01,2018-04-24,UKX,GJR-skewt-h5,GJR-skewt-AR1-expanding-refit21-horizon5,1,0.01491059186,0.0002223257495,-0.0377152796,-0.03032850907,-0.02451106942,,,0.01271277291,0.0001880600003,True,
2018-05-02,2018-04-25,UKX,GJR-skewt-h5,GJR-skewt-AR1-expanding-refit21-horizon5,1,0.01541603404,0.0002376541055,-0.03895810838,-0.03132093964,-0.02530629928,,,0.02196776428,0.0001719317143,True,
2018-05-03,2018-04-26,UKX,GJR-skewt-h5,GJR-skewt-AR1-expanding-refit21-horizon5,1,0.01505963869,0.0002267927176,-0.03810907053,-0.03064846157,-0.02477287057,,,0.01089527632,0.0001769052718,True,
2018-05-04,2018-04-27,UKX,GJR-skewt-h5,GJR-skewt-AR1-expanding-refit21-horizon5,1,0.01485261716,0.0002206002365,-0.03760616102,-0.0302481114,-0.02445329086,,,0.008613578998,0.0001569214101,True,
2018-05-08,2018-04-30,UKX,GJR-skewt-h5,GJR-skewt-AR1-expanding-refit21-horizon5,1,0.01448731051,0.0002098821657,-0.03661534745,-0.0294382723,-0.02378597792,,,0.007495839631,0.0001584263951,True,
2018-05-09,2018-05-01,UKX,GJR-skewt-h5,GJR-skewt-AR1-expanding-refit21-horizon5,1,0.01414677135,0.0002001311397,-0.03574486534,-0.02873649474,-0.02321706336,,,0.01871898625,0.0001630050093,True,
2018-05-10,2018-05-02,UKX,GJR-skewt-h5,GJR-skewt-AR1-expanding-refit21-horizon5,1,0.01383873807,0.0001915106713,-0.03496330939,-0.02810753978,-0.02270828908,,,0.02070366953,0.0001844838439,True,
2018-05-11,2018-05-03,UKX,GJR-skewt-h5,GJR-skewt-AR1-expanding-refit21-horizon5,1,0.01424647505,0.0002029620515,-0.03596314895,-0.0289053847,-0.02334705344,,,0.02914707244,0.0001772496125,True,
2018-05-14,2018-05-04,UKX,GJR-skewt-h5,GJR-skewt-AR1-expanding-refit21-horizon5,1,0.01402983878,0.0001968363761,-0.03548353622,-0.02853309451,-0.02305928494,,,0.018837965,0.0001704451061,True,
2018-05-15,2018-05-08,UKX,GJR-skewt-h5,GJR-skewt-AR1-expanding-refit21-horizon5,1,0.01371705149,0.0001881575017,-0.03463376859,-0.02783828302,-0.02248650893,,,0.02056482354,0.0001750760316,True,
2018-05-16,2018-05-09,UKX,GJR-skewt-h5,GJR-skewt-AR1-expanding-refit21-horizon5,1,0.01368103574,0.0001871707388,-0.03461161911,-0.0278339759,-0.02249625353,,,0.009313776641,0.0001586666943,True,
2018-05-17,2018-05-10,UKX,GJR-skewt-h5,GJR-skewt-AR1-expanding-refit21-horizon5,1,0.01343034048,0.0001803740454,-0.03392672001,-0.0272732723,-0.02203335989,,,0.01123389695,0.0001383490339,True,
2018-05-18,2018-05-11,UKX,GJR-skewt-h5,GJR-skewt-AR1-expanding-refit21-horizon5,1,0.01317049083,0.0001734618286,-0.03324963553,-0.02672491844,-0.02158638764,,,0.006992005386,0.0001478154495,True,
2018-05-21,2018-05-14,UKX,GJR-skewt-h5,GJR-skewt-AR1-expanding-refit21-horizon5,1,0.01300049982,0.0001690129956,-0.03278735476,-0.02634685194,-0.02127464395,,,0.01903696405,0.0001411698559,True,
2018-05-22,2018-05-15,UKX,GJR-skewt-h5,GJR-skewt-AR1-expanding-refit21-horizon5,1,0.01275834736,0.0001627754273,-0.0321844029,-0.02586386344,-0.02088613241,,,0.01980770506,0.0001415252542,True,
2018-05-23,2018-05-16,UKX,GJR-skewt-h5,GJR-skewt-AR1-expanding-refit21-horizon5,1,0.01253244402,0.0001570621531,-0.03160445191,-0.02539582592,-0.02050623217,,,0.006983356775,0.0001851642216,True,
2018-05-24,2018-05-17,UKX,GJR-skewt-h5,GJR-skewt-AR1-expanding-refit21-horizon5,1,0.01240219845,0.0001538145264,-0.03130032142,-0.02515621963,-0.02031744182,,,-0.009197250729,0.0001877595018,True,
2018-05-25,2018-05-18,UKX,GJR-skewt-h5,GJR-skewt-AR1-expanding-refit21-horizon5,1,0.01224019955,0.0001498224851,-0.0308405794,-0.02477673256,-0.0200011594,,,-0.006254413126,0.0001849610234,True,
2018-05-29,2018-05-21,UKX,GJR-skewt-h5,GJR-skewt-AR1-expanding-refit21-horizon5,1,0.01223497075,0.0001496945093,-0.03088971218,-0.02482845571,-0.0200549226,,,-0.02925628465,0.0002332322293,True,
2018-05-30,2018-05-22,UKX,GJR-skewt-h5,GJR-skewt-AR1-expanding-refit21-horizon5,1,0.01205200247,0.0001452507635,-0.03037704652,-0.02440643331,-0.01970428616,,,-0.02414181534,0.0002368867903,True,
2018-05-31,2018-05-23,UKX,GJR-skewt-h5,GJR-skewt-AR1-expanding-refit21-horizon5,1,0.01508134678,0.0002274470206,-0.03807165675,-0.0306002935,-0.02471623299,,,-0.01425026458,0.0002856540658,True,
2018-06-01,2018-05-24,UKX,GJR-skewt-h5,GJR-skewt-AR1-expanding-refit21-horizon5,1,0.01657011213,0.0002745686158,-0.04185624254,-0.03365471499,-0.02719336841,,,-0.001932794317,0.0002784992826,True,
2018-06-04,2018-05-25,UKX,GJR-skewt-h5,GJR-skewt-AR1-expanding-refit21-horizon5,1,0.01610459996,0.0002593581399,-0.04071965435,-0.03274853627,-0.02646871142,,,0.001421960518,0.0002795455808,True,
2018-06-05,2018-05-29,UKX,GJR-skewt-h5,GJR-skewt-AR1-expanding-refit21-horizon5,1,0.01878820717,0.0003529967288,-0.04752576517,-0.03822637132,-0.03090010115,,,0.007075986461,0.0002600408359,True,
2018-06-06,2018-05-30,UKX,GJR-skewt-h5,GJR-skewt-AR1-expanding-refit21-horizon5,1,0.01825582712,0.0003332752237,-0.04626513267,-0.03722924516,-0.03011057118,,,0.002960631172,0.0002585842503,True,
2018-06-07,2018-05-31,UKX,GJR-skewt-h5,GJR-skewt-AR1-expanding-refit21-horizon5,1,0.01773466944,0.0003145185,-0.04488256848,-0.03610463271,-0.02918917886,,,0.003406411422,0.0002137569928,True,
2018-06-08,2018-06-01,UKX,GJR-skewt-h5,GJR-skewt-AR1-expanding-refit21-horizon5,1,0.01720914088,0.00029615453,-0.04355863038,-0.03504080974,-0.02833028039,,,-0.002691263627,0.0002524005796,True,
2018-06-11,2018-06-04,UKX,GJR-skewt-h5,GJR-skewt-AR1-expanding-refit21-horizon5,1,0.01673591026,0.0002800906921,-0.0423558066,-0.03407221575,-0.02754621788,,,-0.000503905774,0.0002496904605,True,
2018-06-12,2018-06-05,UKX,GJR-skewt-h5,GJR-skewt-AR1-expanding-refit21-horizon5,1,0.01725682268,0.000297797929,-0.04362837962,-0.03508695844,-0.02835783607,,,0.002209141599,0.0002254267241,True,
2018-06-13,2018-06-06,UKX,GJR-skewt-h5,GJR-skewt-AR1-expanding-refit21-horizon5,1,0.01676090566,0.0002809279586,-0.04241061899,-0.03411465645,-0.02757891187,,,-0.001128652236,0.0002147897856,True,
2018-06-14,2018-06-07,UKX,GJR-skewt-h5,GJR-skewt-AR1-expanding-refit21-horizon5,1,0.01630666576,0.0002659073483,-0.04122327697,-0.03315214459,-0.02679352623,,,0.007937871076,0.0002097947635,True,
2018-06-15,2018-06-08,UKX,GJR-skewt-h5,GJR-skewt-AR1-expanding-refit21-horizon5,1,0.01605694046,0.0002578253369,-0.04057262916,-0.03262510059,-0.02636386008,,,-0.006163936725,0.0001966293572,True,
2018-06-18,2018-06-11,UKX,GJR-skewt-h5,GJR-skewt-AR1-expanding-refit21-horizon5,1,0.01569089044,0.0002462040427,-0.03968756413,-0.03192121534,-0.0258027123,,,-0.01380751588,0.0002139607078,True,
2018-06-19,2018-06-12,UKX,GJR-skewt-h5,GJR-skewt-AR1-expanding-refit21-horizon5,1,0.0156894846,0.0002461599271,-0.03962356404,-0.03185791108,-0.02573995624,,,-0.01305242763,0.0002328483157,True,
2018-06-20,2018-06-13,UKX,GJR-skewt-h5,GJR-skewt-AR1-expanding-refit21-horizon5,1,0.01527373302,0.0002332869204,-0.03858000365,-0.03102013071,-0.02506429397,,,-0.009953744025,0.000250979504,True,
2018-06-21,2018-06-14,UKX,GJR-skewt-h5,GJR-skewt-AR1-expanding-refit21-horizon5,1,0.01497536078,0.0002242614305,-0.03785660673,-0.03044441584,-0.02460492632,,,-0.02733457926,0.0002707437208,True,
2018-06-22,2018-06-15,UKX,GJR-skewt-h5,GJR-skewt-AR1-expanding-refit21-horizon5,1,0.02017317371,0.0004069569377,-0.05105415314,-0.04106925752,-0.03320293374,,,0.006320114004,0.0002894963711,True,
2018-06-25,2018-06-18,UKX,GJR-skewt-h5,GJR-skewt-AR1-expanding-refit21-horizon5,1,0.01950603741,0.0003804854955,-0.04943052693,-0.03977583648,-0.03216965571,,,-0.01604937701,0.000326782373,True,
2018-06-26,2018-06-19,UKX,GJR-skewt-h5,GJR-skewt-AR1-expanding-refit21-horizon5,1,0.01910815383,0.0003651215428,-0.04839342384,-0.03893566949,-0.03148463937,,,-0.008717645036,0.0003306219657,True,
2018-06-27,2018-06-20,UKX,GJR-skewt-h5,GJR-skewt-AR1-expanding-refit21-horizon5,1,0.01850467016,0.0003424228177,-0.04688063646,-0.03772158183,-0.03050587404,,,-0.000747546696,0.0003870278576,True,
2018-06-28,2018-06-21,UKX,GJR-skewt-h5,GJR-skewt-AR1-expanding-refit21-horizon5,1,0.01948738801,0.0003797582913,-0.04933601015,-0.0396905504,-0.03209164178,,,0.007803914647,0.0003898490536,True,
2018-06-29,2018-06-22,UKX,GJR-skewt-h5,GJR-skewt-AR1-expanding-refit21-horizon5,1,0.01916298786,0.0003672201037,-0.04863829209,-0.03915339713,-0.03168098505,,,-0.005927207262,0.0003903497277,True,
2018-07-02,2018-06-25,UKX,GJR-skewt-h5,GJR-skewt-AR1-expanding-refit21-horizon5,1,0.02610405281,0.0006814215732,-0.06626986248,-0.05332689782,-0.0431330735,,,0.005060557598,0.000375242463,True,
2018-07-03,2018-06-26,UKX,GJR-skewt-h5,GJR-skewt-AR1-expanding-refit21-horizon5,1,0.02513614932,0.0006318260025,-0.06396868957,-0.05150563279,-0.0416897819,,,0.00732263821,0.0003922211889,True,
2018-07-04,2018-06-27,UKX,GJR-skewt-h5,GJR-skewt-AR1-expanding-refit21-horizon5,1,0.02431608835,0.0005912721525,-0.06191478723,-0.04985833475,-0.04036272369,,,-0.006396959724,0.000310263794,True,
2018-07-05,2018-06-28,UKX,GJR-skewt-h5,GJR-skewt-AR1-expanding-refit21-horizon5,1,0.02343766885,0.0005493243209,-0.05957862035,-0.04795770762,-0.03880512582,,,-0.001629551018,0.0002637629003,True,
2018-07-06,2018-06-29,UKX,GJR-skewt-h5,GJR-skewt-AR1-expanding-refit21-horizon5,1,0.02260148482,0.0005108271162,-0.05745758877,-0.04625127451,-0.03742522871,,,-0.002517236378,0.0002266922205,True,
2018-07-09,2018-07-02,UKX,GJR-skewt-h5,GJR-skewt-AR1-expanding-refit21-horizon5,1,0.02380469196,0.0005666633594,-0.06044503472,-0.04864214384,-0.03934623682,,,0.01839130578,0.0001986704221,True,
2018-07-10,2018-07-03,UKX,GJR-skewt-h5,GJR-skewt-AR1-expanding-refit21-horizon5,1,0.02297509102,0.0005278548072,-0.05843849381,-0.04704693736,-0.0380749956,,,0.01291457388,0.0001639299649,True,
2018-07-11,2018-07-04,UKX,GJR-skewt-h5,GJR-skewt-AR1-expanding-refit21-horizon5,1,0.02226600014,0.0004957747623,-0.05655894832,-0.04551897475,-0.03682393819,,,0.002492553516,0.0001965977205,True,
2018-07-12,2018-07-05,UKX,GJR-skewt-h5,GJR-skewt-AR1-expanding-refit21-horizon5,1,0.02149879068,0.0004621980009,-0.05463590511,-0.04397633091,-0.03558089527,,,0.006306305602,0.0001896219265,True,
2018-07-13,2018-07-06,UKX,GJR-skewt-h5,GJR-skewt-AR1-expanding-refit21-horizon5,1,0.02076035491,0.0004309923362,-0.05272664822,-0.04243320674,-0.0343261357,,,0.005785469515,0.0001905299981,True,
2018-07-16,2018-07-09,UKX,GJR-skewt-h5,GJR-skewt-AR1-expanding-refit21-horizon5,1,0.0201486205,0.0004059669079,-0.05120708729,-0.04121695722,-0.03334877295,,,-0.01144663707,0.000192852694,True,
2018-07-17,2018-07-10,UKX,GJR-skewt-h5,GJR-skewt-AR1-expanding-refit21-horizon5,1,0.01947922312,0.0003794401335,-0.04942936832,-0.03977114022,-0.03216436054,,,-0.008578053533,0.0002018458042,True,
2018-07-18,2018-07-11,UKX,GJR-skewt-h5,GJR-skewt-AR1-expanding-refit21-horizon5,1,0.02165868546,0.0004690986559,-0.05492841664,-0.04418956308,-0.03573168736,,,0.01104257353,0.0001878044635,True,
2018-07-19,2018-07-12,UKX,GJR-skewt-h5,GJR-skewt-AR1-expanding-refit21-horizon5,1,0.02096893266,0.0004396961371,-0.05330250472,-0.0429056458,-0.03471712361,,,0.00426470235,0.0002011090334,True,
2018-07-20,2018-07-13,UKX,GJR-skewt-h5,GJR-skewt-AR1-expanding-refit21-horizon5,1,0.02025706604,0.0004103487244,-0.05143148247,-0.04138758271,-0.03347704966,,,0.002203277576,0.0002368330213,True,
2018-07-23,2018-07-16,UKX,GJR-skewt-h5,GJR-skewt-AR1-expanding-refit21-horizon5,1,0.02066134955,0.0004268913654,-0.05240382031,-0.04215946787,-0.03409105914,,,0.007249470434,0.0002244748756,True,
2018-07-24,2018-07-17,UKX,GJR-skewt-h5,GJR-skewt-AR1-expanding-refit21-horizon5,1,0.01997552545,0.0003990216169,-0.05072282586,-0.04081852013,-0.03301793075,,,0.01079868776,0.0002378184452,True,
2018-07-25,2018-07-18,UKX,GJR-skewt-h5,GJR-skewt-AR1-expanding-refit21-horizon5,1,0.01936281405,0.0003749185678,-0.04917218984,-0.03957167992,-0.03201035884,,,-0.00234763329,0.0002520034569,True,
2018-07-26,2018-07-19,UKX,GJR-skewt-h5,GJR-skewt-AR1-expanding-refit21-horizon5,1,0.0187371196,0.000351079651,-0.04752827542,-0.03823799859,-0.03092101579,,,-0.002710568373,0.0002441293589,True,
2018-07-27,2018-07-20,UKX,GJR-skewt-h5,GJR-skewt-AR1-expanding-refit21-horizon5,1,0.01815612765,0.0003296449712,-0.04602569772,-0.03702348951,-0.02993338833,,,0.002925860901,0.0002068424844,True,
2018-07-30,2018-07-23,UKX,GJR-skewt-h5,GJR-skewt-AR1-expanding-refit21-horizon5,1,0.01777650717,0.0003160042072,-0.0450354466,-0.03622146258,-0.02927960599,,,0.005873687384,0.000198818204,True,
2018-07-31,2018-07-24,UKX,GJR-skewt-h5,GJR-skewt-AR1-expanding-refit21-horizon5,1,0.01728062913,0.0002986201433,-0.04385918603,-0.03527740548,-0.02852052005,,,0.005136505545,0.0001944168031,True,
2018-08-01,2018-07-25,UKX,GJR-skewt-h5,GJR-skewt-AR1-expanding-refit21-horizon5,1,0.01761183768,0.0003101768265,-0.04459901056,-0.03585274763,-0.0289663566,,,-0.0007053533828,0.0002147054839,True,
2018-08-02,2018-07-26,UKX,GJR-skewt-h5,GJR-skewt-AR1-expanding-refit21-horizon5,1,0.01708519377,0.0002919038461,-0.04330581812,-0.03482109326,-0.02814062486,,,-0.01145753325,0.0002361314344,True,
2018-08-03,2018-07-27,UKX,GJR-skewt-h5,GJR-skewt-AR1-expanding-refit21-horizon5,1,0.01662043761,0.0002762389462,-0.04214759911,-0.03389367808,-0.02739493363,,,-0.005494624286,0.0002515599985,True,
2018-08-06,2018-07-30,UKX,GJR-skewt-h5,GJR-skewt-AR1-expanding-refit21-horizon5,1,0.01615116148,0.0002608600173,-0.0409015078,-0.03288063528,-0.02656538212,,,-0.004829273571,0.0002697786689,True,
2018-08-07,2018-07-31,UKX,GJR-skewt-h5,GJR-skewt-AR1-expanding-refit21-horizon5,1,0.01576232902,0.0002484510161,-0.0399540641,-0.03212629073,-0.02596307465,,,-0.003917922863,0.0002535325938,True,
2018-08-08,2018-08-01,UKX,GJR-skewt-h5,GJR-skewt-AR1-expanding-refit21-horizon5,1,0.01835918425,0.0003370596464,-0.04647050049,-0.03735309573,-0.0301744853,,,0.0160474606,0.0002210338527,True,
2018-08-09,2018-08-02,UKX,GJR-skewt-h5,GJR-skewt-AR1-expanding-refit21-horizon5,1,0.01963933666,0.0003857035443,-0.0497771498,-0.04002400505,-0.03234484321,,,0.02166205023,0.0001933866853,True,
2018-08-10,2018-08-03,UKX,GJR-skewt-h5,GJR-skewt-AR1-expanding-refit21-horizon5,1,0.01913545334,0.0003661655743,-0.0486550644,-0.03915215453,-0.03167001572,,,0.001030908404,0.000225723981,True,
2018-08-13,2018-08-06,UKX,GJR-skewt-h5,GJR-skewt-AR1-expanding-refit21-horizon5,1,0.01852362355,0.0003431246295,-0.04699958801,-0.0378005206,-0.03055761288,,,-0.002783144068,0.0002349795714,True,
2018-08-14,2018-08-07,UKX,GJR-skewt-h5,GJR-skewt-AR1-expanding-refit21-horizon5,1,0.01800673978,0.0003242426776,-0.04572531054,-0.03678293419,-0.0297421328,,,-0.01394663232,0.0002525121496,True,
2018-08-15,2018-08-08,UKX,GJR-skewt-h5,GJR-skewt-AR1-expanding-refit21-horizon5,1,0.01752900955,0.0003072661759,-0.04450173592,-0.03579660649,-0.02894260202,,,-0.0365091405,0.0002687132747,True,
2018-08-16,2018-08-09,UKX,GJR-skewt-h5,GJR-skewt-AR1-expanding-refit21-horizon5,1,0.0173973816,0.0003026688866,-0.04406554723,-0.03542578591,-0.02862324919,,,-0.02423932019,0.0002717456221,True,
2018-08-17,2018-08-10,UKX,GJR-skewt-h5,GJR-skewt-AR1-expanding-refit21-horizon5,1,0.01865742155,0.0003480993788,-0.04725882537,-0.03799331217,-0.0306980882,,,-0.01423940376,0.0002370622385,True,
2018-08-20,2018-08-13,UKX,GJR-skewt-h5,GJR-skewt-AR1-expanding-refit21-horizon5,1,0.01827744051,0.0003340648317,-0.04633620061,-0.03725939083,-0.03011274296,,,-0.006721945736,0.0002191798365,True,
2018-08-21,2018-08-14,UKX,GJR-skewt-h5,GJR-skewt-AR1-expanding-refit21-horizon5,1,0.0180319332,0.0003251506148,-0.04569876815,-0.03674388043,-0.02969322818,,,-0.006048512197,0.000203697366,True,
2018-08-22,2018-08-15,UKX,GJR-skewt-h5,GJR-skewt-AR1-expanding-refit21-horizon5,1,0.02134069529,0.0004554252755,-0.05410599476,-0.04350793364,-0.03516352488,,,0.01012479274,0.0001840555442,True,
2018-08-23,2018-08-16,UKX,GJR-skewt-h5,GJR-skewt-AR1-expanding-refit21-horizon5,1,0.02067163083,0.0004273163212,-0.0525743225,-0.04230852731,-0.03422572893,,,0.0008995335073,0.0001836022596,True,
2018-08-24,2018-08-17,UKX,GJR-skewt-h5,GJR-skewt-AR1-expanding-refit21-horizon5,1,0.01997620287,0.0003990486812,-0.05072727526,-0.04080683846,-0.03299595882,,,0.002497329126,0.0001680097379,True,
2018-08-28,2018-08-20,UKX,GJR-skewt-h5,GJR-skewt-AR1-expanding-refit21-horizon5,1,0.01933869617,0.0003739851696,-0.04912301779,-0.03951917493,-0.0319575663,,,0.003406044651,0.0001759794973,True,
2018-08-29,2018-08-21,UKX,GJR-skewt-h5,GJR-skewt-AR1-expanding-refit21-horizon5,1,0.01892136325,0.0003580179871,-0.04798838842,-0.03859179841,-0.0311933708,,,-0.000330493289,0.0002240667289,True,
2018-08-30,2018-08-22,UKX,GJR-skewt-h5,GJR-skewt-AR1-expanding-refit21-horizon5,1,0.01831364467,0.0003353895811,-0.04648958001,-0.03739767238,-0.03023709862,,,-0.007713679451,0.000236461855,True,
2018-08-31,2018-08-23,UKX,GJR-skewt-h5,GJR-skewt-AR1-expanding-refit21-horizon5,1,0.01779196981,0.0003165541898,-0.04512831378,-0.03629539445,-0.02933879382,,,-0.01744559865,0.0002439765551,True,
2018-09-03,2018-08-24,UKX,GJR-skewt-h5,GJR-skewt-AR1-expanding-refit21-horizon5,1,0.01725971873,0.0002978978906,-0.04378915408,-0.03522047367,-0.02847198143,,,-0.009667151027,0.0002476106005,True,
2018-09-04,2018-08-28,UKX,GJR-skewt-h5,GJR-skewt-AR1-expanding-refit21-horizon5,1,0.01678931703,0.0002818811665,-0.04260879538,-0.03427364843,-0.02770908167,,,-0.0211350136,0.0002466763512,True,
2018-09-05,2018-08-29,UKX,GJR-skewt-h5,GJR-skewt-AR1-expanding-refit21-horizon5,1,0.01730332144,0.0002994049328,-0.04382618889,-0.03523586168,-0.02847032092,,,-0.02407374011,0.0002534317877,True,
2018-09-06,2018-08-30,UKX,GJR-skewt-h5,GJR-skewt-AR1-expanding-refit21-horizon5,1,0.01757347769,0.0003088271181,-0.04452714296,-0.03580269522,-0.02893152427,,,-0.02656037493,0.0002717314619,True,
2018-09-07,2018-08-31,UKX,GJR-skewt-h5,GJR-skewt-AR1-expanding-refit21-horizon5,1,0.01933942916,0.0003740135203,-0.04902164617,-0.0394204823,-0.03185883024,,,-0.02103390318,0.0003117341647,True,
2018-09-10,2018-09-03,UKX,GJR-skewt-h5,GJR-skewt-AR1-expanding-refit21-horizon5,1,0.01882505295,0.0003543826187,-0.04787416262,-0.03852836359,-0.03116783091,,,-0.03048150197,0.0003383308587,True,
2018-09-11,2018-09-04,UKX,GJR-skewt-h5,GJR-skewt-AR1-expanding-refit21-horizon5,1,0.01891610779,0.000357819134,-0.04797557629,-0.0385845726,-0.03118843778,,,-0.02503625388,0.0003619846282,True,
2018-09-12,2018-09-05,UKX,GJR-skewt-h5,GJR-skewt-AR1-expanding-refit21-horizon5,1,0.02007583512,0.0004030391556,-0.05092238536,-0.04095562879,-0.03310604446,,,-0.009512398222,0.0003516694984,True,
2018-09-13,2018-09-06,UKX,GJR-skewt-h5,GJR-skewt-AR1-expanding-refit21-horizon5,1,0.02070304983,0.0004286162722,-0.05254413793,-0.04226599723,-0.03417117405,,,-0.005123074881,0.0003695727329,True,
2018-09-14,2018-09-07,UKX,GJR-skewt-h5,GJR-skewt-AR1-expanding-refit21-horizon5,1,0.02055168271,0.000422371662,-0.05218108891,-0.04197809523,-0.03394245609,,,0.003607238273,0.0003297051555,True,
2018-09-17,2018-09-10,UKX,GJR-skewt-h5,GJR-skewt-AR1-expanding-refit21-horizon5,1,0.0198637041,0.0003945667405,-0.05046308728,-0.04060164429,-0.03283500248,,,0.003127314487,0.0003267077651,True,
2018-09-18,2018-09-11,UKX,GJR-skewt-h5,GJR-skewt-AR1-expanding-refit21-horizon5,1,0.01922655945,0.0003696605883,-0.04881824069,-0.0392731116,-0.03175559122,,,0.003664165519,0.0003206950941,True,
2018-09-19,2018-09-12,UKX,GJR-skewt-h5,GJR-skewt-AR1-expanding-refit21-horizon5,1,0.01864513053,0.0003476408927,-0.04737713078,-0.03812065521,-0.03083047158,,,0.002417317712,0.0003237588996,True,
2018-09-20,2018-09-13,UKX,GJR-skewt-h5,GJR-skewt-AR1-expanding-refit21-horizon5,1,0.01840800038,0.0003388544782,-0.04668629091,-0.03754753989,-0.03035007336,,,0.0117006308,0.0002661335484,True,
2018-09-21,2018-09-14,UKX,GJR-skewt-h5,GJR-skewt-AR1-expanding-refit21-horizon5,1,0.01784785725,0.0003185460084,-0.04530951778,-0.03644885283,-0.02947040039,,,0.02517338218,0.000266491838,True,
2018-09-24,2018-09-17,UKX,GJR-skewt-h5,GJR-skewt-AR1-expanding-refit21-horizon5,1,0.01731058724,0.0002996564305,-0.04390190958,-0.03530797523,-0.02853959357,,,0.02117890942,0.000239230226,True,
2018-09-25,2018-09-18,UKX,GJR-skewt-h5,GJR-skewt-AR1-expanding-refit21-horizon5,1,0.01680440021,0.0002823878665,-0.04260186641,-0.03425923134,-0.02768876711,,,0.0280140821,0.0002294222095,True,
2018-09-26,2018-09-19,UKX,GJR-skewt-h5,GJR-skewt-AR1-expanding-refit21-horizon5,1,0.0163482215,0.0002672643461,-0.0414675885,-0.0333514258,-0.02695932592,,,0.0243095933,0.0001726022225,True,
2018-09-27,2018-09-20,UKX,GJR-skewt-h5,GJR-skewt-AR1-expanding-refit21-horizon5,1,0.01592885744,0.0002537284993,-0.04039637651,-0.03248840936,-0.02626027943,,,0.02388683052,0.0001858690088,True,
2018-09-28,2018-09-21,UKX,GJR-skewt-h5,GJR-skewt-AR1-expanding-refit21-horizon5,1,0.01588928467,0.0002524693674,-0.04037300239,-0.03249063992,-0.02628252339,,,0.002666597068,0.0001976350611,True,
2018-10-01,2018-09-24,UKX,GJR-skewt-h5,GJR-skewt-AR1-expanding-refit21-horizon5,1,0.01583379395,0.000250709031,-0.04006976308,-0.03221492847,-0.02602849277,,,0.004988647945,0.0002318249636,True,
2018-10-02,2018-09-25,UKX,GJR-skewt-h5,GJR-skewt-AR1-expanding-refit21-horizon5,1,0.01547328099,0.0002394224247,-0.03922800308,-0.03155201188,-0.02550643252,,,-0.004405234603,0.0002357920881,True,
2018-10-03,2018-09-26,UKX,GJR-skewt-h5,GJR-skewt-AR1-expanding-refit21-horizon5,1,0.01507370843,0.0002272166857,-0.03815543953,-0.03067766845,-0.02478820644,,,-0.000159793769,0.0002510356092,True,
2018-10-04,2018-09-27,UKX,GJR-skewt-h5,GJR-skewt-AR1-expanding-refit21-horizon5,1,0.01472821585,0.0002169203422,-0.03729931496,-0.02999293596,-0.02423846166,,,-0.01698819894,0.0002777703708,True,
2018-10-05,2018-09-28,UKX,GJR-skewt-h5,GJR-skewt-AR1-expanding-refit21-horizon5,1,0.01487158195,0.0002211639496,-0.03759639424,-0.03021889413,-0.02440840514,,,-0.0258567336,0.0002909136488,True,
2018-10-08,2018-10-01,UKX,GJR-skewt-h5,GJR-skewt-AR1-expanding-refit21-horizon5,1,0.01460427123,0.000213284738,-0.03693138426,-0.02968649176,-0.02398044398,,,-0.03563421219,0.0002709673757,True,
2018-10-09,2018-10-02,UKX,GJR-skewt-h5,GJR-skewt-AR1-expanding-refit21-horizon5,1,0.01445251569,0.0002088752097,-0.03653495784,-0.02936534828,-0.02371859304,,,-0.03222094598,0.0002831025831,True,
2018-10-10,2018-10-03,UKX,GJR-skewt-h5,GJR-skewt-AR1-expanding-refit21-horizon5,1,0.01415041095,0.00020023413,-0.03581804599,-0.02879830467,-0.02326958504,,,-0.04976458127,0.0003019047657,True,
2018-10-11,2018-10-04,UKX,GJR-skewt-h5,GJR-skewt-AR1-expanding-refit21-horizon5,1,0.01704212789,0.000290434123,-0.04310930591,-0.03465504053,-0.02799649561,,,-0.05705453027,0.0004266384464,True,
2018-10-12,2018-10-05,UKX,GJR-skewt-h5,GJR-skewt-AR1-expanding-refit21-horizon5,1,0.01989380981,0.0003957636688,-0.05042048563,-0.04055155679,-0.03277882869,,,-0.04508113978,0.0004554055727,True,
2018-10-15,2018-10-08,UKX,GJR-skewt-h5,GJR-skewt-AR1-expanding-refit21-horizon5,1,0.02149279857,0.0004619403906,-0.0545394596,-0.0438773038,-0.03547983337,,,-0.02862240753,0.0004984510223,True,
2018-10-16,2018-10-09,UKX,GJR-skewt-h5,GJR-skewt-AR1-expanding-refit21-horizon5,1,0.02075642802,0.0004308293043,-0.05274423009,-0.04244737327,-0.03433761084,,,-0.02492962509,0.000519108495,True,
2018-10-17,2018-10-10,UKX,GJR-skewt-h5,GJR-skewt-AR1-expanding-refit21-horizon5,1,0.02256898033,0.0005093588733,-0.05729388235,-0.04609785389,-0.03727990753,,,-0.01283090427,0.0005284411593,True,
2018-10-18,2018-10-11,UKX,GJR-skewt-h5,GJR-skewt-AR1-expanding-refit21-horizon5,1,0.02697337921,0.0007275631858,-0.06854764225,-0.0551666779,-0.04462788495,,,0.002864508353,0.0004060892705,True,
2018-10-19,2018-10-12,UKX,GJR-skewt-h5,GJR-skewt-AR1-expanding-refit21-horizon5,1,0.0260009181,0.0006760477419,-0.06619071368,-0.0532921682,-0.0431333264,,,0.007674970804,0.0003862294584,True,
2018-10-22,2018-10-15,UKX,GJR-skewt-h5,GJR-skewt-AR1-expanding-refit21-horizon5,1,0.02505430205,0.0006277180513,-0.06380949464,-0.05138054682,-0.04159155821,,,0.001932861603,0.0003671559288,True,
2018-10-23,2018-10-16,UKX,GJR-skewt-h5,GJR-skewt-AR1-expanding-refit21-horizon5,1,0.024152176,0.0005833276056,-0.06149006265,-0.04950864186,-0.04007212372,,,-0.01487043888,0.0004190491972,True,
2018-10-24,2018-10-17,UKX,GJR-skewt-h5,GJR-skewt-AR1-expanding-refit21-horizon5,1,0.02328661574,0.0005422664726,-0.05922966748,-0.04767763416,-0.03857929984,,,-0.01306948425,0.0004406215767,True,
2018-10-25,2018-10-18,UKX,GJR-skewt-h5,GJR-skewt-AR1-expanding-refit21-horizon5,1,0.02268963861,0.0005148197004,-0.05767211062,-0.04641622594,-0.03755113709,,,-0.003264166338,0.0005065198427,True,
2018-10-26,2018-10-19,UKX,GJR-skewt-h5,GJR-skewt-AR1-expanding-refit21-horizon5,1,0.02190086115,0.0004796477193,-0.0557025723,-0.04483798465,-0.03628107974,,,-0.01575506987,0.000563535319,True,
2018-10-29,2018-10-22,UKX,GJR-skewt-h5,GJR-skewt-AR1-expanding-refit21-horizon5,1,0.02114670904,0.0004471833034,-0.05378655126,-0.04329507519,-0.03503155573,,,-0.002345566947,0.0006109491227,True,
2018-10-30,2018-10-23,UKX,GJR-skewt-h5,GJR-skewt-AR1-expanding-refit21-horizon5,1,0.02280435847,0.0005200387653,-0.05796219121,-0.04664830872,-0.03773702803,,,0.01153599094,0.0005988249951,True,
2018-10-31,2018-10-24,UKX,GJR-skewt-h5,GJR-skewt-AR1-expanding-refit21-horizon5,1,0.02200103117,0.0004840453724,-0.05599469128,-0.04507936202,-0.0364819983,,,0.02343431704,0.0006182528434,True,
2018-11-01,2018-10-25,UKX,GJR-skewt-h5,GJR-skewt-AR1-expanding-refit21-horizon5,1,0.02127454266,0.0004526061656,-0.05416266869,-0.04360777078,-0.03529429765,,,0.01566738775,0.0006218763086,True,
2018-11-02,2018-10-26,UKX,GJR-skewt-h5,GJR-skewt-AR1-expanding-refit21-horizon5,1,0.02186711042,0.0004781705182,-0.05557861077,-0.04472972335,-0.03618469196,,,0.02201931639,0.0005909048815,True,
2018-11-05,2018-10-29,UKX,GJR-skewt-h5,GJR-skewt-AR1-expanding-refit21-horizon5,1,0.02127353767,0.0004525634051,-0.0542055783,-0.04365117899,-0.03533809859,,,0.01096960096,0.000553080696,True,
2018-11-06,2018-10-30,UKX,GJR-skewt-h5,GJR-skewt-AR1-expanding-refit21-horizon5,1,0.02055108477,0.0004223470853,-0.05227375697,-0.04207778683,-0.03404702003,,,0.000682024511,0.000532230785,True,
2018-11-07,2018-10-31,UKX,GJR-skewt-h5,GJR-skewt-AR1-expanding-refit21-horizon5,1,0.02005651769,0.000402263902,-0.05108516363,-0.04113456209,-0.03329705774,,,-0.001516320379,0.0004824218216,True,
2018-11-08,2018-11-01,UKX,GJR-skewt-h5,GJR-skewt-AR1-expanding-refit21-horizon5,1,0.01945614602,0.000378541618,-0.04943995995,-0.03978721966,-0.03218432311,,,0.003647744448,0.0003981633704,True,
2018-11-09,2018-11-02,UKX,GJR-skewt-h5,GJR-skewt-AR1-expanding-refit21-horizon5,1,0.01898374484,0.0003603825682,-0.04822001161,-0.0388016428,-0.03138334691,,,0.001577490512,0.0003526264883,True,
2018-11-12,2018-11-05,UKX,GJR-skewt-h5,GJR-skewt-AR1-expanding-refit21-horizon5,1,0.0183843948,0.000337985972,-0.04671093602,-0.0375899216,-0.03040583429,,,-0.007162574307,0.0003512474091,True,
2018-11-13,2018-11-06,UKX,GJR-skewt-h5,GJR-skewt-AR1-expanding-refit21-horizon5,1,0.01922951559,0.0003697742699,-0.0488090612,-0.03926875863,-0.03175442267,,,0.001858826318,0.0003550528881,True,
2018-11-14,2018-11-07,UKX,GJR-skewt-h5,GJR-skewt-AR1-expanding-refit21-horizon5,1,0.01875385788,0.0003517071855,-0.04772536151,-0.03842104608,-0.03109258333,,,-0.01180134002,0.000401902983,True,
2018-11-15,2018-11-08,UKX,GJR-skewt-h5,GJR-skewt-AR1-expanding-refit21-horizon5,1,0.01817862672,0.0003304624694,-0.04619598688,-0.03717705978,-0.03007338065,,,-0.01448679917,0.000497401158,True,
2018-11-16,2018-11-09,UKX,GJR-skewt-h5,GJR-skewt-AR1-expanding-refit21-horizon5,1,0.01808189157,0.0003269548026,-0.04589014497,-0.0369192109,-0.02985333306,,,-0.01294707655,0.00055709599,True,
2018-11-19,2018-11-12,UKX,GJR-skewt-h5,GJR-skewt-AR1-expanding-refit21-horizon5,1,0.01853821701,0.0003436654898,-0.04704498549,-0.03784765555,-0.03060345899,,,-0.007428552162,0.000574145138,True,
2018-11-20,2018-11-13,UKX,GJR-skewt-h5,GJR-skewt-AR1-expanding-refit21-horizon5,1,0.01796162855,0.0003226201002,-0.04561668638,-0.03670541817,-0.02968653562,,,-0.01512700952,0.0006144541189,True,
2018-11-21,2018-11-14,UKX,GJR-skewt-h5,GJR-skewt-AR1-expanding-refit21-horizon5,1,0.01757635192,0.0003089281467,-0.04460704653,-0.03588692487,-0.02901859724,,,0.002328940279,0.0005930878049,True,
2018-11-22,2018-11-15,UKX,GJR-skewt-h5,GJR-skewt-AR1-expanding-refit21-horizon5,1,0.01705411667,0.0002908428953,-0.04329017907,-0.03482915298,-0.02816489971,,,-0.01110149005,0.0005095704439,True,
2018-11-23,2018-11-16,UKX,GJR-skewt-h5,GJR-skewt-AR1-expanding-refit21-horizon5,1,0.01680172824,0.0002822980717,-0.04261413835,-0.03427832925,-0.02771270205,,,-0.008735055807,0.0004698251604,True,
2018-11-26,2018-11-19,UKX,GJR-skewt-h5,GJR-skewt-AR1-expanding-refit21-horizon5,1,0.01640093877,0.0002689907925,-0.04159610933,-0.03345914313,-0.02705013281,,,0.005001128656,0.0004297113458,True,
2018-11-27,2018-11-20,UKX,GJR-skewt-h5,GJR-skewt-AR1-expanding-refit21-horizon5,1,0.01708541836,0.0002919115204,-0.04330468445,-0.03483841752,-0.02816864219,,,0.009882069561,0.0003893146403,True,
2018-11-28,2018-11-21,UKX,GJR-skewt-h5,GJR-skewt-AR1-expanding-refit21-horizon5,1,0.01688148342,0.0002849844824,-0.04293937706,-0.03457416517,-0.0279840016,,,-0.006503213223,0.0003709382801,True,
2018-11-29,2018-11-22,UKX,GJR-skewt-h5,GJR-skewt-AR1-expanding-refit21-horizon5,1,0.01936688435,0.0003750762094,-0.04912165557,-0.0395248632,-0.03196445322,,,0.01124356578,0.0004046056818,True,
2018-11-30,2018-11-23,UKX,GJR-skewt-h5,GJR-skewt-AR1-expanding-refit21-horizon5,1,0.01876896859,0.0003522741819,-0.04767111553,-0.03837060589,-0.03104360921,,,0.00391877296,0.0003954863301,True,
2018-12-03,2018-11-26,UKX,GJR-skewt-h5,GJR-skewt-AR1-expanding-refit21-horizon5,1,0.01835468803,0.0003368945726,-0.04670013532,-0.03760491242,-0.03043964184,,,0.00374509633,0.0004015237187,True,
2018-12-04,2018-11-27,UKX,GJR-skewt-h5,GJR-skewt-AR1-expanding-refit21-horizon5,1,0.01792067376,0.0003211505481,-0.04548264246,-0.03660248486,-0.02960664401,,,0.000840460049,0.000385840653,True,
2018-12-05,2018-11-28,UKX,GJR-skewt-h5,GJR-skewt-AR1-expanding-refit21-horizon5,1,0.01744223603,0.0003042315976,-0.04426173433,-0.03561865501,-0.02880958583,,,-0.01187697642,0.0003686415975,True,
2018-12-06,2018-11-29,UKX,GJR-skewt-h5,GJR-skewt-AR1-expanding-refit21-horizon5,1,0.01695704723,0.0002875414507,-0.04306426859,-0.03466161288,-0.02804195084,,,-0.04874682048,0.0005378164001,True,
2018-12-07,2018-11-30,UKX,GJR-skewt-h5,GJR-skewt-AR1-expanding-refit21-horizon5,1,0.01781303704,0.0003173042886,-0.04516612591,-0.03633930509,-0.02938548326,,,-0.02938075646,0.0006300872613,True,
2018-12-10,2018-12-03,UKX,GJR-skewt-h5,GJR-skewt-AR1-expanding-refit21-horizon5,1,0.01745456442,0.0003046618193,-0.04438920206,-0.0357400137,-0.02892613178,,,-0.0494735793,0.0007205560814,True,
2018-12-11,2018-12-04,UKX,GJR-skewt-h5,GJR-skewt-AR1-expanding-refit21-horizon5,1,0.01753186651,0.0003073663434,-0.04446431527,-0.03577682172,-0.02893276275,,,-0.03122518196,0.0007459730072,True,
2018-12-12,2018-12-05,UKX,GJR-skewt-h5,GJR-skewt-AR1-expanding-refit21-horizon5,1,0.02067389851,0.0004274100794,-0.05246367345,-0.04221922174,-0.03414858189,,,-0.006028073617,0.0007812622708,True,
2018-12-13,2018-12-06,UKX,GJR-skewt-h5,GJR-skewt-AR1-expanding-refit21-horizon5,1,0.03266270079,0.001066852023,-0.0831024485,-0.06691723502,-0.05416642778,,,0.02553591966,0.0006099834938,True,
2018-12-14,2018-12-07,UKX,GJR-skewt-h5,GJR-skewt-AR1-expanding-refit21-horizon5,1,0.03145340678,0.0009893167978,-0.08030474643,-0.06471876942,-0.05244004424,,,0.009850864059,0.0005279122952,True,
2018-12-17,2018-12-10,UKX,GJR-skewt-h5,GJR-skewt-AR1-expanding-refit21-horizon5,1,0.0309627414,0.000958691355,-0.07890801131,-0.0635651717,-0.0514779916,,,0.007662333686,0.0004555744854,True,
2018-12-18,2018-12-11,UKX,GJR-skewt-h5,GJR-skewt-AR1-expanding-refit21-horizon5,1,0.02987224602,0.0008923510822,-0.07625924013,-0.06145676919,-0.04979529475,,,-0.01559047072,0.0004169203584,True,
2018-12-19,2018-12-12,UKX,GJR-skewt-h5,GJR-skewt-AR1-expanding-refit21-horizon5,1,0.02880553372,0.0008297587727,-0.07350846423,-0.05923457684,-0.04798952365,,,-0.01675247365,0.0004042928866,True,
2018-12-20,2018-12-13,UKX,GJR-skewt-h5,GJR-skewt-AR1-expanding-refit21-horizon5,1,0.02769937559,0.0007672554082,-0.07059112455,-0.05686536714,-0.046052134,,,-0.02437315806,0.0004797106599,True,
2018-12-21,2018-12-14,UKX,GJR-skewt-h5,GJR-skewt-AR1-expanding-refit21-horizon5,1,0.02692392746,0.00072489787,-0.06857065557,-0.05522915277,-0.0447186377,,,-0.01828096618,0.0005997575393,True,
2018-12-24,2018-12-17,UKX,GJR-skewt-h5,GJR-skewt-AR1-expanding-refit21-horizon5,1,0.02729880845,0.0007452249428,-0.06949087318,-0.05596360716,-0.04530674671,,,-0.0129578896,,True,
2018-12-27,2018-12-18,UKX,GJR-skewt-h5,GJR-skewt-AR1-expanding-refit21-horizon5,1,0.0276611914,0.0007651415096,-0.07042036092,-0.05671352477,-0.04591519791,,,-0.01759751279,,True,
2018-12-28,2018-12-19,UKX,GJR-skewt-h5,GJR-skewt-AR1-expanding-refit21-horizon5,1,0.0267086191,0.0007133503341,-0.06816662858,-0.05491831258,-0.04448307824,,,-0.004725955246,,True,
2018-12-31,2018-12-20,UKX,GJR-skewt-h5,GJR-skewt-AR1-expanding-refit21-horizon5,1,0.02650450284,0.000702488671,-0.06750324717,-0.05435617926,-0.0440006945,,,0.002410744619,,True,
2019-01-02,2018-12-21,UKX,GJR-skewt-h5,GJR-skewt-AR1-expanding-refit21-horizon5,1,0.02551454208,0.0006509918576,-0.06503641387,-0.05238039766,-0.04241169712,,,0.001932310249,,True,
2019-01-03,2018-12-24,UKX,GJR-skewt-h5,GJR-skewt-AR1-expanding-refit21-horizon5,1,0.02494344008,0.0006221752031,-0.06351762546,-0.05114489383,-0.04139932662,,,0.001001621302,,True,
2019-01-04,2018-12-27,UKX,GJR-skewt-h5,GJR-skewt-AR1-expanding-refit21-horizon5,1,0.02702866057,0.000730548492,-0.06879129219,-0.05538422554,-0.04482394888,,,0.03765872239,,True,
2019-01-07,2018-12-28,UKX,GJR-skewt-h5,GJR-skewt-AR1-expanding-refit21-horizon5,1,0.02644202425,0.0006991806465,-0.06758437996,-0.0544683034,-0.04413722944,,,0.01135493489,,True,
2019-01-08,2018-12-31,UKX,GJR-skewt-h5,GJR-skewt-AR1-expanding-refit21-horizon5,1,0.02546177732,0.0006483021042,-0.06488301144,-0.05225316822,-0.04230508323,,,0.01964786459,0.0005661554036,True,
2019-01-09,2019-01-02,UKX,GJR-skewt-h5,GJR-skewt-AR1-expanding-refit21-horizon5,1,0.02452298442,0.0006013767646,-0.06248710075,-0.05032292837,-0.04074163597,,,0.02527844107,0.0004940217083,True,
2019-01-10,2019-01-03,UKX,GJR-skewt-h5,GJR-skewt-AR1-expanding-refit21-horizon5,1,0.02416152348,0.0005837792167,-0.06150291145,-0.04951803508,-0.04007796787,,,0.03670213126,0.0004381335932,True,
2019-01-11,2019-01-04,UKX,GJR-skewt-h5,GJR-skewt-AR1-expanding-refit21-horizon5,1,0.02372747939,0.0005629932784,-0.0606074522,-0.04883787535,-0.03956739204,,,0.01174812029,0.0003837079695,True,
2019-01-14,2019-01-07,UKX,GJR-skewt-h5,GJR-skewt-AR1-expanding-refit21-horizon5,1,0.02307925461,0.0005326519935,-0.05874276269,-0.04729472575,-0.03827750815,,,0.006454057384,0.0003410558365,True,
2019-01-15,2019-01-08,UKX,GJR-skewt-h5,GJR-skewt-AR1-expanding-refit21-horizon5,1,0.02231528925,0.0004979721341,-0.05687119516,-0.04580210909,-0.03708337782,,,0.004855846269,0.0003561185846,True,
2019-01-16,2019-01-09,UKX,GJR-skewt-h5,GJR-skewt-AR1-expanding-refit21-horizon5,1,0.02158111453,0.0004657445042,-0.05497944919,-0.04427453689,-0.03584265255,,,-0.006376511633,0.0003629326311,True,
2019-01-17,2019-01-10,UKX,GJR-skewt-h5,GJR-skewt-AR1-expanding-refit21-horizon5,1,0.02087010507,0.0004355612857,-0.05314387781,-0.04279164859,-0.03463756035,,,-0.0156777154,0.0003440343818,True,
2019-01-18,2019-01-11,UKX,GJR-skewt-h5,GJR-skewt-AR1-expanding-refit21-horizon5,1,0.02037527255,0.0004151517313,-0.05180366365,-0.04169688695,-0.03373613305,,,0.007215616229,0.0003310105413,True,
2019-01-21,2019-01-14,UKX,GJR-skewt-h5,GJR-skewt-AR1-expanding-refit21-horizon5,1,0.02106787762,0.0004438554676,-0.05353716275,-0.04308683212,-0.03485547283,,,0.01672300533,0.0003148864828,True,
2019-01-22,2019-01-15,UKX,GJR-skewt-h5,GJR-skewt-AR1-expanding-refit21-horizon5,1,0.02039015973,0.0004157586137,-0.05191633969,-0.04180217847,-0.03383560805,,,0.0009277641288,0.0003056997689,True,
2019-01-23,2019-01-16,UKX,GJR-skewt-h5,GJR-skewt-AR1-expanding-refit21-horizon5,1,0.02007771462,0.0004031146243,-0.05103079525,-0.04107161665,-0.0332271206,,,-0.002889374653,0.0002924340495,True,
2019-01-24,2019-01-17,UKX,GJR-skewt-h5,GJR-skewt-AR1-expanding-refit21-horizon5,1,0.01970690365,0.0003883620516,-0.05008390374,-0.04030865905,-0.0326090413,,,-0.002328991612,0.0002948762731,True,
2019-01-25,2019-01-18,UKX,GJR-skewt-h5,GJR-skewt-AR1-expanding-refit21-horizon5,1,0.01950427317,0.000380416672,-0.0497493287,-0.04007459511,-0.03245414643,,,-0.02309659701,0.0002949615059,True,
2019-01-28,2019-01-21,UKX,GJR-skewt-h5,GJR-skewt-AR1-expanding-refit21-horizon5,1,0.01887491841,0.0003562625449,-0.04798287364,-0.03862031983,-0.03124576422,,,-0.03258852088,0.0003244821274,True,
2019-01-29,2019-01-22,UKX,GJR-skewt-h5,GJR-skewt-AR1-expanding-refit21-horizon5,1,0.01998315052,0.0003993263048,-0.05068231828,-0.04078406989,-0.03298715257,,,-0.009828768851,0.0003262408395,True,
2019-01-30,2019-01-23,UKX,GJR-skewt-h5,GJR-skewt-AR1-expanding-refit21-horizon5,1,0.02055164308,0.0004223700333,-0.05215327938,-0.04197343973,-0.03395471107,,,0.01432070554,0.0003224749476,True,
2019-01-31,2019-01-24,UKX,GJR-skewt-h5,GJR-skewt-AR1-expanding-refit21-horizon5,1,0.0200845448,0.0004033889399,-0.05099895499,-0.041050483,-0.03321400422,,,0.02174454549,0.0003276246134,True,
2019-02-01,2019-01-25,UKX,GJR-skewt-h5,GJR-skewt-AR1-expanding-refit21-horizon5,1,0.01946573475,0.0003789148294,-0.04942970675,-0.03978774977,-0.03219271494,,,0.03051706784,0.0003324242182,True,
2019-02-04,2019-01-28,UKX,GJR-skewt-h5,GJR-skewt-AR1-expanding-refit21-horizon5,1,0.02025681665,0.0004103386209,-0.05139138545,-0.04135758209,-0.03345388721,,,0.04165696708,0.0003043120772,True,
2019-02-05,2019-01-29,UKX,GJR-skewt-h5,GJR-skewt-AR1-expanding-refit21-horizon5,1,0.01976801354,0.0003907743592,-0.05032921012,-0.04053752547,-0.03282454914,,,0.04904168031,0.0002860350096,True,
2019-02-06,2019-01-30,UKX,GJR-skewt-h5,GJR-skewt-AR1-expanding-refit21-horizon5,1,0.01940902887,0.0003767104016,-0.0494333384,-0.03981946954,-0.03224655989,,,0.03280562226,0.0002726444125,True,
2019-02-07,2019-01-31,UKX,GJR-skewt-h5,GJR-skewt-AR1-expanding-refit21-horizon5,1,0.01880479796,0.0003536204264,-0.04778123926,-0.03846666392,-0.03112950981,,,0.01773560387,0.0002750148843,True,
2019-02-08,2019-02-01,UKX,GJR-skewt-h5,GJR-skewt-AR1-expanding-refit21-horizon5,1,0.01827970104,0.0003341474701,-0.04646413926,-0.03740966004,-0.0302773854,,,0.007238488902,0.0002610006448,True,
2019-02-11,2019-02-04,UKX,GJR-skewt-h5,GJR-skewt-AR1-expanding-refit21-horizon5,1,0.01772399401,0.0003141399635,-0.04499199221,-0.0362127712,-0.02929731932,,,0.01341524845,0.0002821235973,True,
2019-02-12,2019-02-05,UKX,GJR-skewt-h5,GJR-skewt-AR1-expanding-refit21-horizon5,1,0.01771020302,0.0003136512909,-0.04511543001,-0.03634304008,-0.0294329691,,,-0.006191250553,0.0002619152371,True,
2019-02-13,2019-02-06,UKX,GJR-skewt-h5,GJR-skewt-AR1-expanding-refit21-horizon5,1,0.01718691086,0.000295389905,-0.043591879,-0.03507869123,-0.02837279554,,,0.002464472193,0.0002651857929,True,
2019-02-14,2019-02-07,UKX,GJR-skewt-h5,GJR-skewt-AR1-expanding-refit21-horizon5,1,0.01897447579,0.0003600307317,-0.04808488434,-0.03868626252,-0.03128290444,,,0.01447128963,0.0002611581946,True,
2019-02-15,2019-02-08,UKX,GJR-skewt-h5,GJR-skewt-AR1-expanding-refit21-horizon5,1,0.01857220086,0.0003449266449,-0.04712274707,-0.03792338399,-0.03067698336,,,0.02313510399,0.000253597859,True,
2019-02-18,2019-02-11,UKX,GJR-skewt-h5,GJR-skewt-AR1-expanding-refit21-horizon5,1,0.0180750948,0.0003267090522,-0.04594649024,-0.03699335856,-0.02994091608,,,0.01260068543,0.0002157587299,True,
2019-02-19,2019-02-12,UKX,GJR-skewt-h5,GJR-skewt-AR1-expanding-refit21-horizon5,1,0.01752647783,0.0003071774252,-0.04447299317,-0.03579160778,-0.0289532217,,,0.006442047117,0.000233083848,True,
2019-02-20,2019-02-13,UKX,GJR-skewt-h5,GJR-skewt-AR1-expanding-refit21-horizon5,1,0.0170914889,0.0002921189927,-0.04342269603,-0.03495677359,-0.02828810913,,,0.005242989283,0.0002546990847,True,
2019-02-21,2019-02-14,UKX,GJR-skewt-h5,GJR-skewt-AR1-expanding-refit21-horizon5,1,0.01659949604,0.0002755432689,-0.04209792504,-0.03387570129,-0.02739899993,,,-0.004121319388,0.0002666029145,True,
2019-02-22,2019-02-15,UKX,GJR-skewt-h5,GJR-skewt-AR1-expanding-refit21-horizon5,1,0.01617557758,0.0002616493099,-0.04105108466,-0.03303884032,-0.02672754117,,,-0.008060936704,0.0002615323808,True,
2019-02-25,2019-02-18,UKX,GJR-skewt-h5,GJR-skewt-AR1-expanding-refit21-horizon5,1,0.01585662966,0.0002514327041,-0.04016418136,-0.03230992141,-0.02612306763,,,-0.004971100623,0.0002796171045,True,
2019-02-26,2019-02-19,UKX,GJR-skewt-h5,GJR-skewt-AR1-expanding-refit21-horizon5,1,0.01610401617,0.0002593393366,-0.0407706273,-0.03279382946,-0.02651045175,,,-0.003921778671,0.0003292688529,True,
2019-02-27,2019-02-20,UKX,GJR-skewt-h5,GJR-skewt-AR1-expanding-refit21-horizon5,1,0.01573152545,0.000247480893,-0.03986826536,-0.03208377166,-0.02595118044,,,-0.0169370112,0.0003235966716,True,
2019-02-28,2019-02-21,UKX,GJR-skewt-h5,GJR-skewt-AR1-expanding-refit21-horizon5,1,0.01678304594,0.0002816706309,-0.04243840521,-0.03413358342,-0.02759107993,,,-0.01301788577,0.0003080268688,True,
2019-03-01,2019-02-22,UKX,GJR-skewt-h5,GJR-skewt-AR1-expanding-refit21-horizon5,1,0.01631141002,0.0002660620967,-0.04131157968,-0.03324013938,-0.02688149284,,,-0.01006636314,0.0003132181087,True,
2019-03-04,2019-02-25,UKX,GJR-skewt-h5,GJR-skewt-AR1-expanding-refit21-horizon5,1,0.01586529045,0.0002517074409,-0.04016093426,-0.03231024909,-0.02612551252,,,-0.006886456652,0.0003048238208,True,
2019-03-05,2019-02-26,UKX,GJR-skewt-h5,GJR-skewt-AR1-expanding-refit21-horizon5,1,0.01588803868,0.0002524297732,-0.04017626168,-0.03231431992,-0.02612071544,,,0.004506590208,0.0002557971079,True,
2019-03-06,2019-02-27,UKX,GJR-skewt-h5,GJR-skewt-AR1-expanding-refit21-horizon5,1,0.01627019937,0.0002647193874,-0.04114282339,-0.03309177552,-0.02674919406,,,0.01241693393,0.0002311975574,True,
2019-03-07,2019-02-28,UKX,GJR-skewt-h5,GJR-skewt-AR1-expanding-refit21-horizon5,1,0.01627550819,0.000264892167,-0.04116930536,-0.03311563051,-0.02677097951,,,0.01164967558,0.0002246951113,True,
2019-03-08,2019-03-01,UKX,GJR-skewt-h5,GJR-skewt-AR1-expanding-refit21-horizon5,1,0.01585744677,0.0002514586181,-0.04017191467,-0.03232511082,-0.02614343193,,,-0.000337821408,0.0002490801603,True,
2019-03-11,2019-03-04,UKX,GJR-skewt-h5,GJR-skewt-AR1-expanding-refit21-horizon5,1,0.01545850418,0.0002389653515,-0.03914408077,-0.03149468727,-0.02546852743,,,-0.000532745052,0.0002700357255,True,
2019-03-12,2019-03-05,UKX,GJR-skewt-h5,GJR-skewt-AR1-expanding-refit21-horizon5,1,0.0151295078,0.0002289020064,-0.03832480947,-0.03083821457,-0.02494030677,,,-0.004492592878,0.0003116972125,True,
2019-03-13,2019-03-06,UKX,GJR-skewt-h5,GJR-skewt-AR1-expanding-refit21-horizon5,1,0.01475819818,0.0002178044137,-0.03733127854,-0.03002842027,-0.02427525941,,,-0.005127045963,0.0003233691673,True,
2019-03-14,2019-03-07,UKX,GJR-skewt-h5,GJR-skewt-AR1-expanding-refit21-horizon5,1,0.01505132759,0.0002265424622,-0.03802468441,-0.03057677574,-0.02470934479,,,0.003876432938,0.000323125475,True,
2019-03-15,2019-03-08,UKX,GJR-skewt-h5,GJR-skewt-AR1-expanding-refit21-horizon5,1,0.01590175503,0.0002528658131,-0.04018750323,-0.03231877414,-0.02611982264,,,0.01730364307,0.0002934378468,True,
2019-03-18,2019-03-11,UKX,GJR-skewt-h5,GJR-skewt-AR1-expanding-refit21-horizon5,1,0.01549705058,0.0002401585767,-0.03924130598,-0.03157283842,-0.0255316521,,,0.02336938372,0.0002729343726,True,
2019-03-19,2019-03-12,UKX,GJR-skewt-h5,GJR-skewt-AR1-expanding-refit21-horizon5,1,0.01511050189,0.0002283272675,-0.03824371233,-0.0307665222,-0.02487602344,,,0.02387642475,0.0002185318139,True,
2019-03-20,2019-03-13,UKX,GJR-skewt-h5,GJR-skewt-AR1-expanding-refit21-horizon5,1,0.0147376393,0.0002171980122,-0.03727338629,-0.02998070125,-0.02423555481,,,0.0182424407,0.0002334253234,True,
2019-03-21,2019-03-14,UKX,GJR-skewt-h5,GJR-skewt-AR1-expanding-refit21-horizon5,1,0.0144055402,0.0002075195885,-0.03644272954,-0.02931437843,-0.02369869357,,,0.02336993941,0.0002392188819,True,
2019-03-22,2019-03-15,UKX,GJR-skewt-h5,GJR-skewt-AR1-expanding-refit21-horizon5,1,0.01412877003,0.0001996221425,-0.03575199404,-0.02876059822,-0.02325280616,,,-0.00286781168,0.0002843450633,True,
2019-03-25,2019-03-18,UKX,GJR-skewt-h5,GJR-skewt-AR1-expanding-refit21-horizon5,1,0.01396467678,0.0001950121975,-0.03536245303,-0.02845225613,-0.02300843223,,,-0.01679970082,0.0003783289629,True,
2019-03-26,2019-03-19,UKX,GJR-skewt-h5,GJR-skewt-AR1-expanding-refit21-horizon5,1,0.01368044165,0.0001871544838,-0.03458170959,-0.02781216189,-0.02247914084,,,-0.01758964886,0.0004050825195,True,
2019-03-27,2019-03-20,UKX,GJR-skewt-h5,GJR-skewt-AR1-expanding-refit21-horizon5,1,0.01389310201,0.0001930182835,-0.03506224403,-0.02818746476,-0.02277154272,,,-0.01336553789,0.0004069195599,True,
2019-03-28,2019-03-21,UKX,GJR-skewt-h5,GJR-skewt-AR1-expanding-refit21-horizon5,1,0.01370389051,0.0001877966152,-0.034669755,-0.02789114938,-0.02254963276,,,-0.01658753874,0.0004065732419,True,
2019-03-29,2019-03-22,UKX,GJR-skewt-h5,GJR-skewt-AR1-expanding-refit21-horizon5,1,0.02110424432,0.0004453891282,-0.05341594304,-0.04297676528,-0.03475073109,,,0.009884954382,0.0003986345057,True,
2019-04-01,2019-03-25,UKX,GJR-skewt-h5,GJR-skewt-AR1-expanding-refit21-horizon5,1,0.02069885795,0.0004284427203,-0.05250197463,-0.04226332053,-0.03419529826,,,0.01928998123,0.0003160020231,True,
2019-04-02,2019-03-26,UKX,GJR-skewt-h5,GJR-skewt-AR1-expanding-refit21-horizon5,1,0.0200137688,0.0004005509417,-0.05079828881,-0.04089851286,-0.03309752536,,,0.02670960899,0.0002934630489,True,
2019-04-03,2019-03-27,UKX,GJR-skewt-h5,GJR-skewt-AR1-expanding-refit21-horizon5,1,0.01936097974,0.0003748475363,-0.04910223489,-0.03952535992,-0.03197881721,,,0.03067472119,0.0002668103509,True,
2019-04-04,2019-03-28,UKX,GJR-skewt-h5,GJR-skewt-AR1-expanding-refit21-horizon5,1,0.01877591409,0.0003525349499,-0.04764780317,-0.0383603299,-0.03104183469,,,0.02290313422,0.0002355340985,True,
2019-04-05,2019-03-29,UKX,GJR-skewt-h5,GJR-skewt-AR1-expanding-refit21-horizon5,1,0.01823337468,0.0003324559524,-0.04626179109,-0.037242684,-0.03013566036,,,0.0227768324,0.0001929124451,True,
2019-04-08,2019-04-01,UKX,GJR-skewt-h5,GJR-skewt-AR1-expanding-refit21-horizon5,1,0.0177089508,0.0003136069384,-0.04490991581,-0.03615021409,-0.02924760093,,,0.01821396005,0.0001721866258,True,
2019-04-09,2019-04-02,UKX,GJR-skewt-h5,GJR-skewt-AR1-expanding-refit21-horizon5,1,0.01730704985,0.0002995339746,-0.04391679707,-0.03535589495,-0.02860993516,,,0.004656915764,0.0001772850556,True,
2019-04-10,2019-04-03,UKX,GJR-skewt-h5,GJR-skewt-AR1-expanding-refit21-horizon5,1,0.01681905354,0.0002828805621,-0.0426163557,-0.0342968401,-0.02774109202,,,0.0004851817554,0.0001644043346,True,
2019-04-11,2019-04-04,UKX,GJR-skewt-h5,GJR-skewt-AR1-expanding-refit21-horizon5,1,0.01644466457,0.0002704269927,-0.04161075931,-0.03347643457,-0.02706661621,,,0.002172768297,0.0001701964391,True,
2019-04-12,2019-04-05,UKX,GJR-skewt-h5,GJR-skewt-AR1-expanding-refit21-horizon5,1,0.01603760464,0.0002572047625,-0.0406315312,-0.03269855794,-0.02644740382,,,-0.001316824162,0.0001660328594,True,
2019-04-15,2019-04-08,UKX,GJR-skewt-h5,GJR-skewt-AR1-expanding-refit21-horizon5,1,0.01560672492,0.0002435698627,-0.03948497173,-0.03176513238,-0.025681927,,,-0.002014938111,0.0001627468193,True,
2019-04-16,2019-04-09,UKX,GJR-skewt-h5,GJR-skewt-AR1-expanding-refit21-horizon5,1,0.01547814153,0.0002395728652,-0.03912260852,-0.03146637272,-0.0254332867,,,0.005948096353,0.0001403101786,True,
2019-04-17,2019-04-10,UKX,GJR-skewt-h5,GJR-skewt-AR1-expanding-refit21-horizon5,1,0.01508882704,0.0002276727013,-0.03814814519,-0.03068448312,-0.02480314451,,,0.006633911469,0.0001367020657,True,
2019-04-18,2019-04-11,UKX,GJR-skewt-h5,GJR-skewt-AR1-expanding-refit21-horizon5,1,0.0147235675,0.00021678344,-0.03721152102,-0.02992853395,-0.02418956658,,,0.005632517097,0.0001342734685,True,
2019-04-23,2019-04-12,UKX,GJR-skewt-h5,GJR-skewt-AR1-expanding-refit21-horizon5,1,0.0143813286,0.0002068226123,-0.03635821182,-0.02924451263,-0.02363894349,,,0.011497299,0.0001263211326,True,
2019-04-24,2019-04-15,UKX,GJR-skewt-h5,GJR-skewt-AR1-expanding-refit21-horizon5,1,0.01405161306,0.0001974478296,-0.03549271508,-0.02854210911,-0.02306505683,,,0.004681825705,0.0001335294691,True,
2019-04-25,2019-04-16,UKX,GJR-skewt-h5,GJR-skewt-AR1-expanding-refit21-horizon5,1,0.01377241584,0.000189679438,-0.03481158099,-0.02799907944,-0.02263085295,,,-0.004804062378,0.0001678206916,True,
2019-04-26,2019-04-17,UKX,GJR-skewt-h5,GJR-skewt-AR1-expanding-refit21-horizon5,1,0.01348144189,0.0001817492755,-0.03403263857,-0.02736406677,-0.02210925641,,,-0.005785392826,0.0001875107505,True,
2019-04-29,2019-04-18,UKX,GJR-skewt-h5,GJR-skewt-AR1-expanding-refit21-horizon5,1,0.01327412536,0.000176202404,-0.03348781037,-0.02692178734,-0.02174778503,,,-0.002577039514,0.0001853247212,True,
2019-04-30,2019-04-23,UKX,GJR-skewt-h5,GJR-skewt-AR1-expanding-refit21-horizon5,1,0.01313142781,0.0001724343964,-0.03323081623,-0.02670956606,-0.02157649173,,,-0.01404183365,0.0002010133372,True,
2019-05-01,2019-04-24,UKX,GJR-skewt-h5,GJR-skewt-AR1-expanding-refit21-horizon5,1,0.01400795185,0.0001962227149,-0.03535582858,-0.02839928436,-0.02292357683,,,-0.01164439624,0.0001944056231,True,
2019-05-02,2019-04-25,UKX,GJR-skewt-h5,GJR-skewt-AR1-expanding-refit21-horizon5,1,0.0143241111,0.0002051801589,-0.03618214007,-0.02906858676,-0.0234692926,,,-0.01120039487,0.0001815817424,True,
2019-05-03,2019-04-26,UKX,GJR-skewt-h5,GJR-skewt-AR1-expanding-refit21-horizon5,1,0.01401816153,0.0001965088527,-0.03543164379,-0.02847002929,-0.0229903308,,,-0.006428645128,0.0001637070065,True,
2019-05-07,2019-04-29,UKX,GJR-skewt-h5,GJR-skewt-AR1-expanding-refit21-horizon5,1,0.01371519883,0.0001881066789,-0.03467414302,-0.02786298403,-0.02250171364,,,-0.02451625966,0.0002173260968,True,
2019-05-08,2019-04-30,UKX,GJR-skewt-h5,GJR-skewt-AR1-expanding-refit21-horizon5,1,0.01365812249,0.0001865443099,-0.03448898423,-0.02770617014,-0.02236721089,,,-0.02004263277,0.0002395735513,True,
2019-05-09,2019-05-01,UKX,GJR-skewt-h5,GJR-skewt-AR1-expanding-refit21-horizon5,1,0.01386645144,0.0001922784755,-0.0350122139,-0.02812594075,-0.02270554573,,,-0.02438324924,0.000292095355,True,
2019-05-10,2019-05-02,UKX,GJR-skewt-h5,GJR-skewt-AR1-expanding-refit21-horizon5,1,0.01409289151,0.0001986095912,-0.03559216768,-0.02859344123,-0.02308453079,,,-0.02033791453,0.0003051970152,True,
2019-05-13,2019-05-03,UKX,GJR-skewt-h5,GJR-skewt-AR1-expanding-refit21-horizon5,1,0.01380498169,0.0001905775194,-0.03492347725,-0.02806773084,-0.02267136434,,,-0.0298283149,0.0003404119172,True,
2019-05-14,2019-05-07,UKX,GJR-skewt-h5,GJR-skewt-AR1-expanding-refit21-horizon5,1,0.01887181704,0.0003561454783,-0.04776447224,-0.03839246474,-0.0310154726,,,-0.002606507003,0.0003043464401,True,
2019-05-15,2019-05-08,UKX,GJR-skewt-h5,GJR-skewt-AR1-expanding-refit21-horizon5,1,0.01828174807,0.0003342223123,-0.04639597929,-0.03731700827,-0.03017067406,,,0.003569471111,0.0003762900526,True,
2019-05-16,2019-05-09,UKX,GJR-skewt-h5,GJR-skewt-AR1-expanding-refit21-horizon5,1,0.01909209759,0.0003645081904,-0.04839249966,-0.03891109776,-0.03144799797,,,0.02006812795,0.000371539969,True,
2019-05-17,2019-05-10,UKX,GJR-skewt-h5,GJR-skewt-AR1-expanding-refit21-horizon5,1,0.01849801338,0.0003421764991,-0.04693468228,-0.03774831089,-0.03051743858,,,0.01997060494,0.0003711271362,True,
2019-05-20,2019-05-13,UKX,GJR-skewt-h5,GJR-skewt-AR1-expanding-refit21-horizon5,1,0.01848250227,0.0003416028902,-0.04685431793,-0.03767564957,-0.03045084055,,,0.02033973729,0.0003859980599,True,
2019-05-21,2019-05-14,UKX,GJR-skewt-h5,GJR-skewt-AR1-expanding-refit21-horizon5,1,0.01805368223,0.0003259354422,-0.04588730971,-0.03692159936,-0.02986441607,,,0.01198323306,0.0003858454864,True,
2019-05-22,2019-05-15,UKX,GJR-skewt-h5,GJR-skewt-AR1-expanding-refit21-horizon5,1,0.01758086322,0.0003090867516,-0.04464723621,-0.03591633438,-0.02904397602,,,0.00508506133,0.000306729487,True,
2019-05-23,2019-05-16,UKX,GJR-skewt-h5,GJR-skewt-AR1-expanding-refit21-horizon5,1,0.01713782951,0.0002937052004,-0.04351058308,-0.03499969796,-0.02830052145,,,-0.01679905117,0.0003283074514,True,
2019-05-24,2019-05-17,UKX,GJR-skewt-h5,GJR-skewt-AR1-expanding-refit21-horizon5,1,0.01665274513,0.0002773139205,-0.04219649633,-0.03392651088,-0.02741695382,,,-0.009694927208,0.0003237161196,True,
2019-05-28,2019-05-20,UKX,GJR-skewt-h5,GJR-skewt-AR1-expanding-refit21-horizon5,1,0.0167228562,0.0002796539194,-0.04233977821,-0.03403497463,-0.02749801115,,,-0.005747641291,0.0003279608238,True,
2019-05-29,2019-05-21,UKX,GJR-skewt-h5,GJR-skewt-AR1-expanding-refit21-horizon5,1,0.01625920299,0.0002643616818,-0.04121178273,-0.03313723579,-0.02678151433,,,-0.01978817788,0.0003452314185,True,
2019-05-30,2019-05-22,UKX,GJR-skewt-h5,GJR-skewt-AR1-expanding-refit21-horizon5,1,0.0158158148,0.0002501399979,-0.04005922734,-0.03220487316,-0.02602247212,,,-0.01594272476,0.0003308932506,True,
2019-05-31,2019-05-23,UKX,GJR-skewt-h5,GJR-skewt-AR1-expanding-refit21-horizon5,1,0.01915910315,0.0003670712336,-0.04857944479,-0.03906155996,-0.03156995836,,,-0.009629929009,0.0003176368773,True,
2019-06-03,2019-05-24,UKX,GJR-skewt-h5,GJR-skewt-AR1-expanding-refit21-horizon5,1,0.01860024429,0.0003459690876,-0.04731397302,-0.03807371884,-0.0308006425,,,-0.01284724879,0.0003252486866,True,
2019-06-04,2019-05-28,UKX,GJR-skewt-h5,GJR-skewt-AR1-expanding-refit21-horizon5,1,0.01805325508,0.000325920019,-0.04584660611,-0.03687808595,-0.02981889359,,,-0.007553590112,0.000315761422,True,
2019-06-05,2019-05-29,UKX,GJR-skewt-h5,GJR-skewt-AR1-expanding-refit21-horizon5,1,0.01984276595,0.0003937353606,-0.05035625885,-0.04049874309,-0.03273981534,,,0.004845435185,0.000309717132,True,
2019-06-06,2019-05-30,UKX,GJR-skewt-h5,GJR-skewt-AR1-expanding-refit21-horizon5,1,0.01922303,0.0003695248822,-0.04889778137,-0.03934813887,-0.03183154057,,,0.00576039978,0.0003451572181,True,
2019-06-07,2019-05-31,UKX,GJR-skewt-h5,GJR-skewt-AR1-expanding-refit21-horizon5,1,0.01965992251,0.0003865125529,-0.04991738831,-0.04015070577,-0.03246327355,,,0.02348726749,0.000324566061,True,
2019-06-10,2019-06-03,UKX,GJR-skewt-h5,GJR-skewt-AR1-expanding-refit21-horizon5,1,0.01903884874,0.0003624777612,-0.04841374879,-0.0389556041,-0.03151102444,,,0.0261960403,0.0002910254013,True,
2019-06-11,2019-06-04,UKX,GJR-skewt-h5,GJR-skewt-AR1-expanding-refit21-horizon5,1,0.01845991828,0.000340768583,-0.04693439037,-0.03776384753,-0.03054564153,,,0.02521213657,0.0002517101992,True,
2019-06-12,2019-06-05,UKX,GJR-skewt-h5,GJR-skewt-AR1-expanding-refit21-horizon5,1,0.01789402272,0.0003201960492,-0.04545429821,-0.03656488172,-0.02956795247,,,0.0202093416,0.0002297380954,True,
2019-06-13,2019-06-06,UKX,GJR-skewt-h5,GJR-skewt-AR1-expanding-refit21-horizon5,1,0.0173957749,0.0003026129843,-0.04421328839,-0.03557139212,-0.02876928797,,,0.01486170102,0.0001962442575,True,
2019-06-14,2019-06-07,UKX,GJR-skewt-h5,GJR-skewt-AR1-expanding-refit21-horizon5,1,0.01701413522,0.0002894807973,-0.0432693964,-0.0348170916,-0.02816421638,,,0.001894017105,0.0001780091462,True,
2019-06-17,2019-06-10,UKX,GJR-skewt-h5,GJR-skewt-AR1-expanding-refit21-horizon5,1,0.01657535653,0.000274742444,-0.04211028691,-0.03387595918,-0.02739465541,,,-0.002470705433,0.0001854694809,True,
2019-06-18,2019-06-11,UKX,GJR-skewt-h5,GJR-skewt-AR1-expanding-refit21-horizon5,1,0.01612809562,0.0002601154682,-0.0409386464,-0.03292650954,-0.02662009394,,,0.005996716415,0.000213891315,True,
2019-06-19,2019-06-12,UKX,GJR-skewt-h5,GJR-skewt-AR1-expanding-refit21-horizon5,1,0.01605855204,0.0002578770935,-0.04070001876,-0.03272242984,-0.02644320721,,,0.0048608394,0.0002029372206,True,
2019-06-20,2019-06-13,UKX,GJR-skewt-h5,GJR-skewt-AR1-expanding-refit21-horizon5,1,0.01562866549,0.000244255185,-0.03963170952,-0.03186768022,-0.02575655203,,,0.007544117978,0.0002046785087,True,
2019-06-21,2019-06-14,UKX,GJR-skewt-h5,GJR-skewt-AR1-expanding-refit21-horizon5,1,0.01543707446,0.0002383032678,-0.03911312731,-0.03144427686,-0.02540806469,,,0.008364305682,0.0002315599048,True,
2019-06-24,2019-06-17,UKX,GJR-skewt-h5,GJR-skewt-AR1-expanding-refit21-horizon5,1,0.01504725459,0.0002264198706,-0.03815051815,-0.03067532293,-0.02479153831,,,0.008041249499,0.0002281115573,True,
2019-06-25,2019-06-18,UKX,GJR-skewt-h5,GJR-skewt-AR1-expanding-refit21-horizon5,1,0.01487550722,0.0002212807151,-0.03779192175,-0.03040204742,-0.02458541953,,,-0.002771551567,0.0002055839402,True,
2019-06-26,2019-06-19,UKX,GJR-skewt-h5,GJR-skewt-AR1-expanding-refit21-horizon5,1,0.01512691243,0.0002288234797,-0.03829841102,-0.03078364327,-0.0248687108,,,0.001740889659,0.0002167198142,True,
2019-06-27,2019-06-20,UKX,GJR-skewt-h5,GJR-skewt-AR1-expanding-refit21-horizon5,1,0.0147635497,0.0002179623997,-0.03743234495,-0.03009808902,-0.02432523882,,,-0.002981123759,0.0002383995781,True,
2019-06-28,2019-06-21,UKX,GJR-skewt-h5,GJR-skewt-AR1-expanding-refit21-horizon5,1,0.01453407393,0.0002112393051,-0.03680115316,-0.02958089652,-0.02389777604,,,0.002440502236,0.0001999503673,True,
2019-07-01,2019-06-24,UKX,GJR-skewt-h5,GJR-skewt-AR1-expanding-refit21-horizon5,1,0.01418051533,0.0002010870152,-0.03591718883,-0.02886744719,-0.02331941565,,,0.01083539103,0.0001961513489,True,
2019-07-02,2019-06-25,UKX,GJR-skewt-h5,GJR-skewt-AR1-expanding-refit21-horizon5,1,0.01386444216,0.0001922227564,-0.03510117129,-0.02820856316,-0.02278419313,,,0.01826294847,0.0001900328691,True,
2019-07-03,2019-06-26,UKX,GJR-skewt-h5,GJR-skewt-AR1-expanding-refit21-horizon5,1,0.01358693029,0.0001846046746,-0.03437449894,-0.02761985386,-0.02230405849,,,0.02567740676,0.0001758384373,True,
2019-07-04,2019-06-27,UKX,GJR-skewt-h5,GJR-skewt-AR1-expanding-refit21-horizon5,1,0.01340461914,0.0001796838142,-0.03389659908,-0.02723258868,-0.02198812132,,,0.02683109585,0.0001182632817,True,
2019-07-05,2019-06-28,UKX,GJR-skewt-h5,GJR-skewt-AR1-expanding-refit21-horizon5,1,0.01315327598,0.000173008669,-0.03329535506,-0.02675629811,-0.02161016707,,,0.01702458529,0.0001318742473,True,
2019-07-08,2019-07-01,UKX,GJR-skewt-h5,GJR-skewt-AR1-expanding-refit21-horizon5,1,0.01306129517,0.0001705974315,-0.0331161701,-0.02662284075,-0.0215126966,,,0.006885186259,0.0001242375844,True,
2019-07-09,2019-07-02,UKX,GJR-skewt-h5,GJR-skewt-AR1-expanding-refit21-horizon5,1,0.01293386054,0.0001672847485,-0.03277618336,-0.02634620723,-0.02128592101,,,-0.003007507015,0.0001305052413,True,
2019-07-10,2019-07-03,UKX,GJR-skewt-h5,GJR-skewt-AR1-expanding-refit21-horizon5,1,0.01277443322,0.0001631861442,-0.03235270567,-0.02600198768,-0.02100407634,,,-0.01038313291,0.0001564429968,True,
2019-07-11,2019-07-04,UKX,GJR-skewt-h5,GJR-skewt-AR1-expanding-refit21-horizon5,1,0.01256534921,0.0001578880007,-0.03175100673,-0.02550423336,-0.02058812474,,,-0.01241302394,0.0001760366101,True,
2019-07-12,2019-07-05,UKX,GJR-skewt-h5,GJR-skewt-AR1-expanding-refit21-horizon5,1,0.01348333419,0.0001818003008,-0.03405693931,-0.02735379629,-0.02207853219,,,-0.006255387278,0.000154816234,True,
2019-07-15,2019-07-08,UKX,GJR-skewt-h5,GJR-skewt-AR1-expanding-refit21-horizon5,1,0.01322190135,0.0001748186754,-0.03343957705,-0.02686640349,-0.02169342323,,,-0.002334012067,0.0001675253826,True,
2019-07-16,2019-07-09,UKX,GJR-skewt-h5,GJR-skewt-AR1-expanding-refit21-horizon5,1,0.01304658223,0.000170213308,-0.03297876359,-0.02649274868,-0.02138836086,,,0.005385880738,0.000164652539,True,
2019-07-17,2019-07-10,UKX,GJR-skewt-h5,GJR-skewt-AR1-expanding-refit21-horizon5,1,0.01282284742,0.0001644254161,-0.03241223135,-0.02603744459,-0.02102059151,,,0.0006371620049,0.000150396755,True,
2019-07-18,2019-07-11,UKX,GJR-skewt-h5,GJR-skewt-AR1-expanding-refit21-horizon5,1,0.01280352793,0.0001639303273,-0.03234494583,-0.02597976362,-0.02097046917,,,-0.002226198135,0.0001476924709,True,
2019-07-19,2019-07-12,UKX,GJR-skewt-h5,GJR-skewt-AR1-expanding-refit21-horizon5,1,0.01258666955,0.0001584242503,-0.03180790759,-0.02555053497,-0.0206260849,,,0.00035967352,0.00018115257,True,
2019-07-22,2019-07-15,UKX,GJR-skewt-h5,GJR-skewt-AR1-expanding-refit21-horizon5,1,0.01239425851,0.000153617644,-0.03134817716,-0.02518646031,-0.02033728978,,,-0.002233102477,0.0001900531736,True,
2019-07-23,2019-07-16,UKX,GJR-skewt-h5,GJR-skewt-AR1-expanding-refit21-horizon5,1,0.01226030614,0.0001503151066,-0.0310270057,-0.02493188232,-0.02013511975,,,-0.002682723787,0.0002106270555,True,
2019-07-24,2019-07-17,UKX,GJR-skewt-h5,GJR-skewt-AR1-expanding-refit21-horizon5,1,0.01286115077,0.000165409199,-0.03246887639,-0.0260750474,-0.0210432084,,,-0.004522186331,0.0002244437789,True,
2019-07-25,2019-07-18,UKX,GJR-skewt-h5,GJR-skewt-AR1-expanding-refit21-horizon5,1,0.01344877991,0.000180869681,-0.03397715968,-0.02729119507,-0.0220294501,,,-0.0005339669792,0.0002844154823,True,
2019-07-26,2019-07-19,UKX,GJR-skewt-h5,GJR-skewt-AR1-expanding-refit21-horizon5,1,0.01318524802,0.0001738507652,-0.03336813427,-0.02681318266,-0.02165454278,,,0.005365989608,0.0002595037727,True,
2019-07-29,2019-07-22,UKX,GJR-skewt-h5,GJR-skewt-AR1-expanding-refit21-horizon5,1,0.01293365389,0.0001672794029,-0.0327108681,-0.02628099471,-0.02122078934,,,0.0225908625,0.0002660031245,True,
2019-07-30,2019-07-23,UKX,GJR-skewt-h5,GJR-skewt-AR1-expanding-refit21-horizon5,1,0.01272393179,0.0001618984402,-0.03217696439,-0.02585626505,-0.02088135776,,,0.01182619395,0.0002606643676,True,
2019-07-31,2019-07-24,UKX,GJR-skewt-h5,GJR-skewt-AR1-expanding-refit21-horizon5,1,0.01382890042,0.0001912384867,-0.03491240571,-0.02804280571,-0.02263586872,,,0.01130686888,0.0002463009788,True,
2019-08-01,2019-07-25,UKX,GJR-skewt-h5,GJR-skewt-AR1-expanding-refit21-horizon5,1,0.01360954484,0.0001852197108,-0.03439404215,-0.02763340852,-0.02231223698,,,0.0127107727,0.0002353678931,True,
2019-08-02,2019-07-26,UKX,GJR-skewt-h5,GJR-skewt-AR1-expanding-refit21-horizon5,1,0.01343142673,0.0001804032241,-0.03401247377,-0.02734032152,-0.02208879205,,,-0.01898935092,0.0003176679911,True,
2019-08-05,2019-07-29,UKX,GJR-skewt-h5,GJR-skewt-AR1-expanding-refit21-horizon5,1,0.01370782821,0.0001879045542,-0.03480137444,-0.02799191788,-0.0226323187,,,-0.06208360615,0.0003915646943,True,
2019-08-06,2019-07-30,UKX,GJR-skewt-h5,GJR-skewt-AR1-expanding-refit21-horizon5,1,0.01403400299,0.00019695324,-0.03545607386,-0.02848458777,-0.02299745809,,,-0.06414448145,0.0004490446542,True,
2019-08-07,2019-07-31,UKX,GJR-skewt-h5,GJR-skewt-AR1-expanding-refit21-horizon5,1,0.01514215575,0.0002292848809,-0.03828027095,-0.03075830246,-0.02483789812,,,-0.05250938817,0.0005220984346,True,
2019-08-08,2019-08-01,UKX,GJR-skewt-h5,GJR-skewt-AR1-expanding-refit21-horizon5,1,0.01476743558,0.0002180771537,-0.03737811536,-0.03004229166,-0.02426839848,,,-0.04021845578,0.0005241958612,True,
2019-08-09,2019-08-02,UKX,GJR-skewt-h5,GJR-skewt-AR1-expanding-refit21-horizon5,1,0.02384402636,0.0005685375929,-0.06049882194,-0.04865414026,-0.03933140712,,,-0.02089977116,0.0004864310978,True,
2019-08-12,2019-08-05,UKX,GJR-skewt-h5,GJR-skewt-AR1-expanding-refit21-horizon5,1,0.03060613287,0.000936735369,-0.07785097807,-0.06264717416,-0.05068053712,,,0.000387567719,0.0004447250886,True,
2019-08-13,2019-08-06,UKX,GJR-skewt-h5,GJR-skewt-AR1-expanding-refit21-horizon5,1,0.03003847568,0.0009023100213,-0.07653337989,-0.06161156353,-0.04986687376,,,0.01098283286,0.0005026384227,True,
2019-08-14,2019-08-07,UKX,GJR-skewt-h5,GJR-skewt-AR1-expanding-refit21-horizon5,1,0.02889735078,0.0008350568821,-0.07368999053,-0.05933503569,-0.0480365123,,,-0.007081887693,0.000496893494,True,
2019-08-15,2019-08-08,UKX,GJR-skewt-h5,GJR-skewt-AR1-expanding-refit21-horizon5,1,0.02791704551,0.0007793614301,-0.07123807654,-0.057370095,-0.0464548594,,,-0.03050489838,0.0007009022847,True,
2019-08-16,2019-08-09,UKX,GJR-skewt-h5,GJR-skewt-AR1-expanding-refit21-horizon5,1,0.027096666,0.0007342293081,-0.06900232938,-0.05554187691,-0.04494740003,,,-0.01902482471,0.0007032544339,True,
2019-08-19,2019-08-12,UKX,GJR-skewt-h5,GJR-skewt-AR1-expanding-refit21-horizon5,1,0.02627105625,0.0006901683964,-0.06688754455,-0.05383721932,-0.04356554612,,,-0.005133054055,0.0006727834326,True,
2019-08-20,2019-08-13,UKX,GJR-skewt-h5,GJR-skewt-AR1-expanding-refit21-horizon5,1,0.02531029121,0.0006406108409,-0.0644764984,-0.05190343972,-0.04200741432,,,-0.01751585942,0.000603377077,True,
2019-08-21,2019-08-14,UKX,GJR-skewt-h5,GJR-skewt-AR1-expanding-refit21-horizon5,1,0.02694989651,0.0007262969221,-0.06854757467,-0.05516003094,-0.0446229392,,,0.007817833758,0.00054753225,True,
2019-08-22,2019-08-15,UKX,GJR-skewt-h5,GJR-skewt-AR1-expanding-refit21-horizon5,1,0.02754629799,0.000758798533,-0.07010191217,-0.05641810197,-0.04564782428,,,0.008622713788,0.0003574430221,True,
2019-08-23,2019-08-16,UKX,GJR-skewt-h5,GJR-skewt-AR1-expanding-refit21-horizon5,1,0.0265548497,0.0007051600426,-0.06770143858,-0.05451013703,-0.04412750393,,,-0.003124106432,0.0004481815249,True,
2019-08-27,2019-08-19,UKX,GJR-skewt-h5,GJR-skewt-AR1-expanding-refit21-horizon5,1,0.02566110714,0.0006584924194,-0.0654306822,-0.05268335333,-0.04265016304,,,-0.01402053808,0.0004553446948,True,
2019-08-28,2019-08-20,UKX,GJR-skewt-h5,GJR-skewt-AR1-expanding-refit21-horizon5,1,0.02575599271,0.0006633711607,-0.06552350226,-0.05272903833,-0.0426587489,,,-0.001446632533,0.0004810595388,True,
2019-08-29,2019-08-21,UKX,GJR-skewt-h5,GJR-skewt-AR1-expanding-refit21-horizon5,1,0.02493225747,0.0006216174628,-0.06362777382,-0.05120895021,-0.04144460548,,,-0.002738364862,0.0005180016368,True,
2019-08-30,2019-08-22,UKX,GJR-skewt-h5,GJR-skewt-AR1-expanding-refit21-horizon5,1,0.02547684565,0.0006490696645,-0.06488090648,-0.05219082205,-0.04221319753,,,0.01102177792,0.0004842838028,True,
2019-09-02,2019-08-23,UKX,GJR-skewt-h5,GJR-skewt-AR1-expanding-refit21-horizon5,1,0.02484243363,0.0006171465087,-0.06329086982,-0.0509167877,-0.04118762113,,,0.0260014931,0.0003664153054,True,
2019-09-03,2019-08-27,UKX,GJR-skewt-h5,GJR-skewt-AR1-expanding-refit21-horizon5,1,0.0239462732,0.0005734240002,-0.06101478786,-0.04908708563,-0.03970888685,,,0.02487975958,0.0004145237832,True,
2019-09-04,2019-08-28,UKX,GJR-skewt-h5,GJR-skewt-AR1-expanding-refit21-horizon5,1,0.02309655144,0.0005334506882,-0.05886064685,-0.04735619329,-0.0383107753,,,0.02725797624,0.0003500880862,True,
2019-09-05,2019-08-29,UKX,GJR-skewt-h5,GJR-skewt-AR1-expanding-refit21-horizon5,1,0.02237546423,0.0005006613996,-0.05704988798,-0.04590460987,-0.03714159486,,,0.01202330419,0.0003323573244,True,
2019-09-06,2019-08-30,UKX,GJR-skewt-h5,GJR-skewt-AR1-expanding-refit21-horizon5,1,0.02160527186,0.0004667877721,-0.05502673433,-0.04426509108,-0.03580371037,,,0.01036616619,0.0003162916558,True,
2019-09-09,2019-09-02,UKX,GJR-skewt-h5,GJR-skewt-AR1-expanding-refit21-horizon5,1,0.02098083237,0.0004401953271,-0.05347056597,-0.04301995768,-0.03480312934,,,-0.006350903089,0.0003327524993,True,
2019-09-10,2019-09-03,UKX,GJR-skewt-h5,GJR-skewt-AR1-expanding-refit21-horizon5,1,0.02033102794,0.0004133506972,-0.05171857765,-0.04159163867,-0.03362929648,,,-2.7544338e-05,0.000300771922,True,
2019-09-11,2019-09-04,UKX,GJR-skewt-h5,GJR-skewt-AR1-expanding-refit21-horizon5,1,0.01969772211,0.0003880002563,-0.05014413698,-0.04033264932,-0.03261833187,,,0.003645256076,0.0002891248536,True,
2019-09-12,2019-09-05,UKX,GJR-skewt-h5,GJR-skewt-AR1-expanding-refit21-horizon5,1,0.01957200097,0.0003830632219,-0.04974396166,-0.03999509603,-0.03233001538,,,0.01005762459,0.0003213186823,True,
2019-09-13,2019-09-06,UKX,GJR-skewt-h5,GJR-skewt-AR1-expanding-refit21-horizon5,1,0.01894242264,0.0003588153755,-0.04817388893,-0.03873861795,-0.0313201022,,,0.01163171603,0.0003270599061,True,
2019-09-16,2019-09-09,UKX,GJR-skewt-h5,GJR-skewt-AR1-expanding-refit21-horizon5,1,0.01906810033,0.00036359245,-0.04844316651,-0.03894529513,-0.03147755961,,,0.01176065251,0.0003150604913,True,
2019-09-17,2019-09-10,UKX,GJR-skewt-h5,GJR-skewt-AR1-expanding-refit21-horizon5,1,0.01848694806,0.0003417672485,-0.04702334967,-0.03781495178,-0.03057481582,,,0.007183807367,0.0003020223164,True,
2019-09-18,2019-09-11,UKX,GJR-skewt-h5,GJR-skewt-AR1-expanding-refit21-horizon5,1,0.01803175795,0.0003251442946,-0.04588861926,-0.03690695277,-0.02984508519,,,-0.003262320492,0.0003057216658,True,
2019-09-19,2019-09-12,UKX,GJR-skewt-h5,GJR-skewt-AR1-expanding-refit21-horizon5,1,0.01748617459,0.0003057663018,-0.04442821784,-0.03571830787,-0.02887010983,,,0.00159167809,0.0002626842616,True,
2019-09-20,2019-09-13,UKX,GJR-skewt-h5,GJR-skewt-AR1-expanding-refit21-horizon5,1,0.01698290369,0.0002884190178,-0.04314995277,-0.03469072337,-0.02803962383,,,-0.003072254144,0.0002804068071,True,
2019-09-23,2019-09-16,UKX,GJR-skewt-h5,GJR-skewt-AR1-expanding-refit21-horizon5,1,0.01726353662,0.0002980296966,-0.04380758466,-0.03520857126,-0.02844756604,,,0.0006417745224,0.0002975366492,True,
2019-09-24,2019-09-17,UKX,GJR-skewt-h5,GJR-skewt-AR1-expanding-refit21-horizon5,1,0.01676220454,0.000280971501,-0.04256103196,-0.03421173339,-0.02764706737,,,-0.003969399864,0.0002844058388,True,
2019-09-25,2019-09-18,UKX,GJR-skewt-h5,GJR-skewt-AR1-expanding-refit21-horizon5,1,0.01630667613,0.0002659076865,-0.04138574821,-0.03326334955,-0.0268770844,,,-0.003300459421,0.0002980744355,True,
2019-09-26,2019-09-19,UKX,GJR-skewt-h5,GJR-skewt-AR1-expanding-refit21-horizon5,1,0.01590650601,0.0002530169336,-0.04040240526,-0.03247933241,-0.02624978788,,,-0.0007206940982,0.0003049889717,True,
2019-09-27,2019-09-20,UKX,GJR-skewt-h5,GJR-skewt-AR1-expanding-refit21-horizon5,1,0.01547575329,0.0002394989399,-0.03924487759,-0.03153056577,-0.02546677574,,,0.01100813257,0.0002753517555,True,
2019-09-30,2019-09-23,UKX,GJR-skewt-h5,GJR-skewt-AR1-expanding-refit21-horizon5,1,0.01522666148,0.0002318512199,-0.03859793502,-0.03100778981,-0.02504160022,,,0.01114419349,0.0002383845751,True,
2019-10-01,2019-09-24,UKX,GJR-skewt-h5,GJR-skewt-AR1-expanding-refit21-horizon5,1,0.01534702553,0.0002355311925,-0.03889232507,-0.03124218112,-0.02522882986,,,0.009405108251,0.00028188828,True,
2019-10-02,2019-09-25,UKX,GJR-skewt-h5,GJR-skewt-AR1-expanding-refit21-horizon5,1,0.01495564411,0.0002236712907,-0.03791766196,-0.03046261276,-0.02460261461,,,-0.02324475863,0.0003179833524,True,
2019-10-03,2019-09-26,UKX,GJR-skewt-h5,GJR-skewt-AR1-expanding-refit21-horizon5,1,0.01470030882,0.0002160990794,-0.03731981887,-0.02999204852,-0.02423209717,,,-0.03791509419,0.0004608397224,True,
2019-10-04,2019-09-27,UKX,GJR-skewt-h5,GJR-skewt-AR1-expanding-refit21-horizon5,1,0.01452139848,0.0002108710139,-0.03687246802,-0.02963388041,-0.02394403063,,,-0.03714701134,0.0005456606474,True,
2019-10-07,2019-09-30,UKX,GJR-skewt-h5,GJR-skewt-AR1-expanding-refit21-horizon5,1,0.01431676121,0.0002049696514,-0.03626057788,-0.02912399731,-0.02351432957,,,-0.02879821795,0.0005830757767,True,
2019-10-08,2019-10-01,UKX,GJR-skewt-h5,GJR-skewt-AR1-expanding-refit21-horizon5,1,0.01496099968,0.0002238315114,-0.03788842595,-0.03043070712,-0.02456861052,,,-0.02993978377,0.0005868966342,True,
2019-10-09,2019-10-02,UKX,GJR-skewt-h5,GJR-skewt-AR1-expanding-refit21-horizon5,1,0.03024885473,0.0009149932126,-0.0769955466,-0.06191717895,-0.05006491558,,,0.006158602994,0.0005906560008,True,
2019-10-10,2019-10-03,UKX,GJR-skewt-h5,GJR-skewt-AR1-expanding-refit21-horizon5,1,0.02954866267,0.0008731234658,-0.07537731329,-0.0606479755,-0.04907006501,,,0.01525545626,0.0004936859505,True,
2019-10-11,2019-10-04,UKX,GJR-skewt-h5,GJR-skewt-AR1-expanding-refit21-horizon5,1,0.02849589483,0.0008120160223,-0.07278975654,-0.05858519963,-0.04741979011,,,0.01273409966,0.0005233412056,True,
2019-10-14,2019-10-07,UKX,GJR-skewt-h5,GJR-skewt-AR1-expanding-refit21-horizon5,1,0.02742557467,0.0007521621458,-0.07000499333,-0.05633396673,-0.04558793562,,,0.002164967207,0.0005208904497,True,
2019-10-15,2019-10-08,UKX,GJR-skewt-h5,GJR-skewt-AR1-expanding-refit21-horizon5,1,0.02709086729,0.0007339150903,-0.06905229277,-0.0555481102,-0.04493322587,,,0.009529971756,0.0005175707344,True,
2019-10-16,2019-10-09,UKX,GJR-skewt-h5,GJR-skewt-AR1-expanding-refit21-horizon5,1,0.02606820238,0.0006795511754,-0.06649857352,-0.0535041662,-0.04328998775,,,0.0002092852924,0.0005285632022,True,
2019-10-17,2019-10-10,UKX,GJR-skewt-h5,GJR-skewt-AR1-expanding-refit21-horizon5,1,0.02509484551,0.0006297512713,-0.06399391137,-0.05148470037,-0.04165190766,,,-0.0005706984196,0.0005210427133,True,
2019-10-18,2019-10-11,UKX,GJR-skewt-h5,GJR-skewt-AR1-expanding-refit21-horizon5,1,0.02423402826,0.0005872881257,-0.06182027266,-0.04974015952,-0.04024465669,,,-0.01340511939,0.0004336924862,True,
2019-10-21,2019-10-14,UKX,GJR-skewt-h5,GJR-skewt-AR1-expanding-refit21-horizon5,1,0.02364913576,0.0005592816223,-0.06022800185,-0.04843944434,-0.03917311713,,,-0.006941608813,0.0004238962659,True,
2019-10-22,2019-10-15,UKX,GJR-skewt-h5,GJR-skewt-AR1-expanding-refit21-horizon5,1,0.02279435563,0.0005195826486,-0.05806130889,-0.04669883989,-0.03776743707,,,0.000124777559,0.000391309897,True,
2019-10-23,2019-10-16,UKX,GJR-skewt-h5,GJR-skewt-AR1-expanding-refit21-horizon5,1,0.0225333658,0.0005077525742,-0.05735098617,-0.04611861468,-0.03728947425,,,0.01284959411,0.0003294510601,True,
2019-10-24,2019-10-17,UKX,GJR-skewt-h5,GJR-skewt-AR1-expanding-refit21-horizon5,1,0.02173832803,0.0004725549054,-0.05536291326,-0.04452685005,-0.03600922545,,,0.02012389991,0.0002951663242,True,
2019-10-25,2019-10-18,UKX,GJR-skewt-h5,GJR-skewt-AR1-expanding-refit21-horizon5,1,0.02129223327,0.0004533591976,-0.0541726981,-0.04355900301,-0.03521616957,,,0.02402861021,0.000258650387,True,
2019-10-28,2019-10-21,UKX,GJR-skewt-h5,GJR-skewt-AR1-expanding-refit21-horizon5,1,0.02059059312,0.000423972525,-0.05252632285,-0.04219105344,-0.03408684455,,,0.02314016533,0.0002401831845,True,
2019-10-29,2019-10-22,UKX,GJR-skewt-h5,GJR-skewt-AR1-expanding-refit21-horizon5,1,0.01995931112,0.0003983741004,-0.05093164654,-0.04091324364,-0.03305749973,,,0.01292133115,0.0002241798638,True,
2019-10-30,2019-10-23,UKX,GJR-skewt-h5,GJR-skewt-AR1-expanding-refit21-horizon5,1,0.01936181846,0.000374880014,-0.0493923437,-0.03967384706,-0.03205326905,,,0.009608354083,0.0002045359464,True,
2019-10-31,2019-10-24,UKX,GJR-skewt-h5,GJR-skewt-AR1-expanding-refit21-horizon5,1,0.0188508204,0.0003553534297,-0.04809269873,-0.03863069313,-0.03121123778,,,-0.01096279746,0.0002435718333,True,
2019-11-01,2019-10-25,UKX,GJR-skewt-h5,GJR-skewt-AR1-expanding-refit21-horizon5,1,0.01826556338,0.0003336308056,-0.04652543336,-0.03735719244,-0.03016808719,,,-0.003021845366,0.0002602758076,True,
2019-11-04,2019-10-28,UKX,GJR-skewt-h5,GJR-skewt-AR1-expanding-refit21-horizon5,1,0.01770834717,0.0003135855595,-0.04509963239,-0.0362110813,-0.02924128963,,,0.005224199348,0.0002534859842,True,
2019-11-05,2019-10-29,UKX,GJR-skewt-h5,GJR-skewt-AR1-expanding-refit21-horizon5,1,0.01740858035,0.0003030586697,-0.04430100634,-0.03556292061,-0.02871111353,,,0.01113364799,0.0002462405901,True,
2019-11-06,2019-10-30,UKX,GJR-skewt-h5,GJR-skewt-AR1-expanding-refit21-horizon5,1,0.01691380263,0.0002860767195,-0.04306875891,-0.03457902256,-0.02792195402,,,0.008949357299,0.0002426974756,True,
2019-11-07,2019-10-31,UKX,GJR-skewt-h5,GJR-skewt-AR1-expanding-refit21-horizon5,1,0.01877612968,0.0003525430458,-0.04777353349,-0.03834901825,-0.03095896026,,,0.02156373673,0.0001704065753,True,
2019-11-08,2019-11-01,UKX,GJR-skewt-h5,GJR-skewt-AR1-expanding-refit21-horizon5,1,0.01825853132,0.0003333739658,-0.04655629486,-0.03739158362,-0.03020524611,,,0.007775346537,0.0001581037726,True,
2019-11-11,2019-11-04,UKX,GJR-skewt-h5,GJR-skewt-AR1-expanding-refit21-horizon5,1,0.01781282754,0.0003172968248,-0.04541949763,-0.03647850353,-0.02946758964,,,-0.005606169784,0.0001835102597,True,
2019-11-12,2019-11-05,UKX,GJR-skewt-h5,GJR-skewt-AR1-expanding-refit21-horizon5,1,0.01728855821,0.0002988942451,-0.0440284136,-0.03535057193,-0.02854600412,,,-0.003077264909,0.0001679636883,True,
2019-11-13,2019-11-06,UKX,GJR-skewt-h5,GJR-skewt-AR1-expanding-refit21-horizon5,1,0.0167876135,0.0002818239672,-0.04273037756,-0.03430398074,-0.02769657872,,,-0.006170389434,0.000186446949,True,
2019-11-14,2019-11-07,UKX,GJR-skewt-h5,GJR-skewt-AR1-expanding-refit21-horizon5,1,0.01631623533,0.0002662195355,-0.04151757948,-0.03332778684,-0.02690591357,,,-0.01545694473,0.0001986113248,True,
2019-11-15,2019-11-08,UKX,GJR-skewt-h5,GJR-skewt-AR1-expanding-refit21-horizon5,1,0.01668615106,0.0002784276372,-0.0424227017,-0.03404723308,-0.02747976545,,,-0.007706878241,0.0002421764637,True,
2019-11-18,2019-11-11,UKX,GJR-skewt-h5,GJR-skewt-AR1-expanding-refit21-horizon5,1,0.01658540502,0.0002750756596,-0.04217661123,-0.03385171121,-0.027323896,,,-0.002842243032,0.0002282942693,True,
2019-11-19,2019-11-12,UKX,GJR-skewt-h5,GJR-skewt-AR1-expanding-refit21-horizon5,1,0.01615922354,0.0002611205055,-0.04113619515,-0.03302521321,-0.02666513789,,,-0.005664053734,0.0002733952927,True,
2019-11-20,2019-11-13,UKX,GJR-skewt-h5,GJR-skewt-AR1-expanding-refit21-horizon5,1,0.01580346658,0.0002497495561,-0.04017732068,-0.03224490786,-0.02602485419,,,-0.01213946955,0.0002749740284,True,
2019-11-21,2019-11-14,UKX,GJR-skewt-h5,GJR-skewt-AR1-expanding-refit21-horizon5,1,0.01668694369,0.0002784540897,-0.0424148147,-0.03403894822,-0.02747116862,,,-0.00745970226,0.0002912902788,True,
2019-11-22,2019-11-15,UKX,GJR-skewt-h5,GJR-skewt-AR1-expanding-refit21-horizon5,1,0.01622152862,0.0002631379907,-0.0412741816,-0.03313192618,-0.02674732834,,,0.003267315769,0.0002674072466,True,
2019-11-25,2019-11-18,UKX,GJR-skewt-h5,GJR-skewt-AR1-expanding-refit21-horizon5,1,0.01578182092,0.0002490658714,-0.04013753913,-0.03221599117,-0.02600445697,,,0.01205123535,0.0002521553582,True,
2019-11-26,2019-11-19,UKX,GJR-skewt-h5,GJR-skewt-AR1-expanding-refit21-horizon5,1,0.01533205751,0.0002350719874,-0.03899764535,-0.03129508412,-0.02525621147,,,0.01076955232,0.0002208312401,True,
2019-11-27,2019-11-20,UKX,GJR-skewt-h5,GJR-skewt-AR1-expanding-refit21-horizon5,1,0.01641495156,0.0002694506349,-0.04172302895,-0.03347644043,-0.02701104581,,,0.02277479205,0.0002000040801,True,
2019-11-28,2019-11-21,UKX,GJR-skewt-h5,GJR-skewt-AR1-expanding-refit21-horizon5,1,0.01619504483,0.0002622794772,-0.04118740448,-0.03305129331,-0.02667251386,,,0.02426591996,0.0001573156323,True,
2019-11-29,2019-11-22,UKX,GJR-skewt-h5,GJR-skewt-AR1-expanding-refit21-horizon5,1,0.0159800729,0.0002553627297,-0.04072662025,-0.03269850727,-0.02640439931,,,0.002685177445,0.0001433647233,True,
2019-12-02,2019-11-25,UKX,GJR-skewt-h5,GJR-skewt-AR1-expanding-refit21-horizon5,1,0.01569248955,0.0002462542282,-0.03996974245,-0.03208610638,-0.02590526953,,,-0.01503888871,0.0001814250651,True,
2019-12-03,2019-11-26,UKX,GJR-skewt-h5,GJR-skewt-AR1-expanding-refit21-horizon5,1,0.01528040311,0.0002334907193,-0.03885685941,-0.03118024846,-0.02516172104,,,-0.03355650272,0.0002927427757,True,
2019-12-04,2019-11-27,UKX,GJR-skewt-h5,GJR-skewt-AR1-expanding-refit21-horizon5,1,0.01491324282,0.0002224048113,-0.03792728594,-0.03043512999,-0.02456121684,,,-0.03301638734,0.0003376192593,True,
2019-12-05,2019-11-28,UKX,GJR-skewt-h5,GJR-skewt-AR1-expanding-refit21-horizon5,1,0.01462629169,0.0002139284085,-0.03715553523,-0.02980753858,-0.02404664753,,,-0.03827514932,0.0004068186684,True,
2019-12-06,2019-11-29,UKX,GJR-skewt-h5,GJR-skewt-AR1-expanding-refit21-horizon5,1,0.01620903321,0.0002627327578,-0.04118619277,-0.03304305408,-0.02665876499,,,-0.01464421332,0.0004084977865,True,
2019-12-09,2019-12-02,UKX,GJR-skewt-h5,GJR-skewt-AR1-expanding-refit21-horizon5,1,0.01715166172,0.0002941794999,-0.04362141691,-0.03500471791,-0.02824915357,,,-0.007162663811,0.0003725751523,True,
2019-12-10,2019-12-03,UKX,GJR-skewt-h5,GJR-skewt-AR1-expanding-refit21-horizon5,1,0.02188892463,0.0004791250215,-0.05576767251,-0.04477105434,-0.03614961339,,,0.007653489278,0.0003244407235,True,
2019-12-11,2019-12-04,UKX,GJR-skewt-h5,GJR-skewt-AR1-expanding-refit21-horizon5,1,0.02114486715,0.0004471054069,-0.05398224308,-0.04335942656,-0.03503104923,,,0.003859802277,0.0003084085697,True,
2019-12-12,2019-12-05,UKX,GJR-skewt-h5,GJR-skewt-AR1-expanding-refit21-horizon5,1,0.02120667516,0.0004497230712,-0.054073858,-0.0434199902,-0.03506726841,,,0.01881900452,0.0003381170432,True,
2019-12-13,2019-12-06,UKX,GJR-skewt-h5,GJR-skewt-AR1-expanding-refit21-horizon5,1,0.02072131145,0.000429372748,-0.05295168465,-0.0425416552,-0.03438010474,,,0.01558298196,0.0005084299231,True,
2019-12-16,2019-12-09,UKX,GJR-skewt-h5,GJR-skewt-AR1-expanding-refit21-horizon5,1,0.02003180894,0.0004012733695,-0.05108536507,-0.04102172979,-0.03313175526,,,0.03866816671,0.0005835994827,True,
2019-12-17,2019-12-10,UKX,GJR-skewt-h5,GJR-skewt-AR1-expanding-refit21-horizon5,1,0.01950660391,0.0003805075959,-0.04972056737,-0.03992078604,-0.03223767522,,,0.04227481984,0.0005426358521,True,
2019-12-18,2019-12-11,UKX,GJR-skewt-h5,GJR-skewt-AR1-expanding-refit21-horizon5,1,0.0188727001,0.000356178809,-0.04810660601,-0.03862528702,-0.03119185335,,,0.04398592217,0.0005170004453,True,
2019-12-19,2019-12-12,UKX,GJR-skewt-h5,GJR-skewt-AR1-expanding-refit21-horizon5,1,0.01835774062,0.0003370066407,-0.04682569098,-0.03760307875,-0.03037247335,,,0.04045729103,0.0004641293381,True,
2019-12-20,2019-12-13,UKX,GJR-skewt-h5,GJR-skewt-AR1-expanding-refit21-horizon5,1,0.01795498422,0.0003223814585,-0.04580653187,-0.03678625751,-0.02971428669,,,0.03068018261,0.0003192118789,True,
2019-12-23,2019-12-16,UKX,GJR-skewt-h5,GJR-skewt-AR1-expanding-refit21-horizon5,1,0.01811210405,0.0003280483131,-0.04627977261,-0.03718056395,-0.03004670799,,,0.01380224895,0.0002417450247,True,
2019-12-24,2019-12-17,UKX,GJR-skewt-h5,GJR-skewt-AR1-expanding-refit21-horizon5,1,0.01755730874,0.0003082590901,-0.04472124352,-0.03590075446,-0.028985417,,,0.01410551377,,True,
2019-12-27,2019-12-18,UKX,GJR-skewt-h5,GJR-skewt-AR1-expanding-refit21-horizon5,1,0.01702291074,0.0002897794901,-0.04331844511,-0.03477289389,-0.02807309459,,,0.0137104947,,True,
2019-12-30,2019-12-19,UKX,GJR-skewt-h5,GJR-skewt-AR1-expanding-refit21-horizon5,1,0.0165593625,0.0002742124865,-0.04213660007,-0.03382375142,-0.02730639332,,,0.001754552369,,True,
2019-12-31,2019-12-20,UKX,GJR-skewt-h5,GJR-skewt-AR1-expanding-refit21-horizon5,1,0.01609824751,0.0002591535729,-0.04093324587,-0.03285187831,-0.02651600373,,,-0.005302539814,,True,
2020-01-02,2019-12-23,UKX,GJR-skewt-h5,GJR-skewt-AR1-expanding-refit21-horizon5,1,0.01570626942,0.0002466868989,-0.03994545567,-0.03206086226,-0.02587926063,,,-0.002534860809,,True,
2020-01-03,2019-12-24,UKX,GJR-skewt-h5,GJR-skewt-AR1-expanding-refit21-horizon5,1,0.01529652421,0.0002339836529,-0.03886903307,-0.03119013296,-0.02516979697,,,-0.001284896921,0.0002351320765,True,
2020-01-06,2019-12-27,UKX,GJR-skewt-h5,GJR-skewt-AR1-expanding-refit21-horizon5,1,0.01491418748,0.0002224329881,-0.03788736129,-0.03040039535,-0.0245305377,,,-0.009145817202,0.000273476365,True,
2020-01-07,2019-12-30,UKX,GJR-skewt-h5,GJR-skewt-AR1-expanding-refit21-horizon5,1,0.0157983785,0.0002495887632,-0.04011730477,-0.03218647233,-0.02596861883,,,-0.001741336236,0.0002591573848,True,
2020-01-08,2019-12-31,UKX,GJR-skewt-h5,GJR-skewt-AR1-expanding-refit21-horizon5,1,0.01612587819,0.0002600439473,-0.04096892494,-0.0328736867,-0.02652693737,,,0.004299716285,0.0002608211335,True,
2020-01-09,2020-01-02,UKX,GJR-skewt-h5,GJR-skewt-AR1-expanding-refit21-horizon5,1,0.0157879121,0.0002492581684,-0.04016955845,-0.03224398018,-0.02603024599,,,-0.0008156221894,0.0002466367802,True,
2020-01-10,2020-01-03,UKX,GJR-skewt-h5,GJR-skewt-AR1-expanding-refit21-horizon5,1,0.01537984658,0.0002365396807,-0.03908983454,-0.03136910635,-0.02531597673,,,-0.004536407515,0.0002136017163,True,
2020-01-13,2020-01-06,UKX,GJR-skewt-h5,GJR-skewt-AR1-expanding-refit21-horizon5,1,0.01581144689,0.0002500018528,-0.04015793945,-0.03222054664,-0.02599754973,,,0.005568443493,0.0001844627296,True,
2020-01-14,2020-01-07,UKX,GJR-skewt-h5,GJR-skewt-AR1-expanding-refit21-horizon5,1,0.01539568989,0.0002370272673,-0.03911775057,-0.03138906899,-0.02532970382,,,0.006383154491,0.0002073380002,True,
2020-01-15,2020-01-08,UKX,GJR-skewt-h5,GJR-skewt-AR1-expanding-refit21-horizon5,1,0.01500326976,0.0002250981035,-0.03810902136,-0.03057733584,-0.0246724176,,,0.008923865618,0.0001800444602,True,
2020-01-16,2020-01-09,UKX,GJR-skewt-h5,GJR-skewt-AR1-expanding-refit21-horizon5,1,0.0146496127,0.0002146111522,-0.03721320136,-0.02985905273,-0.02409332521,,,0.001538635759,0.0001972922152,True,
2020-01-17,2020-01-10,UKX,GJR-skewt-h5,GJR-skewt-AR1-expanding-refit21-horizon5,1,0.01434975667,0.0002059155165,-0.03641907956,-0.02921545954,-0.02356774798,,,0.01136132725,0.0001929383188,True,
2020-01-20,2020-01-13,UKX,GJR-skewt-h5,GJR-skewt-AR1-expanding-refit21-horizon5,1,0.014047949,0.000197344871,-0.03566842658,-0.02861631489,-0.02308738742,,,0.004427252499,0.0001793940279,True,
2020-01-21,2020-01-14,UKX,GJR-skewt-h5,GJR-skewt-AR1-expanding-refit21-horizon5,1,0.01374148195,0.0001888283261,-0.03486293593,-0.0279646716,-0.02255636203,,,-0.001536090386,0.0001865788286,True,
2020-01-22,2020-01-15,UKX,GJR-skewt-h5,GJR-skewt-AR1-expanding-refit21-horizon5,1,0.013466458,0.0001813454911,-0.03416512619,-0.0274049247,-0.02210485779,,,-0.009319988903,0.0001905628182,True,
2020-01-23,2020-01-16,UKX,GJR-skewt-h5,GJR-skewt-AR1-expanding-refit21-horizon5,1,0.01366337578,0.0001866878376,-0.03463693773,-0.02777788293,-0.02240031403,,,-0.01350767817,0.0001984775353,True,
2020-01-24,2020-01-17,UKX,GJR-skewt-h5,GJR-skewt-AR1-expanding-refit21-horizon5,1,0.01350674172,0.0001824320719,-0.03429801568,-0.02751759164,-0.02220167005,,,-0.01161174435,0.0002320281597,True,
2020-01-27,2020-01-20,UKX,GJR-skewt-h5,GJR-skewt-AR1-expanding-refit21-horizon5,1,0.01346442579,0.0001812907619,-0.03413125274,-0.02737207142,-0.02207280434,,,-0.03177481163,0.0002973909761,True,
2020-01-28,2020-01-21,UKX,GJR-skewt-h5,GJR-skewt-AR1-expanding-refit21-horizon5,1,0.01388020937,0.0001926602121,-0.03519147351,-0.02821918261,-0.02275410904,,,-0.01722878093,0.0002902350871,True,
2020-01-29,2020-01-22,UKX,GJR-skewt-h5,GJR-skewt-AR1-expanding-refit21-horizon5,1,0.01421823722,0.0002021582697,-0.03606301773,-0.02892092907,-0.02332276334,,,-0.01173004104,0.0003122604786,True,
2020-01-30,2020-01-23,UKX,GJR-skewt-h5,GJR-skewt-AR1-expanding-refit21-horizon5,1,0.01553130992,0.0002412215879,-0.0394270705,-0.03162540065,-0.02551023703,,,-0.01688458191,0.0003666941341,True,
2020-01-31,2020-01-24,UKX,GJR-skewt-h5,GJR-skewt-AR1-expanding-refit21-horizon5,1,0.01529068385,0.0002338050126,-0.03890249976,-0.03122170093,-0.02520127934,,,-0.04034974468,0.0004027573719,True,
2020-02-03,2020-01-27,UKX,GJR-skewt-h5,GJR-skewt-AR1-expanding-refit21-horizon5,1,0.02386219614,0.0005694044044,-0.06080536286,-0.04881893178,-0.03942363709,,,-0.01164322625,0.0003935364492,True,
2020-02-04,2020-01-28,UKX,GJR-skewt-h5,GJR-skewt-AR1-expanding-refit21-horizon5,1,0.02308047842,0.0005327084842,-0.0589554651,-0.04736170556,-0.03827419765,,,-0.005482456012,0.0003751145826,True,
2020-02-05,2020-01-29,UKX,GJR-skewt-h5,GJR-skewt-AR1-expanding-refit21-horizon5,1,0.02225669086,0.0004953602882,-0.05678979968,-0.04560984417,-0.03684668724,,,-0.000147011982,0.0004297082053,True,
2020-02-06,2020-01-30,UKX,GJR-skewt-h5,GJR-skewt-AR1-expanding-refit21-horizon5,1,0.02414851537,0.0005831507943,-0.061590544,-0.04946028937,-0.03995226182,,,0.01649818524,0.0003756277756,True,
2020-02-07,2020-01-31,UKX,GJR-skewt-h5,GJR-skewt-AR1-expanding-refit21-horizon5,1,0.02558461168,0.0006545723546,-0.0652914249,-0.05243979201,-0.04236632833,,,0.024498462,0.000331953075,True,
2020-02-10,2020-02-03,UKX,GJR-skewt-h5,GJR-skewt-AR1-expanding-refit21-horizon5,1,0.02465983727,0.0006081075744,-0.06300373355,-0.05061663228,-0.04090728127,,,0.01632723831,0.0002920294493,True,
2020-02-11,2020-02-04,UKX,GJR-skewt-h5,GJR-skewt-AR1-expanding-refit21-horizon5,1,0.0239854673,0.0005753026417,-0.06131681995,-0.04926846744,-0.03982463703,,,0.007979063722,0.0002828067589,True,
2020-02-12,2020-02-05,UKX,GJR-skewt-h5,GJR-skewt-AR1-expanding-refit21-horizon5,1,0.02314783328,0.0005358221854,-0.05911134713,-0.04748375399,-0.03836972635,,,0.006912226756,0.00022841706,True,
2020-02-13,2020-02-06,UKX,GJR-skewt-h5,GJR-skewt-AR1-expanding-refit21-horizon5,1,0.02232930056,0.0004985976633,-0.05698979315,-0.04577336443,-0.03698161878,,,-0.007060337106,0.0002675366875,True,
2020-02-14,2020-02-07,UKX,GJR-skewt-h5,GJR-skewt-AR1-expanding-refit21-horizon5,1,0.02194125479,0.0004814186619,-0.05594998975,-0.04492848373,-0.03628952387,,,-0.007744172915,0.0002778001103,True,
2020-02-17,2020-02-10,UKX,GJR-skewt-h5,GJR-skewt-AR1-expanding-refit21-horizon5,1,0.02129452316,0.0004534567165,-0.05429689597,-0.04360025545,-0.0352159341,,,-0.001827946002,0.0002675096077,True,
2020-02-18,2020-02-11,UKX,GJR-skewt-h5,GJR-skewt-AR1-expanding-refit21-horizon5,1,0.02061916644,0.0004251500248,-0.05260655118,-0.04224915507,-0.03413074284,,,-0.01577839967,0.0003329359975,True,
2020-02-19,2020-02-12,UKX,GJR-skewt-h5,GJR-skewt-AR1-expanding-refit21-horizon5,1,0.01995035165,0.0003980165308,-0.05087242553,-0.0408509877,-0.03299590882,,,-0.01032599894,0.0003131217322,True,
2020-02-20,2020-02-13,UKX,GJR-skewt-h5,GJR-skewt-AR1-expanding-refit21-horizon5,1,0.02123953701,0.0004511179326,-0.05411333674,-0.04344431679,-0.03508164522,,,-0.002068684419,0.0002712377014,True,
2020-02-21,2020-02-14,UKX,GJR-skewt-h5,GJR-skewt-AR1-expanding-refit21-horizon5,1,0.0210571501,0.0004434035702,-0.05366996879,-0.04309256522,-0.0348017051,,,-0.000702112501,0.0003041524536,True,
2020-02-24,2020-02-17,UKX,GJR-skewt-h5,GJR-skewt-AR1-expanding-refit21-horizon5,1,0.02035125311,0.000414173503,-0.05189773132,-0.04167491312,-0.03366198677,,,-0.0379069528,0.0004373787173,True,
2020-02-25,2020-02-18,UKX,GJR-skewt-h5,GJR-skewt-AR1-expanding-refit21-horizon5,1,0.0204601193,0.0004186164816,-0.05212681199,-0.04184930826,-0.03379351788,,,-0.05058059059,0.0005092921692,True,
2020-02-26,2020-02-19,UKX,GJR-skewt-h5,GJR-skewt-AR1-expanding-refit21-horizon5,1,0.01989935897,0.0003959844872,-0.05083206961,-0.04082308521,-0.03297889037,,,-0.05718996779,0.0008178444585,True,
2020-02-27,2020-02-20,UKX,GJR-skewt-h5,GJR-skewt-AR1-expanding-refit21-horizon5,1,0.01937448371,0.000375370619,-0.04940568021,-0.03966069769,-0.03202340519,,,-0.09002072252,0.001324080867,True,
2020-02-28,2020-02-21,UKX,GJR-skewt-h5,GJR-skewt-AR1-expanding-refit21-horizon5,1,0.01909749278,0.0003647142303,-0.04868233567,-0.03907667412,-0.0315485696,,,-0.1178809337,0.002173123417,True,
2020-03-02,2020-02-24,UKX,GJR-skewt-h5,GJR-skewt-AR1-expanding-refit21-horizon5,1,0.03299186341,0.001088463051,-0.08431579712,-0.06772154165,-0.05471636872,,,-0.07270951574,0.002984988857,True,
2020-03-03,2020-02-25,UKX,GJR-skewt-h5,GJR-skewt-AR1-expanding-refit21-horizon5,1,0.03546775182,0.001257961419,-0.09077820684,-0.07293862842,-0.05895747676,,,-0.04364372349,0.00379627151,True,
2020-03-04,2020-02-26,UKX,GJR-skewt-h5,GJR-skewt-AR1-expanding-refit21-horizon5,1,0.03404066434,0.001158766829,-0.08723367851,-0.07011189689,-0.05669329362,,,-0.03274910403,0.003760636959,True,
2020-03-05,2020-02-27,UKX,GJR-skewt-h5,GJR-skewt-AR1-expanding-refit21-horizon5,1,0.04341802495,0.001885124891,-0.1111727994,-0.08933439067,-0.07221929426,,,-0.0134798885,0.003534848903,True,
2020-03-06,2020-02-28,UKX,GJR-skewt-h5,GJR-skewt-AR1-expanding-refit21-horizon5,1,0.04913244666,0.002413997315,-0.1259168357,-0.1012041858,-0.08183650235,,,-0.01809421271,0.003043436233,True,
2020-03-09,2020-03-02,UKX,GJR-skewt-h5,GJR-skewt-AR1-expanding-refit21-horizon5,1,0.04712259367,0.002220538834,-0.1209879104,-0.09728617677,-0.07871076404,,,-0.1093102812,0.003758181809,True,
2020-03-10,2020-03-03,UKX,GJR-skewt-h5,GJR-skewt-AR1-expanding-refit21-horizon5,1,0.04519143113,0.002042265447,-0.116001526,-0.093271129,-0.07545696769,,,-0.1197162203,0.004047189518,True,
2020-03-11,2020-03-04,UKX,GJR-skewt-h5,GJR-skewt-AR1-expanding-refit21-horizon5,1,0.04341458907,0.001884826544,-0.1114512532,-0.08961457264,-0.07250083064,,,-0.1482527701,0.004516347771,True,
2020-03-12,2020-03-05,UKX,GJR-skewt-h5,GJR-skewt-AR1-expanding-refit21-horizon5,1,0.04361788253,0.001902519676,-0.1117986002,-0.08985966704,-0.07266578811,,,-0.247068872,0.005862695392,True,
2020-03-13,2020-03-06,UKX,GJR-skewt-h5,GJR-skewt-AR1-expanding-refit21-horizon5,1,0.05129940976,0.002631629442,-0.1314741784,-0.1056715888,-0.08544970294,,,-0.1859303228,0.009665210406,True,
2020-03-16,2020-03-09,UKX,GJR-skewt-h5,GJR-skewt-AR1-expanding-refit21-horizon5,1,0.08100422287,0.006561684123,-0.2077702902,-0.1670267665,-0.1350954411,,,-0.1468328264,0.01150394572,True,
2020-03-17,2020-03-10,UKX,GJR-skewt-h5,GJR-skewt-AR1-expanding-refit21-horizon5,1,0.07750763563,0.006007433582,-0.199214768,-0.1602299586,-0.1296769646,,,-0.1183599956,0.01481952215,True,
2020-03-18,2020-03-11,UKX,GJR-skewt-h5,GJR-skewt-AR1-expanding-refit21-horizon5,1,0.07503321888,0.005629983935,-0.1927627137,-0.155022487,-0.1254448916,,,-0.1455319624,0.01592727833,True,
2020-03-19,2020-03-12,UKX,GJR-skewt-h5,GJR-skewt-AR1-expanding-refit21-horizon5,1,0.1170701807,0.01370542722,-0.3005038143,-0.2416198264,-0.1954715405,,,-0.01653692018,0.01658851794,True,
2020-03-20,2020-03-13,UKX,GJR-skewt-h5,GJR-skewt-AR1-expanding-refit21-horizon5,1,0.1120781651,0.01256151509,-0.2884417247,-0.232068622,-0.1878881554,,,-0.03321361562,0.0141302951,True,
2020-03-23,2020-03-16,UKX,GJR-skewt-h5,GJR-skewt-AR1-expanding-refit21-horizon5,1,0.1120866668,0.01256342088,-0.288089011,-0.2317116321,-0.1875278142,,,-0.03099315512,0.01298825614,True,
2020-03-24,2020-03-17,UKX,GJR-skewt-h5,GJR-skewt-AR1-expanding-refit21-horizon5,1,0.1073617415,0.01152654353,-0.2763071862,-0.2223063514,-0.1799850676,,,0.02813731963,0.00935813554,True,
2020-03-25,2020-03-18,UKX,GJR-skewt-h5,GJR-skewt-AR1-expanding-refit21-horizon5,1,0.1078832886,0.01163880396,-0.2772552214,-0.2229920587,-0.1804651845,,,0.1129645038,0.009608052323,True,
2020-03-26,2020-03-19,UKX,GJR-skewt-h5,GJR-skewt-AR1-expanding-refit21-horizon5,1,0.1040916565,0.01083507295,-0.2687213842,-0.2158798712,-0.1745764101,,,0.1212538255,0.00849699641,True,
2020-03-27,2020-03-20,UKX,GJR-skewt-h5,GJR-skewt-AR1-expanding-refit21-horizon5,1,0.09951497039,0.009903229332,-0.2568581831,-0.2063399977,-0.1668525608,,,0.05973124245,0.007515258979,True,
2020-03-30,2020-03-23,UKX,GJR-skewt-h5,GJR-skewt-AR1-expanding-refit21-horizon5,1,0.1001905851,0.01003815333,-0.2583707663,-0.2075096091,-0.167754089,,,0.1080462416,0.006199630674,True,
2020-03-31,2020-03-24,UKX,GJR-skewt-h5,GJR-skewt-AR1-expanding-refit21-horizon5,1,0.09755367113,0.009516718751,-0.2521880252,-0.2026654818,-0.1639562864,,,0.04066039499,0.00591866496,True,
2020-04-01,2020-03-25,UKX,GJR-skewt-h5,GJR-skewt-AR1-expanding-refit21-horizon5,1,0.09373163597,0.008785619581,-0.2420892626,-0.1945069527,-0.1573143369,,,-0.04193458056,0.004692717977,True,
2020-04-02,2020-03-26,UKX,GJR-skewt-h5,GJR-skewt-AR1-expanding-refit21-horizon5,1,0.08973536617,0.008052435942,-0.2316503934,-0.1860967662,-0.1504898661,,,-0.05941955836,0.004421003208,True,
2020-04-03,2020-03-27,UKX,GJR-skewt-h5,GJR-skewt-AR1-expanding-refit21-horizon5,1,0.09631453865,0.009276490355,-0.2482734155,-0.1993799103,-0.1611624014,,,-0.01735382046,0.003961949391,True,
2020-04-06,2020-03-30,UKX,GJR-skewt-h5,GJR-skewt-AR1-expanding-refit21-horizon5,1,0.09209583326,0.008481642504,-0.2376891655,-0.1909372612,-0.1543937302,,,0.003355384287,0.00321095124,True,
2020-04-07,2020-03-31,UKX,GJR-skewt-h5,GJR-skewt-AR1-expanding-refit21-horizon5,1,0.08814227515,0.007769060668,-0.2275174266,-0.1827725227,-0.1477977594,,,0.005713547827,0.003128431839,True,
2020-04-08,2020-04-01,UKX,GJR-skewt-h5,GJR-skewt-AR1-expanding-refit21-horizon5,1,0.09004341082,0.008107815832,-0.2321368849,-0.1864268807,-0.1506977488,,,0.04008694816,0.002641962724,True,
2020-04-09,2020-04-02,UKX,GJR-skewt-h5,GJR-skewt-AR1-expanding-refit21-horizon5,1,0.0860907267,0.007411613224,-0.2221400631,-0.1784366156,-0.1442759046,,,0.06405141992,0.002348300686,True,
2020-04-14,2020-04-03,UKX,GJR-skewt-h5,GJR-skewt-AR1-expanding-refit21-horizon5,1,0.08288008941,0.006869109221,-0.2137563719,-0.1716827853,-0.1387960519,,,0.06709154546,0.002311405667,True,
2020-04-15,2020-04-06,UKX,GJR-skewt-h5,GJR-skewt-AR1-expanding-refit21-horizon5,1,0.07951011937,0.006321859083,-0.2052581794,-0.1648953382,-0.1333458054,,,0.002737060034,0.002463385244,True,
2020-04-16,2020-04-07,UKX,GJR-skewt-h5,GJR-skewt-AR1-expanding-refit21-horizon5,1,0.07617029922,0.005801914484,-0.1965802024,-0.1579128011,-0.1276885054,,,-0.01343014453,0.002189805215,True,
2020-04-17,2020-04-08,UKX,GJR-skewt-h5,GJR-skewt-AR1-expanding-refit21-horizon5,1,0.0729384339,0.005320015139,-0.1880921247,-0.1510653607,-0.1221234659,,,0.0190677671,0.002105135948,True,
2020-04-20,2020-04-09,UKX,GJR-skewt-h5,GJR-skewt-AR1-expanding-refit21-horizon5,1,0.07002200981,0.004903081857,-0.1807215174,-0.1451752589,-0.1173905981,,,-0.005130703205,0.001705284239,True,
2020-04-21,2020-04-14,UKX,GJR-skewt-h5,GJR-skewt-AR1-expanding-refit21-horizon5,1,0.06734789107,0.004535738432,-0.173618948,-0.1394301899,-0.1127066167,,,-0.026295403,0.001717300599,True,
2020-04-22,2020-04-15,UKX,GJR-skewt-h5,GJR-skewt-AR1-expanding-refit21-horizon5,1,0.07012564933,0.004917606695,-0.1806725228,-0.1450736522,-0.1172478674,,,0.0304202443,0.001455912449,True,
2020-04-23,2020-04-16,UKX,GJR-skewt-h5,GJR-skewt-AR1-expanding-refit21-horizon5,1,0.06707790596,0.004499445467,-0.1729933686,-0.1389416669,-0.1123252235,,,0.03460846414,0.001345318301,True,
2020-04-24,2020-04-17,UKX,GJR-skewt-h5,GJR-skewt-AR1-expanding-refit21-horizon5,1,0.06443482594,0.004151846793,-0.1662735622,-0.1335636044,-0.1079959324,,,-0.00603159837,0.001188514623,True,
2020-04-27,2020-04-20,UKX,GJR-skewt-h5,GJR-skewt-AR1-expanding-refit21-horizon5,1,0.06164432349,0.003800022618,-0.1589416686,-0.1276482928,-0.1031878893,,,0.005832120734,0.001069289912,True,
2020-04-28,2020-04-21,UKX,GJR-skewt-h5,GJR-skewt-AR1-expanding-refit21-horizon5,1,0.06359063271,0.004043768569,-0.1637845203,-0.1315095022,-0.1062790543,,,0.05475741678,0.0009960135739,True,
2020-04-29,2020-04-22,UKX,GJR-skewt-h5,GJR-skewt-AR1-expanding-refit21-horizon5,1,0.06100548221,0.00372166886,-0.1573764599,-0.1264135185,-0.1022087642,,,0.0580177175,0.000970491934,True,
2020-04-30,2020-04-23,UKX,GJR-skewt-h5,GJR-skewt-AR1-expanding-refit21-horizon5,1,0.05838396134,0.003408686942,-0.1505315127,-0.1208991073,-0.09773447704,,,0.01272209644,0.001184520486,True,
2020-05-01,2020-04-24,UKX,GJR-skewt-h5,GJR-skewt-AR1-expanding-refit21-horizon5,1,0.05681981307,0.003228491157,-0.1463707042,-0.1175321723,-0.09498813908,,,0.00189311716,0.001173981479,True,
2020-05-04,2020-04-27,UKX,GJR-skewt-h5,GJR-skewt-AR1-expanding-refit21-horizon5,1,0.05446552124,0.002966493004,-0.1404366595,-0.1127930333,-0.09118309744,,,-0.01603399747,0.00130669377,True,
2020-05-05,2020-04-28,UKX,GJR-skewt-h5,GJR-skewt-AR1-expanding-refit21-horizon5,1,0.05226815867,0.002731960411,-0.1347698847,-0.1082415158,-0.08750341339,,,-0.01847969642,0.001281245756,True,
2020-05-06,2020-04-29,UKX,GJR-skewt-h5,GJR-skewt-AR1-expanding-refit21-horizon5,1,0.0503261902,0.00253272542,-0.1297864653,-0.10424373,-0.08427612994,,,-0.04370280603,0.001258926378,True,
2020-05-07,2020-04-30,UKX,GJR-skewt-h5,GJR-skewt-AR1-expanding-refit21-horizon5,1,0.05617884598,0.003156062736,-0.1445949581,-0.1160817449,-0.09379202414,,,0.005879752756,0.0009551498767,True,
2020-05-11,2020-05-01,UKX,GJR-skewt-h5,GJR-skewt-AR1-expanding-refit21-horizon5,1,0.05716000561,0.003267266242,-0.1471936843,-0.1181824898,-0.09550348058,,,0.03018311849,0.0009783887146,True,
2020-05-12,2020-05-04,UKX,GJR-skewt-h5,GJR-skewt-AR1-expanding-refit21-horizon5,1,0.05469868924,0.002991946605,-0.1409459692,-0.1131840001,-0.0914815516,,,0.04103192205,0.000914541301,True,
2020-05-13,2020-05-05,UKX,GJR-skewt-h5,GJR-skewt-AR1-expanding-refit21-horizon5,1,0.05245012844,0.002751015974,-0.1352275448,-0.1086068183,-0.08779651692,,,0.009307966289,0.0009019848176,True,
2020-05-14,2020-05-06,UKX,GJR-skewt-h5,GJR-skewt-AR1-expanding-refit21-horizon5,1,0.05018713495,0.002518748514,-0.1292955091,-0.1038233504,-0.08391092243,,,-0.01937048947,0.001045744002,True,
2020-05-15,2020-05-07,UKX,GJR-skewt-h5,GJR-skewt-AR1-expanding-refit21-horizon5,1,0.04812209042,0.002315735586,-0.1240259431,-0.09960188456,-0.08050879106,,,-0.02321210529,0.001139121223,True,
2020-05-18,2020-05-11,UKX,GJR-skewt-h5,GJR-skewt-AR1-expanding-refit21-horizon5,1,0.04606082264,0.002121599382,-0.1186279263,-0.09525005098,-0.07697479349,,,0.01816819662,0.001101347026,True,
2020-05-19,2020-05-12,UKX,GJR-skewt-h5,GJR-skewt-AR1-expanding-refit21-horizon5,1,0.04414007841,0.001948346522,-0.1137075048,-0.09130449097,-0.07379131486,,,0.001233706909,0.001134683122,True,
2020-05-20,2020-05-13,UKX,GJR-skewt-h5,GJR-skewt-AR1-expanding-refit21-horizon5,1,0.04405333911,0.001940696687,-0.1133556689,-0.09099667902,-0.0735179179,,,0.02725020435,0.001057581831,True,
2020-05-21,2020-05-14,UKX,GJR-skewt-h5,GJR-skewt-AR1-expanding-refit21-horizon5,1,0.04796538889,0.002300678532,-0.1234025859,-0.09905806018,-0.08002714014,,,0.04658569084,0.0009538527662,True,
2020-05-22,2020-05-15,UKX,GJR-skewt-h5,GJR-skewt-AR1-expanding-refit21-horizon5,1,0.04596053111,0.00211237042,-0.1184180799,-0.09509110689,-0.07685564143,,,0.03281874551,0.0009561853856,True,
2020-05-26,2020-05-18,UKX,GJR-skewt-h5,GJR-skewt-AR1-expanding-refit21-horizon5,1,0.04492118083,0.002017912487,-0.1158975539,-0.09309809647,-0.07527500736,,,0.003169212509,0.0009404469426,True,
2020-05-27,2020-05-19,UKX,GJR-skewt-h5,GJR-skewt-AR1-expanding-refit21-horizon5,1,0.04344767196,0.001887700199,-0.1118292905,-0.08977770312,-0.07253924868,,,0.02339868986,0.0009222983616,True,
2020-05-28,2020-05-20,UKX,GJR-skewt-h5,GJR-skewt-AR1-expanding-refit21-horizon5,1,0.04166912857,0.001736316276,-0.1073278777,-0.08617897863,-0.06964618545,,,0.02467968496,0.000932424077,True,
2020-05-29,2020-05-21,UKX,GJR-skewt-h5,GJR-skewt-AR1-expanding-refit21-horizon5,1,0.0403375187,0.001627115415,-0.1037957206,-0.08331851271,-0.06731014236,,,0.01013915409,0.0008724152004,True,
2020-06-01,2020-05-22,UKX,GJR-skewt-h5,GJR-skewt-AR1-expanding-refit21-horizon5,1,0.03875335828,0.001501822778,-0.09972625814,-0.08005324407,-0.06467356451,,,0.02847303726,0.000821488216,True,
2020-06-02,2020-05-26,UKX,GJR-skewt-h5,GJR-skewt-AR1-expanding-refit21-horizon5,1,0.03721680041,0.001385090233,-0.09583943744,-0.07694645189,-0.06217657155,,,0.02478993053,0.0007824239116,True,
2020-06-03,2020-05-27,UKX,GJR-skewt-h5,GJR-skewt-AR1-expanding-refit21-horizon5,1,0.03576279368,0.001278977412,-0.09208097222,-0.07392610837,-0.05973326597,,,0.03801939578,0.0006893940427,True,
2020-06-04,2020-05-28,UKX,GJR-skewt-h5,GJR-skewt-AR1-expanding-refit21-horizon5,1,0.03437572694,0.001181690602,-0.08849208535,-0.07104136134,-0.05739899103,,,0.01952261807,0.0007359178233,True,
2020-06-05,2020-05-29,UKX,GJR-skewt-h5,GJR-skewt-AR1-expanding-refit21-horizon5,1,0.03797006368,0.001441725736,-0.09759646365,-0.07832108648,-0.06325226567,,,0.0649384953,0.0007746081652,True,
2020-06-08,2020-06-01,UKX,GJR-skewt-h5,GJR-skewt-AR1-expanding-refit21-horizon5,1,0.036511467,0.001333087223,-0.09402820159,-0.07549327621,-0.06100331489,,,0.0484627143,0.0007585719541,True,
2020-06-09,2020-06-02,UKX,GJR-skewt-h5,GJR-skewt-AR1-expanding-refit21-horizon5,1,0.03503899523,0.001227731187,-0.09018883814,-0.07240140818,-0.05849581283,,,0.01841433614,0.0009207746667,True,
2020-06-10,2020-06-03,UKX,GJR-skewt-h5,GJR-skewt-AR1-expanding-refit21-horizon5,1,0.0340489902,0.001159333734,-0.0877208991,-0.07043604191,-0.05692334052,,,-0.008386125375,0.001041558443,True,
2020-06-11,2020-06-04,UKX,GJR-skewt-h5,GJR-skewt-AR1-expanding-refit21-horizon5,1,0.03305936619,0.001092921693,-0.08498923624,-0.06820675841,-0.05508679976,,,-0.04263773125,0.00112275242,True,
2020-06-12,2020-06-05,UKX,GJR-skewt-h5,GJR-skewt-AR1-expanding-refit21-horizon5,1,0.03206880818,0.001028408458,-0.0825823875,-0.06630276316,-0.05357591791,,,-0.06024294147,0.001514046288,True,
2020-06-15,2020-06-08,UKX,GJR-skewt-h5,GJR-skewt-AR1-expanding-refit21-horizon5,1,0.03079822621,0.000948530738,-0.0791678624,-0.06353324479,-0.05131064343,,,-0.06509278846,0.001817933549,True,
2020-06-16,2020-06-09,UKX,GJR-skewt-h5,GJR-skewt-AR1-expanding-refit21-horizon5,1,0.034343478,0.001179474481,-0.08822917271,-0.07079481977,-0.05716524778,,,-0.01477156724,0.001869139765,True,
2020-06-17,2020-06-10,UKX,GJR-skewt-h5,GJR-skewt-AR1-expanding-refit21-horizon5,1,0.03294221246,0.001085189362,-0.08471534263,-0.0679923375,-0.05491887254,,,-0.01204876822,0.001794958723,True,
2020-06-18,2020-06-11,UKX,GJR-skewt-h5,GJR-skewt-AR1-expanding-refit21-horizon5,1,0.04584193508,0.002101483012,-0.1178552342,-0.09458372754,-0.07639087141,,,0.02396705177,0.001716277089,True,
2020-06-19,2020-06-12,UKX,GJR-skewt-h5,GJR-skewt-AR1-expanding-refit21-horizon5,1,0.04388158475,0.00192559348,-0.1130303391,-0.09075399779,-0.0733391274,,,0.03023345641,0.001279771655,True,
2020-06-22,2020-06-15,UKX,GJR-skewt-h5,GJR-skewt-AR1-expanding-refit21-horizon5,1,0.04235917067,0.00179429934,-0.1090331916,-0.08752969884,-0.07071901455,,,0.02923199679,0.0009733487788,True,
2020-06-23,2020-06-16,UKX,GJR-skewt-h5,GJR-skewt-AR1-expanding-refit21-horizon5,1,0.04103435752,0.001683818497,-0.1057990078,-0.084968052,-0.06868313381,,,0.01230627788,0.0007712205224,True,
2020-06-24,2020-06-17,UKX,GJR-skewt-h5,GJR-skewt-AR1-expanding-refit21-horizon5,1,0.03929476391,0.001544078471,-0.1011547909,-0.08120693401,-0.06561239192,,,-0.02094277237,0.000808468421,True,
2020-06-25,2020-06-18,UKX,GJR-skewt-h5,GJR-skewt-AR1-expanding-refit21-horizon5,1,0.03783621339,0.001431579044,-0.09734947777,-0.07814204926,-0.06312634835,,,-0.0124484275,0.0009675669626,True,
2020-06-26,2020-06-19,UKX,GJR-skewt-h5,GJR-skewt-AR1-expanding-refit21-horizon5,1,0.03632512595,0.001319514775,-0.09352640657,-0.0750860766,-0.0606700667,,,-0.02141125234,0.0009577795181,True,
2020-06-29,2020-06-22,UKX,GJR-skewt-h5,GJR-skewt-AR1-expanding-refit21-horizon5,1,0.0354488186,0.00125661874,-0.09119734565,-0.07318864234,-0.05911031298,,,-0.003015189154,0.0009943798741,True,
2020-06-30,2020-06-23,UKX,GJR-skewt-h5,GJR-skewt-AR1-expanding-refit21-horizon5,1,0.03409043937,0.001162158057,-0.08779770508,-0.07047908536,-0.05694022984,,,-0.02408480036,0.0009962125338,True,
2020-07-01,2020-06-24,UKX,GJR-skewt-h5,GJR-skewt-AR1-expanding-refit21-horizon5,1,0.04152885173,0.001724645526,-0.106786073,-0.08568859223,-0.0691956067,,,0.005585528649,0.001042420219,True,
2020-07-02,2020-06-25,UKX,GJR-skewt-h5,GJR-skewt-AR1-expanding-refit21-horizon5,1,0.03979099127,0.001583322986,-0.102495924,-0.0822813108,-0.06647850826,,,0.01506382534,0.0008491137183,True,
2020-07-03,2020-06-26,UKX,GJR-skewt-h5,GJR-skewt-AR1-expanding-refit21-horizon5,1,0.03813047089,0.001453932811,-0.09818997923,-0.07881894333,-0.06367560854,,,-0.000324764977,0.0008173220842,True,
2020-07-06,2020-06-29,UKX,GJR-skewt-h5,GJR-skewt-AR1-expanding-refit21-horizon5,1,0.03661906406,0.001340955853,-0.09433116245,-0.07572795121,-0.06118486445,,,0.009607097453,0.0007323992904,True,
2020-07-07,2020-06-30,UKX,GJR-skewt-h5,GJR-skewt-AR1-expanding-refit21-horizon5,1,0.03587070166,0.001286707238,-0.0922805563,-0.07405752801,-0.05981164981,,,0.003268669657,0.0007064997145,True,
2020-07-08,2020-07-01,UKX,GJR-skewt-h5,GJR-skewt-AR1-expanding-refit21-horizon5,1,0.03443536758,0.001185794541,-0.08860922326,-0.07111537317,-0.05743953106,,,-0.000292313762,0.0005468385341,True,
2020-07-09,2020-07-02,UKX,GJR-skewt-h5,GJR-skewt-AR1-expanding-refit21-horizon5,1,0.03315183997,0.001099044494,-0.08537719038,-0.06853539779,-0.05536930255,,,-0.03105209684,0.0005413554504,True,
2020-07-10,2020-07-03,UKX,GJR-skewt-h5,GJR-skewt-AR1-expanding-refit21-horizon5,1,0.03361602458,0.001130037108,-0.08642305241,-0.06934544483,-0.05599500088,,,-0.01010396584,0.0006140612273,True,
2020-07-13,2020-07-06,UKX,GJR-skewt-h5,GJR-skewt-AR1-expanding-refit21-horizon5,1,0.03255162244,0.001059608123,-0.08386738583,-0.06733051566,-0.05440279395,,,-0.01760578711,0.0006338388697,True,
2020-07-14,2020-07-07,UKX,GJR-skewt-h5,GJR-skewt-AR1-expanding-refit21-horizon5,1,0.03362631626,0.001130729145,-0.08643816529,-0.06935532933,-0.05600079809,,,-0.001633038719,0.0007084373752,True,
2020-07-15,2020-07-08,UKX,GJR-skewt-h5,GJR-skewt-AR1-expanding-refit21-horizon5,1,0.03258207293,0.001061591476,-0.08379458984,-0.06724225021,-0.05430243524,,,0.02193052662,0.0007377458595,True,
2020-07-16,2020-07-09,UKX,GJR-skewt-h5,GJR-skewt-AR1-expanding-refit21-horizon5,1,0.03436259589,0.001180787996,-0.08833067397,-0.07087379334,-0.05722685216,,,0.03270131832,0.0006688188039,True,
2020-07-17,2020-07-10,UKX,GJR-skewt-h5,GJR-skewt-AR1-expanding-refit21-horizon5,1,0.03299846318,0.001088898572,-0.08494709327,-0.06818321913,-0.05507803675,,,0.03147436106,0.000630104217,True,
2020-07-20,2020-07-13,UKX,GJR-skewt-h5,GJR-skewt-AR1-expanding-refit21-horizon5,1,0.03178881277,0.001010528617,-0.08185068746,-0.06570133973,-0.05307656425,,,0.01371654583,0.0006712901982,True,
2020-07-21,2020-07-14,UKX,GJR-skewt-h5,GJR-skewt-AR1-expanding-refit21-horizon5,1,0.03051254403,0.0009310153431,-0.0784763162,-0.06297533832,-0.05085742688,,,0.01444266078,0.0006156095018,True,
2020-07-22,2020-07-15,UKX,GJR-skewt-h5,GJR-skewt-AR1-expanding-refit21-horizon5,1,0.02955539649,0.0008735214614,-0.07610206395,-0.06108733602,-0.04934955117,,,-0.01369644845,0.0005683709053,True,
2020-07-23,2020-07-16,UKX,GJR-skewt-h5,GJR-skewt-AR1-expanding-refit21-horizon5,1,0.02890126462,0.0008352830965,-0.07426614318,-0.05958372722,-0.04810572772,,,-0.006307191081,0.0005551877764,True,
2020-07-24,2020-07-17,UKX,GJR-skewt-h5,GJR-skewt-AR1-expanding-refit21-horizon5,1,0.02780000445,0.0007728402474,-0.07149295196,-0.05736999802,-0.04632935875,,,-0.02682594631,0.000529245856,True,
2020-07-27,2020-07-20,UKX,GJR-skewt-h5,GJR-skewt-AR1-expanding-refit21-horizon5,1,0.02698577048,0.0007282318083,-0.06932349751,-0.05561419059,-0.04489692045,,,-0.02532806167,0.0004520008399,True,
2020-07-28,2020-07-21,UKX,GJR-skewt-h5,GJR-skewt-AR1-expanding-refit21-horizon5,1,0.02589577695,0.0006705912637,-0.06654655064,-0.05339021121,-0.04310408344,,,-0.0226480186,0.0004698071793,True,
2020-07-29,2020-07-22,UKX,GJR-skewt-h5,GJR-skewt-AR1-expanding-refit21-horizon5,1,0.02622594826,0.000687800362,-0.06732147476,-0.05399739192,-0.04358011596,,,-0.01225439572,0.0004654960952,True,
2020-07-30,2020-07-23,UKX,GJR-skewt-h5,GJR-skewt-AR1-expanding-refit21-horizon5,1,0.02522644142,0.0006363733469,-0.06481058484,-0.05199430106,-0.04197404176,,,-0.03629488547,0.0006293595423,True,
2020-07-31,2020-07-24,UKX,GJR-skewt-h5,GJR-skewt-AR1-expanding-refit21-horizon5,1,0.02689587387,0.000723388031,-0.06902552737,-0.05536108909,-0.04467771026,,,-0.03760342007,0.0007198429171,True,
2020-08-03,2020-07-27,UKX,GJR-skewt-h5,GJR-skewt-AR1-expanding-refit21-horizon5,1,0.02599810533,0.0006759014805,-0.06678053991,-0.05357221258,-0.04324543869,,,-0.01186390378,0.0008259227366,True,
2020-08-04,2020-07-28,UKX,GJR-skewt-h5,GJR-skewt-AR1-expanding-refit21-horizon5,1,0.02502419671,0.0006262104207,-0.06431038709,-0.05159685366,-0.04165692851,,,-0.01533897821,0.000836433484,True,
2020-08-05,2020-07-29,UKX,GJR-skewt-h5,GJR-skewt-AR1-expanding-refit21-horizon5,1,0.02408667577,0.0005801679497,-0.06185953004,-0.04962230375,-0.04005477368,,,-0.00438041997,0.000873760867,True,
2020-08-06,2020-07-30,UKX,GJR-skewt-h5,GJR-skewt-AR1-expanding-refit21-horizon5,1,0.02997416737,0.0008984507094,-0.07692557228,-0.06169720818,-0.04979109251,,,0.00614135397,0.0008010584088,True,
2020-08-07,2020-07-31,UKX,GJR-skewt-h5,GJR-skewt-AR1-expanding-refit21-horizon5,1,0.03149045199,0.0009916485666,-0.08090316053,-0.06490444861,-0.05239604566,,,0.02253245202,0.0007489742945,True,
2020-08-10,2020-08-03,UKX,GJR-skewt-h5,GJR-skewt-AR1-expanding-refit21-horizon5,1,0.03061584479,0.0009373299522,-0.07890711624,-0.06335274817,-0.05119175018,,,0.002929649296,0.0006828478203,True,
2020-08-11,2020-08-04,UKX,GJR-skewt-h5,GJR-skewt-AR1-expanding-refit21-horizon5,1,0.02939478466,0.0008640533652,-0.07559338766,-0.06065937872,-0.04898340114,,,0.0194094519,0.0006666543769,True,
2020-08-12,2020-08-05,UKX,GJR-skewt-h5,GJR-skewt-AR1-expanding-refit21-horizon5,1,0.02833930712,0.0008031163281,-0.07293822889,-0.05854045491,-0.04728372627,,,0.02832692128,0.0006644754323,True,
2020-08-13,2020-08-06,UKX,GJR-skewt-h5,GJR-skewt-AR1-expanding-refit21-horizon5,1,0.02914945574,0.00084969077,-0.0748654649,-0.06005609522,-0.04847756537,,,0.02599125978,0.0005602530321,True,
2020-08-14,2020-08-07,UKX,GJR-skewt-h5,GJR-skewt-AR1-expanding-refit21-horizon5,1,0.02800171491,0.000784096038,-0.07199188605,-0.05776562566,-0.04664299288,,,0.009536262745,0.0006145649193,True,
2020-08-17,2020-08-10,UKX,GJR-skewt-h5,GJR-skewt-AR1-expanding-refit21-horizon5,1,0.02691905224,0.0007246353733,-0.06920603626,-0.05552982221,-0.04483723665,,,0.01261304355,0.0006220017911,True,
2020-08-18,2020-08-11,UKX,GJR-skewt-h5,GJR-skewt-AR1-expanding-refit21-horizon5,1,0.02614301007,0.0006834569754,-0.06729578619,-0.05401384006,-0.04362950819,,,-0.01270564764,0.0006261217962,True,
2020-08-19,2020-08-12,UKX,GJR-skewt-h5,GJR-skewt-AR1-expanding-refit21-horizon5,1,0.0255290674,0.0006517332825,-0.06573008783,-0.05276005504,-0.0426195889,,,-0.02713186766,0.0006211689818,True,
2020-08-20,2020-08-13,UKX,GJR-skewt-h5,GJR-skewt-AR1-expanding-refit21-horizon5,1,0.02744508797,0.0007532328535,-0.07043971892,-0.05649625263,-0.04559471906,,,-0.02825037559,0.0006810343985,True,
2020-08-21,2020-08-14,UKX,GJR-skewt-h5,GJR-skewt-AR1-expanding-refit21-horizon5,1,0.0293134457,0.0008592780987,-0.07527051248,-0.06037782776,-0.04873415905,,,-0.01457201228,0.0006282398159,True,
2020-08-24,2020-08-17,UKX,GJR-skewt-h5,GJR-skewt-AR1-expanding-refit21-horizon5,1,0.02818637667,0.0007944718296,-0.07250627286,-0.05818619513,-0.04699021239,,,-0.003711502176,0.0005581935291,True,
2020-08-25,2020-08-18,UKX,GJR-skewt-h5,GJR-skewt-AR1-expanding-refit21-horizon5,1,0.02792286662,0.0007796864801,-0.07172357275,-0.0575373712,-0.04644605796,,,-0.006538145345,0.000557662411,True,
2020-08-26,2020-08-19,UKX,GJR-skewt-h5,GJR-skewt-AR1-expanding-refit21-horizon5,1,0.02687506551,0.0007222691461,-0.06909549066,-0.05546075141,-0.04479546091,,,-0.01092330093,0.000534775393,True,
2020-08-27,2020-08-20,UKX,GJR-skewt-h5,GJR-skewt-AR1-expanding-refit21-horizon5,1,0.02902613749,0.0008425166573,-0.07450596927,-0.05977990969,-0.04826097262,,,-0.002214181053,0.0004960127189,True,
2020-08-28,2020-08-21,UKX,GJR-skewt-h5,GJR-skewt-AR1-expanding-refit21-horizon5,1,0.02793979801,0.000780632313,-0.07179581812,-0.05762089972,-0.04653307326,,,-0.006401727429,0.0005234836735,True,
2020-09-01,2020-08-24,UKX,GJR-skewt-h5,GJR-skewt-AR1-expanding-refit21-horizon5,1,0.02710224789,0.0007345318404,-0.06976008064,-0.05601008316,-0.04525463601,,,-0.04055108036,0.0007218657937,True,
2020-09-02,2020-08-25,UKX,GJR-skewt-h5,GJR-skewt-AR1-expanding-refit21-horizon5,1,0.02757108467,0.0007601647101,-0.07077846153,-0.05679060538,-0.04584910172,,,-0.01602973044,0.0007632936183,True,
2020-09-03,2020-08-26,UKX,GJR-skewt-h5,GJR-skewt-AR1-expanding-refit21-horizon5,1,0.02650760367,0.0007026530523,-0.06811495657,-0.05466664464,-0.04414718028,,,-0.03273527212,0.0009648249874,True,
2020-09-04,2020-08-27,UKX,GJR-skewt-h5,GJR-skewt-AR1-expanding-refit21-horizon5,1,0.02623736317,0.0006883992262,-0.06735404789,-0.05404283921,-0.04363061899,,,-0.03405671923,0.001208778736,True,
2020-09-07,2020-08-28,UKX,GJR-skewt-h5,GJR-skewt-AR1-expanding-refit21-horizon5,1,0.025738251,0.0006624575646,-0.06607355478,-0.05301556462,-0.0428014156,,,-0.004403031398,0.001177328003,True,
2020-09-08,2020-09-01,UKX,GJR-skewt-h5,GJR-skewt-AR1-expanding-refit21-horizon5,1,0.02844720218,0.0008092433116,-0.07300268418,-0.05857034042,-0.04728115212,,,0.01156685118,0.00131258702,True,
2020-09-09,2020-09-02,UKX,GJR-skewt-h5,GJR-skewt-AR1-expanding-refit21-horizon5,1,0.027485309,0.0007554422109,-0.07072578311,-0.05678144421,-0.04587398037,,,0.01201302843,0.00144625434,True,
2020-09-10,2020-09-03,UKX,GJR-skewt-h5,GJR-skewt-AR1-expanding-refit21-horizon5,1,0.0291728288,0.00085105394,-0.07489221173,-0.06009173008,-0.04851457899,,,0.02571380674,0.00133753585,True,
2020-09-11,2020-09-04,UKX,GJR-skewt-h5,GJR-skewt-AR1-expanding-refit21-horizon5,1,0.02897583629,0.0008395990888,-0.07442684532,-0.05972630544,-0.04822733025,,,0.03939247507,0.001139878317,True,
2020-09-14,2020-09-07,UKX,GJR-skewt-h5,GJR-skewt-AR1-expanding-refit21-horizon5,1,0.02829526143,0.0008006218192,-0.07289073662,-0.05853547816,-0.04730658709,,,0.01486188077,0.00110241237,True,
2020-09-15,2020-09-08,UKX,GJR-skewt-h5,GJR-skewt-AR1-expanding-refit21-horizon5,1,0.0272090215,0.0007403308511,-0.06991080672,-0.05610663894,-0.04530881899,,,0.02911523522,0.0008206325752,True,
2020-09-16,2020-09-09,UKX,GJR-skewt-h5,GJR-skewt-AR1-expanding-refit21-horizon5,1,0.02632946348,0.0006932406474,-0.06773975095,-0.05438181629,-0.04393304634,,,0.01086745721,0.0005946719528,True,
2020-09-17,2020-09-10,UKX,GJR-skewt-h5,GJR-skewt-AR1-expanding-refit21-horizon5,1,0.02535978601,0.0006431187463,-0.06512588104,-0.05225990051,-0.04219594421,,,0.007732441229,0.0005095471945,True,
2020-09-18,2020-09-11,UKX,GJR-skewt-h5,GJR-skewt-AR1-expanding-refit21-horizon5,1,0.02442887087,0.000596769732,-0.06276237895,-0.05036868695,-0.04067416158,,,-0.004153105778,0.0004785100542,True,
2020-09-21,2020-09-14,UKX,GJR-skewt-h5,GJR-skewt-AR1-expanding-refit21-horizon5,1,0.02353978926,0.0005541216786,-0.06042349354,-0.04848086633,-0.03913917037,,,-0.0375342028,0.0006643466693,True,
2020-09-22,2020-09-15,UKX,GJR-skewt-h5,GJR-skewt-AR1-expanding-refit21-horizon5,1,0.02285475153,0.0005223396677,-0.05874863045,-0.04715354884,-0.03808370808,,,-0.0462587709,0.0006887489957,True,
2020-09-23,2020-09-16,UKX,GJR-skewt-h5,GJR-skewt-AR1-expanding-refit21-horizon5,1,0.02232392957,0.0004983578316,-0.0572552466,-0.04592947109,-0.03707028546,,,-0.02992428827,0.0008117029174,True,
2020-09-24,2020-09-17,UKX,GJR-skewt-h5,GJR-skewt-AR1-expanding-refit21-horizon5,1,0.02188445194,0.0004789292367,-0.05611676174,-0.04501394989,-0.03632916967,,,-0.03826051456,0.0009382777521,True,
2020-09-25,2020-09-18,UKX,GJR-skewt-h5,GJR-skewt-AR1-expanding-refit21-horizon5,1,0.02189216566,0.0004792669173,-0.05606964576,-0.04498731952,-0.03631395503,,,-0.02774906715,0.0009944387497,True,
2020-09-28,2020-09-21,UKX,GJR-skewt-h5,GJR-skewt-AR1-expanding-refit21-horizon5,1,0.03500883619,0.001225618611,-0.0897541509,-0.07203185929,-0.05816185659,,,0.02107101364,0.0008388081247,True,
2020-09-29,2020-09-22,UKX,GJR-skewt-h5,GJR-skewt-AR1-expanding-refit21-horizon5,1,0.03358574077,0.001128001983,-0.08637061191,-0.06936872448,-0.05606253193,,,0.01159729891,0.0008351221156,True,
2020-09-30,2020-09-23,UKX,GJR-skewt-h5,GJR-skewt-AR1-expanding-refit21-horizon5,1,0.03232103312,0.001044649182,-0.08316027038,-0.06679860754,-0.05399347417,,,-0.005643632244,0.0008301027158,True,
2020-10-01,2020-09-24,UKX,GJR-skewt-h5,GJR-skewt-AR1-expanding-refit21-horizon5,1,0.03276801055,0.001073742515,-0.08412580765,-0.06753787438,-0.05455565491,,,0.009690512059,0.000750197185,True,
2020-10-02,2020-09-25,UKX,GJR-skewt-h5,GJR-skewt-AR1-expanding-refit21-horizon5,1,0.03145075364,0.0009891499045,-0.08084718294,-0.06492607592,-0.05246573489,,,0.01011518425,0.0007376374494,True,
2020-10-05,2020-09-28,UKX,GJR-skewt-h5,GJR-skewt-AR1-expanding-refit21-horizon5,1,0.03034860577,0.0009210378721,-0.07808339038,-0.06272021639,-0.05069653066,,,0.00252721101,0.0007040849012,True,
2020-10-06,2020-09-29,UKX,GJR-skewt-h5,GJR-skewt-AR1-expanding-refit21-horizon5,1,0.02943626213,0.0008664935281,-0.07557716995,-0.06067584565,-0.04901361749,,,0.008845863923,0.0006534880601,True,
2020-10-07,2020-09-30,UKX,GJR-skewt-h5,GJR-skewt-AR1-expanding-refit21-horizon5,1,0.02862035502,0.0008191247214,-0.07346750931,-0.05897921627,-0.0476402389,,,0.01357911009,0.0005521772517,True,
2020-10-08,2020-10-01,UKX,GJR-skewt-h5,GJR-skewt-AR1-expanding-refit21-horizon5,1,0.02750495986,0.000756522817,-0.07064334534,-0.05671969142,-0.04582261773,,,0.01661433958,0.000493459928,True,
2020-10-09,2020-10-02,UKX,GJR-skewt-h5,GJR-skewt-AR1-expanding-refit21-horizon5,1,0.02645434258,0.0006998322414,-0.06794052784,-0.05454872095,-0.04406788688,,,0.01923073228,0.0003959118519,True,
2020-10-12,2020-10-05,UKX,GJR-skewt-h5,GJR-skewt-AR1-expanding-refit21-horizon5,1,0.02548708406,0.0006495914541,-0.06546446047,-0.05256230246,-0.04246468245,,,0.00979554578,0.0003526144293,True,
2020-10-13,2020-10-06,UKX,GJR-skewt-h5,GJR-skewt-AR1-expanding-refit21-horizon5,1,0.02452865551,0.0006016549412,-0.06294469842,-0.05052771936,-0.0408098151,,,0.003322311328,0.0003703359077,True,
2020-10-14,2020-10-07,UKX,GJR-skewt-h5,GJR-skewt-AR1-expanding-refit21-horizon5,1,0.02362533134,0.0005581562811,-0.06059713568,-0.04863744045,-0.03927742037,,,-0.001885250965,0.0003602931855,True,
2020-10-15,2020-10-08,UKX,GJR-skewt-h5,GJR-skewt-AR1-expanding-refit21-horizon5,1,0.02279052573,0.0005194080629,-0.05848508161,-0.0469479845,-0.03791870253,,,-0.02464033895,0.0004464808734,True,
2020-10-16,2020-10-09,UKX,GJR-skewt-h5,GJR-skewt-AR1-expanding-refit21-horizon5,1,0.02201542882,0.0004846791061,-0.05649098352,-0.04534625859,-0.03662405899,,,-0.01627007307,0.0005290340468,True,
2020-10-19,2020-10-12,UKX,GJR-skewt-h5,GJR-skewt-AR1-expanding-refit21-horizon5,1,0.02134196981,0.0004554796753,-0.05468258772,-0.04387878349,-0.03542339876,,,-0.01963696352,0.0005778991464,True,
2020-10-20,2020-10-13,UKX,GJR-skewt-h5,GJR-skewt-AR1-expanding-refit21-horizon5,1,0.02106165111,0.0004435931474,-0.05393742392,-0.04327552357,-0.03493119712,,,-0.01357650943,0.0005639139687,True,
2020-10-21,2020-10-14,UKX,GJR-skewt-h5,GJR-skewt-AR1-expanding-refit21-horizon5,1,0.02089844244,0.0004367448965,-0.05351179885,-0.04293251855,-0.03465285305,,,-0.02708593069,0.0006204463104,True,
2020-10-22,2020-10-15,UKX,GJR-skewt-h5,GJR-skewt-AR1-expanding-refit21-horizon5,1,0.02469232842,0.0006097110827,-0.06322633408,-0.05072649997,-0.04094375084,,,-0.008056335289,0.0005646312289,True,
2020-10-23,2020-10-16,UKX,GJR-skewt-h5,GJR-skewt-AR1-expanding-refit21-horizon5,1,0.02397946455,0.0005750147203,-0.06162923828,-0.04949027253,-0.03998994992,,,-0.01006813206,0.0004978319448,True,
2020-10-26,2020-10-19,UKX,GJR-skewt-h5,GJR-skewt-AR1-expanding-refit21-horizon5,1,0.02358532977,0.0005562677804,-0.06053001285,-0.04855213773,-0.03918633617,,,-0.01587814041,0.0005819487722,True,
2020-10-27,2020-10-20,UKX,GJR-skewt-h5,GJR-skewt-AR1-expanding-refit21-horizon5,1,0.02272980495,0.000516644033,-0.05836989004,-0.04682649557,-0.03780042535,,,-0.0275792027,0.0006599222352,True,
2020-10-28,2020-10-21,UKX,GJR-skewt-h5,GJR-skewt-AR1-expanding-refit21-horizon5,1,0.02693842236,0.000725678599,-0.06909743656,-0.05541668408,-0.04471935991,,,-0.03410755522,0.0008643598399,True,
2020-10-29,2020-10-22,UKX,GJR-skewt-h5,GJR-skewt-AR1-expanding-refit21-horizon5,1,0.02591111156,0.000671385702,-0.06660579276,-0.05344676292,-0.04315738679,,,-0.03587811954,0.001155093948,True,
2020-10-30,2020-10-23,UKX,GJR-skewt-h5,GJR-skewt-AR1-expanding-refit21-horizon5,1,0.02508469073,0.0006292417092,-0.06455696421,-0.05181763447,-0.0418564324,,,-0.04949601018,0.001353758236,True,
2020-11-02,2020-10-26,UKX,GJR-skewt-h5,GJR-skewt-AR1-expanding-refit21-horizon5,1,0.02593334224,0.0006725382399,-0.06655775265,-0.05338743289,-0.04308922889,,,-0.02393754551,0.00136809118,True,
2020-11-03,2020-10-27,UKX,GJR-skewt-h5,GJR-skewt-AR1-expanding-refit21-horizon5,1,0.02651963333,0.0007032909522,-0.06808059419,-0.05461252488,-0.04408150302,,,0.01003843266,0.001312085746,True,
2020-11-04,2020-10-28,UKX,GJR-skewt-h5,GJR-skewt-AR1-expanding-refit21-horizon5,1,0.03304593875,0.001092034068,-0.08484449919,-0.06806202757,-0.05493939126,,,0.05242738811,0.001319116797,True,
2020-11-05,2020-10-29,UKX,GJR-skewt-h5,GJR-skewt-AR1-expanding-refit21-horizon5,1,0.0317165154,0.001005937349,-0.08160907168,-0.0655017514,-0.05290703288,,,0.05649140955,0.001072121059,True,
2020-11-06,2020-10-30,UKX,GJR-skewt-h5,GJR-skewt-AR1-expanding-refit21-horizon5,1,0.03045825793,0.000927705476,-0.07834926053,-0.06288094979,-0.0507858889,,,0.05794107806,0.0009752439426,True,
2020-11-09,2020-11-02,UKX,GJR-skewt-h5,GJR-skewt-AR1-expanding-refit21-horizon5,1,0.02940236301,0.0008644989507,-0.07573395857,-0.06080188699,-0.04912612497,,,0.0897970286,0.001852380368,True,
2020-11-10,2020-11-03,UKX,GJR-skewt-h5,GJR-skewt-AR1-expanding-refit21-horizon5,1,0.02868227422,0.0008226728544,-0.07394420682,-0.05937783433,-0.04798802163,,,0.08447800516,0.002035249931,True,
2020-11-11,2020-11-04,UKX,GJR-skewt-h5,GJR-skewt-AR1-expanding-refit21-horizon5,1,0.02779696833,0.0007726714482,-0.07160257955,-0.05748581211,-0.0464475569,,,0.08137941633,0.001892455624,True,
2020-11-12,2020-11-05,UKX,GJR-skewt-h5,GJR-skewt-AR1-expanding-refit21-horizon5,1,0.0267380222,0.0007149218314,-0.06876301091,-0.0551840322,-0.0445662875,,,0.07070255673,0.00188715391,True,
2020-11-13,2020-11-06,UKX,GJR-skewt-h5,GJR-skewt-AR1-expanding-refit21-horizon5,1,0.02571956723,0.0006614961386,-0.06610279225,-0.05304103872,-0.04282772539,,,0.06650357868,0.001798656018,True,
2020-11-16,2020-11-09,UKX,GJR-skewt-h5,GJR-skewt-AR1-expanding-refit21-horizon5,1,0.0266272744,0.0007090117418,-0.06880793546,-0.05528520033,-0.04471143389,,,0.03728342088,0.0008762903334,True,
2020-11-17,2020-11-10,UKX,GJR-skewt-h5,GJR-skewt-AR1-expanding-refit21-horizon5,1,0.02590524767,0.0006710818567,-0.06671847981,-0.05356242796,-0.0432753804,,,0.01080389978,0.0006963348855,True,
2020-11-18,2020-11-11,UKX,GJR-skewt-h5,GJR-skewt-AR1-expanding-refit21-horizon5,1,0.02509748953,0.0006298839806,-0.06459505335,-0.05184922371,-0.0418829392,,,0.000485630788,0.0005725766958,True,
2020-11-19,2020-11-12,UKX,GJR-skewt-h5,GJR-skewt-AR1-expanding-refit21-horizon5,1,0.02477313695,0.0006137083143,-0.06359564416,-0.05101453787,-0.0411770547,,,-0.000710154462,0.0004855462414,True,
2020-11-20,2020-11-13,UKX,GJR-skewt-h5,GJR-skewt-AR1-expanding-refit21-horizon5,1,0.0240410938,0.0005779741909,-0.06172766146,-0.04951832532,-0.03997153856,,,0.005541595384,0.0004843798963,True,
2020-11-23,2020-11-16,UKX,GJR-skewt-h5,GJR-skewt-AR1-expanding-refit21-horizon5,1,0.02342710177,0.0005488290976,-0.06029815438,-0.04840063578,-0.03909766701,,,-0.01372021784,0.0004011557059,True,
2020-11-24,2020-11-17,UKX,GJR-skewt-h5,GJR-skewt-AR1-expanding-refit21-horizon5,1,0.02376268416,0.0005646651583,-0.06095411336,-0.04887213646,-0.03943351561,,,0.01045532322,0.0003434620876,True,
2020-11-25,2020-11-18,UKX,GJR-skewt-h5,GJR-skewt-AR1-expanding-refit21-horizon5,1,0.02290578679,0.0005246750686,-0.05881371185,-0.04716741865,-0.03806916041,,,0.000923569936,0.0003494769421,True,
2020-11-26,2020-11-19,UKX,GJR-skewt-h5,GJR-skewt-AR1-expanding-refit21-horizon5,1,0.02302569617,0.0005301826839,-0.05905298064,-0.04734572033,-0.03819983368,,,0.00448915097,0.0003351305932,True,
2020-11-27,2020-11-20,UKX,GJR-skewt-h5,GJR-skewt-AR1-expanding-refit21-horizon5,1,0.02220532509,0.0004930764625,-0.05699941189,-0.04570926373,-0.03688923132,,,0.002531642408,0.0003503626156,True,
2020-11-30,2020-11-23,UKX,GJR-skewt-h5,GJR-skewt-AR1-expanding-refit21-horizon5,1,0.02154622762,0.0004642399248,-0.05525981449,-0.04430478,-0.0357465434,,,-0.01073019978,0.0004172260671,True,
2020-12-01,2020-11-24,UKX,GJR-skewt-h5,GJR-skewt-AR1-expanding-refit21-horizon5,1,0.02106714741,0.0004438246999,-0.05413689736,-0.04342544799,-0.03505750372,,,-0.007412122438,0.0004561632001,True,
2020-12-02,2020-11-25,UKX,GJR-skewt-h5,GJR-skewt-AR1-expanding-refit21-horizon5,1,0.02099279361,0.0004406973837,-0.05380539862,-0.04313175393,-0.03479334325,,,0.01124906709,0.000451916293,True,
2020-12-03,2020-11-26,UKX,GJR-skewt-h5,GJR-skewt-AR1-expanding-refit21-horizon5,1,0.02060597387,0.0004246061591,-0.05281765577,-0.04234068698,-0.03415592244,,,0.0198244917,0.000457693291,True,
2020-12-04,2020-11-27,UKX,GJR-skewt-h5,GJR-skewt-AR1-expanding-refit21-horizon5,1,0.01990921272,0.0003963767509,-0.05104855246,-0.04092584719,-0.03301783861,,,0.02827296542,0.0004034540599,True,
2020-12-07,2020-11-30,UKX,GJR-skewt-h5,GJR-skewt-AR1-expanding-refit21-horizon5,1,0.02325625149,0.0005408532334,-0.05959782672,-0.0477733421,-0.03853587807,,,0.0451189811,0.0003838784165,True,
2020-12-08,2020-12-01,UKX,GJR-skewt-h5,GJR-skewt-AR1-expanding-refit21-horizon5,1,0.02278261436,0.000519047517,-0.05859472578,-0.04701105878,-0.03796172506,,,0.02690309587,0.0003606117095,True,
2020-12-09,2020-12-02,UKX,GJR-skewt-h5,GJR-skewt-AR1-expanding-refit21-horizon5,1,0.02213260098,0.000489852026,-0.05687226482,-0.04561909275,-0.03682794661,,,0.01549036635,0.0003374907735,True,
2020-12-10,2020-12-03,UKX,GJR-skewt-h5,GJR-skewt-AR1-expanding-refit21-horizon5,1,0.02137197058,0.0004567611267,-0.05485342303,-0.04398698837,-0.03549796727,,,0.01673059143,0.0004330833579,True,
2020-12-11,2020-12-04,UKX,GJR-skewt-h5,GJR-skewt-AR1-expanding-refit21-horizon5,1,0.0207298066,0.0004297248815,-0.05322471331,-0.04268478261,-0.03445083128,,,-0.0005192624388,0.0005009617867,True,
2020-12-14,2020-12-07,UKX,GJR-skewt-h5,GJR-skewt-AR1-expanding-refit21-horizon5,1,0.02002648852,0.0004010602426,-0.05135221118,-0.04116987781,-0.03321528687,,,-0.003606596234,0.000467425558,True,
2020-12-15,2020-12-08,UKX,GJR-skewt-h5,GJR-skewt-AR1-expanding-refit21-horizon5,1,0.01936148293,0.0003748670212,-0.04963057077,-0.03978635503,-0.03209590663,,,-0.006961419376,0.000483380471,True,
2020-12-16,2020-12-09,UKX,GJR-skewt-h5,GJR-skewt-AR1-expanding-refit21-horizon5,1,0.01873412853,0.0003509675717,-0.04801009946,-0.03848485784,-0.03104359679,,,0.001004948184,0.0005204147622,True,
2020-12-17,2020-12-10,UKX,GJR-skewt-h5,GJR-skewt-AR1-expanding-refit21-horizon5,1,0.01817892912,0.000330473464,-0.046603253,-0.03736029879,-0.03013956487,,,-0.00740632656,0.0004115364346,True,
2020-12-18,2020-12-11,UKX,GJR-skewt-h5,GJR-skewt-AR1-expanding-refit21-horizon5,1,0.01880144223,0.0003534942299,-0.04812742359,-0.03856795678,-0.03109995849,,,-0.002691896701,0.0004036077256,True,
2020-12-21,2020-12-14,UKX,GJR-skewt-h5,GJR-skewt-AR1-expanding-refit21-horizon5,1,0.01831126495,0.000335302424,-0.04689648377,-0.03758624429,-0.03031294612,,,-0.01784092911,0.000709467725,True,
2020-12-23,2020-12-15,UKX,GJR-skewt-h5,GJR-skewt-AR1-expanding-refit21-horizon5,1,0.01790161687,0.0003204678864,-0.04583356189,-0.03673160523,-0.02962102071,,,-0.002690426104,0.0006923960159,True,
2020-12-24,2020-12-16,UKX,GJR-skewt-h5,GJR-skewt-AR1-expanding-refit21-horizon5,1,0.01742928802,0.000303780081,-0.0446658602,-0.0358080354,-0.02888776805,,,-0.01052557779,,True,
2020-12-29,2020-12-17,UKX,GJR-skewt-h5,GJR-skewt-AR1-expanding-refit21-horizon5,1,0.01709243632,0.0002921513795,-0.04371709077,-0.03503045904,-0.02824393804,,,0.007845696376,,True,
2020-12-30,2020-12-18,UKX,GJR-skewt-h5,GJR-skewt-AR1-expanding-refit21-horizon5,1,0.01683088014,0.0002832785263,-0.04303861501,-0.03448491004,-0.02780223946,,,0.004065670095,,True,
2020-12-31,2020-12-21,UKX,GJR-skewt-h5,GJR-skewt-AR1-expanding-refit21-horizon5,1,0.0216618007,0.0004692336095,-0.05543708983,-0.0444282388,-0.03582745993,,,0.006865116985,,True,
2021-01-04,2020-12-23,UKX,GJR-skewt-h5,GJR-skewt-AR1-expanding-refit21-horizon5,1,0.02106761651,0.0004438444654,-0.05409649325,-0.0433896155,-0.03502475639,,,0.01164718488,,True,
2021-01-05,2020-12-24,UKX,GJR-skewt-h5,GJR-skewt-AR1-expanding-refit21-horizon5,1,0.02034647687,0.0004139791211,-0.05215722158,-0.04181683778,-0.03373830586,,,0.01680630477,,True,
2021-01-06,2020-12-29,UKX,GJR-skewt-h5,GJR-skewt-AR1-expanding-refit21-horizon5,1,0.01993403522,0.0003973657601,-0.05118541332,-0.04105463854,-0.03313986584,,,0.0355867707,,True,
2021-01-07,2020-12-30,UKX,GJR-skewt-h5,GJR-skewt-AR1-expanding-refit21-horizon5,1,0.02011702839,0.0004046948311,-0.05151066504,-0.04128689039,-0.03329946058,,,0.04491990404,,True,
2021-01-08,2020-12-31,UKX,GJR-skewt-h5,GJR-skewt-AR1-expanding-refit21-horizon5,1,0.02283253687,0.0005213247399,-0.05848265335,-0.04687881669,-0.03781319913,,,0.0619375977,0.0008374956421,True,
2021-01-11,2021-01-04,UKX,GJR-skewt-h5,GJR-skewt-AR1-expanding-refit21-horizon5,1,0.02231138449,0.0004977978779,-0.05734393715,-0.04600495791,-0.03714626297,,,0.03389903054,0.0007720398942,True,
2021-01-12,2021-01-05,UKX,GJR-skewt-h5,GJR-skewt-AR1-expanding-refit21-horizon5,1,0.02156233666,0.0004649343621,-0.05533498452,-0.0443766826,-0.03581539575,,,0.02121822092,0.0006730878926,True,
2021-01-13,2021-01-06,UKX,GJR-skewt-h5,GJR-skewt-AR1-expanding-refit21-horizon5,1,0.02205674559,0.0004865000261,-0.05679761424,-0.04558804631,-0.03683045528,,,-0.01418984061,0.0005272622205,True,
2021-01-14,2021-01-07,UKX,GJR-skewt-h5,GJR-skewt-AR1-expanding-refit21-horizon5,1,0.02128695321,0.000453134377,-0.05459711588,-0.04377876795,-0.03532682159,,,-0.008053341713,0.0003878367197,True,
2021-01-15,2021-01-08,UKX,GJR-skewt-h5,GJR-skewt-AR1-expanding-refit21-horizon5,1,0.02055872362,0.0004226611169,-0.05271526571,-0.04226701494,-0.03410421083,,,-0.02022254379,0.0004281392496,True,
2021-01-18,2021-01-11,UKX,GJR-skewt-h5,GJR-skewt-AR1-expanding-refit21-horizon5,1,0.02177426742,0.0004741187215,-0.05577065963,-0.04470465133,-0.03605921775,,,-0.01150965482,0.0003208327598,True,
2021-01-19,2021-01-12,UKX,GJR-skewt-h5,GJR-skewt-AR1-expanding-refit21-horizon5,1,0.02170551474,0.0004711293703,-0.05562176964,-0.04459070248,-0.03597256702,,,-0.006103797449,0.0003117724487,True,
2021-01-20,2021-01-13,UKX,GJR-skewt-h5,GJR-skewt-AR1-expanding-refit21-horizon5,1,0.02097977502,0.0004401509599,-0.05377996581,-0.04311773043,-0.03478774862,,,-0.000756360093,0.00035530425,True,
2021-01-21,2021-01-14,UKX,GJR-skewt-h5,GJR-skewt-AR1-expanding-refit21-horizon5,1,0.02033914451,0.0004136807994,-0.05218676056,-0.04185010318,-0.03377448256,,,-0.01281330485,0.0003724892204,True,
2021-01-22,2021-01-15,UKX,GJR-skewt-h5,GJR-skewt-AR1-expanding-refit21-horizon5,1,0.02120636718,0.0004497100089,-0.05430980161,-0.0435324087,-0.03511245888,,,-0.006045837893,0.0003221097264,True,
2021-01-25,2021-01-18,UKX,GJR-skewt-h5,GJR-skewt-AR1-expanding-refit21-horizon5,1,0.0205675173,0.0004230227679,-0.05270771548,-0.04225499563,-0.03408870001,,,-0.01224607244,0.0004295478578,True,
2021-01-26,2021-01-19,UKX,GJR-skewt-h5,GJR-skewt-AR1-expanding-refit21-horizon5,1,0.01989861007,0.0003959546829,-0.05098526249,-0.04087249129,-0.03297178408,,,-0.00882776736,0.0004440159985,True,
2021-01-27,2021-01-20,UKX,GJR-skewt-h5,GJR-skewt-AR1-expanding-refit21-horizon5,1,0.01927116559,0.0003713778231,-0.04938811709,-0.03958394176,-0.03193059616,,,-0.02600125476,0.0005592374567,True,
2021-01-28,2021-01-21,UKX,GJR-skewt-h5,GJR-skewt-AR1-expanding-refit21-horizon5,1,0.01889908177,0.0003571752917,-0.04837425351,-0.03875937524,-0.03125379891,,,-0.02857850751,0.0007613409612,True,
2021-01-29,2021-01-22,UKX,GJR-skewt-h5,GJR-skewt-AR1-expanding-refit21-horizon5,1,0.01847461853,0.0003413115298,-0.04728151219,-0.03788257892,-0.03054557381,,,-0.04390675093,0.0009167169846,True,
2021-02-01,2021-01-25,UKX,GJR-skewt-h5,GJR-skewt-AR1-expanding-refit21-horizon5,1,0.01919133684,0.0003683074099,-0.04909836323,-0.03933480065,-0.03171315821,,,-0.02632674807,0.0008893805771,True,
2021-02-02,2021-01-26,UKX,GJR-skewt-h5,GJR-skewt-AR1-expanding-refit21-horizon5,1,0.01857892763,0.0003451765517,-0.04758651438,-0.03813451403,-0.03075608363,,,-0.02085003483,0.0008887249642,True,
2021-02-03,2021-01-27,UKX,GJR-skewt-h5,GJR-skewt-AR1-expanding-refit21-horizon5,1,0.02092918781,0.0004380309024,-0.05355994952,-0.04291225798,-0.03460044587,,,-0.009116573533,0.0007368530336,True,
2021-02-04,2021-01-28,UKX,GJR-skewt-h5,GJR-skewt-AR1-expanding-refit21-horizon5,1,0.02088502757,0.0004361843764,-0.05349117971,-0.04286595462,-0.0345716803,,,-0.003453598523,0.0005636084397,True,
2021-02-05,2021-01-29,UKX,GJR-skewt-h5,GJR-skewt-AR1-expanding-refit21-horizon5,1,0.02513470546,0.0006317534188,-0.06439710381,-0.05160986175,-0.04162787147,,,0.01268545735,0.0004313614973,True,
2021-02-08,2021-02-01,UKX,GJR-skewt-h5,GJR-skewt-AR1-expanding-refit21-horizon5,1,0.02427169528,0.0005891151917,-0.0623494598,-0.05000127281,-0.04036201817,,,0.008791517442,0.0003662479836,True,
2021-02-09,2021-02-02,UKX,GJR-skewt-h5,GJR-skewt-AR1-expanding-refit21-horizon5,1,0.02343647205,0.000549268222,-0.0601808736,-0.04825760513,-0.03895005082,,,0.002283808487,0.0003449911068,True,
2021-02-10,2021-02-03,UKX,GJR-skewt-h5,GJR-skewt-AR1-expanding-refit21-horizon5,1,0.0226161623,0.000511490797,-0.05799940223,-0.04649346506,-0.03751168835,,,0.002547552424,0.0004343407671,True,
2021-02-11,2021-02-04,UKX,GJR-skewt-h5,GJR-skewt-AR1-expanding-refit21-horizon5,1,0.02181857789,0.0004760503409,-0.05594238043,-0.04484221308,-0.03617718883,,,0.00383659647,0.0003870086992,True,
2021-02-12,2021-02-05,UKX,GJR-skewt-h5,GJR-skewt-AR1-expanding-refit21-horizon5,1,0.02113905938,0.0004468598316,-0.0541750936,-0.04342063022,-0.03502546977,,,0.01536833284,0.0003509090239,True,
2021-02-15,2021-02-08,UKX,GJR-skewt-h5,GJR-skewt-AR1-expanding-refit21-horizon5,1,0.02044240478,0.000417891913,-0.05242392154,-0.0420238801,-0.03390538888,,,0.03503477328,0.0003980899799,True,
2021-02-16,2021-02-09,UKX,GJR-skewt-h5,GJR-skewt-AR1-expanding-refit21-horizon5,1,0.01975617191,0.0003903063287,-0.05062307822,-0.04057215668,-0.03272619579,,,0.03272756287,0.0004422293088,True,
2021-02-17,2021-02-10,UKX,GJR-skewt-h5,GJR-skewt-AR1-expanding-refit21-horizon5,1,0.0191307011,0.0003659837245,-0.04899046588,-0.03925775164,-0.03166019007,,,0.02818407562,0.0004224206596,True,
2021-02-18,2021-02-11,UKX,GJR-skewt-h5,GJR-skewt-AR1-expanding-refit21-horizon5,1,0.01851661335,0.0003428649698,-0.04741466134,-0.03799436328,-0.03064068035,,,0.01346447705,0.0004978291642,True,
2021-02-19,2021-02-12,UKX,GJR-skewt-h5,GJR-skewt-AR1-expanding-refit21-horizon5,1,0.01804443323,0.0003256015704,-0.0462516961,-0.03707161893,-0.0299054575,,,0.005176447637,0.0005071406086,True,
2021-02-22,2021-02-15,UKX,GJR-skewt-h5,GJR-skewt-AR1-expanding-refit21-horizon5,1,0.01827735906,0.000334061854,-0.04695794499,-0.03765936717,-0.03040070163,,,-0.02152935797,0.000549758629,True,
2021-02-23,2021-02-16,UKX,GJR-skewt-h5,GJR-skewt-AR1-expanding-refit21-horizon5,1,0.01772998696,0.0003143524375,-0.04536955172,-0.0363494486,-0.02930816627,,,-0.0183933172,0.0007429077113,True,
2021-02-24,2021-02-17,UKX,GJR-skewt-h5,GJR-skewt-AR1-expanding-refit21-horizon5,1,0.01781632155,0.0003174213135,-0.04556220214,-0.03649817643,-0.02942260721,,,-0.00776373242,0.0007521440849,True,
2021-02-25,2021-02-18,UKX,GJR-skewt-h5,GJR-skewt-AR1-expanding-refit21-horizon5,1,0.02074661416,0.0004304219989,-0.05309891091,-0.04253645,-0.03429613955,,,0.005245212112,0.0007515828064,True,
2021-02-26,2021-02-19,UKX,GJR-skewt-h5,GJR-skewt-AR1-expanding-refit21-horizon5,1,0.02004768547,0.0004019096929,-0.05138438681,-0.0411777626,-0.03321505838,,,-0.02145436808,0.0009532760405,True,
2021-03-01,2021-02-22,UKX,GJR-skewt-h5,GJR-skewt-AR1-expanding-refit21-horizon5,1,0.01944499217,0.0003781077203,-0.04980939168,-0.03990960909,-0.03218628754,,,-0.003590752025,0.0009007939654,True,
2021-03-02,2021-02-23,UKX,GJR-skewt-h5,GJR-skewt-AR1-expanding-refit21-horizon5,1,0.01882171227,0.0003542568528,-0.04822184336,-0.03863938337,-0.03116362124,,,-0.001827851183,0.0007333732143,True,
2021-03-03,2021-02-24,UKX,GJR-skewt-h5,GJR-skewt-AR1-expanding-refit21-horizon5,1,0.01825807624,0.0003333573481,-0.04678273089,-0.03748722777,-0.03023533522,,,0.002474784717,0.0006993004775,True,
2021-03-04,2021-02-25,UKX,GJR-skewt-h5,GJR-skewt-AR1-expanding-refit21-horizon5,1,0.01772033879,0.0003140104067,-0.04535595457,-0.03633422291,-0.02929591334,,,-0.000165392212,0.0007242486175,True,
2021-03-05,2021-02-26,UKX,GJR-skewt-h5,GJR-skewt-AR1-expanding-refit21-horizon5,1,0.02702072851,0.000730119769,-0.06924543606,-0.05548871477,-0.0447564001,,,0.02243516713,0.0006533752574,True,
2021-03-08,2021-03-01,UKX,GJR-skewt-h5,GJR-skewt-AR1-expanding-refit21-horizon5,1,0.02620512026,0.0006867083276,-0.06739204271,-0.05405056172,-0.04364219702,,,0.01962852657,0.0007413354563,True,
2021-03-09,2021-03-02,UKX,GJR-skewt-h5,GJR-skewt-AR1-expanding-refit21-horizon5,1,0.02523209775,0.000636658757,-0.06480222227,-0.0519561239,-0.04193423226,,,0.01746134448,0.0006897246797,True,
2021-03-10,2021-03-03,UKX,GJR-skewt-h5,GJR-skewt-AR1-expanding-refit21-horizon5,1,0.02437272329,0.0005940296407,-0.06261418118,-0.05020560525,-0.04052504701,,,0.007477047557,0.0006753134866,True,
2021-03-11,2021-03-04,UKX,GJR-skewt-h5,GJR-skewt-AR1-expanding-refit21-horizon5,1,0.02367312887,0.0005604170303,-0.06072666714,-0.04867426686,-0.03927157927,,,0.01286255285,0.000584551409,True,
2021-03-12,2021-03-05,UKX,GJR-skewt-h5,GJR-skewt-AR1-expanding-refit21-horizon5,1,0.02296230771,0.0005272675752,-0.0588931138,-0.04720260489,-0.03808224709,,,0.01956454279,0.0004565845391,True,
2021-03-15,2021-03-08,UKX,GJR-skewt-h5,GJR-skewt-AR1-expanding-refit21-horizon5,1,0.0223155825,0.0004979852223,-0.0573212038,-0.04595995391,-0.03709646773,,,0.004543856762,0.0003474173375,True,
2021-03-16,2021-03-09,UKX,GJR-skewt-h5,GJR-skewt-AR1-expanding-refit21-horizon5,1,0.02153418924,0.000463721306,-0.05523061058,-0.04426718154,-0.03571405556,,,0.01083220805,0.0003297019462,True,
2021-03-17,2021-03-10,UKX,GJR-skewt-h5,GJR-skewt-AR1-expanding-refit21-horizon5,1,0.02080128654,0.0004326935216,-0.053321771,-0.04273147543,-0.03446944975,,,0.00550109202,0.0003028982464,True,
2021-03-18,2021-03-11,UKX,GJR-skewt-h5,GJR-skewt-AR1-expanding-refit21-horizon5,1,0.02010138535,0.0004040656931,-0.05152725802,-0.04129329428,-0.03330926109,,,0.006318159969,0.0003171211398,True,
2021-03-19,2021-03-12,UKX,GJR-skewt-h5,GJR-skewt-AR1-expanding-refit21-horizon5,1,0.01945135985,0.0003783554,-0.04985888366,-0.03995585916,-0.03223000845,,,-0.007839538334,0.0004836433769,True,
2021-03-22,2021-03-15,UKX,GJR-skewt-h5,GJR-skewt-AR1-expanding-refit21-horizon5,1,0.01888024915,0.0003564638081,-0.04834986043,-0.0387375983,-0.03123858601,,,-0.003502592884,0.0004990121629,True,
2021-03-23,2021-03-16,UKX,GJR-skewt-h5,GJR-skewt-AR1-expanding-refit21-horizon5,1,0.01835837172,0.0003370298124,-0.04706010408,-0.03771353879,-0.03042181007,,,-0.01546375287,0.0005131171452,True,
2021-03-24,2021-03-17,UKX,GJR-skewt-h5,GJR-skewt-AR1-expanding-refit21-horizon5,1,0.01845728467,0.0003406713574,-0.0472304413,-0.03783351771,-0.03050250193,,,-0.00739121365,0.0005067415018,True,
2021-03-25,2021-03-18,UKX,GJR-skewt-h5,GJR-skewt-AR1-expanding-refit21-horizon5,1,0.0178923548,0.0003201363602,-0.04582232254,-0.03671301454,-0.02960638224,,,-0.01559366987,0.0005639260373,True,
2021-03-26,2021-03-19,UKX,GJR-skewt-h5,GJR-skewt-AR1-expanding-refit21-horizon5,1,0.01935497811,0.0003746151778,-0.04957239355,-0.03968787294,-0.03198321924,,,0.004743735678,0.0003720101799,True,
2021-03-29,2021-03-22,UKX,GJR-skewt-h5,GJR-skewt-AR1-expanding-refit21-horizon5,1,0.01874165043,0.000351249461,-0.04807505082,-0.03850375454,-0.03104324875,,,0.001500501203,0.0003553419262,True,
2021-03-30,2021-03-23,UKX,GJR-skewt-h5,GJR-skewt-AR1-expanding-refit21-horizon5,1,0.01845220127,0.0003404837318,-0.04728093448,-0.03785745889,-0.0305121744,,,0.01082309993,0.0003249132719,True,
2021-03-31,2021-03-24,UKX,GJR-skewt-h5,GJR-skewt-AR1-expanding-refit21-horizon5,1,0.01788752778,0.00031996365,-0.04586114844,-0.03672604966,-0.02960554525,,,0.0001043006003,0.0003324272137,True,
2021-04-01,2021-03-25,UKX,GJR-skewt-h5,GJR-skewt-AR1-expanding-refit21-horizon5,1,0.01796464406,0.0003227284362,-0.04600779235,-0.03683331055,-0.02968210839,,,0.009320010174,0.0002470978219,True,
2021-04-06,2021-03-26,UKX,GJR-skewt-h5,GJR-skewt-AR1-expanding-refit21-horizon5,1,0.01753919323,0.0003076232991,-0.04501291034,-0.03605570481,-0.02907386225,,,0.01223824992,0.0002779435748,True,
2021-04-07,2021-03-29,UKX,GJR-skewt-h5,GJR-skewt-AR1-expanding-refit21-horizon5,1,0.01703142797,0.0002900695387,-0.04362743457,-0.03492954301,-0.02814982703,,,0.02189267924,0.000274818084,True,
2021-04-08,2021-03-30,UKX,GJR-skewt-h5,GJR-skewt-AR1-expanding-refit21-horizon5,1,0.01658037888,0.0002749089638,-0.04250110602,-0.03403356367,-0.02743339721,,,0.02480750994,0.0002851572514,True,
2021-04-09,2021-03-31,UKX,GJR-skewt-h5,GJR-skewt-AR1-expanding-refit21-horizon5,1,0.01759378221,0.0003095411724,-0.04502772599,-0.03604264205,-0.02903906921,,,0.02967328638,0.0002687576054,True,
2021-04-12,2021-04-01,UKX,GJR-skewt-h5,GJR-skewt-AR1-expanding-refit21-horizon5,1,0.01708853627,0.0002920180718,-0.04380377943,-0.03507672286,-0.02827427372,,,0.02228124438,0.0002720371282,True,
2021-04-13,2021-04-06,UKX,GJR-skewt-h5,GJR-skewt-AR1-expanding-refit21-horizon5,1,0.01680576881,0.0002824338652,-0.0431350357,-0.03455238749,-0.02786249986,,,0.009756445147,0.0002559605068,True,
2021-04-14,2021-04-07,UKX,GJR-skewt-h5,GJR-skewt-AR1-expanding-refit21-horizon5,1,0.01643929148,0.0002702503045,-0.04216123676,-0.03376574726,-0.02722174359,,,0.007855474197,0.0002281018533,True,
2021-04-15,2021-04-08,UKX,GJR-skewt-h5,GJR-skewt-AR1-expanding-refit21-horizon5,1,0.01607869513,0.0002585244369,-0.04122286848,-0.0330115343,-0.02661107355,,,0.005931468509,0.0002130879153,True,
2021-04-16,2021-04-09,UKX,GJR-skewt-h5,GJR-skewt-AR1-expanding-refit21-horizon5,1,0.01595390859,0.0002545271992,-0.04081761206,-0.03267000593,-0.02631921907,,,0.01488336967,0.0002164219471,True,
2021-04-19,2021-04-12,UKX,GJR-skewt-h5,GJR-skewt-AR1-expanding-refit21-horizon5,1,0.01586169312,0.0002515933086,-0.04057859517,-0.03247808316,-0.02616400459,,,0.01598398204,0.0002182715698,True,
2021-04-20,2021-04-13,UKX,GJR-skewt-h5,GJR-skewt-AR1-expanding-refit21-horizon5,1,0.01544572414,0.0002385703942,-0.03953006668,-0.03164198861,-0.02549349519,,,-0.004450801246,0.0002367314334,True,
2021-04-21,2021-04-14,UKX,GJR-skewt-h5,GJR-skewt-AR1-expanding-refit21-horizon5,1,0.01512586633,0.0002287918322,-0.03874956839,-0.0310248406,-0.02500367327,,,-0.006404158283,0.0002742107814,True,
2021-04-22,2021-04-15,UKX,GJR-skewt-h5,GJR-skewt-AR1-expanding-refit21-horizon5,1,0.01481308602,0.0002194275175,-0.03793477309,-0.03036978111,-0.02447312252,,,-0.006507820775,0.0002826867597,True,
2021-04-23,2021-04-16,UKX,GJR-skewt-h5,GJR-skewt-AR1-expanding-refit21-horizon5,1,0.01450159225,0.0002102961777,-0.03712077688,-0.0297148637,-0.02394220172,,,-0.01159195124,0.0002792245537,True,
2021-04-26,2021-04-19,UKX,GJR-skewt-h5,GJR-skewt-AR1-expanding-refit21-horizon5,1,0.01435329047,0.0002060169472,-0.03668292671,-0.02935275075,-0.02363912339,,,-0.00529965711,0.0002804568093,True,
2021-04-27,2021-04-20,UKX,GJR-skewt-h5,GJR-skewt-AR1-expanding-refit21-horizon5,1,0.02160174544,0.0004666354063,-0.05531983459,-0.04428789765,-0.03568887125,,,0.01232912612,0.0002438377759,True,
2021-04-28,2021-04-21,UKX,GJR-skewt-h5,GJR-skewt-AR1-expanding-refit21-horizon5,1,0.0208684038,0.0004354902773,-0.05361438923,-0.04294289021,-0.03462638794,,,0.009870978481,0.0002138657,True,
2021-04-29,2021-04-22,UKX,GJR-skewt-h5,GJR-skewt-AR1-expanding-refit21-horizon5,1,0.02020809499,0.000408367103,-0.05191159477,-0.04157775862,-0.03352440344,,,0.003352565379,0.0002224378367,True,
2021-04-30,2021-04-23,UKX,GJR-skewt-h5,GJR-skewt-AR1-expanding-refit21-horizon5,1,0.01954354987,0.0003819503416,-0.05015026654,-0.04015625956,-0.03236773973,,,0.004486462792,0.0002416814861,True,
2021-05-04,2021-04-26,UKX,GJR-skewt-h5,GJR-skewt-AR1-expanding-refit21-horizon5,1,0.01892898336,0.0003583064112,-0.04858184761,-0.0389021122,-0.03135851017,,,-0.005746672903,0.0003444554098,True,
2021-05-05,2021-04-27,UKX,GJR-skewt-h5,GJR-skewt-AR1-expanding-refit21-horizon5,1,0.0184611366,0.0003408135647,-0.04732995246,-0.03788946037,-0.03053230522,,,0.0134867295,0.0003301343361,True,
2021-05-06,2021-04-28,UKX,GJR-skewt-h5,GJR-skewt-AR1-expanding-refit21-horizon5,1,0.01790193188,0.0003204791649,-0.04591693834,-0.0367624074,-0.02962810721,,,0.01602609772,0.0003501804321,True,
2021-05-07,2021-04-29,UKX,GJR-skewt-h5,GJR-skewt-AR1-expanding-refit21-horizon5,1,0.01736958065,0.000301702332,-0.04451864721,-0.03563634531,-0.0287141984,,,0.02387421679,0.0003629139415,True,
2021-05-10,2021-04-30,UKX,GJR-skewt-h5,GJR-skewt-AR1-expanding-refit21-horizon5,1,0.01686682974,0.0002844899456,-0.04322681189,-0.03460160229,-0.02787981229,,,0.02184077876,0.000345717996,True,
2021-05-11,2021-05-04,UKX,GJR-skewt-h5,GJR-skewt-AR1-expanding-refit21-horizon5,1,0.01728099803,0.0002986328929,-0.04424704744,-0.03541004413,-0.02852319928,,,0.003575729725,0.0004004600382,True,
2021-05-12,2021-05-05,UKX,GJR-skewt-h5,GJR-skewt-AR1-expanding-refit21-horizon5,1,0.01712631306,0.0002933105989,-0.04400069576,-0.03524279388,-0.02841759427,,,-0.004941615624,0.0004947738905,True,
2021-05-13,2021-05-06,UKX,GJR-skewt-h5,GJR-skewt-AR1-expanding-refit21-horizon5,1,0.0166717879,0.0002779485119,-0.04274844965,-0.03422297881,-0.02757891713,,,-0.0160835961,0.0005978754942,True,
2021-05-14,2021-05-07,UKX,GJR-skewt-h5,GJR-skewt-AR1-expanding-refit21-horizon5,1,0.01628254697,0.0002651213359,-0.04175579049,-0.03342936622,-0.02694042532,,,-0.01214976814,0.0005825017056,True,
2021-05-17,2021-05-10,UKX,GJR-skewt-h5,GJR-skewt-AR1-expanding-refit21-horizon5,1,0.01585882581,0.0002515023561,-0.04060331123,-0.03249356572,-0.02617348671,,,-0.01282815613,0.0006033430117,True,
2021-05-18,2021-05-11,UKX,GJR-skewt-h5,GJR-skewt-AR1-expanding-refit21-horizon5,1,0.02542330465,0.0006463444191,-0.06520960682,-0.05220886307,-0.04207713604,,,0.01233014631,0.0004643887904,True,
2021-05-19,2021-05-12,UKX,GJR-skewt-h5,GJR-skewt-AR1-expanding-refit21-horizon5,1,0.02453887491,0.0006021563821,-0.06313809076,-0.05058961883,-0.04081035584,,,-0.007796625889,0.0005059781191,True,
2021-05-20,2021-05-13,UKX,GJR-skewt-h5,GJR-skewt-AR1-expanding-refit21-horizon5,1,0.02412653273,0.0005820895814,-0.06197773207,-0.04964012002,-0.04002518415,,,0.008081227912,0.0004118538605,True,
2021-05-21,2021-05-14,UKX,GJR-skewt-h5,GJR-skewt-AR1-expanding-refit21-horizon5,1,0.02337266192,0.0005462813254,-0.06014051429,-0.04818841,-0.03887390766,,,-0.003626876925,0.0004308277507,True,
2021-05-24,2021-05-17,UKX,GJR-skewt-h5,GJR-skewt-AR1-expanding-refit21-horizon5,1,0.02257344267,0.0005095603139,-0.05798527286,-0.04644186621,-0.03744586972,,,0.002655430716,0.0004027316645,True,
2021-05-25,2021-05-18,UKX,GJR-skewt-h5,GJR-skewt-AR1-expanding-refit21-horizon5,1,0.02178211917,0.0004744607155,-0.0559475298,-0.04480878314,-0.03612814588,,,-0.0006257665206,0.0003731455677,True,
2021-05-26,2021-05-19,UKX,GJR-skewt-h5,GJR-skewt-AR1-expanding-refit21-horizon5,1,0.02318242482,0.0005374248207,-0.05949281638,-0.04763799384,-0.03839930503,,,0.01097516314,0.0002656404432,True,
2021-05-27,2021-05-20,UKX,GJR-skewt-h5,GJR-skewt-AR1-expanding-refit21-horizon5,1,0.02245106734,0.0005040504246,-0.0577442697,-0.04626344226,-0.03731621494,,,-1.41899639e-05,0.0002479868903,True,
2021-05-28,2021-05-21,UKX,GJR-skewt-h5,GJR-skewt-AR1-expanding-refit21-horizon5,1,0.02165342789,0.0004688709394,-0.05566606257,-0.0445565056,-0.03590722192,,,0.0006409936958,0.000221202489,True,
2021-06-01,2021-05-24,UKX,GJR-skewt-h5,GJR-skewt-AR1-expanding-refit21-horizon5,1,0.02093898446,0.0004384410702,-0.05385098811,-0.04310798511,-0.03474407999,,,0.004089971354,0.0002343556926,True,
2021-06-02,2021-05-25,UKX,GJR-skewt-h5,GJR-skewt-AR1-expanding-refit21-horizon5,1,0.02039789731,0.0004160742145,-0.05239041839,-0.04192502679,-0.03377725448,,,0.01106268211,0.0002474770576,True,
2021-06-03,2021-05-26,UKX,GJR-skewt-h5,GJR-skewt-AR1-expanding-refit21-horizon5,1,0.01973302447,0.0003893922546,-0.05068672609,-0.04056245567,-0.03268026135,,,0.005322445628,0.0002344248643,True,
2021-06-04,2021-05-27,UKX,GJR-skewt-h5,GJR-skewt-AR1-expanding-refit21-horizon5,1,0.01912093093,0.0003656099997,-0.04909553643,-0.03928530811,-0.03164760951,,,0.006998517327,0.0002142436361,True,
2021-06-07,2021-05-28,UKX,GJR-skewt-h5,GJR-skewt-AR1-expanding-refit21-horizon5,1,0.01852153838,0.0003430473841,-0.04755239539,-0.03804969278,-0.0306514166,,,0.007744843016,0.0002367149692,True,
2021-06-08,2021-06-01,UKX,GJR-skewt-h5,GJR-skewt-AR1-expanding-refit21-horizon5,1,0.01803336795,0.0003252023596,-0.04634447315,-0.03709223237,-0.02988895186,,,0.002059892076,0.0002177705169,True,
2021-06-09,2021-06-02,UKX,GJR-skewt-h5,GJR-skewt-AR1-expanding-refit21-horizon5,1,0.01751292169,0.0003067024261,-0.04496339891,-0.03597817947,-0.02898278694,,,-0.003805769623,0.0002063478977,True,
2021-06-10,2021-06-03,UKX,GJR-skewt-h5,GJR-skewt-AR1-expanding-refit21-horizon5,1,0.0177203567,0.0003140110417,-0.0454271403,-0.03633549378,-0.02925724304,,,0.003363384152,0.0001975193301,True,
2021-06-11,2021-06-04,UKX,GJR-skewt-h5,GJR-skewt-AR1-expanding-refit21-horizon5,1,0.01720020173,0.0002958469397,-0.04412897483,-0.0353042002,-0.02843372108,,,0.009167090768,0.0001894005174,True,
2021-06-14,2021-06-07,UKX,GJR-skewt-h5,GJR-skewt-AR1-expanding-refit21-horizon5,1,0.01671126426,0.0002792663533,-0.04286529846,-0.0342913792,-0.02761620213,,,0.009772362178,0.0001623373528,True,
2021-06-15,2021-06-08,UKX,GJR-skewt-h5,GJR-skewt-AR1-expanding-refit21-horizon5,1,0.01625734954,0.0002643014141,-0.04169873878,-0.03335770604,-0.02686384148,,,0.01084985012,0.000171481524,True,
2021-06-16,2021-06-09,UKX,GJR-skewt-h5,GJR-skewt-AR1-expanding-refit21-horizon5,1,0.0159089852,0.0002530958101,-0.04076240327,-0.03260010314,-0.02624538984,,,0.01458037886,0.0001695667274,True,
2021-06-17,2021-06-10,UKX,GJR-skewt-h5,GJR-skewt-AR1-expanding-refit21-horizon5,1,0.01549645229,0.0002401400336,-0.03971520182,-0.03176455675,-0.02557462634,,,0.009156297336,0.000177329263,True,
2021-06-18,2021-06-11,UKX,GJR-skewt-h5,GJR-skewt-AR1-expanding-refit21-horizon5,1,0.01516492741,0.0002299750234,-0.03889593306,-0.0311153809,-0.02505787537,,,-0.0164790887,0.0002532461122,True,
2021-06-21,2021-06-14,UKX,GJR-skewt-h5,GJR-skewt-AR1-expanding-refit21-horizon5,1,0.01480126907,0.0002190775661,-0.03791866368,-0.0303246909,-0.02441244571,,,-0.01187998911,0.0003294499629,True,
2021-06-22,2021-06-15,UKX,GJR-skewt-h5,GJR-skewt-AR1-expanding-refit21-horizon5,1,0.01447443866,0.0002095093745,-0.03708501552,-0.0296587271,-0.02387703162,,,-0.01156892833,0.000348275748,True,
2021-06-23,2021-06-16,UKX,GJR-skewt-h5,GJR-skewt-AR1-expanding-refit21-horizon5,1,0.01415440902,0.0002003472947,-0.03624169745,-0.02897960416,-0.02332574189,,,-0.01555527872,0.0003767908678,True,
2021-06-24,2021-06-17,UKX,GJR-skewt-h5,GJR-skewt-AR1-expanding-refit21-horizon5,1,0.01431086509,0.0002048008595,-0.03660191026,-0.02925954526,-0.0235431879,,,-0.006085510639,0.0003845137076,True,
2021-06-25,2021-06-18,UKX,GJR-skewt-h5,GJR-skewt-AR1-expanding-refit21-horizon5,1,0.02087289945,0.0004356779314,-0.05350308735,-0.04279399008,-0.03445648207,,,0.01675939311,0.0003100852099,True,
2021-06-28,2021-06-21,UKX,GJR-skewt-h5,GJR-skewt-AR1-expanding-refit21-horizon5,1,0.02021739409,0.000408743024,-0.05199229169,-0.04161950948,-0.03354383769,,,0.001513968177,0.0002486195126,True,
2021-06-29,2021-06-22,UKX,GJR-skewt-h5,GJR-skewt-AR1-expanding-refit21-horizon5,1,0.019563052,0.0003827130035,-0.05034016778,-0.0402673132,-0.03243306346,,,-0.000338548416,0.0002390636274,True,
2021-06-30,2021-06-23,UKX,GJR-skewt-h5,GJR-skewt-AR1-expanding-refit21-horizon5,1,0.01902758047,0.0003620488186,-0.04890354256,-0.03910639787,-0.03148658387,,,-0.005187247345,0.0002785466219,True,
2021-07-01,2021-06-24,UKX,GJR-skewt-h5,GJR-skewt-AR1-expanding-refit21-horizon5,1,0.01846051231,0.0003407905147,-0.04748728464,-0.03798211869,-0.03058939367,,,0.00213557949,0.0003219734618,True,
2021-07-02,2021-06-25,UKX,GJR-skewt-h5,GJR-skewt-AR1-expanding-refit21-horizon5,1,0.01791214374,0.0003208448934,-0.04605338556,-0.03683057006,-0.02965744557,,,-0.001795348544,0.0003414328002,True,
2021-07-05,2021-06-28,UKX,GJR-skewt-h5,GJR-skewt-AR1-expanding-refit21-horizon5,1,0.01880213634,0.000353520331,-0.04826795781,-0.03858689245,-0.03105736015,,,0.01290937272,0.0003231284486,True,
2021-07-06,2021-06-29,UKX,GJR-skewt-h5,GJR-skewt-AR1-expanding-refit21-horizon5,1,0.01822298489,0.0003320771782,-0.04684798433,-0.03746511929,-0.03016751487,,,0.001874730649,0.0003633909146,True,
2021-07-07,2021-06-30,UKX,GJR-skewt-h5,GJR-skewt-AR1-expanding-refit21-horizon5,1,0.01858455436,0.0003453856608,-0.04771682264,-0.03814778845,-0.03070538936,,,0.0159992136,0.0003145379104,True,
2021-07-08,2021-07-01,UKX,GJR-skewt-h5,GJR-skewt-AR1-expanding-refit21-horizon5,1,0.01819388026,0.0003310172791,-0.04685091841,-0.0374830391,-0.03019708996,,,-0.01335152145,0.0004111117026,True,
2021-07-09,2021-07-02,UKX,GJR-skewt-h5,GJR-skewt-AR1-expanding-refit21-horizon5,1,0.01764602527,0.0003113822078,-0.04533280058,-0.03624700731,-0.02918045302,,,-0.000196543824,0.0004517399579,True,
2021-07-12,2021-07-05,UKX,GJR-skewt-h5,GJR-skewt-AR1-expanding-refit21-horizon5,1,0.01717002749,0.0002948098439,-0.04414365861,-0.03530295268,-0.02842701719,,,-0.005528239596,0.0004818964467,True,
2021-07-13,2021-07-06,UKX,GJR-skewt-h5,GJR-skewt-AR1-expanding-refit21-horizon5,1,0.01818147916,0.0003305661844,-0.04665637157,-0.03729487749,-0.03001389452,,,0.003346124598,0.0004376068433,True,
2021-07-14,2021-07-07,UKX,GJR-skewt-h5,GJR-skewt-AR1-expanding-refit21-horizon5,1,0.01769135695,0.0003129841107,-0.045505933,-0.03639679881,-0.02931209093,,,-0.008397600877,0.0004375070761,True,
2021-07-15,2021-07-08,UKX,GJR-skewt-h5,GJR-skewt-AR1-expanding-refit21-horizon5,1,0.02192814312,0.0004808434606,-0.05631994996,-0.04502932942,-0.03624795166,,,-0.002663334797,0.0003570361071,True,
2021-07-16,2021-07-09,UKX,GJR-skewt-h5,GJR-skewt-AR1-expanding-refit21-horizon5,1,0.02133963025,0.0004553798194,-0.05501943685,-0.04403183675,-0.03548613575,,,-0.01610789307,0.0003595392595,True,
2021-07-19,2021-07-12,UKX,GJR-skewt-h5,GJR-skewt-AR1-expanding-refit21-horizon5,1,0.02061787408,0.0004250967317,-0.05305190023,-0.04243592644,-0.03417926103,,,-0.04023506582,0.0004751176991,True,
2021-07-20,2021-07-13,UKX,GJR-skewt-h5,GJR-skewt-AR1-expanding-refit21-horizon5,1,0.01993514628,0.0003974100571,-0.05127542086,-0.041010978,-0.03302771881,,,-0.03478911025,0.0005780314138,True,
2021-07-21,2021-07-14,UKX,GJR-skewt-h5,GJR-skewt-AR1-expanding-refit21-horizon5,1,0.01967047696,0.0003869276636,-0.050553398,-0.04042523119,-0.03254796189,,,-0.01318737164,0.0006152237066,True,
2021-07-22,2021-07-15,UKX,GJR-skewt-h5,GJR-skewt-AR1-expanding-refit21-horizon5,1,0.02110678471,0.0004454963608,-0.05423173321,-0.04336402336,-0.03491156805,,,-0.006251702459,0.0005785674727,True,
2021-07-23,2021-07-16,UKX,GJR-skewt-h5,GJR-skewt-AR1-expanding-refit21-horizon5,1,0.02040574218,0.0004163943138,-0.05249335448,-0.04198660566,-0.03381489091,,,0.002778630531,0.0005335398807,True,
2021-07-26,2021-07-19,UKX,GJR-skewt-h5,GJR-skewt-AR1-expanding-refit21-horizon5,1,0.0274175321,0.0007517210666,-0.07051677485,-0.05639971308,-0.0454200462,,,0.0261013538,0.0003960049006,True,
2021-07-27,2021-07-20,UKX,GJR-skewt-h5,GJR-skewt-AR1-expanding-refit21-horizon5,1,0.0264056873,0.0006972603216,-0.06811089967,-0.05451482846,-0.04394036651,,,0.01657432782,0.0003446042843,True,
2021-07-28,2021-07-21,UKX,GJR-skewt-h5,GJR-skewt-AR1-expanding-refit21-horizon5,1,0.02567106864,0.000659003765,-0.06634887072,-0.05312602195,-0.04284045475,,,0.00261154964,0.0003014222296,True,
2021-07-29,2021-07-22,UKX,GJR-skewt-h5,GJR-skewt-AR1-expanding-refit21-horizon5,1,0.02495880574,0.0006229419838,-0.06431680268,-0.05146083169,-0.04146064521,,,0.01567661502,0.0002755705749,True,
2021-07-30,2021-07-23,UKX,GJR-skewt-h5,GJR-skewt-AR1-expanding-refit21-horizon5,1,0.02411235544,0.000581405685,-0.06222914261,-0.04980916766,-0.04014812644,,,0.0006685264054,0.0003130352578,True,
2021-08-02,2021-07-26,UKX,GJR-skewt-h5,GJR-skewt-AR1-expanding-refit21-horizon5,1,0.02324788464,0.0005404641401,-0.0599087859,-0.04793408913,-0.03861941341,,,0.007981880262,0.0003360594567,True,
2021-08-03,2021-07-27,UKX,GJR-skewt-h5,GJR-skewt-AR1-expanding-refit21-horizon5,1,0.02268687522,0.0005146943074,-0.05841879743,-0.04673306964,-0.03764317226,,,0.01554444136,0.0002893096081,True,
2021-08-04,2021-07-28,UKX,GJR-skewt-h5,GJR-skewt-AR1-expanding-refit21-horizon5,1,0.02190234068,0.0004797125273,-0.05644304746,-0.04516142367,-0.03638586391,,,0.01517653032,0.0002806200512,True,
2021-08-05,2021-07-29,UKX,GJR-skewt-h5,GJR-skewt-AR1-expanding-refit21-horizon5,1,0.02122871196,0.0004506582114,-0.05474437818,-0.04380973218,-0.03530407367,,,0.005916010237,0.000264366375,True,
2021-08-06,2021-07-30,UKX,GJR-skewt-h5,GJR-skewt-AR1-expanding-refit21-horizon5,1,0.02117541473,0.0004483981888,-0.05447401975,-0.0435668265,-0.03508252247,,,0.01281519114,0.0002064382068,True,
2021-08-09,2021-08-02,UKX,GJR-skewt-h5,GJR-skewt-AR1-expanding-refit21-horizon5,1,0.02051260646,0.0004207670238,-0.05286977329,-0.04230398434,-0.03408524616,,,0.0071197163,0.000171397169,True,
2021-08-10,2021-08-03,UKX,GJR-skewt-h5,GJR-skewt-AR1-expanding-refit21-horizon5,1,0.01984805142,0.0003939451454,-0.0511130803,-0.04088959541,-0.03293712293,,,0.007752329719,0.000139102147,True,
2021-08-11,2021-08-04,UKX,GJR-skewt-h5,GJR-skewt-AR1-expanding-refit21-horizon5,1,0.01921442128,0.000369193985,-0.04946075808,-0.03956364821,-0.03186505085,,,0.01341350228,0.0001317615712,True,
2021-08-12,2021-08-05,UKX,GJR-skewt-h5,GJR-skewt-AR1-expanding-refit21-horizon5,1,0.01861412964,0.0003464858221,-0.04787581754,-0.03828791044,-0.03082983054,,,0.01017227256,0.0001199202934,True,
2021-08-13,2021-08-06,UKX,GJR-skewt-h5,GJR-skewt-AR1-expanding-refit21-horizon5,1,0.01804206202,0.0003255160019,-0.04639784463,-0.03710460246,-0.02987573155,,,0.01334592331,0.0001179259027,True,
2021-08-16,2021-08-09,UKX,GJR-skewt-h5,GJR-skewt-AR1-expanding-refit21-horizon5,1,0.01750416955,0.0003063959515,-0.04500932359,-0.03599314315,-0.02897978836,,,0.003037905123,0.0001480036519,True,
2021-08-17,2021-08-10,UKX,GJR-skewt-h5,GJR-skewt-AR1-expanding-refit21-horizon5,1,0.01701511596,0.000289514171,-0.04376288873,-0.03499861373,-0.0281812069,,,0.002802952289,0.0001647369233,True,
2021-08-18,2021-08-11,UKX,GJR-skewt-h5,GJR-skewt-AR1-expanding-refit21-horizon5,1,0.0166219378,0.0002762888161,-0.04277826009,-0.03421650628,-0.02755663323,,,-0.007060823163,0.0001676824465,True,
2021-08-19,2021-08-12,UKX,GJR-skewt-h5,GJR-skewt-AR1-expanding-refit21-horizon5,1,0.0164427302,0.0002703633763,-0.04220988026,-0.03374043405,-0.0271523637,,,-0.0188469443,0.0002842246012,True,
2021-08-20,2021-08-13,UKX,GJR-skewt-h5,GJR-skewt-AR1-expanding-refit21-horizon5,1,0.016012158,0.0002563892038,-0.04115461815,-0.03290695435,-0.02649140035,,,-0.01828581728,0.0003449840522,True,
2021-08-23,2021-08-16,UKX,GJR-skewt-h5,GJR-skewt-AR1-expanding-refit21-horizon5,1,0.01720366197,0.0002959659853,-0.0441401675,-0.03527877479,-0.02838582367,,,-0.006310053891,0.0003167015645,True,
2021-08-24,2021-08-17,UKX,GJR-skewt-h5,GJR-skewt-AR1-expanding-refit21-horizon5,1,0.01672924674,0.0002798676966,-0.04301861015,-0.03440158283,-0.02769871455,,,-0.007730615128,0.0003117280521,True,
2021-08-25,2021-08-18,UKX,GJR-skewt-h5,GJR-skewt-AR1-expanding-refit21-horizon5,1,0.01632307371,0.0002664427352,-0.0419172024,-0.03350938977,-0.02696926189,,,-0.002681637309,0.0003001234088,True,
2021-08-26,2021-08-19,UKX,GJR-skewt-h5,GJR-skewt-AR1-expanding-refit21-horizon5,1,0.02021261909,0.0004085499705,-0.05191815021,-0.04149056059,-0.03338224566,,,0.009320508038,0.0002071776856,True,
2021-08-27,2021-08-20,UKX,GJR-skewt-h5,GJR-skewt-AR1-expanding-refit21-horizon5,1,0.01956839242,0.0003829219818,-0.05042780485,-0.04033256858,-0.0324826859,,,0.008443506273,0.0001587321874,True,
2021-08-31,2021-08-23,UKX,GJR-skewt-h5,GJR-skewt-AR1-expanding-refit21-horizon5,1,0.01895258407,0.0003592004428,-0.0488173051,-0.03903976128,-0.03143691082,,,0.001504030146,0.000173598203,True,
2021-09-01,2021-08-24,UKX,GJR-skewt-h5,GJR-skewt-AR1-expanding-refit21-horizon5,1,0.01836738826,0.0003373609515,-0.0472911592,-0.03781551499,-0.03044741649,,,0.003362383825,0.0001814830222,True,
2021-09-02,2021-08-25,UKX,GJR-skewt-h5,GJR-skewt-AR1-expanding-refit21-horizon5,1,0.01782255689,0.0003176435343,-0.04588537159,-0.03669080317,-0.02954126438,,,0.001928155411,0.0001820162869,True,
2021-09-03,2021-08-26,UKX,GJR-skewt-h5,GJR-skewt-AR1-expanding-refit21-horizon5,1,0.01753071488,0.0003073259641,-0.04506240824,-0.03601839967,-0.02898593363,,,0.00187892172,0.0001855272366,True,
2021-09-06,2021-08-27,UKX,GJR-skewt-h5,GJR-skewt-AR1-expanding-refit21-horizon5,1,0.01703248482,0.0002901055391,-0.04383095427,-0.0350439801,-0.02821137962,,,0.005469095956,0.0001746533663,True,
2021-09-07,2021-08-31,UKX,GJR-skewt-h5,GJR-skewt-AR1-expanding-refit21-horizon5,1,0.01686254004,0.0002843452566,-0.04332218353,-0.03462288303,-0.02785845608,,,0.0041628063,0.0001559222253,True,
2021-09-08,2021-09-01,UKX,GJR-skewt-h5,GJR-skewt-AR1-expanding-refit21-horizon5,1,0.01641343128,0.0002694007263,-0.04223187682,-0.0337642693,-0.02718000284,,,-0.007623576721,0.0002036943026,True,
2021-09-09,2021-09-02,UKX,GJR-skewt-h5,GJR-skewt-AR1-expanding-refit21-horizon5,1,0.01597364549,0.0002551573503,-0.04106822477,-0.03282750055,-0.02641965465,,,-0.01969315425,0.0002697741321,True,
2021-09-10,2021-09-03,UKX,GJR-skewt-h5,GJR-skewt-AR1-expanding-refit21-horizon5,1,0.01582608715,0.0002504650346,-0.04063308165,-0.03246848204,-0.02611982933,,,-0.0154157188,0.0002605412593,True,
2021-09-13,2021-09-06,UKX,GJR-skewt-h5,GJR-skewt-AR1-expanding-refit21-horizon5,1,0.01548051574,0.0002396463674,-0.03983228753,-0.03184596649,-0.02563594015,,,-0.01666756117,0.0002713582525,True,
2021-09-14,2021-09-07,UKX,GJR-skewt-h5,GJR-skewt-AR1-expanding-refit21-horizon5,1,0.01567840436,0.0002458123634,-0.04023341528,-0.03214500448,-0.0258555949,,,-0.01625865885,0.0003040010829,True,
2021-09-15,2021-09-08,UKX,GJR-skewt-h5,GJR-skewt-AR1-expanding-refit21-horizon5,1,0.01647917122,0.0002715630841,-0.04229246798,-0.03379094555,-0.02718030743,,,-0.01119626208,0.0002562608943,True,
2021-09-16,2021-09-09,UKX,GJR-skewt-h5,GJR-skewt-AR1-expanding-refit21-horizon5,1,0.01801582593,0.0003245699839,-0.04626124249,-0.03696696754,-0.02973989866,,,0.0004696663053,0.0002027572569,True,
2021-09-17,2021-09-10,UKX,GJR-skewt-h5,GJR-skewt-AR1-expanding-refit21-horizon5,1,0.01747760431,0.0003054666523,-0.04496395592,-0.03594734682,-0.02893618615,,,-0.009376333005,0.0002708687464,True,
2021-09-20,2021-09-13,UKX,GJR-skewt-h5,GJR-skewt-AR1-expanding-refit21-horizon5,1,0.01700891667,0.0002893032462,-0.04379158582,-0.03501677034,-0.02819362425,,,-0.02354767696,0.0003971883791,True,
2021-09-21,2021-09-14,UKX,GJR-skewt-h5,GJR-skewt-AR1-expanding-refit21-horizon5,1,0.01698909279,0.0002886292738,-0.04364259447,-0.03487800604,-0.02806281231,,,-0.007577591561,0.0004188461879,True,
2021-09-22,2021-09-15,UKX,GJR-skewt-h5,GJR-skewt-AR1-expanding-refit21-horizon5,1,0.01664522604,0.0002770635498,-0.04277123892,-0.03418404963,-0.02750679844,,,0.009489486375,0.0004189815611,True,
2021-09-23,2021-09-16,UKX,GJR-skewt-h5,GJR-skewt-AR1-expanding-refit21-horizon5,1,0.01618939876,0.0002620966323,-0.04162500818,-0.03327297792,-0.02677858235,,,0.007216855819,0.0004631700299,True,
2021-09-24,2021-09-17,UKX,GJR-skewt-h5,GJR-skewt-AR1-expanding-refit21-horizon5,1,0.01740034567,0.0003027720294,-0.04467116024,-0.03569440849,-0.02871424021,,,0.01254376407,0.0004250711969,True,
2021-09-27,2021-09-20,UKX,GJR-skewt-h5,GJR-skewt-AR1-expanding-refit21-horizon5,1,0.01827800166,0.0003340853447,-0.0469817784,-0.03755131149,-0.03021834073,,,0.02284005298,0.0003091157853,True,
2021-09-28,2021-09-21,UKX,GJR-skewt-h5,GJR-skewt-AR1-expanding-refit21-horizon5,1,0.01787671226,0.0003195768413,-0.04612461836,-0.03690119522,-0.02972921817,,,0.006724239978,0.000306165662,True,
2021-09-29,2021-09-22,UKX,GJR-skewt-h5,GJR-skewt-AR1-expanding-refit21-horizon5,1,0.0176232185,0.0003105778303,-0.04549848266,-0.03640584869,-0.02933557107,,,0.003495070048,0.0003343399996,True,
2021-09-30,2021-09-23,UKX,GJR-skewt-h5,GJR-skewt-AR1-expanding-refit21-horizon5,1,0.01711324215,0.000292863057,-0.04402974274,-0.03520022917,-0.0283345495,,,0.001129560733,0.000352713104,True,
2021-10-01,2021-09-24,UKX,GJR-skewt-h5,GJR-skewt-AR1-expanding-refit21-horizon5,1,0.01691597061,0.0002861500618,-0.04348798755,-0.03476025549,-0.02797371939,,,-0.003466243275,0.0004111653686,True,
2021-10-04,2021-09-27,UKX,GJR-skewt-h5,GJR-skewt-AR1-expanding-refit21-horizon5,1,0.01644270947,0.0002703626947,-0.04230999996,-0.03382644522,-0.02722977727,,,-0.007446163886,0.0004860150935,True,
2021-10-05,2021-09-28,UKX,GJR-skewt-h5,GJR-skewt-AR1-expanding-refit21-horizon5,1,0.01650370891,0.0002723724077,-0.04240548774,-0.03389046057,-0.02726932019,,,0.006947820153,0.0004573639672,True,
2021-10-06,2021-09-29,UKX,GJR-skewt-h5,GJR-skewt-AR1-expanding-refit21-horizon5,1,0.01622987523,0.0002634088501,-0.04184775843,-0.03347401472,-0.02696273396,,,-0.01592482548,0.0005216625406,True,
2021-10-07,2021-09-30,UKX,GJR-skewt-h5,GJR-skewt-AR1-expanding-refit21-horizon5,1,0.01598199769,0.0002554242502,-0.04106815936,-0.03282230715,-0.02641047264,,,-0.001186058435,0.0004640586867,True,
2021-10-08,2021-10-01,UKX,GJR-skewt-h5,GJR-skewt-AR1-expanding-refit21-horizon5,1,0.01699145464,0.0002887095308,-0.04364087471,-0.03487419694,-0.02805737733,,,0.009700770565,0.0003788782826,True,
2021-10-11,2021-10-04,UKX,GJR-skewt-h5,GJR-skewt-AR1-expanding-refit21-horizon5,1,0.01662748836,0.0002764733691,-0.04275266431,-0.03417377359,-0.027502974,,,0.01919833832,0.0003294311751,True,
2021-10-12,2021-10-05,UKX,GJR-skewt-h5,GJR-skewt-AR1-expanding-refit21-horizon5,1,0.01628961272,0.0002653514827,-0.04198463821,-0.03358007317,-0.02704482626,,,0.007475078749,0.0003405068844,True,
2021-10-13,2021-10-06,UKX,GJR-skewt-h5,GJR-skewt-AR1-expanding-refit21-horizon5,1,0.01834727424,0.000336622472,-0.04713420201,-0.03766799417,-0.03030723187,,,0.02064056895,0.0002507106715,True,
2021-10-14,2021-10-07,UKX,GJR-skewt-h5,GJR-skewt-AR1-expanding-refit21-horizon5,1,0.017956777,0.0003224458402,-0.04633793407,-0.03707320182,-0.02986910352,,,0.01815854415,0.0002360566631,True,
2021-10-15,2021-10-08,UKX,GJR-skewt-h5,GJR-skewt-AR1-expanding-refit21-horizon5,1,0.01742784738,0.0003037298643,-0.04487719764,-0.03588536467,-0.0288934682,,,0.01931724609,0.0002306012104,True,
2021-10-18,2021-10-11,UKX,GJR-skewt-h5,GJR-skewt-AR1-expanding-refit21-horizon5,1,0.01699021243,0.0002886673183,-0.04378450095,-0.03501846411,-0.02820214286,,,0.007929954962,0.000194616779,True,
2021-10-19,2021-10-12,UKX,GJR-skewt-h5,GJR-skewt-AR1-expanding-refit21-horizon5,1,0.01661678454,0.0002761175286,-0.04272442341,-0.03415105529,-0.02748454997,,,0.01216932068,0.0001705396728,True,
2021-10-20,2021-10-13,UKX,GJR-skewt-h5,GJR-skewt-AR1-expanding-refit21-horizon5,1,0.0161611214,0.0002611818451,-0.04157777589,-0.03323950547,-0.02675580813,,,0.01131941909,0.0001531493403,True,
2021-10-21,2021-10-14,UKX,GJR-skewt-h5,GJR-skewt-AR1-expanding-refit21-horizon5,1,0.01585029223,0.0002512317638,-0.04084127637,-0.03266337711,-0.02630438165,,,-0.002417057713,0.0001569486191,True,
2021-10-22,2021-10-15,UKX,GJR-skewt-h5,GJR-skewt-AR1-expanding-refit21-horizon5,1,0.01545731905,0.0002389287123,-0.03976805424,-0.03179290802,-0.02559156988,,,-0.004072409019,0.0001616575464,True,
2021-10-25,2021-10-18,UKX,GJR-skewt-h5,GJR-skewt-AR1-expanding-refit21-horizon5,1,0.01544592511,0.0002385766026,-0.03966481392,-0.03169554636,-0.02549877937,,,0.002634024857,0.0001537507398,True,
2021-10-26,2021-10-19,UKX,GJR-skewt-h5,GJR-skewt-AR1-expanding-refit21-horizon5,1,0.01505819619,0.0002267492725,-0.03866167884,-0.03090497858,-0.02487057177,,,0.008292518437,0.0001489047662,True,
2021-10-27,2021-10-20,UKX,GJR-skewt-h5,GJR-skewt-AR1-expanding-refit21-horizon5,1,0.01469532082,0.0002159524541,-0.03770797983,-0.03013820206,-0.02424921357,,,0.004172273634,0.0001539342392,True,
2021-10-28,2021-10-21,UKX,GJR-skewt-h5,GJR-skewt-AR1-expanding-refit21-horizon5,1,0.01482737862,0.0002198511569,-0.03799716787,-0.03035936516,-0.02441745596,,,0.008199632612,0.000164898173,True,
2021-10-29,2021-10-22,UKX,GJR-skewt-h5,GJR-skewt-AR1-expanding-refit21-horizon5,1,0.01448365791,0.0002097763463,-0.0371705338,-0.02970978673,-0.02390561983,,,0.00456994876,0.0001943852723,True,
2021-11-01,2021-10-25,UKX,GJR-skewt-h5,GJR-skewt-AR1-expanding-refit21-horizon5,1,0.01416617558,0.0002006805306,-0.03635147175,-0.02905426455,-0.0233773252,,,0.009068834767,0.0002002650238,True,
2021-11-02,2021-10-26,UKX,GJR-skewt-h5,GJR-skewt-AR1-expanding-refit21-horizon5,1,0.01395073264,0.0001946229412,-0.03584279971,-0.02865657036,-0.02306596741,,,-0.0003848565254,0.0001993552224,True,
2021-11-03,2021-10-27,UKX,GJR-skewt-h5,GJR-skewt-AR1-expanding-refit21-horizon5,1,0.01392121377,0.0001938001928,-0.0356561204,-0.02848509666,-0.02290632307,,,-0.0006067911384,0.0001911484564,True,
2021-11-04,2021-10-28,UKX,GJR-skewt-h5,GJR-skewt-AR1-expanding-refit21-horizon5,1,0.01364086113,0.0001860730924,-0.03495653363,-0.02792992369,-0.02246349834,,,0.004184611418,0.0001982359464,True,
2021-11-05,2021-10-29,UKX,GJR-skewt-h5,GJR-skewt-AR1-expanding-refit21-horizon5,1,0.01344175202,0.0001806806973,-0.0344281763,-0.02750413042,-0.02211749587,,,0.009132470023,0.0001639872051,True,
2021-11-08,2021-11-01,UKX,GJR-skewt-h5,GJR-skewt-AR1-expanding-refit21-horizon5,1,0.01326493653,0.0001759585411,-0.03405643673,-0.02722347113,-0.02190769344,,,0.001617630622,0.0001553883254,True,
2021-11-09,2021-11-02,UKX,GJR-skewt-h5,GJR-skewt-AR1-expanding-refit21-horizon5,1,0.01310891144,0.0001718435591,-0.03356127416,-0.0268086794,-0.02155542705,,,-0.0001099479009,0.0001503975286,True,
2021-11-10,2021-11-03,UKX,GJR-skewt-h5,GJR-skewt-AR1-expanding-refit21-horizon5,1,0.01320636156,0.0001744079856,-0.03379747736,-0.0269946846,-0.02170238019,,,0.01251639708,0.0001590581008,True,
2021-11-11,2021-11-04,UKX,GJR-skewt-h5,GJR-skewt-AR1-expanding-refit21-horizon5,1,0.01299385966,0.0001688403888,-0.03332468126,-0.02663135138,-0.02142420477,,,0.01422549644,0.0001372602438,True,
2021-11-12,2021-11-05,UKX,GJR-skewt-h5,GJR-skewt-AR1-expanding-refit21-horizon5,1,0.01278495379,0.0001634550435,-0.03277246148,-0.0261867421,-0.02106331223,,,0.005992401485,0.0001301082931,True,
2021-11-15,2021-11-08,UKX,GJR-skewt-h5,GJR-skewt-AR1-expanding-refit21-horizon5,1,0.01257968864,0.0001582485662,-0.03220108186,-0.02572109762,-0.0206799255,,,0.00702964214,0.0001401220209,True,
2021-11-16,2021-11-09,UKX,GJR-skewt-h5,GJR-skewt-AR1-expanding-refit21-horizon5,1,0.01273481235,0.0001621754455,-0.03257234153,-0.02601245076,-0.02090911452,,,0.007259808613,0.0001386084463,True,
2021-11-17,2021-11-10,UKX,GJR-skewt-h5,GJR-skewt-AR1-expanding-refit21-horizon5,1,0.01266800613,0.0001604783792,-0.03252682954,-0.02600135165,-0.02092478726,,,-0.006697948506,0.0001341598611,True,
2021-11-18,2021-11-11,UKX,GJR-skewt-h5,GJR-skewt-AR1-expanding-refit21-horizon5,1,0.01252761055,0.000156941026,-0.03213112268,-0.02567796463,-0.02065766224,,,-0.01751389602,0.0001315463777,True,
2021-11-19,2021-11-12,UKX,GJR-skewt-h5,GJR-skewt-AR1-expanding-refit21-horizon5,1,0.01295696554,0.0001678829559,-0.03313608095,-0.02646175578,-0.02126939408,,,-0.01706108761,0.0001798704983,True,
2021-11-22,2021-11-15,UKX,GJR-skewt-h5,GJR-skewt-AR1-expanding-refit21-horizon5,1,0.0127321999,0.0001621089144,-0.0326076058,-0.02604906074,-0.02094677141,,,-0.01319896794,0.0002059570591,True,
2021-11-23,2021-11-16,UKX,GJR-skewt-h5,GJR-skewt-AR1-expanding-refit21-horizon5,1,0.01282938464,0.0001645931101,-0.03282025938,-0.02621165302,-0.02107041797,,,-0.008263860071,0.0002318417398,True,
2021-11-24,2021-11-17,UKX,GJR-skewt-h5,GJR-skewt-AR1-expanding-refit21-horizon5,1,0.01321717595,0.0001746937402,-0.03378698703,-0.02698375378,-0.02169061941,,,-0.00067232244,0.0002692055296,True,
2021-11-25,2021-11-18,UKX,GJR-skewt-h5,GJR-skewt-AR1-expanding-refit21-horizon5,1,0.01357360486,0.0001842427488,-0.03471283525,-0.02772613854,-0.02229026368,,,0.007469265608,0.0002595990467,True,
2021-11-26,2021-11-19,UKX,GJR-skewt-h5,GJR-skewt-AR1-expanding-refit21-horizon5,1,0.01381010579,0.0001907190218,-0.03533050239,-0.02822207234,-0.02269148502,,,-0.02517726653,0.0004264113486,True,
2021-11-29,2021-11-22,UKX,GJR-skewt-h5,GJR-skewt-AR1-expanding-refit21-horizon5,1,0.01355485296,0.0001837340388,-0.03475906862,-0.02778202401,-0.0223536588,,,-0.02025755814,0.0004960022636,True,
2021-11-30,2021-11-23,UKX,GJR-skewt-h5,GJR-skewt-AR1-expanding-refit21-horizon5,1,0.01328992613,0.0001766221365,-0.03404195147,-0.02720127177,-0.02187900285,,,-0.02892806764,0.0006494875673,True,
2021-12-01,2021-11-24,UKX,GJR-skewt-h5,GJR-skewt-AR1-expanding-refit21-horizon5,1,0.01305103301,0.0001703294627,-0.0334336291,-0.02671591406,-0.0214893156,,,-0.01627149148,0.0006601763972,True,
2021-12-02,2021-11-25,UKX,GJR-skewt-h5,GJR-skewt-AR1-expanding-refit21-horizon5,1,0.01283516206,0.000164741385,-0.03287950085,-0.02627290036,-0.02113275259,,,-0.0250989249,0.0007807174968,True,
2021-12-03,2021-11-26,UKX,GJR-skewt-h5,GJR-skewt-AR1-expanding-refit21-horizon5,1,0.03237890668,0.001048393598,-0.08319779177,-0.06653150427,-0.05356459632,,,0.01105448896,0.0006325640592,True,
2021-12-06,2021-11-29,UKX,GJR-skewt-h5,GJR-skewt-AR1-expanding-refit21-horizon5,1,0.03115452473,0.0009706044111,-0.08049624252,-0.06446017709,-0.05198360219,,,0.01705483375,0.0005765664739,True,
2021-12-07,2021-11-30,UKX,GJR-skewt-h5,GJR-skewt-AR1-expanding-refit21-horizon5,1,0.03047281635,0.0009285925361,-0.07855770173,-0.06287252981,-0.05066896134,,,0.03895097774,0.0003973489307,True,
2021-12-08,2021-12-01,UKX,GJR-skewt-h5,GJR-skewt-AR1-expanding-refit21-horizon5,1,0.02946180357,0.0008679978694,-0.07616397711,-0.06099920045,-0.04920051624,,,0.02326018873,0.0004056817864,True,
2021-12-09,2021-12-02,UKX,GJR-skewt-h5,GJR-skewt-AR1-expanding-refit21-horizon5,1,0.02865835377,0.0008213012411,-0.07386402335,-0.05911280374,-0.04763588022,,,0.02658882768,0.0003119209821,True,
2021-12-10,2021-12-03,UKX,GJR-skewt-h5,GJR-skewt-AR1-expanding-refit21-horizon5,1,0.02757230811,0.0007602321743,-0.07109155523,-0.05689935231,-0.04585736177,,,0.0235197228,0.0002573099181,True,
2021-12-13,2021-12-06,UKX,GJR-skewt-h5,GJR-skewt-AR1-expanding-refit21-horizon5,1,0.02672317386,0.0007141280212,-0.06905457391,-0.05529944305,-0.04459750864,,,-0.0001244360687,0.0002401708317,True,
2021-12-14,2021-12-07,UKX,GJR-skewt-h5,GJR-skewt-AR1-expanding-refit21-horizon5,1,0.02591225004,0.0006714447021,-0.06694378052,-0.0536060538,-0.04322887323,,,-0.01666416334,0.0002814219057,True,
2021-12-15,2021-12-08,UKX,GJR-skewt-h5,GJR-skewt-AR1-expanding-refit21-horizon5,1,0.02494929386,0.0006224672643,-0.06428896337,-0.0514468959,-0.04145535417,,,-0.02296734588,0.0002316437783,True,
2021-12-16,2021-12-09,UKX,GJR-skewt-h5,GJR-skewt-AR1-expanding-refit21-horizon5,1,0.02410450048,0.0005810269436,-0.062076927,-0.04966969722,-0.04001647323,,,-0.008325397654,0.0002448173733,True,
2021-12-17,2021-12-10,UKX,GJR-skewt-h5,GJR-skewt-AR1-expanding-refit21-horizon5,1,0.02347035545,0.0005508575851,-0.06041186475,-0.04833104634,-0.0389317809,,,-0.003007879571,0.0002883955618,True,
2021-12-20,2021-12-13,UKX,GJR-skewt-h5,GJR-skewt-AR1-expanding-refit21-horizon5,1,0.02362512735,0.0005581466424,-0.06076969588,-0.04860921225,-0.03914796469,,,-0.004629431841,0.0003715999343,True,
2021-12-21,2021-12-14,UKX,GJR-skewt-h5,GJR-skewt-AR1-expanding-refit21-horizon5,1,0.02283167964,0.0005212855952,-0.05877719765,-0.04702512274,-0.0378816303,,,0.01085706503,0.0003494978026,True,
2021-12-22,2021-12-15,UKX,GJR-skewt-h5,GJR-skewt-AR1-expanding-refit21-horizon5,1,0.02268263419,0.0005145018939,-0.05834027811,-0.04666492087,-0.03758111725,,,0.02355325279,0.0003495289584,True,
2021-12-23,2021-12-16,UKX,GJR-skewt-h5,GJR-skewt-AR1-expanding-refit21-horizon5,1,0.0220641324,0.0004868259384,-0.05712191375,-0.04564624691,-0.03674964105,,,0.01540285718,0.0003168948553,True,
2021-12-24,2021-12-17,UKX,GJR-skewt-h5,GJR-skewt-AR1-expanding-refit21-horizon5,1,0.02130661723,0.0004539719377,-0.0550291342,-0.04394745483,-0.03535629103,,,0.01396009503,,True,
2021-12-29,2021-12-20,UKX,GJR-skewt-h5,GJR-skewt-AR1-expanding-refit21-horizon5,1,0.02209469778,0.00048817567,-0.05696012222,-0.04546855817,-0.03655962787,,,0.03047020897,,True,
2021-12-30,2021-12-21,UKX,GJR-skewt-h5,GJR-skewt-AR1-expanding-refit21-horizon5,1,0.02152015797,0.0004631171991,-0.05571922857,-0.04452648559,-0.03584921879,,,0.01436721656,,True,
2021-12-31,2021-12-22,UKX,GJR-skewt-h5,GJR-skewt-AR1-expanding-refit21-horizon5,1,0.02082886567,0.0004338416451,-0.05383664711,-0.04300344874,-0.03460492189,,,0.005812758885,,True,
2022-01-04,2021-12-23,UKX,GJR-skewt-h5,GJR-skewt-AR1-expanding-refit21-horizon5,1,0.02015510656,0.0004062283205,-0.0520633933,-0.04158062045,-0.03345376389,,,0.01773079888,,True,
2022-01-05,2021-12-24,UKX,GJR-skewt-h5,GJR-skewt-AR1-expanding-refit21-horizon5,1,0.01949877766,0.0003802023303,-0.05030640724,-0.04016499437,-0.03230277997,,,0.01945118804,0.0001951557402,True,
2022-01-06,2021-12-29,UKX,GJR-skewt-h5,GJR-skewt-AR1-expanding-refit21-horizon5,1,0.01892625381,0.0003582030834,-0.04888830453,-0.03904466421,-0.03141330044,,,0.003994290443,0.0002378575833,True,
2022-01-07,2021-12-30,UKX,GJR-skewt-h5,GJR-skewt-AR1-expanding-refit21-horizon5,1,0.01843822234,0.0003399680432,-0.04752098562,-0.03793117293,-0.03049659114,,,0.01105574772,0.0002641845687,True,
2022-01-10,2021-12-31,UKX,GJR-skewt-h5,GJR-skewt-AR1-expanding-refit21-horizon5,1,0.01799920422,0.0003239713526,-0.04637666095,-0.03701518381,-0.02975762105,,,0.008199725751,0.0002619276729,True,
2022-01-11,2022-01-04,UKX,GJR-skewt-h5,GJR-skewt-AR1-expanding-refit21-horizon5,1,0.01778376623,0.0003162623413,-0.04601752038,-0.03676809363,-0.02959739886,,,-0.001840456744,0.0002609148013,True,
2022-01-12,2022-01-05,UKX,GJR-skewt-h5,GJR-skewt-AR1-expanding-refit21-horizon5,1,0.01726273264,0.0002980019382,-0.04450284733,-0.03552441279,-0.02856380697,,,0.00461892341,0.000273748557,True,
2022-01-13,2022-01-06,UKX,GJR-skewt-h5,GJR-skewt-AR1-expanding-refit21-horizon5,1,0.01823905653,0.0003326631831,-0.04693233798,-0.03744611244,-0.03009183744,,,0.01511920816,0.0002260169463,True,
2022-01-14,2022-01-07,UKX,GJR-skewt-h5,GJR-skewt-AR1-expanding-refit21-horizon5,1,0.01771340793,0.0003137648204,-0.04570989188,-0.03649705884,-0.02935473365,,,0.007678909693,0.0002166333065,True,
2022-01-17,2022-01-10,UKX,GJR-skewt-h5,GJR-skewt-AR1-expanding-refit21-horizon5,1,0.01772827886,0.0003142918715,-0.04564044109,-0.0364198736,-0.02927155221,,,0.02203793768,0.0001698256578,True,
2022-01-18,2022-01-11,UKX,GJR-skewt-h5,GJR-skewt-AR1-expanding-refit21-horizon5,1,0.01725304304,0.0002976674941,-0.04452738306,-0.03555398813,-0.02859728931,,,0.009591597413,0.000172861418,True,
2022-01-19,2022-01-12,UKX,GJR-skewt-h5,GJR-skewt-AR1-expanding-refit21-horizon5,1,0.01684247193,0.0002836688607,-0.04347824423,-0.03471838941,-0.02792723933,,,0.005019361328,0.0001905584109,True,
2022-01-20,2022-01-13,UKX,GJR-skewt-h5,GJR-skewt-AR1-expanding-refit21-horizon5,1,0.01637634361,0.0002681846301,-0.04219551786,-0.03367809873,-0.02707489893,,,0.002785695567,0.0002095601395,True,
2022-01-21,2022-01-14,UKX,GJR-skewt-h5,GJR-skewt-AR1-expanding-refit21-horizon5,1,0.01609618055,0.0002590870283,-0.04141879989,-0.03304709499,-0.02655686136,,,-0.0065039235,0.0002417126853,True,
2022-01-24,2022-01-17,UKX,GJR-skewt-h5,GJR-skewt-AR1-expanding-refit21-horizon5,1,0.01578081215,0.0002490340323,-0.04072455232,-0.03251687211,-0.02615379998,,,-0.04213013265,0.0003898119086,True,
2022-01-25,2022-01-18,UKX,GJR-skewt-h5,GJR-skewt-AR1-expanding-refit21-horizon5,1,0.01617336637,0.0002615777798,-0.04158196002,-0.03317011038,-0.02664875421,,,-0.02572606697,0.0005593088599,True,
2022-01-26,2022-01-19,UKX,GJR-skewt-h5,GJR-skewt-AR1-expanding-refit21-horizon5,1,0.01574755207,0.0002479853963,-0.04055402211,-0.03236519002,-0.02601608089,,,-0.01592389171,0.0005850291883,True,
2022-01-27,2022-01-20,UKX,GJR-skewt-h5,GJR-skewt-AR1-expanding-refit21-horizon5,1,0.01535298675,0.000235714202,-0.03948009071,-0.03149643521,-0.02530640721,,,-0.00405570105,0.0006768010621,True,
2022-01-28,2022-01-21,UKX,GJR-skewt-h5,GJR-skewt-AR1-expanding-refit21-horizon5,1,0.01785879356,0.0003189365073,-0.0458733641,-0.03658667236,-0.0293863514,,,-0.00374326979,0.0007639831587,True,
2022-01-31,2022-01-24,UKX,GJR-skewt-h5,GJR-skewt-AR1-expanding-refit21-horizon5,1,0.02761384616,0.0007625244996,-0.07110568076,-0.05674629661,-0.04561292668,,,0.02265429989,0.000676611005,True,
2022-02-01,2022-01-25,UKX,GJR-skewt-h5,GJR-skewt-AR1-expanding-refit21-horizon5,1,0.02664840528,0.000710137504,-0.06901335487,-0.05515600642,-0.04441188362,,,0.02204375846,0.0005400759786,True,
2022-02-02,2022-01-26,UKX,GJR-skewt-h5,GJR-skewt-AR1-expanding-refit21-horizon5,1,0.02580236825,0.0006657622071,-0.06684624885,-0.05342884529,-0.04302582831,,,0.0150407008,0.0005009268499,True,
2022-02-03,2022-01-27,UKX,GJR-skewt-h5,GJR-skewt-AR1-expanding-refit21-horizon5,1,0.0249615841,0.000623080681,-0.06463417899,-0.05165398879,-0.04158995975,,,-0.003381271089,0.0004398626699,True,
2022-02-04,2022-01-28,UKX,GJR-skewt-h5,GJR-skewt-AR1-expanding-refit21-horizon5,1,0.02581373203,0.0006663487612,-0.06658931452,-0.05316600173,-0.04275840308,,,0.006714499314,0.0003816125338,True,
2022-02-07,2022-01-31,UKX,GJR-skewt-h5,GJR-skewt-AR1-expanding-refit21-horizon5,1,0.02486366303,0.0006182017394,-0.06424764343,-0.05131837285,-0.04129382369,,,0.01451027244,0.0003586725693,True,
2022-02-08,2022-02-01,UKX,GJR-skewt-h5,GJR-skewt-AR1-expanding-refit21-horizon5,1,0.02403920403,0.0005778833303,-0.06221274653,-0.04971220013,-0.04002005693,,,0.004144944086,0.0003330450774,True,
2022-02-09,2022-02-02,UKX,GJR-skewt-h5,GJR-skewt-AR1-expanding-refit21-horizon5,1,0.02321320391,0.000538852836,-0.06002452087,-0.04795350003,-0.03859438414,,,0.007933617824,0.0003313644968,True,
2022-02-10,2022-02-03,UKX,GJR-skewt-h5,GJR-skewt-AR1-expanding-refit21-horizon5,1,0.02312250559,0.0005346502649,-0.05963454091,-0.04761068381,-0.03828813573,,,0.01889382043,0.0003545779115,True,
2022-02-11,2022-02-04,UKX,GJR-skewt-h5,GJR-skewt-AR1-expanding-refit21-horizon5,1,0.02235520357,0.0004997551264,-0.05770005032,-0.04607519539,-0.03706200869,,,0.01905523664,0.0003081797496,True,
2022-02-14,2022-02-07,UKX,GJR-skewt-h5,GJR-skewt-AR1-expanding-refit21-horizon5,1,0.02163576679,0.0004681064045,-0.0559325097,-0.04468176669,-0.03595864301,,,-0.005547796328,0.0005161220719,True,
2022-02-15,2022-02-08,UKX,GJR-skewt-h5,GJR-skewt-AR1-expanding-refit21-horizon5,1,0.0209097355,0.0004372170386,-0.05394567372,-0.04307247182,-0.03464206995,,,0.005508686044,0.0006174178789,True,
2022-02-16,2022-02-09,UKX,GJR-skewt-h5,GJR-skewt-AR1-expanding-refit21-horizon5,1,0.02031687352,0.0004127753498,-0.05252674784,-0.04196183812,-0.03377046675,,,-0.005194420854,0.0006605100419,True,
2022-02-17,2022-02-10,UKX,GJR-skewt-h5,GJR-skewt-AR1-expanding-refit21-horizon5,1,0.01966646054,0.0003867696703,-0.0507616535,-0.04053496287,-0.03260582546,,,-0.01775217913,0.000612648938,True,
2022-02-18,2022-02-11,UKX,GJR-skewt-h5,GJR-skewt-AR1-expanding-refit21-horizon5,1,0.01907556058,0.0003638770116,-0.04916265532,-0.0392432366,-0.03155233866,,,-0.01942779872,0.0006632497365,True,
2022-02-21,2022-02-14,UKX,GJR-skewt-h5,GJR-skewt-AR1-expanding-refit21-horizon5,1,0.02301770159,0.0005298145865,-0.05924859682,-0.04727923849,-0.03799894537,,,-0.006300048588,0.0005367330527,True,
2022-02-22,2022-02-15,UKX,GJR-skewt-h5,GJR-skewt-AR1-expanding-refit21-horizon5,1,0.02230379441,0.0004974592452,-0.05770216383,-0.046104042,-0.03711158247,,,-0.01518918785,0.0005413280919,True,
2022-02-23,2022-02-16,UKX,GJR-skewt-h5,GJR-skewt-AR1-expanding-refit21-horizon5,1,0.02153753706,0.0004638655026,-0.05558229327,-0.04438263038,-0.03569911103,,,-0.01398507895,0.0005267638222,True,
2022-02-24,2022-02-17,UKX,GJR-skewt-h5,GJR-skewt-AR1-expanding-refit21-horizon5,1,0.02199233358,0.0004836627363,-0.05675666035,-0.04529543656,-0.03641208788,,,-0.04482450602,0.0009652537819,True,
2022-02-25,2022-02-18,UKX,GJR-skewt-h5,GJR-skewt-AR1-expanding-refit21-horizon5,1,0.02140809254,0.0004583064263,-0.05529779106,-0.04414104234,-0.03549368576,,,-0.003212685191,0.001069788896,True,
2022-02-28,2022-02-21,UKX,GJR-skewt-h5,GJR-skewt-AR1-expanding-refit21-horizon5,1,0.02093619678,0.0004383243358,-0.05405929177,-0.04314846979,-0.03469172575,,,-0.003479987009,0.001121621543,True,
2022-03-01,2022-02-22,UKX,GJR-skewt-h5,GJR-skewt-AR1-expanding-refit21-horizon5,1,0.02024053078,0.0004096790863,-0.05230566778,-0.04175738958,-0.03358164544,,,-0.0221265868,0.001225883371,True,
2022-03-02,2022-02-23,UKX,GJR-skewt-h5,GJR-skewt-AR1-expanding-refit21-horizon5,1,0.01958115137,0.000383421489,-0.05057799095,-0.0403733459,-0.03246394445,,,-0.009190983083,0.001393189945,True,
2022-03-03,2022-02-24,UKX,GJR-skewt-h5,GJR-skewt-AR1-expanding-refit21-horizon5,1,0.03697248738,0.001366964823,-0.09545097504,-0.07618289918,-0.06124862693,,,0.004416471657,0.001065666374,True,
2022-03-04,2022-02-25,UKX,GJR-skewt-h5,GJR-skewt-AR1-expanding-refit21-horizon5,1,0.03634421561,0.001320902008,-0.09470369845,-0.07576304411,-0.06108254926,,,-0.06943643385,0.001219866715,True,
2022-03-07,2022-02-28,UKX,GJR-skewt-h5,GJR-skewt-AR1-expanding-refit21-horizon5,1,0.03502011674,0.001226408576,-0.09076625311,-0.07251564803,-0.05836999556,,,-0.06921984739,0.001682287056,True,
2022-03-08,2022-03-01,UKX,GJR-skewt-h5,GJR-skewt-AR1-expanding-refit21-horizon5,1,0.03640970919,0.001325666923,-0.09423826627,-0.0752634802,-0.06055653057,,,-0.05123443183,0.002034749438,True,
2022-03-09,2022-03-02,UKX,GJR-skewt-h5,GJR-skewt-AR1-expanding-refit21-horizon5,1,0.03505525365,0.001228870808,-0.09105907825,-0.0727901617,-0.0586303164,,,-0.03268348313,0.002017242316,True,
2022-03-10,2022-03-03,UKX,GJR-skewt-h5,GJR-skewt-AR1-expanding-refit21-horizon5,1,0.0395362367,0.001563114013,-0.1022886403,-0.08168447591,-0.06571463011,,,-0.01950121837,0.002247715918,True,
2022-03-11,2022-03-04,UKX,GJR-skewt-h5,GJR-skewt-AR1-expanding-refit21-horizon5,1,0.04751791289,0.002257952045,-0.1229858102,-0.09822202461,-0.07902814565,,,0.02382967484,0.002136693582,True,
2022-03-14,2022-03-07,UKX,GJR-skewt-h5,GJR-skewt-AR1-expanding-refit21-horizon5,1,0.04568418063,0.00208704436,-0.1185648125,-0.09475666973,-0.07630348902,,,0.0330702078,0.001612029646,True,
2022-03-15,2022-03-08,UKX,GJR-skewt-h5,GJR-skewt-AR1-expanding-refit21-horizon5,1,0.04379472829,0.001917978226,-0.1136925984,-0.09086913681,-0.07317916134,,,0.02993194959,0.001113665974,True,
2022-03-16,2022-03-09,UKX,GJR-skewt-h5,GJR-skewt-AR1-expanding-refit21-horizon5,1,0.04251008309,0.001807107164,-0.1107018227,-0.08854784924,-0.07137677965,,,0.01394819018,0.001005915612,True,
2022-03-17,2022-03-10,UKX,GJR-skewt-h5,GJR-skewt-AR1-expanding-refit21-horizon5,1,0.04198197201,0.001762485973,-0.1088138501,-0.08693509978,-0.06997734974,,,0.03952348238,0.000760886563,True,
2022-03-18,2022-03-11,UKX,GJR-skewt-h5,GJR-skewt-AR1-expanding-refit21-horizon5,1,0.04029365527,0.001623578655,-0.1046498635,-0.08365097316,-0.06737518378,,,0.03421967943,0.0006043351417,True,
2022-03-21,2022-03-14,UKX,GJR-skewt-h5,GJR-skewt-AR1-expanding-refit21-horizon5,1,0.03866727463,0.001495158127,-0.1003805062,-0.08022919816,-0.06461035163,,,0.03401552381,0.0005401761229,True,
2022-03-22,2022-03-15,UKX,GJR-skewt-h5,GJR-skewt-AR1-expanding-refit21-horizon5,1,0.03715513479,0.001380504041,-0.09635057528,-0.07698731339,-0.06197926449,,,0.04109119921,0.0004653006234,True,
2022-03-23,2022-03-16,UKX,GJR-skewt-h5,GJR-skewt-AR1-expanding-refit21-horizon5,1,0.03581147205,0.00128246153,-0.09305945685,-0.07439643986,-0.05993113576,,,0.02289911133,0.000397268536,True,
2022-03-24,2022-03-17,UKX,GJR-skewt-h5,GJR-skewt-AR1-expanding-refit21-horizon5,1,0.03448152441,0.001188975526,-0.08955549321,-0.07158557353,-0.05765747431,,,0.01105535489,0.0002959889257,True,
2022-03-25,2022-03-18,UKX,GJR-skewt-h5,GJR-skewt-AR1-expanding-refit21-horizon5,1,0.03315003208,0.001098924627,-0.08611415353,-0.06875297245,-0.05531930782,,,0.010572261,0.0002372163649,True,
2022-03-28,2022-03-21,UKX,GJR-skewt-h5,GJR-skewt-AR1-expanding-refit21-horizon5,1,0.03185338437,0.001014638096,-0.08275887352,-0.06607676677,-0.05316855353,,,0.004116555175,0.0002159389198,True,
2022-03-29,2022-03-22,UKX,GJR-skewt-h5,GJR-skewt-AR1-expanding-refit21-horizon5,1,0.03061671669,0.0009373833408,-0.07952507247,-0.06349062758,-0.05108355953,,,0.008072457584,0.000250716556,True,
2022-03-30,2022-03-23,UKX,GJR-skewt-h5,GJR-skewt-AR1-expanding-refit21-horizon5,1,0.02947805245,0.0008689555764,-0.07647209543,-0.0610339865,-0.04908834887,,,0.01571899697,0.0002482455789,True,
2022-03-31,2022-03-24,UKX,GJR-skewt-h5,GJR-skewt-AR1-expanding-refit21-horizon5,1,0.02834278731,0.0008033135926,-0.07354538332,-0.05870183018,-0.04721624553,,,0.00644732532,0.0002573447647,True,
2022-04-01,2022-03-25,UKX,GJR-skewt-h5,GJR-skewt-AR1-expanding-refit21-horizon5,1,0.02726616022,0.0007434434929,-0.07074977016,-0.05647006318,-0.04542076913,,,0.007256394567,0.0002587162892,True,
2022-04-04,2022-03-28,UKX,GJR-skewt-h5,GJR-skewt-AR1-expanding-refit21-horizon5,1,0.02626519875,0.0006898606652,-0.06809492197,-0.05433943388,-0.04369576782,,,0.01141574452,0.0002806782559,True,
2022-04-05,2022-03-29,UKX,GJR-skewt-h5,GJR-skewt-AR1-expanding-refit21-horizon5,1,0.02534843491,0.0006425431522,-0.06582061987,-0.05254525509,-0.0422730969,,,0.01008527986,0.0002473176979,True,
2022-04-06,2022-03-30,UKX,GJR-skewt-h5,GJR-skewt-AR1-expanding-refit21-horizon5,1,0.02444457754,0.0005975373709,-0.06342467351,-0.05062267272,-0.04071679221,,,0.001173690835,0.0002791430761,True,
2022-04-07,2022-03-31,UKX,GJR-skewt-h5,GJR-skewt-AR1-expanding-refit21-horizon5,1,0.02450492172,0.0006004911885,-0.06341661243,-0.05058300846,-0.04065267417,,,0.004791727768,0.0002801231935,True,
2022-04-08,2022-04-01,UKX,GJR-skewt-h5,GJR-skewt-AR1-expanding-refit21-horizon5,1,0.02362465486,0.0005581243174,-0.06125405857,-0.04888146388,-0.03930784749,,,0.01732085992,0.0002814446874,True,
2022-04-11,2022-04-04,UKX,GJR-skewt-h5,GJR-skewt-AR1-expanding-refit21-horizon5,1,0.02278984072,0.0005193768402,-0.05907295128,-0.04713756158,-0.0379022439,,,0.007827558106,0.000297993481,True,
2022-04-12,2022-04-05,UKX,GJR-skewt-h5,GJR-skewt-AR1-expanding-refit21-horizon5,1,0.02204100577,0.0004858059354,-0.05717136854,-0.0456281552,-0.03669629417,,,-0.004871507296,0.0003117719187,True,
2022-04-13,2022-04-06,UKX,GJR-skewt-h5,GJR-skewt-AR1-expanding-refit21-horizon5,1,0.02145931969,0.0004605024017,-0.05552575995,-0.04428718455,-0.03559104504,,,-0.0009098316201,0.0002789360716,True,
2022-04-14,2022-04-07,UKX,GJR-skewt-h5,GJR-skewt-AR1-expanding-refit21-horizon5,1,0.02109826726,0.0004451368815,-0.05456750724,-0.04351802054,-0.03496819332,,,0.008517884633,0.0002779677746,True,
2022-04-19,2022-04-08,UKX,GJR-skewt-h5,GJR-skewt-AR1-expanding-refit21-horizon5,1,0.02063244282,0.0004256976966,-0.05359328866,-0.04278776138,-0.03442670409,,,-0.008945215916,0.0002928973171,True,
2022-04-20,2022-04-11,UKX,GJR-skewt-h5,GJR-skewt-AR1-expanding-refit21-horizon5,1,0.02064504316,0.0004262178071,-0.05336092869,-0.04254880242,-0.03418263899,,,0.00142979398,0.00025472601,True,
2022-04-21,2022-04-12,UKX,GJR-skewt-h5,GJR-skewt-AR1-expanding-refit21-horizon5,1,0.02047035657,0.0004190354981,-0.05291971859,-0.04219907837,-0.03390370465,,,0.006747913342,0.0002410578897,True,
2022-04-22,2022-04-13,UKX,GJR-skewt-h5,GJR-skewt-AR1-expanding-refit21-horizon5,1,0.01979608449,0.0003918849611,-0.05123159138,-0.04086407781,-0.032841945,,,-0.007826507092,0.0002749938474,True,
2022-04-25,2022-04-14,UKX,GJR-skewt-h5,GJR-skewt-AR1-expanding-refit21-horizon5,1,0.01918198611,0.0003679485912,-0.04967815495,-0.03963225413,-0.03185897754,,,-0.03146241725,0.0004153725658,True,
2022-04-26,2022-04-19,UKX,GJR-skewt-h5,GJR-skewt-AR1-expanding-refit21-horizon5,1,0.01864926105,0.0003477949377,-0.04820786142,-0.0384409569,-0.03088356094,,,-0.02870583892,0.0004591506813,True,
2022-04-27,2022-04-20,UKX,GJR-skewt-h5,GJR-skewt-AR1-expanding-refit21-horizon5,1,0.01788342326,0.0003198168276,-0.04627529218,-0.03689845662,-0.02964657071,,,-0.02704951337,0.0005696598022,True,
2022-04-28,2022-04-21,UKX,GJR-skewt-h5,GJR-skewt-AR1-expanding-refit21-horizon5,1,0.01734427405,0.0003008238425,-0.04482089385,-0.03572675101,-0.02869349486,,,-0.0156967263,0.0005845255631,True,
2022-04-29,2022-04-22,UKX,GJR-skewt-h5,GJR-skewt-AR1-expanding-refit21-horizon5,1,0.02036194912,0.0004146089721,-0.05253003781,-0.04185363399,-0.03359668397,,,0.003039886394,0.0006033950542,True,
2022-05-03,2022-04-25,UKX,GJR-skewt-h5,GJR-skewt-AR1-expanding-refit21-horizon5,1,0.0250973152,0.0006298752301,-0.06483347258,-0.0516741689,-0.04149698616,,,0.02420172029,0.0005125831065,True,
2022-05-04,2022-04-26,UKX,GJR-skewt-h5,GJR-skewt-AR1-expanding-refit21-horizon5,1,0.02415790277,0.0005836042663,-0.06262197434,-0.04995523384,-0.04015899113,,,0.01442255738,0.000452816903,True,
2022-05-05,2022-04-27,UKX,GJR-skewt-h5,GJR-skewt-AR1-expanding-refit21-horizon5,1,0.02329434794,0.0005426266458,-0.06042294136,-0.04820898954,-0.03876292594,,,0.01040939508,0.0003967253653,True,
2022-05-06,2022-04-28,UKX,GJR-skewt-h5,GJR-skewt-AR1-expanding-refit21-horizon5,1,0.02257502191,0.000509631614,-0.05861670913,-0.04677992235,-0.0376255518,,,-0.01628544791,0.0004749505095,True,
2022-05-09,2022-04-29,UKX,GJR-skewt-h5,GJR-skewt-AR1-expanding-refit21-horizon5,1,0.02179307501,0.0004749381185,-0.05649571996,-0.04506893228,-0.03623164809,,,-0.04444814712,0.0005435781584,True,
2022-05-10,2022-05-03,UKX,GJR-skewt-h5,GJR-skewt-AR1-expanding-refit21-horizon5,1,0.02103551581,0.0004424929255,-0.05448732834,-0.04345775253,-0.03492766528,,,-0.04297998267,0.0005456100328,True,
2022-05-11,2022-05-04,UKX,GJR-skewt-h5,GJR-skewt-AR1-expanding-refit21-horizon5,1,0.02160473991,0.0004667647868,-0.05583631583,-0.0445082781,-0.03574736545,,,-0.01964861248,0.0006475023186,True,
2022-05-12,2022-05-05,UKX,GJR-skewt-h5,GJR-skewt-AR1-expanding-refit21-horizon5,1,0.02085376953,0.0004348797037,-0.05400174934,-0.04306746876,-0.03461108123,,,-0.03664756117,0.0007451021479,True,
2022-05-13,2022-05-06,UKX,GJR-skewt-h5,GJR-skewt-AR1-expanding-refit21-horizon5,1,0.02377248947,0.0005651312554,-0.06141669478,-0.04895203848,-0.03931208426,,,0.004092952909,0.0006706798172,True,
2022-05-16,2022-05-09,UKX,GJR-skewt-h5,GJR-skewt-AR1-expanding-refit21-horizon5,1,0.02991536976,0.0008949293476,-0.07735779579,-0.06167223611,-0.04954128974,,,0.03381467137,0.0006149793567,True,
2022-05-17,2022-05-10,UKX,GJR-skewt-h5,GJR-skewt-AR1-expanding-refit21-horizon5,1,0.02873735822,0.0008258357576,-0.07461403707,-0.05954614551,-0.04789289322,,,0.03729021171,0.0005645875605,True,
2022-05-18,2022-05-11,UKX,GJR-skewt-h5,GJR-skewt-AR1-expanding-refit21-horizon5,1,0.02777592834,0.0007715021952,-0.07223402986,-0.05767024592,-0.04640686192,,,0.01222808744,0.0004773401341,True,
2022-05-19,2022-05-12,UKX,GJR-skewt-h5,GJR-skewt-AR1-expanding-refit21-horizon5,1,0.02954325275,0.0008728037831,-0.07648123382,-0.06099078667,-0.04901073703,,,0.009548832876,0.000499637764,True,
2022-05-20,2022-05-13,UKX,GJR-skewt-h5,GJR-skewt-AR1-expanding-refit21-horizon5,1,0.02886511466,0.0008331948443,-0.07521130434,-0.06007642611,-0.04837136744,,,-0.003808731474,0.0005136505883,True,
2022-05-23,2022-05-16,UKX,GJR-skewt-h5,GJR-skewt-AR1-expanding-refit21-horizon5,1,0.02776564091,0.0007709308153,-0.07210856904,-0.05755017912,-0.04629096677,,,0.006489467167,0.0004697447477,True,
2022-05-24,2022-05-17,UKX,GJR-skewt-h5,GJR-skewt-AR1-expanding-refit21-horizon5,1,0.02673095532,0.0007145439725,-0.06941802321,-0.05540215116,-0.04456251293,,,-0.004532495081,0.0005016129456,True,
2022-05-25,2022-05-18,UKX,GJR-skewt-h5,GJR-skewt-AR1-expanding-refit21-horizon5,1,0.02714095182,0.0007366312657,-0.07026965285,-0.05603880687,-0.04503291145,,,0.01132293011,0.0005016741298,True,
2022-05-26,2022-05-19,UKX,GJR-skewt-h5,GJR-skewt-AR1-expanding-refit21-horizon5,1,0.03013595894,0.0009081760213,-0.07799596343,-0.06219474198,-0.04997434475,,,0.03527494594,0.0003143704157,True,
2022-05-27,2022-05-20,UKX,GJR-skewt-h5,GJR-skewt-AR1-expanding-refit21-horizon5,1,0.02905735947,0.0008443301396,-0.07560618562,-0.06037079615,-0.04858340864,,,0.02611079525,0.0002803295618,True,
2022-05-30,2022-05-23,UKX,GJR-skewt-h5,GJR-skewt-AR1-expanding-refit21-horizon5,1,0.02813426374,0.000791536796,-0.07325010778,-0.05849871697,-0.04708579181,,,0.01147333802,0.0002547057395,True,
2022-05-31,2022-05-24,UKX,GJR-skewt-h5,GJR-skewt-AR1-expanding-refit21-horizon5,1,0.02721395404,0.0007405992945,-0.07060612102,-0.05633726809,-0.0452976751,,,0.01634007668,0.0002108340817,True,
2022-06-01,2022-05-25,UKX,GJR-skewt-h5,GJR-skewt-AR1-expanding-refit21-horizon5,1,0.02619028861,0.0006859312172,-0.06803801632,-0.05430589288,-0.04368155927,,,0.001354985679,0.0002241609943,True,
2022-06-06,2022-05-26,UKX,GJR-skewt-h5,GJR-skewt-AR1-expanding-refit21-horizon5,1,0.02522516221,0.0006363088085,-0.06552261214,-0.05229652492,-0.04206370379,,,0.005707523218,0.0002319130375,True,
2022-06-07,2022-05-27,UKX,GJR-skewt-h5,GJR-skewt-AR1-expanding-refit21-horizon5,1,0.02428993562,0.0005900009725,-0.06304621368,-0.05031048559,-0.0404570478,,,0.001764956873,0.0002457230673,True,
2022-06-08,2022-05-30,UKX,GJR-skewt-h5,GJR-skewt-AR1-expanding-refit21-horizon5,1,0.02340042532,0.000547579905,-0.06071350187,-0.04844416288,-0.0389515632,,,-0.0009346477632,0.0002665591604,True,
2022-06-09,2022-05-31,UKX,GJR-skewt-h5,GJR-skewt-AR1-expanding-refit21-horizon5,1,0.02255563882,0.0005087568427,-0.0584961142,-0.04666971468,-0.03751981048,,,-0.01743625033,0.0003097723284,True,
2022-06-10,2022-06-01,UKX,GJR-skewt-h5,GJR-skewt-AR1-expanding-refit21-horizon5,1,0.0231996356,0.0005382230919,-0.06005041544,-0.04788635476,-0.0384752073,,,-0.02902462926,0.000405364578,True,
2022-06-13,2022-06-06,UKX,GJR-skewt-h5,GJR-skewt-AR1-expanding-refit21-horizon5,1,0.02245678566,0.0005043072222,-0.05834296224,-0.04656839352,-0.03745859003,,,-0.05434040841,0.000558879601,True,
2022-06-14,2022-06-07,UKX,GJR-skewt-h5,GJR-skewt-AR1-expanding-refit21-horizon5,1,0.02168329725,0.0004701653796,-0.05619147718,-0.04482246483,-0.03602643409,,,-0.05566008095,0.0006968873541,True,
2022-06-15,2022-06-08,UKX,GJR-skewt-h5,GJR-skewt-AR1-expanding-refit21-horizon5,1,0.02094241278,0.0004385846531,-0.05426158204,-0.04328103113,-0.03478554705,,,-0.04300292611,0.000753916049,True,
2022-06-16,2022-06-09,UKX,GJR-skewt-h5,GJR-skewt-AR1-expanding-refit21-horizon5,1,0.02385523935,0.0005690724446,-0.0616965589,-0.04918875128,-0.03951165206,,,-0.05940652224,0.0009336970616,True,
2022-06-17,2022-06-10,UKX,GJR-skewt-h5,GJR-skewt-AR1-expanding-refit21-horizon5,1,0.02895526733,0.0008384075059,-0.07494750981,-0.05976564942,-0.04801967653,,,-0.04203275381,0.001011404207,True,
2022-06-20,2022-06-13,UKX,GJR-skewt-h5,GJR-skewt-AR1-expanding-refit21-horizon5,1,0.03060245995,0.0009365105551,-0.07932128859,-0.06327577019,-0.05086159833,,,-0.01172575515,0.0008785058594,True,
2022-06-21,2022-06-14,UKX,GJR-skewt-h5,GJR-skewt-AR1-expanding-refit21-horizon5,1,0.02947561893,0.0008688121111,-0.07652902294,-0.06107433118,-0.04911727284,,,-0.004937372542,0.0007548763809,True,
2022-06-22,2022-06-15,UKX,GJR-skewt-h5,GJR-skewt-AR1-expanding-refit21-horizon5,1,0.02842312859,0.0008078742389,-0.07394957696,-0.05904672818,-0.04751662231,,,-0.02565131741,0.0007448248558,True,
2022-06-23,2022-06-16,UKX,GJR-skewt-h5,GJR-skewt-AR1-expanding-refit21-horizon5,1,0.03758461886,0.001412603575,-0.09736397097,-0.07765755866,-0.06241100925,,,-0.003483704778,0.0005889995059,True,
2022-06-24,2022-06-17,UKX,GJR-skewt-h5,GJR-skewt-AR1-expanding-refit21-horizon5,1,0.03621654547,0.001311638166,-0.09411780668,-0.07512870425,-0.0604371265,,,0.02706648912,0.0004367162912,True,
2022-06-27,2022-06-20,UKX,GJR-skewt-h5,GJR-skewt-AR1-expanding-refit21-horizon5,1,0.03486335353,0.001215453419,-0.09080683974,-0.07252724452,-0.05838460164,,,0.0189851397,0.0004741447631,True,
2022-06-28,2022-06-21,UKX,GJR-skewt-h5,GJR-skewt-AR1-expanding-refit21-horizon5,1,0.03345100659,0.001118969842,-0.08699231016,-0.06945323838,-0.05588352714,,,0.02366865405,0.0004917294257,True,
2022-06-29,2022-06-22,UKX,GJR-skewt-h5,GJR-skewt-AR1-expanding-refit21-horizon5,1,0.03288816112,0.001081631142,-0.08542500342,-0.0681687579,-0.0548185385,,,0.03098530839,0.0004945581828,True,
2022-06-30,2022-06-23,UKX,GJR-skewt-h5,GJR-skewt-AR1-expanding-refit21-horizon5,1,0.03256985624,0.001060795535,-0.08458289471,-0.06749366209,-0.0542726515,,,0.02097355307,0.0005541612439,True,
2022-07-01,2022-06-24,UKX,GJR-skewt-h5,GJR-skewt-AR1-expanding-refit21-horizon5,1,0.03172911506,0.001006736743,-0.08280121031,-0.06615311018,-0.05327337981,,,-0.00557812053,0.0006370578818,True,
2022-07-04,2022-06-27,UKX,GJR-skewt-h5,GJR-skewt-AR1-expanding-refit21-horizon5,1,0.0304946819,0.0009299256239,-0.07935057307,-0.06335017354,-0.05097153393,,,-0.003533177367,0.0005770990215,True,
2022-07-05,2022-06-28,UKX,GJR-skewt-h5,GJR-skewt-AR1-expanding-refit21-horizon5,1,0.02934461034,0.0008611061561,-0.07636933804,-0.06097237501,-0.04906058144,,,-0.04152830056,0.0006394428911,True,
2022-07-06,2022-06-29,UKX,GJR-skewt-h5,GJR-skewt-AR1-expanding-refit21-horizon5,1,0.02821976674,0.0007963552349,-0.0733103178,-0.05850355431,-0.04704836604,,,-0.02836508993,0.0007614609401,True,
2022-07-07,2022-06-30,UKX,GJR-skewt-h5,GJR-skewt-AR1-expanding-refit21-horizon5,1,0.03153655213,0.00099455412,-0.08176804734,-0.06522098396,-0.05241942025,,,0.002758010046,0.0007110497061,True,
2022-07-08,2022-07-01,UKX,GJR-skewt-h5,GJR-skewt-AR1-expanding-refit21-horizon5,1,0.03027816887,0.0009167675101,-0.07870538987,-0.06281859359,-0.05052784265,,,0.003828781667,0.000696249221,True,
2022-07-11,2022-07-04,UKX,GJR-skewt-h5,GJR-skewt-AR1-expanding-refit21-horizon5,1,0.02913771143,0.0008490062273,-0.07582823789,-0.06053983364,-0.0487120261,,,-0.005003731512,0.0007478845853,True,
2022-07-12,2022-07-05,UKX,GJR-skewt-h5,GJR-skewt-AR1-expanding-refit21-horizon5,1,0.03657681582,0.001337863455,-0.09483150386,-0.07563984058,-0.06079229364,,,0.02590868093,0.0006611596357,True,
2022-07-13,2022-07-06,UKX,GJR-skewt-h5,GJR-skewt-AR1-expanding-refit21-horizon5,1,0.03514775428,0.001235364631,-0.09156420396,-0.07312236178,-0.05885491066,,,0.006814302392,0.0007346433846,True,
2022-07-14,2022-07-07,UKX,GJR-skewt-h5,GJR-skewt-AR1-expanding-refit21-horizon5,1,0.0337938116,0.001142021702,-0.0880231988,-0.07029176323,-0.05657391511,,,-0.0209862707,0.0007403773192,True,
2022-07-15,2022-07-08,UKX,GJR-skewt-h5,GJR-skewt-AR1-expanding-refit21-horizon5,1,0.03242351165,0.001051284108,-0.08432348302,-0.06731103664,-0.05414943138,,,-0.005182829599,0.0007191675391,True,
2022-07-18,2022-07-11,UKX,GJR-skewt-h5,GJR-skewt-AR1-expanding-refit21-horizon5,1,0.03111968025,0.0009684344986,-0.08090586863,-0.06457753575,-0.05194519193,,,0.003689389127,0.0006877334834,True,
2022-07-19,2022-07-12,UKX,GJR-skewt-h5,GJR-skewt-AR1-expanding-refit21-horizon5,1,0.02988247746,0.0008929624589,-0.07769357386,-0.06201439478,-0.04988426599,,,0.01191227564,0.000709178351,True,
2022-07-20,2022-07-13,UKX,GJR-skewt-h5,GJR-skewt-AR1-expanding-refit21-horizon5,1,0.02934260789,0.0008609886377,-0.07617630499,-0.06078039265,-0.04886941193,,,0.01496486562,0.0005148964254,True,
2022-07-21,2022-07-14,UKX,GJR-skewt-h5,GJR-skewt-AR1-expanding-refit21-horizon5,1,0.03123557165,0.0009756609364,-0.08101968096,-0.06463054046,-0.0519511531,,,0.03224533199,0.000550958679,True,
2022-07-22,2022-07-15,UKX,GJR-skewt-h5,GJR-skewt-AR1-expanding-refit21-horizon5,1,0.03018496178,0.0009111319178,-0.0786553395,-0.06281744849,-0.05056453289,,,0.01626591452,0.0005087232331,True,
2022-07-25,2022-07-18,UKX,GJR-skewt-h5,GJR-skewt-AR1-expanding-refit21-horizon5,1,0.02905243035,0.0008440437092,-0.07560585241,-0.06036219469,-0.04856900511,,,0.01143886797,0.0005185104467,True,
2022-07-26,2022-07-19,UKX,GJR-skewt-h5,GJR-skewt-AR1-expanding-refit21-horizon5,1,0.02799435272,0.000783683784,-0.0728541684,-0.05816567847,-0.04680199202,,,0.00136961936,0.0005013613189,True,
2022-07-27,2022-07-20,UKX,GJR-skewt-h5,GJR-skewt-AR1-expanding-refit21-horizon5,1,0.02714267359,0.0007367247299,-0.07046284708,-0.05622122871,-0.04520326252,,,0.01148349865,0.0004367350552,True,
2022-07-28,2022-07-21,UKX,GJR-skewt-h5,GJR-skewt-AR1-expanding-refit21-horizon5,1,0.02609390123,0.0006808916815,-0.06780672544,-0.05410732967,-0.04350895677,,,0.01023556138,0.0003437075466,True,
2022-07-29,2022-07-22,UKX,GJR-skewt-h5,GJR-skewt-AR1-expanding-refit21-horizon5,1,0.02510958681,0.0006304913499,-0.0652332407,-0.05205061368,-0.04185203272,,,0.02000093912,0.0003352677351,True,
2022-08-01,2022-07-25,UKX,GJR-skewt-h5,GJR-skewt-AR1-expanding-refit21-horizon5,1,0.02419020315,0.0005851659283,-0.0628685745,-0.05016862735,-0.04034346587,,,0.01455219728,0.000333529488,True,
2022-08-02,2022-07-26,UKX,GJR-skewt-h5,GJR-skewt-AR1-expanding-refit21-horizon5,1,0.02330469637,0.0005431088731,-0.0605057505,-0.04827069772,-0.03880519618,,,0.01397202469,0.000350933926,True,
2022-08-03,2022-07-27,UKX,GJR-skewt-h5,GJR-skewt-AR1-expanding-refit21-horizon5,1,0.02249632354,0.000506084573,-0.05845976417,-0.04664911014,-0.0375119396,,,0.01318129893,0.0003651303177,True,
2022-08-04,2022-07-28,UKX,GJR-skewt-h5,GJR-skewt-AR1-expanding-refit21-horizon5,1,0.02170364484,0.0004710481994,-0.05631597931,-0.04492148458,-0.03610627066,,,0.01389835311,0.0003579154543,True,
2022-08-05,2022-07-29,UKX,GJR-skewt-h5,GJR-skewt-AR1-expanding-refit21-horizon5,1,0.02106343223,0.0004436681772,-0.05477119547,-0.04371281475,-0.03515763141,,,0.002193391611,0.0003159676585,True,
2022-08-08,2022-08-01,UKX,GJR-skewt-h5,GJR-skewt-AR1-expanding-refit21-horizon5,1,0.02037385199,0.0004150938449,-0.05282872457,-0.04213237605,-0.03385727457,,,0.009264422781,0.0003071447325,True,
2022-08-09,2022-08-02,UKX,GJR-skewt-h5,GJR-skewt-AR1-expanding-refit21-horizon5,1,0.01970283697,0.0003882017845,-0.05108370435,-0.04073964123,-0.03273708111,,,0.01061948659,0.0002519788989,True,
2022-08-10,2022-08-03,UKX,GJR-skewt-h5,GJR-skewt-AR1-expanding-refit21-horizon5,1,0.019088166,0.0003643580812,-0.04954158307,-0.03952022451,-0.0317673209,,,0.008212541718,0.0002559586699,True,
2022-08-11,2022-08-04,UKX,GJR-skewt-h5,GJR-skewt-AR1-expanding-refit21-horizon5,1,0.01848245479,0.0003416011352,-0.04790422114,-0.03820086323,-0.030693977,,,0.002386993758,0.0002300598957,True,
2022-08-12,2022-08-05,UKX,GJR-skewt-h5,GJR-skewt-AR1-expanding-refit21-horizon5,1,0.01793838295,0.0003217855829,-0.04646499937,-0.03704728121,-0.02976137674,,,0.008192448615,0.0002298699697,True,
2022-08-15,2022-08-08,UKX,GJR-skewt-h5,GJR-skewt-AR1-expanding-refit21-horizon5,1,0.01743844013,0.000304099194,-0.045238541,-0.03608329469,-0.02900044841,,,0.003575378395,0.0002102548099,True,
2022-08-16,2022-08-09,UKX,GJR-skewt-h5,GJR-skewt-AR1-expanding-refit21-horizon5,1,0.01693013154,0.0002866293539,-0.04385176814,-0.03496338574,-0.02808699553,,,0.006376345567,0.0002088170976,True,
2022-08-17,2022-08-10,UKX,GJR-skewt-h5,GJR-skewt-AR1-expanding-refit21-horizon5,1,0.01645957462,0.0002709175965,-0.04264221991,-0.03400088166,-0.02731561418,,,0.001158192895,0.0001744303563,True,
2022-08-18,2022-08-11,UKX,GJR-skewt-h5,GJR-skewt-AR1-expanding-refit21-horizon5,1,0.01663015347,0.0002765620043,-0.04299396457,-0.03426307178,-0.02750852151,,,0.01012815345,0.0001667172201,True,
2022-08-19,2022-08-12,UKX,GJR-skewt-h5,GJR-skewt-AR1-expanding-refit21-horizon5,1,0.01619725393,0.0002623510348,-0.04198181479,-0.03347819588,-0.02689947331,,,0.006577528733,0.0001985200615,True,
2022-08-22,2022-08-15,UKX,GJR-skewt-h5,GJR-skewt-AR1-expanding-refit21-horizon5,1,0.01576561907,0.0002485547447,-0.04081162402,-0.03253461503,-0.02613120649,,,0.003270575275,0.0002249370959,True,
2022-08-23,2022-08-16,UKX,GJR-skewt-h5,GJR-skewt-AR1-expanding-refit21-horizon5,1,0.01537660667,0.0002364400326,-0.0398237276,-0.03175095157,-0.02550554542,,,-0.006389712954,0.0002739576573,True,
2022-08-24,2022-08-17,UKX,GJR-skewt-h5,GJR-skewt-AR1-expanding-refit21-horizon5,1,0.01515827239,0.0002297732218,-0.03917939834,-0.03122124862,-0.02506452174,,,-0.005911663153,0.0003276519121,True,
2022-08-25,2022-08-18,UKX,GJR-skewt-h5,GJR-skewt-AR1-expanding-refit21-horizon5,1,0.01480724923,0.0002192546297,-0.03833414967,-0.03056028843,-0.02454613411,,,-0.008281416371,0.0003480784923,True,
2022-08-26,2022-08-19,UKX,GJR-skewt-h5,GJR-skewt-AR1-expanding-refit21-horizon5,1,0.01422011402,0.0002022116427,-0.03677285786,-0.02928967923,-0.0235049136,,,-0.01643815423,0.0003875187443,True,
2022-08-30,2022-08-22,UKX,GJR-skewt-h5,GJR-skewt-AR1-expanding-refit21-horizon5,1,0.01403092462,0.0001968668458,-0.03623794658,-0.02885432679,-0.02314652372,,,-0.02312222298,0.0004356020454,True,
2022-08-31,2022-08-23,UKX,GJR-skewt-h5,GJR-skewt-AR1-expanding-refit21-horizon5,1,0.01464651379,0.0002145203662,-0.03780154741,-0.03009398059,-0.02413575484,,,-0.02760746117,0.0004989541655,True,
2022-09-01,2022-08-24,UKX,GJR-skewt-h5,GJR-skewt-AR1-expanding-refit21-horizon5,1,0.01443561047,0.0002083868497,-0.03729633322,-0.02969975195,-0.02382732201,,,-0.04419323771,0.0005824000581,True,
2022-09-02,2022-08-25,UKX,GJR-skewt-h5,GJR-skewt-AR1-expanding-refit21-horizon5,1,0.01410745567,0.0001990203056,-0.03647780339,-0.02905390997,-0.02331497394,,,-0.02689699973,0.0006607199703,True,
2022-09-05,2022-08-26,UKX,GJR-skewt-h5,GJR-skewt-AR1-expanding-refit21-horizon5,1,0.01498780553,0.0002246343147,-0.03868294795,-0.03079578011,-0.02469871632,,,-0.01901555877,0.0006253576836,True,
2022-09-06,2022-08-30,UKX,GJR-skewt-h5,GJR-skewt-AR1-expanding-refit21-horizon5,1,0.01640993518,0.0002692859725,-0.04238075445,-0.03374520652,-0.02706961806,,,-0.008348185981,0.0006108810547,True,
2022-09-07,2022-08-31,UKX,GJR-skewt-h5,GJR-skewt-AR1-expanding-refit21-horizon5,1,0.01824202364,0.0003327714267,-0.04715300737,-0.03755334303,-0.03013245799,,,-0.006390379825,0.0005857166032,True,
2022-09-08,2022-09-01,UKX,GJR-skewt-h5,GJR-skewt-AR1-expanding-refit21-horizon5,1,0.0235992108,0.0005569227505,-0.06106769249,-0.04864886732,-0.03904866978,,,0.01576651221,0.000545800477,True,
2022-09-09,2022-09-02,UKX,GJR-skewt-h5,GJR-skewt-AR1-expanding-refit21-horizon5,1,0.02306172969,0.0005318433765,-0.06010906111,-0.04797307947,-0.03859153012,,,0.009554264653,0.0005056203009,True,
2022-09-12,2022-09-05,UKX,GJR-skewt-h5,GJR-skewt-AR1-expanding-refit21-horizon5,1,0.02220270742,0.0004929602166,-0.05765100406,-0.04596707344,-0.03693497576,,,0.02514970895,0.0004795926377,True,
2022-09-13,2022-09-06,UKX,GJR-skewt-h5,GJR-skewt-AR1-expanding-refit21-horizon5,1,0.02139440898,0.0004577207357,-0.05554779617,-0.04428922371,-0.03558594316,,,0.01164363619,0.0005232980816,True,
2022-09-14,2022-09-07,UKX,GJR-skewt-h5,GJR-skewt-AR1-expanding-refit21-horizon5,1,0.02182966203,0.0004765341442,-0.05656136148,-0.04507374189,-0.03619339969,,,0.005442621628,0.0005393545276,True,
2022-09-15,2022-09-08,UKX,GJR-skewt-h5,GJR-skewt-AR1-expanding-refit21-horizon5,1,0.02105096095,0.0004431429568,-0.05466825422,-0.04359041751,-0.03502685218,,,0.002750238908,0.000485181974,True,
2022-09-16,2022-09-09,UKX,GJR-skewt-h5,GJR-skewt-AR1-expanding-refit21-horizon5,1,0.0204836137,0.0004195784303,-0.0532903257,-0.04251104925,-0.0341782817,,,-0.01568464689,0.0004766939999,True,
2022-09-20,2022-09-12,UKX,GJR-skewt-h5,GJR-skewt-AR1-expanding-refit21-horizon5,1,0.02010848826,0.0004043513,-0.05236034393,-0.04177847312,-0.03359830722,,,-0.03822987504,0.0005581263137,True,
2022-09-21,2022-09-13,UKX,GJR-skewt-h5,GJR-skewt-AR1-expanding-refit21-horizon5,1,0.02164074054,0.000468321651,-0.05602974258,-0.04464154085,-0.03583805222,,,-0.02028309067,0.0005009482695,True,
2022-09-22,2022-09-14,UKX,GJR-skewt-h5,GJR-skewt-AR1-expanding-refit21-horizon5,1,0.02425645335,0.0005883755293,-0.0628349671,-0.05007027526,-0.04020271038,,,-0.01631974137,0.0005026872991,True,
2022-09-23,2022-09-15,UKX,GJR-skewt-h5,GJR-skewt-AR1-expanding-refit21-horizon5,1,0.02333008746,0.0005442929807,-0.06059778259,-0.04832058062,-0.0388298629,,,-0.0368555137,0.000671579426,True,
2022-09-26,2022-09-16,UKX,GJR-skewt-h5,GJR-skewt-AR1-expanding-refit21-horizon5,1,0.02305178886,0.0005313849697,-0.0597866474,-0.04765589701,-0.03827839161,,,-0.0302596703,0.0008069283242,True,
2022-09-27,2022-09-20,UKX,GJR-skewt-h5,GJR-skewt-AR1-expanding-refit21-horizon5,1,0.02278263199,0.0005190483202,-0.05908443451,-0.04709532496,-0.03782731302,,,-0.02935891038,0.0008705755176,True,
2022-09-28,2022-09-21,UKX,GJR-skewt-h5,GJR-skewt-AR1-expanding-refit21-horizon5,1,0.02199533783,0.0004837948864,-0.05717261619,-0.04562060903,-0.03668516264,,,-0.03260840703,0.001243801122,True,
2022-09-29,2022-09-22,UKX,GJR-skewt-h5,GJR-skewt-AR1-expanding-refit21-horizon5,1,0.0230108267,0.0005294981456,-0.05963207589,-0.04754673141,-0.03819875003,,,-0.03958894884,0.001379121167,True,
2022-09-30,2022-09-23,UKX,GJR-skewt-h5,GJR-skewt-AR1-expanding-refit21-horizon5,1,0.02766872287,0.0007655582253,-0.07170528252,-0.05717359916,-0.04593338126,,,-0.01794135326,0.001368427908,True,
2022-10-03,2022-09-26,UKX,GJR-skewt-h5,GJR-skewt-AR1-expanding-refit21-horizon5,1,0.02655281609,0.0007050520421,-0.06901927744,-0.05507367115,-0.04428678229,,,-0.01610972492,0.001368448827,True,
2022-10-04,2022-09-27,UKX,GJR-skewt-h5,GJR-skewt-AR1-expanding-refit21-horizon5,1,0.02586615897,0.0006690581799,-0.0671609279,-0.05357595567,-0.04306801628,,,0.01448382609,0.001320254004,True,
2022-10-05,2022-09-28,UKX,GJR-skewt-h5,GJR-skewt-AR1-expanding-refit21-horizon5,1,0.02485550734,0.000617796245,-0.06461235664,-0.05155818121,-0.04146081171,,,0.006715090818,0.00101325985,True,
2022-10-06,2022-09-29,UKX,GJR-skewt-h5,GJR-skewt-AR1-expanding-refit21-horizon5,1,0.02808331712,0.0007886727004,-0.07281248374,-0.05806305443,-0.04665441063,,,0.0166731352,0.0008694202564,True,
2022-10-07,2022-09-30,UKX,GJR-skewt-h5,GJR-skewt-AR1-expanding-refit21-horizon5,1,0.02694724608,0.0007261540712,-0.07006671363,-0.05591395171,-0.04496682852,,,0.0140154969,0.0007809947977,True,
2022-10-10,2022-10-03,UKX,GJR-skewt-h5,GJR-skewt-AR1-expanding-refit21-horizon5,1,0.02587432723,0.0006694808094,-0.06726655044,-0.05367728822,-0.04316603053,,,0.007282933441,0.0006456060267,True,
2022-10-11,2022-10-04,UKX,GJR-skewt-h5,GJR-skewt-AR1-expanding-refit21-horizon5,1,0.02547931065,0.0006491952713,-0.06649939477,-0.05311759625,-0.04276681118,,,-0.02881735689,0.0006390985818,True,
2022-10-12,2022-10-05,UKX,GJR-skewt-h5,GJR-skewt-AR1-expanding-refit21-horizon5,1,0.0247724206,0.0006136728225,-0.06430634454,-0.05129580647,-0.04123219036,,,-0.0326281787,0.0007325761563,True,
2022-10-13,2022-10-06,UKX,GJR-skewt-h5,GJR-skewt-AR1-expanding-refit21-horizon5,1,0.02471457216,0.0006108100772,-0.06411994659,-0.05113979067,-0.04109967506,,,-0.02123191403,0.00129289442,True,
2022-10-14,2022-10-07,UKX,GJR-skewt-h5,GJR-skewt-AR1-expanding-refit21-horizon5,1,0.02377521913,0.0005652610447,-0.06174420369,-0.04925739836,-0.0395988881,,,-0.01910545466,0.001430805247,True,
2022-10-17,2022-10-10,UKX,GJR-skewt-h5,GJR-skewt-AR1-expanding-refit21-horizon5,1,0.02319189897,0.0005378641777,-0.06017733662,-0.04799689252,-0.03857535185,,,-0.005634167433,0.001513034403,True,
2022-10-18,2022-10-11,UKX,GJR-skewt-h5,GJR-skewt-AR1-expanding-refit21-horizon5,1,0.02404806227,0.0005783092988,-0.0623452128,-0.04971510957,-0.03994575877,,,0.007451976482,0.001473215802,True,
2022-10-19,2022-10-12,UKX,GJR-skewt-h5,GJR-skewt-AR1-expanding-refit21-horizon5,1,0.02424641522,0.000587888651,-0.06288772689,-0.05015344818,-0.04030351793,,,0.01436987372,0.001359107717,True,
2022-10-20,2022-10-13,UKX,GJR-skewt-h5,GJR-skewt-AR1-expanding-refit21-horizon5,1,0.02332866634,0.0005442266733,-0.06062727359,-0.04837499892,-0.0388978975,,,0.01357114375,0.0008273969184,True,
2022-10-21,2022-10-14,UKX,GJR-skewt-h5,GJR-skewt-AR1-expanding-refit21-horizon5,1,0.02245201758,0.0005040930934,-0.05830947682,-0.0465176203,-0.03739665107,,,0.01603973932,0.0007256315744,True,
2022-10-24,2022-10-17,UKX,GJR-skewt-h5,GJR-skewt-AR1-expanding-refit21-horizon5,1,0.02171170225,0.0004713980146,-0.05646189537,-0.04505885433,-0.03623863284,,,0.01346345259,0.0007673050356,True,
2022-10-25,2022-10-18,UKX,GJR-skewt-h5,GJR-skewt-AR1-expanding-refit21-horizon5,1,0.0209322014,0.0004381570556,-0.05434951072,-0.0433558655,-0.03485231057,,,0.01101067796,0.0007584152941,True,
2022-10-26,2022-10-19,UKX,GJR-skewt-h5,GJR-skewt-AR1-expanding-refit21-horizon5,1,0.02024223933,0.0004097482531,-0.05249932848,-0.0418680531,-0.03364479025,,,0.01875445276,0.000748322543,True,
2022-10-27,2022-10-20,UKX,GJR-skewt-h5,GJR-skewt-AR1-expanding-refit21-horizon5,1,0.01953954134,0.0003817936758,-0.05071213895,-0.04045304655,-0.03251886427,,,0.01852014641,0.0007039397114,True,
2022-10-28,2022-10-21,UKX,GJR-skewt-h5,GJR-skewt-AR1-expanding-refit21-horizon5,1,0.01889825641,0.0003571440953,-0.04904713046,-0.03912473999,-0.03145095643,,,0.01112913991,0.0006447892939,True,
2022-10-31,2022-10-24,UKX,GJR-skewt-h5,GJR-skewt-AR1-expanding-refit21-horizon5,1,0.01833123584,0.0003360342074,-0.04759425481,-0.03796957431,-0.03052603385,,,0.01141168425,0.0005192787071,True,
2022-11-01,2022-10-25,UKX,GJR-skewt-h5,GJR-skewt-AR1-expanding-refit21-horizon5,1,0.01774652982,0.0003149393207,-0.04599589927,-0.03667821437,-0.02947209832,,,0.02432568416,0.0004946651375,True,
2022-11-02,2022-10-26,UKX,GJR-skewt-h5,GJR-skewt-AR1-expanding-refit21-horizon5,1,0.0172485588,0.0002975127807,-0.04476191562,-0.03570568674,-0.02870177568,,,0.01239435013,0.0004473482161,True,
2022-11-03,2022-10-27,UKX,GJR-skewt-h5,GJR-skewt-AR1-expanding-refit21-horizon5,1,0.01674067514,0.0002802502043,-0.04339554717,-0.03460597886,-0.02780829791,,,0.01611274289,0.0004694784623,True,
2022-11-04,2022-10-28,UKX,GJR-skewt-h5,GJR-skewt-AR1-expanding-refit21-horizon5,1,0.01654585287,0.0002737652471,-0.042818606,-0.0341313277,-0.02741275584,,,0.03992876797,0.0004832767672,True,
2022-11-07,2022-10-31,UKX,GJR-skewt-h5,GJR-skewt-AR1-expanding-refit21-horizon5,1,0.01613803855,0.0002604362881,-0.04186608013,-0.03339292174,-0.02683994604,,,0.02855451219,0.0004655890339,True,
2022-11-08,2022-11-01,UKX,GJR-skewt-h5,GJR-skewt-AR1-expanding-refit21-horizon5,1,0.01594627407,0.0002542836566,-0.04143334664,-0.03306087277,-0.02658576453,,,0.01654708173,0.0004410160219,True,
2022-11-09,2022-11-02,UKX,GJR-skewt-h5,GJR-skewt-AR1-expanding-refit21-horizon5,1,0.01623891673,0.0002637024165,-0.04199241965,-0.03346629591,-0.02687235785,,,0.02108048866,0.0004226802536,True,
2022-11-10,2022-11-03,UKX,GJR-skewt-h5,GJR-skewt-AR1-expanding-refit21-horizon5,1,0.01584402368,0.0002510330863,-0.0410932658,-0.03277447775,-0.02634088907,,,0.02564010139,0.0006445038696,True,
2022-11-11,2022-11-04,UKX,GJR-skewt-h5,GJR-skewt-AR1-expanding-refit21-horizon5,1,0.01604389339,0.0002574065151,-0.04176855336,-0.03334482519,-0.02683007787,,,-0.002293051513,0.0005822791822,True,
2022-11-14,2022-11-07,UKX,GJR-skewt-h5,GJR-skewt-AR1-expanding-refit21-horizon5,1,0.0160626353,0.0002580082527,-0.04154406455,-0.03311049608,-0.02658813846,,,0.01160367579,0.0005929852999,True,
2022-11-15,2022-11-08,UKX,GJR-skewt-h5,GJR-skewt-AR1-expanding-refit21-horizon5,1,0.01562364566,0.0002440983038,-0.04045832367,-0.03225524348,-0.025911141,,,0.008626649387,0.0006203862154,True,
2022-11-16,2022-11-09,UKX,GJR-skewt-h5,GJR-skewt-AR1-expanding-refit21-horizon5,1,0.01525764855,0.0002327958391,-0.03947797199,-0.03146705589,-0.02527156938,,,0.007496248106,0.0006199334705,True,
2022-11-17,2022-11-10,UKX,GJR-skewt-h5,GJR-skewt-AR1-expanding-refit21-horizon5,1,0.0150569819,0.0002267127038,-0.03908665991,-0.03118110235,-0.02506709809,,,-0.003912543591,0.0003134473789,True,
2022-11-18,2022-11-11,UKX,GJR-skewt-h5,GJR-skewt-AR1-expanding-refit21-horizon5,1,0.01602092332,0.0002566699842,-0.0414016206,-0.03298995269,-0.02648453254,,,0.009181551902,0.0003148710334,True,
2022-11-21,2022-11-14,UKX,GJR-skewt-h5,GJR-skewt-AR1-expanding-refit21-horizon5,1,0.015708985,0.0002467722098,-0.04077258921,-0.03252470222,-0.02614594705,,,-0.001124541064,0.00028509468,True,
2022-11-22,2022-11-15,UKX,GJR-skewt-h5,GJR-skewt-AR1-expanding-refit21-horizon5,1,0.01539234755,0.000236924363,-0.03982118457,-0.03173954575,-0.02548936367,,,0.01125349608,0.0002804781861,True,
2022-11-23,2022-11-16,UKX,GJR-skewt-h5,GJR-skewt-AR1-expanding-refit21-horizon5,1,0.01514726747,0.0002294397119,-0.03917710343,-0.0312241421,-0.02507347668,,,0.01538865671,0.0002605789205,True,
2022-11-24,2022-11-17,UKX,GJR-skewt-h5,GJR-skewt-AR1-expanding-refit21-horizon5,1,0.01478194023,0.000218505757,-0.03824256832,-0.03048141937,-0.02447909791,,,0.01621574537,0.0002350415089,True,
2022-11-25,2022-11-18,UKX,GJR-skewt-h5,GJR-skewt-AR1-expanding-refit21-horizon5,1,0.01447719002,0.0002095890309,-0.03745872236,-0.02985862916,-0.02398218511,,,0.01360952054,0.0001930694841,True,
2022-11-28,2022-11-21,UKX,GJR-skewt-h5,GJR-skewt-AR1-expanding-refit21-horizon5,1,0.01418075121,0.0002010937049,-0.03660791429,-0.02916344262,-0.02340732621,,,0.01307684818,0.0002031658107,True,
2022-11-29,2022-11-22,UKX,GJR-skewt-h5,GJR-skewt-AR1-expanding-refit21-horizon5,1,0.0140472932,0.0001973264464,-0.03639412829,-0.0290197181,-0.0233177737,,,0.007911967364,0.0002013182932,True,
2022-11-30,2022-11-23,UKX,GJR-skewt-h5,GJR-skewt-AR1-expanding-refit21-horizon5,1,0.01375258747,0.0001891336621,-0.03552284279,-0.02830314433,-0.0227208241,,,0.01435025934,0.0002390671828,True,
2022-12-01,2022-11-24,UKX,GJR-skewt-h5,GJR-skewt-AR1-expanding-refit21-horizon5,1,0.01347410074,0.0001815513907,-0.03477789086,-0.02770438963,-0.02223511009,,,0.0122330031,0.0002785856306,True,
2022-12-02,2022-11-25,UKX,GJR-skewt-h5,GJR-skewt-AR1-expanding-refit21-horizon5,1,0.01322817214,0.0001749845382,-0.03416501783,-0.02722062178,-0.02185116726,,,0.009240305089,0.0003281041886,True,
2022-12-05,2022-11-28,UKX,GJR-skewt-h5,GJR-skewt-AR1-expanding-refit21-horizon5,1,0.01306788089,0.000170769511,-0.03369440113,-0.0268341532,-0.02152976259,,,0.01243243085,0.0003130992315,True,
2022-12-06,2022-11-29,UKX,GJR-skewt-h5,GJR-skewt-AR1-expanding-refit21-horizon5,1,0.01288565604,0.0001660401316,-0.03329842999,-0.02653384468,-0.02130342105,,,0.001250535912,0.0003144526417,True,
2022-12-07,2022-11-30,UKX,GJR-skewt-h5,GJR-skewt-AR1-expanding-refit21-horizon5,1,0.01279373332,0.0001636796123,-0.03309412576,-0.02637779714,-0.02118468592,,,-0.01114049901,0.0003319622745,True,
2022-12-08,2022-12-01,UKX,GJR-skewt-h5,GJR-skewt-AR1-expanding-refit21-horizon5,1,0.01268509904,0.0001609117376,-0.03269169551,-0.02603239665,-0.02088338123,,,-0.01148326455,0.0003433997832,True,
2022-12-09,2022-12-02,UKX,GJR-skewt-h5,GJR-skewt-AR1-expanding-refit21-horizon5,1,0.01249079556,0.0001560199737,-0.03220333109,-0.02564603577,-0.02057589017,,,-0.01059028782,0.0003332274999,True,
2022-12-12,2022-12-05,UKX,GJR-skewt-h5,GJR-skewt-AR1-expanding-refit21-horizon5,1,0.01231070695,0.0001515535057,-0.03175414949,-0.02529139532,-0.02029434958,,,-0.01618578646,0.0003327826013,True,
2022-12-13,2022-12-06,UKX,GJR-skewt-h5,GJR-skewt-AR1-expanding-refit21-horizon5,1,0.01316237547,0.000173248128,-0.03388906232,-0.02697920756,-0.0216364606,,,-0.002462678407,0.0003909198581,True,
2022-12-14,2022-12-07,UKX,GJR-skewt-h5,GJR-skewt-AR1-expanding-refit21-horizon5,1,0.01343571892,0.0001805185429,-0.0346246617,-0.02757130978,-0.02211760983,,,0.0008941825411,0.0003339704998,True,
2022-12-15,2022-12-08,UKX,GJR-skewt-h5,GJR-skewt-AR1-expanding-refit21-horizon5,1,0.01332865335,0.0001776530002,-0.03436883396,-0.02737168827,-0.02196144736,,,-0.006175179211,0.0003664765727,True,
2022-12-16,2022-12-09,UKX,GJR-skewt-h5,GJR-skewt-AR1-expanding-refit21-horizon5,1,0.0130816151,0.0001711286537,-0.03375732368,-0.02688986571,-0.02157990023,,,-0.01951617421,0.0004321462051,True,
2022-12-19,2022-12-12,UKX,GJR-skewt-h5,GJR-skewt-AR1-expanding-refit21-horizon5,1,0.01330485235,0.0001770190961,-0.0342850282,-0.02730037733,-0.0218997975,,,-0.01144045437,0.0004363927612,True,
2022-12-20,2022-12-13,UKX,GJR-skewt-h5,GJR-skewt-AR1-expanding-refit21-horizon5,1,0.01316101816,0.0001732123991,-0.03404783067,-0.02713868846,-0.02179649244,,,-0.0177904721,0.000367615842,True,
2022-12-21,2022-12-14,UKX,GJR-skewt-h5,GJR-skewt-AR1-expanding-refit21-horizon5,1,0.01294856934,0.0001676654479,-0.03339175811,-0.02659414519,-0.0213381844,,,0.000186738391,0.0003690926722,True,
2022-12-22,2022-12-15,UKX,GJR-skewt-h5,GJR-skewt-AR1-expanding-refit21-horizon5,1,0.01491209012,0.0002223704317,-0.03842171863,-0.03059331584,-0.02454034125,,,0.00578694643,0.0003109962047,True,
2022-12-23,2022-12-16,UKX,GJR-skewt-h5,GJR-skewt-AR1-expanding-refit21-horizon5,1,0.01803648635,0.00032531484,-0.04654341393,-0.03707479625,-0.0297535963,,,0.01903454286,0.0004011810466,True,
2022-12-28,2022-12-19,UKX,GJR-skewt-h5,GJR-skewt-AR1-expanding-refit21-horizon5,1,0.01749991435,0.0003062470021,-0.04533470216,-0.03615267203,-0.02905225326,,,0.01829312243,0.0003963507366,True,
2022-12-29,2022-12-20,UKX,GJR-skewt-h5,GJR-skewt-AR1-expanding-refit21-horizon5,1,0.01697105843,0.0002880168243,-0.04392185273,-0.03501730801,-0.02813146735,,,0.01909582045,0.0003714763381,True,
2022-12-30,2022-12-21,UKX,GJR-skewt-h5,GJR-skewt-AR1-expanding-refit21-horizon5,1,0.01687845245,0.0002848821571,-0.04386391043,-0.03500795514,-0.02815968845,,,-0.006100709269,0.0004068680276,True,
2023-01-03,2022-12-22,UKX,GJR-skewt-h5,GJR-skewt-AR1-expanding-refit21-horizon5,1,0.01665721209,0.0002774627147,-0.04304383996,-0.03430396728,-0.0275454667,,,0.01128921472,0.000509315497,True,
2023-01-04,2022-12-23,UKX,GJR-skewt-h5,GJR-skewt-AR1-expanding-refit21-horizon5,1,0.01618024155,0.0002618002167,-0.04184748813,-0.03335787712,-0.02679290266,,,0.01490248105,0.0003393140009,True,
2023-01-05,2022-12-28,UKX,GJR-skewt-h5,GJR-skewt-AR1-expanding-refit21-horizon5,1,0.01574895815,0.0002480296829,-0.04075298897,-0.03248966806,-0.02609968261,,,0.01801681221,0.0003801515143,True,
2023-01-06,2022-12-29,UKX,GJR-skewt-h5,GJR-skewt-AR1-expanding-refit21-horizon5,1,0.01533763071,0.0002352429158,-0.03966509131,-0.03161758978,-0.02539449642,,,0.02456044393,0.0003840793984,True,
2023-01-09,2022-12-30,UKX,GJR-skewt-h5,GJR-skewt-AR1-expanding-refit21-horizon5,1,0.01640913377,0.0002692596711,-0.04234451094,-0.03373480247,-0.02707695724,,,0.03600664458,0.000344433398,True,
2023-01-10,2023-01-03,UKX,GJR-skewt-h5,GJR-skewt-AR1-expanding-refit21-horizon5,1,0.01621230264,0.0002628387569,-0.04208451549,-0.03357808235,-0.02700009942,,,0.01841531273,0.0002215427593,True,
2023-01-11,2023-01-04,UKX,GJR-skewt-h5,GJR-skewt-AR1-expanding-refit21-horizon5,1,0.01579011221,0.0002493276436,-0.04087067587,-0.03258576183,-0.02617907853,,,0.01826281679,0.0002078222467,True,
2023-01-12,2023-01-05,UKX,GJR-skewt-h5,GJR-skewt-AR1-expanding-refit21-horizon5,1,0.0154304107,0.0002380975743,-0.03995731638,-0.03186113413,-0.02560039619,,,0.0208077512,0.0001889030084,True,
2023-01-13,2023-01-06,UKX,GJR-skewt-h5,GJR-skewt-AR1-expanding-refit21-horizon5,1,0.01514901191,0.0002294925618,-0.03924872759,-0.03130019247,-0.02515362934,,,0.01860627766,0.0001869930295,True,
2023-01-16,2023-01-09,UKX,GJR-skewt-h5,GJR-skewt-AR1-expanding-refit21-horizon5,1,0.0147892912,0.0002187231341,-0.03824727538,-0.03048748212,-0.02448687214,,,0.01735047644,0.0001721432675,True,
2023-01-17,2023-01-10,UKX,GJR-skewt-h5,GJR-skewt-AR1-expanding-refit21-horizon5,1,0.01480652159,0.0002192330815,-0.03820793856,-0.03043910469,-0.02443150364,,,0.0201351243,0.0001802096804,True,
2023-01-18,2023-01-11,UKX,GJR-skewt-h5,GJR-skewt-AR1-expanding-refit21-horizon5,1,0.01447666023,0.0002095736913,-0.03743848105,-0.02984272214,-0.0239689591,,,0.01359010787,0.0001685586729,True,
2023-01-19,2023-01-12,UKX,GJR-skewt-h5,GJR-skewt-AR1-expanding-refit21-horizon5,1,0.01427533902,0.0002037853043,-0.03697020967,-0.02948008198,-0.02368800306,,,-0.006009836523,0.0001611460862,True,
2023-01-20,2023-01-13,UKX,GJR-skewt-h5,GJR-skewt-AR1-expanding-refit21-horizon5,1,0.01402813583,0.0001967885948,-0.03629561443,-0.02893519179,-0.02324341314,,,-0.00941427526,0.000175738327,True,
2023-01-23,2023-01-16,UKX,GJR-skewt-h5,GJR-skewt-AR1-expanding-refit21-horizon5,1,0.01373639639,0.0001886885857,-0.03548273413,-0.02827538426,-0.02270197602,,,-0.009639047531,0.0001869005961,True,
2023-01-24,2023-01-17,UKX,GJR-skewt-h5,GJR-skewt-AR1-expanding-refit21-horizon5,1,0.01349611979,0.0001821452493,-0.03481794104,-0.02773666189,-0.02226074353,,,-0.01199369835,0.0002188547104,True,
2023-01-25,2023-01-18,UKX,GJR-skewt-h5,GJR-skewt-AR1-expanding-refit21-horizon5,1,0.0134199907,0.0001800961503,-0.03460243796,-0.02756110298,-0.02211607326,,,-0.01101738108,0.0002318115923,True,
2023-01-26,2023-01-19,UKX,GJR-skewt-h5,GJR-skewt-AR1-expanding-refit21-horizon5,1,0.01590302437,0.0002529061841,-0.0409929008,-0.03264874288,-0.02619624657,,,0.001779718956,0.0002105599578,True,
2023-01-27,2023-01-20,UKX,GJR-skewt-h5,GJR-skewt-AR1-expanding-refit21-horizon5,1,0.01548888518,0.0002399055642,-0.04002819661,-0.03190343962,-0.0256200816,,,-0.0006951561065,0.0001895225351,True,
2023-01-30,2023-01-23,UKX,GJR-skewt-h5,GJR-skewt-AR1-expanding-refit21-horizon5,1,0.01509359384,0.000227816575,-0.03898237398,-0.03106496866,-0.02494196802,,,2.56534525e-05,0.0002173930103,True,
2023-01-31,2023-01-24,UKX,GJR-skewt-h5,GJR-skewt-AR1-expanding-refit21-horizon5,1,0.01501408769,0.0002254228291,-0.0387143158,-0.03083861574,-0.02474786827,,,0.001841741884,0.0001831683023,True,
2023-02-01,2023-01-25,UKX,GJR-skewt-h5,GJR-skewt-AR1-expanding-refit21-horizon5,1,0.01471687585,0.0002165864347,-0.03795969489,-0.0302398985,-0.02426972061,,,0.002089539776,0.0001720696212,True,
2023-02-02,2023-01-26,UKX,GJR-skewt-h5,GJR-skewt-AR1-expanding-refit21-horizon5,1,0.0143759886,0.0002066690481,-0.03711145545,-0.02957047284,-0.02373858228,,,0.007586065259,0.0002120979981,True,
2023-02-03,2023-01-27,UKX,GJR-skewt-h5,GJR-skewt-AR1-expanding-refit21-horizon5,1,0.0140530633,0.0001974885882,-0.03625040777,-0.02887881693,-0.0231779271,,,0.01743831896,0.0002198784011,True,
2023-02-06,2023-01-30,UKX,GJR-skewt-h5,GJR-skewt-AR1-expanding-refit21-horizon5,1,0.01376276256,0.0001894136332,-0.03551502838,-0.02829571596,-0.02271259209,,,0.006631904867,0.0002072618431,True,
2023-02-07,2023-01-31,UKX,GJR-skewt-h5,GJR-skewt-AR1-expanding-refit21-horizon5,1,0.0135612278,0.0001839068994,-0.0349407134,-0.02782711685,-0.02232574935,,,0.01189546115,0.0002114393669,True,
2023-02-08,2023-02-01,UKX,GJR-skewt-h5,GJR-skewt-AR1-expanding-refit21-horizon5,1,0.01335216157,0.0001782802185,-0.03439849595,-0.02739456593,-0.02197801009,,,0.01586352009,0.0002123788657,True,
2023-02-09,2023-02-02,UKX,GJR-skewt-h5,GJR-skewt-AR1-expanding-refit21-horizon5,1,0.01320067456,0.0001742578087,-0.03410443141,-0.02717996451,-0.02182486223,,,0.01156934701,0.0001734900664,True,
2023-02-10,2023-02-03,UKX,GJR-skewt-h5,GJR-skewt-AR1-expanding-refit21-horizon5,1,0.01315222292,0.0001729809677,-0.03400960026,-0.02711054885,-0.02177510189,,,-0.002445444505,0.0001783836555,True,
2023-02-13,2023-02-06,UKX,GJR-skewt-h5,GJR-skewt-AR1-expanding-refit21-horizon5,1,0.01459723418,0.0002130792456,-0.03757168585,-0.02991464798,-0.02399300498,,,0.01405215636,0.0001601024399,True,
2023-02-14,2023-02-07,UKX,GJR-skewt-h5,GJR-skewt-AR1-expanding-refit21-horizon5,1,0.0142768237,0.0002038276951,-0.03686923923,-0.02938027397,-0.02358861151,,,0.01127794519,0.0001745108177,True,
2023-02-15,2023-02-08,UKX,GJR-skewt-h5,GJR-skewt-AR1-expanding-refit21-horizon5,1,0.01397128588,0.0001951968292,-0.03606038435,-0.02873169018,-0.02306397489,,,0.01417887004,0.0001780655966,True,
2023-02-16,2023-02-09,UKX,GJR-skewt-h5,GJR-skewt-AR1-expanding-refit21-horizon5,1,0.01369436412,0.0001875356088,-0.03534500468,-0.02816157092,-0.02260619417,,,0.01272332062,0.0001838077805,True,
2023-02-17,2023-02-10,UKX,GJR-skewt-h5,GJR-skewt-AR1-expanding-refit21-horizon5,1,0.01376017553,0.0001893424308,-0.0354382938,-0.02822033841,-0.02263826401,,,0.0153462658,0.0001819105916,True,
2023-02-20,2023-02-13,UKX,GJR-skewt-h5,GJR-skewt-AR1-expanding-refit21-horizon5,1,0.01359215332,0.0001847466319,-0.03513404278,-0.02800422412,-0.02249031111,,,0.008357413043,0.0001774124739,True,
2023-02-21,2023-02-14,UKX,GJR-skewt-h5,GJR-skewt-AR1-expanding-refit21-horizon5,1,0.01332632396,0.0001775909104,-0.03435549408,-0.02736511727,-0.02195904294,,,0.003000297691,0.0001838566683,True,
2023-02-22,2023-02-15,UKX,GJR-skewt-h5,GJR-skewt-AR1-expanding-refit21-horizon5,1,0.01313056426,0.0001724117179,-0.03389771519,-0.02701002493,-0.02168336421,,,-0.008437772295,0.0002019260739,True,
2023-02-23,2023-02-16,UKX,GJR-skewt-h5,GJR-skewt-AR1-expanding-refit21-horizon5,1,0.01290370204,0.0001665055264,-0.03326364298,-0.0264949542,-0.02126032442,,,-0.01316582927,0.0001959296109,True,
2023-02-24,2023-02-17,UKX,GJR-skewt-h5,GJR-skewt-AR1-expanding-refit21-horizon5,1,0.01271949762,0.0001617856197,-0.0327502764,-0.02607821279,-0.020918309,,,-0.01582843785,0.0002079512708,True,
2023-02-27,2023-02-20,UKX,GJR-skewt-h5,GJR-skewt-AR1-expanding-refit21-horizon5,1,0.01248526337,0.0001558818015,-0.03213350838,-0.02558029469,-0.02051349223,,,-0.009931453027,0.0002376789959,True,
2023-02-28,2023-02-21,UKX,GJR-skewt-h5,GJR-skewt-AR1-expanding-refit21-horizon5,1,0.01287961486,0.0001658844789,-0.0330952503,-0.02633505102,-0.02110821181,,,-0.01280443409,0.0002149124739,True,
2023-03-01,2023-02-22,UKX,GJR-skewt-h5,GJR-skewt-AR1-expanding-refit21-horizon5,1,0.01361721609,0.0001854285742,-0.03500570869,-0.02785836031,-0.02233218582,,,-0.001981660551,0.0002231657175,True,
2023-03-02,2023-02-23,UKX,GJR-skewt-h5,GJR-skewt-AR1-expanding-refit21-horizon5,1,0.01358144776,0.0001844557233,-0.034948095,-0.02781952055,-0.02230786166,,,0.004579933762,0.0002392485111,True,
2023-03-03,2023-02-24,UKX,GJR-skewt-h5,GJR-skewt-AR1-expanding-refit21-horizon5,1,0.0136762696,0.0001870403501,-0.03518655545,-0.02800821131,-0.02245807157,,,0.008644154184,0.0002126945407,True,
2023-03-06,2023-02-27,UKX,GJR-skewt-h5,GJR-skewt-AR1-expanding-refit21-horizon5,1,0.01348394678,0.0001818168209,-0.03481143252,-0.02773403399,-0.0222619432,,,-0.0006681785867,0.0001936827834,True,
2023-03-07,2023-02-28,UKX,GJR-skewt-h5,GJR-skewt-AR1-expanding-refit21-horizon5,1,0.01457443849,0.0002124142574,-0.03748822159,-0.02983845025,-0.02392381325,,,0.005469846825,0.0002031592077,True,
2023-03-08,2023-03-01,UKX,GJR-skewt-h5,GJR-skewt-AR1-expanding-refit21-horizon5,1,0.01427072964,0.0002036537244,-0.03684005057,-0.02934968868,-0.02355830361,,,0.001893366235,0.0001741055218,True,
2023-03-09,2023-03-02,UKX,GJR-skewt-h5,GJR-skewt-AR1-expanding-refit21-horizon5,1,0.01397430321,0.0001952811502,-0.03605145172,-0.02871667692,-0.0230455884,,,-0.008089022874,0.0001578721911,True,
2023-03-10,2023-03-03,UKX,GJR-skewt-h5,GJR-skewt-AR1-expanding-refit21-horizon5,1,0.01367742728,0.0001870720171,-0.03523742071,-0.02805846893,-0.02250785938,,,-0.02532073679,0.0002747398912,True,
2023-03-13,2023-03-06,UKX,GJR-skewt-h5,GJR-skewt-AR1-expanding-refit21-horizon5,1,0.01353162291,0.0001831048185,-0.03482634113,-0.02772391855,-0.02223247972,,,-0.04926566147,0.0005804516588,True,
2023-03-14,2023-03-07,UKX,GJR-skewt-h5,GJR-skewt-AR1-expanding-refit21-horizon5,1,0.01331815767,0.0001773733238,-0.03427913511,-0.02728875528,-0.02188394547,,,-0.03631010972,0.000699452775,True,
2023-03-15,2023-03-08,UKX,GJR-skewt-h5,GJR-skewt-AR1-expanding-refit21-horizon5,1,0.01307115128,0.0001708549957,-0.03366471489,-0.02680398277,-0.02149941374,,,-0.07668867908,0.0009789738775,True,
2023-03-16,2023-03-09,UKX,GJR-skewt-h5,GJR-skewt-AR1-expanding-refit21-horizon5,1,0.01387636981,0.000192553639,-0.03567814843,-0.02839477651,-0.02276343158,,,-0.06149746456,0.001237871918,True,
2023-03-17,2023-03-10,UKX,GJR-skewt-h5,GJR-skewt-AR1-expanding-refit21-horizon5,1,0.01950786328,0.0003805567299,-0.05026337207,-0.04002416501,-0.03210743257,,,-0.05477442798,0.001296443519,True,
2023-03-20,2023-03-13,UKX,GJR-skewt-h5,GJR-skewt-AR1-expanding-refit21-horizon5,1,0.02877590932,0.000828052957,-0.07436175104,-0.0592579701,-0.04758005482,,,-0.01935525342,0.001244168803,True,
2023-03-21,2023-03-14,UKX,GJR-skewt-h5,GJR-skewt-AR1-expanding-refit21-horizon5,1,0.02771345604,0.0007680356459,-0.07203140206,-0.05748527722,-0.04623852953,,,-0.01329986073,0.001149473525,True,
2023-03-22,2023-03-15,UKX,GJR-skewt-h5,GJR-skewt-AR1-expanding-refit21-horizon5,1,0.04169566246,0.001738528268,-0.1079551218,-0.08607007396,-0.06914903044,,,0.02981849725,0.0008874300434,True,
2023-03-23,2023-03-16,UKX,GJR-skewt-h5,GJR-skewt-AR1-expanding-refit21-horizon5,1,0.03991240368,0.001592999968,-0.1038617212,-0.08291266289,-0.06671530615,,,0.01201925954,0.0006492950317,True,
2023-03-24,2023-03-17,UKX,GJR-skewt-h5,GJR-skewt-AR1-expanding-refit21-horizon5,1,0.03907373055,0.001526756419,-0.1014475278,-0.08093866883,-0.06508166462,,,0.009511037571,0.0006587595807,True,
2023-03-27,2023-03-20,UKX,GJR-skewt-h5,GJR-skewt-AR1-expanding-refit21-horizon5,1,0.03743144233,0.001401112875,-0.09738648031,-0.0777396188,-0.06254909232,,,0.009129032699,0.0004454629756,True,
2023-03-28,2023-03-21,UKX,GJR-skewt-h5,GJR-skewt-AR1-expanding-refit21-horizon5,1,0.03618996464,0.001309713541,-0.09444545455,-0.07538449837,-0.06065835196,,,-0.006910635006,0.0004158086376,True,
2023-03-29,2023-03-22,UKX,GJR-skewt-h5,GJR-skewt-AR1-expanding-refit21-horizon5,1,0.03463300289,0.001199444889,-0.09020785516,-0.07196693791,-0.05787433859,,,-0.00033044525,0.0004005442329,True,
2023-03-30,2023-03-23,UKX,GJR-skewt-h5,GJR-skewt-AR1-expanding-refit21-horizon5,1,0.03396772114,0.001153806079,-0.08831094278,-0.07042042395,-0.05659853604,,,0.01597915005,0.0003907715633,True,
2023-03-31,2023-03-24,UKX,GJR-skewt-h5,GJR-skewt-AR1-expanding-refit21-horizon5,1,0.03421030734,0.001170345128,-0.08890071061,-0.07088242363,-0.05696182438,,,0.03008768337,0.0002066344989,True,
2023-04-03,2023-03-27,UKX,GJR-skewt-h5,GJR-skewt-AR1-expanding-refit21-horizon5,1,0.03279640046,0.001075603883,-0.08546251864,-0.06818892476,-0.05484366179,,,0.02657176532,0.0001746783805,True,
2023-04-04,2023-03-28,UKX,GJR-skewt-h5,GJR-skewt-AR1-expanding-refit21-horizon5,1,0.03140495972,0.0009862714948,-0.08173540606,-0.06519467255,-0.05241560412,,,0.01986998158,0.0001718274792,True,
2023-04-05,2023-03-29,UKX,GJR-skewt-h5,GJR-skewt-AR1-expanding-refit21-horizon5,1,0.03016957375,0.0009102031805,-0.07861221869,-0.06272215279,-0.05044577826,,,0.01295070361,0.000185117033,True,
2023-04-06,2023-03-30,UKX,GJR-skewt-h5,GJR-skewt-AR1-expanding-refit21-horizon5,1,0.02895781063,0.0008385547965,-0.07540339321,-0.06015155296,-0.0483682599,,,0.01577954835,0.0001734330943,True,
2023-04-11,2023-03-31,UKX,GJR-skewt-h5,GJR-skewt-AR1-expanding-refit21-horizon5,1,0.02776821629,0.0007710738359,-0.07222037308,-0.05759508237,-0.04629585003,,,0.01997809205,0.000184471939,True,
2023-04-12,2023-04-03,UKX,GJR-skewt-h5,GJR-skewt-AR1-expanding-refit21-horizon5,1,0.02666514468,0.0007110299407,-0.06938233238,-0.0553380204,-0.04448764161,,,0.01959047888,0.0002102103636,True,
2023-04-13,2023-04-04,UKX,GJR-skewt-h5,GJR-skewt-AR1-expanding-refit21-horizon5,1,0.02593818386,0.0006727893819,-0.06735483373,-0.05369340602,-0.04313883663,,,0.02699495269,0.000200806445,True,
2023-04-14,2023-04-05,UKX,GJR-skewt-h5,GJR-skewt-AR1-expanding-refit21-horizon5,1,0.02492176969,0.0006210946045,-0.06480179015,-0.05167569941,-0.04153472157,,,0.02690895458,0.0001796412017,True,
2023-04-17,2023-04-06,UKX,GJR-skewt-h5,GJR-skewt-AR1-expanding-refit21-horizon5,1,0.02404918033,0.0005783630747,-0.06259791282,-0.0499314077,-0.04014549732,,,0.01765605284,0.00016919247,True,
2023-04-18,2023-04-11,UKX,GJR-skewt-h5,GJR-skewt-AR1-expanding-refit21-horizon5,1,0.02315830563,0.0005363071197,-0.06021280924,-0.04801552048,-0.03859211809,,,0.01576317037,0.000151558822,True,
2023-04-19,2023-04-12,UKX,GJR-skewt-h5,GJR-skewt-AR1-expanding-refit21-horizon5,1,0.02231085891,0.0004977744254,-0.05798801186,-0.04623706631,-0.03715850052,,,0.009412672441,0.0001119553461,True,
2023-04-20,2023-04-13,UKX,GJR-skewt-h5,GJR-skewt-AR1-expanding-refit21-horizon5,1,0.02149194171,0.0004619035586,-0.05581411145,-0.04449448284,-0.03574914464,,,0.007519430324,0.0001010637801,True,
2023-04-21,2023-04-14,UKX,GJR-skewt-h5,GJR-skewt-AR1-expanding-refit21-horizon5,1,0.02072865486,0.0004296771322,-0.05383269297,-0.04291508126,-0.03448033397,,,0.005346547134,0.0001203821241,True,
2023-04-24,2023-04-17,UKX,GJR-skewt-h5,GJR-skewt-AR1-expanding-refit21-horizon5,1,0.01999692825,0.0003998771393,-0.05188653496,-0.04135431763,-0.03321731899,,,0.004141446626,0.0001162007222,True,
2023-04-25,2023-04-18,UKX,GJR-skewt-h5,GJR-skewt-AR1-expanding-refit21-horizon5,1,0.01932419377,0.000373424465,-0.05016093925,-0.03998304561,-0.03211979099,,,-0.002316358618,0.000122538982,True,
2023-04-26,2023-04-19,UKX,GJR-skewt-h5,GJR-skewt-AR1-expanding-refit21-horizon5,1,0.01871077166,0.000350092976,-0.04849443748,-0.03863962822,-0.03102598268,,,-0.005866124885,0.0001572152183,True,
2023-04-27,2023-04-20,UKX,GJR-skewt-h5,GJR-skewt-AR1-expanding-refit21-horizon5,1,0.01809990965,0.0003276067295,-0.04691859872,-0.03738552544,-0.03002044724,,,-0.009024987737,0.0001813310306,True,
2023-04-28,2023-04-21,UKX,GJR-skewt-h5,GJR-skewt-AR1-expanding-refit21-horizon5,1,0.01735791588,0.0003012972438,-0.04500466702,-0.03584099174,-0.02876605285,,,-0.005511680245,0.0001863016355,True,
2023-05-02,2023-04-24,UKX,GJR-skewt-h5,GJR-skewt-AR1-expanding-refit21-horizon5,1,0.01682542285,0.0002830948542,-0.04359020027,-0.0347076413,-0.02784974204,,,-0.01774970646,0.0002182706787,True,
2023-05-03,2023-04-25,UKX,GJR-skewt-h5,GJR-skewt-AR1-expanding-refit21-horizon5,1,0.01648797303,0.0002718532545,-0.04267744746,-0.03397303665,-0.02725267907,,,-0.01310011987,0.0002279472339,True,
2023-05-04,2023-04-26,UKX,GJR-skewt-h5,GJR-skewt-AR1-expanding-refit21-horizon5,1,0.01654813991,0.0002738409343,-0.04280814376,-0.03407196935,-0.02732708826,,,-0.0192867527,0.0002602269267,True,
2023-05-05,2023-04-27,UKX,GJR-skewt-h5,GJR-skewt-AR1-expanding-refit21-horizon5,1,0.01623950163,0.0002637214131,-0.04202688617,-0.03345364958,-0.02683456683,,,-0.006816195001,0.0002622906919,True,
2023-05-09,2023-04-28,UKX,GJR-skewt-h5,GJR-skewt-AR1-expanding-refit21-horizon5,1,0.01581686041,0.0002501730732,-0.04101277984,-0.03266266606,-0.02621584827,,,-0.01362375305,0.0002497229123,True,
2023-05-10,2023-05-02,UKX,GJR-skewt-h5,GJR-skewt-AR1-expanding-refit21-horizon5,1,0.0185875146,0.0003454956992,-0.0480553801,-0.0382425691,-0.03066645622,,,-0.004086583283,0.0002549153828,True,
2023-05-11,2023-05-03,UKX,GJR-skewt-h5,GJR-skewt-AR1-expanding-refit21-horizon5,1,0.01797811877,0.0003232127546,-0.04663463009,-0.03714353429,-0.02981580598,,,-0.007448942748,0.0002824986504,True,
2023-05-12,2023-05-04,UKX,GJR-skewt-h5,GJR-skewt-AR1-expanding-refit21-horizon5,1,0.01972875838,0.0003892239072,-0.05105994315,-0.04064464119,-0.03260336706,,,0.006728281384,0.0002155809019,True,
2023-05-15,2023-05-05,UKX,GJR-skewt-h5,GJR-skewt-AR1-expanding-refit21-horizon5,1,0.0191646408,0.000367283457,-0.04983516499,-0.03971767472,-0.03190633012,,,-8.995918e-05,0.0001914732975,True,
2023-05-16,2023-05-09,UKX,GJR-skewt-h5,GJR-skewt-AR1-expanding-refit21-horizon5,1,0.01857629736,0.0003450788235,-0.04815447469,-0.03834758555,-0.03077604473,,,-0.001675776384,0.000184180873,True,
2023-05-17,2023-05-10,UKX,GJR-skewt-h5,GJR-skewt-AR1-expanding-refit21-horizon5,1,0.01814309472,0.0003291718862,-0.04700710475,-0.03742891405,-0.03003394294,,,-0.002340795792,0.0001596239675,True,
2023-05-18,2023-05-11,UKX,GJR-skewt-h5,GJR-skewt-AR1-expanding-refit21-horizon5,1,0.01760288564,0.0003098615828,-0.045611709,-0.03631870811,-0.02914392163,,,0.001512283968,0.0001178723635,True,
2023-05-19,2023-05-12,UKX,GJR-skewt-h5,GJR-skewt-AR1-expanding-refit21-horizon5,1,0.01706560765,0.0002912349644,-0.04425930773,-0.03524994924,-0.0282941527,,,0.0002965289,0.000117814634,True,
2023-05-22,2023-05-15,UKX,GJR-skewt-h5,GJR-skewt-AR1-expanding-refit21-horizon5,1,0.01656327546,0.0002743420941,-0.04294274502,-0.03419858018,-0.02744752996,,,-0.000861833508,0.0001277013173,True,
2023-05-23,2023-05-16,UKX,GJR-skewt-h5,GJR-skewt-AR1-expanding-refit21-horizon5,1,0.01634121237,0.0002670352216,-0.04228412045,-0.03365718824,-0.02699664905,,,0.001534076002,0.0001217216421,True,
2023-05-24,2023-05-17,UKX,GJR-skewt-h5,GJR-skewt-AR1-expanding-refit21-horizon5,1,0.01617755381,0.0002617132473,-0.04185350615,-0.03331297336,-0.02671914001,,,-0.01252110391,0.0001649752951,True,
2023-05-25,2023-05-18,UKX,GJR-skewt-h5,GJR-skewt-AR1-expanding-refit21-horizon5,1,0.01573042071,0.0002474461357,-0.04075633156,-0.03245185145,-0.02604026575,,,-0.0223868381,0.0001850031233,True,
2023-05-26,2023-05-19,UKX,GJR-skewt-h5,GJR-skewt-AR1-expanding-refit21-horizon5,1,0.01531064443,0.000234415833,-0.03965032775,-0.03156745797,-0.02532696951,,,-0.01686192617,0.0002191447009,True,
2023-05-30,2023-05-22,UKX,GJR-skewt-h5,GJR-skewt-AR1-expanding-refit21-horizon5,1,0.01491977102,0.0002225995673,-0.03862624479,-0.0307497268,-0.02466855502,,,-0.0325534889,0.0002466505997,True,
2023-05-31,2023-05-23,UKX,GJR-skewt-h5,GJR-skewt-AR1-expanding-refit21-horizon5,1,0.01458022186,0.0002125828696,-0.03770297456,-0.030005713,-0.02406293857,,,-0.04167843887,0.0002827475734,True,
2023-06-01,2023-05-24,UKX,GJR-skewt-h5,GJR-skewt-AR1-expanding-refit21-horizon5,1,0.0205556311,0.00042253397,-0.05319695499,-0.04232778892,-0.03394043677,,,-0.01809888316,0.0002604888632,True,
2023-06-02,2023-05-25,UKX,GJR-skewt-h5,GJR-skewt-AR1-expanding-refit21-horizon5,1,0.02083615618,0.0004341454045,-0.05405983925,-0.0430423404,-0.03454052508,,,0.004796349177,0.0002631618012,True,
2023-06-05,2023-05-26,UKX,GJR-skewt-h5,GJR-skewt-AR1-expanding-refit21-horizon5,1,0.02014603607,0.0004058627692,-0.05243706516,-0.04178447995,-0.03356425562,,,-0.003572583735,0.0002495335936,True,
2023-06-06,2023-05-30,UKX,GJR-skewt-h5,GJR-skewt-AR1-expanding-refit21-horizon5,1,0.02262939951,0.0005120897224,-0.05867582948,-0.04671012041,-0.03747660471,,,0.01399344278,0.0002275046259,True,
2023-06-07,2023-05-31,UKX,GJR-skewt-h5,GJR-skewt-AR1-expanding-refit21-horizon5,1,0.02344287368,0.0005495683263,-0.06085292324,-0.04845707482,-0.03889163574,,,0.02365007088,0.0001918822413,True,
2023-06-08,2023-06-01,UKX,GJR-skewt-h5,GJR-skewt-AR1-expanding-refit21-horizon5,1,0.02256717324,0.0005092773083,-0.05875991224,-0.04682710645,-0.03761898104,,,0.01449997439,0.0001756027409,True,
2023-06-09,2023-06-02,UKX,GJR-skewt-h5,GJR-skewt-AR1-expanding-refit21-horizon5,1,0.02199341942,0.0004837104979,-0.0573767244,-0.04574730144,-0.03677328587,,,-0.005919699796,0.0001869700237,True,
2023-06-12,2023-06-05,UKX,GJR-skewt-h5,GJR-skewt-AR1-expanding-refit21-horizon5,1,0.02117722443,0.0004484748347,-0.05503349688,-0.04383565196,-0.03519466994,,,-0.003862688084,0.0001886628107,True,
2023-06-13,2023-06-06,UKX,GJR-skewt-h5,GJR-skewt-AR1-expanding-refit21-horizon5,1,0.0204147499,0.0004167620136,-0.05309446941,-0.04229979684,-0.03396992871,,,-0.004375033184,0.0001981924884,True,
2023-06-14,2023-06-07,UKX,GJR-skewt-h5,GJR-skewt-AR1-expanding-refit21-horizon5,1,0.0196872339,0.0003875871786,-0.05113667142,-0.04072668626,-0.03269366783,,,-0.002837016417,0.0002261847677,True,
2023-06-15,2023-06-08,UKX,GJR-skewt-h5,GJR-skewt-AR1-expanding-refit21-horizon5,1,0.01920188456,0.0003687123705,-0.04983132488,-0.03967797706,-0.03184299662,,,0.003756191703,0.0002381373478,True,
2023-06-16,2023-06-09,UKX,GJR-skewt-h5,GJR-skewt-AR1-expanding-refit21-horizon5,1,0.01901903566,0.0003617237173,-0.04933133035,-0.03927466724,-0.03151429497,,,0.01056238223,0.0002393564019,True,
2023-06-19,2023-06-12,UKX,GJR-skewt-h5,GJR-skewt-AR1-expanding-refit21-horizon5,1,0.01837461043,0.0003376263085,-0.04771855563,-0.03800264415,-0.03050521789,,,0.002348384209,0.0002179102906,True,
2023-06-20,2023-06-13,UKX,GJR-skewt-h5,GJR-skewt-AR1-expanding-refit21-horizon5,1,0.01778424232,0.0003162792751,-0.04619823935,-0.0367944958,-0.02953795854,,,-0.003363209778,0.0002027685378,True,
2023-06-21,2023-06-14,UKX,GJR-skewt-h5,GJR-skewt-AR1-expanding-refit21-horizon5,1,0.01721935842,0.0002965063044,-0.04469200046,-0.03558694961,-0.02856090297,,,-0.005738082726,0.0001831464205,True,
2023-06-22,2023-06-15,UKX,GJR-skewt-h5,GJR-skewt-AR1-expanding-refit21-horizon5,1,0.01670716571,0.000279129386,-0.0433794443,-0.03454522473,-0.02772816902,,,-0.01669533853,0.0002088168194,True,
2023-06-23,2023-06-16,UKX,GJR-skewt-h5,GJR-skewt-AR1-expanding-refit21-horizon5,1,0.01621771584,0.0002630143071,-0.04207905785,-0.03350364385,-0.02688629928,,,-0.02394090906,0.0001982033714,True,
2023-06-26,2023-06-19,UKX,GJR-skewt-h5,GJR-skewt-AR1-expanding-refit21-horizon5,1,0.01686158399,0.0002843130145,-0.04365310459,-0.03473723352,-0.02785717025,,,-0.01793679312,0.0002395503873,True,
2023-06-27,2023-06-20,UKX,GJR-skewt-h5,GJR-skewt-AR1-expanding-refit21-horizon5,1,0.01651244069,0.0002726606977,-0.04279584009,-0.03406458492,-0.02732698323,,,-0.01434410075,0.0002436730461,True,
2023-06-28,2023-06-21,UKX,GJR-skewt-h5,GJR-skewt-AR1-expanding-refit21-horizon5,1,0.01607663888,0.0002584583177,-0.04166934226,-0.03316852528,-0.0266087446,,,-0.007795705297,0.0002441107465,True,
2023-06-29,2023-06-22,UKX,GJR-skewt-h5,GJR-skewt-AR1-expanding-refit21-horizon5,1,0.01689963108,0.0002855975306,-0.04374678241,-0.03481079325,-0.02791520554,,,-0.004047075335,0.0002047517103,True,
2023-06-30,2023-06-23,UKX,GJR-skewt-h5,GJR-skewt-AR1-expanding-refit21-horizon5,1,0.01701247964,0.0002894244635,-0.04408367856,-0.03509212158,-0.02815345003,,,0.009284164817,0.0001900341106,True,
2023-07-03,2023-06-26,UKX,GJR-skewt-h5,GJR-skewt-AR1-expanding-refit21-horizon5,1,0.01652809043,0.0002731777734,-0.04286559403,-0.03413004989,-0.02738894022,,,0.009839235566,0.000160420525,True,
2023-07-04,2023-06-27,UKX,GJR-skewt-h5,GJR-skewt-AR1-expanding-refit21-horizon5,1,0.01604439215,0.0002574225195,-0.04162475266,-0.03314485618,-0.0266010266,,,0.007769803091,,True,
2023-07-05,2023-06-28,UKX,GJR-skewt-h5,GJR-skewt-AR1-expanding-refit21-horizon5,1,0.01563798485,0.00024454657,-0.04060976523,-0.03234466604,-0.02596659282,,,-0.007816604736,,True,
2023-07-06,2023-06-29,UKX,GJR-skewt-h5,GJR-skewt-AR1-expanding-refit21-horizon5,1,0.01555508644,0.000241960714,-0.04028540173,-0.0320641166,-0.02571985415,,,-0.02592303515,,True,
2023-07-07,2023-06-30,UKX,GJR-skewt-h5,GJR-skewt-AR1-expanding-refit21-horizon5,1,0.01524627057,0.0002324487664,-0.03961672615,-0.03155865857,-0.02534034906,,,-0.03714149826,,True,
2023-07-10,2023-07-03,UKX,GJR-skewt-h5,GJR-skewt-AR1-expanding-refit21-horizon5,1,0.01485733315,0.0002207403483,-0.03849728498,-0.03064478139,-0.02458510301,,,-0.03425756168,,True,
2023-07-11,2023-07-04,UKX,GJR-skewt-h5,GJR-skewt-AR1-expanding-refit21-horizon5,1,0.0145185604,0.0002107885962,-0.03760485173,-0.02993139872,-0.02400989144,,,-0.03205205963,,True,
2023-07-12,2023-07-05,UKX,GJR-skewt-h5,GJR-skewt-AR1-expanding-refit21-horizon5,1,0.01666762056,0.0002778095751,-0.04312129236,-0.03431200277,-0.02751398466,,,-0.003499754507,0.0002743937379,True,
2023-07-13,2023-07-06,UKX,GJR-skewt-h5,GJR-skewt-AR1-expanding-refit21-horizon5,1,0.02461948867,0.0006061192224,-0.06380614332,-0.05079407572,-0.04075282663,,,0.02169821524,0.0002524002676,True,
2023-07-14,2023-07-07,UKX,GJR-skewt-h5,GJR-skewt-AR1-expanding-refit21-horizon5,1,0.02382356811,0.0005675623975,-0.06194355119,-0.0493521492,-0.03963552247,,,0.02419206515,0.0001817220875,True,
2023-07-17,2023-07-10,UKX,GJR-skewt-h5,GJR-skewt-AR1-expanding-refit21-horizon5,1,0.02288891748,0.0005239025436,-0.05956216138,-0.0474647476,-0.03812932536,,,0.01806565387,0.0001997181325,True,
2023-07-18,2023-07-11,UKX,GJR-skewt-h5,GJR-skewt-AR1-expanding-refit21-horizon5,1,0.02200501901,0.0004842208614,-0.05723428087,-0.04560403141,-0.03662911401,,,0.02323636971,0.0001884012225,True,
2023-07-19,2023-07-12,UKX,GJR-skewt-h5,GJR-skewt-AR1-expanding-refit21-horizon5,1,0.02158505535,0.0004659146144,-0.0563357289,-0.04492744162,-0.03612380965,,,0.02294110909,0.0002363027432,True,
2023-07-20,2023-07-13,UKX,GJR-skewt-h5,GJR-skewt-AR1-expanding-refit21-horizon5,1,0.02079222087,0.0004323164487,-0.05408283091,-0.04309357817,-0.03461330988,,,0.02729797033,0.0002509563501,True,
2023-07-21,2023-07-14,UKX,GJR-skewt-h5,GJR-skewt-AR1-expanding-refit21-horizon5,1,0.02004383216,0.0004017552077,-0.05207583537,-0.04148212636,-0.0333070942,,,0.03035012925,0.0002668671905,True,
2023-07-24,2023-07-17,UKX,GJR-skewt-h5,GJR-skewt-AR1-expanding-refit21-horizon5,1,0.01960328854,0.0003842889217,-0.05088618359,-0.04052531383,-0.0325299608,,,0.03609277358,0.0002546847749,True,
2023-07-25,2023-07-18,UKX,GJR-skewt-h5,GJR-skewt-AR1-expanding-refit21-horizon5,1,0.01897278969,0.0003599667487,-0.04935561297,-0.03932797896,-0.03158977976,,,0.03144422144,0.0002523759512,True,
2023-07-26,2023-07-19,UKX,GJR-skewt-h5,GJR-skewt-AR1-expanding-refit21-horizon5,1,0.01879031749,0.0003530760314,-0.04901420406,-0.03908301155,-0.03141923506,,,0.01162137224,0.000187437884,True,
2023-07-27,2023-07-20,UKX,GJR-skewt-h5,GJR-skewt-AR1-expanding-refit21-horizon5,1,0.01824443395,0.00033285937,-0.04746303888,-0.03782036064,-0.03037922697,,,0.00608907439,0.0001845206366,True,
2023-07-28,2023-07-21,UKX,GJR-skewt-h5,GJR-skewt-AR1-expanding-refit21-horizon5,1,0.01765335339,0.0003116408858,-0.04585250465,-0.03652222851,-0.02932217163,,,0.003984848351,,True,
2023-07-31,2023-07-24,UKX,GJR-skewt-h5,GJR-skewt-AR1-expanding-refit21-horizon5,1,0.01709270021,0.0002921604005,-0.04438958121,-0.03534243609,-0.02836473911,,,0.002705139378,,True,
2023-08-01,2023-07-25,UKX,GJR-skewt-h5,GJR-skewt-AR1-expanding-refit21-horizon5,1,0.01657520083,0.0002747372825,-0.04303155487,-0.03425832153,-0.02749188163,,,-0.003320726403,,True,
2023-08-02,2023-07-26,UKX,GJR-skewt-h5,GJR-skewt-AR1-expanding-refit21-horizon5,1,0.01617536064,0.0002616422919,-0.04194435319,-0.03338275477,-0.02677954032,,,-0.0151329861,,True,
2023-08-03,2023-07-27,UKX,GJR-skewt-h5,GJR-skewt-AR1-expanding-refit21-horizon5,1,0.01572220482,0.0002471877243,-0.04080097934,-0.03247923574,-0.02606101161,,,-0.02149598076,,True,
2023-08-04,2023-07-28,UKX,GJR-skewt-h5,GJR-skewt-AR1-expanding-refit21-horizon5,1,0.01529409437,0.0002339093225,-0.03965914066,-0.03156399539,-0.02532053738,,,-0.01702675113,,True,
2023-08-07,2023-07-31,UKX,GJR-skewt-h5,GJR-skewt-AR1-expanding-refit21-horizon5,1,0.01489677324,0.0002219138529,-0.03862346096,-0.03073861727,-0.02465735636,,,-0.01899897882,0.0004065764169,True,
2023-08-08,2023-08-01,UKX,GJR-skewt-h5,GJR-skewt-AR1-expanding-refit21-horizon5,1,0.01498394703,0.0002245186686,-0.03879766412,-0.03086667946,-0.02474983188,,,-0.01828439095,0.0004292113206,True,
2023-08-09,2023-08-02,UKX,GJR-skewt-h5,GJR-skewt-AR1-expanding-refit21-horizon5,1,0.01866946515,0.0003485489288,-0.0483489367,-0.03846721185,-0.03084583729,,,0.003392950224,0.0003922743167,True,
2023-08-10,2023-08-03,UKX,GJR-skewt-h5,GJR-skewt-AR1-expanding-refit21-horizon5,1,0.01843860425,0.0003399821267,-0.04784721622,-0.03808768575,-0.03056055478,,,0.01180381828,0.0003220132508,True,
2023-08-11,2023-08-04,UKX,GJR-skewt-h5,GJR-skewt-AR1-expanding-refit21-horizon5,1,0.01785876545,0.0003189355035,-0.04642592003,-0.03697329752,-0.02968287224,,,-0.005328499907,0.0003177085506,True,
2023-08-14,2023-08-07,UKX,GJR-skewt-h5,GJR-skewt-AR1-expanding-refit21-horizon5,1,0.01732266897,0.0003000748603,-0.044956557,-0.0357876897,-0.02871611333,,,-0.006280826184,0.0003138877509,True,
2023-08-15,2023-08-08,UKX,GJR-skewt-h5,GJR-skewt-AR1-expanding-refit21-horizon5,1,0.01706762364,0.0002913037768,-0.04426359145,-0.03522971932,-0.02826225927,,,-0.01847606408,0.0003277325588,True,
2023-08-16,2023-08-09,UKX,GJR-skewt-h5,GJR-skewt-AR1-expanding-refit21-horizon5,1,0.01664385346,0.0002770178579,-0.04327901621,-0.03446944512,-0.02767497938,,,-0.03083713615,0.000347110794,True,
2023-08-17,2023-08-10,UKX,GJR-skewt-h5,GJR-skewt-AR1-expanding-refit21-horizon5,1,0.01617983183,0.000261786958,-0.04202202964,-0.03345806463,-0.02685302492,,,-0.0413219788,0.0003543059893,True,
2023-08-18,2023-08-11,UKX,GJR-skewt-h5,GJR-skewt-AR1-expanding-refit21-horizon5,1,0.01888910876,0.0003567984296,-0.04893826486,-0.03894028291,-0.03122924396,,,-0.03541417938,0.0003720360743,True,
2023-08-21,2023-08-14,UKX,GJR-skewt-h5,GJR-skewt-AR1-expanding-refit21-horizon5,1,0.01836806846,0.0003373859388,-0.04768458388,-0.03796238792,-0.03046405155,,,-0.03378586026,0.0003593288507,True,
2023-08-22,2023-08-15,UKX,GJR-skewt-h5,GJR-skewt-AR1-expanding-refit21-horizon5,1,0.02219785887,0.0004927449386,-0.05756928792,-0.04581998862,-0.03675822945,,,-0.01620731962,0.0003061859634,True,
2023-08-23,2023-08-16,UKX,GJR-skewt-h5,GJR-skewt-AR1-expanding-refit21-horizon5,1,0.02171373344,0.00047148622,-0.0564248071,-0.04493175479,-0.03606762857,,,-0.004960003389,0.0002914704917,True,
2023-08-24,2023-08-17,UKX,GJR-skewt-h5,GJR-skewt-AR1-expanding-refit21-horizon5,1,0.02159733067,0.0004664446922,-0.05609883733,-0.04466739687,-0.03585078936,,,0.003195881184,0.0002857948332,True,
2023-08-25,2023-08-18,UKX,GJR-skewt-h5,GJR-skewt-AR1-expanding-refit21-horizon5,1,0.02153749187,0.0004638635559,-0.05593999579,-0.04454022793,-0.03574804822,,,0.01043776287,0.0002302427536,True,
2023-08-29,2023-08-21,UKX,GJR-skewt-h5,GJR-skewt-AR1-expanding-refit21-horizon5,1,0.02074512156,0.0004303600685,-0.05392895721,-0.04294858997,-0.034479877,,,0.02814870525,0.0002457055586,True,
2023-08-30,2023-08-22,UKX,GJR-skewt-h5,GJR-skewt-AR1-expanding-refit21-horizon5,1,0.01998100888,0.000399240716,-0.05199030607,-0.04141165123,-0.03325408606,,,0.02752391726,0.0002607609265,True,
2023-08-31,2023-08-23,UKX,GJR-skewt-h5,GJR-skewt-AR1-expanding-refit21-horizon5,1,0.01933660122,0.0003739041467,-0.05035278944,-0.04011530687,-0.0322208314,,,0.01607125531,0.0002567234256,True,
2023-09-01,2023-08-24,UKX,GJR-skewt-h5,GJR-skewt-AR1-expanding-refit21-horizon5,1,0.01867553551,0.0003487756265,-0.04857063621,-0.03868314528,-0.03105856041,,,0.01769190848,0.0002546884802,True,
2023-09-04,2023-08-25,UKX,GJR-skewt-h5,GJR-skewt-AR1-expanding-refit21-horizon5,1,0.01805250847,0.0003258930621,-0.04692751152,-0.0373698732,-0.02999964904,,,0.01544167245,,True,
2023-09-05,2023-08-29,UKX,GJR-skewt-h5,GJR-skewt-AR1-expanding-refit21-horizon5,1,0.0178933178,0.0003201708218,-0.04667533747,-0.03720198033,-0.02989674831,,,-0.003636893229,,True,
2023-09-06,2023-08-30,UKX,GJR-skewt-h5,GJR-skewt-AR1-expanding-refit21-horizon5,1,0.01732258747,0.0003000720367,-0.0450203604,-0.03584916815,-0.02877694587,,,-0.00638938214,,True,
2023-09-07,2023-08-31,UKX,GJR-skewt-h5,GJR-skewt-AR1-expanding-refit21-horizon5,1,0.01724199076,0.0002972862453,-0.04475088234,-0.03562236085,-0.02858304346,,,0.000349456612,,True,
2023-09-08,2023-09-01,UKX,GJR-skewt-h5,GJR-skewt-AR1-expanding-refit21-horizon5,1,0.01672847904,0.000279842011,-0.04348666502,-0.03463001485,-0.0278003468,,,0.001833697881,,True,
2023-09-11,2023-09-04,UKX,GJR-skewt-h5,GJR-skewt-AR1-expanding-refit21-horizon5,1,0.01628826655,0.0002653076273,-0.04228350534,-0.03365991927,-0.02700997498,,,0.005899814148,,True,
2023-09-12,2023-09-05,UKX,GJR-skewt-h5,GJR-skewt-AR1-expanding-refit21-horizon5,1,0.01591877077,0.0002534072628,-0.04131127245,-0.03288331055,-0.02638421881,,,0.01197444361,,True,
2023-09-13,2023-09-06,UKX,GJR-skewt-h5,GJR-skewt-AR1-expanding-refit21-horizon5,1,0.01554213768,0.0002415580435,-0.04032884912,-0.03210029014,-0.02575496485,,,0.01336285711,,True,
2023-09-14,2023-09-07,UKX,GJR-skewt-h5,GJR-skewt-AR1-expanding-refit21-horizon5,1,0.01513486291,0.0002290640753,-0.03929905996,-0.03128612669,-0.02510707782,,,0.03062137502,,True,
2023-09-15,2023-09-08,UKX,GJR-skewt-h5,GJR-skewt-AR1-expanding-refit21-horizon5,1,0.01479068161,0.0002187642625,-0.03842557633,-0.03059486485,-0.02455633347,,,0.03070759335,0.0003176475428,True,
2023-09-18,2023-09-11,UKX,GJR-skewt-h5,GJR-skewt-AR1-expanding-refit21-horizon5,1,0.01444114579,0.0002085466916,-0.03748589658,-0.02984024177,-0.02394441396,,,0.02059505947,,True,
2023-09-19,2023-09-12,UKX,GJR-skewt-h5,GJR-skewt-AR1-expanding-refit21-horizon5,1,0.01413590913,0.0001998239268,-0.03670217976,-0.02921812806,-0.02344691798,,,0.01747513715,,True,
2023-09-20,2023-09-13,UKX,GJR-skewt-h5,GJR-skewt-AR1-expanding-refit21-horizon5,1,0.01382493127,0.0001911287247,-0.03584462948,-0.02852522048,-0.02288097206,,,0.02696509385,,True,
2023-09-21,2023-09-14,UKX,GJR-skewt-h5,GJR-skewt-AR1-expanding-refit21-horizon5,1,0.01423024918,0.0002024999916,-0.03710294281,-0.02956894414,-0.02375921823,,,0.0007165330439,,True,
2023-09-22,2023-09-15,UKX,GJR-skewt-h5,GJR-skewt-AR1-expanding-refit21-horizon5,1,0.0139592997,0.000194862048,-0.03624866003,-0.02885811163,-0.02315900516,,,-0.003572522731,,True,
2023-09-25,2023-09-18,UKX,GJR-skewt-h5,GJR-skewt-AR1-expanding-refit21-horizon5,1,0.01508161769,0.0002274551921,-0.0390619376,-0.03107719424,-0.02491988358,,,-0.003783481814,,True,
2023-09-26,2023-09-19,UKX,GJR-skewt-h5,GJR-skewt-AR1-expanding-refit21-horizon5,1,0.01470126055,0.0002161270617,-0.03815173928,-0.03036837048,-0.02436634667,,,-0.004513971399,,True,
2023-09-27,2023-09-20,UKX,GJR-skewt-h5,GJR-skewt-AR1-expanding-refit21-horizon5,1,0.01450025053,0.0002102572655,-0.03770901017,-0.0300320632,-0.02411210494,,,-0.01807565041,,True,
2023-09-28,2023-09-21,UKX,GJR-skewt-h5,GJR-skewt-AR1-expanding-refit21-horizon5,1,0.01528504008,0.0002336324504,-0.03957176742,-0.03146799253,-0.02522430405,,,-0.01003904848,,True,
2023-09-29,2023-09-22,UKX,GJR-skewt-h5,GJR-skewt-AR1-expanding-refit21-horizon5,1,0.01489108528,0.0002217444207,-0.03861474914,-0.03071983999,-0.02463707559,,,-0.009913735916,0.0004435043834,True,
2023-10-02,2023-09-25,UKX,GJR-skewt-h5,GJR-skewt-AR1-expanding-refit21-horizon5,1,0.01595328721,0.0002545073729,-0.0413129957,-0.03285493163,-0.02633827515,,,-0.01497246991,0.0004373534414,True,
2023-10-03,2023-09-26,UKX,GJR-skewt-h5,GJR-skewt-AR1-expanding-refit21-horizon5,1,0.01551206008,0.0002406240078,-0.04023676957,-0.03201263393,-0.0256762115,,,-0.02060234848,0.0004437033302,True,
2023-10-04,2023-09-27,UKX,GJR-skewt-h5,GJR-skewt-AR1-expanding-refit21-horizon5,1,0.015532383,0.0002412549215,-0.04024558284,-0.03201067246,-0.02566594845,,,-0.02408537129,0.00048065856,True,
2023-10-05,2023-09-28,UKX,GJR-skewt-h5,GJR-skewt-AR1-expanding-refit21-horizon5,1,0.01512224037,0.0002286821538,-0.03922475591,-0.03120729367,-0.02503010621,,,-0.01998284875,0.0004813199286,True,
2023-10-06,2023-09-29,UKX,GJR-skewt-h5,GJR-skewt-AR1-expanding-refit21-horizon5,1,0.01474033025,0.0002172773358,-0.03822108674,-0.03040610442,-0.02438492098,,,-0.01503070781,0.0004850524279,True,
2023-10-09,2023-10-02,UKX,GJR-skewt-h5,GJR-skewt-AR1-expanding-refit21-horizon5,1,0.01800158714,0.0003240571395,-0.04662848954,-0.03708446421,-0.02973111076,,,-0.002466191056,0.0004778879451,True,
2023-10-10,2023-10-03,UKX,GJR-skewt-h5,GJR-skewt-AR1-expanding-refit21-horizon5,1,0.01804381123,0.0003255791239,-0.0468130128,-0.03724660123,-0.02987599993,,,0.0209301335,0.0004422940709,True,
2023-10-11,2023-10-04,UKX,GJR-skewt-h5,GJR-skewt-AR1-expanding-refit21-horizon5,1,0.01866460663,0.0003483675407,-0.04841597829,-0.03852043535,-0.0308962493,,,0.02760860538,0.0004040006233,True,
2023-10-12,2023-10-05,UKX,GJR-skewt-h5,GJR-skewt-AR1-expanding-refit21-horizon5,1,0.0180804833,0.0003269038765,-0.04701439277,-0.03742853851,-0.03004295727,,,0.02561029824,0.0003650342685,True,
2023-10-13,2023-10-06,UKX,GJR-skewt-h5,GJR-skewt-AR1-expanding-refit21-horizon5,1,0.0175452716,0.0003078365557,-0.04561755018,-0.03631545279,-0.02914849676,,,0.01391285293,0.0003115164485,True,
2023-10-16,2023-10-09,UKX,GJR-skewt-h5,GJR-skewt-AR1-expanding-refit21-horizon5,1,0.01699927392,0.0002889753139,-0.04412713957,-0.03511451753,-0.02817059261,,,0.01830398662,0.000312295998,True,
2023-10-17,2023-10-10,UKX,GJR-skewt-h5,GJR-skewt-AR1-expanding-refit21-horizon5,1,0.0169771505,0.0002882236392,-0.04425017592,-0.03524928321,-0.02831439534,,,0.006142445022,0.0003239036675,True,
2023-10-18,2023-10-11,UKX,GJR-skewt-h5,GJR-skewt-AR1-expanding-refit21-horizon5,1,0.01648654806,0.0002718062669,-0.04277659398,-0.03403580735,-0.02730132254,,,-0.004208317627,0.0003573749074,True,
2023-10-19,2023-10-12,UKX,GJR-skewt-h5,GJR-skewt-AR1-expanding-refit21-horizon5,1,0.01602471891,0.0002567916163,-0.04160958814,-0.03311365264,-0.02656781747,,,-0.01918930099,0.0003957468456,True,
2023-10-20,2023-10-13,UKX,GJR-skewt-h5,GJR-skewt-AR1-expanding-refit21-horizon5,1,0.01635922674,0.0002676242994,-0.04239509163,-0.03372180781,-0.02703933168,,,-0.02633187025,0.0004276330118,True,
2023-10-23,2023-10-16,UKX,GJR-skewt-h5,GJR-skewt-AR1-expanding-refit21-horizon5,1,0.01591498729,0.0002532868203,-0.04133026857,-0.03289251024,-0.02639149865,,,-0.03409773524,0.0004378939175,True,
2023-10-24,2023-10-17,UKX,GJR-skewt-h5,GJR-skewt-AR1-expanding-refit21-horizon5,1,0.01553167531,0.000241232938,-0.04034355503,-0.03210901985,-0.02576458492,,,-0.03790721205,0.0004345804556,True,
2023-10-25,2023-10-18,UKX,GJR-skewt-h5,GJR-skewt-AR1-expanding-refit21-horizon5,1,0.01789005345,0.0003200540125,-0.04635074495,-0.0368658522,-0.02955805843,,,-0.02315751048,0.0004144130514,True,
2023-10-26,2023-10-19,UKX,GJR-skewt-h5,GJR-skewt-AR1-expanding-refit21-horizon5,1,0.01997963808,0.0003991859377,-0.05182136978,-0.04122862757,-0.03306727271,,,-0.01951037053,0.0004166129532,True,
2023-10-27,2023-10-20,UKX,GJR-skewt-h5,GJR-skewt-AR1-expanding-refit21-horizon5,1,0.02224014433,0.0004946240199,-0.05775857506,-0.04597348421,-0.03689214248,,,-0.01508192712,0.0004033904752,True,
2023-10-30,2023-10-23,UKX,GJR-skewt-h5,GJR-skewt-AR1-expanding-refit21-horizon5,1,0.02164713513,0.0004685984591,-0.05629374892,-0.04482289468,-0.03598369703,,,-0.006448023858,0.0003953038723,True,
2023-10-31,2023-10-24,UKX,GJR-skewt-h5,GJR-skewt-AR1-expanding-refit21-horizon5,1,0.02084788027,0.0004346341119,-0.05425427731,-0.04320694959,-0.03469411252,,,-0.009244597046,0.0003767060216,True,
2023-11-01,2023-10-25,UKX,GJR-skewt-h5,GJR-skewt-AR1-expanding-refit21-horizon5,1,0.02010581365,0.0004042437426,-0.05232308817,-0.04166898283,-0.03345915462,,,-0.009744790286,0.0003907242688,True,
2023-11-02,2023-10-26,UKX,GJR-skewt-h5,GJR-skewt-AR1-expanding-refit21-horizon5,1,0.02055120165,0.0004223518894,-0.05338218436,-0.04249206715,-0.03410037318,,,0.01241814221,0.000379704198,True,
2023-11-03,2023-10-27,UKX,GJR-skewt-h5,GJR-skewt-AR1-expanding-refit21-horizon5,1,0.02113388839,0.0004466412385,-0.05490297341,-0.04370408949,-0.03507446643,,,0.01718723251,0.000359360748,True,
2023-11-06,2023-10-30,UKX,GJR-skewt-h5,GJR-skewt-AR1-expanding-refit21-horizon5,1,0.02038927121,0.0004157223804,-0.05308066905,-0.04227635906,-0.03395078632,,,0.01226175805,0.0003255584686,True,
2023-11-07,2023-10-31,UKX,GJR-skewt-h5,GJR-skewt-AR1-expanding-refit21-horizon5,1,0.01967342179,0.000387043525,-0.05115204944,-0.0407270693,-0.03269380011,,,0.01198787123,0.0003369376721,True,
2023-11-08,2023-11-01,UKX,GJR-skewt-h5,GJR-skewt-AR1-expanding-refit21-horizon5,1,0.01900022837,0.0003610086782,-0.04942285332,-0.03935459953,-0.03159621612,,,0.008043978587,0.0003097362753,True,
2023-11-09,2023-11-02,UKX,GJR-skewt-h5,GJR-skewt-AR1-expanding-refit21-horizon5,1,0.01862588652,0.0003469236488,-0.04854838924,-0.03867849984,-0.03107297184,,,0.001234743332,0.00032560222,True,
2023-11-10,2023-11-03,UKX,GJR-skewt-h5,GJR-skewt-AR1-expanding-refit21-horizon5,1,0.01828901358,0.0003344880178,-0.04749713669,-0.03780575685,-0.03033778453,,,-0.007727597905,0.0003418809227,True,
2023-11-13,2023-11-06,UKX,GJR-skewt-h5,GJR-skewt-AR1-expanding-refit21-horizon5,1,0.01769373532,0.0003130682695,-0.04597470295,-0.03659876208,-0.02937386037,,,0.001077905756,0.0003470840119,True,
2023-11-14,2023-11-07,UKX,GJR-skewt-h5,GJR-skewt-AR1-expanding-refit21-horizon5,1,0.01716271925,0.0002945589321,-0.04457394374,-0.0354793892,-0.02847131784,,,0.004107611574,0.0003477764498,True,
2023-11-15,2023-11-08,UKX,GJR-skewt-h5,GJR-skewt-AR1-expanding-refit21-horizon5,1,0.0166713378,0.0002779335042,-0.04328636992,-0.03445219926,-0.02764477421,,,0.01144508368,0.0003510545509,True,
2023-11-16,2023-11-09,UKX,GJR-skewt-h5,GJR-skewt-AR1-expanding-refit21-horizon5,1,0.01626209959,0.000264455883,-0.0422935429,-0.03367622827,-0.0270359079,,,-0.006013483717,0.0003069162951,True,
2023-11-17,2023-11-10,UKX,GJR-skewt-h5,GJR-skewt-AR1-expanding-refit21-horizon5,1,0.01910282417,0.0003649178913,-0.04954414993,-0.03942153045,-0.031621254,,,0.01933469912,0.0002626652133,True,
2023-11-20,2023-11-13,UKX,GJR-skewt-h5,GJR-skewt-AR1-expanding-refit21-horizon5,1,0.01855607947,0.0003443280854,-0.04831606135,-0.03848316283,-0.03090613921,,,0.009462495497,0.0002540061154,True,
2023-11-21,2023-11-14,UKX,GJR-skewt-h5,GJR-skewt-AR1-expanding-refit21-horizon5,1,0.01794898995,0.0003221662402,-0.04666170244,-0.0371505017,-0.0298213716,,,0.005562085036,0.0002142628211,True,
2023-11-22,2023-11-15,UKX,GJR-skewt-h5,GJR-skewt-AR1-expanding-refit21-horizon5,1,0.01743013349,0.0003038095534,-0.04534271745,-0.03610645965,-0.02898919475,,,-0.002326751087,0.0001962981465,True,
2023-11-23,2023-11-16,UKX,GJR-skewt-h5,GJR-skewt-AR1-expanding-refit21-horizon5,1,0.01892233159,0.0003580546329,-0.04909636345,-0.0390693873,-0.03134281157,,,0.009748589757,0.0001822793567,True,
2023-11-24,2023-11-17,UKX,GJR-skewt-h5,GJR-skewt-AR1-expanding-refit21-horizon5,1,0.01849369892,0.0003420168999,-0.04818743543,-0.03838759247,-0.03083604077,,,-0.002147689336,0.0001709637284,True,
2023-11-27,2023-11-20,UKX,GJR-skewt-h5,GJR-skewt-AR1-expanding-refit21-horizon5,1,0.01789135803,0.0003201006921,-0.04647469716,-0.03699691819,-0.02969259145,,,-0.004773622502,0.0001681277915,True,
2023-11-28,2023-11-21,UKX,GJR-skewt-h5,GJR-skewt-AR1-expanding-refit21-horizon5,1,0.01740476584,0.0003029258739,-0.04519160709,-0.03597159577,-0.02886592518,,,-0.003588334281,0.0002029668545,True,
2023-11-29,2023-11-22,UKX,GJR-skewt-h5,GJR-skewt-AR1-expanding-refit21-horizon5,1,0.01693332639,0.0002867375428,-0.0439595173,-0.0349892466,-0.0280760459,,,-0.006177418423,0.0002205033112,True,
2023-11-30,2023-11-23,UKX,GJR-skewt-h5,GJR-skewt-AR1-expanding-refit21-horizon5,1,0.01643382895,0.000270070734,-0.04268736382,-0.03398169719,-0.02727242135,,,-0.003990029421,0.0002924029425,True,
2023-12-01,2023-11-24,UKX,GJR-skewt-h5,GJR-skewt-AR1-expanding-refit21-horizon5,1,0.0159634475,0.0002548316562,-0.04144266616,-0.0329861797,-0.02646894181,,,0.005486870082,0.0003378172015,True,
2023-12-04,2023-11-27,UKX,GJR-skewt-h5,GJR-skewt-AR1-expanding-refit21-horizon5,1,0.01583548529,0.0002507625942,-0.04106417226,-0.03267547258,-0.02621047655,,,0.006985583653,0.0003648947082,True,
2023-12-05,2023-11-28,UKX,GJR-skewt-h5,GJR-skewt-AR1-expanding-refit21-horizon5,1,0.01542174134,0.000237830106,-0.04001036682,-0.0318408441,-0.0255447632,,,0.004630267218,0.0003516683545,True,
2023-12-06,2023-11-29,UKX,GJR-skewt-h5,GJR-skewt-AR1-expanding-refit21-horizon5,1,0.01545026089,0.0002387105615,-0.04004945293,-0.03186482225,-0.02555709796,,,0.01230359155,0.0003436315967,True,
2023-12-07,2023-11-30,UKX,GJR-skewt-h5,GJR-skewt-AR1-expanding-refit21-horizon5,1,0.01507284923,0.0002271907838,-0.0391452816,-0.03116058121,-0.02500693902,,,0.008004103528,0.0002824980251,True,
2023-12-08,2023-12-01,UKX,GJR-skewt-h5,GJR-skewt-AR1-expanding-refit21-horizon5,1,0.01486621715,0.0002210044123,-0.03866495049,-0.03078971151,-0.02472042894,,,0.003328067851,0.0002651563876,True,
2023-12-11,2023-12-04,UKX,GJR-skewt-h5,GJR-skewt-AR1-expanding-refit21-horizon5,1,0.01461480442,0.0002135925081,-0.03788255164,-0.03014049619,-0.0241738554,,,0.004236971946,0.0002534234568,True,
2023-12-12,2023-12-05,UKX,GJR-skewt-h5,GJR-skewt-AR1-expanding-refit21-horizon5,1,0.01451643261,0.0002107268156,-0.03761571456,-0.02992577065,-0.02399929114,,,0.007051371151,0.0002662029697,True,
2023-12-13,2023-12-06,UKX,GJR-skewt-h5,GJR-skewt-AR1-expanding-refit21-horizon5,1,0.01419903139,0.0002016124924,-0.03685021618,-0.02932841258,-0.02353151531,,,0.004381371662,0.0002524104754,True,
2023-12-14,2023-12-07,UKX,GJR-skewt-h5,GJR-skewt-AR1-expanding-refit21-horizon5,1,0.01388755433,0.0001928641653,-0.0359977484,-0.02864094686,-0.02297121322,,,0.01784687351,0.0003639772226,True,
2023-12-15,2023-12-08,UKX,GJR-skewt-h5,GJR-skewt-AR1-expanding-refit21-horizon5,1,0.01364943704,0.0001863071316,-0.03543115821,-0.02820049707,-0.0226279772,,,0.002894727668,0.0003784891624,True,
2023-12-18,2023-12-11,UKX,GJR-skewt-h5,GJR-skewt-AR1-expanding-refit21-horizon5,1,0.0134205047,0.0001801099463,-0.03476405973,-0.02765467335,-0.02217561742,,,0.009182498977,0.0003817557723,True,
2023-12-19,2023-12-12,UKX,GJR-skewt-h5,GJR-skewt-AR1-expanding-refit21-horizon5,1,0.01316942163,0.000173433666,-0.03411654925,-0.02714017176,-0.02176362302,,,0.01254234879,0.000351480748,True,
2023-12-20,2023-12-13,UKX,GJR-skewt-h5,GJR-skewt-AR1-expanding-refit21-horizon5,1,0.01293507548,0.0001673161778,-0.03351314638,-0.02666091156,-0.02138003699,,,0.02192163202,0.0003900420891,True,
2023-12-21,2023-12-14,UKX,GJR-skewt-h5,GJR-skewt-AR1-expanding-refit21-horizon5,1,0.01305255894,0.0001703692949,-0.0339470823,-0.02703261172,-0.02170377334,,,0.00595688518,0.0002716446171,True,
2023-12-22,2023-12-15,UKX,GJR-skewt-h5,GJR-skewt-AR1-expanding-refit21-horizon5,1,0.01506164256,0.0002268530767,-0.03897842255,-0.03099965878,-0.02485059183,,,0.01585746095,0.0002327292581,True,
2023-12-27,2023-12-18,UKX,GJR-skewt-h5,GJR-skewt-AR1-expanding-refit21-horizon5,1,0.01472549479,0.0002168401969,-0.03824514382,-0.03044445118,-0.02443261993,,,0.01440749848,0.0002488756372,True,
2023-12-28,2023-12-19,UKX,GJR-skewt-h5,GJR-skewt-AR1-expanding-refit21-horizon5,1,0.01437911201,0.0002067588622,-0.03730227278,-0.02968088164,-0.02380968876,,,0.01102828027,0.0002358993856,True,
2023-12-29,2023-12-20,UKX,GJR-skewt-h5,GJR-skewt-AR1-expanding-refit21-horizon5,1,0.01423143285,0.0002025336809,-0.03699208993,-0.02944897349,-0.02363808008,,,0.00226553438,0.0001831353749,True,
2024-01-02,2023-12-21,UKX,GJR-skewt-h5,GJR-skewt-AR1-expanding-refit21-horizon5,1,0.01409442113,0.0001986527069,-0.03649364428,-0.02902314845,-0.02326819885,,,0.003476840163,0.0002047176904,True,
2024-01-03,2023-12-22,UKX,GJR-skewt-h5,GJR-skewt-AR1-expanding-refit21-horizon5,1,0.01378832014,0.0001901177723,-0.03572566347,-0.02841741099,-0.02278744671,,,-0.001976644708,0.0002406846568,True,
2024-01-04,2023-12-27,UKX,GJR-skewt-h5,GJR-skewt-AR1-expanding-refit21-horizon5,1,0.01352755583,0.0001829947667,-0.03507763318,-0.02790759416,-0.0223841036,,,-0.0002459722553,0.0002321251683,True,
2024-01-05,2023-12-28,UKX,GJR-skewt-h5,GJR-skewt-AR1-expanding-refit21-horizon5,1,0.01326696324,0.0001760123135,-0.03435323133,-0.02732131475,-0.0219042278,,,-0.00429528977,0.0002738300993,True,
2024-01-08,2023-12-29,UKX,GJR-skewt-h5,GJR-skewt-AR1-expanding-refit21-horizon5,1,0.01302658702,0.0001696919694,-0.03374178315,-0.02683727369,-0.02151833572,,,-0.005055950075,0.0002981829693,True,
2024-01-09,2024-01-02,UKX,GJR-skewt-h5,GJR-skewt-AR1-expanding-refit21-horizon5,1,0.01286895883,0.0001656101015,-0.03329778191,-0.02647682046,-0.02122224427,,,-0.004868400775,0.0002644579364,True,
2024-01-10,2024-01-03,UKX,GJR-skewt-h5,GJR-skewt-AR1-expanding-refit21-horizon5,1,0.01337237473,0.0001788204059,-0.03457717015,-0.0274893821,-0.02202925416,,,-0.003978067314,0.0002364247779,True,
2024-01-11,2024-01-04,UKX,GJR-skewt-h5,GJR-skewt-AR1-expanding-refit21-horizon5,1,0.013171425,0.0001734864365,-0.03416387345,-0.02718259521,-0.02180451785,,,-0.01915128738,0.0002500004671,True,
2024-01-12,2024-01-05,UKX,GJR-skewt-h5,GJR-skewt-AR1-expanding-refit21-horizon5,1,0.01343655316,0.0001805409609,-0.0347533029,-0.02763149822,-0.02214516532,,,-0.008449584504,0.0002360653322,True,
2024-01-15,2024-01-08,UKX,GJR-skewt-h5,GJR-skewt-AR1-expanding-refit21-horizon5,1,0.01318039635,0.0001737228479,-0.03413628331,-0.02715024996,-0.02176850948,,,-0.01298986712,0.0002180101835,True,
2024-01-16,2024-01-09,UKX,GJR-skewt-h5,GJR-skewt-AR1-expanding-refit21-horizon5,1,0.01299581221,0.000168891135,-0.03363200273,-0.02674380491,-0.02143743272,,,-0.01649397353,0.0002474468314,True,
2024-01-17,2024-01-10,UKX,GJR-skewt-h5,GJR-skewt-AR1-expanding-refit21-horizon5,1,0.01326384411,0.0001759295606,-0.03430264787,-0.02727238453,-0.02185657116,,,-0.02722365025,0.0002901229374,True,
2024-01-18,2024-01-11,UKX,GJR-skewt-h5,GJR-skewt-AR1-expanding-refit21-horizon5,1,0.01545524844,0.0002388647043,-0.03997940615,-0.03178762814,-0.02547703368,,,-0.0156297865,0.0002608628627,True,
2024-01-19,2024-01-12,UKX,GJR-skewt-h5,GJR-skewt-AR1-expanding-refit21-horizon5,1,0.01511405754,0.0002284347353,-0.03926240603,-0.03125147016,-0.02508018872,,,-0.02160913446,0.0002467253556,True,
2024-01-22,2024-01-15,UKX,GJR-skewt-h5,GJR-skewt-AR1-expanding-refit21-horizon5,1,0.01509647163,0.0002279034557,-0.03910441432,-0.03110279954,-0.02493869868,,,-0.01421525619,0.000248540128,True,
2024-01-23,2024-01-16,UKX,GJR-skewt-h5,GJR-skewt-AR1-expanding-refit21-horizon5,1,0.01528409699,0.0002336036208,-0.03958607688,-0.03148501464,-0.02524430372,,,-0.009651711458,0.0002276023485,True,
2024-01-24,2024-01-17,UKX,GJR-skewt-h5,GJR-skewt-AR1-expanding-refit21-horizon5,1,0.01946793261,0.0003790004002,-0.05043220689,-0.0401135774,-0.03216454778,,,0.01087233763,0.0001839813512,True,
2024-01-25,2024-01-18,UKX,GJR-skewt-h5,GJR-skewt-AR1-expanding-refit21-horizon5,1,0.01880304145,0.0003535543678,-0.04887207421,-0.03890585839,-0.03122831315,,,0.009420449634,0.0001894822119,True,
2024-01-26,2024-01-19,UKX,GJR-skewt-h5,GJR-skewt-AR1-expanding-refit21-horizon5,1,0.01817705713,0.0003304054061,-0.04721826154,-0.03758383751,-0.03016189043,,,0.02294598866,0.0002023079645,True,
2024-01-29,2024-01-22,UKX,GJR-skewt-h5,GJR-skewt-AR1-expanding-refit21-horizon5,1,0.01759600751,0.0003096194804,-0.04575286968,-0.0364255943,-0.02924073285,,,0.01917997425,0.0001995766209,True,
2024-01-30,2024-01-23,UKX,GJR-skewt-h5,GJR-skewt-AR1-expanding-refit21-horizon5,1,0.01704974723,0.0002906938805,-0.04428114415,-0.03524342991,-0.02828161932,,,0.02383951467,0.0002097592819,True,
2024-01-31,2024-01-24,UKX,GJR-skewt-h5,GJR-skewt-AR1-expanding-refit21-horizon5,1,0.01658290475,0.00027499273,-0.04312375582,-0.03433350501,-0.02756231711,,,0.01357691584,0.000218215422,True,
2024-02-01,2024-01-25,UKX,GJR-skewt-h5,GJR-skewt-AR1-expanding-refit21-horizon5,1,0.01610171967,0.0002592653762,-0.04180455447,-0.0332693698,-0.02669466103,,,0.01220984125,0.0002263606077,True,
2024-02-02,2024-01-26,UKX,GJR-skewt-h5,GJR-skewt-AR1-expanding-refit21-horizon5,1,0.0159523457,0.0002544773332,-0.0415647902,-0.03310878555,-0.02659506967,,,-0.002570404923,0.0002225825786,True,
2024-02-05,2024-01-29,UKX,GJR-skewt-h5,GJR-skewt-AR1-expanding-refit21-horizon5,1,0.01551496427,0.0002407141164,-0.04026163692,-0.03203747901,-0.02570235619,,,-0.002597510626,0.0002375019838,True,
2024-02-06,2024-01-30,UKX,GJR-skewt-h5,GJR-skewt-AR1-expanding-refit21-horizon5,1,0.01513704581,0.0002291301558,-0.03932427722,-0.03130044598,-0.02511963611,,,0.001915672423,0.000237940649,True,
2024-02-07,2024-01-31,UKX,GJR-skewt-h5,GJR-skewt-AR1-expanding-refit21-horizon5,1,0.0152629769,0.0002329584637,-0.03955345064,-0.03146286597,-0.02523063549,,,-0.0002359585589,0.0002258140584,True,
2024-02-08,2024-02-01,UKX,GJR-skewt-h5,GJR-skewt-AR1-expanding-refit21-horizon5,1,0.01490722961,0.0002222254948,-0.03866148455,-0.03075947406,-0.02467250352,,,-0.003509100857,0.0002220102999,True,
2024-02-09,2024-02-02,UKX,GJR-skewt-h5,GJR-skewt-AR1-expanding-refit21-horizon5,1,0.0145638104,0.0002121045733,-0.03776467174,-0.0300447006,-0.02409795616,,,-0.005649161622,0.0002120689929,True,
2024-02-12,2024-02-05,UKX,GJR-skewt-h5,GJR-skewt-AR1-expanding-refit21-horizon5,1,0.01422729252,0.0002024158524,-0.03688943858,-0.02934784853,-0.0235385122,,,-0.005162418686,0.0002025945078,True,
2024-02-13,2024-02-06,UKX,GJR-skewt-h5,GJR-skewt-AR1-expanding-refit21-horizon5,1,0.01404883486,0.0001973697609,-0.03652479616,-0.02907780277,-0.02334133489,,,-0.02220809576,0.0002140132676,True,
2024-02-14,2024-02-07,UKX,GJR-skewt-h5,GJR-skewt-AR1-expanding-refit21-horizon5,1,0.01486259946,0.0002208968627,-0.03848113346,-0.03060278049,-0.02453403348,,,-0.00794886192,0.0002224778081,True,
2024-02-15,2024-02-08,UKX,GJR-skewt-h5,GJR-skewt-AR1-expanding-refit21-horizon5,1,0.01498108823,0.0002244330045,-0.0388185502,-0.03087738881,-0.02476026007,,,0.0002632791439,0.0002066672246,True,
2024-02-16,2024-02-09,UKX,GJR-skewt-h5,GJR-skewt-AR1-expanding-refit21-horizon5,1,0.0148423672,0.000220295864,-0.03847034029,-0.03060271201,-0.02454222631,,,0.01820219897,0.0002093658295,True,
2024-02-19,2024-02-12,UKX,GJR-skewt-h5,GJR-skewt-AR1-expanding-refit21-horizon5,1,0.01448142648,0.000209711713,-0.03756031795,-0.02988401679,-0.02397091163,,,0.02023304935,0.0001925030568,True,
2024-02-20,2024-02-13,UKX,GJR-skewt-h5,GJR-skewt-AR1-expanding-refit21-horizon5,1,0.01571069939,0.0002468260752,-0.04068730276,-0.03235938976,-0.02594434371,,,0.02716910573,0.0001661324705,True,
2024-02-21,2024-02-14,UKX,GJR-skewt-h5,GJR-skewt-AR1-expanding-refit21-horizon5,1,0.01537414027,0.000236364189,-0.03997896943,-0.03182945938,-0.0255518383,,,0.01235662973,0.0001584185334,True,
2024-02-22,2024-02-15,UKX,GJR-skewt-h5,GJR-skewt-AR1-expanding-refit21-horizon5,1,0.01500002002,0.0002250006007,-0.03895930145,-0.03100810471,-0.02488324568,,,0.01138606725,0.0001751680443,True,
2024-02-23,2024-02-16,UKX,GJR-skewt-h5,GJR-skewt-AR1-expanding-refit21-horizon5,1,0.01499802162,0.0002249406525,-0.03907710637,-0.03112696894,-0.0250029259,,,-0.000700530578,0.0001732202874,True,
2024-02-26,2024-02-19,UKX,GJR-skewt-h5,GJR-skewt-AR1-expanding-refit21-horizon5,1,0.01463469938,0.0002141744259,-0.03798422617,-0.03022667826,-0.02425098819,,,-0.005735533677,0.0001757961425,True,
2024-02-27,2024-02-20,UKX,GJR-skewt-h5,GJR-skewt-AR1-expanding-refit21-horizon5,1,0.01431802151,0.00020500574,-0.03707753635,-0.02949299168,-0.0236509828,,,-0.0047006611,0.0001695773679,True,
2024-02-28,2024-02-21,UKX,GJR-skewt-h5,GJR-skewt-AR1-expanding-refit21-horizon5,1,0.01530897806,0.0002343648092,-0.03960268241,-0.03149320808,-0.02524687121,,,-0.004905978769,0.0001791178984,True,
2024-02-29,2024-02-22,UKX,GJR-skewt-h5,GJR-skewt-AR1-expanding-refit21-horizon5,1,0.01492742647,0.0002228280612,-0.03871765879,-0.03081030002,-0.02471964302,,,-0.007117467769,0.0001565828027,True,
2024-03-01,2024-02-23,UKX,GJR-skewt-h5,GJR-skewt-AR1-expanding-refit21-horizon5,1,0.01457379957,0.000212395634,-0.03779175208,-0.03007171661,-0.02412534572,,,-0.003093135823,,True,
2024-03-04,2024-02-26,UKX,GJR-skewt-h5,GJR-skewt-AR1-expanding-refit21-horizon5,1,0.01443591747,0.0002083957133,-0.03736774095,-0.02972074441,-0.02383063187,,,-0.005742417033,,True,
2024-03-05,2024-02-27,UKX,GJR-skewt-h5,GJR-skewt-AR1-expanding-refit21-horizon5,1,0.01410655753,0.0001989949654,-0.03653556385,-0.02906303591,-0.02330730812,,,-0.004801277983,,True,
2024-03-06,2024-02-28,UKX,GJR-skewt-h5,GJR-skewt-AR1-expanding-refit21-horizon5,1,0.01519679028,0.0002309424349,-0.03930678207,-0.03125673586,-0.02505617361,,,0.007096049285,,True,
2024-03-07,2024-02-29,UKX,GJR-skewt-h5,GJR-skewt-AR1-expanding-refit21-horizon5,1,0.01481160487,0.0002193836389,-0.03838999274,-0.03054398701,-0.0245005873,,,0.008157982917,,True,
2024-03-08,2024-03-01,UKX,GJR-skewt-h5,GJR-skewt-AR1-expanding-refit21-horizon5,1,0.01453031268,0.0002111299867,-0.0377225795,-0.03002557992,-0.02409695245,,,-0.00297217107,,True,
2024-03-11,2024-03-04,UKX,GJR-skewt-h5,GJR-skewt-AR1-expanding-refit21-horizon5,1,0.01491275123,0.0002223901492,-0.03858634154,-0.03068675654,-0.02460208731,,,0.003775488988,,True,
2024-03-12,2024-03-05,UKX,GJR-skewt-h5,GJR-skewt-AR1-expanding-refit21-horizon5,1,0.01454791021,0.0002116416914,-0.03770113149,-0.02999481014,-0.02405900257,,,0.01320008903,,True,
2024-03-13,2024-03-06,UKX,GJR-skewt-h5,GJR-skewt-AR1-expanding-refit21-horizon5,1,0.01423931974,0.0002027582267,-0.03693282963,-0.02938997487,-0.02358007773,,,0.0120249179,,True,
2024-03-14,2024-03-07,UKX,GJR-skewt-h5,GJR-skewt-AR1-expanding-refit21-horizon5,1,0.01392735342,0.0001939711734,-0.03608747201,-0.0287098721,-0.02302726279,,,0.006569235821,,True,
2024-03-15,2024-03-08,UKX,GJR-skewt-h5,GJR-skewt-AR1-expanding-refit21-horizon5,1,0.01410086248,0.0001988343228,-0.03647513356,-0.0290056224,-0.0232522183,,,0.008799597508,,True,
2024-03-18,2024-03-11,UKX,GJR-skewt-h5,GJR-skewt-AR1-expanding-refit21-horizon5,1,0.01379628808,0.0001903375648,-0.03573913988,-0.02843096793,-0.02280183563,,,0.006938774701,,True,
2024-03-19,2024-03-12,UKX,GJR-skewt-h5,GJR-skewt-AR1-expanding-refit21-horizon5,1,0.01369500928,0.0001875532792,-0.03557343243,-0.02831890989,-0.02273110115,,,-0.001226906895,,True,
2024-03-20,2024-03-13,UKX,GJR-skewt-h5,GJR-skewt-AR1-expanding-refit21-horizon5,1,0.01343672679,0.0001805456269,-0.03481921213,-0.02770150704,-0.02221908218,,,-0.004487588485,,True,
2024-03-21,2024-03-14,UKX,GJR-skewt-h5,GJR-skewt-AR1-expanding-refit21-horizon5,1,0.01354922163,0.0001835814069,-0.03503728754,-0.02785999166,-0.02233166689,,,0.01784274708,,True,
2024-03-22,2024-03-15,UKX,GJR-skewt-h5,GJR-skewt-AR1-expanding-refit21-horizon5,1,0.01340470233,0.0001796860444,-0.03467785522,-0.02757711414,-0.02210775583,,,0.02599406845,,True,
2024-03-25,2024-03-18,UKX,GJR-skewt-h5,GJR-skewt-AR1-expanding-refit21-horizon5,1,0.0131638201,0.0001732861596,-0.03406317466,-0.02709003375,-0.02171895969,,,0.02493703439,,True,
2024-03-26,2024-03-19,UKX,GJR-skewt-h5,GJR-skewt-AR1-expanding-refit21-horizon5,1,0.01293486755,0.0001673107985,-0.03349337214,-0.02664151201,-0.02136385469,,,0.02459713107,0.000149924498,True,
2024-03-27,2024-03-20,UKX,GJR-skewt-h5,GJR-skewt-AR1-expanding-refit21-horizon5,1,0.0126820137,0.0001608334715,-0.0328108011,-0.0260906342,-0.02091546403,,,0.02483950947,0.000162764116,True,
2024-03-28,2024-03-21,UKX,GJR-skewt-h5,GJR-skewt-AR1-expanding-refit21-horizon5,1,0.01313047581,0.0001724093951,-0.03419179903,-0.02723399319,-0.02187581835,,,0.008841120427,0.0001351577334,True,
2024-04-02,2024-03-22,UKX,GJR-skewt-h5,GJR-skewt-AR1-expanding-refit21-horizon5,1,0.01296677741,0.0001681373164,-0.03362506348,-0.02675400101,-0.02146262685,,,0.0005294587284,,True,
2024-04-03,2024-03-25,UKX,GJR-skewt-h5,GJR-skewt-AR1-expanding-refit21-horizon5,1,0.01281937476,0.0001643363693,-0.03315300548,-0.0263600513,-0.02112882797,,,0.002497611389,,True,
2024-04-04,2024-03-26,UKX,GJR-skewt-h5,GJR-skewt-AR1-expanding-refit21-horizon5,1,0.01261153444,0.0001590508009,-0.03264636027,-0.02596354015,-0.02081713057,,,0.005645351579,,True,
2024-04-05,2024-03-27,UKX,GJR-skewt-h5,GJR-skewt-AR1-expanding-refit21-horizon5,1,0.01241516002,0.0001541361982,-0.03211506118,-0.02553629937,-0.02047002462,,,-0.002625709036,,True,
2024-04-08,2024-03-28,UKX,GJR-skewt-h5,GJR-skewt-AR1-expanding-refit21-horizon5,1,0.0122470135,0.0001499893396,-0.03170231547,-0.02521265407,-0.02021499515,,,-0.00114494737,,True,
2024-04-09,2024-04-02,UKX,GJR-skewt-h5,GJR-skewt-AR1-expanding-refit21-horizon5,1,0.01222370762,0.000149419028,-0.03158817903,-0.02511086736,-0.02012271891,,,-3.7844347e-05,0.000191806779,True,
2024-04-10,2024-04-03,UKX,GJR-skewt-h5,GJR-skewt-AR1-expanding-refit21-horizon5,1,0.01205848014,0.0001454069434,-0.03118335135,-0.0247935933,-0.01987286949,,,0.002994013389,0.0002663406296,True,
2024-04-11,2024-04-04,UKX,GJR-skewt-h5,GJR-skewt-AR1-expanding-refit21-horizon5,1,0.01195290663,0.000142871977,-0.0309574326,-0.02462361768,-0.01974597543,,,-0.00655361855,,True,
2024-04-12,2024-04-05,UKX,GJR-skewt-h5,GJR-skewt-AR1-expanding-refit21-horizon5,1,0.01362070357,0.0001855235657,-0.0351786512,-0.02796107491,-0.02240285203,,,0.01061190101,,True,
2024-04-15,2024-04-08,UKX,GJR-skewt-h5,GJR-skewt-AR1-expanding-refit21-horizon5,1,0.0133743761,0.0001788739361,-0.034669319,-0.02758227102,-0.02212456739,,,0.002765731854,,True,
2024-04-16,2024-04-09,UKX,GJR-skewt-h5,GJR-skewt-AR1-expanding-refit21-horizon5,1,0.01315224038,0.000172981427,-0.034030654,-0.02706131517,-0.02169425883,,,-0.01452243268,,True,
2024-04-17,2024-04-10,UKX,GJR-skewt-h5,GJR-skewt-AR1-expanding-refit21-horizon5,1,0.01293333978,0.0001672712777,-0.0335066728,-0.02665332885,-0.02137559964,,,-0.01432104449,,True,
2024-04-18,2024-04-11,UKX,GJR-skewt-h5,GJR-skewt-AR1-expanding-refit21-horizon5,1,0.01330989603,0.0001771533323,-0.03440325333,-0.02735037318,-0.02191898203,,,-0.005911035862,,True,
2024-04-19,2024-04-12,UKX,GJR-skewt-h5,GJR-skewt-AR1-expanding-refit21-horizon5,1,0.01320555563,0.0001743866995,-0.03428226591,-0.02728467547,-0.02189586269,,,-0.01254777763,,True,
2024-04-22,2024-04-15,UKX,GJR-skewt-h5,GJR-skewt-AR1-expanding-refit21-horizon5,1,0.01333160669,0.0001777317368,-0.03447045846,-0.02740607388,-0.02196582323,,,0.007304859726,0.0002910451471,True,
2024-04-23,2024-04-16,UKX,GJR-skewt-h5,GJR-skewt-AR1-expanding-refit21-horizon5,1,0.02018476878,0.0004074248905,-0.05224507531,-0.04154921752,-0.03331238576,,,0.02829020412,0.0002448406785,True,
2024-04-24,2024-04-17,UKX,GJR-skewt-h5,GJR-skewt-AR1-expanding-refit21-horizon5,1,0.0194880932,0.0003797857767,-0.05066438744,-0.04033769627,-0.03238515805,,,0.02422009875,0.0002247520505,True,
2024-04-25,2024-04-18,UKX,GJR-skewt-h5,GJR-skewt-AR1-expanding-refit21-horizon5,1,0.0188381076,0.000354874298,-0.04896517991,-0.03898291447,-0.03129561694,,,0.02529588425,0.0002428686322,True,
2024-04-26,2024-04-19,UKX,GJR-skewt-h5,GJR-skewt-AR1-expanding-refit21-horizon5,1,0.01821836684,0.0003319088902,-0.04732856468,-0.03767469829,-0.0302402994,,,0.03042196074,0.0002105100845,True,
2024-04-29,2024-04-22,UKX,GJR-skewt-h5,GJR-skewt-AR1-expanding-refit21-horizon5,1,0.01799500186,0.0003238200919,-0.04690433914,-0.0373407964,-0.02998513322,,,0.01522518557,0.0001988892096,True,
2024-04-30,2024-04-23,UKX,GJR-skewt-h5,GJR-skewt-AR1-expanding-refit21-horizon5,1,0.01743461436,0.0003039657777,-0.04528750979,-0.03602178807,-0.0288951897,,,0.01226785501,0.0001988591409,True,
2024-05-01,2024-04-24,UKX,GJR-skewt-h5,GJR-skewt-AR1-expanding-refit21-horizon5,1,0.01690794732,0.0002858786825,-0.04387338187,-0.03488756024,-0.02797624306,,,0.009999129509,0.0002096201982,True,
2024-05-02,2024-04-25,UKX,GJR-skewt-h5,GJR-skewt-AR1-expanding-refit21-horizon5,1,0.01643932974,0.0002702515623,-0.0427050873,-0.03396831507,-0.02724855069,,,0.01148246181,0.0001850164982,True,
2024-05-03,2024-04-26,UKX,GJR-skewt-h5,GJR-skewt-AR1-expanding-refit21-horizon5,1,0.01605166225,0.000257655861,-0.04172010114,-0.03318935692,-0.02662805606,,,0.009013556268,0.0002087146552,True,
2024-05-07,2024-04-29,UKX,GJR-skewt-h5,GJR-skewt-AR1-expanding-refit21-horizon5,1,0.01561052372,0.0002436884509,-0.04049145812,-0.0321951594,-0.02581417898,,,0.02025501859,0.0002157325233,True,
2024-05-08,2024-04-30,UKX,GJR-skewt-h5,GJR-skewt-AR1-expanding-refit21-horizon5,1,0.0152025191,0.0002311165871,-0.03940921909,-0.03132975667,-0.0251155528,,,0.02545863877,0.000193011497,True,
2024-05-09,2024-05-01,UKX,GJR-skewt-h5,GJR-skewt-AR1-expanding-refit21-horizon5,1,0.01501337473,0.0002254014209,-0.03888664046,-0.03090769985,-0.02477081092,,,0.03153706111,0.0001902740813,True,
2024-05-10,2024-05-02,UKX,GJR-skewt-h5,GJR-skewt-AR1-expanding-refit21-horizon5,1,0.01470236931,0.0002161596634,-0.03817265465,-0.03035899959,-0.02434923768,,,0.03150924405,0.0001707676734,True,
2024-05-13,2024-05-03,UKX,GJR-skewt-h5,GJR-skewt-AR1-expanding-refit21-horizon5,1,0.01439462153,0.000207205129,-0.03735320602,-0.02970310521,-0.02381913873,,,0.02423668564,0.0001292987596,True,
2024-05-14,2024-05-07,UKX,GJR-skewt-h5,GJR-skewt-AR1-expanding-refit21-horizon5,1,0.01430674605,0.0002046829824,-0.03720151716,-0.02959811826,-0.02375007189,,,0.01366653477,0.0001176715036,True,
2024-05-15,2024-05-08,UKX,GJR-skewt-h5,GJR-skewt-AR1-expanding-refit21-horizon5,1,0.01402651478,0.0001967431169,-0.03638704489,-0.02893257644,-0.02319907782,,,0.01091686378,0.0001211123387,True,
2024-05-16,2024-05-09,UKX,GJR-skewt-h5,GJR-skewt-AR1-expanding-refit21-horizon5,1,0.01374479228,0.0001889193149,-0.03563170329,-0.02832695781,-0.02270861649,,,0.006813279786,0.0001078643789,True,
2024-05-17,2024-05-10,UKX,GJR-skewt-h5,GJR-skewt-AR1-expanding-refit21-horizon5,1,0.01353189298,0.0001831121277,-0.03510703259,-0.02791543361,-0.02238411732,,,-0.001601984466,0.0001133272773,True,
2024-05-20,2024-05-13,UKX,GJR-skewt-h5,GJR-skewt-AR1-expanding-refit21-horizon5,1,0.01339964291,0.0001795504301,-0.0346669708,-0.02754565685,-0.02206839929,,,0.001092711745,0.0001046765518,True,
2024-05-21,2024-05-14,UKX,GJR-skewt-h5,GJR-skewt-AR1-expanding-refit21-horizon5,1,0.01315096136,0.0001729477847,-0.03405764084,-0.02706849007,-0.02169288394,,,-0.001377249813,0.0001147382471,True,
2024-05-22,2024-05-15,UKX,GJR-skewt-h5,GJR-skewt-AR1-expanding-refit21-horizon5,1,0.01292504201,0.0001670567111,-0.0334719959,-0.0266029112,-0.0213196522,,,-0.008979550438,0.0001355912117,True,
2024-05-23,2024-05-16,UKX,GJR-skewt-h5,GJR-skewt-AR1-expanding-refit21-horizon5,1,0.01273115075,0.0001620821995,-0.03293168088,-0.02616564077,-0.02096163704,,,-0.01186097952,0.0001482321973,True,
2024-05-24,2024-05-17,UKX,GJR-skewt-h5,GJR-skewt-AR1-expanding-refit21-horizon5,1,0.01267209814,0.0001605820714,-0.03276217226,-0.02602751598,-0.02084765067,,,-0.01227172924,0.0001612051378,True,
2024-05-28,2024-05-20,UKX,GJR-skewt-h5,GJR-skewt-AR1-expanding-refit21-horizon5,1,0.01247646196,0.000155662103,-0.03227912574,-0.02564844138,-0.02054854461,,,-0.02038635405,0.0001835486662,True,
2024-05-29,2024-05-21,UKX,GJR-skewt-h5,GJR-skewt-AR1-expanding-refit21-horizon5,1,0.01232366942,0.0001518728279,-0.03186373021,-0.02531424829,-0.02027680722,,,-0.02812300097,0.000209332512,True,
2024-05-30,2024-05-22,UKX,GJR-skewt-h5,GJR-skewt-AR1-expanding-refit21-horizon5,1,0.01298005968,0.0001684819493,-0.03350201406,-0.02659898821,-0.02129111998,,,-0.01677008725,0.0001935719447,True,
2024-05-31,2024-05-23,UKX,GJR-skewt-h5,GJR-skewt-AR1-expanding-refit21-horizon5,1,0.01315514606,0.0001730578678,-0.03397906792,-0.02698292802,-0.02160346264,,,-0.007680006181,0.0001897353368,True,
2024-06-03,2024-05-24,UKX,GJR-skewt-h5,GJR-skewt-AR1-expanding-refit21-horizon5,1,0.01311466026,0.0001719943136,-0.03388471768,-0.02691010886,-0.02154719912,,,-0.006610215132,0.0002133895947,True,
2024-06-04,2024-05-28,UKX,GJR-skewt-h5,GJR-skewt-AR1-expanding-refit21-horizon5,1,0.0144055306,0.0002075193118,-0.03721344243,-0.02955232587,-0.02366154724,,,-0.002693186806,0.0002153006888,True,
2024-06-05,2024-05-29,UKX,GJR-skewt-h5,GJR-skewt-AR1-expanding-refit21-horizon5,1,0.01586729598,0.0002517710818,-0.04103182198,-0.03259331267,-0.02610478194,,,0.007778433947,0.0001992209888,True,
2024-06-06,2024-05-30,UKX,GJR-skewt-h5,GJR-skewt-AR1-expanding-refit21-horizon5,1,0.01548261211,0.0002397112779,-0.0401744302,-0.0319405026,-0.02560927863,,,0.006563221099,0.000194399228,True,
2024-06-07,2024-05-31,UKX,GJR-skewt-h5,GJR-skewt-AR1-expanding-refit21-horizon5,1,0.01511993711,0.0002286124982,-0.03921951157,-0.03117846096,-0.0249955438,,,-0.003631789206,0.0002351480353,True,
2024-06-10,2024-06-03,UKX,GJR-skewt-h5,GJR-skewt-AR1-expanding-refit21-horizon5,1,0.01479652759,0.0002189372286,-0.03830103548,-0.03043197979,-0.0243813128,,,-0.004159751489,0.0002103290738,True,
2024-06-11,2024-06-04,UKX,GJR-skewt-h5,GJR-skewt-AR1-expanding-refit21-horizon5,1,0.01478698262,0.0002186548549,-0.03825313584,-0.03038915633,-0.02434239252,,,-0.0102810703,0.0002361093942,True,
2024-06-12,2024-06-05,UKX,GJR-skewt-h5,GJR-skewt-AR1-expanding-refit21-horizon5,1,0.01443490213,0.0002083663996,-0.03738848842,-0.02971175156,-0.02380896218,,,-0.003826883942,0.0002622215635,True,
2024-06-13,2024-06-06,UKX,GJR-skewt-h5,GJR-skewt-AR1-expanding-refit21-horizon5,1,0.01413658191,0.0001998429481,-0.03663624858,-0.0291181637,-0.02333736486,,,-0.01478531524,0.0002803482562,True,
2024-06-14,2024-06-07,UKX,GJR-skewt-h5,GJR-skewt-AR1-expanding-refit21-horizon5,1,0.01440530125,0.000207512704,-0.03724209575,-0.02958110116,-0.02369041632,,,-0.01201804174,0.0002809709901,True,
2024-06-17,2024-06-10,UKX,GJR-skewt-h5,GJR-skewt-AR1-expanding-refit21-horizon5,1,0.01419306269,0.0002014430285,-0.03671493924,-0.02916681688,-0.02336292166,,,-0.01054330034,0.0002848125668,True,
2024-06-18,2024-06-11,UKX,GJR-skewt-h5,GJR-skewt-AR1-expanding-refit21-horizon5,1,0.01615873544,0.0002611047311,-0.04178269716,-0.03318919518,-0.02658148762,,,0.005324663391,0.0002616235486,True,
2024-06-19,2024-06-12,UKX,GJR-skewt-h5,GJR-skewt-AR1-expanding-refit21-horizon5,1,0.01580079978,0.0002496652736,-0.04103297503,-0.03262982959,-0.0261684908,,,-0.001266749406,0.0002165229174,True,
2024-06-20,2024-06-13,UKX,GJR-skewt-h5,GJR-skewt-AR1-expanding-refit21-horizon5,1,0.01624679977,0.0002639585029,-0.04204993236,-0.0334095962,-0.02676587696,,,0.01323923935,0.0002088766193,True,
2024-06-21,2024-06-14,UKX,GJR-skewt-h5,GJR-skewt-AR1-expanding-refit21-horizon5,1,0.01589660966,0.0002527021986,-0.04117687458,-0.03272277575,-0.02622225792,,,0.01108372765,0.0002396772683,True,
2024-06-24,2024-06-17,UKX,GJR-skewt-h5,GJR-skewt-AR1-expanding-refit21-horizon5,1,0.01547379249,0.0002394382541,-0.04008477087,-0.0318555337,-0.0255279163,,,0.01697570151,0.0002321657255,True,
2024-06-25,2024-06-18,UKX,GJR-skewt-h5,GJR-skewt-AR1-expanding-refit21-horizon5,1,0.01512139619,0.0002286566226,-0.03923000885,-0.03118818228,-0.02500466846,,,0.006873882854,0.0002200090135,True,
2024-06-26,2024-06-19,UKX,GJR-skewt-h5,GJR-skewt-AR1-expanding-refit21-horizon5,1,0.01474554008,0.0002174309524,-0.03820070645,-0.03035876682,-0.02432894988,,,0.002458881939,0.0002330186013,True,
2024-06-27,2024-06-20,UKX,GJR-skewt-h5,GJR-skewt-AR1-expanding-refit21-horizon5,1,0.01449415178,0.0002100804358,-0.03760956147,-0.0299013146,-0.02397429657,,,-0.01128126185,0.0002260998134,True,
2024-06-28,2024-06-21,UKX,GJR-skewt-h5,GJR-skewt-AR1-expanding-refit21-horizon5,1,0.0145737929,0.0002123954395,-0.0377019538,-0.02996104164,-0.0240061918,,,-0.008974696642,0.000174743814,True,
2024-07-01,2024-06-24,UKX,GJR-skewt-h5,GJR-skewt-AR1-expanding-refit21-horizon5,1,0.0142747523,0.0002037685531,-0.0370166544,-0.02943457852,-0.02360191664,,,-0.01395900783,0.0002121912606,True,
2024-07-02,2024-06-25,UKX,GJR-skewt-h5,GJR-skewt-AR1-expanding-refit21-horizon5,1,0.01436680067,0.0002064049614,-0.03716126356,-0.02953029593,-0.02366002309,,,-0.01546852396,0.000229155535,True,
2024-07-03,2024-06-26,UKX,GJR-skewt-h5,GJR-skewt-AR1-expanding-refit21-horizon5,1,0.01423889126,0.0002027460244,-0.03684027058,-0.0292772424,-0.02345923332,,,-0.006611195718,0.0002288140201,True,
2024-07-04,2024-06-27,UKX,GJR-skewt-h5,GJR-skewt-AR1-expanding-refit21-horizon5,1,0.01469480859,0.0002159373996,-0.0380050426,-0.03019985261,-0.02419555577,,,0.007502575841,0.0002205281799,True,
2024-07-05,2024-06-28,UKX,GJR-skewt-h5,GJR-skewt-AR1-expanding-refit21-horizon5,1,0.01444526144,0.000208665578,-0.03738905646,-0.02971641416,-0.02381408226,,,0.004863192846,0.0002156053264,True,
2024-07-08,2024-07-01,UKX,GJR-skewt-h5,GJR-skewt-AR1-expanding-refit21-horizon5,1,0.01411311645,0.0001991800559,-0.03654233876,-0.02904611623,-0.02327949873,,,0.003264025601,0.0001801524811,True,
2024-07-09,2024-07-02,UKX,GJR-skewt-h5,GJR-skewt-AR1-expanding-refit21-horizon5,1,0.0145865366,0.0002127670499,-0.03772113786,-0.02997345685,-0.02401339994,,,0.002287635215,0.0001733350966,True,
2024-07-10,2024-07-03,UKX,GJR-skewt-h5,GJR-skewt-AR1-expanding-refit21-horizon5,1,0.01430051861,0.0002045048324,-0.03709243008,-0.02949666836,-0.02365347836,,,0.002737606279,0.0001741604042,True,
2024-07-11,2024-07-04,UKX,GJR-skewt-h5,GJR-skewt-AR1-expanding-refit21-horizon5,1,0.01409510922,0.000198672104,-0.03657949276,-0.02909283483,-0.02333357507,,,-0.002186510161,0.0002101672594,True,
2024-07-12,2024-07-05,UKX,GJR-skewt-h5,GJR-skewt-AR1-expanding-refit21-horizon5,1,0.01429391553,0.0002043160213,-0.03696572157,-0.02937346709,-0.0235329751,,,0.005955002488,0.0001954678817,True,
2024-07-15,2024-07-08,UKX,GJR-skewt-h5,GJR-skewt-AR1-expanding-refit21-horizon5,1,0.01402068225,0.0001965795308,-0.03628391938,-0.02883679354,-0.02310794464,,,-0.001282325459,0.0002123917559,True,
2024-07-16,2024-07-09,UKX,GJR-skewt-h5,GJR-skewt-AR1-expanding-refit21-horizon5,1,0.01479347893,0.0002188470187,-0.03825297896,-0.03039537994,-0.02435076642,,,0.003078881215,0.000218974471,True,
2024-07-17,2024-07-10,UKX,GJR-skewt-h5,GJR-skewt-AR1-expanding-refit21-horizon5,1,0.0145005027,0.0002102645786,-0.03762067368,-0.02991868983,-0.02399378636,,,-0.000732556043,0.000234447627,True,
2024-07-18,2024-07-11,UKX,GJR-skewt-h5,GJR-skewt-AR1-expanding-refit21-horizon5,1,0.01418501002,0.0002012145092,-0.03676440839,-0.02922999938,-0.02343400618,,,-0.002239980214,0.0002442227602,True,
2024-07-19,2024-07-12,UKX,GJR-skewt-h5,GJR-skewt-AR1-expanding-refit21-horizon5,1,0.01389186286,0.0001929838538,-0.03599646069,-0.02861775765,-0.02294154433,,,-0.0118476079,,True,
2024-07-22,2024-07-15,UKX,GJR-skewt-h5,GJR-skewt-AR1-expanding-refit21-horizon5,1,0.01533879839,0.0002352787361,-0.03966103565,-0.03151378862,-0.02524635764,,,0.001928946768,,True,
2024-07-23,2024-07-16,UKX,GJR-skewt-h5,GJR-skewt-AR1-expanding-refit21-horizon5,1,0.0150742962,0.000227234406,-0.03903296736,-0.03102621143,-0.02486685601,,,0.000306141823,,True,
2024-07-24,2024-07-17,UKX,GJR-skewt-h5,GJR-skewt-AR1-expanding-refit21-horizon5,1,0.0147084177,0.0002163375512,-0.03812599942,-0.03031358092,-0.02430372341,,,-0.004136765084,,True,
2024-07-25,2024-07-18,UKX,GJR-skewt-h5,GJR-skewt-AR1-expanding-refit21-horizon5,1,0.0143641402,0.0002063285236,-0.03721798355,-0.02958842903,-0.02371924326,,,-0.002257355612,,True,
2024-07-26,2024-07-19,UKX,GJR-skewt-h5,GJR-skewt-AR1-expanding-refit21-horizon5,1,0.01491509749,0.0002224601331,-0.03857717214,-0.03065497507,-0.02456066822,,,0.01581406768,0.0002640108114,True,
2024-07-29,2024-07-22,UKX,GJR-skewt-h5,GJR-skewt-AR1-expanding-refit21-horizon5,1,0.01456992526,0.0002122827222,-0.03779422103,-0.03006179122,-0.02411142459,,,0.01135170152,0.0002799748031,True,
2024-07-30,2024-07-23,UKX,GJR-skewt-h5,GJR-skewt-AR1-expanding-refit21-horizon5,1,0.01458321158,0.0002126700601,-0.03773315522,-0.0299936742,-0.02403788142,,,0.01301584957,0.000287828147,True,
2024-07-31,2024-07-24,UKX,GJR-skewt-h5,GJR-skewt-AR1-expanding-refit21-horizon5,1,0.0143180793,0.000205007395,-0.03706178421,-0.02946301199,-0.02361549941,,,0.02594307145,0.0003174518017,True,
2024-08-01,2024-07-25,UKX,GJR-skewt-h5,GJR-skewt-AR1-expanding-refit21-horizon5,1,0.0140184879,0.0001965180029,-0.03633727563,-0.02889750008,-0.02317234081,,,0.01177933052,0.000328532546,True,
2024-08-02,2024-07-26,UKX,GJR-skewt-h5,GJR-skewt-AR1-expanding-refit21-horizon5,1,0.01395211976,0.0001946616458,-0.03624829475,-0.02884374155,-0.02314568708,,,-0.01348711817,0.0004820969248,True,
2024-08-05,2024-07-29,UKX,GJR-skewt-h5,GJR-skewt-AR1-expanding-refit21-horizon5,1,0.01365558783,0.000186475079,-0.03535363251,-0.02810645227,-0.02252950162,,,-0.03487343875,0.0008524171911,True,
2024-08-06,2024-07-30,UKX,GJR-skewt-h5,GJR-skewt-AR1-expanding-refit21-horizon5,1,0.01350838196,0.0001824763833,-0.03493689024,-0.02776783388,-0.0222510022,,,-0.03039294945,0.001022729597,True,
2024-08-07,2024-07-31,UKX,GJR-skewt-h5,GJR-skewt-AR1-expanding-refit21-horizon5,1,0.01345383029,0.0001810055495,-0.03493532318,-0.02779521803,-0.02230066529,,,-0.02432551942,0.00104011392,True,
2024-08-08,2024-08-01,UKX,GJR-skewt-h5,GJR-skewt-AR1-expanding-refit21-horizon5,1,0.01563306678,0.000244392777,-0.04041499957,-0.03211834811,-0.02573379382,,,-0.01684931728,0.00103443288,True,
2024-08-09,2024-08-02,UKX,GJR-skewt-h5,GJR-skewt-AR1-expanding-refit21-horizon5,1,0.01883600424,0.0003547950558,-0.04876783632,-0.03877134847,-0.03107871251,,,-0.000807707033,0.0008792053615,True,
2024-08-12,2024-08-05,UKX,GJR-skewt-h5,GJR-skewt-AR1-expanding-refit21-horizon5,1,0.02507375947,0.000628693414,-0.06502000456,-0.05171306703,-0.04147292791,,,0.02492339877,0.0004916155874,True,
2024-08-13,2024-08-06,UKX,GJR-skewt-h5,GJR-skewt-AR1-expanding-refit21-horizon5,1,0.0240919221,0.0005804207103,-0.06269050807,-0.04990464313,-0.04006548701,,,0.02564416471,0.0003065099642,True,
2024-08-14,2024-08-07,UKX,GJR-skewt-h5,GJR-skewt-AR1-expanding-refit21-horizon5,1,0.0234503488,0.0005499188587,-0.06116888765,-0.04872351316,-0.03914637598,,,0.0138863747,0.0002514023603,True,
2024-08-15,2024-08-08,UKX,GJR-skewt-h5,GJR-skewt-AR1-expanding-refit21-horizon5,1,0.02265709175,0.0005133438068,-0.05888175002,-0.04685736633,-0.03760419582,,,0.02454591792,0.0001972462812,True,
2024-08-16,2024-08-09,UKX,GJR-skewt-h5,GJR-skewt-AR1-expanding-refit21-horizon5,1,0.02181552568,0.0004759171609,-0.05673669024,-0.0451589355,-0.03624946111,,,0.01739177776,0.0001870567287,True,
2024-08-19,2024-08-12,UKX,GJR-skewt-h5,GJR-skewt-AR1-expanding-refit21-horizon5,1,0.02104287221,0.000442802471,-0.05473839957,-0.04357070107,-0.03497677884,,,0.01769815187,0.0001732782759,True,
2024-08-20,2024-08-13,UKX,GJR-skewt-h5,GJR-skewt-AR1-expanding-refit21-horizon5,1,0.02029747505,0.0004119874933,-0.05276467583,-0.04199256833,-0.03370306677,,,0.004615764924,0.0001778272761,True,
2024-08-21,2024-08-14,UKX,GJR-skewt-h5,GJR-skewt-AR1-expanding-refit21-horizon5,1,0.01962127959,0.0003849946126,-0.05102109873,-0.04060785607,-0.03259451316,,,0.000277796733,0.0001815443386,True,
2024-08-22,2024-08-15,UKX,GJR-skewt-h5,GJR-skewt-AR1-expanding-refit21-horizon5,1,0.01902609083,0.0003619921324,-0.04948839276,-0.03939102373,-0.03162075629,,,-0.007141474456,0.0001695072572,True,
2024-08-23,2024-08-16,UKX,GJR-skewt-h5,GJR-skewt-AR1-expanding-refit21-horizon5,1,0.01873666419,0.000351062585,-0.04860130432,-0.0386575374,-0.03100547197,,,0.001971178794,0.0001558753235,True,
2024-08-27,2024-08-19,UKX,GJR-skewt-h5,GJR-skewt-AR1-expanding-refit21-horizon5,1,0.01815573762,0.0003296308086,-0.04718344401,-0.03754798162,-0.03013316697,,,-0.001365120286,0.0001825845215,True,
2024-08-28,2024-08-20,UKX,GJR-skewt-h5,GJR-skewt-AR1-expanding-refit21-horizon5,1,0.01947160366,0.0003791433493,-0.05047146086,-0.04013920356,-0.03218706495,,,0.008497341306,0.0001684863895,True,
2024-08-29,2024-08-21,UKX,GJR-skewt-h5,GJR-skewt-AR1-expanding-refit21-horizon5,1,0.0188104715,0.0003538338379,-0.04885580168,-0.03887436231,-0.03119222789,,,0.01154657466,0.0001628755757,True,
2024-08-30,2024-08-22,UKX,GJR-skewt-h5,GJR-skewt-AR1-expanding-refit21-horizon5,1,0.0181891467,0.0003308450578,-0.04722237147,-0.03757062696,-0.03014223953,,,0.01063337205,0.0001529106237,True,
2024-09-02,2024-08-23,UKX,GJR-skewt-h5,GJR-skewt-AR1-expanding-refit21-horizon5,1,0.01763509513,0.0003109965801,-0.04581513302,-0.03645738604,-0.02925527145,,,0.004313553722,0.0001456439845,True,
2024-09-03,2024-08-27,UKX,GJR-skewt-h5,GJR-skewt-AR1-expanding-refit21-horizon5,1,0.01709349414,0.0002921875418,-0.0443699612,-0.03529960508,-0.02831867854,,,-0.005647695858,0.000135356777,True,
2024-09-04,2024-08-28,UKX,GJR-skewt-h5,GJR-skewt-AR1-expanding-refit21-horizon5,1,0.01658240762,0.0002749762425,-0.04300827883,-0.0342091216,-0.02743692111,,,-0.008944686837,0.0001906248769,True,
2024-09-05,2024-08-29,UKX,GJR-skewt-h5,GJR-skewt-AR1-expanding-refit21-horizon5,1,0.01612825416,0.0002601205823,-0.04186487952,-0.03330671068,-0.02671998496,,,-0.01659347701,0.0002135928538,True,
2024-09-06,2024-08-30,UKX,GJR-skewt-h5,GJR-skewt-AR1-expanding-refit21-horizon5,1,0.01568316896,0.0002459617885,-0.04065236123,-0.03233036887,-0.02592541448,,,-0.02356654967,0.0002778937973,True,
2024-09-09,2024-09-02,UKX,GJR-skewt-h5,GJR-skewt-AR1-expanding-refit21-horizon5,1,0.01532346985,0.0002348087283,-0.03969869882,-0.03156757434,-0.02530951987,,,-0.01118162999,0.0002976425916,True,
2024-09-10,2024-09-03,UKX,GJR-skewt-h5,GJR-skewt-AR1-expanding-refit21-horizon5,1,0.01631726377,0.0002662530968,-0.04223600362,-0.03357754022,-0.0269136236,,,-0.01120918156,0.0003076183896,True,
2024-09-11,2024-09-04,UKX,GJR-skewt-h5,GJR-skewt-AR1-expanding-refit21-horizon5,1,0.01614285915,0.0002605919014,-0.04182384928,-0.03325793057,-0.02666524022,,,-0.009196070274,0.0002886613334,True,
2024-09-12,2024-09-05,UKX,GJR-skewt-h5,GJR-skewt-AR1-expanding-refit21-horizon5,1,0.01595931459,0.0002546997221,-0.04134444363,-0.03287591955,-0.02635818819,,,-8.4961202e-05,0.0002951473269,True,
2024-09-13,2024-09-06,UKX,GJR-skewt-h5,GJR-skewt-AR1-expanding-refit21-horizon5,1,0.01670700505,0.0002791240176,-0.04326153034,-0.03439625772,-0.02757317205,,,0.0111337325,0.0002528326335,True,
2024-09-16,2024-09-09,UKX,GJR-skewt-h5,GJR-skewt-AR1-expanding-refit21-horizon5,1,0.01637925856,0.0002682801109,-0.04258930686,-0.03389794704,-0.02720871195,,,0.0009185442729,0.0002674196953,True,
2024-09-17,2024-09-10,UKX,GJR-skewt-h5,GJR-skewt-AR1-expanding-refit21-horizon5,1,0.01719058747,0.0002955162974,-0.04452209403,-0.03540021707,-0.02837963793,,,0.01258202813,0.0002481602148,True,
2024-09-18,2024-09-11,UKX,GJR-skewt-h5,GJR-skewt-AR1-expanding-refit21-horizon5,1,0.01672718291,0.000279798648,-0.04337418446,-0.03449820483,-0.02766687858,,,0.007271585565,0.0002167086144,True,
2024-09-19,2024-09-12,UKX,GJR-skewt-h5,GJR-skewt-AR1-expanding-refit21-horizon5,1,0.0162830985,0.0002651392968,-0.04228520482,-0.03364487061,-0.02699490697,,,0.01058570921,0.0002414823794,True,
2024-09-20,2024-09-13,UKX,GJR-skewt-h5,GJR-skewt-AR1-expanding-refit21-horizon5,1,0.01584560521,0.0002510832045,-0.04112100012,-0.03271281387,-0.02624152105,,,-0.005223225699,0.0002654078048,True,
2024-09-23,2024-09-16,UKX,GJR-skewt-h5,GJR-skewt-AR1-expanding-refit21-horizon5,1,0.01541672381,0.0002376753729,-0.0399650076,-0.03178439959,-0.02548826051,,,-0.002261469373,0.0002601442097,True,
2024-09-24,2024-09-17,UKX,GJR-skewt-h5,GJR-skewt-AR1-expanding-refit21-horizon5,1,0.01503760899,0.0002261296842,-0.03900474002,-0.03102530248,-0.02488399264,,,-0.003266570213,0.000279410329,True,
2024-09-25,2024-09-18,UKX,GJR-skewt-h5,GJR-skewt-AR1-expanding-refit21-horizon5,1,0.01572037945,0.00024713033,-0.04068410252,-0.03234236508,-0.02592221404,,,0.0018157173,0.0002868478279,True,
2024-09-26,2024-09-19,UKX,GJR-skewt-h5,GJR-skewt-AR1-expanding-refit21-horizon5,1,0.01540320258,0.0002372586497,-0.04001586859,-0.03184263326,-0.02555222068,,,-0.005272776995,0.0002356146493,True,
2024-09-27,2024-09-20,UKX,GJR-skewt-h5,GJR-skewt-AR1-expanding-refit21-horizon5,1,0.01796348061,0.0003226866355,-0.04649570612,-0.03696393806,-0.02962795038,,,0.01097236593,0.0001990123788,True,
2024-09-30,2024-09-23,UKX,GJR-skewt-h5,GJR-skewt-AR1-expanding-refit21-horizon5,1,0.01740849138,0.0003030555721,-0.0452077567,-0.03597047659,-0.02886113731,,,-0.002752090907,0.0002031760655,True,
2024-10-01,2024-09-24,UKX,GJR-skewt-h5,GJR-skewt-AR1-expanding-refit21-horizon5,1,0.01688417079,0.0002850752233,-0.04382650945,-0.03486744392,-0.02797222847,,,-0.000736690148,0.0002162615384,True,
2024-10-02,2024-09-25,UKX,GJR-skewt-h5,GJR-skewt-AR1-expanding-refit21-horizon5,1,0.01644829553,0.0002705464259,-0.04263762282,-0.03390984108,-0.02719262986,,,0.00268124937,0.0002652032213,True,
2024-10-03,2024-09-26,UKX,GJR-skewt-h5,GJR-skewt-AR1-expanding-refit21-horizon5,1,0.01598160953,0.0002554118432,-0.0414547722,-0.03297462302,-0.02644799863,,,-0.000289772799,0.0003162350072,True,
2024-10-04,2024-09-27,UKX,GJR-skewt-h5,GJR-skewt-AR1-expanding-refit21-horizon5,1,0.01556827957,0.0002423713287,-0.0403978463,-0.03213701794,-0.02577919066,,,-0.004842998298,0.0003478953584,True,
2024-10-07,2024-09-30,UKX,GJR-skewt-h5,GJR-skewt-AR1-expanding-refit21-horizon5,1,0.01734233018,0.000300756416,-0.04488868857,-0.03568651486,-0.02860419472,,,0.008052908659,0.0003560186901,True,
2024-10-08,2024-10-01,UKX,GJR-skewt-h5,GJR-skewt-AR1-expanding-refit21-horizon5,1,0.01684123004,0.0002836270293,-0.04373551221,-0.03479923186,-0.02792155271,,,-0.01045719457,0.0003516367665,True,
2024-10-09,2024-10-02,UKX,GJR-skewt-h5,GJR-skewt-AR1-expanding-refit21-horizon5,1,0.01634755554,0.0002672425722,-0.04241021618,-0.033735889,-0.02705981833,,,-0.005709279033,0.0003016245784,True,
2024-10-10,2024-10-03,UKX,GJR-skewt-h5,GJR-skewt-AR1-expanding-refit21-horizon5,1,0.0159077281,0.0002530558134,-0.04122977889,-0.03278883261,-0.02629238017,,,-0.005423652777,0.0002607946466,True,
2024-10-11,2024-10-04,UKX,GJR-skewt-h5,GJR-skewt-AR1-expanding-refit21-horizon5,1,0.01547470628,0.0002394665344,-0.04010448529,-0.03189330872,-0.02557369522,,,-0.003253774041,0.0002289998904,True,
2024-10-14,2024-10-07,UKX,GJR-skewt-h5,GJR-skewt-AR1-expanding-refit21-horizon5,1,0.01508009562,0.0002274092839,-0.03910333283,-0.03110154425,-0.0249430832,,,-0.001313475378,0.0002152433724,True,
2024-10-15,2024-10-08,UKX,GJR-skewt-h5,GJR-skewt-AR1-expanding-refit21-horizon5,1,0.01861208968,0.0003464098824,-0.04817480728,-0.03829887477,-0.03069800589,,,0.007141157404,0.0001858637004,True,
2024-10-16,2024-10-09,UKX,GJR-skewt-h5,GJR-skewt-AR1-expanding-refit21-horizon5,1,0.01805069548,0.0003258276073,-0.04691940751,-0.03734136155,-0.02996975677,,,0.01030606426,0.0001821342613,True,
2024-10-17,2024-10-10,UKX,GJR-skewt-h5,GJR-skewt-AR1-expanding-refit21-horizon5,1,0.01748566891,0.0003057486172,-0.04536378088,-0.03608554888,-0.02894469158,,,0.01773507222,0.0001746075401,True,
2024-10-18,2024-10-11,UKX,GJR-skewt-h5,GJR-skewt-AR1-expanding-refit21-horizon5,1,0.01695068118,0.0002873255926,-0.04399157146,-0.03499721423,-0.02807483705,,,0.01259342552,0.0001799387284,True,
2024-10-21,2024-10-14,UKX,GJR-skewt-h5,GJR-skewt-AR1-expanding-refit21-horizon5,1,0.01647621399,0.0002714656275,-0.04277891883,-0.03403632302,-0.02730771037,,,0.003070275475,0.0001591935662,True,
2024-10-22,2024-10-15,UKX,GJR-skewt-h5,GJR-skewt-AR1-expanding-refit21-horizon5,1,0.01659131439,0.0002752717132,-0.04297437801,-0.03417070771,-0.02739508997,,,0.006910016222,0.0001703077315,True,
2024-10-23,2024-10-16,UKX,GJR-skewt-h5,GJR-skewt-AR1-expanding-refit21-horizon5,1,0.01623881566,0.000263699134,-0.0422096372,-0.0335930095,-0.0269613464,,,-0.008500325882,0.0001797057812,True,
2024-10-24,2024-10-17,UKX,GJR-skewt-h5,GJR-skewt-AR1-expanding-refit21-horizon5,1,0.01584720473,0.0002511338978,-0.04115332191,-0.03274449049,-0.0262727548,,,-0.01389427234,0.0001794321616,True,
2024-10-25,2024-10-18,UKX,GJR-skewt-h5,GJR-skewt-AR1-expanding-refit21-horizon5,1,0.01563023173,0.0002443041439,-0.04050936511,-0.03220417634,-0.02581328161,,,-0.01318732222,0.0001717545551,True,
2024-10-28,2024-10-21,UKX,GJR-skewt-h5,GJR-skewt-AR1-expanding-refit21-horizon5,1,0.01575159208,0.000248112653,-0.04080820426,-0.03243853017,-0.02599801358,,,-0.003926887614,0.0001960471964,True,
2024-10-29,2024-10-22,UKX,GJR-skewt-h5,GJR-skewt-AR1-expanding-refit21-horizon5,1,0.0153810844,0.0002365777574,-0.03987794992,-0.03170514662,-0.02541612334,,,-0.01051684233,0.0002030924376,True,
2024-10-30,2024-10-23,UKX,GJR-skewt-h5,GJR-skewt-AR1-expanding-refit21-horizon5,1,0.01575285049,0.0002481522986,-0.04079992407,-0.03242958131,-0.02598855018,,,-0.01205987412,0.0002392093301,True,
2024-10-31,2024-10-24,UKX,GJR-skewt-h5,GJR-skewt-AR1-expanding-refit21-horizon5,1,0.0153309883,0.0002350392024,-0.03977896441,-0.03163277989,-0.02536423992,,,-0.0194517917,0.0002625488564,True,
2024-11-01,2024-10-25,UKX,GJR-skewt-h5,GJR-skewt-AR1-expanding-refit21-horizon5,1,0.0150853049,0.0002275664239,-0.03909013468,-0.03107449505,-0.0249064102,,,-0.008717894007,0.000284509004,True,
2024-11-04,2024-10-28,UKX,GJR-skewt-h5,GJR-skewt-AR1-expanding-refit21-horizon5,1,0.01473713141,0.0002171830423,-0.03826050978,-0.03042987359,-0.02440415004,,,-0.012313531,0.0002629932226,True,
2024-11-05,2024-10-29,UKX,GJR-skewt-h5,GJR-skewt-AR1-expanding-refit21-horizon5,1,0.01584184117,0.0002509639315,-0.04100675364,-0.03258912531,-0.02611170765,,,-0.005758887123,0.0002399320174,True,
2024-11-06,2024-10-30,UKX,GJR-skewt-h5,GJR-skewt-AR1-expanding-refit21-horizon5,1,0.01661516664,0.0002760637625,-0.04304073402,-0.03421219598,-0.02741858072,,,0.0008697742067,0.0002678770116,True,
2024-11-07,2024-10-31,UKX,GJR-skewt-h5,GJR-skewt-AR1-expanding-refit21-horizon5,1,0.01694302688,0.0002870661599,-0.04391443432,-0.03491168637,-0.0279840155,,,0.003765984765,0.0002688627714,True,
2024-11-08,2024-11-01,UKX,GJR-skewt-h5,GJR-skewt-AR1-expanding-refit21-horizon5,1,0.01653259888,0.0002733268258,-0.04300940201,-0.0342247367,-0.02746488177,,,-0.01289899388,0.0002623078737,True,
2024-11-11,2024-11-04,UKX,GJR-skewt-h5,GJR-skewt-AR1-expanding-refit21-horizon5,1,0.01605764192,0.0002578478639,-0.04167733165,-0.0331450367,-0.02657938234,,,-0.007235122809,0.0002704341925,True,
2024-11-12,2024-11-05,UKX,GJR-skewt-h5,GJR-skewt-AR1-expanding-refit21-horizon5,1,0.01566332299,0.0002453396872,-0.04061695574,-0.0322941838,-0.0258897587,,,-0.01810128317,0.0002942067439,True,
2024-11-13,2024-11-06,UKX,GJR-skewt-h5,GJR-skewt-AR1-expanding-refit21-horizon5,1,0.01525972829,0.0002328593076,-0.03956845022,-0.03146013,-0.02522072685,,,-0.0168430715,0.0002314268045,True,
2024-11-14,2024-11-07,UKX,GJR-skewt-h5,GJR-skewt-AR1-expanding-refit21-horizon5,1,0.01511489931,0.0002284601812,-0.03915941513,-0.03112805039,-0.02494786497,,,-0.008574001082,0.0002183349511,True,
2024-11-15,2024-11-08,UKX,GJR-skewt-h5,GJR-skewt-AR1-expanding-refit21-horizon5,1,0.01634281416,0.0002670875748,-0.04231414801,-0.03363032559,-0.02694806991,,,-0.001090704617,0.0002396604625,True,
2024-11-18,2024-11-11,UKX,GJR-skewt-h5,GJR-skewt-AR1-expanding-refit21-horizon5,1,0.0159382395,0.0002540274782,-0.04143182288,-0.0329629729,-0.02644613985,,,-0.001958840132,0.0002391724009,True,
2024-11-19,2024-11-12,UKX,GJR-skewt-h5,GJR-skewt-AR1-expanding-refit21-horizon5,1,0.01854862987,0.0003440516699,-0.04804692221,-0.03819103043,-0.03060686003,,,0.009079269043,0.0002501495301,True,
2024-11-20,2024-11-13,UKX,GJR-skewt-h5,GJR-skewt-AR1-expanding-refit21-horizon5,1,0.01794354574,0.0003219708338,-0.04661462736,-0.03708024955,-0.02974348617,,,0.006801010781,0.0002558376477,True,
2024-11-21,2024-11-14,UKX,GJR-skewt-h5,GJR-skewt-AR1-expanding-refit21-horizon5,1,0.01740995094,0.0003031063917,-0.04527039669,-0.0360195467,-0.02890095975,,,0.009629815795,0.0002806346829,True,
2024-11-22,2024-11-15,UKX,GJR-skewt-h5,GJR-skewt-AR1-expanding-refit21-horizon5,1,0.01689551234,0.0002854583373,-0.04385107023,-0.03487356934,-0.02796532622,,,0.02431862611,0.0002615134929,True,
2024-11-25,2024-11-18,UKX,GJR-skewt-h5,GJR-skewt-AR1-expanding-refit21-horizon5,1,0.01642395113,0.0002697461707,-0.04271646775,-0.03399530864,-0.0272829093,,,0.02224351083,0.0002523242227,True,
2024-11-26,2024-11-19,UKX,GJR-skewt-h5,GJR-skewt-AR1-expanding-refit21-horizon5,1,0.01598980719,0.0002556739338,-0.04149576516,-0.03300513758,-0.02647017102,,,0.01951443703,0.0002262729438,True,
2024-11-27,2024-11-20,UKX,GJR-skewt-h5,GJR-skewt-AR1-expanding-refit21-horizon5,1,0.0156213496,0.0002440265634,-0.04052527055,-0.03223029486,-0.02584591536,,,0.02319185457,0.0002184670819,True,
2024-11-28,2024-11-21,UKX,GJR-skewt-h5,GJR-skewt-AR1-expanding-refit21-horizon5,1,0.01530071696,0.0002341119394,-0.03980162619,-0.03167690724,-0.02542356895,,,0.01605589892,0.0001677918169,True,
2024-11-29,2024-11-22,UKX,GJR-skewt-h5,GJR-skewt-AR1-expanding-refit21-horizon5,1,0.01520500777,0.0002311922613,-0.03962139072,-0.03154749359,-0.02533327124,,,0.003045453778,0.0001663918518,True,
2024-12-02,2024-11-25,UKX,GJR-skewt-h5,GJR-skewt-AR1-expanding-refit21-horizon5,1,0.0148397689,0.0002202187409,-0.03854196896,-0.03066201458,-0.02459706381,,,0.002553534175,0.0001756490997,True,
2024-12-03,2024-11-26,UKX,GJR-skewt-h5,GJR-skewt-AR1-expanding-refit21-horizon5,1,0.01485687295,0.000220726674,-0.03849532885,-0.03060629217,-0.02453435105,,,0.01213166666,0.0001730377132,True,
2024-12-04,2024-11-27,UKX,GJR-skewt-h5,GJR-skewt-AR1-expanding-refit21-horizon5,1,0.0144998865,0.0002102467086,-0.03763220267,-0.02993272669,-0.02400668441,,,0.007344740787,0.0001664151949,True,
2024-12-05,2024-11-28,UKX,GJR-skewt-h5,GJR-skewt-AR1-expanding-refit21-horizon5,1,0.0141634768,0.0002006040752,-0.03673672326,-0.02921588167,-0.02342732862,,,0.008201817844,0.0001691915037,True,
2024-12-06,2024-11-29,UKX,GJR-skewt-h5,GJR-skewt-AR1-expanding-refit21-horizon5,1,0.01385107939,0.0001918524002,-0.03591801447,-0.02856305669,-0.02290217914,,,0.002566876934,0.0001525510626,True,
2024-12-09,2024-12-02,UKX,GJR-skewt-h5,GJR-skewt-AR1-expanding-refit21-horizon5,1,0.01357651802,0.0001843218417,-0.03522719481,-0.02801802981,-0.02246936432,,,0.004704385274,0.0001357258154,True,
2024-12-10,2024-12-03,UKX,GJR-skewt-h5,GJR-skewt-AR1-expanding-refit21-horizon5,1,0.01336077556,0.0001785103236,-0.03469219786,-0.02759759264,-0.02213710019,,,-0.00949537733,0.0001254542384,True,
2024-12-11,2024-12-04,UKX,GJR-skewt-h5,GJR-skewt-AR1-expanding-refit21-horizon5,1,0.01331437295,0.000177272527,-0.03446920828,-0.02739924296,-0.02195771506,,,-0.004111248797,0.0001181976363,True,
2024-12-12,2024-12-05,UKX,GJR-skewt-h5,GJR-skewt-AR1-expanding-refit21-horizon5,1,0.01306800979,0.0001707728797,-0.03387770738,-0.02693856151,-0.0215977212,,,-0.004513558373,0.0001225083905,True,
2024-12-13,2024-12-06,UKX,GJR-skewt-h5,GJR-skewt-AR1-expanding-refit21-horizon5,1,0.01347322669,0.0001815278374,-0.03486029374,-0.02770597669,-0.02219952594,,,-0.000999440659,0.0001162806806,True,
2024-12-16,2024-12-09,UKX,GJR-skewt-h5,GJR-skewt-AR1-expanding-refit21-horizon5,1,0.01325697882,0.0001757474874,-0.03441602306,-0.02737653416,-0.021958463,,,-0.01083421225,0.0001244705263,True,
2024-12-17,2024-12-10,UKX,GJR-skewt-h5,GJR-skewt-AR1-expanding-refit21-horizon5,1,0.01483858604,0.0002201836356,-0.0383916499,-0.03051232362,-0.02444785628,,,-0.01034268281,0.0001308619529,True,
2024-12-18,2024-12-11,UKX,GJR-skewt-h5,GJR-skewt-AR1-expanding-refit21-horizon5,1,0.01448660463,0.0002098617136,-0.03760462124,-0.02991219797,-0.02399158395,,,-0.01242387575,0.0001304528095,True,
2024-12-19,2024-12-12,UKX,GJR-skewt-h5,GJR-skewt-AR1-expanding-refit21-horizon5,1,0.01415261207,0.0002002964285,-0.03671375397,-0.02919868159,-0.0234145689,,,-0.02515802382,0.0001713735977,True,
2024-12-20,2024-12-13,UKX,GJR-skewt-h5,GJR-skewt-AR1-expanding-refit21-horizon5,1,0.01389162254,0.0001929771767,-0.03599861235,-0.02862212606,-0.0229446787,,,-0.02633060564,0.0002245184446,True,
2024-12-23,2024-12-16,UKX,GJR-skewt-h5,GJR-skewt-AR1-expanding-refit21-horizon5,1,0.01414321376,0.0002000304954,-0.03661864193,-0.02910856007,-0.02332828844,,,-0.01948138165,0.0002424902273,True,
2024-12-24,2024-12-17,UKX,GJR-skewt-h5,GJR-skewt-AR1-expanding-refit21-horizon5,1,0.01541294477,0.0002375588664,-0.03989529058,-0.03171113138,-0.02541242269,,,-0.007127079105,0.0002371607625,True,
2024-12-27,2024-12-18,UKX,GJR-skewt-h5,GJR-skewt-AR1-expanding-refit21-horizon5,1,0.01501089461,0.0002253269569,-0.03894589204,-0.03097521849,-0.02484081304,,,-0.006030981315,0.0002625164514,True,
2024-12-30,2024-12-19,UKX,GJR-skewt-h5,GJR-skewt-AR1-expanding-refit21-horizon5,1,0.01748646366,0.0003057764114,-0.04528540727,-0.03600022494,-0.02885414465,,,0.001935154668,0.0002298624416,True,
2024-12-31,2024-12-20,UKX,GJR-skewt-h5,GJR-skewt-AR1-expanding-refit21-horizon5,1,0.01710180382,0.000292471694,-0.04438568884,-0.03530475802,-0.02831587419,,,0.01087500894,0.0002279821588,True,
2025-01-02,2024-12-23,UKX,GJR-skewt-h5,GJR-skewt-AR1-expanding-refit21-horizon5,1,0.01659397205,0.0002753599084,-0.04311333661,-0.03430206069,-0.0275207092,,,0.01923928313,,True,
2025-01-03,2024-12-24,UKX,GJR-skewt-h5,GJR-skewt-AR1-expanding-refit21-horizon5,1,0.01613820108,0.0002604415341,-0.04194355811,-0.03337429319,-0.02677919868,,,0.010635147,,True,
2025-01-06,2024-12-27,UKX,GJR-skewt-h5,GJR-skewt-AR1-expanding-refit21-horizon5,1,0.01569068022,0.0002461974458,-0.04073951916,-0.03240788449,-0.02599567545,,,0.01218349654,,True,
2025-01-07,2024-12-30,UKX,GJR-skewt-h5,GJR-skewt-AR1-expanding-refit21-horizon5,1,0.01555629309,0.0002419982547,-0.04032599866,-0.03206572256,-0.02570843264,,,0.01519001809,,True,
2025-01-08,2024-12-31,UKX,GJR-skewt-h5,GJR-skewt-AR1-expanding-refit21-horizon5,1,0.01520520428,0.0002311982373,-0.03952592979,-0.03145207924,-0.02523826651,,,0.009498366591,,True,
2025-01-09,2025-01-02,UKX,GJR-skewt-h5,GJR-skewt-AR1-expanding-refit21-horizon5,1,0.01499483617,0.0002248451119,-0.03902573632,-0.03106358968,-0.02493574673,,,0.007189573268,0.0002574840191,True,
2025-01-10,2025-01-03,UKX,GJR-skewt-h5,GJR-skewt-AR1-expanding-refit21-horizon5,1,0.01505242226,0.000226575416,-0.03899619583,-0.0310034714,-0.02485209511,,,0.002974656921,0.0002797427887,True,
2025-01-13,2025-01-06,UKX,GJR-skewt-h5,GJR-skewt-AR1-expanding-refit21-horizon5,1,0.01468939849,0.000215778428,-0.03813569875,-0.03033573724,-0.02433271554,,,-0.003095808492,0.0002528147781,True,
2025-01-14,2025-01-07,UKX,GJR-skewt-h5,GJR-skewt-AR1-expanding-refit21-horizon5,1,0.01434516397,0.0002057837292,-0.03719012207,-0.02957294654,-0.02371060094,,,-0.005326253017,0.0002562558559,True,
2025-01-15,2025-01-08,UKX,GJR-skewt-h5,GJR-skewt-AR1-expanding-refit21-horizon5,1,0.0140181963,0.0001965098275,-0.03634850372,-0.02890494559,-0.02317621976,,,0.006053583919,0.000219948759,True,
2025-01-16,2025-01-09,UKX,GJR-skewt-h5,GJR-skewt-AR1-expanding-refit21-horizon5,1,0.01382979233,0.0001912631559,-0.03594656599,-0.02860304897,-0.02295131697,,,0.008640781582,0.0002194302486,True,
2025-01-17,2025-01-10,UKX,GJR-skewt-h5,GJR-skewt-AR1-expanding-refit21-horizon5,1,0.01528034029,0.0002334887993,-0.03954238991,-0.03142864271,-0.02518412463,,,0.03064639845,0.0002068352836,True,
2025-01-20,2025-01-13,UKX,GJR-skewt-h5,GJR-skewt-AR1-expanding-refit21-horizon5,1,0.01511046993,0.0002283263016,-0.03916544135,-0.03114189403,-0.02496679578,,,0.03539397337,0.0001989527826,True,
2025-01-21,2025-01-14,UKX,GJR-skewt-h5,GJR-skewt-AR1-expanding-refit21-horizon5,1,0.01491963035,0.0002225953698,-0.03866785573,-0.03074564282,-0.02464853374,,,0.04141534559,0.0001778441183,True,
2025-01-22,2025-01-15,UKX,GJR-skewt-h5,GJR-skewt-AR1-expanding-refit21-horizon5,1,0.01478118178,0.0002184833349,-0.03848385544,-0.03063515769,-0.0245946275,,,0.02896998445,0.0001611931983,True,
2025-01-23,2025-01-16,UKX,GJR-skewt-h5,GJR-skewt-AR1-expanding-refit21-horizon5,1,0.01461716432,0.0002136614928,-0.03803992589,-0.0302783202,-0.02430481797,,,0.02044050361,0.0001523856394,True,
2025-01-24,2025-01-17,UKX,GJR-skewt-h5,GJR-skewt-AR1-expanding-refit21-horizon5,1,0.01456642944,0.0002121808668,-0.03793752796,-0.03020286211,-0.02425009337,,,-0.0003292415074,0.0001421232484,True,
2025-01-27,2025-01-20,UKX,GJR-skewt-h5,GJR-skewt-AR1-expanding-refit21-horizon5,1,0.01423874008,0.0002027417191,-0.03688278725,-0.0293339956,-0.02352233629,,,-0.001973638734,0.0001451063558,True,
2025-01-28,2025-01-21,UKX,GJR-skewt-h5,GJR-skewt-AR1-expanding-refit21-horizon5,1,0.01393695693,0.0001942387685,-0.0361093765,-0.02872057781,-0.02303209378,,,-0.001685897279,0.000142106153,True,
2025-01-29,2025-01-22,UKX,GJR-skewt-h5,GJR-skewt-AR1-expanding-refit21-horizon5,1,0.01364405447,0.0001861602224,-0.03530182314,-0.02806830923,-0.02249937576,,,0.001485151497,0.0001340576446,True,
2025-01-30,2025-01-23,UKX,GJR-skewt-h5,GJR-skewt-AR1-expanding-refit21-horizon5,1,0.01337732897,0.0001789529303,-0.03463441339,-0.02754230632,-0.02208223906,,,0.009493415313,0.0001325578883,True,
2025-01-31,2025-01-24,UKX,GJR-skewt-h5,GJR-skewt-AR1-expanding-refit21-horizon5,1,0.01447828676,0.0002096207875,-0.0374065692,-0.0297307798,-0.02382134753,,,0.01998152285,0.0001254158013,True,
2025-02-03,2025-01-27,UKX,GJR-skewt-h5,GJR-skewt-AR1-expanding-refit21-horizon5,1,0.01414204345,0.0001999973929,-0.03661116778,-0.02911364069,-0.02334144891,,,0.009351974545,0.0001839371104,True,
2025-02-04,2025-01-28,UKX,GJR-skewt-h5,GJR-skewt-AR1-expanding-refit21-horizon5,1,0.01385039645,0.0001918334818,-0.03588606192,-0.02854315402,-0.02289000037,,,0.004314541722,0.0002015378572,True,
2025-02-05,2025-01-29,UKX,GJR-skewt-h5,GJR-skewt-AR1-expanding-refit21-horizon5,1,0.01357266447,0.0001842172209,-0.03515070966,-0.02795504377,-0.02241524872,,,0.007624694448,0.0002135288654,True,
2025-02-06,2025-01-30,UKX,GJR-skewt-h5,GJR-skewt-AR1-expanding-refit21-horizon5,1,0.01348973208,0.0001819728717,-0.03501886278,-0.02786716422,-0.02236121871,,,0.009255100898,0.0002559686462,True,
2025-02-07,2025-01-31,UKX,GJR-skewt-h5,GJR-skewt-AR1-expanding-refit21-horizon5,1,0.01324330647,0.0001753851662,-0.03429241818,-0.0272713643,-0.02186599943,,,0.003050449863,0.0002685849137,True,
2025-02-10,2025-02-03,UKX,GJR-skewt-h5,GJR-skewt-AR1-expanding-refit21-horizon5,1,0.01563250454,0.0002443751983,-0.04039240258,-0.0321046946,-0.02572415882,,,0.02123253712,0.0001977261641,True,
2025-02-11,2025-02-04,UKX,GJR-skewt-h5,GJR-skewt-AR1-expanding-refit21-horizon5,1,0.01528022153,0.00023348517,-0.03957161542,-0.03147067334,-0.02523392477,,,0.02381922638,0.0001687462702,True,
2025-02-12,2025-02-05,UKX,GJR-skewt-h5,GJR-skewt-AR1-expanding-refit21-horizon5,1,0.01494515007,0.0002233575107,-0.03878026415,-0.03085696312,-0.02475697673,,,0.02112450217,0.0001744973052,True,
2025-02-13,2025-02-06,UKX,GJR-skewt-h5,GJR-skewt-AR1-expanding-refit21-horizon5,1,0.01480690468,0.0002192444262,-0.03848471409,-0.03063470504,-0.02459114466,,,0.004276291676,0.0001371817979,True,
2025-02-14,2025-02-07,UKX,GJR-skewt-h5,GJR-skewt-AR1-expanding-refit21-horizon5,1,0.01466102273,0.0002149455874,-0.03793312432,-0.03016045586,-0.0241764384,,,0.003671202425,0.0001215444785,True,
2025-02-17,2025-02-10,UKX,GJR-skewt-h5,GJR-skewt-AR1-expanding-refit21-horizon5,1,0.01440667315,0.0002075522314,-0.03738890852,-0.02975108569,-0.02387088311,,,2.2832719e-05,0.0001122053398,True,
2025-02-18,2025-02-11,UKX,GJR-skewt-h5,GJR-skewt-AR1-expanding-refit21-horizon5,1,0.01407755939,0.0001981776785,-0.03645300262,-0.02898966231,-0.02324379022,,,-0.001219805744,0.0001164892103,True,
2025-02-19,2025-02-12,UKX,GJR-skewt-h5,GJR-skewt-AR1-expanding-refit21-horizon5,1,0.01378923457,0.00019014299,-0.03572448116,-0.02841399876,-0.02278580883,,,-0.01083354552,0.0001113718647,True,
2025-02-20,2025-02-13,UKX,GJR-skewt-h5,GJR-skewt-AR1-expanding-refit21-horizon5,1,0.01409616294,0.0001987018096,-0.03643458817,-0.02896138503,-0.02320791976,,,-0.01167123009,0.0001216611166,True,
2025-02-21,2025-02-14,UKX,GJR-skewt-h5,GJR-skewt-AR1-expanding-refit21-horizon5,1,0.01414285704,0.0002000204053,-0.03657009387,-0.02907213545,-0.02329961159,,,-0.008406216436,0.0001331115558,True,
2025-02-24,2025-02-17,UKX,GJR-skewt-h5,GJR-skewt-AR1-expanding-refit21-horizon5,1,0.0138570629,0.0001920181923,-0.03590927942,-0.02856283724,-0.02290696262,,,-0.01250948774,0.0001590925667,True,
2025-02-25,2025-02-18,UKX,GJR-skewt-h5,GJR-skewt-AR1-expanding-refit21-horizon5,1,0.01355598142,0.0001837646322,-0.03505580089,-0.02786869941,-0.02233522815,,,-0.01124161532,0.0001756895145,True,
2025-02-26,2025-02-19,UKX,GJR-skewt-h5,GJR-skewt-AR1-expanding-refit21-horizon5,1,0.01426281002,0.0002034277498,-0.0368380337,-0.02927618628,-0.02345419177,,,0.002178400311,0.0001741983412,True,
2025-02-27,2025-02-20,UKX,GJR-skewt-h5,GJR-skewt-AR1-expanding-refit21-horizon5,1,0.01475397028,0.000217679639,-0.0381293158,-0.03030706536,-0.02428458215,,,0.01070096024,0.0001927780416,True,
2025-02-28,2025-02-21,UKX,GJR-skewt-h5,GJR-skewt-AR1-expanding-refit21-horizon5,1,0.01440598282,0.000207532341,-0.03727770736,-0.02963995268,-0.02375951589,,,0.01720792803,0.0002077200993,True,
2025-03-03,2025-02-24,UKX,GJR-skewt-h5,GJR-skewt-AR1-expanding-refit21-horizon5,1,0.0140754227,0.0001981175243,-0.03641659958,-0.02895410105,-0.02320859694,,,0.02422208258,0.0002199441501,True,
2025-03-04,2025-02-25,UKX,GJR-skewt-h5,GJR-skewt-AR1-expanding-refit21-horizon5,1,0.01376987082,0.0001896093425,-0.03562988752,-0.02832938629,-0.02270860664,,,0.01036288347,0.0002489487181,True,
2025-03-05,2025-02-26,UKX,GJR-skewt-h5,GJR-skewt-AR1-expanding-refit21-horizon5,1,0.0135720007,0.0001841992029,-0.03518037752,-0.02798478295,-0.02244477271,,,0.002779139255,0.0002826662987,True,
2025-03-06,2025-02-27,UKX,GJR-skewt-h5,GJR-skewt-AR1-expanding-refit21-horizon5,1,0.01331524827,0.0001772958366,-0.03445902968,-0.02739955995,-0.02196435453,,,-0.008418008304,0.0003112183008,True,
2025-03-07,2025-02-28,UKX,GJR-skewt-h5,GJR-skewt-AR1-expanding-refit21-horizon5,1,0.01312814761,0.0001723482597,-0.03400593462,-0.02704566179,-0.02168682975,,,-0.01484335637,0.0003538720244,True,
2025-03-10,2025-03-03,UKX,GJR-skewt-h5,GJR-skewt-AR1-expanding-refit21-horizon5,1,0.01297716107,0.0001684067093,-0.03362055653,-0.02674033365,-0.02144313343,,,-0.03103584356,0.0004084432498,True,
2025-03-11,2025-03-04,UKX,GJR-skewt-h5,GJR-skewt-AR1-expanding-refit21-horizon5,1,0.01652458839,0.0002730620216,-0.04268496227,-0.03392396666,-0.02717872762,,,-0.03048627868,0.0004426193522,True,
2025-03-12,2025-03-05,UKX,GJR-skewt-h5,GJR-skewt-AR1-expanding-refit21-horizon5,1,0.01605678786,0.0002578204364,-0.04159930521,-0.03308632778,-0.02653204215,,,-0.02483821869,0.0004340058879,True,
2025-03-13,2025-03-06,UKX,GJR-skewt-h5,GJR-skewt-AR1-expanding-refit21-horizon5,1,0.01710074959,0.0002924356364,-0.0442420794,-0.03517561502,-0.0281951904,,,-0.0162786695,0.0004272140697,True,
2025-03-14,2025-03-07,UKX,GJR-skewt-h5,GJR-skewt-AR1-expanding-refit21-horizon5,1,0.01659345054,0.0002753426008,-0.0430043897,-0.03420688481,-0.02743353665,,,-0.005499093755,0.0003704817738,True,
2025-03-17,2025-03-10,UKX,GJR-skewt-h5,GJR-skewt-AR1-expanding-refit21-horizon5,1,0.01785036762,0.0003186356243,-0.0461946667,-0.03673077032,-0.02944435606,,,0.009270586341,0.0003049441623,True,
2025-03-18,2025-03-11,UKX,GJR-skewt-h5,GJR-skewt-AR1-expanding-refit21-horizon5,1,0.02007880641,0.0004031584667,-0.05199440706,-0.04134903843,-0.03315298867,,,0.02432510616,0.0002312646199,True,
2025-03-19,2025-03-12,UKX,GJR-skewt-h5,GJR-skewt-AR1-expanding-refit21-horizon5,1,0.01941228791,0.000376836922,-0.05044579946,-0.04015380518,-0.03222982432,,,0.01921476965,0.0002102179789,True,
2025-03-20,2025-03-13,UKX,GJR-skewt-h5,GJR-skewt-AR1-expanding-refit21-horizon5,1,0.01875541195,0.0003517654773,-0.04866924068,-0.03872550848,-0.03106966049,,,0.01848751895,0.0002013621442,True,
2025-03-21,2025-03-14,UKX,GJR-skewt-h5,GJR-skewt-AR1-expanding-refit21-horizon5,1,0.01827499315,0.0003339753745,-0.0475268174,-0.03783779332,-0.03037804945,,,0.001678328586,0.0002235545461,True,
2025-03-24,2025-03-17,UKX,GJR-skewt-h5,GJR-skewt-AR1-expanding-refit21-horizon5,1,0.01772857461,0.0003143023575,-0.0460415708,-0.03664224656,-0.02940554749,,,-0.004884993284,0.0002333040708,True,
2025-03-25,2025-03-18,UKX,GJR-skewt-h5,GJR-skewt-AR1-expanding-refit21-horizon5,1,0.01718667598,0.0002953818312,-0.04459306008,-0.0354810393,-0.02846554004,,,-0.00476716776,0.0002356418557,True,
2025-03-26,2025-03-19,UKX,GJR-skewt-h5,GJR-skewt-AR1-expanding-refit21-horizon5,1,0.01666442661,0.0002777031142,-0.04321404958,-0.0343821517,-0.02758014788,,,-0.001966003312,0.0002631106651,True,
2025-03-27,2025-03-20,UKX,GJR-skewt-h5,GJR-skewt-AR1-expanding-refit21-horizon5,1,0.01618981557,0.0002621101283,-0.04196406316,-0.03338370207,-0.02677542265,,,-0.004134066817,0.0002537541265,True,
2025-03-28,2025-03-21,UKX,GJR-skewt-h5,GJR-skewt-AR1-expanding-refit21-horizon5,1,0.0166101431,0.0002758968539,-0.0430026028,-0.03419947438,-0.02741962773,,,0.001398451126,0.0002600936741,True,
2025-03-31,2025-03-24,UKX,GJR-skewt-h5,GJR-skewt-AR1-expanding-refit21-horizon5,1,0.01615968679,0.0002611354773,-0.04188011861,-0.03331572531,-0.02671974371,,,-0.00641089667,0.000294699606,True,
2025-04-01,2025-03-25,UKX,GJR-skewt-h5,GJR-skewt-AR1-expanding-refit21-horizon5,1,0.01572235723,0.0002471925169,-0.04077772895,-0.03244511381,-0.02602763924,,,-0.003352875703,0.0003433711939,True,
2025-04-02,2025-03-26,UKX,GJR-skewt-h5,GJR-skewt-AR1-expanding-refit21-horizon5,1,0.01531481976,0.0002345437044,-0.03971078968,-0.03159416333,-0.0253430354,,,-0.009376776067,0.0003401003046,True,
2025-04-03,2025-03-27,UKX,GJR-skewt-h5,GJR-skewt-AR1-expanding-refit21-horizon5,1,0.01509385473,0.0002278244507,-0.03907207147,-0.03107255329,-0.02491161779,,,-0.02233354006,0.0004348822378,True,
2025-04-04,2025-03-28,UKX,GJR-skewt-h5,GJR-skewt-AR1-expanding-refit21-horizon5,1,0.014736678,0.0002171696785,-0.03815697401,-0.03034675418,-0.02433160932,,,-0.07229472224,0.001199426435,True,
2025-04-07,2025-03-31,UKX,GJR-skewt-h5,GJR-skewt-AR1-expanding-refit21-horizon5,1,0.01614896528,0.0002607890797,-0.04176919668,-0.03321048563,-0.02661888028,,,-0.1082671462,0.003941443368,True,
2025-04-08,2025-04-01,UKX,GJR-skewt-h5,GJR-skewt-AR1-expanding-refit21-horizon5,1,0.01575047836,0.0002480775685,-0.04088378886,-0.03253626995,-0.02610731703,,,-0.08760953629,0.004260774908,True,
2025-04-09,2025-04-02,UKX,GJR-skewt-h5,GJR-skewt-AR1-expanding-refit21-horizon5,1,0.01553489344,0.0002413329143,-0.04022298296,-0.03198972083,-0.02564876431,,,-0.1141956464,0.004802395136,True,
2025-04-10,2025-04-03,UKX,GJR-skewt-h5,GJR-skewt-AR1-expanding-refit21-horizon5,1,0.0199381141,0.000397528394,-0.05161582931,-0.04104892582,-0.03291068431,,,-0.06854041386,0.005138830826,True,
2025-04-11,2025-04-04,UKX,GJR-skewt-h5,GJR-skewt-AR1-expanding-refit21-horizon5,1,0.04621276069,0.002135619251,-0.1200244922,-0.09553241735,-0.07666951962,,,-0.01133649325,0.00473012157,True,
2025-04-14,2025-04-07,UKX,GJR-skewt-h5,GJR-skewt-AR1-expanding-refit21-horizon5,1,0.05784919516,0.003346529381,-0.150549744,-0.1198905322,-0.09627793183,,,0.05459663339,0.00201438483,True,
2025-04-15,2025-04-08,UKX,GJR-skewt-h5,GJR-skewt-AR1-expanding-refit21-horizon5,1,0.05549160333,0.00307931804,-0.1451366533,-0.1157269301,-0.09307663997,,,0.04191306519,0.001711422983,True,
2025-04-16,2025-04-09,UKX,GJR-skewt-h5,GJR-skewt-AR1-expanding-refit21-horizon5,1,0.05824197191,0.003392127292,-0.1517388292,-0.1208714516,-0.09709852955,,,0.07475693807,0.001198229939,True,
2025-04-17,2025-04-10,UKX,GJR-skewt-h5,GJR-skewt-AR1-expanding-refit21-horizon5,1,0.05594270675,0.003129586438,-0.146352477,-0.1167036757,-0.09386925638,,,0.04477866983,0.0008170357743,True,
2025-04-22,2025-04-11,UKX,GJR-skewt-h5,GJR-skewt-AR1-expanding-refit21-horizon5,1,0.05341282839,0.002852930236,-0.1394796361,-0.1111716327,-0.0893698467,,,0.0447388045,0.0004696848465,True,
2025-04-23,2025-04-14,UKX,GJR-skewt-h5,GJR-skewt-AR1-expanding-refit21-horizon5,1,0.0511887501,0.002620288137,-0.1338136704,-0.1066843953,-0.08579042266,,,0.03252294383,0.0004672566837,True,
2025-04-24,2025-04-15,UKX,GJR-skewt-h5,GJR-skewt-AR1-expanding-refit21-horizon5,1,0.04896703388,0.002397770407,-0.1279221684,-0.1019703698,-0.08198324635,,,0.01900826084,0.0004147064595,True,
2025-04-25,2025-04-16,UKX,GJR-skewt-h5,GJR-skewt-AR1-expanding-refit21-horizon5,1,0.04676555403,0.002187017044,-0.1220445086,-0.09725946156,-0.07817092736,,,0.01674007552,0.000370622692,True,
2025-04-28,2025-04-17,UKX,GJR-skewt-h5,GJR-skewt-AR1-expanding-refit21-horizon5,1,0.04480192013,0.002007212047,-0.1172172545,-0.09328561604,-0.07489915439,,,0.01696555519,0.0002839418336,True,
2025-04-29,2025-04-22,UKX,GJR-skewt-h5,GJR-skewt-AR1-expanding-refit21-horizon5,1,0.04279346598,0.001831280731,-0.1120119403,-0.08915314869,-0.07159094558,,,0.01606747177,0.0002706783587,True,
2025-04-30,2025-04-23,UKX,GJR-skewt-h5,GJR-skewt-AR1-expanding-refit21-horizon5,1,0.04091022034,0.001673646129,-0.1070956519,-0.08524282509,-0.06845349563,,,0.01085342056,0.0002359858892,True,
2025-05-01,2025-04-24,UKX,GJR-skewt-h5,GJR-skewt-AR1-expanding-refit21-horizon5,1,0.03907808832,0.001527096987,-0.1021997128,-0.08132554763,-0.06528811508,,,0.01057728215,0.0002353746657,True,
2025-05-02,2025-04-25,UKX,GJR-skewt-h5,GJR-skewt-AR1-expanding-refit21-horizon5,1,0.03734005988,0.001394280072,-0.09764269531,-0.07769692492,-0.06237276968,,,0.021292102,0.0002539766347,True,
2025-05-06,2025-04-28,UKX,GJR-skewt-h5,GJR-skewt-AR1-expanding-refit21-horizon5,1,0.03569109865,0.001273854523,-0.0933075976,-0.07424264534,-0.05959521473,,,0.02117078887,0.0002737607072,True,
2025-05-07,2025-04-29,UKX,GJR-skewt-h5,GJR-skewt-AR1-expanding-refit21-horizon5,1,0.03414738298,0.001166043764,-0.08931035939,-0.07107000672,-0.05705610853,,,0.01125558868,0.0002624401201,True,
2025-05-08,2025-04-30,UKX,GJR-skewt-h5,GJR-skewt-AR1-expanding-refit21-horizon5,1,0.03267410543,0.001067597166,-0.08542525943,-0.06797188076,-0.05456260757,,,0.004310841905,0.0002797206493,True,
2025-05-09,2025-05-01,UKX,GJR-skewt-h5,GJR-skewt-AR1-expanding-refit21-horizon5,1,0.03126872267,0.0009777330177,-0.08170061206,-0.06499794031,-0.05216542848,,,0.006802907061,0.0002699859724,True,
2025-05-12,2025-05-02,UKX,GJR-skewt-h5,GJR-skewt-AR1-expanding-refit21-horizon5,1,0.03004133439,0.0009024817719,-0.07859789754,-0.06255085423,-0.0502220558,,,0.0009998732093,0.0002965242374,True,
2025-05-13,2025-05-06,UKX,GJR-skewt-h5,GJR-skewt-AR1-expanding-refit21-horizon5,1,0.02877609708,0.000828063763,-0.07515742601,-0.05978622877,-0.04797667678,,,0.0006395237208,0.0002893148578,True,
2025-05-14,2025-05-07,UKX,GJR-skewt-h5,GJR-skewt-AR1-expanding-refit21-horizon5,1,0.02783318048,0.0007746859358,-0.07263536216,-0.0577678384,-0.04634525419,,,0.002998106022,0.0002921670771,True,
2025-05-15,2025-05-08,UKX,GJR-skewt-h5,GJR-skewt-AR1-expanding-refit21-horizon5,1,0.02683341528,0.0007200321754,-0.07002386374,-0.05569038003,-0.04467809396,,,0.01190783869,0.0002432706156,True,
2025-05-16,2025-05-09,UKX,GJR-skewt-h5,GJR-skewt-AR1-expanding-refit21-horizon5,1,0.02574870191,0.0006629956499,-0.06723879474,-0.05348472745,-0.04291760178,,,0.01505879105,0.0002608597217,True,
2025-05-19,2025-05-12,UKX,GJR-skewt-h5,GJR-skewt-AR1-expanding-refit21-horizon5,1,0.0247495412,0.0006125397895,-0.06464897242,-0.05142862227,-0.04127154667,,,0.01089911057,0.000215005069,True,
2025-05-20,2025-05-13,UKX,GJR-skewt-h5,GJR-skewt-AR1-expanding-refit21-horizon5,1,0.02377583239,0.0005652902057,-0.06203013591,-0.04932990738,-0.03957243652,,,0.02050223884,0.0002062310512,True,
2025-05-21,2025-05-14,UKX,GJR-skewt-h5,GJR-skewt-AR1-expanding-refit21-horizon5,1,0.02292678828,0.0005256376209,-0.05978267094,-0.04753597244,-0.03812694461,,,0.0231999583,0.0001921984663,True,
2025-05-22,2025-05-15,UKX,GJR-skewt-h5,GJR-skewt-AR1-expanding-refit21-horizon5,1,0.02208865981,0.0004879088924,-0.05766340382,-0.04586440461,-0.03679934009,,,0.01214536257,0.0001981570318,True,
2025-05-23,2025-05-16,UKX,GJR-skewt-h5,GJR-skewt-AR1-expanding-refit21-horizon5,1,0.02130393242,0.0004538575366,-0.05560589028,-0.04422606534,-0.03548304863,,,0.003838556625,0.0003227475254,True,
2025-05-27,2025-05-19,UKX,GJR-skewt-h5,GJR-skewt-AR1-expanding-refit21-horizon5,1,0.02053137597,0.0004215373992,-0.0535349189,-0.04256776694,-0.03414180315,,,0.009017398537,0.0003251075101,True,
2025-05-28,2025-05-20,UKX,GJR-skewt-h5,GJR-skewt-AR1-expanding-refit21-horizon5,1,0.01990264136,0.0003961151331,-0.05196435649,-0.04133305284,-0.03316511827,,,-0.006294565309,0.0003237013805,True,
2025-05-29,2025-05-21,UKX,GJR-skewt-h5,GJR-skewt-AR1-expanding-refit21-horizon5,1,0.01869483233,0.000349496756,-0.04870877549,-0.03870109335,-0.03101819334,,,-0.007998671452,0.0003423345739,True,
2025-05-30,2025-05-22,UKX,GJR-skewt-h5,GJR-skewt-AR1-expanding-refit21-horizon5,1,0.01863351662,0.0003472079417,-0.04848906892,-0.03851421018,-0.03085650871,,,0.003780401109,0.0003722927238,True,
2025-06-02,2025-05-23,UKX,GJR-skewt-h5,GJR-skewt-AR1-expanding-refit21-horizon5,1,0.01813020318,0.0003287042673,-0.04719609656,-0.03749067062,-0.03003981277,,,0.00643711805,0.0002803138703,True,
2025-06-03,2025-05-27,UKX,GJR-skewt-h5,GJR-skewt-AR1-expanding-refit21-horizon5,1,0.01759886435,0.0003097200265,-0.04589175593,-0.03647076528,-0.02923826848,,,0.001013417739,0.0002791466388,True,
2025-06-04,2025-05-28,UKX,GJR-skewt-h5,GJR-skewt-AR1-expanding-refit21-horizon5,1,0.01775945937,0.000315398397,-0.04618811659,-0.03668115653,-0.02938266098,,,0.00859234099,0.0002912299461,True,
2025-06-05,2025-05-29,UKX,GJR-skewt-h5,GJR-skewt-AR1-expanding-refit21-horizon5,1,0.01721549941,0.00029637342,-0.04480714915,-0.03559138069,-0.02851643301,,,0.01078315968,0.0002767194644,True,
2025-06-06,2025-05-30,UKX,GJR-skewt-h5,GJR-skewt-AR1-expanding-refit21-horizon5,1,0.0167398925,0.000280224001,-0.04363129144,-0.03467012397,-0.02779063353,,,0.007438862386,0.000230997596,True,
2025-06-09,2025-06-02,UKX,GJR-skewt-h5,GJR-skewt-AR1-expanding-refit21-horizon5,1,0.0162346634,0.0002635642956,-0.04224408662,-0.03355337744,-0.02688151789,,,0.006588462405,0.0001680030362,True,
2025-06-10,2025-06-03,UKX,GJR-skewt-h5,GJR-skewt-AR1-expanding-refit21-horizon5,1,0.01576787887,0.0002486260039,-0.04103026264,-0.03258943167,-0.02610940368,,,0.007494279492,0.0001691666592,True,
2025-06-11,2025-06-04,UKX,GJR-skewt-h5,GJR-skewt-AR1-expanding-refit21-horizon5,1,0.01533539476,0.0002351743325,-0.03989624768,-0.03168693328,-0.02538464062,,,0.007143883759,0.0001602271516,True,
2025-06-12,2025-06-05,UKX,GJR-skewt-h5,GJR-skewt-AR1-expanding-refit21-horizon5,1,0.01493195636,0.0002229633206,-0.03883162533,-0.03083827881,-0.02470178474,,,0.008352309742,0.0001544728358,True,
2025-06-13,2025-06-06,UKX,GJR-skewt-h5,GJR-skewt-AR1-expanding-refit21-horizon5,1,0.01457235102,0.0002123534143,-0.03790628184,-0.03010543856,-0.02411672929,,,0.001435873046,0.0001741324997,True,
2025-06-16,2025-06-09,UKX,GJR-skewt-h5,GJR-skewt-AR1-expanding-refit21-horizon5,1,0.01423525108,0.0002026423734,-0.03698499711,-0.02936460953,-0.02351443614,,,0.00484545802,0.0001742461551,True,
2025-06-17,2025-06-10,UKX,GJR-skewt-h5,GJR-skewt-AR1-expanding-refit21-horizon5,1,0.01392184909,0.000193817882,-0.03619115291,-0.0287385351,-0.02301715859,,,-0.002159722831,0.0001579348038,True,
2025-06-18,2025-06-11,UKX,GJR-skewt-h5,GJR-skewt-AR1-expanding-refit21-horizon5,1,0.013625795,0.0001856622893,-0.03540314113,-0.02810900642,-0.02250929744,,,-0.002360573557,0.0001521099025,True,
2025-06-19,2025-06-12,UKX,GJR-skewt-h5,GJR-skewt-AR1-expanding-refit21-horizon5,1,0.01335995841,0.0001784884887,-0.0347151257,-0.02756329813,-0.02207283837,,,-0.01053380392,0.0001605025944,True,
2025-06-20,2025-06-13,UKX,GJR-skewt-h5,GJR-skewt-AR1-expanding-refit21-horizon5,1,0.01351546955,0.0001826679171,-0.03506311203,-0.02782803653,-0.02227366732,,,-0.008612606199,0.0001568348807,True,
2025-06-23,2025-06-16,UKX,GJR-skewt-h5,GJR-skewt-AR1-expanding-refit21-horizon5,1,0.01326246855,0.0001758930722,-0.03446365596,-0.02736401648,-0.02191362152,,,-0.01329332391,0.0001660432538,True,
2025-06-24,2025-06-17,UKX,GJR-skewt-h5,GJR-skewt-AR1-expanding-refit21-horizon5,1,0.0136051179,0.0001850992331,-0.03529086743,-0.02800780155,-0.0224165901,,,-0.008526169994,0.0001691780222,True,
2025-06-25,2025-06-18,UKX,GJR-skewt-h5,GJR-skewt-AR1-expanding-refit21-horizon5,1,0.01333278936,0.0001777632721,-0.03463169784,-0.02749441435,-0.02201512009,,,-0.01420113449,0.0001720064378,True,
2025-06-26,2025-06-19,UKX,GJR-skewt-h5,GJR-skewt-AR1-expanding-refit21-horizon5,1,0.0140014219,0.0001960398152,-0.03631978987,-0.02882457529,-0.02307049723,,,-0.006412861061,0.0001607200906,True,
2025-06-27,2025-06-20,UKX,GJR-skewt-h5,GJR-skewt-AR1-expanding-refit21-horizon5,1,0.01368883072,0.0001873840866,-0.03554134741,-0.02820543497,-0.02257653965,,,0.002754155152,0.0001386928524,True,
2025-06-30,2025-06-23,UKX,GJR-skewt-h5,GJR-skewt-AR1-expanding-refit21-horizon5,1,0.01350764575,0.0001824564936,-0.0350658451,-0.02782703059,-0.02227263917,,,0.0003424853047,0.0001304744739,True,
2025-07-01,2025-06-24,UKX,GJR-skewt-h5,GJR-skewt-AR1-expanding-refit21-horizon5,1,0.01323147229,0.0001750718591,-0.03435993258,-0.0272691208,-0.02182829287,,,0.002998104796,0.0001293998141,True,
2025-07-02,2025-06-25,UKX,GJR-skewt-h5,GJR-skewt-AR1-expanding-refit21-horizon5,1,0.01358634647,0.0001845888103,-0.03524654472,-0.0279655541,-0.02237880067,,,0.006391011549,0.000150562375,True,
2025-07-03,2025-06-26,UKX,GJR-skewt-h5,GJR-skewt-AR1-expanding-refit21-horizon5,1,0.01331108104,0.0001771848783,-0.03458651655,-0.02745304205,-0.02197947873,,,0.009978052461,0.0001556024129,True,
2025-07-04,2025-06-27,UKX,GJR-skewt-h5,GJR-skewt-AR1-expanding-refit21-horizon5,1,0.01317134899,0.0001734844343,-0.03427061064,-0.02721201923,-0.02179591422,,,0.00272390037,0.0001465346211,True,
2025-07-07,2025-06-30,UKX,GJR-skewt-h5,GJR-skewt-AR1-expanding-refit21-horizon5,1,0.01344697627,0.0001808211707,-0.03488320709,-0.02767690565,-0.02214746174,,,0.005180031505,0.0001460761349,True,
2025-07-08,2025-07-01,UKX,GJR-skewt-h5,GJR-skewt-AR1-expanding-refit21-horizon5,1,0.01319219775,0.0001740340815,-0.03428240965,-0.02721264529,-0.02178796719,,,0.007812096761,0.0001318837484,True,
2025-07-09,2025-07-02,UKX,GJR-skewt-h5,GJR-skewt-AR1-expanding-refit21-horizon5,1,0.01298776633,0.0001686820743,-0.03370705046,-0.02674684191,-0.02140622673,,,0.01046391744,0.0001096473247,True,
2025-07-10,2025-07-03,UKX,GJR-skewt-h5,GJR-skewt-AR1-expanding-refit21-horizon5,1,0.01282613122,0.0001645096421,-0.03334736125,-0.02647377376,-0.02119962351,,,0.01713630938,0.0001003185283,True,
2025-07-11,2025-07-04,UKX,GJR-skewt-h5,GJR-skewt-AR1-expanding-refit21-horizon5,1,0.0126080914,0.0001589639688,-0.03272111128,-0.02596437242,-0.0207798809,,,0.01330792191,0.0001110292983,True,
2025-07-14,2025-07-07,UKX,GJR-skewt-h5,GJR-skewt-AR1-expanding-refit21-horizon5,1,0.01252041276,0.0001567607356,-0.03247317837,-0.02576342693,-0.02061498919,,,0.0215233153,0.0001114560332,True,
2025-07-15,2025-07-08,UKX,GJR-skewt-h5,GJR-skewt-AR1-expanding-refit21-horizon5,1,0.0123988471,0.0001537314094,-0.03222398028,-0.02557937648,-0.02048092696,,,0.009453447949,0.0001208091538,True,
2025-07-16,2025-07-09,UKX,GJR-skewt-h5,GJR-skewt-AR1-expanding-refit21-horizon5,1,0.01222330601,0.0001494092099,-0.03172469602,-0.02517416556,-0.02014789915,,,0.006699019108,0.0001338398229,True,
2025-07-17,2025-07-10,UKX,GJR-skewt-h5,GJR-skewt-AR1-expanding-refit21-horizon5,1,0.01242646871,0.0001544171246,-0.03236200944,-0.02570260308,-0.02059279546,,,-0.000345501921,0.0001381050282,True,
2025-07-18,2025-07-11,UKX,GJR-skewt-h5,GJR-skewt-AR1-expanding-refit21-horizon5,1,0.01267608191,0.0001606830527,-0.0328627388,-0.02606956348,-0.02085711404,,,0.005687790212,0.000136054029,True,
2025-07-21,2025-07-14,UKX,GJR-skewt-h5,GJR-skewt-AR1-expanding-refit21-horizon5,1,0.01256636028,0.0001579134108,-0.03267317513,-0.02593880018,-0.02077146865,,,0.00165457909,0.0001344714319,True,
2025-07-22,2025-07-15,UKX,GJR-skewt-h5,GJR-skewt-AR1-expanding-refit21-horizon5,1,0.01363852376,0.0001860093304,-0.03536363255,-0.02805467986,-0.02244647094,,,0.009520117093,0.0001348026654,True,
2025-07-23,2025-07-16,UKX,GJR-skewt-h5,GJR-skewt-AR1-expanding-refit21-horizon5,1,0.01340975924,0.0001798216429,-0.0348144792,-0.02762812256,-0.02211398241,,,0.01499912976,0.0001184103875,True,
2025-07-24,2025-07-17,UKX,GJR-skewt-h5,GJR-skewt-AR1-expanding-refit21-horizon5,1,0.01320112696,0.0001742697531,-0.03432874392,-0.02725419435,-0.02182584453,,,0.01830991266,0.0001176548657,True,
2025-07-25,2025-07-18,UKX,GJR-skewt-h5,GJR-skewt-AR1-expanding-refit21-horizon5,1,0.01296164004,0.0001680041126,-0.03367103846,-0.02672483113,-0.02139495917,,,0.0141563063,0.0001206277429,True,
2025-07-28,2025-07-21,UKX,GJR-skewt-h5,GJR-skewt-AR1-expanding-refit21-horizon5,1,0.01272867726,0.0001620192248,-0.03302807955,-0.02620761577,-0.02097451686,,,0.007560429231,0.0001287057922,True,
2025-07-29,2025-07-22,UKX,GJR-skewt-h5,GJR-skewt-AR1-expanding-refit21-horizon5,1,0.01252001194,0.000156750699,-0.03246838083,-0.02575972711,-0.02061241609,,,0.01238995838,0.0001282956415,True,
2025-07-30,2025-07-23,UKX,GJR-skewt-h5,GJR-skewt-AR1-expanding-refit21-horizon5,1,0.0123687983,0.0001529871715,-0.03210216325,-0.025474535,-0.02038939194,,,0.008286532974,0.0001345839835,True,
2025-07-31,2025-07-24,UKX,GJR-skewt-h5,GJR-skewt-AR1-expanding-refit21-horizon5,1,0.01236815239,0.0001529711934,-0.03214499822,-0.02551771608,-0.02043283858,,,-0.0006130507153,0.0001541649416,True,
2025-08-01,2025-07-25,UKX,GJR-skewt-h5,GJR-skewt-AR1-expanding-refit21-horizon5,1,0.0123059942,0.0001514374932,-0.03187323989,-0.02527926425,-0.02021994163,,,-0.00568482282,0.0001895446401,True,
2025-08-04,2025-07-28,UKX,GJR-skewt-h5,GJR-skewt-AR1-expanding-refit21-horizon5,1,0.01270117485,0.0001613198425,-0.03288724895,-0.0260815219,-0.02085972998,,,0.00515104776,0.0001914497018,True,
2025-08-05,2025-07-29,UKX,GJR-skewt-h5,GJR-skewt-AR1-expanding-refit21-horizon5,1,0.0125781546,0.0001582099731,-0.03267130897,-0.02593150041,-0.02076028539,,,0.0007002998257,0.0001971409944,True,
2025-08-06,2025-07-30,UKX,GJR-skewt-h5,GJR-skewt-AR1-expanding-refit21-horizon5,1,0.01237946534,0.0001532511622,-0.03208749867,-0.02545415466,-0.0203646261,,,0.002994277334,0.0001935016811,True,
2025-08-07,2025-07-31,UKX,GJR-skewt-h5,GJR-skewt-AR1-expanding-refit21-horizon5,1,0.01220697164,0.0001490101566,-0.03162913445,-0.02508821851,-0.0200696067,,,-0.003510007189,0.0001877450766,True,
2025-08-08,2025-08-01,UKX,GJR-skewt-h5,GJR-skewt-AR1-expanding-refit21-horizon5,1,0.01351393607,0.0001826264681,-0.03499284739,-0.02775161488,-0.02219567512,,,0.002983941732,0.0001454525459,True,
2025-08-11,2025-08-04,UKX,GJR-skewt-h5,GJR-skewt-AR1-expanding-refit21-horizon5,1,0.01333124607,0.0001777221219,-0.03465467552,-0.02751133461,-0.02203050358,,,0.0001534001537,0.0001360645111,True,
2025-08-12,2025-08-05,UKX,GJR-skewt-h5,GJR-skewt-AR1-expanding-refit21-horizon5,1,0.01307351098,0.0001709166894,-0.0339259476,-0.02692071003,-0.02154584078,,,0.0005576239177,0.0001258035523,True,
2025-08-13,2025-08-06,UKX,GJR-skewt-h5,GJR-skewt-AR1-expanding-refit21-horizon5,1,0.01284459539,0.0001649836306,-0.03333290588,-0.02645032918,-0.02116957324,,,9.82449057e-05,0.0001224007643,True,
2025-08-14,2025-08-07,UKX,GJR-skewt-h5,GJR-skewt-AR1-expanding-refit21-horizon5,1,0.01398567014,0.0001955989692,-0.03623279257,-0.0287387887,-0.02298890647,,,0.008359868142,9.279465758e-05,True,
2025-08-15,2025-08-08,UKX,GJR-skewt-h5,GJR-skewt-AR1-expanding-refit21-horizon5,1,0.0136818342,0.0001871925872,-0.03550133219,-0.02817013408,-0.02254516692,,,0.004738275085,9.849359266e-05,True,
2025-08-18,2025-08-11,UKX,GJR-skewt-h5,GJR-skewt-AR1-expanding-refit21-horizon5,1,0.01341981639,0.0001800914718,-0.03485784346,-0.02766704353,-0.02214979888,,,0.003062220029,9.995314949e-05,True,
2025-08-19,2025-08-12,UKX,GJR-skewt-h5,GJR-skewt-AR1-expanding-refit21-horizon5,1,0.01315769614,0.0001731249677,-0.03415124316,-0.02710089628,-0.02169141627,,,0.004515510754,9.447199427e-05,True,
2025-08-20,2025-08-13,UKX,GJR-skewt-h5,GJR-skewt-AR1-expanding-refit21-horizon5,1,0.01291699259,0.0001668486974,-0.03351826116,-0.02659689154,-0.02128637118,,,0.01332024434,0.0001018780356,True,
2025-08-21,2025-08-14,UKX,GJR-skewt-h5,GJR-skewt-AR1-expanding-refit21-horizon5,1,0.01269257272,0.0001611014023,-0.03292272226,-0.02612160453,-0.02090334917,,,0.01428101097,0.0001076250879,True,
2025-08-22,2025-08-15,UKX,GJR-skewt-h5,GJR-skewt-AR1-expanding-refit21-horizon5,1,0.01300719859,0.0001691872151,-0.0336919026,-0.02672219749,-0.02137459104,,,0.01977280305,0.0001062162476,True,
2025-08-26,2025-08-18,UKX,GJR-skewt-h5,GJR-skewt-AR1-expanding-refit21-horizon5,1,0.01278026875,0.0001633352694,-0.03316079885,-0.02631269056,-0.02105838102,,,0.01173510468,0.0001141617522,True,
2025-08-27,2025-08-19,UKX,GJR-skewt-h5,GJR-skewt-AR1-expanding-refit21-horizon5,1,0.01254767607,0.0001574441747,-0.03255374092,-0.02582655443,-0.02066542158,,,0.007189066757,0.000126826415,True,
2025-08-28,2025-08-20,UKX,GJR-skewt-h5,GJR-skewt-AR1-expanding-refit21-horizon5,1,0.01263194447,0.0001595660212,-0.03285325798,-0.02608089267,-0.02088509839,,,-0.007706084236,0.0001228763739,True,
2025-08-29,2025-08-21,UKX,GJR-skewt-h5,GJR-skewt-AR1-expanding-refit21-horizon5,1,0.01243730521,0.0001546865609,-0.03225128169,-0.02558326834,-0.02046753343,,,-0.01318110507,0.0001291066856,True,
2025-09-01,2025-08-22,UKX,GJR-skewt-h5,GJR-skewt-AR1-expanding-refit21-horizon5,1,0.01225034144,0.0001500708655,-0.031749818,-0.02518204155,-0.02014320891,,,-0.01351166591,0.0001220320033,True,
2025-09-02,2025-08-26,UKX,GJR-skewt-h5,GJR-skewt-AR1-expanding-refit21-horizon5,1,0.01314515525,0.0001727951066,-0.03402211129,-0.02697459825,-0.02156770918,,,-0.01622226354,0.0001366428676,True,
2025-09-03,2025-08-27,UKX,GJR-skewt-h5,GJR-skewt-AR1-expanding-refit21-horizon5,1,0.0129389775,0.0001674171389,-0.03353282841,-0.02659585345,-0.02127376979,,,-0.008408653445,0.0001483377426,True,
2025-09-04,2025-08-28,UKX,GJR-skewt-h5,GJR-skewt-AR1-expanding-refit21-horizon5,1,0.01322657345,0.0001749422452,-0.03425526134,-0.02716409755,-0.0217237194,,,1.09132726e-05,0.0001546242951,True,
2025-09-05,2025-08-29,UKX,GJR-skewt-h5,GJR-skewt-AR1-expanding-refit21-horizon5,1,0.01328036718,0.0001763681523,-0.03440715495,-0.02728715073,-0.02182464605,,,0.002272338234,0.000155938828,True,
2025-09-08,2025-09-01,UKX,GJR-skewt-h5,GJR-skewt-AR1-expanding-refit21-horizon5,1,0.01301892,0.0001694922779,-0.03376531237,-0.02678547784,-0.02143051208,,,0.002725704216,0.0001570386985,True,
2025-09-09,2025-09-02,UKX,GJR-skewt-h5,GJR-skewt-AR1-expanding-refit21-horizon5,1,0.01482608912,0.0002198129185,-0.03840877393,-0.03046006168,-0.02436176785,,,0.01370449394,0.0001371022335,True,
2025-09-10,2025-09-03,UKX,GJR-skewt-h5,GJR-skewt-AR1-expanding-refit21-horizon5,1,0.01453026194,0.000211128512,-0.03779708802,-0.03000697762,-0.02403036396,,,0.00515127583,0.000128505447,True,
2025-09-11,2025-09-04,UKX,GJR-skewt-h5,GJR-skewt-AR1-expanding-refit21-horizon5,1,0.01420486739,0.0002017782576,-0.03691571433,-0.02930005773,-0.02345728595,,,0.008717462427,0.0001250041405,True,
2025-09-12,2025-09-05,UKX,GJR-skewt-h5,GJR-skewt-AR1-expanding-refit21-horizon5,1,0.01389192662,0.0001929856253,-0.03603801835,-0.02859013871,-0.02287608629,,,0.008122653425,0.0001236490989,True,
2025-09-15,2025-09-08,UKX,GJR-skewt-h5,GJR-skewt-AR1-expanding-refit21-horizon5,1,0.01358242812,0.0001844823536,-0.03525051405,-0.02796856587,-0.02238181693,,,0.00601130641,0.0001225741171,True,
2025-09-16,2025-09-09,UKX,GJR-skewt-h5,GJR-skewt-AR1-expanding-refit21-horizon5,1,0.01330566187,0.0001770406377,-0.03453261961,-0.02739905414,-0.0219261452,,,-0.005076407134,0.0001246169523,True,
2025-09-17,2025-09-10,UKX,GJR-skewt-h5,GJR-skewt-AR1-expanding-refit21-horizon5,1,0.01314344781,0.0001727502204,-0.03406202088,-0.02701542324,-0.02160923648,,,-0.001844438379,0.0001148915641,True,
2025-09-18,2025-09-11,UKX,GJR-skewt-h5,GJR-skewt-AR1-expanding-refit21-horizon5,1,0.01303461349,0.0001699011489,-0.03387979716,-0.02689154888,-0.02153012804,,,-0.007503125818,0.0001198127744,True,
2025-09-19,2025-09-12,UKX,GJR-skewt-h5,GJR-skewt-AR1-expanding-refit21-horizon5,1,0.01286043592,0.0001653908121,-0.03332191175,-0.0264270453,-0.0211372675,,,-0.007199988941,0.0001342353134,True,
2025-09-22,2025-09-15,UKX,GJR-skewt-h5,GJR-skewt-AR1-expanding-refit21-horizon5,1,0.01265072397,0.0001600408169,-0.03278024714,-0.02599781357,-0.02079429487,,,-0.005436742745,0.0001376443288,True,
2025-09-23,2025-09-16,UKX,GJR-skewt-h5,GJR-skewt-AR1-expanding-refit21-horizon5,1,0.01459357582,0.0002129724551,-0.03779679357,-0.0299727387,-0.02397008266,,,0.002996865265,0.0001354768423,True,
2025-09-24,2025-09-17,UKX,GJR-skewt-h5,GJR-skewt-AR1-expanding-refit21-horizon5,1,0.01422712802,0.0002024111717,-0.0369435706,-0.02931597941,-0.02346405134,,,0.004550682677,0.0001415438131,True,
2025-09-25,2025-09-18,UKX,GJR-skewt-h5,GJR-skewt-AR1-expanding-refit21-horizon5,1,0.0138776686,0.0001925896857,-0.03603454702,-0.02859518573,-0.02288778809,,,-0.001529067953,0.0001376960965,True,
2025-09-26,2025-09-19,UKX,GJR-skewt-h5,GJR-skewt-AR1-expanding-refit21-horizon5,1,0.01361054367,0.0001852468989,-0.03529700486,-0.02800084045,-0.0224033019,,,0.007361556364,0.0001234926228,True,
2025-09-29,2025-09-22,UKX,GJR-skewt-h5,GJR-skewt-AR1-expanding-refit21-horizon5,1,0.01332168553,0.0001774673053,-0.03456293488,-0.02742161781,-0.02194287647,,,0.007891397657,0.0001248305521,True,
2025-09-30,2025-09-23,UKX,GJR-skewt-h5,GJR-skewt-AR1-expanding-refit21-horizon5,1,0.01305994259,0.0001705621005,-0.03385995238,-0.02685894708,-0.02148785141,,,0.01368629499,0.0001319617473,True,
2025-10-01,2025-09-24,UKX,GJR-skewt-h5,GJR-skewt-AR1-expanding-refit21-horizon5,1,0.01283402489,0.0001647121948,-0.03330165618,-0.02642175792,-0.02114357427,,,0.02096692183,0.0001390686923,True,
2025-10-02,2025-09-25,UKX,GJR-skewt-h5,GJR-skewt-AR1-expanding-refit21-horizon5,1,0.01306400926,0.000170668338,-0.03383261746,-0.02682943215,-0.02145666401,,,0.02292811862,0.000130843708,True,
2025-10-03,2025-09-26,UKX,GJR-skewt-h5,GJR-skewt-AR1-expanding-refit21-horizon5,1,0.01295448537,0.0001678186911,-0.03366828422,-0.02672381107,-0.02139608626,,,0.02199693554,0.0001247496674,True,
2025-10-06,2025-09-29,UKX,GJR-skewt-h5,GJR-skewt-AR1-expanding-refit21-horizon5,1,0.01272424596,0.0001619064353,-0.03299925941,-0.02617821002,-0.02094517459,,,0.01909646021,0.000117626295,True,
2025-10-07,2025-09-30,UKX,GJR-skewt-h5,GJR-skewt-AR1-expanding-refit21-horizon5,1,0.0125782466,0.0001582122874,-0.03265630606,-0.02591352213,-0.02074053111,,,0.01414478483,0.0001086049818,True,
2025-10-08,2025-10-01,UKX,GJR-skewt-h5,GJR-skewt-AR1-expanding-refit21-horizon5,1,0.01263126197,0.000159548779,-0.03284649428,-0.02607529055,-0.02088049617,,,0.01079224762,0.0001034131638,True,
2025-10-09,2025-10-02,UKX,GJR-skewt-h5,GJR-skewt-AR1-expanding-refit21-horizon5,1,0.01253510488,0.0001571288544,-0.03246419003,-0.02574453295,-0.0205892846,,,0.00862863906,0.0001055375386,True,
2025-10-10,2025-10-03,UKX,GJR-skewt-h5,GJR-skewt-AR1-expanding-refit21-horizon5,1,0.01244401614,0.0001548535377,-0.03231751583,-0.02564668842,-0.02052890168,,,-0.006744618846,0.0001393998686,True,
2025-10-13,2025-10-06,UKX,GJR-skewt-h5,GJR-skewt-AR1-expanding-refit21-horizon5,1,0.01230195237,0.0001513380321,-0.03185915784,-0.02526448615,-0.02020512524,,,-0.003826156026,0.0001624544029,True,
2025-10-14,2025-10-07,UKX,GJR-skewt-h5,GJR-skewt-AR1-expanding-refit21-horizon5,1,0.0121220784,0.0001469447847,-0.03140540733,-0.02490716015,-0.01992177509,,,-0.003252976502,0.0001814172819,True,
2025-10-15,2025-10-08,UKX,GJR-skewt-h5,GJR-skewt-AR1-expanding-refit21-horizon5,1,0.01207638503,0.0001458390753,-0.03135332392,-0.02487957146,-0.01991297847,,,-0.0130815133,0.0001822680566,True,
2025-10-16,2025-10-09,UKX,GJR-skewt-h5,GJR-skewt-AR1-expanding-refit21-horizon5,1,0.01243645627,0.0001546654444,-0.03218205352,-0.02551527871,-0.02040060107,,,-0.007738106438,0.0001958941514,True,
2025-10-17,2025-10-10,UKX,GJR-skewt-h5,GJR-skewt-AR1-expanding-refit21-horizon5,1,0.01436670007,0.0002064020709,-0.03720436418,-0.02950284922,-0.0235943301,,,-0.00776279102,0.0002101865757,True,
2025-10-20,2025-10-13,UKX,GJR-skewt-h5,GJR-skewt-AR1-expanding-refit21-horizon5,1,0.01401957404,0.0001965484562,-0.03640192515,-0.02888649302,-0.02312073465,,,-0.004170624675,0.0001865561239,True,
2025-10-21,2025-10-14,UKX,GJR-skewt-h5,GJR-skewt-AR1-expanding-refit21-horizon5,1,0.01369753373,0.0001876224302,-0.03554979651,-0.02820699959,-0.02257368509,,,-0.002733060872,0.0001622186722,True,
2025-10-22,2025-10-15,UKX,GJR-skewt-h5,GJR-skewt-AR1-expanding-refit21-horizon5,1,0.01365012951,0.0001863260356,-0.03538258027,-0.02806519519,-0.02245137638,,,0.009525008488,0.0001628537639,True,
2025-10-23,2025-10-16,UKX,GJR-skewt-h5,GJR-skewt-AR1-expanding-refit21-horizon5,1,0.01335848829,0.0001784492094,-0.03466081646,-0.02749977064,-0.02200589362,,,0.01498868493,0.0001517797792,True,
2025-10-24,2025-10-17,UKX,GJR-skewt-h5,GJR-skewt-AR1-expanding-refit21-horizon5,1,0.01506224062,0.0002268710926,-0.03900389942,-0.03093553156,-0.02474443469,,,0.03063365315,0.0001037741984,True,
2025-10-27,2025-10-20,UKX,GJR-skewt-h5,GJR-skewt-AR1-expanding-refit21-horizon5,1,0.01471017974,0.000216389388,-0.03823038062,-0.03035060069,-0.0243042129,,,0.02625904692,0.000104856039,True,
2025-10-28,2025-10-21,UKX,GJR-skewt-h5,GJR-skewt-AR1-expanding-refit21-horizon5,1,0.01434457047,0.0002057667021,-0.037240556,-0.02955662143,-0.02366051158,,,0.02820772914,0.0001172687827,True,
2025-10-29,2025-10-22,UKX,GJR-skewt-h5,GJR-skewt-AR1-expanding-refit21-horizon5,1,0.01418174472,0.0002011218834,-0.03688691547,-0.02929020153,-0.02346101864,,,0.02502318958,0.0001087227604,True,
2025-10-30,2025-10-23,UKX,GJR-skewt-h5,GJR-skewt-AR1-expanding-refit21-horizon5,1,0.01394377844,0.0001944289571,-0.03623346288,-0.02876421998,-0.02303284939,,,0.01877120352,0.0001140864155,True,
2025-10-31,2025-10-24,UKX,GJR-skewt-h5,GJR-skewt-AR1-expanding-refit21-horizon5,1,0.01373493973,0.0001886485694,-0.03568841373,-0.02833103915,-0.02268550842,,,0.007405969756,0.000124362305,True,
2025-11-03,2025-10-27,UKX,GJR-skewt-h5,GJR-skewt-AR1-expanding-refit21-horizon5,1,0.01343504451,0.0001805004209,-0.03483441884,-0.02763768869,-0.02211542517,,,0.004918645272,0.0001319626774,True,
2025-11-04,2025-10-28,UKX,GJR-skewt-h5,GJR-skewt-AR1-expanding-refit21-horizon5,1,0.01320250822,0.0001743062234,-0.03426272347,-0.02719055568,-0.02176387253,,,0.001885441279,0.0001565562253,True,
2025-11-05,2025-10-29,UKX,GJR-skewt-h5,GJR-skewt-AR1-expanding-refit21-horizon5,1,0.01303239834,0.0001698434066,-0.03383419607,-0.02685315078,-0.02149638863,,,0.00215018624,0.0001605718151,True,
2025-11-06,2025-10-30,UKX,GJR-skewt-h5,GJR-skewt-AR1-expanding-refit21-horizon5,1,0.01278913078,0.000163561866,-0.03313350276,-0.02628276824,-0.02102599739,,,-0.002492813085,0.0001701565774,True,
2025-11-07,2025-10-31,UKX,GJR-skewt-h5,GJR-skewt-AR1-expanding-refit21-horizon5,1,0.01313601866,0.0001725549863,-0.03399222247,-0.02695567104,-0.02155631738,,,-0.003577362157,0.0001774711138,True,
2025-11-10,2025-11-03,UKX,GJR-skewt-h5,GJR-skewt-AR1-expanding-refit21-horizon5,1,0.01297282553,0.0001682942021,-0.03359363598,-0.02664450198,-0.02131222629,,,0.008805184138,0.0001880416274,True,
2025-11-11,2025-11-04,UKX,GJR-skewt-h5,GJR-skewt-AR1-expanding-refit21-horizon5,1,0.01273826325,0.0001622633505,-0.03301069088,-0.0261872045,-0.02095134195,,,0.01882322996,0.0001589972568,True,
2025-11-12,2025-11-05,UKX,GJR-skewt-h5,GJR-skewt-AR1-expanding-refit21-horizon5,1,0.01261724788,0.0001591949441,-0.03274690693,-0.02598824467,-0.02080212357,,,0.0136427727,0.0001532638941,True,
2025-11-13,2025-11-06,UKX,GJR-skewt-h5,GJR-skewt-AR1-expanding-refit21-horizon5,1,0.0129298813,0.0001671818305,-0.03345267268,-0.02652654254,-0.0212119184,,,0.007358018214,0.0001362144969,True,
2025-11-14,2025-11-07,UKX,GJR-skewt-h5,GJR-skewt-AR1-expanding-refit21-horizon5,1,0.0135710025,0.0001841721089,-0.03512268806,-0.02785312949,-0.02227498257,,,0.001630543889,0.0001592836227,True,
2025-11-17,2025-11-10,UKX,GJR-skewt-h5,GJR-skewt-AR1-expanding-refit21-horizon5,1,0.01354207051,0.0001833876738,-0.03522294976,-0.02796888915,-0.02240263427,,,-0.01148880728,0.0001541674256,True,
2025-11-18,2025-11-11,UKX,GJR-skewt-h5,GJR-skewt-AR1-expanding-refit21-horizon5,1,0.01355899182,0.0001838462592,-0.03527470418,-0.02801157935,-0.02243836924,,,-0.03571237001,0.0001895930752,True,
2025-11-19,2025-11-12,UKX,GJR-skewt-h5,GJR-skewt-AR1-expanding-refit21-horizon5,1,0.01327528902,0.0001762332984,-0.03441861874,-0.02730746457,-0.02185086602,,,-0.04161516537,0.0002182293548,True,
2025-11-20,2025-11-13,UKX,GJR-skewt-h5,GJR-skewt-AR1-expanding-refit21-horizon5,1,0.01584856608,0.0002511770467,-0.04104872936,-0.03255915173,-0.02604484816,,,-0.02896444545,0.0002394296143,True,
2025-11-21,2025-11-14,UKX,GJR-skewt-h5,GJR-skewt-AR1-expanding-refit21-horizon5,1,0.01821178894,0.0003316692563,-0.04724695329,-0.0374914716,-0.03000580249,,,-0.0164989049,0.0002544192805,True,
2025-11-24,2025-11-17,UKX,GJR-skewt-h5,GJR-skewt-AR1-expanding-refit21-horizon5,1,0.01773816161,0.0003146423772,-0.04604676537,-0.03656256086,-0.02928019554,,,-0.01462782981,0.0002816626646,True,
2025-11-25,2025-11-18,UKX,GJR-skewt-h5,GJR-skewt-AR1-expanding-refit21-horizon5,1,0.02039034572,0.0004157661987,-0.05290558337,-0.0420033144,-0.03363210041,,,0.005970249714,0.0002997876568,True,
2025-11-26,2025-11-19,UKX,GJR-skewt-h5,GJR-skewt-AR1-expanding-refit21-horizon5,1,0.02005770792,0.0004023116472,-0.05211177809,-0.04138736323,-0.03315271299,,,0.01918900673,0.0003161259035,True,
2025-11-27,2025-11-20,UKX,GJR-skewt-h5,GJR-skewt-AR1-expanding-refit21-horizon5,1,0.0193045973,0.0003726674769,-0.05020217008,-0.03988042689,-0.03195496466,,,0.01729349617,0.00029154699,True,
2025-11-28,2025-11-21,UKX,GJR-skewt-h5,GJR-skewt-AR1-expanding-refit21-horizon5,1,0.01859775504,0.0003458764926,-0.04833842897,-0.03839461877,-0.03075934915,,,0.01877499861,0.0002411068734,True,
2025-12-01,2025-11-24,UKX,GJR-skewt-h5,GJR-skewt-AR1-expanding-refit21-horizon5,1,0.01794365162,0.0003219746335,-0.04660441466,-0.03701033916,-0.02964361034,,,0.01742479193,0.0002255180327,True,
2025-12-02,2025-11-25,UKX,GJR-skewt-h5,GJR-skewt-AR1-expanding-refit21-horizon5,1,0.01743429489,0.0003039546384,-0.04534878373,-0.03602705006,-0.02886943659,,,0.009559222712,0.0001752531633,True,
2025-12-03,2025-11-26,UKX,GJR-skewt-h5,GJR-skewt-AR1-expanding-refit21-horizon5,1,0.01698743937,0.0002885730962,-0.04418295366,-0.0351001438,-0.02812598594,,,5.158973943e-05,0.0001399058933,True,
2025-12-04,2025-11-27,UKX,GJR-skewt-h5,GJR-skewt-AR1-expanding-refit21-horizon5,1,0.01643916248,0.000270246063,-0.04266297513,-0.03387331686,-0.02712425292,,,0.001752144177,0.0001445222179,True,
2025-12-05,2025-11-28,UKX,GJR-skewt-h5,GJR-skewt-AR1-expanding-refit21-horizon5,1,0.01594418597,0.0002542170661,-0.04138836118,-0.03286335595,-0.02631750359,,,-0.005519033996,0.0001414238524,True,
2025-12-08,2025-12-01,UKX,GJR-skewt-h5,GJR-skewt-AR1-expanding-refit21-horizon5,1,0.0155590904,0.0002420852942,-0.04033266221,-0.0320135591,-0.02562580692,,,-0.005933610429,0.0001240480963,True,
2025-12-09,2025-12-02,UKX,GJR-skewt-h5,GJR-skewt-AR1-expanding-refit21-horizon5,1,0.01511643576,0.0002285066301,-0.03918830839,-0.03110588297,-0.02489986174,,,-0.006182859221,0.0001295193176,True,
2025-12-10,2025-12-03,UKX,GJR-skewt-h5,GJR-skewt-AR1-expanding-refit21-horizon5,1,0.01473651592,0.0002171649014,-0.03818208125,-0.03030279061,-0.02425274468,,,-0.003783379168,0.0001287534976,True,
2025-12-11,2025-12-04,UKX,GJR-skewt-h5,GJR-skewt-AR1-expanding-refit21-horizon5,1,0.01436326367,0.0002063033433,-0.03723120871,-0.02955148783,-0.02365467983,,,-0.0007932581141,0.0001363508289,True,
2025-12-12,2025-12-05,UKX,GJR-skewt-h5,GJR-skewt-AR1-expanding-refit21-horizon5,1,0.01455558921,0.0002118651773,-0.03767265269,-0.02989009957,-0.02391433272,,,-0.001863740445,0.0001463875087,True,
2025-12-15,2025-12-08,UKX,GJR-skewt-h5,GJR-skewt-AR1-expanding-refit21-horizon5,1,0.01433805075,0.0002055796992,-0.03712385554,-0.02945761545,-0.02357115857,,,0.01095061563,0.0001449167308,True,
2025-12-16,2025-12-09,UKX,GJR-skewt-h5,GJR-skewt-AR1-expanding-refit21-horizon5,1,0.01399387574,0.0001958285582,-0.03623959061,-0.02875737332,-0.02301221677,,,0.004429070037,0.0001471060987,True,
2025-12-17,2025-12-10,UKX,GJR-skewt-h5,GJR-skewt-AR1-expanding-refit21-horizon5,1,0.01367594956,0.0001870315963,-0.03542200513,-0.02810977597,-0.02249514335,,,0.01222877093,0.0001690772309,True,
2025-12-18,2025-12-11,UKX,GJR-skewt-h5,GJR-skewt-AR1-expanding-refit21-horizon5,1,0.01343478193,0.0001804933656,-0.03482358541,-0.02764030327,-0.02212468151,,,0.0137763409,0.0001771081629,True,
2025-12-19,2025-12-12,UKX,GJR-skewt-h5,GJR-skewt-AR1-expanding-refit21-horizon5,1,0.01401727139,0.0001964838973,-0.03624929994,-0.02875457351,-0.02299981192,,,0.02541785285,0.0001798344544,True,
2025-12-22,2025-12-15,UKX,GJR-skewt-h5,GJR-skewt-AR1-expanding-refit21-horizon5,1,0.013938511,0.000194282089,-0.03620068196,-0.02874806698,-0.0230256403,,,0.01169391335,0.0001769686813,True,
2025-12-23,2025-12-16,UKX,GJR-skewt-h5,GJR-skewt-AR1-expanding-refit21-horizon5,1,0.01480871097,0.0002192979207,-0.03831077909,-0.03039399929,-0.02431549284,,,0.02088564627,0.0001731517757,True,
2025-12-24,2025-12-17,UKX,GJR-skewt-h5,GJR-skewt-AR1-expanding-refit21-horizon5,1,0.01459944252,0.0002131437219,-0.03791750545,-0.03011260117,-0.02411999279,,,0.009814320568,,True,
2025-12-29,2025-12-18,UKX,GJR-skewt-h5,GJR-skewt-AR1-expanding-refit21-horizon5,1,0.0143211319,0.0002050948189,-0.03716069426,-0.02950457565,-0.02362620495,,,0.002913091617,,True,
2025-12-30,2025-12-19,UKX,GJR-skewt-h5,GJR-skewt-AR1-expanding-refit21-horizon5,1,0.01405340965,0.0001974983228,-0.03645390039,-0.02894090687,-0.02317242767,,,0.00436532445,,True,
2025-12-31,2025-12-22,UKX,GJR-skewt-h5,GJR-skewt-AR1-expanding-refit21-horizon5,1,0.0139976653,0.0001959346339,-0.03621803908,-0.02873484664,-0.02298924873,,,0.006606991586,,True,
2026-01-02,2025-12-23,UKX,GJR-skewt-h5,GJR-skewt-AR1-expanding-refit21-horizon5,1,0.01368560289,0.0001872957265,-0.03545282464,-0.02813646168,-0.02251895549,,,0.006239786238,,True,
2026-01-05,2025-12-24,UKX,GJR-skewt-h5,GJR-skewt-AR1-expanding-refit21-horizon5,1,0.01349030303,0.0001819882759,-0.03489929409,-0.027687339,-0.02214999722,,,0.01347415557,0.0002180129344,True,
2026-01-06,2025-12-29,UKX,GJR-skewt-h5,GJR-skewt-AR1-expanding-refit21-horizon5,1,0.01321620383,0.0001746680436,-0.03419405897,-0.02712863811,-0.02170380537,,,0.02563526484,0.0002256108885,True,
2026-01-07,2025-12-30,UKX,GJR-skewt-h5,GJR-skewt-AR1-expanding-refit21-horizon5,1,0.01308961067,0.0001713379074,-0.0339387961,-0.02694105231,-0.02156818204,,,0.01075607256,0.0002389517227,True,
2026-01-08,2025-12-31,UKX,GJR-skewt-h5,GJR-skewt-AR1-expanding-refit21-horizon5,1,0.01286694231,0.0001655582045,-0.03327256172,-0.02639385707,-0.02111238511,,,0.01134365674,0.00023823349,True,
2026-01-09,2026-01-02,UKX,GJR-skewt-h5,GJR-skewt-AR1-expanding-refit21-horizon5,1,0.0126457871,0.0001599159314,-0.03272055477,-0.02596008034,-0.02076938558,,,0.01728500899,0.0001802651837,True,
2026-01-12,2026-01-05,UKX,GJR-skewt-h5,GJR-skewt-AR1-expanding-refit21-horizon5,1,0.01250571604,0.0001563929337,-0.03238582755,-0.02570023552,-0.02056703549,,,0.0135120998,0.0001521591572,True,
2026-01-13,2026-01-06,UKX,GJR-skewt-h5,GJR-skewt-AR1-expanding-refit21-horizon5,1,0.01265375756,0.0001601175804,-0.03283625831,-0.02607152285,-0.02087755647,,,0.001451148036,0.0001380669277,True,
2026-01-14,2026-01-07,UKX,GJR-skewt-h5,GJR-skewt-AR1-expanding-refit21-horizon5,1,0.01394386116,0.000194431264,-0.03603594019,-0.02858151161,-0.02285799859,,,0.01346364318,0.0001283045971,True,
2026-01-15,2026-01-08,UKX,GJR-skewt-h5,GJR-skewt-AR1-expanding-refit21-horizon5,1,0.01363190994,0.0001858289687,-0.03528571221,-0.02799805365,-0.02240258672,,,0.01914907893,0.0001233775567,True,
2026-01-16,2026-01-09,UKX,GJR-skewt-h5,GJR-skewt-AR1-expanding-refit21-horizon5,1,0.01348260599,0.0001817806642,-0.03497428564,-0.02776644541,-0.02223226302,,,0.01087444379,0.0001189407114,True,
2026-01-19,2026-01-12,UKX,GJR-skewt-h5,GJR-skewt-AR1-expanding-refit21-horizon5,1,0.01320695007,0.0001744235302,-0.03418935265,-0.02712887887,-0.02170784449,,,0.005379628381,0.0001367101985,True,
2026-01-20,2026-01-13,UKX,GJR-skewt-h5,GJR-skewt-AR1-expanding-refit21-horizon5,1,0.01295295293,0.0001677789897,-0.03350420504,-0.02657951887,-0.02126274227,,,-0.001046237292,0.00016304898,True,
2026-01-21,2026-01-14,UKX,GJR-skewt-h5,GJR-skewt-AR1-expanding-refit21-horizon5,1,0.01276657767,0.0001629855053,-0.03306322952,-0.02623818011,-0.02099790465,,,-0.004556610664,0.0001851808509,True,
2026-01-22,2026-01-15,UKX,GJR-skewt-h5,GJR-skewt-AR1-expanding-refit21-horizon5,1,0.01261552172,0.0001591513883,-0.03267374004,-0.02592944557,-0.02075117379,,,-0.008710710823,0.0002078471151,True,
2026-01-23,2026-01-16,UKX,GJR-skewt-h5,GJR-skewt-AR1-expanding-refit21-horizon5,1,0.01241178057,0.000154052297,-0.03208379655,-0.02544842269,-0.02035378019,,,-0.009019225177,0.0002231176509,True,
2026-01-26,2026-01-19,UKX,GJR-skewt-h5,GJR-skewt-AR1-expanding-refit21-horizon5,1,0.01268258877,0.0001608480578,-0.03269919395,-0.02592450349,-0.02072166744,,,-0.004571312769,0.0002140574039,True,
2026-01-27,2026-01-20,UKX,GJR-skewt-h5,GJR-skewt-AR1-expanding-refit21-horizon5,1,0.01378599259,0.0001900535917,-0.03556599329,-0.02820189482,-0.0225464044,,,0.007966759114,0.0001879791434,True,
2026-01-28,2026-01-21,UKX,GJR-skewt-h5,GJR-skewt-AR1-expanding-refit21-horizon5,1,0.01348125338,0.0001817441927,-0.03484381155,-0.0276424964,-0.02211202054,,,0.001606582088,0.0001777858736,True,
2026-01-29,2026-01-22,UKX,GJR-skewt-h5,GJR-skewt-AR1-expanding-refit21-horizon5,1,0.01320212639,0.0001742961412,-0.03411219289,-0.02705997971,-0.02164401138,,,0.002135647638,0.0001956713885,True,
2026-01-30,2026-01-23,UKX,GJR-skewt-h5,GJR-skewt-AR1-expanding-refit21-horizon5,1,0.01295937487,0.0001679453969,-0.03345722795,-0.02653468596,-0.02121830269,,,0.007865705771,0.0001967234699,True,
2026-02-02,2026-01-26,UKX,GJR-skewt-h5,GJR-skewt-AR1-expanding-refit21-horizon5,1,0.01272140682,0.0001618341914,-0.03284473711,-0.02604931112,-0.02083055056,,,0.01880919461,0.0002247722413,True,
2026-02-03,2026-01-27,UKX,GJR-skewt-h5,GJR-skewt-AR1-expanding-refit21-horizon5,1,0.01258422991,0.0001583628423,-0.03253638978,-0.02581423992,-0.02065175407,,,0.01040821416,0.0002444146502,True,
2026-02-04,2026-01-28,UKX,GJR-skewt-h5,GJR-skewt-AR1-expanding-refit21-horizon5,1,0.01317603156,0.0001736078076,-0.03398057347,-0.02694229943,-0.0215370361,,,0.02411976977,0.0002774287919,True,
2026-02-05,2026-01-29,UKX,GJR-skewt-h5,GJR-skewt-AR1-expanding-refit21-horizon5,1,0.01292525706,0.0001670622702,-0.03339103007,-0.02648671288,-0.0211843259,,,0.013417552,0.0003398534364,True,
2026-02-06,2026-01-30,UKX,GJR-skewt-h5,GJR-skewt-AR1-expanding-refit21-horizon5,1,0.01275099194,0.0001625877954,-0.03296684232,-0.02615561277,-0.02092471537,,,0.01420872542,0.0003533010506,True,
2026-02-09,2026-02-02,UKX,GJR-skewt-h5,GJR-skewt-AR1-expanding-refit21-horizon5,1,0.01285378706,0.0001652198419,-0.03329956382,-0.02643342393,-0.02116035642,,,0.004303461946,0.0003366823914,True,
2026-02-10,2026-02-03,UKX,GJR-skewt-h5,GJR-skewt-AR1-expanding-refit21-horizon5,1,0.01281878066,0.0001643211377,-0.03306918198,-0.02622174155,-0.02096303487,,,0.003793254253,0.000326175086,True,
2026-02-11,2026-02-04,UKX,GJR-skewt-h5,GJR-skewt-AR1-expanding-refit21-horizon5,1,0.01276447118,0.0001629317245,-0.03303558111,-0.02621715132,-0.02098072427,,,0.006687623319,0.000322427627,True,
2026-02-12,2026-02-05,UKX,GJR-skewt-h5,GJR-skewt-AR1-expanding-refit21-horizon5,1,0.01471111259,0.0002164168338,-0.0379710289,-0.03011275675,-0.02407775014,,,0.008999867368,0.0002545170924,True,
2026-02-13,2026-02-06,UKX,GJR-skewt-h5,GJR-skewt-AR1-expanding-refit21-horizon5,1,0.01440121523,0.0002073950001,-0.03730394551,-0.02961121202,-0.02370333602,,,0.007359741455,0.0002813005444,True,
2026-02-16,2026-02-09,UKX,GJR-skewt-h5,GJR-skewt-AR1-expanding-refit21-horizon5,1,0.01405056851,0.0001974184755,-0.03634196887,-0.02883654122,-0.02307251261,,,0.008389351015,0.0002691447227,True,
2026-02-17,2026-02-10,UKX,GJR-skewt-h5,GJR-skewt-AR1-expanding-refit21-horizon5,1,0.01399400055,0.0001958320515,-0.0361473356,-0.02867212499,-0.02293130252,,,0.0193597993,0.0002857375712,True,
2026-02-18,2026-02-11,UKX,GJR-skewt-h5,GJR-skewt-AR1-expanding-refit21-horizon5,1,0.01395704436,0.0001947990871,-0.03619271379,-0.02873724417,-0.02301158241,,,0.02023866663,0.0002649250698,True,
2026-02-19,2026-02-12,UKX,GJR-skewt-h5,GJR-skewt-AR1-expanding-refit21-horizon5,1,0.01477638566,0.0002183415731,-0.03816499142,-0.03027185219,-0.02421006832,,,0.02136134615,0.0002413072063,True,
2026-02-20,2026-02-13,UKX,GJR-skewt-h5,GJR-skewt-AR1-expanding-refit21-horizon5,1,0.0144269592,0.0002081371517,-0.0373553686,-0.02964888339,-0.02373044632,,,0.02276127005,0.0002213056379,True,
2026-02-23,2026-02-16,UKX,GJR-skewt-h5,GJR-skewt-AR1-expanding-refit21-horizon5,1,0.01408349947,0.0001983449572,-0.03643847944,-0.02891546097,-0.02313792296,,,0.01994545818,0.0002273628809,True,
2026-02-24,2026-02-17,UKX,GJR-skewt-h5,GJR-skewt-AR1-expanding-refit21-horizon5,1,0.01389903424,0.0001931831528,-0.0359709752,-0.02855521314,-0.02285776115,,,0.01171559219,0.0001990330037,True,
2026-02-25,2026-02-18,UKX,GJR-skewt-h5,GJR-skewt-AR1-expanding-refit21-horizon5,1,0.01392805507,0.000193990718,-0.03609375664,-0.02866251067,-0.02295316254,,,0.01118538008,0.000200545773,True,
2026-02-26,2026-02-19,UKX,GJR-skewt-h5,GJR-skewt-AR1-expanding-refit21-horizon5,1,0.01440507707,0.0002075062455,-0.03715575354,-0.0294699948,-0.02356510719,,,0.02046297138,0.0001951885311,True,
2026-02-27,2026-02-20,UKX,GJR-skewt-h5,GJR-skewt-AR1-expanding-refit21-horizon5,1,0.01411667234,0.0001992804381,-0.03651810864,-0.02898622683,-0.02319956126,,,0.02071602917,0.0001744617685,True,
2026-03-02,2026-02-23,UKX,GJR-skewt-h5,GJR-skewt-AR1-expanding-refit21-horizon5,1,0.01378606344,0.0001900555452,-0.03558917196,-0.02823368492,-0.0225825416,,,0.008888976274,0.0002328054403,True,
2026-03-03,2026-02-24,UKX,GJR-skewt-h5,GJR-skewt-AR1-expanding-refit21-horizon5,1,0.01348703125,0.000181900012,-0.03480304994,-0.02760711008,-0.02207854516,,,-0.01856918866,0.0003950599273,True,
2026-03-04,2026-02-25,UKX,GJR-skewt-h5,GJR-skewt-AR1-expanding-refit21-horizon5,1,0.01352475964,0.0001829191234,-0.0350304556,-0.02781438593,-0.0222703555,,,-0.02233639009,0.0004796631198,True,
2026-03-05,2026-02-26,UKX,GJR-skewt-h5,GJR-skewt-AR1-expanding-refit21-horizon5,1,0.0132737403,0.0001761921816,-0.03428729728,-0.02720515776,-0.02176402446,,,-0.04071941409,0.0005661534062,True,
2026-03-06,2026-02-27,UKX,GJR-skewt-h5,GJR-skewt-AR1-expanding-refit21-horizon5,1,0.01309192226,0.0001713984285,-0.03383332171,-0.02684819032,-0.02148158734,,,-0.05906769936,0.0006689682657,True,
2026-03-09,2026-03-02,UKX,GJR-skewt-h5,GJR-skewt-AR1-expanding-refit21-horizon5,1,0.01645941632,0.0002709123857,-0.04247458648,-0.03369274503,-0.02694574861,,,-0.05047288179,0.0007964462377,True,
2026-03-10,2026-03-03,UKX,GJR-skewt-h5,GJR-skewt-AR1-expanding-refit21-horizon5,1,0.02875305765,0.0008267383241,-0.07454754667,-0.05920649273,-0.04742012235,,,-0.006881572759,0.000700425201,True,
2026-03-11,2026-03-04,UKX,GJR-skewt-h5,GJR-skewt-AR1-expanding-refit21-horizon5,1,0.02751975767,0.0007573370625,-0.07169324879,-0.05701021605,-0.04572939644,,,-0.02044861348,0.0006676141574,True,
2026-03-12,2026-03-05,UKX,GJR-skewt-h5,GJR-skewt-AR1-expanding-refit21-horizon5,1,0.02911979316,0.0008479623539,-0.07564935072,-0.06011262684,-0.0481759253,,,-0.01049284904,0.0006870121475,True,
2026-03-13,2026-03-06,UKX,GJR-skewt-h5,GJR-skewt-AR1-expanding-refit21-horizon5,1,0.02984442611,0.0008906897697,-0.07757297191,-0.06164962365,-0.04941588266,,,-0.002297248167,0.0006398014342,True,
2026-03-16,2026-03-09,UKX,GJR-skewt-h5,GJR-skewt-AR1-expanding-refit21-horizon5,1,0.02865402413,0.0008210530986,-0.07454705012,-0.05925883504,-0.04751306019,,,0.006631961501,0.0004976137203,True,
2026-03-17,2026-03-10,UKX,GJR-skewt-h5,GJR-skewt-AR1-expanding-refit21-horizon5,1,0.02764186759,0.0007640728439,-0.07209641716,-0.05734823327,-0.04601735871,,,-0.000826351192,0.0004431237916,True,
2026-03-18,2026-03-11,UKX,GJR-skewt-h5,GJR-skewt-AR1-expanding-refit21-horizon5,1,0.02683179109,0.0007199450134,-0.06974489765,-0.05542892614,-0.04443011579,,,-0.004695276173,0.0004473116496,True,
2026-03-19,2026-03-12,UKX,GJR-skewt-h5,GJR-skewt-AR1-expanding-refit21-horizon5,1,0.02598202851,0.0006750658053,-0.06752610816,-0.05366352333,-0.04301304522,,,-0.02373362395,0.0005200756485,True,
2026-03-20,2026-03-13,UKX,GJR-skewt-h5,GJR-skewt-AR1-expanding-refit21-horizon5,1,0.02513553899,0.0006317953201,-0.06531065961,-0.05189971515,-0.04159622757,,,-0.0339882945,0.0006524960724,True,
2026-03-23,2026-03-16,UKX,GJR-skewt-h5,GJR-skewt-AR1-expanding-refit21-horizon5,1,0.02409146148,0.0005803985161,-0.06267627605,-0.04982239406,-0.03994689172,,,-0.04191213883,0.001881349986,True,
2026-03-24,2026-03-17,UKX,GJR-skewt-h5,GJR-skewt-AR1-expanding-refit21-horizon5,1,0.02316727978,0.0005367228524,-0.06028228973,-0.04792150038,-0.03842483594,,,-0.04305281933,0.002083873297,True,
2026-03-25,2026-03-18,UKX,GJR-skewt-h5,GJR-skewt-AR1-expanding-refit21-horizon5,1,0.02363770553,0.0005587411225,-0.06136593241,-0.04873710889,-0.03903838699,,,-0.01944986174,0.002142188397,True,
2026-03-26,2026-03-19,UKX,GJR-skewt-h5,GJR-skewt-AR1-expanding-refit21-horizon5,1,0.03051275852,0.0009310284325,-0.07926062971,-0.06295869879,-0.05043909282,,,-0.009113775526,0.002032482947,True,
2026-03-27,2026-03-20,UKX,GJR-skewt-h5,GJR-skewt-AR1-expanding-refit21-horizon5,1,0.03175460079,0.001008354671,-0.08261201957,-0.06564661449,-0.05261747163,,,0.004938290857,0.001938223772,True,
2026-03-30,2026-03-23,UKX,GJR-skewt-h5,GJR-skewt-AR1-expanding-refit21-horizon5,1,0.0303542583,0.0009213809969,-0.07906008781,-0.06284283818,-0.050388266,,,0.02335511882,0.0006934240854,True,
2026-03-31,2026-03-24,UKX,GJR-skewt-h5,GJR-skewt-AR1-expanding-refit21-horizon5,1,0.02900547055,0.0008413173219,-0.07561798538,-0.06012134725,-0.04822019245,,,0.02098209733,0.000602617224,True,
2026-04-01,2026-03-25,UKX,GJR-skewt-h5,GJR-skewt-AR1-expanding-refit21-horizon5,1,0.02791741336,0.0007793819687,-0.07283347123,-0.05791814512,-0.04646342807,,,0.02520698583,0.0005727006489,True,
2026-04-02,2026-03-26,UKX,GJR-skewt-h5,GJR-skewt-AR1-expanding-refit21-horizon5,1,0.02900155143,0.0008410899851,-0.07539998213,-0.05990543785,-0.0480058911,,,0.04548885413,0.0005931119157,True,
2026-04-07,2026-03-27,UKX,GJR-skewt-h5,GJR-skewt-AR1-expanding-refit21-horizon5,1,0.0276835459,0.0007663787135,-0.07207242159,-0.05728204292,-0.04592328339,,,0.03755074576,0.0005687741747,True,
2026-04-08,2026-03-30,UKX,GJR-skewt-h5,GJR-skewt-AR1-expanding-refit21-horizon5,1,0.02675288956,0.0007157171,-0.06979694984,-0.05550378925,-0.04452688476,,,0.04638944283,0.000707911782,True,
2026-04-09,2026-03-31,UKX,GJR-skewt-h5,GJR-skewt-AR1-expanding-refit21-horizon5,1,0.02559364735,0.0006550347845,-0.06664210667,-0.05296828984,-0.04246703083,,,0.04110299468,0.0006127127016,True,
2026-04-10,2026-04-01,UKX,GJR-skewt-h5,GJR-skewt-AR1-expanding-refit21-horizon5,1,0.02492521877,0.0006212665307,-0.06502527668,-0.05170857854,-0.04148158063,,,0.02248573815,,True,
2026-04-13,2026-04-02,UKX,GJR-skewt-h5,GJR-skewt-AR1-expanding-refit21-horizon5,1,0.02391529154,0.0005719411695,-0.06225964957,-0.04948252126,-0.03966990381,,,0.01395884481,,True,
2026-04-14,2026-04-07,UKX,GJR-skewt-h5,GJR-skewt-AR1-expanding-refit21-horizon5,1,0.02401416587,0.0005766801624,-0.06236453676,-0.04953458325,-0.03968139694,,,0.02484153403,,True,
2026-04-15,2026-04-08,UKX,GJR-skewt-h5,GJR-skewt-AR1-expanding-refit21-horizon5,1,0.02385603688,0.0005691104955,-0.06228553179,-0.04954006124,-0.0397517564,,,-0.004657946395,,True,
2026-04-16,2026-04-09,UKX,GJR-skewt-h5,GJR-skewt-AR1-expanding-refit21-horizon5,1,0.02284773402,0.0005220189498,-0.05938399603,-0.04717722746,-0.03780263659,,,-0.001273975683,,True,
2026-04-17,2026-04-10,UKX,GJR-skewt-h5,GJR-skewt-AR1-expanding-refit21-horizon5,1,0.02190383666,0.0004797780604,-0.05690969512,-0.04520721886,-0.03621991592,,,0.006309903928,0.0002215902528,True,
2026-04-20,2026-04-13,UKX,GJR-skewt-h5,GJR-skewt-AR1-expanding-refit21-horizon5,1,0.021072106,0.0004440336513,-0.05471357465,-0.04345546384,-0.03480942602,,,0.002463146519,0.0002018839462,True,
2026-04-21,2026-04-14,UKX,GJR-skewt-h5,GJR-skewt-AR1-expanding-refit21-horizon5,1,0.02024947553,0.0004100412593,-0.0525967499,-0.04177814263,-0.03346963605,,,-0.01051783537,0.000201194033,True,
2026-04-22,2026-04-15,UKX,GJR-skewt-h5,GJR-skewt-AR1-expanding-refit21-horizon5,1,0.01989289051,0.0003957270929,-0.0515890026,-0.04096090659,-0.03279870944,,,-0.007900708191,0.0002117263028,True,
2026-04-23,2026-04-16,UKX,GJR-skewt-h5,GJR-skewt-AR1-expanding-refit21-horizon5,1,0.01915254423,0.0003668199505,-0.04972279417,-0.03949024004,-0.03163181233,,,-0.012638549,0.0002248680854,True,
2026-04-24,2026-04-17,UKX,GJR-skewt-h5,GJR-skewt-AR1-expanding-refit21-horizon5,1,0.01854343779,0.0003438590852,-0.04816935104,-0.03826222181,-0.03065371488,,,-0.02741694254,0.0002339596846,True,
2026-04-27,2026-04-20,UKX,GJR-skewt-h5,GJR-skewt-AR1-expanding-refit21-horizon5,1,0.01848164817,0.0003415713191,-0.04786646011,-0.03799493557,-0.03041379122,,,-0.0275217809,0.0002564377024,True,
2026-04-28,2026-04-21,UKX,GJR-skewt-h5,GJR-skewt-AR1-expanding-refit21-horizon5,1,0.02003141438,0.000401257562,-0.05188327797,-0.04118398336,-0.03296712724,,,-0.01587096807,0.0002821485158,True,
2026-04-29,2026-04-22,UKX,GJR-skewt-h5,GJR-skewt-AR1-expanding-refit21-horizon5,1,0.01936675053,0.0003750710263,-0.05022176894,-0.03987748842,-0.0319332764,,,-0.02546348184,0.0003069195492,True,
2026-04-30,2026-04-23,UKX,GJR-skewt-h5,GJR-skewt-AR1-expanding-refit21-horizon5,1,0.01872702085,0.0003507013101,-0.04854545573,-0.03854287132,-0.03086107546,,,-0.007506364803,0.0003210819466,True,
2026-05-01,2026-04-24,UKX,GJR-skewt-h5,GJR-skewt-AR1-expanding-refit21-horizon5,1,0.01919060411,0.000368279286,-0.04970707532,-0.03945687914,-0.03158492213,,,-0.001465479699,0.0002853917771,True,
2026-05-05,2026-04-27,UKX,GJR-skewt-h5,GJR-skewt-AR1-expanding-refit21-horizon5,1,0.01913694327,0.0003662225976,-0.04958449703,-0.03936296249,-0.03151301707,,,-0.009931825622,0.0002940579321,True,
2026-05-06,2026-04-28,UKX,GJR-skewt-h5,GJR-skewt-AR1-expanding-refit21-horizon5,1,0.01843652004,0.0003399052712,-0.04781246553,-0.03796504509,-0.03040241223,,,0.01019678864,0.0003235882441,True,
2026-05-07,2026-04-29,UKX,GJR-skewt-h5,GJR-skewt-AR1-expanding-refit21-horizon5,1,0.02042832798,0.0004173165839,-0.05291350007,-0.04200220369,-0.0336225342,,,0.006237216838,0.00030624274,True,
2026-05-08,2026-04-30,UKX,GJR-skewt-h5,GJR-skewt-AR1-expanding-refit21-horizon5,1,0.02005081116,0.0004020350283,-0.05219254366,-0.04148288873,-0.03325807607,,,-0.01413771956,0.0003110846311,True,
2026-05-11,2026-05-01,UKX,GJR-skewt-h5,GJR-skewt-AR1-expanding-refit21-horizon5,1,0.01932346125,0.0003733961549,-0.0501142558,-0.0397930972,-0.03186664238,,,-0.009160013882,0.0003319966526,True,
2026-05-12,2026-05-05,UKX,GJR-skewt-h5,GJR-skewt-AR1-expanding-refit21-horizon5,1,0.02222061506,0.0004937557338,-0.05759178175,-0.04572317864,-0.03660831568,,,0.004510776946,0.0003136459636,True,
2026-05-13,2026-05-06,UKX,GJR-skewt-h5,GJR-skewt-AR1-expanding-refit21-horizon5,1,0.02197582834,0.0004829370314,-0.05729267031,-0.0455548141,-0.03654036228,,,-0.01091315505,0.0002707910501,True,
2026-05-14,2026-05-07,UKX,GJR-skewt-h5,GJR-skewt-AR1-expanding-refit21-horizon5,1,0.02491415274,0.0006207150069,-0.06464285112,-0.05133556013,-0.04111581205,,,0.009288284946,0.000262294467,True,
2026-05-15,2026-05-08,UKX,GJR-skewt-h5,GJR-skewt-AR1-expanding-refit21-horizon5,1,0.02415199308,0.0005833187696,-0.06275346906,-0.04985326718,-0.03994615586,,,-0.003690849822,0.0002752585412,True,
2026-05-18,2026-05-11,UKX,GJR-skewt-h5,GJR-skewt-AR1-expanding-refit21-horizon5,1,0.02313827262,0.00053537966,-0.06017009195,-0.0478113443,-0.03832005958,,,0.005283253308,0.0003218780001,True,
2026-05-19,2026-05-12,UKX,GJR-skewt-h5,GJR-skewt-AR1-expanding-refit21-horizon5,1,0.02217632012,0.0004917891739,-0.05760831457,-0.04576337053,-0.03666667729,,,0.006341069887,0.0003523346373,True,
2026-05-20,2026-05-13,UKX,GJR-skewt-h5,GJR-skewt-AR1-expanding-refit21-horizon5,1,0.02132216325,0.0004546346457,-0.05542813679,-0.04403941995,-0.03529310058,,,0.01029982744,0.0003857392031,True,
2026-05-21,2026-05-14,UKX,GJR-skewt-h5,GJR-skewt-AR1-expanding-refit21-horizon5,1,0.0205062784,0.0004205074537,-0.05327568596,-0.04232275425,-0.03391110962,,,0.006783101724,0.0004670550393,True,
2026-05-22,2026-05-15,UKX,GJR-skewt-h5,GJR-skewt-AR1-expanding-refit21-horizon5,1,0.02466243795,0.0006082358455,-0.06396651644,-0.05079367281,-0.04067717776,,,0.0262238772,0.0004354036035,True,
2026-05-26,2026-05-18,UKX,GJR-skewt-h5,GJR-skewt-AR1-expanding-refit21-horizon5,1,0.02380563502,0.0005667082588,-0.06200793505,-0.04929273194,-0.03952769616,,,0.01610402019,0.0003868754974,True,
2026-05-27,2026-05-19,UKX,GJR-skewt-h5,GJR-skewt-AR1-expanding-refit21-horizon5,1,0.02279825638,0.0005197604939,-0.05925012878,-0.04707299256,-0.037721182,,,0.01674100735,0.0003480759164,True,
2026-05-28,2026-05-20,UKX,GJR-skewt-h5,GJR-skewt-AR1-expanding-refit21-horizon5,1,0.02199333614,0.0004837068347,-0.05722708788,-0.04549290304,-0.03647807469,,,-0.000604057881,0.0003469161771,True,
2026-05-29,2026-05-21,UKX,GJR-skewt-h5,GJR-skewt-AR1-expanding-refit21-horizon5,1,0.0211036901,0.0004453657359,-0.05480057187,-0.04354104313,-0.03489087098,,,-0.003280156235,0.0002894252339,True,
2026-06-01,2026-05-22,UKX,GJR-skewt-h5,GJR-skewt-AR1-expanding-refit21-horizon5,1,0.02027727755,0.000411167985,-0.0526452619,-0.04182665205,-0.03351521739,,,-0.01223740103,0.0003321514085,True,
2026-06-02,2026-05-26,UKX,GJR-skewt-h5,GJR-skewt-AR1-expanding-refit21-horizon5,1,0.01950758251,0.0003805457756,-0.05062911381,-0.04022116216,-0.03222521709,,,-0.01130143376,0.0003138129496,True,
2026-06-03,2026-05-27,UKX,GJR-skewt-h5,GJR-skewt-AR1-expanding-refit21-horizon5,1,0.01878342716,0.000352817136,-0.04871829837,-0.03869670797,-0.03099758627,,,-0.01657644187,0.0003221818643,True,
2026-06-04,2026-05-28,UKX,GJR-skewt-h5,GJR-skewt-AR1-expanding-refit21-horizon5,1,0.01925144629,0.0003706181841,-0.04985082976,-0.03957953541,-0.03168857778,,,-0.006321510743,0.000304636737,True,
2026-06-05,2026-05-29,UKX,GJR-skewt-h5,GJR-skewt-AR1-expanding-refit21-horizon5,1,0.01860578526,0.000346175245,-0.04822138056,-0.0382945681,-0.03066825987,,,-0.003965872067,0.0002867235727,True,
2026-06-08,2026-06-01,UKX,GJR-skewt-h5,GJR-skewt-AR1-expanding-refit21-horizon5,1,0.01888838273,0.0003567710023,-0.04890700914,-0.03882942141,-0.03108727957,,,0.003302422802,0.0002699817546,True,
2026-06-09,2026-06-02,UKX,GJR-skewt-h5,GJR-skewt-AR1-expanding-refit21-horizon5,1,0.01822170199,0.0003320304234,-0.04726705368,-0.03754516256,-0.03007628588,,,-0.01419388042,0.0003194813655,True,
2026-06-10,2026-06-03,UKX,GJR-skewt-h5,GJR-skewt-AR1-expanding-refit21-horizon5,1,0.01792259977,0.0003212195826,-0.04640432048,-0.03684201045,-0.0294957325,,,-0.007529022299,0.0003751239699,True,
2026-06-11,2026-06-04,UKX,GJR-skewt-h5,GJR-skewt-AR1-expanding-refit21-horizon5,1,0.01731788809,0.0002999092479,-0.04489019218,-0.03565051619,-0.02855210295,,,-0.005458673402,0.0003899070305,True,
2026-06-12,2026-06-05,UKX,GJR-skewt-h5,GJR-skewt-AR1-expanding-refit21-horizon5,1,0.01674496062,0.0002803937062,-0.04336680487,-0.03443280496,-0.02756922844,,,0.00994265151,0.0004280625142,True,
2026-06-15,2026-06-08,UKX,GJR-skewt-h5,GJR-skewt-AR1-expanding-refit21-horizon5,1,0.01621303336,0.0002628624509,-0.0419690839,-0.03331888507,-0.02667333972,,,0.00551818093,0.0003988090047,True,
2026-06-16,2026-06-09,UKX,GJR-skewt-h5,GJR-skewt-AR1-expanding-refit21-horizon5,1,0.01990333527,0.0003961427549,-0.05148942119,-0.04087032214,-0.03271216233,,,0.02576214476,0.0003541927967,True,
2026-06-17,2026-06-10,UKX,GJR-skewt-h5,GJR-skewt-AR1-expanding-refit21-horizon5,1,0.01915979543,0.0003670977608,-0.04972018466,-0.03949778912,-0.03164439818,,,0.02444806231,0.0002718240226,True,
2026-06-18,2026-06-11,UKX,GJR-skewt-h5,GJR-skewt-AR1-expanding-refit21-horizon5,1,0.01849551426,0.0003420840477,-0.04800059159,-0.03813261241,-0.03055150307,,,0.009254475645,0.0002383623181,True,
2026-06-19,2026-06-12,UKX,GJR-skewt-h5,GJR-skewt-AR1-expanding-refit21-horizon5,1,0.01830325132,0.0003350090089,-0.04761835718,-0.03785295675,-0.03035065388,,,-0.01040569793,0.0001997228426,True,
2026-06-22,2026-06-15,UKX,GJR-skewt-h5,GJR-skewt-AR1-expanding-refit21-horizon5,1,0.01796704218,0.0003228146047,-0.04652136943,-0.03693534789,-0.02957085348,,,0.000699693822,0.0002008518924,True,
2026-06-23,2026-06-16,UKX,GJR-skewt-h5,GJR-skewt-AR1-expanding-refit21-horizon5,1,0.01741249518,0.0003031949886,-0.04517444271,-0.03588429065,-0.02874709899,,,-0.006241905859,0.0002232113654,True,
2026-06-24,2026-06-17,UKX,GJR-skewt-h5,GJR-skewt-AR1-expanding-refit21-horizon5,1,0.01683528759,0.0002834269083,-0.04361030946,-0.03462811707,-0.0277275165,,,-0.004482559106,0.0002574433435,True,
2026-06-25,2026-06-18,UKX,GJR-skewt-h5,GJR-skewt-AR1-expanding-refit21-horizon5,1,0.0186132605,0.0003464534666,-0.04814650526,-0.0382157045,-0.03058633226,,,0.01244188862,0.0002713040276,True,
2026-06-26,2026-06-19,UKX,GJR-skewt-h5,GJR-skewt-AR1-expanding-refit21-horizon5,1,0.01822231562,0.0003320527865,-0.04721165834,-0.03748222478,-0.03001003625,,,0.01386617123,0.0002882539402,True,
2026-06-29,2026-06-22,UKX,GJR-skewt-h5,GJR-skewt-AR1-expanding-refit21-horizon5,1,0.01767466458,0.0003123937681,-0.04589231801,-0.03645529154,-0.02920767116,,,0.00442592993,0.0002936876591,True,
2026-06-30,2026-06-23,UKX,GJR-skewt-h5,GJR-skewt-AR1-expanding-refit21-horizon5,1,0.01709217509,0.0002921424493,-0.04427654013,-0.03515052204,-0.02814175557,,,0.006518155545,0.0002938516034,True,
2026-07-01,2026-06-24,UKX,GJR-skewt-h5,GJR-skewt-AR1-expanding-refit21-horizon5,1,0.01655228172,0.0002739780301,-0.0429042852,-0.03406653215,-0.02727915275,,,0.001595060531,0.0002933510822,True,
2026-07-02,2026-06-25,UKX,GJR-skewt-h5,GJR-skewt-AR1-expanding-refit21-horizon5,1,0.016117525,0.000259774612,-0.04180102634,-0.03319540277,-0.02658629842,,,0.01161332571,0.0002982837512,True,
2026-07-03,2026-06-26,UKX,GJR-skewt-h5,GJR-skewt-AR1-expanding-refit21-horizon5,1,0.01573649276,0.0002476372043,-0.04070755046,-0.03230537128,-0.02585251188,,,0.01614232437,0.0002684214865,True,
2026-07-06,2026-06-29,UKX,GJR-skewt-h5,GJR-skewt-AR1-expanding-refit21-horizon5,1,0.01541673886,0.000237675837,-0.0398668804,-0.03163542729,-0.02531368522,,,0.01585949404,0.0002574221576,True,
2026-07-07,2026-06-30,UKX,GJR-skewt-h5,GJR-skewt-AR1-expanding-refit21-horizon5,1,0.01498672853,0.0002246020321,-0.03877738672,-0.03077552885,-0.02463011554,,,0.01595278173,0.0002402145227,True,
2026-07-08,2026-07-01,UKX,GJR-skewt-h5,GJR-skewt-AR1-expanding-refit21-horizon5,1,0.01467664717,0.0002154039721,-0.0379310023,-0.03009470605,-0.02407644377,,,0.001020655126,0.000287613473,True,
2026-07-09,2026-07-02,UKX,GJR-skewt-h5,GJR-skewt-AR1-expanding-refit21-horizon5,1,0.01489831517,0.000221959795,-0.03871310871,-0.03075845735,-0.02464929856,,,-0.01707941832,0.0002859318985,True,
2026-07-10,2026-07-03,UKX,GJR-skewt-h5,GJR-skewt-AR1-expanding-refit21-horizon5,1,0.0145201898,0.0002108359119,-0.0375671077,-0.02981434867,-0.02386024284,,,-0.01716113305,0.0002999348434,True,
2026-07-13,2026-07-06,UKX,GJR-skewt-h5,GJR-skewt-AR1-expanding-refit21-horizon5,1,0.01433580363,0.0002055152658,-0.03702874854,-0.02937443873,-0.02349594174,,,-0.01451555292,0.0003236644611,True,
2026-07-14,2026-07-07,UKX,GJR-skewt-h5,GJR-skewt-AR1-expanding-refit21-horizon5,1,0.01399148533,0.0001957616618,-0.03616812575,-0.02869765767,-0.02296035082,,,-0.01288039161,0.0003519828712,True,
2026-07-15,2026-07-08,UKX,GJR-skewt-h5,GJR-skewt-AR1-expanding-refit21-horizon5,1,0.01984680929,0.000393895839,-0.05132747203,-0.04073067322,-0.03259234965,,,0.00256134561,0.0003015930406,True,
2026-07-16,2026-07-09,UKX,GJR-skewt-h5,GJR-skewt-AR1-expanding-refit21-horizon5,1,0.01916343279,0.0003672371562,-0.04970115164,-0.03946922776,-0.03161112753,,,0.009475158591,0.0003205814762,True,
2026-07-17,2026-07-10,UKX,GJR-skewt-h5,GJR-skewt-AR1-expanding-refit21-horizon5,1,0.0184685742,0.0003410882329,-0.04792187351,-0.0380609552,-0.03048778661,,,0.009773709906,0.0003595199803,True,
2026-07-20,2026-07-13,UKX,GJR-skewt-h5,GJR-skewt-AR1-expanding-refit21-horizon5,1,0.01781301398,0.0003173034671,-0.04617762289,-0.03666672758,-0.02936237606,,,0.002521037764,0.0003734047233,True,
2026-07-21,2026-07-14,UKX,GJR-skewt-h5,GJR-skewt-AR1-expanding-refit21-horizon5,1,0.01721889732,0.0002964904248,-0.0446507674,-0.03545708856,-0.02839635876,,,0.005351582289,0.0003859778942,True,
2026-07-22,2026-07-15,UKX,GJR-skewt-h5,GJR-skewt-AR1-expanding-refit21-horizon5,1,0.01669263162,0.0002786439504,-0.04322402802,-0.03431133801,-0.02746640715,,,0.01894283114,0.0004342649715,True,
2026-07-23,2026-07-16,UKX,GJR-skewt-h5,GJR-skewt-AR1-expanding-refit21-horizon5,1,0.0162185827,0.0002630424247,-0.04205327793,-0.03339369667,-0.0267431529,,,0.006317378547,0.0004901658951,True,
2026-07-24,2026-07-17,UKX,GJR-skewt-h5,GJR-skewt-AR1-expanding-refit21-horizon5,1,0.01573928706,0.000247725157,-0.04076688215,-0.03236321102,-0.02590920579,,,0.01272945362,0.0004716749971,True,
2026-07-27,2026-07-20,UKX,GJR-skewt-h5,GJR-skewt-AR1-expanding-refit21-horizon5,1,0.01648366766,0.0002717112994,-0.04262913928,-0.03380849821,-0.02704007742,,,0.02412515084,0.000464794966,True,
2026-07-28,2026-07-21,UKX,GJR-skewt-h5,GJR-skewt-AR1-expanding-refit21-horizon5,1,0.01603595144,0.0002571517386,-0.04159864412,-0.03301758225,-0.0264329999,,,0.02657572943,0.0004470209444,True,
2026-07-29,2026-07-22,UKX,GJR-skewt-h5,GJR-skewt-AR1-expanding-refit21-horizon5,1,0.01586544678,0.0002517124015,-0.04122392745,-0.03273410501,-0.02621953422,,,0.01770190467,0.0004162691098,True,
2026-07-30,2026-07-23,UKX,GJR-skewt-h5,GJR-skewt-AR1-expanding-refit21-horizon5,1,0.01659773192,0.000275484705,-0.04292703306,-0.0340453546,-0.02723009746,,,0.02396972372,0.0003859352093,True,
2026-07-31,2026-07-24,UKX,GJR-skewt-h5,GJR-skewt-AR1-expanding-refit21-horizon5,1,0.01623544089,0.0002635895409,-0.04215881171,-0.03347100025,-0.02680450479,,,0.0122106303,0.0003986518593,True,
2026-08-03,2026-07-27,UKX,GJR-skewt-h5,GJR-skewt-AR1-expanding-refit21-horizon5,1,0.01577970058,0.0002489989503,-0.04090889784,-0.0324649594,-0.02598559718,,,0.007015013402,0.0003845403841,True,
2026-08-04,2026-07-28,UKX,GJR-skewt-h5,GJR-skewt-AR1-expanding-refit21-horizon5,1,0.01546087176,0.0002390385556,-0.04011685372,-0.03184352503,-0.02549507831,,,0.0007724354741,0.0003586550545,True,
2026-08-05,2026-07-29,UKX,GJR-skewt-h5,GJR-skewt-AR1-expanding-refit21-horizon5,1,0.01505188259,0.0002265591696,-0.03898999151,-0.03093551865,-0.02475500851,,,-0.001844369608,0.0003693022141,True,
2026-08-06,2026-07-30,UKX,GJR-skewt-h5,GJR-skewt-AR1-expanding-refit21-horizon5,1,0.01467892154,0.0002154707375,-0.03796160161,-0.03010670542,-0.02407933822,,,-0.00270150861,0.000308383126,True,
2026-08-07,2026-07-31,UKX,GJR-skewt-h5,GJR-skewt-AR1-expanding-refit21-horizon5,1,0.01450425174,0.0002103733184,-0.03748466082,-0.02972323288,-0.02376758751,,,0.003031808836,0.0002544402813,True,
2026-08-10,2026-08-03,UKX,GJR-skewt-h5,GJR-skewt-AR1-expanding-refit21-horizon5,1,0.01417577617,0.0002009526301,-0.03664192533,-0.02905626926,-0.02323550048,,,0.0004419673884,0.0002308163245,True,
2026-08-11,2026-08-04,UKX,GJR-skewt-h5,GJR-skewt-AR1-expanding-refit21-horizon5,1,0.01385076888,0.0001918437985,-0.03582198966,-0.02841024954,-0.02272293323,,,-0.00324073633,0.0002229756497,True,
2026-08-12,2026-08-05,UKX,GJR-skewt-h5,GJR-skewt-AR1-expanding-refit21-horizon5,1,0.01354528922,0.0001834748601,-0.03500719968,-0.027758926,-0.02219704383,,,-0.005073290351,0.0001855600356,True,
2026-08-13,2026-08-06,UKX,GJR-skewt-h5,GJR-skewt-AR1-expanding-refit21-horizon5,1,0.01337040447,0.0001787677157,-0.03451822939,-0.02736353898,-0.0218734669,,,-0.008798352317,0.0001772778993,True,
2026-08-14,2026-08-07,UKX,GJR-skewt-h5,GJR-skewt-AR1-expanding-refit21-horizon5,1,0.0131243071,0.0001722474368,-0.03392735937,-0.02690435911,-0.021515338,,,-0.01394864522,0.0001863634387,True,
2026-08-17,2026-08-10,UKX,GJR-skewt-h5,GJR-skewt-AR1-expanding-refit21-horizon5,1,0.01324358019,0.0001753924163,-0.03416676836,-0.02707994339,-0.02164194711,,,-0.01317736799,0.0001970210207,True,
2026-08-18,2026-08-11,UKX,GJR-skewt-h5,GJR-skewt-AR1-expanding-refit21-horizon5,1,0.01308142125,0.0001711235819,-0.03376198949,-0.02676193805,-0.02139052646,,,-0.01077324639,0.00019251982,True,
2026-08-19,2026-08-12,UKX,GJR-skewt-h5,GJR-skewt-AR1-expanding-refit21-horizon5,1,0.01287598197,0.0001657909118,-0.03323036244,-0.02634024443,-0.02105318903,,,-0.008323861598,0.0001926260547,True,
2026-08-20,2026-08-13,UKX,GJR-skewt-h5,GJR-skewt-AR1-expanding-refit21-horizon5,1,0.01355942695,0.0001838580592,-0.03497271236,-0.02771687338,-0.02214918607,,,-0.002276857394,0.0002022593468,True,
2026-08-21,2026-08-14,UKX,GJR-skewt-h5,GJR-skewt-AR1-expanding-refit21-horizon5,1,0.01341754,0.0001800303797,-0.03463941416,-0.02745950087,-0.02195007429,,,0.006166934502,0.0001994968108,True,
