Date,OriginDate,Code,Model,Spec,Horizon,SigmaHat,VarHat,VaR_01,VaR_025,VaR_05,ES_01,ES_025,Realized,RVProxy,Valid,Reason
2013-09-30,2013-09-27,NKY,GJR-skewt,GJR-skewt-AR1-expanding-refit21,1,0.01060162076,0.0001123943628,-0.02702721784,-0.02165616878,-0.01751310715,,,-0.02082987775,,True,
2013-10-01,2013-09-30,NKY,GJR-skewt,GJR-skewt-AR1-expanding-refit21,1,0.01291212843,0.0001667230606,-0.03256223931,-0.02602062866,-0.02097463192,,,0.001998577087,,True,
2013-10-02,2013-10-01,NKY,GJR-skewt,GJR-skewt-AR1-expanding-refit21,1,0.01241238,0.0001540671772,-0.03172665549,-0.02543823003,-0.02058753254,,,-0.02193263262,,True,
2013-10-03,2013-10-02,NKY,GJR-skewt,GJR-skewt-AR1-expanding-refit21,1,0.01449989937,0.0002102470819,-0.03658397634,-0.0292379608,-0.02357147093,,,-0.0009347890694,,True,
2013-10-04,2013-10-03,NKY,GJR-skewt,GJR-skewt-AR1-expanding-refit21,1,0.0139019598,0.0001932644862,-0.03546334005,-0.02842025581,-0.02298743781,,,-0.009434638689,,True,
2013-10-07,2013-10-04,NKY,GJR-skewt,GJR-skewt-AR1-expanding-refit21,1,0.01379403648,0.0001902754425,-0.03502587032,-0.02803746275,-0.02264682066,,,-0.0122672842,,True,
2013-10-08,2013-10-07,NKY,GJR-skewt,GJR-skewt-AR1-expanding-refit21,1,0.01403018286,0.000196846031,-0.03557294344,-0.02846489816,-0.02298197122,,,0.002976082864,,True,
2013-10-09,2013-10-08,NKY,GJR-skewt,GJR-skewt-AR1-expanding-refit21,1,0.0134621617,0.0001812297975,-0.03441835653,-0.02759808513,-0.02233713808,,,0.01025550887,,True,
2013-10-10,2013-10-09,NKY,GJR-skewt,GJR-skewt-AR1-expanding-refit21,1,0.01303609949,0.0001699398898,-0.03347281574,-0.02686839822,-0.0217739542,,,0.01111282796,,True,
2013-10-11,2013-10-10,NKY,GJR-skewt,GJR-skewt-AR1-expanding-refit21,1,0.01266498306,0.0001604017958,-0.03254427271,-0.02612787216,-0.02117845863,,,0.01468797788,0.0001408486612,True,
2013-10-15,2013-10-11,NKY,GJR-skewt,GJR-skewt-AR1-expanding-refit21,1,0.01242653597,0.0001544187962,-0.03200555158,-0.02570995434,-0.02085372477,,,0.002551443695,,True,
2013-10-16,2013-10-15,NKY,GJR-skewt,GJR-skewt-AR1-expanding-refit21,1,0.01196591955,0.0001431832308,-0.03060044207,-0.02453820475,-0.01986198182,,,0.001771067857,,True,
2013-10-17,2013-10-16,NKY,GJR-skewt,GJR-skewt-AR1-expanding-refit21,1,0.01153132277,0.0001329714049,-0.02947892056,-0.02363686096,-0.01913047633,,,0.008217266613,,True,
2013-10-18,2013-10-17,NKY,GJR-skewt,GJR-skewt-AR1-expanding-refit21,1,0.0112071055,0.0001255992137,-0.02877675472,-0.02309895178,-0.01871926968,,,-0.001713304065,,True,
2013-10-21,2013-10-18,NKY,GJR-skewt,GJR-skewt-AR1-expanding-refit21,1,0.01083544201,0.0001174068036,-0.02764035854,-0.02215084972,-0.01791641189,,,0.009026195069,,True,
2013-10-22,2013-10-21,NKY,GJR-skewt,GJR-skewt-AR1-expanding-refit21,1,0.01058241626,0.0001119875338,-0.02720162901,-0.02184030944,-0.01770475284,,,0.001338444125,5.763812113e-05,True,
2013-10-23,2013-10-22,NKY,GJR-skewt,GJR-skewt-AR1-expanding-refit21,1,0.01024484782,0.0001049569069,-0.02619497034,-0.02100467147,-0.01700103497,,,-0.01971286148,,True,
2013-10-24,2013-10-23,NKY,GJR-skewt,GJR-skewt-AR1-expanding-refit21,1,0.0123773913,0.0001531998153,-0.03122204926,-0.02495134996,-0.02011432588,,,0.004175392738,,True,
2013-10-25,2013-10-24,NKY,GJR-skewt,GJR-skewt-AR1-expanding-refit21,1,0.0119276154,0.0001422680092,-0.03053398998,-0.02449115852,-0.01982990467,,,-0.02787409133,,True,
2013-10-28,2013-10-25,NKY,GJR-skewt,GJR-skewt-AR1-expanding-refit21,1,0.01553017031,0.0002411861898,-0.03909358218,-0.03122560534,-0.02515649063,,,0.02161628326,,True,
2013-10-29,2013-10-28,NKY,GJR-skewt,GJR-skewt-AR1-expanding-refit21,1,0.01526303774,0.0002329603209,-0.0393605533,-0.03162791258,-0.02566319196,,,-0.004878466605,,True,
2013-10-30,2013-10-29,NKY,GJR-skewt,GJR-skewt-AR1-expanding-refit21,1,0.01468980548,0.000215790385,-0.03744614523,-0.02999088991,-0.02423992041,,,0.01223597343,0.0001003722532,True,
2013-10-31,2013-10-30,NKY,GJR-skewt,GJR-skewt-AR1-expanding-refit21,1,0.01421850253,0.0002021658141,-0.036577788,-0.02936172468,-0.02379526741,,,-0.01209917121,0.0001894832502,True,
2013-11-01,2013-10-31,NKY,GJR-skewt,GJR-skewt-AR1-expanding-refit21,1,0.01433342801,0.0002054471585,-0.03639712268,-0.02912273327,-0.02351128338,,,-0.008858963452,0.0002165335539,True,
2013-11-05,2013-11-01,NKY,GJR-skewt,GJR-skewt-AR1-expanding-refit21,1,0.01415183603,0.000200274463,-0.03599726853,-0.02881503926,-0.02327468152,,,0.00167445495,0.0002162596515,True,
2013-11-06,2013-11-05,NKY,GJR-skewt,GJR-skewt-AR1-expanding-refit21,1,0.01357400621,0.0001842536446,-0.03472926384,-0.02784029025,-0.02252614937,,,0.00783820176,0.0003595254793,True,
2013-11-07,2013-11-06,NKY,GJR-skewt,GJR-skewt-AR1-expanding-refit21,1,0.01309665003,0.0001715222421,-0.03363234175,-0.02698563224,-0.0218583734,,,-0.007622391648,0.0001288319468,True,
2013-11-08,2013-11-07,NKY,GJR-skewt,GJR-skewt-AR1-expanding-refit21,1,0.01288658559,0.0001660640881,-0.03279593041,-0.02625583117,-0.02121081128,,,-0.01000463356,0.00011518139,True,
2013-11-11,2013-11-08,NKY,GJR-skewt,GJR-skewt-AR1-expanding-refit21,1,0.01295278702,0.0001677746915,-0.03291832694,-0.02634462966,-0.02127369232,,,0.01291003268,7.904798351e-05,True,
2013-11-12,2013-11-11,NKY,GJR-skewt,GJR-skewt-AR1-expanding-refit21,1,0.01262759772,0.0001594562241,-0.03253533606,-0.02612667631,-0.0211830486,,,0.02209765639,0.0001641772993,True,
2013-11-13,2013-11-12,NKY,GJR-skewt,GJR-skewt-AR1-expanding-refit21,1,0.01269594392,0.000161186992,-0.0328883849,-0.02644503862,-0.02147465379,,,-0.001476173145,0.0001270369069,True,
2013-11-14,2013-11-13,NKY,GJR-skewt,GJR-skewt-AR1-expanding-refit21,1,0.0122158835,0.0001492278096,-0.03120578531,-0.02500607555,-0.02022363146,,,0.02100705649,0.0005567519249,True,
2013-11-15,2013-11-14,NKY,GJR-skewt,GJR-skewt-AR1-expanding-refit21,1,0.01226338636,0.0001503906451,-0.03176447282,-0.02554065477,-0.0207396136,,,0.01927405242,0.0002184426009,True,
2013-11-18,2013-11-15,NKY,GJR-skewt,GJR-skewt-AR1-expanding-refit21,1,0.01224750102,0.0001500012812,-0.031690248,-0.02547449196,-0.0206796698,,,-0.0001068314055,0.000285677258,True,
2013-11-19,2013-11-18,NKY,GJR-skewt,GJR-skewt-AR1-expanding-refit21,1,0.01179248927,0.0001390628033,-0.03015311057,-0.02416827853,-0.0195515907,,,-0.00249185796,0.0001762356637,True,
2013-11-20,2013-11-19,NKY,GJR-skewt,GJR-skewt-AR1-expanding-refit21,1,0.01140416336,0.000130054942,-0.02911676133,-0.02332900943,-0.01886434883,,,-0.003342723523,9.629617076e-05,True,
2013-11-21,2013-11-20,NKY,GJR-skewt,GJR-skewt-AR1-expanding-refit21,1,0.01107663446,0.0001226918311,-0.02826525668,-0.02264372969,-0.01830729466,,,0.01902183208,0.0002343957754,True,
2013-11-22,2013-11-21,NKY,GJR-skewt,GJR-skewt-AR1-expanding-refit21,1,0.01115235921,0.000124375116,-0.0288935783,-0.02323362008,-0.01886753927,,,0.001048554594,0.0002849868737,True,
2013-11-25,2013-11-22,NKY,GJR-skewt,GJR-skewt-AR1-expanding-refit21,1,0.01077585421,0.000116119034,-0.02758396838,-0.02211509103,-0.01789640964,,,0.01531666353,0.0001220671787,True,
2013-11-26,2013-11-25,NKY,GJR-skewt,GJR-skewt-AR1-expanding-refit21,1,0.01072823586,0.0001150950446,-0.02774027941,-0.02229556896,-0.01809552987,,,-0.006673655848,8.818497907e-05,True,
2013-11-27,2013-11-26,NKY,GJR-skewt,GJR-skewt-AR1-expanding-refit21,1,0.01064439082,0.0001133030559,-0.02709854113,-0.02169638306,-0.01752916879,,,-0.004237734436,0.0001099960394,True,
2013-11-28,2013-11-27,NKY,GJR-skewt,GJR-skewt-AR1-expanding-refit21,1,0.0104259208,0.0001086998246,-0.02658902279,-0.02129774091,-0.01721605632,,,0.01780157123,4.726615391e-05,True,
2013-11-29,2013-11-28,NKY,GJR-skewt,GJR-skewt-AR1-expanding-refit21,1,0.01052185087,0.0001107093458,-0.02719955735,-0.02187729494,-0.0177689421,,,-0.004157514688,0.0001816648831,True,
2013-12-02,2013-11-29,NKY,GJR-skewt,GJR-skewt-AR1-expanding-refit21,1,0.01028468106,0.0001057746646,-0.0261727155,-0.02097042057,-0.01695467285,,,-0.0004342576263,9.168499231e-05,True,
2013-12-03,2013-12-02,NKY,GJR-skewt,GJR-skewt-AR1-expanding-refit21,1,0.009970168227,9.940425447e-05,-0.02544384966,-0.02040064459,-0.01650770129,,,0.006023941911,9.430464847e-05,True,
2013-12-04,2013-12-03,NKY,GJR-skewt,GJR-skewt-AR1-expanding-refit21,1,0.009729361432,9.466047387e-05,-0.02495530374,-0.02003390586,-0.01623498777,,,-0.02193579902,0.0002690502018,True,
2013-12-05,2013-12-04,NKY,GJR-skewt,GJR-skewt-AR1-expanding-refit21,1,0.01248328256,0.0001558323434,-0.03142679821,-0.02511238582,-0.02023817406,,,-0.01506956457,0.0002710660565,True,
2013-12-06,2013-12-05,NKY,GJR-skewt,GJR-skewt-AR1-expanding-refit21,1,0.01333134607,0.000177724788,-0.03371788371,-0.02697449579,-0.02176914988,,,0.0080302766,0.0002599128865,True,
2013-12-09,2013-12-06,NKY,GJR-skewt,GJR-skewt-AR1-expanding-refit21,1,0.01286996604,0.000165636026,-0.03298851543,-0.02647850713,-0.02145331127,,,0.02264063196,7.285404008e-05,True,
2013-12-10,2013-12-09,NKY,GJR-skewt,GJR-skewt-AR1-expanding-refit21,1,0.01293406898,0.0001672901403,-0.03343320974,-0.02689077629,-0.02184055085,,,-0.002488708845,5.711796455e-05,True,
2013-12-11,2013-12-10,NKY,GJR-skewt,GJR-skewt-AR1-expanding-refit21,1,0.01245648769,0.0001551640855,-0.03173330389,-0.02543244513,-0.02056869567,,,-0.006184486623,0.0002089361908,True,
2013-12-12,2013-12-11,NKY,GJR-skewt,GJR-skewt-AR1-expanding-refit21,1,0.01220881235,0.000149055099,-0.03103162345,-0.02485604618,-0.02008900382,,,-0.01122868423,0.0001807019721,True,
2013-12-13,2013-12-12,NKY,GJR-skewt,GJR-skewt-AR1-expanding-refit21,1,0.01249392386,0.0001560981335,-0.03166019452,-0.02534039945,-0.02046203269,,,0.00398700663,0.0002993602298,True,
2013-12-16,2013-12-13,NKY,GJR-skewt,GJR-skewt-AR1-expanding-refit21,1,0.01204009429,0.0001449638706,-0.03079813174,-0.02470789704,-0.02000673219,,,-0.01637685653,0.0002565529797,True,
2013-12-17,2013-12-16,NKY,GJR-skewt,GJR-skewt-AR1-expanding-refit21,1,0.01309796967,0.0001715568096,-0.03309862406,-0.0264732848,-0.02135906283,,,0.008262508901,6.100869763e-05,True,
2013-12-18,2013-12-17,NKY,GJR-skewt,GJR-skewt-AR1-expanding-refit21,1,0.01265647572,0.0001601863777,-0.03244954076,-0.02604752216,-0.02110568555,,,0.02003343264,0.0001991605361,True,
2013-12-19,2013-12-18,NKY,GJR-skewt,GJR-skewt-AR1-expanding-refit21,1,0.01262364883,0.0001593565098,-0.03259278462,-0.02620737083,-0.02127835178,,,0.01726247282,7.865170503e-05,True,
2013-12-20,2013-12-19,NKY,GJR-skewt,GJR-skewt-AR1-expanding-refit21,1,0.01248976177,0.000155994149,-0.03219857716,-0.02588088739,-0.02100414576,,,0.000705976531,9.478556512e-05,True,
2013-12-24,2013-12-20,NKY,GJR-skewt,GJR-skewt-AR1-expanding-refit21,1,0.01202097846,0.0001445039232,-0.0306862515,-0.02460568615,-0.01991198525,,,0.001190825635,7.309243028e-05,True,
2013-12-25,2013-12-24,NKY,GJR-skewt,GJR-skewt-AR1-expanding-refit21,1,0.0115843524,0.0001341972205,-0.02958414209,-0.02372443508,-0.01920121882,,,0.007565096954,0.0001013857112,True,
2013-12-26,2013-12-25,NKY,GJR-skewt,GJR-skewt-AR1-expanding-refit21,1,0.01124667239,0.0001264876398,-0.02884738381,-0.0231584853,-0.01876711929,,,0.01021932828,7.49183471e-05,True,
2013-12-27,2013-12-26,NKY,GJR-skewt,GJR-skewt-AR1-expanding-refit21,1,0.01099663914,0.0001209260723,-0.02826205536,-0.02269963104,-0.01840589279,,,0.0002781780395,8.222696672e-05,True,
2013-12-30,2013-12-27,NKY,GJR-skewt,GJR-skewt-AR1-expanding-refit21,1,0.01062967051,0.0001129898952,-0.0271363704,-0.02175956964,-0.01760911764,,,0.006921387337,8.310126529e-05,True,
2014-01-06,2013-12-30,NKY,GJR-skewt,GJR-skewt-AR1-expanding-refit21,1,0.01034720539,0.0001070646594,-0.02653966712,-0.02130710171,-0.01726670391,,,-0.02375437407,0.0002205008662,True,
2014-01-07,2014-01-06,NKY,GJR-skewt,GJR-skewt-AR1-expanding-refit21,1,0.01336441363,0.0001786075516,-0.03365446887,-0.02689610603,-0.02167754261,,,-0.005958408398,0.0002299322733,True,
2014-01-08,2014-01-07,NKY,GJR-skewt,GJR-skewt-AR1-expanding-refit21,1,0.01305402624,0.0001704076012,-0.03319311455,-0.02659171411,-0.0214943514,,,0.01923166724,8.577385397e-05,True,
2014-01-09,2014-01-08,NKY,GJR-skewt,GJR-skewt-AR1-expanding-refit21,1,0.01293465372,0.0001673052667,-0.0333547258,-0.02681369186,-0.02176294197,,,-0.01506945369,0.000152160101,True,
2014-01-10,2014-01-09,NKY,GJR-skewt,GJR-skewt-AR1-expanding-refit21,1,0.01359404547,0.0001847980722,-0.03439960703,-0.02752511972,-0.0222168892,,,0.001996043763,0.0001413825484,True,
2014-01-14,2014-01-10,NKY,GJR-skewt,GJR-skewt-AR1-expanding-refit21,1,0.01305435954,0.0001704163031,-0.0333409668,-0.02673939781,-0.02164190495,,,-0.03125626192,0.0001514063056,True,
2014-01-15,2014-01-14,NKY,GJR-skewt,GJR-skewt-AR1-expanding-refit21,1,0.01714407849,0.0002939194273,-0.04313872843,-0.03446899503,-0.0277745404,,,0.02474132548,0.0001224049761,True,
2014-01-16,2014-01-15,NKY,GJR-skewt,GJR-skewt-AR1-expanding-refit21,1,0.01685469707,0.0002840808134,-0.04343684647,-0.0349134528,-0.02833199641,,,-0.003899765064,0.0001255057825,True,
2014-01-17,2014-01-16,NKY,GJR-skewt,GJR-skewt-AR1-expanding-refit21,1,0.01615770249,0.0002610713498,-0.04113301494,-0.03296209033,-0.0266527978,,,-0.0008093747683,0.0002309582276,True,
2014-01-20,2014-01-17,NKY,GJR-skewt,GJR-skewt-AR1-expanding-refit21,1,0.0154565233,0.0002389041126,-0.03940494884,-0.03158860944,-0.02555311478,,,-0.005914082577,0.0001076025209,True,
2014-01-21,2014-01-20,NKY,GJR-skewt,GJR-skewt-AR1-expanding-refit21,1,0.0149579592,0.0002237405434,-0.03804128295,-0.03047706663,-0.0246362523,,,0.009815082193,0.0001144520106,True,
2014-01-22,2014-01-21,NKY,GJR-skewt,GJR-skewt-AR1-expanding-refit21,1,0.014417394,0.0002078612497,-0.03695570778,-0.02966485442,-0.02403512109,,,0.001581432048,0.0002113466929,True,
2014-01-23,2014-01-22,NKY,GJR-skewt,GJR-skewt-AR1-expanding-refit21,1,0.01382488755,0.0001911275159,-0.03529504287,-0.02830381909,-0.02290544888,,,-0.007936768306,0.0001976869445,True,
2014-01-24,2014-01-23,NKY,GJR-skewt,GJR-skewt-AR1-expanding-refit21,1,0.01358889849,0.0001846581621,-0.03451831985,-0.02764643536,-0.02234021465,,,-0.01957959305,0.0002238499306,True,
2014-01-27,2014-01-24,NKY,GJR-skewt,GJR-skewt-AR1-expanding-refit21,1,0.01498545665,0.0002245639109,-0.03785874263,-0.03028062089,-0.0244290693,,,-0.02538711982,0.0001454931928,True,
2014-01-28,2014-01-27,NKY,GJR-skewt,GJR-skewt-AR1-expanding-refit21,1,0.01728591394,0.0002988028207,-0.04360830243,-0.03486684307,-0.02811700424,,,-0.001705489859,0.0001508645343,True,
2014-01-29,2014-01-28,NKY,GJR-skewt,GJR-skewt-AR1-expanding-refit21,1,0.01653214183,0.0002733117134,-0.04212687659,-0.0337665986,-0.02731109423,,,0.02659549882,0.0001873635899,True,
2014-01-30,2014-01-29,NKY,GJR-skewt,GJR-skewt-AR1-expanding-refit21,1,0.01639692487,0.000268859145,-0.04230564022,-0.03401374123,-0.02761103666,,,-0.02480144005,0.0003275973866,True,
2014-01-31,2014-01-30,NKY,GJR-skewt,GJR-skewt-AR1-expanding-refit21,1,0.0181236599,0.000328467048,-0.0457519992,-0.03658689304,-0.02950992946,,,-0.006184804714,0.0003627248133,True,
2014-02-03,2014-01-31,NKY,GJR-skewt,GJR-skewt-AR1-expanding-refit21,1,0.01747575556,0.0003054020325,-0.04444650463,-0.03560904266,-0.02878507409,,,-0.02000498685,0.0002915346586,True,
2014-02-04,2014-02-03,NKY,GJR-skewt,GJR-skewt-AR1-expanding-refit21,1,0.01830755734,0.0003351666557,-0.04630883761,-0.0370507348,-0.02990196258,,,-0.04266880942,0.0004440575744,True,
2014-02-05,2014-02-04,NKY,GJR-skewt,GJR-skewt-AR1-expanding-refit21,1,0.0238325523,0.0005679905493,-0.05995753403,-0.04791554325,-0.03861200159,,,0.01219718319,0.000445383031,True,
2014-02-06,2014-02-05,NKY,GJR-skewt,GJR-skewt-AR1-expanding-refit21,1,0.02275362188,0.0005177273087,-0.0582518757,-0.0467550414,-0.03787268308,,,-0.001782906015,0.0001958797035,True,
2014-02-07,2014-02-06,NKY,GJR-skewt,GJR-skewt-AR1-expanding-refit21,1,0.02166507928,0.00046937566,-0.05521503281,-0.04426821178,-0.03581078913,,,0.021476476,,True,
2014-02-10,2014-02-07,NKY,GJR-skewt,GJR-skewt-AR1-expanding-refit21,1,0.02093255772,0.0004381719726,-0.05379145402,-0.04321475776,-0.03504329042,,,0.01754144376,,True,
2014-02-12,2014-02-10,NKY,GJR-skewt,GJR-skewt-AR1-expanding-refit21,1,0.02016047242,0.0004064446481,-0.05175098845,-0.04156440752,-0.03369434003,,,0.00553688143,0.0001141931022,True,
2014-02-13,2014-02-12,NKY,GJR-skewt,GJR-skewt-AR1-expanding-refit21,1,0.01923959933,0.0003701621825,-0.04917853862,-0.03945725175,-0.03194666658,,,-0.01808954394,0.0001731040423,True,
2014-02-14,2014-02-13,NKY,GJR-skewt,GJR-skewt-AR1-expanding-refit21,1,0.01954631215,0.0003820583188,-0.04951101491,-0.03963475375,-0.03200443673,,,-0.01537133176,0.0005558973349,True,
2014-02-17,2014-02-14,NKY,GJR-skewt,GJR-skewt-AR1-expanding-refit21,1,0.01954341619,0.0003819451164,-0.04955523378,-0.03968043588,-0.03205124936,,,0.005579314112,0.0003097120943,True,
2014-02-18,2014-02-17,NKY,GJR-skewt,GJR-skewt-AR1-expanding-refit21,1,0.01865470949,0.0003479981862,-0.04769017752,-0.03826442082,-0.03098215979,,,0.03079491407,0.0005369314521,True,
2014-02-19,2014-02-18,NKY,GJR-skewt,GJR-skewt-AR1-expanding-refit21,1,0.01851030035,0.000342631219,-0.04780109947,-0.03844830908,-0.03122242122,,,-0.005181406699,0.0001739603664,True,
2014-02-20,2014-02-19,NKY,GJR-skewt,GJR-skewt-AR1-expanding-refit21,1,0.01774320026,0.0003148211556,-0.045165177,-0.03619998304,-0.02927354895,,,-0.02172550746,0.0004197354293,True,
2014-02-21,2014-02-20,NKY,GJR-skewt,GJR-skewt-AR1-expanding-refit21,1,0.01881409767,0.0003539702711,-0.04757773933,-0.03807144778,-0.0307269662,,,0.02841687828,0.0001713788684,True,
2014-02-24,2014-02-21,NKY,GJR-skewt,GJR-skewt-AR1-expanding-refit21,1,0.01853051053,0.0003433798205,-0.0478074203,-0.03844441822,-0.03121064088,,,-0.001884651977,0.0003596380872,True,
2014-02-25,2014-02-24,NKY,GJR-skewt,GJR-skewt-AR1-expanding-refit21,1,0.01768713082,0.0003128345968,-0.04508499368,-0.0361481302,-0.029243584,,,0.01431440153,0.0001502626113,True,
2014-02-26,2014-02-25,NKY,GJR-skewt,GJR-skewt-AR1-expanding-refit21,1,0.01705170227,0.0002907605502,-0.04377461347,-0.0351588161,-0.02850232289,,,-0.005371297369,0.0001538275694,True,
2014-02-27,2014-02-26,NKY,GJR-skewt,GJR-skewt-AR1-expanding-refit21,1,0.01639970623,0.0002689503644,-0.04174095218,-0.03345459205,-0.02705261932,,,-0.003201933009,0.0002200715721,True,
2014-02-28,2014-02-27,NKY,GJR-skewt,GJR-skewt-AR1-expanding-refit21,1,0.01572522953,0.0002472828436,-0.04006486683,-0.03211930286,-0.02598062639,,,-0.005512683094,0.0002761290175,True,
2014-03-03,2014-02-28,NKY,GJR-skewt,GJR-skewt-AR1-expanding-refit21,1,0.01518677699,0.0002306381953,-0.03865007421,-0.0309765768,-0.02504809668,,,-0.01280578407,0.0003687996929,True,
2014-03-04,2014-03-03,NKY,GJR-skewt,GJR-skewt-AR1-expanding-refit21,1,0.01532145323,0.0002347469292,-0.03885454403,-0.03111299809,-0.02513194425,,,0.004715109265,0.0001787808086,True,
2014-03-05,2014-03-04,NKY,GJR-skewt,GJR-skewt-AR1-expanding-refit21,1,0.0146861295,0.0002156823996,-0.03756951946,-0.03014898667,-0.02441594491,,,0.01189444819,8.742070479e-05,True,
2014-03-06,2014-03-05,NKY,GJR-skewt,GJR-skewt-AR1-expanding-refit21,1,0.01421056754,0.0002019402297,-0.03649497386,-0.02931473059,-0.02376733452,,,0.01579129249,0.0002519924212,True,
2014-03-07,2014-03-06,NKY,GJR-skewt,GJR-skewt-AR1-expanding-refit21,1,0.01387070282,0.0001923963967,-0.03569182245,-0.02868837714,-0.02327598659,,,0.00916321537,0.0001243179374,True,
2014-03-10,2014-03-07,NKY,GJR-skewt,GJR-skewt-AR1-expanding-refit21,1,0.01340084535,0.0001795826561,-0.0343699906,-0.02760378064,-0.02237472991,,,-0.01012903288,0.0001921007708,True,
2014-03-11,2014-03-10,NKY,GJR-skewt,GJR-skewt-AR1-expanding-refit21,1,0.01339444689,0.0001794112074,-0.03398771843,-0.02722473912,-0.02199818509,,,0.006852771571,0.0001256822803,True,
2014-03-12,2014-03-11,NKY,GJR-skewt,GJR-skewt-AR1-expanding-refit21,1,0.01291149385,0.0001667066733,-0.03308044144,-0.02656130956,-0.02152320528,,,-0.02620194814,0.0001632637459,True,
2014-03-13,2014-03-12,NKY,GJR-skewt,GJR-skewt-AR1-expanding-refit21,1,0.01579536539,0.0002494935677,-0.03979471096,-0.03181948584,-0.02565608609,,,-0.000972070515,0.0001805907041,True,
2014-03-14,2014-03-13,NKY,GJR-skewt,GJR-skewt-AR1-expanding-refit21,1,0.01512148106,0.0002286591894,-0.03855785947,-0.03092288474,-0.02502243671,,,-0.03351441385,0.0001949179512,True,
2014-03-17,2014-03-14,NKY,GJR-skewt,GJR-skewt-AR1-expanding-refit21,1,0.01917640766,0.0003677346108,-0.04826294821,-0.03858060377,-0.03109791102,,,-0.003495173155,0.0002644438438,True,
2014-03-18,2014-03-17,NKY,GJR-skewt,GJR-skewt-AR1-expanding-refit21,1,0.01835273107,0.0003368227378,-0.04673563438,-0.03746917182,-0.03030788018,,,0.009313734026,0.0001980828375,True,
2014-03-19,2014-03-18,NKY,GJR-skewt,GJR-skewt-AR1-expanding-refit21,1,0.01758109099,0.0003090947604,-0.0450142985,-0.03613744411,-0.02927724879,,,0.003549936152,0.0004943195235,True,
2014-03-20,2014-03-19,NKY,GJR-skewt,GJR-skewt-AR1-expanding-refit21,1,0.01680081197,0.0002822672829,-0.0429186371,-0.03443575276,-0.02788002468,,,-0.01661356137,0.0006307357756,True,
2014-03-24,2014-03-20,NKY,GJR-skewt,GJR-skewt-AR1-expanding-refit21,1,0.01720720288,0.000296087831,-0.04357065516,-0.03488258031,-0.02816827726,,,0.01749685397,0.0003143330083,True,
2014-03-25,2014-03-24,NKY,GJR-skewt,GJR-skewt-AR1-expanding-refit21,1,0.01667886838,0.0002781846503,-0.04287279132,-0.03445147742,-0.0279433321,,,-0.003606377776,0.0002114667664,True,
2014-03-26,2014-03-25,NKY,GJR-skewt,GJR-skewt-AR1-expanding-refit21,1,0.0159867672,0.0002555767254,-0.04071060307,-0.03263873742,-0.0264006521,,,0.003734888445,0.0001963494047,True,
2014-03-27,2014-03-26,NKY,GJR-skewt,GJR-skewt-AR1-expanding-refit21,1,0.01530435595,0.0002342233111,-0.03911268883,-0.03138537888,-0.02541357251,,,0.01001583909,0.000428308061,True,
2014-03-28,2014-03-27,NKY,GJR-skewt,GJR-skewt-AR1-expanding-refit21,1,0.01474622351,0.0002174511078,-0.03781103049,-0.03036552675,-0.02461150536,,,0.004989322385,0.000208105592,True,
2014-03-31,2014-03-28,NKY,GJR-skewt,GJR-skewt-AR1-expanding-refit21,1,0.0141552451,0.0002003709638,-0.03621124925,-0.02906413593,-0.02354071612,,,0.008928418167,0.0001038534625,True,
2014-04-01,2014-03-31,NKY,GJR-skewt,GJR-skewt-AR1-expanding-refit21,1,0.01365723907,0.0001865201789,-0.03501822566,-0.02812256016,-0.02279346382,,,-0.002419992229,0.0001173305892,True,
2014-04-02,2014-04-01,NKY,GJR-skewt,GJR-skewt-AR1-expanding-refit21,1,0.01313521023,0.0001725337478,-0.03347403649,-0.02684194814,-0.02171654905,,,0.01037930284,0.0002086901965,True,
2014-04-03,2014-04-02,NKY,GJR-skewt,GJR-skewt-AR1-expanding-refit21,1,0.01273661705,0.0001622214138,-0.03270216601,-0.02627133103,-0.02130146421,,,0.008365611626,0.0001476214983,True,
2014-04-04,2014-04-03,NKY,GJR-skewt,GJR-skewt-AR1-expanding-refit21,1,0.01233136443,0.0001520625487,-0.03163233293,-0.02540611372,-0.02059437771,,,-0.0005382562085,6.425801749e-05,True,
2014-04-07,2014-04-04,NKY,GJR-skewt,GJR-skewt-AR1-expanding-refit21,1,0.01187252358,0.0001409568161,-0.03029537264,-0.02430082639,-0.01966813148,,,-0.01706754316,0.0001355315137,True,
2014-04-08,2014-04-07,NKY,GJR-skewt,GJR-skewt-AR1-expanding-refit21,1,0.01310000677,0.0001716101773,-0.03314685939,-0.02651761884,-0.0213955251,,,-0.01373230631,0.0002265679788,True,
2014-04-09,2014-04-08,NKY,GJR-skewt,GJR-skewt-AR1-expanding-refit21,1,0.01363695349,0.0001859665005,-0.03457979709,-0.02767883539,-0.02234679584,,,-0.0212547536,0.0002805706797,True,
2014-04-10,2014-04-09,NKY,GJR-skewt,GJR-skewt-AR1-expanding-refit21,1,0.01536127937,0.0002359689039,-0.03882956021,-0.03105600575,-0.02504975596,,,3.00484508e-05,0.0001708131444,True,
2014-04-11,2014-04-10,NKY,GJR-skewt,GJR-skewt-AR1-expanding-refit21,1,0.01470724403,0.0002163030271,-0.03757336603,-0.03013078527,-0.02438026284,,,-0.02406827185,0.0001995288023,True,
2014-04-14,2014-04-11,NKY,GJR-skewt,GJR-skewt-AR1-expanding-refit21,1,0.01671717192,0.000279463837,-0.04223114753,-0.0337714455,-0.02723504264,,,-0.003580145492,0.0001929758842,True,
2014-04-15,2014-04-14,NKY,GJR-skewt,GJR-skewt-AR1-expanding-refit21,1,0.01604793631,0.0002575362597,-0.04092083478,-0.03279979852,-0.02652506633,,,0.0062098959,9.894120063e-05,True,
2014-04-16,2014-04-15,NKY,GJR-skewt,GJR-skewt-AR1-expanding-refit21,1,0.01538488748,0.0002366947626,-0.03941981286,-0.03163431155,-0.02561883101,,,0.02962579397,0.000184717568,True,
2014-04-17,2014-04-16,NKY,GJR-skewt,GJR-skewt-AR1-expanding-refit21,1,0.01552054939,0.0002408874535,-0.04021752471,-0.03236337188,-0.02629484761,,,-1.036371854e-05,0.0002166332396,True,
2014-04-18,2014-04-17,NKY,GJR-skewt,GJR-skewt-AR1-expanding-refit21,1,0.01485656354,0.0002207174801,-0.03795317057,-0.03043502688,-0.02462612063,,,0.006825210929,6.892566363e-05,True,
2014-04-21,2014-04-18,NKY,GJR-skewt,GJR-skewt-AR1-expanding-refit21,1,0.01427885461,0.000203885689,-0.03661263983,-0.02938684494,-0.0238038225,,,-0.0002679869785,0.0001030691433,True,
2014-04-22,2014-04-21,NKY,GJR-skewt,GJR-skewt-AR1-expanding-refit21,1,0.01369274572,0.0001874912855,-0.03498186756,-0.02805267227,-0.022698818,,,-0.008554061431,9.891168588e-05,True,
2014-04-23,2014-04-22,NKY,GJR-skewt,GJR-skewt-AR1-expanding-refit21,1,0.01352267031,0.0001828626123,-0.03438845544,-0.02754532659,-0.02225797169,,,0.0108865625,8.609056284e-05,True,
2014-04-24,2014-04-23,NKY,GJR-skewt,GJR-skewt-AR1-expanding-refit21,1,0.01310581433,0.0001717623692,-0.03370118887,-0.02706900941,-0.02194464492,,,-0.009759880754,0.0001639849009,True,
2014-04-25,2014-04-24,NKY,GJR-skewt,GJR-skewt-AR1-expanding-refit21,1,0.01308587723,0.0001712401828,-0.03325188739,-0.02662979708,-0.02151322798,,,0.00168338318,0.0001747470518,True,
2014-04-28,2014-04-25,NKY,GJR-skewt,GJR-skewt-AR1-expanding-refit21,1,0.01257988597,0.000158253531,-0.03218308068,-0.02581704656,-0.0208983197,,,-0.009821919156,5.739902864e-05,True,
2014-04-30,2014-04-28,NKY,GJR-skewt,GJR-skewt-AR1-expanding-refit21,1,0.01263959382,0.000159759332,-0.03211320597,-0.02571695677,-0.02077488418,,,0.001110778703,0.0001361607729,True,
2014-05-01,2014-04-30,NKY,GJR-skewt,GJR-skewt-AR1-expanding-refit21,1,0.01216172577,0.0001479075737,-0.03110622533,-0.02495180061,-0.0201965741,,,0.01257566467,0.0001562167383,True,
2014-05-02,2014-05-01,NKY,GJR-skewt,GJR-skewt-AR1-expanding-refit21,1,0.01189831701,0.0001415699476,-0.03065612853,-0.02463500145,-0.01998276758,,,-0.001908610874,5.171517043e-05,True,
2014-05-07,2014-05-02,NKY,GJR-skewt,GJR-skewt-AR1-expanding-refit21,1,0.01148488497,0.0001319025828,-0.02932282258,-0.02351091222,-0.01902033,,,-0.02977020776,9.753443281e-05,True,
2014-05-08,2014-05-07,NKY,GJR-skewt,GJR-skewt-AR1-expanding-refit21,1,0.01571683681,0.0002470189593,-0.03957145033,-0.03161796651,-0.025472694,,,0.009244241792,0.0001453972232,True,
2014-05-09,2014-05-08,NKY,GJR-skewt,GJR-skewt-AR1-expanding-refit21,1,0.01510871496,0.0002282732679,-0.03877447056,-0.03112872598,-0.0252212287,,,0.002525058827,0.0001717716379,True,
2014-05-12,2014-05-09,NKY,GJR-skewt,GJR-skewt-AR1-expanding-refit21,1,0.01447501953,0.0002095261904,-0.03705350219,-0.02972052677,-0.02405617483,,,-0.003532411647,9.157530694e-05,True,
2014-05-13,2014-05-12,NKY,GJR-skewt,GJR-skewt-AR1-expanding-refit21,1,0.01393750487,0.000194254042,-0.03556792879,-0.02850725571,-0.02305324355,,,0.0193126763,8.483841849e-05,True,
2014-05-14,2014-05-13,NKY,GJR-skewt,GJR-skewt-AR1-expanding-refit21,1,0.01374299296,0.0001888698554,-0.0355055748,-0.02854344052,-0.02316554459,,,-0.0013652337,4.935394313e-05,True,
2014-05-15,2014-05-14,NKY,GJR-skewt,GJR-skewt-AR1-expanding-refit21,1,0.01319882353,0.0001742089426,-0.03372551912,-0.02703905847,-0.02187410644,,,-0.007493758829,7.457128554e-05,True,
2014-05-16,2014-05-15,NKY,GJR-skewt,GJR-skewt-AR1-expanding-refit21,1,0.0129862194,0.0001686418942,-0.03306707835,-0.02648832193,-0.02140656595,,,-0.01420143899,7.681100072e-05,True,
2014-05-19,2014-05-16,NKY,GJR-skewt,GJR-skewt-AR1-expanding-refit21,1,0.0135772972,0.0001843429991,-0.03444693322,-0.02756873962,-0.02225568361,,,-0.006415658265,0.0001200389715,True,
2014-05-20,2014-05-19,NKY,GJR-skewt,GJR-skewt-AR1-expanding-refit21,1,0.01327052179,0.0001761067486,-0.03381247764,-0.02708969499,-0.02189668605,,,0.004900681309,8.261029365e-05,True,
2014-05-21,2014-05-20,NKY,GJR-skewt,GJR-skewt-AR1-expanding-refit21,1,0.01277745873,0.0001632634515,-0.03277002599,-0.02629702672,-0.02129696279,,,-0.002352996495,8.55592704e-05,True,
2014-05-22,2014-05-21,NKY,GJR-skewt,GJR-skewt-AR1-expanding-refit21,1,0.01231879088,0.0001517526087,-0.03146279668,-0.02522215634,-0.02040157791,,,0.02083377236,0.0001120468062,True,
2014-05-23,2014-05-22,NKY,GJR-skewt,GJR-skewt-AR1-expanding-refit21,1,0.01234292797,0.0001523478709,-0.0319644559,-0.02571158783,-0.0208815641,,,0.008637557377,5.339234277e-05,True,
2014-05-26,2014-05-23,NKY,GJR-skewt,GJR-skewt-AR1-expanding-refit21,1,0.01197947465,0.0001435078128,-0.03080619648,-0.02473745211,-0.02004965462,,,0.009657815278,3.689231946e-05,True,
2014-05-27,2014-05-26,NKY,GJR-skewt,GJR-skewt-AR1-expanding-refit21,1,0.01166050957,0.0001359674835,-0.03001224104,-0.02410508285,-0.01954210249,,,0.002325658874,8.983393387e-05,True,
2014-05-28,2014-05-27,NKY,GJR-skewt,GJR-skewt-AR1-expanding-refit21,1,0.01125887484,0.0001267622627,-0.02884894944,-0.02314525749,-0.01873944447,,,0.002349617771,9.907068245e-05,True,
2014-05-29,2014-05-28,NKY,GJR-skewt,GJR-skewt-AR1-expanding-refit21,1,0.01088481637,0.0001184792274,-0.02789560175,-0.02238140602,-0.01812196924,,,0.0007338031268,0.0001086664771,True,
2014-05-30,2014-05-29,NKY,GJR-skewt,GJR-skewt-AR1-expanding-refit21,1,0.01053069976,0.0001108956375,-0.02696197846,-0.02162717651,-0.01750631232,,,-0.003366291119,0.0001114525053,True,
2014-06-02,2014-05-30,NKY,GJR-skewt,GJR-skewt-AR1-expanding-refit21,1,0.0102736839,0.0001055485808,-0.02622879536,-0.02102419641,-0.01700390745,,,0.02053217166,0.0001009969101,True,
2014-06-03,2014-06-02,NKY,GJR-skewt,GJR-skewt-AR1-expanding-refit21,1,0.01051178184,0.0001104975574,-0.02728953686,-0.02196431864,-0.0178508574,,,0.006561886909,5.449402424e-05,True,
2014-06-04,2014-06-03,NKY,GJR-skewt,GJR-skewt-AR1-expanding-refit21,1,0.01024824046,0.0001050264325,-0.02635236648,-0.02116065705,-0.01715032459,,,0.002239700948,8.86589975e-05,True,
2014-06-05,2014-06-04,NKY,GJR-skewt,GJR-skewt-AR1-expanding-refit21,1,0.009947555105,9.895385257e-05,-0.02550361606,-0.02046423238,-0.01657156385,,,0.0007569599374,5.327783411e-05,True,
2014-06-06,2014-06-05,NKY,GJR-skewt,GJR-skewt-AR1-expanding-refit21,1,0.00966231855,9.336039977e-05,-0.02474815421,-0.01985327001,-0.01607222,,,-0.0001412552657,5.145286339e-05,True,
2014-06-09,2014-06-06,NKY,GJR-skewt,GJR-skewt-AR1-expanding-refit21,1,0.00939763823,8.831560431e-05,-0.0240562032,-0.01929540478,-0.01561792924,,,0.003096548818,3.105395814e-05,True,
2014-06-10,2014-06-09,NKY,GJR-skewt,GJR-skewt-AR1-expanding-refit21,1,0.009145175115,8.363422789e-05,-0.02345248817,-0.0188182124,-0.0152395763,,,-0.008579424367,0.0001017613579,True,
2014-06-11,2014-06-10,NKY,GJR-skewt,GJR-skewt-AR1-expanding-refit21,1,0.009463709026,8.956178853e-05,-0.02405248979,-0.01925679841,-0.0155535155,,,0.00496807593,4.42620647e-05,True,
2014-06-12,2014-06-11,NKY,GJR-skewt,GJR-skewt-AR1-expanding-refit21,1,0.009246900739,8.550517327e-05,-0.02374584088,-0.01906001611,-0.01544157334,,,-0.006387543983,7.622606219e-05,True,
2014-06-13,2014-06-12,NKY,GJR-skewt,GJR-skewt-AR1-expanding-refit21,1,0.009309084457,8.665905343e-05,-0.02369808753,-0.01898075144,-0.01533797531,,,0.008267683025,0.0001291714501,True,
2014-06-16,2014-06-13,NKY,GJR-skewt,GJR-skewt-AR1-expanding-refit21,1,0.009168207403,8.405602698e-05,-0.02360515186,-0.01895920459,-0.01537155563,,,-0.01095872499,0.0001070727985,True,
2014-06-17,2014-06-16,NKY,GJR-skewt,GJR-skewt-AR1-expanding-refit21,1,0.009802721369,9.609334624e-05,-0.02487359101,-0.01990610667,-0.01607016345,,,0.002853946858,6.639063421e-05,True,
2014-06-18,2014-06-17,NKY,GJR-skewt,GJR-skewt-AR1-expanding-refit21,1,0.009535987476,9.093505714e-05,-0.02444447211,-0.01961215396,-0.01588058747,,,0.009293643317,6.778617764e-05,True,
2014-06-19,2014-06-18,NKY,GJR-skewt,GJR-skewt-AR1-expanding-refit21,1,0.009404877693,8.845172441e-05,-0.02422719012,-0.01946131126,-0.01578104988,,,0.0161017143,0.000127900414,True,
2014-06-20,2014-06-19,NKY,GJR-skewt,GJR-skewt-AR1-expanding-refit21,1,0.009535961953,9.093457037e-05,-0.02468507409,-0.01985276887,-0.01612121237,,,-0.0007645730261,0.0001182527543,True,
2014-06-23,2014-06-20,NKY,GJR-skewt,GJR-skewt-AR1-expanding-refit21,1,0.009280482563,8.61273566e-05,-0.02372731623,-0.01902447402,-0.01539289021,,,0.001293046427,9.175844027e-05,True,
2014-06-24,2014-06-23,NKY,GJR-skewt,GJR-skewt-AR1-expanding-refit21,1,0.009046461685,8.183846903e-05,-0.02316805094,-0.01858379775,-0.01504378961,,,0.0004527462867,9.498744592e-05,True,
2014-06-25,2014-06-24,NKY,GJR-skewt,GJR-skewt-AR1-expanding-refit21,1,0.008828766367,7.794711557e-05,-0.02259776292,-0.01812382584,-0.01466900495,,,-0.007155362225,6.02882541e-05,True,
2014-06-26,2014-06-25,NKY,GJR-skewt,GJR-skewt-AR1-expanding-refit21,1,0.00902543719,8.145851646e-05,-0.02296096922,-0.01838737009,-0.01485558914,,,0.002739477902,3.806082685e-05,True,
2014-06-27,2014-06-26,NKY,GJR-skewt,GJR-skewt-AR1-expanding-refit21,1,0.008819795847,7.778879878e-05,-0.0226164344,-0.01814704309,-0.01469573249,,,-0.01404402832,0.0002613730756,True,
2014-06-30,2014-06-27,NKY,GJR-skewt,GJR-skewt-AR1-expanding-refit21,1,0.01007427275,0.0001014909715,-0.02550987223,-0.02040478047,-0.01646257536,,,0.004435304167,0.0001120829952,True,
2014-07-01,2014-06-30,NKY,GJR-skewt,GJR-skewt-AR1-expanding-refit21,1,0.009801171681,9.606296632e-05,-0.02514929738,-0.02018259834,-0.01634726153,,,0.01076492725,0.0001774731057,True,
2014-07-02,2014-07-01,NKY,GJR-skewt,GJR-skewt-AR1-expanding-refit21,1,0.009688224653,9.386169692e-05,-0.02497632238,-0.02006685873,-0.01627571969,,,0.002851793548,5.790790169e-05,True,
2014-07-03,2014-07-02,NKY,GJR-skewt,GJR-skewt-AR1-expanding-refit21,1,0.00943356441,8.899213748e-05,-0.02418330143,-0.0194028857,-0.0157113988,,,-0.001411518345,5.332302611e-05,True,
2014-07-04,2014-07-03,NKY,GJR-skewt,GJR-skewt-AR1-expanding-refit21,1,0.009197374217,8.459169249e-05,-0.02350367549,-0.01884294806,-0.01524388572,,,0.005771568934,3.112466775e-05,True,
2014-07-07,2014-07-04,NKY,GJR-skewt,GJR-skewt-AR1-expanding-refit21,1,0.009017040913,8.130702682e-05,-0.02317440113,-0.01860505678,-0.01507656141,,,-0.003744058265,3.126362398e-05,True,
2014-07-08,2014-07-07,NKY,GJR-skewt,GJR-skewt-AR1-expanding-refit21,1,0.00890171597,7.924054721e-05,-0.02270750903,-0.01819660507,-0.01471323797,,,-0.004237354783,9.832944207e-05,True,
2014-07-09,2014-07-08,NKY,GJR-skewt,GJR-skewt-AR1-expanding-refit21,1,0.008815520751,7.771340611e-05,-0.0224750742,-0.01800738757,-0.01455727131,,,-0.0007681841671,7.104840544e-05,True,
2014-07-10,2014-07-09,NKY,GJR-skewt,GJR-skewt-AR1-expanding-refit21,1,0.008618147403,7.427246467e-05,-0.02203656875,-0.0176689105,-0.01429603994,,,-0.00564766538,4.563056047e-05,True,
2014-07-11,2014-07-10,NKY,GJR-skewt,GJR-skewt-AR1-expanding-refit21,1,0.008687935209,7.54802182e-05,-0.02212343032,-0.01772040376,-0.01432022045,,,-0.003451538006,6.879927193e-05,True,
2014-07-14,2014-07-11,NKY,GJR-skewt,GJR-skewt-AR1-expanding-refit21,1,0.008595625307,7.388477442e-05,-0.02192905256,-0.01757280846,-0.01420875233,,,0.00871814581,4.2758029e-05,True,
2014-07-15,2014-07-14,NKY,GJR-skewt,GJR-skewt-AR1-expanding-refit21,1,0.008530391002,7.276757064e-05,-0.0219898853,-0.0176667018,-0.01432817632,,,0.006408200776,6.911952259e-05,True,
2014-07-16,2014-07-15,NKY,GJR-skewt,GJR-skewt-AR1-expanding-refit21,1,0.008421209029,7.091676152e-05,-0.02166837373,-0.01740052342,-0.01410472831,,,-0.001030747667,2.493099398e-05,True,
2014-07-17,2014-07-16,NKY,GJR-skewt,GJR-skewt-AR1-expanding-refit21,1,0.008257316094,6.818326908e-05,-0.02111161856,-0.01692682883,-0.01369517624,,,-0.0005879785196,4.678810283e-05,True,
2014-07-18,2014-07-17,NKY,GJR-skewt,GJR-skewt-AR1-expanding-refit21,1,0.008103716825,6.567022637e-05,-0.0207282356,-0.01662128964,-0.01344975095,,,-0.01010601441,8.495995106e-05,True,
2014-07-22,2014-07-18,NKY,GJR-skewt,GJR-skewt-AR1-expanding-refit21,1,0.008805167403,7.753097299e-05,-0.02233912689,-0.01787668731,-0.01443062303,,,0.008349166651,4.220654101e-05,True,
2014-07-23,2014-07-22,NKY,GJR-skewt,GJR-skewt-AR1-expanding-refit21,1,0.00870749846,7.582052943e-05,-0.02243458694,-0.01802164577,-0.01461380603,,,-0.0009598838027,1.826865451e-05,True,
2014-07-24,2014-07-23,NKY,GJR-skewt,GJR-skewt-AR1-expanding-refit21,1,0.008518421352,7.256350233e-05,-0.02177870851,-0.0174615912,-0.01412775026,,,-0.002883723265,5.063518335e-05,True,
2014-07-25,2014-07-24,NKY,GJR-skewt,GJR-skewt-AR1-expanding-refit21,1,0.008407447505,7.068517355e-05,-0.02145983531,-0.01719895931,-0.01390855003,,,0.01128426284,3.860290811e-05,True,
2014-07-28,2014-07-25,NKY,GJR-skewt,GJR-skewt-AR1-expanding-refit21,1,0.008441591438,7.126046601e-05,-0.02181136469,-0.01753318461,-0.01422941248,,,0.0046167601,6.383614386e-05,True,
2014-07-29,2014-07-28,NKY,GJR-skewt,GJR-skewt-AR1-expanding-refit21,1,0.008308453081,6.90303926e-05,-0.02134742797,-0.01713672213,-0.01388505614,,,0.005693570459,3.300982333e-05,True,
2014-07-30,2014-07-29,NKY,GJR-skewt,GJR-skewt-AR1-expanding-refit21,1,0.008203589612,6.729888253e-05,-0.02110014717,-0.0169425859,-0.01373196016,,,0.00180142635,3.742323576e-05,True,
2014-07-31,2014-07-30,NKY,GJR-skewt,GJR-skewt-AR1-expanding-refit21,1,0.008058573537,6.494060746e-05,-0.0206577313,-0.01657366386,-0.01341979282,,,-0.001628614554,5.414719817e-05,True,
2014-08-01,2014-07-31,NKY,GJR-skewt,GJR-skewt-AR1-expanding-refit21,1,0.007939931401,6.304251066e-05,-0.02029118971,-0.01626724985,-0.0131598116,,,-0.006271505058,5.768936417e-05,True,
2014-08-04,2014-08-01,NKY,GJR-skewt,GJR-skewt-AR1-expanding-refit21,1,0.008152099749,6.645673032e-05,-0.02074551007,-0.01661404375,-0.01342356951,,,-0.003136395954,5.546571347e-05,True,
2014-08-05,2014-08-04,NKY,GJR-skewt,GJR-skewt-AR1-expanding-refit21,1,0.00809306252,6.549766095e-05,-0.02065349876,-0.01655195238,-0.01338458344,,,-0.01001413684,7.182832372e-05,True,
2014-08-06,2014-08-05,NKY,GJR-skewt,GJR-skewt-AR1-expanding-refit21,1,0.008789273895,7.725133561e-05,-0.02230031662,-0.01784593183,-0.01440608777,,,-0.01053284051,8.311627728e-05,True,
2014-08-07,2014-08-06,NKY,GJR-skewt,GJR-skewt-AR1-expanding-refit21,1,0.009470057988,8.968199829e-05,-0.02402649995,-0.01922709527,-0.01552081383,,,0.004776246084,0.0001718000665,True,
2014-08-08,2014-08-07,NKY,GJR-skewt,GJR-skewt-AR1-expanding-refit21,1,0.009202990644,8.46950368e-05,-0.02362532917,-0.01896370408,-0.0153633607,,,-0.03025814321,0.0003893407603,True,
2014-08-11,2014-08-08,NKY,GJR-skewt,GJR-skewt-AR1-expanding-refit21,1,0.01441288868,0.00020773136,-0.03626972895,-0.02896911483,-0.02333058379,,,0.02354923156,0.0001017402775,True,
2014-08-12,2014-08-11,NKY,GJR-skewt,GJR-skewt-AR1-expanding-refit21,1,0.01432356607,0.000205164545,-0.03702052922,-0.02976516001,-0.02416157327,,,0.002032894778,5.452914446e-05,True,
2014-08-13,2014-08-12,NKY,GJR-skewt,GJR-skewt-AR1-expanding-refit21,1,0.01373903667,0.0001887611287,-0.0351391139,-0.02817982854,-0.02280491817,,,0.003444968957,6.301714159e-05,True,
2014-08-14,2014-08-13,NKY,GJR-skewt,GJR-skewt-AR1-expanding-refit21,1,0.01319820692,0.000174192666,-0.03378606392,-0.02710072706,-0.02193739714,,,0.006612954398,4.850093794e-05,True,
2014-08-15,2014-08-14,NKY,GJR-skewt,GJR-skewt-AR1-expanding-refit21,1,0.01272746273,0.0001619883076,-0.03264361396,-0.02619672491,-0.02121755694,,,0.0002461098211,2.582299372e-05,True,
2014-08-18,2014-08-15,NKY,GJR-skewt,GJR-skewt-AR1-expanding-refit21,1,0.01223961937,0.0001498082824,-0.03128417859,-0.02508439865,-0.02029608207,,,0.0002780443488,4.443501433e-05,True,
2014-08-19,2014-08-18,NKY,GJR-skewt,GJR-skewt-AR1-expanding-refit21,1,0.01178410365,0.0001388650988,-0.03012351996,-0.0241544741,-0.01954436188,,,0.008266576353,2.030200081e-05,True,
2014-08-20,2014-08-19,NKY,GJR-skewt,GJR-skewt-AR1-expanding-refit21,1,0.01144112288,0.0001308992928,-0.02939443898,-0.02359912444,-0.01912319127,,,0.000301586449,2.480755366e-05,True,
2014-08-21,2014-08-20,NKY,GJR-skewt,GJR-skewt-AR1-expanding-refit21,1,0.01104006773,0.0001218830956,-0.02822718856,-0.02263502198,-0.0183159874,,,0.008488919502,3.340151452e-05,True,
2014-08-22,2014-08-21,NKY,GJR-skewt,GJR-skewt-AR1-expanding-refit21,1,0.0107584984,0.0001157452879,-0.02765827811,-0.02220873589,-0.01799985531,,,-0.003020671857,3.110052592e-05,True,
2014-08-25,2014-08-22,NKY,GJR-skewt,GJR-skewt-AR1-expanding-refit21,1,0.0104573644,0.0001093564701,-0.02668129512,-0.02138428742,-0.01729321484,,,0.004754665028,4.639561804e-05,True,
2014-08-26,2014-08-25,NKY,GJR-skewt,GJR-skewt-AR1-expanding-refit21,1,0.0101555462,0.0001031351186,-0.02605327221,-0.02090914561,-0.01693614868,,,-0.005911810211,2.539593376e-05,True,
2014-08-27,2014-08-26,NKY,GJR-skewt,GJR-skewt-AR1-expanding-refit21,1,0.01007874712,0.0001015811435,-0.02566351528,-0.02055829001,-0.01661533799,,,0.0008758734759,5.382226913e-05,True,
2014-08-28,2014-08-27,NKY,GJR-skewt,GJR-skewt-AR1-expanding-refit21,1,0.009775383191,9.555811653e-05,-0.02501359099,-0.02006202977,-0.01623775812,,,-0.004836965863,3.026252652e-05,True,
2014-08-29,2014-08-28,NKY,GJR-skewt,GJR-skewt-AR1-expanding-refit21,1,0.009658824646,9.329289354e-05,-0.02461255974,-0.01972003935,-0.0159413671,,,-0.002284031292,5.009479321e-05,True,
2014-09-01,2014-08-29,NKY,GJR-skewt,GJR-skewt-AR1-expanding-refit21,1,0.009425178982,8.883399884e-05,-0.02406335653,-0.01928918555,-0.01560191887,,,0.003366201757,2.276707132e-05,True,
2014-09-02,2014-09-01,NKY,GJR-skewt,GJR-skewt-AR1-expanding-refit21,1,0.009186853947,8.439828544e-05,-0.0235585499,-0.01890509859,-0.01531106812,,,0.0123295042,8.245070084e-05,True,
2014-09-03,2014-09-02,NKY,GJR-skewt,GJR-skewt-AR1-expanding-refit21,1,0.009179832732,8.426932899e-05,-0.02370365213,-0.01905375731,-0.01546247363,,,0.003806106874,5.869356817e-05,True,
2014-09-04,2014-09-03,NKY,GJR-skewt,GJR-skewt-AR1-expanding-refit21,1,0.008968825507,8.043983097e-05,-0.02301073314,-0.01846772059,-0.014958986,,,-0.00332244865,3.989706472e-05,True,
2014-09-05,2014-09-04,NKY,GJR-skewt,GJR-skewt-AR1-expanding-refit21,1,0.008829834123,7.796597064e-05,-0.02252676882,-0.01805416009,-0.01459980095,,,-0.0004785473785,,True,
2014-09-08,2014-09-05,NKY,GJR-skewt,GJR-skewt-AR1-expanding-refit21,1,0.008616479801,7.424372415e-05,-0.02206050928,-0.01767565223,-0.01429381253,,,0.002322363752,,True,
2014-09-09,2014-09-08,NKY,GJR-skewt,GJR-skewt-AR1-expanding-refit21,1,0.008433363668,7.112162276e-05,-0.0216472808,-0.01735561008,-0.01404564073,,,0.002800260934,3.788148241e-05,True,
2014-09-10,2014-09-09,NKY,GJR-skewt,GJR-skewt-AR1-expanding-refit21,1,0.008270025687,6.839332486e-05,-0.02123951002,-0.01703096068,-0.01378509905,,,0.002513157968,4.137904167e-05,True,
2014-09-11,2014-09-10,NKY,GJR-skewt,GJR-skewt-AR1-expanding-refit21,1,0.008117977187,6.590155361e-05,-0.02084573136,-0.01671455827,-0.01352837341,,,0.007597991895,3.583750813e-05,True,
2014-09-12,2014-09-11,NKY,GJR-skewt,GJR-skewt-AR1-expanding-refit21,1,0.008066967459,6.507596399e-05,-0.0208140808,-0.01670886615,-0.01354270184,,,0.002454045773,4.70872697e-05,True,
2014-09-16,2014-09-12,NKY,GJR-skewt,GJR-skewt-AR1-expanding-refit21,1,0.007932653888,6.29269977e-05,-0.0203714155,-0.01633455194,-0.01322110371,,,-0.002307595332,3.130511247e-05,True,
2014-09-17,2014-09-16,NKY,GJR-skewt,GJR-skewt-AR1-expanding-refit21,1,0.007840954462,6.148056688e-05,-0.02004496555,-0.01605476709,-0.01297730951,,,-0.001437749058,2.967065926e-05,True,
2014-09-18,2014-09-17,NKY,GJR-skewt,GJR-skewt-AR1-expanding-refit21,1,0.007732213812,5.978713044e-05,-0.01978419273,-0.0158493315,-0.01281455301,,,0.0111967026,3.008769213e-05,True,
2014-09-19,2014-09-18,NKY,GJR-skewt,GJR-skewt-AR1-expanding-refit21,1,0.007834370523,6.137736149e-05,-0.02028998558,-0.01630313763,-0.01322826415,,,0.01566005907,6.675643538e-05,True,
2014-09-22,2014-09-19,NKY,GJR-skewt,GJR-skewt-AR1-expanding-refit21,1,0.008138976089,6.624293178e-05,-0.0211542468,-0.01701238754,-0.01381796092,,,-0.00708763571,3.663120217e-05,True,
2014-09-24,2014-09-22,NKY,GJR-skewt,GJR-skewt-AR1-expanding-refit21,1,0.008374379559,7.0130233e-05,-0.02131423458,-0.01705258038,-0.01376576142,,,-0.002375424069,7.967898136e-05,True,
2014-09-25,2014-09-24,NKY,GJR-skewt,GJR-skewt-AR1-expanding-refit21,1,0.008253172551,6.811485716e-05,-0.0210961308,-0.01689615788,-0.01365691085,,,0.01270326622,,True,
2014-09-26,2014-09-25,NKY,GJR-skewt,GJR-skewt-AR1-expanding-refit21,1,0.008355511579,6.981457375e-05,-0.02164977966,-0.01739772723,-0.01411831366,,,-0.00885046263,,True,
2014-09-29,2014-09-26,NKY,GJR-skewt,GJR-skewt-AR1-expanding-refit21,1,0.008788954468,7.724572063e-05,-0.02233855354,-0.01786592552,-0.01441639209,,,0.004964857082,5.274069309e-05,True,
2014-09-30,2014-09-29,NKY,GJR-skewt,GJR-skewt-AR1-expanding-refit21,1,0.008619768873,7.430041543e-05,-0.02217444729,-0.01778791646,-0.01440478585,,,-0.008442326221,7.442535516e-05,True,
2014-10-01,2014-09-30,NKY,GJR-skewt,GJR-skewt-AR1-expanding-refit21,1,0.008981295275,8.066366481e-05,-0.0228375537,-0.01826704499,-0.01474202067,,,-0.005659128578,9.487929886e-05,True,
2014-10-02,2014-10-01,NKY,GJR-skewt,GJR-skewt-AR1-expanding-refit21,1,0.009021895786,8.139460357e-05,-0.0229951779,-0.01840400792,-0.0148630485,,,-0.02647940681,0.0001339809428,True,
2014-10-03,2014-10-02,NKY,GJR-skewt,GJR-skewt-AR1-expanding-refit21,1,0.01328195595,0.0001764103539,-0.03346833923,-0.02670925901,-0.02149628956,,,0.002974768349,0.0002100801765,True,
2014-10-06,2014-10-03,NKY,GJR-skewt,GJR-skewt-AR1-expanding-refit21,1,0.01276319522,0.0001628991522,-0.03271490982,-0.02621982275,-0.02121045915,,,0.01153823587,7.516633654e-05,True,
2014-10-07,2014-10-06,NKY,GJR-skewt,GJR-skewt-AR1-expanding-refit21,1,0.01241962533,0.0001542470934,-0.03200373706,-0.02568348994,-0.02080897239,,,-0.006763773417,7.620525262e-05,True,
2014-10-08,2014-10-07,NKY,GJR-skewt,GJR-skewt-AR1-expanding-refit21,1,0.01219490685,0.000148715753,-0.03107513162,-0.02486924192,-0.02008292302,,,-0.01197278445,0.0001003950066,True,
2014-10-09,2014-10-08,NKY,GJR-skewt,GJR-skewt-AR1-expanding-refit21,1,0.01258910418,0.0001584855441,-0.03197935615,-0.02557163427,-0.0206299283,,,-0.007533494577,0.0002294343036,True,
2014-10-10,2014-10-09,NKY,GJR-skewt,GJR-skewt-AR1-expanding-refit21,1,0.01244905529,0.0001549789776,-0.03170773626,-0.02537129779,-0.02048456637,,,-0.01159096125,0.0001607982417,True,
2014-10-14,2014-10-10,NKY,GJR-skewt,GJR-skewt-AR1-expanding-refit21,1,0.01275361128,0.0001626546007,-0.03240680023,-0.02591534596,-0.02090906464,,,-0.0240802271,0.0001587640187,True,
2014-10-15,2014-10-14,NKY,GJR-skewt,GJR-skewt-AR1-expanding-refit21,1,0.01526586393,0.0002330466015,-0.03857964903,-0.03080948453,-0.02481704774,,,0.009130994879,0.000307493636,True,
2014-10-16,2014-10-15,NKY,GJR-skewt,GJR-skewt-AR1-expanding-refit21,1,0.01468442888,0.0002156324515,-0.0377382441,-0.03026402394,-0.0244998227,,,-0.02248456327,0.0001487773015,True,
2014-10-17,2014-10-16,NKY,GJR-skewt,GJR-skewt-AR1-expanding-refit21,1,0.01635699862,0.0002675514038,-0.04139663436,-0.03307109376,-0.02665034478,,,-0.01406677468,0.0002613868297,True,
2014-10-20,2014-10-17,NKY,GJR-skewt,GJR-skewt-AR1-expanding-refit21,1,0.0165494378,0.0002738838916,-0.04205103651,-0.03362754639,-0.02713125765,,,0.03905001424,0.0001136064613,True,
2014-10-21,2014-10-20,NKY,GJR-skewt,GJR-skewt-AR1-expanding-refit21,1,0.01705373377,0.0002908298354,-0.044367437,-0.03568726552,-0.02899302129,,,-0.02052186073,0.0003203333655,True,
2014-10-22,2014-10-21,NKY,GJR-skewt,GJR-skewt-AR1-expanding-refit21,1,0.01789032971,0.0003200638972,-0.04534982368,-0.03624383365,-0.02922119344,,,0.02610072233,0.0001409960037,True,
2014-10-23,2014-10-22,NKY,GJR-skewt,GJR-skewt-AR1-expanding-refit21,1,0.01759460896,0.0003095702645,-0.04549770089,-0.03654222962,-0.02963567114,,,-0.003745517918,0.0001269395285,True,
2014-10-24,2014-10-23,NKY,GJR-skewt,GJR-skewt-AR1-expanding-refit21,1,0.01684353277,0.0002837045963,-0.04300186998,-0.03442868861,-0.02781695632,,,0.01003470015,0.0001162660446,True,
2014-10-27,2014-10-24,NKY,GJR-skewt,GJR-skewt-AR1-expanding-refit21,1,0.01617929269,0.000261769512,-0.04157270167,-0.03333761153,-0.02698661893,,,0.006328505009,5.70026341e-05,True,
2014-10-28,2014-10-27,NKY,GJR-skewt,GJR-skewt-AR1-expanding-refit21,1,0.0155092958,0.0002405382563,-0.03979016529,-0.03189609653,-0.0258081034,,,-0.003828923494,4.690874046e-05,True,
2014-10-29,2014-10-28,NKY,GJR-skewt,GJR-skewt-AR1-expanding-refit21,1,0.01490545335,0.0002221725395,-0.0380516018,-0.03046488251,-0.02461392069,,,0.01450623179,9.764837243e-05,True,
2014-10-30,2014-10-29,NKY,GJR-skewt,GJR-skewt-AR1-expanding-refit21,1,0.01447317604,0.0002094728246,-0.03730294046,-0.02993624578,-0.02425496938,,,0.006682689312,4.027893681e-05,True,
2014-10-31,2014-10-30,NKY,GJR-skewt,GJR-skewt-AR1-expanding-refit21,1,0.0139192703,0.0001937460857,-0.035737086,-0.02865232353,-0.02318847636,,,0.04712523986,0.001369677249,True,
2014-11-04,2014-10-31,NKY,GJR-skewt,GJR-skewt-AR1-expanding-refit21,1,0.01544426771,0.000238525405,-0.04041425613,-0.03255328599,-0.02649081888,,,0.02697049053,0.0003643935811,True,
2014-11-05,2014-11-04,NKY,GJR-skewt,GJR-skewt-AR1-expanding-refit21,1,0.01547617756,0.000239512072,-0.04010538626,-0.03222817434,-0.02615318138,,,0.004429005631,0.0002417403026,True,
2014-11-06,2014-11-05,NKY,GJR-skewt,GJR-skewt-AR1-expanding-refit21,1,0.01483456139,0.0002200642117,-0.03803052347,-0.03047988744,-0.02465675343,,,-0.008588294441,0.0003890642105,True,
2014-11-07,2014-11-06,NKY,GJR-skewt,GJR-skewt-AR1-expanding-refit21,1,0.01455815248,0.0002119398035,-0.03707263349,-0.0296626867,-0.02394805378,,,0.00522085657,8.409669168e-05,True,
2014-11-10,2014-11-07,NKY,GJR-skewt,GJR-skewt-AR1-expanding-refit21,1,0.01397630428,0.0001953370813,-0.03585440331,-0.02874061114,-0.02325437595,,,-0.005932807664,8.734762324e-05,True,
2014-11-11,2014-11-10,NKY,GJR-skewt,GJR-skewt-AR1-expanding-refit21,1,0.01355864586,0.0001838368776,-0.0345398346,-0.02764157279,-0.0223242691,,,0.02026813174,0.0001180316703,True,
2014-11-12,2014-11-11,NKY,GJR-skewt,GJR-skewt-AR1-expanding-refit21,1,0.01342523031,0.0001802368087,-0.03469241514,-0.02786203145,-0.02259704943,,,0.00425052705,0.0003358510097,True,
2014-11-13,2014-11-12,NKY,GJR-skewt,GJR-skewt-AR1-expanding-refit21,1,0.01290994717,0.000166666736,-0.03307640104,-0.02650817908,-0.02144527601,,,0.01131779565,0.0002114928232,True,
2014-11-14,2014-11-13,NKY,GJR-skewt,GJR-skewt-AR1-expanding-refit21,1,0.01254652573,0.0001574153078,-0.03228216976,-0.02589884653,-0.0209784667,,,0.005621049682,0.0002173337068,True,
2014-11-17,2014-11-14,NKY,GJR-skewt,GJR-skewt-AR1-expanding-refit21,1,0.01210514946,0.0001465346436,-0.03104889958,-0.02489013631,-0.02014285132,,,-0.03000572346,0.0002993239389,True,
2014-11-18,2014-11-17,NKY,GJR-skewt,GJR-skewt-AR1-expanding-refit21,1,0.01621049531,0.0002627801584,-0.04085259511,-0.03260514608,-0.02624786472,,,0.02157909167,0.0001125322464,True,
2014-11-19,2014-11-18,NKY,GJR-skewt,GJR-skewt-AR1-expanding-refit21,1,0.01587455343,0.0002520014465,-0.04096606039,-0.03288952924,-0.02666399445,,,-0.003194115415,0.000117569758,True,
2014-11-20,2014-11-19,NKY,GJR-skewt,GJR-skewt-AR1-expanding-refit21,1,0.01521569286,0.0002315173093,-0.03881900121,-0.03107767999,-0.025110531,,,0.0007001744577,8.86615083e-05,True,
2014-11-21,2014-11-20,NKY,GJR-skewt,GJR-skewt-AR1-expanding-refit21,1,0.01456342074,0.0002120932235,-0.03722812374,-0.02981866043,-0.02410731346,,,0.0032690771,0.0002256679215,True,
2014-11-25,2014-11-21,NKY,GJR-skewt,GJR-skewt-AR1-expanding-refit21,1,0.01396259569,0.0001949540783,-0.03574356678,-0.02863978654,-0.02316406556,,,0.002882739473,7.142784179e-05,True,
2014-11-26,2014-11-25,NKY,GJR-skewt,GJR-skewt-AR1-expanding-refit21,1,0.01339857493,0.0001795218101,-0.03429730676,-0.02748048459,-0.02222595603,,,-0.00138190487,4.550964832e-05,True,
2014-11-27,2014-11-26,NKY,GJR-skewt,GJR-skewt-AR1-expanding-refit21,1,0.01287113874,0.0001656662124,-0.03287141579,-0.02632293848,-0.02127525494,,,-0.007800903942,7.7283381e-05,True,
2014-11-28,2014-11-27,NKY,GJR-skewt,GJR-skewt-AR1-expanding-refit21,1,0.01271253268,0.000161608487,-0.0323459907,-0.02587820774,-0.02089272485,,,0.0121787538,4.973915679e-05,True,
2014-12-01,2014-11-28,NKY,GJR-skewt,GJR-skewt-AR1-expanding-refit21,1,0.01238051387,0.0001532771236,-0.03187482097,-0.02557595995,-0.02072068511,,,0.007432284638,0.00012642296,True,
2014-12-02,2014-12-01,NKY,GJR-skewt,GJR-skewt-AR1-expanding-refit21,1,0.0119786368,0.0001434877396,-0.03076020469,-0.02466580753,-0.0199681371,,,0.004148329531,8.702793102e-05,True,
2014-12-03,2014-12-02,NKY,GJR-skewt,GJR-skewt-AR1-expanding-refit21,1,0.01155929842,0.0001336173799,-0.02962855606,-0.02374750661,-0.01921428841,,,0.003233642613,0.0001133070928,True,
2014-12-04,2014-12-03,NKY,GJR-skewt,GJR-skewt-AR1-expanding-refit21,1,0.01116071154,0.000124561482,-0.02859442818,-0.02291616864,-0.01853926454,,,0.00936779111,5.014843596e-05,True,
2014-12-05,2014-12-04,NKY,GJR-skewt,GJR-skewt-AR1-expanding-refit21,1,0.01088766416,0.0001185412308,-0.02801321262,-0.02247387199,-0.01820404907,,,0.001856490449,6.074190415e-05,True,
2014-12-08,2014-12-05,NKY,GJR-skewt,GJR-skewt-AR1-expanding-refit21,1,0.01052854999,0.0001108503648,-0.026955678,-0.02159904467,-0.01747005581,,,0.0008473540186,0.0001112938091,True,
2014-12-09,2014-12-08,NKY,GJR-skewt,GJR-skewt-AR1-expanding-refit21,1,0.01019106654,0.0001038578373,-0.02607566681,-0.02089073567,-0.01689409793,,,-0.006839920736,5.280906481e-05,True,
2014-12-10,2014-12-09,NKY,GJR-skewt,GJR-skewt-AR1-expanding-refit21,1,0.01020219357,0.0001040847537,-0.02595942094,-0.02076882868,-0.01676782724,,,-0.02275697051,0.0002263994167,True,
2014-12-11,2014-12-10,NKY,GJR-skewt,GJR-skewt-AR1-expanding-refit21,1,0.01311122771,0.0001719042921,-0.03311386665,-0.02642297993,-0.0212679872,,,-0.008951878495,0.0002259108923,True,
2014-12-12,2014-12-11,NKY,GJR-skewt,GJR-skewt-AR1-expanding-refit21,1,0.01307695779,0.000171006825,-0.03329452551,-0.02662112732,-0.02147960863,,,0.006594482554,0.000165586727,True,
2014-12-15,2014-12-12,NKY,GJR-skewt,GJR-skewt-AR1-expanding-refit21,1,0.0126073863,0.0001589461894,-0.03239679841,-0.02596303068,-0.02100613525,,,-0.01579214417,0.0002141748148,True,
2014-12-16,2014-12-15,NKY,GJR-skewt,GJR-skewt-AR1-expanding-refit21,1,0.01347560266,0.0001815918672,-0.034180183,-0.02730334942,-0.02200509397,,,-0.0203275597,0.0001314381335,True,
2014-12-17,2014-12-16,NKY,GJR-skewt,GJR-skewt-AR1-expanding-refit21,1,0.0150814921,0.0002274514039,-0.0381951917,-0.03049884491,-0.02456919563,,,0.003836791756,0.0002116052183,True,
2014-12-18,2014-12-17,NKY,GJR-skewt,GJR-skewt-AR1-expanding-refit21,1,0.01444961556,0.0002087913898,-0.03705020669,-0.02967631746,-0.02399510554,,,0.02294093079,0.0001005456178,True,
2014-12-19,2014-12-18,NKY,GJR-skewt,GJR-skewt-AR1-expanding-refit21,1,0.0143534709,0.0002060221269,-0.03717572811,-0.02985090316,-0.02420749281,,,0.02362053382,7.029726102e-05,True,
2014-12-22,2014-12-19,NKY,GJR-skewt,GJR-skewt-AR1-expanding-refit21,1,0.01431327568,0.0002048698606,-0.03708623137,-0.02978191874,-0.02415431211,,,0.0007794429233,6.518825383e-05,True,
2014-12-24,2014-12-22,NKY,GJR-skewt,GJR-skewt-AR1-expanding-refit21,1,0.01372031091,0.0001882469316,-0.03512739546,-0.02812568302,-0.02273121467,,,0.01234694369,2.275985167e-05,True,
2014-12-25,2014-12-24,NKY,GJR-skewt,GJR-skewt-AR1-expanding-refit21,1,0.01332031371,0.0001774307574,-0.03433012853,-0.0275325416,-0.02229534171,,,-0.002550571716,,True,
2014-12-26,2014-12-25,NKY,GJR-skewt,GJR-skewt-AR1-expanding-refit21,1,0.0128181377,0.0001643046541,-0.03275759876,-0.02621628095,-0.02117652357,,,0.0005732021514,,True,
2014-12-29,2014-12-26,NKY,GJR-skewt,GJR-skewt-AR1-expanding-refit21,1,0.01232131559,0.0001518148179,-0.03154888553,-0.02526110465,-0.02041668476,,,-0.005014024932,,True,
2014-12-30,2014-12-29,NKY,GJR-skewt,GJR-skewt-AR1-expanding-refit21,1,0.01200310481,0.000144074525,-0.03062728642,-0.02450189401,-0.01978258631,,,-0.01586533995,0.0001180977208,True,
2015-01-05,2014-12-30,NKY,GJR-skewt,GJR-skewt-AR1-expanding-refit21,1,0.01302250286,0.0001695855808,-0.03302106827,-0.02637545938,-0.02125535095,,,-0.002413037133,0.0002950488498,True,
2015-01-06,2015-01-05,NKY,GJR-skewt,GJR-skewt-AR1-expanding-refit21,1,0.01255199679,0.0001575526235,-0.03208026763,-0.02567476613,-0.02073964842,,,-0.0306522899,0.0001338580926,True,
2015-01-07,2015-01-06,NKY,GJR-skewt,GJR-skewt-AR1-expanding-refit21,1,0.01670605382,0.0002790922342,-0.04214542798,-0.03362003919,-0.02705165461,,,0.0001267825793,0.0001670655259,True,
2015-01-08,2015-01-07,NKY,GJR-skewt,GJR-skewt-AR1-expanding-refit21,1,0.01596309038,0.0002548202544,-0.04084512833,-0.03269888666,-0.02642261592,,,0.01654953633,0.000116863558,True,
2015-01-09,2015-01-08,NKY,GJR-skewt,GJR-skewt-AR1-expanding-refit21,1,0.01550579307,0.0002404296187,-0.03999578985,-0.03208291493,-0.02598644157,,,0.001782687011,0.0001574354759,True,
2015-01-13,2015-01-09,NKY,GJR-skewt,GJR-skewt-AR1-expanding-refit21,1,0.01484022955,0.000220232413,-0.03800833557,-0.03043510924,-0.02460031809,,,-0.006417879024,0.0001813161838,True,
2015-01-14,2015-01-13,NKY,GJR-skewt,GJR-skewt-AR1-expanding-refit21,1,0.01441077409,0.0002076704098,-0.036751726,-0.02939765823,-0.02373171777,,,-0.0172211094,0.0002152329105,True,
2015-01-15,2015-01-14,NKY,GJR-skewt,GJR-skewt-AR1-expanding-refit21,1,0.01526974959,0.0002331652527,-0.03873655447,-0.03094413662,-0.02494046939,,,0.0184486232,0.0002083362357,True,
2015-01-16,2015-01-15,NKY,GJR-skewt,GJR-skewt-AR1-expanding-refit21,1,0.01491678485,0.0002225104702,-0.03850451367,-0.03090135977,-0.02504071562,,,-0.014396391,0.0002316983395,True,
2015-01-19,2015-01-16,NKY,GJR-skewt,GJR-skewt-AR1-expanding-refit21,1,0.01522837104,0.0002319032846,-0.03869446975,-0.03093249894,-0.02494943593,,,0.00886285448,0.0001942978318,True,
2015-01-20,2015-01-19,NKY,GJR-skewt,GJR-skewt-AR1-expanding-refit21,1,0.01464463679,0.0002144653866,-0.03763251287,-0.0301680741,-0.024414354,,,0.02047806759,0.0001082019562,True,
2015-01-21,2015-01-20,NKY,GJR-skewt,GJR-skewt-AR1-expanding-refit21,1,0.01443020215,0.0002082307342,-0.03729905734,-0.02994391689,-0.02427444584,,,-0.004954023573,0.0001153032999,True,
2015-01-22,2015-01-21,NKY,GJR-skewt,GJR-skewt-AR1-expanding-refit21,1,0.01393306001,0.0001941301614,-0.03556000533,-0.02845826051,-0.02298411126,,,0.002804957704,0.0001046019967,True,
2015-01-23,2015-01-22,NKY,GJR-skewt,GJR-skewt-AR1-expanding-refit21,1,0.01337102736,0.0001787843726,-0.03426752552,-0.02745225134,-0.02219891866,,,0.01048955852,4.378918374e-05,True,
2015-01-26,2015-01-23,NKY,GJR-skewt,GJR-skewt-AR1-expanding-refit21,1,0.01295386405,0.0001678025938,-0.03334371872,-0.02674107459,-0.02165164089,,,-0.002471707199,7.018137358e-05,True,
2015-01-27,2015-01-26,NKY,GJR-skewt,GJR-skewt-AR1-expanding-refit21,1,0.01247624777,0.0001556567584,-0.03188460999,-0.02552540908,-0.02062362567,,,0.01701563764,5.889019712e-05,True,
2015-01-28,2015-01-27,NKY,GJR-skewt,GJR-skewt-AR1-expanding-refit21,1,0.01231989031,0.0001517796972,-0.03184473194,-0.02556522714,-0.0207248749,,,0.001542552656,7.512479676e-05,True,
2015-01-29,2015-01-28,NKY,GJR-skewt,GJR-skewt-AR1-expanding-refit21,1,0.01186084751,0.0001406797036,-0.03038672692,-0.02434119836,-0.01968119908,,,-0.01070627883,0.0001144215722,True,
2015-01-30,2015-01-29,NKY,GJR-skewt,GJR-skewt-AR1-expanding-refit21,1,0.01211015082,0.0001466557528,-0.03079755954,-0.02462495993,-0.01986701207,,,0.003864445784,9.52371105e-05,True,
2015-02-02,2015-01-30,NKY,GJR-skewt,GJR-skewt-AR1-expanding-refit21,1,0.0116770911,0.0001363544566,-0.0299601864,-0.02400831932,-0.01942051596,,,-0.006604823115,0.0001177526352,True,
2015-02-03,2015-02-02,NKY,GJR-skewt,GJR-skewt-AR1-expanding-refit21,1,0.01151957227,0.0001327005454,-0.02936468815,-0.02349310914,-0.01896719323,,,-0.01273532194,0.0002338194166,True,
2015-02-04,2015-02-03,NKY,GJR-skewt,GJR-skewt-AR1-expanding-refit21,1,0.01211425236,0.0001467551102,-0.03077060353,-0.02459591334,-0.01983635403,,,0.01958621153,9.850567564e-05,True,
2015-02-05,2015-02-04,NKY,GJR-skewt,GJR-skewt-AR1-expanding-refit21,1,0.01208728117,0.0001461023661,-0.03129799282,-0.02513704998,-0.02038808736,,,-0.009898003754,0.0001549701732,True,
2015-02-06,2015-02-05,NKY,GJR-skewt,GJR-skewt-AR1-expanding-refit21,1,0.01217618429,0.000148259464,-0.03098114277,-0.02477488559,-0.01999099389,,,0.008185996974,5.368856494e-05,True,
2015-02-09,2015-02-06,NKY,GJR-skewt,GJR-skewt-AR1-expanding-refit21,1,0.01179636819,0.0001391543024,-0.03034458634,-0.02433192319,-0.01969725714,,,0.003587612401,7.235962562e-05,True,
2015-02-10,2015-02-09,NKY,GJR-skewt,GJR-skewt-AR1-expanding-refit21,1,0.01138588519,0.0001296383816,-0.02921124104,-0.02340780296,-0.01893441126,,,-0.003350810682,5.524637421e-05,True,
2015-02-12,2015-02-10,NKY,GJR-skewt,GJR-skewt-AR1-expanding-refit21,1,0.01105413585,0.0001221939194,-0.02823583795,-0.02260149403,-0.01825844308,,,0.01835689934,3.777690617e-05,True,
2015-02-13,2015-02-12,NKY,GJR-skewt,GJR-skewt-AR1-expanding-refit21,1,0.01109071898,0.0001230040475,-0.02872975764,-0.02307676713,-0.01871934306,,,-0.00369772644,,True,
2015-02-16,2015-02-13,NKY,GJR-skewt,GJR-skewt-AR1-expanding-refit21,1,0.01078473579,0.0001163105261,-0.02754129919,-0.02204426972,-0.01780706315,,,0.00508992813,,True,
2015-02-17,2015-02-16,NKY,GJR-skewt,GJR-skewt-AR1-expanding-refit21,1,0.01045149384,0.0001092337235,-0.02683982244,-0.02151778093,-0.01741440953,,,-0.0009824272339,,True,
2015-02-18,2015-02-17,NKY,GJR-skewt,GJR-skewt-AR1-expanding-refit21,1,0.01012447251,0.0001025049436,-0.02588448604,-0.0207289682,-0.01675398897,,,0.0117217148,,True,
2015-02-19,2015-02-18,NKY,GJR-skewt,GJR-skewt-AR1-expanding-refit21,1,0.01000130162,0.000100026034,-0.02582168575,-0.02072888819,-0.01680226721,,,0.003599127065,,True,
2015-02-20,2015-02-19,NKY,GJR-skewt,GJR-skewt-AR1-expanding-refit21,1,0.009723428847,9.454506855e-05,-0.02495122526,-0.01999992425,-0.01618239918,,,0.003689462571,,True,
2015-02-23,2015-02-20,NKY,GJR-skewt,GJR-skewt-AR1-expanding-refit21,1,0.009466425502,8.961321178e-05,-0.02429677611,-0.01947634468,-0.01575972194,,,0.007316445183,,True,
2015-02-24,2015-02-23,NKY,GJR-skewt,GJR-skewt-AR1-expanding-refit21,1,0.009288113022,8.626904351e-05,-0.02391332992,-0.0191836976,-0.0155370823,,,0.007367666187,,True,
2015-02-25,2015-02-24,NKY,GJR-skewt,GJR-skewt-AR1-expanding-refit21,1,0.009127845064,8.331755551e-05,-0.02350511243,-0.01885709071,-0.01527339838,,,-0.0009831621679,,True,
2015-02-26,2015-02-25,NKY,GJR-skewt,GJR-skewt-AR1-expanding-refit21,1,0.008901851969,7.924296848e-05,-0.02276260069,-0.01822965771,-0.01473469274,,,0.01073515985,,True,
2015-02-27,2015-02-26,NKY,GJR-skewt,GJR-skewt-AR1-expanding-refit21,1,0.008863837243,7.856761067e-05,-0.02289770828,-0.01838412291,-0.01490408294,,,0.0006465771708,,True,
2015-03-02,2015-02-27,NKY,GJR-skewt,GJR-skewt-AR1-expanding-refit21,1,0.008655384137,7.491567455e-05,-0.02216555344,-0.0177581152,-0.01435991621,,,0.001538421471,,True,
2015-03-03,2015-03-02,NKY,GJR-skewt,GJR-skewt-AR1-expanding-refit21,1,0.008466712608,7.168522239e-05,-0.02170146483,-0.01739010067,-0.01406597621,,,-0.0006227452105,,True,
2015-03-04,2015-03-03,NKY,GJR-skewt,GJR-skewt-AR1-expanding-refit21,1,0.008292188136,6.876038408e-05,-0.0212130103,-0.01699051635,-0.01373491212,,,-0.005946938517,,True,
2015-03-05,2015-03-04,NKY,GJR-skewt,GJR-skewt-AR1-expanding-refit21,1,0.008429367566,7.105423757e-05,-0.02145779943,-0.01716545187,-0.01385598948,,,0.002575874553,,True,
2015-03-06,2015-03-05,NKY,GJR-skewt,GJR-skewt-AR1-expanding-refit21,1,0.008265559051,6.831946642e-05,-0.02120838923,-0.01699945518,-0.01375430581,,,0.01161962497,,True,
2015-03-09,2015-03-06,NKY,GJR-skewt,GJR-skewt-AR1-expanding-refit21,1,0.008326791928,6.93354638e-05,-0.02154392686,-0.0173038122,-0.01403462213,,,-0.009557371974,,True,
2015-03-10,2015-03-09,NKY,GJR-skewt,GJR-skewt-AR1-expanding-refit21,1,0.008879024376,7.883707387e-05,-0.02253443112,-0.01801311225,-0.01452710965,,,-0.006698152881,,True,
2015-03-11,2015-03-10,NKY,GJR-skewt,GJR-skewt-AR1-expanding-refit21,1,0.009043008082,8.177599518e-05,-0.02300980111,-0.01840497953,-0.01485459513,,,0.003124489944,,True,
2015-03-12,2015-03-11,NKY,GJR-skewt,GJR-skewt-AR1-expanding-refit21,1,0.008832744761,7.801738001e-05,-0.02266752557,-0.0181697729,-0.01470194019,,,0.01419047983,,True,
2015-03-13,2015-03-12,NKY,GJR-skewt,GJR-skewt-AR1-expanding-refit21,1,0.008933892129,7.981442857e-05,-0.02314504856,-0.0185957903,-0.01508824602,,,0.0137608733,,True,
2015-03-16,2015-03-13,NKY,GJR-skewt,GJR-skewt-AR1-expanding-refit21,1,0.009014912731,8.126865154e-05,-0.02334341685,-0.0187529018,-0.01521354794,,,-0.0004254225489,,True,
2015-03-17,2015-03-16,NKY,GJR-skewt,GJR-skewt-AR1-expanding-refit21,1,0.008793094289,7.731850717e-05,-0.02249594654,-0.01801838443,-0.01456611893,,,0.009872073098,,True,
2015-03-18,2015-03-17,NKY,GJR-skewt,GJR-skewt-AR1-expanding-refit21,1,0.008724192782,7.611153969e-05,-0.0224895409,-0.01805106941,-0.01462762658,,,0.005514451533,,True,
2015-03-19,2015-03-18,NKY,GJR-skewt,GJR-skewt-AR1-expanding-refit21,1,0.008574792469,7.352706589e-05,-0.02202403316,-0.01766156974,-0.01429675278,,,-0.003481198185,,True,
2015-03-20,2015-03-19,NKY,GJR-skewt,GJR-skewt-AR1-expanding-refit21,1,0.008481775988,7.194052391e-05,-0.02161296561,-0.01729782473,-0.01396950818,,,0.004286228291,,True,
2015-03-23,2015-03-20,NKY,GJR-skewt,GJR-skewt-AR1-expanding-refit21,1,0.0083303581,6.939486607e-05,-0.0213762988,-0.01713819245,-0.01386929348,,,0.009876247317,4.515074157e-05,True,
2015-03-24,2015-03-23,NKY,GJR-skewt,GJR-skewt-AR1-expanding-refit21,1,0.008323001023,6.927234604e-05,-0.02146539383,-0.01723103041,-0.01396501842,,,-0.002073090759,5.636916452e-05,True,
2015-03-25,2015-03-24,NKY,GJR-skewt,GJR-skewt-AR1-expanding-refit21,1,0.00818640154,6.701717017e-05,-0.02088605959,-0.01672119176,-0.0135087825,,,0.001659923938,,True,
2015-03-26,2015-03-25,NKY,GJR-skewt,GJR-skewt-AR1-expanding-refit21,1,0.008035864278,6.45751147e-05,-0.02057378406,-0.01648550273,-0.01333216549,,,-0.01402873031,,True,
2015-03-27,2015-03-26,NKY,GJR-skewt,GJR-skewt-AR1-expanding-refit21,1,0.009495333966,9.016136713e-05,-0.02399699291,-0.01916619995,-0.01544015516,,,-0.009571994362,,True,
2015-03-30,2015-03-27,NKY,GJR-skewt,GJR-skewt-AR1-expanding-refit21,1,0.009950171851,9.900591986e-05,-0.02524418413,-0.0201819904,-0.01627746359,,,0.006500238844,,True,
2015-03-31,2015-03-30,NKY,GJR-skewt,GJR-skewt-AR1-expanding-refit21,1,0.009708315787,9.425139542e-05,-0.02493689994,-0.01999775154,-0.01618813099,,,-0.01058625519,0.0001676494993,True,
2015-04-01,2015-03-31,NKY,GJR-skewt,GJR-skewt-AR1-expanding-refit21,1,0.01022053852,0.0001044594076,-0.02591484675,-0.02071510279,-0.01670448195,,,-0.009003311429,0.0003599652115,True,
2015-04-02,2015-04-01,NKY,GJR-skewt,GJR-skewt-AR1-expanding-refit21,1,0.01049311101,0.0001101053787,-0.02664126216,-0.02130284574,-0.01718526528,,,0.01449654623,0.0001625304411,True,
2015-04-03,2015-04-02,NKY,GJR-skewt,GJR-skewt-AR1-expanding-refit21,1,0.01042044883,0.0001085857538,-0.02690926352,-0.0216078143,-0.01751874706,,,0.006312162643,,True,
2015-04-06,2015-04-03,NKY,GJR-skewt,GJR-skewt-AR1-expanding-refit21,1,0.0101457561,0.0001029363668,-0.02605003925,-0.02088834116,-0.01690706554,,,-0.001910723531,,True,
2015-04-07,2015-04-06,NKY,GJR-skewt,GJR-skewt-AR1-expanding-refit21,1,0.009856742688,9.715537641e-05,-0.02515351177,-0.02013885054,-0.01627098608,,,0.01242678843,8.179052369e-05,True,
2015-04-08,2015-04-07,NKY,GJR-skewt,GJR-skewt-AR1-expanding-refit21,1,0.009777798525,9.560534399e-05,-0.02522865858,-0.02025416054,-0.0164172744,,,0.007571436955,8.368511951e-05,True,
2015-04-09,2015-04-08,NKY,GJR-skewt,GJR-skewt-AR1-expanding-refit21,1,0.009579299568,9.176298021e-05,-0.02462819854,-0.01975468771,-0.01599569415,,,0.007446263524,,True,
2015-04-10,2015-04-09,NKY,GJR-skewt,GJR-skewt-AR1-expanding-refit21,1,0.009392979703,8.82280677e-05,-0.02415011524,-0.01937139546,-0.0156855153,,,-0.001510331546,,True,
2015-04-13,2015-04-10,NKY,GJR-skewt,GJR-skewt-AR1-expanding-refit21,1,0.009153114494,8.377950493e-05,-0.02336490203,-0.01870821473,-0.01511645959,,,-0.00010900535,5.916488094e-05,True,
2015-04-14,2015-04-13,NKY,GJR-skewt,GJR-skewt-AR1-expanding-refit21,1,0.008918295497,7.953599456e-05,-0.02279246095,-0.01825523886,-0.01475562857,,,0.0001616887847,2.60931908e-05,True,
2015-04-15,2015-04-14,NKY,GJR-skewt,GJR-skewt-AR1-expanding-refit21,1,0.008702297143,7.572997557e-05,-0.02224624911,-0.01781891713,-0.01440406631,,,-0.00195683556,3.724272719e-05,True,
2015-04-16,2015-04-15,NKY,GJR-skewt,GJR-skewt-AR1-expanding-refit21,1,0.008513514823,7.247993464e-05,-0.02171868182,-0.01738876412,-0.01404823101,,,0.0008054105251,4.941449766e-05,True,
2015-04-17,2015-04-16,NKY,GJR-skewt,GJR-skewt-AR1-expanding-refit21,1,0.00832933218,6.937777456e-05,-0.0213002324,-0.01706398878,-0.01379572526,,,-0.01178044071,0.0001248842168,True,
2015-04-20,2015-04-17,NKY,GJR-skewt,GJR-skewt-AR1-expanding-refit21,1,0.009289069692,8.628681574e-05,-0.02351457497,-0.01879021516,-0.01514536981,,,-0.0009362108399,,True,
2015-04-21,2015-04-20,NKY,GJR-skewt,GJR-skewt-AR1-expanding-refit21,1,0.009051442788,8.192861655e-05,-0.02311119783,-0.0185076935,-0.0149560882,,,0.01388867794,,True,
2015-04-22,2015-04-21,NKY,GJR-skewt,GJR-skewt-AR1-expanding-refit21,1,0.009105999905,8.291923427e-05,-0.02352842352,-0.0188971718,-0.01532415938,,,0.01122857762,,True,
2015-04-23,2015-04-22,NKY,GJR-skewt,GJR-skewt-AR1-expanding-refit21,1,0.009067161573,8.2213419e-05,-0.02337939415,-0.01876789535,-0.01521012231,,,0.002666069672,,True,
2015-04-24,2015-04-23,NKY,GJR-skewt,GJR-skewt-AR1-expanding-refit21,1,0.008849387161,7.831165313e-05,-0.02266286589,-0.01816212573,-0.01468980302,,,-0.00833732568,,True,
2015-04-27,2015-04-24,NKY,GJR-skewt,GJR-skewt-AR1-expanding-refit21,1,0.009184544642,8.435586028e-05,-0.02331226387,-0.01864106481,-0.01503723301,,,-0.001835783839,,True,
2015-04-28,2015-04-27,NKY,GJR-skewt,GJR-skewt-AR1-expanding-refit21,1,0.008975959528,8.056784945e-05,-0.02290161672,-0.01833650268,-0.01481451551,,,0.003777458212,,True,
2015-04-30,2015-04-28,NKY,GJR-skewt,GJR-skewt-AR1-expanding-refit21,1,0.008774273839,7.698788139e-05,-0.02249193067,-0.01802939264,-0.0145865429,,,-0.02723531781,,True,
2015-05-01,2015-04-30,NKY,GJR-skewt,GJR-skewt-AR1-expanding-refit21,1,0.01336637251,0.0001786599139,-0.03363457073,-0.02683652149,-0.02159182399,,,0.0005951652814,,True,
2015-05-07,2015-05-01,NKY,GJR-skewt,GJR-skewt-AR1-expanding-refit21,1,0.01282913603,0.0001645867313,-0.03278471909,-0.0262599048,-0.02122600815,,,-0.012345251,,True,
2015-05-08,2015-05-07,NKY,GJR-skewt,GJR-skewt-AR1-expanding-refit21,1,0.01317677907,0.0001736275065,-0.03342967872,-0.02672805546,-0.02155775064,,,0.004509785764,,True,
2015-05-11,2015-05-08,NKY,GJR-skewt,GJR-skewt-AR1-expanding-refit21,1,0.01267122557,0.0001605599574,-0.0324549497,-0.02601044763,-0.0210385119,,,0.01239606092,,True,
2015-05-12,2015-05-11,NKY,GJR-skewt,GJR-skewt-AR1-expanding-refit21,1,0.01234791514,0.0001524710084,-0.0317773588,-0.02549729028,-0.0206522151,,,0.0002002601562,,True,
2015-05-13,2015-05-12,NKY,GJR-skewt,GJR-skewt-AR1-expanding-refit21,1,0.01187875934,0.0001411049234,-0.0303509131,-0.02430945415,-0.01964846633,,,0.007102462993,,True,
2015-05-14,2015-05-13,NKY,GJR-skewt,GJR-skewt-AR1-expanding-refit21,1,0.01149974011,0.0001322440225,-0.02951264296,-0.0236639507,-0.01915168246,,,-0.009888508855,,True,
2015-05-15,2015-05-14,NKY,GJR-skewt,GJR-skewt-AR1-expanding-refit21,1,0.01168328664,0.0001364991868,-0.029662709,-0.02372066618,-0.01913637794,,,0.008278246248,,True,
2015-05-18,2015-05-15,NKY,GJR-skewt,GJR-skewt-AR1-expanding-refit21,1,0.0113362082,0.0001285096163,-0.02911717393,-0.02335165292,-0.01890355133,,,0.007942340802,,True,
2015-05-19,2015-05-18,NKY,GJR-skewt,GJR-skewt-AR1-expanding-refit21,1,0.01101573234,0.0001213463589,-0.02829267095,-0.02269014186,-0.0183677886,,,0.006819803576,,True,
2015-05-20,2015-05-19,NKY,GJR-skewt,GJR-skewt-AR1-expanding-refit21,1,0.01069919975,0.0001144728752,-0.02746348779,-0.0220219451,-0.0178237929,,,0.008461872727,,True,
2015-05-21,2015-05-20,NKY,GJR-skewt,GJR-skewt-AR1-expanding-refit21,1,0.01044558714,0.0001091102907,-0.02687816882,-0.02155229129,-0.01744493819,,,0.0003123108469,,True,
2015-05-22,2015-05-21,NKY,GJR-skewt,GJR-skewt-AR1-expanding-refit21,1,0.01011288631,0.0001022704696,-0.02587587918,-0.02071963538,-0.01674310496,,,0.003041522361,,True,
2015-05-25,2015-05-22,NKY,GJR-skewt,GJR-skewt-AR1-expanding-refit21,1,0.009817029671,9.637407157e-05,-0.02517045051,-0.02016505473,-0.01630485934,,,0.007343496801,,True,
2015-05-26,2015-05-25,NKY,GJR-skewt,GJR-skewt-AR1-expanding-refit21,1,0.00960630205,9.228103908e-05,-0.0247119323,-0.01981397994,-0.01603664564,,,0.001160842944,,True,
2015-05-27,2015-05-26,NKY,GJR-skewt,GJR-skewt-AR1-expanding-refit21,1,0.00933863975,8.721019239e-05,-0.02391254052,-0.01915106078,-0.01547897509,,,0.001715940683,,True,
2015-05-28,2015-05-27,NKY,GJR-skewt,GJR-skewt-AR1-expanding-refit21,1,0.009093734768,8.269601203e-05,-0.02329685046,-0.01866024009,-0.01508445452,,,0.003845596643,,True,
2015-05-29,2015-05-28,NKY,GJR-skewt,GJR-skewt-AR1-expanding-refit21,1,0.008886123185,7.896318527e-05,-0.02280582577,-0.01827507004,-0.01478092029,,,0.0005686275481,,True,
2015-06-01,2015-05-29,NKY,GJR-skewt,GJR-skewt-AR1-expanding-refit21,1,0.008673355977,7.522710391e-05,-0.02220089301,-0.01777862062,-0.01436813396,,,0.0003266840187,,True,
2015-06-02,2015-06-01,NKY,GJR-skewt,GJR-skewt-AR1-expanding-refit21,1,0.008477437823,7.186695204e-05,-0.02169557482,-0.01737319495,-0.01403974608,,,-0.001297869566,,True,
2015-06-03,2015-06-02,NKY,GJR-skewt,GJR-skewt-AR1-expanding-refit21,1,0.00831135443,6.907861245e-05,-0.02124076197,-0.01700306282,-0.0137349203,,,-0.003397628203,,True,
2015-06-04,2015-06-03,NKY,GJR-skewt,GJR-skewt-AR1-expanding-refit21,1,0.00824559945,6.798991029e-05,-0.0210335576,-0.01682938485,-0.01358709812,,,0.0007167515463,,True,
2015-06-05,2015-06-04,NKY,GJR-skewt,GJR-skewt-AR1-expanding-refit21,1,0.008085923245,6.538215473e-05,-0.02070204321,-0.01657928436,-0.01339978458,,,-0.001332828844,,True,
2015-06-08,2015-06-05,NKY,GJR-skewt,GJR-skewt-AR1-expanding-refit21,1,0.007954272509,6.327045114e-05,-0.0203273294,-0.01627169513,-0.01314396229,,,-0.0001813838341,,True,
2015-06-09,2015-06-08,NKY,GJR-skewt,GJR-skewt-AR1-expanding-refit21,1,0.007819262374,6.114086408e-05,-0.0200036655,-0.01601686867,-0.01294222373,,,-0.01779862572,,True,
2015-06-10,2015-06-09,NKY,GJR-skewt,GJR-skewt-AR1-expanding-refit21,1,0.01020282869,0.0001040977133,-0.02576837288,-0.02056627028,-0.01655437324,,,-0.002488197123,,True,
2015-06-11,2015-06-10,NKY,GJR-skewt,GJR-skewt-AR1-expanding-refit21,1,0.00994382948,9.887974473e-05,-0.02539155672,-0.0203215097,-0.01641145483,,,0.01665222242,,True,
2015-06-12,2015-06-11,NKY,GJR-skewt,GJR-skewt-AR1-expanding-refit21,1,0.01001676044,0.0001003354897,-0.02593458368,-0.02082735145,-0.01688861909,,,0.001182120755,,True,
2015-06-15,2015-06-12,NKY,GJR-skewt,GJR-skewt-AR1-expanding-refit21,1,0.009718602253,9.445122975e-05,-0.02488420609,-0.01992899537,-0.01610750304,,,-0.0009457572408,,True,
2015-06-16,2015-06-15,NKY,GJR-skewt,GJR-skewt-AR1-expanding-refit21,1,0.009446052918,8.922791574e-05,-0.0241478652,-0.01933161885,-0.01561729678,,,-0.006389357825,,True,
2015-06-17,2015-06-16,NKY,GJR-skewt,GJR-skewt-AR1-expanding-refit21,1,0.009498174862,9.02153257e-05,-0.02417968254,-0.01933686085,-0.01560204369,,,-0.00191070149,,True,
2015-06-18,2015-06-17,NKY,GJR-skewt,GJR-skewt-AR1-expanding-refit21,1,0.009267409006,8.588486969e-05,-0.02367323383,-0.01894807241,-0.01530399567,,,-0.01136290314,,True,
2015-06-19,2015-06-18,NKY,GJR-skewt,GJR-skewt-AR1-expanding-refit21,1,0.009963985758,9.928101219e-05,-0.02529223797,-0.02020193838,-0.01627949345,,,0.009133370775,,True,
2015-06-22,2015-06-19,NKY,GJR-skewt,GJR-skewt-AR1-expanding-refit21,1,0.009771912239,9.54902688e-05,-0.02517852689,-0.02018635187,-0.01633951903,,,0.01250922832,,True,
2015-06-23,2015-06-22,NKY,GJR-skewt,GJR-skewt-AR1-expanding-refit21,1,0.009708568699,9.425630617e-05,-0.02507871233,-0.02011889761,-0.01629700073,,,0.01848998218,,True,
2015-06-24,2015-06-23,NKY,GJR-skewt,GJR-skewt-AR1-expanding-refit21,1,0.009910406678,9.821616052e-05,-0.02570501222,-0.02064208457,-0.0167407317,,,0.002812524266,,True,
2015-06-25,2015-06-24,NKY,GJR-skewt,GJR-skewt-AR1-expanding-refit21,1,0.009626518908,9.266986629e-05,-0.02469030788,-0.01977240993,-0.01598281295,,,-0.00464122992,,True,
2015-06-26,2015-06-25,NKY,GJR-skewt,GJR-skewt-AR1-expanding-refit21,1,0.009507991764,9.040190739e-05,-0.02424992861,-0.0193925826,-0.01564964528,,,-0.003146282873,,True,
2015-06-29,2015-06-26,NKY,GJR-skewt,GJR-skewt-AR1-expanding-refit21,1,0.009319955061,8.686156235e-05,-0.02379659977,-0.01903531603,-0.01536640167,,,-0.02921609776,,True,
2015-06-30,2015-06-29,NKY,GJR-skewt,GJR-skewt-AR1-expanding-refit21,1,0.01429086693,0.0002042288776,-0.03602844867,-0.0287276761,-0.02310190144,,,0.00623519834,,True,
2015-07-01,2015-06-30,NKY,GJR-skewt,GJR-skewt-AR1-expanding-refit21,1,0.01372477742,0.0001883695152,-0.035233699,-0.02822212447,-0.02281919787,,,0.004614317214,,True,
2015-07-02,2015-07-01,NKY,GJR-skewt,GJR-skewt-AR1-expanding-refit21,1,0.01318609087,0.0001738729925,-0.0338262804,-0.02708990456,-0.02189903852,,,0.009457651017,,True,
2015-07-03,2015-07-02,NKY,GJR-skewt,GJR-skewt-AR1-expanding-refit21,1,0.01275565166,0.0001627066493,-0.0328147288,-0.02629825137,-0.02127683299,,,0.0008420894898,,True,
2015-07-06,2015-07-03,NKY,GJR-skewt,GJR-skewt-AR1-expanding-refit21,1,0.01225886004,0.0001502796496,-0.03138562822,-0.02512294663,-0.02029709635,,,-0.02104135907,,True,
2015-07-07,2015-07-06,NKY,GJR-skewt,GJR-skewt-AR1-expanding-refit21,1,0.01421307233,0.0002020114251,-0.03598005821,-0.02871902855,-0.02312387869,,,0.01306410938,,True,
2015-07-08,2015-07-07,NKY,GJR-skewt,GJR-skewt-AR1-expanding-refit21,1,0.01377708855,0.000189808169,-0.03549323848,-0.02845493977,-0.02303142025,,,-0.03185918097,,True,
2015-07-09,2015-07-08,NKY,GJR-skewt,GJR-skewt-AR1-expanding-refit21,1,0.01780214773,0.0003169164639,-0.04495906784,-0.03586448788,-0.02885645456,,,0.005953542774,,True,
2015-07-10,2015-07-09,NKY,GJR-skewt,GJR-skewt-AR1-expanding-refit21,1,0.01701045462,0.0002893555663,-0.04363087826,-0.03494075042,-0.02824437678,,,-0.003818311178,,True,
2015-07-13,2015-07-10,NKY,GJR-skewt,GJR-skewt-AR1-expanding-refit21,1,0.01630330033,0.0002657976017,-0.04164252831,-0.03331366426,-0.02689567056,,,0.01554797122,,True,
2015-07-14,2015-07-13,NKY,GJR-skewt,GJR-skewt-AR1-expanding-refit21,1,0.01578392893,0.0002491324124,-0.04067101724,-0.03260748435,-0.02639394757,,,0.01460482155,,True,
2015-07-15,2015-07-14,NKY,GJR-skewt,GJR-skewt-AR1-expanding-refit21,1,0.01528749893,0.0002337076235,-0.03938414163,-0.03157421984,-0.0255561088,,,0.003818979349,,True,
2015-07-16,2015-07-15,NKY,GJR-skewt,GJR-skewt-AR1-expanding-refit21,1,0.01464209838,0.0002143910448,-0.03753503842,-0.0300548323,-0.02429079109,,,0.006662351486,,True,
2015-07-17,2015-07-16,NKY,GJR-skewt,GJR-skewt-AR1-expanding-refit21,1,0.01406519425,0.0001978296892,-0.03611210375,-0.02892662054,-0.02338968469,,,0.002463007325,,True,
2015-07-21,2015-07-17,NKY,GJR-skewt,GJR-skewt-AR1-expanding-refit21,1,0.01349153512,0.0001820215199,-0.03462852845,-0.02770986542,-0.02238186735,,,0.009208909155,,True,
2015-07-22,2015-07-21,NKY,GJR-skewt,GJR-skewt-AR1-expanding-refit21,1,0.01303546289,0.0001699232929,-0.03358668247,-0.02690190017,-0.02175401148,,,-0.01198503262,,True,
2015-07-23,2015-07-22,NKY,GJR-skewt,GJR-skewt-AR1-expanding-refit21,1,0.01328701012,0.000176544638,-0.03383347742,-0.0270196979,-0.02177246965,,,0.004374256356,,True,
2015-07-24,2015-07-23,NKY,GJR-skewt,GJR-skewt-AR1-expanding-refit21,1,0.01277448277,0.0001631874101,-0.03282736719,-0.02627641944,-0.02123159549,,,-0.006763308104,,True,
2015-07-27,2015-07-24,NKY,GJR-skewt,GJR-skewt-AR1-expanding-refit21,1,0.01253195036,0.0001570497798,-0.03199705661,-0.02557048315,-0.02062143868,,,-0.009508884672,,True,
2015-07-28,2015-07-27,NKY,GJR-skewt,GJR-skewt-AR1-expanding-refit21,1,0.01258477191,0.0001583764839,-0.03208086733,-0.02562720618,-0.02065730174,,,-0.001042749183,,True,
2015-07-29,2015-07-28,NKY,GJR-skewt,GJR-skewt-AR1-expanding-refit21,1,0.01210922595,0.0001466333531,-0.03102140689,-0.02481161289,-0.02002950827,,,-0.001278824125,,True,
2015-07-30,2015-07-29,NKY,GJR-skewt,GJR-skewt-AR1-expanding-refit21,1,0.01166730821,0.000136126081,-0.02988482603,-0.02390165412,-0.01929406906,,,0.01077369551,,True,
2015-07-31,2015-07-30,NKY,GJR-skewt,GJR-skewt-AR1-expanding-refit21,1,0.01138187271,0.0001295470264,-0.02937969916,-0.02354290289,-0.01904804035,,,0.003036396381,,True,
2015-08-03,2015-07-31,NKY,GJR-skewt,GJR-skewt-AR1-expanding-refit21,1,0.01099305437,0.0001208472444,-0.02823841434,-0.02260100999,-0.01825969731,,,-0.001805389565,,True,
2015-08-04,2015-08-03,NKY,GJR-skewt,GJR-skewt-AR1-expanding-refit21,1,0.01063890719,0.0001131863462,-0.02724028001,-0.02178448768,-0.01758303274,,,-0.001351401942,,True,
2015-08-05,2015-08-04,NKY,GJR-skewt,GJR-skewt-AR1-expanding-refit21,1,0.01030311391,0.0001061541563,-0.0263885271,-0.02110493464,-0.01703608921,,,0.00455586014,,True,
2015-08-06,2015-08-05,NKY,GJR-skewt,GJR-skewt-AR1-expanding-refit21,1,0.01000649003,0.0001001298428,-0.02573943802,-0.02060795877,-0.0166562543,,,0.002440928087,,True,
2015-08-07,2015-08-06,NKY,GJR-skewt,GJR-skewt-AR1-expanding-refit21,1,0.009713289297,9.434798897e-05,-0.02494860456,-0.01996748307,-0.01613156773,,,0.002905174915,,True,
2015-08-10,2015-08-07,NKY,GJR-skewt,GJR-skewt-AR1-expanding-refit21,1,0.00944581326,8.922338813e-05,-0.02427206647,-0.01942811073,-0.01569782546,,,0.004051164552,,True,
2015-08-11,2015-08-10,NKY,GJR-skewt,GJR-skewt-AR1-expanding-refit21,1,0.009211066971,8.484375475e-05,-0.02369216991,-0.01896859562,-0.01533101497,,,-0.004235047841,,True,
2015-08-12,2015-08-11,NKY,GJR-skewt,GJR-skewt-AR1-expanding-refit21,1,0.009104872655,8.289870606e-05,-0.02326464237,-0.01859552613,-0.01499988312,,,-0.01595521043,,True,
2015-08-13,2015-08-12,NKY,GJR-skewt,GJR-skewt-AR1-expanding-refit21,1,0.01073111699,0.0001151568719,-0.02721103083,-0.02170795192,-0.01747008202,,,0.009894667695,,True,
2015-08-14,2015-08-13,NKY,GJR-skewt,GJR-skewt-AR1-expanding-refit21,1,0.01049338345,0.0001101110963,-0.02708698093,-0.02170581538,-0.01756182981,,,-0.003701892103,,True,
2015-08-17,2015-08-14,NKY,GJR-skewt,GJR-skewt-AR1-expanding-refit21,1,0.0102405093,0.0001048680308,-0.02618403959,-0.02093255172,-0.01688842973,,,0.004900897661,,True,
2015-08-18,2015-08-17,NKY,GJR-skewt,GJR-skewt-AR1-expanding-refit21,1,0.009952447288,9.905120703e-05,-0.02560745927,-0.02050369395,-0.01657333173,,,-0.00319560688,,True,
2015-08-19,2015-08-18,NKY,GJR-skewt,GJR-skewt-AR1-expanding-refit21,1,0.009695273235,9.399832309e-05,-0.02480778296,-0.01982842794,-0.01599554176,,,-0.01627615269,,True,
2015-08-20,2015-08-19,NKY,GJR-skewt,GJR-skewt-AR1-expanding-refit21,1,0.01125111444,0.0001265875761,-0.02854197247,-0.02276355944,-0.01831559392,,,-0.009395469726,,True,
2015-08-21,2015-08-20,NKY,GJR-skewt,GJR-skewt-AR1-expanding-refit21,1,0.01145480535,0.0001312125657,-0.02919758344,-0.02331455764,-0.01878606586,,,-0.03028857321,,True,
2015-08-24,2015-08-21,NKY,GJR-skewt,GJR-skewt-AR1-expanding-refit21,1,0.01594440512,0.0002542240547,-0.04030010109,-0.03211128044,-0.02580789026,,,-0.04715105377,,True,
2015-08-25,2015-08-24,NKY,GJR-skewt,GJR-skewt-AR1-expanding-refit21,1,0.02360117826,0.0005570156152,-0.05959903263,-0.04747780175,-0.03814741695,,,-0.04039247303,,True,
2015-08-26,2015-08-25,NKY,GJR-skewt,GJR-skewt-AR1-expanding-refit21,1,0.02732718688,0.0007467751427,-0.06928080208,-0.05524594594,-0.04444253748,,,0.03151588916,,True,
2015-08-27,2015-08-26,NKY,GJR-skewt,GJR-skewt-AR1-expanding-refit21,1,0.02644834,0.0006995146887,-0.06842332212,-0.0548398293,-0.04438386024,,,0.01069577616,,True,
2015-08-28,2015-08-27,NKY,GJR-skewt,GJR-skewt-AR1-expanding-refit21,1,0.02519634594,0.0006348558489,-0.06481020245,-0.05186971603,-0.04190870474,,,0.02980170375,,True,
2015-08-31,2015-08-28,NKY,GJR-skewt,GJR-skewt-AR1-expanding-refit21,1,0.02445397824,0.0005979970518,-0.06327804481,-0.05071882794,-0.04105130099,,,-0.0129299999,,True,
2015-09-01,2015-08-31,NKY,GJR-skewt,GJR-skewt-AR1-expanding-refit21,1,0.02370772315,0.0005620561372,-0.06053611051,-0.04836015968,-0.03898765389,,,-0.03912349653,,True,
2015-09-02,2015-09-01,NKY,GJR-skewt,GJR-skewt-AR1-expanding-refit21,1,0.02700111047,0.0007290599665,-0.06846961313,-0.05460222522,-0.04392772635,,,-0.003876835933,,True,
2015-09-03,2015-09-02,NKY,GJR-skewt,GJR-skewt-AR1-expanding-refit21,1,0.0257075938,0.000660880379,-0.06583790385,-0.05263484778,-0.04247172203,,,0.004795793476,,True,
2015-09-04,2015-09-03,NKY,GJR-skewt,GJR-skewt-AR1-expanding-refit21,1,0.0244405261,0.0005973393162,-0.06275838352,-0.05020607547,-0.04054386663,,,-0.02169565753,,True,
2015-09-07,2015-09-04,NKY,GJR-skewt,GJR-skewt-AR1-expanding-refit21,1,0.02462149798,0.0006062181627,-0.06270825324,-0.0500630006,-0.04032924714,,,0.003832010258,,True,
2015-09-08,2015-09-07,NKY,GJR-skewt,GJR-skewt-AR1-expanding-refit21,1,0.02341048841,0.0005480509674,-0.06009945504,-0.04807615976,-0.03882116144,,,-0.02456460725,,True,
2015-09-09,2015-09-08,NKY,GJR-skewt,GJR-skewt-AR1-expanding-refit21,1,0.02410408838,0.0005810070764,-0.06132634574,-0.04894682734,-0.0394176243,,,0.07426168616,,True,
2015-09-10,2015-09-09,NKY,GJR-skewt,GJR-skewt-AR1-expanding-refit21,1,0.02595623207,0.0006737259832,-0.0679913146,-0.05466056143,-0.04439914014,,,-0.02540676138,,True,
2015-09-11,2015-09-10,NKY,GJR-skewt,GJR-skewt-AR1-expanding-refit21,1,0.0262685128,0.0006900347648,-0.06685793391,-0.05336679779,-0.04298192082,,,-0.001936254574,,True,
2015-09-14,2015-09-11,NKY,GJR-skewt,GJR-skewt-AR1-expanding-refit21,1,0.02497374758,0.0006236880682,-0.063994536,-0.05116837295,-0.0412953627,,,-0.01647965199,,True,
2015-09-15,2015-09-14,NKY,GJR-skewt,GJR-skewt-AR1-expanding-refit21,1,0.02454004259,0.0006022136901,-0.06260066814,-0.04999724983,-0.04029569859,,,0.003377473012,,True,
2015-09-16,2015-09-15,NKY,GJR-skewt,GJR-skewt-AR1-expanding-refit21,1,0.02333235618,0.0005443988449,-0.05989036458,-0.04790719691,-0.03868308703,,,0.00801810025,,True,
2015-09-17,2015-09-16,NKY,GJR-skewt,GJR-skewt-AR1-expanding-refit21,1,0.02221120119,0.0004933374582,-0.05714480858,-0.04571559843,-0.03692447621,,,0.01424299304,,True,
2015-09-18,2015-09-17,NKY,GJR-skewt,GJR-skewt-AR1-expanding-refit21,1,0.02124922733,0.0004515296622,-0.05479561636,-0.04386140876,-0.03545103271,,,-0.01983812932,,True,
2015-09-24,2015-09-18,NKY,GJR-skewt,GJR-skewt-AR1-expanding-refit21,1,0.02154716119,0.0004642801552,-0.05491521471,-0.04382769939,-0.03529940207,,,-0.02796772189,,True,
2015-09-25,2015-09-24,NKY,GJR-skewt,GJR-skewt-AR1-expanding-refit21,1,0.02317235928,0.0005369582345,-0.05892917117,-0.04700537823,-0.03783383272,,,0.01741422383,,True,
2015-09-28,2015-09-25,NKY,GJR-skewt,GJR-skewt-AR1-expanding-refit21,1,0.02219553153,0.00049264162,-0.05728229274,-0.04586114571,-0.03707622549,,,-0.01325262393,,True,
2015-09-29,2015-09-28,NKY,GJR-skewt,GJR-skewt-AR1-expanding-refit21,1,0.02167086102,0.0004696262175,-0.05535695464,-0.04420578713,-0.03562852982,,,-0.0413218545,,True,
2015-09-30,2015-09-29,NKY,GJR-skewt,GJR-skewt-AR1-expanding-refit21,1,0.026011701,0.0006766085889,-0.06595790206,-0.05257307002,-0.04227772216,,,0.02665216063,,True,
2015-10-01,2015-09-30,NKY,GJR-skewt,GJR-skewt-AR1-expanding-refit21,1,0.02505671131,0.0006278387816,-0.06479420988,-0.05190078656,-0.04198342056,,,0.01904153803,,True,
2015-10-02,2015-10-01,NKY,GJR-skewt,GJR-skewt-AR1-expanding-refit21,1,0.02401154407,0.0005765542487,-0.06197006535,-0.04961445338,-0.04011076122,,,0.0001529549966,,True,
2015-10-05,2015-10-02,NKY,GJR-skewt,GJR-skewt-AR1-expanding-refit21,1,0.0228141984,0.0005204876486,-0.05854242228,-0.04680292806,-0.03777314148,,,0.01569326898,,True,
2015-10-06,2015-10-05,NKY,GJR-skewt,GJR-skewt-AR1-expanding-refit21,1,0.02183735909,0.0004768702522,-0.05633125057,-0.04509440821,-0.0364512515,,,0.009980820412,,True,
2015-10-07,2015-10-06,NKY,GJR-skewt,GJR-skewt-AR1-expanding-refit21,1,0.02083478334,0.000434088197,-0.05365221994,-0.04293127264,-0.03468493219,,,0.007498490845,,True,
2015-10-08,2015-10-07,NKY,GJR-skewt,GJR-skewt-AR1-expanding-refit21,1,0.01986352336,0.0003945595603,-0.05111457284,-0.04089340646,-0.0330314876,,,-0.009972098881,,True,
2015-10-09,2015-10-08,NKY,GJR-skewt,GJR-skewt-AR1-expanding-refit21,1,0.01927706103,0.0003716050819,-0.04928029796,-0.0393609073,-0.03173110835,,,0.01626614883,,True,
2015-10-13,2015-10-09,NKY,GJR-skewt,GJR-skewt-AR1-expanding-refit21,1,0.01854581414,0.0003439472221,-0.04790120912,-0.03835809592,-0.03101772214,,,-0.0111215069,,True,
2015-10-14,2015-10-13,NKY,GJR-skewt,GJR-skewt-AR1-expanding-refit21,1,0.01814558841,0.0003292623788,-0.04635700352,-0.03701983433,-0.02983786862,,,-0.01903078537,,True,
2015-10-15,2015-10-14,NKY,GJR-skewt,GJR-skewt-AR1-expanding-refit21,1,0.01878833352,0.0003530014766,-0.04785571268,-0.03818780636,-0.03075144419,,,0.01144288133,,True,
2015-10-16,2015-10-15,NKY,GJR-skewt,GJR-skewt-AR1-expanding-refit21,1,0.01799131851,0.0003236875416,-0.04638805321,-0.03713026663,-0.03000936045,,,0.0107122402,,True,
2015-10-19,2015-10-16,NKY,GJR-skewt,GJR-skewt-AR1-expanding-refit21,1,0.01724418562,0.0002973619378,-0.04445828208,-0.03558494741,-0.02875975403,,,-0.008817022895,,True,
2015-10-20,2015-10-19,NKY,GJR-skewt,GJR-skewt-AR1-expanding-refit21,1,0.01677364773,0.0002813552581,-0.04288235844,-0.0342511483,-0.02761219231,,,0.004178503756,,True,
2015-10-21,2015-10-20,NKY,GJR-skewt,GJR-skewt-AR1-expanding-refit21,1,0.0160224859,0.0002567200545,-0.04120179814,-0.03295711308,-0.02661546453,,,0.01888605698,,True,
2015-10-22,2015-10-21,NKY,GJR-skewt,GJR-skewt-AR1-expanding-refit21,1,0.01558405873,0.0002428628866,-0.04037874474,-0.0323589249,-0.02618776506,,,-0.006402275711,,True,
2015-10-23,2015-10-22,NKY,GJR-skewt,GJR-skewt-AR1-expanding-refit21,1,0.01506816748,0.0002270496712,-0.03857177857,-0.03081744508,-0.02485057396,,,0.02090357448,,True,
2015-10-26,2015-10-23,NKY,GJR-skewt,GJR-skewt-AR1-expanding-refit21,1,0.0148038519,0.0002191540312,-0.03841557621,-0.03079726399,-0.02493505967,,,0.00645014445,,True,
2015-10-27,2015-10-26,NKY,GJR-skewt,GJR-skewt-AR1-expanding-refit21,1,0.01420675626,0.0002018319234,-0.03660737208,-0.02929633535,-0.02367057603,,,-0.009017098884,,True,
2015-10-28,2015-10-27,NKY,GJR-skewt,GJR-skewt-AR1-expanding-refit21,1,0.01401913859,0.0001965362467,-0.03583036378,-0.02861587828,-0.02306441402,,,0.006686875984,,True,
2015-10-29,2015-10-28,NKY,GJR-skewt,GJR-skewt-AR1-expanding-refit21,1,0.01347141038,0.0001814788975,-0.03472526194,-0.02779264663,-0.02245807826,,,0.001727934195,,True,
2015-10-30,2015-10-29,NKY,GJR-skewt,GJR-skewt-AR1-expanding-refit21,1,0.01292144482,0.0001669637361,-0.03321945898,-0.02656986523,-0.02145307873,,,0.007753499189,,True,
2015-11-02,2015-10-30,NKY,GJR-skewt,GJR-skewt-AR1-expanding-refit21,1,0.01247036374,0.0001555099718,-0.03217732144,-0.02575986163,-0.02082169955,,,-0.02117622857,,True,
2015-11-04,2015-11-02,NKY,GJR-skewt,GJR-skewt-AR1-expanding-refit21,1,0.01442187915,0.0002079905983,-0.03663123693,-0.02920949433,-0.0234985481,,,0.01295784978,,True,
2015-11-05,2015-11-04,NKY,GJR-skewt,GJR-skewt-AR1-expanding-refit21,1,0.01395699449,0.0001947976952,-0.0360909639,-0.0289084588,-0.0233816031,,,0.00996240947,,True,
2015-11-06,2015-11-05,NKY,GJR-skewt,GJR-skewt-AR1-expanding-refit21,1,0.01347492141,0.0001815735071,-0.03479688013,-0.02786245798,-0.02252649927,,,0.007773965055,,True,
2015-11-09,2015-11-06,NKY,GJR-skewt,GJR-skewt-AR1-expanding-refit21,1,0.01298669797,0.0001686543243,-0.03350244202,-0.0268192679,-0.02167664168,,,0.01938671419,,True,
2015-11-10,2015-11-09,NKY,GJR-skewt,GJR-skewt-AR1-expanding-refit21,1,0.01286768652,0.0001655773563,-0.03341907274,-0.02679714393,-0.02170164527,,,0.00145085949,,True,
2015-11-11,2015-11-10,NKY,GJR-skewt,GJR-skewt-AR1-expanding-refit21,1,0.01235860758,0.0001527351813,-0.03177012333,-0.02541017514,-0.02051626758,,,0.001022840259,,True,
2015-11-12,2015-11-11,NKY,GJR-skewt,GJR-skewt-AR1-expanding-refit21,1,0.0118821971,0.0001411866078,-0.03053964267,-0.02442486335,-0.01971961045,,,0.000323891651,,True,
2015-11-13,2015-11-12,NKY,GJR-skewt,GJR-skewt-AR1-expanding-refit21,1,0.01143800792,0.0001308280251,-0.02938665171,-0.02350045964,-0.01897110203,,,-0.005133498595,,True,
2015-11-16,2015-11-13,NKY,GJR-skewt,GJR-skewt-AR1-expanding-refit21,1,0.01119574524,0.0001253447114,-0.02866077694,-0.02289925735,-0.01846583377,,,-0.01042418184,,True,
2015-11-17,2015-11-16,NKY,GJR-skewt,GJR-skewt-AR1-expanding-refit21,1,0.01152011666,0.0001327130878,-0.02939186961,-0.023463423,-0.01890155099,,,0.01214341825,,True,
2015-11-18,2015-11-17,NKY,GJR-skewt,GJR-skewt-AR1-expanding-refit21,1,0.01127202645,0.0001270585802,-0.02918672657,-0.02338595138,-0.01892232107,,,0.0009444460714,,True,
2015-11-19,2015-11-18,NKY,GJR-skewt,GJR-skewt-AR1-expanding-refit21,1,0.01087311497,0.0001182246291,-0.02794919954,-0.02235371093,-0.0180480463,,,0.01066252791,,True,
2015-11-20,2015-11-19,NKY,GJR-skewt,GJR-skewt-AR1-expanding-refit21,1,0.01064590242,0.0001133352383,-0.0275520093,-0.0220734481,-0.01785775779,,,0.001006552208,,True,
2015-11-24,2015-11-20,NKY,GJR-skewt,GJR-skewt-AR1-expanding-refit21,1,0.01026611105,0.000105393036,-0.02639468452,-0.02110896153,-0.01704124175,,,0.00226506357,,True,
2015-11-25,2015-11-24,NKY,GJR-skewt,GJR-skewt-AR1-expanding-refit21,1,0.00994520591,9.89071206e-05,-0.02559551444,-0.02047501621,-0.016534448,,,-0.003887645701,,True,
2015-11-26,2015-11-25,NKY,GJR-skewt,GJR-skewt-AR1-expanding-refit21,1,0.009752457635,9.511042991e-05,-0.02498094945,-0.01995969171,-0.01609549575,,,0.004866822219,,True,
2015-11-27,2015-11-26,NKY,GJR-skewt,GJR-skewt-AR1-expanding-refit21,1,0.00949695645,9.019218181e-05,-0.02449564532,-0.01960593773,-0.01584297847,,,-0.003036568528,,True,
2015-11-30,2015-11-27,NKY,GJR-skewt,GJR-skewt-AR1-expanding-refit21,1,0.009296731843,8.642922296e-05,-0.02382779433,-0.01904117659,-0.01535755191,,,-0.006886925743,,True,
2015-12-01,2015-11-30,NKY,GJR-skewt,GJR-skewt-AR1-expanding-refit21,1,0.009426158738,8.885246855e-05,-0.02408501045,-0.01923175456,-0.01549684733,,,0.0133266836,,True,
2015-12-02,2015-12-01,NKY,GJR-skewt,GJR-skewt-AR1-expanding-refit21,1,0.009414384221,8.863063025e-05,-0.0244484675,-0.01960127397,-0.01587103213,,,-0.003718078996,,True,
2015-12-03,2015-12-02,NKY,GJR-skewt,GJR-skewt-AR1-expanding-refit21,1,0.009247464863,8.551560639e-05,-0.02368806562,-0.01892681403,-0.0152627103,,,8.874710941e-05,,True,
2015-12-04,2015-12-03,NKY,GJR-skewt,GJR-skewt-AR1-expanding-refit21,1,0.008999980501,8.099964902e-05,-0.0231269786,-0.01849314952,-0.01492710601,,,-0.02207856217,,True,
2015-12-07,2015-12-04,NKY,GJR-skewt,GJR-skewt-AR1-expanding-refit21,1,0.01218151667,0.0001483893485,-0.03086143264,-0.02458952282,-0.01976286585,,,0.009880535634,,True,
2015-12-08,2015-12-07,NKY,GJR-skewt,GJR-skewt-AR1-expanding-refit21,1,0.01181450593,0.0001395825505,-0.03054184437,-0.02445889774,-0.01977766068,,,-0.01048985614,,True,
2015-12-09,2015-12-08,NKY,GJR-skewt,GJR-skewt-AR1-expanding-refit21,1,0.0120342127,0.0001448222753,-0.03070904233,-0.02451297505,-0.01974468404,,,-0.009874335509,,True,
2015-12-10,2015-12-09,NKY,GJR-skewt,GJR-skewt-AR1-expanding-refit21,1,0.01220049684,0.0001488521231,-0.03114783871,-0.02486615655,-0.02003197912,,,-0.01327452709,,True,
2015-12-11,2015-12-10,NKY,GJR-skewt,GJR-skewt-AR1-expanding-refit21,1,0.01281197291,0.0001641466499,-0.03265111824,-0.02605460478,-0.02097814346,,,0.009610520966,,True,
2015-12-14,2015-12-11,NKY,GJR-skewt,GJR-skewt-AR1-expanding-refit21,1,0.01239420528,0.0001536163246,-0.03202452441,-0.02564310739,-0.02073217727,,,-0.01821226058,,True,
2015-12-15,2015-12-14,NKY,GJR-skewt,GJR-skewt-AR1-expanding-refit21,1,0.01376428383,0.0001894555094,-0.0349992879,-0.02791245715,-0.02245866366,,,-0.01695769836,,True,
2015-12-16,2015-12-15,NKY,GJR-skewt,GJR-skewt-AR1-expanding-refit21,1,0.01475781828,0.0002177932003,-0.03757386856,-0.02997549572,-0.02412803614,,,0.02573579977,,True,
2015-12-17,2015-12-16,NKY,GJR-skewt,GJR-skewt-AR1-expanding-refit21,1,0.01471164588,0.0002164325244,-0.03828685224,-0.03071225224,-0.02488308746,,,0.01581402475,,True,
2015-12-18,2015-12-17,NKY,GJR-skewt,GJR-skewt-AR1-expanding-refit21,1,0.01432174525,0.0002051123869,-0.03709284184,-0.02971899037,-0.0240443151,,,-0.01913236834,,True,
2015-12-21,2015-12-18,NKY,GJR-skewt,GJR-skewt-AR1-expanding-refit21,1,0.01548550075,0.0002398007334,-0.03939928815,-0.03142625271,-0.02529046502,,,-0.003734884724,,True,
2015-12-22,2015-12-21,NKY,GJR-skewt,GJR-skewt-AR1-expanding-refit21,1,0.01487755223,0.0002213415604,-0.03813872159,-0.03047870121,-0.0245837997,,,-0.001551227893,,True,
2015-12-24,2015-12-22,NKY,GJR-skewt,GJR-skewt-AR1-expanding-refit21,1,0.01424804426,0.0002030067652,-0.03655568144,-0.02923247756,-0.02359338942,,,-0.005149643467,,True,
2015-12-25,2015-12-24,NKY,GJR-skewt,GJR-skewt-AR1-expanding-refit21,1,0.01377877829,0.0001898547312,-0.03527990537,-0.02819789462,-0.02274453247,,,-0.001098487147,,True,
2015-12-28,2015-12-25,NKY,GJR-skewt,GJR-skewt-AR1-expanding-refit21,1,0.01320577999,0.0001743926252,-0.03389082665,-0.02710332533,-0.02187674434,,,0.005541054698,,True,
2015-12-29,2015-12-28,NKY,GJR-skewt,GJR-skewt-AR1-expanding-refit21,1,0.01269644891,0.000161199815,-0.03271679399,-0.02619107845,-0.02116608041,,,0.005752449706,,True,
2015-12-30,2015-12-29,NKY,GJR-skewt,GJR-skewt-AR1-expanding-refit21,1,0.01222789059,0.0001495213083,-0.03151894405,-0.02523405792,-0.0203945058,,,0.002708363889,,True,
2016-01-04,2015-12-30,NKY,GJR-skewt,GJR-skewt-AR1-expanding-refit21,1,0.01176367908,0.0001383841456,-0.03026720921,-0.02422091832,-0.01956509173,,,-0.03109415595,,True,
2016-01-05,2016-01-04,NKY,GJR-skewt,GJR-skewt-AR1-expanding-refit21,1,0.01644310218,0.0002703756093,-0.04159684496,-0.03314542613,-0.02663757839,,,-0.004180889231,,True,
2016-01-06,2016-01-05,NKY,GJR-skewt,GJR-skewt-AR1-expanding-refit21,1,0.01579461595,0.0002494698931,-0.04047083309,-0.03235272294,-0.02610153296,,,-0.009992047566,,True,
2016-01-07,2016-01-06,NKY,GJR-skewt,GJR-skewt-AR1-expanding-refit21,1,0.01556748086,0.0002423464602,-0.03977203172,-0.03177066437,-0.02560936988,,,-0.02358264282,,True,
2016-01-08,2016-01-07,NKY,GJR-skewt,GJR-skewt-AR1-expanding-refit21,1,0.01744901239,0.0003044680335,-0.04432754074,-0.0353591046,-0.02845313792,,,-0.003912499653,,True,
2016-01-12,2016-01-08,NKY,GJR-skewt,GJR-skewt-AR1-expanding-refit21,1,0.0167139224,0.0002793552021,-0.0428346495,-0.0342440346,-0.02762900169,,,-0.02743827494,,True,
2016-01-13,2016-01-12,NKY,GJR-skewt,GJR-skewt-AR1-expanding-refit21,1,0.01912614889,0.0003658095715,-0.04855316081,-0.03872271074,-0.03115296731,,,0.02843619243,,True,
2016-01-14,2016-01-13,NKY,GJR-skewt,GJR-skewt-AR1-expanding-refit21,1,0.01876285512,0.0003520447324,-0.04873737598,-0.03909365149,-0.0316676924,,,-0.02716002643,,True,
2016-01-15,2016-01-14,NKY,GJR-skewt,GJR-skewt-AR1-expanding-refit21,1,0.02057533746,0.0004233445115,-0.05227657172,-0.04170126832,-0.03355796532,,,-0.00545771275,,True,
2016-01-18,2016-01-15,NKY,GJR-skewt,GJR-skewt-AR1-expanding-refit21,1,0.01969759687,0.0003879953225,-0.05045831221,-0.04033414955,-0.03253823855,,,-0.01123319844,,True,
2016-01-19,2016-01-18,NKY,GJR-skewt,GJR-skewt-AR1-expanding-refit21,1,0.01923716672,0.0003700685835,-0.04916171165,-0.03927420069,-0.03166051864,,,0.005458135844,,True,
2016-01-20,2016-01-19,NKY,GJR-skewt,GJR-skewt-AR1-expanding-refit21,1,0.01832716293,0.0003358849009,-0.04716057469,-0.0377407871,-0.03048726618,,,-0.03778653805,,True,
2016-01-21,2016-01-20,NKY,GJR-skewt,GJR-skewt-AR1-expanding-refit21,1,0.02267484088,0.000514148409,-0.05745049657,-0.04579609127,-0.03682184722,,,-0.02460113304,,True,
2016-01-22,2016-01-21,NKY,GJR-skewt,GJR-skewt-AR1-expanding-refit21,1,0.02363568398,0.0005586455574,-0.06017892442,-0.04803066538,-0.03867613904,,,0.05710403435,,True,
2016-01-25,2016-01-22,NKY,GJR-skewt,GJR-skewt-AR1-expanding-refit21,1,0.02426467297,0.0005887743541,-0.06342484701,-0.05095330047,-0.04134983299,,,0.008945370311,,True,
2016-01-26,2016-01-25,NKY,GJR-skewt,GJR-skewt-AR1-expanding-refit21,1,0.02309119898,0.0005332034701,-0.05945224056,-0.04758383569,-0.03844480552,,,-0.02377474618,,True,
2016-01-27,2016-01-26,NKY,GJR-skewt,GJR-skewt-AR1-expanding-refit21,1,0.02376827861,0.000564931068,-0.060538193,-0.04832427709,-0.03891922421,,,0.0268679666,,True,
2016-01-28,2016-01-27,NKY,GJR-skewt,GJR-skewt-AR1-expanding-refit21,1,0.02296468673,0.0005273768364,-0.05949124854,-0.04769027813,-0.03860320471,,,-0.007160935632,,True,
2016-01-29,2016-01-28,NKY,GJR-skewt,GJR-skewt-AR1-expanding-refit21,1,0.02195300236,0.0004819343125,-0.05621455975,-0.04493346829,-0.03624671603,,,0.02759752745,,True,
2016-02-01,2016-01-29,NKY,GJR-skewt,GJR-skewt-AR1-expanding-refit21,1,0.02132570299,0.0004547856081,-0.05530166768,-0.04434292947,-0.03590439812,,,0.01961029867,,True,
2016-02-02,2016-02-01,NKY,GJR-skewt,GJR-skewt-AR1-expanding-refit21,1,0.02052812741,0.000421404015,-0.05309580553,-0.04254692119,-0.03442398865,,,-0.006432584453,,True,
2016-02-03,2016-02-02,NKY,GJR-skewt,GJR-skewt-AR1-expanding-refit21,1,0.01965273966,0.0003862301761,-0.05032869318,-0.04022964842,-0.03245310479,,,-0.03202327414,,True,
2016-02-04,2016-02-03,NKY,GJR-skewt,GJR-skewt-AR1-expanding-refit21,1,0.02243589006,0.0005033691627,-0.05695523634,-0.04542600113,-0.03654817132,,,-0.008544201046,,True,
2016-02-05,2016-02-04,NKY,GJR-skewt,GJR-skewt-AR1-expanding-refit21,1,0.02159895326,0.0004665147817,-0.05527867384,-0.04417951924,-0.03563286339,,,-0.01331206341,,True,
2016-02-08,2016-02-05,NKY,GJR-skewt,GJR-skewt-AR1-expanding-refit21,1,0.02116834206,0.0004480987055,-0.05407860375,-0.04320072933,-0.03482446533,,,0.01092203013,,True,
2016-02-09,2016-02-08,NKY,GJR-skewt,GJR-skewt-AR1-expanding-refit21,1,0.02019179868,0.0004077087341,-0.05205905627,-0.04168300274,-0.0336931547,,,-0.05555175739,,True,
2016-02-10,2016-02-09,NKY,GJR-skewt,GJR-skewt-AR1-expanding-refit21,1,0.0287230762,0.0008250151061,-0.07261136575,-0.05785130495,-0.04648565013,,,-0.02340134889,,True,
2016-02-12,2016-02-10,NKY,GJR-skewt,GJR-skewt-AR1-expanding-refit21,1,0.02881992262,0.0008305879398,-0.07350375726,-0.05869392954,-0.04728995281,,,-0.04962730289,,True,
2016-02-15,2016-02-12,NKY,GJR-skewt,GJR-skewt-AR1-expanding-refit21,1,0.03346920335,0.001120187573,-0.08490442883,-0.0677054536,-0.05446176724,,,0.06911309241,,True,
2016-02-16,2016-02-15,NKY,GJR-skewt,GJR-skewt-AR1-expanding-refit21,1,0.03356881056,0.001126865042,-0.08753828848,-0.07028812762,-0.05700502692,,,0.001985822288,,True,
2016-02-17,2016-02-16,NKY,GJR-skewt,GJR-skewt-AR1-expanding-refit21,1,0.03179608704,0.001010991151,-0.08164648505,-0.06530728187,-0.05272564377,,,-0.01367622054,,True,
2016-02-18,2016-02-17,NKY,GJR-skewt,GJR-skewt-AR1-expanding-refit21,1,0.03057470014,0.0009348122887,-0.07819976944,-0.06248820604,-0.0503898679,,,0.02250509603,,True,
2016-02-19,2016-02-18,NKY,GJR-skewt,GJR-skewt-AR1-expanding-refit21,1,0.02919366047,0.0008522698115,-0.07538194081,-0.06038005869,-0.04882819475,,,-0.01427894588,,True,
2016-02-22,2016-02-19,NKY,GJR-skewt,GJR-skewt-AR1-expanding-refit21,1,0.02817611274,0.000793893329,-0.07203502668,-0.05755603654,-0.04640681389,,,0.008970625931,,True,
2016-02-23,2016-02-22,NKY,GJR-skewt,GJR-skewt-AR1-expanding-refit21,1,0.02674731836,0.0007154190393,-0.06883568018,-0.05509091126,-0.04450705924,,,-0.003668804741,,True,
2016-02-24,2016-02-23,NKY,GJR-skewt,GJR-skewt-AR1-expanding-refit21,1,0.02539932382,0.0006451256505,-0.06512474303,-0.05207267433,-0.04202222064,,,-0.008524854719,,True,
2016-02-25,2016-02-24,NKY,GJR-skewt,GJR-skewt-AR1-expanding-refit21,1,0.02432118778,0.0005915201752,-0.06226192608,-0.04976388416,-0.04014004641,,,0.01401001766,,True,
2016-02-26,2016-02-25,NKY,GJR-skewt,GJR-skewt-AR1-expanding-refit21,1,0.02318949669,0.0005377527566,-0.05982568348,-0.04790551104,-0.03872715555,,,0.002973845597,,True,
2016-02-29,2016-02-26,NKY,GJR-skewt,GJR-skewt-AR1-expanding-refit21,1,0.02202011862,0.0004848856239,-0.05660114604,-0.04528207282,-0.03656655478,,,-0.01003575316,,True,
2016-03-01,2016-02-29,NKY,GJR-skewt,GJR-skewt-AR1-expanding-refit21,1,0.02126506412,0.0004522029518,-0.05439940484,-0.04346845474,-0.03505178573,,,0.00365904163,,True,
2016-03-02,2016-03-01,NKY,GJR-skewt,GJR-skewt-AR1-expanding-refit21,1,0.02021309943,0.0004085693884,-0.05197919889,-0.04158899362,-0.0335886901,,,0.04027346104,,True,
2016-03-03,2016-03-02,NKY,GJR-skewt,GJR-skewt-AR1-expanding-refit21,1,0.0202983745,0.0004120240074,-0.05294282828,-0.04250878879,-0.03447473356,,,0.01267476023,,True,
2016-03-04,2016-03-03,NKY,GJR-skewt,GJR-skewt-AR1-expanding-refit21,1,0.01942138509,0.0003771901988,-0.0501314744,-0.04014823663,-0.03246129202,,,0.003215263245,,True,
2016-03-07,2016-03-04,NKY,GJR-skewt,GJR-skewt-AR1-expanding-refit21,1,0.01848311737,0.0003416256278,-0.04753192257,-0.0380309856,-0.03071540545,,,-0.006099098447,,True,
2016-03-08,2016-03-07,NKY,GJR-skewt,GJR-skewt-AR1-expanding-refit21,1,0.0177464335,0.0003149359019,-0.04545248421,-0.03633022726,-0.02930622507,,,-0.007607808375,,True,
2016-03-09,2016-03-08,NKY,GJR-skewt,GJR-skewt-AR1-expanding-refit21,1,0.01716388446,0.0002945989296,-0.04392726946,-0.03510446209,-0.02831103162,,,-0.008433838816,,True,
2016-03-10,2016-03-09,NKY,GJR-skewt,GJR-skewt-AR1-expanding-refit21,1,0.01668934454,0.0002785342212,-0.04269303878,-0.0341141607,-0.02750855217,,,0.01254849848,,True,
2016-03-11,2016-03-10,NKY,GJR-skewt,GJR-skewt-AR1-expanding-refit21,1,0.01604039677,0.0002572943286,-0.04145502043,-0.03320972309,-0.02686096676,,,0.0051208404,,True,
2016-03-14,2016-03-11,NKY,GJR-skewt,GJR-skewt-AR1-expanding-refit21,1,0.01533189607,0.000235067037,-0.0394862674,-0.03160516298,-0.02553682978,,,0.0172587403,,True,
2016-03-15,2016-03-14,NKY,GJR-skewt,GJR-skewt-AR1-expanding-refit21,1,0.01491291933,0.0002223951631,-0.0386583122,-0.03099257575,-0.02509007269,,,-0.006793441186,,True,
2016-03-16,2016-03-15,NKY,GJR-skewt,GJR-skewt-AR1-expanding-refit21,1,0.01446667189,0.0002092845957,-0.03702416955,-0.02958781912,-0.02386193989,,,-0.008367002938,,True,
2016-03-17,2016-03-16,NKY,GJR-skewt,GJR-skewt-AR1-expanding-refit21,1,0.01421901832,0.0002021804821,-0.03635680585,-0.0290477576,-0.02341989915,,,-0.002245204609,,True,
2016-03-18,2016-03-17,NKY,GJR-skewt,GJR-skewt-AR1-expanding-refit21,1,0.01363633853,0.0001859497286,-0.0349864852,-0.02797695373,-0.02257971875,,,-0.01257074317,,True,
2016-03-22,2016-03-18,NKY,GJR-skewt,GJR-skewt-AR1-expanding-refit21,1,0.01394003165,0.0001943244824,-0.03555555101,-0.02838991118,-0.02287247509,,,0.01917192328,,True,
2016-03-23,2016-03-22,NKY,GJR-skewt,GJR-skewt-AR1-expanding-refit21,1,0.01369351905,0.0001875124638,-0.03556887564,-0.02852995149,-0.02311008458,,,-0.002794184778,,True,
2016-03-24,2016-03-23,NKY,GJR-skewt,GJR-skewt-AR1-expanding-refit21,1,0.01314727708,0.0001728508946,-0.03372063579,-0.02696249817,-0.02175883272,,,-0.006411339607,,True,
2016-03-25,2016-03-24,NKY,GJR-skewt,GJR-skewt-AR1-expanding-refit21,1,0.01284979332,0.0001651171884,-0.03288385996,-0.02627863889,-0.0211927169,,,0.006515418188,,True,
2016-03-28,2016-03-25,NKY,GJR-skewt,GJR-skewt-AR1-expanding-refit21,1,0.01237393522,0.0001531142729,-0.03192602425,-0.02556541006,-0.02066783174,,,0.007711241928,,True,
2016-03-29,2016-03-28,NKY,GJR-skewt,GJR-skewt-AR1-expanding-refit21,1,0.01186752498,0.0001408381491,-0.03062942194,-0.02453229114,-0.01983793163,,,-0.001801503582,,True,
2016-03-30,2016-03-29,NKY,GJR-skewt,GJR-skewt-AR1-expanding-refit21,1,0.01143061219,0.0001306588951,-0.02932025046,-0.02344759059,-0.01892605782,,,-0.01321690244,,True,
2016-03-31,2016-03-30,NKY,GJR-skewt,GJR-skewt-AR1-expanding-refit21,1,0.01215376853,0.0001477140896,-0.03094824036,-0.02470404735,-0.01989646034,,,-0.007152200063,,True,
2016-04-01,2016-03-31,NKY,GJR-skewt,GJR-skewt-AR1-expanding-refit21,1,0.01202700874,0.0001446489392,-0.03074350304,-0.0245644349,-0.01980698944,,,-0.03611927592,,True,
2016-04-04,2016-04-01,NKY,GJR-skewt,GJR-skewt-AR1-expanding-refit21,1,0.0182478517,0.0003329840916,-0.04612166434,-0.03674653862,-0.02952835484,,,-0.002532914652,,True,
2016-04-05,2016-04-04,NKY,GJR-skewt,GJR-skewt-AR1-expanding-refit21,1,0.01740667924,0.0003029924823,-0.04463092144,-0.03568796152,-0.02880251485,,,-0.02451454498,,True,
2016-04-06,2016-04-05,NKY,GJR-skewt,GJR-skewt-AR1-expanding-refit21,1,0.01913333211,0.0003660843978,-0.04862266116,-0.0387926057,-0.03122415821,,,-0.001110395669,,True,
2016-04-07,2016-04-06,NKY,GJR-skewt,GJR-skewt-AR1-expanding-refit21,1,0.01820117101,0.0003312826263,-0.04669656091,-0.03734541813,-0.03014569953,,,0.002191596023,,True,
2016-04-08,2016-04-07,NKY,GJR-skewt,GJR-skewt-AR1-expanding-refit21,1,0.01732171074,0.0003000416629,-0.04450676426,-0.03560745827,-0.02875562204,,,0.004540812597,,True,
2016-04-11,2016-04-08,NKY,GJR-skewt,GJR-skewt-AR1-expanding-refit21,1,0.01651185458,0.0002726413418,-0.04247655837,-0.03399332894,-0.02746184223,,,-0.004458907817,,True,
2016-04-12,2016-04-11,NKY,GJR-skewt,GJR-skewt-AR1-expanding-refit21,1,0.01582783672,0.0002505204152,-0.040543883,-0.03241207869,-0.02615116447,,,0.01121606512,,True,
2016-04-13,2016-04-12,NKY,GJR-skewt,GJR-skewt-AR1-expanding-refit21,1,0.01520569126,0.0002312130467,-0.0392594416,-0.03144727447,-0.02543245828,,,0.02800737401,,True,
2016-04-14,2016-04-13,NKY,GJR-skewt,GJR-skewt-AR1-expanding-refit21,1,0.01521631478,0.0002315362354,-0.03961983857,-0.03180221344,-0.02578319497,,,0.0318317603,,True,
2016-04-15,2016-04-14,NKY,GJR-skewt,GJR-skewt-AR1-expanding-refit21,1,0.01543954736,0.0002383796227,-0.04026818111,-0.03233586666,-0.02622854553,,,-0.003733606073,,True,
2016-04-18,2016-04-15,NKY,GJR-skewt,GJR-skewt-AR1-expanding-refit21,1,0.01478440785,0.0002185787154,-0.03788247729,-0.03028675125,-0.02443857939,,,-0.03454512467,,True,
2016-04-19,2016-04-18,NKY,GJR-skewt,GJR-skewt-AR1-expanding-refit21,1,0.01952376195,0.0003811772806,-0.04942487447,-0.03939422945,-0.03167134217,,,0.03611144863,,True,
2016-04-20,2016-04-19,NKY,GJR-skewt,GJR-skewt-AR1-expanding-refit21,1,0.01941747865,0.0003770384773,-0.05055420488,-0.04057816459,-0.03289731911,,,0.00190045529,,True,
2016-04-21,2016-04-20,NKY,GJR-skewt,GJR-skewt-AR1-expanding-refit21,1,0.01846232473,0.0003408574344,-0.04742600815,-0.03794069348,-0.03063767201,,,0.02667668959,,True,
2016-04-22,2016-04-21,NKY,GJR-skewt,GJR-skewt-AR1-expanding-refit21,1,0.01808426858,0.00032704077,-0.04694809247,-0.03765701019,-0.03050353393,,,0.01195746077,,True,
2016-04-25,2016-04-22,NKY,GJR-skewt,GJR-skewt-AR1-expanding-refit21,1,0.01732667961,0.0003002138264,-0.04471326957,-0.03581141074,-0.02895760901,,,-0.007608299298,,True,
2016-04-26,2016-04-25,NKY,GJR-skewt,GJR-skewt-AR1-expanding-refit21,1,0.01674509683,0.0002803982678,-0.04283364226,-0.03423058089,-0.02760683206,,,-0.004944827609,,True,
2016-04-27,2016-04-26,NKY,GJR-skewt,GJR-skewt-AR1-expanding-refit21,1,0.01610293731,0.00025930459,-0.04125115318,-0.03297047723,-0.02659773459,,,-0.003624844502,,True,
2016-04-28,2016-04-27,NKY,GJR-skewt,GJR-skewt-AR1-expanding-refit21,1,0.01542741928,0.0002380052658,-0.03954400312,-0.03161070143,-0.02550529527,,,-0.0367828898,,True,
2016-05-02,2016-04-28,NKY,GJR-skewt,GJR-skewt-AR1-expanding-refit21,1,0.02054061995,0.000421917068,-0.05202025046,-0.04145756774,-0.03332861076,,,-0.0316159629,,True,
2016-05-06,2016-05-02,NKY,GJR-skewt,GJR-skewt-AR1-expanding-refit21,1,0.02320708802,0.0005385689344,-0.05895851503,-0.04702464409,-0.03784043151,,,-0.002521240526,,True,
2016-05-09,2016-05-06,NKY,GJR-skewt,GJR-skewt-AR1-expanding-refit21,1,0.02205467084,0.0004864085061,-0.0565625712,-0.04522131221,-0.03649316911,,,0.006763716375,,True,
2016-05-10,2016-05-09,NKY,GJR-skewt,GJR-skewt-AR1-expanding-refit21,1,0.02096770565,0.0004396446803,-0.05395338915,-0.0431710845,-0.03487310822,,,0.02130319663,,True,
2016-05-11,2016-05-10,NKY,GJR-skewt,GJR-skewt-AR1-expanding-refit21,1,0.02021653295,0.0004087082044,-0.05230652394,-0.04191049774,-0.0339097983,,,0.0008339511061,,True,
2016-05-12,2016-05-11,NKY,GJR-skewt,GJR-skewt-AR1-expanding-refit21,1,0.01921516458,0.00036922255,-0.04934445595,-0.03946336729,-0.03185895971,,,0.004052939274,,True,
2016-05-13,2016-05-12,NKY,GJR-skewt,GJR-skewt-AR1-expanding-refit21,1,0.01828689053,0.0003344103651,-0.04702558002,-0.03762184133,-0.03038479851,,,-0.01416473554,,True,
2016-05-16,2016-05-13,NKY,GJR-skewt,GJR-skewt-AR1-expanding-refit21,1,0.0182415892,0.0003327555766,-0.0465589149,-0.03717847168,-0.02995935687,,,0.003296337459,,True,
2016-05-17,2016-05-16,NKY,GJR-skewt,GJR-skewt-AR1-expanding-refit21,1,0.01736951561,0.0003017000726,-0.04465817406,-0.03572618063,-0.02885218922,,,0.01125645255,,True,
2016-05-18,2016-05-17,NKY,GJR-skewt,GJR-skewt-AR1-expanding-refit21,1,0.01664661455,0.0002771097761,-0.04295724285,-0.03439698964,-0.02780908656,,,-0.0004872036964,,True,
2016-05-19,2016-05-18,NKY,GJR-skewt,GJR-skewt-AR1-expanding-refit21,1,0.01586968747,0.0002518469804,-0.04073867968,-0.0325779487,-0.02629751477,,,0.0001183917159,,True,
2016-05-20,2016-05-19,NKY,GJR-skewt,GJR-skewt-AR1-expanding-refit21,1,0.01514312796,0.0002293143245,-0.03888687663,-0.03109976717,-0.02510686939,,,0.005373372049,,True,
2016-05-23,2016-05-20,NKY,GJR-skewt,GJR-skewt-AR1-expanding-refit21,1,0.01449080356,0.0002099833877,-0.03731491557,-0.02986325342,-0.02412851323,,,-0.004896546235,,True,
2016-05-24,2016-05-23,NKY,GJR-skewt,GJR-skewt-AR1-expanding-refit21,1,0.0139783787,0.0001953950712,-0.03580309049,-0.02861493456,-0.02308298668,,,-0.009401218502,,True,
2016-05-25,2016-05-24,NKY,GJR-skewt,GJR-skewt-AR1-expanding-refit21,1,0.01387394147,0.000192486252,-0.0354485712,-0.02831412043,-0.02282350361,,,0.01555173209,,True,
2016-05-26,2016-05-25,NKY,GJR-skewt,GJR-skewt-AR1-expanding-refit21,1,0.01351065533,0.0001825378075,-0.03499688144,-0.02804924471,-0.02270239851,,,0.0009013669195,,True,
2016-05-27,2016-05-26,NKY,GJR-skewt,GJR-skewt-AR1-expanding-refit21,1,0.012944273,0.0001675542035,-0.03326239561,-0.02660601187,-0.02148331165,,,0.003712227414,,True,
2016-05-30,2016-05-27,NKY,GJR-skewt,GJR-skewt-AR1-expanding-refit21,1,0.01243072195,0.0001545228482,-0.03199933465,-0.02560703625,-0.02068757403,,,0.01375597052,,True,
2016-05-31,2016-05-30,NKY,GJR-skewt,GJR-skewt-AR1-expanding-refit21,1,0.01214566664,0.000147517218,-0.03146146002,-0.02521574673,-0.02040909524,,,0.009734557237,,True,
2016-06-01,2016-05-31,NKY,GJR-skewt,GJR-skewt-AR1-expanding-refit21,1,0.01176109775,0.0001383234202,-0.03040631848,-0.02434985753,-0.01968997193,,,-0.01633520929,,True,
2016-06-02,2016-06-01,NKY,GJR-skewt,GJR-skewt-AR1-expanding-refit21,1,0.01293665597,0.0001673570677,-0.03295016499,-0.02628834197,-0.02116268634,,,-0.02346168781,,True,
2016-06-03,2016-06-02,NKY,GJR-skewt,GJR-skewt-AR1-expanding-refit21,1,0.0154609643,0.0002390414171,-0.03929935541,-0.03133762186,-0.0252118055,,,0.004799299374,,True,
2016-06-06,2016-06-03,NKY,GJR-skewt,GJR-skewt-AR1-expanding-refit21,1,0.01477567871,0.0002183206814,-0.03805354621,-0.03044470534,-0.02459040722,,,-0.003744552183,,True,
2016-06-07,2016-06-06,NKY,GJR-skewt,GJR-skewt-AR1-expanding-refit21,1,0.01418871132,0.000201319529,-0.03639204247,-0.02908546464,-0.02346372991,,,0.005738614274,,True,
2016-06-08,2016-06-07,NKY,GJR-skewt,GJR-skewt-AR1-expanding-refit21,1,0.01360332986,0.0001850505833,-0.03506180744,-0.02805667595,-0.02266687627,,,0.009280135077,,True,
2016-06-09,2016-06-08,NKY,GJR-skewt,GJR-skewt-AR1-expanding-refit21,1,0.01311589652,0.0001720267415,-0.03387510891,-0.02712098469,-0.02192431184,,,-0.009702345357,,True,
2016-06-10,2016-06-09,NKY,GJR-skewt,GJR-skewt-AR1-expanding-refit21,1,0.01310416605,0.0001717191678,-0.03350046256,-0.02675237903,-0.02156035393,,,-0.004030738518,,True,
2016-06-13,2016-06-10,NKY,GJR-skewt,GJR-skewt-AR1-expanding-refit21,1,0.01266643856,0.0001604386659,-0.03247999419,-0.02595732155,-0.02093872924,,,-0.03569784741,,True,
2016-06-14,2016-06-13,NKY,GJR-skewt,GJR-skewt-AR1-expanding-refit21,1,0.01846490581,0.0003409527466,-0.04678676274,-0.03727812814,-0.02996211474,,,-0.01004957244,,True,
2016-06-15,2016-06-14,NKY,GJR-skewt,GJR-skewt-AR1-expanding-refit21,1,0.01804990324,0.000325799007,-0.0461872025,-0.03689227642,-0.02974069193,,,0.003812640667,,True,
2016-06-16,2016-06-15,NKY,GJR-skewt,GJR-skewt-AR1-expanding-refit21,1,0.0171893592,0.0002954740697,-0.04423025506,-0.03537847226,-0.02856784546,,,-0.03096788698,,True,
2016-06-17,2016-06-16,NKY,GJR-skewt,GJR-skewt-AR1-expanding-refit21,1,0.02030230976,0.0004121837816,-0.05158823946,-0.04113342063,-0.03308940612,,,0.0106672132,,True,
2016-06-20,2016-06-17,NKY,GJR-skewt,GJR-skewt-AR1-expanding-refit21,1,0.01935971036,0.000374798385,-0.04992479051,-0.03995536994,-0.03228482443,,,0.02316847579,,True,
2016-06-21,2016-06-20,NKY,GJR-skewt,GJR-skewt-AR1-expanding-refit21,1,0.01879201367,0.0003531397777,-0.04869472256,-0.03901764144,-0.03157202405,,,0.01268504833,,True,
2016-06-22,2016-06-21,NKY,GJR-skewt,GJR-skewt-AR1-expanding-refit21,1,0.01800042161,0.0003240151782,-0.0464728534,-0.03720340824,-0.03007142896,,,-0.006414860838,,True,
2016-06-23,2016-06-22,NKY,GJR-skewt,GJR-skewt-AR1-expanding-refit21,1,0.01729842961,0.0002992356671,-0.04432454629,-0.0354165969,-0.02856275512,,,0.01068791188,,True,
2016-06-24,2016-06-23,NKY,GJR-skewt,GJR-skewt-AR1-expanding-refit21,1,0.01656509436,0.000274402351,-0.04275289286,-0.03422257968,-0.02765929398,,,-0.08252932824,,True,
2016-06-27,2016-06-24,NKY,GJR-skewt,GJR-skewt-AR1-expanding-refit21,1,0.03569720642,0.001274290546,-0.09016278001,-0.07178024963,-0.05763659554,,,0.02360822913,,True,
2016-06-28,2016-06-27,NKY,GJR-skewt,GJR-skewt-AR1-expanding-refit21,1,0.03395874734,0.001153196521,-0.08762753672,-0.0701402382,-0.0566853821,,,0.0009094758409,,True,
2016-06-29,2016-06-28,NKY,GJR-skewt,GJR-skewt-AR1-expanding-refit21,1,0.03213217621,0.001032476748,-0.08252772035,-0.06598102763,-0.05324988055,,,0.01577829229,,True,
2016-06-30,2016-06-29,NKY,GJR-skewt,GJR-skewt-AR1-expanding-refit21,1,0.03050476716,0.0009305408195,-0.07893013712,-0.06306069152,-0.05088565114,,,0.0005837532176,,True,
2016-07-01,2016-06-30,NKY,GJR-skewt,GJR-skewt-AR1-expanding-refit21,1,0.02890164251,0.0008353049395,-0.07451594581,-0.05948049115,-0.04794528871,,,0.006818068837,,True,
2016-07-04,2016-07-01,NKY,GJR-skewt,GJR-skewt-AR1-expanding-refit21,1,0.02741359767,0.000751505337,-0.07080003917,-0.05653870766,-0.04559741259,,,0.005932912601,,True,
2016-07-05,2016-07-04,NKY,GJR-skewt,GJR-skewt-AR1-expanding-refit21,1,0.02600870778,0.0006764528804,-0.06716480256,-0.05363433464,-0.0432537582,,,-0.006771804552,,True,
2016-07-06,2016-07-05,NKY,GJR-skewt,GJR-skewt-AR1-expanding-refit21,1,0.0248000124,0.0006150406152,-0.06381325326,-0.05091158298,-0.04101342015,,,-0.01870299652,,True,
2016-07-07,2016-07-06,NKY,GJR-skewt,GJR-skewt-AR1-expanding-refit21,1,0.02462942695,0.0006066086719,-0.06315011579,-0.05033718891,-0.04050711002,,,-0.006703611961,,True,
2016-07-08,2016-07-07,NKY,GJR-skewt,GJR-skewt-AR1-expanding-refit21,1,0.0235267092,0.0005535060458,-0.060534829,-0.04829556718,-0.0389056042,,,-0.01114177543,,True,
2016-07-11,2016-07-08,NKY,GJR-skewt,GJR-skewt-AR1-expanding-refit21,1,0.0227514699,0.0005176293827,-0.05845477939,-0.04661881906,-0.03753826901,,,0.039065438,,True,
2016-07-12,2016-07-11,NKY,GJR-skewt,GJR-skewt-AR1-expanding-refit21,1,0.02249047098,0.000505821285,-0.05872407984,-0.04702389855,-0.03804751821,,,0.02432671559,,True,
2016-07-13,2016-07-12,NKY,GJR-skewt,GJR-skewt-AR1-expanding-refit21,1,0.02173672386,0.0004724851642,-0.05650621584,-0.0451981552,-0.03652260985,,,0.008400393609,,True,
2016-07-14,2016-07-13,NKY,GJR-skewt,GJR-skewt-AR1-expanding-refit21,1,0.02070026935,0.0004285011511,-0.05353789818,-0.04276903059,-0.03450715421,,,0.009471169499,,True,
2016-07-15,2016-07-14,NKY,GJR-skewt,GJR-skewt-AR1-expanding-refit21,1,0.01973865143,0.0003896143603,-0.05108109749,-0.04081249083,-0.03293441469,,,0.00680940926,,True,
2016-07-19,2016-07-15,NKY,GJR-skewt,GJR-skewt-AR1-expanding-refit21,1,0.01880865264,0.0003537654142,-0.04863574103,-0.03885094614,-0.03134405044,,,0.01357354171,,True,
2016-07-20,2016-07-19,NKY,GJR-skewt,GJR-skewt-AR1-expanding-refit21,1,0.01803812949,0.0003253741153,-0.04677792256,-0.03739397568,-0.03019461062,,,-0.002479850429,,True,
2016-07-21,2016-07-20,NKY,GJR-skewt,GJR-skewt-AR1-expanding-refit21,1,0.01720028333,0.0002958497465,-0.04431878615,-0.03537071062,-0.02850574611,,,0.007663339394,,True,
2016-07-22,2016-07-21,NKY,GJR-skewt,GJR-skewt-AR1-expanding-refit21,1,0.01644129084,0.0002703160443,-0.04255403728,-0.03400081118,-0.0274387752,,,-0.01094416069,,True,
2016-07-25,2016-07-22,NKY,GJR-skewt,GJR-skewt-AR1-expanding-refit21,1,0.01622747841,0.0002633310555,-0.04165435326,-0.03321235846,-0.02673565913,,,-0.0004187341559,,True,
2016-07-26,2016-07-25,NKY,GJR-skewt,GJR-skewt-AR1-expanding-refit21,1,0.01548605937,0.000239818035,-0.03994203744,-0.03188574986,-0.02570496515,,,-0.01437752574,,True,
2016-07-27,2016-07-26,NKY,GJR-skewt,GJR-skewt-AR1-expanding-refit21,1,0.0157990302,0.0002496093552,-0.04048639233,-0.03226728845,-0.02596159106,,,0.01705327339,,True,
2016-07-28,2016-07-27,NKY,GJR-skewt,GJR-skewt-AR1-expanding-refit21,1,0.01532465077,0.0002348449212,-0.03985395353,-0.03188163528,-0.02576527187,,,-0.01134418041,,True,
2016-07-29,2016-07-28,NKY,GJR-skewt,GJR-skewt-AR1-expanding-refit21,1,0.01524472892,0.00023240176,-0.03911554034,-0.0311847997,-0.02510033463,,,0.005593997768,,True,
2016-08-01,2016-07-29,NKY,GJR-skewt,GJR-skewt-AR1-expanding-refit21,1,0.01453504042,0.0002112674001,-0.0376014684,-0.0300373406,-0.02423507958,,,0.004005421514,,True,
2016-08-02,2016-08-01,NKY,GJR-skewt,GJR-skewt-AR1-expanding-refit21,1,0.01391663113,0.0001936726221,-0.03597857806,-0.02873627441,-0.02318087697,,,-0.01479535826,,True,
2016-08-03,2016-08-02,NKY,GJR-skewt,GJR-skewt-AR1-expanding-refit21,1,0.01448615325,0.000209848636,-0.03709123516,-0.02955254857,-0.02376980288,,,-0.01899013506,,True,
2016-08-04,2016-08-03,NKY,GJR-skewt,GJR-skewt-AR1-expanding-refit21,1,0.01573001018,0.0002474332202,-0.04021619706,-0.03203019938,-0.02575091689,,,0.01062409028,,True,
2016-08-05,2016-08-04,NKY,GJR-skewt,GJR-skewt-AR1-expanding-refit21,1,0.01510735837,0.000228232277,-0.03917049985,-0.03130853414,-0.0252778088,,,-2.703592273e-05,,True,
2016-08-08,2016-08-05,NKY,GJR-skewt,GJR-skewt-AR1-expanding-refit21,1,0.0144344389,0.0002083530264,-0.03723638371,-0.02972460959,-0.02396250781,,,0.02407773956,,True,
2016-08-09,2016-08-08,NKY,GJR-skewt,GJR-skewt-AR1-expanding-refit21,1,0.01434231003,0.0002057018569,-0.037453406,-0.02998957634,-0.0242642516,,,0.006847163535,,True,
2016-08-10,2016-08-09,NKY,GJR-skewt,GJR-skewt-AR1-expanding-refit21,1,0.0137717541,0.0001896612111,-0.03565895433,-0.0284920456,-0.02299448181,,,-0.001782178379,,True,
2016-08-12,2016-08-10,NKY,GJR-skewt,GJR-skewt-AR1-expanding-refit21,1,0.01320376596,0.0001743394356,-0.03403323602,-0.02716191195,-0.02189108405,,,0.01098216746,,True,
2016-08-15,2016-08-12,NKY,GJR-skewt,GJR-skewt-AR1-expanding-refit21,1,0.01278387952,0.0001634275756,-0.03319224567,-0.02653943319,-0.02143622029,,,-0.002980774288,,True,
2016-08-16,2016-08-15,NKY,GJR-skewt,GJR-skewt-AR1-expanding-refit21,1,0.01231553425,0.0001516723839,-0.03172266592,-0.0253135833,-0.02039732973,,,-0.01631842858,,True,
2016-08-17,2016-08-16,NKY,GJR-skewt,GJR-skewt-AR1-expanding-refit21,1,0.01342011307,0.0001800994348,-0.03431653593,-0.02733262344,-0.02197543167,,,0.008945544468,,True,
2016-08-18,2016-08-17,NKY,GJR-skewt,GJR-skewt-AR1-expanding-refit21,1,0.01293776497,0.0001673857623,-0.03355024918,-0.02681735372,-0.0216527111,,,-0.01562583439,,True,
2016-08-19,2016-08-18,NKY,GJR-skewt,GJR-skewt-AR1-expanding-refit21,1,0.01377457186,0.0001897388299,-0.03524263359,-0.02807425849,-0.02257556987,,,0.003621392168,,True,
2016-08-22,2016-08-19,NKY,GJR-skewt,GJR-skewt-AR1-expanding-refit21,1,0.01320307841,0.0001743212795,-0.03413331335,-0.02726234709,-0.02199179366,,,0.003160099454,,True,
2016-08-23,2016-08-22,NKY,GJR-skewt,GJR-skewt-AR1-expanding-refit21,1,0.01267105595,0.0001605556589,-0.03275419259,-0.02616009421,-0.02110191949,,,-0.006093289614,,True,
2016-08-24,2016-08-23,NKY,GJR-skewt,GJR-skewt-AR1-expanding-refit21,1,0.012384331,0.0001533716543,-0.03184121233,-0.02539632744,-0.02045261082,,,0.006039748003,,True,
2016-08-25,2016-08-24,NKY,GJR-skewt,GJR-skewt-AR1-expanding-refit21,1,0.0119381973,0.0001425205549,-0.03092071309,-0.02470799902,-0.01994237506,,,-0.002494571811,,True,
2016-08-26,2016-08-25,NKY,GJR-skewt,GJR-skewt-AR1-expanding-refit21,1,0.01152087801,0.0001327306301,-0.0296848907,-0.02368935226,-0.01909031851,,,-0.01186278039,,True,
2016-08-29,2016-08-26,NKY,GJR-skewt,GJR-skewt-AR1-expanding-refit21,1,0.01201271026,0.0001443052078,-0.03077521642,-0.02452372533,-0.01972835646,,,0.02276840098,,True,
2016-08-30,2016-08-29,NKY,GJR-skewt,GJR-skewt-AR1-expanding-refit21,1,0.01211334375,0.0001467330967,-0.03168717686,-0.02538331547,-0.02054777459,,,-0.0007250339211,,True,
2016-08-31,2016-08-30,NKY,GJR-skewt,GJR-skewt-AR1-expanding-refit21,1,0.01164113359,0.0001355159913,-0.0300218201,-0.02396713447,-0.01932186197,,,0.009641711446,,True,
2016-09-01,2016-08-31,NKY,GJR-skewt,GJR-skewt-AR1-expanding-refit21,1,0.01131753438,0.0001280865843,-0.02938990627,-0.02350352826,-0.01898738464,,,0.002332713532,,True,
2016-09-02,2016-09-01,NKY,GJR-skewt,GJR-skewt-AR1-expanding-refit21,1,0.01091849106,0.000119213447,-0.02822013385,-0.02254130279,-0.01818439323,,,-6.854142714e-05,,True,
2016-09-05,2016-09-02,NKY,GJR-skewt,GJR-skewt-AR1-expanding-refit21,1,0.01054188034,0.0001111312412,-0.02720352522,-0.02172057367,-0.01751394667,,,0.006592500769,,True,
2016-09-06,2016-09-05,NKY,GJR-skewt,GJR-skewt-AR1-expanding-refit21,1,0.01025015859,0.0001050657511,-0.02658168325,-0.02125045949,-0.017160241,,,0.002599656517,,True,
2016-09-07,2016-09-06,NKY,GJR-skewt,GJR-skewt-AR1-expanding-refit21,1,0.009935665941,9.871745768e-05,-0.02569412047,-0.02052646791,-0.01656174442,,,-0.004079325391,,True,
2016-09-08,2016-09-07,NKY,GJR-skewt,GJR-skewt-AR1-expanding-refit21,1,0.009758669523,9.523163087e-05,-0.02510846074,-0.02003286602,-0.0161387711,,,-0.003159732389,,True,
2016-09-09,2016-09-08,NKY,GJR-skewt,GJR-skewt-AR1-expanding-refit21,1,0.009553736859,9.127388798e-05,-0.02459854386,-0.01962953695,-0.01581721826,,,0.0004121053552,,True,
2016-09-12,2016-09-09,NKY,GJR-skewt,GJR-skewt-AR1-expanding-refit21,1,0.009285760673,8.622535127e-05,-0.02397781326,-0.0191481838,-0.01544279821,,,-0.0174113402,,True,
2016-09-13,2016-09-12,NKY,GJR-skewt,GJR-skewt-AR1-expanding-refit21,1,0.01126793256,0.0001269663043,-0.02873633937,-0.02287575982,-0.01837940928,,,0.003360233622,,True,
2016-09-14,2016-09-13,NKY,GJR-skewt,GJR-skewt-AR1-expanding-refit21,1,0.01087602153,0.0001182878444,-0.02813072792,-0.02247398574,-0.0181340232,,,-0.00688590241,,True,
2016-09-15,2016-09-14,NKY,GJR-skewt,GJR-skewt-AR1-expanding-refit21,1,0.0108253175,0.0001171874989,-0.02780099243,-0.022170622,-0.01785089238,,,-0.01267341084,,True,
2016-09-16,2016-09-15,NKY,GJR-skewt,GJR-skewt-AR1-expanding-refit21,1,0.01156602392,0.0001337729093,-0.02959614364,-0.0235805234,-0.01896522263,,,0.006941970095,,True,
2016-09-20,2016-09-16,NKY,GJR-skewt,GJR-skewt-AR1-expanding-refit21,1,0.01119323678,0.0001252885496,-0.029017312,-0.02319558258,-0.01872903862,,,-0.001644198288,,True,
2016-09-21,2016-09-20,NKY,GJR-skewt,GJR-skewt-AR1-expanding-refit21,1,0.01081043842,0.0001168655789,-0.02786455351,-0.02224192185,-0.01792812957,,,0.01894777007,,True,
2016-09-23,2016-09-21,NKY,GJR-skewt,GJR-skewt-AR1-expanding-refit21,1,0.01087793872,0.0001183295507,-0.02843863498,-0.02278089565,-0.01844016808,,,-0.003194102415,,True,
2016-09-26,2016-09-23,NKY,GJR-skewt,GJR-skewt-AR1-expanding-refit21,1,0.01055923367,0.0001114974156,-0.02718746714,-0.02169548993,-0.01748193827,,,-0.0125808213,,True,
2016-09-27,2016-09-26,NKY,GJR-skewt,GJR-skewt-AR1-expanding-refit21,1,0.01131696544,0.0001280737067,-0.02895650943,-0.02307042733,-0.01855451074,,,0.008388581982,,True,
2016-09-28,2016-09-27,NKY,GJR-skewt,GJR-skewt-AR1-expanding-refit21,1,0.01098937415,0.0001207663442,-0.02852039441,-0.02280469626,-0.01841950154,,,-0.01318472893,,True,
2016-09-29,2016-09-28,NKY,GJR-skewt,GJR-skewt-AR1-expanding-refit21,1,0.01173851844,0.0001377928153,-0.03003045371,-0.02392511711,-0.0192409842,,,0.0137708249,,True,
2016-09-30,2016-09-29,NKY,GJR-skewt,GJR-skewt-AR1-expanding-refit21,1,0.01150869018,0.0001324499496,-0.02996247167,-0.02397667136,-0.01938424902,,,-0.01471631708,,True,
2016-10-03,2016-09-30,NKY,GJR-skewt,GJR-skewt-AR1-expanding-refit21,1,0.01241040996,0.0001540182753,-0.03171978606,-0.02526826707,-0.02031719223,,,0.009006825857,,True,
2016-10-04,2016-10-03,NKY,GJR-skewt,GJR-skewt-AR1-expanding-refit21,1,0.0120046531,0.000144111696,-0.03115880069,-0.02491821334,-0.02012901329,,,0.008218631114,,True,
2016-10-05,2016-10-04,NKY,GJR-skewt,GJR-skewt-AR1-expanding-refit21,1,0.01162530309,0.000135147672,-0.03016577422,-0.02412239097,-0.01948453082,,,0.004982284929,,True,
2016-10-06,2016-10-05,NKY,GJR-skewt,GJR-skewt-AR1-expanding-refit21,1,0.01122541906,0.000126010033,-0.02906992221,-0.02323441763,-0.01875608934,,,0.004736860101,,True,
2016-10-07,2016-10-06,NKY,GJR-skewt,GJR-skewt-AR1-expanding-refit21,1,0.01085289693,0.0001177853717,-0.02810555254,-0.0224637026,-0.01813399027,,,-0.002311061847,,True,
2016-10-11,2016-10-07,NKY,GJR-skewt,GJR-skewt-AR1-expanding-refit21,1,0.01051362621,0.000110536336,-0.02708804047,-0.02162255952,-0.01742819766,,,0.009719460362,,True,
2016-10-12,2016-10-11,NKY,GJR-skewt,GJR-skewt-AR1-expanding-refit21,1,0.01028702744,0.0001058229335,-0.02674990707,-0.0214022229,-0.01729826155,,,-0.0109117327,,True,
2016-10-13,2016-10-12,NKY,GJR-skewt,GJR-skewt-AR1-expanding-refit21,1,0.01078405606,0.000116295865,-0.027609024,-0.02200296081,-0.01770071223,,,-0.003912618785,,True,
2016-10-14,2016-10-13,NKY,GJR-skewt,GJR-skewt-AR1-expanding-refit21,1,0.01053632487,0.0001110141417,-0.02711382393,-0.02163654315,-0.01743312576,,,0.004884185854,,True,
2016-10-17,2016-10-14,NKY,GJR-skewt,GJR-skewt-AR1-expanding-refit21,1,0.01021825171,0.0001044126679,-0.02647414499,-0.0211622137,-0.01708569011,,,0.002592095726,,True,
2016-10-18,2016-10-17,NKY,GJR-skewt,GJR-skewt-AR1-expanding-refit21,1,0.009905241891,9.811381691e-05,-0.02562128513,-0.02047207118,-0.01652042138,,,0.00374975333,,True,
2016-10-19,2016-10-18,NKY,GJR-skewt,GJR-skewt-AR1-expanding-refit21,1,0.009627576521,9.269022967e-05,-0.02492982555,-0.0199249552,-0.01608407871,,,0.002078808828,,True,
2016-10-20,2016-10-19,NKY,GJR-skewt,GJR-skewt-AR1-expanding-refit21,1,0.009359387577,8.759813582e-05,-0.02420506546,-0.01933961243,-0.01560572865,,,0.01382197652,,True,
2016-10-21,2016-10-20,NKY,GJR-skewt,GJR-skewt-AR1-expanding-refit21,1,0.009377816664,8.794344538e-05,-0.02449209443,-0.01961706109,-0.01587582512,,,-0.002958167591,,True,
2016-10-24,2016-10-21,NKY,GJR-skewt,GJR-skewt-AR1-expanding-refit21,1,0.009180090587,8.427406319e-05,-0.02364056116,-0.0188683152,-0.01520596112,,,0.002895499618,,True,
2016-10-25,2016-10-24,NKY,GJR-skewt,GJR-skewt-AR1-expanding-refit21,1,0.008954749877,8.018754535e-05,-0.02317965583,-0.01852455265,-0.01495209718,,,0.007562540558,,True,
2016-10-26,2016-10-25,NKY,GJR-skewt,GJR-skewt-AR1-expanding-refit21,1,0.00882348058,7.785380955e-05,-0.02293680634,-0.01834994316,-0.01482985696,,,0.001530038637,,True,
2016-10-27,2016-10-26,NKY,GJR-skewt,GJR-skewt-AR1-expanding-refit21,1,0.008621367916,7.432798475e-05,-0.02229323507,-0.01781143962,-0.01437198533,,,-0.003191635137,,True,
2016-10-28,2016-10-27,NKY,GJR-skewt,GJR-skewt-AR1-expanding-refit21,1,0.008518087443,7.255781369e-05,-0.02193092983,-0.01750282447,-0.01410457343,,,0.006324419627,,True,
2016-10-31,2016-10-28,NKY,GJR-skewt,GJR-skewt-AR1-expanding-refit21,1,0.008400087049,7.056146242e-05,-0.021821175,-0.01745441183,-0.0141032365,,,-0.001226828545,,True,
2016-11-01,2016-10-31,NKY,GJR-skewt,GJR-skewt-AR1-expanding-refit21,1,0.008240951521,6.791328197e-05,-0.0212573001,-0.01697326312,-0.01368557416,,,0.0009969686016,,True,
2016-11-02,2016-11-01,NKY,GJR-skewt,GJR-skewt-AR1-expanding-refit21,1,0.008042278555,6.467824436e-05,-0.02079487986,-0.01660465239,-0.01339068315,,,-0.01779958422,,True,
2016-11-04,2016-11-02,NKY,GJR-skewt,GJR-skewt-AR1-expanding-refit21,1,0.01048355066,0.0001099048345,-0.02668985024,-0.02122765919,-0.01703807423,,,-0.0134737671,,True,
2016-11-07,2016-11-04,NKY,GJR-skewt,GJR-skewt-AR1-expanding-refit21,1,0.01146745588,0.0001315025443,-0.02931757427,-0.02334274409,-0.01875995699,,,0.01595286522,,True,
2016-11-08,2016-11-07,NKY,GJR-skewt,GJR-skewt-AR1-expanding-refit21,1,0.0113334935,0.0001284480748,-0.02959503705,-0.0236900046,-0.01916075345,,,-0.0003394654482,,True,
2016-11-09,2016-11-08,NKY,GJR-skewt,GJR-skewt-AR1-expanding-refit21,1,0.01091986044,0.0001192433521,-0.02818402739,-0.02249450807,-0.01813055881,,,-0.05505641853,,True,
2016-11-10,2016-11-09,NKY,GJR-skewt,GJR-skewt-AR1-expanding-refit21,1,0.02383570374,0.0005681407727,-0.06031869001,-0.04789969459,-0.03837413315,,,0.06508316024,,True,
2016-11-11,2016-11-10,NKY,GJR-skewt,GJR-skewt-AR1-expanding-refit21,1,0.02487040816,0.000618537202,-0.06552838913,-0.05257028693,-0.04263122226,,,0.001749414727,,True,
2016-11-14,2016-11-11,NKY,GJR-skewt,GJR-skewt-AR1-expanding-refit21,1,0.02358545728,0.0005562737952,-0.06087585331,-0.04858724253,-0.03916168812,,,0.01699624964,,True,
2016-11-15,2016-11-14,NKY,GJR-skewt,GJR-skewt-AR1-expanding-refit21,1,0.02254283252,0.000508179298,-0.05851099727,-0.04676561996,-0.03775673402,,,-0.0002528948907,,True,
2016-11-16,2016-11-15,NKY,GJR-skewt,GJR-skewt-AR1-expanding-refit21,1,0.02139298175,0.0004576596682,-0.05518201816,-0.04403574174,-0.03548637545,,,0.01092375492,,True,
2016-11-17,2016-11-16,NKY,GJR-skewt,GJR-skewt-AR1-expanding-refit21,1,0.02039097433,0.000415791834,-0.05283572023,-0.04221151464,-0.03406258474,,,2.350857156e-05,,True,
2016-11-18,2016-11-17,NKY,GJR-skewt,GJR-skewt-AR1-expanding-refit21,1,0.01937332888,0.0003753258721,-0.04998188697,-0.03988790001,-0.032145656,,,0.005848701017,,True,
2016-11-21,2016-11-18,NKY,GJR-skewt,GJR-skewt-AR1-expanding-refit21,1,0.0184437598,0.0003401722754,-0.04770905461,-0.03809939631,-0.03072863985,,,0.007684883492,,True,
2016-11-22,2016-11-21,NKY,GJR-skewt,GJR-skewt-AR1-expanding-refit21,1,0.0175940548,0.0003095507645,-0.04555766318,-0.03639072234,-0.02935953702,,,0.003138770361,,True,
2016-11-24,2016-11-22,NKY,GJR-skewt,GJR-skewt-AR1-expanding-refit21,1,0.01676113139,0.0002809355253,-0.04331445683,-0.03458148983,-0.02788316917,,,0.00934186304,,True,
2016-11-25,2016-11-24,NKY,GJR-skewt,GJR-skewt-AR1-expanding-refit21,1,0.01604637085,0.0002574860175,-0.04160332587,-0.03324276692,-0.02683008898,,,0.002604442202,,True,
2016-11-28,2016-11-25,NKY,GJR-skewt,GJR-skewt-AR1-expanding-refit21,1,0.01531190222,0.0002344543496,-0.03956752672,-0.03158964423,-0.02547048505,,,-0.001324514662,,True,
2016-11-29,2016-11-28,NKY,GJR-skewt,GJR-skewt-AR1-expanding-refit21,1,0.01462678439,0.0002139428215,-0.03771837432,-0.03009745528,-0.02425209259,,,-0.002719380664,,True,
2016-11-30,2016-11-29,NKY,GJR-skewt,GJR-skewt-AR1-expanding-refit21,1,0.01401927321,0.0001965400214,-0.03612289599,-0.02881850541,-0.02321592494,,,7.873218893e-05,,True,
2016-12-01,2016-11-30,NKY,GJR-skewt,GJR-skewt-AR1-expanding-refit21,1,0.01341368086,0.0001799268341,-0.0346211021,-0.02763224022,-0.02227167514,,,0.0111152573,,True,
2016-12-02,2016-12-01,NKY,GJR-skewt,GJR-skewt-AR1-expanding-refit21,1,0.01297660124,0.0001683921797,-0.03372803112,-0.02696689862,-0.02178100548,,,-0.004712566754,,True,
2016-12-05,2016-12-02,NKY,GJR-skewt,GJR-skewt-AR1-expanding-refit21,1,0.01251769042,0.0001566925733,-0.03230490276,-0.02571946063,-0.0206847546,,,-0.008233585685,,True,
2016-12-06,2016-12-05,NKY,GJR-skewt,GJR-skewt-AR1-expanding-refit21,1,0.01244816447,0.0001549567987,-0.03204749001,-0.02549862484,-0.02049188266,,,0.004670274302,,True,
2016-12-07,2016-12-06,NKY,GJR-skewt,GJR-skewt-AR1-expanding-refit21,1,0.01197535791,0.0001434091972,-0.03110991505,-0.02480978908,-0.01999321312,,,0.007388022095,,True,
2016-12-08,2016-12-07,NKY,GJR-skewt,GJR-skewt-AR1-expanding-refit21,1,0.01157782483,0.0001340460277,-0.03014220569,-0.02405121823,-0.01939453297,,,0.01442674878,,True,
2016-12-09,2016-12-08,NKY,GJR-skewt,GJR-skewt-AR1-expanding-refit21,1,0.01138744776,0.0001296739665,-0.02980534701,-0.02381451518,-0.01923440096,,,0.0122293468,,True,
2016-12-12,2016-12-09,NKY,GJR-skewt,GJR-skewt-AR1-expanding-refit21,1,0.01115280246,0.0001243850027,-0.02915028353,-0.02328289644,-0.01879715827,,,0.008317444768,,True,
2016-12-13,2016-12-12,NKY,GJR-skewt,GJR-skewt-AR1-expanding-refit21,1,0.01084269959,0.0001175641345,-0.02826232861,-0.0225580838,-0.01819707125,,,0.004972741163,,True,
2016-12-14,2016-12-13,NKY,GJR-skewt,GJR-skewt-AR1-expanding-refit21,1,0.01050240833,0.0001103005808,-0.02730884674,-0.02178362604,-0.0175594811,,,0.0001604944765,,True,
2016-12-15,2016-12-14,NKY,GJR-skewt,GJR-skewt-AR1-expanding-refit21,1,0.01015670094,0.000103158574,-0.0263089868,-0.02096563958,-0.01688054067,,,0.001047549674,,True,
2016-12-16,2016-12-15,NKY,GJR-skewt,GJR-skewt-AR1-expanding-refit21,1,0.009840297648,9.683145779e-05,-0.0255106186,-0.02033372825,-0.01637588905,,,0.006586269673,,True,
2016-12-19,2016-12-16,NKY,GJR-skewt,GJR-skewt-AR1-expanding-refit21,1,0.009606564539,9.228608223e-05,-0.02502858667,-0.01997466117,-0.01611083112,,,-0.0004924002652,,True,
2016-12-20,2016-12-19,NKY,GJR-skewt,GJR-skewt-AR1-expanding-refit21,1,0.009334891418,8.714019778e-05,-0.02417011212,-0.01925911136,-0.01550455021,,,0.005293914991,,True,
2016-12-21,2016-12-20,NKY,GJR-skewt,GJR-skewt-AR1-expanding-refit21,1,0.009124845281,8.32628014e-05,-0.02375477612,-0.0189542787,-0.01528419963,,,-0.00257012622,,True,
2016-12-22,2016-12-21,NKY,GJR-skewt,GJR-skewt-AR1-expanding-refit21,1,0.008943311379,7.998281842e-05,-0.02311199487,-0.01840700077,-0.01480993596,,,-0.0008654168425,,True,
2016-12-26,2016-12-22,NKY,GJR-skewt,GJR-skewt-AR1-expanding-refit21,1,0.008734746172,7.629579069e-05,-0.02261043932,-0.01801516947,-0.0145019911,,,-0.001598447271,,True,
2016-12-27,2016-12-26,NKY,GJR-skewt,GJR-skewt-AR1-expanding-refit21,1,0.0085600849,7.32750535e-05,-0.02214274814,-0.01763936598,-0.01419643764,,,0.0003309267786,,True,
2016-12-28,2016-12-27,NKY,GJR-skewt,GJR-skewt-AR1-expanding-refit21,1,0.008379348636,7.021348357e-05,-0.02171809008,-0.01730979161,-0.01393955671,,,-6.905592339e-05,,True,
2016-12-29,2016-12-28,NKY,GJR-skewt,GJR-skewt-AR1-expanding-refit21,1,0.008215005464,6.748631478e-05,-0.02128442002,-0.01696258098,-0.0136584461,,,-0.01331282811,,True,
2016-12-30,2016-12-29,NKY,GJR-skewt,GJR-skewt-AR1-expanding-refit21,1,0.009592116302,9.200869515e-05,-0.02455222474,-0.01950590032,-0.01564788146,,,-0.001608566698,,True,
2017-01-04,2016-12-30,NKY,GJR-skewt,GJR-skewt-AR1-expanding-refit21,1,0.009349100358,8.74056775e-05,-0.0241822191,-0.01926374315,-0.01550346706,,,0.02479120762,,True,
2017-01-05,2017-01-04,NKY,GJR-skewt,GJR-skewt-AR1-expanding-refit21,1,0.009912466447,9.825699107e-05,-0.02622101296,-0.02100615527,-0.01701928925,,,-0.003756670274,,True,
2017-01-06,2017-01-05,NKY,GJR-skewt,GJR-skewt-AR1-expanding-refit21,1,0.009680000662,9.370241281e-05,-0.0249798201,-0.01988219236,-0.01598726833,,,-0.003405229038,,True,
2017-01-10,2017-01-06,NKY,GJR-skewt,GJR-skewt-AR1-expanding-refit21,1,0.009495961145,9.017327807e-05,-0.02451154873,-0.01951083884,-0.01568996645,,,-0.007889995477,,True,
2017-01-11,2017-01-10,NKY,GJR-skewt,GJR-skewt-AR1-expanding-refit21,1,0.009744297952,9.495134258e-05,-0.02505779793,-0.0199263103,-0.01600551509,,,0.003270591606,,True,
2017-01-12,2017-01-11,NKY,GJR-skewt,GJR-skewt-AR1-expanding-refit21,1,0.0094699886,8.968068408e-05,-0.0245869265,-0.01959989413,-0.01578947227,,,-0.01194686772,,True,
2017-01-13,2017-01-12,NKY,GJR-skewt,GJR-skewt-AR1-expanding-refit21,1,0.01032158748,0.0001065351681,-0.02646358237,-0.02102808576,-0.01687500763,,,0.007942375065,,True,
2017-01-16,2017-01-13,NKY,GJR-skewt,GJR-skewt-AR1-expanding-refit21,1,0.01006083237,0.0001012203481,-0.02621409811,-0.0209159189,-0.01686776032,,,-0.0100066736,,True,
2017-01-17,2017-01-16,NKY,GJR-skewt,GJR-skewt-AR1-expanding-refit21,1,0.0104846664,0.0001099282294,-0.0269265908,-0.02140521449,-0.01718651859,,,-0.01486284675,,True,
2017-01-18,2017-01-17,NKY,GJR-skewt,GJR-skewt-AR1-expanding-refit21,1,0.01174244463,0.000137885006,-0.03007449309,-0.02389075265,-0.01916596684,,,0.004287693942,,True,
2017-01-19,2017-01-18,NKY,GJR-skewt,GJR-skewt-AR1-expanding-refit21,1,0.01131277655,0.0001279789132,-0.02937256884,-0.0234150978,-0.01886319675,,,0.009370450443,,True,
2017-01-20,2017-01-19,NKY,GJR-skewt,GJR-skewt-AR1-expanding-refit21,1,0.01100169898,0.0001210373806,-0.02867689027,-0.02288323715,-0.0184565038,,,0.003436794002,,True,
2017-01-23,2017-01-20,NKY,GJR-skewt,GJR-skewt-AR1-expanding-refit21,1,0.01062765696,0.0001129470925,-0.02758324943,-0.02198657223,-0.01771034148,,,-0.01298402384,,True,
2017-01-24,2017-01-23,NKY,GJR-skewt,GJR-skewt-AR1-expanding-refit21,1,0.01145312826,0.0001311741469,-0.02936667056,-0.02333528829,-0.01872691418,,,-0.005469321025,,True,
2017-01-25,2017-01-24,NKY,GJR-skewt,GJR-skewt-AR1-expanding-refit21,1,0.01125528684,0.0001266814819,-0.02901564653,-0.0230884504,-0.01855968137,,,0.01424287673,,True,
2017-01-26,2017-01-25,NKY,GJR-skewt,GJR-skewt-AR1-expanding-refit21,1,0.01107480423,0.0001226512888,-0.02896990097,-0.02313774958,-0.018681601,,,0.01793556143,,True,
2017-01-27,2017-01-26,NKY,GJR-skewt,GJR-skewt-AR1-expanding-refit21,1,0.01106417741,0.0001224160218,-0.02902126348,-0.02319470833,-0.01874283565,,,0.00334500541,,True,
2017-01-30,2017-01-27,NKY,GJR-skewt,GJR-skewt-AR1-expanding-refit21,1,0.0106859192,0.0001141888693,-0.0277319079,-0.02210454897,-0.01780487534,,,-0.005075206362,,True,
2017-01-31,2017-01-30,NKY,GJR-skewt,GJR-skewt-AR1-expanding-refit21,1,0.01050520652,0.000110359364,-0.02708497193,-0.0215527789,-0.01732581831,,,-0.01705368873,,True,
2017-02-01,2017-01-31,NKY,GJR-skewt,GJR-skewt-AR1-expanding-refit21,1,0.01219386005,0.0001486902229,-0.03119470866,-0.02477324636,-0.01986682536,,,0.005590057046,,True,
2017-02-02,2017-02-01,NKY,GJR-skewt,GJR-skewt-AR1-expanding-refit21,1,0.01174181045,0.0001378701126,-0.03050950033,-0.02432609386,-0.01960156322,,,-0.01226939621,,True,
2017-02-03,2017-02-02,NKY,GJR-skewt,GJR-skewt-AR1-expanding-refit21,1,0.0122622683,0.0001503632239,-0.03147369525,-0.02501620818,-0.02008226187,,,0.0001913229785,,True,
2017-02-06,2017-02-03,NKY,GJR-skewt,GJR-skewt-AR1-expanding-refit21,1,0.01177550699,0.0001386625649,-0.03048135482,-0.02428020326,-0.01954211421,,,0.003088106886,,True,
2017-02-07,2017-02-06,NKY,GJR-skewt,GJR-skewt-AR1-expanding-refit21,1,0.0113320243,0.0001284147746,-0.02939790371,-0.02343811314,-0.01888178362,,,-0.003480394512,,True,
2017-02-08,2017-02-07,NKY,GJR-skewt,GJR-skewt-AR1-expanding-refit21,1,0.01099743906,0.0001209436658,-0.02839490392,-0.02261107998,-0.01818927898,,,0.005106785849,,True,
2017-02-09,2017-02-08,NKY,GJR-skewt,GJR-skewt-AR1-expanding-refit21,1,0.01063888841,0.0001131859466,-0.0276489482,-0.02205369487,-0.01777605831,,,-0.005271223052,,True,
2017-02-10,2017-02-09,NKY,GJR-skewt,GJR-skewt-AR1-expanding-refit21,1,0.01047443151,0.0001097137154,-0.02700547401,-0.02149671261,-0.01728520014,,,0.02461872177,,True,
2017-02-13,2017-02-10,NKY,GJR-skewt,GJR-skewt-AR1-expanding-refit21,1,0.0108443892,0.0001176007772,-0.02859074537,-0.02288741411,-0.01852715072,,,0.00413103912,,True,
2017-02-14,2017-02-13,NKY,GJR-skewt,GJR-skewt-AR1-expanding-refit21,1,0.01049389341,0.0001101217988,-0.02725366497,-0.02173466808,-0.01751533047,,,-0.01137896279,,True,
2017-02-15,2017-02-14,NKY,GJR-skewt,GJR-skewt-AR1-expanding-refit21,1,0.011070136,0.0001225479111,-0.02841655036,-0.0225944933,-0.01814346265,,,0.01029045464,,True,
2017-02-16,2017-02-15,NKY,GJR-skewt,GJR-skewt-AR1-expanding-refit21,1,0.01079400602,0.000116510566,-0.02815895853,-0.02248212502,-0.01814211947,,,-0.004664181779,,True,
2017-02-17,2017-02-16,NKY,GJR-skewt,GJR-skewt-AR1-expanding-refit21,1,0.01056457545,0.0001116102545,-0.02725123184,-0.02169506152,-0.01744730438,,,-0.005852990925,,True,
2017-02-20,2017-02-17,NKY,GJR-skewt,GJR-skewt-AR1-expanding-refit21,1,0.01047187499,0.0001096601658,-0.02698662201,-0.02147920515,-0.0172687206,,,0.0008554315674,,True,
2017-02-21,2017-02-20,NKY,GJR-skewt,GJR-skewt-AR1-expanding-refit21,1,0.01012577434,0.0001025313061,-0.02623330142,-0.02090790741,-0.01683658146,,,0.006748711518,,True,
2017-02-22,2017-02-21,NKY,GJR-skewt,GJR-skewt-AR1-expanding-refit21,1,0.009866048401,9.733891105e-05,-0.02568606398,-0.02049726623,-0.01653036972,,,-8.102461233e-05,,True,
2017-02-23,2017-02-22,NKY,GJR-skewt,GJR-skewt-AR1-expanding-refit21,1,0.009569115303,9.156796769e-05,-0.02477487971,-0.01974224639,-0.01589473941,,,-0.0004339567243,,True,
2017-02-24,2017-02-23,NKY,GJR-skewt,GJR-skewt-AR1-expanding-refit21,1,0.009298568823,8.646338216e-05,-0.02406821115,-0.01917786488,-0.01543913802,,,-0.004549063853,,True,
2017-02-27,2017-02-24,NKY,GJR-skewt,GJR-skewt-AR1-expanding-refit21,1,0.009222990411,8.506355211e-05,-0.02378626386,-0.01893566614,-0.01522732751,,,-0.009172438836,,True,
2017-02-28,2017-02-27,NKY,GJR-skewt,GJR-skewt-AR1-expanding-refit21,1,0.009687895383,9.385531696e-05,-0.02489052422,-0.01979542153,-0.01590015599,,,0.0006026992857,,True,
2017-03-01,2017-02-28,NKY,GJR-skewt,GJR-skewt-AR1-expanding-refit21,1,0.009406239842,8.847734797e-05,-0.02436831071,-0.0194213376,-0.01563931885,,,0.01425787847,,True,
2017-03-02,2017-03-01,NKY,GJR-skewt,GJR-skewt-AR1-expanding-refit21,1,0.00942364705,8.880512373e-05,-0.02470070299,-0.019744575,-0.01595555724,,,0.008792100686,,True,
2017-03-03,2017-03-02,NKY,GJR-skewt,GJR-skewt-AR1-expanding-refit21,1,0.009277233494,8.60670613e-05,-0.02420725112,-0.01932812563,-0.01559797718,,,-0.004899888462,,True,
2017-03-06,2017-03-03,NKY,GJR-skewt,GJR-skewt-AR1-expanding-refit21,1,0.009215992315,8.493451435e-05,-0.02376079309,-0.01891387585,-0.01520835097,,,-0.004634922854,,True,
2017-03-07,2017-03-06,NKY,GJR-skewt,GJR-skewt-AR1-expanding-refit21,1,0.009163070147,8.396185451e-05,-0.02362958998,-0.0188105058,-0.01512625964,,,-0.00180719348,,True,
2017-03-08,2017-03-07,NKY,GJR-skewt,GJR-skewt-AR1-expanding-refit21,1,0.008943910787,7.999354017e-05,-0.02310434608,-0.01840336588,-0.01481023912,,,-0.00466971523,,True,
2017-03-09,2017-03-08,NKY,GJR-skewt,GJR-skewt-AR1-expanding-refit21,1,0.008916785722,7.950906761e-05,-0.02297425865,-0.01828753557,-0.01470530603,,,0.003346978143,,True,
2017-03-10,2017-03-09,NKY,GJR-skewt,GJR-skewt-AR1-expanding-refit21,1,0.008715934048,7.596750633e-05,-0.02262358574,-0.01804243167,-0.01454089228,,,0.01469737978,,True,
2017-03-13,2017-03-10,NKY,GJR-skewt,GJR-skewt-AR1-expanding-refit21,1,0.008830852591,7.798395749e-05,-0.02315842289,-0.01851686685,-0.01496916009,,,0.001485313138,,True,
2017-03-14,2017-03-13,NKY,GJR-skewt,GJR-skewt-AR1-expanding-refit21,1,0.008627125378,7.442729229e-05,-0.02235516324,-0.0178206876,-0.01435482621,,,-0.001235881487,,True,
2017-03-15,2017-03-14,NKY,GJR-skewt,GJR-skewt-AR1-expanding-refit21,1,0.008449442102,7.139307183e-05,-0.02183916235,-0.01739807825,-0.01400359934,,,-0.001639280621,,True,
2017-03-16,2017-03-15,NKY,GJR-skewt,GJR-skewt-AR1-expanding-refit21,1,0.00830033706,6.889559531e-05,-0.02144557957,-0.01708286609,-0.01374828864,,,0.0006515480158,,True,
2017-03-17,2017-03-16,NKY,GJR-skewt,GJR-skewt-AR1-expanding-refit21,1,0.008141090514,6.627735476e-05,-0.02108229928,-0.01680328686,-0.01353268512,,,-0.003505385693,,True,
2017-03-21,2017-03-17,NKY,GJR-skewt,GJR-skewt-AR1-expanding-refit21,1,0.008110937676,6.578730999e-05,-0.02091724805,-0.01665408417,-0.01339559603,,,-0.003371642186,,True,
2017-03-22,2017-03-21,NKY,GJR-skewt,GJR-skewt-AR1-expanding-refit21,1,0.008080980321,6.530224294e-05,-0.02084267571,-0.01659525762,-0.01334880454,,,-0.02153483131,,True,
2017-03-23,2017-03-22,NKY,GJR-skewt,GJR-skewt-AR1-expanding-refit21,1,0.01162885998,0.0001352303845,-0.02962562403,-0.02351341631,-0.01884163804,,,0.002304407113,,True,
2017-03-24,2017-03-23,NKY,GJR-skewt,GJR-skewt-AR1-expanding-refit21,1,0.01119422449,0.0001253106619,-0.02900290364,-0.02311914329,-0.01862197549,,,0.009242763729,,True,
2017-03-27,2017-03-24,NKY,GJR-skewt,GJR-skewt-AR1-expanding-refit21,1,0.01088865964,0.0001185629088,-0.02835915458,-0.02263600119,-0.01826159101,,,-0.0144814598,,True,
2017-03-28,2017-03-27,NKY,GJR-skewt,GJR-skewt-AR1-expanding-refit21,1,0.01191227915,0.0001419023945,-0.0305055745,-0.02424439975,-0.01945876067,,,0.0113794403,,True,
2017-03-29,2017-03-28,NKY,GJR-skewt,GJR-skewt-AR1-expanding-refit21,1,0.01158502763,0.0001342128652,-0.03020260989,-0.02411344075,-0.01945927169,,,0.0007606037349,,True,
2017-03-30,2017-03-29,NKY,GJR-skewt,GJR-skewt-AR1-expanding-refit21,1,0.01115097751,0.0001243442995,-0.02885882795,-0.0229977985,-0.01851800474,,,-0.008059445113,,True,
2017-03-31,2017-03-30,NKY,GJR-skewt,GJR-skewt-AR1-expanding-refit21,1,0.01120195045,0.000125483694,-0.02880553277,-0.0229177116,-0.01841743997,,,-0.008109123859,,True,
2017-04-03,2017-03-31,NKY,GJR-skewt,GJR-skewt-AR1-expanding-refit21,1,0.01127331243,0.0001270875732,-0.02898881199,-0.02306348248,-0.01853454189,,,0.00390424559,,True,
2017-04-04,2017-04-03,NKY,GJR-skewt,GJR-skewt-AR1-expanding-refit21,1,0.01087832331,0.000118337918,-0.02822051003,-0.02250278948,-0.01813253183,,,-0.00915404857,,True,
2017-04-05,2017-04-04,NKY,GJR-skewt,GJR-skewt-AR1-expanding-refit21,1,0.01108442102,0.0001228643894,-0.02847901238,-0.02265296547,-0.01819991012,,,0.002708654274,,True,
2017-04-06,2017-04-05,NKY,GJR-skewt,GJR-skewt-AR1-expanding-refit21,1,0.01069549252,0.0001143935602,-0.02772320497,-0.02210158153,-0.01780477431,,,-0.01410705502,,True,
2017-04-07,2017-04-06,NKY,GJR-skewt,GJR-skewt-AR1-expanding-refit21,1,0.01170149626,0.0001369250147,-0.02998476326,-0.02382877087,-0.01912503345,,,0.003626801764,,True,
2017-04-10,2017-04-07,NKY,GJR-skewt,GJR-skewt-AR1-expanding-refit21,1,0.01127102214,0.0001270359401,-0.02924817195,-0.02331864593,-0.01878794939,,,0.007113808222,,True,
2017-04-11,2017-04-10,NKY,GJR-skewt,GJR-skewt-AR1-expanding-refit21,1,0.01092038071,0.0001192547149,-0.0284161139,-0.0226710554,-0.0182813088,,,-0.002664043178,,True,
2017-04-12,2017-04-11,NKY,GJR-skewt,GJR-skewt-AR1-expanding-refit21,1,0.01058210014,0.0001119808434,-0.02733506773,-0.02176797386,-0.01751420843,,,-0.01046965355,,True,
2017-04-13,2017-04-12,NKY,GJR-skewt,GJR-skewt-AR1-expanding-refit21,1,0.01102533206,0.000121557947,-0.02831488014,-0.02251460821,-0.01808267354,,,-0.006802157825,,True,
2017-04-14,2017-04-13,NKY,GJR-skewt,GJR-skewt-AR1-expanding-refit21,1,0.01098249864,0.0001206152763,-0.02828188735,-0.02250414948,-0.01808943288,,,-0.004962080372,,True,
2017-04-17,2017-04-14,NKY,GJR-skewt,GJR-skewt-AR1-expanding-refit21,1,0.01077993486,0.0001162069955,-0.02779751927,-0.02212634735,-0.01779305682,,,0.001069961047,,True,
2017-04-18,2017-04-17,NKY,GJR-skewt,GJR-skewt-AR1-expanding-refit21,1,0.01040954345,0.0001083585947,-0.02696833457,-0.02149202036,-0.01730761882,,,0.003444302583,,True,
2017-04-19,2017-04-18,NKY,GJR-skewt,GJR-skewt-AR1-expanding-refit21,1,0.01008266141,0.0001016600611,-0.02617409651,-0.02086975033,-0.01681674799,,,0.0007386208527,,True,
2017-04-20,2017-04-19,NKY,GJR-skewt,GJR-skewt-AR1-expanding-refit21,1,0.009768175229,9.541724731e-05,-0.0253042992,-0.02016539977,-0.01623881378,,,-9.272193791e-05,,True,
2017-04-21,2017-04-20,NKY,GJR-skewt,GJR-skewt-AR1-expanding-refit21,1,0.009478831005,8.984823722e-05,-0.02453915261,-0.0195524731,-0.01574219696,,,0.01027017941,,True,
2017-04-24,2017-04-21,NKY,GJR-skewt,GJR-skewt-AR1-expanding-refit21,1,0.009355331623,8.752222978e-05,-0.02443954918,-0.01951784096,-0.01575720879,,,0.01360841182,,True,
2017-04-25,2017-04-24,NKY,GJR-skewt,GJR-skewt-AR1-expanding-refit21,1,0.009358230283,8.757647403e-05,-0.02451773518,-0.01959450201,-0.01583270464,,,0.01072059217,,True,
2017-04-26,2017-04-25,NKY,GJR-skewt,GJR-skewt-AR1-expanding-refit21,1,0.009267830512,8.58926824e-05,-0.02422302298,-0.01934734786,-0.01562188915,,,0.01095170713,,True,
2017-04-27,2017-04-26,NKY,GJR-skewt,GJR-skewt-AR1-expanding-refit21,1,0.009191787604,8.448895935e-05,-0.02403145553,-0.01919578551,-0.01550089434,,,-0.001949107219,,True,
2017-04-28,2017-04-27,NKY,GJR-skewt,GJR-skewt-AR1-expanding-refit21,1,0.008975558022,8.05606418e-05,-0.02319959821,-0.01847768354,-0.01486971177,,,-0.00286766927,,True,
2017-05-01,2017-04-28,NKY,GJR-skewt,GJR-skewt-AR1-expanding-refit21,1,0.008826217226,7.790211051e-05,-0.02279431283,-0.01815096425,-0.01460302411,,,0.005909515859,,True,
2017-05-02,2017-05-01,NKY,GJR-skewt,GJR-skewt-AR1-expanding-refit21,1,0.008667937654,7.513314318e-05,-0.02257127012,-0.01801119019,-0.01452687487,,,0.006975925028,,True,
2017-05-08,2017-05-02,NKY,GJR-skewt,GJR-skewt-AR1-expanding-refit21,1,0.008548342383,7.30741575e-05,-0.02228487206,-0.01778770951,-0.01435146879,,,0.02287766296,,True,
2017-05-09,2017-05-08,NKY,GJR-skewt,GJR-skewt-AR1-expanding-refit21,1,0.009116551408,8.311150957e-05,-0.02408964569,-0.01929355638,-0.01562890846,,,-0.002652288672,,True,
2017-05-10,2017-05-09,NKY,GJR-skewt,GJR-skewt-AR1-expanding-refit21,1,0.008921863346,7.959964556e-05,-0.0230459824,-0.01835231573,-0.01476592802,,,0.00287294619,,True,
2017-05-11,2017-05-10,NKY,GJR-skewt,GJR-skewt-AR1-expanding-refit21,1,0.008714858799,7.594876389e-05,-0.0226034707,-0.01801795302,-0.01451533139,,,0.003083715961,,True,
2017-05-12,2017-05-11,NKY,GJR-skewt,GJR-skewt-AR1-expanding-refit21,1,0.008531527714,7.278696513e-05,-0.02213419017,-0.01764513624,-0.0142161979,,,-0.00389758359,,True,
2017-05-15,2017-05-12,NKY,GJR-skewt,GJR-skewt-AR1-expanding-refit21,1,0.008482236823,7.194834152e-05,-0.02186584674,-0.01740272832,-0.01399360066,,,-0.0007068908259,,True,
2017-05-16,2017-05-15,NKY,GJR-skewt,GJR-skewt-AR1-expanding-refit21,1,0.00831063875,6.906671644e-05,-0.02148706854,-0.01711424027,-0.01377408024,,,0.002511743695,,True,
2017-05-17,2017-05-16,NKY,GJR-skewt,GJR-skewt-AR1-expanding-refit21,1,0.008159327468,6.657462474e-05,-0.02116125489,-0.01686804243,-0.01358869649,,,-0.005282017526,,True,
2017-05-18,2017-05-17,NKY,GJR-skewt,GJR-skewt-AR1-expanding-refit21,1,0.008267704296,6.835493432e-05,-0.02128374979,-0.01693351244,-0.01361060837,,,-0.01326053632,,True,
2017-05-19,2017-05-18,NKY,GJR-skewt,GJR-skewt-AR1-expanding-refit21,1,0.009650758885,9.313714706e-05,-0.02469496351,-0.01961700109,-0.01573822835,,,0.001885337077,,True,
2017-05-22,2017-05-19,NKY,GJR-skewt,GJR-skewt-AR1-expanding-refit21,1,0.009375255892,8.789542304e-05,-0.02428930449,-0.01935630413,-0.01558825983,,,0.004457439091,,True,
2017-05-23,2017-05-22,NKY,GJR-skewt,GJR-skewt-AR1-expanding-refit21,1,0.009147169318,8.367070653e-05,-0.02375212241,-0.01893913489,-0.01526276172,,,-0.003308601726,,True,
2017-05-24,2017-05-23,NKY,GJR-skewt,GJR-skewt-AR1-expanding-refit21,1,0.008998165632,8.096698473e-05,-0.02321037182,-0.01847578592,-0.01485929938,,,0.006591156798,,True,
2017-05-25,2017-05-24,NKY,GJR-skewt,GJR-skewt-AR1-expanding-refit21,1,0.00883523393,7.80613586e-05,-0.02298950593,-0.01834065019,-0.01478964815,,,0.003546883715,,True,
2017-05-26,2017-05-25,NKY,GJR-skewt,GJR-skewt-AR1-expanding-refit21,1,0.008646241365,7.475748974e-05,-0.02243984807,-0.01789043499,-0.01441539165,,,-0.006394508558,,True,
2017-05-29,2017-05-26,NKY,GJR-skewt,GJR-skewt-AR1-expanding-refit21,1,0.008806984843,7.756298202e-05,-0.02265422081,-0.01802022896,-0.01448058061,,,-0.0002168958082,,True,
2017-05-30,2017-05-29,NKY,GJR-skewt,GJR-skewt-AR1-expanding-refit21,1,0.008601705532,7.398933806e-05,-0.02224878274,-0.01772280318,-0.01426565941,,,-0.0002398704095,,True,
2017-05-31,2017-05-30,NKY,GJR-skewt,GJR-skewt-AR1-expanding-refit21,1,0.008414411365,7.080231862e-05,-0.02176454392,-0.01733711337,-0.0139552457,,,-0.001387256566,,True,
2017-06-01,2017-05-31,NKY,GJR-skewt,GJR-skewt-AR1-expanding-refit21,1,0.008260990754,6.824396824e-05,-0.02134508557,-0.0169983807,-0.01367817489,,,0.01060277264,,True,
2017-06-02,2017-06-01,NKY,GJR-skewt,GJR-skewt-AR1-expanding-refit21,1,0.008273771649,6.84552973e-05,-0.02162030437,-0.01726687455,-0.01394153192,,,0.01584805029,,True,
2017-06-05,2017-06-02,NKY,GJR-skewt,GJR-skewt-AR1-expanding-refit21,1,0.008500002848,7.225004841e-05,-0.0223106101,-0.01783814368,-0.01442187562,,,-0.0003201632849,,True,
2017-06-06,2017-06-05,NKY,GJR-skewt,GJR-skewt-AR1-expanding-refit21,1,0.008321566599,6.924847066e-05,-0.02152310695,-0.01714452875,-0.01379997668,,,-0.009510233223,,True,
2017-06-07,2017-06-06,NKY,GJR-skewt,GJR-skewt-AR1-expanding-refit21,1,0.00896734423,8.041326254e-05,-0.02300548426,-0.01828711573,-0.01468301674,,,0.0002361469662,,True,
2017-06-08,2017-06-07,NKY,GJR-skewt,GJR-skewt-AR1-expanding-refit21,1,0.008747001922,7.651004263e-05,-0.02263323032,-0.01803079982,-0.01451525943,,,-0.003777996108,,True,
2017-06-09,2017-06-08,NKY,GJR-skewt,GJR-skewt-AR1-expanding-refit21,1,0.008639853634,7.464707082e-05,-0.02227363461,-0.01772588389,-0.01425341395,,,0.005210103794,,True,
2017-06-12,2017-06-09,NKY,GJR-skewt,GJR-skewt-AR1-expanding-refit21,1,0.008484210817,7.198183319e-05,-0.0220487777,-0.01758295252,-0.01417303747,,,-0.005244243767,,True,
2017-06-13,2017-06-12,NKY,GJR-skewt,GJR-skewt-AR1-expanding-refit21,1,0.008542041092,7.296646601e-05,-0.02199213507,-0.01749586983,-0.01406271204,,,-0.0004938829196,,True,
2017-06-14,2017-06-13,NKY,GJR-skewt,GJR-skewt-AR1-expanding-refit21,1,0.008359513171,6.988146046e-05,-0.02161434437,-0.01721415616,-0.01385435872,,,-0.0007656913959,,True,
2017-06-15,2017-06-14,NKY,GJR-skewt,GJR-skewt-AR1-expanding-refit21,1,0.008195802232,6.717117422e-05,-0.02118619253,-0.01687217668,-0.0135781768,,,-0.002603490209,,True,
2017-06-16,2017-06-15,NKY,GJR-skewt,GJR-skewt-AR1-expanding-refit21,1,0.008105606854,6.570086248e-05,-0.02091704381,-0.016650504,-0.01339275482,,,0.005603496027,,True,
2017-06-19,2017-06-16,NKY,GJR-skewt,GJR-skewt-AR1-expanding-refit21,1,0.008008009102,6.412820978e-05,-0.02082670158,-0.0166115342,-0.01339301083,,,0.006222818791,,True,
2017-06-20,2017-06-19,NKY,GJR-skewt,GJR-skewt-AR1-expanding-refit21,1,0.007934511162,6.295646738e-05,-0.02064909071,-0.01647261037,-0.01328362678,,,0.008072876913,,True,
2017-06-21,2017-06-20,NKY,GJR-skewt,GJR-skewt-AR1-expanding-refit21,1,0.007910598612,6.257757039e-05,-0.02062378848,-0.01645989496,-0.01328052214,,,-0.004539166448,,True,
2017-06-22,2017-06-21,NKY,GJR-skewt,GJR-skewt-AR1-expanding-refit21,1,0.007967992032,6.348889702e-05,-0.02052350214,-0.0163293985,-0.01312695852,,,-0.001405206822,,True,
2017-06-23,2017-06-22,NKY,GJR-skewt,GJR-skewt-AR1-expanding-refit21,1,0.007856490201,6.172443828e-05,-0.02029729201,-0.01616187948,-0.01300425353,,,0.001101312193,,True,
2017-06-26,2017-06-23,NKY,GJR-skewt,GJR-skewt-AR1-expanding-refit21,1,0.007736683362,5.985626945e-05,-0.02003727039,-0.01596492046,-0.01285544645,,,0.001026643588,,True,
2017-06-27,2017-06-26,NKY,GJR-skewt,GJR-skewt-AR1-expanding-refit21,1,0.007628371148,5.819204637e-05,-0.01975607449,-0.01574073674,-0.01267479482,,,0.003553396638,,True,
2017-06-28,2017-06-27,NKY,GJR-skewt,GJR-skewt-AR1-expanding-refit21,1,0.007549843034,5.700012984e-05,-0.01960305705,-0.01562905406,-0.01259467362,,,-0.004692289959,,True,
2017-06-29,2017-06-28,NKY,GJR-skewt,GJR-skewt-AR1-expanding-refit21,1,0.007671833421,5.885702805e-05,-0.01975563258,-0.01571741764,-0.01263400766,,,0.00445547385,,True,
2017-06-30,2017-06-29,NKY,GJR-skewt,GJR-skewt-AR1-expanding-refit21,1,0.007599106513,5.774641979e-05,-0.01974805841,-0.01574812466,-0.01269394458,,,-0.009284726174,,True,
2017-07-03,2017-06-30,NKY,GJR-skewt,GJR-skewt-AR1-expanding-refit21,1,0.008318261245,6.919347015e-05,-0.02133459223,-0.01695611776,-0.0136129,,,0.001116064941,,True,
2017-07-04,2017-07-03,NKY,GJR-skewt,GJR-skewt-AR1-expanding-refit21,1,0.00815459239,6.649737705e-05,-0.0211168433,-0.01682451903,-0.01354708192,,,-0.001169980278,,True,
2017-07-05,2017-07-04,NKY,GJR-skewt,GJR-skewt-AR1-expanding-refit21,1,0.008016555671,6.426516482e-05,-0.02071530833,-0.01649564231,-0.01327368396,,,0.002457062312,,True,
2017-07-06,2017-07-05,NKY,GJR-skewt,GJR-skewt-AR1-expanding-refit21,1,0.007889022128,6.223667013e-05,-0.02045741084,-0.01630487452,-0.01313417356,,,-0.004370252704,,True,
2017-07-07,2017-07-06,NKY,GJR-skewt,GJR-skewt-AR1-expanding-refit21,1,0.007944062405,6.310812749e-05,-0.02046503033,-0.01628352251,-0.01309070015,,,-0.003254791604,,True,
2017-07-10,2017-07-07,NKY,GJR-skewt,GJR-skewt-AR1-expanding-refit21,1,0.007817616704,6.111513092e-05,-0.02016325713,-0.01604195861,-0.01289712903,,,0.007592656474,,True,
2017-07-11,2017-07-10,NKY,GJR-skewt,GJR-skewt-AR1-expanding-refit21,1,0.007780380613,6.053432249e-05,-0.02028511715,-0.01618344879,-0.01305359834,,,0.005685718446,,True,
2017-07-12,2017-07-11,NKY,GJR-skewt,GJR-skewt-AR1-expanding-refit21,1,0.007710176251,5.944681782e-05,-0.02006541541,-0.01600075745,-0.01289914845,,,-0.004819582673,,True,
2017-07-13,2017-07-12,NKY,GJR-skewt,GJR-skewt-AR1-expanding-refit21,1,0.007808124078,6.096680162e-05,-0.02010727792,-0.01599098374,-0.0128499728,,,7.113205597e-05,,True,
2017-07-14,2017-07-13,NKY,GJR-skewt,GJR-skewt-AR1-expanding-refit21,1,0.007678940897,5.896613329e-05,-0.01987185579,-0.01582366451,-0.0127346207,,,0.0009472631222,,True,
2017-07-18,2017-07-14,NKY,GJR-skewt,GJR-skewt-AR1-expanding-refit21,1,0.007563569177,5.720757869e-05,-0.0195914129,-0.01560404339,-0.01256141071,,,-0.005929871226,,True,
2017-07-19,2017-07-18,NKY,GJR-skewt,GJR-skewt-AR1-expanding-refit21,1,0.007805505518,6.092591638e-05,-0.02007819387,-0.01596328014,-0.01282332258,,,0.001046917496,,True,
2017-07-20,2017-07-19,NKY,GJR-skewt,GJR-skewt-AR1-expanding-refit21,1,0.007678076854,5.895286417e-05,-0.01988923897,-0.0158415032,-0.01275280697,,,0.006161059009,,True,
2017-07-21,2017-07-20,NKY,GJR-skewt,GJR-skewt-AR1-expanding-refit21,1,0.007625091187,5.814201562e-05,-0.01985515929,-0.01583535656,-0.01276797512,,,-0.002228380872,,True,
2017-07-24,2017-07-21,NKY,GJR-skewt,GJR-skewt-AR1-expanding-refit21,1,0.007557034671,5.710877302e-05,-0.0195106942,-0.01552676957,-0.01248676555,,,-0.006192348164,,True,
2017-07-25,2017-07-24,NKY,GJR-skewt,GJR-skewt-AR1-expanding-refit21,1,0.007838603359,6.144370262e-05,-0.02015842355,-0.01602606127,-0.01287278929,,,-0.001025307099,,True,
2017-07-26,2017-07-25,NKY,GJR-skewt,GJR-skewt-AR1-expanding-refit21,1,0.007718997658,5.958292485e-05,-0.01995329894,-0.0158839905,-0.01277883287,,,0.004747419837,,True,
2017-07-27,2017-07-26,NKY,GJR-skewt,GJR-skewt-AR1-expanding-refit21,1,0.007635584485,5.830215043e-05,-0.01985385084,-0.01582851624,-0.01275691362,,,0.001469255502,,True,
2017-07-28,2017-07-27,NKY,GJR-skewt,GJR-skewt-AR1-expanding-refit21,1,0.007527006644,5.665582902e-05,-0.01950744924,-0.01553935481,-0.01251143031,,,-0.00598415045,,True,
2017-07-31,2017-07-28,NKY,GJR-skewt,GJR-skewt-AR1-expanding-refit21,1,0.007779052583,6.051365909e-05,-0.02000876339,-0.01590779514,-0.01277847893,,,-0.001738003849,,True,
2017-08-01,2017-07-31,NKY,GJR-skewt,GJR-skewt-AR1-expanding-refit21,1,0.007686000442,5.907460279e-05,-0.01985372614,-0.01580181321,-0.01270992952,,,0.003037231042,,True,
2017-08-02,2017-08-01,NKY,GJR-skewt,GJR-skewt-AR1-expanding-refit21,1,0.007583631037,5.75114597e-05,-0.01968525418,-0.01568730845,-0.01263660538,,,0.004704766045,,True,
2017-08-03,2017-08-02,NKY,GJR-skewt,GJR-skewt-AR1-expanding-refit21,1,0.007514365836,5.646569392e-05,-0.01953983326,-0.01557840282,-0.0125555634,,,-0.002532047112,,True,
2017-08-04,2017-08-03,NKY,GJR-skewt,GJR-skewt-AR1-expanding-refit21,1,0.007472890095,5.584408637e-05,-0.01928720806,-0.01534764284,-0.01234148806,,,-0.003848260423,,True,
2017-08-07,2017-08-04,NKY,GJR-skewt,GJR-skewt-AR1-expanding-refit21,1,0.007529858673,5.669877164e-05,-0.01940792381,-0.01543832584,-0.01240925404,,,0.005176974606,,True,
2017-08-08,2017-08-07,NKY,GJR-skewt,GJR-skewt-AR1-expanding-refit21,1,0.007471600974,5.582482111e-05,-0.01943884555,-0.01549995993,-0.01249432373,,,-0.002990164963,,True,
2017-08-09,2017-08-08,NKY,GJR-skewt,GJR-skewt-AR1-expanding-refit21,1,0.007331118606,5.374530001e-05,-0.01891349071,-0.01504367895,-0.01209230715,,,-0.0129510122,,True,
2017-08-10,2017-08-09,NKY,GJR-skewt,GJR-skewt-AR1-expanding-refit21,1,0.008840246957,7.814996626e-05,-0.02260995973,-0.01794353793,-0.01438461916,,,-0.0004545762445,,True,
2017-08-14,2017-08-10,NKY,GJR-skewt,GJR-skewt-AR1-expanding-refit21,1,0.008611776124,7.416268801e-05,-0.02227470486,-0.01772888391,-0.01426194324,,,-0.009811951576,,True,
2017-08-15,2017-08-14,NKY,GJR-skewt,GJR-skewt-AR1-expanding-refit21,1,0.009231904817,8.522806655e-05,-0.02368616558,-0.01881300286,-0.01509640993,,,0.01100589796,,True,
2017-08-16,2017-08-15,NKY,GJR-skewt,GJR-skewt-AR1-expanding-refit21,1,0.009136291381,8.347182019e-05,-0.0238641449,-0.01904145278,-0.01536335205,,,-0.001217308847,,True,
2017-08-17,2017-08-16,NKY,GJR-skewt,GJR-skewt-AR1-expanding-refit21,1,0.008887080494,7.898019971e-05,-0.02297056577,-0.01827942238,-0.0147016493,,,-0.001351618217,,True,
2017-08-18,2017-08-17,NKY,GJR-skewt,GJR-skewt-AR1-expanding-refit21,1,0.008666523498,7.510862955e-05,-0.02239786572,-0.01782314576,-0.01433416482,,,-0.0118562876,,True,
2017-08-21,2017-08-18,NKY,GJR-skewt,GJR-skewt-AR1-expanding-refit21,1,0.009639276796,9.291565715e-05,-0.02469714429,-0.01960894578,-0.01572835249,,,-0.003976961431,,True,
2017-08-22,2017-08-21,NKY,GJR-skewt,GJR-skewt-AR1-expanding-refit21,1,0.009484418553,8.995419529e-05,-0.02445784454,-0.01945138966,-0.01563313941,,,-0.0004792029914,,True,
2017-08-23,2017-08-22,NKY,GJR-skewt,GJR-skewt-AR1-expanding-refit21,1,0.009201353517,8.466490654e-05,-0.02379777276,-0.01894073688,-0.01523644335,,,0.002617351756,,True,
2017-08-24,2017-08-23,NKY,GJR-skewt,GJR-skewt-AR1-expanding-refit21,1,0.008948979713,8.008423791e-05,-0.02320882066,-0.01848500308,-0.01488231053,,,-0.004169864497,,True,
2017-08-25,2017-08-24,NKY,GJR-skewt,GJR-skewt-AR1-expanding-refit21,1,0.008853002905,7.837566044e-05,-0.02282221775,-0.01814906258,-0.01458500851,,,0.005094011166,,True,
2017-08-28,2017-08-25,NKY,GJR-skewt,GJR-skewt-AR1-expanding-refit21,1,0.008657619448,7.495437451e-05,-0.02250646366,-0.0179364438,-0.01445104747,,,-0.0001392707062,,True,
2017-08-29,2017-08-28,NKY,GJR-skewt,GJR-skewt-AR1-expanding-refit21,1,0.008440302459,7.12387056e-05,-0.02183802497,-0.01738271828,-0.01398480972,,,-0.00450112038,,True,
2017-08-30,2017-08-29,NKY,GJR-skewt,GJR-skewt-AR1-expanding-refit21,1,0.008425681768,7.099211325e-05,-0.02171118183,-0.01726359284,-0.0138715703,,,0.007408917432,,True,
2017-08-31,2017-08-30,NKY,GJR-skewt,GJR-skewt-AR1-expanding-refit21,1,0.00831344896,6.911343361e-05,-0.02166433314,-0.01727598747,-0.01392914777,,,0.007136237345,,True,
2017-09-01,2017-08-31,NKY,GJR-skewt,GJR-skewt-AR1-expanding-refit21,1,0.008211330722,6.742595222e-05,-0.0213948742,-0.01706043277,-0.01375470397,,,0.002299599487,,True,
2017-09-04,2017-09-01,NKY,GJR-skewt,GJR-skewt-AR1-expanding-refit21,1,0.008042497057,6.468175891e-05,-0.02085982359,-0.01661450287,-0.01337674336,,,-0.009348129578,,True,
2017-09-05,2017-09-04,NKY,GJR-skewt,GJR-skewt-AR1-expanding-refit21,1,0.008674644698,7.524946064e-05,-0.02225557868,-0.01767657185,-0.01418432148,,,-0.006296069515,,True,
2017-09-06,2017-09-05,NKY,GJR-skewt,GJR-skewt-AR1-expanding-refit21,1,0.008825713795,7.7893224e-05,-0.02270828485,-0.01804953453,-0.01449646655,,,-0.001437126367,,True,
2017-09-07,2017-09-06,NKY,GJR-skewt,GJR-skewt-AR1-expanding-refit21,1,0.00861524366,7.422242332e-05,-0.02226360376,-0.01771595243,-0.0142476158,,,0.001989387164,,True,
2017-09-08,2017-09-07,NKY,GJR-skewt,GJR-skewt-AR1-expanding-refit21,1,0.008374429458,7.013106874e-05,-0.02172467032,-0.01730395162,-0.01393242118,,,-0.006294047337,,True,
2017-09-11,2017-09-08,NKY,GJR-skewt,GJR-skewt-AR1-expanding-refit21,1,0.008531065442,7.277907757e-05,-0.02196258714,-0.01745918298,-0.01402459116,,,0.01395927372,,True,
2017-09-12,2017-09-11,NKY,GJR-skewt,GJR-skewt-AR1-expanding-refit21,1,0.008622081558,7.434029039e-05,-0.02260579629,-0.01805434627,-0.01458311153,,,0.01174151774,,True,
2017-09-13,2017-09-12,NKY,GJR-skewt,GJR-skewt-AR1-expanding-refit21,1,0.008631070383,7.449537595e-05,-0.02258434914,-0.01802815407,-0.01455330045,,,0.004500294219,,True,
2017-09-14,2017-09-13,NKY,GJR-skewt,GJR-skewt-AR1-expanding-refit21,1,0.008449556753,7.139500932e-05,-0.02196939966,-0.01750902254,-0.01410724598,,,-0.00294308572,,True,
2017-09-15,2017-09-14,NKY,GJR-skewt,GJR-skewt-AR1-expanding-refit21,1,0.008320318781,6.922770462e-05,-0.02148547087,-0.01709331628,-0.0137435707,,,0.005139407823,,True,
2017-09-19,2017-09-15,NKY,GJR-skewt,GJR-skewt-AR1-expanding-refit21,1,0.008171985374,6.678134495e-05,-0.02126496201,-0.0169511101,-0.01366108329,,,0.01939338132,,True,
2017-09-20,2017-09-19,NKY,GJR-skewt,GJR-skewt-AR1-expanding-refit21,1,0.008601158222,7.397992276e-05,-0.02266119483,-0.01812078988,-0.01465797884,,,0.0005456844836,,True,
2017-09-21,2017-09-20,NKY,GJR-skewt,GJR-skewt-AR1-expanding-refit21,1,0.008387918867,7.035718293e-05,-0.02173044701,-0.01730260749,-0.01392564623,,,0.001821023837,,True,
2017-09-22,2017-09-21,NKY,GJR-skewt,GJR-skewt-AR1-expanding-refit21,1,0.008196950083,6.718999066e-05,-0.02126262842,-0.01693559806,-0.0136355205,,,-0.002511138918,,True,
2017-09-25,2017-09-22,NKY,GJR-skewt,GJR-skewt-AR1-expanding-refit21,1,0.00807285639,6.517101029e-05,-0.02085466888,-0.01659314547,-0.01334302781,,,0.004970314807,,True,
2017-09-26,2017-09-25,NKY,GJR-skewt,GJR-skewt-AR1-expanding-refit21,1,0.007944591341,6.311653157e-05,-0.02067391369,-0.01648009922,-0.01328162084,,,-0.003309323947,,True,
2017-09-27,2017-09-26,NKY,GJR-skewt,GJR-skewt-AR1-expanding-refit21,1,0.007884238636,6.216121887e-05,-0.02035115498,-0.01618919967,-0.01301501919,,,-0.003110493253,,True,
2017-09-28,2017-09-27,NKY,GJR-skewt,GJR-skewt-AR1-expanding-refit21,1,0.007827991833,6.127745614e-05,-0.02020980487,-0.01607754129,-0.01292600567,,,0.004728446976,,True,
2017-09-29,2017-09-28,NKY,GJR-skewt,GJR-skewt-AR1-expanding-refit21,1,0.007718501139,5.957525984e-05,-0.02008476875,-0.01601030344,-0.01290284858,,,-0.0003354706584,,True,
2017-10-02,2017-09-29,NKY,GJR-skewt,GJR-skewt-AR1-expanding-refit21,1,0.007581307729,5.747622689e-05,-0.0196282152,-0.01562617196,-0.01257395092,,,0.002183671698,,True,
2017-10-03,2017-10-02,NKY,GJR-skewt,GJR-skewt-AR1-expanding-refit21,1,0.00746499604,5.572616587e-05,-0.01937838514,-0.01543774086,-0.0124323467,,,0.0104007663,,True,
2017-10-04,2017-10-03,NKY,GJR-skewt,GJR-skewt-AR1-expanding-refit21,1,0.007545603203,5.69361277e-05,-0.0197522264,-0.01576903097,-0.0127311845,,,0.0006105541899,,True,
2017-10-05,2017-10-04,NKY,GJR-skewt,GJR-skewt-AR1-expanding-refit21,1,0.00742519601,5.513353579e-05,-0.0192438418,-0.01532420728,-0.01233483654,,,9.212846125e-05,,True,
2017-10-06,2017-10-05,NKY,GJR-skewt,GJR-skewt-AR1-expanding-refit21,1,0.007314708532,5.350496091e-05,-0.01894787143,-0.01508656136,-0.01214167268,,,0.003008302646,,True,
2017-10-10,2017-10-06,NKY,GJR-skewt,GJR-skewt-AR1-expanding-refit21,1,0.007231615668,5.229626516e-05,-0.01879188513,-0.01497443837,-0.01206300273,,,0.006397773134,,True,
2017-10-11,2017-10-10,NKY,GJR-skewt,GJR-skewt-AR1-expanding-refit21,1,0.007177402705,5.151510959e-05,-0.01868495039,-0.01489493966,-0.01200555914,,,0.002769936583,,True,
2017-10-12,2017-10-11,NKY,GJR-skewt,GJR-skewt-AR1-expanding-refit21,1,0.007102110717,5.043997663e-05,-0.01841907809,-0.01466882511,-0.01180975461,,,0.003511390316,,True,
2017-10-13,2017-10-12,NKY,GJR-skewt,GJR-skewt-AR1-expanding-refit21,1,0.007042215864,4.959280427e-05,-0.0182789077,-0.01456028206,-0.01172532321,,,0.009520825382,,True,
2017-10-16,2017-10-13,NKY,GJR-skewt,GJR-skewt-AR1-expanding-refit21,1,0.00713455246,5.09018388e-05,-0.0186356514,-0.01486826764,-0.01199613719,,,0.004733755972,,True,
2017-10-17,2017-10-16,NKY,GJR-skewt,GJR-skewt-AR1-expanding-refit21,1,0.007092635707,5.030548127e-05,-0.0184332151,-0.01468796539,-0.01183270921,,,0.003782836772,,True,
2017-10-18,2017-10-17,NKY,GJR-skewt,GJR-skewt-AR1-expanding-refit21,1,0.007037962981,4.953292292e-05,-0.01827325737,-0.01455687746,-0.01172363068,,,0.001261459819,,True,
2017-10-19,2017-10-18,NKY,GJR-skewt,GJR-skewt-AR1-expanding-refit21,1,0.006963952154,4.84966296e-05,-0.01803245326,-0.0143551546,-0.01155170208,,,0.003992792739,,True,
2017-10-20,2017-10-19,NKY,GJR-skewt,GJR-skewt-AR1-expanding-refit21,1,0.006924338506,4.794646375e-05,-0.01798381369,-0.01432743292,-0.01153992752,,,0.0004251645967,,True,
2017-10-23,2017-10-20,NKY,GJR-skewt,GJR-skewt-AR1-expanding-refit21,1,0.006858510235,4.703916265e-05,-0.01774357683,-0.01412195653,-0.01136095137,,,0.01107710072,,True,
2017-10-24,2017-10-23,NKY,GJR-skewt,GJR-skewt-AR1-expanding-refit21,1,0.007030383016,4.942628535e-05,-0.01839711155,-0.01468473422,-0.01185453888,,,0.004989205249,,True,
2017-10-25,2017-10-24,NKY,GJR-skewt,GJR-skewt-AR1-expanding-refit21,1,0.007004505356,4.906309528e-05,-0.01821053538,-0.0145118227,-0.01169204483,,,-0.004483782609,,True,
2017-10-26,2017-10-25,NKY,GJR-skewt,GJR-skewt-AR1-expanding-refit21,1,0.007137649539,5.094604094e-05,-0.0183682587,-0.01459923954,-0.01172586231,,,0.001480418484,,True,
2017-10-27,2017-10-26,NKY,GJR-skewt,GJR-skewt-AR1-expanding-refit21,1,0.007054279618,4.976286093e-05,-0.01827013871,-0.01454514284,-0.01170532753,,,0.01228270523,,True,
2017-10-30,2017-10-27,NKY,GJR-skewt,GJR-skewt-AR1-expanding-refit21,1,0.007253016675,5.260625089e-05,-0.01899603943,-0.01516610092,-0.01224628076,,,0.0001463285456,,True,
2017-10-31,2017-10-30,NKY,GJR-skewt,GJR-skewt-AR1-expanding-refit21,1,0.007155310922,5.11984744e-05,-0.01850493971,-0.01472659449,-0.01184610738,,,-2.750363033e-06,,True,
2017-11-01,2017-10-31,NKY,GJR-skewt,GJR-skewt-AR1-expanding-refit21,1,0.007066600844,4.993684749e-05,-0.01827280727,-0.0145413052,-0.01169652978,,,0.01838697618,,True,
2017-11-02,2017-11-01,NKY,GJR-skewt,GJR-skewt-AR1-expanding-refit21,1,0.00759056136,5.761662175e-05,-0.01998819394,-0.01598001575,-0.01292431147,,,0.005295438541,,True,
2017-11-06,2017-11-02,NKY,GJR-skewt,GJR-skewt-AR1-expanding-refit21,1,0.007517055742,5.650612703e-05,-0.01954083744,-0.01557147372,-0.01254536033,,,0.0004094472537,,True,
2017-11-07,2017-11-06,NKY,GJR-skewt,GJR-skewt-AR1-expanding-refit21,1,0.007394921128,5.468485849e-05,-0.01912919643,-0.01522432561,-0.0122473795,,,0.01711559323,,True,
2017-11-08,2017-11-07,NKY,GJR-skewt,GJR-skewt-AR1-expanding-refit21,1,0.007790369856,6.06898625e-05,-0.02047943938,-0.01636575278,-0.01322961234,,,-0.001037232966,,True,
2017-11-09,2017-11-08,NKY,GJR-skewt,GJR-skewt-AR1-expanding-refit21,1,0.007647632577,5.848628403e-05,-0.01975368047,-0.01571536595,-0.01263668673,,,-0.001970593734,,True,
2017-11-10,2017-11-09,NKY,GJR-skewt,GJR-skewt-AR1-expanding-refit21,1,0.007551635494,5.702719864e-05,-0.01944375381,-0.01545539294,-0.0124162518,,,-0.008223558174,,True,
2017-11-13,2017-11-10,NKY,GJR-skewt,GJR-skewt-AR1-expanding-refit21,1,0.008100368171,6.56159645e-05,-0.02074324574,-0.01646507428,-0.01320509674,,,-0.01333413549,,True,
2017-11-14,2017-11-13,NKY,GJR-skewt,GJR-skewt-AR1-expanding-refit21,1,0.009521150849,9.065231348e-05,-0.02431650422,-0.01928795306,-0.01545618427,,,-4.380867274e-05,,True,
2017-11-15,2017-11-14,NKY,GJR-skewt,GJR-skewt-AR1-expanding-refit21,1,0.009230549586,8.520304567e-05,-0.02381619007,-0.0189411186,-0.01522630173,,,-0.0158392271,,True,
2017-11-16,2017-11-15,NKY,GJR-skewt,GJR-skewt-AR1-expanding-refit21,1,0.01089355203,0.0001186694758,-0.02781386237,-0.02206048395,-0.01767639496,,,0.01454748085,,True,
2017-11-17,2017-11-16,NKY,GJR-skewt,GJR-skewt-AR1-expanding-refit21,1,0.01074378018,0.0001154288127,-0.02799915657,-0.02232487946,-0.01800106585,,,0.002041733155,,True,
2017-11-20,2017-11-17,NKY,GJR-skewt,GJR-skewt-AR1-expanding-refit21,1,0.01036580011,0.000107449812,-0.02678748645,-0.02131283773,-0.01714114148,,,-0.006047728361,,True,
2017-11-21,2017-11-20,NKY,GJR-skewt,GJR-skewt-AR1-expanding-refit21,1,0.01028269939,0.0001057339068,-0.02642055472,-0.02098979526,-0.01685154273,,,0.00692602563,,True,
2017-11-22,2017-11-21,NKY,GJR-skewt,GJR-skewt-AR1-expanding-refit21,1,0.00999225681,9.984519616e-05,-0.02591469005,-0.02063732648,-0.01661596201,,,0.004747262863,,True,
2017-11-24,2017-11-22,NKY,GJR-skewt,GJR-skewt-AR1-expanding-refit21,1,0.009695631792,9.400527585e-05,-0.02510757056,-0.0199868681,-0.01608487979,,,0.001229055486,,True,
2017-11-27,2017-11-24,NKY,GJR-skewt,GJR-skewt-AR1-expanding-refit21,1,0.009392832655,8.822530528e-05,-0.02425928638,-0.01929850586,-0.01551837848,,,-0.002435660629,,True,
2017-11-28,2017-11-27,NKY,GJR-skewt,GJR-skewt-AR1-expanding-refit21,1,0.009161011233,8.392412681e-05,-0.02359155909,-0.01875321398,-0.01506638268,,,-0.0004335045218,,True,
2017-11-29,2017-11-28,NKY,GJR-skewt,GJR-skewt-AR1-expanding-refit21,1,0.008900422469,7.921752013e-05,-0.0229562282,-0.01825551182,-0.01467355397,,,0.004922393473,,True,
2017-11-30,2017-11-29,NKY,GJR-skewt,GJR-skewt-AR1-expanding-refit21,1,0.00869442356,7.559300103e-05,-0.02252503075,-0.01793311172,-0.01443405773,,,0.00563795097,,True,
2017-12-01,2017-11-30,NKY,GJR-skewt,GJR-skewt-AR1-expanding-refit21,1,0.008519350854,7.257933898e-05,-0.02208633988,-0.01758688468,-0.01415828837,,,0.004130885031,,True,
2017-12-04,2017-12-01,NKY,GJR-skewt,GJR-skewt-AR1-expanding-refit21,1,0.008337010526,6.950574452e-05,-0.02158703187,-0.01718387887,-0.01382866506,,,-0.004914505979,,True,
2017-12-05,2017-12-04,NKY,GJR-skewt,GJR-skewt-AR1-expanding-refit21,1,0.008360729327,6.990179488e-05,-0.02147798672,-0.01706230674,-0.01369754736,,,-0.003740580511,,True,
2017-12-06,2017-12-05,NKY,GJR-skewt,GJR-skewt-AR1-expanding-refit21,1,0.008301953848,6.892243769e-05,-0.02134828866,-0.01696365067,-0.01362254536,,,-0.01988224272,,True,
2017-12-07,2017-12-06,NKY,GJR-skewt,GJR-skewt-AR1-expanding-refit21,1,0.01125131339,0.0001265920531,-0.02866173782,-0.02271940942,-0.01819134005,,,0.01437024164,,True,
2017-12-08,2017-12-07,NKY,GJR-skewt,GJR-skewt-AR1-expanding-refit21,1,0.01105982592,0.0001223197494,-0.02881207613,-0.02297088095,-0.01851987534,,,0.01381866763,,True,
2017-12-11,2017-12-08,NKY,GJR-skewt,GJR-skewt-AR1-expanding-refit21,1,0.01088907163,0.000118571881,-0.02836068131,-0.0226096692,-0.01822738333,,,0.005580382508,,True,
2017-12-12,2017-12-11,NKY,GJR-skewt,GJR-skewt-AR1-expanding-refit21,1,0.01054108716,0.0001111145186,-0.02732857179,-0.02175853018,-0.0175131256,,,-0.003168246632,,True,
2017-12-13,2017-12-12,NKY,GJR-skewt,GJR-skewt-AR1-expanding-refit21,1,0.01024265071,0.0001049118936,-0.02639447043,-0.02098212636,-0.01685691654,,,-0.00473870082,,True,
2017-12-14,2017-12-13,NKY,GJR-skewt,GJR-skewt-AR1-expanding-refit21,1,0.01007282036,0.00010146171,-0.02592635336,-0.02060374976,-0.01654693882,,,-0.002799454561,,True,
2017-12-15,2017-12-14,NKY,GJR-skewt,GJR-skewt-AR1-expanding-refit21,1,0.009804719291,9.613252037e-05,-0.02526962345,-0.02008868779,-0.01613985409,,,-0.006242486248,,True,
2017-12-18,2017-12-15,NKY,GJR-skewt,GJR-skewt-AR1-expanding-refit21,1,0.009806325451,9.616401884e-05,-0.02520967461,-0.02002789023,-0.01607840965,,,0.01533629904,,True,
2017-12-19,2017-12-18,NKY,GJR-skewt,GJR-skewt-AR1-expanding-refit21,1,0.009802604151,9.609104813e-05,-0.02560179391,-0.02042197591,-0.01647399408,,,-0.001475626226,,True,
2017-12-20,2017-12-19,NKY,GJR-skewt,GJR-skewt-AR1-expanding-refit21,1,0.009501221528,9.027321053e-05,-0.02450996321,-0.01948939955,-0.01566279904,,,0.001036750302,,True,
2017-12-21,2017-12-20,NKY,GJR-skewt,GJR-skewt-AR1-expanding-refit21,1,0.009213177216,8.488263441e-05,-0.02381236556,-0.01894400809,-0.01523341694,,,-0.001119856344,,True,
2017-12-22,2017-12-21,NKY,GJR-skewt,GJR-skewt-AR1-expanding-refit21,1,0.00895737428,8.0234554e-05,-0.02311116358,-0.01837797557,-0.0147704086,,,0.001601969913,,True,
2017-12-25,2017-12-22,NKY,GJR-skewt,GJR-skewt-AR1-expanding-refit21,1,0.008715382349,7.595788949e-05,-0.02253647496,-0.01793115849,-0.01442105335,,,0.001588934853,,True,
2017-12-26,2017-12-25,NKY,GJR-skewt,GJR-skewt-AR1-expanding-refit21,1,0.008493688521,7.214274469e-05,-0.02196332579,-0.0174751551,-0.01405433677,,,-0.002028730524,,True,
2017-12-27,2017-12-26,NKY,GJR-skewt,GJR-skewt-AR1-expanding-refit21,1,0.008324039499,6.928963358e-05,-0.02145756403,-0.01705903799,-0.01370654551,,,0.0008087298615,,True,
2017-12-28,2017-12-27,NKY,GJR-skewt,GJR-skewt-AR1-expanding-refit21,1,0.008132504293,6.613762608e-05,-0.02101541966,-0.01671810321,-0.0134427512,,,-0.005568673414,,True,
2017-12-29,2017-12-28,NKY,GJR-skewt,GJR-skewt-AR1-expanding-refit21,1,0.008248719122,6.804136716e-05,-0.02119701558,-0.01683828977,-0.01351613244,,,-0.0008360690503,,True,
2018-01-04,2017-12-29,NKY,GJR-skewt,GJR-skewt-AR1-expanding-refit21,1,0.00807141575,6.514775222e-05,-0.02082693168,-0.01656189518,-0.01331114647,,,0.03204814099,,True,
2018-01-05,2018-01-04,NKY,GJR-skewt,GJR-skewt-AR1-expanding-refit21,1,0.009429637116,8.891805613e-05,-0.02494909083,-0.01996635325,-0.01616858325,,,0.008818160951,,True,
2018-01-09,2018-01-05,NKY,GJR-skewt,GJR-skewt-AR1-expanding-refit21,1,0.009269865496,8.593040632e-05,-0.02410372864,-0.01920541638,-0.01547199411,,,0.005695896755,,True,
2018-01-10,2018-01-09,NKY,GJR-skewt,GJR-skewt-AR1-expanding-refit21,1,0.009047794623,8.186258753e-05,-0.02347172004,-0.0186907528,-0.01504676919,,,-0.002594181071,,True,
2018-01-11,2018-01-10,NKY,GJR-skewt,GJR-skewt-AR1-expanding-refit21,1,0.00884899426,7.830469941e-05,-0.02280363758,-0.01812771892,-0.01456380182,,,-0.003274603974,,True,
2018-01-12,2018-01-11,NKY,GJR-skewt,GJR-skewt-AR1-expanding-refit21,1,0.00871047269,7.587233448e-05,-0.02243299928,-0.01783027714,-0.01432214936,,,-0.002390385447,,True,
2018-01-15,2018-01-12,NKY,GJR-skewt,GJR-skewt-AR1-expanding-refit21,1,0.008539828376,7.292866869e-05,-0.02200847781,-0.01749592625,-0.01405652517,,,0.002578098293,,True,
2018-01-16,2018-01-15,NKY,GJR-skewt,GJR-skewt-AR1-expanding-refit21,1,0.008310558836,6.906538817e-05,-0.02149585704,-0.01708961523,-0.01373869054,,,0.009941182585,,True,
2018-01-17,2018-01-16,NKY,GJR-skewt,GJR-skewt-AR1-expanding-refit21,1,0.008270963457,6.84088365e-05,-0.02152483166,-0.01713958325,-0.01380462393,,,-0.003491030208,,True,
2018-01-18,2018-01-17,NKY,GJR-skewt,GJR-skewt-AR1-expanding-refit21,1,0.00818755788,6.703610404e-05,-0.02106982478,-0.01672879784,-0.01342746873,,,-0.004407604606,,True,
2018-01-19,2018-01-18,NKY,GJR-skewt,GJR-skewt-AR1-expanding-refit21,1,0.008196986184,6.719058251e-05,-0.02107784379,-0.01673181797,-0.01342668725,,,0.001878918647,,True,
2018-01-22,2018-01-19,NKY,GJR-skewt,GJR-skewt-AR1-expanding-refit21,1,0.008020453665,6.432767698e-05,-0.02073379454,-0.01648136591,-0.01324741538,,,0.0003472812974,,True,
2018-01-23,2018-01-22,NKY,GJR-skewt,GJR-skewt-AR1-expanding-refit21,1,0.00785455077,6.16939678e-05,-0.02027781268,-0.01611334544,-0.0129462891,,,0.0128419464,,True,
2018-01-24,2018-01-23,NKY,GJR-skewt,GJR-skewt-AR1-expanding-refit21,1,0.007965858134,6.34548958e-05,-0.02078819782,-0.01656471564,-0.01335277873,,,-0.007630177796,,True,
2018-01-25,2018-01-24,NKY,GJR-skewt,GJR-skewt-AR1-expanding-refit21,1,0.008325876276,6.932021577e-05,-0.02135342127,-0.01693905818,-0.01358195731,,,-0.01139636506,,True,
2018-01-26,2018-01-25,NKY,GJR-skewt,GJR-skewt-AR1-expanding-refit21,1,0.009301717997,8.65219577e-05,-0.02380772492,-0.0188759725,-0.01512539963,,,-0.001590202443,,True,
2018-01-29,2018-01-26,NKY,GJR-skewt,GJR-skewt-AR1-expanding-refit21,1,0.009056707939,8.202395869e-05,-0.02334949351,-0.01854764493,-0.01489586329,,,-0.0001075308663,,True,
2018-01-30,2018-01-29,NKY,GJR-skewt,GJR-skewt-AR1-expanding-refit21,1,0.008803719568,7.750547823e-05,-0.02272223879,-0.01805452414,-0.01450475068,,,-0.01438045741,,True,
2018-01-31,2018-01-30,NKY,GJR-skewt,GJR-skewt-AR1-expanding-refit21,1,0.01025289156,0.0001051217854,-0.0262122339,-0.02077617113,-0.0166420728,,,-0.008350147913,,True,
2018-02-01,2018-01-31,NKY,GJR-skewt,GJR-skewt-AR1-expanding-refit21,1,0.01046420785,0.000109499646,-0.02686576997,-0.02131766773,-0.01709836394,,,0.01665060806,,True,
2018-02-02,2018-02-01,NKY,GJR-skewt,GJR-skewt-AR1-expanding-refit21,1,0.0104329849,0.0001088471739,-0.02723085862,-0.02169931073,-0.01749259644,,,-0.009049556632,,True,
2018-02-05,2018-02-02,NKY,GJR-skewt,GJR-skewt-AR1-expanding-refit21,1,0.01064030536,0.0001132160982,-0.02730831378,-0.02166684498,-0.0173765364,,,-0.0257844106,,True,
2018-02-06,2018-02-05,NKY,GJR-skewt,GJR-skewt-AR1-expanding-refit21,1,0.01443072003,0.0002082456805,-0.03680389571,-0.02915275658,-0.02333410384,,,-0.04840790187,,True,
2018-02-07,2018-02-06,NKY,GJR-skewt,GJR-skewt-AR1-expanding-refit21,1,0.02355639758,0.0005549038669,-0.05998014605,-0.04749059078,-0.03799234696,,,0.001624247964,,True,
2018-02-08,2018-02-07,NKY,GJR-skewt,GJR-skewt-AR1-expanding-refit21,1,0.02236094797,0.000500011994,-0.05778332739,-0.04592759714,-0.03691137404,,,0.01127763475,,True,
2018-02-09,2018-02-08,NKY,GJR-skewt,GJR-skewt-AR1-expanding-refit21,1,0.02131060498,0.0004541418846,-0.05524149073,-0.04394265024,-0.03534993901,,,-0.02349076748,,True,
2018-02-13,2018-02-09,NKY,GJR-skewt,GJR-skewt-AR1-expanding-refit21,1,0.02220089904,0.0004928799182,-0.05692197847,-0.04515110584,-0.03619941654,,,-0.00647190581,,True,
2018-02-14,2018-02-13,NKY,GJR-skewt,GJR-skewt-AR1-expanding-refit21,1,0.02125736316,0.0004518754887,-0.05478744509,-0.04351683331,-0.03494558987,,,-0.004269451097,,True,
2018-02-15,2018-02-14,NKY,GJR-skewt,GJR-skewt-AR1-expanding-refit21,1,0.02030928263,0.0004124669609,-0.052404769,-0.04163007889,-0.03343744546,,,0.01458574643,,True,
2018-02-16,2018-02-15,NKY,GJR-skewt,GJR-skewt-AR1-expanding-refit21,1,0.01943469917,0.0003777075317,-0.05046802373,-0.04015732667,-0.03231749455,,,0.01182221331,,True,
2018-02-19,2018-02-16,NKY,GJR-skewt,GJR-skewt-AR1-expanding-refit21,1,0.0185758214,0.0003450611408,-0.048200873,-0.03834583662,-0.03085247025,,,0.01955686725,,True,
2018-02-20,2018-02-19,NKY,GJR-skewt,GJR-skewt-AR1-expanding-refit21,1,0.01794579824,0.0003220516744,-0.04670534334,-0.03718455335,-0.02994533425,,,-0.01016979092,,True,
2018-02-21,2018-02-20,NKY,GJR-skewt,GJR-skewt-AR1-expanding-refit21,1,0.01751203741,0.0003066714542,-0.04507417534,-0.03578350862,-0.02871926584,,,0.002082697744,,True,
2018-02-22,2018-02-21,NKY,GJR-skewt,GJR-skewt-AR1-expanding-refit21,1,0.01667654047,0.0002781070019,-0.04312513903,-0.03427772877,-0.02755052006,,,-0.01072468968,,True,
2018-02-23,2018-02-22,NKY,GJR-skewt,GJR-skewt-AR1-expanding-refit21,1,0.01643642861,0.0002701561854,-0.04228479628,-0.03356477264,-0.0269344235,,,0.007166780596,,True,
2018-02-26,2018-02-23,NKY,GJR-skewt,GJR-skewt-AR1-expanding-refit21,1,0.01570494615,0.0002466453337,-0.04070134994,-0.03236939991,-0.02603412607,,,0.01184453438,,True,
2018-02-27,2018-02-26,NKY,GJR-skewt,GJR-skewt-AR1-expanding-refit21,1,0.01510054209,0.0002280263713,-0.0392195725,-0.03120827715,-0.02511681601,,,0.01060674561,,True,
2018-02-28,2018-02-27,NKY,GJR-skewt,GJR-skewt-AR1-expanding-refit21,1,0.0145172022,0.0002107491598,-0.03769071856,-0.0299889027,-0.0241327571,,,-0.01446866886,,True,
2018-03-01,2018-02-28,NKY,GJR-skewt,GJR-skewt-AR1-expanding-refit21,1,0.01496302733,0.0002238921868,-0.0384126153,-0.0304742757,-0.02443828713,,,-0.01570017403,,True,
2018-03-02,2018-03-01,NKY,GJR-skewt,GJR-skewt-AR1-expanding-refit21,1,0.01560022403,0.0002433669898,-0.04003828426,-0.03176189249,-0.02546886288,,,-0.02530450923,,True,
2018-03-05,2018-03-02,NKY,GJR-skewt,GJR-skewt-AR1-expanding-refit21,1,0.01795388586,0.0003223420175,-0.04595638549,-0.03643130478,-0.02918882318,,,-0.006610088052,,True,
2018-03-06,2018-03-05,NKY,GJR-skewt,GJR-skewt-AR1-expanding-refit21,1,0.01731093573,0.0002996684959,-0.0446155258,-0.03543154962,-0.02844842995,,,0.01769576372,,True,
2018-03-07,2018-03-06,NKY,GJR-skewt,GJR-skewt-AR1-expanding-refit21,1,0.01671834739,0.0002795031395,-0.04350112059,-0.03463153049,-0.02788745713,,,-0.007735553533,,True,
2018-03-08,2018-03-07,NKY,GJR-skewt,GJR-skewt-AR1-expanding-refit21,1,0.01619569858,0.0002623006524,-0.04171393784,-0.03312162878,-0.02658838858,,,0.00541284612,,True,
2018-03-09,2018-03-08,NKY,GJR-skewt,GJR-skewt-AR1-expanding-refit21,1,0.01546325006,0.0002391121025,-0.04004659959,-0.03184287667,-0.02560510147,,,0.004721547334,,True,
2018-03-12,2018-03-09,NKY,GJR-skewt,GJR-skewt-AR1-expanding-refit21,1,0.01477494634,0.0002182990394,-0.03825585017,-0.03041729324,-0.02445717531,,,0.01639231065,,True,
2018-03-13,2018-03-12,NKY,GJR-skewt,GJR-skewt-AR1-expanding-refit21,1,0.01435047347,0.0002059360888,-0.03735910187,-0.02974574066,-0.02395685235,,,0.006579759119,,True,
2018-03-14,2018-03-13,NKY,GJR-skewt,GJR-skewt-AR1-expanding-refit21,1,0.01375817786,0.0001892874581,-0.035659952,-0.02836082157,-0.02281086148,,,-0.008723742818,,True,
2018-03-15,2018-03-14,NKY,GJR-skewt,GJR-skewt-AR1-expanding-refit21,1,0.0135904826,0.0001847012173,-0.03496393079,-0.02775376778,-0.02227145488,,,0.001223469749,,True,
2018-03-16,2018-03-15,NKY,GJR-skewt,GJR-skewt-AR1-expanding-refit21,1,0.01299111389,0.0001687690401,-0.0335934471,-0.02670216477,-0.02146065341,,,-0.005861935126,,True,
2018-03-19,2018-03-16,NKY,GJR-skewt,GJR-skewt-AR1-expanding-refit21,1,0.0126567856,0.0001601942218,-0.03261213393,-0.02589819979,-0.02079157953,,,-0.009064988783,,True,
2018-03-20,2018-03-19,NKY,GJR-skewt,GJR-skewt-AR1-expanding-refit21,1,0.01265734248,0.0001602083186,-0.03256066254,-0.025846433,-0.02073958805,,,-0.004662879549,,True,
2018-03-22,2018-03-20,NKY,GJR-skewt,GJR-skewt-AR1-expanding-refit21,1,0.01228278776,0.0001508668752,-0.03166512155,-0.02514957877,-0.02019385503,,,0.009821116422,,True,
2018-03-23,2018-03-22,NKY,GJR-skewt,GJR-skewt-AR1-expanding-refit21,1,0.01188869342,0.0001413410311,-0.03088561062,-0.02457911961,-0.01978240071,,,-0.04616476284,,True,
2018-03-26,2018-03-23,NKY,GJR-skewt,GJR-skewt-AR1-expanding-refit21,1,0.02135022705,0.0004558321951,-0.05441973608,-0.04309426824,-0.0344801141,,,0.007164170256,,True,
2018-03-27,2018-03-26,NKY,GJR-skewt,GJR-skewt-AR1-expanding-refit21,1,0.02030070767,0.0004121187318,-0.05258756622,-0.04181882773,-0.03362812209,,,0.02619807172,,True,
2018-03-28,2018-03-27,NKY,GJR-skewt,GJR-skewt-AR1-expanding-refit21,1,0.01973568559,0.0003894972857,-0.05144135058,-0.0409723344,-0.03300959764,,,-0.01350759648,,True,
2018-03-29,2018-03-28,NKY,GJR-skewt,GJR-skewt-AR1-expanding-refit21,1,0.01944762558,0.0003782101408,-0.05004079388,-0.03972458237,-0.03187806889,,,0.006056825675,,True,
2018-03-30,2018-03-29,NKY,GJR-skewt,GJR-skewt-AR1-expanding-refit21,1,0.01851157977,0.0003426785855,-0.04794421073,-0.03812453524,-0.0306556872,,,0.01385599628,,True,
2018-04-02,2018-03-30,NKY,GJR-skewt,GJR-skewt-AR1-expanding-refit21,1,0.01774860338,0.0003150129218,-0.04610067907,-0.03668573298,-0.02952472224,,,-0.003067989371,,True,
2018-04-03,2018-04-02,NKY,GJR-skewt,GJR-skewt-AR1-expanding-refit21,1,0.01693159804,0.000286679012,-0.04370907779,-0.03472752136,-0.02789614692,,,-0.00451214726,,True,
2018-04-04,2018-04-03,NKY,GJR-skewt,GJR-skewt-AR1-expanding-refit21,1,0.01622841863,0.0002633615713,-0.04186743719,-0.03325889017,-0.0267112268,,,0.00127953751,,True,
2018-04-05,2018-04-04,NKY,GJR-skewt,GJR-skewt-AR1-expanding-refit21,1,0.01547180109,0.000239376629,-0.04000718226,-0.03179999152,-0.02555759985,,,0.01516935231,,True,
2018-04-06,2018-04-05,NKY,GJR-skewt,GJR-skewt-AR1-expanding-refit21,1,0.01495783349,0.0002237367827,-0.0389079725,-0.03097342165,-0.02493839996,,,-0.003605423532,,True,
2018-04-09,2018-04-06,NKY,GJR-skewt,GJR-skewt-AR1-expanding-refit21,1,0.01434300555,0.0002057218083,-0.03700844571,-0.02940003725,-0.02361307956,,,0.005121446941,,True,
2018-04-10,2018-04-09,NKY,GJR-skewt,GJR-skewt-AR1-expanding-refit21,1,0.01373129286,0.0001885484037,-0.0355712695,-0.02828735091,-0.0227472003,,,0.005339495173,,True,
2018-04-11,2018-04-10,NKY,GJR-skewt,GJR-skewt-AR1-expanding-refit21,1,0.0131650753,0.0001733192077,-0.03411114594,-0.02712758381,-0.02181588443,,,-0.004931803861,,True,
2018-04-12,2018-04-11,NKY,GJR-skewt,GJR-skewt-AR1-expanding-refit21,1,0.01275195546,0.0001626123681,-0.0328735217,-0.02610910364,-0.02096408529,,,-0.001237459523,,True,
2018-04-13,2018-04-12,NKY,GJR-skewt,GJR-skewt-AR1-expanding-refit21,1,0.01223556901,0.000149709149,-0.03159964088,-0.02510914581,-0.02017247337,,,0.005454138926,,True,
2018-04-16,2018-04-13,NKY,GJR-skewt,GJR-skewt-AR1-expanding-refit21,1,0.01177556126,0.0001386638429,-0.03052101565,-0.02427453687,-0.01952346328,,,0.002604152389,6.858283984e-05,True,
2018-04-17,2018-04-16,NKY,GJR-skewt,GJR-skewt-AR1-expanding-refit21,1,0.01132256225,0.0001282004159,-0.02935294751,-0.0233164561,-0.01873241805,,,0.0005521831107,3.697072593e-05,True,
2018-04-18,2018-04-17,NKY,GJR-skewt,GJR-skewt-AR1-expanding-refit21,1,0.0108976515,0.0001187588082,-0.02821664165,-0.02240668642,-0.0179946772,,,0.01411698529,6.725857583e-05,True,
2018-04-19,2018-04-18,NKY,GJR-skewt,GJR-skewt-AR1-expanding-refit21,1,0.01074035874,0.0001153553059,-0.02804800428,-0.02232190784,-0.01797357996,,,0.001487302726,5.452013654e-05,True,
2018-04-20,2018-04-19,NKY,GJR-skewt,GJR-skewt-AR1-expanding-refit21,1,0.01036162088,0.0001073631872,-0.02684516647,-0.02132098969,-0.01712599714,,,-0.001304948487,8.55574257e-05,True,
2018-04-23,2018-04-20,NKY,GJR-skewt,GJR-skewt-AR1-expanding-refit21,1,0.01002053031,0.0001004110277,-0.02591287015,-0.02057054181,-0.01651364275,,,-0.003353707174,6.552651178e-05,True,
2018-04-24,2018-04-23,NKY,GJR-skewt,GJR-skewt-AR1-expanding-refit21,1,0.009783197623,9.571095574e-05,-0.02526231032,-0.02004651313,-0.01608570027,,,0.008568749278,4.000002243e-05,True,
2018-04-25,2018-04-24,NKY,GJR-skewt,GJR-skewt-AR1-expanding-refit21,1,0.009569870621,9.15824237e-05,-0.02491969281,-0.0198176284,-0.01594318285,,,-0.002822837366,5.52802804e-05,True,
2018-04-26,2018-04-25,NKY,GJR-skewt,GJR-skewt-AR1-expanding-refit21,1,0.0093368889,8.717749432e-05,-0.02411603737,-0.01913818444,-0.01535806357,,,0.004683481544,5.022750445e-05,True,
2018-04-27,2018-04-26,NKY,GJR-skewt,GJR-skewt-AR1-expanding-refit21,1,0.009093064026,8.268381338e-05,-0.02361676292,-0.01876890237,-0.01508749612,,,0.006620613906,4.310639636e-05,True,
2018-05-01,2018-04-27,NKY,GJR-skewt,GJR-skewt-AR1-expanding-refit21,1,0.008903092346,7.926505333e-05,-0.02315895418,-0.0184123748,-0.01480788024,,,0.00178585296,1.54469588e-05,True,
2018-05-02,2018-05-01,NKY,GJR-skewt,GJR-skewt-AR1-expanding-refit21,1,0.00867029625,7.517403706e-05,-0.02247112873,-0.01784866186,-0.01433841683,,,-0.001567335418,2.859115372e-05,True,
2018-05-07,2018-05-02,NKY,GJR-skewt,GJR-skewt-AR1-expanding-refit21,1,0.008473455874,7.179945444e-05,-0.02190246642,-0.0173849427,-0.01395439021,,,-0.0002500733244,4.889293135e-05,True,
2018-05-08,2018-05-07,NKY,GJR-skewt,GJR-skewt-AR1-expanding-refit21,1,0.008272518473,6.843456188e-05,-0.02140535959,-0.01699496328,-0.01364576205,,,0.001846737845,2.880517334e-05,True,
2018-05-09,2018-05-08,NKY,GJR-skewt,GJR-skewt-AR1-expanding-refit21,1,0.00809345649,6.550403795e-05,-0.02097860806,-0.01666367656,-0.01338697013,,,-0.00444408518,3.794356956e-05,True,
2018-05-10,2018-05-09,NKY,GJR-skewt,GJR-skewt-AR1-expanding-refit21,1,0.008111792483,6.580117728e-05,-0.02091541506,-0.01659070794,-0.01330657803,,,0.00393260699,2.175470261e-05,True,
2018-05-11,2018-05-10,NKY,GJR-skewt,GJR-skewt-AR1-expanding-refit21,1,0.007965080689,6.344251038e-05,-0.02068290407,-0.01643641462,-0.01321168225,,,0.01154788961,3.098249052e-05,True,
2018-05-14,2018-05-11,NKY,GJR-skewt,GJR-skewt-AR1-expanding-refit21,1,0.008022807243,6.436543606e-05,-0.02096634349,-0.01668907781,-0.01344097435,,,0.004707097511,1.442583159e-05,True,
2018-05-15,2018-05-14,NKY,GJR-skewt,GJR-skewt-AR1-expanding-refit21,1,0.007899013376,6.239441231e-05,-0.02052546324,-0.0163141968,-0.01311621236,,,-0.002094387282,2.159955717e-05,True,
2018-05-16,2018-05-15,NKY,GJR-skewt,GJR-skewt-AR1-expanding-refit21,1,0.007788192729,6.065594599e-05,-0.0201188656,-0.01596668189,-0.01281356417,,,-0.004426865982,2.447866451e-05,True,
2018-05-17,2018-05-16,NKY,GJR-skewt,GJR-skewt-AR1-expanding-refit21,1,0.007845135157,6.154614563e-05,-0.02022527115,-0.01604272925,-0.01286655789,,,0.005318290465,1.505400185e-05,True,
2018-05-18,2018-05-17,NKY,GJR-skewt,GJR-skewt-AR1-expanding-refit21,1,0.007743584846,5.996310626e-05,-0.02013376964,-0.0160053681,-0.01287031026,,,0.004019791104,3.670376515e-05,True,
2018-05-21,2018-05-18,NKY,GJR-skewt,GJR-skewt-AR1-expanding-refit21,1,0.007574569278,5.737409974e-05,-0.01965991623,-0.01561778208,-0.01254929232,,,0.003135447047,2.418539499e-05,True,
2018-05-22,2018-05-21,NKY,GJR-skewt,GJR-skewt-AR1-expanding-refit21,1,0.007464179259,5.571397201e-05,-0.01935851784,-0.01537529281,-0.01235152252,,,-0.001828843976,1.454731324e-05,True,
2018-05-23,2018-05-22,NKY,GJR-skewt,GJR-skewt-AR1-expanding-refit21,1,0.007380952603,5.447846133e-05,-0.01905598358,-0.01511717208,-0.01212711725,,,-0.01185552267,0.000137531766,True,
2018-05-24,2018-05-23,NKY,GJR-skewt,GJR-skewt-AR1-expanding-refit21,1,0.008662015578,7.503051387e-05,-0.02219817299,-0.0175757281,-0.01406670929,,,-0.01120103275,8.9429698e-05,True,
2018-05-25,2018-05-24,NKY,GJR-skewt,GJR-skewt-AR1-expanding-refit21,1,0.009570075593,9.158634685e-05,-0.02456145941,-0.01945443246,-0.01557755473,,,0.0006139436904,0.0001229112198,True,
2018-05-28,2018-05-25,NKY,GJR-skewt,GJR-skewt-AR1-expanding-refit21,1,0.009269232935,8.591867921e-05,-0.02398931325,-0.01904282961,-0.0152878245,,,0.001348743268,4.471641364e-05,True,
2018-05-29,2018-05-28,NKY,GJR-skewt,GJR-skewt-AR1-expanding-refit21,1,0.008995232232,8.091420291e-05,-0.02329254343,-0.018492279,-0.01484827273,,,-0.00547108699,8.721852742e-05,True,
2018-05-30,2018-05-29,NKY,GJR-skewt,GJR-skewt-AR1-expanding-refit21,1,0.009005043601,8.109081026e-05,-0.02319845979,-0.01839295957,-0.01474497867,,,-0.01531952122,0.000125214507,True,
2018-05-31,2018-05-30,NKY,GJR-skewt,GJR-skewt-AR1-expanding-refit21,1,0.01066729394,0.0001137911599,-0.02733102377,-0.02163847128,-0.01731710581,,,0.008290385398,6.013813432e-05,True,
2018-06-01,2018-05-31,NKY,GJR-skewt,GJR-skewt-AR1-expanding-refit21,1,0.01036138391,0.0001073582766,-0.02695241974,-0.02142311473,-0.01722567469,,,-0.00137338418,9.92922273e-05,True,
2018-06-04,2018-06-01,NKY,GJR-skewt,GJR-skewt-AR1-expanding-refit21,1,0.01001026343,0.0001002053739,-0.02587371472,-0.02053178355,-0.01647658389,,,0.01364448198,3.534153388e-05,True,
2018-06-05,2018-06-04,NKY,GJR-skewt,GJR-skewt-AR1-expanding-refit21,1,0.009920722657,9.842073803e-05,-0.02590494706,-0.02061079891,-0.01659187259,,,0.002825679274,4.246726727e-05,True,
2018-06-06,2018-06-05,NKY,GJR-skewt,GJR-skewt-AR1-expanding-refit21,1,0.009604249758,9.224161342e-05,-0.02489573908,-0.01977047524,-0.01587975342,,,0.003816716496,2.583203469e-05,True,
2018-06-07,2018-06-06,NKY,GJR-skewt,GJR-skewt-AR1-expanding-refit21,1,0.009321126621,8.688340149e-05,-0.02417983242,-0.01920565595,-0.0154296285,,,0.008692406265,2.044594241e-05,True,
2018-06-08,2018-06-07,NKY,GJR-skewt,GJR-skewt-AR1-expanding-refit21,1,0.009149881792,8.372033681e-05,-0.023821749,-0.01893895654,-0.01523230109,,,-0.005657576915,7.100334736e-05,True,
2018-06-11,2018-06-08,NKY,GJR-skewt,GJR-skewt-AR1-expanding-refit21,1,0.009148164353,8.368891104e-05,-0.02356586599,-0.01868399004,-0.01497803032,,,0.004815067644,4.693224654e-05,True,
2018-06-12,2018-06-11,NKY,GJR-skewt,GJR-skewt-AR1-expanding-refit21,1,0.008913863508,7.945696265e-05,-0.02314253914,-0.01838569676,-0.0147746533,,,0.003253359455,9.970129627e-05,True,
2018-06-13,2018-06-12,NKY,GJR-skewt,GJR-skewt-AR1-expanding-refit21,1,0.008683337145,7.540034398e-05,-0.02251812661,-0.01788430356,-0.0143666473,,,0.003840413382,2.996702948e-05,True,
2018-06-14,2018-06-13,NKY,GJR-skewt,GJR-skewt-AR1-expanding-refit21,1,0.008478981952,7.189313494e-05,-0.02199914556,-0.01747437573,-0.01403950461,,,-0.009967111444,4.239410964e-05,True,
2018-06-15,2018-06-14,NKY,GJR-skewt,GJR-skewt-AR1-expanding-refit21,1,0.009152119841,8.376129759e-05,-0.02350060043,-0.01861661365,-0.01490905155,,,0.004963367423,4.065872279e-05,True,
2018-06-18,2018-06-15,NKY,GJR-skewt,GJR-skewt-AR1-expanding-refit21,1,0.008918486662,7.953940434e-05,-0.02315711127,-0.01839780176,-0.01478488544,,,-0.007529668295,4.907587158e-05,True,
2018-06-19,2018-06-18,NKY,GJR-skewt,GJR-skewt-AR1-expanding-refit21,1,0.009146277634,8.365439456e-05,-0.02354569704,-0.01866301675,-0.01495580321,,,-0.01787682134,9.872096889e-05,True,
2018-06-20,2018-06-19,NKY,GJR-skewt,GJR-skewt-AR1-expanding-refit21,1,0.0113778697,0.000129455919,-0.0291469869,-0.02307298584,-0.01846125258,,,0.01235461024,0.0001216927935,True,
2018-06-21,2018-06-20,NKY,GJR-skewt,GJR-skewt-AR1-expanding-refit21,1,0.01110966797,0.0001234247223,-0.02898048108,-0.02304965775,-0.01854663333,,,0.006082406678,0.0001176711795,True,
2018-06-22,2018-06-21,NKY,GJR-skewt,GJR-skewt-AR1-expanding-refit21,1,0.01073767483,0.0001152976607,-0.02790699933,-0.0221747621,-0.01782251573,,,-0.007795194971,7.55015616e-05,True,
2018-06-25,2018-06-22,NKY,GJR-skewt,GJR-skewt-AR1-expanding-refit21,1,0.01078340362,0.0001162817937,-0.02778291755,-0.0220262683,-0.01765548692,,,-0.007967036581,6.512166131e-05,True,
2018-06-26,2018-06-25,NKY,GJR-skewt,GJR-skewt-AR1-expanding-refit21,1,0.01087107193,0.0001181802049,-0.02800706617,-0.02220361576,-0.01779730024,,,0.0001723185789,0.0001466742516,True,
2018-06-27,2018-06-26,NKY,GJR-skewt,GJR-skewt-AR1-expanding-refit21,1,0.01046867998,0.0001095932606,-0.02710671988,-0.02151808378,-0.01727486771,,,-0.003148379021,5.720768221e-05,True,
2018-06-28,2018-06-27,NKY,GJR-skewt,GJR-skewt-AR1-expanding-refit21,1,0.01017376809,0.0001035055572,-0.02628454832,-0.02085334899,-0.01672966804,,,-6.191482388e-05,0.0001415147403,True,
2018-06-29,2018-06-28,NKY,GJR-skewt,GJR-skewt-AR1-expanding-refit21,1,0.009824691223,9.652455763e-05,-0.025434024,-0.02018917707,-0.01620698564,,,0.001530868554,9.904836035e-05,True,
2018-07-02,2018-06-29,NKY,GJR-skewt,GJR-skewt-AR1-expanding-refit21,1,0.009505935938,9.036281805e-05,-0.02463595607,-0.01956127456,-0.01570828257,,,-0.02233183625,0.0001665611846,True,
2018-07-03,2018-07-02,NKY,GJR-skewt,GJR-skewt-AR1-expanding-refit21,1,0.01274486184,0.0001624315034,-0.03261105117,-0.02580729032,-0.02064148119,,,-0.001210649791,0.0002822708931,True,
2018-07-04,2018-07-03,NKY,GJR-skewt,GJR-skewt-AR1-expanding-refit21,1,0.01222376678,0.0001494204744,-0.03163004998,-0.0251044723,-0.02014987595,,,-0.003149241244,9.648681964e-05,True,
2018-07-05,2018-07-04,NKY,GJR-skewt,GJR-skewt-AR1-expanding-refit21,1,0.01179012464,0.000139007039,-0.03047258041,-0.02417849976,-0.01939966933,,,-0.007861020274,0.00017017677,True,
2018-07-06,2018-07-05,NKY,GJR-skewt,GJR-skewt-AR1-expanding-refit21,1,0.01174541681,0.0001379548161,-0.03027438325,-0.02400416957,-0.01924346035,,,0.01112967122,0.0001757552048,True,
2018-07-09,2018-07-06,NKY,GJR-skewt,GJR-skewt-AR1-expanding-refit21,1,0.01141764297,0.000130362571,-0.0297570464,-0.02366181264,-0.01903395829,,,0.01204563565,5.876464508e-05,True,
2018-07-10,2018-07-09,NKY,GJR-skewt,GJR-skewt-AR1-expanding-refit21,1,0.01115159856,0.0001243581505,-0.02908372442,-0.02313051672,-0.01861049678,,,0.006540767745,6.924734107e-05,True,
2018-07-11,2018-07-10,NKY,GJR-skewt,GJR-skewt-AR1-expanding-refit21,1,0.01078348508,0.0001162835504,-0.0280337073,-0.02227701456,-0.01790620017,,,-0.0119958415,0.0001831282417,True,
2018-07-12,2018-07-11,NKY,GJR-skewt,GJR-skewt-AR1-expanding-refit21,1,0.01140018075,0.0001299641211,-0.02930758956,-0.02322167789,-0.01860090142,,,0.01159346637,7.720296321e-05,True,
2018-07-13,2018-07-12,NKY,GJR-skewt,GJR-skewt-AR1-expanding-refit21,1,0.01111188197,0.000123473921,-0.02897291361,-0.02304090834,-0.01853698653,,,0.01828278373,9.878873468e-05,True,
2018-07-16,2018-07-13,NKY,GJR-skewt,GJR-skewt-AR1-expanding-refit21,1,0.01110155082,0.0001232444306,-0.02906306793,-0.02313657789,-0.01863684354,,,0,4.473432589e-05,True,
2018-07-17,2018-07-16,NKY,GJR-skewt,GJR-skewt-AR1-expanding-refit21,1,0.0106820704,0.000114106628,-0.02765661138,-0.02195405821,-0.0176243497,,,0.004415965341,8.337899314e-05,True,
2018-07-18,2018-07-17,NKY,GJR-skewt,GJR-skewt-AR1-expanding-refit21,1,0.01032032056,0.0001065090164,-0.02680549117,-0.02129530639,-0.01711098253,,,0.004257063948,4.052243042e-05,True,
2018-07-19,2018-07-18,NKY,GJR-skewt,GJR-skewt-AR1-expanding-refit21,1,0.009985770158,9.971560565e-05,-0.02593570297,-0.02060414001,-0.01655545799,,,-0.001295456392,6.506841701e-05,True,
2018-07-20,2018-07-19,NKY,GJR-skewt,GJR-skewt-AR1-expanding-refit21,1,0.009665230569,9.341668195e-05,-0.02500956731,-0.01984914558,-0.01593042478,,,-0.00293863246,0.0002076869373,True,
2018-07-23,2018-07-20,NKY,GJR-skewt,GJR-skewt-AR1-expanding-refit21,1,0.009430916727,8.894219031e-05,-0.02437406438,-0.01933874658,-0.01551502718,,,-0.01334498084,7.838793691e-05,True,
2018-07-24,2018-07-23,NKY,GJR-skewt,GJR-skewt-AR1-expanding-refit21,1,0.01055928507,0.0001114985012,-0.02711969502,-0.02148192325,-0.01720071239,,,0.005054414325,5.913093386e-05,True,
2018-07-25,2018-07-24,NKY,GJR-skewt,GJR-skewt-AR1-expanding-refit21,1,0.01021167342,0.0001042782741,-0.02653487727,-0.02108270094,-0.01694242753,,,0.004599239124,4.543242091e-05,True,
2018-07-26,2018-07-25,NKY,GJR-skewt,GJR-skewt-AR1-expanding-refit21,1,0.009889913972,9.781039838e-05,-0.0256931497,-0.0204127659,-0.0164029483,,,-0.001211512629,2.897181882e-05,True,
2018-07-27,2018-07-26,NKY,GJR-skewt,GJR-skewt-AR1-expanding-refit21,1,0.009575266301,9.168572473e-05,-0.02477784792,-0.01966545956,-0.01578321433,,,0.005557714895,3.212050076e-05,True,
2018-07-30,2018-07-27,NKY,GJR-skewt,GJR-skewt-AR1-expanding-refit21,1,0.009317466626,8.681518432e-05,-0.024225997,-0.01925125202,-0.01547353042,,,-0.007420232983,6.425398616e-05,True,
2018-07-31,2018-07-30,NKY,GJR-skewt,GJR-skewt-AR1-expanding-refit21,1,0.009489439279,9.004945782e-05,-0.02444874653,-0.0193821826,-0.01553473552,,,0.0003938422871,0.0001833913748,True,
2018-08-01,2018-07-31,NKY,GJR-skewt,GJR-skewt-AR1-expanding-refit21,1,0.009196011577,8.456662892e-05,-0.02382250794,-0.01891260976,-0.01518413152,,,0.008519995519,2.933601578e-05,True,
2018-08-02,2018-08-01,NKY,GJR-skewt,GJR-skewt-AR1-expanding-refit21,1,0.009031191424,8.156241853e-05,-0.02353494443,-0.01871304638,-0.01505139366,,,-0.01034803364,9.718675305e-05,True,
2018-08-03,2018-08-02,NKY,GJR-skewt,GJR-skewt-AR1-expanding-refit21,1,0.009654511664,9.320959548e-05,-0.02482626863,-0.0196715699,-0.01575719502,,,0.0005617688207,4.739127189e-05,True,
2018-08-06,2018-08-03,NKY,GJR-skewt,GJR-skewt-AR1-expanding-refit21,1,0.009347960167,8.738435929e-05,-0.02421919985,-0.01922817388,-0.01543808882,,,-0.0007931774135,5.516405496e-05,True,
2018-08-07,2018-08-06,NKY,GJR-skewt,GJR-skewt-AR1-expanding-refit21,1,0.009071377823,8.22898956e-05,-0.02347910076,-0.01863574654,-0.01495780045,,,0.006881572948,3.791007023e-05,True,
2018-08-08,2018-08-07,NKY,GJR-skewt,GJR-skewt-AR1-expanding-refit21,1,0.008880943805,7.887116287e-05,-0.02311739862,-0.01837572019,-0.01477498464,,,-0.0008135458256,7.513943369e-05,True,
2018-08-09,2018-08-08,NKY,GJR-skewt,GJR-skewt-AR1-expanding-refit21,1,0.008641959446,7.468346306e-05,-0.02236582197,-0.01775174112,-0.01424790063,,,-0.002029938292,3.66956112e-05,True,
2018-08-10,2018-08-09,NKY,GJR-skewt,GJR-skewt-AR1-expanding-refit21,1,0.008457699396,7.153267907e-05,-0.02186737598,-0.01735167453,-0.01392254138,,,-0.01337811255,0.0001225019541,True,
2018-08-13,2018-08-10,NKY,GJR-skewt,GJR-skewt-AR1-expanding-refit21,1,0.009800953958,9.605869849e-05,-0.02515374981,-0.01992086319,-0.01594711399,,,-0.01995968437,0.0001121523284,True,
2018-08-14,2018-08-13,NKY,GJR-skewt,GJR-skewt-AR1-expanding-refit21,1,0.01238092441,0.0001532872893,-0.03172722299,-0.02511684873,-0.02009706304,,,0.02255742811,9.469405304e-05,True,
2018-08-15,2018-08-14,NKY,GJR-skewt,GJR-skewt-AR1-expanding-refit21,1,0.01239862808,0.0001537259782,-0.0325035267,-0.02588370017,-0.02085673661,,,-0.006815931008,0.0001391676105,True,
2018-08-16,2018-08-15,NKY,GJR-skewt,GJR-skewt-AR1-expanding-refit21,1,0.01215791798,0.0001478149697,-0.03138288055,-0.0248898222,-0.01995926164,,,-0.0005487687644,0.0002064250909,True,
2018-08-17,2018-08-16,NKY,GJR-skewt,GJR-skewt-AR1-expanding-refit21,1,0.0116649283,0.0001360705523,-0.03021600366,-0.02398623141,-0.01925559944,,,0.003523959389,4.826514236e-05,True,
2018-08-20,2018-08-17,NKY,GJR-skewt,GJR-skewt-AR1-expanding-refit21,1,0.01121857679,0.0001258564652,-0.02913115134,-0.02313975759,-0.01859014043,,,-0.003210340235,6.394023836e-05,True,
2018-08-21,2018-08-20,NKY,GJR-skewt,GJR-skewt-AR1-expanding-refit21,1,0.01086246612,0.0001179931703,-0.02808880688,-0.02228759762,-0.01788239871,,,0.0009334112563,4.744645828e-05,True,
2018-08-22,2018-08-21,NKY,GJR-skewt,GJR-skewt-AR1-expanding-refit21,1,0.0104620169,0.0001094537976,-0.02712419549,-0.02153685017,-0.0172940507,,,0.006407065523,5.46539805e-05,True,
2018-08-23,2018-08-22,NKY,GJR-skewt,GJR-skewt-AR1-expanding-refit21,1,0.01014387934,0.0001028982881,-0.02639649779,-0.02097905702,-0.01686527607,,,0.002156172186,4.16981607e-05,True,
2018-08-24,2018-08-23,NKY,GJR-skewt,GJR-skewt-AR1-expanding-refit21,1,0.00980413953,9.612115192e-05,-0.0254405721,-0.0202045728,-0.016228571,,,0.008484309217,2.147430921e-05,True,
2018-08-27,2018-08-24,NKY,GJR-skewt,GJR-skewt-AR1-expanding-refit21,1,0.009583190427,9.183753876e-05,-0.02497992986,-0.01986193064,-0.01597553325,,,0.008716572555,2.769890304e-05,True,
2018-08-28,2018-08-27,NKY,GJR-skewt,GJR-skewt-AR1-expanding-refit21,1,0.009390289817,8.817754286e-05,-0.02448402702,-0.01946904831,-0.01566088044,,,0.0006064081148,4.245952661e-05,True,
2018-08-29,2018-08-28,NKY,GJR-skewt,GJR-skewt-AR1-expanding-refit21,1,0.009104409824,8.289027824e-05,-0.02359935892,-0.0187370573,-0.01504482611,,,0.001522063929,5.835347862e-05,True,
2018-08-30,2018-08-29,NKY,GJR-skewt,GJR-skewt-AR1-expanding-refit21,1,0.00884455987,7.822623929e-05,-0.02294202076,-0.01821849462,-0.0146316438,,,0.0009308994942,7.213731982e-05,True,
2018-08-31,2018-08-30,NKY,GJR-skewt,GJR-skewt-AR1-expanding-refit21,1,0.008604343861,7.403473327e-05,-0.02230888811,-0.01771365175,-0.01422421889,,,-0.0001902107035,7.429969062e-05,True,
2018-09-03,2018-08-31,NKY,GJR-skewt,GJR-skewt-AR1-expanding-refit21,1,0.008383499167,7.028305828e-05,-0.02171658179,-0.01723928976,-0.01383941895,,,-0.006923914734,4.461514737e-05,True,
2018-09-04,2018-09-03,NKY,GJR-skewt,GJR-skewt-AR1-expanding-refit21,1,0.008627613006,7.443570618e-05,-0.02223008615,-0.01762242266,-0.01412355316,,,-0.0004616511878,6.338746436e-05,True,
2018-09-05,2018-09-04,NKY,GJR-skewt,GJR-skewt-AR1-expanding-refit21,1,0.008407740801,7.069010537e-05,-0.02177461086,-0.01728437234,-0.0138746705,,,-0.005127048686,5.687850193e-05,True,
2018-09-06,2018-09-05,NKY,GJR-skewt,GJR-skewt-AR1-expanding-refit21,1,0.008451294065,7.142437137e-05,-0.02180487546,-0.01729137688,-0.01386401232,,,-0.004122178728,5.705956618e-05,True,
2018-09-07,2018-09-06,NKY,GJR-skewt,GJR-skewt-AR1-expanding-refit21,1,0.008410239104,7.073212178e-05,-0.02171625455,-0.01722468178,-0.01381396678,,,-0.008075896108,8.284006644e-05,True,
2018-09-10,2018-09-07,NKY,GJR-skewt,GJR-skewt-AR1-expanding-refit21,1,0.008815285034,7.770925023e-05,-0.02269614675,-0.01798825513,-0.01441327652,,,0.002955645292,6.371139432e-05,True,
2018-09-11,2018-09-10,NKY,GJR-skewt,GJR-skewt-AR1-expanding-refit21,1,0.008588086241,7.375522528e-05,-0.02230260741,-0.01771605359,-0.0142332139,,,0.01294929232,4.654497759e-05,True,
2018-09-12,2018-09-11,NKY,GJR-skewt,GJR-skewt-AR1-expanding-refit21,1,0.008626824231,7.442209631e-05,-0.02258001887,-0.01797277665,-0.01447422703,,,-0.002654342207,5.418440973e-05,True,
2018-09-13,2018-09-12,NKY,GJR-skewt,GJR-skewt-AR1-expanding-refit21,1,0.008458558716,7.154721555e-05,-0.02186750059,-0.01735012225,-0.01391981156,,,0.009541359992,7.909378324e-05,True,
2018-09-14,2018-09-13,NKY,GJR-skewt,GJR-skewt-AR1-expanding-refit21,1,0.008365262661,6.997761939e-05,-0.02183604319,-0.01736496517,-0.01397111164,,,0.01190665117,5.782829578e-05,True,
2018-09-18,2018-09-14,NKY,GJR-skewt,GJR-skewt-AR1-expanding-refit21,1,0.008391860319,7.042331961e-05,-0.02194639973,-0.01746110574,-0.01405646134,,,0.01401152347,0.0001235046527,True,
2018-09-19,2018-09-18,NKY,GJR-skewt,GJR-skewt-AR1-expanding-refit21,1,0.008502935385,7.229991016e-05,-0.02227119572,-0.01772653417,-0.01427682573,,,0.0107014869,6.184558989e-05,True,
2018-09-20,2018-09-19,NKY,GJR-skewt,GJR-skewt-AR1-expanding-refit21,1,0.00847422017,7.181240749e-05,-0.02213881162,-0.01760949782,-0.01417143937,,,0.0001018073853,6.477719394e-05,True,
2018-09-21,2018-09-20,NKY,GJR-skewt,GJR-skewt-AR1-expanding-refit21,1,0.008261000251,6.824412515e-05,-0.02140051256,-0.01698516086,-0.01363360742,,,0.00820282554,8.562598562e-05,True,
2018-09-25,2018-09-21,NKY,GJR-skewt,GJR-skewt-AR1-expanding-refit21,1,0.008174517313,6.682273329e-05,-0.02131812593,-0.01694899776,-0.01363253114,,,0.00294205614,2.303871473e-05,True,
2018-09-26,2018-09-25,NKY,GJR-skewt,GJR-skewt-AR1-expanding-refit21,1,0.008002734767,6.404376375e-05,-0.02078070776,-0.01650339418,-0.0132566211,,,0.003899166769,5.035823907e-05,True,
2018-09-27,2018-09-26,NKY,GJR-skewt,GJR-skewt-AR1-expanding-refit21,1,0.007856641201,6.172681097e-05,-0.02041873114,-0.01621950187,-0.01303200011,,,-0.009912111547,0.0001296313214,True,
2018-09-28,2018-09-27,NKY,GJR-skewt,GJR-skewt-AR1-expanding-refit21,1,0.008624817236,7.438747236e-05,-0.02216837058,-0.01755856544,-0.01405940856,,,0.01349438509,9.178491768e-05,True,
2018-10-01,2018-09-28,NKY,GJR-skewt,GJR-skewt-AR1-expanding-refit21,1,0.008670791304,7.518262184e-05,-0.02269729062,-0.01806291319,-0.01454510427,,,0.005198755989,6.405472156e-05,True,
2018-10-02,2018-10-01,NKY,GJR-skewt,GJR-skewt-AR1-expanding-refit21,1,0.008486193917,7.201548719e-05,-0.02207352532,-0.01753781178,-0.01409489548,,,0.001024782671,0.0001097322684,True,
2018-10-03,2018-10-02,NKY,GJR-skewt,GJR-skewt-AR1-expanding-refit21,1,0.008273742274,6.845481121e-05,-0.02144970176,-0.01702753969,-0.01367081672,,,-0.00659998203,0.0001187869113,True,
2018-10-04,2018-10-03,NKY,GJR-skewt,GJR-skewt-AR1-expanding-refit21,1,0.008486882627,7.202717673e-05,-0.02186877042,-0.01733268878,-0.01388949307,,,-0.005629103053,0.0001523124132,True,
2018-10-05,2018-10-04,NKY,GJR-skewt,GJR-skewt-AR1-expanding-refit21,1,0.008579002967,7.359929191e-05,-0.02212457754,-0.01753925928,-0.01405868962,,,-0.008036102398,0.0001482035409,True,
2018-10-09,2018-10-05,NKY,GJR-skewt,GJR-skewt-AR1-expanding-refit21,1,0.008954023106,8.017452979e-05,-0.02305463979,-0.01826888021,-0.0146361619,,,-0.01330429712,0.0001288223381,True,
2018-10-10,2018-10-09,NKY,GJR-skewt,GJR-skewt-AR1-expanding-refit21,1,0.01019280623,0.0001038932988,-0.02617382423,-0.020725958,-0.01659065553,,,0.001560324096,0.0001133056619,True,
2018-10-11,2018-10-10,NKY,GJR-skewt,GJR-skewt-AR1-expanding-refit21,1,0.00984226164,9.687011418e-05,-0.02552528634,-0.0202647797,-0.01627169596,,,-0.03971199716,0.000309009077,True,
2018-10-12,2018-10-11,NKY,GJR-skewt,GJR-skewt-AR1-expanding-refit21,1,0.01832615161,0.0003358478328,-0.04679633156,-0.03700134279,-0.02956627749,,,0.00458428932,0.0002238652463,True,
2018-10-15,2018-10-12,NKY,GJR-skewt,GJR-skewt-AR1-expanding-refit21,1,0.01743219118,0.0003038812894,-0.04525425908,-0.03593707561,-0.02886469715,,,-0.01883077249,0.0001285588277,True,
2018-10-16,2018-10-15,NKY,GJR-skewt,GJR-skewt-AR1-expanding-refit21,1,0.01816085124,0.0003298165176,-0.0467333408,-0.03702670203,-0.02965870039,,,0.01240248362,0.0001598485623,True,
2018-10-17,2018-10-16,NKY,GJR-skewt,GJR-skewt-AR1-expanding-refit21,1,0.01737611499,0.0003019293723,-0.04524574762,-0.03595853584,-0.02890890793,,,0.01286101001,7.710968628e-05,True,
2018-10-18,2018-10-17,NKY,GJR-skewt,GJR-skewt-AR1-expanding-refit21,1,0.01668312339,0.0002783266059,-0.04348076113,-0.03454742097,-0.02776863477,,,-0.0080423237,9.477021782e-05,True,
2018-10-19,2018-10-18,NKY,GJR-skewt,GJR-skewt-AR1-expanding-refit21,1,0.01618054441,0.0002618100174,-0.04182846328,-0.03316423992,-0.02658966461,,,-0.005579983929,0.0001478965673,True,
2018-10-22,2018-10-19,NKY,GJR-skewt,GJR-skewt-AR1-expanding-refit21,1,0.01557639426,0.0002426240583,-0.04030194175,-0.03196122369,-0.02563213027,,,0.003665382204,0.0002191872501,True,
2018-10-23,2018-10-22,NKY,GJR-skewt,GJR-skewt-AR1-expanding-refit21,1,0.0148573176,0.0002207398862,-0.03859024597,-0.03063457311,-0.02459765921,,,-0.02707315574,0.0001120062368,True,
2018-10-24,2018-10-23,NKY,GJR-skewt,GJR-skewt-AR1-expanding-refit21,1,0.01774465538,0.0003148727947,-0.04556966978,-0.03606790928,-0.02885779508,,,0.003646118264,0.000420726749,True,
2018-10-25,2018-10-24,NKY,GJR-skewt,GJR-skewt-AR1-expanding-refit21,1,0.01688232881,0.0002850130259,-0.04384408883,-0.0348040798,-0.02794435127,,,-0.03794047879,0.0003365776138,True,
2018-10-26,2018-10-25,NKY,GJR-skewt,GJR-skewt-AR1-expanding-refit21,1,0.02195787521,0.0004821482838,-0.05632036487,-0.04456254446,-0.03564048964,,,-0.003963456811,0.0006810224324,True,
2018-10-29,2018-10-26,NKY,GJR-skewt,GJR-skewt-AR1-expanding-refit21,1,0.02090539817,0.0004370356729,-0.05415569324,-0.04296144448,-0.03446703841,,,-0.001643998144,0.0003444936005,True,
2018-10-30,2018-10-29,NKY,GJR-skewt,GJR-skewt-AR1-expanding-refit21,1,0.01984959242,0.000394006319,-0.05145490983,-0.04082601516,-0.03276061038,,,0.0144339179,0.0003634406863,True,
2018-10-31,2018-10-30,NKY,GJR-skewt,GJR-skewt-AR1-expanding-refit21,1,0.01898976148,0.000360611041,-0.0494918514,-0.03932337185,-0.03160733871,,,0.02135608618,0.0001576681332,True,
2018-11-01,2018-10-31,NKY,GJR-skewt,GJR-skewt-AR1-expanding-refit21,1,0.01837405679,0.000337605963,-0.04800965925,-0.03817087212,-0.03070501578,,,-0.01067749805,0.0001709367784,True,
2018-11-02,2018-11-01,NKY,GJR-skewt,GJR-skewt-AR1-expanding-refit21,1,0.01793524203,0.0003216729068,-0.04633735517,-0.03673354093,-0.02944598641,,,0.02531403929,0.0004544544292,True,
2018-11-05,2018-11-02,NKY,GJR-skewt,GJR-skewt-AR1-expanding-refit21,1,0.01752811583,0.0003072348447,-0.04588069869,-0.036494889,-0.02937276043,,,-0.01561650384,0.0001377138532,True,
2018-11-06,2018-11-05,NKY,GJR-skewt,GJR-skewt-AR1-expanding-refit21,1,0.01772137154,0.0003140470091,-0.04570014622,-0.03621085357,-0.02901020019,,,0.01129538366,4.775857823e-05,True,
2018-11-07,2018-11-06,NKY,GJR-skewt,GJR-skewt-AR1-expanding-refit21,1,0.0169462395,0.0002871750333,-0.04413736497,-0.03506313357,-0.02817743647,,,-0.002801007806,0.0005664902726,True,
2018-11-08,2018-11-07,NKY,GJR-skewt,GJR-skewt-AR1-expanding-refit21,1,0.01616063099,0.0002611659941,-0.04186412549,-0.03321056521,-0.02664408124,,,0.01799889989,5.660524933e-05,True,
2018-11-09,2018-11-08,NKY,GJR-skewt,GJR-skewt-AR1-expanding-refit21,1,0.01566198863,0.0002452978877,-0.04091689669,-0.03253034527,-0.02616647264,,,-0.01058055878,0.0001126675257,True,
2018-11-12,2018-11-09,NKY,GJR-skewt,GJR-skewt-AR1-expanding-refit21,1,0.01547056355,0.0002393383366,-0.03994403069,-0.03165998198,-0.02537389033,,,0.0008818869528,0.0001210547273,True,
2018-11-13,2018-11-12,NKY,GJR-skewt,GJR-skewt-AR1-expanding-refit21,1,0.0147477955,0.0002174974722,-0.03825969787,-0.03036267099,-0.02437025876,,,-0.0208427308,0.0003291421285,True,
2018-11-14,2018-11-13,NKY,GJR-skewt,GJR-skewt-AR1-expanding-refit21,1,0.01630377519,0.0002658130854,-0.04193492307,-0.03320471313,-0.02658006595,,,0.001647431025,0.0002526800498,True,
2018-11-15,2018-11-14,NKY,GJR-skewt,GJR-skewt-AR1-expanding-refit21,1,0.01552753406,0.0002411043141,-0.04029558981,-0.03198103501,-0.02567179476,,,-0.001963860067,0.0001673961932,True,
2018-11-16,2018-11-15,NKY,GJR-skewt,GJR-skewt-AR1-expanding-refit21,1,0.01481412825,0.0002194583957,-0.03839038569,-0.03045698157,-0.02443683936,,,-0.005670119887,0.0001247969373,True,
2018-11-19,2018-11-16,NKY,GJR-skewt,GJR-skewt-AR1-expanding-refit21,1,0.01431523804,0.0002049260401,-0.0370306276,-0.02936439395,-0.02354698996,,,0.006474296835,0.0001037533796,True,
2018-11-20,2018-11-19,NKY,GJR-skewt,GJR-skewt-AR1-expanding-refit21,1,0.01370942065,0.0001879482145,-0.03567224924,-0.02833044873,-0.02275923586,,,-0.01096866071,0.0001211297314,True,
2018-11-21,2018-11-20,NKY,GJR-skewt,GJR-skewt-AR1-expanding-refit21,1,0.01378854872,0.0001901240758,-0.03557072311,-0.02818654718,-0.02258317837,,,-0.003507960224,0.0001613484328,True,
2018-11-22,2018-11-21,NKY,GJR-skewt,GJR-skewt-AR1-expanding-refit21,1,0.01326113223,0.0001758576281,-0.0343333902,-0.02723166141,-0.02184262328,,,0.006442596813,0.0001112356926,True,
2018-11-26,2018-11-22,NKY,GJR-skewt,GJR-skewt-AR1-expanding-refit21,1,0.01273009003,0.0001620551922,-0.03313045016,-0.02631311018,-0.02113987615,,,0.007614152629,8.094359979e-05,True,
2018-11-27,2018-11-26,NKY,GJR-skewt,GJR-skewt-AR1-expanding-refit21,1,0.01225771728,0.0001502516329,-0.0319253113,-0.02536094091,-0.02037966899,,,0.006416213654,9.248863322e-05,True,
2018-11-28,2018-11-27,NKY,GJR-skewt,GJR-skewt-AR1-expanding-refit21,1,0.01180259298,0.000139301201,-0.03072324628,-0.02440260842,-0.01960628919,,,0.01018010571,7.469037054e-05,True,
2018-11-29,2018-11-28,NKY,GJR-skewt,GJR-skewt-AR1-expanding-refit21,1,0.01145337181,0.0001311797257,-0.02988327444,-0.02374965486,-0.01909525159,,,0.003851526518,6.159100403e-05,True,
2018-11-30,2018-11-29,NKY,GJR-skewt,GJR-skewt-AR1-expanding-refit21,1,0.01102820423,0.0001216212885,-0.02866868602,-0.02276275625,-0.01828113191,,,0.003965648889,6.32948084e-05,True,
2018-12-03,2018-11-30,NKY,GJR-skewt,GJR-skewt-AR1-expanding-refit21,1,0.01063517252,0.0001131068944,-0.02765082511,-0.02195537547,-0.01763347074,,,0.009958685994,0.0001081140636,True,
2018-12-04,2018-12-03,NKY,GJR-skewt,GJR-skewt-AR1-expanding-refit21,1,0.0103781318,0.0001077056197,-0.02708926489,-0.02153146815,-0.01731401922,,,-0.02415267381,0.000142445763,True,
2018-12-05,2018-12-04,NKY,GJR-skewt,GJR-skewt-AR1-expanding-refit21,1,0.01377261312,0.000189684872,-0.03529744119,-0.02792179925,-0.02232490632,,,-0.00531088445,0.00025318767,True,
2018-12-06,2018-12-05,NKY,GJR-skewt,GJR-skewt-AR1-expanding-refit21,1,0.01335882488,0.0001784582022,-0.03455517375,-0.02740112765,-0.02197238934,,,-0.01924065843,0.0002311024131,True,
2018-12-07,2018-12-06,NKY,GJR-skewt,GJR-skewt-AR1-expanding-refit21,1,0.01488157792,0.0002214613614,-0.03826147861,-0.03029195319,-0.02424440089,,,0.008201033674,0.0001591223226,True,
2018-12-10,2018-12-07,NKY,GJR-skewt,GJR-skewt-AR1-expanding-refit21,1,0.01425577755,0.0002032271935,-0.03712035407,-0.02948596327,-0.02369272274,,,-0.02140870458,0.0001016527445,True,
2018-12-11,2018-12-10,NKY,GJR-skewt,GJR-skewt-AR1-expanding-refit21,1,0.015990789,0.0002557053329,-0.04110160381,-0.03253806303,-0.02603975127,,,-0.003374308367,0.0002002727702,True,
2018-12-12,2018-12-11,NKY,GJR-skewt,GJR-skewt-AR1-expanding-refit21,1,0.01530809336,0.0002343377222,-0.03964735148,-0.03144941442,-0.02522853544,,,0.02127435954,6.903945932e-05,True,
2018-12-13,2018-12-12,NKY,GJR-skewt,GJR-skewt-AR1-expanding-refit21,1,0.01499221569,0.0002247665313,-0.03926130347,-0.03123252825,-0.02514001514,,,0.009831708098,7.002117437e-05,True,
2018-12-14,2018-12-13,NKY,GJR-skewt,GJR-skewt-AR1-expanding-refit21,1,0.01439683539,0.0002072688693,-0.03751506823,-0.02980513678,-0.02395457338,,,-0.02043826418,0.000194679901,True,
2018-12-17,2018-12-14,NKY,GJR-skewt,GJR-skewt-AR1-expanding-refit21,1,0.01590149789,0.000252857635,-0.04088697628,-0.03237125353,-0.02590922775,,,0.006158858614,9.86364568e-05,True,
2018-12-18,2018-12-17,NKY,GJR-skewt,GJR-skewt-AR1-expanding-refit21,1,0.01517363029,0.0002302390561,-0.03950032885,-0.03136791735,-0.02519547675,,,-0.01836796085,0.0002578436814,True,
2018-12-19,2018-12-18,NKY,GJR-skewt,GJR-skewt-AR1-expanding-refit21,1,0.01616248299,0.0002612258563,-0.04163149392,-0.03296910002,-0.02639440667,,,-0.006057932779,0.0003718496621,True,
2018-12-20,2018-12-19,NKY,GJR-skewt,GJR-skewt-AR1-expanding-refit21,1,0.01560103865,0.0002433924069,-0.04039270882,-0.03203122487,-0.02568491997,,,-0.02877591718,0.0003907787992,True,
2018-12-21,2018-12-20,NKY,GJR-skewt,GJR-skewt-AR1-expanding-refit21,1,0.01872662243,0.0003506863876,-0.04810475162,-0.03806808955,-0.03045033676,,,-0.01116370067,0.0004317096688,True,
2018-12-25,2018-12-21,NKY,GJR-skewt,GJR-skewt-AR1-expanding-refit21,1,0.01838269132,0.0003379233402,-0.04752520942,-0.0376728796,-0.03019503362,,,-0.05140499083,,True,
2018-12-26,2018-12-25,NKY,GJR-skewt,GJR-skewt-AR1-expanding-refit21,1,0.02680767348,0.0007186513572,-0.06868675515,-0.05431899821,-0.04341397621,,,0.008903793297,,True,
2018-12-27,2018-12-26,NKY,GJR-skewt,GJR-skewt-AR1-expanding-refit21,1,0.02541950228,0.000646151096,-0.06615572386,-0.05253196681,-0.04219163528,,,0.03809950415,0.0003285237973,True,
2018-12-28,2018-12-27,NKY,GJR-skewt,GJR-skewt-AR1-expanding-refit21,1,0.02486001925,0.0006180205573,-0.06522267574,-0.05189877747,-0.04178603654,,,-0.003135241554,0.0002612780526,True,
2019-01-04,2018-12-28,NKY,GJR-skewt,GJR-skewt-AR1-expanding-refit21,1,0.02357547484,0.0005558030141,-0.06115279495,-0.04851735708,-0.03892715255,,,-0.02288356538,0.0004742125921,True,
2019-01-07,2019-01-04,NKY,GJR-skewt,GJR-skewt-AR1-expanding-refit21,1,0.02410714459,0.0005811544201,-0.06218182493,-0.04926143501,-0.03945495396,,,0.02409200048,0.0001676197868,True,
2019-01-08,2019-01-07,NKY,GJR-skewt,GJR-skewt-AR1-expanding-refit21,1,0.02316500435,0.0005366174264,-0.06057165525,-0.04815621187,-0.03873298154,,,0.008203625262,0.0002303529358,True,
2019-01-09,2019-01-08,NKY,GJR-skewt,GJR-skewt-AR1-expanding-refit21,1,0.0220064449,0.0004842836172,-0.05728021622,-0.04548571074,-0.03653376772,,,0.01097798149,0.0001125160377,True,
2019-01-10,2019-01-09,NKY,GJR-skewt,GJR-skewt-AR1-expanding-refit21,1,0.02095109142,0.0004389482317,-0.05458906645,-0.04336018493,-0.03483754632,,,-0.01297156319,0.0001150410899,True,
2019-01-11,2019-01-10,NKY,GJR-skewt,GJR-skewt-AR1-expanding-refit21,1,0.020511438,0.0004207190887,-0.05302095914,-0.0420277129,-0.03368391974,,,0.009668462301,4.08118083e-05,True,
2019-01-15,2019-01-11,NKY,GJR-skewt,GJR-skewt-AR1-expanding-refit21,1,0.01953013268,0.0003814260826,-0.05087579943,-0.04040849051,-0.03246387993,,,0.009560864521,0.0001533541687,True,
2019-01-16,2019-01-15,NKY,GJR-skewt,GJR-skewt-AR1-expanding-refit21,1,0.01861648186,0.0003465733968,-0.04850131148,-0.03852368001,-0.030950731,,,-0.005489986606,9.449645257e-05,True,
2019-01-17,2019-01-16,NKY,GJR-skewt,GJR-skewt-AR1-expanding-refit21,1,0.01781788962,0.0003174771905,-0.0461595486,-0.03660992813,-0.02936183633,,,-0.00198215027,0.000164584607,True,
2019-01-18,2019-01-17,NKY,GJR-skewt,GJR-skewt-AR1-expanding-refit21,1,0.01696551093,0.0002878285611,-0.04400854395,-0.0349157617,-0.02801440676,,,0.01284709386,5.615161426e-05,True,
2019-01-21,2019-01-18,NKY,GJR-skewt,GJR-skewt-AR1-expanding-refit21,1,0.01627906881,0.0002650080815,-0.0424900179,-0.03376513902,-0.02714302004,,,0.002573844829,0.0001249457916,True,
2019-01-22,2019-01-21,NKY,GJR-skewt,GJR-skewt-AR1-expanding-refit21,1,0.01551179377,0.000240615746,-0.04031464322,-0.03200099068,-0.02569098946,,,-0.004664483311,9.587468554e-05,True,
2019-01-23,2019-01-22,NKY,GJR-skewt,GJR-skewt-AR1-expanding-refit21,1,0.01490007749,0.0002220123093,-0.03859725991,-0.03061146091,-0.02455029813,,,-0.001416392571,0.0001113737136,True,
2019-01-24,2019-01-23,NKY,GJR-skewt,GJR-skewt-AR1-expanding-refit21,1,0.01418333817,0.0002011670817,-0.03681700443,-0.0292067711,-0.02343207965,,,-0.0009274037286,8.147286011e-05,True,
2019-01-25,2019-01-24,NKY,GJR-skewt,GJR-skewt-AR1-expanding-refit21,1,0.0135487629,0.000183568976,-0.03517687477,-0.02790713011,-0.02239080354,,,0.009622245524,9.087084036e-05,True,
2019-01-28,2019-01-25,NKY,GJR-skewt,GJR-skewt-AR1-expanding-refit21,1,0.01304483769,0.0001701677905,-0.03405166727,-0.02705230948,-0.02174115411,,,-0.006014158651,4.067001749e-05,True,
2019-01-29,2019-01-28,NKY,GJR-skewt,GJR-skewt-AR1-expanding-refit21,1,0.01269658616,0.0001612033,-0.03287414853,-0.02606164911,-0.02089228301,,,0.0007571649708,0.0001118089393,True,
2019-01-30,2019-01-29,NKY,GJR-skewt,GJR-skewt-AR1-expanding-refit21,1,0.01216050627,0.0001478779128,-0.03159949676,-0.02507463716,-0.02012353392,,,-0.005244964295,6.305754937e-05,True,
2019-01-31,2019-01-30,NKY,GJR-skewt,GJR-skewt-AR1-expanding-refit21,1,0.01184501626,0.0001403044102,-0.03067514333,-0.02431956353,-0.01949691084,,,0.0104985729,0.0001034235816,True,
2019-02-01,2019-01-31,NKY,GJR-skewt,GJR-skewt-AR1-expanding-refit21,1,0.01149305926,0.0001320904112,-0.03003535319,-0.02386861998,-0.01918926521,,,0.0007170219602,0.0001096776977,True,
2019-02-04,2019-02-01,NKY,GJR-skewt,GJR-skewt-AR1-expanding-refit21,1,0.01104466192,0.0001219845569,-0.02869977585,-0.02277363539,-0.01827684387,,,0.004577592148,4.320336944e-05,True,
2019-02-05,2019-02-04,NKY,GJR-skewt,GJR-skewt-AR1-expanding-refit21,1,0.01065454422,0.0001135193125,-0.02775356947,-0.02203675114,-0.01769879455,,,-0.001884591426,3.473878258e-05,True,
2019-02-06,2019-02-05,NKY,GJR-skewt,GJR-skewt-AR1-expanding-refit21,1,0.01029338326,0.0001059537389,-0.02670253593,-0.02117950267,-0.01698859137,,,0.001419577791,3.499509692e-05,True,
2019-02-07,2019-02-06,NKY,GJR-skewt,GJR-skewt-AR1-expanding-refit21,1,0.00993771474,9.875817425e-05,-0.02583612505,-0.02050392984,-0.0164578276,,,-0.005899368343,6.712957038e-05,True,
2019-02-08,2019-02-07,NKY,GJR-skewt,GJR-skewt-AR1-expanding-refit21,1,0.00988525614,9.771828896e-05,-0.02557217166,-0.02026812371,-0.01624337979,,,-0.02035435904,9.944540942e-05,True,
2019-02-12,2019-02-08,NKY,GJR-skewt,GJR-skewt-AR1-expanding-refit21,1,0.01252569798,0.0001568931098,-0.03218003835,-0.02545923095,-0.02035944131,,,0.02578175718,0.0001523623015,True,
2019-02-13,2019-02-12,NKY,GJR-skewt,GJR-skewt-AR1-expanding-refit21,1,0.01268340141,0.0001608686712,-0.03339450523,-0.02658908024,-0.02142508226,,,0.01334360482,0.0001292285298,True,
2019-02-14,2019-02-13,NKY,GJR-skewt,GJR-skewt-AR1-expanding-refit21,1,0.01234996176,0.0001525215554,-0.03231125516,-0.02568474104,-0.02065650173,,,-0.0002255940039,0.0001033190135,True,
2019-02-15,2019-02-14,NKY,GJR-skewt,GJR-skewt-AR1-expanding-refit21,1,0.01183817823,0.0001401424639,-0.03074492991,-0.02439301913,-0.01957315051,,,-0.01137396354,7.279219086e-05,True,
2019-02-18,2019-02-15,NKY,GJR-skewt,GJR-skewt-AR1-expanding-refit21,1,0.01222312878,0.0001494048772,-0.03155059179,-0.02499213137,-0.02001553162,,,0.01807523526,7.358470204e-05,True,
2019-02-19,2019-02-18,NKY,GJR-skewt,GJR-skewt-AR1-expanding-refit21,1,0.01207020682,0.0001456898927,-0.03166697065,-0.02519056226,-0.0202762241,,,0.0009769179704,7.365321672e-05,True,
2019-02-20,2019-02-19,NKY,GJR-skewt,GJR-skewt-AR1-expanding-refit21,1,0.01158045712,0.000134106987,-0.0300963325,-0.02388270496,-0.0191677665,,,0.006029850069,7.895100795e-05,True,
2019-02-21,2019-02-20,NKY,GJR-skewt,GJR-skewt-AR1-expanding-refit21,1,0.01116729618,0.000124708504,-0.0291110568,-0.02311911551,-0.01857239393,,,0.001526504081,0.0001119685178,True,
2019-02-22,2019-02-21,NKY,GJR-skewt,GJR-skewt-AR1-expanding-refit21,1,0.01074543913,0.0001154644621,-0.02793649942,-0.02217091039,-0.01779594628,,,-0.001805593147,4.315736572e-05,True,
2019-02-25,2019-02-22,NKY,GJR-skewt,GJR-skewt-AR1-expanding-refit21,1,0.01035131325,0.0001071496859,-0.02684863173,-0.0212929776,-0.01707810223,,,0.004782861527,6.50612466e-05,True,
2019-02-26,2019-02-25,NKY,GJR-skewt,GJR-skewt-AR1-expanding-refit21,1,0.01001439517,0.0001002881105,-0.02608967993,-0.02071485313,-0.01663716497,,,-0.003668883314,7.259284293e-05,True,
2019-02-27,2019-02-26,NKY,GJR-skewt,GJR-skewt-AR1-expanding-refit21,1,0.009780210833,9.565252395e-05,-0.02533199288,-0.02008285516,-0.0161005228,,,0.004981612781,1.59856225e-05,True,
2019-02-28,2019-02-27,NKY,GJR-skewt,GJR-skewt-AR1-expanding-refit21,1,0.009493033841,9.01176915e-05,-0.02473868848,-0.01964368155,-0.01577828269,,,-0.007980617415,4.506284502e-05,True,
2019-03-01,2019-02-28,NKY,GJR-skewt,GJR-skewt-AR1-expanding-refit21,1,0.009719341089,9.44655912e-05,-0.02509769926,-0.01988123095,-0.0159236837,,,0.0101205875,3.88791284e-05,True,
2019-03-04,2019-03-01,NKY,GJR-skewt,GJR-skewt-AR1-expanding-refit21,1,0.009541463761,9.10395307e-05,-0.02495527395,-0.01983427419,-0.01594915551,,,0.01010260665,4.450166303e-05,True,
2019-03-05,2019-03-04,NKY,GJR-skewt,GJR-skewt-AR1-expanding-refit21,1,0.009389173066,8.815657086e-05,-0.02455930367,-0.01952003987,-0.01569693131,,,-0.004397869674,7.181980288e-05,True,
2019-03-06,2019-03-05,NKY,GJR-skewt,GJR-skewt-AR1-expanding-refit21,1,0.009255479177,8.566389479e-05,-0.02395585966,-0.01898835071,-0.01521967999,,,-0.005976911429,3.211355866e-05,True,
2019-03-07,2019-03-06,NKY,GJR-skewt,GJR-skewt-AR1-expanding-refit21,1,0.009297455682,8.644268216e-05,-0.02403702614,-0.01904698799,-0.01526122516,,,-0.006540862175,3.050446039e-05,True,
2019-03-08,2019-03-07,NKY,GJR-skewt,GJR-skewt-AR1-expanding-refit21,1,0.009398251493,8.832713112e-05,-0.0242889342,-0.01924479791,-0.01541799277,,,-0.02026591527,0.0001223086083,True,
2019-03-11,2019-03-08,NKY,GJR-skewt,GJR-skewt-AR1-expanding-refit21,1,0.012200085,0.0001488420741,-0.03132571428,-0.02477780571,-0.01981014253,,,0.004722559394,0.0001138199702,True,
2019-03-12,2019-03-11,NKY,GJR-skewt,GJR-skewt-AR1-expanding-refit21,1,0.01171449235,0.0001372293309,-0.03050548384,-0.02421819774,-0.01944825948,,,0.01776309672,4.388311594e-05,True,
2019-03-13,2019-03-12,NKY,GJR-skewt,GJR-skewt-AR1-expanding-refit21,1,0.01160882442,0.0001347648043,-0.03046127822,-0.02423070517,-0.01950379305,,,-0.009975760194,9.989179068e-05,True,
2019-03-14,2019-03-13,NKY,GJR-skewt,GJR-skewt-AR1-expanding-refit21,1,0.01179191534,0.0001390492674,-0.03044702925,-0.02411818946,-0.01931672589,,,-0.0001512873315,0.0001444595526,True,
2019-03-15,2019-03-14,NKY,GJR-skewt,GJR-skewt-AR1-expanding-refit21,1,0.0113160042,0.0001280519511,-0.02938412637,-0.02331071288,-0.01870303208,,,0.007666778236,4.224019462e-05,True,
2019-03-18,2019-03-15,NKY,GJR-skewt,GJR-skewt-AR1-expanding-refit21,1,0.01094540826,0.0001198019621,-0.02855939644,-0.02268488553,-0.01822810497,,,0.006211211057,3.813370178e-05,True,
2019-03-19,2019-03-18,NKY,GJR-skewt,GJR-skewt-AR1-expanding-refit21,1,0.01058254524,0.0001119902637,-0.02759096669,-0.02191120802,-0.017602179,,,-0.0008180690126,5.061078514e-05,True,
2019-03-20,2019-03-19,NKY,GJR-skewt,GJR-skewt-AR1-expanding-refit21,1,0.01020199309,0.000104080663,-0.02647813807,-0.02100262557,-0.01684855078,,,0.001948793213,4.389813962e-05,True,
2019-03-22,2019-03-20,NKY,GJR-skewt,GJR-skewt-AR1-expanding-refit21,1,0.009852393085,9.706964949e-05,-0.02561874192,-0.02033086326,-0.01631913954,,,0.0008520589531,8.544773188e-05,True,
2019-03-25,2019-03-22,NKY,GJR-skewt,GJR-skewt-AR1-expanding-refit21,1,0.009527076733,9.076519107e-05,-0.02475419647,-0.01964091838,-0.01576165784,,,-0.03052643397,0.0001303607748,True,
2019-03-26,2019-03-25,NKY,GJR-skewt,GJR-skewt-AR1-expanding-refit21,1,0.01525412015,0.0002326881817,-0.03907890693,-0.03089186692,-0.02468065356,,,0.02128489359,6.867639144e-05,True,
2019-03-27,2019-03-26,NKY,GJR-skewt,GJR-skewt-AR1-expanding-refit21,1,0.01492280828,0.0002226902071,-0.0391847718,-0.0311591152,-0.02507286516,,,-0.002320182765,9.573023139e-05,True,
2019-03-28,2019-03-27,NKY,GJR-skewt,GJR-skewt-AR1-expanding-refit21,1,0.01424537614,0.0002029307413,-0.03699213154,-0.02933080567,-0.02352084556,,,-0.01626776951,0.000109054337,True,
2019-03-29,2019-03-28,NKY,GJR-skewt,GJR-skewt-AR1-expanding-refit21,1,0.0150672166,0.000227021016,-0.03887451188,-0.03077119083,-0.02462604404,,,0.008146471671,5.626292047e-05,True,
2019-04-01,2019-03-29,NKY,GJR-skewt,GJR-skewt-AR1-expanding-refit21,1,0.01441468182,0.0002077830519,-0.03762352704,-0.02987114665,-0.0239921354,,,0.01419758774,6.919364553e-05,True,
2019-04-02,2019-04-01,NKY,GJR-skewt,GJR-skewt-AR1-expanding-refit21,1,0.01394466957,0.0001944538095,-0.03651182633,-0.02901222388,-0.02332490659,,,-0.0001729074547,8.348492849e-05,True,
2019-04-03,2019-04-02,NKY,GJR-skewt,GJR-skewt-AR1-expanding-refit21,1,0.01331373806,0.0001772556212,-0.03460874369,-0.02744846341,-0.0220184708,,,0.009620967423,9.545316091e-05,True,
2019-04-04,2019-04-03,NKY,GJR-skewt,GJR-skewt-AR1-expanding-refit21,1,0.01282140236,0.0001643883585,-0.03350734283,-0.02661184631,-0.02138265225,,,0.0005404593676,4.10584771e-05,True,
2019-04-05,2019-04-04,NKY,GJR-skewt,GJR-skewt-AR1-expanding-refit21,1,0.01227052525,0.0001505657898,-0.03190903501,-0.02530980649,-0.02030528702,,,0.003792613576,,True,
2019-04-08,2019-04-05,NKY,GJR-skewt,GJR-skewt-AR1-expanding-refit21,1,0.01177503532,0.0001386514567,-0.03067996924,-0.02434722086,-0.01954478638,,,-0.002104683085,,True,
2019-04-09,2019-04-08,NKY,GJR-skewt,GJR-skewt-AR1-expanding-refit21,1,0.01132948125,0.0001283571454,-0.02941367073,-0.02332054641,-0.01869983064,,,0.001879498499,3.995999618e-05,True,
2019-04-10,2019-04-09,NKY,GJR-skewt,GJR-skewt-AR1-expanding-refit21,1,0.01089215545,0.0001186390503,-0.02834922107,-0.02249129556,-0.01804894261,,,-0.005289463077,4.702241206e-05,True,
2019-04-11,2019-04-10,NKY,GJR-skewt,GJR-skewt-AR1-expanding-refit21,1,0.010691816,0.0001143149293,-0.02769734778,-0.02194716711,-0.01758652238,,,0.001097286996,4.115019426e-05,True,
2019-04-12,2019-04-11,NKY,GJR-skewt,GJR-skewt-AR1-expanding-refit21,1,0.01030075367,0.0001061055263,-0.02679707506,-0.02125721217,-0.01705606175,,,0.007304878704,3.792668717e-05,True,
2019-04-15,2019-04-12,NKY,GJR-skewt,GJR-skewt-AR1-expanding-refit21,1,0.01000921134,0.0001001843116,-0.02615231908,-0.02076925099,-0.01668700576,,,0.01355838515,3.801612375e-05,True,
2019-04-16,2019-04-15,NKY,GJR-skewt,GJR-skewt-AR1-expanding-refit21,1,0.009920253038,9.841142034e-05,-0.02603519436,-0.02069996906,-0.01665400538,,,0.002367645576,3.441584286e-05,True,
2019-04-17,2019-04-16,NKY,GJR-skewt,GJR-skewt-AR1-expanding-refit21,1,0.009598555328,9.213226439e-05,-0.02499430069,-0.01983208808,-0.01591732844,,,0.002530833131,,True,
2019-04-18,2019-04-17,NKY,GJR-skewt,GJR-skewt-AR1-expanding-refit21,1,0.009303217731,8.654986015e-05,-0.02422929469,-0.01922591802,-0.01543161147,,,-0.008467918415,,True,
2019-04-19,2019-04-18,NKY,GJR-skewt,GJR-skewt-AR1-expanding-refit21,1,0.009627690634,9.269242695e-05,-0.02487218763,-0.01969430572,-0.01576766328,,,0.004987127751,,True,
2019-04-22,2019-04-19,NKY,GJR-skewt,GJR-skewt-AR1-expanding-refit21,1,0.009353207159,8.748248416e-05,-0.02440414159,-0.01937388003,-0.01555918535,,,0.0007807492882,,True,
2019-04-23,2019-04-22,NKY,GJR-skewt,GJR-skewt-AR1-expanding-refit21,1,0.00907016942,8.226797331e-05,-0.02359132414,-0.01871328351,-0.01501402545,,,0.00188138812,,True,
2019-04-24,2019-04-23,NKY,GJR-skewt,GJR-skewt-AR1-expanding-refit21,1,0.008815333351,7.771010209e-05,-0.0229487564,-0.01820776952,-0.01461244605,,,-0.00268738709,,True,
2019-04-25,2019-04-24,NKY,GJR-skewt,GJR-skewt-AR1-expanding-refit21,1,0.008621022402,7.432202726e-05,-0.02236387326,-0.01771990782,-0.0141999391,,,0.004834245732,4.619646162e-05,True,
2019-04-26,2019-04-25,NKY,GJR-skewt,GJR-skewt-AR1-expanding-refit21,1,0.008432920495,7.111414807e-05,-0.02201326931,-0.01747063046,-0.01402746386,,,-0.002192222285,5.204098564e-05,True,
2019-05-07,2019-04-26,NKY,GJR-skewt,GJR-skewt-AR1-expanding-refit21,1,0.008269153778,6.83789042e-05,-0.02145754195,-0.01700312082,-0.01362682027,,,-0.01516512469,6.680491303e-05,True,
2019-05-08,2019-05-07,NKY,GJR-skewt,GJR-skewt-AR1-expanding-refit21,1,0.0100999981,0.0001020099617,-0.02598153664,-0.02054087776,-0.01641704235,,,-0.01475598014,7.169513941e-05,True,
2019-05-09,2019-05-08,NKY,GJR-skewt,GJR-skewt-AR1-expanding-refit21,1,0.01144794332,0.0001310554063,-0.02949607856,-0.02332930963,-0.01865510736,,,-0.009322717535,0.0001088627537,True,
2019-05-10,2019-05-09,NKY,GJR-skewt,GJR-skewt-AR1-expanding-refit21,1,0.01164253281,0.0001355485703,-0.03010260119,-0.02383101095,-0.01907735768,,,-0.002676721463,0.0004658623434,True,
2019-05-13,2019-05-10,NKY,GJR-skewt,GJR-skewt-AR1-expanding-refit21,1,0.01123300168,0.0001261803268,-0.02915974072,-0.02310875638,-0.01852231492,,,-0.007224025229,5.831802003e-05,True,
2019-05-14,2019-05-13,NKY,GJR-skewt,GJR-skewt-AR1-expanding-refit21,1,0.01118002342,0.0001249929236,-0.028938,-0.02291555396,-0.01835074355,,,-0.005870968332,0.0001433898224,True,
2019-05-15,2019-05-14,NKY,GJR-skewt,GJR-skewt-AR1-expanding-refit21,1,0.01101170724,0.0001212576964,-0.02852505258,-0.02259327495,-0.01809718815,,,0.005742664402,7.685250315e-05,True,
2019-05-16,2019-05-15,NKY,GJR-skewt,GJR-skewt-AR1-expanding-refit21,1,0.01063114513,0.0001130212468,-0.02774922304,-0.0220224463,-0.01768174324,,,-0.005944419861,7.90775727e-05,True,
2019-05-17,2019-05-16,NKY,GJR-skewt,GJR-skewt-AR1-expanding-refit21,1,0.01050311936,0.0001103155163,-0.0272004878,-0.02154267588,-0.01725424582,,,0.008844103642,0.0001498405546,True,
2019-05-20,2019-05-17,NKY,GJR-skewt,GJR-skewt-AR1-expanding-refit21,1,0.01022143579,0.0001044777496,-0.02674049584,-0.02123442101,-0.01706100252,,,0.002427189012,6.613123879e-05,True,
2019-05-21,2019-05-20,NKY,GJR-skewt,GJR-skewt-AR1-expanding-refit21,1,0.00987241658,9.746460913e-05,-0.02571403839,-0.02039597294,-0.01636505921,,,-0.001375540519,7.852612085e-05,True,
2019-05-22,2019-05-21,NKY,GJR-skewt,GJR-skewt-AR1-expanding-refit21,1,0.009557759316,9.135076314e-05,-0.02482521766,-0.01967665153,-0.01577421256,,,0.0005132045704,3.498615659e-05,True,
2019-05-23,2019-05-22,NKY,GJR-skewt,GJR-skewt-AR1-expanding-refit21,1,0.00925419981,8.564021412e-05,-0.02407028765,-0.01908524272,-0.01530674727,,,-0.006232142128,5.184111348e-05,True,
2019-05-24,2019-05-23,NKY,GJR-skewt,GJR-skewt-AR1-expanding-refit21,1,0.009313496739,8.674122151e-05,-0.02410009933,-0.01908311237,-0.01528040596,,,-0.001604979527,4.85917939e-05,True,
2019-05-27,2019-05-24,NKY,GJR-skewt,GJR-skewt-AR1-expanding-refit21,1,0.009056482164,8.201986919e-05,-0.0235167952,-0.01863825665,-0.01494048944,,,0.003090295028,3.765867715e-05,True,
2019-05-28,2019-05-27,NKY,GJR-skewt,GJR-skewt-AR1-expanding-refit21,1,0.00880873798,7.75938648e-05,-0.02295886693,-0.01821378302,-0.01461716991,,,0.003654837629,,True,
2019-05-29,2019-05-28,NKY,GJR-skewt,GJR-skewt-AR1-expanding-refit21,1,0.008589514018,7.377975106e-05,-0.02239892165,-0.01777192913,-0.0142648253,,,-0.0121511271,,True,
2019-05-30,2019-05-29,NKY,GJR-skewt,GJR-skewt-AR1-expanding-refit21,1,0.009657564377,9.326854969e-05,-0.02488605591,-0.01968372687,-0.01574053743,,,-0.002900873979,6.907891603e-05,True,
2019-05-31,2019-05-30,NKY,GJR-skewt,GJR-skewt-AR1-expanding-refit21,1,0.009428846804,8.890315205e-05,-0.02446167684,-0.0193825532,-0.01553274928,,,-0.01643317169,0.0001158535957,True,
2019-06-03,2019-05-31,NKY,GJR-skewt,GJR-skewt-AR1-expanding-refit21,1,0.01123615938,0.0001262512777,-0.02895036054,-0.0228989717,-0.01831169575,,,-0.009280680274,6.213252747e-05,True,
2019-06-04,2019-06-03,NKY,GJR-skewt,GJR-skewt-AR1-expanding-refit21,1,0.01145081706,0.0001311212113,-0.02963349909,-0.0234665034,-0.01879159127,,,-0.0001147395042,8.158689073e-05,True,
2019-06-05,2019-06-04,NKY,GJR-skewt,GJR-skewt-AR1-expanding-refit21,1,0.01099794889,0.0001209548799,-0.02861504161,-0.02269194432,-0.01820192022,,,0.01784987418,4.154109635e-05,True,
2019-06-06,2019-06-05,NKY,GJR-skewt,GJR-skewt-AR1-expanding-refit21,1,0.01097200141,0.000120384815,-0.02886065647,-0.02295153355,-0.01847210277,,,-9.918378459e-05,3.33322705e-05,True,
2019-06-07,2019-06-06,NKY,GJR-skewt,GJR-skewt-AR1-expanding-refit21,1,0.01055510052,0.0001114101469,-0.02746316187,-0.02177856669,-0.01746933992,,,0.005313272259,3.568622659e-05,True,
2019-06-10,2019-06-07,NKY,GJR-skewt,GJR-skewt-AR1-expanding-refit21,1,0.01020735414,0.0001041900786,-0.02665277495,-0.02115546338,-0.01698820759,,,0.01188562993,3.259056535e-05,True,
2019-06-11,2019-06-10,NKY,GJR-skewt,GJR-skewt-AR1-expanding-refit21,1,0.01004207475,0.0001008432653,-0.02633732617,-0.0209290281,-0.01682924931,,,0.003300027856,2.950443004e-05,True,
2019-06-12,2019-06-11,NKY,GJR-skewt,GJR-skewt-AR1-expanding-refit21,1,0.009715099671,9.438316163e-05,-0.02533699438,-0.02010479326,-0.01613850535,,,-0.003522401714,3.593835977e-05,True,
2019-06-13,2019-06-12,NKY,GJR-skewt,GJR-skewt-AR1-expanding-refit21,1,0.009498333107,9.021833181e-05,-0.02465412213,-0.01953866364,-0.01566087288,,,-0.00463552594,9.576604066e-05,True,
2019-06-14,2019-06-13,NKY,GJR-skewt,GJR-skewt-AR1-expanding-refit21,1,0.009386849502,8.811294356e-05,-0.02434467551,-0.01928925805,-0.0154569816,,,0.00402813614,5.901046586e-05,True,
2019-06-17,2019-06-14,NKY,GJR-skewt,GJR-skewt-AR1-expanding-refit21,1,0.009119518325,8.316561447e-05,-0.02380017169,-0.01888872912,-0.01516559334,,,0.000336611277,,True,
2019-06-18,2019-06-17,NKY,GJR-skewt,GJR-skewt-AR1-expanding-refit21,1,0.008852221537,7.836182614e-05,-0.02304040729,-0.0182729211,-0.01465891194,,,-0.007187721224,,True,
2019-06-19,2019-06-18,NKY,GJR-skewt,GJR-skewt-AR1-expanding-refit21,1,0.009069834188,8.22618922e-05,-0.02347541773,-0.01859073324,-0.01488788151,,,0.01707379669,3.122242835e-05,True,
2019-06-20,2019-06-19,NKY,GJR-skewt,GJR-skewt-AR1-expanding-refit21,1,0.009229983403,8.519259362e-05,-0.0243149517,-0.01934401665,-0.01557578237,,,0.006028060324,4.054137494e-05,True,
2019-06-21,2019-06-20,NKY,GJR-skewt,GJR-skewt-AR1-expanding-refit21,1,0.009012330495,8.122210096e-05,-0.02355616152,-0.01870244645,-0.01502307118,,,-0.009560540502,0.0001018214109,True,
2019-06-24,2019-06-21,NKY,GJR-skewt,GJR-skewt-AR1-expanding-refit21,1,0.009528776025,9.079757253e-05,-0.0246280806,-0.01949622665,-0.01560600726,,,0.001285690496,3.560162657e-05,True,
2019-06-25,2019-06-24,NKY,GJR-skewt,GJR-skewt-AR1-expanding-refit21,1,0.00922866308,8.516822225e-05,-0.02403633105,-0.01906610707,-0.01529841184,,,-0.00433993677,6.563726114e-05,True,
2019-06-26,2019-06-25,NKY,GJR-skewt,GJR-skewt-AR1-expanding-refit21,1,0.009115176927,8.308645041e-05,-0.02364302182,-0.01873391738,-0.01501255401,,,-0.005071898036,3.434058739e-05,True,
2019-06-27,2019-06-26,NKY,GJR-skewt,GJR-skewt-AR1-expanding-refit21,1,0.009081991632,8.248257201e-05,-0.02354392619,-0.01865269414,-0.01494487901,,,0.01186019817,4.63163074e-05,True,
2019-06-28,2019-06-27,NKY,GJR-skewt,GJR-skewt-AR1-expanding-refit21,1,0.009024196048,8.143611432e-05,-0.02368868568,-0.01882858025,-0.01514436075,,,-0.002921570988,3.417998352e-05,True,
2019-07-01,2019-06-28,NKY,GJR-skewt,GJR-skewt-AR1-expanding-refit21,1,0.008831022061,7.798695063e-05,-0.02292846309,-0.01817239418,-0.01456703991,,,0.02111653289,3.895923495e-05,True,
2019-07-02,2019-07-01,NKY,GJR-skewt,GJR-skewt-AR1-expanding-refit21,1,0.00924791727,8.552397383e-05,-0.02439708261,-0.01942367377,-0.01565330977,,,0.001117592599,4.668144887e-05,True,
2019-07-03,2019-07-02,NKY,GJR-skewt,GJR-skewt-AR1-expanding-refit21,1,0.008973220898,8.051869328e-05,-0.02333641476,-0.01851073405,-0.0148523634,,,-0.005351608469,3.042186809e-05,True,
2019-07-04,2019-07-03,NKY,GJR-skewt,GJR-skewt-AR1-expanding-refit21,1,0.008973864422,8.053024266e-05,-0.02322596349,-0.01839993669,-0.01474130368,,,0.002966691427,,True,
2019-07-05,2019-07-04,NKY,GJR-skewt,GJR-skewt-AR1-expanding-refit21,1,0.008731733194,7.624316458e-05,-0.02274073938,-0.01804492759,-0.01448501117,,,0.002022224989,,True,
2019-07-08,2019-07-05,NKY,GJR-skewt,GJR-skewt-AR1-expanding-refit21,1,0.008504798264,7.233159352e-05,-0.02213447452,-0.01756070536,-0.01409331002,,,-0.00979802993,3.872507827e-05,True,
2019-07-09,2019-07-08,NKY,GJR-skewt,GJR-skewt-AR1-expanding-refit21,1,0.009157385648,8.38577119e-05,-0.02362594388,-0.01870122177,-0.0149677674,,,0.001429287358,4.586670584e-05,True,
2019-07-10,2019-07-09,NKY,GJR-skewt,GJR-skewt-AR1-expanding-refit21,1,0.008889474007,7.902274813e-05,-0.02312412511,-0.01834348237,-0.01471925523,,,-0.001469648806,2.16810036e-05,True,
2019-07-11,2019-07-10,NKY,GJR-skewt,GJR-skewt-AR1-expanding-refit21,1,0.008661500281,7.502158712e-05,-0.02248128517,-0.01782324371,-0.01429196117,,,0.005097577108,2.035503015e-05,True,
2019-07-12,2019-07-11,NKY,GJR-skewt,GJR-skewt-AR1-expanding-refit21,1,0.008474151641,7.181124604e-05,-0.02210811352,-0.01755082571,-0.01409592497,,,0.001955765576,3.945281131e-05,True,
2019-07-16,2019-07-12,NKY,GJR-skewt,GJR-skewt-AR1-expanding-refit21,1,0.008269970522,6.839241243e-05,-0.02152291065,-0.01707542877,-0.0137037724,,,-0.006971170306,3.257771051e-05,True,
2019-07-17,2019-07-16,NKY,GJR-skewt,GJR-skewt-AR1-expanding-refit21,1,0.008537110451,7.288225484e-05,-0.02206259359,-0.01747144736,-0.01399087838,,,-0.003072723552,,True,
2019-07-18,2019-07-17,NKY,GJR-skewt,GJR-skewt-AR1-expanding-refit21,1,0.008417634916,7.085657759e-05,-0.02181959629,-0.01729270244,-0.01386084348,,,-0.01989647112,,True,
2019-07-19,2019-07-18,NKY,GJR-skewt,GJR-skewt-AR1-expanding-refit21,1,0.0114230248,0.0001304854955,-0.02934022769,-0.02319707451,-0.01853992196,,,0.01979448438,5.474984757e-05,True,
2019-07-22,2019-07-19,NKY,GJR-skewt,GJR-skewt-AR1-expanding-refit21,1,0.01141808445,0.0001303726525,-0.03001530851,-0.02387481218,-0.01921967381,,,-0.0023412672,5.457837837e-05,True,
2019-07-23,2019-07-22,NKY,GJR-skewt,GJR-skewt-AR1-expanding-refit21,1,0.01099674291,0.0001209283546,-0.02853641557,-0.02262251121,-0.01813915324,,,0.009484404257,8.122732998e-05,True,
2019-07-24,2019-07-23,NKY,GJR-skewt,GJR-skewt-AR1-expanding-refit21,1,0.01068900949,0.0001142549238,-0.0279414546,-0.02219304524,-0.01783514979,,,0.004093637221,,True,
2019-07-25,2019-07-24,NKY,GJR-skewt,GJR-skewt-AR1-expanding-refit21,1,0.01031765997,0.0001064541074,-0.02688273481,-0.02133403236,-0.01712753563,,,0.002161706042,,True,
2019-07-26,2019-07-25,NKY,GJR-skewt,GJR-skewt-AR1-expanding-refit21,1,0.009958911582,9.91799199e-05,-0.02591671889,-0.02056094662,-0.01650071115,,,-0.004533052438,4.258486704e-05,True,
2019-07-29,2019-07-26,NKY,GJR-skewt,GJR-skewt-AR1-expanding-refit21,1,0.009787725658,9.579957355e-05,-0.02535570423,-0.02009199351,-0.01610155032,,,-0.001911018798,4.036088101e-05,True,
2019-07-30,2019-07-29,NKY,GJR-skewt,GJR-skewt-AR1-expanding-refit21,1,0.009498346237,9.021858124e-05,-0.02464893545,-0.0195408492,-0.01566838563,,,0.004270399893,5.416520818e-05,True,
2019-07-31,2019-07-30,NKY,GJR-skewt,GJR-skewt-AR1-expanding-refit21,1,0.009225118353,8.510280863e-05,-0.02404584222,-0.01908469434,-0.01532362543,,,-0.008687429236,5.734471567e-05,True,
2019-08-01,2019-07-31,NKY,GJR-skewt,GJR-skewt-AR1-expanding-refit21,1,0.009573104298,9.16443259e-05,-0.02473742868,-0.01958127499,-0.01567442185,,,0.0009038454571,7.051859406e-05,True,
2019-08-02,2019-08-01,NKY,GJR-skewt,GJR-skewt-AR1-expanding-refit21,1,0.009268362496,8.590254335e-05,-0.0241165913,-0.01912457407,-0.01534208827,,,-0.02129331032,5.025465417e-05,True,
2019-08-05,2019-08-02,NKY,GJR-skewt,GJR-skewt-AR1-expanding-refit21,1,0.0123481324,0.0001524763738,-0.03172845666,-0.02507764972,-0.02003828753,,,-0.01755096397,0.0001780500857,True,
2019-08-06,2019-08-05,NKY,GJR-skewt,GJR-skewt-AR1-expanding-refit21,1,0.01381512404,0.0001908576522,-0.03561044754,-0.02816950669,-0.0225314546,,,-0.00653562673,0.000332972046,True,
2019-08-07,2019-08-06,NKY,GJR-skewt,GJR-skewt-AR1-expanding-refit21,1,0.01347104149,0.0001814689588,-0.03491278969,-0.02765717457,-0.02215954506,,,-0.003345349605,0.0001577849449,True,
2019-08-08,2019-08-07,NKY,GJR-skewt,GJR-skewt-AR1-expanding-refit21,1,0.01294582878,0.0001675944827,-0.03360403811,-0.02663130692,-0.02134802052,,,0.003735797476,0.0001294566754,True,
2019-08-09,2019-08-08,NKY,GJR-skewt,GJR-skewt-AR1-expanding-refit21,1,0.01239833704,0.0001537187615,-0.03230698703,-0.02562913945,-0.02056928839,,,0.004431923697,3.956718736e-05,True,
2019-08-13,2019-08-09,NKY,GJR-skewt,GJR-skewt-AR1-expanding-refit21,1,0.01189815235,0.0001415660294,-0.03101868229,-0.02461023835,-0.01975451628,,,-0.01115127801,9.253865354e-05,True,
2019-08-14,2019-08-13,NKY,GJR-skewt,GJR-skewt-AR1-expanding-refit21,1,0.01223349159,0.0001496583165,-0.03161184714,-0.02502278669,-0.02003021025,,,0.009714921445,6.226176369e-05,True,
2019-08-15,2019-08-14,NKY,GJR-skewt,GJR-skewt-AR1-expanding-refit21,1,0.01182333543,0.0001397912608,-0.0309186707,-0.02455052378,-0.01972533504,,,-0.01215191394,0.0001103734363,True,
2019-08-16,2019-08-15,NKY,GJR-skewt,GJR-skewt-AR1-expanding-refit21,1,0.01230401155,0.0001513887002,-0.0317773297,-0.02515028662,-0.02012893047,,,0.0006447193743,4.990639922e-05,True,
2019-08-19,2019-08-16,NKY,GJR-skewt,GJR-skewt-AR1-expanding-refit21,1,0.01178869551,0.0001389733419,-0.0306662492,-0.02431675963,-0.01950570768,,,0.007044571281,4.103026297e-05,True,
2019-08-20,2019-08-19,NKY,GJR-skewt,GJR-skewt-AR1-expanding-refit21,1,0.01136818285,0.0001292355814,-0.02968722197,-0.02356422401,-0.01892478633,,,0.005531512001,3.313914919e-05,True,
2019-08-21,2019-08-20,NKY,GJR-skewt,GJR-skewt-AR1-expanding-refit21,1,0.010959947,0.0001201204383,-0.02859849648,-0.02269537776,-0.01822254408,,,-0.002840503984,2.06277554e-05,True,
2019-08-22,2019-08-21,NKY,GJR-skewt,GJR-skewt-AR1-expanding-refit21,1,0.01060094817,0.0001123801022,-0.02751505389,-0.02180529493,-0.01747897127,,,0.0004577087432,3.844828666e-05,True,
2019-08-23,2019-08-22,NKY,GJR-skewt,GJR-skewt-AR1-expanding-refit21,1,0.01021348366,0.0001043152484,-0.02656645759,-0.02106539024,-0.01689719365,,,0.004010772476,,True,
2019-08-26,2019-08-23,NKY,GJR-skewt,GJR-skewt-AR1-expanding-refit21,1,0.009877568901,9.75663674e-05,-0.02575648122,-0.02043634035,-0.01640523301,,,-0.02196083851,,True,
2019-08-27,2019-08-26,NKY,GJR-skewt,GJR-skewt-AR1-expanding-refit21,1,0.01292368144,0.0001670215418,-0.03321326329,-0.02625246085,-0.02097821293,,,0.009580368941,3.94568797e-05,True,
2019-08-28,2019-08-27,NKY,GJR-skewt,GJR-skewt-AR1-expanding-refit21,1,0.01245222368,0.0001550578746,-0.03255172872,-0.02584485735,-0.02076301477,,,0.001140322826,2.166791447e-05,True,
2019-08-29,2019-08-28,NKY,GJR-skewt,GJR-skewt-AR1-expanding-refit21,1,0.01192783558,0.0001422732617,-0.03103696261,-0.02461253104,-0.01974469503,,,-0.0009032766663,5.087330277e-05,True,
2019-08-30,2019-08-29,NKY,GJR-skewt,GJR-skewt-AR1-expanding-refit21,1,0.01144526293,0.0001309940436,-0.02974542369,-0.02358090976,-0.01891001514,,,0.01182754868,3.742995524e-05,True,
2019-09-02,2019-08-30,NKY,GJR-skewt,GJR-skewt-AR1-expanding-refit21,1,0.01115239624,0.0001243759419,-0.02924976649,-0.02323157266,-0.01867295684,,,-0.004074081336,2.603320249e-05,True,
2019-09-03,2019-09-02,NKY,GJR-skewt,GJR-skewt-AR1-expanding-refit21,1,0.01083293627,0.0001173525082,-0.02813172969,-0.0222859268,-0.01785789236,,,0.0002410312955,2.729136014e-05,True,
2019-09-04,2019-09-03,NKY,GJR-skewt,GJR-skewt-AR1-expanding-refit21,1,0.01042949935,0.0001087744567,-0.02715934259,-0.02153124731,-0.01726812038,,,0.001162004552,4.090897799e-05,True,
2019-09-05,2019-09-04,NKY,GJR-skewt,GJR-skewt-AR1-expanding-refit21,1,0.01005901549,0.0001011837926,-0.02621157993,-0.02078340973,-0.01667172053,,,0.0209327395,0.0001015304187,True,
2019-09-06,2019-09-05,NKY,GJR-skewt,GJR-skewt-AR1-expanding-refit21,1,0.01028991508,0.0001058823525,-0.02716880581,-0.02161603471,-0.01740996377,,,0.005374471499,3.683534648e-05,True,
2019-09-09,2019-09-06,NKY,GJR-skewt,GJR-skewt-AR1-expanding-refit21,1,0.009972136062,9.944349764e-05,-0.0260613307,-0.02068004345,-0.01660386679,,,0.005590570904,6.018137676e-05,True,
2019-09-10,2019-09-09,NKY,GJR-skewt,GJR-skewt-AR1-expanding-refit21,1,0.009679883756,9.370014954e-05,-0.02530450236,-0.0200809239,-0.01612420731,,,0.003450192782,3.798849786e-05,True,
2019-09-11,2019-09-10,NKY,GJR-skewt,GJR-skewt-AR1-expanding-refit21,1,0.009384970308,8.807766768e-05,-0.02449829126,-0.01943385765,-0.01559768888,,,0.009567918197,6.158635964e-05,True,
2019-09-12,2019-09-11,NKY,GJR-skewt,GJR-skewt-AR1-expanding-refit21,1,0.009229073185,8.517579186e-05,-0.024202718,-0.01922241152,-0.01544996673,,,0.00746587558,3.964270088e-05,True,
2019-09-13,2019-09-12,NKY,GJR-skewt,GJR-skewt-AR1-expanding-refit21,1,0.00903860336,8.169635069e-05,-0.0236690604,-0.0187915376,-0.01509694861,,,0.01045452563,4.745703004e-05,True,
2019-09-17,2019-09-13,NKY,GJR-skewt,GJR-skewt-AR1-expanding-refit21,1,0.008944826182,8.000991543e-05,-0.02347880748,-0.01865188987,-0.01499563293,,,0.0005924694749,5.196521568e-05,True,
2019-09-18,2019-09-17,NKY,GJR-skewt,GJR-skewt-AR1-expanding-refit21,1,0.008694389611,7.559241071e-05,-0.02264924905,-0.01795747512,-0.01440358578,,,-0.001847475214,3.324111045e-05,True,
2019-09-19,2019-09-18,NKY,GJR-skewt,GJR-skewt-AR1-expanding-refit21,1,0.008495602112,7.217525525e-05,-0.02208785298,-0.01750335122,-0.01403071759,,,0.003805843713,0.0001896447253,True,
2019-09-20,2019-09-19,NKY,GJR-skewt,GJR-skewt-AR1-expanding-refit21,1,0.0083056963,6.898459103e-05,-0.02169538932,-0.01721336688,-0.01381835851,,,0.001570165397,3.421850524e-05,True,
2019-09-24,2019-09-20,NKY,GJR-skewt,GJR-skewt-AR1-expanding-refit21,1,0.008114524181,6.584550269e-05,-0.02115749601,-0.01677863623,-0.01346177073,,,0.0008941116734,3.289030759e-05,True,
2019-09-25,2019-09-24,NKY,GJR-skewt,GJR-skewt-AR1-expanding-refit21,1,0.007937671929,6.300663565e-05,-0.02068497602,-0.01640155143,-0.01315697546,,,-0.003567150247,8.033883249e-05,True,
2019-09-26,2019-09-25,NKY,GJR-skewt,GJR-skewt-AR1-expanding-refit21,1,0.007901570576,6.243481757e-05,-0.02051062844,-0.01624668532,-0.01301686601,,,0.001274829573,4.61481641e-05,True,
2019-09-27,2019-09-26,NKY,GJR-skewt,GJR-skewt-AR1-expanding-refit21,1,0.007745367573,5.999071883e-05,-0.02019127429,-0.01601162336,-0.01284565307,,,-0.007710070652,0.0001094786293,True,
2019-09-30,2019-09-27,NKY,GJR-skewt,GJR-skewt-AR1-expanding-refit21,1,0.008188579497,6.705283417e-05,-0.0211830602,-0.01676423777,-0.01341710167,,,-0.005640500006,4.603703303e-05,True,
2019-10-01,2019-09-30,NKY,GJR-skewt,GJR-skewt-AR1-expanding-refit21,1,0.00832442081,6.929598181e-05,-0.0215739368,-0.01708181001,-0.01367914787,,,0.005930227621,3.182451601e-05,True,
2019-10-02,2019-10-01,NKY,GJR-skewt,GJR-skewt-AR1-expanding-refit21,1,0.008181786249,6.694162622e-05,-0.02141113046,-0.0169959739,-0.01365161458,,,-0.004884180526,2.263019163e-05,True,
2019-10-03,2019-10-02,NKY,GJR-skewt,GJR-skewt-AR1-expanding-refit21,1,0.008192643464,6.711940692e-05,-0.02123679424,-0.01681272272,-0.01346277273,,,-0.02026347664,6.949295064e-05,True,
2019-10-04,2019-10-03,NKY,GJR-skewt,GJR-skewt-AR1-expanding-refit21,1,0.01137937112,0.0001294900871,-0.02926492015,-0.02311999857,-0.01846700417,,,0.00320261721,3.681570707e-05,True,
2019-10-07,2019-10-04,NKY,GJR-skewt,GJR-skewt-AR1-expanding-refit21,1,0.01094075931,0.0001197002144,-0.0285313364,-0.02262326755,-0.01814962034,,,-0.001633696895,3.58495609e-05,True,
2019-10-08,2019-10-07,NKY,GJR-skewt,GJR-skewt-AR1-expanding-refit21,1,0.01054433117,0.0001111829198,-0.02741522817,-0.02172123265,-0.01740968385,,,0.009893670771,3.887837167e-05,True,
2019-10-09,2019-10-08,NKY,GJR-skewt,GJR-skewt-AR1-expanding-refit21,1,0.01028407636,0.0001057622266,-0.0269382606,-0.02138480408,-0.01717967277,,,-0.006105304304,3.138009732e-05,True,
2019-10-10,2019-10-09,NKY,GJR-skewt,GJR-skewt-AR1-expanding-refit21,1,0.01019652679,0.0001039691585,-0.02643204112,-0.02092586183,-0.01675652931,,,0.00444563636,0.0001599770442,True,
2019-10-11,2019-10-10,NKY,GJR-skewt,GJR-skewt-AR1-expanding-refit21,1,0.009863920145,9.729692063e-05,-0.02574974247,-0.02042317257,-0.01638984201,,,0.01139038065,3.504470812e-05,True,
2019-10-15,2019-10-11,NKY,GJR-skewt,GJR-skewt-AR1-expanding-refit21,1,0.009711583493,9.431485395e-05,-0.02547398902,-0.02022968172,-0.01625864122,,,0.01855895912,4.140620995e-05,True,
2019-10-16,2019-10-15,NKY,GJR-skewt,GJR-skewt-AR1-expanding-refit21,1,0.009870714378,9.743100234e-05,-0.02601293847,-0.02068269964,-0.01664659094,,,0.01189397199,0.0001087433654,True,
2019-10-17,2019-10-16,NKY,GJR-skewt,GJR-skewt-AR1-expanding-refit21,1,0.009741579021,9.489836183e-05,-0.02556083334,-0.02030032829,-0.0163170227,,,-0.0009375913191,3.716178801e-05,True,
2019-10-18,2019-10-17,NKY,GJR-skewt,GJR-skewt-AR1-expanding-refit21,1,0.00942488265,8.882841296e-05,-0.02451320014,-0.01942371284,-0.01556990354,,,0.001816475241,7.770413245e-05,True,
2019-10-21,2019-10-18,NKY,GJR-skewt,GJR-skewt-AR1-expanding-refit21,1,0.009134122275,8.343218974e-05,-0.0238042042,-0.01887172907,-0.01513681091,,,0.002496392404,1.488319053e-05,True,
2019-10-23,2019-10-21,NKY,GJR-skewt,GJR-skewt-AR1-expanding-refit21,1,0.008872330957,7.871825661e-05,-0.02313453921,-0.01834343279,-0.0147155604,,,0.003386021469,8.942778777e-05,True,
2019-10-24,2019-10-23,NKY,GJR-skewt,GJR-skewt-AR1-expanding-refit21,1,0.008641112988,7.466883367e-05,-0.02254811051,-0.01788186304,-0.01434853506,,,0.005519178498,,True,
2019-10-25,2019-10-24,NKY,GJR-skewt,GJR-skewt-AR1-expanding-refit21,1,0.00846024941,7.157582007e-05,-0.02211439574,-0.01754581557,-0.01408644223,,,0.002160725182,,True,
2019-10-28,2019-10-25,NKY,GJR-skewt,GJR-skewt-AR1-expanding-refit21,1,0.008255077076,6.814629753e-05,-0.02152187096,-0.01706408495,-0.01368860603,,,0.002954383287,1.580339889e-05,True,
2019-10-29,2019-10-28,NKY,GJR-skewt,GJR-skewt-AR1-expanding-refit21,1,0.008074586369,6.519894503e-05,-0.02106582549,-0.01670550544,-0.01340382868,,,0.004662227709,1.711181503e-05,True,
2019-10-30,2019-10-29,NKY,GJR-skewt,GJR-skewt-AR1-expanding-refit21,1,0.00793260295,6.292618956e-05,-0.0207259246,-0.01644227636,-0.01319865624,,,-0.005718897449,3.49721017e-05,True,
2019-10-31,2019-10-30,NKY,GJR-skewt,GJR-skewt-AR1-expanding-refit21,1,0.008084286462,6.53556876e-05,-0.0209402,-0.01657464185,-0.01326899874,,,0.003667018745,3.646473337e-05,True,
2019-11-01,2019-10-31,NKY,GJR-skewt,GJR-skewt-AR1-expanding-refit21,1,0.007925737732,6.281731859e-05,-0.02069074091,-0.01641079992,-0.01316998697,,,-0.003332164772,2.245454374e-05,True,
2019-11-05,2019-11-01,NKY,GJR-skewt,GJR-skewt-AR1-expanding-refit21,1,0.007869034451,6.192170319e-05,-0.0204213767,-0.01617205579,-0.01295442866,,,0.01740593543,4.077641648e-05,True,
2019-11-06,2019-11-05,NKY,GJR-skewt,GJR-skewt-AR1-expanding-refit21,1,0.008202883892,6.728730415e-05,-0.02163482784,-0.01720004578,-0.01384318328,,,0.002226579274,1.499023478e-05,True,
2019-11-07,2019-11-06,NKY,GJR-skewt,GJR-skewt-AR1-expanding-refit21,1,0.008023742933,6.438045065e-05,-0.02091255121,-0.01657461937,-0.01329106665,,,0.001136506538,1.615184571e-05,True,
2019-11-08,2019-11-07,NKY,GJR-skewt,GJR-skewt-AR1-expanding-refit21,1,0.007852989917,6.166945064e-05,-0.0204495082,-0.01620389176,-0.01299021621,,,0.00263467386,6.935418223e-05,True,
2019-11-11,2019-11-08,NKY,GJR-skewt,GJR-skewt-AR1-expanding-refit21,1,0.007707416228,5.940426491e-05,-0.02009564655,-0.01592873261,-0.01277463012,,,-0.002569544856,2.759849686e-05,True,
2019-11-12,2019-11-11,NKY,GJR-skewt,GJR-skewt-AR1-expanding-refit21,1,0.007631078448,5.823335828e-05,-0.01980916143,-0.01568351852,-0.01256065571,,,0.008032593946,3.249954659e-05,True,
2019-11-13,2019-11-12,NKY,GJR-skewt,GJR-skewt-AR1-expanding-refit21,1,0.007603341345,5.78107996e-05,-0.01991556317,-0.01580491597,-0.012693404,,,-0.008545788447,4.19007917e-05,True,
2019-11-14,2019-11-13,NKY,GJR-skewt,GJR-skewt-AR1-expanding-refit21,1,0.008185551885,6.700325966e-05,-0.0211524323,-0.01672702057,-0.01337725084,,,-0.007676013168,,True,
2019-11-15,2019-11-14,NKY,GJR-skewt,GJR-skewt-AR1-expanding-refit21,1,0.008582534201,7.365989331e-05,-0.02220091174,-0.0175608767,-0.01404865008,,,0.006966116188,,True,
2019-11-18,2019-11-15,NKY,GJR-skewt,GJR-skewt-AR1-expanding-refit21,1,0.008431131924,7.108398552e-05,-0.02205333323,-0.01749515186,-0.01404488352,,,0.004856142487,5.197925542e-05,True,
2019-11-19,2019-11-18,NKY,GJR-skewt,GJR-skewt-AR1-expanding-refit21,1,0.008260009793,6.822776179e-05,-0.02157214471,-0.01710647828,-0.01372623818,,,-0.005314118575,5.958226672e-05,True,
2019-11-20,2019-11-19,NKY,GJR-skewt,GJR-skewt-AR1-expanding-refit21,1,0.008331017591,6.94058541e-05,-0.02158570555,-0.01708164969,-0.01367235109,,,-0.006204855949,9.767080874e-05,True,
2019-11-21,2019-11-20,NKY,GJR-skewt,GJR-skewt-AR1-expanding-refit21,1,0.008508254928,7.239040192e-05,-0.0220322605,-0.01743238358,-0.01395055423,,,-0.004762815501,0.000237762824,True,
2019-11-22,2019-11-21,NKY,GJR-skewt,GJR-skewt-AR1-expanding-refit21,1,0.008516023898,7.252266302e-05,-0.02207678939,-0.01747271228,-0.01398770364,,,0.00321986965,5.506133413e-05,True,
2019-11-25,2019-11-22,NKY,GJR-skewt,GJR-skewt-AR1-expanding-refit21,1,0.008314103616,6.912431894e-05,-0.02168544681,-0.01719053526,-0.01378815836,,,0.007754677765,2.637192431e-05,True,
2019-11-26,2019-11-25,NKY,GJR-skewt,GJR-skewt-AR1-expanding-refit21,1,0.008210896759,6.741882559e-05,-0.02149308142,-0.01705396732,-0.01369382572,,,0.003450461326,8.69495566e-05,True,
2019-11-27,2019-11-26,NKY,GJR-skewt,GJR-skewt-AR1-expanding-refit21,1,0.008041360138,6.466347286e-05,-0.02097905121,-0.01663159486,-0.01334083266,,,0.002753589414,2.886011371e-05,True,
2019-11-28,2019-11-27,NKY,GJR-skewt,GJR-skewt-AR1-expanding-refit21,1,0.007879587572,6.20879003e-05,-0.02054602019,-0.01628602407,-0.01306146398,,,-0.001222232735,6.128894659e-05,True,
2019-11-29,2019-11-28,NKY,GJR-skewt,GJR-skewt-AR1-expanding-refit21,1,0.007734520285,5.982280404e-05,-0.02010124632,-0.01591967893,-0.01275448466,,,-0.00493461099,4.73063951e-05,True,
2019-12-02,2019-11-29,NKY,GJR-skewt,GJR-skewt-AR1-expanding-refit21,1,0.007841391549,6.148742143e-05,-0.02031701166,-0.01607766572,-0.01286873657,,,0.01006299316,5.139181678e-05,True,
2019-12-03,2019-12-02,NKY,GJR-skewt,GJR-skewt-AR1-expanding-refit21,1,0.007850171385,6.162519077e-05,-0.02059257011,-0.01634847747,-0.01313595535,,,-0.006382100113,5.794146528e-05,True,
2019-12-04,2019-12-03,NKY,GJR-skewt,GJR-skewt-AR1-expanding-refit21,1,0.008081578238,6.531190682e-05,-0.02091811915,-0.01654891941,-0.01324169877,,,-0.01051626866,8.210747889e-05,True,
2019-12-05,2019-12-04,NKY,GJR-skewt,GJR-skewt-AR1-expanding-refit21,1,0.008936321937,7.985784976e-05,-0.02307464542,-0.01824540125,-0.01458925103,,,0.007100632086,5.140515107e-05,True,
2019-12-06,2019-12-05,NKY,GJR-skewt,GJR-skewt-AR1-expanding-refit21,1,0.008750942596,7.657899632e-05,-0.02288650928,-0.01815744526,-0.01457713997,,,0.002328203535,1.667184274e-05,True,
2019-12-09,2019-12-06,NKY,GJR-skewt,GJR-skewt-AR1-expanding-refit21,1,0.00851961823,7.258389478e-05,-0.02220433342,-0.01760027854,-0.01411461583,,,0.003261675118,4.132066433e-05,True,
2019-12-10,2019-12-09,NKY,GJR-skewt,GJR-skewt-AR1-expanding-refit21,1,0.008316063145,6.915690623e-05,-0.02168988411,-0.01719583166,-0.0137934502,,,-0.0008757208453,2.686363691e-05,True,
2019-12-11,2019-12-10,NKY,GJR-skewt,GJR-skewt-AR1-expanding-refit21,1,0.008120517076,6.594279758e-05,-0.02111149434,-0.01672311621,-0.01340073923,,,-0.0007833020731,1.959104794e-05,True,
2019-12-12,2019-12-11,NKY,GJR-skewt,GJR-skewt-AR1-expanding-refit21,1,0.007942192623,6.307842367e-05,-0.02064868155,-0.01635667106,-0.01310725262,,,0.001407668486,1.799289794e-05,True,
2019-12-13,2019-12-12,NKY,GJR-skewt,GJR-skewt-AR1-expanding-refit21,1,0.007776537623,6.04745374e-05,-0.02025395247,-0.01605146299,-0.01286981958,,,0.02522011063,5.681272542e-05,True,
2019-12-16,2019-12-13,NKY,GJR-skewt,GJR-skewt-AR1-expanding-refit21,1,0.008633761723,7.454184148e-05,-0.02288436666,-0.01821862792,-0.01468626527,,,-0.002949427361,3.066546183e-05,True,
2019-12-17,2019-12-16,NKY,GJR-skewt,GJR-skewt-AR1-expanding-refit21,1,0.008464235773,7.164328722e-05,-0.02197186356,-0.0173977377,-0.01393473382,,,0.00473858271,1.843746016e-05,True,
2019-12-18,2019-12-17,NKY,GJR-skewt,GJR-skewt-AR1-expanding-refit21,1,0.00828284703,6.860555493e-05,-0.02162808621,-0.01715198396,-0.01376319233,,,-0.005487011445,1.538245655e-05,True,
2019-12-19,2019-12-18,NKY,GJR-skewt,GJR-skewt-AR1-expanding-refit21,1,0.008365736945,6.998555463e-05,-0.0216729379,-0.01715204142,-0.01372933674,,,-0.00291134637,3.72694292e-05,True,
2019-12-20,2019-12-19,NKY,GJR-skewt,GJR-skewt-AR1-expanding-refit21,1,0.008246752297,6.800892346e-05,-0.02140617172,-0.01694957529,-0.01357555122,,,-0.002022536463,5.650879034e-05,True,
2019-12-23,2019-12-20,NKY,GJR-skewt,GJR-skewt-AR1-expanding-refit21,1,0.008093191616,6.549975053e-05,-0.02102116137,-0.01664755009,-0.01333635287,,,0.0001880240327,1.883253631e-05,True,
2019-12-24,2019-12-23,NKY,GJR-skewt,GJR-skewt-AR1-expanding-refit21,1,0.007910718625,6.257946916e-05,-0.02058296571,-0.01630796397,-0.0130714226,,,0.0003974969296,,True,
2019-12-25,2019-12-24,NKY,GJR-skewt,GJR-skewt-AR1-expanding-refit21,1,0.00774504684,5.998575056e-05,-0.02015505796,-0.01596958629,-0.01280082682,,,-0.002004095765,,True,
2019-12-26,2019-12-25,NKY,GJR-skewt,GJR-skewt-AR1-expanding-refit21,1,0.007636555518,5.831698017e-05,-0.01983238584,-0.01570554356,-0.01258117155,,,0.005955052732,,True,
2019-12-27,2019-12-26,NKY,GJR-skewt,GJR-skewt-AR1-expanding-refit21,1,0.007555854452,5.70909365e-05,-0.01975533401,-0.01567210309,-0.0125807486,,,-0.003651360802,,True,
2019-12-30,2019-12-27,NKY,GJR-skewt,GJR-skewt-AR1-expanding-refit21,1,0.007557264376,5.711224484e-05,-0.01959836523,-0.01551437238,-0.01242244104,,,-0.007626274556,9.088823236e-05,True,
2020-01-06,2019-12-30,NKY,GJR-skewt,GJR-skewt-AR1-expanding-refit21,1,0.008030275742,6.448532849e-05,-0.02076362121,-0.01642401006,-0.01313855384,,,-0.01928124207,4.369401778e-05,True,
2020-01-07,2020-01-06,NKY,GJR-skewt,GJR-skewt-AR1-expanding-refit21,1,0.01100868826,0.0001211912173,-0.02832453369,-0.02237536982,-0.01787134475,,,0.0158556858,5.345854891e-05,True,
2020-01-08,2020-01-07,NKY,GJR-skewt,GJR-skewt-AR1-expanding-refit21,1,0.01087753769,0.0001183208262,-0.02857058281,-0.02269229353,-0.01824192657,,,-0.01585997844,0.0002709255988,True,
2020-01-09,2020-01-08,NKY,GJR-skewt,GJR-skewt-AR1-expanding-refit21,1,0.01217211675,0.0001481604261,-0.03140547139,-0.02481307176,-0.01982783148,,,0.02279845682,3.324759837e-05,True,
2020-01-10,2020-01-09,NKY,GJR-skewt,GJR-skewt-AR1-expanding-refit21,1,0.01220442197,0.0001489479157,-0.03216828533,-0.02555838924,-0.02055991796,,,0.004652252467,5.392794421e-05,True,
2020-01-14,2020-01-10,NKY,GJR-skewt,GJR-skewt-AR1-expanding-refit21,1,0.01172371088,0.0001374453969,-0.03059765976,-0.02424811606,-0.01944652592,,,0.007293898047,4.385577922e-05,True,
2020-01-15,2020-01-14,NKY,GJR-skewt,GJR-skewt-AR1-expanding-refit21,1,0.01131130459,0.0001279456115,-0.02956988369,-0.0234436986,-0.01881101453,,,-0.004530081847,2.516012264e-05,True,
2020-01-16,2020-01-15,NKY,GJR-skewt,GJR-skewt-AR1-expanding-refit21,1,0.01100982305,0.0001212162035,-0.02857706909,-0.02261416593,-0.01810495735,,,0.0006917818451,2.537750209e-05,True,
2020-01-17,2020-01-16,NKY,GJR-skewt,GJR-skewt-AR1-expanding-refit21,1,0.01058998371,0.000112147755,-0.02757523021,-0.02183971139,-0.01750245317,,,0.004507783911,,True,
2020-01-20,2020-01-17,NKY,GJR-skewt,GJR-skewt-AR1-expanding-refit21,1,0.01022680281,0.0001045874956,-0.02669628291,-0.02115746231,-0.0169689493,,,0.001755853015,,True,
2020-01-21,2020-01-20,NKY,GJR-skewt,GJR-skewt-AR1-expanding-refit21,1,0.009870832694,9.743333808e-05,-0.02572081283,-0.02037478509,-0.01633206403,,,-0.009132828095,,True,
2020-01-22,2020-01-21,NKY,GJR-skewt,GJR-skewt-AR1-expanding-refit21,1,0.01020527837,0.0001041477066,-0.02640075137,-0.02087358837,-0.01669389096,,,0.006964675424,3.114635604e-05,True,
2020-01-23,2020-01-22,NKY,GJR-skewt,GJR-skewt-AR1-expanding-refit21,1,0.009905886221,9.812658183e-05,-0.02590355709,-0.02053854441,-0.01648146675,,,-0.009865269149,6.555833014e-05,True,
2020-01-24,2020-01-23,NKY,GJR-skewt,GJR-skewt-AR1-expanding-refit21,1,0.01032854935,0.0001066789317,-0.02670896402,-0.02111503765,-0.0168848531,,,0.001332990301,3.078243597e-05,True,
2020-01-27,2020-01-24,NKY,GJR-skewt,GJR-skewt-AR1-expanding-refit21,1,0.009962066534,9.924276963e-05,-0.02595101651,-0.02055557666,-0.01647548966,,,-0.02050794157,4.386047932e-05,True,
2020-01-28,2020-01-27,NKY,GJR-skewt,GJR-skewt-AR1-expanding-refit21,1,0.01261334564,0.0001590964883,-0.03247309659,-0.02564172808,-0.02047577707,,,-0.005489746135,8.660590008e-05,True,
2020-01-29,2020-01-28,NKY,GJR-skewt,GJR-skewt-AR1-expanding-refit21,1,0.01229949455,0.0001512775661,-0.0319192947,-0.02525790745,-0.02022049802,,,0.007026064268,4.609309911e-05,True,
2020-01-30,2020-01-29,NKY,GJR-skewt,GJR-skewt-AR1-expanding-refit21,1,0.01183580057,0.0001400861751,-0.03093128178,-0.02452103047,-0.01967353262,,,-0.01732895304,0.0001115212502,True,
2020-01-31,2020-01-30,NKY,GJR-skewt,GJR-skewt-AR1-expanding-refit21,1,0.01326096612,0.0001758532225,-0.03421569527,-0.0270335765,-0.02160238455,,,0.009849159853,0.0001482508503,True,
2020-02-03,2020-01-31,NKY,GJR-skewt,GJR-skewt-AR1-expanding-refit21,1,0.01276846562,0.0001630337144,-0.03341005848,-0.02649467722,-0.02126519491,,,-0.01010206907,0.000172604318,True,
2020-02-04,2020-02-03,NKY,GJR-skewt,GJR-skewt-AR1-expanding-refit21,1,0.01284468862,0.0001649860257,-0.03325833285,-0.02630166933,-0.02104096896,,,0.004891841239,7.720097221e-05,True,
2020-02-05,2020-02-04,NKY,GJR-skewt,GJR-skewt-AR1-expanding-refit21,1,0.01231364432,0.0001516258365,-0.0321384041,-0.02546935336,-0.02042614872,,,0.01012722855,7.557222976e-05,True,
2020-02-06,2020-02-05,NKY,GJR-skewt,GJR-skewt-AR1-expanding-refit21,1,0.01190885501,0.0001418208277,-0.03117600187,-0.02472618439,-0.0198487662,,,0.02348030336,9.901221481e-05,True,
2020-02-07,2020-02-06,NKY,GJR-skewt,GJR-skewt-AR1-expanding-refit21,1,0.01202671869,0.0001446419624,-0.03171741031,-0.02520375804,-0.02027806733,,,-0.001912280187,9.724363594e-05,True,
2020-02-10,2020-02-07,NKY,GJR-skewt,GJR-skewt-AR1-expanding-refit21,1,0.01154302716,0.0001332414761,-0.03001360405,-0.02376084122,-0.01903225516,,,-0.005977208381,8.620917136e-05,True,
2020-02-12,2020-02-10,NKY,GJR-skewt,GJR-skewt-AR1-expanding-refit21,1,0.01134046749,0.0001286062029,-0.02941200191,-0.02326896398,-0.01862335622,,,0.007370835507,7.39195803e-05,True,
2020-02-13,2020-02-12,NKY,GJR-skewt,GJR-skewt-AR1-expanding-refit21,1,0.01095666683,0.0001200485479,-0.02865498247,-0.02271984621,-0.01823146189,,,-0.001404119048,5.145113033e-05,True,
2020-02-14,2020-02-13,NKY,GJR-skewt,GJR-skewt-AR1-expanding-refit21,1,0.01055379545,0.0001113825985,-0.0274459008,-0.02172899664,-0.01740564806,,,-0.005898772667,3.953712448e-05,True,
2020-02-17,2020-02-14,NKY,GJR-skewt,GJR-skewt-AR1-expanding-refit21,1,0.0104401128,0.0001089959552,-0.02706800698,-0.02141268379,-0.01713590516,,,-0.00696239713,9.135313207e-05,True,
2020-02-18,2020-02-17,NKY,GJR-skewt,GJR-skewt-AR1-expanding-refit21,1,0.01045142513,0.0001092322872,-0.0270781299,-0.0214166789,-0.01713526619,,,-0.01410384322,8.355754412e-05,True,
2020-02-19,2020-02-18,NKY,GJR-skewt,GJR-skewt-AR1-expanding-refit21,1,0.01155816657,0.0001335912143,-0.02983129649,-0.02357033277,-0.01883554486,,,0.008880867907,6.180175878e-05,True,
2020-02-20,2020-02-19,NKY,GJR-skewt,GJR-skewt-AR1-expanding-refit21,1,0.01118146046,0.0001250250579,-0.02926803442,-0.0232111293,-0.01863065857,,,0.003346906779,0.0001896486297,True,
2020-02-21,2020-02-20,NKY,GJR-skewt,GJR-skewt-AR1-expanding-refit21,1,0.01076342987,0.0001158514225,-0.02807841168,-0.02224795029,-0.01783872524,,,-0.003943604978,0.0001167996304,True,
2020-02-25,2020-02-21,NKY,GJR-skewt,GJR-skewt-AR1-expanding-refit21,1,0.01047825403,0.0001097938076,-0.02720292628,-0.02152694229,-0.01723453915,,,-0.03397993968,0.0002569101671,True,
2020-02-26,2020-02-25,NKY,GJR-skewt,GJR-skewt-AR1-expanding-refit21,1,0.01689501006,0.000285441365,-0.04337224389,-0.03422035596,-0.02729933706,,,-0.007959817453,0.000363186179,True,
2020-02-27,2020-02-26,NKY,GJR-skewt,GJR-skewt-AR1-expanding-refit21,1,0.01642942914,0.0002699261417,-0.0426326726,-0.03373298603,-0.02700269175,,,-0.02154292792,0.0002902132394,True,
2020-02-28,2020-02-27,NKY,GJR-skewt,GJR-skewt-AR1-expanding-refit21,1,0.01785798379,0.0003189075851,-0.04610699785,-0.03643347497,-0.02911797514,,,-0.03737948585,0.0005604838574,True,
2020-03-02,2020-02-28,NKY,GJR-skewt,GJR-skewt-AR1-expanding-refit21,1,0.02266482909,0.0005136944779,-0.05834077435,-0.04606342293,-0.03677880517,,,0.009467387579,0.0007198468993,True,
2020-03-03,2020-03-02,NKY,GJR-skewt,GJR-skewt-AR1-expanding-refit21,1,0.02152236983,0.000463212403,-0.05621674319,-0.04455825255,-0.03574164174,,,-0.01232017738,0.000418780336,True,
2020-03-04,2020-03-03,NKY,GJR-skewt,GJR-skewt-AR1-expanding-refit21,1,0.02097083398,0.0004397758777,-0.05438371171,-0.0430239835,-0.03443330863,,,0.0008216659238,0.0004450157105,True,
2020-03-05,2020-03-04,NKY,GJR-skewt,GJR-skewt-AR1-expanding-refit21,1,0.01988811168,0.0003955369864,-0.05180225286,-0.04102902641,-0.03288188733,,,0.01079732472,0.0001552481275,True,
2020-03-06,2020-03-05,NKY,GJR-skewt,GJR-skewt-AR1-expanding-refit21,1,0.01894997546,0.0003591015701,-0.04953985235,-0.03927480657,-0.03151197377,,,-0.02753903645,0.0001997198504,True,
2020-03-09,2020-03-06,NKY,GJR-skewt,GJR-skewt-AR1-expanding-refit21,1,0.02102572414,0.0004420810757,-0.05424989294,-0.04286043119,-0.03424727063,,,-0.05197852049,0.0006515530561,True,
2020-03-10,2020-03-09,NKY,GJR-skewt,GJR-skewt-AR1-expanding-refit21,1,0.02886358827,0.0008331067278,-0.07422299135,-0.05858782309,-0.04676389169,,,0.008510382723,0.002198002739,True,
2020-03-11,2020-03-10,NKY,GJR-skewt,GJR-skewt-AR1-expanding-refit21,1,0.0273283871,0.0007468407415,-0.07132399601,-0.05652043359,-0.04532539536,,,-0.02296547367,0.0008663491389,True,
2020-03-12,2020-03-11,NKY,GJR-skewt,GJR-skewt-AR1-expanding-refit21,1,0.02745390754,0.0007537170389,-0.07117298801,-0.05626981281,-0.04500502757,,,-0.04511174883,0.001502133623,True,
2020-03-13,2020-03-12,NKY,GJR-skewt,GJR-skewt-AR1-expanding-refit21,1,0.03168488227,0.001003931764,-0.08181604464,-0.06461611233,-0.05161528926,,,-0.06273569472,0.006782108375,True,
2020-03-16,2020-03-13,NKY,GJR-skewt,GJR-skewt-AR1-expanding-refit21,1,0.03922468403,0.001538575837,-0.1011653925,-0.07987252781,-0.06377800132,,,-0.02491986186,0.003675241782,True,
2020-03-17,2020-03-16,NKY,GJR-skewt,GJR-skewt-AR1-expanding-refit21,1,0.03847561862,0.001480373228,-0.09987532033,-0.07898908094,-0.06320190819,,,0.0005580267349,0.004581639611,True,
2020-03-18,2020-03-17,NKY,GJR-skewt,GJR-skewt-AR1-expanding-refit21,1,0.0363455376,0.001320998103,-0.09476827036,-0.0750383316,-0.06012516577,,,-0.01689398432,0.001646567334,True,
2020-03-19,2020-03-18,NKY,GJR-skewt,GJR-skewt-AR1-expanding-refit21,1,0.03499385075,0.00122456959,-0.09093810648,-0.07194192214,-0.05758337544,,,-0.01044023497,0.001876599658,True,
2020-03-23,2020-03-19,NKY,GJR-skewt,GJR-skewt-AR1-expanding-refit21,1,0.03334391741,0.001111816828,-0.08674942204,-0.06864889328,-0.05496734109,,,0.02003315299,0.001448090995,True,
2020-03-24,2020-03-23,NKY,GJR-skewt,GJR-skewt-AR1-expanding-refit21,1,0.03167007292,0.001002993519,-0.08291948011,-0.06572758696,-0.05273284041,,,0.06889893343,0.001594380065,True,
2020-03-25,2020-03-24,NKY,GJR-skewt,GJR-skewt-AR1-expanding-refit21,1,0.03186833754,0.001015590938,-0.08429306997,-0.06699355015,-0.0539174524,,,0.07731376161,0.001424961718,True,
2020-03-26,2020-03-25,NKY,GJR-skewt,GJR-skewt-AR1-expanding-refit21,1,0.03257060462,0.001060844285,-0.08627159033,-0.0685908494,-0.05522660003,,,-0.0461742763,0.001664481734,True,
2020-03-27,2020-03-26,NKY,GJR-skewt,GJR-skewt-AR1-expanding-refit21,1,0.03559644412,0.001267106834,-0.09199592179,-0.07267262356,-0.05806682298,,,0.03809939548,0.001141090371,True,
2020-03-30,2020-03-27,NKY,GJR-skewt,GJR-skewt-AR1-expanding-refit21,1,0.03414485911,0.001165871404,-0.08968863704,-0.07115332229,-0.05714313067,,,-0.01582690528,0.0004912777682,True,
2020-03-31,2020-03-30,NKY,GJR-skewt,GJR-skewt-AR1-expanding-refit21,1,0.03283007884,0.001077814077,-0.08531527224,-0.06749367741,-0.05402296155,,,-0.008839645809,0.0007989630187,True,
2020-04-01,2020-03-31,NKY,GJR-skewt,GJR-skewt-AR1-expanding-refit21,1,0.0312439181,0.000976182418,-0.08130221316,-0.06434165538,-0.05152176709,,,-0.04606243613,0.0009082798861,True,
2020-04-02,2020-04-01,NKY,GJR-skewt,GJR-skewt-AR1-expanding-refit21,1,0.03481436897,0.001212040287,-0.0899588001,-0.07106004628,-0.05677514387,,,-0.01374943968,0.001144986857,True,
2020-04-03,2020-04-02,NKY,GJR-skewt,GJR-skewt-AR1-expanding-refit21,1,0.03340708205,0.001116033131,-0.08685609613,-0.06872127886,-0.05501380919,,,8.242395711e-05,0.0004924247703,True,
2020-04-06,2020-04-03,NKY,GJR-skewt,GJR-skewt-AR1-expanding-refit21,1,0.03157465439,0.0009969588001,-0.08232094426,-0.06518084843,-0.05222525365,,,0.04155456339,0.001280362692,True,
2020-04-07,2020-04-06,NKY,GJR-skewt,GJR-skewt-AR1-expanding-refit21,1,0.0305607822,0.0009339614089,-0.08040454718,-0.06381482527,-0.05127523877,,,0.01992679712,0.0009731240983,True,
2020-04-08,2020-04-07,NKY,GJR-skewt,GJR-skewt-AR1-expanding-refit21,1,0.02907954168,0.0008456197441,-0.07616339702,-0.0603777569,-0.0484459475,,,0.0210464454,0.001219877626,True,
2020-04-09,2020-04-08,NKY,GJR-skewt,GJR-skewt-AR1-expanding-refit21,1,0.02770961281,0.0007678226419,-0.07261124878,-0.05756926564,-0.04619956036,,,-0.0003860925713,0.0002755422799,True,
2020-04-10,2020-04-09,NKY,GJR-skewt,GJR-skewt-AR1-expanding-refit21,1,0.02621558921,0.0006872571177,-0.06834019221,-0.05410923007,-0.04335254699,,,0.007863772902,,True,
2020-04-13,2020-04-10,NKY,GJR-skewt,GJR-skewt-AR1-expanding-refit21,1,0.02483161883,0.0006166092935,-0.06482903295,-0.05136608565,-0.04118804902,,,-0.0236169342,,True,
2020-04-14,2020-04-13,NKY,GJR-skewt,GJR-skewt-AR1-expanding-refit21,1,0.02531723295,0.000640962284,-0.06557025692,-0.05184402444,-0.04146694326,,,0.03078713314,0.0004607756673,True,
2020-04-15,2020-04-14,NKY,GJR-skewt,GJR-skewt-AR1-expanding-refit21,1,0.02443389339,0.0005970151462,-0.06417434653,-0.05092703385,-0.04091201776,,,-0.004527856648,0.0003306580461,True,
2020-04-16,2020-04-15,NKY,GJR-skewt,GJR-skewt-AR1-expanding-refit21,1,0.0231859017,0.0005375860374,-0.06033456751,-0.04776387791,-0.03826039131,,,-0.01338272732,0.0001683087057,True,
2020-04-17,2020-04-16,NKY,GJR-skewt,GJR-skewt-AR1-expanding-refit21,1,0.02261102248,0.0005112583377,-0.05868921168,-0.04643020408,-0.03716235019,,,0.03098486775,0.0003360252781,True,
2020-04-20,2020-04-17,NKY,GJR-skewt,GJR-skewt-AR1-expanding-refit21,1,0.02196120653,0.000482294592,-0.05773468654,-0.04582798936,-0.03682648341,,,-0.01153217275,0.0001479520781,True,
2020-04-21,2020-04-20,NKY,GJR-skewt,GJR-skewt-AR1-expanding-refit21,1,0.0212725514,0.0004525214431,-0.05523243644,-0.04369910708,-0.03497986856,,,-0.01994114101,0.0003225347164,True,
2020-04-22,2020-04-21,NKY,GJR-skewt,GJR-skewt-AR1-expanding-refit21,1,0.02171742554,0.0004716465719,-0.0562516228,-0.04447709624,-0.03557551176,,,-0.007435474496,0.0003291201447,True,
2020-04-23,2020-04-22,NKY,GJR-skewt,GJR-skewt-AR1-expanding-refit21,1,0.02081488495,0.0004332594356,-0.05410812374,-0.04282292719,-0.03429127797,,,0.01511617926,0.0001851843916,True,
2020-04-24,2020-04-23,NKY,GJR-skewt,GJR-skewt-AR1-expanding-refit21,1,0.01987544057,0.0003950331379,-0.05203571988,-0.04125986145,-0.03311327368,,,-0.008655170118,0.0001180472848,True,
2020-04-27,2020-04-24,NKY,GJR-skewt,GJR-skewt-AR1-expanding-refit21,1,0.01915247499,0.0003668172982,-0.0497561618,-0.03937227329,-0.03152201619,,,0.02669989589,0.0002072454037,True,
2020-04-28,2020-04-27,NKY,GJR-skewt,GJR-skewt-AR1-expanding-refit21,1,0.01865268298,0.0003479225825,-0.04904249862,-0.03892958211,-0.03128418082,,,-0.0006083392636,0.0001480211458,True,
2020-04-30,2020-04-28,NKY,GJR-skewt,GJR-skewt-AR1-expanding-refit21,1,0.01770890562,0.0003136053384,-0.04612869788,-0.03652746871,-0.02926890489,,,0.02114435237,0.0001660634293,True,
2020-05-01,2020-04-30,NKY,GJR-skewt,GJR-skewt-AR1-expanding-refit21,1,0.01715227824,0.0002942006488,-0.04504047867,-0.03574103591,-0.0287106237,,,-0.02885384788,0.0001847966746,True,
2020-05-07,2020-05-01,NKY,GJR-skewt,GJR-skewt-AR1-expanding-refit21,1,0.01990632554,0.0003962617967,-0.05138414765,-0.04059154433,-0.03243229737,,,0.002820776134,0.0001300518661,True,
2020-05-08,2020-05-07,NKY,GJR-skewt,GJR-skewt-AR1-expanding-refit21,1,0.01888650671,0.0003567001356,-0.04925420261,-0.03901451401,-0.03127327255,,,0.02530983144,0.0002351915571,True,
2020-05-11,2020-05-08,NKY,GJR-skewt,GJR-skewt-AR1-expanding-refit21,1,0.01836799307,0.0003373831693,-0.04827755398,-0.03831898767,-0.03079027568,,,0.01043004889,0.0001247930781,True,
2020-05-12,2020-05-11,NKY,GJR-skewt,GJR-skewt-AR1-expanding-refit21,1,0.01752594755,0.0003071588374,-0.04583574927,-0.0363337144,-0.02915014182,,,-0.001186525476,0.000158298682,True,
2020-05-13,2020-05-12,NKY,GJR-skewt,GJR-skewt-AR1-expanding-refit21,1,0.01665941915,0.0002775362465,-0.04338447927,-0.0343522497,-0.02752385161,,,-0.004893982157,0.0001380253848,True,
2020-05-14,2020-05-13,NKY,GJR-skewt,GJR-skewt-AR1-expanding-refit21,1,0.01596632304,0.0002549234714,-0.04151678999,-0.03286033601,-0.02631602564,,,-0.01753431861,0.0001662463276,True,
2020-05-15,2020-05-14,NKY,GJR-skewt,GJR-skewt-AR1-expanding-refit21,1,0.01675615576,0.000280768756,-0.04336436993,-0.0342796927,-0.02741164401,,,0.006141921203,0.0002707052678,True,
2020-05-18,2020-05-15,NKY,GJR-skewt,GJR-skewt-AR1-expanding-refit21,1,0.01595389161,0.0002545266576,-0.04164807857,-0.0330130433,-0.02648137631,,,0.004792485733,0.0001235665771,True,
2020-05-19,2020-05-18,NKY,GJR-skewt,GJR-skewt-AR1-expanding-refit21,1,0.01520540827,0.0002312044407,-0.03967529432,-0.03144537526,-0.0252201441,,,0.0147766843,0.0001391290951,True,
2020-05-20,2020-05-19,NKY,GJR-skewt,GJR-skewt-AR1-expanding-refit21,1,0.01467484771,0.0002153511553,-0.03846788088,-0.03052512744,-0.02451711255,,,0.007882404409,6.285744004e-05,True,
2020-05-21,2020-05-20,NKY,GJR-skewt,GJR-skewt-AR1-expanding-refit21,1,0.01405094883,0.0001974291631,-0.03672274907,-0.02911768055,-0.02336509549,,,-0.002082259974,8.941870332e-05,True,
2020-05-22,2020-05-21,NKY,GJR-skewt,GJR-skewt-AR1-expanding-refit21,1,0.01343384532,0.0001804682,-0.03494171505,-0.02767065348,-0.02217071616,,,-0.008019022097,0.0001938973233,True,
2020-05-25,2020-05-22,NKY,GJR-skewt,GJR-skewt-AR1-expanding-refit21,1,0.01323595376,0.0001751904719,-0.03432272211,-0.02715876925,-0.02173985051,,,0.0171894268,6.26520328e-05,True,
2020-05-26,2020-05-25,NKY,GJR-skewt,GJR-skewt-AR1-expanding-refit21,1,0.01293418917,0.0001672932496,-0.03397691335,-0.02697629041,-0.02168091681,,,0.02520885614,0.0001121700834,True,
2020-05-27,2020-05-26,NKY,GJR-skewt,GJR-skewt-AR1-expanding-refit21,1,0.01300761948,0.0001691981646,-0.03430813639,-0.02726776933,-0.0219423327,,,0.006936507613,0.0002757298232,True,
2020-05-28,2020-05-27,NKY,GJR-skewt,GJR-skewt-AR1-expanding-refit21,1,0.01249445422,0.0001561113864,-0.03265275701,-0.02589014037,-0.02077479822,,,0.02294199498,0.0004121155048,True,
2020-05-29,2020-05-28,NKY,GJR-skewt,GJR-skewt-AR1-expanding-refit21,1,0.01250255497,0.0001563138808,-0.03295325702,-0.02618625586,-0.02106759719,,,-0.001754567446,0.0001636266274,True,
2020-06-01,2020-05-29,NKY,GJR-skewt,GJR-skewt-AR1-expanding-refit21,1,0.01198368377,0.0001436086767,-0.03117087214,-0.02468470974,-0.01977848162,,,0.008397810805,0.0001583235344,True,
2020-06-02,2020-06-01,NKY,GJR-skewt,GJR-skewt-AR1-expanding-refit21,1,0.01156511874,0.0001337519715,-0.03025805741,-0.0239984431,-0.01926357927,,,0.0118600453,0.0001486250983,True,
2020-06-03,2020-06-02,NKY,GJR-skewt,GJR-skewt-AR1-expanding-refit21,1,0.01126179637,0.0001268280574,-0.02952857362,-0.02343313238,-0.01882245147,,,0.01282413814,0.0002805404631,True,
2020-06-04,2020-06-03,NKY,GJR-skewt,GJR-skewt-AR1-expanding-refit21,1,0.01101405098,0.0001213093189,-0.028900216,-0.02293886682,-0.01842961511,,,0.003618691421,0.0002675348242,True,
2020-06-05,2020-06-04,NKY,GJR-skewt,GJR-skewt-AR1-expanding-refit21,1,0.01060953899,0.0001125623176,-0.02768607404,-0.02194366675,-0.01760002589,,,0.007374580905,0.0001380025936,True,
2020-06-08,2020-06-05,NKY,GJR-skewt,GJR-skewt-AR1-expanding-refit21,1,0.01028551199,0.0001057917568,-0.02690779677,-0.02134076893,-0.01712978764,,,0.0136560178,0.0001247577331,True,
2020-06-09,2020-06-08,NKY,GJR-skewt,GJR-skewt-AR1-expanding-refit21,1,0.01015438591,0.0001031115531,-0.02667596693,-0.02117991101,-0.01702261392,,,-0.003763650401,0.0001602421293,True,
2020-06-10,2020-06-09,NKY,GJR-skewt,GJR-skewt-AR1-expanding-refit21,1,0.009900490295,9.801970807e-05,-0.025710672,-0.02035203695,-0.01629868701,,,0.001467887392,0.0001167770675,True,
2020-06-11,2020-06-10,NKY,GJR-skewt,GJR-skewt-AR1-expanding-refit21,1,0.009567876359,9.154425802e-05,-0.02493579235,-0.01975718441,-0.01584000961,,,-0.02860149656,0.0002896117115,True,
2020-06-12,2020-06-11,NKY,GJR-skewt,GJR-skewt-AR1-expanding-refit21,1,0.01471599771,0.0002165605886,-0.03781780325,-0.02985277739,-0.02382791532,,,-0.007478181681,0.0007548753936,True,
2020-06-15,2020-06-12,NKY,GJR-skewt,GJR-skewt-AR1-expanding-refit21,1,0.01438999166,0.0002070718599,-0.03733755083,-0.02954897557,-0.02365758331,,,-0.0353410106,0.0003981652602,True,
2020-06-16,2020-06-15,NKY,GJR-skewt,GJR-skewt-AR1-expanding-refit21,1,0.01970383876,0.0003882412619,-0.05076080586,-0.04008193914,-0.03200517268,,,0.04767107113,0.0005331821815,True,
2020-06-17,2020-06-16,NKY,GJR-skewt,GJR-skewt-AR1-expanding-refit21,1,0.02012702059,0.0004050969577,-0.0532212325,-0.04231301441,-0.03406278222,,,-0.005615328589,0.0002682461975,True,
2020-06-18,2020-06-17,NKY,GJR-skewt,GJR-skewt-AR1-expanding-refit21,1,0.01919606449,0.0003684888917,-0.04992355428,-0.03951988539,-0.03165125981,,,-0.004476512619,0.000311568956,True,
2020-06-19,2020-06-18,NKY,GJR-skewt,GJR-skewt-AR1-expanding-refit21,1,0.01831709482,0.0003355159626,-0.0476513985,-0.03772410379,-0.03021577514,,,0.005501527563,0.0001184464433,True,
2020-06-22,2020-06-19,NKY,GJR-skewt,GJR-skewt-AR1-expanding-refit21,1,0.01742343131,0.0003035759587,-0.04548549847,-0.03604254154,-0.02890053295,,,-0.001848761585,0.0001516600391,True,
2020-06-23,2020-06-22,NKY,GJR-skewt,GJR-skewt-AR1-expanding-refit21,1,0.01658082715,0.0002749238288,-0.04316929345,-0.03418300172,-0.02738638355,,,0.004969576497,0.0004555043489,True,
2020-06-24,2020-06-23,NKY,GJR-skewt,GJR-skewt-AR1-expanding-refit21,1,0.01579674681,0.0002495372098,-0.04123731841,-0.03267597379,-0.02620075664,,,-0.0006534768882,9.569613534e-05,True,
2020-06-25,2020-06-24,NKY,GJR-skewt,GJR-skewt-AR1-expanding-refit21,1,0.01504652441,0.0002263978968,-0.03919012574,-0.0310353783,-0.02486768351,,,-0.01225762455,0.0001757780541,True,
2020-06-26,2020-06-25,NKY,GJR-skewt,GJR-skewt-AR1-expanding-refit21,1,0.01515619604,0.0002297102784,-0.03928618626,-0.03107200021,-0.02485935011,,,0.01127018797,6.430560869e-05,True,
2020-06-29,2020-06-26,NKY,GJR-skewt,GJR-skewt-AR1-expanding-refit21,1,0.01455177541,0.0002117541677,-0.03809569806,-0.03020908915,-0.02424419607,,,-0.02323512692,0.0002497023157,True,
2020-06-30,2020-06-29,NKY,GJR-skewt,GJR-skewt-AR1-expanding-refit21,1,0.01664950209,0.0002772059197,-0.04299853591,-0.03397502451,-0.02715025591,,,0.01323779558,0.0001760283863,True,
2020-07-01,2020-06-30,NKY,GJR-skewt,GJR-skewt-AR1-expanding-refit21,1,0.01597125358,0.0002550809409,-0.04182733276,-0.03317141091,-0.02662466199,,,-0.007494321635,0.0001028451637,True,
2020-07-02,2020-07-01,NKY,GJR-skewt,GJR-skewt-AR1-expanding-refit21,1,0.01548286092,0.0002397189823,-0.04021543941,-0.03182421117,-0.02547765844,,,0.001094724918,0.000191381674,True,
2020-07-03,2020-07-02,NKY,GJR-skewt,GJR-skewt-AR1-expanding-refit21,1,0.01475230387,0.0002176304696,-0.0384519143,-0.03045662522,-0.02440953386,,,0.00722211076,7.165209207e-05,True,
2020-07-06,2020-07-03,NKY,GJR-skewt,GJR-skewt-AR1-expanding-refit21,1,0.014115873,0.0001992578707,-0.03689344534,-0.02924308196,-0.02345686887,,,0.0181235811,0.0001317524873,True,
2020-07-07,2020-07-06,NKY,GJR-skewt,GJR-skewt-AR1-expanding-refit21,1,0.01378051602,0.0001899026217,-0.03619771033,-0.02872909999,-0.02308035251,,,-0.004401150582,0.0001205232385,True,
2020-07-08,2020-07-07,NKY,GJR-skewt,GJR-skewt-AR1-expanding-refit21,1,0.01326560941,0.0001759763929,-0.0344874008,-0.0272978538,-0.0218601708,,,-0.007814735002,8.433488992e-05,True,
2020-07-09,2020-07-08,NKY,GJR-skewt,GJR-skewt-AR1-expanding-refit21,1,0.01306919239,0.0001708037896,-0.03391967331,-0.02683657821,-0.02147940817,,,0.004031262889,0.0001189311093,True,
2020-07-10,2020-07-09,NKY,GJR-skewt,GJR-skewt-AR1-expanding-refit21,1,0.01251667998,0.0001566672777,-0.03267343195,-0.02588978136,-0.02075909073,,,-0.01064168811,9.659314459e-05,True,
2020-07-13,2020-07-10,NKY,GJR-skewt,GJR-skewt-AR1-expanding-refit21,1,0.01270901872,0.0001615191567,-0.03293475504,-0.02604686285,-0.02083733098,,,0.02191651315,6.046251695e-05,True,
2020-07-14,2020-07-13,NKY,GJR-skewt,GJR-skewt-AR1-expanding-refit21,1,0.01264186251,0.0001598166877,-0.03329216772,-0.02644067211,-0.02125866811,,,-0.008716071643,4.703284196e-05,True,
2020-07-15,2020-07-14,NKY,GJR-skewt,GJR-skewt-AR1-expanding-refit21,1,0.01254046155,0.0001572631758,-0.03249558723,-0.02570008735,-0.02056168756,,,0.01574688676,8.124846369e-05,True,
2020-07-16,2020-07-15,NKY,GJR-skewt,GJR-skewt-AR1-expanding-refit21,1,0.01225667697,0.0001502261303,-0.03219864766,-0.02555692665,-0.02053480636,,,-0.00766217585,5.621848609e-05,True,
2020-07-17,2020-07-16,NKY,GJR-skewt,GJR-skewt-AR1-expanding-refit21,1,0.01211128658,0.0001466832625,-0.03139652708,-0.02483359108,-0.01987104387,,,-0.003252463725,8.681375679e-05,True,
2020-07-20,2020-07-17,NKY,GJR-skewt,GJR-skewt-AR1-expanding-refit21,1,0.01169165896,0.0001366948892,-0.03038302829,-0.0240474826,-0.01925687599,,,0.0009274936233,7.657324672e-05,True,
2020-07-21,2020-07-20,NKY,GJR-skewt,GJR-skewt-AR1-expanding-refit21,1,0.01122410199,0.0001259804654,-0.02924050533,-0.02315832219,-0.01855929503,,,0.007312927755,3.13655073e-05,True,
2020-07-22,2020-07-21,NKY,GJR-skewt,GJR-skewt-AR1-expanding-refit21,1,0.01085097075,0.0001177435663,-0.02838387216,-0.0225038836,-0.01805774534,,,-0.00581173578,4.035329228e-05,True,
2020-07-27,2020-07-22,NKY,GJR-skewt,GJR-skewt-AR1-expanding-refit21,1,0.01068887986,0.0001142521526,-0.02772422919,-0.0219320754,-0.01755235319,,,-0.001572983323,6.296056373e-05,True,
2020-07-28,2020-07-27,NKY,GJR-skewt,GJR-skewt-AR1-expanding-refit21,1,0.01031745687,0.0001064499163,-0.02683322507,-0.02124234017,-0.01701480692,,,-0.00257723692,5.04184188e-05,True,
2020-07-29,2020-07-28,NKY,GJR-skewt,GJR-skewt-AR1-expanding-refit21,1,0.01000717422,0.0001001435359,-0.02600669185,-0.02058394476,-0.01648354848,,,-0.01155375963,8.283642453e-05,True,
2020-07-30,2020-07-29,NKY,GJR-skewt,GJR-skewt-AR1-expanding-refit21,1,0.01071745764,0.0001148638982,-0.02769484122,-0.02188720154,-0.0174957697,,,-0.002587558235,4.808034606e-05,True,
2020-07-31,2020-07-30,NKY,GJR-skewt,GJR-skewt-AR1-expanding-refit21,1,0.01038243459,0.0001077949481,-0.02698416199,-0.02135806659,-0.01710390899,,,-0.02857136287,0.0001695269409,True,
2020-08-03,2020-07-31,NKY,GJR-skewt,GJR-skewt-AR1-expanding-refit21,1,0.01517882518,0.0002303967339,-0.03901018172,-0.03078498966,-0.0245655318,,,0.02211121397,0.0001648892052,True,
2020-08-04,2020-08-03,NKY,GJR-skewt,GJR-skewt-AR1-expanding-refit21,1,0.01485884609,0.000220785307,-0.03909311112,-0.03104131123,-0.02495296342,,,0.01689954907,5.048163576e-05,True,
2020-08-05,2020-08-04,NKY,GJR-skewt,GJR-skewt-AR1-expanding-refit21,1,0.01442668431,0.0002081292201,-0.03787296069,-0.0300553432,-0.02414407181,,,-0.002608672748,9.641963706e-05,True,
2020-08-06,2020-08-05,NKY,GJR-skewt,GJR-skewt-AR1-expanding-refit21,1,0.0137978126,0.0001903796326,-0.0358817822,-0.02840494145,-0.02275134751,,,-0.004304158159,0.0001074885138,True,
2020-08-07,2020-08-06,NKY,GJR-skewt,GJR-skewt-AR1-expanding-refit21,1,0.01329515701,0.0001767611998,-0.03454156387,-0.02733710512,-0.02188947214,,,-0.003942561775,8.901357736e-05,True,
2020-08-11,2020-08-07,NKY,GJR-skewt,GJR-skewt-AR1-expanding-refit21,1,0.01281413238,0.0001642019885,-0.03329490124,-0.02635110298,-0.02110056775,,,0.01864735065,4.416537022e-05,True,
2020-08-12,2020-08-11,NKY,GJR-skewt,GJR-skewt-AR1-expanding-refit21,1,0.0126058235,0.0001589067862,-0.03316072383,-0.02632980522,-0.02116462365,,,0.004111086041,0.0001474107017,True,
2020-08-13,2020-08-12,NKY,GJR-skewt,GJR-skewt-AR1-expanding-refit21,1,0.01209170308,0.0001462092834,-0.03155841887,-0.02500609489,-0.02005157194,,,0.01760154009,5.722670769e-05,True,
2020-08-14,2020-08-13,NKY,GJR-skewt,GJR-skewt-AR1-expanding-refit21,1,0.01192037649,0.0001420953756,-0.03135603239,-0.02489654788,-0.02001222526,,,0.00170824626,3.307186846e-05,True,
2020-08-17,2020-08-14,NKY,GJR-skewt,GJR-skewt-AR1-expanding-refit21,1,0.01143971953,0.0001308671829,-0.02981636795,-0.0236173447,-0.01892996918,,,-0.008304662303,5.794118585e-05,True,
2020-08-18,2020-08-17,NKY,GJR-skewt,GJR-skewt-AR1-expanding-refit21,1,0.01147074812,0.0001315780624,-0.02970766643,-0.02349362984,-0.01879494469,,,-0.00197928851,7.244284108e-05,True,
2020-08-19,2020-08-18,NKY,GJR-skewt,GJR-skewt-AR1-expanding-refit21,1,0.01105164874,0.0001221389399,-0.02873174562,-0.0227447473,-0.018217735,,,0.002579166131,6.470767738e-05,True,
2020-08-20,2020-08-19,NKY,GJR-skewt,GJR-skewt-AR1-expanding-refit21,1,0.0106377464,0.0001131616486,-0.02773703393,-0.0219742585,-0.01761679022,,,-0.01000156615,7.331085075e-05,True,
2020-08-21,2020-08-20,NKY,GJR-skewt,GJR-skewt-AR1-expanding-refit21,1,0.01099319328,0.0001208502985,-0.02843270636,-0.02247737506,-0.01797430747,,,0.001732788337,0.0001081586748,True,
2020-08-24,2020-08-21,NKY,GJR-skewt,GJR-skewt-AR1-expanding-refit21,1,0.01057909187,0.0001119171848,-0.02756876776,-0.0218377672,-0.01750432518,,,0.002840992592,5.751458098e-05,True,
2020-08-25,2020-08-24,NKY,GJR-skewt,GJR-skewt-AR1-expanding-refit21,1,0.01020352215,0.0001041118643,-0.02661077671,-0.02108323314,-0.01690363321,,,0.01345069679,5.30804701e-05,True,
2020-08-26,2020-08-25,NKY,GJR-skewt,GJR-skewt-AR1-expanding-refit21,1,0.01006975218,0.000101399909,-0.02645645593,-0.02100137943,-0.01687657479,,,-0.0002537218644,6.125167861e-05,True,
2020-08-27,2020-08-26,NKY,GJR-skewt,GJR-skewt-AR1-expanding-refit21,1,0.009724076381,9.455766146e-05,-0.02530531661,-0.02003750271,-0.01605429491,,,-0.003526906708,3.251510203e-05,True,
2020-08-28,2020-08-27,NKY,GJR-skewt,GJR-skewt-AR1-expanding-refit21,1,0.009511941075,9.047702301e-05,-0.02469286937,-0.01953997531,-0.01564366307,,,-0.01415507708,0.001543798772,True,
2020-08-31,2020-08-28,NKY,GJR-skewt,GJR-skewt-AR1-expanding-refit21,1,0.01082153988,0.0001171057254,-0.02790959793,-0.02204725625,-0.01761450189,,,0.01117334159,7.871168869e-05,True,
2020-09-01,2020-08-31,NKY,GJR-skewt,GJR-skewt-AR1-expanding-refit21,1,0.01055563463,0.0001114214224,-0.02768039358,-0.02196210048,-0.01763826709,,,-7.301379506e-05,9.563054943e-05,True,
2020-09-02,2020-09-01,NKY,GJR-skewt,GJR-skewt-AR1-expanding-refit21,1,0.01017215416,0.0001034727203,-0.02647575557,-0.02096520495,-0.01679845408,,,0.004703234325,2.7632651e-05,True,
2020-09-03,2020-09-02,NKY,GJR-skewt,GJR-skewt-AR1-expanding-refit21,1,0.009845598414,9.693580812e-05,-0.02571254511,-0.0203788992,-0.01634591316,,,0.009349945341,5.314846177e-05,True,
2020-09-04,2020-09-03,NKY,GJR-skewt,GJR-skewt-AR1-expanding-refit21,1,0.00963053237,9.274715372e-05,-0.02523736794,-0.02002022954,-0.01607533955,,,-0.01114621634,8.442646283e-05,True,
2020-09-07,2020-09-04,NKY,GJR-skewt,GJR-skewt-AR1-expanding-refit21,1,0.01030030816,0.0001060963482,-0.02660696787,-0.02102699251,-0.01680774678,,,-0.004988865508,6.524783368e-05,True,
2020-09-08,2020-09-07,NKY,GJR-skewt,GJR-skewt-AR1-expanding-refit21,1,0.01015175315,0.000103058092,-0.02633267457,-0.02083317577,-0.01667478163,,,0.00794505611,3.23250925e-05,True,
2020-09-09,2020-09-08,NKY,GJR-skewt,GJR-skewt-AR1-expanding-refit21,1,0.009875641205,9.75282892e-05,-0.0258501122,-0.02050019124,-0.01645489897,,,-0.01043452239,7.395854425e-05,True,
2020-09-10,2020-09-09,NKY,GJR-skewt,GJR-skewt-AR1-expanding-refit21,1,0.01039345361,0.0001080238778,-0.02686261019,-0.02123217525,-0.01697477498,,,0.008772062699,3.655490221e-05,True,
2020-09-11,2020-09-10,NKY,GJR-skewt,GJR-skewt-AR1-expanding-refit21,1,0.01011119743,0.0001022363135,-0.02647880945,-0.02100128086,-0.01685949928,,,0.0073333236,5.781518226e-05,True,
2020-09-14,2020-09-11,NKY,GJR-skewt,GJR-skewt-AR1-expanding-refit21,1,0.009831733499,9.66629836e-05,-0.02572455103,-0.02039841614,-0.01637110949,,,0.006507335912,2.218137395e-05,True,
2020-09-15,2020-09-14,NKY,GJR-skewt,GJR-skewt-AR1-expanding-refit21,1,0.009560980305,9.14123444e-05,-0.02500419295,-0.01982473292,-0.01590833307,,,-0.004441651703,4.221819828e-05,True,
2020-09-16,2020-09-15,NKY,GJR-skewt,GJR-skewt-AR1-expanding-refit21,1,0.009408847709,8.852641522e-05,-0.02440743775,-0.01931105493,-0.01545665238,,,0.0008795438594,1.579008644e-05,True,
2020-09-17,2020-09-16,NKY,GJR-skewt,GJR-skewt-AR1-expanding-refit21,1,0.009116310907,8.310712455e-05,-0.02374482248,-0.01880689472,-0.01507233199,,,-0.00667426343,6.744118914e-05,True,
2020-09-18,2020-09-17,NKY,GJR-skewt,GJR-skewt-AR1-expanding-refit21,1,0.009239446113,8.536736448e-05,-0.02392438865,-0.01891976366,-0.01513475769,,,0.001753724933,3.796228421e-05,True,
2020-09-23,2020-09-18,NKY,GJR-skewt,GJR-skewt-AR1-expanding-refit21,1,0.008963557011,8.034535429e-05,-0.02336322296,-0.01850803566,-0.01483604966,,,-0.0005913722653,6.555527714e-05,True,
2020-09-24,2020-09-23,NKY,GJR-skewt,GJR-skewt-AR1-expanding-refit21,1,0.008710252155,7.58684926e-05,-0.02265949305,-0.01794151049,-0.01437329266,,,-0.0111414423,7.519021375e-05,True,
2020-09-25,2020-09-24,NKY,GJR-skewt,GJR-skewt-AR1-expanding-refit21,1,0.009575639488,9.169287161e-05,-0.02471669999,-0.01952997298,-0.01560724297,,,0.005046140546,3.982728874e-05,True,
2020-09-28,2020-09-25,NKY,GJR-skewt,GJR-skewt-AR1-expanding-refit21,1,0.009299148965,8.647417147e-05,-0.02429903029,-0.01926206674,-0.01545260307,,,0.01314337073,3.570419814e-05,True,
2020-09-29,2020-09-28,NKY,GJR-skewt,GJR-skewt-AR1-expanding-refit21,1,0.009247726375,8.552044311e-05,-0.02431644308,-0.01930733301,-0.01551893498,,,0.001168121289,6.246003047e-05,True,
2020-09-30,2020-09-29,NKY,GJR-skewt,GJR-skewt-AR1-expanding-refit21,1,0.008970273251,8.046580219e-05,-0.02336977192,-0.01851094671,-0.01483620935,,,-0.01515219524,0.000174811192,True,
2020-10-02,2020-09-30,NKY,GJR-skewt,GJR-skewt-AR1-expanding-refit21,1,0.01060380664,0.0001124407153,-0.02732021778,-0.02157657525,-0.01723264912,,,-0.006717267902,0.0001595365501,True,
2020-10-05,2020-10-02,NKY,GJR-skewt,GJR-skewt-AR1-expanding-refit21,1,0.01059280885,0.0001122075993,-0.02744925509,-0.0217115696,-0.01737214879,,,0.01218089293,1.919844456e-05,True,
2020-10-06,2020-10-05,NKY,GJR-skewt,GJR-skewt-AR1-expanding-refit21,1,0.01037710421,0.0001076842917,-0.02724061307,-0.02161976584,-0.01736871001,,,0.005202175994,2.560234932e-05,True,
2020-10-07,2020-10-06,NKY,GJR-skewt,GJR-skewt-AR1-expanding-refit21,1,0.01004223858,0.0001008465556,-0.02623778386,-0.02079831946,-0.01668444376,,,-0.0004656834537,2.779842914e-05,True,
2020-10-08,2020-10-07,NKY,GJR-skewt,GJR-skewt-AR1-expanding-refit21,1,0.009699267079,9.407578187e-05,-0.0252383439,-0.01998465295,-0.016011278,,,0.009528456247,4.439886136e-05,True,
2020-10-09,2020-10-08,NKY,GJR-skewt,GJR-skewt-AR1-expanding-refit21,1,0.009498731686,9.022590365e-05,-0.02490276218,-0.01975769294,-0.01586646876,,,-0.001158567382,4.786476718e-05,True,
2020-10-12,2020-10-09,NKY,GJR-skewt,GJR-skewt-AR1-expanding-refit21,1,0.009206718775,8.476367061e-05,-0.02394224396,-0.01895534601,-0.01518374703,,,-0.002585931752,2.474572273e-05,True,
2020-10-13,2020-10-12,NKY,GJR-skewt,GJR-skewt-AR1-expanding-refit21,1,0.008991345813,8.084429953e-05,-0.02335448781,-0.01848424846,-0.01480087858,,,0.001827372082,4.091388859e-05,True,
2020-10-14,2020-10-13,NKY,GJR-skewt,GJR-skewt-AR1-expanding-refit21,1,0.008736945772,7.633422143e-05,-0.02277425062,-0.01804180924,-0.01446265617,,,0.001056614847,3.490497114e-05,True,
2020-10-15,2020-10-14,NKY,GJR-skewt,GJR-skewt-AR1-expanding-refit21,1,0.008501466874,7.227493901e-05,-0.02214639115,-0.01754149892,-0.01405881149,,,-0.005070664704,3.059638156e-05,True,
2020-10-16,2020-10-15,NKY,GJR-skewt,GJR-skewt-AR1-expanding-refit21,1,0.008528071515,7.272800376e-05,-0.02210115216,-0.0174818493,-0.01398826309,,,-0.004117823949,9.898748274e-05,True,
2020-10-19,2020-10-16,NKY,GJR-skewt,GJR-skewt-AR1-expanding-refit21,1,0.008478804486,7.189012551e-05,-0.02199061872,-0.01739800177,-0.01392459815,,,0.01106596902,1.814983527e-05,True,
2020-10-20,2020-10-19,NKY,GJR-skewt,GJR-skewt-AR1-expanding-refit21,1,0.008425641515,7.099143494e-05,-0.02213303976,-0.01757004257,-0.01411892411,,,-0.004407112666,2.854100297e-05,True,
2020-10-21,2020-10-20,NKY,GJR-skewt,GJR-skewt-AR1-expanding-refit21,1,0.008384505253,7.029992834e-05,-0.02173723268,-0.01719651328,-0.01376224411,,,0.003068303595,2.627212408e-05,True,
2020-10-22,2020-10-21,NKY,GJR-skewt,GJR-skewt-AR1-expanding-refit21,1,0.008189288043,6.706443866e-05,-0.0213681652,-0.01693316778,-0.01357885902,,,-0.007012481724,2.962689879e-05,True,
2020-10-23,2020-10-22,NKY,GJR-skewt,GJR-skewt-AR1-expanding-refit21,1,0.008468340233,7.17127863e-05,-0.02190701132,-0.01732089017,-0.01385228244,,,0.001801215045,3.067716508e-05,True,
2020-10-26,2020-10-23,NKY,GJR-skewt,GJR-skewt-AR1-expanding-refit21,1,0.008256689287,6.817291797e-05,-0.02152010125,-0.01704860196,-0.01366668585,,,-0.0009465884556,2.184740882e-05,True,
2020-10-27,2020-10-26,NKY,GJR-skewt,GJR-skewt-AR1-expanding-refit21,1,0.008068219685,6.509616889e-05,-0.02097789594,-0.0166084644,-0.01330374489,,,-0.0003635178602,4.598519719e-05,True,
2020-10-28,2020-10-27,NKY,GJR-skewt,GJR-skewt-AR1-expanding-refit21,1,0.007889611223,6.224596526e-05,-0.02052351556,-0.01625081136,-0.01301924936,,,-0.002869290919,2.727810647e-05,True,
2020-10-29,2020-10-28,NKY,GJR-skewt,GJR-skewt-AR1-expanding-refit21,1,0.007811522528,6.10198842e-05,-0.02027335681,-0.01604294238,-0.01284336529,,,-0.003703511748,4.034615475e-05,True,
2020-10-30,2020-10-29,NKY,GJR-skewt,GJR-skewt-AR1-expanding-refit21,1,0.007801574552,6.086456549e-05,-0.02023188087,-0.01600685388,-0.01281135145,,,-0.0153238029,0.0001460142852,True,
2020-11-02,2020-10-30,NKY,GJR-skewt,GJR-skewt-AR1-expanding-refit21,1,0.009810532465,9.624654725e-05,-0.02524824283,-0.01993524298,-0.01591687718,,,0.01375995967,6.395015667e-05,True,
2020-11-04,2020-11-02,NKY,GJR-skewt,GJR-skewt-AR1-expanding-refit21,1,0.009713749209,9.435692369e-05,-0.025538691,-0.02027810516,-0.01629938151,,,0.01701441138,0.0002718345289,True,
2020-11-05,2020-11-04,NKY,GJR-skewt,GJR-skewt-AR1-expanding-refit21,1,0.009773752512,9.552623817e-05,-0.02575570571,-0.02046262443,-0.0164593236,,,0.0171570927,0.0001287999594,True,
2020-11-06,2020-11-05,NKY,GJR-skewt,GJR-skewt-AR1-expanding-refit21,1,0.009835601416,9.673905522e-05,-0.02591947779,-0.02059290157,-0.0165642676,,,0.009083228044,0.0001009420637,True,
2020-11-09,2020-11-06,NKY,GJR-skewt,GJR-skewt-AR1-expanding-refit21,1,0.009618850568,9.252228624e-05,-0.02520424464,-0.01999505219,-0.01605519874,,,0.02093470674,0.0001007329686,True,
2020-11-10,2020-11-09,NKY,GJR-skewt,GJR-skewt-AR1-expanding-refit21,1,0.009873530564,9.74866058e-05,-0.02608875109,-0.02074163394,-0.0166974643,,,0.002643460463,0.0003047356719,True,
2020-11-11,2020-11-10,NKY,GJR-skewt,GJR-skewt-AR1-expanding-refit21,1,0.00955285837,9.125710303e-05,-0.02491220721,-0.01973875355,-0.01582593032,,,0.01767066559,0.0001026962676,True,
2020-11-12,2020-11-11,NKY,GJR-skewt,GJR-skewt-AR1-expanding-refit21,1,0.009651536401,9.315215489e-05,-0.02544958713,-0.02022269331,-0.01626945185,,,0.006734038903,0.0001523220017,True,
2020-11-13,2020-11-12,NKY,GJR-skewt,GJR-skewt-AR1-expanding-refit21,1,0.009401691076,8.839179509e-05,-0.02459474113,-0.01950315375,-0.01565224821,,,-0.005304288196,6.56737343e-05,True,
2020-11-16,2020-11-13,NKY,GJR-skewt,GJR-skewt-AR1-expanding-refit21,1,0.009340511837,8.724516138e-05,-0.02421079958,-0.01915234448,-0.01532649777,,,0.02031780237,7.187782964e-05,True,
2020-11-17,2020-11-16,NKY,GJR-skewt,GJR-skewt-AR1-expanding-refit21,1,0.009586367924,9.189844998e-05,-0.02532921209,-0.02013761097,-0.01621106232,,,0.004148166102,8.595754608e-05,True,
2020-11-18,2020-11-17,NKY,GJR-skewt,GJR-skewt-AR1-expanding-refit21,1,0.009303778278,8.656029025e-05,-0.02429144827,-0.01925288662,-0.01544208588,,,-0.011073296,0.0001028726976,True,
2020-11-19,2020-11-18,NKY,GJR-skewt,GJR-skewt-AR1-expanding-refit21,1,0.01007599688,0.0001015257132,-0.02598581579,-0.02054459947,-0.01642654742,,,-0.00365250601,8.80170782e-05,True,
2020-11-20,2020-11-19,NKY,GJR-skewt,GJR-skewt-AR1-expanding-refit21,1,0.009848148401,9.698602692e-05,-0.02552464931,-0.02020647519,-0.01618154463,,,-0.004181676414,4.714539513e-05,True,
2020-11-24,2020-11-20,NKY,GJR-skewt,GJR-skewt-AR1-expanding-refit21,1,0.009668193064,9.347395712e-05,-0.02504704712,-0.01982605206,-0.01587466911,,,0.02469400646,8.650719618e-05,True,
2020-11-25,2020-11-24,NKY,GJR-skewt,GJR-skewt-AR1-expanding-refit21,1,0.01013561731,0.0001027307383,-0.0267755104,-0.021302098,-0.01715967912,,,0.005004334182,0.0002011598642,True,
2020-11-26,2020-11-25,NKY,GJR-skewt,GJR-skewt-AR1-expanding-refit21,1,0.00981736894,9.63807329e-05,-0.0255981532,-0.02029660053,-0.01628424952,,,0.009102171206,9.974499276e-05,True,
2020-11-27,2020-11-26,NKY,GJR-skewt,GJR-skewt-AR1-expanding-refit21,1,0.009598110182,9.212371908e-05,-0.02510038096,-0.0199172319,-0.01599449176,,,0.004038979076,0.0001307893063,True,
2020-11-30,2020-11-27,NKY,GJR-skewt,GJR-skewt-AR1-expanding-refit21,1,0.009309032984,8.66580951e-05,-0.02425842068,-0.01923137841,-0.0154267839,,,-0.007954014853,0.0001473471577,True,
2020-12-01,2020-11-30,NKY,GJR-skewt,GJR-skewt-AR1-expanding-refit21,1,0.009560810334,9.140909425e-05,-0.0247007275,-0.01953772101,-0.0156302253,,,0.01330016667,6.785534442e-05,True,
2020-12-02,2020-12-01,NKY,GJR-skewt,GJR-skewt-AR1-expanding-refit21,1,0.009484077564,8.994772723e-05,-0.02487816659,-0.01975659715,-0.01588046206,,,0.0005016526077,0.000105095639,True,
2020-12-03,2020-12-02,NKY,GJR-skewt,GJR-skewt-AR1-expanding-refit21,1,0.009181398187,8.429807268e-05,-0.02386357807,-0.01890546084,-0.01515303058,,,0.0003129496498,8.60763713e-05,True,
2020-12-04,2020-12-03,NKY,GJR-skewt,GJR-skewt-AR1-expanding-refit21,1,0.008903341439,7.926948879e-05,-0.02313677281,-0.01832881114,-0.01469002245,,,-0.002170585193,3.116042538e-05,True,
2020-12-07,2020-12-04,NKY,GJR-skewt,GJR-skewt-AR1-expanding-refit21,1,0.008693442224,7.55759377e-05,-0.02254658792,-0.01785197554,-0.01429897249,,,-0.00764753553,7.983162337e-05,True,
2020-12-08,2020-12-07,NKY,GJR-skewt,GJR-skewt-AR1-expanding-refit21,1,0.00900409044,8.107364465e-05,-0.02325767252,-0.01839530461,-0.01471533988,,,-0.003031600862,9.457710295e-05,True,
2020-12-09,2020-12-08,NKY,GJR-skewt,GJR-skewt-AR1-expanding-refit21,1,0.008834364377,7.804599394e-05,-0.02289796802,-0.01812725519,-0.01451665737,,,0.01316934643,9.851220625e-05,True,
2020-12-10,2020-12-09,NKY,GJR-skewt,GJR-skewt-AR1-expanding-refit21,1,0.008834561742,7.804948117e-05,-0.02318591362,-0.01841509421,-0.01480441572,,,-0.00230332028,4.271693162e-05,True,
2020-12-11,2020-12-10,NKY,GJR-skewt,GJR-skewt-AR1-expanding-refit21,1,0.008627081543,7.442653595e-05,-0.02237157353,-0.01771279709,-0.0141869156,,,-0.003884038156,8.460893422e-05,True,
2020-12-14,2020-12-11,NKY,GJR-skewt,GJR-skewt-AR1-expanding-refit21,1,0.008544673704,7.301144871e-05,-0.02212911747,-0.01751484271,-0.01402264124,,,0.002994101006,5.481138393e-05,True,
2020-12-15,2020-12-14,NKY,GJR-skewt,GJR-skewt-AR1-expanding-refit21,1,0.008333916855,6.945417015e-05,-0.02170279302,-0.01720233069,-0.01379626538,,,-0.001669763654,5.068191879e-05,True,
2020-12-16,2020-12-15,NKY,GJR-skewt,GJR-skewt-AR1-expanding-refit21,1,0.008155942055,6.65193908e-05,-0.02115698742,-0.01675263462,-0.01341930747,,,0.002603060216,1.692545271e-05,True,
2020-12-17,2020-12-16,NKY,GJR-skewt,GJR-skewt-AR1-expanding-refit21,1,0.007977430516,6.363939764e-05,-0.02076833721,-0.0164603838,-0.01320001418,,,0.001839648989,3.022302784e-05,True,
2020-12-18,2020-12-17,NKY,GJR-skewt,GJR-skewt-AR1-expanding-refit21,1,0.007810558916,6.100483059e-05,-0.0203206209,-0.0161027811,-0.01291061177,,,-0.001615802147,2.14861868e-05,True,
2020-12-21,2020-12-18,NKY,GJR-skewt,GJR-skewt-AR1-expanding-refit21,1,0.007658417943,5.865136539e-05,-0.01984657077,-0.0157098868,-0.01258086725,,,-0.001831440487,0.0001144831296,True,
2020-12-22,2020-12-21,NKY,GJR-skewt,GJR-skewt-AR1-expanding-refit21,1,0.007551887177,5.703099993e-05,-0.01956571786,-0.01548657634,-0.01240108234,,,-0.01046199797,0.0001005240236,True,
2020-12-23,2020-12-22,NKY,GJR-skewt,GJR-skewt-AR1-expanding-refit21,1,0.00853546236,7.28541177e-05,-0.02197183194,-0.01736141363,-0.01387405778,,,0.003338238409,5.810704703e-05,True,
2020-12-24,2020-12-23,NKY,GJR-skewt,GJR-skewt-AR1-expanding-refit21,1,0.008325207528,6.930908039e-05,-0.02166790124,-0.01717105179,-0.0137696003,,,0.005397722419,2.539739973e-05,True,
2020-12-25,2020-12-24,NKY,GJR-skewt,GJR-skewt-AR1-expanding-refit21,1,0.008164019808,6.665121942e-05,-0.02128494272,-0.0168751586,-0.01353956399,,,-0.0004403277719,,True,
2020-12-28,2020-12-25,NKY,GJR-skewt,GJR-skewt-AR1-expanding-refit21,1,0.007973729247,6.35803581e-05,-0.02068729845,-0.01638029951,-0.01312245241,,,0.007378750118,,True,
2020-12-29,2020-12-28,NKY,GJR-skewt,GJR-skewt-AR1-expanding-refit21,1,0.007884971602,6.217277717e-05,-0.02059408019,-0.01633502357,-0.01311344041,,,0.02624525827,0.0001120970072,True,
2020-12-30,2020-12-29,NKY,GJR-skewt,GJR-skewt-AR1-expanding-refit21,1,0.008771448332,7.693830584e-05,-0.0232316178,-0.01849373199,-0.01490995875,,,-0.004507378682,6.964552904e-05,True,
2021-01-04,2020-12-30,NKY,GJR-skewt,GJR-skewt-AR1-expanding-refit21,1,0.008682216056,7.538087565e-05,-0.02245830025,-0.01776861314,-0.01422129775,,,-0.006792728007,0.0003149231378,True,
2021-01-05,2021-01-04,NKY,GJR-skewt,GJR-skewt-AR1-expanding-refit21,1,0.008887960218,7.899583683e-05,-0.02295316275,-0.0181523432,-0.0145209664,,,-0.003666137062,0.0001145483711,True,
2021-01-06,2021-01-05,NKY,GJR-skewt,GJR-skewt-AR1-expanding-refit21,1,0.008768022234,7.687821389e-05,-0.02269626478,-0.01796022957,-0.01437785614,,,-0.003788337055,0.0001083885893,True,
2021-01-07,2021-01-06,NKY,GJR-skewt,GJR-skewt-AR1-expanding-refit21,1,0.008664892552,7.508036294e-05,-0.0224259017,-0.01774557185,-0.01420533437,,,0.01592050824,6.208343673e-05,True,
2021-01-08,2021-01-07,NKY,GJR-skewt,GJR-skewt-AR1-expanding-refit21,1,0.008792243672,7.730354878e-05,-0.02310398452,-0.01835486613,-0.01476259648,,,0.02333049327,0.0001830121334,True,
2021-01-12,2021-01-08,NKY,GJR-skewt,GJR-skewt-AR1-expanding-refit21,1,0.009323428121,8.692631193e-05,-0.02461586758,-0.01957983064,-0.01577053359,,,0.0008990773409,0.0001257810821,True,
2021-01-13,2021-01-12,NKY,GJR-skewt,GJR-skewt-AR1-expanding-refit21,1,0.009033726349,8.160821175e-05,-0.02346763727,-0.01858808235,-0.0148971495,,,0.01032312952,0.0001024362928,True,
2021-01-14,2021-01-13,NKY,GJR-skewt,GJR-skewt-AR1-expanding-refit21,1,0.008916158656,7.949788518e-05,-0.02332773955,-0.01851168865,-0.01486879074,,,0.008456723163,0.0003620307052,True,
2021-01-15,2021-01-14,NKY,GJR-skewt,GJR-skewt-AR1-expanding-refit21,1,0.008764631685,7.681876857e-05,-0.02290081008,-0.01816660627,-0.01458561812,,,-0.006259653226,0.0001539645051,True,
2021-01-18,2021-01-15,NKY,GJR-skewt,GJR-skewt-AR1-expanding-refit21,1,0.008869855662,7.867433947e-05,-0.02291545986,-0.01812441947,-0.01450043969,,,-0.009759131873,8.738133465e-05,True,
2021-01-19,2021-01-18,NKY,GJR-skewt,GJR-skewt-AR1-expanding-refit21,1,0.009488284242,9.002753786e-05,-0.02446223393,-0.01933715018,-0.01546049744,,,0.01375829625,0.0001027062814,True,
2021-01-20,2021-01-19,NKY,GJR-skewt,GJR-skewt-AR1-expanding-refit21,1,0.009429518423,8.891581768e-05,-0.02472330836,-0.01962996689,-0.01577732425,,,-0.003856110189,0.000109929858,True,
2021-01-21,2021-01-20,NKY,GJR-skewt,GJR-skewt-AR1-expanding-refit21,1,0.009245769905,8.548426113e-05,-0.02393541346,-0.0189413235,-0.01516375547,,,0.008156439216,9.461107274e-05,True,
2021-01-22,2021-01-21,NKY,GJR-skewt,GJR-skewt-AR1-expanding-refit21,1,0.009080714348,8.245937307e-05,-0.02367817533,-0.01877785629,-0.01507252602,,,-0.004370589156,4.707180885e-05,True,
2021-01-25,2021-01-22,NKY,GJR-skewt,GJR-skewt-AR1-expanding-refit21,1,0.008977297448,8.059186948e-05,-0.02319148224,-0.01834697112,-0.01468383949,,,0.00664327675,7.3724951e-05,True,
2021-01-26,2021-01-25,NKY,GJR-skewt,GJR-skewt-AR1-expanding-refit21,1,0.008777824731,7.7050207e-05,-0.02286488982,-0.01812802221,-0.01454628421,,,-0.00962589757,6.645621789e-05,True,
2021-01-27,2021-01-26,NKY,GJR-skewt,GJR-skewt-AR1-expanding-refit21,1,0.009356629247,8.754651086e-05,-0.02408558839,-0.01903637456,-0.01521845889,,,0.003113996388,4.692106528e-05,True,
2021-01-28,2021-01-27,NKY,GJR-skewt,GJR-skewt-AR1-expanding-refit21,1,0.009075658247,8.236757262e-05,-0.0235772882,-0.01867969763,-0.01497643047,,,-0.01540663077,0.0001274375485,True,
2021-01-29,2021-01-28,NKY,GJR-skewt,GJR-skewt-AR1-expanding-refit21,1,0.01075711022,0.0001157154203,-0.02762365024,-0.0218186805,-0.01742930709,,,-0.01912058077,0.0003096689999,True,
2021-02-01,2021-01-29,NKY,GJR-skewt,GJR-skewt-AR1-expanding-refit21,1,0.01295878589,0.0001679301317,-0.03327930358,-0.02628622101,-0.02099846723,,,0.01534114724,0.0001251919593,True,
2021-02-02,2021-02-01,NKY,GJR-skewt,GJR-skewt-AR1-expanding-refit21,1,0.01261571428,0.0001591562468,-0.03298766879,-0.02617972147,-0.02103195597,,,0.009605164101,0.0001101030776,True,
2021-02-03,2021-02-02,NKY,GJR-skewt,GJR-skewt-AR1-expanding-refit21,1,0.01217219101,0.000148162234,-0.03173550864,-0.02516690433,-0.0202001158,,,0.009975059513,8.983691925e-05,True,
2021-02-04,2021-02-03,NKY,GJR-skewt,GJR-skewt-AR1-expanding-refit21,1,0.01177015852,0.0001385366316,-0.03069740474,-0.02434575335,-0.01954301174,,,-0.01068825994,9.199569079e-05,True,
2021-02-05,2021-02-04,NKY,GJR-skewt,GJR-skewt-AR1-expanding-refit21,1,0.01205766491,0.0001453872831,-0.03108479822,-0.0245779968,-0.01965793996,,,0.01530952569,5.660404292e-05,True,
2021-02-08,2021-02-05,NKY,GJR-skewt,GJR-skewt-AR1-expanding-refit21,1,0.01179952253,0.0001392287319,-0.03086652939,-0.024499032,-0.01968430858,,,0.02095090395,0.0002511485867,True,
2021-02-09,2021-02-08,NKY,GJR-skewt,GJR-skewt-AR1-expanding-refit21,1,0.0118034509,0.0001393214533,-0.03097490945,-0.02460529215,-0.01978896578,,,0.003987808227,0.0001388364824,True,
2021-02-10,2021-02-09,NKY,GJR-skewt,GJR-skewt-AR1-expanding-refit21,1,0.0113397597,0.0001285901502,-0.02947497123,-0.02335558036,-0.01872846037,,,0.001929951527,5.69713392e-05,True,
2021-02-12,2021-02-10,NKY,GJR-skewt,GJR-skewt-AR1-expanding-refit21,1,0.01089461744,0.0001186926892,-0.02828261293,-0.02240343875,-0.01795795636,,,-0.00145081961,4.343250423e-05,True,
2021-02-15,2021-02-12,NKY,GJR-skewt,GJR-skewt-AR1-expanding-refit21,1,0.01049568484,0.0001101594003,-0.0271872924,-0.02152339831,-0.01724069794,,,0.01892808645,0.0001248696701,True,
2021-02-16,2021-02-15,NKY,GJR-skewt,GJR-skewt-AR1-expanding-refit21,1,0.01054419776,0.0001111801064,-0.02766797823,-0.02197790462,-0.01767540884,,,0.01267027919,0.0002286229461,True,
2021-02-17,2021-02-16,NKY,GJR-skewt,GJR-skewt-AR1-expanding-refit21,1,0.01036145087,0.0001073596641,-0.02708427339,-0.02149281736,-0.01726489034,,,-0.005778841788,0.0001290570596,True,
2021-02-18,2021-02-17,NKY,GJR-skewt,GJR-skewt-AR1-expanding-refit21,1,0.01023791992,0.0001048150042,-0.02644226231,-0.02091746855,-0.01673994759,,,-0.001853666641,0.0002093514557,True,
2021-02-19,2021-02-18,NKY,GJR-skewt,GJR-skewt-AR1-expanding-refit21,1,0.0099065083,9.813890669e-05,-0.02564951249,-0.02030356179,-0.01626127132,,,-0.00724170472,0.0001439553265,True,
2021-02-22,2021-02-19,NKY,GJR-skewt,GJR-skewt-AR1-expanding-refit21,1,0.01000986904,0.0001001974781,-0.02582429444,-0.02042256612,-0.01633809993,,,0.004590345965,0.0001780774832,True,
2021-02-24,2021-02-22,NKY,GJR-skewt,GJR-skewt-AR1-expanding-refit21,1,0.009687249039,9.384279394e-05,-0.02517582872,-0.01995798872,-0.01600949045,,,-0.01619117666,0.0001945415779,True,
2021-02-25,2021-02-24,NKY,GJR-skewt,GJR-skewt-AR1-expanding-refit21,1,0.01140062349,0.0001299742159,-0.02927227736,-0.02313156301,-0.01848469764,,,0.01659699091,5.705716425e-05,True,
2021-02-26,2021-02-25,NKY,GJR-skewt,GJR-skewt-AR1-expanding-refit21,1,0.01124470754,0.0001264434477,-0.02942484236,-0.02336810897,-0.01878479454,,,-0.04066762855,0.0005784474936,True,
2021-03-01,2021-02-26,NKY,GJR-skewt,GJR-skewt-AR1-expanding-refit21,1,0.01951424504,0.0003808057593,-0.04992794465,-0.0394169928,-0.03146303576,,,0.02379426812,0.0001210753374,True,
2021-03-02,2021-03-01,NKY,GJR-skewt,GJR-skewt-AR1-expanding-refit21,1,0.01886018758,0.0003557066757,-0.04932533405,-0.03916667696,-0.03147931209,,,-0.008644809618,0.0002997692319,True,
2021-03-03,2021-03-02,NKY,GJR-skewt,GJR-skewt-AR1-expanding-refit21,1,0.01819918715,0.0003312104128,-0.04705709598,-0.03725447335,-0.02983653059,,,0.005119111697,9.341393246e-05,True,
2021-03-04,2021-03-03,NKY,GJR-skewt,GJR-skewt-AR1-expanding-refit21,1,0.01729031983,0.0002989551597,-0.04493070849,-0.03561762879,-0.02857013805,,,-0.02150873604,0.0002691436302,True,
2021-03-05,2021-03-04,NKY,GJR-skewt,GJR-skewt-AR1-expanding-refit21,1,0.01855387339,0.0003442462178,-0.04775952565,-0.03776585849,-0.0302033465,,,-0.002276658798,0.0006048761748,True,
2021-03-08,2021-03-05,NKY,GJR-skewt,GJR-skewt-AR1-expanding-refit21,1,0.01763788707,0.0003110950602,-0.04570762386,-0.03620733412,-0.02901817585,,,-0.004203283964,0.0003068135604,True,
2021-03-09,2021-03-08,NKY,GJR-skewt,GJR-skewt-AR1-expanding-refit21,1,0.01683715998,0.0002834899563,-0.0435953022,-0.03452630785,-0.02766352392,,,0.009855838428,0.0004141639962,True,
2021-03-10,2021-03-09,NKY,GJR-skewt,GJR-skewt-AR1-expanding-refit21,1,0.01607434053,0.0002583844233,-0.041853234,-0.03319511686,-0.02664325622,,,0.0002969490847,0.0001137754316,True,
2021-03-11,2021-03-10,NKY,GJR-skewt,GJR-skewt-AR1-expanding-refit21,1,0.01528838886,0.000233734834,-0.039649515,-0.03141473477,-0.02518322604,,,0.006011536622,8.710093429e-05,True,
2021-03-12,2021-03-11,NKY,GJR-skewt,GJR-skewt-AR1-expanding-refit21,1,0.01458600167,0.0002127514447,-0.03792251393,-0.0300660603,-0.02412084281,,,0.01717992387,0.0001250663609,True,
2021-03-15,2021-03-12,NKY,GJR-skewt,GJR-skewt-AR1-expanding-refit21,1,0.01416685051,0.0002006996533,-0.03702383376,-0.02939314739,-0.02361877486,,,0.001652207977,0.0001486169568,True,
2021-03-16,2021-03-15,NKY,GJR-skewt,GJR-skewt-AR1-expanding-refit21,1,0.01351431811,0.0001826367941,-0.03506512988,-0.02778591684,-0.02227751487,,,0.005164164529,5.509667767e-05,True,
2021-03-17,2021-03-16,NKY,GJR-skewt,GJR-skewt-AR1-expanding-refit21,1,0.01292991817,0.000167182784,-0.03360710172,-0.02664266383,-0.02137246181,,,-0.000225945102,6.792347727e-05,True,
2021-03-18,2021-03-17,NKY,GJR-skewt,GJR-skewt-AR1-expanding-refit21,1,0.01236182748,0.0001528147786,-0.0320400694,-0.02538162204,-0.02034297234,,,0.01005877391,0.0004077227096,True,
2021-03-19,2021-03-18,NKY,GJR-skewt,GJR-skewt-AR1-expanding-refit21,1,0.0119403407,0.000142571736,-0.0311202985,-0.02468887643,-0.01982202368,,,-0.01415480081,0.0001492941269,True,
2021-03-22,2021-03-19,NKY,GJR-skewt,GJR-skewt-AR1-expanding-refit21,1,0.01276013818,0.0001628211264,-0.03283768902,-0.02596469968,-0.02076369955,,,-0.02095854899,0.0001485801995,True,
2021-03-23,2021-03-22,NKY,GJR-skewt,GJR-skewt-AR1-expanding-refit21,1,0.01489699132,0.0002219203505,-0.03827161408,-0.03024765219,-0.02417567611,,,-0.006127928909,0.0002104552734,True,
2021-03-24,2021-03-23,NKY,GJR-skewt,GJR-skewt-AR1-expanding-refit21,1,0.0144323837,0.0002082936992,-0.03731714771,-0.02954343728,-0.0236608341,,,-0.02057165174,0.0002600909691,True,
2021-03-25,2021-03-24,NKY,GJR-skewt,GJR-skewt-AR1-expanding-refit21,1,0.01608096333,0.0002585973816,-0.04137672889,-0.03269738798,-0.02613164484,,,0.01135425017,0.0002142086642,True,
2021-03-26,2021-03-25,NKY,GJR-skewt,GJR-skewt-AR1-expanding-refit21,1,0.01539366478,0.0002369649154,-0.04017173017,-0.03186334331,-0.02557821928,,,0.01543269271,0.0002017249986,True,
2021-03-29,2021-03-26,NKY,GJR-skewt,GJR-skewt-AR1-expanding-refit21,1,0.01486346709,0.0002209226541,-0.03886771344,-0.03084548894,-0.02477684087,,,0.007097570264,0.0002738908125,True,
2021-03-30,2021-03-29,NKY,GJR-skewt,GJR-skewt-AR1-expanding-refit21,1,0.01420793692,0.0002018654715,-0.03701167953,-0.02934326281,-0.02354226305,,,0.001638285584,8.433893358e-05,True,
2021-03-31,2021-03-30,NKY,GJR-skewt,GJR-skewt-AR1-expanding-refit21,1,0.01355231833,0.0001836653321,-0.03520781826,-0.02789325704,-0.02235994169,,,-0.008663829732,7.116730794e-05,True,
2021-04-01,2021-03-31,NKY,GJR-skewt,GJR-skewt-AR1-expanding-refit21,1,0.01340200779,0.0001796138129,-0.03462934079,-0.02739590631,-0.0219239617,,,0.007173557054,0.0001320055836,True,
2021-04-02,2021-04-01,NKY,GJR-skewt,GJR-skewt-AR1-expanding-refit21,1,0.01284853768,0.0001650849205,-0.03347909102,-0.02654437968,-0.02129841298,,,0.01570283223,4.322404674e-05,True,
2021-04-05,2021-04-02,NKY,GJR-skewt,GJR-skewt-AR1-expanding-refit21,1,0.01254222373,0.0001573073762,-0.03283819694,-0.02606881172,-0.02094791082,,,0.007849130896,5.610929471e-05,True,
2021-04-06,2021-04-05,NKY,GJR-skewt,GJR-skewt-AR1-expanding-refit21,1,0.01207164029,0.0001457244992,-0.03147173355,-0.02495633524,-0.02002757023,,,-0.01313436479,0.0001325668339,True,
2021-04-07,2021-04-06,NKY,GJR-skewt,GJR-skewt-AR1-expanding-refit21,1,0.01269738829,0.0001612236694,-0.03271611055,-0.02586297873,-0.02067872525,,,0.001149577209,0.0001567416628,True,
2021-04-08,2021-04-07,NKY,GJR-skewt,GJR-skewt-AR1-expanding-refit21,1,0.01214712382,0.0001475526172,-0.03154588805,-0.02498974918,-0.02003016478,,,-0.0007338046951,4.250761674e-05,True,
2021-04-09,2021-04-08,NKY,GJR-skewt,GJR-skewt-AR1-expanding-refit21,1,0.01164044374,0.0001354999305,-0.0301943748,-0.02391170519,-0.01915899467,,,0.001986652275,9.315893106e-05,True,
2021-04-12,2021-04-09,NKY,GJR-skewt,GJR-skewt-AR1-expanding-refit21,1,0.01117167494,0.0001248063209,-0.02902530742,-0.02299564531,-0.01843432976,,,-0.007733725568,5.891026179e-05,True,
2021-04-13,2021-04-12,NKY,GJR-skewt,GJR-skewt-AR1-expanding-refit21,1,0.01117645052,0.0001249130461,-0.02886060102,-0.0228283614,-0.01826509601,,,0.007180927797,7.821800738e-05,True,
2021-04-14,2021-04-13,NKY,GJR-skewt,GJR-skewt-AR1-expanding-refit21,1,0.01079649192,0.0001165642378,-0.02814460814,-0.02231744269,-0.0179093117,,,-0.004399987927,4.601560518e-05,True,
2021-04-15,2021-04-14,NKY,GJR-skewt,GJR-skewt-AR1-expanding-refit21,1,0.01053214263,0.0001109260284,-0.02724636705,-0.02156187822,-0.01726167917,,,0.0007322940825,5.896518742e-05,True,
2021-04-16,2021-04-15,NKY,GJR-skewt,GJR-skewt-AR1-expanding-refit21,1,0.01014495277,0.0001029200668,-0.02633332446,-0.02085781271,-0.01671570053,,,0.001371393864,6.680649547e-05,True,
2021-04-19,2021-04-16,NKY,GJR-skewt,GJR-skewt-AR1-expanding-refit21,1,0.00979047479,9.585339661e-05,-0.02542344838,-0.02013925821,-0.01614187687,,,6.737552654e-05,5.596153586e-05,True,
2021-04-20,2021-04-19,NKY,GJR-skewt,GJR-skewt-AR1-expanding-refit21,1,0.009462497412,8.953885727e-05,-0.02454705801,-0.0194398863,-0.0155764158,,,-0.01990304082,0.0001164942938,True,
2021-04-21,2021-04-20,NKY,GJR-skewt,GJR-skewt-AR1-expanding-refit21,1,0.01217171861,0.0001481507339,-0.03122621274,-0.02465679939,-0.01968717311,,,-0.02054719242,0.0001902977873,True,
2021-04-22,2021-04-21,NKY,GJR-skewt,GJR-skewt-AR1-expanding-refit21,1,0.01438058979,0.0002068013628,-0.0369567849,-0.02919518264,-0.02332368994,,,0.02355941781,0.00012596908,True,
2021-04-23,2021-04-22,NKY,GJR-skewt,GJR-skewt-AR1-expanding-refit21,1,0.01420601085,0.0002018107443,-0.03732391435,-0.0296525717,-0.02384899581,,,-0.005756501436,7.680213714e-05,True,
2021-04-26,2021-04-23,NKY,GJR-skewt,GJR-skewt-AR1-expanding-refit21,1,0.01371665501,0.0001881466246,-0.03551657562,-0.02810948846,-0.02250582892,,,0.00363217287,8.703086821e-05,True,
2021-04-27,2021-04-26,NKY,GJR-skewt,GJR-skewt-AR1-expanding-refit21,1,0.01310178712,0.0001716568257,-0.03408871163,-0.02701365732,-0.0216611895,,,-0.004623001802,6.111363348e-05,True,
2021-04-28,2021-04-27,NKY,GJR-skewt,GJR-skewt-AR1-expanding-refit21,1,0.01265568077,0.0001601662557,-0.03277795892,-0.02594380508,-0.02077358491,,,0.002139001895,4.091880366e-05,True,
2021-04-30,2021-04-28,NKY,GJR-skewt,GJR-skewt-AR1-expanding-refit21,1,0.01210960294,0.0001466424834,-0.03148109284,-0.02494182474,-0.01999469353,,,-0.008341296458,4.83006752e-05,True,
2021-05-06,2021-04-30,NKY,GJR-skewt,GJR-skewt-AR1-expanding-refit21,1,0.01207680586,0.0001458492398,-0.03120465704,-0.02468309959,-0.01974936696,,,0.01784369991,9.614182229e-05,True,
2021-05-07,2021-05-06,NKY,GJR-skewt,GJR-skewt-AR1-expanding-refit21,1,0.01190815447,0.0001418041429,-0.03124360593,-0.02481312138,-0.01994828783,,,0.000901398436,5.853549402e-05,True,
2021-05-10,2021-05-07,NKY,GJR-skewt,GJR-skewt-AR1-expanding-refit21,1,0.01141468049,0.0001302949307,-0.02965122752,-0.02348722229,-0.01882398746,,,0.005452798801,5.420257022e-05,True,
2021-05-11,2021-05-10,NKY,GJR-skewt,GJR-skewt-AR1-expanding-refit21,1,0.01099117532,0.0001208059349,-0.0286328207,-0.02269751114,-0.01820729071,,,-0.03130474288,0.0002996093378,True,
2021-05-12,2021-05-11,NKY,GJR-skewt,GJR-skewt-AR1-expanding-refit21,1,0.01642672965,0.0002698374469,-0.04209875241,-0.03322820648,-0.02651740123,,,-0.01624812899,0.0004744314555,True,
2021-05-13,2021-05-12,NKY,GJR-skewt,GJR-skewt-AR1-expanding-refit21,1,0.01702534303,0.0002898623052,-0.04393017699,-0.03473637575,-0.02778101922,,,-0.02516522629,0.0003518658975,True,
2021-05-14,2021-05-13,NKY,GJR-skewt,GJR-skewt-AR1-expanding-refit21,1,0.01915538276,0.0003669286887,-0.04930716875,-0.03896313154,-0.03113759073,,,0.02292311795,0.0001720210107,True,
2021-05-17,2021-05-14,NKY,GJR-skewt,GJR-skewt-AR1-expanding-refit21,1,0.01851234181,0.0003427067991,-0.04851184043,-0.03851504973,-0.03095221018,,,-0.009287989043,0.0002626859887,True,
2021-05-18,2021-05-17,NKY,GJR-skewt,GJR-skewt-AR1-expanding-refit21,1,0.01792406265,0.000321272022,-0.04639442805,-0.0367153121,-0.029392802,,,0.0207011652,0.0001892653554,True,
2021-05-19,2021-05-18,NKY,GJR-skewt,GJR-skewt-AR1-expanding-refit21,1,0.01732359153,0.0003001068234,-0.04537971808,-0.03602486062,-0.02894766075,,,-0.01283923199,0.000274332315,True,
2021-05-20,2021-05-19,NKY,GJR-skewt,GJR-skewt-AR1-expanding-refit21,1,0.01720371985,0.0002959679765,-0.04445625546,-0.03516612953,-0.02813790079,,,0.001916573204,0.0002171632583,True,
2021-05-21,2021-05-20,NKY,GJR-skewt,GJR-skewt-AR1-expanding-refit21,1,0.01634052364,0.0002670127127,-0.04248044667,-0.03365645257,-0.02698086503,,,0.007784347601,0.0001455088825,True,
2021-05-24,2021-05-21,NKY,GJR-skewt,GJR-skewt-AR1-expanding-refit21,1,0.01558253625,0.0002428154361,-0.04061615567,-0.03220147992,-0.02583555266,,,0.001650575066,0.0001539787484,True,
2021-05-25,2021-05-24,NKY,GJR-skewt,GJR-skewt-AR1-expanding-refit21,1,0.01482889021,0.0002198959848,-0.03854427066,-0.03053656892,-0.02447852837,,,0.006654127913,5.876779633e-05,True,
2021-05-26,2021-05-25,NKY,GJR-skewt,GJR-skewt-AR1-expanding-refit21,1,0.01416413307,0.0002006226655,-0.03690668306,-0.0292579547,-0.02347148712,,,0.003084439047,8.307387143e-05,True,
2021-05-27,2021-05-26,NKY,GJR-skewt,GJR-skewt-AR1-expanding-refit21,1,0.01351531973,0.0001826638674,-0.03515420169,-0.02785583695,-0.02233442882,,,-0.00325853501,0.0001065789145,True,
2021-05-28,2021-05-27,NKY,GJR-skewt,GJR-skewt-AR1-expanding-refit21,1,0.01296718235,0.0001681478181,-0.03363119099,-0.02661936997,-0.02131660453,,,0.02081242651,8.314806247e-05,True,
2021-05-31,2021-05-28,NKY,GJR-skewt,GJR-skewt-AR1-expanding-refit21,1,0.01282892465,0.0001645813077,-0.03372643301,-0.02678937289,-0.0215431462,,,-0.009975349827,9.197665353e-05,True,
2021-06-01,2021-05-31,NKY,GJR-skewt,GJR-skewt-AR1-expanding-refit21,1,0.01286327216,0.0001654637707,-0.03323384818,-0.02627821514,-0.02101794246,,,-0.00158615378,0.0002686738527,True,
2021-06-02,2021-06-01,NKY,GJR-skewt,GJR-skewt-AR1-expanding-refit21,1,0.01232059712,0.0001517971134,-0.03198035413,-0.02531816496,-0.02027981238,,,0.004563708879,9.078808834e-05,True,
2021-06-03,2021-06-02,NKY,GJR-skewt,GJR-skewt-AR1-expanding-refit21,1,0.01181758961,0.0001396554242,-0.03078774858,-0.02439755363,-0.01956489962,,,0.003860713623,7.896994256e-05,True,
2021-06-04,2021-06-03,NKY,GJR-skewt,GJR-skewt-AR1-expanding-refit21,1,0.01134741757,0.0001287638856,-0.02955104809,-0.02341509204,-0.01877470895,,,-0.004020370793,0.0001092941143,True,
2021-06-07,2021-06-04,NKY,GJR-skewt,GJR-skewt-AR1-expanding-refit21,1,0.01101355931,0.0001212984886,-0.02853336099,-0.02257793409,-0.01807407813,,,0.002681840159,6.924462001e-05,True,
2021-06-08,2021-06-07,NKY,GJR-skewt,GJR-skewt-AR1-expanding-refit21,1,0.01059555923,0.0001122658753,-0.02757238988,-0.02184299062,-0.01751007051,,,-0.001920559075,6.911071048e-05,True,
2021-06-09,2021-06-08,NKY,GJR-skewt,GJR-skewt-AR1-expanding-refit21,1,0.01023153993,0.0001046844093,-0.02653819679,-0.02100563584,-0.01682157682,,,-0.003554207113,3.326250941e-05,True,
2021-06-10,2021-06-09,NKY,GJR-skewt,GJR-skewt-AR1-expanding-refit21,1,0.009975323969,9.950708828e-05,-0.02584062978,-0.020446614,-0.01636733126,,,0.003381561501,4.174833363e-05,True,
2021-06-11,2021-06-10,NKY,GJR-skewt,GJR-skewt-AR1-expanding-refit21,1,0.009646186359,9.304891128e-05,-0.02511529824,-0.01989925898,-0.0159545729,,,-0.0003395109639,0.0001163116881,True,
2021-06-14,2021-06-11,NKY,GJR-skewt,GJR-skewt-AR1-expanding-refit21,1,0.009330978966,8.706716847e-05,-0.02422477536,-0.01917918006,-0.01536339407,,,0.007333309825,2.855399608e-05,True,
2021-06-15,2021-06-14,NKY,GJR-skewt,GJR-skewt-AR1-expanding-refit21,1,0.009115844517,8.309862126e-05,-0.02381001798,-0.01888075359,-0.01515294412,,,0.00953881661,6.160289406e-05,True,
2021-06-16,2021-06-15,NKY,GJR-skewt,GJR-skewt-AR1-expanding-refit21,1,0.008977432436,8.059429315e-05,-0.02349155157,-0.01863713157,-0.01496592397,,,-0.005117841836,3.431378069e-05,True,
2021-06-17,2021-06-16,NKY,GJR-skewt,GJR-skewt-AR1-expanding-refit21,1,0.00894560531,8.002385436e-05,-0.02313169161,-0.01829448167,-0.01463628937,,,-0.009352933114,0.0001041918151,True,
2021-06-18,2021-06-17,NKY,GJR-skewt,GJR-skewt-AR1-expanding-refit21,1,0.009490962423,9.007836772e-05,-0.02447068657,-0.01933858246,-0.01545737326,,,-0.001871257703,4.6436015e-05,True,
2021-06-21,2021-06-18,NKY,GJR-skewt,GJR-skewt-AR1-expanding-refit21,1,0.00922640149,8.512648446e-05,-0.0239237058,-0.01893465929,-0.01516163894,,,-0.03346166425,0.0003067320827,True,
2021-06-22,2021-06-21,NKY,GJR-skewt,GJR-skewt-AR1-expanding-refit21,1,0.01618199804,0.0002618570607,-0.04142540223,-0.03267521495,-0.02605779125,,,0.03069755903,8.630692075e-05,True,
2021-06-23,2021-06-22,NKY,GJR-skewt,GJR-skewt-AR1-expanding-refit21,1,0.01611622732,0.000259732783,-0.0424670183,-0.03375239562,-0.02716186802,,,-0.0003199583318,5.626731022e-05,True,
2021-06-24,2021-06-23,NKY,GJR-skewt,GJR-skewt-AR1-expanding-refit21,1,0.01532477941,0.000234848864,-0.03982132788,-0.03153466949,-0.02526779452,,,1.176967229e-05,5.429289419e-05,True,
2021-06-25,2021-06-24,NKY,GJR-skewt,GJR-skewt-AR1-expanding-refit21,1,0.01458710399,0.0002127836028,-0.03790812818,-0.03002035738,-0.02405514545,,,0.006591137867,3.182813305e-05,True,
2021-06-28,2021-06-25,NKY,GJR-skewt,GJR-skewt-AR1-expanding-refit21,1,0.0139486108,0.0001945637433,-0.03640664141,-0.028841301,-0.02312617911,,,-0.0006249818748,2.201352311e-05,True,
2021-06-29,2021-06-28,NKY,GJR-skewt,GJR-skewt-AR1-expanding-refit21,1,0.01330593939,0.0001770480232,-0.03459068611,-0.02737391288,-0.02192211079,,,-0.008137189429,4.009185345e-05,True,
2021-06-30,2021-06-29,NKY,GJR-skewt,GJR-skewt-AR1-expanding-refit21,1,0.0131300717,0.0001723987829,-0.03398454947,-0.026863162,-0.02148341765,,,-0.0007318946667,3.233135592e-05,True,
2021-07-01,2021-06-30,NKY,GJR-skewt,GJR-skewt-AR1-expanding-refit21,1,0.01255002672,0.0001575031708,-0.03262001835,-0.02581323123,-0.02067114694,,,-0.002938866244,7.753281729e-05,True,
2021-07-02,2021-07-01,NKY,GJR-skewt,GJR-skewt-AR1-expanding-refit21,1,0.01206748476,0.0001456241884,-0.03131985405,-0.02477478433,-0.01983041049,,,0.002652282571,2.892239022e-05,True,
2021-07-05,2021-07-02,NKY,GJR-skewt,GJR-skewt-AR1-expanding-refit21,1,0.01156714812,0.0001337989155,-0.030127126,-0.02385342503,-0.0191140526,,,-0.006451228801,2.232429962e-05,True,
2021-07-06,2021-07-05,NKY,GJR-skewt,GJR-skewt-AR1-expanding-refit21,1,0.01139778611,0.0001299095281,-0.02950655135,-0.02332470765,-0.0186547274,,,0.001573039757,3.718244358e-05,True,
2021-07-07,2021-07-06,NKY,GJR-skewt,GJR-skewt-AR1-expanding-refit21,1,0.01094343132,0.0001197586891,-0.02848155062,-0.02254613638,-0.01806231754,,,-0.009691742021,7.360096702e-05,True,
2021-07-08,2021-07-07,NKY,GJR-skewt,GJR-skewt-AR1-expanding-refit21,1,0.01122634258,0.0001260307676,-0.02899617316,-0.02290731568,-0.01830758048,,,-0.008813724919,6.061063792e-05,True,
2021-07-09,2021-07-08,NKY,GJR-skewt,GJR-skewt-AR1-expanding-refit21,1,0.01138372141,0.0001295891132,-0.02942333589,-0.02324912048,-0.01858490293,,,-0.00633659963,0.0003938289674,True,
2021-07-12,2021-07-09,NKY,GJR-skewt,GJR-skewt-AR1-expanding-refit21,1,0.01124343105,0.0001264147417,-0.02910683798,-0.02300871219,-0.01840197537,,,0.02224851442,4.37038446e-05,True,
2021-07-13,2021-07-12,NKY,GJR-skewt,GJR-skewt-AR1-expanding-refit21,1,0.01135838285,0.0001290128609,-0.02996989016,-0.02380941769,-0.01915558203,,,0.005209571486,3.408933446e-05,True,
2021-07-14,2021-07-13,NKY,GJR-skewt,GJR-skewt-AR1-expanding-refit21,1,0.01094131711,0.0001197124202,-0.02854775647,-0.02261348891,-0.01813053632,,,-0.003828934014,4.225976463e-05,True,
2021-07-15,2021-07-14,NKY,GJR-skewt,GJR-skewt-AR1-expanding-refit21,1,0.01062959342,0.0001129882563,-0.02755772322,-0.02179252597,-0.01743729498,,,-0.01158087833,5.906137351e-05,True,
2021-07-16,2021-07-15,NKY,GJR-skewt,GJR-skewt-AR1-expanding-refit21,1,0.01126831356,0.0001269748905,-0.02906822124,-0.02295659986,-0.01833966802,,,-0.009808149652,0.0003321311501,True,
2021-07-19,2021-07-16,NKY,GJR-skewt,GJR-skewt-AR1-expanding-refit21,1,0.01156000693,0.0001336337602,-0.0298628115,-0.02359298371,-0.01885653722,,,-0.01258967977,0.000205474462,True,
2021-07-20,2021-07-19,NKY,GJR-skewt,GJR-skewt-AR1-expanding-refit21,1,0.01223768434,0.000149760918,-0.03157277826,-0.024935397,-0.0199212878,,,-0.009614018159,0.0001876243318,True,
2021-07-21,2021-07-20,NKY,GJR-skewt,GJR-skewt-AR1-expanding-refit21,1,0.01237977014,0.0001532587087,-0.03200147976,-0.02528703509,-0.02021470952,,,0.005819128624,0.0001719173278,True,
2021-07-26,2021-07-21,NKY,GJR-skewt,GJR-skewt-AR1-expanding-refit21,1,0.01188241017,0.0001411916713,-0.0310105859,-0.02456589551,-0.01969735173,,,0.01030281485,9.839766644e-05,True,
2021-07-27,2021-07-26,NKY,GJR-skewt,GJR-skewt-AR1-expanding-refit21,1,0.01150835731,0.0001324422881,-0.0301248891,-0.02388307463,-0.01916779039,,,0.004907645251,8.368266304e-05,True,
2021-07-28,2021-07-27,NKY,GJR-skewt,GJR-skewt-AR1-expanding-refit21,1,0.01107273459,0.0001226054514,-0.02888404197,-0.02287849721,-0.01834169934,,,-0.01398933288,0.0001330344518,True,
2021-07-29,2021-07-28,NKY,GJR-skewt,GJR-skewt-AR1-expanding-refit21,1,0.01202504188,0.0001446016321,-0.03098554543,-0.02447391529,-0.01955352892,,,0.007252378786,7.557606732e-05,True,
2021-07-30,2021-07-29,NKY,GJR-skewt,GJR-skewt-AR1-expanding-refit21,1,0.01157418497,0.0001339617576,-0.03021486072,-0.02394737223,-0.01921146672,,,-0.01811802699,0.0001473438127,True,
2021-08-02,2021-07-30,NKY,GJR-skewt,GJR-skewt-AR1-expanding-refit21,1,0.01326714018,0.0001760170086,-0.03413948443,-0.02695525084,-0.02152662477,,,0.0180676201,6.50425499e-05,True,
2021-08-03,2021-08-02,NKY,GJR-skewt,GJR-skewt-AR1-expanding-refit21,1,0.01298034405,0.0001684893317,-0.03407890559,-0.02704997378,-0.02173869847,,,-0.005022828801,6.327070412e-05,True,
2021-08-04,2021-08-03,NKY,GJR-skewt,GJR-skewt-AR1-expanding-refit21,1,0.01255101719,0.0001575280326,-0.03252414972,-0.02572770089,-0.02059209682,,,-0.002091410386,6.044101097e-05,True,
2021-08-05,2021-08-04,NKY,GJR-skewt,GJR-skewt-AR1-expanding-refit21,1,0.0120416775,0.0001450019971,-0.0312543007,-0.02473366228,-0.01980646896,,,0.005208232094,3.929205549e-05,True,
2021-08-06,2021-08-05,NKY,GJR-skewt,GJR-skewt-AR1-expanding-refit21,1,0.01156552028,0.0001337612594,-0.03015357687,-0.02389078036,-0.01915842025,,,0.003309560816,7.038714622e-05,True,
2021-08-10,2021-08-06,NKY,GJR-skewt,GJR-skewt-AR1-expanding-refit21,1,0.01110952744,0.0001234215999,-0.02893101615,-0.02291514241,-0.01836936469,,,0.002445290885,0.0001331866988,True,
2021-08-11,2021-08-10,NKY,GJR-skewt,GJR-skewt-AR1-expanding-refit21,1,0.01068296828,0.0001141258112,-0.02780464947,-0.02201976,-0.01764852104,,,0.006517669474,5.798096938e-05,True,
2021-08-12,2021-08-11,NKY,GJR-skewt,GJR-skewt-AR1-expanding-refit21,1,0.01033489445,0.0001068100432,-0.02697606639,-0.02137966092,-0.01715084622,,,-0.001978772735,6.626604369e-05,True,
2021-08-13,2021-08-12,NKY,GJR-skewt,GJR-skewt-AR1-expanding-refit21,1,0.009991707512,9.983421901e-05,-0.02592202021,-0.02051145247,-0.01642306242,,,-0.001352658625,6.177757835e-05,True,
2021-08-16,2021-08-13,NKY,GJR-skewt,GJR-skewt-AR1-expanding-refit21,1,0.009664427204,9.340115317e-05,-0.02508223899,-0.01984889543,-0.01589442139,,,-0.01635921746,6.339105288e-05,True,
2021-08-17,2021-08-16,NKY,GJR-skewt,GJR-skewt-AR1-expanding-refit21,1,0.01145215939,0.0001311519548,-0.02944988594,-0.02324847501,-0.01856249972,,,-0.003593195996,7.931439898e-05,True,
2021-08-18,2021-08-17,NKY,GJR-skewt,GJR-skewt-AR1-expanding-refit21,1,0.01110616215,0.0001233468378,-0.02879145148,-0.02277740006,-0.01823299934,,,0.005869434857,8.998598115e-05,True,
2021-08-19,2021-08-18,NKY,GJR-skewt,GJR-skewt-AR1-expanding-refit21,1,0.01071189861,0.0001147447718,-0.02794481943,-0.02214426402,-0.01776118739,,,-0.01110842324,4.022339143e-05,True,
2021-08-20,2021-08-19,NKY,GJR-skewt,GJR-skewt-AR1-expanding-refit21,1,0.01122740305,0.0001260545792,-0.02896452962,-0.02288482556,-0.01829081569,,,-0.009869231315,0.000151551736,True,
2021-08-23,2021-08-20,NKY,GJR-skewt,GJR-skewt-AR1-expanding-refit21,1,0.01152939899,0.000132927041,-0.02977386371,-0.02353062709,-0.01881304703,,,0.01764905018,6.672487865e-05,True,
2021-08-24,2021-08-23,NKY,GJR-skewt,GJR-skewt-AR1-expanding-refit21,1,0.01140484022,0.0001300703804,-0.02997121062,-0.02379542329,-0.01912880998,,,0.008614036399,3.611040336e-05,True,
2021-08-25,2021-08-24,NKY,GJR-skewt,GJR-skewt-AR1-expanding-refit21,1,0.0110394975,0.0001218705052,-0.0288493049,-0.02287135278,-0.01835422978,,,-0.0002632253152,5.223676425e-05,True,
2021-08-26,2021-08-25,NKY,GJR-skewt,GJR-skewt-AR1-expanding-refit21,1,0.0106113396,0.0001126005282,-0.02756693143,-0.0218208293,-0.01747889923,,,0.0006305822292,4.302657637e-05,True,
2021-08-27,2021-08-26,NKY,GJR-skewt,GJR-skewt-AR1-expanding-refit21,1,0.01021718869,0.0001043909447,-0.02655821286,-0.02102554575,-0.01684489369,,,-0.003652664815,6.250026584e-05,True,
2021-08-30,2021-08-27,NKY,GJR-skewt,GJR-skewt-AR1-expanding-refit21,1,0.009959911016,9.919982744e-05,-0.02581079147,-0.02041640197,-0.01634022501,,,0.005345395791,4.196594734e-05,True,
2021-08-31,2021-08-30,NKY,GJR-skewt,GJR-skewt-AR1-expanding-refit21,1,0.009653611938,9.319222345e-05,-0.02518898931,-0.01996049452,-0.01600967302,,,0.01074657074,0.0002104318342,True,
2021-09-01,2021-08-31,NKY,GJR-skewt,GJR-skewt-AR1-expanding-refit21,1,0.009493900235,9.013414167e-05,-0.0248785906,-0.0197365973,-0.01585113915,,,0.0127867642,0.000107592027,True,
2021-09-02,2021-09-01,NKY,GJR-skewt,GJR-skewt-AR1-expanding-refit21,1,0.009418879998,8.871530041e-05,-0.02472310661,-0.01962174503,-0.01576698954,,,0.00324558593,5.845437721e-05,True,
2021-09-03,2021-09-02,NKY,GJR-skewt,GJR-skewt-AR1-expanding-refit21,1,0.009138339086,8.350924125e-05,-0.0238070564,-0.01885763865,-0.01511769688,,,0.0202740843,0.0002430180926,True,
2021-09-06,2021-09-03,NKY,GJR-skewt,GJR-skewt-AR1-expanding-refit21,1,0.009435356585,8.90259539e-05,-0.02491189697,-0.01980161151,-0.01594011284,,,0.01809198289,0.0001172658097,True,
2021-09-07,2021-09-06,NKY,GJR-skewt,GJR-skewt-AR1-expanding-refit21,1,0.009596853769,9.209960226e-05,-0.02528967432,-0.02009192033,-0.01616432759,,,0.008602505905,8.641958812e-05,True,
2021-09-08,2021-09-07,NKY,GJR-skewt,GJR-skewt-AR1-expanding-refit21,1,0.009392493371,8.821893173e-05,-0.02457289367,-0.01948582336,-0.01564186682,,,0.008821421645,0.0001284103768,True,
2021-09-09,2021-09-08,NKY,GJR-skewt,GJR-skewt-AR1-expanding-refit21,1,0.009208433948,8.479525578e-05,-0.02409813975,-0.0191107579,-0.01534212922,,,-0.005749250382,4.910783249e-05,True,
2021-09-10,2021-09-09,NKY,GJR-skewt,GJR-skewt-AR1-expanding-refit21,1,0.009211295958,8.484797322e-05,-0.02382164144,-0.0188327095,-0.01506290952,,,0.01237473015,0.0001137933816,True,
2021-09-13,2021-09-10,NKY,GJR-skewt,GJR-skewt-AR1-expanding-refit21,1,0.009141281011,8.356301852e-05,-0.02399261754,-0.01904160641,-0.01530046063,,,0.002154534851,9.9163719e-05,True,
2021-09-14,2021-09-13,NKY,GJR-skewt,GJR-skewt-AR1-expanding-refit21,1,0.008875895903,7.878152809e-05,-0.02310277838,-0.01829550254,-0.01466296784,,,0.00728863484,0.0001158502572,True,
2021-09-15,2021-09-14,NKY,GJR-skewt,GJR-skewt-AR1-expanding-refit21,1,0.008703435352,7.574978692e-05,-0.02275399578,-0.01804012633,-0.01447817255,,,-0.005177650757,6.476867284e-05,True,
2021-09-16,2021-09-15,NKY,GJR-skewt,GJR-skewt-AR1-expanding-refit21,1,0.008711641916,7.589270488e-05,-0.02253241619,-0.01781410198,-0.01424878959,,,-0.006192867421,9.302217127e-05,True,
2021-09-17,2021-09-16,NKY,GJR-skewt,GJR-skewt-AR1-expanding-refit21,1,0.0088513686,7.83467261e-05,-0.0228762749,-0.01808228329,-0.01445978659,,,0.005810640788,3.9903506e-05,True,
2021-09-21,2021-09-17,NKY,GJR-skewt,GJR-skewt-AR1-expanding-refit21,1,0.008650248153,7.48267931e-05,-0.02258677204,-0.01790170932,-0.01436152285,,,-0.02188826024,9.558773022e-05,True,
2021-09-22,2021-09-21,NKY,GJR-skewt,GJR-skewt-AR1-expanding-refit21,1,0.01216812594,0.000148063289,-0.0312023686,-0.02461198735,-0.01963207994,,,-0.006735517825,0.0001821593704,True,
2021-09-24,2021-09-22,NKY,GJR-skewt,GJR-skewt-AR1-expanding-refit21,1,0.01200874468,0.0001442099488,-0.03108286407,-0.02457880534,-0.01966412605,,,0.02035229258,5.025607201e-05,True,
2021-09-27,2021-09-24,NKY,GJR-skewt,GJR-skewt-AR1-expanding-refit21,1,0.01194569981,0.000142699744,-0.03144666313,-0.02497675014,-0.02008787249,,,-0.0002893094185,4.884201237e-05,True,
2021-09-28,2021-09-27,NKY,GJR-skewt,GJR-skewt-AR1-expanding-refit21,1,0.0114476202,0.0001310480083,-0.02974814195,-0.02354799396,-0.01886295956,,,-0.001856865026,4.434974424e-05,True,
2021-09-29,2021-09-28,NKY,GJR-skewt,GJR-skewt-AR1-expanding-refit21,1,0.01101401091,0.0001213084364,-0.0285891132,-0.02262381243,-0.01811623626,,,-0.02142022704,0.0002062316932,True,
2021-09-30,2021-09-29,NKY,GJR-skewt,GJR-skewt-AR1-expanding-refit21,1,0.01367924657,0.0001871217868,-0.03513868607,-0.02774072587,-0.02214721248,,,-0.003106227521,0.0001666243817,True,
2021-10-01,2021-09-30,NKY,GJR-skewt,GJR-skewt-AR1-expanding-refit21,1,0.01313324973,0.0001724822485,-0.03405948167,-0.02695680549,-0.02158655298,,,-0.02341385487,0.0001936275775,True,
2021-10-04,2021-10-01,NKY,GJR-skewt,GJR-skewt-AR1-expanding-refit21,1,0.01571372709,0.0002469212191,-0.04039460021,-0.03189635968,-0.02547093687,,,-0.01140182629,0.0004482939442,True,
2021-10-05,2021-10-04,NKY,GJR-skewt,GJR-skewt-AR1-expanding-refit21,1,0.01569326187,0.0002462784681,-0.04056521579,-0.03207804318,-0.02566098871,,,-0.02213719603,0.0006272852352,True,
2021-10-06,2021-10-05,NKY,GJR-skewt,GJR-skewt-AR1-expanding-refit21,1,0.01743506003,0.0003039813181,-0.04489675042,-0.03546758489,-0.02833830031,,,-0.01059611591,0.0007398484702,True,
2021-10-07,2021-10-06,NKY,GJR-skewt,GJR-skewt-AR1-expanding-refit21,1,0.01713948056,0.000293761794,-0.04434282996,-0.03507351864,-0.028065098,,,0.005410254049,0.0004280614127,True,
2021-10-08,2021-10-07,NKY,GJR-skewt,GJR-skewt-AR1-expanding-refit21,1,0.01629754106,0.0002656098447,-0.04245067173,-0.03363669506,-0.02697254775,,,0.01330532699,0.0001209589833,True,
2021-10-11,2021-10-08,NKY,GJR-skewt,GJR-skewt-AR1-expanding-refit21,1,0.01563747063,0.0002445304876,-0.04088051426,-0.03242351447,-0.02602927332,,,0.01589007803,0.0002878681847,True,
2021-10-12,2021-10-11,NKY,GJR-skewt,GJR-skewt-AR1-expanding-refit21,1,0.01509641346,0.0002279016995,-0.03952102663,-0.0313566394,-0.02518363927,,,-0.009434071727,0.0001346463576,True,
2021-10-13,2021-10-12,NKY,GJR-skewt,GJR-skewt-AR1-expanding-refit21,1,0.01483993238,0.0002202235931,-0.03838179687,-0.03035611881,-0.02428799509,,,-0.003204851278,0.0001672403189,True,
2021-10-14,2021-10-13,NKY,GJR-skewt,GJR-skewt-AR1-expanding-refit21,1,0.01420115475,0.0002016727963,-0.03683599118,-0.0291557745,-0.0233488502,,,0.01448752213,0.0001716675576,True,
2021-10-15,2021-10-14,NKY,GJR-skewt,GJR-skewt-AR1-expanding-refit21,1,0.01373309392,0.0001885978687,-0.03594796657,-0.02852088484,-0.02290535299,,,0.01797011628,0.0001092270517,True,
2021-10-18,2021-10-15,NKY,GJR-skewt,GJR-skewt-AR1-expanding-refit21,1,0.01342296035,0.0001801758646,-0.03520600076,-0.02794664434,-0.02245792768,,,-0.001486207172,0.000117905675,True,
2021-10-19,2021-10-18,NKY,GJR-skewt,GJR-skewt-AR1-expanding-refit21,1,0.0128263885,0.0001645162419,-0.03329131798,-0.02635459737,-0.02110982198,,,0.006526650586,4.762100037e-05,True,
2021-10-20,2021-10-19,NKY,GJR-skewt,GJR-skewt-AR1-expanding-refit21,1,0.01230714915,0.0001514659203,-0.03208975307,-0.02543384558,-0.0204013898,,,0.001369267094,5.984184378e-05,True,
2021-10-21,2021-10-20,NKY,GJR-skewt,GJR-skewt-AR1-expanding-refit21,1,0.01178539083,0.0001388954369,-0.03063619024,-0.02426245819,-0.01944335204,,,-0.01887329035,0.0001542206165,True,
2021-10-22,2021-10-21,NKY,GJR-skewt,GJR-skewt-AR1-expanding-refit21,1,0.0136179038,0.000185447304,-0.03502655722,-0.02766177219,-0.02209334217,,,0.003347726624,0.000166222384,True,
2021-10-25,2021-10-22,NKY,GJR-skewt,GJR-skewt-AR1-expanding-refit21,1,0.01300670952,0.0001691744925,-0.03385054219,-0.02681630102,-0.02149779145,,,-0.00712270322,0.0001333077718,True,
2021-10-26,2021-10-25,NKY,GJR-skewt,GJR-skewt-AR1-expanding-refit21,1,0.01275579354,0.0001627102688,-0.03300260914,-0.02610406744,-0.02088815869,,,0.01752361518,8.130419538e-05,True,
2021-10-27,2021-10-26,NKY,GJR-skewt,GJR-skewt-AR1-expanding-refit21,1,0.01250871717,0.0001564680051,-0.03281911113,-0.02605419236,-0.02093931439,,,-0.0002669750077,6.599923924e-05,True,
2021-10-28,2021-10-27,NKY,GJR-skewt,GJR-skewt-AR1-expanding-refit21,1,0.01196975193,0.0001432749612,-0.03108534542,-0.02461190788,-0.01971741553,,,-0.009604991307,8.104176936e-05,True,
2021-10-29,2021-10-28,NKY,GJR-skewt,GJR-skewt-AR1-expanding-refit21,1,0.01210641766,0.0001465653485,-0.03126705955,-0.02472848654,-0.01978220475,,,0.002515895065,0.0003272892463,True,
2021-11-01,2021-10-29,NKY,GJR-skewt,GJR-skewt-AR1-expanding-refit21,1,0.01160338882,0.0001346386321,-0.03017550992,-0.0239086185,-0.01916785766,,,0.02577503809,0.0001334236483,True,
2021-11-02,2021-11-01,NKY,GJR-skewt,GJR-skewt-AR1-expanding-refit21,1,0.01186595545,0.0001408008989,-0.03127428012,-0.0248655787,-0.02001754181,,,-0.004265140716,4.647641585e-05,True,
2021-11-04,2021-11-02,NKY,GJR-skewt,GJR-skewt-AR1-expanding-refit21,1,0.01148018194,0.0001317945775,-0.0297338246,-0.02353347616,-0.01884305358,,,0.00922092034,3.914441002e-05,True,
2021-11-05,2021-11-04,NKY,GJR-skewt,GJR-skewt-AR1-expanding-refit21,1,0.0111138535,0.0001235177397,-0.0290222156,-0.02301971803,-0.01847896513,,,-0.006154246819,0.0001029547257,True,
2021-11-08,2021-11-05,NKY,GJR-skewt,GJR-skewt-AR1-expanding-refit21,1,0.01095317962,0.0001199721438,-0.02832941812,-0.02241369915,-0.01793859228,,,-0.003535929525,5.242709067e-05,True,
2021-11-09,2021-11-08,NKY,GJR-skewt,GJR-skewt-AR1-expanding-refit21,1,0.01063698884,0.0001131455315,-0.02755388579,-0.02180893877,-0.01746301699,,,-0.007538065063,0.0002058260739,True,
2021-11-10,2021-11-09,NKY,GJR-skewt,GJR-skewt-AR1-expanding-refit21,1,0.01069329215,0.0001143464969,-0.02762875906,-0.0218534031,-0.01748447765,,,-0.006120066536,8.702047542e-05,True,
2021-11-11,2021-11-10,NKY,GJR-skewt,GJR-skewt-AR1-expanding-refit21,1,0.01060070925,0.0001123750366,-0.02741332398,-0.02168797125,-0.01735687211,,,0.005860465133,0.0001240610509,True,
2021-11-12,2021-11-11,NKY,GJR-skewt,GJR-skewt-AR1-expanding-refit21,1,0.01024866538,0.000105035142,-0.02671194658,-0.02117672975,-0.01698946409,,,0.01127957477,5.804077893e-05,True,
2021-11-15,2021-11-12,NKY,GJR-skewt,GJR-skewt-AR1-expanding-refit21,1,0.01004831374,0.0001009686091,-0.02628776858,-0.02086075996,-0.01675535135,,,0.005618440427,3.685716246e-05,True,
2021-11-16,2021-11-15,NKY,GJR-skewt,GJR-skewt-AR1-expanding-refit21,1,0.009744137745,9.494822039e-05,-0.02539544305,-0.02013271729,-0.01615158494,,,0.001051217755,0.0001283897325,True,
2021-11-17,2021-11-16,NKY,GJR-skewt,GJR-skewt-AR1-expanding-refit21,1,0.0094232989,8.879856215e-05,-0.02447934052,-0.01938989709,-0.01553984888,,,-0.004026768771,4.275167234e-05,True,
2021-11-18,2021-11-17,NKY,GJR-skewt,GJR-skewt-AR1-expanding-refit21,1,0.009272348321,8.597644339e-05,-0.02399595083,-0.01898803452,-0.01519965972,,,-0.003024946553,0.0001665810022,True,
2021-11-19,2021-11-18,NKY,GJR-skewt,GJR-skewt-AR1-expanding-refit21,1,0.009078314303,8.241579058e-05,-0.0235092201,-0.01860609991,-0.01489700099,,,0.004961174473,8.165244884e-05,True,
2021-11-22,2021-11-19,NKY,GJR-skewt,GJR-skewt-AR1-expanding-refit21,1,0.008846603665,7.826239641e-05,-0.02304938319,-0.01827140794,-0.01465697832,,,0.0009489332094,4.641566214e-05,True,
2021-11-24,2021-11-22,NKY,GJR-skewt,GJR-skewt-AR1-expanding-refit21,1,0.008602758724,7.400745766e-05,-0.02234344987,-0.0176971732,-0.01418237056,,,-0.01596090078,8.005570158e-05,True,
2021-11-25,2021-11-24,NKY,GJR-skewt,GJR-skewt-AR1-expanding-refit21,1,0.01056117826,0.0001115384862,-0.02713455206,-0.02143054968,-0.0171156016,,,0.006687530193,3.149570021e-05,True,
2021-11-26,2021-11-25,NKY,GJR-skewt,GJR-skewt-AR1-expanding-refit21,1,0.01022219266,0.0001044932228,-0.0266578847,-0.02113696556,-0.01696051578,,,-0.02567174897,0.0002702666783,True,
2021-11-29,2021-11-26,NKY,GJR-skewt,GJR-skewt-AR1-expanding-refit21,1,0.01425238538,0.0002031304889,-0.03656101193,-0.02886342004,-0.02304036683,,,-0.01640064112,0.0005086744236,True,
2021-11-30,2021-11-29,NKY,GJR-skewt,GJR-skewt-AR1-expanding-refit21,1,0.01519278856,0.0002308208241,-0.03917258614,-0.03096709052,-0.02475981968,,,-0.01647500239,0.0003373773314,True,
2021-12-01,2021-11-30,NKY,GJR-skewt,GJR-skewt-AR1-expanding-refit21,1,0.01598896802,0.0002556470985,-0.04125629348,-0.03261921002,-0.02608587284,,,0.004084106193,0.000763277555,True,
2021-12-02,2021-12-01,NKY,GJR-skewt,GJR-skewt-AR1-expanding-refit21,1,0.01521339738,0.0002314474599,-0.03959840788,-0.03138028006,-0.02516385292,,,-0.006545302986,0.0002736291567,True,
2021-12-03,2021-12-02,NKY,GJR-skewt,GJR-skewt-AR1-expanding-refit21,1,0.01471599373,0.0002165604715,-0.03811891572,-0.03016948046,-0.02415630007,,,0.009902792139,0.0002068170184,True,
2021-12-06,2021-12-03,NKY,GJR-skewt,GJR-skewt-AR1-expanding-refit21,1,0.01410181987,0.0001988613236,-0.03680896214,-0.02919129757,-0.02342907803,,,-0.003652854665,0.0002826387682,True,
2021-12-07,2021-12-06,NKY,GJR-skewt,GJR-skewt-AR1-expanding-refit21,1,0.01352091305,0.0001828150898,-0.03506113985,-0.02775727544,-0.02223242331,,,0.0187377833,0.0002299675724,True,
2021-12-08,2021-12-07,NKY,GJR-skewt,GJR-skewt-AR1-expanding-refit21,1,0.01324038748,0.0001753078606,-0.03472284583,-0.02757051858,-0.0221602935,,,0.01413304229,0.0001716983562,True,
2021-12-09,2021-12-08,NKY,GJR-skewt,GJR-skewt-AR1-expanding-refit21,1,0.01285148821,0.0001651607493,-0.03363086359,-0.0266886159,-0.02143730102,,,-0.004693796315,5.681848909e-05,True,
2021-12-10,2021-12-09,NKY,GJR-skewt,GJR-skewt-AR1-expanding-refit21,1,0.01241877791,0.0001542260448,-0.0321763631,-0.02546786127,-0.02039335844,,,-0.01006603538,9.592162618e-05,True,
2021-12-13,2021-12-10,NKY,GJR-skewt,GJR-skewt-AR1-expanding-refit21,1,0.01257546844,0.0001581424064,-0.03249001123,-0.02569686671,-0.02055833773,,,0.007103284271,,True,
2021-12-14,2021-12-13,NKY,GJR-skewt,GJR-skewt-AR1-expanding-refit21,1,0.01207999216,0.0001459262105,-0.03150138783,-0.02497589473,-0.02003982495,,,-0.007283656102,,True,
2021-12-15,2021-12-14,NKY,GJR-skewt,GJR-skewt-AR1-expanding-refit21,1,0.01193081287,0.0001423442959,-0.03086193241,-0.0244170245,-0.01954191165,,,0.0009519760269,6.157701562e-05,True,
2021-12-16,2021-12-15,NKY,GJR-skewt,GJR-skewt-AR1-expanding-refit21,1,0.01143497364,0.0001307586221,-0.02971622532,-0.02353916489,-0.01886665956,,,0.0210903474,0.0001007306106,True,
2021-12-17,2021-12-16,NKY,GJR-skewt,GJR-skewt-AR1-expanding-refit21,1,0.01147295162,0.0001316286188,-0.03016697457,-0.02396939881,-0.01928137509,,,-0.01807452593,0.0001264617422,True,
2021-12-20,2021-12-17,NKY,GJR-skewt,GJR-skewt-AR1-expanding-refit21,1,0.0131318088,0.0001724444023,-0.03379704779,-0.02670337368,-0.02133751551,,,-0.02152461211,0.0002751824702,True,
2021-12-21,2021-12-20,NKY,GJR-skewt,GJR-skewt-AR1-expanding-refit21,1,0.01533701046,0.0002352238897,-0.03947233803,-0.03118743565,-0.02492049831,,,0.02054009607,7.863884379e-05,True,
2021-12-22,2021-12-21,NKY,GJR-skewt,GJR-skewt-AR1-expanding-refit21,1,0.01493907085,0.000223175838,-0.03917251364,-0.03110257431,-0.02499824119,,,0.001563464079,4.495984775e-05,True,
2021-12-23,2021-12-22,NKY,GJR-skewt,GJR-skewt-AR1-expanding-refit21,1,0.01422754585,0.0002024230609,-0.03699021578,-0.02930463527,-0.02349104216,,,0.008234210115,2.333686835e-05,True,
2021-12-24,2021-12-23,NKY,GJR-skewt,GJR-skewt-AR1-expanding-refit21,1,0.0136253808,0.0001856510021,-0.03554061152,-0.02818031465,-0.0226127754,,,-0.0005480735533,,True,
2021-12-27,2021-12-24,NKY,GJR-skewt,GJR-skewt-AR1-expanding-refit21,1,0.01300505838,0.0001691315434,-0.03377369878,-0.026748494,-0.02143442799,,,-0.003694074972,,True,
2021-12-28,2021-12-27,NKY,GJR-skewt,GJR-skewt-AR1-expanding-refit21,1,0.01251991998,0.0001567483964,-0.03245689997,-0.02569376218,-0.02057793115,,,0.01360121396,6.4053724e-05,True,
2021-12-29,2021-12-28,NKY,GJR-skewt,GJR-skewt-AR1-expanding-refit21,1,0.01216861395,0.0001480751654,-0.03184545587,-0.02527209015,-0.02029980814,,,-0.005598165068,0.0001275681434,True,
2021-12-30,2021-12-29,NKY,GJR-skewt,GJR-skewt-AR1-expanding-refit21,1,0.01185503366,0.0001405418231,-0.03067900871,-0.02428116924,-0.01944005491,,,-0.003992127688,9.640205715e-05,True,
2022-01-04,2021-12-30,NKY,GJR-skewt,GJR-skewt-AR1-expanding-refit21,1,0.01148697224,0.0001319505311,-0.02975090412,-0.0235516974,-0.01886088441,,,0.0175610431,7.999014032e-05,True,
2022-01-05,2022-01-04,NKY,GJR-skewt,GJR-skewt-AR1-expanding-refit21,1,0.01136648624,0.0001291970094,-0.02982589692,-0.02369171323,-0.01905010182,,,0.001035956238,5.914241501e-05,True,
2022-01-06,2022-01-05,NKY,GJR-skewt,GJR-skewt-AR1-expanding-refit21,1,0.01091654847,0.0001191710305,-0.02835826311,-0.02246689859,-0.0180090235,,,-0.02920617801,0.0001563605099,True,
2022-01-07,2022-01-06,NKY,GJR-skewt,GJR-skewt-AR1-expanding-refit21,1,0.01576279103,0.0002484655811,-0.04041470337,-0.03190795346,-0.02547106971,,,-0.0003268096714,0.0001514176963,True,
2022-01-11,2022-01-07,NKY,GJR-skewt,GJR-skewt-AR1-expanding-refit21,1,0.0149978189,0.0002249345718,-0.03894587803,-0.03085196279,-0.02472746259,,,-0.009032702628,0.0001897743294,True,
2022-01-12,2022-01-11,NKY,GJR-skewt,GJR-skewt-AR1-expanding-refit21,1,0.01474117872,0.00021730235,-0.03812172209,-0.03016630858,-0.02414660981,,,0.01906348001,6.058286162e-05,True,
2022-01-13,2022-01-12,NKY,GJR-skewt,GJR-skewt-AR1-expanding-refit21,1,0.01435639799,0.0002061061632,-0.03762736557,-0.02987960776,-0.02401703781,,,-0.009659678965,4.002187242e-05,True,
2022-01-14,2022-01-13,NKY,GJR-skewt,GJR-skewt-AR1-expanding-refit21,1,0.01419324438,0.0002014481859,-0.03668568204,-0.0290259738,-0.02323002916,,,-0.01288940589,0.0002595148153,True,
2022-01-17,2022-01-14,NKY,GJR-skewt,GJR-skewt-AR1-expanding-refit21,1,0.01452377925,0.0002109401638,-0.03748695878,-0.02964886986,-0.0237179482,,,0.00741230414,8.706833239e-05,True,
2022-01-18,2022-01-17,NKY,GJR-skewt,GJR-skewt-AR1-expanding-refit21,1,0.01388637628,0.0001928314461,-0.03619531309,-0.02870121323,-0.02303058106,,,-0.002695477613,0.0002335811782,True,
2022-01-19,2022-01-18,NKY,GJR-skewt,GJR-skewt-AR1-expanding-refit21,1,0.01328947613,0.0001766101758,-0.03446115424,-0.02728918517,-0.02186230278,,,-0.02835638698,0.0002563844532,True,
2022-01-20,2022-01-19,NKY,GJR-skewt,GJR-skewt-AR1-expanding-refit21,1,0.01708968225,0.0002920572394,-0.04388020988,-0.03465737284,-0.0276786406,,,0.01106811928,0.0004538495924,True,
2022-01-21,2022-01-20,NKY,GJR-skewt,GJR-skewt-AR1-expanding-refit21,1,0.01631557326,0.0002661979307,-0.04257759815,-0.0337725267,-0.02710990913,,,-0.009066670704,0.0003802434459,True,
2022-01-24,2022-01-21,NKY,GJR-skewt,GJR-skewt-AR1-expanding-refit21,1,0.01591742173,0.0002533643146,-0.04117959046,-0.03258939056,-0.02608936191,,,0.002399152505,0.0002057843444,True,
2022-01-25,2022-01-24,NKY,GJR-skewt,GJR-skewt-AR1-expanding-refit21,1,0.01514148729,0.0002292646375,-0.0393685546,-0.03119710543,-0.0250139369,,,-0.01670476456,0.0003649408299,True,
2022-01-26,2022-01-25,NKY,GJR-skewt,GJR-skewt-AR1-expanding-refit21,1,0.01590403837,0.0002529384366,-0.04100719012,-0.03242421286,-0.02592964943,,,-0.004433100795,0.0001664872739,True,
2022-01-27,2022-01-26,NKY,GJR-skewt,GJR-skewt-AR1-expanding-refit21,1,0.01524671082,0.0002324621907,-0.03951907448,-0.03129083904,-0.02506470148,,,-0.03163120079,0.0005783851973,True,
2022-01-28,2022-01-27,NKY,GJR-skewt,GJR-skewt-AR1-expanding-refit21,1,0.01933232588,0.0003737388238,-0.04965256105,-0.0392194302,-0.03132489337,,,0.02068757704,0.0002797651138,True,
2022-01-31,2022-01-28,NKY,GJR-skewt,GJR-skewt-AR1-expanding-refit21,1,0.01859843058,0.0003459016202,-0.04868680462,-0.03864973712,-0.03105489332,,,0.01059742723,0.0003311382625,True,
2022-02-01,2022-01-31,NKY,GJR-skewt,GJR-skewt-AR1-expanding-refit21,1,0.01772364628,0.0003141276375,-0.0462304059,-0.03666543571,-0.0294278183,,,0.002829119785,0.0002139988717,True,
2022-02-02,2022-02-01,NKY,GJR-skewt,GJR-skewt-AR1-expanding-refit21,1,0.0168233909,0.0002830264815,-0.04377899086,-0.03469236352,-0.02781721305,,,0.01666772904,0.0001060518176,True,
2022-02-03,2022-02-02,NKY,GJR-skewt,GJR-skewt-AR1-expanding-refit21,1,0.01620286433,0.0002625328126,-0.04242282641,-0.03367135705,-0.02704979479,,,-0.01067247152,0.0001284977809,True,
2022-02-04,2022-02-03,NKY,GJR-skewt,GJR-skewt-AR1-expanding-refit21,1,0.01596290476,0.0002548143283,-0.04128870976,-0.03266684705,-0.02614334814,,,0.007266855451,9.435254998e-05,True,
2022-02-07,2022-02-04,NKY,GJR-skewt,GJR-skewt-AR1-expanding-refit21,1,0.01522518507,0.0002318062605,-0.03970415368,-0.03148074713,-0.02525872929,,,-0.006989426009,0.0001265786729,True,
2022-02-08,2022-02-07,NKY,GJR-skewt,GJR-skewt-AR1-expanding-refit21,1,0.01475850308,0.0002178134131,-0.03822424654,-0.03025290365,-0.02422160294,,,0.001307470375,6.096286037e-05,True,
2022-02-09,2022-02-08,NKY,GJR-skewt,GJR-skewt-AR1-expanding-refit21,1,0.01406406012,0.000197797787,-0.03657244445,-0.02897618316,-0.02322867779,,,0.01076663644,6.119397904e-05,True,
2022-02-10,2022-02-09,NKY,GJR-skewt,GJR-skewt-AR1-expanding-refit21,1,0.01352417398,0.0001829032819,-0.0353443848,-0.02803972608,-0.0225128539,,,0.004204762211,8.352265325e-05,True,
2022-02-14,2022-02-10,NKY,GJR-skewt,GJR-skewt-AR1-expanding-refit21,1,0.01293396442,0.0001672874357,-0.0336866281,-0.02670075258,-0.02141507907,,,-0.02251058813,0.0001390571102,True,
2022-02-15,2022-02-14,NKY,GJR-skewt,GJR-skewt-AR1-expanding-refit21,1,0.01530298495,0.0002341813484,-0.03935120825,-0.03108578054,-0.02483196852,,,-0.007948925614,0.0001750456768,True,
2022-02-16,2022-02-15,NKY,GJR-skewt,GJR-skewt-AR1-expanding-refit21,1,0.01495483734,0.00022364716,-0.03871709951,-0.03063971281,-0.02452817694,,,0.021913605,3.725988915e-05,True,
2022-02-17,2022-02-16,NKY,GJR-skewt,GJR-skewt-AR1-expanding-refit21,1,0.01465326147,0.0002147180716,-0.03848949722,-0.03057499728,-0.02458670526,,,-0.008320313069,0.000242364991,True,
2022-02-18,2022-02-17,NKY,GJR-skewt,GJR-skewt-AR1-expanding-refit21,1,0.01432434739,0.0002051869282,-0.0370700064,-0.02933315909,-0.02347928313,,,-0.004076868987,0.0003220183134,True,
2022-02-21,2022-02-18,NKY,GJR-skewt,GJR-skewt-AR1-expanding-refit21,1,0.01376601535,0.0001895031787,-0.03569669052,-0.02826140876,-0.0226357042,,,-0.007817536775,,True,
2022-02-22,2022-02-21,NKY,GJR-skewt,GJR-skewt-AR1-expanding-refit21,1,0.01351974016,0.000182783374,-0.0349862645,-0.02768400057,-0.02215894035,,,-0.01728887229,,True,
2022-02-24,2022-02-22,NKY,GJR-skewt,GJR-skewt-AR1-expanding-refit21,1,0.01469058002,0.0002158131413,-0.03785547056,-0.02992081418,-0.02391727133,,,-0.01826777795,0.0006374951078,True,
2022-02-25,2022-02-24,NKY,GJR-skewt,GJR-skewt-AR1-expanding-refit21,1,0.01586851756,0.0002518098496,-0.04090152047,-0.03233063804,-0.02584571199,,,0.0192839351,0.000208385571,True,
2022-02-28,2022-02-25,NKY,GJR-skewt,GJR-skewt-AR1-expanding-refit21,1,0.01538920878,0.0002368277468,-0.04035496052,-0.0320429617,-0.02575391293,,,0.001898761241,0.0002646762096,True,
2022-03-01,2022-02-28,NKY,GJR-skewt,GJR-skewt-AR1-expanding-refit21,1,0.01465428054,0.0002147479383,-0.03811888085,-0.03020383049,-0.024215122,,,0.0119128713,8.801795846e-05,True,
2022-03-02,2022-03-01,NKY,GJR-skewt,GJR-skewt-AR1-expanding-refit21,1,0.01409209051,0.0001985870151,-0.03684314892,-0.02923174789,-0.02347278744,,,-0.01696924603,0.0001513288679,True,
2022-03-03,2022-03-02,NKY,GJR-skewt,GJR-skewt-AR1-expanding-refit21,1,0.01503452509,0.0002260369448,-0.0387561758,-0.03063574826,-0.0244916467,,,0.006956387902,6.420539342e-05,True,
2022-03-04,2022-03-03,NKY,GJR-skewt,GJR-skewt-AR1-expanding-refit21,1,0.01435773441,0.0002061445374,-0.03744176323,-0.02968688297,-0.02381936286,,,-0.02251875893,0.0004697840123,True,
2022-03-07,2022-03-04,NKY,GJR-skewt,GJR-skewt-AR1-expanding-refit21,1,0.01637246525,0.0002680576185,-0.0421162549,-0.03328533491,-0.02659955755,,,-0.02984431927,0.0003431698811,True,
2022-03-08,2022-03-07,NKY,GJR-skewt,GJR-skewt-AR1-expanding-refit21,1,0.01974617385,0.0003899113817,-0.05075032932,-0.04009971082,-0.03203626283,,,-0.01721460757,0.0005510024928,True,
2022-03-09,2022-03-08,NKY,GJR-skewt,GJR-skewt-AR1-expanding-refit21,1,0.0200349643,0.0004013997945,-0.05174295755,-0.04093657232,-0.03275519532,,,-0.00296595557,0.0002796119027,True,
2022-03-10,2022-03-09,NKY,GJR-skewt,GJR-skewt-AR1-expanding-refit21,1,0.01903570728,0.0003623581516,-0.0494166562,-0.03914924654,-0.0313759211,,,0.03860471626,0.0001443891783,True,
2022-03-11,2022-03-10,NKY,GJR-skewt,GJR-skewt-AR1-expanding-refit21,1,0.01904943584,0.0003628810057,-0.05024744053,-0.03997262601,-0.03219369445,,,-0.02075150569,0.0002187970895,True,
2022-03-14,2022-03-11,NKY,GJR-skewt,GJR-skewt-AR1-expanding-refit21,1,0.01977327181,0.0003909822779,-0.05099471336,-0.04032947887,-0.03225496529,,,0.005748718122,0.0001903782056,True,
2022-03-15,2022-03-14,NKY,GJR-skewt,GJR-skewt-AR1-expanding-refit21,1,0.01876283891,0.000352044124,-0.04887366962,-0.03875343869,-0.0310915404,,,0.001525274046,0.000139101128,True,
2022-03-16,2022-03-15,NKY,GJR-skewt,GJR-skewt-AR1-expanding-refit21,1,0.01780100422,0.0003168757512,-0.04629139761,-0.03668995754,-0.02942082921,,,0.01626103429,0.0001285091374,True,
2022-03-17,2022-03-16,NKY,GJR-skewt,GJR-skewt-AR1-expanding-refit21,1,0.01709399649,0.0002922047161,-0.04473448093,-0.03551438408,-0.02853396586,,,0.03399669356,0.0002178905809,True,
2022-03-18,2022-03-17,NKY,GJR-skewt,GJR-skewt-AR1-expanding-refit21,1,0.01711695297,0.0002929900791,-0.04513339689,-0.03590091786,-0.02891112525,,,0.006527249226,0.0001160513295,True,
2022-03-22,2022-03-18,NKY,GJR-skewt,GJR-skewt-AR1-expanding-refit21,1,0.01630080649,0.0002657162921,-0.04248542144,-0.03369315249,-0.02703663735,,,0.01467809497,6.720244062e-05,True,
2022-03-23,2022-03-22,NKY,GJR-skewt,GJR-skewt-AR1-expanding-refit21,1,0.01567452398,0.0002456907019,-0.04101250819,-0.03255804119,-0.02615727162,,,0.02953481902,7.808192597e-05,True,
2022-03-24,2022-03-23,NKY,GJR-skewt,GJR-skewt-AR1-expanding-refit21,1,0.01563909888,0.0002445814139,-0.04120452564,-0.0327691661,-0.02638286254,,,0.002501506954,0.0001750493107,True,
2022-03-25,2022-03-24,NKY,GJR-skewt,GJR-skewt-AR1-expanding-refit21,1,0.01489123114,0.0002217487647,-0.03874246779,-0.0307104904,-0.02462958234,,,0.001402384105,0.0003347382959,True,
2022-03-28,2022-03-25,NKY,GJR-skewt,GJR-skewt-AR1-expanding-refit21,1,0.01418883488,0.0002013230352,-0.03689468678,-0.0292415653,-0.02344748423,,,-0.007343071809,0.0001330296932,True,
2022-03-29,2022-03-28,NKY,GJR-skewt,GJR-skewt-AR1-expanding-refit21,1,0.01385060722,0.0001918393204,-0.03584777478,-0.02837708528,-0.02272112116,,,0.01098052157,8.607892293e-05,True,
2022-03-30,2022-03-29,NKY,GJR-skewt,GJR-skewt-AR1-expanding-refit21,1,0.01332883335,0.0001776577984,-0.03484122642,-0.02765196939,-0.02220907421,,,-0.008001863614,0.0001883175625,True,
2022-03-31,2022-03-30,NKY,GJR-skewt,GJR-skewt-AR1-expanding-refit21,1,0.01311540159,0.0001720137588,-0.03392308644,-0.02684894946,-0.02149321019,,,-0.007370675294,0.0001707482264,True,
2022-04-01,2022-03-31,NKY,GJR-skewt,GJR-skewt-AR1-expanding-refit21,1,0.01289753116,0.0001663463101,-0.03336853136,-0.02641190852,-0.02114513773,,,-0.005603059369,0.0001554638109,True,
2022-04-04,2022-04-01,NKY,GJR-skewt,GJR-skewt-AR1-expanding-refit21,1,0.01255022446,0.0001575081339,-0.03249907977,-0.02572978594,-0.02060483956,,,0.002544662431,5.323681326e-05,True,
2022-04-05,2022-04-04,NKY,GJR-skewt,GJR-skewt-AR1-expanding-refit21,1,0.01201881139,0.0001444518272,-0.03127283875,-0.02479017655,-0.01988223533,,,0.001855391046,5.433680221e-05,True,
2022-04-06,2022-04-05,NKY,GJR-skewt,GJR-skewt-AR1-expanding-refit21,1,0.01149518753,0.0001321393363,-0.0298749485,-0.02368097373,-0.01899118127,,,-0.01587604376,0.0001082537555,True,
2022-04-07,2022-04-06,NKY,GJR-skewt,GJR-skewt-AR1-expanding-refit21,1,0.01275286389,0.0001626355373,-0.03282306949,-0.02595141846,-0.02074852075,,,-0.01702622547,0.0001094301256,True,
2022-04-08,2022-04-07,NKY,GJR-skewt,GJR-skewt-AR1-expanding-refit21,1,0.01405634728,0.000197580899,-0.03619035878,-0.0286163492,-0.02288165794,,,0.00360952986,0.0001489517495,True,
2022-04-11,2022-04-08,NKY,GJR-skewt,GJR-skewt-AR1-expanding-refit21,1,0.01341701645,0.0001800163304,-0.03490205046,-0.02767253278,-0.02219867492,,,-0.006106297787,0.0001222903783,True,
2022-04-12,2022-04-11,NKY,GJR-skewt,GJR-skewt-AR1-expanding-refit21,1,0.01304528624,0.0001701794931,-0.03375997661,-0.02673075906,-0.02140855924,,,-0.01830642151,8.871026893e-05,True,
2022-04-13,2022-04-12,NKY,GJR-skewt,GJR-skewt-AR1-expanding-refit21,1,0.01451441202,0.0002106681562,-0.03735782287,-0.02953699335,-0.02361542141,,,0.01912523069,0.0001520373211,True,
2022-04-14,2022-04-13,NKY,GJR-skewt,GJR-skewt-AR1-expanding-refit21,1,0.01414116932,0.0001999726696,-0.0370651379,-0.02944542349,-0.02367612664,,,0.0121636893,9.024730521e-05,True,
2022-04-15,2022-04-14,NKY,GJR-skewt,GJR-skewt-AR1-expanding-refit21,1,0.01362668338,0.0001856865,-0.03560185297,-0.02825936004,-0.02269996253,,,-0.002904646836,,True,
2022-04-18,2022-04-15,NKY,GJR-skewt,GJR-skewt-AR1-expanding-refit21,1,0.01305437103,0.0001704166031,-0.033841537,-0.02680742427,-0.02148151804,,,-0.01089128286,,True,
2022-04-19,2022-04-18,NKY,GJR-skewt,GJR-skewt-AR1-expanding-refit21,1,0.01323739132,0.0001752285288,-0.03417270649,-0.02703997658,-0.02163940196,,,0.006893383684,0.0002136147398,True,
2022-04-20,2022-04-19,NKY,GJR-skewt,GJR-skewt-AR1-expanding-refit21,1,0.01268996693,0.0001610352608,-0.03307168619,-0.02623392604,-0.02105668896,,,0.008588508413,0.0001957878064,True,
2022-04-21,2022-04-20,NKY,GJR-skewt,GJR-skewt-AR1-expanding-refit21,1,0.01221541936,0.0001492164702,-0.03186888852,-0.02528682979,-0.02030319803,,,0.01224062644,8.180099604e-05,True,
2022-04-22,2022-04-21,NKY,GJR-skewt,GJR-skewt-AR1-expanding-refit21,1,0.01185925962,0.0001406420386,-0.03100923241,-0.02461908394,-0.0197807578,,,-0.01638582367,0.0001252635685,True,
2022-04-25,2022-04-22,NKY,GJR-skewt,GJR-skewt-AR1-expanding-refit21,1,0.01310889057,0.0001718430119,-0.03373925278,-0.02667576318,-0.02132761414,,,-0.01916328367,0.0002031676739,True,
2022-04-26,2022-04-25,NKY,GJR-skewt,GJR-skewt-AR1-expanding-refit21,1,0.0147836613,0.0002185566415,-0.03804216637,-0.03007625673,-0.02404483679,,,0.004103149191,0.0001029946234,True,
2022-04-27,2022-04-26,NKY,GJR-skewt,GJR-skewt-AR1-expanding-refit21,1,0.01409541932,0.0001986808457,-0.03667433724,-0.0290792744,-0.02332864258,,,-0.01181018696,0.0001884003283,True,
2022-04-28,2022-04-27,NKY,GJR-skewt,GJR-skewt-AR1-expanding-refit21,1,0.01425463027,0.0002031944842,-0.03680015483,-0.02911930403,-0.02330371752,,,0.01733014507,0.0001522309748,True,
2022-05-02,2022-04-28,NKY,GJR-skewt,GJR-skewt-AR1-expanding-refit21,1,0.01385197282,0.0001918771509,-0.0362809487,-0.02881706261,-0.0231657518,,,-0.001094579725,0.0002091961427,True,
2022-05-06,2022-05-02,NKY,GJR-skewt,GJR-skewt-AR1-expanding-refit21,1,0.01322156659,0.0001748098231,-0.03430888385,-0.02718468081,-0.02179056235,,,0.006875689126,0.0001447329546,True,
2022-05-09,2022-05-06,NKY,GJR-skewt,GJR-skewt-AR1-expanding-refit21,1,0.01267741915,0.0001607169564,-0.03303875086,-0.02620775186,-0.021035634,,,-0.02566470546,0.0001308413907,True,
2022-05-10,2022-05-09,NKY,GJR-skewt,GJR-skewt-AR1-expanding-refit21,1,0.01590957838,0.0002531146841,-0.04085106083,-0.03227847105,-0.02578770085,,,-0.005801142487,0.0003090441428,True,
2022-05-11,2022-05-10,NKY,GJR-skewt,GJR-skewt-AR1-expanding-refit21,1,0.01533335226,0.0002351116915,-0.03971646836,-0.03146665674,-0.0252152515,,,0.001777028047,0.0002281377101,True,
2022-05-12,2022-05-11,NKY,GJR-skewt,GJR-skewt-AR1-expanding-refit21,1,0.01459989652,0.0002131569784,-0.0379468253,-0.03009163526,-0.0241392598,,,-0.01789496531,0.0002797515042,True,
2022-05-13,2022-05-12,NKY,GJR-skewt,GJR-skewt-AR1-expanding-refit21,1,0.01566286398,0.0002453253079,-0.04035490955,-0.03192781057,-0.02554206345,,,0.02602588099,0.0001152485803,True,
2022-05-16,2022-05-13,NKY,GJR-skewt,GJR-skewt-AR1-expanding-refit21,1,0.01543565783,0.0002382595326,-0.04055590199,-0.03225104685,-0.02595793164,,,0.004507834478,0.000138548549,True,
2022-05-17,2022-05-16,NKY,GJR-skewt,GJR-skewt-AR1-expanding-refit21,1,0.01471325785,0.0002164799566,-0.03829065586,-0.03037447396,-0.02437588111,,,0.004236277577,0.0001265244941,True,
2022-05-18,2022-05-17,NKY,GJR-skewt,GJR-skewt-AR1-expanding-refit21,1,0.01403649606,0.0001970232217,-0.03652689882,-0.02897483542,-0.02325215824,,,0.009387590486,0.0001320192322,True,
2022-05-19,2022-05-18,NKY,GJR-skewt,GJR-skewt-AR1-expanding-refit21,1,0.01347223237,0.0001815010451,-0.03515324191,-0.02790476961,-0.02241214264,,,-0.01907095378,0.0001694661596,True,
2022-05-20,2022-05-19,NKY,GJR-skewt,GJR-skewt-AR1-expanding-refit21,1,0.01494788754,0.0002234393419,-0.03847553638,-0.03043311655,-0.0243388652,,,0.01265269553,0.0001329636631,True,
2022-05-23,2022-05-20,NKY,GJR-skewt,GJR-skewt-AR1-expanding-refit21,1,0.01436765644,0.0002064295515,-0.03753923517,-0.02980899738,-0.02395130617,,,0.009768873716,0.0001207575997,True,
2022-05-24,2022-05-23,NKY,GJR-skewt,GJR-skewt-AR1-expanding-refit21,1,0.01378740961,0.0001900926637,-0.03597923969,-0.02856119242,-0.02294006774,,,-0.009428181916,8.822073369e-05,True,
2022-05-25,2022-05-24,NKY,GJR-skewt,GJR-skewt-AR1-expanding-refit21,1,0.0136781813,0.0001870926435,-0.03534941606,-0.02799013695,-0.02241354464,,,-0.002633173279,8.624042242e-05,True,
2022-05-26,2022-05-25,NKY,GJR-skewt,GJR-skewt-AR1-expanding-refit21,1,0.01310790262,0.0001718171112,-0.03398974725,-0.02693729547,-0.02159320568,,,-0.002738640006,0.0001131737152,True,
2022-05-27,2022-05-26,NKY,GJR-skewt,GJR-skewt-AR1-expanding-refit21,1,0.01258012972,0.0001582596638,-0.03261619648,-0.02584770264,-0.02071878578,,,0.006624911994,7.354443512e-05,True,
2022-05-30,2022-05-27,NKY,GJR-skewt,GJR-skewt-AR1-expanding-refit21,1,0.01208338723,0.0001460082469,-0.03149393092,-0.0249926997,-0.02006630468,,,0.02170862568,8.31619047e-05,True,
2022-05-31,2022-05-30,NKY,GJR-skewt,GJR-skewt-AR1-expanding-refit21,1,0.01207129329,0.0001457161218,-0.0317343197,-0.02523959539,-0.02031813106,,,-0.003280155625,8.563634942e-05,True,
2022-06-01,2022-05-31,NKY,GJR-skewt,GJR-skewt-AR1-expanding-refit21,1,0.01162824326,0.0001352160414,-0.03013254203,-0.02387619216,-0.01913535926,,,0.006507050766,5.40624199e-05,True,
2022-06-02,2022-06-01,NKY,GJR-skewt,GJR-skewt-AR1-expanding-refit21,1,0.01120443354,0.000125539331,-0.02920745897,-0.02317913167,-0.01861108592,,,-0.001604095084,4.491108121e-05,True,
2022-06-03,2022-06-02,NKY,GJR-skewt,GJR-skewt-AR1-expanding-refit21,1,0.0107854045,0.0001163249502,-0.02797225845,-0.02216938156,-0.01777217389,,,0.01260321556,3.967659619e-05,True,
2022-06-06,2022-06-03,NKY,GJR-skewt,GJR-skewt-AR1-expanding-refit21,1,0.01056561687,0.0001116322597,-0.02765707026,-0.02197244584,-0.01766484555,,,0.005543381562,7.764172526e-05,True,
2022-06-07,2022-06-06,NKY,GJR-skewt,GJR-skewt-AR1-expanding-refit21,1,0.01021913058,0.0001044306297,-0.02662934947,-0.02113114525,-0.01696480736,,,0.001004607333,0.0001371376006,True,
2022-06-08,2022-06-07,NKY,GJR-skewt,GJR-skewt-AR1-expanding-refit21,1,0.009862494287,9.726879356e-05,-0.02562068089,-0.02031435787,-0.01629342054,,,0.01033647312,6.364455356e-05,True,
2022-06-09,2022-06-08,NKY,GJR-skewt,GJR-skewt-AR1-expanding-refit21,1,0.009661493999,9.33444663e-05,-0.02526588242,-0.0200675869,-0.01612798745,,,0.0004334299873,5.764904147e-05,True,
2022-06-10,2022-06-09,NKY,GJR-skewt,GJR-skewt-AR1-expanding-refit21,1,0.009349677078,8.741646146e-05,-0.02427205042,-0.01924152569,-0.01542907363,,,-0.01506124698,7.778487709e-05,True,
2022-06-13,2022-06-10,NKY,GJR-skewt,GJR-skewt-AR1-expanding-refit21,1,0.01090502054,0.000118919473,-0.02802810096,-0.02216073516,-0.01771407164,,,-0.03053779422,0.0001091038361,True,
2022-06-14,2022-06-13,NKY,GJR-skewt,GJR-skewt-AR1-expanding-refit21,1,0.01624055629,0.0002637556687,-0.04161049917,-0.03287238775,-0.02625009034,,,-0.01333843291,0.0002228481633,True,
2022-06-15,2022-06-14,NKY,GJR-skewt,GJR-skewt-AR1-expanding-refit21,1,0.01642692449,0.0002698438483,-0.04241330774,-0.03357492228,-0.02687663082,,,-0.0114699916,9.523108353e-05,True,
2022-06-16,2022-06-15,NKY,GJR-skewt,GJR-skewt-AR1-expanding-refit21,1,0.01631469895,0.0002661694017,-0.04215618152,-0.03337817819,-0.02672564815,,,0.003981973322,0.0001286350885,True,
2022-06-17,2022-06-16,NKY,GJR-skewt,GJR-skewt-AR1-expanding-refit21,1,0.01552235281,0.0002409434366,-0.04038263122,-0.03203094388,-0.02570150326,,,-0.01787265346,0.000353928025,True,
2022-06-20,2022-06-17,NKY,GJR-skewt,GJR-skewt-AR1-expanding-refit21,1,0.01641963567,0.0002696044356,-0.04231042956,-0.0334759658,-0.02678064645,,,-0.007414054987,0.0002231363313,True,
2022-06-21,2022-06-20,NKY,GJR-skewt,GJR-skewt-AR1-expanding-refit21,1,0.0159194689,0.0002534294901,-0.04120392214,-0.03263856942,-0.02614719956,,,0.01826703611,0.0001455766501,True,
2022-06-22,2022-06-21,NKY,GJR-skewt,GJR-skewt-AR1-expanding-refit21,1,0.01540379739,0.0002372769741,-0.04033889308,-0.03205099361,-0.02576989549,,,-0.003693416905,0.0001749320896,True,
2022-06-23,2022-06-22,NKY,GJR-skewt,GJR-skewt-AR1-expanding-refit21,1,0.01472594124,0.0002168533455,-0.03817040771,-0.03024722373,-0.02424253025,,,0.000829468239,0.0001963115786,True,
2022-06-24,2022-06-23,NKY,GJR-skewt,GJR-skewt-AR1-expanding-refit21,1,0.01403218934,0.0001969023376,-0.03645083154,-0.02890091566,-0.02317910851,,,0.01218021461,7.621214654e-05,True,
2022-06-27,2022-06-24,NKY,GJR-skewt,GJR-skewt-AR1-expanding-refit21,1,0.01352040206,0.0001828012719,-0.03533063283,-0.02805608031,-0.02254296106,,,0.014215974,9.363479384e-05,True,
2022-06-28,2022-06-27,NKY,GJR-skewt,GJR-skewt-AR1-expanding-refit21,1,0.01310547325,0.000171753429,-0.03428977452,-0.02723847139,-0.02189454474,,,0.006609769006,0.0001124660836,True,
2022-06-29,2022-06-28,NKY,GJR-skewt,GJR-skewt-AR1-expanding-refit21,1,0.0125717356,0.000158048536,-0.03276161099,-0.02599748146,-0.02087119326,,,-0.009093937604,0.0001254496533,True,
2022-06-30,2022-06-29,NKY,GJR-skewt,GJR-skewt-AR1-expanding-refit21,1,0.01256458476,0.0001578687902,-0.03245233537,-0.02569205329,-0.02056868094,,,-0.01547319661,9.377143763e-05,True,
2022-07-01,2022-06-30,NKY,GJR-skewt,GJR-skewt-AR1-expanding-refit21,1,0.01357543752,0.0001842925038,-0.03496180209,-0.02765763815,-0.02212207748,,,-0.01748302314,0.00030613334,True,
2022-07-04,2022-07-01,NKY,GJR-skewt,GJR-skewt-AR1-expanding-refit21,1,0.01480600605,0.000219217815,-0.03812326688,-0.03015700464,-0.02411966369,,,0.008377618547,0.000283395944,True,
2022-07-05,2022-07-04,NKY,GJR-skewt,GJR-skewt-AR1-expanding-refit21,1,0.01416153436,0.0002005490554,-0.03692676576,-0.02930725675,-0.02353270749,,,0.01025775803,0.0001295654149,True,
2022-07-06,2022-07-05,NKY,GJR-skewt,GJR-skewt-AR1-expanding-refit21,1,0.01360353873,0.000185056266,-0.03551114725,-0.02819186366,-0.02264484436,,,-0.01202426709,0.0001547807863,True,
2022-07-07,2022-07-06,NKY,GJR-skewt,GJR-skewt-AR1-expanding-refit21,1,0.01383689163,0.00019145957,-0.03570525314,-0.02826041575,-0.02261824377,,,0.01455889444,0.0002177224251,True,
2022-07-08,2022-07-07,NKY,GJR-skewt,GJR-skewt-AR1-expanding-refit21,1,0.0133887827,0.0001792595021,-0.03503320694,-0.02783326541,-0.02237425039,,,0.001005896985,0.0003049151289,True,
2022-07-11,2022-07-08,NKY,GJR-skewt,GJR-skewt-AR1-expanding-refit21,1,0.01279282353,0.000163656334,-0.03324624527,-0.02636678629,-0.02115076199,,,0.01106758535,0.0001495842578,True,
2022-07-12,2022-07-11,NKY,GJR-skewt,GJR-skewt-AR1-expanding-refit21,1,0.01235910385,0.0001527474479,-0.03229515771,-0.02564893549,-0.02060975194,,,-0.01789887553,9.884619432e-05,True,
2022-07-13,2022-07-12,NKY,GJR-skewt,GJR-skewt-AR1-expanding-refit21,1,0.01381067404,0.0001907347173,-0.03556080914,-0.02813399165,-0.02250295866,,,0.00538137108,5.851460995e-05,True,
2022-07-14,2022-07-13,NKY,GJR-skewt,GJR-skewt-AR1-expanding-refit21,1,0.01320644378,0.0001744101573,-0.03439824962,-0.02729636253,-0.02191169264,,,0.00619785101,9.703537336e-05,True,
2022-07-15,2022-07-14,NKY,GJR-skewt,GJR-skewt-AR1-expanding-refit21,1,0.0126598022,0.0001602705918,-0.03299147922,-0.02618355368,-0.02102176624,,,0.005430484095,8.221876233e-05,True,
2022-07-19,2022-07-15,NKY,GJR-skewt,GJR-skewt-AR1-expanding-refit21,1,0.01214569872,0.0001475179975,-0.03164152298,-0.02511006134,-0.02015788956,,,0.006444989951,7.514284888e-05,True,
2022-07-20,2022-07-19,NKY,GJR-skewt,GJR-skewt-AR1-expanding-refit21,1,0.01168340292,0.0001365019038,-0.03045749639,-0.02417463858,-0.01941095891,,,0.02630292831,4.889616941e-05,True,
2022-07-21,2022-07-20,NKY,GJR-skewt,GJR-skewt-AR1-expanding-refit21,1,0.0119408737,0.0001425844647,-0.03147506255,-0.02505374746,-0.0201850891,,,0.004424413084,8.147508355e-05,True,
2022-07-22,2022-07-21,NKY,GJR-skewt,GJR-skewt-AR1-expanding-refit21,1,0.01147481289,0.0001316713308,-0.02987979834,-0.02370911175,-0.01903048059,,,0.004008076045,4.711681165e-05,True,
2022-07-25,2022-07-22,NKY,GJR-skewt,GJR-skewt-AR1-expanding-refit21,1,0.0110372869,0.0001218217022,-0.028735074,-0.02279967105,-0.01829943258,,,-0.007746667574,6.527526038e-05,True,
2022-07-26,2022-07-25,NKY,GJR-skewt,GJR-skewt-AR1-expanding-refit21,1,0.01105647586,0.0001222456585,-0.02857882891,-0.02263310692,-0.01812504452,,,-0.001591166043,5.24631024e-05,True,
2022-07-27,2022-07-26,NKY,GJR-skewt,GJR-skewt-AR1-expanding-refit21,1,0.01065650062,0.0001135610055,-0.02764696727,-0.02191633566,-0.01757135536,,,0.002186672692,5.216171486e-05,True,
2022-07-28,2022-07-27,NKY,GJR-skewt,GJR-skewt-AR1-expanding-refit21,1,0.01027005995,0.0001054741313,-0.02670859657,-0.021185777,-0.01699836036,,,0.003591873487,7.063498588e-05,True,
2022-07-29,2022-07-28,NKY,GJR-skewt,GJR-skewt-AR1-expanding-refit21,1,0.009925113903,9.850788599e-05,-0.02583649191,-0.02049917026,-0.01645239864,,,-0.000497683088,0.0001178377069,True,
2022-08-01,2022-07-29,NKY,GJR-skewt,GJR-skewt-AR1-expanding-refit21,1,0.009594318776,9.205095277e-05,-0.02490481942,-0.0197453859,-0.01583348954,,,0.006871933973,6.665069589e-05,True,
2022-08-02,2022-08-01,NKY,GJR-skewt,GJR-skewt-AR1-expanding-refit21,1,0.009350044628,8.742333455e-05,-0.02439901997,-0.01937094714,-0.01555864879,,,-0.01434213854,7.268166123e-05,True,
2022-08-03,2022-08-02,NKY,GJR-skewt,GJR-skewt-AR1-expanding-refit21,1,0.01071809174,0.0001148774906,-0.02758348406,-0.02181973125,-0.01744963838,,,0.005319090255,0.0001130327415,True,
2022-08-04,2022-08-03,NKY,GJR-skewt,GJR-skewt-AR1-expanding-refit21,1,0.01035118266,0.0001071469825,-0.0269744187,-0.02140797464,-0.01718748179,,,0.00683619753,4.262051173e-05,True,
2022-08-05,2022-08-04,NKY,GJR-skewt,GJR-skewt-AR1-expanding-refit21,1,0.0100414723,0.0001008311659,-0.02619587758,-0.02079598313,-0.01670176864,,,0.008685790085,5.772999045e-05,True,
2022-08-08,2022-08-05,NKY,GJR-skewt,GJR-skewt-AR1-expanding-refit21,1,0.009795096546,9.594391634e-05,-0.02558781603,-0.02032041241,-0.01632665283,,,0.002600655353,5.865320672e-05,True,
2022-08-09,2022-08-08,NKY,GJR-skewt,GJR-skewt-AR1-expanding-refit21,1,0.009477176188,8.98168685e-05,-0.02466742157,-0.01956163491,-0.01569187289,,,-0.008863447543,5.008172348e-05,True,
2022-08-10,2022-08-09,NKY,GJR-skewt,GJR-skewt-AR1-expanding-refit21,1,0.009844747451,9.691905238e-05,-0.02542234861,-0.02011853456,-0.01609868424,,,-0.006472009486,2.522475386e-05,True,
2022-08-12,2022-08-10,NKY,GJR-skewt,GJR-skewt-AR1-expanding-refit21,1,0.009886664173,9.774612846e-05,-0.02557341992,-0.02024702342,-0.01621005748,,,0.02582006195,6.569427517e-05,True,
2022-08-15,2022-08-12,NKY,GJR-skewt,GJR-skewt-AR1-expanding-refit21,1,0.01035526681,0.0001072315507,-0.02735993543,-0.02178108134,-0.01755277352,,,0.01131345559,6.043462033e-05,True,
2022-08-16,2022-08-15,NKY,GJR-skewt,GJR-skewt-AR1-expanding-refit21,1,0.01015200215,0.0001030631476,-0.02657622998,-0.02110688383,-0.01696157393,,,-9.938017814e-05,9.810202299e-05,True,
2022-08-17,2022-08-16,NKY,GJR-skewt,GJR-skewt-AR1-expanding-refit21,1,0.00980034344,9.604673155e-05,-0.02546079103,-0.02018089945,-0.01617918037,,,0.01218294078,5.125766311e-05,True,
2022-08-18,2022-08-17,NKY,GJR-skewt,GJR-skewt-AR1-expanding-refit21,1,0.009663564094,9.338447099e-05,-0.02532070493,-0.02011450261,-0.01616863388,,,-0.009649497843,5.444477466e-05,True,
2022-08-19,2022-08-18,NKY,GJR-skewt,GJR-skewt-AR1-expanding-refit21,1,0.01009477149,0.0001019044114,-0.02605904246,-0.02062052907,-0.01649858785,,,-0.0004081574545,3.508516934e-05,True,
2022-08-22,2022-08-19,NKY,GJR-skewt,GJR-skewt-AR1-expanding-refit21,1,0.00975088562,9.507977037e-05,-0.02532668871,-0.02007344231,-0.01609191806,,,-0.00470613185,3.559325461e-05,True,
2022-08-23,2022-08-22,NKY,GJR-skewt,GJR-skewt-AR1-expanding-refit21,1,0.009622803831,9.259835356e-05,-0.02491794132,-0.01973369841,-0.01580447308,,,-0.01193957997,4.033655686e-05,True,
2022-08-24,2022-08-23,NKY,GJR-skewt,GJR-skewt-AR1-expanding-refit21,1,0.01049629252,0.0001101721567,-0.02706347223,-0.02140864116,-0.01712274911,,,-0.004907128844,4.02068794e-05,True,
2022-08-25,2022-08-24,NKY,GJR-skewt,GJR-skewt-AR1-expanding-refit21,1,0.01032586963,0.0001066235835,-0.02674362142,-0.02118060493,-0.0169643007,,,0.005829628762,3.340263172e-05,True,
2022-08-26,2022-08-25,NKY,GJR-skewt,GJR-skewt-AR1-expanding-refit21,1,0.009999479571,9.998959168e-05,-0.02608305982,-0.02069588453,-0.01661285332,,,0.005685238688,2.654674616e-05,True,
2022-08-29,2022-08-26,NKY,GJR-skewt,GJR-skewt-AR1-expanding-refit21,1,0.009701528836,9.411966176e-05,-0.0253053256,-0.02007866995,-0.01611729928,,,-0.02698023913,7.31763411e-05,True,
2022-08-30,2022-08-29,NKY,GJR-skewt,GJR-skewt-AR1-expanding-refit21,1,0.01430863212,0.0002047369532,-0.03671803908,-0.02900932695,-0.02316676373,,,0.01129291472,5.94542903e-05,True,
2022-08-31,2022-08-30,NKY,GJR-skewt,GJR-skewt-AR1-expanding-refit21,1,0.01374784373,0.0001890032072,-0.03593140044,-0.02852481057,-0.02291123092,,,-0.003697148412,9.611841976e-05,True,
2022-09-01,2022-08-31,NKY,GJR-skewt,GJR-skewt-AR1-expanding-refit21,1,0.01320068057,0.0001742579674,-0.03424445865,-0.02713265051,-0.02174249091,,,-0.01542758703,7.507856492e-05,True,
2022-09-02,2022-09-01,NKY,GJR-skewt,GJR-skewt-AR1-expanding-refit21,1,0.01407080163,0.0001979874584,-0.03630222257,-0.02872164057,-0.02297618934,,,-0.0003843939994,4.958478312e-05,True,
2022-09-05,2022-09-02,NKY,GJR-skewt,GJR-skewt-AR1-expanding-refit21,1,0.01342721298,0.0001802900483,-0.03489204252,-0.02765819105,-0.02217553275,,,-0.001130096236,5.465233147e-05,True,
2022-09-06,2022-09-05,NKY,GJR-skewt,GJR-skewt-AR1-expanding-refit21,1,0.01283521342,0.0001647427036,-0.03333869853,-0.0264237842,-0.02118285374,,,0.0002498054213,7.188437581e-05,True,
2022-09-07,2022-09-06,NKY,GJR-skewt,GJR-skewt-AR1-expanding-refit21,1,0.0122774979,0.0001507369547,-0.03191189709,-0.02529744952,-0.0202842479,,,-0.007127540396,0.0001085461132,True,
2022-09-08,2022-09-07,NKY,GJR-skewt,GJR-skewt-AR1-expanding-refit21,1,0.0121070379,0.0001465803668,-0.03133705796,-0.02481398361,-0.0198711667,,,0.02288492999,5.390393639e-05,True,
2022-09-09,2022-09-08,NKY,GJR-skewt,GJR-skewt-AR1-expanding-refit21,1,0.01212760241,0.0001470787403,-0.03191985551,-0.02538570135,-0.02043448876,,,0.005311690605,0.0001306080884,True,
2022-09-12,2022-09-09,NKY,GJR-skewt,GJR-skewt-AR1-expanding-refit21,1,0.01165846198,0.0001359197356,-0.03038957715,-0.02410818819,-0.01934850679,,,0.01153562807,4.034840329e-05,True,
2022-09-13,2022-09-12,NKY,GJR-skewt,GJR-skewt-AR1-expanding-refit21,1,0.01133441075,0.000128468867,-0.02965640319,-0.02354960774,-0.01892222343,,,0.002537636633,5.386790102e-05,True,
2022-09-14,2022-09-13,NKY,GJR-skewt,GJR-skewt-AR1-expanding-refit21,1,0.01090010388,0.0001188122647,-0.02836797009,-0.02249517209,-0.01804509782,,,-0.0282126058,8.978889301e-05,True,
2022-09-15,2022-09-14,NKY,GJR-skewt,GJR-skewt-AR1-expanding-refit21,1,0.01540836151,0.0002374176044,-0.03955278638,-0.03125101278,-0.02496039814,,,0.002057330978,4.00194253e-05,True,
2022-09-16,2022-09-15,NKY,GJR-skewt,GJR-skewt-AR1-expanding-refit21,1,0.01467459528,0.0002153437465,-0.03817791735,-0.03027148502,-0.02428043764,,,-0.01111988275,3.668185152e-05,True,
2022-09-20,2022-09-16,NKY,GJR-skewt,GJR-skewt-AR1-expanding-refit21,1,0.01467954273,0.0002154889748,-0.03795839182,-0.03004929388,-0.02405622665,,,0.004371274382,5.972335342e-05,True,
2022-09-21,2022-09-20,NKY,GJR-skewt,GJR-skewt-AR1-expanding-refit21,1,0.01400877277,0.0001962457144,-0.03648675164,-0.02893905361,-0.02321983479,,,-0.01364670192,4.514768503e-05,True,
2022-09-22,2022-09-21,NKY,GJR-skewt,GJR-skewt-AR1-expanding-refit21,1,0.01443560121,0.0002083865822,-0.03727927416,-0.02950160794,-0.02360813222,,,-0.005849462921,0.0001105162249,True,
2022-09-26,2022-09-22,NKY,GJR-skewt,GJR-skewt-AR1-expanding-refit21,1,0.0139833366,0.0001955337026,-0.03624033137,-0.02870633792,-0.02299750366,,,-0.02695970563,0.0001108235676,True,
2022-09-27,2022-09-26,NKY,GJR-skewt,GJR-skewt-AR1-expanding-refit21,1,0.01719576723,0.0002956944106,-0.04422438237,-0.03495958376,-0.0279392432,,,0.005294703173,9.188045051e-05,True,
2022-09-28,2022-09-27,NKY,GJR-skewt,GJR-skewt-AR1-expanding-refit21,1,0.01635652822,0.0002675360155,-0.04261015009,-0.03379751975,-0.02711980674,,,-0.01508729959,0.0003186464042,True,
2022-09-29,2022-09-28,NKY,GJR-skewt,GJR-skewt-AR1-expanding-refit21,1,0.0166781237,0.0002781598102,-0.04308724245,-0.03410134172,-0.02729233421,,,0.009433112865,0.0001854835745,True,
2022-09-30,2022-09-29,NKY,GJR-skewt,GJR-skewt-AR1-expanding-refit21,1,0.01591951395,0.0002534309244,-0.04154634969,-0.0329691755,-0.02646987786,,,-0.01852026489,0.0001157766261,True,
2022-10-03,2022-09-30,NKY,GJR-skewt,GJR-skewt-AR1-expanding-refit21,1,0.0168411634,0.0002836247846,-0.04345080619,-0.03437706233,-0.02750149226,,,0.01068321169,0.0003045834714,True,
2022-10-04,2022-10-03,NKY,GJR-skewt,GJR-skewt-AR1-expanding-refit21,1,0.01608830832,0.0002588336647,-0.04200747396,-0.03333935612,-0.02677114652,,,0.02918647555,0.0001108084444,True,
2022-10-05,2022-10-04,NKY,GJR-skewt,GJR-skewt-AR1-expanding-refit21,1,0.01596604036,0.0002549144449,-0.04201574978,-0.03341350792,-0.02689521542,,,0.004742639162,7.232816984e-05,True,
2022-10-06,2022-10-05,NKY,GJR-skewt,GJR-skewt-AR1-expanding-refit21,1,0.01521394403,0.000231464093,-0.03962825995,-0.03143123531,-0.02521999351,,,0.00700958468,6.113855299e-05,True,
2022-10-07,2022-10-06,NKY,GJR-skewt,GJR-skewt-AR1-expanding-refit21,1,0.01453275964,0.0002112011028,-0.0378963052,-0.03006629159,-0.02413314999,,,-0.007172571182,7.198379337e-05,True,
2022-10-11,2022-10-07,NKY,GJR-skewt,GJR-skewt-AR1-expanding-refit21,1,0.01414417142,0.0002000575851,-0.03663536935,-0.02901472074,-0.02324022409,,,-0.02671663583,0.0001255196268,True,
2022-10-12,2022-10-11,NKY,GJR-skewt,GJR-skewt-AR1-expanding-refit21,1,0.0172568369,0.0002977984199,-0.04440947892,-0.03510893518,-0.02806066123,,,-0.0001674273005,0.0001225847179,True,
2022-10-13,2022-10-12,NKY,GJR-skewt,GJR-skewt-AR1-expanding-refit21,1,0.01640201257,0.0002690260165,-0.04265052774,-0.03381069017,-0.02711155529,,,-0.006057297194,3.623853442e-05,True,
2022-10-14,2022-10-13,NKY,GJR-skewt,GJR-skewt-AR1-expanding-refit21,1,0.01579062428,0.0002493438151,-0.04095638246,-0.03244605159,-0.02599662831,,,0.03200606882,9.916169989e-05,True,
2022-10-17,2022-10-14,NKY,GJR-skewt,GJR-skewt-AR1-expanding-refit21,1,0.01581303826,0.0002500521789,-0.04168193817,-0.03315952733,-0.02670094942,,,-0.01169461592,8.486451e-05,True,
2022-10-18,2022-10-17,NKY,GJR-skewt,GJR-skewt-AR1-expanding-refit21,1,0.01570011904,0.0002464937378,-0.04062205856,-0.03216050535,-0.02574804745,,,0.01410510873,9.962743851e-05,True,
2022-10-19,2022-10-18,NKY,GJR-skewt,GJR-skewt-AR1-expanding-refit21,1,0.01509932908,0.0002279897388,-0.03951099434,-0.03137323588,-0.02520616085,,,0.003721147026,7.548332496e-05,True,
2022-10-20,2022-10-19,NKY,GJR-skewt,GJR-skewt-AR1-expanding-refit21,1,0.01440036362,0.0002073704725,-0.03751018454,-0.02974913236,-0.02386753839,,,-0.009229696313,0.0001641011255,True,
2022-10-21,2022-10-20,NKY,GJR-skewt,GJR-skewt-AR1-expanding-refit21,1,0.01421997466,0.0002022076792,-0.03681377093,-0.02914993909,-0.02334202205,,,-0.004318602989,5.855310682e-05,True,
2022-10-24,2022-10-21,NKY,GJR-skewt,GJR-skewt-AR1-expanding-refit21,1,0.01368824099,0.0001873679414,-0.03551623122,-0.02813897636,-0.02254823728,,,0.003130776079,0.0002002085037,True,
2022-10-25,2022-10-24,NKY,GJR-skewt,GJR-skewt-AR1-expanding-refit21,1,0.01308312883,0.0001711682599,-0.0340722476,-0.02702111694,-0.02167752607,,,0.01015695214,0.0001510340584,True,
2022-10-26,2022-10-25,NKY,GJR-skewt,GJR-skewt-AR1-expanding-refit21,1,0.01261089377,0.0001590346416,-0.03296660609,-0.02616998573,-0.02101927158,,,0.006640606109,4.288087865e-05,True,
2022-10-27,2022-10-26,NKY,GJR-skewt,GJR-skewt-AR1-expanding-refit21,1,0.01212021876,0.0001468997027,-0.0316281766,-0.02509600472,-0.02014569879,,,-0.003161894794,4.455181411e-05,True,
2022-10-28,2022-10-27,NKY,GJR-skewt,GJR-skewt-AR1-expanding-refit21,1,0.01168522142,0.0001365443996,-0.03032443324,-0.02402670247,-0.01925406411,,,-0.008816919292,8.227864769e-05,True,
2022-10-31,2022-10-28,NKY,GJR-skewt,GJR-skewt-AR1-expanding-refit21,1,0.01176885027,0.0001385058366,-0.03044291479,-0.02410011239,-0.01929331719,,,0.0176357931,5.744284274e-05,True,
2022-11-01,2022-10-31,NKY,GJR-skewt,GJR-skewt-AR1-expanding-refit21,1,0.01161092383,0.0001348135521,-0.03049567609,-0.02423798788,-0.01949569516,,,0.003309754034,3.497728846e-05,True,
2022-11-02,2022-11-01,NKY,GJR-skewt,GJR-skewt-AR1-expanding-refit21,1,0.01116313783,0.0001246156461,-0.02907935985,-0.02306300516,-0.01850360334,,,-0.0005612089649,2.599303982e-05,True,
2022-11-04,2022-11-02,NKY,GJR-skewt,GJR-skewt-AR1-expanding-refit21,1,0.01073796288,0.0001153038469,-0.02790515238,-0.02211794503,-0.01773219899,,,-0.0169024779,6.097817043e-05,True,
2022-11-07,2022-11-04,NKY,GJR-skewt,GJR-skewt-AR1-expanding-refit21,1,0.01236393675,0.000152866932,-0.0318496586,-0.02518613531,-0.02013628673,,,0.01198319045,6.304471008e-05,True,
2022-11-08,2022-11-07,NKY,GJR-skewt,GJR-skewt-AR1-expanding-refit21,1,0.01198152366,0.0001435569093,-0.03136092978,-0.0249035074,-0.02000984921,,,0.01243591169,4.919783577e-05,True,
2022-11-09,2022-11-08,NKY,GJR-skewt,GJR-skewt-AR1-expanding-refit21,1,0.01165533345,0.0001358467979,-0.03052008339,-0.02423846069,-0.01947802958,,,-0.005601158067,5.479177788e-05,True,
2022-11-10,2022-11-09,NKY,GJR-skewt,GJR-skewt-AR1-expanding-refit21,1,0.01139758632,0.0001299049738,-0.02953321638,-0.02339050606,-0.01873534758,,,-0.009801299815,5.70787303e-05,True,
2022-11-11,2022-11-10,NKY,GJR-skewt,GJR-skewt-AR1-expanding-refit21,1,0.01164525361,0.0001356119317,-0.03008554204,-0.02381419858,-0.01906078286,,,0.02934964006,6.406891406e-05,True,
2022-11-14,2022-11-11,NKY,GJR-skewt,GJR-skewt-AR1-expanding-refit21,1,0.01204252427,0.0001450223908,-0.03182482157,-0.02533953509,-0.02042395952,,,-0.01067466665,4.626276972e-05,True,
2022-11-15,2022-11-14,NKY,GJR-skewt,GJR-skewt-AR1-expanding-refit21,1,0.01224409346,0.0001499178247,-0.03162751956,-0.02503368158,-0.02003582853,,,0.0009543336852,3.308449923e-05,True,
2022-11-16,2022-11-15,NKY,GJR-skewt,GJR-skewt-AR1-expanding-refit21,1,0.01173584385,0.0001377300308,-0.03051511086,-0.02419498164,-0.01940458837,,,0.001361367614,0.000134549356,True,
2022-11-17,2022-11-16,NKY,GJR-skewt,GJR-skewt-AR1-expanding-refit21,1,0.01126696385,0.0001269444744,-0.02930278178,-0.02323515951,-0.01863615594,,,-0.003492942851,4.344029474e-05,True,
2022-11-18,2022-11-17,NKY,GJR-skewt,GJR-skewt-AR1-expanding-refit21,1,0.01092180071,0.0001192857307,-0.0283174084,-0.02243566759,-0.01797755436,,,-0.001103370791,5.753393436e-05,True,
2022-11-21,2022-11-18,NKY,GJR-skewt,GJR-skewt-AR1-expanding-refit21,1,0.01052436697,0.0001107623001,-0.02732667276,-0.02165896279,-0.01736307599,,,0.001612316075,2.812118356e-05,True,
2022-11-22,2022-11-21,NKY,GJR-skewt,GJR-skewt-AR1-expanding-refit21,1,0.01015023386,0.0001030272475,-0.02640242737,-0.0209362001,-0.01679302875,,,0.006098825753,2.814397694e-05,True,
2022-11-24,2022-11-22,NKY,GJR-skewt,GJR-skewt-AR1-expanding-refit21,1,0.009847900914,9.698115241e-05,-0.0256968788,-0.02039346755,-0.01637370392,,,0.009463969613,3.696311088e-05,True,
2022-11-25,2022-11-24,NKY,GJR-skewt,GJR-skewt-AR1-expanding-refit21,1,0.009637688812,9.288504563e-05,-0.02521074033,-0.02002053505,-0.01608657681,,,-0.003531586264,2.886444464e-05,True,
2022-11-28,2022-11-25,NKY,GJR-skewt,GJR-skewt-AR1-expanding-refit21,1,0.009430917277,8.894220068e-05,-0.02443857106,-0.0193597189,-0.01551016166,,,-0.004258927156,5.794146345e-05,True,
2022-11-29,2022-11-28,NKY,GJR-skewt,GJR-skewt-AR1-expanding-refit21,1,0.009307689642,8.663308648e-05,-0.02410491299,-0.01909242287,-0.01529316528,,,-0.004804730034,4.022785781e-05,True,
2022-11-30,2022-11-29,NKY,GJR-skewt,GJR-skewt-AR1-expanding-refit21,1,0.009241822556,8.541128416e-05,-0.02392373638,-0.01894671781,-0.01517434616,,,-0.002101891539,4.397831997e-05,True,
2022-12-01,2022-11-30,NKY,GJR-skewt,GJR-skewt-AR1-expanding-refit21,1,0.009014373153,8.125892334e-05,-0.02338081836,-0.01852628861,-0.01484675835,,,0.009149971421,5.88386654e-05,True,
2022-12-02,2022-12-01,NKY,GJR-skewt,GJR-skewt-AR1-expanding-refit21,1,0.008873000332,7.873013488e-05,-0.0232159433,-0.01843754736,-0.01481572334,,,-0.01600562153,5.695528657e-05,True,
2022-12-05,2022-12-02,NKY,GJR-skewt,GJR-skewt-AR1-expanding-refit21,1,0.01071408197,0.0001147915524,-0.02755148142,-0.02178160382,-0.01740827823,,,0.001528823999,9.475031725e-05,True,
2022-12-06,2022-12-05,NKY,GJR-skewt,GJR-skewt-AR1-expanding-refit21,1,0.01032375495,0.0001065799163,-0.02685229143,-0.02129261748,-0.01707861746,,,0.002350499529,4.353807589e-05,True,
2022-12-07,2022-12-06,NKY,GJR-skewt,GJR-skewt-AR1-expanding-refit21,1,0.009969355159,9.938804228e-05,-0.02594522837,-0.02057641011,-0.0165070707,,,-0.007178746102,5.506937584e-05,True,
2022-12-08,2022-12-07,NKY,GJR-skewt,GJR-skewt-AR1-expanding-refit21,1,0.01005395868,0.0001010820852,-0.02599349154,-0.02057911156,-0.01647523827,,,-0.004052449197,8.147033116e-05,True,
2022-12-09,2022-12-08,NKY,GJR-skewt,GJR-skewt-AR1-expanding-refit21,1,0.009859704319,9.721376927e-05,-0.02554455656,-0.02023478879,-0.01621020719,,,0.01177399786,4.835712661e-05,True,
2022-12-12,2022-12-09,NKY,GJR-skewt,GJR-skewt-AR1-expanding-refit21,1,0.009703304013,9.415410877e-05,-0.0254230704,-0.02019752922,-0.01623678785,,,-0.002105353279,5.114754074e-05,True,
2022-12-13,2022-12-12,NKY,GJR-skewt,GJR-skewt-AR1-expanding-refit21,1,0.009419420641,8.872548522e-05,-0.02442463389,-0.01935016464,-0.01550565926,,,0.00403316738,2.274157138e-05,True,
2022-12-14,2022-12-13,NKY,GJR-skewt,GJR-skewt-AR1-expanding-refit21,1,0.009153027852,8.377791885e-05,-0.02384886229,-0.01891790527,-0.01518212723,,,0.007177272802,2.978343529e-05,True,
2022-12-15,2022-12-14,NKY,GJR-skewt,GJR-skewt-AR1-expanding-refit21,1,0.008957572571,8.023810636e-05,-0.02340049214,-0.01857483159,-0.01491882798,,,-0.003718759162,2.407835918e-05,True,
2022-12-16,2022-12-15,NKY,GJR-skewt,GJR-skewt-AR1-expanding-refit21,1,0.008829787255,7.796514296e-05,-0.02286047313,-0.01810365362,-0.01449980516,,,-0.0188775391,3.330679775e-05,True,
2022-12-19,2022-12-16,NKY,GJR-skewt,GJR-skewt-AR1-expanding-refit21,1,0.01146406966,0.0001314248931,-0.02942225727,-0.02324628625,-0.01856726414,,,-0.0105718063,7.019291584e-05,True,
2022-12-20,2022-12-19,NKY,GJR-skewt,GJR-skewt-AR1-expanding-refit21,1,0.01185387738,0.0001405144089,-0.03059431813,-0.02420834828,-0.01937022744,,,-0.02489127609,0.002352364138,True,
2022-12-21,2022-12-20,NKY,GJR-skewt,GJR-skewt-AR1-expanding-refit21,1,0.01517374019,0.0002302423913,-0.038955028,-0.03078056792,-0.02458745606,,,-0.006809809956,0.0002032093937,True,
2022-12-22,2022-12-21,NKY,GJR-skewt,GJR-skewt-AR1-expanding-refit21,1,0.01475008545,0.0002175650208,-0.03819793498,-0.03025170794,-0.02423150936,,,0.004542860643,6.113334409e-05,True,
2022-12-23,2022-12-22,NKY,GJR-skewt,GJR-skewt-AR1-expanding-refit21,1,0.01407868337,0.0001982093253,-0.03666828412,-0.02908375759,-0.02333758955,,,-0.01033771124,5.501735347e-05,True,
2022-12-26,2022-12-23,NKY,GJR-skewt,GJR-skewt-AR1-expanding-refit21,1,0.01405267157,0.0001974775783,-0.03631698531,-0.02874647196,-0.02301092054,,,0.006482375005,,True,
2022-12-27,2022-12-26,NKY,GJR-skewt,GJR-skewt-AR1-expanding-refit21,1,0.01344789175,0.0001808457925,-0.03506481238,-0.02782010852,-0.02233139598,,,0.001589291891,,True,
2022-12-28,2022-12-27,NKY,GJR-skewt,GJR-skewt-AR1-expanding-refit21,1,0.01285447772,0.0001652375974,-0.03342830269,-0.02650328529,-0.02125677273,,,-0.004067914573,5.339786971e-05,True,
2022-12-29,2022-12-28,NKY,GJR-skewt,GJR-skewt-AR1-expanding-refit21,1,0.01240824595,0.0001539645675,-0.03215999092,-0.02547536935,-0.02041098481,,,-0.009414925559,8.939614003e-05,True,
2022-12-30,2022-12-29,NKY,GJR-skewt,GJR-skewt-AR1-expanding-refit21,1,0.01248229608,0.0001558077155,-0.0322506421,-0.02552612793,-0.02043152007,,,3.181104075e-05,6.373849304e-05,True,
2023-01-04,2022-12-30,NKY,GJR-skewt,GJR-skewt-AR1-expanding-refit21,1,0.01195636084,0.0001429545644,-0.0310629629,-0.02462178274,-0.01974183361,,,-0.01457778033,9.063534683e-05,True,
2023-01-05,2023-01-04,NKY,GJR-skewt,GJR-skewt-AR1-expanding-refit21,1,0.0128702664,0.0001656437572,-0.03316118742,-0.02622766427,-0.02097470762,,,0.004033615054,5.429550886e-05,True,
2023-01-06,2023-01-05,NKY,GJR-skewt,GJR-skewt-AR1-expanding-refit21,1,0.01232895031,0.0001520030157,-0.03210820466,-0.02546630156,-0.02043428127,,,0.00590984877,4.829852174e-05,True,
2023-01-10,2023-01-06,NKY,GJR-skewt,GJR-skewt-AR1-expanding-refit21,1,0.01184906886,0.0001404004329,-0.03089598508,-0.02451260569,-0.01967644743,,,0.00773592435,5.165648434e-05,True,
2023-01-11,2023-01-10,NKY,GJR-skewt,GJR-skewt-AR1-expanding-refit21,1,0.0114324646,0.0001307012469,-0.02984736863,-0.02368842401,-0.0190223014,,,0.01027874613,1.836364445e-05,True,
2023-01-12,2023-01-11,NKY,GJR-skewt,GJR-skewt-AR1-expanding-refit21,1,0.01109903569,0.0001231885932,-0.02902872132,-0.02304940291,-0.01851936821,,,0.0001444465738,4.343599578e-05,True,
2023-01-13,2023-01-12,NKY,GJR-skewt,GJR-skewt-AR1-expanding-refit21,1,0.01067712733,0.0001140010481,-0.02773832326,-0.02198629706,-0.01762846286,,,-0.01256645519,0.0001083259707,True,
2023-01-16,2023-01-13,NKY,GJR-skewt,GJR-skewt-AR1-expanding-refit21,1,0.01144631169,0.0001310180513,-0.02952963517,-0.02336045565,-0.01868628483,,,-0.01144366331,0.0001098580216,True,
2023-01-17,2023-01-16,NKY,GJR-skewt,GJR-skewt-AR1-expanding-refit21,1,0.01194758707,0.0001427448369,-0.03085413302,-0.02441478282,-0.01953591316,,,0.01217695152,8.792570682e-05,True,
2023-01-18,2023-01-17,NKY,GJR-skewt,GJR-skewt-AR1-expanding-refit21,1,0.01160721702,0.0001347274871,-0.03039789938,-0.02414199726,-0.01940211977,,,0.02465425949,0.0008668926877,True,
2023-01-19,2023-01-18,NKY,GJR-skewt,GJR-skewt-AR1-expanding-refit21,1,0.0117782833,0.0001387279576,-0.03106968655,-0.02472158542,-0.01991185198,,,-0.01450834283,6.534326801e-05,True,
2023-01-20,2023-01-19,NKY,GJR-skewt,GJR-skewt-AR1-expanding-refit21,1,0.01262501102,0.0001593909032,-0.03256079158,-0.02575633251,-0.02060083267,,,0.005600554782,3.858965688e-05,True,
2023-01-23,2023-01-20,NKY,GJR-skewt,GJR-skewt-AR1-expanding-refit21,1,0.0121171337,0.0001468249292,-0.03160496099,-0.02507423082,-0.02012612576,,,0.01318809261,4.095168878e-05,True,
2023-01-24,2023-01-23,NKY,GJR-skewt,GJR-skewt-AR1-expanding-refit21,1,0.01179530514,0.0001391292234,-0.0309055956,-0.02454832027,-0.01973163586,,,0.01450624949,4.055626534e-05,True,
2023-01-25,2023-01-24,NKY,GJR-skewt,GJR-skewt-AR1-expanding-refit21,1,0.0115434588,0.0001332514412,-0.03027435935,-0.02405282078,-0.01933897935,,,0.003503860351,7.566607822e-05,True,
2023-01-26,2023-01-25,NKY,GJR-skewt,GJR-skewt-AR1-expanding-refit21,1,0.01110345671,0.000123286751,-0.02892972562,-0.02294533347,-0.01841116957,,,-0.001178272225,5.968925133e-05,True,
2023-01-27,2023-01-26,NKY,GJR-skewt,GJR-skewt-AR1-expanding-refit21,1,0.01069191325,0.0001143170089,-0.02777398619,-0.02201140222,-0.01764529459,,,0.0007237350803,5.178395931e-05,True,
2023-01-30,2023-01-27,NKY,GJR-skewt,GJR-skewt-AR1-expanding-refit21,1,0.01030339692,0.0001061599881,-0.02679780629,-0.02124461964,-0.01703716501,,,0.001854928882,4.646441756e-05,True,
2023-01-31,2023-01-30,NKY,GJR-skewt,GJR-skewt-AR1-expanding-refit21,1,0.009949253695,9.898764909e-05,-0.02589704182,-0.02053472653,-0.01647188843,,,-0.003882036304,4.623062292e-05,True,
2023-02-01,2023-01-31,NKY,GJR-skewt,GJR-skewt-AR1-expanding-refit21,1,0.009742872905,9.492357243e-05,-0.02525587409,-0.02000479116,-0.0160262299,,,0.0007232499686,3.352129502e-05,True,
2023-02-02,2023-02-01,NKY,GJR-skewt,GJR-skewt-AR1-expanding-refit21,1,0.009430906277,8.894199321e-05,-0.0245279687,-0.01944502535,-0.01559385757,,,0.002015379552,4.785751183e-05,True,
2023-02-03,2023-02-02,NKY,GJR-skewt,GJR-skewt-AR1-expanding-refit21,1,0.009149694218,8.371690429e-05,-0.02381986304,-0.0188884836,-0.01515215046,,,0.00391212311,3.820972293e-05,True,
2023-02-06,2023-02-03,NKY,GJR-skewt,GJR-skewt-AR1-expanding-refit21,1,0.00890759074,7.934517279e-05,-0.02322448797,-0.01842359421,-0.01478612549,,,0.006673179431,6.829297084e-05,True,
2023-02-07,2023-02-06,NKY,GJR-skewt,GJR-skewt-AR1-expanding-refit21,1,0.008727037634,7.616118587e-05,-0.02280494643,-0.01810136476,-0.014537626,,,-0.0002954070017,2.698827166e-05,True,
2023-02-08,2023-02-07,NKY,GJR-skewt,GJR-skewt-AR1-expanding-refit21,1,0.008501904763,7.228238461e-05,-0.02209261202,-0.01751036944,-0.01403856506,,,-0.00285791476,,True,
2023-02-09,2023-02-08,NKY,GJR-skewt,GJR-skewt-AR1-expanding-refit21,1,0.00837597435,7.015694631e-05,-0.02171842931,-0.01720405902,-0.01378367908,,,-0.0008012685794,,True,
2023-02-10,2023-02-09,NKY,GJR-skewt,GJR-skewt-AR1-expanding-refit21,1,0.008189480441,6.70675899e-05,-0.02127063126,-0.01685677495,-0.01351255093,,,0.003135658799,6.775774538e-05,True,
2023-02-13,2023-02-10,NKY,GJR-skewt,GJR-skewt-AR1-expanding-refit21,1,0.008026744041,6.442861991e-05,-0.02091880984,-0.01659266301,-0.01331489339,,,-0.008844619342,6.325788748e-05,True,
2023-02-14,2023-02-13,NKY,GJR-skewt,GJR-skewt-AR1-expanding-refit21,1,0.008598838261,7.394001945e-05,-0.02218298771,-0.01754719479,-0.01403541611,,,0.006376504744,3.172399537e-05,True,
2023-02-15,2023-02-14,NKY,GJR-skewt,GJR-skewt-AR1-expanding-refit21,1,0.008435284362,7.115402227e-05,-0.02203275053,-0.01748513254,-0.01404014952,,,-0.003662496774,3.726151667e-05,True,
2023-02-16,2023-02-15,NKY,GJR-skewt,GJR-skewt-AR1-expanding-refit21,1,0.008356775582,6.983569813e-05,-0.0216469597,-0.01714166725,-0.01372874734,,,0.007050249015,3.604735468e-05,True,
2023-02-17,2023-02-16,NKY,GJR-skewt,GJR-skewt-AR1-expanding-refit21,1,0.008230994095,6.774926379e-05,-0.02151346038,-0.01707597905,-0.01371442849,,,-0.00664048869,3.025724209e-05,True,
2023-02-20,2023-02-17,NKY,GJR-skewt,GJR-skewt-AR1-expanding-refit21,1,0.008463412325,7.162934818e-05,-0.021870528,-0.0173077457,-0.01385127518,,,0.000683388744,1.262916645e-05,True,
2023-02-21,2023-02-20,NKY,GJR-skewt,GJR-skewt-AR1-expanding-refit21,1,0.008259147954,6.821352492e-05,-0.02147156617,-0.01701890658,-0.01364585794,,,-0.002139435348,5.490009101e-05,True,
2023-02-22,2023-02-21,NKY,GJR-skewt,GJR-skewt-AR1-expanding-refit21,1,0.008119201706,6.592143634e-05,-0.02105643916,-0.01667922718,-0.0133633328,,,-0.01351419371,4.575605133e-05,True,
2023-02-24,2023-02-22,NKY,GJR-skewt,GJR-skewt-AR1-expanding-refit21,1,0.009630091126,9.273865509e-05,-0.02478141318,-0.01958965274,-0.01565670882,,,0.01279981678,6.908048733e-05,True,
2023-02-27,2023-02-24,NKY,GJR-skewt,GJR-skewt-AR1-expanding-refit21,1,0.00951895094,9.0610427e-05,-0.0249681373,-0.01983629459,-0.01594874049,,,-0.001075834882,3.598501375e-05,True,
2023-02-28,2023-02-27,NKY,GJR-skewt,GJR-skewt-AR1-expanding-refit21,1,0.009228630456,8.51676201e-05,-0.02396192288,-0.01898659731,-0.01521761054,,,0.0007873081641,2.706686828e-05,True,
2023-03-01,2023-02-28,NKY,GJR-skewt,GJR-skewt-AR1-expanding-refit21,1,0.008957117743,8.022995826e-05,-0.02328925832,-0.01846031029,-0.01480220972,,,0.002582463281,4.844100644e-05,True,
2023-03-02,2023-03-01,NKY,GJR-skewt,GJR-skewt-AR1-expanding-refit21,1,0.008717302504,7.599136294e-05,-0.02269782727,-0.01799816808,-0.01443800842,,,-0.0006420079144,5.719151886e-05,True,
2023-03-03,2023-03-02,NKY,GJR-skewt,GJR-skewt-AR1-expanding-refit21,1,0.008493453558,7.213875334e-05,-0.02205715867,-0.01747818058,-0.01400944118,,,0.01546593567,6.061523409e-05,True,
2023-03-06,2023-03-03,NKY,GJR-skewt,GJR-skewt-AR1-expanding-refit21,1,0.008615909612,7.423389844e-05,-0.02266703184,-0.01802203543,-0.01450328478,,,0.01104995553,4.335458626e-05,True,
2023-03-07,2023-03-06,NKY,GJR-skewt,GJR-skewt-AR1-expanding-refit21,1,0.00857378867,7.350985216e-05,-0.02247759297,-0.01785530474,-0.01435375635,,,0.002524659994,3.060716142e-05,True,
2023-03-08,2023-03-07,NKY,GJR-skewt,GJR-skewt-AR1-expanding-refit21,1,0.008369316875,7.004546495e-05,-0.02179147518,-0.01727942148,-0.01386137968,,,0.004758469613,6.276510427e-05,True,
2023-03-09,2023-03-08,NKY,GJR-skewt,GJR-skewt-AR1-expanding-refit21,1,0.008205862446,6.733617848e-05,-0.02140663427,-0.01698270188,-0.01363141512,,,0.006271942136,3.512335004e-05,True,
2023-03-10,2023-03-09,NKY,GJR-skewt,GJR-skewt-AR1-expanding-refit21,1,0.008083129603,6.533698417e-05,-0.02111470658,-0.01675694174,-0.01345577927,,,-0.01688269767,0.00014576095,True,
2023-03-13,2023-03-10,NKY,GJR-skewt,GJR-skewt-AR1-expanding-refit21,1,0.01038745351,0.0001078991903,-0.02669082366,-0.02109075513,-0.01684850325,,,-0.01111218322,0.0001230462059,True,
2023-03-14,2023-03-13,NKY,GJR-skewt,GJR-skewt-AR1-expanding-refit21,1,0.0110183115,0.0001214031884,-0.02843639487,-0.02249621912,-0.01799632387,,,-0.02219405892,0.0001270874352,True,
2023-03-15,2023-03-14,NKY,GJR-skewt,GJR-skewt-AR1-expanding-refit21,1,0.01389403011,0.0001930440726,-0.03571735544,-0.02822682654,-0.02255248342,,,0.0002733224017,0.0001497489147,True,
2023-03-16,2023-03-15,NKY,GJR-skewt,GJR-skewt-AR1-expanding-refit21,1,0.01326943059,0.0001760777883,-0.03450521874,-0.02735297194,-0.02193333372,,,-0.008070498356,0.0001951210327,True,
2023-03-17,2023-03-16,NKY,GJR-skewt,GJR-skewt-AR1-expanding-refit21,1,0.01309099968,0.0001713742727,-0.03389144743,-0.02683537521,-0.02148861358,,,0.01189390256,0.0001368073381,True,
2023-03-20,2023-03-17,NKY,GJR-skewt,GJR-skewt-AR1-expanding-refit21,1,0.01264535068,0.0001599048937,-0.03308958066,-0.02627371405,-0.02110896901,,,-0.01430101781,0.0002055591747,True,
2023-03-22,2023-03-20,NKY,GJR-skewt,GJR-skewt-AR1-expanding-refit21,1,0.01336077734,0.0001785103711,-0.03448177139,-0.02728028853,-0.02182334152,,,0.01914844899,5.705976988e-05,True,
2023-03-23,2023-03-22,NKY,GJR-skewt,GJR-skewt-AR1-expanding-refit21,1,0.01309019054,0.0001713530884,-0.03437702688,-0.02732139078,-0.02197495964,,,-0.001712634339,5.30596462e-05,True,
2023-03-24,2023-03-23,NKY,GJR-skewt,GJR-skewt-AR1-expanding-refit21,1,0.01252914145,0.0001569793856,-0.03254341646,-0.02579018682,-0.02067290515,,,-0.001253880947,6.782422942e-05,True,
2023-03-27,2023-03-24,NKY,GJR-skewt,GJR-skewt-AR1-expanding-refit21,1,0.01200809074,0.0001441942432,-0.03119587093,-0.02472348857,-0.01981901982,,,0.00333998127,5.089438659e-05,True,
2023-03-28,2023-03-27,NKY,GJR-skewt,GJR-skewt-AR1-expanding-refit21,1,0.01152530405,0.0001328326334,-0.03002197694,-0.02380981746,-0.01910253346,,,0.001504892378,4.918610154e-05,True,
2023-03-29,2023-03-28,NKY,GJR-skewt,GJR-skewt-AR1-expanding-refit21,1,0.01107057271,0.00012255758,-0.02880589427,-0.0228388358,-0.01831727788,,,0.01319571173,3.523950493e-05,True,
2023-03-30,2023-03-29,NKY,GJR-skewt,GJR-skewt-AR1-expanding-refit21,1,0.0108383142,0.0001174690547,-0.02841102728,-0.02256915656,-0.01814246007,,,-0.003623340491,6.863923135e-05,True,
2023-03-31,2023-03-30,NKY,GJR-skewt,GJR-skewt-AR1-expanding-refit21,1,0.01052366078,0.0001107474363,-0.02729095569,-0.02161868373,-0.01732050124,,,0.009263067106,6.968278424e-05,True,
2023-04-03,2023-03-31,NKY,GJR-skewt,GJR-skewt-AR1-expanding-refit21,1,0.01024135739,0.0001048854011,-0.02678729424,-0.02126718431,-0.01708430309,,,0.005216831425,8.783286999e-05,True,
2023-04-04,2023-04-03,NKY,GJR-skewt,GJR-skewt-AR1-expanding-refit21,1,0.00991905383,9.838762889e-05,-0.02587616905,-0.02052978132,-0.01647853866,,,0.003515489324,2.785882882e-05,True,
2023-04-05,2023-04-04,NKY,GJR-skewt,GJR-skewt-AR1-expanding-refit21,1,0.009604852492,9.225319139e-05,-0.02502813941,-0.01985110675,-0.01592819346,,,-0.0169043029,5.105542959e-05,True,
2023-04-06,2023-04-05,NKY,GJR-skewt,GJR-skewt-AR1-expanding-refit21,1,0.01149830452,0.0001322110069,-0.02958900561,-0.02339139892,-0.01869514235,,,-0.01232260949,4.525483808e-05,True,
2023-04-07,2023-04-06,NKY,GJR-skewt,GJR-skewt-AR1-expanding-refit21,1,0.01215159238,0.0001476611974,-0.03137094014,-0.02482121013,-0.01985813097,,,0.001661353646,3.67154666e-05,True,
2023-04-10,2023-04-07,NKY,GJR-skewt,GJR-skewt-AR1-expanding-refit21,1,0.0116490602,0.0001357006035,-0.03031391217,-0.02403504791,-0.01927721814,,,0.004182979383,3.582241771e-05,True,
2023-04-11,2023-04-10,NKY,GJR-skewt,GJR-skewt-AR1-expanding-refit21,1,0.01120073062,0.0001254563664,-0.02919254652,-0.0231553327,-0.01858061434,,,0.01042934115,5.360059393e-05,True,
2023-04-12,2023-04-11,NKY,GJR-skewt,GJR-skewt-AR1-expanding-refit21,1,0.01088725043,0.0001185322219,-0.02848879315,-0.02262054572,-0.01817386218,,,0.005689758789,1.587379149e-05,True,
2023-04-13,2023-04-12,NKY,GJR-skewt,GJR-skewt-AR1-expanding-refit21,1,0.01051764224,0.0001106207982,-0.02744215935,-0.02177313139,-0.01747740706,,,0.002641250323,1.866695358e-05,True,
2023-04-14,2023-04-13,NKY,GJR-skewt,GJR-skewt-AR1-expanding-refit21,1,0.01014766704,0.0001029751463,-0.02642486974,-0.02095525908,-0.01681064385,,,0.01188001185,4.300016551e-05,True,
2023-04-17,2023-04-14,NKY,GJR-skewt,GJR-skewt-AR1-expanding-refit21,1,0.009963162939,9.926461574e-05,-0.02611663747,-0.020745249,-0.01667430181,,,0.0007475620105,5.237654587e-05,True,
2023-04-18,2023-04-17,NKY,GJR-skewt,GJR-skewt-AR1-expanding-refit21,1,0.009630858188,9.275342944e-05,-0.02504958133,-0.0198573466,-0.0159221791,,,0.005039076118,4.012007297e-05,True,
2023-04-19,2023-04-18,NKY,GJR-skewt,GJR-skewt-AR1-expanding-refit21,1,0.009356673677,8.75473423e-05,-0.0244138207,-0.01936940565,-0.0155462699,,,-0.001818555418,2.937678894e-05,True,
2023-04-20,2023-04-19,NKY,GJR-skewt,GJR-skewt-AR1-expanding-refit21,1,0.009101283879,8.283336824e-05,-0.02362457285,-0.01871784477,-0.01499906127,,,0.00177459697,3.410181498e-05,True,
2023-04-21,2023-04-20,NKY,GJR-skewt,GJR-skewt-AR1-expanding-refit21,1,0.008844471533,7.822467669e-05,-0.02302135155,-0.01825307738,-0.01463922737,,,-0.0032575356,6.150916503e-05,True,
2023-04-24,2023-04-21,NKY,GJR-skewt,GJR-skewt-AR1-expanding-refit21,1,0.008704340142,7.576553731e-05,-0.02256524935,-0.0178725235,-0.01431593116,,,0.001019995427,2.815936455e-05,True,
2023-04-25,2023-04-24,NKY,GJR-skewt,GJR-skewt-AR1-expanding-refit21,1,0.00847975334,7.19062167e-05,-0.02205833207,-0.01748668653,-0.01402186033,,,0.0009281285086,4.856231081e-05,True,
2023-04-26,2023-04-25,NKY,GJR-skewt,GJR-skewt-AR1-expanding-refit21,1,0.008275374482,6.848182281e-05,-0.02152468931,-0.01706322949,-0.01368191247,,,-0.007139299515,6.094737709e-05,True,
2023-04-27,2023-04-26,NKY,GJR-skewt,GJR-skewt-AR1-expanding-refit21,1,0.00857994525,7.361546049e-05,-0.0221709919,-0.01754533042,-0.01403956582,,,0.001449129242,3.221764121e-05,True,
2023-04-28,2023-04-27,NKY,GJR-skewt,GJR-skewt-AR1-expanding-refit21,1,0.008367640661,7.001741022e-05,-0.02177430623,-0.01726310342,-0.01384408645,,,0.01391511203,0.0001146323501,True,
2023-05-01,2023-04-28,NKY,GJR-skewt,GJR-skewt-AR1-expanding-refit21,1,0.008445098227,7.131968407e-05,-0.02220223378,-0.01764927168,-0.01419860556,,,0.009201237465,4.967342626e-05,True,
2023-05-02,2023-05-01,NKY,GJR-skewt,GJR-skewt-AR1-expanding-refit21,1,0.008367904283,7.002182209e-05,-0.02191572844,-0.01740438352,-0.01398525883,,,0.001193166117,5.315098372e-05,True,
2023-05-08,2023-05-02,NKY,GJR-skewt,GJR-skewt-AR1-expanding-refit21,1,0.008175073263,6.683182286e-05,-0.02126842827,-0.01686104333,-0.01352070937,,,-0.007161487496,8.23694325e-05,True,
2023-05-09,2023-05-08,NKY,GJR-skewt,GJR-skewt-AR1-expanding-refit21,1,0.008496558522,7.219150672e-05,-0.0219535429,-0.01737283728,-0.01390114449,,,0.01006799542,2.356515929e-05,True,
2023-05-10,2023-05-09,NKY,GJR-skewt,GJR-skewt-AR1-expanding-refit21,1,0.008427009801,7.101449418e-05,-0.02208530899,-0.01754209881,-0.01409882361,,,-0.004134011542,2.635261492e-05,True,
2023-05-11,2023-05-10,NKY,GJR-skewt,GJR-skewt-AR1-expanding-refit21,1,0.00837915022,7.021015841e-05,-0.02170290489,-0.017185497,-0.01376177722,,,0.0001559174501,4.484939166e-05,True,
2023-05-12,2023-05-11,NKY,GJR-skewt,GJR-skewt-AR1-expanding-refit21,1,0.008182764035,6.695762726e-05,-0.02126961569,-0.01685808447,-0.01351460806,,,0.008940672526,8.247222441e-05,True,
2023-05-15,2023-05-12,NKY,GJR-skewt,GJR-skewt-AR1-expanding-refit21,1,0.008119902366,6.593281444e-05,-0.02126547718,-0.01688783625,-0.01357004511,,,0.008067162604,6.845376807e-05,True,
2023-05-16,2023-05-15,NKY,GJR-skewt,GJR-skewt-AR1-expanding-refit21,1,0.008045957056,6.473742495e-05,-0.02105714776,-0.01671937257,-0.01343179548,,,0.007286153996,6.767890448e-05,True,
2023-05-17,2023-05-16,NKY,GJR-skewt,GJR-skewt-AR1-expanding-refit21,1,0.007961514351,6.338571076e-05,-0.02082317413,-0.0165309241,-0.01327785029,,,0.008362207854,3.40208204e-05,True,
2023-05-18,2023-05-17,NKY,GJR-skewt,GJR-skewt-AR1-expanding-refit21,1,0.007910829166,6.258121809e-05,-0.02071078162,-0.01644585724,-0.01321349339,,,0.01583548796,0.0001436089337,True,
2023-05-19,2023-05-18,NKY,GJR-skewt,GJR-skewt-AR1-expanding-refit21,1,0.008130333455,6.610232209e-05,-0.02137974855,-0.01700091117,-0.01368136853,,,0.007638069565,0.0001156130176,True,
2023-05-22,2023-05-19,NKY,GJR-skewt,GJR-skewt-AR1-expanding-refit21,1,0.008047195928,6.47573623e-05,-0.02102075964,-0.01668669849,-0.01340110015,,,0.008998200644,5.897906161e-05,True,
2023-05-23,2023-05-22,NKY,GJR-skewt,GJR-skewt-AR1-expanding-refit21,1,0.008003223186,6.405158136e-05,-0.02093002197,-0.01661964367,-0.01335199901,,,-0.004159942597,0.0002419082026,True,
2023-05-24,2023-05-23,NKY,GJR-skewt,GJR-skewt-AR1-expanding-refit21,1,0.008006910732,6.411061947e-05,-0.02071059779,-0.01639823346,-0.01312908321,,,-0.008925686616,6.896923145e-05,True,
2023-05-25,2023-05-24,NKY,GJR-skewt,GJR-skewt-AR1-expanding-refit21,1,0.008639637451,7.464333529e-05,-0.0222739153,-0.01762077683,-0.0140932899,,,0.003853089634,8.627586164e-05,True,
2023-05-26,2023-05-25,NKY,GJR-skewt,GJR-skewt-AR1-expanding-refit21,1,0.008437163246,7.118572365e-05,-0.0219695217,-0.01742543184,-0.01398061333,,,0.003732488615,0.0001503868705,True,
2023-05-29,2023-05-26,NKY,GJR-skewt,GJR-skewt-AR1-expanding-refit21,1,0.008254542485,6.813747164e-05,-0.02149226916,-0.01704653524,-0.01367627916,,,0.01020859317,9.389143086e-05,True,
2023-05-30,2023-05-29,NKY,GJR-skewt,GJR-skewt-AR1-expanding-refit21,1,0.00822005821,6.756935698e-05,-0.02151526311,-0.01708810175,-0.01373192528,,,0.003024891374,0.0001442489617,True,
2023-05-31,2023-05-30,NKY,GJR-skewt,GJR-skewt-AR1-expanding-refit21,1,0.008051920554,6.483342461e-05,-0.02095275967,-0.01661615393,-0.01332862658,,,-0.0141534769,0.0001050884846,True,
2023-06-01,2023-05-31,NKY,GJR-skewt,GJR-skewt-AR1-expanding-refit21,1,0.009707904687,9.424341342e-05,-0.02496240588,-0.01973391972,-0.0157702688,,,0.008386449585,0.000132172319,True,
2023-06-02,2023-06-01,NKY,GJR-skewt,GJR-skewt-AR1-expanding-refit21,1,0.009476108941,8.979664066e-05,-0.02475161544,-0.0196479699,-0.01577895913,,,0.0120058101,4.686228853e-05,True,
2023-06-05,2023-06-02,NKY,GJR-skewt,GJR-skewt-AR1-expanding-refit21,1,0.00936830562,8.776515018e-05,-0.02453412169,-0.0194885369,-0.01566354126,,,0.02175143934,0.0001175057727,True,
2023-06-06,2023-06-05,NKY,GJR-skewt,GJR-skewt-AR1-expanding-refit21,1,0.009686946495,9.38369324e-05,-0.02553280386,-0.02031560537,-0.0163605115,,,0.008941060605,9.29420696e-05,True,
2023-06-07,2023-06-06,NKY,GJR-skewt,GJR-skewt-AR1-expanding-refit21,1,0.009482586194,8.991944092e-05,-0.0247781214,-0.01967098734,-0.01579933196,,,-0.01841201616,0.0006883149409,True,
2023-06-08,2023-06-07,NKY,GJR-skewt,GJR-skewt-AR1-expanding-refit21,1,0.011751179,0.0001380902079,-0.03020459729,-0.02387564385,-0.01907774226,,,-0.008574378963,0.0002241622802,True,
2023-06-09,2023-06-08,NKY,GJR-skewt,GJR-skewt-AR1-expanding-refit21,1,0.01182991899,0.0001399469833,-0.03058069258,-0.02420933133,-0.01937928091,,,0.01952605146,0.0001463100243,True,
2023-06-12,2023-06-09,NKY,GJR-skewt,GJR-skewt-AR1-expanding-refit21,1,0.01173007661,0.0001375946972,-0.03081000726,-0.02449241916,-0.01970313348,,,0.005218937536,0.0001089129783,True,
2023-06-13,2023-06-12,NKY,GJR-skewt,GJR-skewt-AR1-expanding-refit21,1,0.0112875961,0.0001274098257,-0.02940971879,-0.02333044196,-0.01872181713,,,0.0178652508,0.0001998656539,True,
2023-06-14,2023-06-13,NKY,GJR-skewt,GJR-skewt-AR1-expanding-refit21,1,0.01119057786,0.0001252290328,-0.0293774012,-0.02335037649,-0.01878136334,,,0.01454522505,0.0001765077179,True,
2023-06-15,2023-06-14,NKY,GJR-skewt,GJR-skewt-AR1-expanding-refit21,1,0.01099554794,0.0001209020746,-0.02881217553,-0.02289019008,-0.01840080591,,,-0.0005055718359,0.0001903744152,True,
2023-06-16,2023-06-15,NKY,GJR-skewt,GJR-skewt-AR1-expanding-refit21,1,0.01057856861,0.0001119061139,-0.02746529364,-0.02176788505,-0.01744874982,,,0.006566021432,0.0002310582284,True,
2023-06-19,2023-06-16,NKY,GJR-skewt,GJR-skewt-AR1-expanding-refit21,1,0.0102645207,0.0001053603851,-0.0267382714,-0.02122340281,-0.01703799758,,,-0.01000824556,0.0002227215275,True,
2023-06-20,2023-06-19,NKY,GJR-skewt,GJR-skewt-AR1-expanding-refit21,1,0.01068073545,0.0001140781098,-0.02755496929,-0.021816479,-0.0174613603,,,0.0005538785338,0.0001503699516,True,
2023-06-21,2023-06-20,NKY,GJR-skewt,GJR-skewt-AR1-expanding-refit21,1,0.01028574425,0.0001057965348,-0.02669705979,-0.02117078833,-0.0169767291,,,0.005562116925,0.0001621469087,True,
2023-06-22,2023-06-21,NKY,GJR-skewt,GJR-skewt-AR1-expanding-refit21,1,0.009959552033,9.91926767e-05,-0.02592901992,-0.02057800332,-0.01651695046,,,-0.009283777611,0.0001704952947,True,
2023-06-23,2023-06-22,NKY,GJR-skewt,GJR-skewt-AR1-expanding-refit21,1,0.01031612828,0.0001064225028,-0.02661832755,-0.02107573151,-0.01686928305,,,-0.01463662962,0.000358131411,True,
2023-06-26,2023-06-23,NKY,GJR-skewt,GJR-skewt-AR1-expanding-refit21,1,0.01159920733,0.0001345416108,-0.02986948316,-0.02363752105,-0.01890789124,,,-0.002526820779,0.000216931075,True,
2023-06-27,2023-06-26,NKY,GJR-skewt,GJR-skewt-AR1-expanding-refit21,1,0.0111892413,0.0001251991209,-0.02899744587,-0.02298574818,-0.0184232839,,,-0.004919921142,0.0001700125315,True,
2023-06-28,2023-06-27,NKY,GJR-skewt,GJR-skewt-AR1-expanding-refit21,1,0.01094107629,0.0001197071505,-0.0283136508,-0.02243528593,-0.01797401206,,,0.01995000214,0.0002577530595,True,
2023-06-29,2023-06-28,NKY,GJR-skewt,GJR-skewt-AR1-expanding-refit21,1,0.01096555214,0.0001202433338,-0.02877611449,-0.02288459936,-0.01841334535,,,0.001208895856,0.0001384511479,True,
2023-06-30,2023-06-29,NKY,GJR-skewt,GJR-skewt-AR1-expanding-refit21,1,0.01055011415,0.0001113049085,-0.02739512858,-0.02172681783,-0.01742496057,,,-0.001358006863,0.0001045563282,True,
2023-07-03,2023-06-30,NKY,GJR-skewt,GJR-skewt-AR1-expanding-refit21,1,0.01018109584,0.0001036547126,-0.02639423494,-0.02092418843,-0.01677280006,,,0.0168593508,8.011863142e-05,True,
2023-07-04,2023-07-03,NKY,GJR-skewt,GJR-skewt-AR1-expanding-refit21,1,0.01016623045,0.0001033522416,-0.02664770232,-0.02118564261,-0.01704031568,,,-0.009849113208,,True,
2023-07-05,2023-07-04,NKY,GJR-skewt,GJR-skewt-AR1-expanding-refit21,1,0.0105487276,0.0001112756539,-0.02721419912,-0.02154663332,-0.01724534143,,,-0.002511049247,,True,
2023-07-06,2023-07-05,NKY,GJR-skewt,GJR-skewt-AR1-expanding-refit21,1,0.01022324888,0.0001045148177,-0.02648537538,-0.0209926811,-0.01682410464,,,-0.01711325938,0.0001864735954,True,
2023-07-07,2023-07-06,NKY,GJR-skewt,GJR-skewt-AR1-expanding-refit21,1,0.01204523739,0.0001450877437,-0.03098978983,-0.02451818699,-0.01960668639,,,-0.01180465255,0.000192897989,True,
2023-07-10,2023-07-07,NKY,GJR-skewt,GJR-skewt-AR1-expanding-refit21,1,0.01253028287,0.0001570079887,-0.03233640865,-0.02560420309,-0.02049492298,,,-0.006153476857,0.0003035977593,True,
2023-07-11,2023-07-10,NKY,GJR-skewt,GJR-skewt-AR1-expanding-refit21,1,0.01226453707,0.0001504188696,-0.03173588594,-0.02514645891,-0.02014553786,,,0.0004298534178,0.0001351610601,True,
2023-07-12,2023-07-11,NKY,GJR-skewt,GJR-skewt-AR1-expanding-refit21,1,0.01174625532,0.000137974514,-0.03049352326,-0.02418255597,-0.01939296667,,,-0.008095156877,0.0002040826701,True,
2023-07-13,2023-07-12,NKY,GJR-skewt,GJR-skewt-AR1-expanding-refit21,1,0.01173283709,0.0001376594662,-0.03032192069,-0.02401816267,-0.01923404472,,,0.01477268359,0.0001347919587,True,
2023-07-14,2023-07-13,NKY,GJR-skewt,GJR-skewt-AR1-expanding-refit21,1,0.01148053343,0.0001318026478,-0.03003243985,-0.02386423824,-0.01918299826,,,-0.000866226085,0.0002283810995,True,
2023-07-18,2023-07-14,NKY,GJR-skewt,GJR-skewt-AR1-expanding-refit21,1,0.01102568452,0.0001215657191,-0.02859870128,-0.02267487853,-0.01817910528,,,0.003163464521,0.0001141142827,True,
2023-07-19,2023-07-18,NKY,GJR-skewt,GJR-skewt-AR1-expanding-refit21,1,0.01061188532,0.0001126121101,-0.0275706989,-0.02187959457,-0.01755880082,,,0.01229992905,0.0001143850271,True,
2023-07-20,2023-07-19,NKY,GJR-skewt,GJR-skewt-AR1-expanding-refit21,1,0.01039908176,0.0001081409014,-0.027162944,-0.02158596523,-0.01735181776,,,-0.01240367978,8.639260279e-05,True,
2023-07-21,2023-07-20,NKY,GJR-skewt,GJR-skewt-AR1-expanding-refit21,1,0.01116890532,0.0001247444461,-0.02877072913,-0.02278089759,-0.01823330451,,,-0.005749539492,0.0001543919969,True,
2023-07-24,2023-07-21,NKY,GJR-skewt,GJR-skewt-AR1-expanding-refit21,1,0.011002638,0.0001210580429,-0.02844444231,-0.02254377916,-0.0180638844,,,0.01220500633,9.046069067e-05,True,
2023-07-25,2023-07-24,NKY,GJR-skewt,GJR-skewt-AR1-expanding-refit21,1,0.01074631586,0.0001154833046,-0.02806379107,-0.02230059227,-0.01792506305,,,-0.0005637414578,5.598450698e-05,True,
2023-07-26,2023-07-25,NKY,GJR-skewt,GJR-skewt-AR1-expanding-refit21,1,0.01034840936,0.0001070895762,-0.02682674733,-0.02127694393,-0.01706342851,,,-0.000433657108,5.502587335e-05,True,
2023-07-27,2023-07-26,NKY,GJR-skewt,GJR-skewt-AR1-expanding-refit21,1,0.009983291697,9.96661131e-05,-0.02587998534,-0.02052599282,-0.01646114073,,,0.00679752524,0.0001050903148,True,
2023-07-28,2023-07-27,NKY,GJR-skewt,GJR-skewt-AR1-expanding-refit21,1,0.00970248984,9.41383091e-05,-0.02526523215,-0.02006183236,-0.01611131309,,,-0.00401916474,0.0008280260095,True,
2023-07-31,2023-07-28,NKY,GJR-skewt,GJR-skewt-AR1-expanding-refit21,1,0.009522945198,9.068648525e-05,-0.02462667972,-0.01951956887,-0.01564215399,,,0.0125279722,0.0001177636239,True,
2023-08-01,2023-07-31,NKY,GJR-skewt,GJR-skewt-AR1-expanding-refit21,1,0.009422782163,8.878882369e-05,-0.0246294628,-0.01957606892,-0.01573943698,,,0.009133292723,9.808701354e-05,True,
2023-08-02,2023-08-01,NKY,GJR-skewt,GJR-skewt-AR1-expanding-refit21,1,0.009245539536,8.54800013e-05,-0.02411489225,-0.01915655276,-0.0153920879,,,-0.02323583207,0.0001915267261,True,
2023-08-03,2023-08-02,NKY,GJR-skewt,GJR-skewt-AR1-expanding-refit21,1,0.01290885944,0.000166638652,-0.03312012641,-0.02619716564,-0.02094112325,,,-0.0169091674,0.0001862411715,True,
2023-08-04,2023-08-03,NKY,GJR-skewt,GJR-skewt-AR1-expanding-refit21,1,0.01416645749,0.0002006885179,-0.0364888278,-0.02889142309,-0.02312333014,,,0.001040237686,0.00016281643,True,
2023-08-07,2023-08-04,NKY,GJR-skewt,GJR-skewt-AR1-expanding-refit21,1,0.01351069075,0.0001825387644,-0.03507005933,-0.02782433925,-0.0223232519,,,0.001918173727,0.0001339499679,True,
2023-08-08,2023-08-07,NKY,GJR-skewt,GJR-skewt-AR1-expanding-refit21,1,0.0129048775,0.0001665358634,-0.03350969227,-0.02658886699,-0.02133444591,,,0.003797776429,0.0001081454973,True,
2023-08-09,2023-08-08,NKY,GJR-skewt,GJR-skewt-AR1-expanding-refit21,1,0.01235389037,0.0001526186072,-0.03210772676,-0.02548239329,-0.02045231517,,,-0.005356304033,9.457249527e-05,True,
2023-08-10,2023-08-09,NKY,GJR-skewt,GJR-skewt-AR1-expanding-refit21,1,0.01202321897,0.0001445577943,-0.03110287485,-0.02465487891,-0.01975943878,,,0.00832808522,8.833237517e-05,True,
2023-08-14,2023-08-10,NKY,GJR-skewt,GJR-skewt-AR1-expanding-refit21,1,0.0115938931,0.0001344183573,-0.0302047498,-0.0239869993,-0.01926636586,,,-0.01282265833,0.0002174979059,True,
2023-08-15,2023-08-14,NKY,GJR-skewt,GJR-skewt-AR1-expanding-refit21,1,0.01224570637,0.0001499573244,-0.03156234753,-0.02499503264,-0.02000900331,,,0.005567162065,8.353162269e-05,True,
2023-08-16,2023-08-15,NKY,GJR-skewt,GJR-skewt-AR1-expanding-refit21,1,0.01175878946,0.0001382691295,-0.03058937061,-0.02428318698,-0.01949541342,,,-0.0147511484,0.0001427823411,True,
2023-08-17,2023-08-16,NKY,GJR-skewt,GJR-skewt-AR1-expanding-refit21,1,0.01273101414,0.0001620787209,-0.03279285504,-0.02596527187,-0.02078164195,,,-0.0044427915,0.0001379772201,True,
2023-08-18,2023-08-17,NKY,GJR-skewt,GJR-skewt-AR1-expanding-refit21,1,0.01231609542,0.0001516862064,-0.03188546227,-0.02528180621,-0.02026684078,,,-0.005556426218,0.0001938576565,True,
2023-08-21,2023-08-18,NKY,GJR-skewt,GJR-skewt-AR1-expanding-refit21,1,0.01201412675,0.0001443392417,-0.0310826265,-0.02464088029,-0.01974887286,,,0.003646065994,0.0001558838292,True,
2023-08-22,2023-08-21,NKY,GJR-skewt,GJR-skewt-AR1-expanding-refit21,1,0.01153106453,0.0001329654493,-0.02997584247,-0.02379310504,-0.01909779471,,,0.009178857498,6.909810379e-05,True,
2023-08-23,2023-08-22,NKY,GJR-skewt,GJR-skewt-AR1-expanding-refit21,1,0.0111632123,0.0001246173087,-0.02910918847,-0.0231236864,-0.01857816107,,,0.00480840485,4.772431641e-05,True,
2023-08-24,2023-08-23,NKY,GJR-skewt,GJR-skewt-AR1-expanding-refit21,1,0.01075972431,0.0001157716672,-0.02798986112,-0.02222070164,-0.01783947174,,,0.008614736466,5.461546386e-05,True,
2023-08-25,2023-08-24,NKY,GJR-skewt,GJR-skewt-AR1-expanding-refit21,1,0.01044738262,0.0001091478036,-0.02723958032,-0.02163789251,-0.01738384438,,,-0.02074604784,0.0001048515023,True,
2023-08-28,2023-08-25,NKY,GJR-skewt,GJR-skewt-AR1-expanding-refit21,1,0.01302665971,0.0001696938632,-0.03346877933,-0.02648413221,-0.02117983358,,,0.0171088797,6.477876373e-05,True,
2023-08-29,2023-08-28,NKY,GJR-skewt,GJR-skewt-AR1-expanding-refit21,1,0.01272205652,0.0001618507221,-0.03328889562,-0.02646757094,-0.02128730304,,,0.001769663787,7.085629055e-05,True,
2023-08-30,2023-08-29,NKY,GJR-skewt,GJR-skewt-AR1-expanding-refit21,1,0.01217718586,0.0001482838556,-0.03162483072,-0.02509565532,-0.02013725218,,,0.003298935087,5.682743115e-05,True,
2023-08-31,2023-08-30,NKY,GJR-skewt,GJR-skewt-AR1-expanding-refit21,1,0.01168005658,0.0001364237216,-0.03035747289,-0.02409484875,-0.01933887066,,,0.008802722672,6.238986923e-05,True,
2023-09-01,2023-08-31,NKY,GJR-skewt,GJR-skewt-AR1-expanding-refit21,1,0.0112923414,0.0001275169743,-0.02943872498,-0.02338398634,-0.01878588119,,,0.00279441043,5.666269481e-05,True,
2023-09-04,2023-09-01,NKY,GJR-skewt,GJR-skewt-AR1-expanding-refit21,1,0.01086110112,0.0001179635175,-0.02822079686,-0.02239728106,-0.01797477175,,,0.006963051754,4.276040881e-05,True,
2023-09-05,2023-09-04,NKY,GJR-skewt,GJR-skewt-AR1-expanding-refit21,1,0.01050997271,0.0001104595263,-0.02737556221,-0.02174031479,-0.01746078073,,,0.002958111671,8.142716914e-05,True,
2023-09-06,2023-09-05,NKY,GJR-skewt,GJR-skewt-AR1-expanding-refit21,1,0.01014234519,0.0001028671659,-0.02635534602,-0.02091721348,-0.01678737291,,,0.006163708344,5.538145501e-05,True,
2023-09-07,2023-09-06,NKY,GJR-skewt,GJR-skewt-AR1-expanding-refit21,1,0.009840283502,9.683117939e-05,-0.02562207474,-0.02034590193,-0.01633905723,,,-0.007547476385,8.264435303e-05,True,
2023-09-08,2023-09-07,NKY,GJR-skewt,GJR-skewt-AR1-expanding-refit21,1,0.009978124505,9.956296863e-05,-0.02575873661,-0.02040865607,-0.01634568418,,,-0.0117150875,0.0002291003545,True,
2023-09-11,2023-09-08,NKY,GJR-skewt,GJR-skewt-AR1-expanding-refit21,1,0.01075102552,0.0001155845497,-0.02770020415,-0.02193570879,-0.01755802094,,,-0.004274487514,0.0001645795304,True,
2023-09-12,2023-09-11,NKY,GJR-skewt,GJR-skewt-AR1-expanding-refit21,1,0.01050953921,0.0001104504143,-0.02719281744,-0.02155780245,-0.01727844491,,,0.00946027229,8.661148839e-05,True,
2023-09-13,2023-09-12,NKY,GJR-skewt,GJR-skewt-AR1-expanding-refit21,1,0.01023396285,0.0001047339956,-0.02669855285,-0.02121129666,-0.01704415048,,,-0.002133430147,9.529362914e-05,True,
2023-09-14,2023-09-13,NKY,GJR-skewt,GJR-skewt-AR1-expanding-refit21,1,0.009911398208,9.823581444e-05,-0.02567281069,-0.02035850752,-0.01632270577,,,0.01401418564,3.986311423e-05,True,
2023-09-15,2023-09-14,NKY,GJR-skewt,GJR-skewt-AR1-expanding-refit21,1,0.009822067408,9.647300817e-05,-0.02570160714,-0.02043520145,-0.01643577413,,,0.01094409006,7.069431514e-05,True,
2023-09-19,2023-09-15,NKY,GJR-skewt,GJR-skewt-AR1-expanding-refit21,1,0.009652660098,9.317384696e-05,-0.02521915059,-0.02004108227,-0.01610799492,,,-0.008700827429,7.328111558e-05,True,
2023-09-20,2023-09-19,NKY,GJR-skewt,GJR-skewt-AR1-expanding-refit21,1,0.00995305059,9.906321604e-05,-0.02567983551,-0.02034062586,-0.01628514095,,,-0.006603934443,5.482965163e-05,True,
2023-09-21,2023-09-20,NKY,GJR-skewt,GJR-skewt-AR1-expanding-refit21,1,0.009996384909,9.992771124e-05,-0.02582672775,-0.02046427186,-0.01639112988,,,-0.01380472438,5.120160711e-05,True,
2023-09-22,2023-09-21,NKY,GJR-skewt,GJR-skewt-AR1-expanding-refit21,1,0.01115424614,0.000124417207,-0.02872018208,-0.02273660367,-0.01819167782,,,-0.005190413805,0.0001633119588,True,
2023-09-25,2023-09-22,NKY,GJR-skewt,GJR-skewt-AR1-expanding-refit21,1,0.01094510265,0.0001197952721,-0.02831684223,-0.02244545665,-0.01798574872,,,0.008488207435,5.067252686e-05,True,
2023-09-26,2023-09-25,NKY,GJR-skewt,GJR-skewt-AR1-expanding-refit21,1,0.01061123115,0.0001125982265,-0.02767176881,-0.0219794851,-0.01765581695,,,-0.011187925,7.60743605e-05,True,
2023-09-27,2023-09-26,NKY,GJR-skewt,GJR-skewt-AR1-expanding-refit21,1,0.01114479853,0.0001242065342,-0.02873830043,-0.0227597901,-0.01821871379,,,0.001757684467,7.5484171e-05,True,
2023-09-28,2023-09-27,NKY,GJR-skewt,GJR-skewt-AR1-expanding-refit21,1,0.0107185311,0.0001148869088,-0.02784100245,-0.02209115881,-0.01772377007,,,-0.0155465928,0.0002643263447,True,
2023-09-29,2023-09-28,NKY,GJR-skewt,GJR-skewt-AR1-expanding-refit21,1,0.01205127357,0.0001452331946,-0.03102440876,-0.0245596294,-0.0196491994,,,-0.0004676089079,0.0001257852474,True,
2023-10-02,2023-09-29,NKY,GJR-skewt,GJR-skewt-AR1-expanding-refit21,1,0.01155699684,0.0001335641759,-0.02998505887,-0.02378542907,-0.01907639782,,,-0.003072687764,0.0002933908289,True,
2023-10-03,2023-10-02,NKY,GJR-skewt,GJR-skewt-AR1-expanding-refit21,1,0.01116675091,0.0001246963258,-0.02892776394,-0.02293747748,-0.01838745642,,,-0.01657052102,0.0001819153648,True,
2023-10-04,2023-10-03,NKY,GJR-skewt,GJR-skewt-AR1-expanding-refit21,1,0.01263305395,0.000159594052,-0.03252057461,-0.02574370526,-0.02059622216,,,-0.02302572896,0.0002644654843,True,
2023-10-05,2023-10-04,NKY,GJR-skewt,GJR-skewt-AR1-expanding-refit21,1,0.01526762793,0.0002331004627,-0.03926625217,-0.03107609322,-0.02485512266,,,0.01780756712,0.0001433606539,True,
2023-10-06,2023-10-05,NKY,GJR-skewt,GJR-skewt-AR1-expanding-refit21,1,0.01478537017,0.000218607171,-0.03867826891,-0.03074681209,-0.024722343,,,-0.002599950616,0.0001715186005,True,
2023-10-10,2023-10-06,NKY,GJR-skewt,GJR-skewt-AR1-expanding-refit21,1,0.01412056832,0.0001993904497,-0.03661661663,-0.02904178579,-0.02328819786,,,0.02396815434,8.093597475e-05,True,
2023-10-11,2023-10-10,NKY,GJR-skewt,GJR-skewt-AR1-expanding-refit21,1,0.01397064964,0.0001951790515,-0.03666015358,-0.02916574503,-0.02347324319,,,0.005966456261,8.305959253e-05,True,
2023-10-12,2023-10-11,NKY,GJR-skewt,GJR-skewt-AR1-expanding-refit21,1,0.0133673889,0.0001786870859,-0.03479777798,-0.02762698234,-0.02218028603,,,0.01732591083,7.366654312e-05,True,
2023-10-13,2023-10-12,NKY,GJR-skewt,GJR-skewt-AR1-expanding-refit21,1,0.0130527808,0.0001703750867,-0.03416496639,-0.02716293897,-0.02184443333,,,-0.005513611777,0.0001726901346,True,
2023-10-16,2023-10-13,NKY,GJR-skewt,GJR-skewt-AR1-expanding-refit21,1,0.01265739146,0.0001602095585,-0.0327642259,-0.02597430095,-0.02081690125,,,-0.02053876745,0.0002113189302,True,
2023-10-17,2023-10-16,NKY,GJR-skewt,GJR-skewt-AR1-expanding-refit21,1,0.01466048389,0.0002149297879,-0.03772799581,-0.02986353292,-0.02388995018,,,0.01197075016,0.0001118697484,True,
2023-10-18,2023-10-17,NKY,GJR-skewt,GJR-skewt-AR1-expanding-refit21,1,0.01408769085,0.0001984630336,-0.03676880351,-0.02921160943,-0.0234714178,,,6.120044647e-05,0.000148395408,True,
2023-10-19,2023-10-18,NKY,GJR-skewt,GJR-skewt-AR1-expanding-refit21,1,0.01344163613,0.0001806775819,-0.03488738799,-0.02769097213,-0.02222062357,,,-0.01927279482,0.0001142927976,True,
2023-10-20,2023-10-19,NKY,GJR-skewt,GJR-skewt-AR1-expanding-refit21,1,0.01498343288,0.000224503261,-0.03858041912,-0.03055855237,-0.0244607381,,,-0.005463718128,0.0001392084685,True,
2023-10-23,2023-10-20,NKY,GJR-skewt,GJR-skewt-AR1-expanding-refit21,1,0.01446121299,0.000209126681,-0.03744759835,-0.02970531896,-0.02382003275,,,-0.008346118089,0.0001170223326,True,
2023-10-24,2023-10-23,NKY,GJR-skewt,GJR-skewt-AR1-expanding-refit21,1,0.01419782215,0.0002015781537,-0.03671614373,-0.02911487917,-0.02333678525,,,0.002023748904,0.0003936161371,True,
2023-10-25,2023-10-24,NKY,GJR-skewt,GJR-skewt-AR1-expanding-refit21,1,0.01354510416,0.0001834698467,-0.03518822411,-0.02793641329,-0.02242395629,,,0.00666014823,0.0001270960285,True,
2023-10-26,2023-10-25,NKY,GJR-skewt,GJR-skewt-AR1-expanding-refit21,1,0.01297695031,0.0001684012395,-0.03378688487,-0.02683925364,-0.02155801846,,,-0.02159845622,0.0001396579136,True,
2023-10-27,2023-10-26,NKY,GJR-skewt,GJR-skewt-AR1-expanding-refit21,1,0.01510313071,0.0002281045573,-0.03885372131,-0.03076777045,-0.0246212427,,,0.01266093196,0.0001576003152,True,
2023-10-30,2023-10-27,NKY,GJR-skewt,GJR-skewt-AR1-expanding-refit21,1,0.01450848872,0.0002104962449,-0.03786514531,-0.03009755532,-0.02419302929,,,-0.009555428776,0.000141700408,True,
2023-10-31,2023-10-30,NKY,GJR-skewt,GJR-skewt-AR1-expanding-refit21,1,0.01433194436,0.0002054046292,-0.03704508671,-0.02937201547,-0.02353933777,,,0.005259911024,0.0004581440891,True,
2023-11-01,2023-10-31,NKY,GJR-skewt,GJR-skewt-AR1-expanding-refit21,1,0.01368911282,0.0001873918098,-0.03561513784,-0.02828622732,-0.02271516305,,,0.02378577823,0.0001168849142,True,
2023-11-02,2023-11-01,NKY,GJR-skewt,GJR-skewt-AR1-expanding-refit21,1,0.01358018084,0.0001844213118,-0.03563320034,-0.02836261008,-0.02283587791,,,0.01095941058,5.70835263e-05,True,
2023-11-06,2023-11-02,NKY,GJR-skewt,GJR-skewt-AR1-expanding-refit21,1,0.01308607017,0.0001712452324,-0.03414040118,-0.02713434909,-0.02180870536,,,0.02346562853,7.258995763e-05,True,
2023-11-07,2023-11-06,NKY,GJR-skewt,GJR-skewt-AR1-expanding-refit21,1,0.01303286537,0.0001698555798,-0.03420543971,-0.02722787254,-0.02192388158,,,-0.01343997266,6.967994388e-05,True,
2023-11-08,2023-11-07,NKY,GJR-skewt,GJR-skewt-AR1-expanding-refit21,1,0.0135177006,0.0001827282295,-0.03486558925,-0.02762844982,-0.02212714526,,,-0.003269482049,0.0001232129749,True,
2023-11-09,2023-11-08,NKY,GJR-skewt,GJR-skewt-AR1-expanding-refit21,1,0.01298792598,0.0001686862213,-0.03365397656,-0.02670046915,-0.0214147672,,,0.01481152481,0.0001028734544,True,
2023-11-10,2023-11-09,NKY,GJR-skewt,GJR-skewt-AR1-expanding-refit21,1,0.01262654972,0.0001594297578,-0.03300866566,-0.02624863276,-0.02111000026,,,-0.002402886267,0.0001460823309,True,
2023-11-13,2023-11-10,NKY,GJR-skewt,GJR-skewt-AR1-expanding-refit21,1,0.01211709312,0.0001468239457,-0.03140463942,-0.02491736063,-0.01998606191,,,0.0005218468315,0.0001131623035,True,
2023-11-14,2023-11-13,NKY,GJR-skewt,GJR-skewt-AR1-expanding-refit21,1,0.01161364517,0.0001348767541,-0.03014365234,-0.02392591073,-0.01919950045,,,0.003395179306,5.473557694e-05,True,
2023-11-15,2023-11-14,NKY,GJR-skewt,GJR-skewt-AR1-expanding-refit21,1,0.01116045016,0.0001245556478,-0.02901244458,-0.02303733562,-0.01849536231,,,0.02488270658,7.964503206e-05,True,
2023-11-16,2023-11-15,NKY,GJR-skewt,GJR-skewt-AR1-expanding-refit21,1,0.01140126555,0.0001299888561,-0.02998770395,-0.02388366666,-0.01924368861,,,-0.002846826263,0.0001026005884,True,
2023-11-17,2023-11-16,NKY,GJR-skewt,GJR-skewt-AR1-expanding-refit21,1,0.01099761484,0.0001209475321,-0.02848772857,-0.02259979878,-0.01812409464,,,0.004798994355,0.000101414703,True,
2023-11-20,2023-11-17,NKY,GJR-skewt,GJR-skewt-AR1-expanding-refit21,1,0.01060550889,0.0001124768189,-0.02757568142,-0.02190306229,-0.01759028603,,,-0.005887980563,0.0001694446077,True,
2023-11-21,2023-11-20,NKY,GJR-skewt,GJR-skewt-AR1-expanding-refit21,1,0.01048522383,0.0001099399188,-0.02708827835,-0.02147999666,-0.01721613485,,,-0.001015568776,0.0001240403032,True,
2023-11-22,2023-11-21,NKY,GJR-skewt,GJR-skewt-AR1-expanding-refit21,1,0.01012059938,0.0001024265318,-0.02622072343,-0.02080747016,-0.01669188447,,,0.002924516221,8.716770095e-05,True,
2023-11-24,2023-11-22,NKY,GJR-skewt,GJR-skewt-AR1-expanding-refit21,1,0.009784833017,9.574295718e-05,-0.02541288363,-0.02017922332,-0.01620017847,,,0.005179199656,5.504358555e-05,True,
2023-11-27,2023-11-24,NKY,GJR-skewt,GJR-skewt-AR1-expanding-refit21,1,0.009500601236,9.026142385e-05,-0.02471134785,-0.01962971595,-0.01576625519,,,-0.005303452902,0.0001077179594,True,
2023-11-28,2023-11-27,NKY,GJR-skewt,GJR-skewt-AR1-expanding-refit21,1,0.009444578438,8.920006187e-05,-0.0243942424,-0.01934257568,-0.01550189684,,,-0.001175099551,0.0001028799983,True,
2023-11-29,2023-11-28,NKY,GJR-skewt,GJR-skewt-AR1-expanding-refit21,1,0.009170748535,8.41026287e-05,-0.02375039503,-0.01884519301,-0.01511586829,,,-0.00261269084,0.0001375987573,True,
2023-11-30,2023-11-29,NKY,GJR-skewt,GJR-skewt-AR1-expanding-refit21,1,0.008969888798,8.045890505e-05,-0.0232050329,-0.01840726569,-0.01475962146,,,0.004959643707,0.0001308925375,True,
2023-12-01,2023-11-30,NKY,GJR-skewt,GJR-skewt-AR1-expanding-refit21,1,0.008754426752,7.663998776e-05,-0.02276918934,-0.01808666735,-0.01452664168,,,-0.001655117597,6.571590276e-05,True,
2023-12-04,2023-12-01,NKY,GJR-skewt,GJR-skewt-AR1-expanding-refit21,1,0.00855080502,7.311626649e-05,-0.02213192256,-0.01755831269,-0.01408109069,,,-0.0060076339,0.0001716619731,True,
2023-12-05,2023-12-04,NKY,GJR-skewt,GJR-skewt-AR1-expanding-refit21,1,0.008687973267,7.548087949e-05,-0.0224170536,-0.01777007589,-0.01423707383,,,-0.01380022811,8.136045077e-05,True,
2023-12-06,2023-12-05,NKY,GJR-skewt,GJR-skewt-AR1-expanding-refit21,1,0.01013385737,0.0001026950652,-0.02604593546,-0.02062559083,-0.01650461371,,,0.02023810355,4.833441822e-05,True,
2023-12-07,2023-12-06,NKY,GJR-skewt,GJR-skewt-AR1-expanding-refit21,1,0.01025969845,0.0001052614123,-0.02692993878,-0.02144228493,-0.017270134,,,-0.01772452335,0.0001116625731,True,
2023-12-08,2023-12-07,NKY,GJR-skewt,GJR-skewt-AR1-expanding-refit21,1,0.0121070204,0.0001465799429,-0.03110799892,-0.02463225916,-0.01970888673,,,-0.01689411298,0.0001432167594,True,
2023-12-11,2023-12-08,NKY,GJR-skewt,GJR-skewt-AR1-expanding-refit21,1,0.01349250729,0.0001820477529,-0.03472109163,-0.02750428989,-0.0220175032,,,0.01486798283,0.0001240193264,True,
2023-12-12,2023-12-11,NKY,GJR-skewt,GJR-skewt-AR1-expanding-refit21,1,0.01308242693,0.0001711498943,-0.03417551559,-0.02717805549,-0.02185802976,,,0.001581414046,8.334043805e-05,True,
2023-12-13,2023-12-12,NKY,GJR-skewt,GJR-skewt-AR1-expanding-refit21,1,0.01251153954,0.0001565386216,-0.03247490061,-0.02578279377,-0.02069492188,,,0.002513374478,9.041276928e-05,True,
2023-12-14,2023-12-13,NKY,GJR-skewt,GJR-skewt-AR1-expanding-refit21,1,0.01198581727,0.0001436598157,-0.03112432373,-0.02471341247,-0.01983932782,,,-0.007318796269,0.0002313960375,True,
2023-12-15,2023-12-14,NKY,GJR-skewt,GJR-skewt-AR1-expanding-refit21,1,0.01186034537,0.0001406677923,-0.03063743486,-0.02429363535,-0.01947057439,,,0.008660262258,8.99628066e-05,True,
2023-12-18,2023-12-15,NKY,GJR-skewt,GJR-skewt-AR1-expanding-refit21,1,0.01145242623,0.0001311580665,-0.02983917024,-0.02371355639,-0.01905637752,,,-0.006437625118,5.971006328e-05,True,
2023-12-19,2023-12-18,NKY,GJR-skewt,GJR-skewt-AR1-expanding-refit21,1,0.01128917827,0.0001274455461,-0.02916796085,-0.02312966421,-0.01853887083,,,0.01395662293,0.0003161652188,True,
2023-12-20,2023-12-19,NKY,GJR-skewt,GJR-skewt-AR1-expanding-refit21,1,0.01105396323,0.0001221901032,-0.02889701542,-0.02298840711,-0.01849545689,,,0.01364991741,6.20381894e-05,True,
2023-12-21,2023-12-20,NKY,GJR-skewt,GJR-skewt-AR1-expanding-refit21,1,0.0108427301,0.0001175647961,-0.02834310122,-0.02254740208,-0.01814030884,,,-0.01602852122,6.028124701e-05,True,
2023-12-22,2023-12-21,NKY,GJR-skewt,GJR-skewt-AR1-expanding-refit21,1,0.01221487517,0.0001492031755,-0.03139728437,-0.0248681408,-0.0199033309,,,0.0008620792904,6.271952044e-05,True,
2023-12-25,2023-12-22,NKY,GJR-skewt,GJR-skewt-AR1-expanding-refit21,1,0.0117031733,0.0001369642652,-0.03035832883,-0.02410270218,-0.0193458766,,,0.002558764627,,True,
2023-12-26,2023-12-25,NKY,GJR-skewt,GJR-skewt-AR1-expanding-refit21,1,0.01123688328,0.0001262675459,-0.02917635306,-0.0231699696,-0.01860267042,,,0.001557103717,,True,
2023-12-27,2023-12-26,NKY,GJR-skewt,GJR-skewt-AR1-expanding-refit21,1,0.010802753,0.0001166994724,-0.02803156054,-0.02225723012,-0.01786638582,,,0.01120785066,4.856855788e-05,True,
2023-12-28,2023-12-27,NKY,GJR-skewt,GJR-skewt-AR1-expanding-refit21,1,0.01054175507,0.0001111286001,-0.027519419,-0.02188459823,-0.01759983811,,,-0.004213495657,3.628385875e-05,True,
2023-12-29,2023-12-28,NKY,GJR-skewt,GJR-skewt-AR1-expanding-refit21,1,0.01029057047,0.0001058958406,-0.02660212778,-0.0211015712,-0.01691890659,,,-0.002252088682,7.522059083e-05,True,
2024-01-04,2023-12-29,NKY,GJR-skewt,GJR-skewt-AR1-expanding-refit21,1,0.009975257263,9.950575746e-05,-0.02581683838,-0.02048482426,-0.01643032061,,,-0.00526971514,0.0001393016105,True,
2024-01-05,2024-01-04,NKY,GJR-skewt,GJR-skewt-AR1-expanding-refit21,1,0.009876693138,9.754906735e-05,-0.02550900216,-0.02022967294,-0.01621523126,,,0.002674024528,8.942155015e-05,True,
2024-01-09,2024-01-05,NKY,GJR-skewt,GJR-skewt-AR1-expanding-refit21,1,0.009558113258,9.135752905e-05,-0.02481798061,-0.01970893997,-0.01582398702,,,0.01149117064,0.0001480353241,True,
2024-01-10,2024-01-09,NKY,GJR-skewt,GJR-skewt-AR1-expanding-refit21,1,0.009425755008,8.884485747e-05,-0.02462564331,-0.01958735133,-0.01575619619,,,0.01989773352,9.712628617e-05,True,
2024-01-11,2024-01-10,NKY,GJR-skewt,GJR-skewt-AR1-expanding-refit21,1,0.009644091072,9.30084926e-05,-0.02533712947,-0.02018213162,-0.01626223247,,,0.01750301754,0.0001192227111,True,
2024-01-12,2024-01-11,NKY,GJR-skewt,GJR-skewt-AR1-expanding-refit21,1,0.009730373171,9.468016206e-05,-0.02552010257,-0.02031898488,-0.01636401584,,,0.01493083461,0.000158554726,True,
2024-01-15,2024-01-12,NKY,GJR-skewt,GJR-skewt-AR1-expanding-refit21,1,0.009701567247,9.412040704e-05,-0.02540110371,-0.02021538347,-0.01627212278,,,0.009084692689,9.651164118e-05,True,
2024-01-16,2024-01-15,NKY,GJR-skewt,GJR-skewt-AR1-expanding-refit21,1,0.009497991161,9.021183609e-05,-0.02477193217,-0.01969502823,-0.01583451226,,,-0.007902880674,0.0001330951054,True,
2024-01-17,2024-01-16,NKY,GJR-skewt,GJR-skewt-AR1-expanding-refit21,1,0.009719226942,9.446337235e-05,-0.02505478019,-0.01985962042,-0.01590918184,,,-0.003978508697,0.0003977816081,True,
2024-01-18,2024-01-17,NKY,GJR-skewt,GJR-skewt-AR1-expanding-refit21,1,0.009552916115,9.12582063e-05,-0.0246902179,-0.01958395525,-0.01570111471,,,-0.0003264020312,0.0002301606296,True,
2024-01-19,2024-01-18,NKY,GJR-skewt,GJR-skewt-AR1-expanding-refit21,1,0.009255604138,8.566620796e-05,-0.02398072343,-0.01903338116,-0.01527138487,,,0.01391878938,0.0001253763071,True,
2024-01-22,2024-01-19,NKY,GJR-skewt,GJR-skewt-AR1-expanding-refit21,1,0.009232006642,8.522994663e-05,-0.02416410791,-0.01922937907,-0.01547697413,,,0.01609958727,7.563235121e-05,True,
2024-01-23,2024-01-22,NKY,GJR-skewt,GJR-skewt-AR1-expanding-refit21,1,0.009304571084,8.657504305e-05,-0.0243900405,-0.01941652423,-0.01563462503,,,-0.0008041909198,0.0002120401437,True,
2024-01-24,2024-01-23,NKY,GJR-skewt,GJR-skewt-AR1-expanding-refit21,1,0.009043629794,8.178723985e-05,-0.02338228708,-0.01856136649,-0.0148930402,,,-0.008003167011,0.0001099406889,True,
2024-01-25,2024-01-24,NKY,GJR-skewt,GJR-skewt-AR1-expanding-refit21,1,0.009364070996,8.768582562e-05,-0.02410086957,-0.01910913022,-0.01531082484,,,0.0002756796451,0.00014183636,True,
2024-01-26,2024-01-25,NKY,GJR-skewt,GJR-skewt-AR1-expanding-refit21,1,0.009082081225,8.248419938e-05,-0.02349897567,-0.01865755764,-0.01497363447,,,-0.01348582832,0.0001628024647,True,
2024-01-29,2024-01-26,NKY,GJR-skewt,GJR-skewt-AR1-expanding-refit21,1,0.01035211481,0.000107166281,-0.02657848889,-0.02106004944,-0.01686096835,,,0.007686823632,9.062285873e-05,True,
2024-01-30,2024-01-29,NKY,GJR-skewt,GJR-skewt-AR1-expanding-refit21,1,0.01005244089,0.0001010515678,-0.0261327854,-0.02077409421,-0.01669656849,,,0.001079663249,7.41727093e-05,True,
2024-01-31,2024-01-30,NKY,GJR-skewt,GJR-skewt-AR1-expanding-refit21,1,0.009713635816,9.435472077e-05,-0.0251501854,-0.01997210227,-0.0160320045,,,0.006104890122,0.0001167924903,True,
2024-02-01,2024-01-31,NKY,GJR-skewt,GJR-skewt-AR1-expanding-refit21,1,0.009448123705,8.926704154e-05,-0.02454005279,-0.01950350716,-0.01567110786,,,-0.007614337201,0.0001116557581,True,
2024-02-02,2024-02-01,NKY,GJR-skewt,GJR-skewt-AR1-expanding-refit21,1,0.009647231301,9.306907178e-05,-0.02484164125,-0.01969895661,-0.0157857942,,,0.004061517154,9.152702577e-05,True,
2024-02-05,2024-02-02,NKY,GJR-skewt,GJR-skewt-AR1-expanding-refit21,1,0.009360086252,8.761121464e-05,-0.02427960991,-0.01928999473,-0.01549330565,,,0.00540988036,5.45660244e-05,True,
2024-02-06,2024-02-05,NKY,GJR-skewt,GJR-skewt-AR1-expanding-refit21,1,0.009116786461,8.311579537e-05,-0.02366948441,-0.01880956593,-0.01511156544,,,-0.005336852754,6.745890801e-05,True,
2024-02-07,2024-02-06,NKY,GJR-skewt,GJR-skewt-AR1-expanding-refit21,1,0.009107833109,8.295262394e-05,-0.02347783041,-0.01862268472,-0.01492831594,,,-0.001127226239,0.0001426950756,True,
2024-02-08,2024-02-07,NKY,GJR-skewt,GJR-skewt-AR1-expanding-refit21,1,0.00886298785,7.855255364e-05,-0.02290853712,-0.01818391198,-0.01458885867,,,0.02037140179,0.0001390981024,True,
2024-02-09,2024-02-08,NKY,GJR-skewt,GJR-skewt-AR1-expanding-refit21,1,0.009177417574,8.422499333e-05,-0.02406127436,-0.01916903503,-0.01544644102,,,0.0009257133132,0.0001663238126,True,
2024-02-13,2024-02-09,NKY,GJR-skewt,GJR-skewt-AR1-expanding-refit21,1,0.008913543952,7.945126579e-05,-0.02307188211,-0.01832030685,-0.01470474669,,,0.02849583826,7.191271448e-05,True,
2024-02-14,2024-02-13,NKY,GJR-skewt,GJR-skewt-AR1-expanding-refit21,1,0.00972202666,9.451780238e-05,-0.02560162522,-0.02041906915,-0.01647556784,,,-0.006889356661,8.756711509e-05,True,
2024-02-15,2024-02-14,NKY,GJR-skewt,GJR-skewt-AR1-expanding-refit21,1,0.009762207112,9.530068769e-05,-0.02515131547,-0.01994734026,-0.01598754073,,,0.01198573639,6.725759153e-05,True,
2024-02-16,2024-02-15,NKY,GJR-skewt,GJR-skewt-AR1-expanding-refit21,1,0.009620892973,9.25615816e-05,-0.02508047919,-0.01995183481,-0.0160493559,,,0.008592814251,0.0002974449756,True,
2024-02-19,2024-02-16,NKY,GJR-skewt,GJR-skewt-AR1-expanding-refit21,1,0.009413636983,8.861656125e-05,-0.02448956575,-0.01947140408,-0.01565299347,,,-0.0004381468888,4.998616092e-05,True,
2024-02-20,2024-02-19,NKY,GJR-skewt,GJR-skewt-AR1-expanding-refit21,1,0.009128566086,8.333071879e-05,-0.02360839651,-0.01874219862,-0.01503942002,,,-0.002779228336,0.0001192306327,True,
2024-02-21,2024-02-20,NKY,GJR-skewt,GJR-skewt-AR1-expanding-refit21,1,0.008940170772,7.992665343e-05,-0.02308290289,-0.01831713358,-0.0146907729,,,-0.002647915444,7.208495599e-05,True,
2024-02-22,2024-02-21,NKY,GJR-skewt,GJR-skewt-AR1-expanding-refit21,1,0.008765065416,7.682637175e-05,-0.02263063857,-0.0179582133,-0.01440287981,,,0.02162727647,0.0001567730696,True,
2024-02-26,2024-02-22,NKY,GJR-skewt,GJR-skewt-AR1-expanding-refit21,1,0.009178653388,8.424767802e-05,-0.02407453534,-0.01917929418,-0.01545731999,,,0.003447651289,5.906074374e-05,True,
2024-02-27,2024-02-26,NKY,GJR-skewt,GJR-skewt-AR1-expanding-refit21,1,0.008933264802,7.980322002e-05,-0.0231417854,-0.01837741706,-0.01475494876,,,0.000148040038,0.0001012391987,True,
2024-02-28,2024-02-27,NKY,GJR-skewt,GJR-skewt-AR1-expanding-refit21,1,0.008691052994,7.553440215e-05,-0.02245987458,-0.0178246848,-0.01430043418,,,-0.0008027855906,4.194772964e-05,True,
2024-02-29,2024-02-28,NKY,GJR-skewt,GJR-skewt-AR1-expanding-refit21,1,0.008477933629,7.187535862e-05,-0.02189170175,-0.01737017468,-0.01393234467,,,-0.001067694008,7.312443214e-05,True,
2024-03-01,2024-02-29,NKY,GJR-skewt,GJR-skewt-AR1-expanding-refit21,1,0.008290030113,6.872459927e-05,-0.02140010286,-0.01697879017,-0.01361715565,,,0.01883356222,6.695929545e-05,True,
2024-03-04,2024-03-01,NKY,GJR-skewt,GJR-skewt-AR1-expanding-refit21,1,0.008609940919,7.413108262e-05,-0.02255417633,-0.01796224597,-0.01447088656,,,0.004959021262,9.827163619e-05,True,
2024-03-05,2024-03-04,NKY,GJR-skewt,GJR-skewt-AR1-expanding-refit21,1,0.008435233673,7.115316712e-05,-0.02187490971,-0.01737615577,-0.01395564073,,,-0.0002892909701,8.305378599e-05,True,
2024-03-06,2024-03-05,NKY,GJR-skewt,GJR-skewt-AR1-expanding-refit21,1,0.008239158013,6.788372476e-05,-0.02128086997,-0.01688668885,-0.01354568313,,,-0.00017078927,5.974722607e-05,True,
2024-03-07,2024-03-06,NKY,GJR-skewt,GJR-skewt-AR1-expanding-refit21,1,0.008061283006,6.498428371e-05,-0.02082152851,-0.01652221327,-0.01325333645,,,-0.01234984816,0.0002138588986,True,
2024-03-08,2024-03-07,NKY,GJR-skewt,GJR-skewt-AR1-expanding-refit21,1,0.009325700158,8.696868343e-05,-0.023901907,-0.01892824154,-0.0151466394,,,0.002276029275,0.000204495141,True,
2024-03-11,2024-03-08,NKY,GJR-skewt,GJR-skewt-AR1-expanding-refit21,1,0.009054149936,8.197763106e-05,-0.02343616828,-0.0186073284,-0.01493584077,,,-0.02212443927,0.0001416140311,True,
2024-03-12,2024-03-11,NKY,GJR-skewt,GJR-skewt-AR1-expanding-refit21,1,0.01247184177,0.0001555468372,-0.0319012602,-0.02524966649,-0.02019229356,,,-0.0005920420694,0.000186358464,True,
2024-03-13,2024-03-12,NKY,GJR-skewt,GJR-skewt-AR1-expanding-refit21,1,0.01195028719,0.000142809364,-0.03089980151,-0.02452636792,-0.01968048709,,,-0.002620685702,0.000187445926,True,
2024-03-14,2024-03-13,NKY,GJR-skewt,GJR-skewt-AR1-expanding-refit21,1,0.01151184588,0.0001325225956,-0.02972974111,-0.02359014095,-0.01892204952,,,0.002874978697,0.0001179867947,True,
2024-03-15,2024-03-14,NKY,GJR-skewt,GJR-skewt-AR1-expanding-refit21,1,0.01106447663,0.000122422643,-0.02865920326,-0.02275819805,-0.01827151633,,,-0.002573394051,0.0001122123164,True,
2024-03-18,2024-03-15,NKY,GJR-skewt,GJR-skewt-AR1-expanding-refit21,1,0.01069453546,0.0001143730888,-0.02761102591,-0.02190732102,-0.01757065165,,,0.02633233192,0.0001051777257,True,
2024-03-19,2024-03-18,NKY,GJR-skewt,GJR-skewt-AR1-expanding-refit21,1,0.01107358679,0.0001226243244,-0.02906527243,-0.02315940851,-0.01866903258,,,0.00660014455,0.0002342288507,True,
2024-03-21,2024-03-19,NKY,GJR-skewt,GJR-skewt-AR1-expanding-refit21,1,0.01070649025,0.0001146289334,-0.02779159124,-0.02208151052,-0.01773999345,,,0.02009634616,0.0001207200138,True,
2024-03-22,2024-03-21,NKY,GJR-skewt,GJR-skewt-AR1-expanding-refit21,1,0.01077463627,0.0001160927869,-0.02818835013,-0.02244192516,-0.01807277466,,,0.001781295144,0.0001401239282,True,
2024-03-25,2024-03-22,NKY,GJR-skewt,GJR-skewt-AR1-expanding-refit21,1,0.01038189122,0.0001077836652,-0.02687126078,-0.0213342981,-0.01712440701,,,-0.01166787454,6.622491379e-05,True,
2024-03-26,2024-03-25,NKY,GJR-skewt,GJR-skewt-AR1-expanding-refit21,1,0.01105204352,0.0001221476659,-0.02838985721,-0.02249548294,-0.01801384288,,,-0.0003982034817,8.322585357e-05,True,
2024-03-27,2024-03-26,NKY,GJR-skewt,GJR-skewt-AR1-expanding-refit21,1,0.01063377209,0.0001130771089,-0.02748459144,-0.02180752268,-0.01749406988,,,0.008987142727,8.507898878e-05,True,
2024-03-28,2024-03-27,NKY,GJR-skewt,GJR-skewt-AR1-expanding-refit21,1,0.01034011963,0.000106918074,-0.02687013622,-0.02134984016,-0.0171555037,,,-0.01469578594,9.796019949e-05,True,
2024-03-29,2024-03-28,NKY,GJR-skewt,GJR-skewt-AR1-expanding-refit21,1,0.01155896024,0.0001336095619,-0.02965973204,-0.02348873161,-0.01879998814,,,0.00500068888,,True,
2024-04-01,2024-03-29,NKY,GJR-skewt,GJR-skewt-AR1-expanding-refit21,1,0.011125076,0.000123767316,-0.02884315732,-0.02290379536,-0.01839105145,,,-0.01412855456,,True,
2024-04-02,2024-04-01,NKY,GJR-skewt,GJR-skewt-AR1-expanding-refit21,1,0.01209280129,0.000146235843,-0.03105291703,-0.02459691403,-0.01969162481,,,0.0008995334727,0.0001676551924,True,
2024-04-03,2024-04-02,NKY,GJR-skewt,GJR-skewt-AR1-expanding-refit21,1,0.01159516245,0.0001344477923,-0.02999789456,-0.0238075668,-0.01910413837,,,-0.009763096383,0.0001570115817,True,
2024-04-04,2024-04-03,NKY,GJR-skewt,GJR-skewt-AR1-expanding-refit21,1,0.01180417486,0.0001393385442,-0.0303728627,-0.02407094915,-0.01928273753,,,0.008110845139,0.0001306127753,True,
2024-04-05,2024-04-04,NKY,GJR-skewt,GJR-skewt-AR1-expanding-refit21,1,0.01139240003,0.0001297867785,-0.02958507139,-0.02350299272,-0.01888181226,,,-0.01983332531,0.0001202992449,True,
2024-04-08,2024-04-05,NKY,GJR-skewt,GJR-skewt-AR1-expanding-refit21,1,0.01349168838,0.0001820256552,-0.03459100207,-0.027388173,-0.02191544324,,,0.009062225412,0.0002018603923,True,
2024-04-09,2024-04-08,NKY,GJR-skewt,GJR-skewt-AR1-expanding-refit21,1,0.01295857502,0.0001679246665,-0.0336612123,-0.0267429973,-0.02148651811,,,0.01077080548,7.267757138e-05,True,
2024-04-10,2024-04-09,NKY,GJR-skewt,GJR-skewt-AR1-expanding-refit21,1,0.01250681603,0.0001564204472,-0.03251652232,-0.02583948862,-0.02076625965,,,-0.004821897584,7.686196539e-05,True,
2024-04-11,2024-04-10,NKY,GJR-skewt,GJR-skewt-AR1-expanding-refit21,1,0.01212543695,0.0001470262213,-0.03128332486,-0.02480989861,-0.01989137115,,,-0.003522450227,9.281098626e-05,True,
2024-04-12,2024-04-11,NKY,GJR-skewt,GJR-skewt-AR1-expanding-refit21,1,0.01171713298,0.0001372912053,-0.03024490912,-0.02398946475,-0.01923656055,,,0.00204953307,8.033964721e-05,True,
2024-04-15,2024-04-12,NKY,GJR-skewt,GJR-skewt-AR1-expanding-refit21,1,0.01125161233,0.0001265987801,-0.02912505065,-0.02311813454,-0.01855406279,,,-0.007383565011,0.0001384662577,True,
2024-04-16,2024-04-15,NKY,GJR-skewt,GJR-skewt-AR1-expanding-refit21,1,0.01121657714,0.0001258116027,-0.02888644003,-0.02289822821,-0.01834836804,,,-0.01960326236,0.0001425208003,True,
2024-04-17,2024-04-16,NKY,GJR-skewt,GJR-skewt-AR1-expanding-refit21,1,0.01336347086,0.0001785823533,-0.03426212576,-0.02712774839,-0.02170702841,,,-0.01332947764,0.000279647668,True,
2024-04-18,2024-04-17,NKY,GJR-skewt,GJR-skewt-AR1-expanding-refit21,1,0.0138918459,0.0001929833826,-0.03573052498,-0.02831406318,-0.02267901467,,,0.003100899758,0.0001735913191,True,
2024-04-19,2024-04-18,NKY,GJR-skewt,GJR-skewt-AR1-expanding-refit21,1,0.01326847002,0.0001760522967,-0.03437142019,-0.02728776107,-0.02190557696,,,-0.02691776339,0.0004345671547,True,
2024-04-22,2024-04-19,NKY,GJR-skewt,GJR-skewt-AR1-expanding-refit21,1,0.01661834339,0.000276169337,-0.04258773984,-0.0337156785,-0.02697466137,,,0.009938960421,0.0003430030598,True,
2024-04-23,2024-04-22,NKY,GJR-skewt,GJR-skewt-AR1-expanding-refit21,1,0.01586442701,0.0002516800442,-0.04121009184,-0.03274052504,-0.02630532438,,,0.003028395827,0.0001035394078,True,
2024-04-24,2024-04-23,NKY,GJR-skewt,GJR-skewt-AR1-expanding-refit21,1,0.01510328549,0.0002281092326,-0.03912813278,-0.03106491781,-0.02493846442,,,0.02388986724,7.703226941e-05,True,
2024-04-25,2024-04-24,NKY,GJR-skewt,GJR-skewt-AR1-expanding-refit21,1,0.01484237602,0.0002202961259,-0.03880907352,-0.03088794723,-0.02486682997,,,-0.02185954838,0.0001222680754,True,
2024-04-26,2024-04-25,NKY,GJR-skewt,GJR-skewt-AR1-expanding-refit21,1,0.01654423723,0.0002737117856,-0.04248165785,-0.03365227688,-0.02694076436,,,0.008106664523,0.0002515597508,True,
2024-04-30,2024-04-26,NKY,GJR-skewt,GJR-skewt-AR1-expanding-refit21,1,0.01577439641,0.0002488315821,-0.0409706267,-0.03255209681,-0.02615288617,,,0.01233696123,0.0001475342811,True,
2024-05-01,2024-04-30,NKY,GJR-skewt,GJR-skewt-AR1-expanding-refit21,1,0.0151328854,0.0002290042205,-0.03937531342,-0.03129914717,-0.02516017876,,,-0.003432707495,0.0001276228953,True,
2024-05-02,2024-05-01,NKY,GJR-skewt,GJR-skewt-AR1-expanding-refit21,1,0.01447603216,0.000209555507,-0.03741604651,-0.02969043178,-0.02381792949,,,-0.0009928221934,9.476500823e-05,True,
2024-05-07,2024-05-02,NKY,GJR-skewt,GJR-skewt-AR1-expanding-refit21,1,0.01381243884,0.0001907834666,-0.03573443956,-0.02836297341,-0.02275967149,,,0.01554519799,8.287234829e-05,True,
2024-05-08,2024-05-07,NKY,GJR-skewt,GJR-skewt-AR1-expanding-refit21,1,0.01339993212,0.0001795581809,-0.03493257591,-0.02778125766,-0.02234529764,,,-0.01642693293,0.0001291805624,True,
2024-05-09,2024-05-08,NKY,GJR-skewt,GJR-skewt-AR1-expanding-refit21,1,0.01434783806,0.000205860457,-0.03687294003,-0.02921574033,-0.02339524263,,,-0.00336646257,8.830742346e-05,True,
2024-05-10,2024-05-09,NKY,GJR-skewt,GJR-skewt-AR1-expanding-refit21,1,0.01376544963,0.0001894876034,-0.03557409218,-0.02822770338,-0.02264346362,,,0.004066129538,0.0001794389525,True,
2024-05-13,2024-05-10,NKY,GJR-skewt,GJR-skewt-AR1-expanding-refit21,1,0.01315907288,0.0001731611991,-0.03412180918,-0.02709903344,-0.02176078296,,,-0.001299551785,0.0001008550943,True,
2024-05-14,2024-05-13,NKY,GJR-skewt,GJR-skewt-AR1-expanding-refit21,1,0.01259356741,0.0001585979402,-0.0325680982,-0.02584712321,-0.02073828174,,,0.004614797534,8.222147419e-05,True,
2024-05-15,2024-05-14,NKY,GJR-skewt,GJR-skewt-AR1-expanding-refit21,1,0.01207885903,0.0001458988354,-0.03132896636,-0.02488268258,-0.01998264322,,,0.0007732913669,8.162789901e-05,True,
2024-05-16,2024-05-15,NKY,GJR-skewt,GJR-skewt-AR1-expanding-refit21,1,0.0115835027,0.0001341775348,-0.02998190416,-0.02379998372,-0.01910089592,,,0.01382919367,0.0001768334816,True,
2024-05-17,2024-05-16,NKY,GJR-skewt,GJR-skewt-AR1-expanding-refit21,1,0.01132380847,0.0001282286384,-0.02951994976,-0.02347662375,-0.01888288629,,,-0.003420073971,6.911264218e-05,True,
2024-05-20,2024-05-17,NKY,GJR-skewt,GJR-skewt-AR1-expanding-refit21,1,0.01096348237,0.0001201979456,-0.02830579972,-0.02245477369,-0.01800720998,,,0.007251802784,0.0001777909876,True,
2024-05-21,2024-05-20,NKY,GJR-skewt,GJR-skewt-AR1-expanding-refit21,1,0.0106101939,0.0001125762146,-0.02756245078,-0.02189996887,-0.01759572394,,,-0.003146768419,5.690091763e-05,True,
2024-05-22,2024-05-21,NKY,GJR-skewt,GJR-skewt-AR1-expanding-refit21,1,0.01030322556,0.0001061564569,-0.02659773056,-0.02109907248,-0.01691935562,,,-0.008504718301,8.438331049e-05,True,
2024-05-23,2024-05-22,NKY,GJR-skewt,GJR-skewt-AR1-expanding-refit21,1,0.01052369104,0.0001107480731,-0.02708270683,-0.02146639003,-0.01719723678,,,0.01250956062,0.0001545033865,True,
2024-05-24,2024-05-23,NKY,GJR-skewt,GJR-skewt-AR1-expanding-refit21,1,0.01032290259,0.0001065623178,-0.02690252538,-0.021393366,-0.01720566674,,,-0.01175867748,7.169408773e-05,True,
2024-05-27,2024-05-24,NKY,GJR-skewt,GJR-skewt-AR1-expanding-refit21,1,0.01098841768,0.000120745323,-0.02823532146,-0.02237098788,-0.01791330865,,,0.006548645586,4.02139057e-05,True,
2024-05-28,2024-05-27,NKY,GJR-skewt,GJR-skewt-AR1-expanding-refit21,1,0.01062060653,0.0001127972831,-0.02757806107,-0.0219100221,-0.01760155308,,,-0.001148433428,4.151527398e-05,True,
2024-05-29,2024-05-28,NKY,GJR-skewt,GJR-skewt-AR1-expanding-refit21,1,0.01023561873,0.0001047678909,-0.02645556018,-0.02099197918,-0.01683877749,,,-0.007711996734,0.0001712664165,True,
2024-05-30,2024-05-29,NKY,GJR-skewt,GJR-skewt-AR1-expanding-refit21,1,0.01036087198,0.0001073476681,-0.026664301,-0.02113386217,-0.01692983776,,,-0.01312473135,0.0001449389967,True,
2024-05-31,2024-05-30,NKY,GJR-skewt,GJR-skewt-AR1-expanding-refit21,1,0.01131974136,0.0001281365445,-0.02905589228,-0.02301362698,-0.018420532,,,0.01133427448,0.0001855900348,True,
2024-06-03,2024-05-31,NKY,GJR-skewt,GJR-skewt-AR1-expanding-refit21,1,0.01101307387,0.000121287796,-0.02869330309,-0.02281473114,-0.01834606947,,,0.01124227276,8.413657597e-05,True,
2024-06-04,2024-06-03,NKY,GJR-skewt,GJR-skewt-AR1-expanding-refit21,1,0.01074241123,0.000115399399,-0.02798954976,-0.02225545245,-0.01789661477,,,-0.002200869417,7.040955292e-05,True,
2024-06-05,2024-06-04,NKY,GJR-skewt,GJR-skewt-AR1-expanding-refit21,1,0.01038282412,0.0001078030368,-0.02681879648,-0.02127664001,-0.0170637083,,,-0.008982336129,0.0001085247649,True,
2024-06-06,2024-06-05,NKY,GJR-skewt,GJR-skewt-AR1-expanding-refit21,1,0.01065298381,0.000113486064,-0.02739958152,-0.02171321889,-0.01739066726,,,0.005527405177,7.523639146e-05,True,
2024-06-07,2024-06-06,NKY,GJR-skewt,GJR-skewt-AR1-expanding-refit21,1,0.01029988534,0.000106087638,-0.02674043935,-0.02124255404,-0.01706327555,,,-0.000506077732,5.214730121e-05,True,
2024-06-10,2024-06-07,NKY,GJR-skewt,GJR-skewt-AR1-expanding-refit21,1,0.009945084638,9.890470845e-05,-0.02571325686,-0.0204047575,-0.01636944283,,,0.009115373079,0.0001125397593,True,
2024-06-11,2024-06-10,NKY,GJR-skewt,GJR-skewt-AR1-expanding-refit21,1,0.00971773622,9.443439723e-05,-0.02529379738,-0.02010665233,-0.0161635865,,,0.002472183797,5.67378253e-05,True,
2024-06-12,2024-06-11,NKY,GJR-skewt,GJR-skewt-AR1-expanding-refit21,1,0.009417829562,8.869551366e-05,-0.02439822322,-0.01937116271,-0.01554978691,,,-0.006616436333,6.163487008e-05,True,
2024-06-13,2024-06-12,NKY,GJR-skewt,GJR-skewt-AR1-expanding-refit21,1,0.009510581805,9.045116627e-05,-0.02447795865,-0.01940138875,-0.01554237782,,,-0.004027012367,6.814439368e-05,True,
2024-06-14,2024-06-13,NKY,GJR-skewt,GJR-skewt-AR1-expanding-refit21,1,0.00937174006,8.782951176e-05,-0.02416362385,-0.01916116506,-0.01535849052,,,0.002427029161,0.0001342900117,True,
2024-06-17,2024-06-14,NKY,GJR-skewt,GJR-skewt-AR1-expanding-refit21,1,0.00910002649,8.281048212e-05,-0.0235730123,-0.01871558911,-0.01502316499,,,-0.01851703856,0.0001040102241,True,
2024-06-18,2024-06-17,NKY,GJR-skewt,GJR-skewt-AR1-expanding-refit21,1,0.01151948312,0.0001326984914,-0.02947859523,-0.02332971154,-0.0186555694,,,0.00991508278,5.667401476e-05,True,
2024-06-19,2024-06-18,NKY,GJR-skewt,GJR-skewt-AR1-expanding-refit21,1,0.01116214392,0.000124593457,-0.02905488476,-0.02309674202,-0.01856759373,,,0.00230107919,5.523315213e-05,True,
2024-06-20,2024-06-19,NKY,GJR-skewt,GJR-skewt-AR1-expanding-refit21,1,0.01074261522,0.0001154037818,-0.02783181567,-0.02209760947,-0.01773868903,,,0.001612817986,4.986298846e-05,True,
2024-06-21,2024-06-20,NKY,GJR-skewt,GJR-skewt-AR1-expanding-refit21,1,0.01035289304,0.0001071823942,-0.0268086564,-0.02128247658,-0.01708168969,,,-0.0009465499136,7.943044674e-05,True,
2024-06-24,2024-06-21,NKY,GJR-skewt,GJR-skewt-AR1-expanding-refit21,1,0.009999708701,9.99941741e-05,-0.02584716036,-0.0205095037,-0.01645202479,,,0.005379255482,0.0001117881943,True,
2024-06-25,2024-06-24,NKY,GJR-skewt,GJR-skewt-AR1-expanding-refit21,1,0.009702049069,9.412975614e-05,-0.0251869724,-0.02000820086,-0.01607150023,,,0.009451478701,6.269242334e-05,True,
2024-06-26,2024-06-25,NKY,GJR-skewt,GJR-skewt-AR1-expanding-refit21,1,0.009507675448,9.039589242e-05,-0.02475482881,-0.01967981026,-0.01582197862,,,0.01252985697,7.975525715e-05,True,
2024-06-27,2024-06-26,NKY,GJR-skewt,GJR-skewt-AR1-expanding-refit21,1,0.009415473813,8.865114713e-05,-0.02457535602,-0.01954898576,-0.01572745622,,,-0.008240446065,4.818349157e-05,True,
2024-06-28,2024-06-27,NKY,GJR-skewt,GJR-skewt-AR1-expanding-refit21,1,0.0096829576,9.375966789e-05,-0.02490148162,-0.01973231742,-0.01580222222,,,0.006120772522,9.902339975e-05,True,
2024-07-01,2024-06-28,NKY,GJR-skewt,GJR-skewt-AR1-expanding-refit21,1,0.009421425413,8.876325681e-05,-0.02447726573,-0.01944771826,-0.0156237731,,,0.001211411949,5.025825525e-05,True,
2024-07-02,2024-07-01,NKY,GJR-skewt,GJR-skewt-AR1-expanding-refit21,1,0.009140300132,8.35450865e-05,-0.02366084265,-0.0187813715,-0.01507152879,,,0.01113187947,0.0001407257062,True,
2024-07-03,2024-07-02,NKY,GJR-skewt,GJR-skewt-AR1-expanding-refit21,1,0.009044242725,8.179832646e-05,-0.02358733095,-0.01875913923,-0.01508828406,,,0.01254910689,6.434911309e-05,True,
2024-07-04,2024-07-03,NKY,GJR-skewt,GJR-skewt-AR1-expanding-refit21,1,0.009008268199,8.114889595e-05,-0.02351909058,-0.01871010356,-0.01505384965,,,0.008169605027,8.984825013e-05,True,
2024-07-05,2024-07-04,NKY,GJR-skewt,GJR-skewt-AR1-expanding-refit21,1,0.008854500967,7.840218738e-05,-0.02304251898,-0.01831561928,-0.01472177603,,,-3.122112031e-05,0.0001542438822,True,
2024-07-08,2024-07-05,NKY,GJR-skewt,GJR-skewt-AR1-expanding-refit21,1,0.008621201654,7.432511795e-05,-0.02229188699,-0.01768953213,-0.01419037984,,,-0.003223577802,6.690439968e-05,True,
2024-07-09,2024-07-08,NKY,GJR-skewt,GJR-skewt-AR1-expanding-refit21,1,0.008510754509,7.243294231e-05,-0.02194875082,-0.01740535723,-0.01395103296,,,0.01941450499,0.0001750204649,True,
2024-07-10,2024-07-09,NKY,GJR-skewt,GJR-skewt-AR1-expanding-refit21,1,0.008824226226,7.786696849e-05,-0.02316315999,-0.0184524222,-0.0148708668,,,0.006037900578,9.307223383e-05,True,
2024-07-11,2024-07-10,NKY,GJR-skewt,GJR-skewt-AR1-expanding-refit21,1,0.008648414856,7.479507951e-05,-0.02247001019,-0.0178531278,-0.01434293028,,,0.009327925577,9.549767479e-05,True,
2024-07-12,2024-07-11,NKY,GJR-skewt,GJR-skewt-AR1-expanding-refit21,1,0.008556200435,7.320856588e-05,-0.02228901559,-0.01772136108,-0.01424859132,,,-0.02477723265,0.000131400053,True,
2024-07-16,2024-07-12,NKY,GJR-skewt,GJR-skewt-AR1-expanding-refit21,1,0.01288335775,0.0001659809068,-0.032912856,-0.02603518552,-0.02080611972,,,0.002046872828,9.904578282e-05,True,
2024-07-17,2024-07-16,NKY,GJR-skewt,GJR-skewt-AR1-expanding-refit21,1,0.01232900761,0.0001520044287,-0.03194961686,-0.02536788146,-0.02036381394,,,-0.004306932624,0.0001346248905,True,
2024-07-18,2024-07-17,NKY,GJR-skewt,GJR-skewt-AR1-expanding-refit21,1,0.01193929401,0.0001425467415,-0.03082584412,-0.02445215401,-0.01960626249,,,-0.02391868523,0.0001330750077,True,
2024-07-19,2024-07-18,NKY,GJR-skewt,GJR-skewt-AR1-expanding-refit21,1,0.01492268013,0.0002226863822,-0.03821964488,-0.03025329957,-0.02419651857,,,-0.001560354233,,True,
2024-07-22,2024-07-19,NKY,GJR-skewt,GJR-skewt-AR1-expanding-refit21,1,0.01424358749,0.0002028797845,-0.03685361845,-0.02924980095,-0.02346864842,,,-0.01166904497,,True,
2024-07-23,2024-07-22,NKY,GJR-skewt,GJR-skewt-AR1-expanding-refit21,1,0.01437168438,0.000206545312,-0.03700693111,-0.02933473018,-0.02350158599,,,-0.0001164081994,0.0001202089662,True,
2024-07-24,2024-07-23,NKY,GJR-skewt,GJR-skewt-AR1-expanding-refit21,1,0.01370866919,0.0001879276108,-0.03549120518,-0.02817294925,-0.02260890805,,,-0.01116312011,0.0001900008331,True,
2024-07-25,2024-07-24,NKY,GJR-skewt,GJR-skewt-AR1-expanding-refit21,1,0.01383332602,0.0001913609088,-0.03561897514,-0.02823417222,-0.02261953561,,,-0.03337798886,0.000295256349,True,
2024-07-26,2024-07-25,NKY,GJR-skewt,GJR-skewt-AR1-expanding-refit21,1,0.01879590358,0.0003532859913,-0.04810221716,-0.0380681846,-0.03043934912,,,-0.005351079637,0.0002355753585,True,
2024-07-29,2024-07-26,NKY,GJR-skewt,GJR-skewt-AR1-expanding-refit21,1,0.01797133364,0.0003229688328,-0.04647861746,-0.03687887759,-0.029580906,,,0.02104780702,0.0001739606562,True,
2024-07-30,2024-07-29,NKY,GJR-skewt,GJR-skewt-AR1-expanding-refit21,1,0.01736547269,0.0003015596418,-0.04535858824,-0.03608248086,-0.02903054309,,,0.001488944338,8.866220703e-05,True,
2024-07-31,2024-07-30,NKY,GJR-skewt,GJR-skewt-AR1-expanding-refit21,1,0.01650032313,0.0002722606633,-0.04277776189,-0.0339637911,-0.02726318157,,,0.01483700118,0.0004599852295,True,
2024-08-01,2024-07-31,NKY,GJR-skewt,GJR-skewt-AR1-expanding-refit21,1,0.0158564778,0.0002514278882,-0.04133542762,-0.03286537942,-0.02642622878,,,-0.0252639509,0.0003206463973,True,
2024-08-02,2024-08-01,NKY,GJR-skewt,GJR-skewt-AR1-expanding-refit21,1,0.0180755678,0.0003267261512,-0.04640782267,-0.03675240408,-0.02941210409,,,-0.05989763799,0.0006771584679,True,
2024-08-05,2024-08-02,NKY,GJR-skewt,GJR-skewt-AR1-expanding-refit21,1,0.02946938223,0.000868444489,-0.07538754325,-0.0596458955,-0.04767868603,,,-0.1323407609,0.007105441431,True,
2024-08-06,2024-08-05,NKY,GJR-skewt,GJR-skewt-AR1-expanding-refit21,1,0.05979654951,0.003575627333,-0.1528619195,-0.1209204214,-0.09663766484,,,0.09736558794,0.002505601298,True,
2024-08-07,2024-08-06,NKY,GJR-skewt,GJR-skewt-AR1-expanding-refit21,1,0.05822126615,0.003389715832,-0.1527107358,-0.1216107061,-0.09796765577,,,0.01187313204,0.003566628594,True,
2024-08-08,2024-08-07,NKY,GJR-skewt,GJR-skewt-AR1-expanding-refit21,1,0.05489942496,0.003013946861,-0.1426231859,-0.1132975827,-0.09100349751,,,-0.007393334745,0.001233600598,True,
2024-08-09,2024-08-08,NKY,GJR-skewt,GJR-skewt-AR1-expanding-refit21,1,0.05181536419,0.002684831966,-0.1342880402,-0.1066098485,-0.0855681683,,,0.005550035664,0.0007543075953,True,
2024-08-13,2024-08-09,NKY,GJR-skewt,GJR-skewt-AR1-expanding-refit21,1,0.04884131154,0.002385473713,-0.1267905609,-0.1007010177,-0.08086706933,,,0.03389473736,0.0002774836792,True,
2024-08-14,2024-08-13,NKY,GJR-skewt,GJR-skewt-AR1-expanding-refit21,1,0.04633419018,0.00214685718,-0.1207690386,-0.0960187234,-0.0772028909,,,0.005776917042,0.0005472690718,True,
2024-08-15,2024-08-14,NKY,GJR-skewt,GJR-skewt-AR1-expanding-refit21,1,0.04369045028,0.001908855446,-0.1134250474,-0.09008693757,-0.07234470034,,,0.00776864755,0.0001698022785,True,
2024-08-16,2024-08-15,NKY,GJR-skewt,GJR-skewt-AR1-expanding-refit21,1,0.04121152799,0.00169839004,-0.1070249816,-0.08501103666,-0.06827546397,,,0.03573166702,0.0002349454695,True,
2024-08-19,2024-08-16,NKY,GJR-skewt,GJR-skewt-AR1-expanding-refit21,1,0.03925457041,0.001540921298,-0.1024249032,-0.08145630552,-0.06551543295,,,-0.01786765199,0.0003783662086,True,
2024-08-20,2024-08-19,NKY,GJR-skewt,GJR-skewt-AR1-expanding-refit21,1,0.03765683479,0.001418037207,-0.09735908806,-0.07724395216,-0.06195190339,,,0.01787422009,0.0002221229666,True,
2024-08-21,2024-08-20,NKY,GJR-skewt,GJR-skewt-AR1-expanding-refit21,1,0.03562529904,0.001269161932,-0.09269878026,-0.07366882897,-0.05920176573,,,-0.002923675185,0.0001389929139,True,
2024-08-22,2024-08-21,NKY,GJR-skewt,GJR-skewt-AR1-expanding-refit21,1,0.03363091799,0.001131038645,-0.08716571935,-0.06920110576,-0.05554393992,,,0.006806784894,0.0001924623109,True,
2024-08-23,2024-08-22,NKY,GJR-skewt,GJR-skewt-AR1-expanding-refit21,1,0.03175729505,0.001008525789,-0.0824694036,-0.06550562241,-0.05260931535,,,0.004002806444,0.0001581036735,True,
2024-08-26,2024-08-23,NKY,GJR-skewt,GJR-skewt-AR1-expanding-refit21,1,0.02998753372,0.0008992521784,-0.07782780535,-0.06180937684,-0.04963175144,,,-0.006644090605,8.257606731e-05,True,
2024-08-27,2024-08-26,NKY,GJR-skewt,GJR-skewt-AR1-expanding-refit21,1,0.02844216197,0.0008089565773,-0.07363418381,-0.05844124589,-0.04689117987,,,0.004670297733,0.000111663243,True,
2024-08-28,2024-08-27,NKY,GJR-skewt,GJR-skewt-AR1-expanding-refit21,1,0.02666617672,0.0007110849808,-0.06939087221,-0.05504284858,-0.0441590993,,,0.002169064634,8.576738212e-05,True,
2024-08-29,2024-08-28,NKY,GJR-skewt,GJR-skewt-AR1-expanding-refit21,1,0.02517584583,0.0006338232134,-0.06547039005,-0.051924255,-0.04164878143,,,-0.000240582657,0.0001382166136,True,
2024-08-30,2024-08-29,NKY,GJR-skewt,GJR-skewt-AR1-expanding-refit21,1,0.02377846333,0.0005654153182,-0.06179331708,-0.04899905874,-0.03929392419,,,0.007407324048,9.463045965e-05,True,
2024-09-02,2024-08-30,NKY,GJR-skewt,GJR-skewt-AR1-expanding-refit21,1,0.02249916422,0.0005062123908,-0.05859554772,-0.04648963005,-0.03730663899,,,0.001373549977,0.0001590653031,True,
2024-09-03,2024-09-02,NKY,GJR-skewt,GJR-skewt-AR1-expanding-refit21,1,0.02127515842,0.0004526323659,-0.0553075828,-0.04386025463,-0.03517683921,,,-0.0003763543324,0.0001270115344,True,
2024-09-04,2024-09-03,NKY,GJR-skewt,GJR-skewt-AR1-expanding-refit21,1,0.02013064384,0.0004052428213,-0.05229973356,-0.0414682238,-0.03325193983,,,-0.04328192873,0.0005113741951,True,
2024-09-05,2024-09-04,NKY,GJR-skewt,GJR-skewt-AR1-expanding-refit21,1,0.02580482638,0.0006658890645,-0.06632936877,-0.05244480396,-0.04191261319,,,-0.01059696868,0.0005273109353,True,
2024-09-06,2024-09-05,NKY,GJR-skewt,GJR-skewt-AR1-expanding-refit21,1,0.02479316307,0.0006147009349,-0.06425628934,-0.05091606088,-0.04079677856,,,-0.007272484655,0.0002757403669,True,
2024-09-09,2024-09-06,NKY,GJR-skewt,GJR-skewt-AR1-expanding-refit21,1,0.02361379962,0.0005576115324,-0.06124457838,-0.04853891912,-0.03890099174,,,-0.004840265089,0.0005594834296,True,
2024-09-10,2024-09-09,NKY,GJR-skewt,GJR-skewt-AR1-expanding-refit21,1,0.02240774871,0.0005021072024,-0.05814816466,-0.04609143408,-0.03694575409,,,-0.001563797493,0.0005294259815,True,
2024-09-11,2024-09-10,NKY,GJR-skewt,GJR-skewt-AR1-expanding-refit21,1,0.02119974746,0.0004494292923,-0.05506111954,-0.04365436705,-0.03500173047,,,-0.01502950199,0.000603921075,True,
2024-09-12,2024-09-11,NKY,GJR-skewt,GJR-skewt-AR1-expanding-refit21,1,0.02095740392,0.0004392127791,-0.05420019761,-0.04292384068,-0.03437011615,,,0.03350069247,0.000330880789,True,
2024-09-13,2024-09-12,NKY,GJR-skewt,GJR-skewt-AR1-expanding-refit21,1,0.02048706323,0.0004197197599,-0.0538066622,-0.04278337714,-0.03442162127,,,-0.006851697524,0.0002393323203,True,
2024-09-17,2024-09-13,NKY,GJR-skewt,GJR-skewt-AR1-expanding-refit21,1,0.01956031604,0.0003826059637,-0.05070501905,-0.04018038029,-0.03219687452,,,-0.01040177192,0.0003477558901,True,
2024-09-18,2024-09-17,NKY,GJR-skewt,GJR-skewt-AR1-expanding-refit21,1,0.01900933975,0.0003613549979,-0.04921070006,-0.03898252003,-0.03122389419,,,0.004875867028,0.0002134703919,True,
2024-09-19,2024-09-18,NKY,GJR-skewt,GJR-skewt-AR1-expanding-refit21,1,0.01802856416,0.0003250291258,-0.04692018675,-0.0372197236,-0.02986139944,,,0.02108328503,0.000200925992,True,
2024-09-20,2024-09-19,NKY,GJR-skewt,GJR-skewt-AR1-expanding-refit21,1,0.01740876477,0.0003030650908,-0.04558480379,-0.03621783038,-0.02911247617,,,0.01518693249,0.000120400578,True,
2024-09-24,2024-09-20,NKY,GJR-skewt,GJR-skewt-AR1-expanding-refit21,1,0.0166949767,0.0002787222471,-0.04362672526,-0.03464381321,-0.02782979024,,,0.005727395868,0.0001922620264,True,
2024-09-25,2024-09-24,NKY,GJR-skewt,GJR-skewt-AR1-expanding-refit21,1,0.01588395133,0.0002522999098,-0.04135468683,-0.03280815572,-0.02632515121,,,-0.001855358137,0.0001251723098,True,
2024-09-26,2024-09-25,NKY,GJR-skewt,GJR-skewt-AR1-expanding-refit21,1,0.01512084599,0.0002286399834,-0.03923943912,-0.03110350505,-0.02493196054,,,0.02748672166,0.0001348521943,True,
2024-09-27,2024-09-26,NKY,GJR-skewt,GJR-skewt-AR1-expanding-refit21,1,0.01500512494,0.0002251537745,-0.03944032241,-0.0313666533,-0.02524234011,,,0.02295644022,0.000424084985,True,
2024-09-30,2024-09-27,NKY,GJR-skewt,GJR-skewt-AR1-expanding-refit21,1,0.01471382341,0.0002164965993,-0.03857449625,-0.03066049785,-0.02465762006,,,-0.04914248398,0.0005673756265,True,
2024-10-01,2024-09-30,NKY,GJR-skewt,GJR-skewt-AR1-expanding-refit21,1,0.02408277967,0.0005799802767,-0.06175343983,-0.04880024102,-0.03897505968,,,0.01913088084,0.0001749276092,True,
2024-10-02,2024-10-01,NKY,GJR-skewt,GJR-skewt-AR1-expanding-refit21,1,0.02292759145,0.0005256744496,-0.05987632351,-0.04754445592,-0.03819056294,,,-0.02205684434,0.0002001079258,True,
2024-10-03,2024-10-02,NKY,GJR-skewt,GJR-skewt-AR1-expanding-refit21,1,0.02337114178,0.000546210268,-0.06034975554,-0.04777931932,-0.03824446872,,,0.0194686318,0.0001637603167,True,
2024-10-04,2024-10-03,NKY,GJR-skewt,GJR-skewt-AR1-expanding-refit21,1,0.02228302243,0.0004965330886,-0.05820529939,-0.04622012062,-0.03712919594,,,0.002165177992,0.0001091966628,True,
2024-10-07,2024-10-04,NKY,GJR-skewt,GJR-skewt-AR1-expanding-refit21,1,0.02107252721,0.0004440514029,-0.05477085278,-0.04343675273,-0.0348396803,,,0.01788253011,9.444448221e-05,True,
2024-10-08,2024-10-07,NKY,GJR-skewt,GJR-skewt-AR1-expanding-refit21,1,0.02012939099,0.0004051923816,-0.05257724337,-0.04175041993,-0.03353812386,,,-0.01009840752,0.0001643866834,True,
2024-10-09,2024-10-08,NKY,GJR-skewt,GJR-skewt-AR1-expanding-refit21,1,0.01946487844,0.0003788814926,-0.05038660465,-0.03991719689,-0.03197600559,,,0.008704771549,0.0001180279268,True,
2024-10-10,2024-10-09,NKY,GJR-skewt,GJR-skewt-AR1-expanding-refit21,1,0.01848390868,0.00034165488,-0.04814555409,-0.03820377216,-0.03066279237,,,0.002617117761,6.585575007e-05,True,
2024-10-11,2024-10-10,NKY,GJR-skewt,GJR-skewt-AR1-expanding-refit21,1,0.01752723195,0.0003072038597,-0.04555657145,-0.03612934905,-0.02897866982,,,0.005694902872,7.736659515e-05,True,
2024-10-15,2024-10-11,NKY,GJR-skewt,GJR-skewt-AR1-expanding-refit21,1,0.0166539569,0.0002773542803,-0.04333591207,-0.03437839066,-0.02758398615,,,0.007665127641,0.0001009594632,True,
2024-10-16,2024-10-15,NKY,GJR-skewt,GJR-skewt-AR1-expanding-refit21,1,0.01586261517,0.0002516225599,-0.04131007772,-0.03277818852,-0.02630663197,,,-0.01846663015,0.0001743134535,True,
2024-10-17,2024-10-16,NKY,GJR-skewt,GJR-skewt-AR1-expanding-refit21,1,0.01679288956,0.0002820011397,-0.0432982175,-0.03426596956,-0.02741488395,,,-0.0068921832,0.0001349723871,True,
2024-10-18,2024-10-17,NKY,GJR-skewt,GJR-skewt-AR1-expanding-refit21,1,0.01621163977,0.0002628172639,-0.04197749062,-0.03325787454,-0.02664392454,,,0.001811681727,7.833346277e-05,True,
2024-10-21,2024-10-18,NKY,GJR-skewt,GJR-skewt-AR1-expanding-refit21,1,0.01540834511,0.000237417099,-0.04003178461,-0.03174422976,-0.02545800421,,,-0.0006966823711,0.0001059560838,True,
2024-10-22,2024-10-21,NKY,GJR-skewt,GJR-skewt-AR1-expanding-refit21,1,0.01466268054,0.0002149942005,-0.0380507894,-0.03016429877,-0.02418228601,,,-0.01402801161,0.000308519831,True,
2024-10-23,2024-10-22,NKY,GJR-skewt,GJR-skewt-AR1-expanding-refit21,1,0.01507088482,0.0002271315691,-0.03889238537,-0.03078633741,-0.02463778735,,,-0.008027077124,0.0001234179627,True,
2024-10-24,2024-10-23,NKY,GJR-skewt,GJR-skewt-AR1-expanding-refit21,1,0.01473052162,0.0002169882673,-0.03810617642,-0.03018319669,-0.02417350643,,,0.001008016169,0.0002181656921,True,
2024-10-25,2024-10-24,NKY,GJR-skewt,GJR-skewt-AR1-expanding-refit21,1,0.01403087986,0.0001968655896,-0.03643555512,-0.02888888573,-0.02316463209,,,-0.006031456387,9.690411984e-05,True,
2024-10-28,2024-10-25,NKY,GJR-skewt,GJR-skewt-AR1-expanding-refit21,1,0.01360269496,0.0001850333103,-0.03520552313,-0.02788915788,-0.02233959315,,,0.01807718627,0.0003837119728,True,
2024-10-29,2024-10-28,NKY,GJR-skewt,GJR-skewt-AR1-expanding-refit21,1,0.01327868698,0.000176323528,-0.03476094061,-0.02761884677,-0.02220146931,,,0.007693276887,0.0001280198071,True,
2024-10-30,2024-10-29,NKY,GJR-skewt,GJR-skewt-AR1-expanding-refit21,1,0.01275738361,0.0001627508366,-0.03327793074,-0.02639909191,-0.02118482951,,,0.009560211311,5.884470447e-05,True,
2024-10-31,2024-10-30,NKY,GJR-skewt,GJR-skewt-AR1-expanding-refit21,1,0.0122978119,0.0001512361774,-0.0321149645,-0.02548392881,-0.02045750489,,,-0.005006238702,0.0001297737482,True,
2024-11-01,2024-10-31,NKY,GJR-skewt,GJR-skewt-AR1-expanding-refit21,1,0.0119430404,0.000142636214,-0.03092941884,-0.02448967754,-0.01960825762,,,-0.02664523124,0.0001085884262,True,
2024-11-05,2024-11-01,NKY,GJR-skewt,GJR-skewt-AR1-expanding-refit21,1,0.01567855773,0.0002458171726,-0.04026609893,-0.03181214982,-0.02540393035,,,0.01100845899,8.807620281e-05,True,
2024-11-06,2024-11-05,NKY,GJR-skewt,GJR-skewt-AR1-expanding-refit21,1,0.01500341535,0.0002251024721,-0.0391852423,-0.03109533302,-0.02496306116,,,0.02580519257,0.0003646198458,True,
2024-11-07,2024-11-06,NKY,GJR-skewt,GJR-skewt-AR1-expanding-refit21,1,0.01485019185,0.0002205281978,-0.03905232484,-0.03104503436,-0.02497538879,,,-0.002517351048,0.0004076766836,True,
2024-11-08,2024-11-07,NKY,GJR-skewt,GJR-skewt-AR1-expanding-refit21,1,0.01417013261,0.0002007926581,-0.03677256503,-0.02913196556,-0.02334027724,,,0.003016184937,0.0001752371023,True,
2024-11-11,2024-11-08,NKY,GJR-skewt,GJR-skewt-AR1-expanding-refit21,1,0.01352116307,0.0001828218506,-0.03518240445,-0.02789173228,-0.02236529408,,,0.0008338019223,0.0001036172807,True,
2024-11-12,2024-11-11,NKY,GJR-skewt,GJR-skewt-AR1-expanding-refit21,1,0.01291282037,0.00016674093,-0.03355930434,-0.02659665331,-0.02131886,,,-0.00398509323,0.0002622331907,True,
2024-11-13,2024-11-12,NKY,GJR-skewt,GJR-skewt-AR1-expanding-refit21,1,0.01245445606,0.0001551134759,-0.03227928575,-0.02556378682,-0.0204733385,,,-0.01675963772,0.0002949131359,True,
2024-11-14,2024-11-13,NKY,GJR-skewt,GJR-skewt-AR1-expanding-refit21,1,0.01370414426,0.00018780357,-0.03530328566,-0.02791394921,-0.022312722,,,-0.004814073394,0.0002080750546,True,
2024-11-15,2024-11-14,NKY,GJR-skewt,GJR-skewt-AR1-expanding-refit21,1,0.01324488154,0.0001754268869,-0.03432231462,-0.0271806147,-0.02176709968,,,0.00277825708,0.0001701644048,True,
2024-11-18,2024-11-15,NKY,GJR-skewt,GJR-skewt-AR1-expanding-refit21,1,0.01266302789,0.0001603522753,-0.03294390772,-0.02611594592,-0.02094024906,,,-0.01098210216,0.0001407831431,True,
2024-11-19,2024-11-18,NKY,GJR-skewt,GJR-skewt-AR1-expanding-refit21,1,0.01289093578,0.0001661762253,-0.03328990323,-0.02633905246,-0.02107020394,,,0.00505194314,0.0001079809853,True,
2024-11-20,2024-11-19,NKY,GJR-skewt,GJR-skewt-AR1-expanding-refit21,1,0.01235160167,0.0001525620637,-0.03217396186,-0.02551392248,-0.02046551333,,,-0.001617623457,0.0001367564223,True,
2024-11-21,2024-11-20,NKY,GJR-skewt,GJR-skewt-AR1-expanding-refit21,1,0.01184795716,0.0001403740888,-0.03074278203,-0.02435431005,-0.01951175303,,,-0.008540882387,0.0001038930665,True,
2024-11-22,2024-11-21,NKY,GJR-skewt,GJR-skewt-AR1-expanding-refit21,1,0.01187877955,0.0001411054036,-0.03069856608,-0.02429347453,-0.01943831962,,,0.006753520646,0.0001187063383,True,
2024-11-25,2024-11-22,NKY,GJR-skewt,GJR-skewt-AR1-expanding-refit21,1,0.0114399574,0.0001308726253,-0.02983101807,-0.0236625414,-0.01898674411,,,0.01288009892,0.0001991128808,True,
2024-11-26,2024-11-25,NKY,GJR-skewt,GJR-skewt-AR1-expanding-refit21,1,0.01117422906,0.000124863395,-0.02924931625,-0.0232241215,-0.01865693404,,,-0.008757664019,0.0001613862915,True,
2024-11-27,2024-11-26,NKY,GJR-skewt,GJR-skewt-AR1-expanding-refit21,1,0.01128131382,0.0001272680415,-0.02913912198,-0.02305618664,-0.01844523096,,,-0.008018935726,8.720443344e-05,True,
2024-11-28,2024-11-27,NKY,GJR-skewt,GJR-skewt-AR1-expanding-refit21,1,0.01133378275,0.0001284546315,-0.02928900943,-0.02317778261,-0.01854538155,,,0.005598303505,0.0002349129774,True,
2024-11-29,2024-11-28,NKY,GJR-skewt,GJR-skewt-AR1-expanding-refit21,1,0.01092277857,0.0001193070916,-0.02846758394,-0.02257778936,-0.01811323532,,,-0.003684244002,9.240436734e-05,True,
2024-12-02,2024-11-29,NKY,GJR-skewt,GJR-skewt-AR1-expanding-refit21,1,0.01061572401,0.0001126935963,-0.02750205334,-0.02177782912,-0.01743877992,,,0.007950618076,0.0002580023515,True,
2024-12-03,2024-12-02,NKY,GJR-skewt,GJR-skewt-AR1-expanding-refit21,1,0.01030546599,0.0001062026293,-0.0269024161,-0.0213454896,-0.01713325463,,,0.01892602969,0.0001299418944,True,
2024-12-04,2024-12-03,NKY,GJR-skewt,GJR-skewt-AR1-expanding-refit21,1,0.01038083627,0.0001077617616,-0.02729501379,-0.02169744602,-0.01745440437,,,0.0007012073474,0.0001122597736,True,
2024-12-05,2024-12-04,NKY,GJR-skewt,GJR-skewt-AR1-expanding-refit21,1,0.01001884955,0.0001003773463,-0.0260264737,-0.02062409688,-0.01652901293,,,0.003030583768,0.0001341228501,True,
2024-12-06,2024-12-05,NKY,GJR-skewt,GJR-skewt-AR1-expanding-refit21,1,0.009697348668,9.403857119e-05,-0.0252310795,-0.02000206279,-0.01603838845,,,-0.007757516161,7.194271958e-05,True,
2024-12-09,2024-12-06,NKY,GJR-skewt,GJR-skewt-AR1-expanding-refit21,1,0.009891608356,9.784391586e-05,-0.02554384952,-0.02021008385,-0.01616700821,,,0.001771927333,7.32780053e-05,True,
2024-12-10,2024-12-09,NKY,GJR-skewt,GJR-skewt-AR1-expanding-refit21,1,0.009572999687,9.164232301e-05,-0.02488480218,-0.01972283709,-0.01580998889,,,0.005274001477,6.267068621e-05,True,
2024-12-11,2024-12-10,NKY,GJR-skewt,GJR-skewt-AR1-expanding-refit21,1,0.009314781128,8.676514745e-05,-0.02427515246,-0.01925242431,-0.01544511984,,,0.0001181702137,3.807175387e-05,True,
2024-12-12,2024-12-11,NKY,GJR-skewt,GJR-skewt-AR1-expanding-refit21,1,0.009043512105,8.17851112e-05,-0.02347662533,-0.01860017121,-0.01490374468,,,0.01204008223,0.0001096769344,True,
2024-12-13,2024-12-12,NKY,GJR-skewt,GJR-skewt-AR1-expanding-refit21,1,0.008992719543,8.086900478e-05,-0.0235576756,-0.01870860991,-0.01503294423,,,-0.009548766591,7.202397746e-05,True,
2024-12-16,2024-12-13,NKY,GJR-skewt,GJR-skewt-AR1-expanding-refit21,1,0.009521355918,9.065621851e-05,-0.02454780207,-0.0194136844,-0.01552194498,,,-0.0003282267802,6.743794765e-05,True,
2024-12-17,2024-12-16,NKY,GJR-skewt,GJR-skewt-AR1-expanding-refit21,1,0.009234598739,8.527781387e-05,-0.02396615761,-0.01898666551,-0.01521213462,,,-0.002354886583,6.880218845e-05,True,
2024-12-18,2024-12-17,NKY,GJR-skewt,GJR-skewt-AR1-expanding-refit21,1,0.00902282067,8.141129284e-05,-0.02337850697,-0.01851321011,-0.01482524096,,,-0.007214353013,0.0001157456301,True,
2024-12-19,2024-12-18,NKY,GJR-skewt,GJR-skewt-AR1-expanding-refit21,1,0.00925210194,8.560139031e-05,-0.02388852957,-0.01889959937,-0.01511791426,,,-0.00688446971,0.0002145484281,True,
2024-12-20,2024-12-19,NKY,GJR-skewt,GJR-skewt-AR1-expanding-refit21,1,0.009420699081,8.874957117e-05,-0.02433339599,-0.01925355463,-0.01540295747,,,-0.002881482827,0.00010692048,True,
2024-12-23,2024-12-20,NKY,GJR-skewt,GJR-skewt-AR1-expanding-refit21,1,0.009222073492,8.50466395e-05,-0.02388786613,-0.01891512791,-0.01514571656,,,0.01180137745,8.64737368e-05,True,
2024-12-24,2024-12-23,NKY,GJR-skewt,GJR-skewt-AR1-expanding-refit21,1,0.009142496112,8.358523515e-05,-0.0239433676,-0.0190135392,-0.01527665415,,,-0.003183919805,5.795781134e-05,True,
2024-12-25,2024-12-24,NKY,GJR-skewt,GJR-skewt-AR1-expanding-refit21,1,0.008969287381,8.044811612e-05,-0.02322429387,-0.0183878633,-0.01472177523,,,0.002394305474,,True,
2024-12-26,2024-12-25,NKY,GJR-skewt,GJR-skewt-AR1-expanding-refit21,1,0.008736286464,7.632270118e-05,-0.02271744603,-0.01800665451,-0.01443580275,,,0.01112177427,,True,
2024-12-27,2024-12-26,NKY,GJR-skewt,GJR-skewt-AR1-expanding-refit21,1,0.008691670461,7.554513541e-05,-0.02275742589,-0.01807069227,-0.01451807677,,,0.0178616783,0.000124158353,True,
2024-12-30,2024-12-27,NKY,GJR-skewt,GJR-skewt-AR1-expanding-refit21,1,0.008926811937,7.968797136e-05,-0.02346203863,-0.01865450519,-0.01500973129,,,-0.009644420954,8.919849624e-05,True,
2025-01-06,2024-12-30,NKY,GJR-skewt,GJR-skewt-AR1-expanding-refit21,1,0.009466760807,8.961956018e-05,-0.02438162601,-0.01928330318,-0.01541807077,,,-0.01483553692,0.0001861799245,True,
2025-01-07,2025-01-06,NKY,GJR-skewt,GJR-skewt-AR1-expanding-refit21,1,0.01097906648,0.0001205399008,-0.02822496786,-0.022312193,-0.01782949355,,,0.01955589623,0.000185405585,True,
2025-01-08,2025-01-07,NKY,GJR-skewt,GJR-skewt-AR1-expanding-refit21,1,0.01098216374,0.0001206079204,-0.02883984456,-0.02292540168,-0.01844143762,,,-0.002554001465,9.545228614e-05,True,
2025-01-09,2025-01-08,NKY,GJR-skewt,GJR-skewt-AR1-expanding-refit21,1,0.01060873045,0.0001125451618,-0.02747807477,-0.02176474433,-0.01743325127,,,-0.009448165397,0.0001496005574,True,
2025-01-10,2025-01-09,NKY,GJR-skewt,GJR-skewt-AR1-expanding-refit21,1,0.01091660036,0.0001191721634,-0.02815749164,-0.02227835791,-0.01782116306,,,-0.01052586227,0.0001086251117,True,
2025-01-14,2025-01-10,NKY,GJR-skewt,GJR-skewt-AR1-expanding-refit21,1,0.01135419392,0.0001289177197,-0.02927707067,-0.02316227098,-0.01852640881,,,-0.01844127284,0.0001881251754,True,
2025-01-15,2025-01-14,NKY,GJR-skewt,GJR-skewt-AR1-expanding-refit21,1,0.01322028957,0.0001747760562,-0.03399288591,-0.02687310064,-0.0214753207,,,-0.0007728313752,0.00020052284,True,
2025-01-16,2025-01-15,NKY,GJR-skewt,GJR-skewt-AR1-expanding-refit21,1,0.0126425956,0.0001598352236,-0.03280150785,-0.02599283959,-0.02083092928,,,0.00332454547,0.000182584823,True,
2025-01-17,2025-01-16,NKY,GJR-skewt,GJR-skewt-AR1-expanding-refit21,1,0.01211010103,0.000146654547,-0.0314882822,-0.02496638882,-0.02002189346,,,-0.003145529227,0.0001620556718,True,
2025-01-20,2025-01-17,NKY,GJR-skewt,GJR-skewt-AR1-expanding-refit21,1,0.01167655614,0.0001363419633,-0.03024606133,-0.0239576535,-0.01919017241,,,0.01166182484,0.0001115161517,True,
2025-01-21,2025-01-20,NKY,GJR-skewt,GJR-skewt-AR1-expanding-refit21,1,0.01135114641,0.0001288485249,-0.02966063067,-0.02354747222,-0.01891285433,,,0.003220320924,0.0002551103101,True,
2025-01-22,2025-01-21,NKY,GJR-skewt,GJR-skewt-AR1-expanding-refit21,1,0.01092108189,0.0001192700296,-0.02839268076,-0.0225111335,-0.01805210886,,,0.01571752922,6.803828989e-05,True,
2025-01-23,2025-01-22,NKY,GJR-skewt,GJR-skewt-AR1-expanding-refit21,1,0.01079369201,0.0001165037872,-0.02828172562,-0.02246878416,-0.0180617722,,,0.007854336326,8.761562553e-05,True,
2025-01-24,2025-01-23,NKY,GJR-skewt,GJR-skewt-AR1-expanding-refit21,1,0.01047159365,0.0001096542736,-0.02730490172,-0.02166542629,-0.01738992552,,,-0.0006731839877,0.0001786109578,True,
2025-01-27,2025-01-24,NKY,GJR-skewt,GJR-skewt-AR1-expanding-refit21,1,0.01010367592,0.0001020842671,-0.02619713663,-0.02075580325,-0.0166305215,,,-0.009212389931,0.0001816246146,True,
2025-01-28,2025-01-27,NKY,GJR-skewt,GJR-skewt-AR1-expanding-refit21,1,0.01044570565,0.0001091127666,-0.02693640963,-0.02131087618,-0.01704594535,,,-0.01397098382,0.0002444891242,True,
2025-01-29,2025-01-28,NKY,GJR-skewt,GJR-skewt-AR1-expanding-refit21,1,0.01156330894,0.0001337101137,-0.0297603892,-0.02353297063,-0.01881172782,,,0.01014675994,0.0001536721952,True,
2025-01-30,2025-01-29,NKY,GJR-skewt,GJR-skewt-AR1-expanding-refit21,1,0.01120881179,0.0001256374617,-0.02926355133,-0.02322704716,-0.01865054381,,,0.002513344053,0.0001111943609,True,
2025-01-31,2025-01-30,NKY,GJR-skewt,GJR-skewt-AR1-expanding-refit21,1,0.01078537349,0.0001163242814,-0.02802710076,-0.02221863924,-0.01781502368,,,0.00147988778,6.411738291e-05,True,
2025-02-03,2025-01-31,NKY,GJR-skewt,GJR-skewt-AR1-expanding-refit21,1,0.01039101848,0.000107973265,-0.02698277593,-0.02138669425,-0.01714409193,,,-0.02695421719,0.0002026120499,True,
2025-02-04,2025-02-03,NKY,GJR-skewt,GJR-skewt-AR1-expanding-refit21,1,0.01472185208,0.0002167329286,-0.03776190422,-0.02983937989,-0.02383037932,,,0.007198344309,0.0001909639139,True,
2025-02-05,2025-02-04,NKY,GJR-skewt,GJR-skewt-AR1-expanding-refit21,1,0.01406418764,0.0001978013739,-0.03664771729,-0.02907911328,-0.0233385508,,,0.000853006449,9.425208535e-05,True,
2025-02-06,2025-02-05,NKY,GJR-skewt,GJR-skewt-AR1-expanding-refit21,1,0.01341668656,0.0001800074782,-0.03485208862,-0.02763193554,-0.02215566279,,,0.006034852191,8.80110515e-05,True,
2025-02-07,2025-02-06,NKY,GJR-skewt,GJR-skewt-AR1-expanding-refit21,1,0.01284990235,0.0001651199905,-0.03346796503,-0.02655282532,-0.0213078962,,,-0.007180479712,7.911559848e-05,True,
2025-02-10,2025-02-07,NKY,GJR-skewt,GJR-skewt-AR1-expanding-refit21,1,0.01261832263,0.0001592220659,-0.03263442601,-0.02584391029,-0.02069350479,,,0.0003648068063,6.965861361e-05,True,
2025-02-12,2025-02-10,NKY,GJR-skewt,GJR-skewt-AR1-expanding-refit21,1,0.01207787457,0.0001458750541,-0.03136013762,-0.02486046254,-0.01993065107,,,0.00417997418,6.765958181e-05,True,
2025-02-13,2025-02-12,NKY,GJR-skewt,GJR-skewt-AR1-expanding-refit21,1,0.01159667992,0.0001344829852,-0.03017481817,-0.02393409668,-0.01920069384,,,0.01269429769,0.0001059723213,True,
2025-02-14,2025-02-13,NKY,GJR-skewt,GJR-skewt-AR1-expanding-refit21,1,0.01130958748,0.0001279067689,-0.02957666701,-0.02349044352,-0.01887422286,,,-0.007938866113,6.927619991e-05,True,
2025-02-17,2025-02-14,NKY,GJR-skewt,GJR-skewt-AR1-expanding-refit21,1,0.01130679675,0.0001278436528,-0.02920874725,-0.02312402559,-0.01850894402,,,0.0006337881706,8.861589283e-05,True,
2025-02-18,2025-02-17,NKY,GJR-skewt,GJR-skewt-AR1-expanding-refit21,1,0.01086889397,0.0001181328562,-0.02821922649,-0.02237016101,-0.01793381768,,,0.00245137151,8.507621696e-05,True,
2025-02-19,2025-02-18,NKY,GJR-skewt,GJR-skewt-AR1-expanding-refit21,1,0.01047284531,0.0001096804888,-0.0272205291,-0.02158459611,-0.0173099075,,,-0.002697497638,8.963196907e-05,True,
2025-02-20,2025-02-19,NKY,GJR-skewt,GJR-skewt-AR1-expanding-refit21,1,0.01016126671,0.0001032513412,-0.0263198415,-0.02085158368,-0.01670407172,,,-0.01250154425,0.0001019834232,True,
2025-02-21,2025-02-20,NKY,GJR-skewt,GJR-skewt-AR1-expanding-refit21,1,0.01103381469,0.0001217450666,-0.02841872924,-0.02248091213,-0.01797725332,,,0.002553803594,0.0001242197647,True,
2025-02-25,2025-02-21,NKY,GJR-skewt,GJR-skewt-AR1-expanding-refit21,1,0.01062356711,0.0001128601781,-0.0276144784,-0.0218974349,-0.01756122635,,,-0.01400150737,0.0001312720771,True,
2025-02-26,2025-02-25,NKY,GJR-skewt,GJR-skewt-AR1-expanding-refit21,1,0.01167121214,0.0001362171928,-0.03005093715,-0.02377010635,-0.01900628179,,,-0.002498502738,0.0001224711283,True,
2025-02-27,2025-02-26,NKY,GJR-skewt,GJR-skewt-AR1-expanding-refit21,1,0.01126029167,0.0001267941686,-0.02918284215,-0.02312314707,-0.01852704742,,,0.002979137291,0.0001349238369,True,
2025-02-28,2025-02-27,NKY,GJR-skewt,GJR-skewt-AR1-expanding-refit21,1,0.01083509937,0.0001173993784,-0.02817229293,-0.02234141392,-0.0179188645,,,-0.02919309494,0.0003301705686,True,
2025-03-03,2025-02-28,NKY,GJR-skewt,GJR-skewt-AR1-expanding-refit21,1,0.0156456282,0.0002447856817,-0.04012631688,-0.03170666497,-0.02532060781,,,0.01681279545,0.000150289783,True,
2025-03-04,2025-03-03,NKY,GJR-skewt,GJR-skewt-AR1-expanding-refit21,1,0.01509699356,0.0002279192145,-0.03950300252,-0.03137859683,-0.02521647521,,,-0.01209571002,0.0002934072322,True,
2025-03-05,2025-03-04,NKY,GJR-skewt,GJR-skewt-AR1-expanding-refit21,1,0.01513497938,0.0002290676009,-0.03909652879,-0.03095168114,-0.02477405489,,,0.002329346013,0.0002679627567,True,
2025-03-06,2025-03-05,NKY,GJR-skewt,GJR-skewt-AR1-expanding-refit21,1,0.01441303989,0.0002077357188,-0.03747027825,-0.02971394036,-0.02383098728,,,0.007632606812,0.0001212874045,True,
2025-03-07,2025-03-06,NKY,GJR-skewt,GJR-skewt-AR1-expanding-refit21,1,0.0137719718,0.0001896672073,-0.03593220768,-0.02850719115,-0.02287820727,,,-0.02192700184,0.0001692384879,True,
2025-03-10,2025-03-07,NKY,GJR-skewt,GJR-skewt-AR1-expanding-refit21,1,0.0157611331,0.0002484133165,-0.04056805261,-0.0320706003,-0.02562859144,,,0.003817817189,0.0001134505815,True,
2025-03-11,2025-03-10,NKY,GJR-skewt,GJR-skewt-AR1-expanding-refit21,1,0.01500405866,0.0002251217763,-0.03907008894,-0.0309808055,-0.0248482338,,,-0.006371079731,0.0002417668251,True,
2025-03-12,2025-03-11,NKY,GJR-skewt,GJR-skewt-AR1-expanding-refit21,1,0.0145139453,0.0002106546081,-0.03760667937,-0.02978163549,-0.02384938661,,,0.0007058737914,0.0001572583348,True,
2025-03-13,2025-03-12,NKY,GJR-skewt,GJR-skewt-AR1-expanding-refit21,1,0.01383646221,0.0001914476866,-0.03597279459,-0.02851300873,-0.02285766583,,,-0.0007895377931,0.0001485884362,True,
2025-03-14,2025-03-13,NKY,GJR-skewt,GJR-skewt-AR1-expanding-refit21,1,0.01321209283,0.0001745593971,-0.03431962485,-0.02719646129,-0.02179631535,,,0.007125142527,0.0001383087361,True,
2025-03-17,2025-03-14,NKY,GJR-skewt,GJR-skewt-AR1-expanding-refit21,1,0.01267711757,0.0001607093099,-0.03307218923,-0.02623745207,-0.02105596524,,,0.009225578336,5.25902203e-05,True,
2025-03-18,2025-03-17,NKY,GJR-skewt,GJR-skewt-AR1-expanding-refit21,1,0.01222070796,0.0001493457029,-0.03192243832,-0.02533376969,-0.02033883003,,,0.01193237888,4.972407031e-05,True,
2025-03-19,2025-03-18,NKY,GJR-skewt,GJR-skewt-AR1-expanding-refit21,1,0.01186224917,0.0001407129553,-0.03103886986,-0.02464346059,-0.0197950329,,,-0.002474771368,7.097864935e-05,True,
2025-03-21,2025-03-19,NKY,GJR-skewt,GJR-skewt-AR1-expanding-refit21,1,0.01141972962,0.0001304102246,-0.02962184078,-0.02346501136,-0.01879745358,,,-0.001983863144,8.170999238e-05,True,
2025-03-24,2025-03-21,NKY,GJR-skewt,GJR-skewt-AR1-expanding-refit21,1,0.01100620304,0.0001211365053,-0.02855415864,-0.02262027781,-0.01812173973,,,-0.001821606718,8.803151398e-05,True,
2025-03-25,2025-03-24,NKY,GJR-skewt,GJR-skewt-AR1-expanding-refit21,1,0.01062178418,0.0001128222991,-0.02755622347,-0.0218295981,-0.01748818259,,,0.004564353322,6.179037955e-05,True,
2025-03-26,2025-03-25,NKY,GJR-skewt,GJR-skewt-AR1-expanding-refit21,1,0.01026470167,0.0001053641003,-0.0267438691,-0.02120976108,-0.01701429502,,,0.006509904783,8.898835365e-05,True,
2025-03-27,2025-03-26,NKY,GJR-skewt,GJR-skewt-AR1-expanding-refit21,1,0.009965729861,9.931577167e-05,-0.02600119453,-0.02062827408,-0.01655500603,,,-0.005995759244,0.0001091935944,True,
2025-03-28,2025-03-27,NKY,GJR-skewt,GJR-skewt-AR1-expanding-refit21,1,0.009925506506,9.85156794e-05,-0.02566658404,-0.0203153496,-0.01625852193,,,-0.01814352859,0.0001013507662,True,
2025-03-31,2025-03-28,NKY,GJR-skewt,GJR-skewt-AR1-expanding-refit21,1,0.0120545626,0.0001453124794,-0.03098674142,-0.02448764835,-0.01956061687,,,-0.04132601223,0.0003194686723,True,
2025-04-01,2025-03-31,NKY,GJR-skewt,GJR-skewt-AR1-expanding-refit21,1,0.0202245507,0.000409032451,-0.05183293297,-0.04092907509,-0.03266274463,,,0.0001943200984,0.0002428373309,True,
2025-04-02,2025-04-01,NKY,GJR-skewt,GJR-skewt-AR1-expanding-refit21,1,0.01915794053,0.0003670266852,-0.04981901288,-0.03949020688,-0.03165982935,,,0.002842051539,0.0001313784149,True,
2025-04-03,2025-04-02,NKY,GJR-skewt,GJR-skewt-AR1-expanding-refit21,1,0.01816548585,0.0003299848762,-0.04728361296,-0.03748987866,-0.03006514467,,,-0.02810051771,0.0007395173882,True,
2025-04-04,2025-04-03,NKY,GJR-skewt,GJR-skewt-AR1-expanding-refit21,1,0.02054401879,0.000422056708,-0.05290784962,-0.04183175382,-0.03343484796,,,-0.02788856351,0.0009163822611,True,
2025-04-07,2025-04-04,NKY,GJR-skewt,GJR-skewt-AR1-expanding-refit21,1,0.02251032779,0.0005067148571,-0.05803145726,-0.04589524625,-0.03669465579,,,-0.08150268915,0.00301560923,True,
2025-04-08,2025-04-07,NKY,GJR-skewt,GJR-skewt-AR1-expanding-refit21,1,0.03918156332,0.001535194904,-0.1006927334,-0.07946690516,-0.06339710719,,,0.05850530764,0.001066651138,True,
2025-04-09,2025-04-08,NKY,GJR-skewt,GJR-skewt-AR1-expanding-refit21,1,0.03795994492,0.001440957419,-0.09999204522,-0.07942800429,-0.06385923689,,,-0.04012949635,0.001701835252,True,
2025-04-10,2025-04-09,NKY,GJR-skewt,GJR-skewt-AR1-expanding-refit21,1,0.03904223318,0.001524295972,-0.1010638244,-0.0799134755,-0.06390082193,,,0.0873546162,0.0005757133311,True,
2025-04-11,2025-04-10,NKY,GJR-skewt,GJR-skewt-AR1-expanding-refit21,1,0.0391717052,0.001534422488,-0.1036647215,-0.08244423372,-0.06637847893,,,-0.03001701164,0.0007253246958,True,
2025-04-14,2025-04-11,NKY,GJR-skewt,GJR-skewt-AR1-expanding-refit21,1,0.03862290626,0.001491728888,-0.1001496596,-0.07922647263,-0.06338580044,,,0.011744796,0.000270304479,True,
2025-04-15,2025-04-14,NKY,GJR-skewt,GJR-skewt-AR1-expanding-refit21,1,0.03642380817,0.001326693802,-0.09515535364,-0.07542348407,-0.06048474276,,,0.008356974772,8.66725596e-05,True,
2025-04-16,2025-04-15,NKY,GJR-skewt,GJR-skewt-AR1-expanding-refit21,1,0.03434463767,0.001179554136,-0.0896723083,-0.07106678777,-0.05698079064,,,-0.01018196566,0.0001579447552,True,
2025-04-17,2025-04-16,NKY,GJR-skewt,GJR-skewt-AR1-expanding-refit21,1,0.03261963697,0.001064040716,-0.08484403455,-0.06717299864,-0.05379448764,,,0.01338867755,0.0001892212505,True,
2025-04-18,2025-04-17,NKY,GJR-skewt,GJR-skewt-AR1-expanding-refit21,1,0.03081936555,0.0009498332931,-0.0805670049,-0.06387123002,-0.05123107644,,,0.01020673004,,True,
2025-04-21,2025-04-18,NKY,GJR-skewt,GJR-skewt-AR1-expanding-refit21,1,0.02910850351,0.0008473049763,-0.07604823817,-0.0602792886,-0.04834082237,,,-0.01305215006,,True,
2025-04-22,2025-04-21,NKY,GJR-skewt,GJR-skewt-AR1-expanding-refit21,1,0.02794321395,0.0007808232057,-0.07259601308,-0.05745833582,-0.04599779763,,,-0.001731967344,0.0001735817431,True,
2025-04-23,2025-04-22,NKY,GJR-skewt,GJR-skewt-AR1-expanding-refit21,1,0.0263808082,0.0006959470413,-0.06872190503,-0.05443062983,-0.04361089161,,,0.01875969237,0.000178815843,True,
2025-04-24,2025-04-23,NKY,GJR-skewt,GJR-skewt-AR1-expanding-refit21,1,0.02507461237,0.0006287361857,-0.0656788648,-0.05209519506,-0.04181117572,,,0.004878423393,0.0001068846588,True,
2025-04-25,2025-04-24,NKY,GJR-skewt,GJR-skewt-AR1-expanding-refit21,1,0.02369618275,0.0005615090769,-0.06183720625,-0.04900027319,-0.03928159846,,,0.01884544874,0.0002024100204,True,
2025-04-28,2025-04-25,NKY,GJR-skewt,GJR-skewt-AR1-expanding-refit21,1,0.02258517467,0.0005100901149,-0.05918742464,-0.04695235799,-0.03768934847,,,0.003752849094,0.0001010357226,True,
2025-04-30,2025-04-28,NKY,GJR-skewt,GJR-skewt-AR1-expanding-refit21,1,0.02136318748,0.0004563857792,-0.05573229536,-0.04415921583,-0.03539738813,,,0.005714408841,0.0001069472713,True,
2025-05-01,2025-04-30,NKY,GJR-skewt,GJR-skewt-AR1-expanding-refit21,1,0.02023158746,0.0004093171311,-0.05281567442,-0.04185561657,-0.03355789959,,,0.01122590806,0.0001232949112,True,
2025-05-02,2025-05-01,NKY,GJR-skewt,GJR-skewt-AR1-expanding-refit21,1,0.01923541165,0.0003700010612,-0.05031528908,-0.03989488955,-0.03200574085,,,0.01032692529,0.0001796846215,True,
2025-05-07,2025-05-02,NKY,GJR-skewt,GJR-skewt-AR1-expanding-refit21,1,0.01829826066,0.0003348263432,-0.04785504816,-0.03794233143,-0.03043754277,,,-0.001386523963,0.0001029254891,True,
2025-05-08,2025-05-07,NKY,GJR-skewt,GJR-skewt-AR1-expanding-refit21,1,0.01735875986,0.000301326544,-0.04519669075,-0.03579292979,-0.02867346491,,,0.00404212212,0.0001724433873,True,
2025-05-09,2025-05-08,NKY,GJR-skewt,GJR-skewt-AR1-expanding-refit21,1,0.01648768656,0.0002718438083,-0.04302112746,-0.03408925304,-0.0273270473,,,0.01544257746,9.248224974e-05,True,
2025-05-12,2025-05-09,NKY,GJR-skewt,GJR-skewt-AR1-expanding-refit21,1,0.01563928923,0.0002445873675,-0.04104531624,-0.03256229533,-0.02614229732,,,0.00375085257,8.203705166e-05,True,
2025-05-13,2025-05-12,NKY,GJR-skewt,GJR-skewt-AR1-expanding-refit21,1,0.01487799077,0.0002213546093,-0.03883430309,-0.03076422363,-0.02465674204,,,0.01421671324,8.353355446e-05,True,
2025-05-14,2025-05-13,NKY,GJR-skewt,GJR-skewt-AR1-expanding-refit21,1,0.01433087808,0.0002053740666,-0.03760766721,-0.02983435113,-0.02395146174,,,-0.001444943386,8.556773968e-05,True,
2025-05-15,2025-05-14,NKY,GJR-skewt,GJR-skewt-AR1-expanding-refit21,1,0.0136615925,0.0001866391097,-0.03556051398,-0.02815022997,-0.0225420853,,,-0.009820830465,6.595493773e-05,True,
2025-05-16,2025-05-15,NKY,GJR-skewt,GJR-skewt-AR1-expanding-refit21,1,0.01363170685,0.0001858234316,-0.03532169012,-0.02792761661,-0.02233174012,,,-4.749008801e-05,5.941327295e-05,True,
2025-05-19,2025-05-16,NKY,GJR-skewt,GJR-skewt-AR1-expanding-refit21,1,0.01300643315,0.0001691673034,-0.03387780603,-0.02682289178,-0.02148369294,,,-0.006779610869,5.928595954e-05,True,
2025-05-20,2025-05-19,NKY,GJR-skewt,GJR-skewt-AR1-expanding-refit21,1,0.01273059235,0.0001620679815,-0.03302876305,-0.02612346962,-0.02089750466,,,0.0008226081873,0.000118276904,True,
2025-05-21,2025-05-20,NKY,GJR-skewt,GJR-skewt-AR1-expanding-refit21,1,0.01217437632,0.0001482154389,-0.03172338302,-0.02511979079,-0.02012215499,,,-0.006160985063,4.232700625e-05,True,
2025-05-22,2025-05-21,NKY,GJR-skewt,GJR-skewt-AR1-expanding-refit21,1,0.01192670182,0.0001422462164,-0.03094300692,-0.02447375762,-0.01957779331,,,-0.008430015748,8.147117285e-05,True,
2025-05-23,2025-05-22,NKY,GJR-skewt,GJR-skewt-AR1-expanding-refit21,1,0.01194849009,0.0001427664154,-0.03095628819,-0.02447522056,-0.01957031206,,,0.004709550953,6.546094357e-05,True,
2025-05-26,2025-05-23,NKY,GJR-skewt,GJR-skewt-AR1-expanding-refit21,1,0.01147485542,0.0001316723069,-0.02997272553,-0.02374856553,-0.01903808618,,,0.009935884771,0.000118046163,True,
2025-05-27,2025-05-26,NKY,GJR-skewt,GJR-skewt-AR1-expanding-refit21,1,0.01112664653,0.000123802263,-0.02916448594,-0.02312920046,-0.01856166242,,,0.00511798315,7.363888472e-05,True,
2025-05-28,2025-05-27,NKY,GJR-skewt,GJR-skewt-AR1-expanding-refit21,1,0.01072981334,0.0001151288943,-0.02803648953,-0.02221645324,-0.01781181699,,,-4.535504823e-05,8.209201166e-05,True,
2025-05-29,2025-05-28,NKY,GJR-skewt,GJR-skewt-AR1-expanding-refit21,1,0.01033515133,0.0001068153531,-0.02690752512,-0.02130156032,-0.01705893459,,,0.01866191628,0.0001385859523,True,
2025-05-30,2025-05-29,NKY,GJR-skewt,GJR-skewt-AR1-expanding-refit21,1,0.010384669,0.0001078413503,-0.02739596875,-0.02176314471,-0.01750019175,,,-0.01224859963,7.245638198e-05,True,
2025-06-02,2025-05-30,NKY,GJR-skewt,GJR-skewt-AR1-expanding-refit21,1,0.01111716045,0.0001235912564,-0.02871372624,-0.02268358618,-0.01811994221,,,-0.01310881397,5.646874161e-05,True,
2025-06-03,2025-06-02,NKY,GJR-skewt,GJR-skewt-AR1-expanding-refit21,1,0.01197781783,0.00014346812,-0.03094296803,-0.02444599252,-0.01952904486,,,-0.0006370553483,6.356542229e-05,True,
2025-06-04,2025-06-03,NKY,GJR-skewt,GJR-skewt-AR1-expanding-refit21,1,0.0114869821,0.0001319507578,-0.02990169783,-0.0236709601,-0.0189555027,,,0.007996414639,6.744606503e-05,True,
2025-06-05,2025-06-04,NKY,GJR-skewt,GJR-skewt-AR1-expanding-refit21,1,0.01109798993,0.0001231653804,-0.02905246719,-0.02303272554,-0.01847695116,,,-0.005125003918,7.102869762e-05,True,
2025-06-06,2025-06-05,NKY,GJR-skewt,GJR-skewt-AR1-expanding-refit21,1,0.01086344953,0.0001180145357,-0.02818849837,-0.0222959755,-0.017836481,,,0.004970283747,6.081634898e-05,True,
2025-06-09,2025-06-06,NKY,GJR-skewt,GJR-skewt-AR1-expanding-refit21,1,0.01048423407,0.0001099191641,-0.02739284985,-0.02170602,-0.01740219513,,,0.009151062352,3.656783561e-05,True,
2025-06-10,2025-06-09,NKY,GJR-skewt,GJR-skewt-AR1-expanding-refit21,1,0.01017330369,0.0001034961079,-0.02665368571,-0.02113785107,-0.01696301791,,,0.003222578879,8.256658251e-05,True,
2025-06-11,2025-06-10,NKY,GJR-skewt,GJR-skewt-AR1-expanding-refit21,1,0.009836300527,9.675280805e-05,-0.02566146113,-0.02032834528,-0.01629180859,,,0.005472342869,4.99695131e-05,True,
2025-06-12,2025-06-11,NKY,GJR-skewt,GJR-skewt-AR1-expanding-refit21,1,0.009554102665,9.128087773e-05,-0.02496812204,-0.01978801024,-0.01586727949,,,-0.006478354093,6.25721216e-05,True,
2025-06-13,2025-06-12,NKY,GJR-skewt,GJR-skewt-AR1-expanding-refit21,1,0.009620759023,9.255900418e-05,-0.02491420318,-0.01969795117,-0.01574986655,,,-0.008916035883,0.00019153713,True,
2025-06-16,2025-06-13,NKY,GJR-skewt,GJR-skewt-AR1-expanding-refit21,1,0.01002531301,0.000100506901,-0.02592317522,-0.02048757923,-0.01637347722,,,0.01253084879,3.189898665e-05,True,
2025-06-17,2025-06-16,NKY,GJR-skewt,GJR-skewt-AR1-expanding-refit21,1,0.009876835169,9.755187296e-05,-0.02594465773,-0.02058956451,-0.01653639357,,,0.005866401512,6.72561623e-05,True,
2025-06-18,2025-06-17,NKY,GJR-skewt,GJR-skewt-AR1-expanding-refit21,1,0.009599211512,9.214486165e-05,-0.02509331867,-0.01988874944,-0.01594950731,,,0.009000362216,5.736896746e-05,True,
2025-06-19,2025-06-18,NKY,GJR-skewt,GJR-skewt-AR1-expanding-refit21,1,0.00940736536,8.849852302e-05,-0.02465255407,-0.01955200136,-0.01569148741,,,-0.01025705543,8.570687411e-05,True,
2025-06-20,2025-06-19,NKY,GJR-skewt,GJR-skewt-AR1-expanding-refit21,1,0.01001258518,0.000100251862,-0.02586440539,-0.02043571026,-0.01632683139,,,-0.002213751245,0.0001000255792,True,
2025-06-23,2025-06-20,NKY,GJR-skewt,GJR-skewt-AR1-expanding-refit21,1,0.009727935855,9.463273599e-05,-0.02527511422,-0.02000075231,-0.01600868539,,,-0.00128041564,7.491874772e-05,True,
2025-06-24,2025-06-23,NKY,GJR-skewt,GJR-skewt-AR1-expanding-refit21,1,0.009433930358,8.8999042e-05,-0.02452587479,-0.01941091887,-0.01553950341,,,0.01131571447,0.0001419209625,True,
2025-06-25,2025-06-24,NKY,GJR-skewt,GJR-skewt-AR1-expanding-refit21,1,0.009317308648,8.681224045e-05,-0.02446174292,-0.0194100178,-0.01558646056,,,0.003898283488,8.140619596e-05,True,
2025-06-26,2025-06-25,NKY,GJR-skewt,GJR-skewt-AR1-expanding-refit21,1,0.009066693452,8.220493016e-05,-0.02366651203,-0.01875066725,-0.01502995532,,,0.0163644358,6.360953127e-05,True,
2025-06-27,2025-06-26,NKY,GJR-skewt,GJR-skewt-AR1-expanding-refit21,1,0.009182153008,8.431193386e-05,-0.02420537988,-0.01922693441,-0.01545884118,,,0.01420249201,6.621155679e-05,True,
2025-06-30,2025-06-27,NKY,GJR-skewt,GJR-skewt-AR1-expanding-refit21,1,0.009204024568,8.471406825e-05,-0.02422122703,-0.01923092309,-0.01545385439,,,0.008348489918,0.0001244227459,True,
2025-07-01,2025-06-30,NKY,GJR-skewt,GJR-skewt-AR1-expanding-refit21,1,0.009041514919,8.174899202e-05,-0.02368565896,-0.01878346566,-0.01507308628,,,-0.01245298423,7.100895703e-05,True,
2025-07-02,2025-07-01,NKY,GJR-skewt,GJR-skewt-AR1-expanding-refit21,1,0.01012431276,0.0001025017089,-0.02611403032,-0.02062475793,-0.01647002926,,,-0.005613832779,0.0001027508792,True,
2025-07-03,2025-07-02,NKY,GJR-skewt,GJR-skewt-AR1-expanding-refit21,1,0.01006810318,0.0001013667017,-0.02609776127,-0.02063896499,-0.01650730312,,,0.000588773046,5.940447148e-05,True,
2025-07-04,2025-07-03,NKY,GJR-skewt,GJR-skewt-AR1-expanding-refit21,1,0.00972685236,9.461165683e-05,-0.02532571264,-0.02005193818,-0.0160603159,,,0.0006276754324,6.339552099e-05,True,
2025-07-07,2025-07-04,NKY,GJR-skewt,GJR-skewt-AR1-expanding-refit21,1,0.009416623991,8.867280739e-05,-0.02451709852,-0.0194115259,-0.01554721247,,,-0.005622263474,6.74379228e-05,True,
2025-07-08,2025-07-07,NKY,GJR-skewt,GJR-skewt-AR1-expanding-refit21,1,0.009420243293,8.874098369e-05,-0.02440739694,-0.01929986198,-0.01543406329,,,0.002551297542,7.877779478e-05,True,
2025-07-09,2025-07-08,NKY,GJR-skewt,GJR-skewt-AR1-expanding-refit21,1,0.009143278817,8.359954753e-05,-0.02382342676,-0.01887269928,-0.01512381377,,,0.003332225705,6.25037104e-05,True,
2025-07-10,2025-07-09,NKY,GJR-skewt,GJR-skewt-AR1-expanding-refit21,1,0.008901774807,7.924159471e-05,-0.02320794923,-0.01838798671,-0.01473812158,,,-0.004402349211,6.651557459e-05,True,
2025-07-11,2025-07-10,NKY,GJR-skewt,GJR-skewt-AR1-expanding-refit21,1,0.008850807062,7.833678565e-05,-0.02293297758,-0.0181406121,-0.01451164453,,,-0.001935964354,0.0002338114763,True,
2025-07-14,2025-07-11,NKY,GJR-skewt,GJR-skewt-AR1-expanding-refit21,1,0.008663608038,7.505810423e-05,-0.02249007735,-0.01779907281,-0.01424685973,,,-0.00278526243,5.702103542e-05,True,
2025-07-15,2025-07-14,NKY,GJR-skewt,GJR-skewt-AR1-expanding-refit21,1,0.008534127736,7.283133621e-05,-0.02213680664,-0.01751591062,-0.01401678646,,,0.005519471967,0.0001416180169,True,
2025-07-16,2025-07-15,NKY,GJR-skewt,GJR-skewt-AR1-expanding-refit21,1,0.00837936266,7.021371858e-05,-0.02188571774,-0.01734862095,-0.01391295286,,,-0.0003685613527,0.0001286616113,True,
2025-07-17,2025-07-16,NKY,GJR-skewt,GJR-skewt-AR1-expanding-refit21,1,0.008198483463,6.721513109e-05,-0.02130586253,-0.01686670474,-0.01350519991,,,0.00597737457,9.512576012e-05,True,
2025-07-18,2025-07-17,NKY,GJR-skewt,GJR-skewt-AR1-expanding-refit21,1,0.008087753981,6.541176445e-05,-0.02113363924,-0.01675443713,-0.0134383331,,,-0.002059251112,6.329623321e-05,True,
2025-07-22,2025-07-18,NKY,GJR-skewt,GJR-skewt-AR1-expanding-refit21,1,0.007977566129,6.364156134e-05,-0.02069867962,-0.01637913992,-0.01310821461,,,-0.001110322064,0.000198342729,True,
2025-07-23,2025-07-22,NKY,GJR-skewt,GJR-skewt-AR1-expanding-refit21,1,0.007852258002,6.165795572e-05,-0.02038931563,-0.01613762538,-0.01291807834,,,0.0345052948,0.0002451013783,True,
2025-07-24,2025-07-23,NKY,GJR-skewt,GJR-skewt-AR1-expanding-refit21,1,0.009416976336,8.867944331e-05,-0.02512406869,-0.02002514472,-0.016164039,,,0.01578437581,0.0001746886811,True,
2025-07-25,2025-07-24,NKY,GJR-skewt,GJR-skewt-AR1-expanding-refit21,1,0.009486264572,8.998921553e-05,-0.02496093923,-0.01982449839,-0.01593498342,,,-0.008888097596,6.404055458e-05,True,
2025-07-28,2025-07-25,NKY,GJR-skewt,GJR-skewt-AR1-expanding-refit21,1,0.009846175013,9.694716239e-05,-0.02544641971,-0.02011510146,-0.01607801765,,,-0.01110832396,0.0001442733783,True,
2025-07-29,2025-07-28,NKY,GJR-skewt,GJR-skewt-AR1-expanding-refit21,1,0.01057661741,0.0001118648357,-0.02731056901,-0.0215837448,-0.01724716834,,,-0.007927250314,5.980029818e-05,True,
2025-07-30,2025-07-29,NKY,GJR-skewt,GJR-skewt-AR1-expanding-refit21,1,0.01071902716,0.0001148975432,-0.0277403837,-0.0219364502,-0.01754148353,,,-0.0004881776334,5.937157333e-05,True,
2025-07-31,2025-07-30,NKY,GJR-skewt,GJR-skewt-AR1-expanding-refit21,1,0.01032421202,0.0001065893537,-0.0268473679,-0.02125721134,-0.01702412498,,,0.01015912147,7.196210269e-05,True,
2025-08-01,2025-07-31,NKY,GJR-skewt,GJR-skewt-AR1-expanding-refit21,1,0.01008406524,0.0001016883718,-0.02641663482,-0.02095650832,-0.01682188585,,,-0.00660123707,0.0001031936285,True,
2025-08-04,2025-08-01,NKY,GJR-skewt,GJR-skewt-AR1-expanding-refit21,1,0.0100895675,0.0001017993723,-0.02612316493,-0.02066005918,-0.0165231807,,,-0.01255166194,0.0001427482199,True,
2025-08-05,2025-08-04,NKY,GJR-skewt,GJR-skewt-AR1-expanding-refit21,1,0.01103103165,0.0001216836592,-0.02846913085,-0.02249625912,-0.0179733658,,,0.006403759565,6.625273128e-05,True,
2025-08-06,2025-08-05,NKY,GJR-skewt,GJR-skewt-AR1-expanding-refit21,1,0.0106485378,0.0001133913574,-0.02781975608,-0.0220539898,-0.01768792486,,,0.006031664588,7.47149684e-05,True,
2025-08-07,2025-08-06,NKY,GJR-skewt,GJR-skewt-AR1-expanding-refit21,1,0.01029994432,0.0001060888531,-0.02690382286,-0.0213268063,-0.01710367007,,,0.006457594086,7.930425988e-05,True,
2025-08-08,2025-08-07,NKY,GJR-skewt,GJR-skewt-AR1-expanding-refit21,1,0.009998290236,9.996580764e-05,-0.02611907346,-0.02069252467,-0.01658909641,,,0.01837251096,0.0001364937753,True,
2025-08-12,2025-08-08,NKY,GJR-skewt,GJR-skewt-AR1-expanding-refit21,1,0.01008693911,0.0001017463406,-0.02656005417,-0.0210853914,-0.01694558049,,,0.02123821773,0.0002728084625,True,
2025-08-13,2025-08-12,NKY,GJR-skewt,GJR-skewt-AR1-expanding-refit21,1,0.01031212811,0.0001063399861,-0.02719782472,-0.02160094114,-0.01736870975,,,0.01294311816,9.773688673e-05,True,
2025-08-14,2025-08-13,NKY,GJR-skewt,GJR-skewt-AR1-expanding-refit21,1,0.01016448248,0.0001033167042,-0.0266667051,-0.02114995584,-0.01697832013,,,-0.01455755524,0.0001036932541,True,
2025-08-15,2025-08-14,NKY,GJR-skewt,GJR-skewt-AR1-expanding-refit21,1,0.01142061023,0.0001304303381,-0.02945863953,-0.02326012985,-0.01857296298,,,0.0169495505,0.0001290080786,True,
2025-08-18,2025-08-15,NKY,GJR-skewt,GJR-skewt-AR1-expanding-refit21,1,0.01126926182,0.000126996262,-0.0296186238,-0.02350225812,-0.01887720661,,,0.007715962108,0.0001500388229,True,
2025-08-19,2025-08-18,NKY,GJR-skewt,GJR-skewt-AR1-expanding-refit21,1,0.01089570586,0.0001187164063,-0.02848178306,-0.02256816401,-0.01809642472,,,-0.003850987552,0.0001170897898,True,
2025-08-20,2025-08-19,NKY,GJR-skewt,GJR-skewt-AR1-expanding-refit21,1,0.01059404211,0.0001122337282,-0.02749136342,-0.02174147167,-0.01739353911,,,-0.01521957992,0.0001099650391,True,
2025-08-21,2025-08-20,NKY,GJR-skewt,GJR-skewt-AR1-expanding-refit21,1,0.01195663243,0.000142961059,-0.0308449863,-0.02435555183,-0.01944839449,,,-0.006511907431,5.779011669e-05,True,
2025-08-22,2025-08-21,NKY,GJR-skewt,GJR-skewt-AR1-expanding-refit21,1,0.01178652903,0.0001389222666,-0.03055464676,-0.0241575355,-0.0193201908,,,0.00054238015,0.0001878720479,True,
2025-08-25,2025-08-22,NKY,GJR-skewt,GJR-skewt-AR1-expanding-refit21,1,0.01129842738,0.0001276544614,-0.02940582456,-0.02327362935,-0.01863660791,,,0.004085421972,0.0001190758477,True,
2025-08-26,2025-08-25,NKY,GJR-skewt,GJR-skewt-AR1-expanding-refit21,1,0.01086915215,0.0001181384684,-0.02834860856,-0.02244940148,-0.01798856018,,,-0.009704562174,0.0001291427359,True,
2025-08-27,2025-08-26,NKY,GJR-skewt,GJR-skewt-AR1-expanding-refit21,1,0.01117370588,0.0001248517031,-0.02890012915,-0.02283562624,-0.01824979212,,,0.002964651107,7.05721192e-05,True,
2025-08-28,2025-08-27,NKY,GJR-skewt,GJR-skewt-AR1-expanding-refit21,1,0.01074506245,0.0001154563671,-0.02800523714,-0.02217337946,-0.01776346618,,,0.007229625702,0.0002184490149,True,
2025-08-29,2025-08-28,NKY,GJR-skewt,GJR-skewt-AR1-expanding-refit21,1,0.010406296,0.0001082909964,-0.02719678801,-0.02154879503,-0.0172779159,,,-0.002579167912,8.504639065e-05,True,
2025-09-01,2025-08-29,NKY,GJR-skewt,GJR-skewt-AR1-expanding-refit21,1,0.01008721689,0.0001017519446,-0.02619190153,-0.020717088,-0.01657716309,,,-0.01247682648,0.0001544725583,True,
2025-09-02,2025-09-01,NKY,GJR-skewt,GJR-skewt-AR1-expanding-refit21,1,0.01100141033,0.0001210310292,-0.02840195543,-0.02243096553,-0.01791584375,,,0.002880481537,0.0001376063361,True,
2025-09-03,2025-09-02,NKY,GJR-skewt,GJR-skewt-AR1-expanding-refit21,1,0.01058668578,0.0001120779158,-0.02759069218,-0.02184479306,-0.01749987963,,,-0.008821431673,0.0001314326628,True,
2025-09-04,2025-09-03,NKY,GJR-skewt,GJR-skewt-AR1-expanding-refit21,1,0.01081165214,0.000116891822,-0.02797140327,-0.02210340418,-0.01766616163,,,0.01517741589,0.0001024006887,True,
2025-09-05,2025-09-04,NKY,GJR-skewt,GJR-skewt-AR1-expanding-refit21,1,0.01066700565,0.0001137850096,-0.02801667579,-0.02222718325,-0.0178493055,,,0.01024507775,0.000153747631,True,
2025-09-08,2025-09-05,NKY,GJR-skewt,GJR-skewt-AR1-expanding-refit21,1,0.01040323476,0.0001082272935,-0.02724189429,-0.02159556279,-0.01732594004,,,0.01442536291,0.0001603779773,True,
2025-09-09,2025-09-08,NKY,GJR-skewt,GJR-skewt-AR1-expanding-refit21,1,0.01029983536,0.0001060866085,-0.02700518547,-0.02143044497,-0.01721099195,,,-0.004236813868,0.0001048027715,True,
2025-09-10,2025-09-09,NKY,GJR-skewt,GJR-skewt-AR1-expanding-refit21,1,0.01007344365,0.000101474267,-0.0261003703,-0.02064816332,-0.01652145442,,,0.008668920099,6.810314716e-05,True,
2025-09-11,2025-09-10,NKY,GJR-skewt,GJR-skewt-AR1-expanding-refit21,1,0.009824585878,9.652248767e-05,-0.02566959367,-0.02035207986,-0.01632731857,,,0.01212637188,0.0001387863354,True,
2025-09-12,2025-09-11,NKY,GJR-skewt,GJR-skewt-AR1-expanding-refit21,1,0.009699961802,9.408925896e-05,-0.02540316089,-0.02015309931,-0.0161793918,,,0.008876395133,9.970381056e-05,True,
2025-09-16,2025-09-12,NKY,GJR-skewt,GJR-skewt-AR1-expanding-refit21,1,0.00949965394,9.024342499e-05,-0.02482633886,-0.01968469304,-0.01579304408,,,0.002992036483,0.0001564465032,True,
2025-09-17,2025-09-16,NKY,GJR-skewt,GJR-skewt-AR1-expanding-refit21,1,0.009222504523,8.505458968e-05,-0.02400482709,-0.01901318716,-0.01523507584,,,-0.002494979912,8.674736904e-05,True,
2025-09-18,2025-09-17,NKY,GJR-skewt,GJR-skewt-AR1-expanding-refit21,1,0.009016827831,8.130318414e-05,-0.02337627297,-0.01849595464,-0.01480210129,,,0.01138938033,0.0001418430741,True,
2025-09-19,2025-09-18,NKY,GJR-skewt,GJR-skewt-AR1-expanding-refit21,1,0.00895326795,8.016100698e-05,-0.02344488311,-0.01859896629,-0.01493115101,,,-0.005702799561,0.0005797845243,True,
2025-09-22,2025-09-19,NKY,GJR-skewt,GJR-skewt-AR1-expanding-refit21,1,0.009005083088,8.109152143e-05,-0.02329154751,-0.01841758597,-0.01472854399,,,0.009893038447,0.000134567995,True,
2025-09-24,2025-09-22,NKY,GJR-skewt,GJR-skewt-AR1-expanding-refit21,1,0.008896857669,7.915407639e-05,-0.0232726361,-0.0184572511,-0.01481254497,,,0.002999178686,9.734647525e-05,True,
2025-09-25,2025-09-24,NKY,GJR-skewt,GJR-skewt-AR1-expanding-refit21,1,0.008678063182,7.530878059e-05,-0.02258616278,-0.01788919933,-0.01433412504,,,0.002727380912,8.713711698e-05,True,
2025-09-26,2025-09-25,NKY,GJR-skewt,GJR-skewt-AR1-expanding-refit21,1,0.008477700648,7.187140828e-05,-0.0220594433,-0.01747092519,-0.01399793184,,,-0.008779373043,0.0001332551404,True,
2025-09-29,2025-09-26,NKY,GJR-skewt,GJR-skewt-AR1-expanding-refit21,1,0.009024178735,8.143580183e-05,-0.0232894047,-0.01840510773,-0.01470824299,,,-0.00688592597,0.0001113997943,True,
2025-09-30,2025-09-29,NKY,GJR-skewt,GJR-skewt-AR1-expanding-refit21,1,0.009240912661,8.539446681e-05,-0.02388614608,-0.01888454283,-0.01509889039,,,-0.002470007081,9.831512427e-05,True,
2025-10-01,2025-09-30,NKY,GJR-skewt,GJR-skewt-AR1-expanding-refit21,1,0.009040071066,8.172288487e-05,-0.0234372649,-0.01854436628,-0.01484099105,,,-0.008532964173,0.000186406464,True,
2025-10-02,2025-10-01,NKY,GJR-skewt,GJR-skewt-AR1-expanding-refit21,1,0.009467902838,8.964118415e-05,-0.02444988299,-0.0193254223,-0.01544678057,,,0.008624242447,0.0001331394866,True,
2025-10-03,2025-10-02,NKY,GJR-skewt,GJR-skewt-AR1-expanding-refit21,1,0.009277339231,8.60690232e-05,-0.02424274463,-0.01922142565,-0.01542085063,,,0.01836241954,0.0001500368989,True,
2025-10-06,2025-10-03,NKY,GJR-skewt,GJR-skewt-AR1-expanding-refit21,1,0.009471831847,8.971559854e-05,-0.0249138752,-0.01978728796,-0.01590703666,,,0.04643162031,0.000433413705,True,
2025-10-07,2025-10-06,NKY,GJR-skewt,GJR-skewt-AR1-expanding-refit21,1,0.01180180852,0.0001392826844,-0.03145922586,-0.02507154901,-0.02023679438,,,0.0001275801479,0.0001672043322,True,
2025-10-08,2025-10-07,NKY,GJR-skewt,GJR-skewt-AR1-expanding-refit21,1,0.01131149577,0.0001279499365,-0.02940029934,-0.02327800211,-0.01864411008,,,-0.004512494952,0.0001039455992,True,
2025-10-09,2025-10-08,NKY,GJR-skewt,GJR-skewt-AR1-expanding-refit21,1,0.01101963752,0.0001214324111,-0.02856144952,-0.02259711927,-0.01808279053,,,0.01755637385,0.0001444844569,True,
2025-10-10,2025-10-09,NKY,GJR-skewt,GJR-skewt-AR1-expanding-refit21,1,0.01096625602,0.0001202587711,-0.02877234159,-0.02282349088,-0.01832750998,,,-0.0101716918,0.0001327985898,True,
2025-10-14,2025-10-10,NKY,GJR-skewt,GJR-skewt-AR1-expanding-refit21,1,0.01129652386,0.0001276114513,-0.02917227017,-0.02304425948,-0.01841287432,,,-0.02615550816,0.0006276200205,True,
2025-10-15,2025-10-14,NKY,GJR-skewt,GJR-skewt-AR1-expanding-refit21,1,0.01525552812,0.0002327311381,-0.03922290555,-0.03094725895,-0.02469274849,,,0.01746450733,0.0001495791584,True,
2025-10-16,2025-10-15,NKY,GJR-skewt,GJR-skewt-AR1-expanding-refit21,1,0.01474139599,0.0002173087558,-0.03860789735,-0.03061115134,-0.02456742642,,,0.01261223208,0.0001192982843,True,
2025-10-17,2025-10-16,NKY,GJR-skewt,GJR-skewt-AR1-expanding-refit21,1,0.01416499087,0.0002006469664,-0.03702531342,-0.02934124915,-0.02353384066,,,-0.01451289111,0.0002110053001,True,
2025-10-20,2025-10-17,NKY,GJR-skewt,GJR-skewt-AR1-expanding-refit21,1,0.01469777299,0.0002160245308,-0.0379629613,-0.02998987941,-0.02396403919,,,0.03314120649,0.0001334843881,True,
2025-10-21,2025-10-20,NKY,GJR-skewt,GJR-skewt-AR1-expanding-refit21,1,0.01492050472,0.0002226214611,-0.03933505958,-0.03124115268,-0.0251239962,,,0.002650895444,0.0002522872723,True,
2025-10-22,2025-10-21,NKY,GJR-skewt,GJR-skewt-AR1-expanding-refit21,1,0.01419173188,0.0002014052537,-0.03692949848,-0.02923092805,-0.02341255619,,,-0.0001676983857,0.0002467976016,True,
2025-10-23,2025-10-22,NKY,GJR-skewt,GJR-skewt-AR1-expanding-refit21,1,0.01351017988,0.0001825249605,-0.0351067149,-0.02777786509,-0.02223891812,,,-0.01360273698,0.0001075589856,True,
2025-10-24,2025-10-23,NKY,GJR-skewt,GJR-skewt-AR1-expanding-refit21,1,0.01403094935,0.0001968675396,-0.03624050476,-0.02862915381,-0.0228767001,,,0.0134376253,0.0001246196463,True,
2025-10-27,2025-10-24,NKY,GJR-skewt,GJR-skewt-AR1-expanding-refit21,1,0.01352358547,0.0001828873639,-0.03536768231,-0.02803156039,-0.02248711736,,,0.02430032307,0.0001593063046,True,
2025-10-28,2025-10-27,NKY,GJR-skewt,GJR-skewt-AR1-expanding-refit21,1,0.01346697735,0.0001813594789,-0.03540064594,-0.02809523216,-0.0225739975,,,-0.005820253794,0.0001209943814,True,
2025-10-29,2025-10-28,NKY,GJR-skewt,GJR-skewt-AR1-expanding-refit21,1,0.01303491405,0.0001699089842,-0.03377437928,-0.02670334632,-0.02135925036,,,0.02144281419,0.0001727305453,True,
2025-10-30,2025-10-29,NKY,GJR-skewt,GJR-skewt-AR1-expanding-refit21,1,0.01289490199,0.0001662784974,-0.03386248491,-0.02686740411,-0.02158071074,,,0.0003500023397,0.0004169855732,True,
2025-10-31,2025-10-30,NKY,GJR-skewt,GJR-skewt-AR1-expanding-refit21,1,0.01231499238,0.0001516590373,-0.03200095253,-0.02532045454,-0.02027151439,,,0.02093314127,0.0002748555696,True,
2025-11-04,2025-10-31,NKY,GJR-skewt,GJR-skewt-AR1-expanding-refit21,1,0.01223957905,0.0001498072952,-0.03214640764,-0.02550681903,-0.02048879707,,,-0.01759555496,0.0002046394304,True,
2025-11-05,2025-11-04,NKY,GJR-skewt,GJR-skewt-AR1-expanding-refit21,1,0.01366585783,0.0001867556702,-0.03522283068,-0.02780953047,-0.02220675815,,,-0.02526801233,0.001276444123,True,
2025-11-06,2025-11-05,NKY,GJR-skewt,GJR-skewt-AR1-expanding-refit21,1,0.01667765383,0.0002781441373,-0.04294335843,-0.03389625314,-0.02705869501,,,0.01328282759,0.0003760304397,True,
2025-11-07,2025-11-06,NKY,GJR-skewt,GJR-skewt-AR1-expanding-refit21,1,0.01593989937,0.0002540803918,-0.04166142753,-0.03301453094,-0.02647943976,,,-0.01200703028,0.0003005442354,True,
2025-11-10,2025-11-07,NKY,GJR-skewt,GJR-skewt-AR1-expanding-refit21,1,0.01587687482,0.000252075154,-0.04107704114,-0.0324643334,-0.02595508123,,,0.01255876482,0.0001165997063,True,
2025-11-11,2025-11-10,NKY,GJR-skewt,GJR-skewt-AR1-expanding-refit21,1,0.01519384597,0.0002308529555,-0.03970536731,-0.03146318134,-0.02523395953,,,-0.001352901562,0.0002272201549,True,
2025-11-12,2025-11-11,NKY,GJR-skewt,GJR-skewt-AR1-expanding-refit21,1,0.01447466582,0.0002095159507,-0.03757943656,-0.02974268556,-0.02381513855,,,0.004325137445,0.000188344473,True,
2025-11-13,2025-11-12,NKY,GJR-skewt,GJR-skewt-AR1-expanding-refit21,1,0.01378151522,0.0001899301618,-0.03587471495,-0.02841324368,-0.02276955005,,,0.004270253948,0.0001427107671,True,
2025-11-14,2025-11-13,NKY,GJR-skewt,GJR-skewt-AR1-expanding-refit21,1,0.01314337304,0.000172748255,-0.03421162656,-0.02709565282,-0.02171328597,,,-0.01781104492,0.0001811259343,True,
2025-11-17,2025-11-14,NKY,GJR-skewt,GJR-skewt-AR1-expanding-refit21,1,0.01448397159,0.000209785433,-0.03731187771,-0.02947008845,-0.02353873063,,,-0.001045101572,0.0002289793711,True,
2025-11-18,2025-11-17,NKY,GJR-skewt,GJR-skewt-AR1-expanding-refit21,1,0.01378552833,0.0001900407913,-0.03578995519,-0.02832631118,-0.02268097413,,,-0.03274008642,0.0004236725723,True,
2025-11-19,2025-11-18,NKY,GJR-skewt,GJR-skewt-AR1-expanding-refit21,1,0.01873339686,0.0003509401579,-0.04811531235,-0.03797283525,-0.03030128747,,,-0.003399429327,0.0003895521798,True,
2025-11-20,2025-11-19,NKY,GJR-skewt,GJR-skewt-AR1-expanding-refit21,1,0.01778607875,0.0003163445974,-0.04616811146,-0.03653852332,-0.02925491352,,,0.02615482021,0.0003394415332,True,
2025-11-21,2025-11-20,NKY,GJR-skewt,GJR-skewt-AR1-expanding-refit21,1,0.01736375578,0.0003015000147,-0.04559210822,-0.0361911706,-0.02908050706,,,-0.02433974267,0.0002690653508,True,
2025-11-25,2025-11-21,NKY,GJR-skewt,GJR-skewt-AR1-expanding-refit21,1,0.01911209164,0.0003652720467,-0.04925060182,-0.038903095,-0.03107646723,,,0.0006915862376,0.0001672438658,True,
2025-11-26,2025-11-25,NKY,GJR-skewt,GJR-skewt-AR1-expanding-refit21,1,0.01806033025,0.0003261755286,-0.04695496349,-0.03717689242,-0.02978097339,,,0.01831783442,0.0001173250553,True,
2025-11-27,2025-11-26,NKY,GJR-skewt,GJR-skewt-AR1-expanding-refit21,1,0.01734486012,0.0003008441727,-0.04540394543,-0.03601323813,-0.02891031258,,,0.01219416675,8.762222166e-05,True,
2025-11-28,2025-11-27,NKY,GJR-skewt,GJR-skewt-AR1-expanding-refit21,1,0.01654665826,0.0002737918995,-0.04321636572,-0.03425781412,-0.02748176168,,,0.001728893588,,True,
2025-12-01,2025-11-28,NKY,GJR-skewt,GJR-skewt-AR1-expanding-refit21,1,0.01568330307,0.0002459659952,-0.04078211156,-0.03229099041,-0.02586849215,,,-0.01909772241,,True,
2025-12-02,2025-12-01,NKY,GJR-skewt,GJR-skewt-AR1-expanding-refit21,1,0.0167990051,0.0002822065723,-0.0433188387,-0.03422366361,-0.02734427215,,,3.406866838e-06,0.0001334328612,True,
2025-12-03,2025-12-02,NKY,GJR-skewt,GJR-skewt-AR1-expanding-refit21,1,0.01591512048,0.0002532910598,-0.04135531464,-0.03273868488,-0.02622125464,,,0.01131888779,0.0001184732826,True,
2025-12-04,2025-12-03,NKY,GJR-skewt,GJR-skewt-AR1-expanding-refit21,1,0.01520798332,0.0002312827568,-0.0397141132,-0.03148033564,-0.02525248644,,,0.02306983897,0.0001420346648,True,
2025-12-05,2025-12-04,NKY,GJR-skewt,GJR-skewt-AR1-expanding-refit21,1,0.01493580999,0.0002230784202,-0.03921354621,-0.03112712644,-0.02501073543,,,-0.01057041445,0.0001263280721,True,
2025-12-08,2025-12-05,NKY,GJR-skewt,GJR-skewt-AR1-expanding-refit21,1,0.01479080649,0.0002187679566,-0.03823943849,-0.03023152529,-0.02417451494,,,0.001782268653,5.936002385e-05,True,
2025-12-09,2025-12-08,NKY,GJR-skewt,GJR-skewt-AR1-expanding-refit21,1,0.0140582502,0.0001976343986,-0.03655041917,-0.02893912039,-0.02318210051,,,0.001445323976,7.615308567e-05,True,
2025-12-10,2025-12-09,NKY,GJR-skewt,GJR-skewt-AR1-expanding-refit21,1,0.01338186179,0.0001790742249,-0.03478271319,-0.0275376189,-0.02205758808,,,-0.001033021294,0.0001432232992,True,
2025-12-11,2025-12-10,NKY,GJR-skewt,GJR-skewt-AR1-expanding-refit21,1,0.01276450749,0.0001629326514,-0.03313080215,-0.0262199506,-0.02099273367,,,-0.009011935244,0.0002907507577,True,
2025-12-12,2025-12-11,NKY,GJR-skewt,GJR-skewt-AR1-expanding-refit21,1,0.01273770477,0.0001622491229,-0.03292454953,-0.02602770649,-0.02081075486,,,0.01362060851,0.0001496583441,True,
2025-12-15,2025-12-12,NKY,GJR-skewt,GJR-skewt-AR1-expanding-refit21,1,0.01236029919,0.0001527769959,-0.0323468415,-0.0256543451,-0.02059196658,,,-0.0132360459,9.852023801e-05,True,
2025-12-16,2025-12-15,NKY,GJR-skewt,GJR-skewt-AR1-expanding-refit21,1,0.01296102129,0.0001679880728,-0.03343060647,-0.02641284848,-0.02110443363,,,-0.01576746469,0.0002012233203,True,
2025-12-17,2025-12-16,NKY,GJR-skewt,GJR-skewt-AR1-expanding-refit21,1,0.01399597147,0.0001958872174,-0.03608122041,-0.0285030876,-0.02277079065,,,0.002608656035,0.0001599599392,True,
2025-12-18,2025-12-17,NKY,GJR-skewt,GJR-skewt-AR1-expanding-refit21,1,0.01332755583,0.0001776237443,-0.03466921339,-0.0274529949,-0.02199445937,,,-0.01036983498,0.0002054425231,True,
2025-12-19,2025-12-18,NKY,GJR-skewt,GJR-skewt-AR1-expanding-refit21,1,0.01339465892,0.0001794168877,-0.03461153629,-0.02735898476,-0.02187296597,,,0.01026742463,0.0001328588719,True,
2025-12-22,2025-12-19,NKY,GJR-skewt,GJR-skewt-AR1-expanding-refit21,1,0.01287324883,0.0001657205354,-0.03362296853,-0.02665273502,-0.02138026893,,,0.01792027237,6.675809539e-05,True,
2025-12-23,2025-12-22,NKY,GJR-skewt,GJR-skewt-AR1-expanding-refit21,1,0.01263925281,0.0001597507117,-0.03315050906,-0.02630697293,-0.02113034403,,,0.0002079143546,6.4585807e-05,True,
2025-12-24,2025-12-23,NKY,GJR-skewt,GJR-skewt-AR1-expanding-refit21,1,0.01207379411,0.0001457765041,-0.03136026748,-0.02482289953,-0.01987786422,,,-0.0013650577,4.542637917e-05,True,
2025-12-25,2025-12-24,NKY,GJR-skewt,GJR-skewt-AR1-expanding-refit21,1,0.01156964118,0.0001338565971,-0.03001881624,-0.0237544224,-0.01901587181,,,0.001264244434,,True,
2025-12-26,2025-12-25,NKY,GJR-skewt,GJR-skewt-AR1-expanding-refit21,1,0.01109408327,0.0001230786836,-0.02882712509,-0.02282022256,-0.0182764451,,,0.00677360686,,True,
2025-12-29,2025-12-26,NKY,GJR-skewt,GJR-skewt-AR1-expanding-refit21,1,0.01071416673,0.0001147933687,-0.02793616019,-0.02213496386,-0.01774678792,,,-0.004413014073,9.862112919e-05,True,
2025-12-30,2025-12-29,NKY,GJR-skewt,GJR-skewt-AR1-expanding-refit21,1,0.0104639613,0.0001094944861,-0.02708401783,-0.02141829548,-0.01713259558,,,-0.003716631532,8.023097942e-05,True,
2026-01-05,2025-12-30,NKY,GJR-skewt,GJR-skewt-AR1-expanding-refit21,1,0.01020608733,0.0001041642187,-0.02642475184,-0.0208986556,-0.01671857254,,,0.02923349932,0.0001274273624,True,
2026-01-06,2026-01-05,NKY,GJR-skewt,GJR-skewt-AR1-expanding-refit21,1,0.01094327016,0.0001197551619,-0.02893526419,-0.02301001957,-0.01852801028,,,0.01313428691,0.0001129247225,True,
2026-01-07,2026-01-06,NKY,GJR-skewt,GJR-skewt-AR1-expanding-refit21,1,0.01075280991,0.0001156229209,-0.02815075699,-0.02232863726,-0.01792463433,,,-0.01064514911,9.911952207e-05,True,
2026-01-08,2026-01-07,NKY,GJR-skewt,GJR-skewt-AR1-expanding-refit21,1,0.01119362477,0.0001252972354,-0.02887309729,-0.02281229792,-0.01822775149,,,-0.01639006345,0.0001427409272,True,
2026-01-09,2026-01-08,NKY,GJR-skewt,GJR-skewt-AR1-expanding-refit21,1,0.01270987073,0.0001615408139,-0.03271988475,-0.02583811248,-0.02063256077,,,0.01596485743,0.0001155002384,True,
2026-01-13,2026-01-09,NKY,GJR-skewt,GJR-skewt-AR1-expanding-refit21,1,0.01240485042,0.0001538803139,-0.03250488465,-0.02578826593,-0.02070764067,,,0.03051301314,0.0001614336521,True,
2026-01-14,2026-01-13,NKY,GJR-skewt,GJR-skewt-AR1-expanding-refit21,1,0.012884923,0.0001660212408,-0.03401602439,-0.02703946989,-0.02176222243,,,0.01468313417,0.0002163771777,True,
2026-01-15,2026-01-14,NKY,GJR-skewt,GJR-skewt-AR1-expanding-refit21,1,0.01254780886,0.0001574475073,-0.03285432064,-0.02606029692,-0.02092112051,,,-0.004254995602,0.0001834839042,True,
2026-01-16,2026-01-15,NKY,GJR-skewt,GJR-skewt-AR1-expanding-refit21,1,0.01212146687,0.0001469299591,-0.0313727343,-0.02482019885,-0.019862642,,,-0.003226906822,9.432264735e-05,True,
2026-01-19,2026-01-16,NKY,GJR-skewt,GJR-skewt-AR1-expanding-refit21,1,0.01168035052,0.0001364305882,-0.03024232091,-0.02392824097,-0.01915109624,,,-0.006558848205,0.0001195580515,True,
2026-01-20,2026-01-19,NKY,GJR-skewt,GJR-skewt-AR1-expanding-refit21,1,0.01152211722,0.0001327591852,-0.02977315656,-0.02354461324,-0.01883218432,,,-0.01111849266,0.0001365185923,True,
2026-01-21,2026-01-20,NKY,GJR-skewt,GJR-skewt-AR1-expanding-refit21,1,0.01197135303,0.0001433132934,-0.03086394069,-0.0243925527,-0.01949639089,,,-0.004093220314,0.0001234661953,True,
2026-01-22,2026-01-21,NKY,GJR-skewt,GJR-skewt-AR1-expanding-refit21,1,0.01159843756,0.0001345237538,-0.03001421918,-0.02374441915,-0.01900077599,,,0.01717531748,9.604105709e-05,True,
2026-01-23,2026-01-22,NKY,GJR-skewt,GJR-skewt-AR1-expanding-refit21,1,0.01146721102,0.0001314969286,-0.03003860763,-0.02383974511,-0.01914977226,,,0.002938196208,0.000103235591,True,
2026-01-26,2026-01-23,NKY,GJR-skewt,GJR-skewt-AR1-expanding-refit21,1,0.01101077005,0.000121237057,-0.02860566408,-0.02265354114,-0.01815024801,,,-0.01801982573,0.0001392350544,True,
2026-01-27,2026-01-26,NKY,GJR-skewt,GJR-skewt-AR1-expanding-refit21,1,0.01288224451,0.0001659522236,-0.03311599521,-0.02615220405,-0.02088349688,,,0.008440911926,8.980615822e-05,True,
2026-01-28,2026-01-27,NKY,GJR-skewt,GJR-skewt-AR1-expanding-refit21,1,0.01236800935,0.0001529676552,-0.03223285372,-0.0255470441,-0.02048865389,,,0.0004718595862,0.0002608807235,True,
2026-01-29,2026-01-28,NKY,GJR-skewt,GJR-skewt-AR1-expanding-refit21,1,0.01182468277,0.0001398231225,-0.03068161612,-0.02428951409,-0.01945333893,,,0.0003164984108,0.0002110370389,True,
2026-01-30,2026-01-29,NKY,GJR-skewt,GJR-skewt-AR1-expanding-refit21,1,0.01132606582,0.000128279767,-0.02938118308,-0.02325861981,-0.01862637391,,,-0.0009887679297,0.0001831138232,True,
2026-02-02,2026-01-30,NKY,GJR-skewt,GJR-skewt-AR1-expanding-refit21,1,0.01087848167,0.0001183413635,-0.02819378946,-0.02231317802,-0.01786398949,,,-0.01260036058,0.0004735473531,True,
2026-02-03,2026-02-02,NKY,GJR-skewt,GJR-skewt-AR1-expanding-refit21,1,0.01166916226,0.0001361693477,-0.03005192672,-0.02374389485,-0.018971326,,,0.03847672415,0.0001493023816,True,
2026-02-04,2026-02-03,NKY,GJR-skewt,GJR-skewt-AR1-expanding-refit21,1,0.01283394709,0.0001647101979,-0.03396233793,-0.02702465504,-0.02177570103,,,-0.007839413135,0.0001155423284,True,
2026-02-05,2026-02-04,NKY,GJR-skewt,GJR-skewt-AR1-expanding-refit21,1,0.0126049239,0.0001588841065,-0.03256936584,-0.02575548666,-0.02060020081,,,-0.008793214953,0.0002066097706,True,
2026-02-06,2026-02-05,NKY,GJR-skewt,GJR-skewt-AR1-expanding-refit21,1,0.01258930568,0.0001584906175,-0.03251230544,-0.02570686904,-0.02055797087,,,0.008062109027,0.0002628164137,True,
2026-02-09,2026-02-06,NKY,GJR-skewt,GJR-skewt-AR1-expanding-refit21,1,0.01209642194,0.0001463234238,-0.03151947044,-0.0249804736,-0.02003315987,,,0.03815879883,0.0004731891578,True,
2026-02-10,2026-02-09,NKY,GJR-skewt,GJR-skewt-AR1-expanding-refit21,1,0.01317956624,0.0001737009663,-0.03485641755,-0.02773190235,-0.02234159361,,,0.0225699799,0.0002025318584,True,
2026-02-12,2026-02-10,NKY,GJR-skewt,GJR-skewt-AR1-expanding-refit21,1,0.0131366593,0.0001725718174,-0.03447653051,-0.02737520963,-0.0220024494,,,-0.0001856047336,0.0001442116281,True,
2026-02-13,2026-02-12,NKY,GJR-skewt,GJR-skewt-AR1-expanding-refit21,1,0.01253090461,0.0001570235704,-0.03250840147,-0.0257345351,-0.02060952238,,,-0.01218133538,0.0002031319336,True,
2026-02-16,2026-02-13,NKY,GJR-skewt,GJR-skewt-AR1-expanding-refit21,1,0.01297432167,0.0001683330229,-0.03345609996,-0.02644253439,-0.02113616859,,,-0.002383482832,0.0001179265949,True,
2026-02-17,2026-02-16,NKY,GJR-skewt,GJR-skewt-AR1-expanding-refit21,1,0.01244881521,0.0001549730001,-0.03222874128,-0.02549707182,-0.02040865124,,,-0.004232444287,0.0001612054679,True,
2026-02-18,2026-02-17,NKY,GJR-skewt,GJR-skewt-AR1-expanding-refit21,1,0.01203107128,0.0001447466761,-0.03111117628,-0.02460540094,-0.0196877321,,,0.0101548651,6.560364203e-05,True,
2026-02-19,2026-02-18,NKY,GJR-skewt,GJR-skewt-AR1-expanding-refit21,1,0.01163294584,0.000135325429,-0.03031788076,-0.02402739087,-0.01927245476,,,0.005653685157,7.412204151e-05,True,
2026-02-20,2026-02-19,NKY,GJR-skewt,GJR-skewt-AR1-expanding-refit21,1,0.01119032076,0.0001252232787,-0.02909097084,-0.02303982948,-0.01846581522,,,-0.0112366058,8.656466091e-05,True,
2026-02-24,2026-02-20,NKY,GJR-skewt,GJR-skewt-AR1-expanding-refit21,1,0.01167951015,0.0001364109573,-0.0300789774,-0.02376330796,-0.01898933881,,,0.00867994158,0.0001676755605,True,
2026-02-25,2026-02-24,NKY,GJR-skewt,GJR-skewt-AR1-expanding-refit21,1,0.01127862313,0.0001272073398,-0.02937155343,-0.02327266276,-0.01866255513,,,0.02177800305,0.000142598188,True,
2026-02-26,2026-02-25,NKY,GJR-skewt,GJR-skewt-AR1-expanding-refit21,1,0.01141309322,0.0001302586968,-0.02994170916,-0.02377010408,-0.01910503216,,,0.002902244954,0.0002013957425,True,
2026-02-27,2026-02-26,NKY,GJR-skewt,GJR-skewt-AR1-expanding-refit21,1,0.01096147552,0.0001201539456,-0.0284494962,-0.02252210241,-0.01804162803,,,0.001647549605,0.0001215467266,True,
2026-03-02,2026-02-27,NKY,GJR-skewt,GJR-skewt-AR1-expanding-refit21,1,0.01053947689,0.0001110805731,-0.02733086693,-0.02163166797,-0.01732368443,,,-0.01356702283,0.0003012463143,True,
2026-03-03,2026-03-02,NKY,GJR-skewt,GJR-skewt-AR1-expanding-refit21,1,0.01157074946,0.0001338822431,-0.02975689838,-0.02350004104,-0.01877052754,,,-0.03110702473,0.0004681542615,True,
2026-03-04,2026-03-03,NKY,GJR-skewt,GJR-skewt-AR1-expanding-refit21,1,0.01693365041,0.0002867485162,-0.04340928256,-0.03425244832,-0.02733086312,,,-0.03680160635,0.001738322825,True,
2026-03-05,2026-03-04,NKY,GJR-skewt,GJR-skewt-AR1-expanding-refit21,1,0.02211824668,0.0004892168362,-0.05679729188,-0.04483689861,-0.03579612327,,,0.01885529954,0.0008336444521,True,
2026-03-06,2026-03-05,NKY,GJR-skewt,GJR-skewt-AR1-expanding-refit21,1,0.02106979533,0.0004439362752,-0.05500720277,-0.04361375725,-0.03500153366,,,0.006181889027,0.0004523251275,True,
2026-03-09,2026-03-06,NKY,GJR-skewt,GJR-skewt-AR1-expanding-refit21,1,0.01990730676,0.0003963008623,-0.0517705732,-0.04100574083,-0.03286868139,,,-0.05339769336,0.001524969636,True,
2026-03-10,2026-03-09,NKY,GJR-skewt,GJR-skewt-AR1-expanding-refit21,1,0.02873184756,0.000825519064,-0.07371832109,-0.05818163768,-0.04643757033,,,0.02841307105,0.0008434340355,True,
2026-03-11,2026-03-10,NKY,GJR-skewt,GJR-skewt-AR1-expanding-refit21,1,0.02739860275,0.0007506834326,-0.07162770866,-0.05681197445,-0.04561286742,,,0.01422104543,0.0003453402234,True,
2026-03-12,2026-03-11,NKY,GJR-skewt,GJR-skewt-AR1-expanding-refit21,1,0.02588897183,0.0006702388626,-0.06746269081,-0.0534632862,-0.04288123685,,,-0.01045714445,0.0005466039489,True,
2026-03-13,2026-03-12,NKY,GJR-skewt,GJR-skewt-AR1-expanding-refit21,1,0.02472744871,0.0006114467197,-0.06402653895,-0.05065522541,-0.04054794559,,,-0.01169933959,0.0003056086368,True,
2026-03-16,2026-03-13,NKY,GJR-skewt,GJR-skewt-AR1-expanding-refit21,1,0.02379011522,0.0005659695821,-0.06156786222,-0.04870340971,-0.0389792625,,,-0.001272854271,0.0003407032279,True,
2026-03-17,2026-03-16,NKY,GJR-skewt,GJR-skewt-AR1-expanding-refit21,1,0.02242085966,0.000502694948,-0.05818224046,-0.04605820988,-0.03689374228,,,-0.0009447575013,0.0002166469516,True,
2026-03-18,2026-03-17,NKY,GJR-skewt,GJR-skewt-AR1-expanding-refit21,1,0.02114097247,0.0004469407169,-0.0548590938,-0.0434271594,-0.03478584234,,,0.02825616294,0.0001613861785,True,
2026-03-19,2026-03-18,NKY,GJR-skewt,GJR-skewt-AR1-expanding-refit21,1,0.02049363843,0.000419989216,-0.05371867043,-0.04261755007,-0.03422816121,,,-0.034380221,0.0001672736979,True,
2026-03-23,2026-03-19,NKY,GJR-skewt,GJR-skewt-AR1-expanding-refit21,1,0.02380028373,0.0005664535056,-0.0612736499,-0.04838136554,-0.03863835011,,,-0.0354137118,0.0006766549805,True,
2026-03-24,2026-03-23,NKY,GJR-skewt,GJR-skewt-AR1-expanding-refit21,1,0.02681903828,0.0007192608144,-0.06911441459,-0.05458691265,-0.04360812321,,,0.01420104442,0.0005623444075,True,
2026-03-25,2026-03-24,NKY,GJR-skewt,GJR-skewt-AR1-expanding-refit21,1,0.02532876519,0.0006415463461,-0.06606882112,-0.0523485795,-0.04197985647,,,0.02825306732,0.0002741835747,True,
2026-03-26,2026-03-25,NKY,GJR-skewt,GJR-skewt-AR1-expanding-refit21,1,0.02430342142,0.0005906562927,-0.06363587943,-0.05047105234,-0.04052206969,,,-0.002719483824,0.0002480036178,True,
2026-03-27,2026-03-26,NKY,GJR-skewt,GJR-skewt-AR1-expanding-refit21,1,0.02290428061,0.0005246060701,-0.05947329783,-0.04706636596,-0.03769014332,,,-0.004310816218,0.0002797588031,True,
2026-03-30,2026-03-27,NKY,GJR-skewt,GJR-skewt-AR1-expanding-refit21,1,0.02165784368,0.0004690621927,-0.05620195172,-0.04447019749,-0.03560422314,,,-0.02826017408,0.0008464309334,True,
2026-03-31,2026-03-30,NKY,GJR-skewt,GJR-skewt-AR1-expanding-refit21,1,0.02348594439,0.0005515895841,-0.06055823518,-0.04783622408,-0.03822188834,,,-0.01597190323,0.0009445299013,True,
2026-04-01,2026-03-31,NKY,GJR-skewt,GJR-skewt-AR1-expanding-refit21,1,0.02313009025,0.0005350010749,-0.0598384059,-0.04730915607,-0.03784049474,,,0.05107740266,0.0002107567197,True,
2026-04-02,2026-04-01,NKY,GJR-skewt,GJR-skewt-AR1-expanding-refit21,1,0.02336893324,0.0005461070408,-0.06158685703,-0.04892822926,-0.03936179385,,,-0.02403834606,0.000685995737,True,
2026-04-03,2026-04-02,NKY,GJR-skewt,GJR-skewt-AR1-expanding-refit21,1,0.02397548712,0.0005748239828,-0.06190351072,-0.0489163211,-0.03910158345,,,0.01250587419,,True,
2026-04-06,2026-04-03,NKY,GJR-skewt,GJR-skewt-AR1-expanding-refit21,1,0.02266694156,0.0005137902396,-0.05911133142,-0.04683296283,-0.0375538986,,,0.005447716195,,True,
2026-04-07,2026-04-06,NKY,GJR-skewt,GJR-skewt-AR1-expanding-refit21,1,0.02138036844,0.0004571201547,-0.05564364036,-0.04406219062,-0.03530980507,,,0.0002972373427,0.0001922367645,True,
2026-04-08,2026-04-07,NKY,GJR-skewt,GJR-skewt-AR1-expanding-refit21,1,0.02016331127,0.0004065591215,-0.05238896378,-0.04146677707,-0.03321261275,,,0.05247998883,0.0002519717809,True,
2026-04-09,2026-04-08,NKY,GJR-skewt,GJR-skewt-AR1-expanding-refit21,1,0.02093395782,0.0004382305898,-0.05527193248,-0.0439322972,-0.03536265676,,,-0.007363452029,0.0001582071419,True,
2026-04-10,2026-04-09,NKY,GJR-skewt,GJR-skewt-AR1-expanding-refit21,1,0.01992995702,0.0003972031868,-0.05165278573,-0.04085700379,-0.03269836666,,,0.01823830506,0.0001108937774,True,
2026-04-13,2026-04-10,NKY,GJR-skewt,GJR-skewt-AR1-expanding-refit21,1,0.01905226437,0.0003629887775,-0.04979828068,-0.0394779327,-0.03167859267,,,-0.007429311148,0.0001384094663,True,
2026-04-14,2026-04-13,NKY,GJR-skewt,GJR-skewt-AR1-expanding-refit21,1,0.0182394704,0.0003326782804,-0.04725116668,-0.03737109795,-0.02990448774,,,0.02403716298,0.000110800897,True,
2026-04-15,2026-04-14,NKY,GJR-skewt,GJR-skewt-AR1-expanding-refit21,1,0.01769486945,0.0003131084048,-0.04636228653,-0.03677722059,-0.02953355123,,,0.004427971266,0.0001316190992,True,
2026-04-16,2026-04-15,NKY,GJR-skewt,GJR-skewt-AR1-expanding-refit21,1,0.01675875411,0.0002808558394,-0.04359596189,-0.03451797668,-0.02765752066,,,0.02352970823,0.0001658769861,True,
2026-04-17,2026-04-16,NKY,GJR-skewt,GJR-skewt-AR1-expanding-refit21,1,0.01634772527,0.0002672481216,-0.04284700281,-0.03399166624,-0.02729947125,,,-0.0176698208,8.882741199e-05,True,
2026-04-20,2026-04-17,NKY,GJR-skewt,GJR-skewt-AR1-expanding-refit21,1,0.01706525369,0.0002912228835,-0.04398093581,-0.03474748485,-0.02776812992,,,0.005950398331,0.0001050404613,True,
2026-04-21,2026-04-20,NKY,GJR-skewt,GJR-skewt-AR1-expanding-refit21,1,0.01618633562,0.0002619974606,-0.04211037845,-0.03335248133,-0.0267325867,,,0.008873092601,0.0001103650062,True,
2026-04-22,2026-04-21,NKY,GJR-skewt,GJR-skewt-AR1-expanding-refit21,1,0.0154167696,0.0002376767848,-0.0401596856,-0.0318181755,-0.02551301831,,,0.003980119397,0.0001190901383,True,
2026-04-23,2026-04-22,NKY,GJR-skewt,GJR-skewt-AR1-expanding-refit21,1,0.01464919399,0.0002145988846,-0.03807647923,-0.0301502792,-0.02415904542,,,-0.007506875755,0.0007538702721,True,
2026-04-24,2026-04-23,NKY,GJR-skewt,GJR-skewt-AR1-expanding-refit21,1,0.01425992579,0.0002033454835,-0.03686134713,-0.0291457674,-0.0233137367,,,0.009691588822,0.0002225416636,True,
2026-04-27,2026-04-24,NKY,GJR-skewt,GJR-skewt-AR1-expanding-refit21,1,0.01365612086,0.000186489637,-0.03559341801,-0.02820453739,-0.0226194511,,,0.01365768461,0.000353690497,True,
2026-04-28,2026-04-27,NKY,GJR-skewt,GJR-skewt-AR1-expanding-refit21,1,0.01320737786,0.0001744348299,-0.03449579383,-0.02734971338,-0.0219481542,,,-0.01029272072,0.0001350104279,True,
2026-04-30,2026-04-28,NKY,GJR-skewt,GJR-skewt-AR1-expanding-refit21,1,0.01325830631,0.0001757826862,-0.03420635,-0.02703271382,-0.0216103259,,,-0.01061295894,0.0002245978027,True,
2026-05-01,2026-04-30,NKY,GJR-skewt,GJR-skewt-AR1-expanding-refit21,1,0.01340009234,0.0001795624746,-0.03456959353,-0.02731924158,-0.02183886594,,,0.003841805555,6.972831477e-05,True,
2026-05-07,2026-05-01,NKY,GJR-skewt,GJR-skewt-AR1-expanding-refit21,1,0.01278622141,0.0001634874579,-0.03322713871,-0.02630893225,-0.02107961782,,,0.05429696854,0.0001644740441,True,
2026-05-08,2026-05-07,NKY,GJR-skewt,GJR-skewt-AR1-expanding-refit21,1,0.01518478301,0.000230577635,-0.04035637709,-0.03214038735,-0.02593010814,,,-0.001914676882,0.0001332032782,True,
2026-05-11,2026-05-08,NKY,GJR-skewt,GJR-skewt-AR1-expanding-refit21,1,0.0144258788,0.0002081059792,-0.03739162798,-0.02958625649,-0.02368635426,,,-0.00472734709,0.0001082055865,True,
2026-05-12,2026-05-11,NKY,GJR-skewt,GJR-skewt-AR1-expanding-refit21,1,0.01386107235,0.0001921293268,-0.03587261659,-0.02837284341,-0.02270393597,,,0.005188414238,0.0003169092353,True,
2026-05-13,2026-05-12,NKY,GJR-skewt,GJR-skewt-AR1-expanding-refit21,1,0.0132235201,0.0001748614839,-0.03438858439,-0.0272337699,-0.02182560885,,,0.008404452375,0.0001789321484,True,
2026-05-14,2026-05-13,NKY,GJR-skewt,GJR-skewt-AR1-expanding-refit21,1,0.01268707824,0.0001609619543,-0.03304957962,-0.02618501629,-0.02099624947,,,-0.009816285388,0.0001455404126,True,
2026-05-15,2026-05-14,NKY,GJR-skewt,GJR-skewt-AR1-expanding-refit21,1,0.01275482096,0.0001626854578,-0.03290482357,-0.02600360686,-0.02078713459,,,-0.02006722522,0.0003593090851,True,
2026-05-18,2026-05-15,NKY,GJR-skewt,GJR-skewt-AR1-expanding-refit21,1,0.01473441303,0.0002171029274,-0.03787454154,-0.02990223227,-0.02387614557,,,-0.009709034064,0.000435843101,True,
2026-05-19,2026-05-18,NKY,GJR-skewt,GJR-skewt-AR1-expanding-refit21,1,0.01460377667,0.0002132702931,-0.03771714908,-0.02981552287,-0.02384286389,,,-0.004372865946,0.0004483747528,True,
2026-05-20,2026-05-19,NKY,GJR-skewt,GJR-skewt-AR1-expanding-refit21,1,0.01401138636,0.0001963189477,-0.03626993423,-0.02868883106,-0.02295844813,,,-0.01239980459,0.0004181295664,True,
2026-05-21,2026-05-20,NKY,GJR-skewt,GJR-skewt-AR1-expanding-refit21,1,0.01428820984,0.0002041529405,-0.03684873304,-0.02911784973,-0.02327425141,,,0.03094745094,0.0001646437531,True,
2026-05-22,2026-05-21,NKY,GJR-skewt,GJR-skewt-AR1-expanding-refit21,1,0.01451547471,0.0002106990062,-0.03820367631,-0.03034982741,-0.0244132822,,,0.02647550556,0.0001656559799,True,
2026-05-25,2026-05-22,NKY,GJR-skewt,GJR-skewt-AR1-expanding-refit21,1,0.01449756887,0.0002101795032,-0.03805283951,-0.03019519208,-0.02426327731,,,0.02831566398,0.0002780041556,True,
2026-05-26,2026-05-25,NKY,GJR-skewt,GJR-skewt-AR1-expanding-refit21,1,0.01457819113,0.0002125236567,-0.03829416358,-0.03039281909,-0.02442791641,,,-0.002490915431,0.0002149785297,True,
2026-05-27,2026-05-26,NKY,GJR-skewt,GJR-skewt-AR1-expanding-refit21,1,0.01388842859,0.0001928884487,-0.03597074773,-0.02844325287,-0.0227605777,,,5.108361444e-05,0.0004368419066,True,
2026-05-28,2026-05-27,NKY,GJR-skewt,GJR-skewt-AR1-expanding-refit21,1,0.01322509806,0.0001749032187,-0.03428898511,-0.0271210138,-0.02170975104,,,-0.004723319631,0.0007161335749,True,
2026-05-29,2026-05-28,NKY,GJR-skewt,GJR-skewt-AR1-expanding-refit21,1,0.01276680043,0.0001629911932,-0.03301485747,-0.02609528237,-0.0208715395,,,0.02497986968,,True,
2026-06-01,2026-05-29,NKY,GJR-skewt,GJR-skewt-AR1-expanding-refit21,1,0.01286204492,0.0001654321994,-0.03377287869,-0.02680168131,-0.02153896762,,,0.009077215948,,True,
2026-06-02,2026-06-01,NKY,GJR-skewt,GJR-skewt-AR1-expanding-refit21,1,0.01237747171,0.0001532018059,-0.03223923041,-0.02553067054,-0.02046622781,,,-0.002993764039,0.000434897657,True,
2026-06-03,2026-06-02,NKY,GJR-skewt,GJR-skewt-AR1-expanding-refit21,1,0.01189524602,0.0001414968779,-0.03077751319,-0.02433031849,-0.0194631862,,,0.02468580822,0.0002276160689,True,
2026-06-04,2026-06-03,NKY,GJR-skewt,GJR-skewt-AR1-expanding-refit21,1,0.01209136038,0.0001462009959,-0.03176314961,-0.02520966139,-0.02026228574,,,-0.01371076127,0.0003000844875,True,
2026-06-05,2026-06-04,NKY,GJR-skewt,GJR-skewt-AR1-expanding-refit21,1,0.0127956256,0.0001637280344,-0.03293544014,-0.02600024187,-0.02076470472,,,-0.01316710324,0.0003864639651,True,
2026-06-08,2026-06-05,NKY,GJR-skewt,GJR-skewt-AR1-expanding-refit21,1,0.01340290062,0.0001796377449,-0.03452440202,-0.02726006216,-0.02177604861,,,-0.03925873218,0.0007299567392,True,
2026-06-09,2026-06-08,NKY,GJR-skewt,GJR-skewt-AR1-expanding-refit21,1,0.02058478308,0.0004237332944,-0.05275742964,-0.04160052677,-0.03317792985,,,0.02150908195,0.0006809308317,True,
2026-06-10,2026-06-09,NKY,GJR-skewt,GJR-skewt-AR1-expanding-refit21,1,0.01973190486,0.0003893480696,-0.0515828905,-0.04088824556,-0.03281461757,,,-0.01909623679,0.000609724372,True,
2026-06-11,2026-06-10,NKY,GJR-skewt,GJR-skewt-AR1-expanding-refit21,1,0.02015886279,0.000406379749,-0.05199591475,-0.04106985965,-0.03282153491,,,0.0005919162835,0.001162335423,True,
2026-06-12,2026-06-11,NKY,GJR-skewt,GJR-skewt-AR1-expanding-refit21,1,0.01903622753,0.0003623779586,-0.04941398072,-0.03909639123,-0.03130741087,,,0.02768614775,0.0005954833858,True,
2026-06-15,2026-06-12,NKY,GJR-skewt,GJR-skewt-AR1-expanding-refit21,1,0.01856138802,0.0003445251253,-0.04864430001,-0.03858407239,-0.03098938029,,,0.04873908151,0.0002285988297,True,
2026-06-16,2026-06-15,NKY,GJR-skewt,GJR-skewt-AR1-expanding-refit21,1,0.01933731976,0.0003739319353,-0.05102429707,-0.04054351632,-0.0326313392,,,0.00125430734,0.000346176099,True,
2026-06-17,2026-06-16,NKY,GJR-skewt,GJR-skewt-AR1-expanding-refit21,1,0.01827540739,0.0003339905154,-0.04744634157,-0.03754111476,-0.03006343626,,,0.007146130654,0.0001739563363,True,
2026-06-18,2026-06-17,NKY,GJR-skewt,GJR-skewt-AR1-expanding-refit21,1,0.01732538972,0.0003001691289,-0.04507640551,-0.03568608599,-0.02859712258,,,0.01633516693,0.0003455017227,True,
2026-06-19,2026-06-18,NKY,GJR-skewt,GJR-skewt-AR1-expanding-refit21,1,0.01662554151,0.0002764086306,-0.04341384464,-0.03440284117,-0.02760023197,,,0.002762691845,0.0003808023666,True,
2026-06-22,2026-06-19,NKY,GJR-skewt,GJR-skewt-AR1-expanding-refit21,1,0.01576320904,0.0002484787592,-0.04093761272,-0.03239399137,-0.02594421946,,,0.01537450216,0.0002497090278,True,
2026-06-23,2026-06-22,NKY,GJR-skewt,GJR-skewt-AR1-expanding-refit21,1,0.0152460345,0.0002324415679,-0.03978606998,-0.03152498016,-0.02528916496,,,-0.03610263797,0.0006186118727,True,
2026-06-24,2026-06-23,NKY,GJR-skewt,GJR-skewt-AR1-expanding-refit21,1,0.02060813984,0.0004246954278,-0.05285583756,-0.0416892818,-0.03326029972,,,-0.00882848661,0.0009583053972,True,
2026-06-25,2026-06-24,NKY,GJR-skewt,GJR-skewt-AR1-expanding-refit21,1,0.01983785821,0.0003935406183,-0.0513158106,-0.04056663326,-0.03245270582,,,0.04510225206,0.0003433467245,True,
2026-06-26,2026-06-25,NKY,GJR-skewt,GJR-skewt-AR1-expanding-refit21,1,0.02020243588,0.0004081384157,-0.05317941999,-0.04223269561,-0.03396965142,,,-0.04241826564,0.0009910194156,True,
2026-06-29,2026-06-26,NKY,GJR-skewt,GJR-skewt-AR1-expanding-refit21,1,0.02557517573,0.0006540896138,-0.06566494936,-0.05180699672,-0.04134643601,,,0.001544729089,0.0009464663851,True,
2026-06-30,2026-06-29,NKY,GJR-skewt,GJR-skewt-AR1-expanding-refit21,1,0.02407764736,0.0005797331023,-0.06251710179,-0.04947058745,-0.03962253422,,,0.008517346697,0.0005712162984,True,
2026-07-01,2026-06-30,NKY,GJR-skewt,GJR-skewt-AR1-expanding-refit21,1,0.02272570354,0.0005164576015,-0.05911986469,-0.04680590342,-0.0375108118,,,0.005872346642,0.000462971324,True,
2026-07-02,2026-07-01,NKY,GJR-skewt,GJR-skewt-AR1-expanding-refit21,1,0.02144476471,0.0004598779333,-0.05574399565,-0.04412411328,-0.03535294136,,,-0.02502588986,0.0004889133212,True,
2026-07-03,2026-07-02,NKY,GJR-skewt,GJR-skewt-AR1-expanding-refit21,1,0.02266233985,0.0005135816477,-0.05838564463,-0.04610601708,-0.03683684199,,,0.01460081071,0.0007397637424,True,
2026-07-06,2026-07-03,NKY,GJR-skewt,GJR-skewt-AR1-expanding-refit21,1,0.02149377991,0.0004619825747,-0.05601963449,-0.04437319315,-0.03558197341,,,-9.152178901e-05,0.0007201070064,True,
2026-07-07,2026-07-06,NKY,GJR-skewt,GJR-skewt-AR1-expanding-refit21,1,0.02027472898,0.0004110646351,-0.05260017722,-0.0416142807,-0.03332166776,,,-0.02146146116,0.0004716614587,True,
2026-07-08,2026-07-07,NKY,GJR-skewt,GJR-skewt-AR1-expanding-refit21,1,0.02106804097,0.0004438623504,-0.05430032571,-0.04288457174,-0.03426748445,,,-0.02129124783,0.0008565210928,True,
2026-07-09,2026-07-08,NKY,GJR-skewt,GJR-skewt-AR1-expanding-refit21,1,0.02177257866,0.0004740451814,-0.05613530213,-0.04433779321,-0.03543254136,,,0.01374553093,0.0006864937689,True,
2026-07-10,2026-07-09,NKY,GJR-skewt,GJR-skewt-AR1-expanding-refit21,1,0.02065568993,0.0004266575265,-0.0538257373,-0.04263341644,-0.03418498579,,,0.01194241012,0.0003005550527,True,
2026-07-13,2026-07-10,NKY,GJR-skewt,GJR-skewt-AR1-expanding-refit21,1,0.0196006368,0.0003841849629,-0.0510515559,-0.04043091738,-0.03241401641,,,-0.01936725649,0.0006276798642,True,
2026-07-14,2026-07-13,NKY,GJR-skewt,GJR-skewt-AR1-expanding-refit21,1,0.02011559027,0.000404636972,-0.05185911585,-0.04095944891,-0.03273192565,,,0.007419656807,0.001034953217,True,
2026-07-15,2026-07-14,NKY,GJR-skewt,GJR-skewt-AR1-expanding-refit21,1,0.01902896315,0.0003621014384,-0.04948818931,-0.03917731313,-0.0313942337,,,0.01477015389,0.000351447986,True,
2026-07-16,2026-07-15,NKY,GJR-skewt,GJR-skewt-AR1-expanding-refit21,1,0.01815449534,0.000329585701,-0.04733900065,-0.03750195635,-0.03007654498,,,-0.02826370716,0.0006415463231,True,
2026-07-17,2026-07-16,NKY,GJR-skewt,GJR-skewt-AR1-expanding-refit21,1,0.02065197793,0.0004265041925,-0.05310291257,-0.04191260307,-0.03346569067,,,-0.04114928802,0.0009211513234,True,
2026-07-21,2026-07-17,NKY,GJR-skewt,GJR-skewt-AR1-expanding-refit21,1,0.02588217684,0.0006698870782,-0.06648482096,-0.05246051924,-0.04187439131,,,0.03208088788,0.0006764023602,True,
2026-07-22,2026-07-21,NKY,GJR-skewt,GJR-skewt-AR1-expanding-refit21,1,0.0249275267,0.0006213815875,-0.06524553514,-0.05173851223,-0.04154284792,,,-0.001761812131,0.0004092145645,True,
2026-07-23,2026-07-22,NKY,GJR-skewt,GJR-skewt-AR1-expanding-refit21,1,0.02349895909,0.0005522010783,-0.06098601469,-0.04824867501,-0.03863221778,,,0.004632634845,0.0002615966815,True,
2026-07-24,2026-07-23,NKY,GJR-skewt,GJR-skewt-AR1-expanding-refit21,1,0.02215673102,0.0004909207296,-0.05760988872,-0.04560008828,-0.0365329098,,,-0.02765041113,0.0004938145426,True,
2026-07-27,2026-07-24,NKY,GJR-skewt,GJR-skewt-AR1-expanding-refit21,1,0.02374605542,0.0005638751481,-0.06116044424,-0.04828916885,-0.03857159262,,,0.004941143128,0.0004862017467,True,
2026-07-28,2026-07-27,NKY,GJR-skewt,GJR-skewt-AR1-expanding-refit21,1,0.0223859555,0.0005011310038,-0.05821180003,-0.04607775111,-0.03691676731,,,-0.04032514755,0.0005627817461,True,
2026-07-29,2026-07-28,NKY,GJR-skewt,GJR-skewt-AR1-expanding-refit21,1,0.02675984224,0.0007160891567,-0.06877151838,-0.05426665461,-0.0433157492,,,-0.01503642443,0.00151314123,True,
2026-07-30,2026-07-29,NKY,GJR-skewt,GJR-skewt-AR1-expanding-refit21,1,0.0260031687,0.0006761647824,-0.06726056571,-0.05316584811,-0.0425245955,,,0.007027321442,0.001121795307,True,
2026-07-31,2026-07-30,NKY,GJR-skewt,GJR-skewt-AR1-expanding-refit21,1,0.02450457215,0.0006004740564,-0.06376114513,-0.05047872449,-0.04045074116,,,0.03952983532,0.0005615096358,True,
2026-08-03,2026-07-31,NKY,GJR-skewt,GJR-skewt-AR1-expanding-refit21,1,0.02404657935,0.0005782379785,-0.06315772984,-0.05012355892,-0.04028299956,,,-0.009477680922,0.0005526022459,True,
2026-08-04,2026-08-03,NKY,GJR-skewt,GJR-skewt-AR1-expanding-refit21,1,0.02294114811,0.0005262962766,-0.05939526368,-0.04696027901,-0.03757209425,,,0.003173269517,0.0006656934726,True,
2026-08-05,2026-08-04,NKY,GJR-skewt,GJR-skewt-AR1-expanding-refit21,1,0.0216293767,0.0004678299366,-0.05621156783,-0.04448761371,-0.03563624395,,,0.03597720709,0.0001819480234,True,
2026-08-06,2026-08-05,NKY,GJR-skewt,GJR-skewt-AR1-expanding-refit21,1,0.02130265616,0.0004538031594,-0.05595511207,-0.04440825307,-0.03569058685,,,-0.009352430801,0.0003257089813,True,
2026-08-07,2026-08-06,NKY,GJR-skewt,GJR-skewt-AR1-expanding-refit21,1,0.02041684915,0.0004168477293,-0.052830543,-0.04176382546,-0.03340865722,,,-0.00116607353,0.0004089738974,True,
2026-08-10,2026-08-07,NKY,GJR-skewt,GJR-skewt-AR1-expanding-refit21,1,0.01928282676,0.000371827408,-0.05002848644,-0.03957645265,-0.03168535934,,,0.02057003267,0.0003205123947,True,
2026-08-12,2026-08-10,NKY,GJR-skewt,GJR-skewt-AR1-expanding-refit21,1,0.01854989823,0.0003440987244,-0.04851503031,-0.03846027197,-0.03086911433,,,0.008235991531,0.0001888688287,True,
2026-08-13,2026-08-12,NKY,GJR-skewt,GJR-skewt-AR1-expanding-refit21,1,0.01759815323,0.0003096949972,-0.04581590129,-0.03627702536,-0.02907534944,,,0.0115515664,0.0002177297456,True,
2026-08-14,2026-08-13,NKY,GJR-skewt,GJR-skewt-AR1-expanding-refit21,1,0.01677175208,0.000281291668,-0.04372599875,-0.03463506403,-0.02777157548,,,0.005914424779,0.0002372399898,True,
2026-08-17,2026-08-14,NKY,GJR-skewt,GJR-skewt-AR1-expanding-refit21,1,0.01592148612,0.0002534937204,-0.04141203316,-0.03278197529,-0.02626644029,,,0.007343442861,0.0001539515155,True,
2026-08-18,2026-08-17,NKY,GJR-skewt,GJR-skewt-AR1-expanding-refit21,1,0.01515252848,0.0002295991192,-0.03943743757,-0.03122418432,-0.02502332914,,,-0.02574785006,0.0003752289702,True,
2026-08-19,2026-08-18,NKY,GJR-skewt,GJR-skewt-AR1-expanding-refit21,1,0.01780668643,0.0003170780817,-0.04574354397,-0.03609163502,-0.02880462125,,,-0.03214902239,0.0004164001728,True,
2026-08-20,2026-08-19,NKY,GJR-skewt,GJR-skewt-AR1-expanding-refit21,1,0.02149199125,0.0004619056881,-0.05521508384,-0.04356559793,-0.03477045029,,,0.01353746455,0.0002769057945,True,
2026-08-21,2026-08-20,NKY,GJR-skewt,GJR-skewt-AR1-expanding-refit21,1,0.02039225523,0.0004158440734,-0.05318070095,-0.04212731426,-0.03378221057,,,-0.003031461262,0.0002626372191,True,
