Date,OriginDate,Code,Model,Spec,Horizon,SigmaHat,VarHat,VaR_01,VaR_025,VaR_05,ES_01,ES_025,Realized,RVProxy,Valid,Reason
2013-09-30,2013-09-27,SPX,QR-Full,QR-Full-expanding-min750-refit10-SigmaHatRECONSTRUCTED,1,,,,,,,,-0.006047479879,,False,predictors_unavailable
2013-10-01,2013-09-30,SPX,QR-Full,QR-Full-expanding-min750-refit10-SigmaHatRECONSTRUCTED,1,,,,,,,,0.007966724581,,False,predictors_unavailable
2013-10-02,2013-10-01,SPX,QR-Full,QR-Full-expanding-min750-refit10-SigmaHatRECONSTRUCTED,1,,,,,,,,-0.0006668919395,4.82982247e-05,False,predictors_unavailable
2013-10-03,2013-10-02,SPX,QR-Full,QR-Full-expanding-min750-refit10-SigmaHatRECONSTRUCTED,1,,,,,,,,-0.009019972538,,False,predictors_unavailable
2013-10-04,2013-10-03,SPX,QR-Full,QR-Full-expanding-min750-refit10-SigmaHatRECONSTRUCTED,1,,,,,,,,0.007028466811,,False,predictors_unavailable
2013-10-07,2013-10-04,SPX,QR-Full,QR-Full-expanding-min750-refit10-SigmaHatRECONSTRUCTED,1,,,,,,,,-0.008542747607,5.145670249e-05,False,predictors_unavailable
2013-10-08,2013-10-07,SPX,QR-Full,QR-Full-expanding-min750-refit10-SigmaHatRECONSTRUCTED,1,,,,,,,,-0.01240874996,8.591638043e-05,False,predictors_unavailable
2013-10-09,2013-10-08,SPX,QR-Full,QR-Full-expanding-min750-refit10-SigmaHatRECONSTRUCTED,1,,,,,,,,0.0005737415845,9.407669311e-05,False,predictors_unavailable
2013-10-10,2013-10-09,SPX,QR-Full,QR-Full-expanding-min750-refit10-SigmaHatRECONSTRUCTED,1,,,,,,,,0.02159562337,5.356328335e-05,False,predictors_unavailable
2013-10-11,2013-10-10,SPX,QR-Full,QR-Full-expanding-min750-refit10-SigmaHatRECONSTRUCTED,1,,,,,,,,0.006266595276,4.352518066e-05,False,predictors_unavailable
2013-10-14,2013-10-11,SPX,QR-Full,QR-Full-expanding-min750-refit10-SigmaHatRECONSTRUCTED,1,,,,,,,,0.004066441452,,False,predictors_unavailable
2013-10-15,2013-10-14,SPX,QR-Full,QR-Full-expanding-min750-refit10-SigmaHatRECONSTRUCTED,1,,,,,,,,-0.00708878958,,False,predictors_unavailable
2013-10-16,2013-10-15,SPX,QR-Full,QR-Full-expanding-min750-refit10-SigmaHatRECONSTRUCTED,1,,,,,,,,0.01373280403,6.226028785e-05,False,predictors_unavailable
2013-10-17,2013-10-16,SPX,QR-Full,QR-Full-expanding-min750-refit10-SigmaHatRECONSTRUCTED,1,,,,,,,,0.006721314211,,False,predictors_unavailable
2013-10-18,2013-10-17,SPX,QR-Full,QR-Full-expanding-min750-refit10-SigmaHatRECONSTRUCTED,1,,,,,,,,0.006527405703,,False,predictors_unavailable
2013-10-21,2013-10-18,SPX,QR-Full,QR-Full-expanding-min750-refit10-SigmaHatRECONSTRUCTED,1,,,,,,,,9.173210661e-05,,False,predictors_unavailable
2013-10-22,2013-10-21,SPX,QR-Full,QR-Full-expanding-min750-refit10-SigmaHatRECONSTRUCTED,1,,,,,,,,0.005721116374,,False,predictors_unavailable
2013-10-23,2013-10-22,SPX,QR-Full,QR-Full-expanding-min750-refit10-SigmaHatRECONSTRUCTED,1,,,,,,,,-0.004735753204,,False,predictors_unavailable
2013-10-24,2013-10-23,SPX,QR-Full,QR-Full-expanding-min750-refit10-SigmaHatRECONSTRUCTED,1,,,,,,,,0.003252838312,,False,predictors_unavailable
2013-10-25,2013-10-24,SPX,QR-Full,QR-Full-expanding-min750-refit10-SigmaHatRECONSTRUCTED,1,,,,,,,,0.004385214824,,False,predictors_unavailable
2013-10-28,2013-10-25,SPX,QR-Full,QR-Full-expanding-min750-refit10-SigmaHatRECONSTRUCTED,1,,,,,,,,0.001328816053,2.107973113e-05,False,predictors_unavailable
2013-10-29,2013-10-28,SPX,QR-Full,QR-Full-expanding-min750-refit10-SigmaHatRECONSTRUCTED,1,,,,,,,,0.005568661317,1.781964292e-05,False,predictors_unavailable
2013-10-30,2013-10-29,SPX,QR-Full,QR-Full-expanding-min750-refit10-SigmaHatRECONSTRUCTED,1,,,,,,,,-0.004887849367,7.00307725e-05,False,predictors_unavailable
2013-10-31,2013-10-30,SPX,QR-Full,QR-Full-expanding-min750-refit10-SigmaHatRECONSTRUCTED,1,,,,,,,,-0.003846770834,5.966171747e-05,False,predictors_unavailable
2013-11-01,2013-10-31,SPX,QR-Full,QR-Full-expanding-min750-refit10-SigmaHatRECONSTRUCTED,1,,,,,,,,0.002899214647,5.78557678e-05,False,predictors_unavailable
2013-11-04,2013-11-01,SPX,QR-Full,QR-Full-expanding-min750-refit10-SigmaHatRECONSTRUCTED,1,,,,,,,,0.003564199342,,False,predictors_unavailable
2013-11-05,2013-11-04,SPX,QR-Full,QR-Full-expanding-min750-refit10-SigmaHatRECONSTRUCTED,1,,,,,,,,-0.002809530843,,False,predictors_unavailable
2013-11-06,2013-11-05,SPX,QR-Full,QR-Full-expanding-min750-refit10-SigmaHatRECONSTRUCTED,1,,,,,,,,0.004256468412,,False,predictors_unavailable
2013-11-07,2013-11-06,SPX,QR-Full,QR-Full-expanding-min750-refit10-SigmaHatRECONSTRUCTED,1,,,,,,,,-0.0132704361,,False,predictors_unavailable
2013-11-08,2013-11-07,SPX,QR-Full,QR-Full-expanding-min750-refit10-SigmaHatRECONSTRUCTED,1,,,,,,,,0.01333820883,,False,predictors_unavailable
2013-11-11,2013-11-08,SPX,QR-Full,QR-Full-expanding-min750-refit10-SigmaHatRECONSTRUCTED,1,,,,,,,,0.0007226704619,,False,predictors_unavailable
2013-11-12,2013-11-11,SPX,QR-Full,QR-Full-expanding-min750-refit10-SigmaHatRECONSTRUCTED,1,,,,,,,,-0.002373205874,,False,predictors_unavailable
2013-11-13,2013-11-12,SPX,QR-Full,QR-Full-expanding-min750-refit10-SigmaHatRECONSTRUCTED,1,,,,,,,,0.00806275295,,False,predictors_unavailable
2013-11-14,2013-11-13,SPX,QR-Full,QR-Full-expanding-min750-refit10-SigmaHatRECONSTRUCTED,1,,,,,,,,0.004825596755,,False,predictors_unavailable
2013-11-15,2013-11-14,SPX,QR-Full,QR-Full-expanding-min750-refit10-SigmaHatRECONSTRUCTED,1,,,,,,,,0.0042131465,,False,predictors_unavailable
2013-11-18,2013-11-15,SPX,QR-Full,QR-Full-expanding-min750-refit10-SigmaHatRECONSTRUCTED,1,,,,,,,,-0.00370505275,,False,predictors_unavailable
2013-11-19,2013-11-18,SPX,QR-Full,QR-Full-expanding-min750-refit10-SigmaHatRECONSTRUCTED,1,,,,,,,,-0.002045055177,,False,predictors_unavailable
2013-11-20,2013-11-19,SPX,QR-Full,QR-Full-expanding-min750-refit10-SigmaHatRECONSTRUCTED,1,,,,,,,,-0.003642235996,,False,predictors_unavailable
2013-11-21,2013-11-20,SPX,QR-Full,QR-Full-expanding-min750-refit10-SigmaHatRECONSTRUCTED,1,,,,,,,,0.008095705717,,False,predictors_unavailable
2013-11-22,2013-11-21,SPX,QR-Full,QR-Full-expanding-min750-refit10-SigmaHatRECONSTRUCTED,1,,,,,,,,0.004949190399,,False,predictors_unavailable
2013-11-25,2013-11-22,SPX,QR-Full,QR-Full-expanding-min750-refit10-SigmaHatRECONSTRUCTED,1,,,,,,,,-0.001264141177,,False,predictors_unavailable
2013-11-26,2013-11-25,SPX,QR-Full,QR-Full-expanding-min750-refit10-SigmaHatRECONSTRUCTED,1,,,,,,,,0.0001497934956,,False,predictors_unavailable
2013-11-27,2013-11-26,SPX,QR-Full,QR-Full-expanding-min750-refit10-SigmaHatRECONSTRUCTED,1,,,,,,,,0.002481998418,,False,predictors_unavailable
2013-11-29,2013-11-27,SPX,QR-Full,QR-Full-expanding-min750-refit10-SigmaHatRECONSTRUCTED,1,,,,,,,,-0.0007859979728,,False,predictors_unavailable
2013-12-02,2013-11-29,SPX,QR-Full,QR-Full-expanding-min750-refit10-SigmaHatRECONSTRUCTED,1,,,,,,,,-0.00272272399,,False,predictors_unavailable
2013-12-03,2013-12-02,SPX,QR-Full,QR-Full-expanding-min750-refit10-SigmaHatRECONSTRUCTED,1,,,,,,,,-0.003197955993,,False,predictors_unavailable
2013-12-04,2013-12-03,SPX,QR-Full,QR-Full-expanding-min750-refit10-SigmaHatRECONSTRUCTED,1,,,,,,,,-0.001304343013,,False,predictors_unavailable
2013-12-05,2013-12-04,SPX,QR-Full,QR-Full-expanding-min750-refit10-SigmaHatRECONSTRUCTED,1,,,,,,,,-0.004349016206,,False,predictors_unavailable
2013-12-06,2013-12-05,SPX,QR-Full,QR-Full-expanding-min750-refit10-SigmaHatRECONSTRUCTED,1,,,,,,,,0.01117519514,,False,predictors_unavailable
2013-12-09,2013-12-06,SPX,QR-Full,QR-Full-expanding-min750-refit10-SigmaHatRECONSTRUCTED,1,,,,,,,,0.001815451084,,False,predictors_unavailable
2013-12-10,2013-12-09,SPX,QR-Full,QR-Full-expanding-min750-refit10-SigmaHatRECONSTRUCTED,1,,,,,,,,-0.003184724896,,False,predictors_unavailable
2013-12-11,2013-12-10,SPX,QR-Full,QR-Full-expanding-min750-refit10-SigmaHatRECONSTRUCTED,1,,,,,,,,-0.01138139744,,False,predictors_unavailable
2013-12-12,2013-12-11,SPX,QR-Full,QR-Full-expanding-min750-refit10-SigmaHatRECONSTRUCTED,1,,,,,,,,-0.003777688546,,False,predictors_unavailable
2013-12-13,2013-12-12,SPX,QR-Full,QR-Full-expanding-min750-refit10-SigmaHatRECONSTRUCTED,1,,,,,,,,-0.0001014154493,,False,predictors_unavailable
2013-12-16,2013-12-13,SPX,QR-Full,QR-Full-expanding-min750-refit10-SigmaHatRECONSTRUCTED,1,,,,,,,,0.006300152257,,False,predictors_unavailable
2013-12-17,2013-12-16,SPX,QR-Full,QR-Full-expanding-min750-refit10-SigmaHatRECONSTRUCTED,1,,,,,,,,-0.003105805901,,False,predictors_unavailable
2013-12-18,2013-12-17,SPX,QR-Full,QR-Full-expanding-min750-refit10-SigmaHatRECONSTRUCTED,1,,,,,,,,0.01651090578,,False,predictors_unavailable
2013-12-19,2013-12-18,SPX,QR-Full,QR-Full-expanding-min750-refit10-SigmaHatRECONSTRUCTED,1,,,,,,,,-0.0005800969709,,False,predictors_unavailable
2013-12-20,2013-12-19,SPX,QR-Full,QR-Full-expanding-min750-refit10-SigmaHatRECONSTRUCTED,1,,,,,,,,0.004807155053,,False,predictors_unavailable
2013-12-23,2013-12-20,SPX,QR-Full,QR-Full-expanding-min750-refit10-SigmaHatRECONSTRUCTED,1,,,,,,,,0.005304028917,,False,predictors_unavailable
2013-12-24,2013-12-23,SPX,QR-Full,QR-Full-expanding-min750-refit10-SigmaHatRECONSTRUCTED,1,,,,,,,,0.002911504275,,False,predictors_unavailable
2013-12-26,2013-12-24,SPX,QR-Full,QR-Full-expanding-min750-refit10-SigmaHatRECONSTRUCTED,1,,,,,,,,0.004734305033,,False,predictors_unavailable
2013-12-27,2013-12-26,SPX,QR-Full,QR-Full-expanding-min750-refit10-SigmaHatRECONSTRUCTED,1,,,,,,,,-0.0003366414899,,False,predictors_unavailable
2013-12-30,2013-12-27,SPX,QR-Full,QR-Full-expanding-min750-refit10-SigmaHatRECONSTRUCTED,1,,,,,,,,-0.0001792698942,,False,predictors_unavailable
2013-12-31,2013-12-30,SPX,QR-Full,QR-Full-expanding-min750-refit10-SigmaHatRECONSTRUCTED,1,,,,,,,,0.003951856316,,False,predictors_unavailable
2014-01-02,2013-12-31,SPX,QR-Full,QR-Full-expanding-min750-refit10-SigmaHatRECONSTRUCTED,1,,,,,,,,-0.008901413082,,False,predictors_unavailable
2014-01-03,2014-01-02,SPX,QR-Full,QR-Full-expanding-min750-refit10-SigmaHatRECONSTRUCTED,1,,,,,,,,-0.0003330203283,,False,predictors_unavailable
2014-01-06,2014-01-03,SPX,QR-Full,QR-Full-expanding-min750-refit10-SigmaHatRECONSTRUCTED,1,,,,,,,,-0.002514926933,,False,predictors_unavailable
2014-01-07,2014-01-06,SPX,QR-Full,QR-Full-expanding-min750-refit10-SigmaHatRECONSTRUCTED,1,,,,,,,,0.006063345183,,False,predictors_unavailable
2014-01-08,2014-01-07,SPX,QR-Full,QR-Full-expanding-min750-refit10-SigmaHatRECONSTRUCTED,1,,,,,,,,-0.0002122316948,,False,predictors_unavailable
2014-01-09,2014-01-08,SPX,QR-Full,QR-Full-expanding-min750-refit10-SigmaHatRECONSTRUCTED,1,,,,,,,,0.0003482487348,,False,predictors_unavailable
2014-01-10,2014-01-09,SPX,QR-Full,QR-Full-expanding-min750-refit10-SigmaHatRECONSTRUCTED,1,,,,,,,,0.002304030363,,False,predictors_unavailable
2014-01-13,2014-01-10,SPX,QR-Full,QR-Full-expanding-min750-refit10-SigmaHatRECONSTRUCTED,1,,,,,,,,-0.01265596649,,False,predictors_unavailable
2014-01-14,2014-01-13,SPX,QR-Full,QR-Full-expanding-min750-refit10-SigmaHatRECONSTRUCTED,1,,,,,,,,0.01075987628,,False,predictors_unavailable
2014-01-15,2014-01-14,SPX,QR-Full,QR-Full-expanding-min750-refit10-SigmaHatRECONSTRUCTED,1,,,,,,,,0.005152889134,,False,predictors_unavailable
2014-01-16,2014-01-15,SPX,QR-Full,QR-Full-expanding-min750-refit10-SigmaHatRECONSTRUCTED,1,,,,,,,,-0.001348028359,,False,predictors_unavailable
2014-01-17,2014-01-16,SPX,QR-Full,QR-Full-expanding-min750-refit10-SigmaHatRECONSTRUCTED,1,,,,,,,,-0.003902780604,,False,predictors_unavailable
2014-01-21,2014-01-17,SPX,QR-Full,QR-Full-expanding-min750-refit10-SigmaHatRECONSTRUCTED,1,,,,,,,,0.00276991243,,False,predictors_unavailable
2014-01-22,2014-01-21,SPX,QR-Full,QR-Full-expanding-min750-refit10-SigmaHatRECONSTRUCTED,1,,,,,,,,0.000574699766,,False,predictors_unavailable
2014-01-23,2014-01-22,SPX,QR-Full,QR-Full-expanding-min750-refit10-SigmaHatRECONSTRUCTED,1,,,,,,,,-0.00892932454,,False,predictors_unavailable
2014-01-24,2014-01-23,SPX,QR-Full,QR-Full-expanding-min750-refit10-SigmaHatRECONSTRUCTED,1,,,,,,,,-0.0210964215,,False,predictors_unavailable
2014-01-27,2014-01-24,SPX,QR-Full,QR-Full-expanding-min750-refit10-SigmaHatRECONSTRUCTED,1,,,,,,,,-0.00488822159,,False,predictors_unavailable
2014-01-28,2014-01-27,SPX,QR-Full,QR-Full-expanding-min750-refit10-SigmaHatRECONSTRUCTED,1,,,,,,,,0.006121875394,,False,predictors_unavailable
2014-01-29,2014-01-28,SPX,QR-Full,QR-Full-expanding-min750-refit10-SigmaHatRECONSTRUCTED,1,,,,,,,,-0.01026170401,,False,predictors_unavailable
2014-01-30,2014-01-29,SPX,QR-Full,QR-Full-expanding-min750-refit10-SigmaHatRECONSTRUCTED,1,,,,,,,,0.01120404424,,False,predictors_unavailable
2014-01-31,2014-01-30,SPX,QR-Full,QR-Full-expanding-min750-refit10-SigmaHatRECONSTRUCTED,1,,,,,,,,-0.006486289887,,False,predictors_unavailable
2014-02-03,2014-01-31,SPX,QR-Full,QR-Full-expanding-min750-refit10-SigmaHatRECONSTRUCTED,1,,,,,,,,-0.0230966046,,False,predictors_unavailable
2014-02-04,2014-02-03,SPX,QR-Full,QR-Full-expanding-min750-refit10-SigmaHatRECONSTRUCTED,1,,,,,,,,0.007612043383,,False,predictors_unavailable
2014-02-05,2014-02-04,SPX,QR-Full,QR-Full-expanding-min750-refit10-SigmaHatRECONSTRUCTED,1,,,,,,,,-0.00203028211,,False,predictors_unavailable
2014-02-06,2014-02-05,SPX,QR-Full,QR-Full-expanding-min750-refit10-SigmaHatRECONSTRUCTED,1,,,,,,,,0.01236305442,,False,predictors_unavailable
2014-02-07,2014-02-06,SPX,QR-Full,QR-Full-expanding-min750-refit10-SigmaHatRECONSTRUCTED,1,,,,,,,,0.0132141936,,False,predictors_unavailable
2014-02-10,2014-02-07,SPX,QR-Full,QR-Full-expanding-min750-refit10-SigmaHatRECONSTRUCTED,1,,,,,,,,0.001568004642,,False,predictors_unavailable
2014-02-11,2014-02-10,SPX,QR-Full,QR-Full-expanding-min750-refit10-SigmaHatRECONSTRUCTED,1,,,,,,,,0.01100137584,,False,predictors_unavailable
2014-02-12,2014-02-11,SPX,QR-Full,QR-Full-expanding-min750-refit10-SigmaHatRECONSTRUCTED,1,,,,,,,,-0.0002692985189,,False,predictors_unavailable
2014-02-13,2014-02-12,SPX,QR-Full,QR-Full-expanding-min750-refit10-SigmaHatRECONSTRUCTED,1,,,,,,,,0.00579321182,,False,predictors_unavailable
2014-02-14,2014-02-13,SPX,QR-Full,QR-Full-expanding-min750-refit10-SigmaHatRECONSTRUCTED,1,,,,,,,,0.004797689479,,False,predictors_unavailable
2014-02-18,2014-02-14,SPX,QR-Full,QR-Full-expanding-min750-refit10-SigmaHatRECONSTRUCTED,1,,,,,,,,0.001157803456,,False,predictors_unavailable
2014-02-19,2014-02-18,SPX,QR-Full,QR-Full-expanding-min750-refit10-SigmaHatRECONSTRUCTED,1,,,,,,,,-0.006545861901,,False,predictors_unavailable
2014-02-20,2014-02-19,SPX,QR-Full,QR-Full-expanding-min750-refit10-SigmaHatRECONSTRUCTED,1,,,,,,,,0.006013341666,,False,predictors_unavailable
2014-02-21,2014-02-20,SPX,QR-Full,QR-Full-expanding-min750-refit10-SigmaHatRECONSTRUCTED,1,,,,,,,,-0.001920566512,,False,predictors_unavailable
2014-02-24,2014-02-21,SPX,QR-Full,QR-Full-expanding-min750-refit10-SigmaHatRECONSTRUCTED,1,,,,,,,,0.006167455362,,False,predictors_unavailable
2014-02-25,2014-02-24,SPX,QR-Full,QR-Full-expanding-min750-refit10-SigmaHatRECONSTRUCTED,1,,,,,,,,-0.00134859055,,False,predictors_unavailable
2014-02-26,2014-02-25,SPX,QR-Full,QR-Full-expanding-min750-refit10-SigmaHatRECONSTRUCTED,1,,,,,,,,2.169970825e-05,,False,predictors_unavailable
2014-02-27,2014-02-26,SPX,QR-Full,QR-Full-expanding-min750-refit10-SigmaHatRECONSTRUCTED,1,,,,,,,,0.004935881472,,False,predictors_unavailable
2014-02-28,2014-02-27,SPX,QR-Full,QR-Full-expanding-min750-refit10-SigmaHatRECONSTRUCTED,1,,,,,,,,0.002778824223,,False,predictors_unavailable
2014-03-03,2014-02-28,SPX,QR-Full,QR-Full-expanding-min750-refit10-SigmaHatRECONSTRUCTED,1,,,,,,,,-0.007405866362,,False,predictors_unavailable
2014-03-04,2014-03-03,SPX,QR-Full,QR-Full-expanding-min750-refit10-SigmaHatRECONSTRUCTED,1,,,,,,,,0.01515232283,,False,predictors_unavailable
2014-03-05,2014-03-04,SPX,QR-Full,QR-Full-expanding-min750-refit10-SigmaHatRECONSTRUCTED,1,,,,,,,,-5.335243697e-05,,False,predictors_unavailable
2014-03-06,2014-03-05,SPX,QR-Full,QR-Full-expanding-min750-refit10-SigmaHatRECONSTRUCTED,1,,,,,,,,0.001716933122,,False,predictors_unavailable
2014-03-07,2014-03-06,SPX,QR-Full,QR-Full-expanding-min750-refit10-SigmaHatRECONSTRUCTED,1,,,,,,,,0.000537944702,,False,predictors_unavailable
2014-03-10,2014-03-07,SPX,QR-Full,QR-Full-expanding-min750-refit10-SigmaHatRECONSTRUCTED,1,,,,,,,,-0.0004633535788,,False,predictors_unavailable
2014-03-11,2014-03-10,SPX,QR-Full,QR-Full-expanding-min750-refit10-SigmaHatRECONSTRUCTED,1,,,,,,,,-0.005095096942,5.564220047e-05,False,predictors_unavailable
2014-03-12,2014-03-11,SPX,QR-Full,QR-Full-expanding-min750-refit10-SigmaHatRECONSTRUCTED,1,,,,,,,,0.0003051241685,5.541699633e-05,False,predictors_unavailable
2014-03-13,2014-03-12,SPX,QR-Full,QR-Full-expanding-min750-refit10-SigmaHatRECONSTRUCTED,1,,,,,,,,-0.01177009151,9.750606256e-05,False,predictors_unavailable
2014-03-14,2014-03-13,SPX,QR-Full,QR-Full-expanding-min750-refit10-SigmaHatRECONSTRUCTED,1,,,,,,,,-0.002825766451,9.707736047e-05,False,predictors_unavailable
2014-03-17,2014-03-14,SPX,QR-Full,QR-Full-expanding-min750-refit10-SigmaHatRECONSTRUCTED,1,,,,,,,,0.009567717602,5.741667255e-05,False,predictors_unavailable
2014-03-18,2014-03-17,SPX,QR-Full,QR-Full-expanding-min750-refit10-SigmaHatRECONSTRUCTED,1,,,,,,,,0.007193682275,4.817193697e-05,False,predictors_unavailable
2014-03-19,2014-03-18,SPX,QR-Full,QR-Full-expanding-min750-refit10-SigmaHatRECONSTRUCTED,1,,,,,,,,-0.006150524845,,False,predictors_unavailable
2014-03-20,2014-03-19,SPX,QR-Full,QR-Full-expanding-min750-refit10-SigmaHatRECONSTRUCTED,1,,,,,,,,0.006022333961,,False,predictors_unavailable
2014-03-21,2014-03-20,SPX,QR-Full,QR-Full-expanding-min750-refit10-SigmaHatRECONSTRUCTED,1,,,,,,,,-0.002936979991,6.421585619e-05,False,predictors_unavailable
2014-03-24,2014-03-21,SPX,QR-Full,QR-Full-expanding-min750-refit10-SigmaHatRECONSTRUCTED,1,,,,,,,,-0.004876581429,0.0001046813881,False,predictors_unavailable
2014-03-25,2014-03-24,SPX,QR-Full,QR-Full-expanding-min750-refit10-SigmaHatRECONSTRUCTED,1,,,,,,,,0.004394271005,5.465774512e-05,False,predictors_unavailable
2014-03-26,2014-03-25,SPX,QR-Full,QR-Full-expanding-min750-refit10-SigmaHatRECONSTRUCTED,1,,,,,,,,-0.007024936673,5.88802984e-05,False,predictors_unavailable
2014-03-27,2014-03-26,SPX,QR-Full,QR-Full-expanding-min750-refit10-SigmaHatRECONSTRUCTED,1,,,,,,,,-0.001901891597,0.000125467365,False,predictors_unavailable
2014-03-28,2014-03-27,SPX,QR-Full,QR-Full-expanding-min750-refit10-SigmaHatRECONSTRUCTED,1,,,,,,,,0.004629489214,6.772023771e-05,False,predictors_unavailable
2014-03-31,2014-03-28,SPX,QR-Full,QR-Full-expanding-min750-refit10-SigmaHatRECONSTRUCTED,1,,,,,,,,0.007892871544,3.307002766e-05,False,predictors_unavailable
2014-04-01,2014-03-31,SPX,QR-Full,QR-Full-expanding-min750-refit10-SigmaHatRECONSTRUCTED,1,,,,,,,,0.007014688197,2.10400459e-05,False,predictors_unavailable
2014-04-02,2014-04-01,SPX,QR-Full,QR-Full-expanding-min750-refit10-SigmaHatRECONSTRUCTED,1,,,,,,,,0.002849263364,2.458427076e-05,False,predictors_unavailable
2014-04-03,2014-04-02,SPX,QR-Full,QR-Full-expanding-min750-refit10-SigmaHatRECONSTRUCTED,1,,,,,,,,-0.001127084746,3.07076215e-05,False,predictors_unavailable
2014-04-04,2014-04-03,SPX,QR-Full,QR-Full-expanding-min750-refit10-SigmaHatRECONSTRUCTED,1,,,,,,,,-0.01261654308,8.999596963e-05,False,predictors_unavailable
2014-04-07,2014-04-04,SPX,QR-Full,QR-Full-expanding-min750-refit10-SigmaHatRECONSTRUCTED,1,,,,,,,,-0.01080831246,9.625716511e-05,False,predictors_unavailable
2014-04-08,2014-04-07,SPX,QR-Full,QR-Full-expanding-min750-refit10-SigmaHatRECONSTRUCTED,1,,,,,,,,0.003743538048,8.065370114e-05,False,predictors_unavailable
2014-04-09,2014-04-08,SPX,QR-Full,QR-Full-expanding-min750-refit10-SigmaHatRECONSTRUCTED,1,,,,,,,,0.01085903946,4.611543197e-05,False,predictors_unavailable
2014-04-10,2014-04-09,SPX,QR-Full,QR-Full-expanding-min750-refit10-SigmaHatRECONSTRUCTED,1,,,,,,,,-0.02110596792,0.0001253820671,False,predictors_unavailable
2014-04-11,2014-04-10,SPX,QR-Full,QR-Full-expanding-min750-refit10-SigmaHatRECONSTRUCTED,1,,,,,,,,-0.009532059934,0.0001305117897,False,predictors_unavailable
2014-04-14,2014-04-11,SPX,QR-Full,QR-Full-expanding-min750-refit10-SigmaHatRECONSTRUCTED,1,,,,,,,,0.008183708182,0.0001017223107,False,predictors_unavailable
2014-04-15,2014-04-14,SPX,QR-Full,QR-Full-expanding-min750-refit10-SigmaHatRECONSTRUCTED,1,,,,,,,,0.006734579455,0.0001621119681,False,predictors_unavailable
2014-04-16,2014-04-15,SPX,QR-Full,QR-Full-expanding-min750-refit10-SigmaHatRECONSTRUCTED,1,,,,,,,,0.01043386842,6.437242063e-05,False,predictors_unavailable
2014-04-17,2014-04-16,SPX,QR-Full,QR-Full-expanding-min750-refit10-SigmaHatRECONSTRUCTED,1,,,,,,,,0.001362923711,3.95865421e-05,False,predictors_unavailable
2014-04-21,2014-04-17,SPX,QR-Full,QR-Full-expanding-min750-refit10-SigmaHatRECONSTRUCTED,1,,,,,,,,0.003768015621,2.703779831e-05,False,predictors_unavailable
2014-04-22,2014-04-21,SPX,QR-Full,QR-Full-expanding-min750-refit10-SigmaHatRECONSTRUCTED,1,,,,,,,,0.0040837889,1.904764633e-05,False,predictors_unavailable
2014-04-23,2014-04-22,SPX,QR-Full,QR-Full-expanding-min750-refit10-SigmaHatRECONSTRUCTED,1,,,,,,,,-0.002215766767,3.290370617e-05,False,predictors_unavailable
2014-04-24,2014-04-23,SPX,QR-Full,QR-Full-expanding-min750-refit10-SigmaHatRECONSTRUCTED,1,,,,,,,,0.001715487901,6.794647109e-05,False,predictors_unavailable
2014-04-25,2014-04-24,SPX,QR-Full,QR-Full-expanding-min750-refit10-SigmaHatRECONSTRUCTED,1,,,,,,,,-0.008129344779,4.913721093e-05,False,predictors_unavailable
2014-04-28,2014-04-25,SPX,QR-Full,QR-Full-expanding-min750-refit10-SigmaHatRECONSTRUCTED,1,,,,,,,,0.003230811539,0.0001268914632,False,predictors_unavailable
2014-04-29,2014-04-28,SPX,QR-Full,QR-Full-expanding-min750-refit10-SigmaHatRECONSTRUCTED,1,,,,,,,,0.004749460321,3.244846725e-05,False,predictors_unavailable
2014-04-30,2014-04-29,SPX,QR-Full,QR-Full-expanding-min750-refit10-SigmaHatRECONSTRUCTED,1,,,,,,,,0.002987549741,4.834324007e-05,False,predictors_unavailable
2014-05-01,2014-04-30,SPX,QR-Full,QR-Full-expanding-min750-refit10-SigmaHatRECONSTRUCTED,1,,,,,,,,-0.0001432714996,3.830857642e-05,False,predictors_unavailable
2014-05-02,2014-05-01,SPX,QR-Full,QR-Full-expanding-min750-refit10-SigmaHatRECONSTRUCTED,1,,,,,,,,-0.001349354996,6.709668509e-05,False,predictors_unavailable
2014-05-05,2014-05-02,SPX,QR-Full,QR-Full-expanding-min750-refit10-SigmaHatRECONSTRUCTED,1,,,,,,,,0.0018694673,3.916037189e-05,False,predictors_unavailable
2014-05-06,2014-05-05,SPX,QR-Full,QR-Full-expanding-min750-refit10-SigmaHatRECONSTRUCTED,1,,,,,,,,-0.009029031208,4.191335966e-05,False,predictors_unavailable
2014-05-07,2014-05-06,SPX,QR-Full,QR-Full-expanding-min750-refit10-SigmaHatRECONSTRUCTED,1,,,,,,,,0.005600754745,0.0001301343288,False,predictors_unavailable
2014-05-08,2014-05-07,SPX,QR-Full,QR-Full-expanding-min750-refit10-SigmaHatRECONSTRUCTED,1,,,,,,,,-0.001374569204,6.18228937e-05,False,predictors_unavailable
2014-05-09,2014-05-08,SPX,QR-Full,QR-Full-expanding-min750-refit10-SigmaHatRECONSTRUCTED,1,,,,,,,,0.001518322883,5.374988181e-05,False,predictors_unavailable
2014-05-12,2014-05-09,SPX,QR-Full,QR-Full-expanding-min750-refit10-SigmaHatRECONSTRUCTED,1,,,,,,,,0.009626256204,1.632827274e-05,False,predictors_unavailable
2014-05-13,2014-05-12,SPX,QR-Full,QR-Full-expanding-min750-refit10-SigmaHatRECONSTRUCTED,1,,,,,,,,0.000421668916,2.119842503e-05,False,predictors_unavailable
2014-05-14,2014-05-13,SPX,QR-Full,QR-Full-expanding-min750-refit10-SigmaHatRECONSTRUCTED,1,,,,,,,,-0.004712089632,2.704117172e-05,False,predictors_unavailable
2014-05-15,2014-05-14,SPX,QR-Full,QR-Full-expanding-min750-refit10-SigmaHatRECONSTRUCTED,1,,,,,,,,-0.009405903805,7.446019755e-05,False,predictors_unavailable
2014-05-16,2014-05-15,SPX,QR-Full,QR-Full-expanding-min750-refit10-SigmaHatRECONSTRUCTED,1,,,,,,,,0.00373996241,4.162925285e-05,False,predictors_unavailable
2014-05-19,2014-05-16,SPX,QR-Full,QR-Full-expanding-min750-refit10-SigmaHatRECONSTRUCTED,1,,,,,,,,0.003837414348,2.436835698e-05,False,predictors_unavailable
2014-05-20,2014-05-19,SPX,QR-Full,QR-Full-expanding-min750-refit10-SigmaHatRECONSTRUCTED,1,,,,,,,,-0.006519604609,5.235777859e-05,False,predictors_unavailable
2014-05-21,2014-05-20,SPX,QR-Full,QR-Full-expanding-min750-refit10-SigmaHatRECONSTRUCTED,1,,,,,,,,0.00808334042,2.497274697e-05,False,predictors_unavailable
2014-05-22,2014-05-21,SPX,QR-Full,QR-Full-expanding-min750-refit10-SigmaHatRECONSTRUCTED,1,,,,,,,,0.002359444228,1.735628848e-05,False,predictors_unavailable
2014-05-23,2014-05-22,SPX,QR-Full,QR-Full-expanding-min750-refit10-SigmaHatRECONSTRUCTED,1,,,,,,,,0.004239392886,7.469406327e-06,False,predictors_unavailable
2014-05-27,2014-05-23,SPX,QR-Full,QR-Full-expanding-min750-refit10-SigmaHatRECONSTRUCTED,1,,,,,,,,0.005969950274,1.394225801e-05,False,predictors_unavailable
2014-05-28,2014-05-27,SPX,QR-Full,QR-Full-expanding-min750-refit10-SigmaHatRECONSTRUCTED,1,,,,,,,,-0.001114692812,1.909065144e-05,False,predictors_unavailable
2014-05-29,2014-05-28,SPX,QR-Full,QR-Full-expanding-min750-refit10-SigmaHatRECONSTRUCTED,1,,,,,,,,0.005352758658,1.346394049e-05,False,predictors_unavailable
2014-05-30,2014-05-29,SPX,QR-Full,QR-Full-expanding-min750-refit10-SigmaHatRECONSTRUCTED,1,,,,,,,,0.001841980447,1.548294101e-05,False,predictors_unavailable
2014-06-02,2014-05-30,SPX,QR-Full,QR-Full-expanding-min750-refit10-SigmaHatRECONSTRUCTED,1,,,,,,,,0.0007275616686,3.126675773e-05,False,predictors_unavailable
2014-06-03,2014-06-02,SPX,QR-Full,QR-Full-expanding-min750-refit10-SigmaHatRECONSTRUCTED,1,,,,,,,,-0.0003792887456,1.441605284e-05,False,predictors_unavailable
2014-06-04,2014-06-03,SPX,QR-Full,QR-Full-expanding-min750-refit10-SigmaHatRECONSTRUCTED,1,,,,,,,,0.001889876789,1.65721078e-05,False,predictors_unavailable
2014-06-05,2014-06-04,SPX,QR-Full,QR-Full-expanding-min750-refit10-SigmaHatRECONSTRUCTED,1,,,,,,,,0.006504082091,2.950400594e-05,False,predictors_unavailable
2014-06-06,2014-06-05,SPX,QR-Full,QR-Full-expanding-min750-refit10-SigmaHatRECONSTRUCTED,1,,,,,,,,0.004617083307,1.106502042e-05,False,predictors_unavailable
2014-06-09,2014-06-06,SPX,QR-Full,QR-Full-expanding-min750-refit10-SigmaHatRECONSTRUCTED,1,,,,,,,,0.0009383313051,1.393384607e-05,False,predictors_unavailable
2014-06-10,2014-06-09,SPX,QR-Full,QR-Full-expanding-min750-refit10-SigmaHatRECONSTRUCTED,1,,,,,,,,-0.0002460141541,1.917788524e-05,False,predictors_unavailable
2014-06-11,2014-06-10,SPX,QR-Full,QR-Full-expanding-min750-refit10-SigmaHatRECONSTRUCTED,1,,,,,,,,-0.003543310939,1.630984845e-05,False,predictors_unavailable
2014-06-12,2014-06-11,SPX,QR-Full,QR-Full-expanding-min750-refit10-SigmaHatRECONSTRUCTED,1,,,,,,,,-0.007114139452,3.57308926e-05,False,predictors_unavailable
2014-06-13,2014-06-12,SPX,QR-Full,QR-Full-expanding-min750-refit10-SigmaHatRECONSTRUCTED,1,,,,,,,,0.003129659288,3.878055096e-05,False,predictors_unavailable
2014-06-16,2014-06-13,SPX,QR-Full,QR-Full-expanding-min750-refit10-SigmaHatRECONSTRUCTED,1,,,,,,,,0.0008363552704,3.522555738e-05,False,predictors_unavailable
2014-06-17,2014-06-16,SPX,QR-Full,QR-Full-expanding-min750-refit10-SigmaHatRECONSTRUCTED,1,,,,,,,,0.002170212477,3.061299255e-05,False,predictors_unavailable
2014-06-18,2014-06-17,SPX,QR-Full,QR-Full-expanding-min750-refit10-SigmaHatRECONSTRUCTED,1,,,,,,,,0.007689243042,3.1697961e-05,False,predictors_unavailable
2014-06-19,2014-06-18,SPX,QR-Full,QR-Full-expanding-min750-refit10-SigmaHatRECONSTRUCTED,1,,,,,,,,0.001276663295,1.845839064e-05,False,predictors_unavailable
2014-06-20,2014-06-19,SPX,QR-Full,QR-Full-expanding-min750-refit10-SigmaHatRECONSTRUCTED,1,,,,,,,,0.001728563675,9.536231923e-06,False,predictors_unavailable
2014-06-23,2014-06-20,SPX,QR-Full,QR-Full-expanding-min750-refit10-SigmaHatRECONSTRUCTED,1,,,,,,,,-0.0001324729723,1.369519796e-05,False,predictors_unavailable
2014-06-24,2014-06-23,SPX,QR-Full,QR-Full-expanding-min750-refit10-SigmaHatRECONSTRUCTED,1,,,,,,,,-0.00645610656,3.193109562e-05,False,predictors_unavailable
2014-06-25,2014-06-24,SPX,QR-Full,QR-Full-expanding-min750-refit10-SigmaHatRECONSTRUCTED,1,,,,,,,,0.004885557512,2.790968546e-05,False,predictors_unavailable
2014-06-26,2014-06-25,SPX,QR-Full,QR-Full-expanding-min750-refit10-SigmaHatRECONSTRUCTED,1,,,,,,,,-0.001179579124,4.173955849e-05,False,predictors_unavailable
2014-06-27,2014-06-26,SPX,QR-Full,QR-Full-expanding-min750-refit10-SigmaHatRECONSTRUCTED,1,,,,,,,,0.001909045118,2.249576835e-05,False,predictors_unavailable
2014-06-30,2014-06-27,SPX,QR-Full,QR-Full-expanding-min750-refit10-SigmaHatRECONSTRUCTED,1,,,,,,,,-0.000372326268,1.216881408e-05,False,predictors_unavailable
2014-07-01,2014-06-30,SPX,QR-Full,QR-Full-expanding-min750-refit10-SigmaHatRECONSTRUCTED,1,,,,,,,,0.006655572989,1.692939967e-05,False,predictors_unavailable
2014-07-02,2014-07-01,SPX,QR-Full,QR-Full-expanding-min750-refit10-SigmaHatRECONSTRUCTED,1,,,,,,,,0.0006585961623,1.399760635e-05,False,predictors_unavailable
2014-07-03,2014-07-02,SPX,QR-Full,QR-Full-expanding-min750-refit10-SigmaHatRECONSTRUCTED,1,,,,,,,,0.005464550082,,False,predictors_unavailable
2014-07-07,2014-07-03,SPX,QR-Full,QR-Full-expanding-min750-refit10-SigmaHatRECONSTRUCTED,1,,,,,,,,-0.003931239059,,False,predictors_unavailable
2014-07-08,2014-07-07,SPX,QR-Full,QR-Full-expanding-min750-refit10-SigmaHatRECONSTRUCTED,1,,,,,,,,-0.00707376194,4.335553867e-05,False,predictors_unavailable
2014-07-09,2014-07-08,SPX,QR-Full,QR-Full-expanding-min750-refit10-SigmaHatRECONSTRUCTED,1,,,,,,,,0.004633516494,2.746381888e-05,False,predictors_unavailable
2014-07-10,2014-07-09,SPX,QR-Full,QR-Full-expanding-min750-refit10-SigmaHatRECONSTRUCTED,1,,,,,,,,-0.00413962815,4.362422788e-05,False,predictors_unavailable
2014-07-11,2014-07-10,SPX,QR-Full,QR-Full-expanding-min750-refit10-SigmaHatRECONSTRUCTED,1,,,,,,,,0.001469841704,2.251911089e-05,False,predictors_unavailable
2014-07-14,2014-07-11,SPX,QR-Full,QR-Full-expanding-min750-refit10-SigmaHatRECONSTRUCTED,1,,,,,,,,0.004831861083,7.756091005e-06,False,predictors_unavailable
2014-07-15,2014-07-14,SPX,QR-Full,QR-Full-expanding-min750-refit10-SigmaHatRECONSTRUCTED,1,,,,,,,,-0.001933964928,5.703466851e-05,False,predictors_unavailable
2014-07-16,2014-07-15,SPX,QR-Full,QR-Full-expanding-min750-refit10-SigmaHatRECONSTRUCTED,1,,,,,,,,0.004192285014,1.612118639e-05,False,predictors_unavailable
2014-07-17,2014-07-16,SPX,QR-Full,QR-Full-expanding-min750-refit10-SigmaHatRECONSTRUCTED,1,,,,,,,,-0.01190460584,7.148836278e-05,False,predictors_unavailable
2014-07-18,2014-07-17,SPX,QR-Full,QR-Full-expanding-min750-refit10-SigmaHatRECONSTRUCTED,1,,,,,,,,0.01021260911,2.375583716e-05,False,predictors_unavailable
2014-07-21,2014-07-18,SPX,QR-Full,QR-Full-expanding-min750-refit10-SigmaHatRECONSTRUCTED,1,,,,,,,,-0.002322946515,2.043695431e-05,False,predictors_unavailable
2014-07-22,2014-07-21,SPX,QR-Full,QR-Full-expanding-min750-refit10-SigmaHatRECONSTRUCTED,1,,,,,,,,0.005003610958,1.203076185e-05,False,predictors_unavailable
2014-07-23,2014-07-22,SPX,QR-Full,QR-Full-expanding-min750-refit10-SigmaHatRECONSTRUCTED,1,,,,,,,,0.001752901045,1.649528304e-05,False,predictors_unavailable
2014-07-24,2014-07-23,SPX,QR-Full,QR-Full-expanding-min750-refit10-SigmaHatRECONSTRUCTED,1,,,,,,,,0.0004880364588,1.342993305e-05,False,predictors_unavailable
2014-07-25,2014-07-24,SPX,QR-Full,QR-Full-expanding-min750-refit10-SigmaHatRECONSTRUCTED,1,,,,,,,,-0.004860945719,2.516098904e-05,False,predictors_unavailable
2014-07-28,2014-07-25,SPX,QR-Full,QR-Full-expanding-min750-refit10-SigmaHatRECONSTRUCTED,1,,,,,,,,0.0002881132119,3.434780809e-05,False,predictors_unavailable
2014-07-29,2014-07-28,SPX,QR-Full,QR-Full-expanding-min750-refit10-SigmaHatRECONSTRUCTED,1,,,,,,,,-0.00453806841,4.359608841e-05,False,predictors_unavailable
2014-07-30,2014-07-29,SPX,QR-Full,QR-Full-expanding-min750-refit10-SigmaHatRECONSTRUCTED,1,,,,,,,,6.091085993e-05,6.458509362e-05,False,predictors_unavailable
2014-07-31,2014-07-30,SPX,QR-Full,QR-Full-expanding-min750-refit10-SigmaHatRECONSTRUCTED,1,,,,,,,,-0.02020193198,,False,predictors_unavailable
2014-08-01,2014-07-31,SPX,QR-Full,QR-Full-expanding-min750-refit10-SigmaHatRECONSTRUCTED,1,,,,,,,,-0.002863216475,,False,predictors_unavailable
2014-08-04,2014-08-01,SPX,QR-Full,QR-Full-expanding-min750-refit10-SigmaHatRECONSTRUCTED,1,,,,,,,,0.007163314544,4.751802005e-05,False,predictors_unavailable
2014-08-05,2014-08-04,SPX,QR-Full,QR-Full-expanding-min750-refit10-SigmaHatRECONSTRUCTED,1,,,,,,,,-0.009732679044,0.0001340809279,False,predictors_unavailable
2014-08-06,2014-08-05,SPX,QR-Full,QR-Full-expanding-min750-refit10-SigmaHatRECONSTRUCTED,1,,,,,,,,1.563827176e-05,7.498606794e-05,False,predictors_unavailable
2014-08-07,2014-08-06,SPX,QR-Full,QR-Full-expanding-min750-refit10-SigmaHatRECONSTRUCTED,1,,,,,,,,-0.005572115476,8.512518292e-05,False,predictors_unavailable
2014-08-08,2014-08-07,SPX,QR-Full,QR-Full-expanding-min750-refit10-SigmaHatRECONSTRUCTED,1,,,,,,,,0.0114654228,4.451410101e-05,False,predictors_unavailable
2014-08-11,2014-08-08,SPX,QR-Full,QR-Full-expanding-min750-refit10-SigmaHatRECONSTRUCTED,1,,,,,,,,0.002755624961,2.507478288e-05,False,predictors_unavailable
2014-08-12,2014-08-11,SPX,QR-Full,QR-Full-expanding-min750-refit10-SigmaHatRECONSTRUCTED,1,,,,,,,,-0.001637982402,4.403418932e-05,False,predictors_unavailable
2014-08-13,2014-08-12,SPX,QR-Full,QR-Full-expanding-min750-refit10-SigmaHatRECONSTRUCTED,1,,,,,,,,0.006684767255,2.204771258e-05,False,predictors_unavailable
2014-08-14,2014-08-13,SPX,QR-Full,QR-Full-expanding-min750-refit10-SigmaHatRECONSTRUCTED,1,,,,,,,,0.004336398269,8.683857859e-06,False,predictors_unavailable
2014-08-15,2014-08-14,SPX,QR-Full,QR-Full-expanding-min750-refit10-SigmaHatRECONSTRUCTED,1,,,,,,,,-6.137474762e-05,9.905027184e-05,False,predictors_unavailable
2014-08-18,2014-08-15,SPX,QR-Full,QR-Full-expanding-min750-refit10-SigmaHatRECONSTRUCTED,1,,,,,,,,0.008495482893,1.069464308e-05,False,predictors_unavailable
2014-08-19,2014-08-18,SPX,QR-Full,QR-Full-expanding-min750-refit10-SigmaHatRECONSTRUCTED,1,,,,,,,,0.004988190507,6.835308118e-06,False,predictors_unavailable
2014-08-20,2014-08-19,SPX,QR-Full,QR-Full-expanding-min750-refit10-SigmaHatRECONSTRUCTED,1,,,,,,,,0.002474748192,1.764317928e-05,False,predictors_unavailable
2014-08-21,2014-08-20,SPX,QR-Full,QR-Full-expanding-min750-refit10-SigmaHatRECONSTRUCTED,1,,,,,,,,0.002945547103,1.405992705e-05,False,predictors_unavailable
2014-08-22,2014-08-21,SPX,QR-Full,QR-Full-expanding-min750-refit10-SigmaHatRECONSTRUCTED,1,,,,,,,,-0.001994575068,3.679020099e-05,False,predictors_unavailable
2014-08-25,2014-08-22,SPX,QR-Full,QR-Full-expanding-min750-refit10-SigmaHatRECONSTRUCTED,1,,,,,,,,0.004776354099,1.850723327e-05,False,predictors_unavailable
2014-08-26,2014-08-25,SPX,QR-Full,QR-Full-expanding-min750-refit10-SigmaHatRECONSTRUCTED,1,,,,,,,,0.001050529102,,False,predictors_unavailable
2014-08-27,2014-08-26,SPX,QR-Full,QR-Full-expanding-min750-refit10-SigmaHatRECONSTRUCTED,1,,,,,,,,4.998575032e-05,,False,predictors_unavailable
2014-08-28,2014-08-27,SPX,QR-Full,QR-Full-expanding-min750-refit10-SigmaHatRECONSTRUCTED,1,,,,,,,,-0.001691330604,2.44941585e-05,False,predictors_unavailable
2014-08-29,2014-08-28,SPX,QR-Full,QR-Full-expanding-min750-refit10-SigmaHatRECONSTRUCTED,1,,,,,,,,0.003314914388,1.547508185e-05,False,predictors_unavailable
2014-09-02,2014-08-29,SPX,QR-Full,QR-Full-expanding-min750-refit10-SigmaHatRECONSTRUCTED,1,,,,,,,,-0.0005442143075,2.425717083e-05,False,predictors_unavailable
2014-09-03,2014-09-02,SPX,QR-Full,QR-Full-expanding-min750-refit10-SigmaHatRECONSTRUCTED,1,,,,,,,,-0.0007794444561,1.61393361e-05,False,predictors_unavailable
2014-09-04,2014-09-03,SPX,QR-Full,QR-Full-expanding-min750-refit10-SigmaHatRECONSTRUCTED,1,,,,,,,,-0.00153559956,3.282865211e-05,False,predictors_unavailable
2014-09-05,2014-09-04,SPX,QR-Full,QR-Full-expanding-min750-refit10-SigmaHatRECONSTRUCTED,1,,,,,,,,0.005023247943,4.357704712e-05,False,predictors_unavailable
2014-09-08,2014-09-05,SPX,QR-Full,QR-Full-expanding-min750-refit10-SigmaHatRECONSTRUCTED,1,,,,,,,,-0.003077845917,3.070360019e-05,False,predictors_unavailable
2014-09-09,2014-09-08,SPX,QR-Full,QR-Full-expanding-min750-refit10-SigmaHatRECONSTRUCTED,1,,,,,,,,-0.006566521706,5.506171789e-05,False,predictors_unavailable
2014-09-10,2014-09-09,SPX,QR-Full,QR-Full-expanding-min750-refit10-SigmaHatRECONSTRUCTED,1,,,,,,,,0.003639443601,5.737210322e-05,False,predictors_unavailable
2014-09-11,2014-09-10,SPX,QR-Full,QR-Full-expanding-min750-refit10-SigmaHatRECONSTRUCTED,1,,,,,,,,0.0008815168822,3.075411219e-05,False,predictors_unavailable
2014-09-12,2014-09-11,SPX,QR-Full,QR-Full-expanding-min750-refit10-SigmaHatRECONSTRUCTED,1,,,,,,,,-0.005980405437,4.79740164e-05,False,predictors_unavailable
2014-09-15,2014-09-12,SPX,QR-Full,QR-Full-expanding-min750-refit10-SigmaHatRECONSTRUCTED,1,,,,,,,,-0.0007104036576,3.058481563e-05,False,predictors_unavailable
2014-09-16,2014-09-15,SPX,QR-Full,QR-Full-expanding-min750-refit10-SigmaHatRECONSTRUCTED,1,,,,,,,,0.007456507031,3.532635218e-05,False,predictors_unavailable
2014-09-17,2014-09-16,SPX,QR-Full,QR-Full-expanding-min750-refit10-SigmaHatRECONSTRUCTED,1,,,,,,,,0.001294805169,0.0001064016015,False,predictors_unavailable
2014-09-18,2014-09-17,SPX,QR-Full,QR-Full-expanding-min750-refit10-SigmaHatRECONSTRUCTED,1,,,,,,,,0.004879257097,2.786594347e-05,False,predictors_unavailable
2014-09-19,2014-09-18,SPX,QR-Full,QR-Full-expanding-min750-refit10-SigmaHatRECONSTRUCTED,1,,,,,,,,-0.0004773835416,2.410596731e-05,False,predictors_unavailable
2014-09-22,2014-09-19,SPX,QR-Full,QR-Full-expanding-min750-refit10-SigmaHatRECONSTRUCTED,1,,,,,,,,-0.008045602356,3.213409032e-05,False,predictors_unavailable
2014-09-23,2014-09-22,SPX,QR-Full,QR-Full-expanding-min750-refit10-SigmaHatRECONSTRUCTED,1,,,,,,,,-0.005793249812,4.068752841e-05,False,predictors_unavailable
2014-09-24,2014-09-23,SPX,QR-Full,QR-Full-expanding-min750-refit10-SigmaHatRECONSTRUCTED,1,,,,,,,,0.007801976608,3.029657915e-05,False,predictors_unavailable
2014-09-25,2014-09-24,SPX,QR-Full,QR-Full-expanding-min750-refit10-SigmaHatRECONSTRUCTED,1,,,,,,,,-0.01630091347,7.761545913e-05,False,predictors_unavailable
2014-09-26,2014-09-25,SPX,QR-Full,QR-Full-expanding-min750-refit10-SigmaHatRECONSTRUCTED,1,,,,,,,,0.008539261452,6.567756783e-05,False,predictors_unavailable
2014-09-29,2014-09-26,SPX,QR-Full,QR-Full-expanding-min750-refit10-SigmaHatRECONSTRUCTED,1,,,,,,,,-0.002550050979,7.449235287e-05,False,predictors_unavailable
2014-09-30,2014-09-29,SPX,QR-Full,QR-Full-expanding-min750-refit10-SigmaHatRECONSTRUCTED,1,,,,,,,,-0.002789816663,7.559284198e-05,False,predictors_unavailable
2014-10-01,2014-09-30,SPX,QR-Full,QR-Full-expanding-min750-refit10-SigmaHatRECONSTRUCTED,1,,,,,,,,-0.01333710617,0.0001134859405,False,predictors_unavailable
2014-10-02,2014-10-01,SPX,QR-Full,QR-Full-expanding-min750-refit10-SigmaHatRECONSTRUCTED,1,,,,,,,,5.143448679e-06,0.0001107525176,False,predictors_unavailable
2014-10-03,2014-10-02,SPX,QR-Full,QR-Full-expanding-min750-refit10-SigmaHatRECONSTRUCTED,1,,,,,,,,0.01110363529,8.037265182e-05,False,predictors_unavailable
2014-10-06,2014-10-03,SPX,QR-Full,QR-Full-expanding-min750-refit10-SigmaHatRECONSTRUCTED,1,,,,,,,,-0.001566385938,6.534643905e-05,False,predictors_unavailable
2014-10-07,2014-10-06,SPX,QR-Full,QR-Full-expanding-min750-refit10-SigmaHatRECONSTRUCTED,1,,,,,,,,-0.01524161826,7.752412786e-05,False,predictors_unavailable
2014-10-08,2014-10-07,SPX,QR-Full,QR-Full-expanding-min750-refit10-SigmaHatRECONSTRUCTED,1,,,,,,,,0.01731094746,0.0001375754745,False,predictors_unavailable
2014-10-09,2014-10-08,SPX,QR-Full,QR-Full-expanding-min750-refit10-SigmaHatRECONSTRUCTED,1,,,,,,,,-0.0208778486,0.0002000991498,False,predictors_unavailable
2014-10-10,2014-10-09,SPX,QR-Full,QR-Full-expanding-min750-refit10-SigmaHatRECONSTRUCTED,1,,,,,,,,-0.01151708,0.0002383682444,False,predictors_unavailable
2014-10-13,2014-10-10,SPX,QR-Full,QR-Full-expanding-min750-refit10-SigmaHatRECONSTRUCTED,1,,,,,,,,-0.01660503339,0.00026535065,False,predictors_unavailable
2014-10-14,2014-10-13,SPX,QR-Full,QR-Full-expanding-min750-refit10-SigmaHatRECONSTRUCTED,1,,,,,,,,0.001577619714,0.0002538676713,False,predictors_unavailable
2014-10-15,2014-10-14,SPX,QR-Full,QR-Full-expanding-min750-refit10-SigmaHatRECONSTRUCTED,1,,,,,,,,-0.00813330076,0.0005435640794,False,predictors_unavailable
2014-10-16,2014-10-15,SPX,QR-Full,QR-Full-expanding-min750-refit10-SigmaHatRECONSTRUCTED,1,,,,,,,,0.0001449674521,0.0003656744707,False,predictors_unavailable
2014-10-17,2014-10-16,SPX,QR-Full,QR-Full-expanding-min750-refit10-SigmaHatRECONSTRUCTED,1,,,,,,,,0.01280181338,0.0001543859322,False,predictors_unavailable
2014-10-20,2014-10-17,SPX,QR-Full,QR-Full-expanding-min750-refit10-SigmaHatRECONSTRUCTED,1,,,,,,,,0.00910111612,0.000110309309,False,predictors_unavailable
2014-10-21,2014-10-20,SPX,QR-Full,QR-Full-expanding-min750-refit10-SigmaHatRECONSTRUCTED,1,,,,,,,,0.01938537055,4.057198443e-05,False,predictors_unavailable
2014-10-22,2014-10-21,SPX,QR-Full,QR-Full-expanding-min750-refit10-SigmaHatRECONSTRUCTED,1,,,,,,,,-0.007326100691,0.0001057006052,False,predictors_unavailable
2014-10-23,2014-10-22,SPX,QR-Full,QR-Full-expanding-min750-refit10-SigmaHatRECONSTRUCTED,1,,,,,,,,0.01222830576,8.892149152e-05,False,predictors_unavailable
2014-10-24,2014-10-23,SPX,QR-Full,QR-Full-expanding-min750-refit10-SigmaHatRECONSTRUCTED,1,,,,,,,,0.007028690296,6.251497688e-05,False,predictors_unavailable
2014-10-27,2014-10-24,SPX,QR-Full,QR-Full-expanding-min750-refit10-SigmaHatRECONSTRUCTED,1,,,,,,,,-0.001502696791,6.312800325e-05,False,predictors_unavailable
2014-10-28,2014-10-27,SPX,QR-Full,QR-Full-expanding-min750-refit10-SigmaHatRECONSTRUCTED,1,,,,,,,,0.01186836459,3.046016975e-05,False,predictors_unavailable
2014-10-29,2014-10-28,SPX,QR-Full,QR-Full-expanding-min750-refit10-SigmaHatRECONSTRUCTED,1,,,,,,,,-0.001386315991,9.690274654e-05,False,predictors_unavailable
2014-10-30,2014-10-29,SPX,QR-Full,QR-Full-expanding-min750-refit10-SigmaHatRECONSTRUCTED,1,,,,,,,,0.006210796954,6.190958245e-05,False,predictors_unavailable
2014-10-31,2014-10-30,SPX,QR-Full,QR-Full-expanding-min750-refit10-SigmaHatRECONSTRUCTED,1,,,,,,,,0.01166311453,3.06788789e-05,False,predictors_unavailable
2014-11-03,2014-10-31,SPX,QR-Full,QR-Full-expanding-min750-refit10-SigmaHatRECONSTRUCTED,1,,,,,,,,-0.0001189288002,3.950800009e-05,False,predictors_unavailable
2014-11-04,2014-11-03,SPX,QR-Full,QR-Full-expanding-min750-refit10-SigmaHatRECONSTRUCTED,1,,,,,,,,-0.002833853248,4.8353568e-05,False,predictors_unavailable
2014-11-05,2014-11-04,SPX,QR-Full,QR-Full-expanding-min750-refit10-SigmaHatRECONSTRUCTED,1,,,,,,,,0.005684310712,3.653129533e-05,False,predictors_unavailable
2014-11-06,2014-11-05,SPX,QR-Full,QR-Full-expanding-min750-refit10-SigmaHatRECONSTRUCTED,1,,,,,,,,0.003768403818,3.305228631e-05,False,predictors_unavailable
2014-11-07,2014-11-06,SPX,QR-Full,QR-Full-expanding-min750-refit10-SigmaHatRECONSTRUCTED,1,,,,,,,,0.0003495251229,3.874405941e-05,False,predictors_unavailable
2014-11-10,2014-11-07,SPX,QR-Full,QR-Full-expanding-min750-refit10-SigmaHatRECONSTRUCTED,1,,,,,,,,0.003115327108,1.537942652e-05,False,predictors_unavailable
2014-11-11,2014-11-10,SPX,QR-Full,QR-Full-expanding-min750-refit10-SigmaHatRECONSTRUCTED,1,,,,,,,,0.000696451657,1.331106266e-05,False,predictors_unavailable
2014-11-12,2014-11-11,SPX,QR-Full,QR-Full-expanding-min750-refit10-SigmaHatRECONSTRUCTED,1,,,,,,,,-0.0007013627206,2.017001129e-05,False,predictors_unavailable
2014-11-13,2014-11-12,SPX,QR-Full,QR-Full-expanding-min750-refit10-SigmaHatRECONSTRUCTED,1,,,,,,,,0.0005297044016,5.013942749e-05,False,predictors_unavailable
2014-11-14,2014-11-13,SPX,QR-Full,QR-Full-expanding-min750-refit10-SigmaHatRECONSTRUCTED,1,,,,,,,,0.0002402412337,4.552808392e-05,False,predictors_unavailable
2014-11-17,2014-11-14,SPX,QR-Full,QR-Full-expanding-min750-refit10-SigmaHatRECONSTRUCTED,1,,,,,,,,0.0007350887778,2.877040178e-05,False,predictors_unavailable
2014-11-18,2014-11-17,SPX,QR-Full,QR-Full-expanding-min750-refit10-SigmaHatRECONSTRUCTED,1,,,,,,,,0.005120849579,1.473242287e-05,False,predictors_unavailable
2014-11-19,2014-11-18,SPX,QR-Full,QR-Full-expanding-min750-refit10-SigmaHatRECONSTRUCTED,1,,,,,,,,-0.001502286814,4.210494128e-05,False,predictors_unavailable
2014-11-20,2014-11-19,SPX,QR-Full,QR-Full-expanding-min750-refit10-SigmaHatRECONSTRUCTED,1,,,,,,,,0.001965163868,1.805852495e-05,False,predictors_unavailable
2014-11-21,2014-11-20,SPX,QR-Full,QR-Full-expanding-min750-refit10-SigmaHatRECONSTRUCTED,1,,,,,,,,0.005223212604,2.447087401e-05,False,predictors_unavailable
2014-11-24,2014-11-21,SPX,QR-Full,QR-Full-expanding-min750-refit10-SigmaHatRECONSTRUCTED,1,,,,,,,,0.002859929761,1.130798747e-05,False,predictors_unavailable
2014-11-25,2014-11-24,SPX,QR-Full,QR-Full-expanding-min750-refit10-SigmaHatRECONSTRUCTED,1,,,,,,,,-0.001150691559,1.830332555e-05,False,predictors_unavailable
2014-11-26,2014-11-25,SPX,QR-Full,QR-Full-expanding-min750-refit10-SigmaHatRECONSTRUCTED,1,,,,,,,,0.002802052555,7.949858994e-06,False,predictors_unavailable
2014-11-28,2014-11-26,SPX,QR-Full,QR-Full-expanding-min750-refit10-SigmaHatRECONSTRUCTED,1,,,,,,,,-0.00254566438,,False,predictors_unavailable
2014-12-01,2014-11-28,SPX,QR-Full,QR-Full-expanding-min750-refit10-SigmaHatRECONSTRUCTED,1,,,,,,,,-0.006852789739,,False,predictors_unavailable
2014-12-02,2014-12-01,SPX,QR-Full,QR-Full-expanding-min750-refit10-SigmaHatRECONSTRUCTED,1,,,,,,,,0.00636416704,2.266741546e-05,False,predictors_unavailable
2014-12-03,2014-12-02,SPX,QR-Full,QR-Full-expanding-min750-refit10-SigmaHatRECONSTRUCTED,1,,,,,,,,0.003757673691,1.581852398e-05,False,predictors_unavailable
2014-12-04,2014-12-03,SPX,QR-Full,QR-Full-expanding-min750-refit10-SigmaHatRECONSTRUCTED,1,,,,,,,,-0.001162571611,3.012587209e-05,False,predictors_unavailable
2014-12-05,2014-12-04,SPX,QR-Full,QR-Full-expanding-min750-refit10-SigmaHatRECONSTRUCTED,1,,,,,,,,0.001663831448,2.370441582e-05,False,predictors_unavailable
2014-12-08,2014-12-05,SPX,QR-Full,QR-Full-expanding-min750-refit10-SigmaHatRECONSTRUCTED,1,,,,,,,,-0.007283021862,4.31946409e-05,False,predictors_unavailable
2014-12-09,2014-12-08,SPX,QR-Full,QR-Full-expanding-min750-refit10-SigmaHatRECONSTRUCTED,1,,,,,,,,-0.0002378521975,7.039630907e-05,False,predictors_unavailable
2014-12-10,2014-12-09,SPX,QR-Full,QR-Full-expanding-min750-refit10-SigmaHatRECONSTRUCTED,1,,,,,,,,-0.01648612084,0.0001126418201,False,predictors_unavailable
2014-12-11,2014-12-10,SPX,QR-Full,QR-Full-expanding-min750-refit10-SigmaHatRECONSTRUCTED,1,,,,,,,,0.004525433771,8.524330375e-05,False,predictors_unavailable
2014-12-12,2014-12-11,SPX,QR-Full,QR-Full-expanding-min750-refit10-SigmaHatRECONSTRUCTED,1,,,,,,,,-0.01634646579,0.0001349998259,False,predictors_unavailable
2014-12-15,2014-12-12,SPX,QR-Full,QR-Full-expanding-min750-refit10-SigmaHatRECONSTRUCTED,1,,,,,,,,-0.006362786186,0.0002348569565,False,predictors_unavailable
2014-12-16,2014-12-15,SPX,QR-Full,QR-Full-expanding-min750-refit10-SigmaHatRECONSTRUCTED,1,,,,,,,,-0.008525260043,0.0002732264241,False,predictors_unavailable
2014-12-17,2014-12-16,SPX,QR-Full,QR-Full-expanding-min750-refit10-SigmaHatRECONSTRUCTED,1,,,,,,,,0.02014807354,0.0002873508814,False,predictors_unavailable
2014-12-18,2014-12-17,SPX,QR-Full,QR-Full-expanding-min750-refit10-SigmaHatRECONSTRUCTED,1,,,,,,,,0.02373137448,7.490380783e-05,False,predictors_unavailable
2014-12-19,2014-12-18,SPX,QR-Full,QR-Full-expanding-min750-refit10-SigmaHatRECONSTRUCTED,1,,,,,,,,0.004559638029,6.861166387e-05,False,predictors_unavailable
2014-12-22,2014-12-19,SPX,QR-Full,QR-Full-expanding-min750-refit10-SigmaHatRECONSTRUCTED,1,,,,,,,,0.003803222616,3.109761379e-05,False,predictors_unavailable
2014-12-23,2014-12-22,SPX,QR-Full,QR-Full-expanding-min750-refit10-SigmaHatRECONSTRUCTED,1,,,,,,,,0.00174483872,1.998953662e-05,False,predictors_unavailable
2014-12-24,2014-12-23,SPX,QR-Full,QR-Full-expanding-min750-refit10-SigmaHatRECONSTRUCTED,1,,,,,,,,-0.000139306211,,False,predictors_unavailable
2014-12-26,2014-12-24,SPX,QR-Full,QR-Full-expanding-min750-refit10-SigmaHatRECONSTRUCTED,1,,,,,,,,0.003304110116,,False,predictors_unavailable
2014-12-29,2014-12-26,SPX,QR-Full,QR-Full-expanding-min750-refit10-SigmaHatRECONSTRUCTED,1,,,,,,,,0.0008614030318,1.271085011e-05,False,predictors_unavailable
2014-12-30,2014-12-29,SPX,QR-Full,QR-Full-expanding-min750-refit10-SigmaHatRECONSTRUCTED,1,,,,,,,,-0.004900592697,1.754231301e-05,False,predictors_unavailable
2014-12-31,2014-12-30,SPX,QR-Full,QR-Full-expanding-min750-refit10-SigmaHatRECONSTRUCTED,1,,,,,,,,-0.01036438389,,False,predictors_unavailable
2015-01-02,2014-12-31,SPX,QR-Full,QR-Full-expanding-min750-refit10-SigmaHatRECONSTRUCTED,1,,,,,,,,-0.0003400213897,,False,predictors_unavailable
2015-01-05,2015-01-02,SPX,QR-Full,QR-Full-expanding-min750-refit10-SigmaHatRECONSTRUCTED,1,,,,,,,,-0.01844721348,0.000112952785,False,predictors_unavailable
2015-01-06,2015-01-05,SPX,QR-Full,QR-Full-expanding-min750-refit10-SigmaHatRECONSTRUCTED,1,,,,,,,,-0.008933254839,0.0001988853292,False,predictors_unavailable
2015-01-07,2015-01-06,SPX,QR-Full,QR-Full-expanding-min750-refit10-SigmaHatRECONSTRUCTED,1,,,,,,,,0.01156273582,0.0001046487127,False,predictors_unavailable
2015-01-08,2015-01-07,SPX,QR-Full,QR-Full-expanding-min750-refit10-SigmaHatRECONSTRUCTED,1,,,,,,,,0.01773016854,3.462290049e-05,False,predictors_unavailable
2015-01-09,2015-01-08,SPX,QR-Full,QR-Full-expanding-min750-refit10-SigmaHatRECONSTRUCTED,1,,,,,,,,-0.008439322153,0.000114498067,False,predictors_unavailable
2015-01-12,2015-01-09,SPX,QR-Full,QR-Full-expanding-min750-refit10-SigmaHatRECONSTRUCTED,1,,,,,,,,-0.008126616927,0.0001196297518,False,predictors_unavailable
2015-01-13,2015-01-12,SPX,QR-Full,QR-Full-expanding-min750-refit10-SigmaHatRECONSTRUCTED,1,,,,,,,,-0.002581885698,0.0002359006141,False,predictors_unavailable
2015-01-14,2015-01-13,SPX,QR-Full,QR-Full-expanding-min750-refit10-SigmaHatRECONSTRUCTED,1,,,,,,,,-0.005830028588,0.0001749484322,False,predictors_unavailable
2015-01-15,2015-01-14,SPX,QR-Full,QR-Full-expanding-min750-refit10-SigmaHatRECONSTRUCTED,1,,,,,,,,-0.00929090321,0.0001889905716,False,predictors_unavailable
2015-01-16,2015-01-15,SPX,QR-Full,QR-Full-expanding-min750-refit10-SigmaHatRECONSTRUCTED,1,,,,,,,,0.01333489319,0.0001105952003,False,predictors_unavailable
2015-01-20,2015-01-16,SPX,QR-Full,QR-Full-expanding-min750-refit10-SigmaHatRECONSTRUCTED,1,,,,,,,,0.001548752491,0.000130471122,False,predictors_unavailable
2015-01-21,2015-01-20,SPX,QR-Full,QR-Full-expanding-min750-refit10-SigmaHatRECONSTRUCTED,1,,,,,,,,0.00472046488,0.0001600227922,False,predictors_unavailable
2015-01-22,2015-01-21,SPX,QR-Full,QR-Full-expanding-min750-refit10-SigmaHatRECONSTRUCTED,1,,,,,,,,0.01515431296,9.493613407e-05,False,predictors_unavailable
2015-01-23,2015-01-22,SPX,QR-Full,QR-Full-expanding-min750-refit10-SigmaHatRECONSTRUCTED,1,,,,,,,,-0.005506656288,4.067346863e-05,False,predictors_unavailable
2015-01-26,2015-01-23,SPX,QR-Full,QR-Full-expanding-min750-refit10-SigmaHatRECONSTRUCTED,1,,,,,,,,0.002565168227,4.029955411e-05,False,predictors_unavailable
2015-01-27,2015-01-26,SPX,QR-Full,QR-Full-expanding-min750-refit10-SigmaHatRECONSTRUCTED,1,,,,,,,,-0.01347828778,8.223335347e-05,False,predictors_unavailable
2015-01-28,2015-01-27,SPX,QR-Full,QR-Full-expanding-min750-refit10-SigmaHatRECONSTRUCTED,1,,,,,,,,-0.01358750299,0.0001394699205,False,predictors_unavailable
2015-01-29,2015-01-28,SPX,QR-Full,QR-Full-expanding-min750-refit10-SigmaHatRECONSTRUCTED,1,,,,,,,,0.009489517148,0.0001583091883,False,predictors_unavailable
2015-01-30,2015-01-29,SPX,QR-Full,QR-Full-expanding-min750-refit10-SigmaHatRECONSTRUCTED,1,,,,,,,,-0.01307709912,0.0001672664494,False,predictors_unavailable
2015-02-02,2015-01-30,SPX,QR-Full,QR-Full-expanding-min750-refit10-SigmaHatRECONSTRUCTED,1,,,,,,,,0.01287917032,0.0002089136516,False,predictors_unavailable
2015-02-03,2015-02-02,SPX,QR-Full,QR-Full-expanding-min750-refit10-SigmaHatRECONSTRUCTED,1,,,,,,,,0.01433623823,7.348029192e-05,False,predictors_unavailable
2015-02-04,2015-02-03,SPX,QR-Full,QR-Full-expanding-min750-refit10-SigmaHatRECONSTRUCTED,1,,,,,,,,-0.004164706313,0.0001099139112,False,predictors_unavailable
2015-02-05,2015-02-04,SPX,QR-Full,QR-Full-expanding-min750-refit10-SigmaHatRECONSTRUCTED,1,,,,,,,,0.01023881082,3.86049829e-05,False,predictors_unavailable
2015-02-06,2015-02-05,SPX,QR-Full,QR-Full-expanding-min750-refit10-SigmaHatRECONSTRUCTED,1,,,,,,,,-0.003424027695,7.739404176e-05,False,predictors_unavailable
2015-02-09,2015-02-06,SPX,QR-Full,QR-Full-expanding-min750-refit10-SigmaHatRECONSTRUCTED,1,,,,,,,,-0.004256239569,5.348943505e-05,False,predictors_unavailable
2015-02-10,2015-02-09,SPX,QR-Full,QR-Full-expanding-min750-refit10-SigmaHatRECONSTRUCTED,1,,,,,,,,0.01061897972,4.850035987e-05,False,predictors_unavailable
2015-02-11,2015-02-10,SPX,QR-Full,QR-Full-expanding-min750-refit10-SigmaHatRECONSTRUCTED,1,,,,,,,,-2.903420655e-05,4.864392307e-05,False,predictors_unavailable
2015-02-12,2015-02-11,SPX,QR-Full,QR-Full-expanding-min750-refit10-SigmaHatRECONSTRUCTED,1,,,,,,,,0.009598294985,2.596571066e-05,False,predictors_unavailable
2015-02-13,2015-02-12,SPX,QR-Full,QR-Full-expanding-min750-refit10-SigmaHatRECONSTRUCTED,1,,,,,,,,0.00406645934,1.956583883e-05,False,predictors_unavailable
2015-02-17,2015-02-13,SPX,QR-Full,QR-Full-expanding-min750-refit10-SigmaHatRECONSTRUCTED,1,,,,,,,,0.001596299862,2.107164249e-05,False,predictors_unavailable
2015-02-18,2015-02-17,SPX,QR-Full,QR-Full-expanding-min750-refit10-SigmaHatRECONSTRUCTED,1,,,,,,,,-0.0003143585041,2.618272074e-05,False,predictors_unavailable
2015-02-19,2015-02-18,SPX,QR-Full,QR-Full-expanding-min750-refit10-SigmaHatRECONSTRUCTED,1,,,,,,,,-0.001062621969,1.504107395e-05,False,predictors_unavailable
2015-02-20,2015-02-19,SPX,QR-Full,QR-Full-expanding-min750-refit10-SigmaHatRECONSTRUCTED,1,,,,,,,,0.006107842884,4.023394278e-05,False,predictors_unavailable
2015-02-23,2015-02-20,SPX,QR-Full,QR-Full-expanding-min750-refit10-SigmaHatRECONSTRUCTED,1,,,,,,,,-0.0003033853453,1.148177969e-05,False,predictors_unavailable
2015-02-24,2015-02-23,SPX,QR-Full,QR-Full-expanding-min750-refit10-SigmaHatRECONSTRUCTED,1,,,,,,,,0.002754972299,1.884272465e-05,False,predictors_unavailable
2015-02-25,2015-02-24,SPX,QR-Full,QR-Full-expanding-min750-refit10-SigmaHatRECONSTRUCTED,1,,,,,,,,-0.0007660169416,1.946276743e-05,False,predictors_unavailable
2015-02-26,2015-02-25,SPX,QR-Full,QR-Full-expanding-min750-refit10-SigmaHatRECONSTRUCTED,1,,,,,,,,-0.001477118542,3.361024691e-05,False,predictors_unavailable
2015-02-27,2015-02-26,SPX,QR-Full,QR-Full-expanding-min750-refit10-SigmaHatRECONSTRUCTED,1,,,,,,,,-0.002960682938,2.472925736e-05,False,predictors_unavailable
2015-03-02,2015-02-27,SPX,QR-Full,QR-Full-expanding-min750-refit10-SigmaHatRECONSTRUCTED,1,,,,,,,,0.00610623838,1.434596632e-05,False,predictors_unavailable
2015-03-03,2015-03-02,SPX,QR-Full,QR-Full-expanding-min750-refit10-SigmaHatRECONSTRUCTED,1,,,,,,,,-0.004548872944,3.71526134e-05,False,predictors_unavailable
2015-03-04,2015-03-03,SPX,QR-Full,QR-Full-expanding-min750-refit10-SigmaHatRECONSTRUCTED,1,,,,,,,,-0.004398161231,4.043599631e-05,False,predictors_unavailable
2015-03-05,2015-03-04,SPX,QR-Full,QR-Full-expanding-min750-refit10-SigmaHatRECONSTRUCTED,1,,,,,,,,0.001195365363,2.531847288e-05,False,predictors_unavailable
2015-03-06,2015-03-05,SPX,QR-Full,QR-Full-expanding-min750-refit10-SigmaHatRECONSTRUCTED,1,,,,,,,,-0.01427535622,6.878138787e-05,False,predictors_unavailable
2015-03-09,2015-03-06,SPX,QR-Full,QR-Full-expanding-min750-refit10-SigmaHatRECONSTRUCTED,1,,,,,,,,0.003936662418,2.646729501e-05,False,predictors_unavailable
2015-03-10,2015-03-09,SPX,QR-Full,QR-Full-expanding-min750-refit10-SigmaHatRECONSTRUCTED,1,,,,,,,,-0.0171068212,6.232573899e-05,False,predictors_unavailable
2015-03-11,2015-03-10,SPX,QR-Full,QR-Full-expanding-min750-refit10-SigmaHatRECONSTRUCTED,1,,,,,,,,-0.001919520703,6.455313401e-05,False,predictors_unavailable
2015-03-12,2015-03-11,SPX,QR-Full,QR-Full-expanding-min750-refit10-SigmaHatRECONSTRUCTED,1,,,,,,,,0.01252270224,3.095972795e-05,False,predictors_unavailable
2015-03-13,2015-03-12,SPX,QR-Full,QR-Full-expanding-min750-refit10-SigmaHatRECONSTRUCTED,1,,,,,,,,-0.006093237174,7.983104362e-05,False,predictors_unavailable
2015-03-16,2015-03-13,SPX,QR-Full,QR-Full-expanding-min750-refit10-SigmaHatRECONSTRUCTED,1,,,,,,,,0.013442909,3.084315874e-05,False,predictors_unavailable
2015-03-17,2015-03-16,SPX,QR-Full,QR-Full-expanding-min750-refit10-SigmaHatRECONSTRUCTED,1,,,,,,,,-0.003325697656,3.547306594e-05,False,predictors_unavailable
2015-03-18,2015-03-17,SPX,QR-Full,QR-Full-expanding-min750-refit10-SigmaHatRECONSTRUCTED,1,,,,,,,,0.01208510164,0.000193301973,False,predictors_unavailable
2015-03-19,2015-03-18,SPX,QR-Full,QR-Full-expanding-min750-refit10-SigmaHatRECONSTRUCTED,1,,,,,,,,-0.004884488903,4.616627611e-05,False,predictors_unavailable
2015-03-20,2015-03-19,SPX,QR-Full,QR-Full-expanding-min750-refit10-SigmaHatRECONSTRUCTED,1,,,,,,,,0.008972382132,2.543569949e-05,False,predictors_unavailable
2015-03-23,2015-03-20,SPX,QR-Full,QR-Full-expanding-min750-refit10-SigmaHatRECONSTRUCTED,1,,,,,,,,-0.00174725671,2.566862015e-05,False,predictors_unavailable
2015-03-24,2015-03-23,SPX,QR-Full,QR-Full-expanding-min750-refit10-SigmaHatRECONSTRUCTED,1,,,,,,,,-0.006158345761,4.037030516e-05,False,predictors_unavailable
2015-03-25,2015-03-24,SPX,QR-Full,QR-Full-expanding-min750-refit10-SigmaHatRECONSTRUCTED,1,,,,,,,,-0.01466592644,8.280606639e-05,False,predictors_unavailable
2015-03-26,2015-03-25,SPX,QR-Full,QR-Full-expanding-min750-refit10-SigmaHatRECONSTRUCTED,1,,,,,,,,-0.002380330988,0.0001087608777,False,predictors_unavailable
2015-03-27,2015-03-26,SPX,QR-Full,QR-Full-expanding-min750-refit10-SigmaHatRECONSTRUCTED,1,,,,,,,,0.002365761124,6.37990315e-05,False,predictors_unavailable
2015-03-30,2015-03-27,SPX,QR-Full,QR-Full-expanding-min750-refit10-SigmaHatRECONSTRUCTED,1,,,,,,,,0.01216238231,2.30043818e-05,False,predictors_unavailable
2015-03-31,2015-03-30,SPX,QR-Full,QR-Full-expanding-min750-refit10-SigmaHatRECONSTRUCTED,1,,,,,,,,-0.008834685901,5.871812426e-05,False,predictors_unavailable
2015-04-01,2015-03-31,SPX,QR-Full,QR-Full-expanding-min750-refit10-SigmaHatRECONSTRUCTED,1,,,,,,,,-0.003973254603,9.261861013e-05,False,predictors_unavailable
2015-04-02,2015-04-01,SPX,QR-Full,QR-Full-expanding-min750-refit10-SigmaHatRECONSTRUCTED,1,,,,,,,,0.003523452531,5.459505424e-05,False,predictors_unavailable
2015-04-06,2015-04-02,SPX,QR-Full,QR-Full-expanding-min750-refit10-SigmaHatRECONSTRUCTED,1,,,,,,,,0.006587072527,3.664097919e-05,False,predictors_unavailable
2015-04-07,2015-04-06,SPX,QR-Full,QR-Full-expanding-min750-refit10-SigmaHatRECONSTRUCTED,1,,,,,,,,-0.002064032679,2.819982197e-05,False,predictors_unavailable
2015-04-08,2015-04-07,SPX,QR-Full,QR-Full-expanding-min750-refit10-SigmaHatRECONSTRUCTED,1,,,,,,,,0.002678941452,8.437630742e-05,False,predictors_unavailable
2015-04-09,2015-04-08,SPX,QR-Full,QR-Full-expanding-min750-refit10-SigmaHatRECONSTRUCTED,1,,,,,,,,0.004447576211,5.759371728e-05,False,predictors_unavailable
2015-04-10,2015-04-09,SPX,QR-Full,QR-Full-expanding-min750-refit10-SigmaHatRECONSTRUCTED,1,,,,,,,,0.005189376921,1.34714319e-05,False,predictors_unavailable
2015-04-13,2015-04-10,SPX,QR-Full,QR-Full-expanding-min750-refit10-SigmaHatRECONSTRUCTED,1,,,,,,,,-0.004591806842,2.146401692e-05,False,predictors_unavailable
2015-04-14,2015-04-13,SPX,QR-Full,QR-Full-expanding-min750-refit10-SigmaHatRECONSTRUCTED,1,,,,,,,,0.001628432139,4.57133359e-05,False,predictors_unavailable
2015-04-15,2015-04-14,SPX,QR-Full,QR-Full-expanding-min750-refit10-SigmaHatRECONSTRUCTED,1,,,,,,,,0.005134989082,2.469541881e-05,False,predictors_unavailable
2015-04-16,2015-04-15,SPX,QR-Full,QR-Full-expanding-min750-refit10-SigmaHatRECONSTRUCTED,1,,,,,,,,-0.0007787469583,2.47317542e-05,False,predictors_unavailable
2015-04-17,2015-04-16,SPX,QR-Full,QR-Full-expanding-min750-refit10-SigmaHatRECONSTRUCTED,1,,,,,,,,-0.01137570391,6.052882175e-05,False,predictors_unavailable
2015-04-20,2015-04-17,SPX,QR-Full,QR-Full-expanding-min750-refit10-SigmaHatRECONSTRUCTED,1,,,,,,,,0.00919274825,2.135744809e-05,False,predictors_unavailable
2015-04-21,2015-04-20,SPX,QR-Full,QR-Full-expanding-min750-refit10-SigmaHatRECONSTRUCTED,1,,,,,,,,-0.001481702371,2.818925519e-05,False,predictors_unavailable
2015-04-22,2015-04-21,SPX,QR-Full,QR-Full-expanding-min750-refit10-SigmaHatRECONSTRUCTED,1,,,,,,,,0.005074582913,3.533619866e-05,False,predictors_unavailable
2015-04-23,2015-04-22,SPX,QR-Full,QR-Full-expanding-min750-refit10-SigmaHatRECONSTRUCTED,1,,,,,,,,0.002354940983,4.245594067e-05,False,predictors_unavailable
2015-04-24,2015-04-23,SPX,QR-Full,QR-Full-expanding-min750-refit10-SigmaHatRECONSTRUCTED,1,,,,,,,,0.002250266463,1.530165404e-05,False,predictors_unavailable
2015-04-27,2015-04-24,SPX,QR-Full,QR-Full-expanding-min750-refit10-SigmaHatRECONSTRUCTED,1,,,,,,,,-0.00414991299,3.588916189e-05,False,predictors_unavailable
2015-04-28,2015-04-27,SPX,QR-Full,QR-Full-expanding-min750-refit10-SigmaHatRECONSTRUCTED,1,,,,,,,,0.002765404489,7.721358601e-05,False,predictors_unavailable
2015-04-29,2015-04-28,SPX,QR-Full,QR-Full-expanding-min750-refit10-SigmaHatRECONSTRUCTED,1,,,,,,,,-0.003747348075,7.005607308e-05,False,predictors_unavailable
2015-04-30,2015-04-29,SPX,QR-Full,QR-Full-expanding-min750-refit10-SigmaHatRECONSTRUCTED,1,,,,,,,,-0.01018055308,8.632749637e-05,False,predictors_unavailable
2015-05-01,2015-04-30,SPX,QR-Full,QR-Full-expanding-min750-refit10-SigmaHatRECONSTRUCTED,1,,,,,,,,0.01086377642,3.892120069e-05,False,predictors_unavailable
2015-05-04,2015-05-01,SPX,QR-Full,QR-Full-expanding-min750-refit10-SigmaHatRECONSTRUCTED,1,,,,,,,,0.002936433067,1.674373603e-05,False,predictors_unavailable
2015-05-05,2015-05-04,SPX,QR-Full,QR-Full-expanding-min750-refit10-SigmaHatRECONSTRUCTED,1,,,,,,,,-0.01190800322,5.939975371e-05,False,predictors_unavailable
2015-05-06,2015-05-05,SPX,QR-Full,QR-Full-expanding-min750-refit10-SigmaHatRECONSTRUCTED,1,,,,,,,,-0.004465681336,0.0001200959789,False,predictors_unavailable
2015-05-07,2015-05-06,SPX,QR-Full,QR-Full-expanding-min750-refit10-SigmaHatRECONSTRUCTED,1,,,,,,,,0.003766710635,5.03730404e-05,False,predictors_unavailable
2015-05-08,2015-05-07,SPX,QR-Full,QR-Full-expanding-min750-refit10-SigmaHatRECONSTRUCTED,1,,,,,,,,0.01336814815,1.999083437e-05,False,predictors_unavailable
2015-05-11,2015-05-08,SPX,QR-Full,QR-Full-expanding-min750-refit10-SigmaHatRECONSTRUCTED,1,,,,,,,,-0.005102556678,3.51980046e-05,False,predictors_unavailable
2015-05-12,2015-05-11,SPX,QR-Full,QR-Full-expanding-min750-refit10-SigmaHatRECONSTRUCTED,1,,,,,,,,-0.002953996469,7.540566584e-05,False,predictors_unavailable
2015-05-13,2015-05-12,SPX,QR-Full,QR-Full-expanding-min750-refit10-SigmaHatRECONSTRUCTED,1,,,,,,,,-0.0003050014247,4.060976278e-05,False,predictors_unavailable
2015-05-14,2015-05-13,SPX,QR-Full,QR-Full-expanding-min750-refit10-SigmaHatRECONSTRUCTED,1,,,,,,,,0.01072160465,1.789753046e-05,False,predictors_unavailable
2015-05-15,2015-05-14,SPX,QR-Full,QR-Full-expanding-min750-refit10-SigmaHatRECONSTRUCTED,1,,,,,,,,0.000768118445,2.230798745e-05,False,predictors_unavailable
2015-05-18,2015-05-15,SPX,QR-Full,QR-Full-expanding-min750-refit10-SigmaHatRECONSTRUCTED,1,,,,,,,,0.003043312613,9.156348769e-06,False,predictors_unavailable
2015-05-19,2015-05-18,SPX,QR-Full,QR-Full-expanding-min750-refit10-SigmaHatRECONSTRUCTED,1,,,,,,,,-0.0006435815759,1.813849116e-05,False,predictors_unavailable
2015-05-20,2015-05-19,SPX,QR-Full,QR-Full-expanding-min750-refit10-SigmaHatRECONSTRUCTED,1,,,,,,,,-0.0009309492303,2.872948512e-05,False,predictors_unavailable
2015-05-21,2015-05-20,SPX,QR-Full,QR-Full-expanding-min750-refit10-SigmaHatRECONSTRUCTED,1,,,,,,,,0.002335145578,1.283872796e-05,False,predictors_unavailable
2015-05-22,2015-05-21,SPX,QR-Full,QR-Full-expanding-min750-refit10-SigmaHatRECONSTRUCTED,1,,,,,,,,-0.00223638479,1.553620003e-05,False,predictors_unavailable
2015-05-26,2015-05-22,SPX,QR-Full,QR-Full-expanding-min750-refit10-SigmaHatRECONSTRUCTED,1,,,,,,,,-0.01033520518,3.197921824e-05,False,predictors_unavailable
2015-05-27,2015-05-26,SPX,QR-Full,QR-Full-expanding-min750-refit10-SigmaHatRECONSTRUCTED,1,,,,,,,,0.00912091879,2.947450142e-05,False,predictors_unavailable
2015-05-28,2015-05-27,SPX,QR-Full,QR-Full-expanding-min750-refit10-SigmaHatRECONSTRUCTED,1,,,,,,,,-0.001267563726,3.662175362e-05,False,predictors_unavailable
2015-05-29,2015-05-28,SPX,QR-Full,QR-Full-expanding-min750-refit10-SigmaHatRECONSTRUCTED,1,,,,,,,,-0.006338514954,5.079178604e-05,False,predictors_unavailable
2015-06-01,2015-05-29,SPX,QR-Full,QR-Full-expanding-min750-refit10-SigmaHatRECONSTRUCTED,1,,,,,,,,0.002057343077,6.426189696e-05,False,predictors_unavailable
2015-06-02,2015-06-01,SPX,QR-Full,QR-Full-expanding-min750-refit10-SigmaHatRECONSTRUCTED,1,,,,,,,,-0.00100910478,4.784504855e-05,False,predictors_unavailable
2015-06-03,2015-06-02,SPX,QR-Full,QR-Full-expanding-min750-refit10-SigmaHatRECONSTRUCTED,1,,,,,,,,0.002116629137,3.42608064e-05,False,predictors_unavailable
2015-06-04,2015-06-03,SPX,QR-Full,QR-Full-expanding-min750-refit10-SigmaHatRECONSTRUCTED,1,,,,,,,,-0.008660561993,5.957754449e-05,False,predictors_unavailable
2015-06-05,2015-06-04,SPX,QR-Full,QR-Full-expanding-min750-refit10-SigmaHatRECONSTRUCTED,1,,,,,,,,-0.001437215345,5.795019356e-05,False,predictors_unavailable
2015-06-08,2015-06-05,SPX,QR-Full,QR-Full-expanding-min750-refit10-SigmaHatRECONSTRUCTED,1,,,,,,,,-0.006495560421,2.56868725e-05,False,predictors_unavailable
2015-06-09,2015-06-08,SPX,QR-Full,QR-Full-expanding-min750-refit10-SigmaHatRECONSTRUCTED,1,,,,,,,,0.0004182654965,3.49223295e-05,False,predictors_unavailable
2015-06-10,2015-06-09,SPX,QR-Full,QR-Full-expanding-min750-refit10-SigmaHatRECONSTRUCTED,1,,,,,,,,0.01197049184,3.50682451e-05,False,predictors_unavailable
2015-06-11,2015-06-10,SPX,QR-Full,QR-Full-expanding-min750-refit10-SigmaHatRECONSTRUCTED,1,,,,,,,,0.001737116638,2.349799028e-05,False,predictors_unavailable
2015-06-12,2015-06-11,SPX,QR-Full,QR-Full-expanding-min750-refit10-SigmaHatRECONSTRUCTED,1,,,,,,,,-0.007018874655,3.366961661e-05,False,predictors_unavailable
2015-06-15,2015-06-12,SPX,QR-Full,QR-Full-expanding-min750-refit10-SigmaHatRECONSTRUCTED,1,,,,,,,,-0.004633289248,4.116688575e-05,False,predictors_unavailable
2015-06-16,2015-06-15,SPX,QR-Full,QR-Full-expanding-min750-refit10-SigmaHatRECONSTRUCTED,1,,,,,,,,0.005673730314,5.522690295e-05,False,predictors_unavailable
2015-06-17,2015-06-16,SPX,QR-Full,QR-Full-expanding-min750-refit10-SigmaHatRECONSTRUCTED,1,,,,,,,,0.001977684231,7.057874645e-05,False,predictors_unavailable
2015-06-18,2015-06-17,SPX,QR-Full,QR-Full-expanding-min750-refit10-SigmaHatRECONSTRUCTED,1,,,,,,,,0.009854000137,3.945914405e-05,False,predictors_unavailable
2015-06-19,2015-06-18,SPX,QR-Full,QR-Full-expanding-min750-refit10-SigmaHatRECONSTRUCTED,1,,,,,,,,-0.005317615239,2.618992363e-05,False,predictors_unavailable
2015-06-22,2015-06-19,SPX,QR-Full,QR-Full-expanding-min750-refit10-SigmaHatRECONSTRUCTED,1,,,,,,,,0.006076368255,2.156536443e-05,False,predictors_unavailable
2015-06-23,2015-06-22,SPX,QR-Full,QR-Full-expanding-min750-refit10-SigmaHatRECONSTRUCTED,1,,,,,,,,0.0006356661824,1.926017193e-05,False,predictors_unavailable
2015-06-24,2015-06-23,SPX,QR-Full,QR-Full-expanding-min750-refit10-SigmaHatRECONSTRUCTED,1,,,,,,,,-0.007380465697,2.48255448e-05,False,predictors_unavailable
2015-06-25,2015-06-24,SPX,QR-Full,QR-Full-expanding-min750-refit10-SigmaHatRECONSTRUCTED,1,,,,,,,,-0.002978003904,2.741914389e-05,False,predictors_unavailable
2015-06-26,2015-06-25,SPX,QR-Full,QR-Full-expanding-min750-refit10-SigmaHatRECONSTRUCTED,1,,,,,,,,-0.0003901560497,4.367022878e-05,False,predictors_unavailable
2015-06-29,2015-06-26,SPX,QR-Full,QR-Full-expanding-min750-refit10-SigmaHatRECONSTRUCTED,1,,,,,,,,-0.02108696919,6.90083651e-05,False,predictors_unavailable
2015-06-30,2015-06-29,SPX,QR-Full,QR-Full-expanding-min750-refit10-SigmaHatRECONSTRUCTED,1,,,,,,,,0.002654961943,9.313626381e-05,False,predictors_unavailable
2015-07-01,2015-06-30,SPX,QR-Full,QR-Full-expanding-min750-refit10-SigmaHatRECONSTRUCTED,1,,,,,,,,0.006912096699,4.795859068e-05,False,predictors_unavailable
2015-07-02,2015-07-01,SPX,QR-Full,QR-Full-expanding-min750-refit10-SigmaHatRECONSTRUCTED,1,,,,,,,,-0.0003080703927,3.30725591e-05,False,predictors_unavailable
2015-07-06,2015-07-02,SPX,QR-Full,QR-Full-expanding-min750-refit10-SigmaHatRECONSTRUCTED,1,,,,,,,,-0.003869232443,5.522013032e-05,False,predictors_unavailable
2015-07-07,2015-07-06,SPX,QR-Full,QR-Full-expanding-min750-refit10-SigmaHatRECONSTRUCTED,1,,,,,,,,0.006062560533,0.0001585794795,False,predictors_unavailable
2015-07-08,2015-07-07,SPX,QR-Full,QR-Full-expanding-min750-refit10-SigmaHatRECONSTRUCTED,1,,,,,,,,-0.01679296482,0.0001232028446,False,predictors_unavailable
2015-07-09,2015-07-08,SPX,QR-Full,QR-Full-expanding-min750-refit10-SigmaHatRECONSTRUCTED,1,,,,,,,,0.002259647702,7.559353849e-05,False,predictors_unavailable
2015-07-10,2015-07-09,SPX,QR-Full,QR-Full-expanding-min750-refit10-SigmaHatRECONSTRUCTED,1,,,,,,,,0.0122629861,3.323509994e-05,False,predictors_unavailable
2015-07-13,2015-07-10,SPX,QR-Full,QR-Full-expanding-min750-refit10-SigmaHatRECONSTRUCTED,1,,,,,,,,0.01100526876,1.832444535e-05,False,predictors_unavailable
2015-07-14,2015-07-13,SPX,QR-Full,QR-Full-expanding-min750-refit10-SigmaHatRECONSTRUCTED,1,,,,,,,,0.004443272991,1.164229445e-05,False,predictors_unavailable
2015-07-15,2015-07-14,SPX,QR-Full,QR-Full-expanding-min750-refit10-SigmaHatRECONSTRUCTED,1,,,,,,,,-0.0007352563824,2.423511856e-05,False,predictors_unavailable
2015-07-16,2015-07-15,SPX,QR-Full,QR-Full-expanding-min750-refit10-SigmaHatRECONSTRUCTED,1,,,,,,,,0.007982733578,1.235973994e-05,False,predictors_unavailable
2015-07-17,2015-07-16,SPX,QR-Full,QR-Full-expanding-min750-refit10-SigmaHatRECONSTRUCTED,1,,,,,,,,0.001105571852,6.940627546e-06,False,predictors_unavailable
2015-07-20,2015-07-17,SPX,QR-Full,QR-Full-expanding-min750-refit10-SigmaHatRECONSTRUCTED,1,,,,,,,,0.0007709362861,1.521548142e-05,False,predictors_unavailable
2015-07-21,2015-07-20,SPX,QR-Full,QR-Full-expanding-min750-refit10-SigmaHatRECONSTRUCTED,1,,,,,,,,-0.004270796074,1.929960209e-05,False,predictors_unavailable
2015-07-22,2015-07-21,SPX,QR-Full,QR-Full-expanding-min750-refit10-SigmaHatRECONSTRUCTED,1,,,,,,,,-0.002390565212,2.125936586e-05,False,predictors_unavailable
2015-07-23,2015-07-22,SPX,QR-Full,QR-Full-expanding-min750-refit10-SigmaHatRECONSTRUCTED,1,,,,,,,,-0.005692210212,2.739553966e-05,False,predictors_unavailable
2015-07-24,2015-07-23,SPX,QR-Full,QR-Full-expanding-min750-refit10-SigmaHatRECONSTRUCTED,1,,,,,,,,-0.0107610207,3.633361032e-05,False,predictors_unavailable
2015-07-27,2015-07-24,SPX,QR-Full,QR-Full-expanding-min750-refit10-SigmaHatRECONSTRUCTED,1,,,,,,,,-0.005791754696,6.336930496e-05,False,predictors_unavailable
2015-07-28,2015-07-27,SPX,QR-Full,QR-Full-expanding-min750-refit10-SigmaHatRECONSTRUCTED,1,,,,,,,,0.0123100736,4.54450872e-05,False,predictors_unavailable
2015-07-29,2015-07-28,SPX,QR-Full,QR-Full-expanding-min750-refit10-SigmaHatRECONSTRUCTED,1,,,,,,,,0.007292142757,3.630329459e-05,False,predictors_unavailable
2015-07-30,2015-07-29,SPX,QR-Full,QR-Full-expanding-min750-refit10-SigmaHatRECONSTRUCTED,1,,,,,,,,2.836716338e-05,3.35945848e-05,False,predictors_unavailable
2015-07-31,2015-07-30,SPX,QR-Full,QR-Full-expanding-min750-refit10-SigmaHatRECONSTRUCTED,1,,,,,,,,-0.002274103838,3.023333139e-05,False,predictors_unavailable
2015-08-03,2015-07-31,SPX,QR-Full,QR-Full-expanding-min750-refit10-SigmaHatRECONSTRUCTED,1,,,,,,,,-0.002760694027,5.768014895e-05,False,predictors_unavailable
2015-08-04,2015-08-03,SPX,QR-Full,QR-Full-expanding-min750-refit10-SigmaHatRECONSTRUCTED,1,,,,,,,,-0.002252239309,4.696227209e-05,False,predictors_unavailable
2015-08-05,2015-08-04,SPX,QR-Full,QR-Full-expanding-min750-refit10-SigmaHatRECONSTRUCTED,1,,,,,,,,0.003109838409,3.323936799e-05,False,predictors_unavailable
2015-08-06,2015-08-05,SPX,QR-Full,QR-Full-expanding-min750-refit10-SigmaHatRECONSTRUCTED,1,,,,,,,,-0.00778319578,4.997019221e-05,False,predictors_unavailable
2015-08-07,2015-08-06,SPX,QR-Full,QR-Full-expanding-min750-refit10-SigmaHatRECONSTRUCTED,1,,,,,,,,-0.002879023224,4.999964639e-05,False,predictors_unavailable
2015-08-10,2015-08-07,SPX,QR-Full,QR-Full-expanding-min750-refit10-SigmaHatRECONSTRUCTED,1,,,,,,,,0.01272683598,1.6508585e-05,False,predictors_unavailable
2015-08-11,2015-08-10,SPX,QR-Full,QR-Full-expanding-min750-refit10-SigmaHatRECONSTRUCTED,1,,,,,,,,-0.009603065023,5.364265275e-05,False,predictors_unavailable
2015-08-12,2015-08-11,SPX,QR-Full,QR-Full-expanding-min750-refit10-SigmaHatRECONSTRUCTED,1,,,,,,,,0.000949603893,0.0001242434444,False,predictors_unavailable
2015-08-13,2015-08-12,SPX,QR-Full,QR-Full-expanding-min750-refit10-SigmaHatRECONSTRUCTED,1,,,,,,,,-0.001276025748,7.3564761e-05,False,predictors_unavailable
2015-08-14,2015-08-13,SPX,QR-Full,QR-Full-expanding-min750-refit10-SigmaHatRECONSTRUCTED,1,,,,,,,,0.003904332042,2.890373201e-05,False,predictors_unavailable
2015-08-17,2015-08-14,SPX,QR-Full,QR-Full-expanding-min750-refit10-SigmaHatRECONSTRUCTED,1,,,,,,,,0.005197891546,3.280125141e-05,False,predictors_unavailable
2015-08-18,2015-08-17,SPX,QR-Full,QR-Full-expanding-min750-refit10-SigmaHatRECONSTRUCTED,1,,,,,,,,-0.002628982683,2.785457514e-05,False,predictors_unavailable
2015-08-19,2015-08-18,SPX,QR-Full,QR-Full-expanding-min750-refit10-SigmaHatRECONSTRUCTED,1,,,,,,,,-0.008289136672,0.0001161864993,False,predictors_unavailable
2015-08-20,2015-08-19,SPX,QR-Full,QR-Full-expanding-min750-refit10-SigmaHatRECONSTRUCTED,1,,,,,,,,-0.02132596048,0.0001267318611,False,predictors_unavailable
2015-08-21,2015-08-20,SPX,QR-Full,QR-Full-expanding-min750-refit10-SigmaHatRECONSTRUCTED,1,,,,,,,,-0.03236924211,0.0002713770297,False,predictors_unavailable
2015-08-24,2015-08-21,SPX,QR-Full,QR-Full-expanding-min750-refit10-SigmaHatRECONSTRUCTED,1,,,,,,,,-0.04021144449,0.003331206957,False,predictors_unavailable
2015-08-25,2015-08-24,SPX,QR-Full,QR-Full-expanding-min750-refit10-SigmaHatRECONSTRUCTED,1,,,,,,,,-0.01361424996,0.0006746053464,False,predictors_unavailable
2015-08-26,2015-08-25,SPX,QR-Full,QR-Full-expanding-min750-refit10-SigmaHatRECONSTRUCTED,1,,,,,,,,0.03829129974,0.0008154503276,False,predictors_unavailable
2015-08-27,2015-08-26,SPX,QR-Full,QR-Full-expanding-min750-refit10-SigmaHatRECONSTRUCTED,1,,,,,,,,0.02400725428,0.0004175814061,False,predictors_unavailable
2015-08-28,2015-08-27,SPX,QR-Full,QR-Full-expanding-min750-refit10-SigmaHatRECONSTRUCTED,1,,,,,,,,0.0006085511884,0.0001617895288,False,predictors_unavailable
2015-08-31,2015-08-28,SPX,QR-Full,QR-Full-expanding-min750-refit10-SigmaHatRECONSTRUCTED,1,,,,,,,,-0.008427078458,0.0001814666516,False,predictors_unavailable
2015-09-01,2015-08-31,SPX,QR-Full,QR-Full-expanding-min750-refit10-SigmaHatRECONSTRUCTED,1,,,,,,,,-0.03002264977,0.0002808323347,False,predictors_unavailable
2015-09-02,2015-09-01,SPX,QR-Full,QR-Full-expanding-min750-refit10-SigmaHatRECONSTRUCTED,1,,,,,,,,0.01812767103,0.0002158481376,False,predictors_unavailable
2015-09-03,2015-09-02,SPX,QR-Full,QR-Full-expanding-min750-refit10-SigmaHatRECONSTRUCTED,1,,,,,,,,0.00116411594,0.0001535921988,False,predictors_unavailable
2015-09-04,2015-09-03,SPX,QR-Full,QR-Full-expanding-min750-refit10-SigmaHatRECONSTRUCTED,1,,,,,,,,-0.01544830866,0.0001535772667,False,predictors_unavailable
2015-09-08,2015-09-04,SPX,QR-Full,QR-Full-expanding-min750-refit10-SigmaHatRECONSTRUCTED,1,,,,,,,,0.02477363695,7.899312225e-05,False,predictors_unavailable
2015-09-09,2015-09-08,SPX,QR-Full,QR-Full-expanding-min750-refit10-SigmaHatRECONSTRUCTED,1,,,,,,,,-0.01399503571,0.000121290827,False,predictors_unavailable
2015-09-10,2015-09-09,SPX,QR-Full,QR-Full-expanding-min750-refit10-SigmaHatRECONSTRUCTED,1,,,,,,,,0.005264075445,0.0001541693897,False,predictors_unavailable
2015-09-11,2015-09-10,SPX,QR-Full,QR-Full-expanding-min750-refit10-SigmaHatRECONSTRUCTED,1,,,,,,,,0.004477006565,9.120423082e-05,False,predictors_unavailable
2015-09-14,2015-09-11,SPX,QR-Full,QR-Full-expanding-min750-refit10-SigmaHatRECONSTRUCTED,1,,,,,,,,-0.004098041463,6.315258112e-05,False,predictors_unavailable
2015-09-15,2015-09-14,SPX,QR-Full,QR-Full-expanding-min750-refit10-SigmaHatRECONSTRUCTED,1,,,,,,,,0.01274968787,6.373984711e-05,False,predictors_unavailable
2015-09-16,2015-09-15,SPX,QR-Full,QR-Full-expanding-min750-refit10-SigmaHatRECONSTRUCTED,1,,,,,,,,0.008667740828,5.513770879e-05,False,predictors_unavailable
2015-09-17,2015-09-16,SPX,QR-Full,QR-Full-expanding-min750-refit10-SigmaHatRECONSTRUCTED,1,,,,,,,,-0.002564344733,0.0003067046395,False,predictors_unavailable
2015-09-18,2015-09-17,SPX,QR-Full,QR-Full-expanding-min750-refit10-SigmaHatRECONSTRUCTED,1,,,,,,,,-0.01629623102,0.0001446566973,False,predictors_unavailable
2015-09-21,2015-09-18,SPX,QR-Full,QR-Full-expanding-min750-refit10-SigmaHatRECONSTRUCTED,1,,,,,,,,0.004555392336,0.0001287568299,False,predictors_unavailable
2015-09-22,2015-09-21,SPX,QR-Full,QR-Full-expanding-min750-refit10-SigmaHatRECONSTRUCTED,1,,,,,,,,-0.01239493029,0.0001270301081,False,predictors_unavailable
2015-09-23,2015-09-22,SPX,QR-Full,QR-Full-expanding-min750-refit10-SigmaHatRECONSTRUCTED,1,,,,,,,,-0.002050743988,0.0001149016141,False,predictors_unavailable
2015-09-24,2015-09-23,SPX,QR-Full,QR-Full-expanding-min750-refit10-SigmaHatRECONSTRUCTED,1,,,,,,,,-0.003368652113,0.0001625075419,False,predictors_unavailable
2015-09-25,2015-09-24,SPX,QR-Full,QR-Full-expanding-min750-refit10-SigmaHatRECONSTRUCTED,1,,,,,,,,-0.0004659015869,0.0001482252835,False,predictors_unavailable
2015-09-28,2015-09-25,SPX,QR-Full,QR-Full-expanding-min750-refit10-SigmaHatRECONSTRUCTED,1,,,,,,,,-0.02600121101,0.0001470230625,False,predictors_unavailable
2015-09-29,2015-09-28,SPX,QR-Full,QR-Full-expanding-min750-refit10-SigmaHatRECONSTRUCTED,1,,,,,,,,0.001232093759,0.000251550829,False,predictors_unavailable
2015-09-30,2015-09-29,SPX,QR-Full,QR-Full-expanding-min750-refit10-SigmaHatRECONSTRUCTED,1,,,,,,,,0.01889589835,0.0001742781759,False,predictors_unavailable
2015-10-01,2015-09-30,SPX,QR-Full,QR-Full-expanding-min750-refit10-SigmaHatRECONSTRUCTED,1,,,,,,,,0.001971938683,0.0002277597474,False,predictors_unavailable
2015-10-02,2015-10-01,SPX,QR-Full,QR-Full-expanding-min750-refit10-SigmaHatRECONSTRUCTED,1,,,,,,,,0.01421379299,0.0001929701622,False,predictors_unavailable
2015-10-05,2015-10-02,SPX,QR-Full,QR-Full-expanding-min750-refit10-SigmaHatRECONSTRUCTED,1,,,,,,,,0.01812459379,7.15402202e-05,False,predictors_unavailable
2015-10-06,2015-10-05,SPX,QR-Full,QR-Full-expanding-min750-refit10-SigmaHatRECONSTRUCTED,1,,,,,,,,-0.003594689403,8.365384651e-05,False,predictors_unavailable
2015-10-07,2015-10-06,SPX,QR-Full,QR-Full-expanding-min750-refit10-SigmaHatRECONSTRUCTED,1,,,,,,,,0.008003519803,0.0001387035965,False,predictors_unavailable
2015-10-08,2015-10-07,SPX,QR-Full,QR-Full-expanding-min750-refit10-SigmaHatRECONSTRUCTED,1,,,,,,,,0.008779780316,8.786751208e-05,False,predictors_unavailable
2015-10-09,2015-10-08,SPX,QR-Full,QR-Full-expanding-min750-refit10-SigmaHatRECONSTRUCTED,1,,,,,,,,0.0007248485914,5.422266347e-05,False,predictors_unavailable
2015-10-12,2015-10-09,SPX,QR-Full,QR-Full-expanding-min750-refit10-SigmaHatRECONSTRUCTED,1,,,,,,,,0.001274664334,2.258654804e-05,False,predictors_unavailable
2015-10-13,2015-10-12,SPX,QR-Full,QR-Full-expanding-min750-refit10-SigmaHatRECONSTRUCTED,1,,,,,,,,-0.006848823924,4.453741961e-05,False,predictors_unavailable
2015-10-14,2015-10-13,SPX,QR-Full,QR-Full-expanding-min750-refit10-SigmaHatRECONSTRUCTED,1,,,,,,,,-0.004727430827,8.489086627e-05,False,predictors_unavailable
2015-10-15,2015-10-14,SPX,QR-Full,QR-Full-expanding-min750-refit10-SigmaHatRECONSTRUCTED,1,,,,,,,,0.0147435513,4.86271072e-05,False,predictors_unavailable
2015-10-16,2015-10-15,SPX,QR-Full,QR-Full-expanding-min750-refit10-SigmaHatRECONSTRUCTED,1,,,,,,,,0.004560061374,3.498841852e-05,False,predictors_unavailable
2015-10-19,2015-10-16,SPX,QR-Full,QR-Full-expanding-min750-refit10-SigmaHatRECONSTRUCTED,1,,,,,,,,0.0002705090284,3.871255221e-05,False,predictors_unavailable
2015-10-20,2015-10-19,SPX,QR-Full,QR-Full-expanding-min750-refit10-SigmaHatRECONSTRUCTED,1,,,,,,,,-0.001422100737,4.569406239e-05,False,predictors_unavailable
2015-10-21,2015-10-20,SPX,QR-Full,QR-Full-expanding-min750-refit10-SigmaHatRECONSTRUCTED,1,,,,,,,,-0.005842449343,0.0001002353249,False,predictors_unavailable
2015-10-22,2015-10-21,SPX,QR-Full,QR-Full-expanding-min750-refit10-SigmaHatRECONSTRUCTED,1,,,,,,,,0.01649084733,5.894821762e-05,False,predictors_unavailable
2015-10-23,2015-10-22,SPX,QR-Full,QR-Full-expanding-min750-refit10-SigmaHatRECONSTRUCTED,1,,,,,,,,0.01096995369,4.988713165e-05,False,predictors_unavailable
2015-10-26,2015-10-23,SPX,QR-Full,QR-Full-expanding-min750-refit10-SigmaHatRECONSTRUCTED,1,,,,,,,,-0.001914932662,2.570420737e-05,False,predictors_unavailable
2015-10-27,2015-10-26,SPX,QR-Full,QR-Full-expanding-min750-refit10-SigmaHatRECONSTRUCTED,1,,,,,,,,-0.002557385834,4.815585756e-05,False,predictors_unavailable
2015-10-28,2015-10-27,SPX,QR-Full,QR-Full-expanding-min750-refit10-SigmaHatRECONSTRUCTED,1,,,,,,,,0.01177048845,0.0001676757797,False,predictors_unavailable
2015-10-29,2015-10-28,SPX,QR-Full,QR-Full-expanding-min750-refit10-SigmaHatRECONSTRUCTED,1,,,,,,,,-0.0004498755975,4.22634883e-05,False,predictors_unavailable
2015-10-30,2015-10-29,SPX,QR-Full,QR-Full-expanding-min750-refit10-SigmaHatRECONSTRUCTED,1,,,,,,,,-0.004821481839,4.949524792e-05,False,predictors_unavailable
2015-11-02,2015-10-30,SPX,QR-Full,QR-Full-expanding-min750-refit10-SigmaHatRECONSTRUCTED,1,,,,,,,,0.01180387662,,False,predictors_unavailable
2015-11-03,2015-11-02,SPX,QR-Full,QR-Full-expanding-min750-refit10-SigmaHatRECONSTRUCTED,1,,,,,,,,0.002724352814,,False,predictors_unavailable
2015-11-04,2015-11-03,SPX,QR-Full,QR-Full-expanding-min750-refit10-SigmaHatRECONSTRUCTED,1,,,,,,,,-0.003551666717,,False,predictors_unavailable
2015-11-05,2015-11-04,SPX,QR-Full,QR-Full-expanding-min750-refit10-SigmaHatRECONSTRUCTED,1,,,,,,,,-0.001132789779,,False,predictors_unavailable
2015-11-06,2015-11-05,SPX,QR-Full,QR-Full-expanding-min750-refit10-SigmaHatRECONSTRUCTED,1,,,,,,,,-0.000347682033,,False,predictors_unavailable
2015-11-09,2015-11-06,SPX,QR-Full,QR-Full-expanding-min750-refit10-SigmaHatRECONSTRUCTED,1,,,,,,,,-0.009871290635,8.383690295e-05,False,predictors_unavailable
2015-11-10,2015-11-09,SPX,QR-Full,QR-Full-expanding-min750-refit10-SigmaHatRECONSTRUCTED,1,,,,,,,,0.001509455356,5.568543904e-05,False,predictors_unavailable
2015-11-11,2015-11-10,SPX,QR-Full,QR-Full-expanding-min750-refit10-SigmaHatRECONSTRUCTED,1,,,,,,,,-0.003233307464,4.155491448e-05,False,predictors_unavailable
2015-11-12,2015-11-11,SPX,QR-Full,QR-Full-expanding-min750-refit10-SigmaHatRECONSTRUCTED,1,,,,,,,,-0.01408916319,7.864953778e-05,False,predictors_unavailable
2015-11-13,2015-11-12,SPX,QR-Full,QR-Full-expanding-min750-refit10-SigmaHatRECONSTRUCTED,1,,,,,,,,-0.01127064061,7.76029694e-05,False,predictors_unavailable
2015-11-16,2015-11-13,SPX,QR-Full,QR-Full-expanding-min750-refit10-SigmaHatRECONSTRUCTED,1,,,,,,,,0.01479330263,9.323735316e-05,False,predictors_unavailable
2015-11-17,2015-11-16,SPX,QR-Full,QR-Full-expanding-min750-refit10-SigmaHatRECONSTRUCTED,1,,,,,,,,-0.001340277019,0.0001089470994,False,predictors_unavailable
2015-11-18,2015-11-17,SPX,QR-Full,QR-Full-expanding-min750-refit10-SigmaHatRECONSTRUCTED,1,,,,,,,,0.01603323002,7.15805308e-05,False,predictors_unavailable
2015-11-19,2015-11-18,SPX,QR-Full,QR-Full-expanding-min750-refit10-SigmaHatRECONSTRUCTED,1,,,,,,,,-0.001123740382,4.02490677e-05,False,predictors_unavailable
2015-11-20,2015-11-19,SPX,QR-Full,QR-Full-expanding-min750-refit10-SigmaHatRECONSTRUCTED,1,,,,,,,,0.003802955453,2.986620867e-05,False,predictors_unavailable
2015-11-23,2015-11-20,SPX,QR-Full,QR-Full-expanding-min750-refit10-SigmaHatRECONSTRUCTED,1,,,,,,,,-0.001235623849,3.515042584e-05,False,predictors_unavailable
2015-11-24,2015-11-23,SPX,QR-Full,QR-Full-expanding-min750-refit10-SigmaHatRECONSTRUCTED,1,,,,,,,,0.001221250094,5.914615793e-05,False,predictors_unavailable
2015-11-25,2015-11-24,SPX,QR-Full,QR-Full-expanding-min750-refit10-SigmaHatRECONSTRUCTED,1,,,,,,,,-0.0001291409067,1.962221506e-05,False,predictors_unavailable
2015-11-27,2015-11-25,SPX,QR-Full,QR-Full-expanding-min750-refit10-SigmaHatRECONSTRUCTED,1,,,,,,,,0.0005934414474,,False,predictors_unavailable
2015-11-30,2015-11-27,SPX,QR-Full,QR-Full-expanding-min750-refit10-SigmaHatRECONSTRUCTED,1,,,,,,,,-0.00465179999,,False,predictors_unavailable
2015-12-01,2015-11-30,SPX,QR-Full,QR-Full-expanding-min750-refit10-SigmaHatRECONSTRUCTED,1,,,,,,,,0.01062393909,4.659242816e-05,False,predictors_unavailable
2015-12-02,2015-12-01,SPX,QR-Full,QR-Full-expanding-min750-refit10-SigmaHatRECONSTRUCTED,1,,,,,,,,-0.01105659262,4.689727106e-05,False,predictors_unavailable
2015-12-03,2015-12-02,SPX,QR-Full,QR-Full-expanding-min750-refit10-SigmaHatRECONSTRUCTED,1,,,,,,,,-0.01447782665,0.000141202567,False,predictors_unavailable
2015-12-04,2015-12-03,SPX,QR-Full,QR-Full-expanding-min750-refit10-SigmaHatRECONSTRUCTED,1,,,,,,,,0.02031785626,0.0001131758102,False,predictors_unavailable
2015-12-07,2015-12-04,SPX,QR-Full,QR-Full-expanding-min750-refit10-SigmaHatRECONSTRUCTED,1,,,,,,,,-0.007014043939,0.000108209254,False,predictors_unavailable
2015-12-08,2015-12-07,SPX,QR-Full,QR-Full-expanding-min750-refit10-SigmaHatRECONSTRUCTED,1,,,,,,,,-0.0065110524,0.0001625613635,False,predictors_unavailable
2015-12-09,2015-12-08,SPX,QR-Full,QR-Full-expanding-min750-refit10-SigmaHatRECONSTRUCTED,1,,,,,,,,-0.007769086476,0.0001975862529,False,predictors_unavailable
2015-12-10,2015-12-09,SPX,QR-Full,QR-Full-expanding-min750-refit10-SigmaHatRECONSTRUCTED,1,,,,,,,,0.002248856407,0.0001151626639,False,predictors_unavailable
2015-12-11,2015-12-10,SPX,QR-Full,QR-Full-expanding-min750-refit10-SigmaHatRECONSTRUCTED,1,,,,,,,,-0.01961386759,0.0001274431848,False,predictors_unavailable
2015-12-14,2015-12-11,SPX,QR-Full,QR-Full-expanding-min750-refit10-SigmaHatRECONSTRUCTED,1,,,,,,,,0.004744287921,0.0002646878986,False,predictors_unavailable
2015-12-15,2015-12-14,SPX,QR-Full,QR-Full-expanding-min750-refit10-SigmaHatRECONSTRUCTED,1,,,,,,,,0.01056258022,6.950260821e-05,False,predictors_unavailable
2015-12-16,2015-12-15,SPX,QR-Full,QR-Full-expanding-min750-refit10-SigmaHatRECONSTRUCTED,1,,,,,,,,0.01441063557,0.0001201134993,False,predictors_unavailable
2015-12-17,2015-12-16,SPX,QR-Full,QR-Full-expanding-min750-refit10-SigmaHatRECONSTRUCTED,1,,,,,,,,-0.01515477629,0.000154013339,False,predictors_unavailable
2015-12-18,2015-12-17,SPX,QR-Full,QR-Full-expanding-min750-refit10-SigmaHatRECONSTRUCTED,1,,,,,,,,-0.01795749509,0.0001484802159,False,predictors_unavailable
2015-12-21,2015-12-18,SPX,QR-Full,QR-Full-expanding-min750-refit10-SigmaHatRECONSTRUCTED,1,,,,,,,,0.007748306437,9.518851927e-05,False,predictors_unavailable
2015-12-22,2015-12-21,SPX,QR-Full,QR-Full-expanding-min750-refit10-SigmaHatRECONSTRUCTED,1,,,,,,,,0.008778095942,7.312149383e-05,False,predictors_unavailable
2015-12-23,2015-12-22,SPX,QR-Full,QR-Full-expanding-min750-refit10-SigmaHatRECONSTRUCTED,1,,,,,,,,0.01234159635,2.598584553e-05,False,predictors_unavailable
2015-12-24,2015-12-23,SPX,QR-Full,QR-Full-expanding-min750-refit10-SigmaHatRECONSTRUCTED,1,,,,,,,,-0.001599915487,,False,predictors_unavailable
2015-12-28,2015-12-24,SPX,QR-Full,QR-Full-expanding-min750-refit10-SigmaHatRECONSTRUCTED,1,,,,,,,,-0.002180936343,,False,predictors_unavailable
2015-12-29,2015-12-28,SPX,QR-Full,QR-Full-expanding-min750-refit10-SigmaHatRECONSTRUCTED,1,,,,,,,,0.01057366397,2.195837394e-05,False,predictors_unavailable
2015-12-30,2015-12-29,SPX,QR-Full,QR-Full-expanding-min750-refit10-SigmaHatRECONSTRUCTED,1,,,,,,,,-0.007243398785,3.279041466e-05,False,predictors_unavailable
2015-12-31,2015-12-30,SPX,QR-Full,QR-Full-expanding-min750-refit10-SigmaHatRECONSTRUCTED,1,,,,,,,,-0.009456485036,,False,predictors_unavailable
2016-01-04,2015-12-31,SPX,QR-Full,QR-Full-expanding-min750-refit10-SigmaHatRECONSTRUCTED,1,,,,,,,,-0.01542204169,,False,predictors_unavailable
2016-01-05,2016-01-04,SPX,QR-Full,QR-Full-expanding-min750-refit10-SigmaHatRECONSTRUCTED,1,,,,,,,,0.00201020426,0.0001092905565,False,predictors_unavailable
2016-01-06,2016-01-05,SPX,QR-Full,QR-Full-expanding-min750-refit10-SigmaHatRECONSTRUCTED,1,,,,,,,,-0.01320216292,0.0001239422304,False,predictors_unavailable
2016-01-07,2016-01-06,SPX,QR-Full,QR-Full-expanding-min750-refit10-SigmaHatRECONSTRUCTED,1,,,,,,,,-0.02398581654,0.0002832223463,False,predictors_unavailable
2016-01-08,2016-01-07,SPX,QR-Full,QR-Full-expanding-min750-refit10-SigmaHatRECONSTRUCTED,1,,,,,,,,-0.01089753769,0.0002448807534,False,predictors_unavailable
2016-01-11,2016-01-08,SPX,QR-Full,QR-Full-expanding-min750-refit10-SigmaHatRECONSTRUCTED,1,,,,,,,,0.0008529084787,0.0002743245921,False,predictors_unavailable
2016-01-12,2016-01-11,SPX,QR-Full,QR-Full-expanding-min750-refit10-SigmaHatRECONSTRUCTED,1,,,,,,,,0.007772514238,0.0002623033927,False,predictors_unavailable
2016-01-13,2016-01-12,SPX,QR-Full,QR-Full-expanding-min750-refit10-SigmaHatRECONSTRUCTED,1,,,,,,,,-0.02528237538,0.0003446302729,False,predictors_unavailable
2016-01-14,2016-01-13,SPX,QR-Full,QR-Full-expanding-min750-refit10-SigmaHatRECONSTRUCTED,1,,,,,,,,0.01655806118,0.0002922672129,False,predictors_unavailable
2016-01-15,2016-01-14,SPX,QR-Full,QR-Full-expanding-min750-refit10-SigmaHatRECONSTRUCTED,1,,,,,,,,-0.02183577282,0.0003182644325,False,predictors_unavailable
2016-01-19,2016-01-15,SPX,QR-Full,QR-Full-expanding-min750-refit10-SigmaHatRECONSTRUCTED,1,,,,,,,,0.0005316801874,0.0003300577514,False,predictors_unavailable
2016-01-20,2016-01-19,SPX,QR-Full,QR-Full-expanding-min750-refit10-SigmaHatRECONSTRUCTED,1,,,,,,,,-0.01176276603,0.0005918434876,False,predictors_unavailable
2016-01-21,2016-01-20,SPX,QR-Full,QR-Full-expanding-min750-refit10-SigmaHatRECONSTRUCTED,1,,,,,,,,0.00518198854,0.0005542980807,False,predictors_unavailable
2016-01-22,2016-01-21,SPX,QR-Full,QR-Full-expanding-min750-refit10-SigmaHatRECONSTRUCTED,1,,,,,,,,0.02008072679,0.0001068964137,False,predictors_unavailable
2016-01-25,2016-01-22,SPX,QR-Full,QR-Full-expanding-min750-refit10-SigmaHatRECONSTRUCTED,1,,,,,,,,-0.01576154498,0.0001238367,False,predictors_unavailable
2016-01-26,2016-01-25,SPX,QR-Full,QR-Full-expanding-min750-refit10-SigmaHatRECONSTRUCTED,1,,,,,,,,0.01404523792,0.0001633687583,False,predictors_unavailable
2016-01-27,2016-01-26,SPX,QR-Full,QR-Full-expanding-min750-refit10-SigmaHatRECONSTRUCTED,1,,,,,,,,-0.01092292245,0.0003316294982,False,predictors_unavailable
2016-01-28,2016-01-27,SPX,QR-Full,QR-Full-expanding-min750-refit10-SigmaHatRECONSTRUCTED,1,,,,,,,,0.005513350623,0.0003256601036,False,predictors_unavailable
2016-01-29,2016-01-28,SPX,QR-Full,QR-Full-expanding-min750-refit10-SigmaHatRECONSTRUCTED,1,,,,,,,,0.02445865106,9.662728137e-05,False,predictors_unavailable
2016-02-01,2016-01-29,SPX,QR-Full,QR-Full-expanding-min750-refit10-SigmaHatRECONSTRUCTED,1,,,,,,,,-0.0004433346643,0.0001611761062,False,predictors_unavailable
2016-02-02,2016-02-01,SPX,QR-Full,QR-Full-expanding-min750-refit10-SigmaHatRECONSTRUCTED,1,,,,,,,,-0.01892096893,0.0001096174141,False,predictors_unavailable
2016-02-03,2016-02-02,SPX,QR-Full,QR-Full-expanding-min750-refit10-SigmaHatRECONSTRUCTED,1,,,,,,,,0.004979620022,0.0004923388407,False,predictors_unavailable
2016-02-04,2016-02-03,SPX,QR-Full,QR-Full-expanding-min750-refit10-SigmaHatRECONSTRUCTED,1,,,,,,,,0.001525568358,0.0003402928569,False,predictors_unavailable
2016-02-05,2016-02-04,SPX,QR-Full,QR-Full-expanding-min750-refit10-SigmaHatRECONSTRUCTED,1,,,,,,,,-0.0186541581,0.0002159491212,False,predictors_unavailable
2016-02-08,2016-02-05,SPX,QR-Full,QR-Full-expanding-min750-refit10-SigmaHatRECONSTRUCTED,1,,,,,,,,-0.01425505823,0.0002983421546,False,predictors_unavailable
2016-02-09,2016-02-08,SPX,QR-Full,QR-Full-expanding-min750-refit10-SigmaHatRECONSTRUCTED,1,,,,,,,,-0.0006638403938,0.0004516898116,False,predictors_unavailable
2016-02-10,2016-02-09,SPX,QR-Full,QR-Full-expanding-min750-refit10-SigmaHatRECONSTRUCTED,1,,,,,,,,-0.0001889683543,0.0002813897041,False,predictors_unavailable
2016-02-11,2016-02-10,SPX,QR-Full,QR-Full-expanding-min750-refit10-SigmaHatRECONSTRUCTED,1,,,,,,,,-0.01237744717,0.0003543729902,False,predictors_unavailable
2016-02-12,2016-02-11,SPX,QR-Full,QR-Full-expanding-min750-refit10-SigmaHatRECONSTRUCTED,1,,,,,,,,0.01933001508,9.95592714e-05,False,predictors_unavailable
2016-02-16,2016-02-12,SPX,QR-Full,QR-Full-expanding-min750-refit10-SigmaHatRECONSTRUCTED,1,,,,,,,,0.01638173787,8.701260545e-05,False,predictors_unavailable
2016-02-17,2016-02-16,SPX,QR-Full,QR-Full-expanding-min750-refit10-SigmaHatRECONSTRUCTED,1,,,,,,,,0.0163461105,5.481349336e-05,False,predictors_unavailable
2016-02-18,2016-02-17,SPX,QR-Full,QR-Full-expanding-min750-refit10-SigmaHatRECONSTRUCTED,1,,,,,,,,-0.004676632002,8.584356204e-05,False,predictors_unavailable
2016-02-19,2016-02-18,SPX,QR-Full,QR-Full-expanding-min750-refit10-SigmaHatRECONSTRUCTED,1,,,,,,,,-2.603340809e-05,0.0001168773534,False,predictors_unavailable
2016-02-22,2016-02-19,SPX,QR-Full,QR-Full-expanding-min750-refit10-SigmaHatRECONSTRUCTED,1,,,,,,,,0.01435073125,4.671187912e-05,False,predictors_unavailable
2016-02-23,2016-02-22,SPX,QR-Full,QR-Full-expanding-min750-refit10-SigmaHatRECONSTRUCTED,1,,,,,,,,-0.01253257733,7.857278177e-05,False,predictors_unavailable
2016-02-24,2016-02-23,SPX,QR-Full,QR-Full-expanding-min750-refit10-SigmaHatRECONSTRUCTED,1,,,,,,,,0.00442995988,0.0001741412913,False,predictors_unavailable
2016-02-25,2016-02-24,SPX,QR-Full,QR-Full-expanding-min750-refit10-SigmaHatRECONSTRUCTED,1,,,,,,,,0.01128436655,0.0001052332146,False,predictors_unavailable
2016-02-26,2016-02-25,SPX,QR-Full,QR-Full-expanding-min750-refit10-SigmaHatRECONSTRUCTED,1,,,,,,,,-0.001871865153,8.036627668e-05,False,predictors_unavailable
2016-02-29,2016-02-26,SPX,QR-Full,QR-Full-expanding-min750-refit10-SigmaHatRECONSTRUCTED,1,,,,,,,,-0.008154131422,9.080365067e-05,False,predictors_unavailable
2016-03-01,2016-02-29,SPX,QR-Full,QR-Full-expanding-min750-refit10-SigmaHatRECONSTRUCTED,1,,,,,,,,0.02358838585,8.362435078e-05,False,predictors_unavailable
2016-03-02,2016-03-01,SPX,QR-Full,QR-Full-expanding-min750-refit10-SigmaHatRECONSTRUCTED,1,,,,,,,,0.004085949565,7.821255331e-05,False,predictors_unavailable
2016-03-03,2016-03-02,SPX,QR-Full,QR-Full-expanding-min750-refit10-SigmaHatRECONSTRUCTED,1,,,,,,,,0.003492634199,4.641595552e-05,False,predictors_unavailable
2016-03-04,2016-03-03,SPX,QR-Full,QR-Full-expanding-min750-refit10-SigmaHatRECONSTRUCTED,1,,,,,,,,0.003300439956,7.529901625e-05,False,predictors_unavailable
2016-03-07,2016-03-04,SPX,QR-Full,QR-Full-expanding-min750-refit10-SigmaHatRECONSTRUCTED,1,,,,,,,,0.0008846230351,7.668839156e-05,False,predictors_unavailable
2016-03-08,2016-03-07,SPX,QR-Full,QR-Full-expanding-min750-refit10-SigmaHatRECONSTRUCTED,1,,,,,,,,-0.01130375605,9.111510265e-05,False,predictors_unavailable
2016-03-09,2016-03-08,SPX,QR-Full,QR-Full-expanding-min750-refit10-SigmaHatRECONSTRUCTED,1,,,,,,,,0.005039672782,7.856494924e-05,False,predictors_unavailable
2016-03-10,2016-03-09,SPX,QR-Full,QR-Full-expanding-min750-refit10-SigmaHatRECONSTRUCTED,1,,,,,,,,0.000155792534,0.0001878933337,False,predictors_unavailable
2016-03-11,2016-03-10,SPX,QR-Full,QR-Full-expanding-min750-refit10-SigmaHatRECONSTRUCTED,1,,,,,,,,0.01626254553,3.21740994e-05,False,predictors_unavailable
2016-03-14,2016-03-11,SPX,QR-Full,QR-Full-expanding-min750-refit10-SigmaHatRECONSTRUCTED,1,,,,,,,,-0.001261768242,3.507924338e-05,False,predictors_unavailable
2016-03-15,2016-03-14,SPX,QR-Full,QR-Full-expanding-min750-refit10-SigmaHatRECONSTRUCTED,1,,,,,,,,-0.001838630965,3.75930634e-05,False,predictors_unavailable
2016-03-16,2016-03-15,SPX,QR-Full,QR-Full-expanding-min750-refit10-SigmaHatRECONSTRUCTED,1,,,,,,,,0.005584727885,0.0001407153585,False,predictors_unavailable
2016-03-17,2016-03-16,SPX,QR-Full,QR-Full-expanding-min750-refit10-SigmaHatRECONSTRUCTED,1,,,,,,,,0.00657358301,4.259789106e-05,False,predictors_unavailable
2016-03-18,2016-03-17,SPX,QR-Full,QR-Full-expanding-min750-refit10-SigmaHatRECONSTRUCTED,1,,,,,,,,0.004395967102,3.326264665e-05,False,predictors_unavailable
2016-03-21,2016-03-18,SPX,QR-Full,QR-Full-expanding-min750-refit10-SigmaHatRECONSTRUCTED,1,,,,,,,,0.0009850921328,3.19342708e-05,False,predictors_unavailable
2016-03-22,2016-03-21,SPX,QR-Full,QR-Full-expanding-min750-refit10-SigmaHatRECONSTRUCTED,1,,,,,,,,-0.0008777729805,3.903725509e-05,False,predictors_unavailable
2016-03-23,2016-03-22,SPX,QR-Full,QR-Full-expanding-min750-refit10-SigmaHatRECONSTRUCTED,1,,,,,,,,-0.006406509584,3.862994238e-05,False,predictors_unavailable
2016-03-24,2016-03-23,SPX,QR-Full,QR-Full-expanding-min750-refit10-SigmaHatRECONSTRUCTED,1,,,,,,,,-0.0003781420096,2.628417949e-05,False,predictors_unavailable
2016-03-28,2016-03-24,SPX,QR-Full,QR-Full-expanding-min750-refit10-SigmaHatRECONSTRUCTED,1,,,,,,,,0.000545107172,3.269174968e-05,False,predictors_unavailable
2016-03-29,2016-03-28,SPX,QR-Full,QR-Full-expanding-min750-refit10-SigmaHatRECONSTRUCTED,1,,,,,,,,0.008778012084,4.833038516e-05,False,predictors_unavailable
2016-03-30,2016-03-29,SPX,QR-Full,QR-Full-expanding-min750-refit10-SigmaHatRECONSTRUCTED,1,,,,,,,,0.004340879796,3.350243379e-05,False,predictors_unavailable
2016-03-31,2016-03-30,SPX,QR-Full,QR-Full-expanding-min750-refit10-SigmaHatRECONSTRUCTED,1,,,,,,,,-0.00204184239,3.075500662e-05,False,predictors_unavailable
2016-04-01,2016-03-31,SPX,QR-Full,QR-Full-expanding-min750-refit10-SigmaHatRECONSTRUCTED,1,,,,,,,,0.006310959037,4.776680252e-05,False,predictors_unavailable
2016-04-04,2016-04-01,SPX,QR-Full,QR-Full-expanding-min750-refit10-SigmaHatRECONSTRUCTED,1,,,,,,,,-0.003213479812,3.059573204e-05,False,predictors_unavailable
2016-04-05,2016-04-04,SPX,QR-Full,QR-Full-expanding-min750-refit10-SigmaHatRECONSTRUCTED,1,,,,,,,,-0.01019629848,5.692806165e-05,False,predictors_unavailable
2016-04-06,2016-04-05,SPX,QR-Full,QR-Full-expanding-min750-refit10-SigmaHatRECONSTRUCTED,1,,,,,,,,0.01045279785,5.338284703e-05,False,predictors_unavailable
2016-04-07,2016-04-06,SPX,QR-Full,QR-Full-expanding-min750-refit10-SigmaHatRECONSTRUCTED,1,,,,,,,,-0.01204807401,8.288337631e-05,False,predictors_unavailable
2016-04-08,2016-04-07,SPX,QR-Full,QR-Full-expanding-min750-refit10-SigmaHatRECONSTRUCTED,1,,,,,,,,0.002782702895,5.683267616e-05,False,predictors_unavailable
2016-04-11,2016-04-08,SPX,QR-Full,QR-Full-expanding-min750-refit10-SigmaHatRECONSTRUCTED,1,,,,,,,,-0.002743546207,6.311971775e-05,False,predictors_unavailable
2016-04-12,2016-04-11,SPX,QR-Full,QR-Full-expanding-min750-refit10-SigmaHatRECONSTRUCTED,1,,,,,,,,0.00961575414,6.703198605e-05,False,predictors_unavailable
2016-04-13,2016-04-12,SPX,QR-Full,QR-Full-expanding-min750-refit10-SigmaHatRECONSTRUCTED,1,,,,,,,,0.009990069685,3.633456828e-05,False,predictors_unavailable
2016-04-14,2016-04-13,SPX,QR-Full,QR-Full-expanding-min750-refit10-SigmaHatRECONSTRUCTED,1,,,,,,,,0.0001729122276,2.897420841e-05,False,predictors_unavailable
2016-04-15,2016-04-14,SPX,QR-Full,QR-Full-expanding-min750-refit10-SigmaHatRECONSTRUCTED,1,,,,,,,,-0.0009847696589,1.098404289e-05,False,predictors_unavailable
2016-04-18,2016-04-15,SPX,QR-Full,QR-Full-expanding-min750-refit10-SigmaHatRECONSTRUCTED,1,,,,,,,,0.006519725891,2.956765036e-05,False,predictors_unavailable
2016-04-19,2016-04-18,SPX,QR-Full,QR-Full-expanding-min750-refit10-SigmaHatRECONSTRUCTED,1,,,,,,,,0.003079737932,3.254011546e-05,False,predictors_unavailable
2016-04-20,2016-04-19,SPX,QR-Full,QR-Full-expanding-min750-refit10-SigmaHatRECONSTRUCTED,1,,,,,,,,0.0007612548039,2.732985718e-05,False,predictors_unavailable
2016-04-21,2016-04-20,SPX,QR-Full,QR-Full-expanding-min750-refit10-SigmaHatRECONSTRUCTED,1,,,,,,,,-0.005207562918,4.490697933e-05,False,predictors_unavailable
2016-04-22,2016-04-21,SPX,QR-Full,QR-Full-expanding-min750-refit10-SigmaHatRECONSTRUCTED,1,,,,,,,,4.78587439e-05,4.056444598e-05,False,predictors_unavailable
2016-04-25,2016-04-22,SPX,QR-Full,QR-Full-expanding-min750-refit10-SigmaHatRECONSTRUCTED,1,,,,,,,,-0.001813689591,3.615252875e-05,False,predictors_unavailable
2016-04-26,2016-04-25,SPX,QR-Full,QR-Full-expanding-min750-refit10-SigmaHatRECONSTRUCTED,1,,,,,,,,0.001871000122,3.24602694e-05,False,predictors_unavailable
2016-04-27,2016-04-26,SPX,QR-Full,QR-Full-expanding-min750-refit10-SigmaHatRECONSTRUCTED,1,,,,,,,,0.00164799403,5.943677216e-05,False,predictors_unavailable
2016-04-28,2016-04-27,SPX,QR-Full,QR-Full-expanding-min750-refit10-SigmaHatRECONSTRUCTED,1,,,,,,,,-0.009273635702,5.803971196e-05,False,predictors_unavailable
2016-04-29,2016-04-28,SPX,QR-Full,QR-Full-expanding-min750-refit10-SigmaHatRECONSTRUCTED,1,,,,,,,,-0.005075949343,9.314591085e-05,False,predictors_unavailable
2016-05-02,2016-04-29,SPX,QR-Full,QR-Full-expanding-min750-refit10-SigmaHatRECONSTRUCTED,1,,,,,,,,0.007779606787,4.038806088e-05,False,predictors_unavailable
2016-05-03,2016-05-02,SPX,QR-Full,QR-Full-expanding-min750-refit10-SigmaHatRECONSTRUCTED,1,,,,,,,,-0.008714499652,5.230808961e-05,False,predictors_unavailable
2016-05-04,2016-05-03,SPX,QR-Full,QR-Full-expanding-min750-refit10-SigmaHatRECONSTRUCTED,1,,,,,,,,-0.005954582706,4.395165364e-05,False,predictors_unavailable
2016-05-05,2016-05-04,SPX,QR-Full,QR-Full-expanding-min750-refit10-SigmaHatRECONSTRUCTED,1,,,,,,,,-0.0002390365099,6.228609709e-05,False,predictors_unavailable
2016-05-06,2016-05-05,SPX,QR-Full,QR-Full-expanding-min750-refit10-SigmaHatRECONSTRUCTED,1,,,,,,,,0.003169610667,6.978617132e-05,False,predictors_unavailable
2016-05-09,2016-05-06,SPX,QR-Full,QR-Full-expanding-min750-refit10-SigmaHatRECONSTRUCTED,1,,,,,,,,0.0007532129052,3.502204438e-05,False,predictors_unavailable
2016-05-10,2016-05-09,SPX,QR-Full,QR-Full-expanding-min750-refit10-SigmaHatRECONSTRUCTED,1,,,,,,,,0.01240636564,1.914110455e-05,False,predictors_unavailable
2016-05-11,2016-05-10,SPX,QR-Full,QR-Full-expanding-min750-refit10-SigmaHatRECONSTRUCTED,1,,,,,,,,-0.00960752305,3.658894461e-05,False,predictors_unavailable
2016-05-12,2016-05-11,SPX,QR-Full,QR-Full-expanding-min750-refit10-SigmaHatRECONSTRUCTED,1,,,,,,,,-0.0001694795026,7.185827119e-05,False,predictors_unavailable
2016-05-13,2016-05-12,SPX,QR-Full,QR-Full-expanding-min750-refit10-SigmaHatRECONSTRUCTED,1,,,,,,,,-0.008514434129,6.772334432e-05,False,predictors_unavailable
2016-05-16,2016-05-13,SPX,QR-Full,QR-Full-expanding-min750-refit10-SigmaHatRECONSTRUCTED,1,,,,,,,,0.009748976508,2.823998424e-05,False,predictors_unavailable
2016-05-17,2016-05-16,SPX,QR-Full,QR-Full-expanding-min750-refit10-SigmaHatRECONSTRUCTED,1,,,,,,,,-0.009455863469,6.404689441e-05,False,predictors_unavailable
2016-05-18,2016-05-17,SPX,QR-Full,QR-Full-expanding-min750-refit10-SigmaHatRECONSTRUCTED,1,,,,,,,,0.0002051577131,0.000165258528,False,predictors_unavailable
2016-05-19,2016-05-18,SPX,QR-Full,QR-Full-expanding-min750-refit10-SigmaHatRECONSTRUCTED,1,,,,,,,,-0.003713594611,0.0001044647098,False,predictors_unavailable
2016-05-20,2016-05-19,SPX,QR-Full,QR-Full-expanding-min750-refit10-SigmaHatRECONSTRUCTED,1,,,,,,,,0.006001459078,2.47987951e-05,False,predictors_unavailable
2016-05-23,2016-05-20,SPX,QR-Full,QR-Full-expanding-min750-refit10-SigmaHatRECONSTRUCTED,1,,,,,,,,-0.002087636424,2.061157495e-05,False,predictors_unavailable
2016-05-24,2016-05-23,SPX,QR-Full,QR-Full-expanding-min750-refit10-SigmaHatRECONSTRUCTED,1,,,,,,,,0.01358863776,2.084217716e-05,False,predictors_unavailable
2016-05-25,2016-05-24,SPX,QR-Full,QR-Full-expanding-min750-refit10-SigmaHatRECONSTRUCTED,1,,,,,,,,0.006950529426,2.4821805e-05,False,predictors_unavailable
2016-05-26,2016-05-25,SPX,QR-Full,QR-Full-expanding-min750-refit10-SigmaHatRECONSTRUCTED,1,,,,,,,,-0.0002104658556,1.890669287e-05,False,predictors_unavailable
2016-05-27,2016-05-26,SPX,QR-Full,QR-Full-expanding-min750-refit10-SigmaHatRECONSTRUCTED,1,,,,,,,,0.004277694969,1.36853848e-05,False,predictors_unavailable
2016-05-31,2016-05-27,SPX,QR-Full,QR-Full-expanding-min750-refit10-SigmaHatRECONSTRUCTED,1,,,,,,,,-0.001005768896,3.327110837e-05,False,predictors_unavailable
2016-06-01,2016-05-31,SPX,QR-Full,QR-Full-expanding-min750-refit10-SigmaHatRECONSTRUCTED,1,,,,,,,,0.001134398676,2.809556519e-05,False,predictors_unavailable
2016-06-02,2016-06-01,SPX,QR-Full,QR-Full-expanding-min750-refit10-SigmaHatRECONSTRUCTED,1,,,,,,,,0.002820696338,2.626574643e-05,False,predictors_unavailable
2016-06-03,2016-06-02,SPX,QR-Full,QR-Full-expanding-min750-refit10-SigmaHatRECONSTRUCTED,1,,,,,,,,-0.002916062259,4.480963038e-05,False,predictors_unavailable
2016-06-06,2016-06-03,SPX,QR-Full,QR-Full-expanding-min750-refit10-SigmaHatRECONSTRUCTED,1,,,,,,,,0.004885328378,3.07265641e-05,False,predictors_unavailable
2016-06-07,2016-06-06,SPX,QR-Full,QR-Full-expanding-min750-refit10-SigmaHatRECONSTRUCTED,1,,,,,,,,0.00128861577,9.493298481e-06,False,predictors_unavailable
2016-06-08,2016-06-07,SPX,QR-Full,QR-Full-expanding-min750-refit10-SigmaHatRECONSTRUCTED,1,,,,,,,,0.003304101795,1.388184621e-05,False,predictors_unavailable
2016-06-09,2016-06-08,SPX,QR-Full,QR-Full-expanding-min750-refit10-SigmaHatRECONSTRUCTED,1,,,,,,,,-0.001719235731,2.051683348e-05,False,predictors_unavailable
2016-06-10,2016-06-09,SPX,QR-Full,QR-Full-expanding-min750-refit10-SigmaHatRECONSTRUCTED,1,,,,,,,,-0.00921753236,3.378901537e-05,False,predictors_unavailable
2016-06-13,2016-06-10,SPX,QR-Full,QR-Full-expanding-min750-refit10-SigmaHatRECONSTRUCTED,1,,,,,,,,-0.008148298423,5.302344599e-05,False,predictors_unavailable
2016-06-14,2016-06-13,SPX,QR-Full,QR-Full-expanding-min750-refit10-SigmaHatRECONSTRUCTED,1,,,,,,,,-0.001800505441,7.300375415e-05,False,predictors_unavailable
2016-06-15,2016-06-14,SPX,QR-Full,QR-Full-expanding-min750-refit10-SigmaHatRECONSTRUCTED,1,,,,,,,,-0.001842408891,4.531920616e-05,False,predictors_unavailable
2016-06-16,2016-06-15,SPX,QR-Full,QR-Full-expanding-min750-refit10-SigmaHatRECONSTRUCTED,1,,,,,,,,0.003128092998,8.917546809e-05,False,predictors_unavailable
2016-06-17,2016-06-16,SPX,QR-Full,QR-Full-expanding-min750-refit10-SigmaHatRECONSTRUCTED,1,,,,,,,,-0.003263283888,4.809452502e-05,False,predictors_unavailable
2016-06-20,2016-06-17,SPX,QR-Full,QR-Full-expanding-min750-refit10-SigmaHatRECONSTRUCTED,1,,,,,,,,0.005791382635,3.8032893e-05,False,predictors_unavailable
2016-06-21,2016-06-20,SPX,QR-Full,QR-Full-expanding-min750-refit10-SigmaHatRECONSTRUCTED,1,,,,,,,,0.00270839044,4.203839313e-05,False,predictors_unavailable
2016-06-22,2016-06-21,SPX,QR-Full,QR-Full-expanding-min750-refit10-SigmaHatRECONSTRUCTED,1,,,,,,,,-0.001652928914,4.525061254e-05,False,predictors_unavailable
2016-06-23,2016-06-22,SPX,QR-Full,QR-Full-expanding-min750-refit10-SigmaHatRECONSTRUCTED,1,,,,,,,,0.01327556698,2.828925234e-05,False,predictors_unavailable
2016-06-24,2016-06-23,SPX,QR-Full,QR-Full-expanding-min750-refit10-SigmaHatRECONSTRUCTED,1,,,,,,,,-0.03658079272,0.0002498764978,False,predictors_unavailable
2016-06-27,2016-06-24,SPX,QR-Full,QR-Full-expanding-min750-refit10-SigmaHatRECONSTRUCTED,1,,,,,,,,-0.01826224645,0.0001561135712,False,predictors_unavailable
2016-06-28,2016-06-27,SPX,QR-Full,QR-Full-expanding-min750-refit10-SigmaHatRECONSTRUCTED,1,,,,,,,,0.01761412172,7.886141098e-05,False,predictors_unavailable
2016-06-29,2016-06-28,SPX,QR-Full,QR-Full-expanding-min750-refit10-SigmaHatRECONSTRUCTED,1,,,,,,,,0.01688924311,4.433792919e-05,False,predictors_unavailable
2016-06-30,2016-06-29,SPX,QR-Full,QR-Full-expanding-min750-refit10-SigmaHatRECONSTRUCTED,1,,,,,,,,0.01347386272,6.328037505e-05,False,predictors_unavailable
2016-07-01,2016-06-30,SPX,QR-Full,QR-Full-expanding-min750-refit10-SigmaHatRECONSTRUCTED,1,,,,,,,,0.001946706412,2.938141111e-05,False,predictors_unavailable
2016-07-05,2016-07-01,SPX,QR-Full,QR-Full-expanding-min750-refit10-SigmaHatRECONSTRUCTED,1,,,,,,,,-0.006871028822,4.729455752e-05,False,predictors_unavailable
2016-07-06,2016-07-05,SPX,QR-Full,QR-Full-expanding-min750-refit10-SigmaHatRECONSTRUCTED,1,,,,,,,,0.005338686753,8.268042939e-05,False,predictors_unavailable
2016-07-07,2016-07-06,SPX,QR-Full,QR-Full-expanding-min750-refit10-SigmaHatRECONSTRUCTED,1,,,,,,,,-0.0008719578273,5.014280315e-05,False,predictors_unavailable
2016-07-08,2016-07-07,SPX,QR-Full,QR-Full-expanding-min750-refit10-SigmaHatRECONSTRUCTED,1,,,,,,,,0.01513818657,2.60293883e-05,False,predictors_unavailable
2016-07-11,2016-07-08,SPX,QR-Full,QR-Full-expanding-min750-refit10-SigmaHatRECONSTRUCTED,1,,,,,,,,0.003402819422,2.305087213e-05,False,predictors_unavailable
2016-07-12,2016-07-11,SPX,QR-Full,QR-Full-expanding-min750-refit10-SigmaHatRECONSTRUCTED,1,,,,,,,,0.006984842555,1.64448012e-05,False,predictors_unavailable
2016-07-13,2016-07-12,SPX,QR-Full,QR-Full-expanding-min750-refit10-SigmaHatRECONSTRUCTED,1,,,,,,,,0.0001347586459,2.503299243e-05,False,predictors_unavailable
2016-07-14,2016-07-13,SPX,QR-Full,QR-Full-expanding-min750-refit10-SigmaHatRECONSTRUCTED,1,,,,,,,,0.005245422635,2.857601378e-05,False,predictors_unavailable
2016-07-15,2016-07-14,SPX,QR-Full,QR-Full-expanding-min750-refit10-SigmaHatRECONSTRUCTED,1,,,,,,,,-0.0009293791683,2.386803406e-05,False,predictors_unavailable
2016-07-18,2016-07-15,SPX,QR-Full,QR-Full-expanding-min750-refit10-SigmaHatRECONSTRUCTED,1,,,,,,,,0.002379462125,1.452435844e-05,False,predictors_unavailable
2016-07-19,2016-07-18,SPX,QR-Full,QR-Full-expanding-min750-refit10-SigmaHatRECONSTRUCTED,1,,,,,,,,-0.001436204832,1.129973172e-05,False,predictors_unavailable
2016-07-20,2016-07-19,SPX,QR-Full,QR-Full-expanding-min750-refit10-SigmaHatRECONSTRUCTED,1,,,,,,,,0.004261208669,1.296354167e-05,False,predictors_unavailable
2016-07-21,2016-07-20,SPX,QR-Full,QR-Full-expanding-min750-refit10-SigmaHatRECONSTRUCTED,1,,,,,,,,-0.003619070015,1.87758818e-05,False,predictors_unavailable
2016-07-22,2016-07-21,SPX,QR-Full,QR-Full-expanding-min750-refit10-SigmaHatRECONSTRUCTED,1,,,,,,,,0.004543626595,1.339601752e-05,False,predictors_unavailable
2016-07-25,2016-07-22,SPX,QR-Full,QR-Full-expanding-min750-refit10-SigmaHatRECONSTRUCTED,1,,,,,,,,-0.00301601882,1.733843952e-05,False,predictors_unavailable
2016-07-26,2016-07-25,SPX,QR-Full,QR-Full-expanding-min750-refit10-SigmaHatRECONSTRUCTED,1,,,,,,,,0.0003227325426,3.919497949e-05,False,predictors_unavailable
2016-07-27,2016-07-26,SPX,QR-Full,QR-Full-expanding-min750-refit10-SigmaHatRECONSTRUCTED,1,,,,,,,,-0.00119926117,4.37097621e-05,False,predictors_unavailable
2016-07-28,2016-07-27,SPX,QR-Full,QR-Full-expanding-min750-refit10-SigmaHatRECONSTRUCTED,1,,,,,,,,0.001604920693,4.828811415e-05,False,predictors_unavailable
2016-07-29,2016-07-28,SPX,QR-Full,QR-Full-expanding-min750-refit10-SigmaHatRECONSTRUCTED,1,,,,,,,,0.001629980089,3.199614787e-05,False,predictors_unavailable
2016-08-01,2016-07-29,SPX,QR-Full,QR-Full-expanding-min750-refit10-SigmaHatRECONSTRUCTED,1,,,,,,,,-0.001270594255,4.318026587e-05,False,predictors_unavailable
2016-08-02,2016-08-01,SPX,QR-Full,QR-Full-expanding-min750-refit10-SigmaHatRECONSTRUCTED,1,,,,,,,,-0.006381941001,4.726181078e-05,False,predictors_unavailable
2016-08-03,2016-08-02,SPX,QR-Full,QR-Full-expanding-min750-refit10-SigmaHatRECONSTRUCTED,1,,,,,,,,0.003129042825,2.028581853e-05,False,predictors_unavailable
2016-08-04,2016-08-03,SPX,QR-Full,QR-Full-expanding-min750-refit10-SigmaHatRECONSTRUCTED,1,,,,,,,,0.0002125493284,2.203505473e-05,False,predictors_unavailable
2016-08-05,2016-08-04,SPX,QR-Full,QR-Full-expanding-min750-refit10-SigmaHatRECONSTRUCTED,1,,,,,,,,0.008566697203,8.765345915e-06,False,predictors_unavailable
2016-08-08,2016-08-05,SPX,QR-Full,QR-Full-expanding-min750-refit10-SigmaHatRECONSTRUCTED,1,,,,,,,,-0.0009075770122,9.163688581e-06,False,predictors_unavailable
2016-08-09,2016-08-08,SPX,QR-Full,QR-Full-expanding-min750-refit10-SigmaHatRECONSTRUCTED,1,,,,,,,,0.0003897176857,9.511116143e-06,False,predictors_unavailable
2016-08-10,2016-08-09,SPX,QR-Full,QR-Full-expanding-min750-refit10-SigmaHatRECONSTRUCTED,1,,,,,,,,-0.002868797064,2.071346489e-05,False,predictors_unavailable
2016-08-11,2016-08-10,SPX,QR-Full,QR-Full-expanding-min750-refit10-SigmaHatRECONSTRUCTED,1,,,,,,,,0.004723415182,1.317479685e-05,False,predictors_unavailable
2016-08-12,2016-08-11,SPX,QR-Full,QR-Full-expanding-min750-refit10-SigmaHatRECONSTRUCTED,1,,,,,,,,-0.0007963632796,1.141863767e-05,False,predictors_unavailable
2016-08-15,2016-08-12,SPX,QR-Full,QR-Full-expanding-min750-refit10-SigmaHatRECONSTRUCTED,1,,,,,,,,0.002789016059,5.190950812e-06,False,predictors_unavailable
2016-08-16,2016-08-15,SPX,QR-Full,QR-Full-expanding-min750-refit10-SigmaHatRECONSTRUCTED,1,,,,,,,,-0.005494142217,1.669047514e-05,False,predictors_unavailable
2016-08-17,2016-08-16,SPX,QR-Full,QR-Full-expanding-min750-refit10-SigmaHatRECONSTRUCTED,1,,,,,,,,0.0018668463,3.023067595e-05,False,predictors_unavailable
2016-08-18,2016-08-17,SPX,QR-Full,QR-Full-expanding-min750-refit10-SigmaHatRECONSTRUCTED,1,,,,,,,,0.002197201775,1.03682302e-05,False,predictors_unavailable
2016-08-19,2016-08-18,SPX,QR-Full,QR-Full-expanding-min750-refit10-SigmaHatRECONSTRUCTED,1,,,,,,,,-0.001441309869,1.686738619e-05,False,predictors_unavailable
2016-08-22,2016-08-19,SPX,QR-Full,QR-Full-expanding-min750-refit10-SigmaHatRECONSTRUCTED,1,,,,,,,,-0.0005634816042,3.650183062e-05,False,predictors_unavailable
2016-08-23,2016-08-22,SPX,QR-Full,QR-Full-expanding-min750-refit10-SigmaHatRECONSTRUCTED,1,,,,,,,,0.001949866828,8.274531236e-06,False,predictors_unavailable
2016-08-24,2016-08-23,SPX,QR-Full,QR-Full-expanding-min750-refit10-SigmaHatRECONSTRUCTED,1,,,,,,,,-0.005254055289,2.075400695e-05,False,predictors_unavailable
2016-08-25,2016-08-24,SPX,QR-Full,QR-Full-expanding-min750-refit10-SigmaHatRECONSTRUCTED,1,,,,,,,,-0.001366160073,2.860338133e-05,False,predictors_unavailable
2016-08-26,2016-08-25,SPX,QR-Full,QR-Full-expanding-min750-refit10-SigmaHatRECONSTRUCTED,1,,,,,,,,-0.001580064404,6.633844254e-05,False,predictors_unavailable
2016-08-29,2016-08-26,SPX,QR-Full,QR-Full-expanding-min750-refit10-SigmaHatRECONSTRUCTED,1,,,,,,,,0.005214428543,1.14611541e-05,False,predictors_unavailable
2016-08-30,2016-08-29,SPX,QR-Full,QR-Full-expanding-min750-refit10-SigmaHatRECONSTRUCTED,1,,,,,,,,-0.001955591579,2.530017362e-05,False,predictors_unavailable
2016-08-31,2016-08-30,SPX,QR-Full,QR-Full-expanding-min750-refit10-SigmaHatRECONSTRUCTED,1,0.01115571626,0.0001244500053,-0.01774216717,-0.01387025432,-0.01013961072,,,-0.002378691099,2.391583168e-05,True,
2016-09-01,2016-08-31,SPX,QR-Full,QR-Full-expanding-min750-refit10-SigmaHatRECONSTRUCTED,1,0.008704362482,7.576592622e-05,-0.01630543542,-0.01326151942,-0.01037346246,,,-4.138550458e-05,5.408050254e-05,True,
2016-09-02,2016-09-01,SPX,QR-Full,QR-Full-expanding-min750-refit10-SigmaHatRECONSTRUCTED,1,0.0125087104,0.0001564678358,-0.02487973767,-0.01930216523,-0.0163551235,,,0.004192241578,2.366171177e-05,True,
2016-09-06,2016-09-02,SPX,QR-Full,QR-Full-expanding-min750-refit10-SigmaHatRECONSTRUCTED,1,0.01588510711,0.0002523366278,-0.02247982266,-0.01515279789,-0.01165421356,,,0.002977242371,2.059256485e-05,True,
2016-09-07,2016-09-06,SPX,QR-Full,QR-Full-expanding-min750-refit10-SigmaHatRECONSTRUCTED,1,0.00592307923,3.508286756e-05,-0.01212309388,-0.009415948807,-0.008086549456,,,-0.0001463957739,1.381915987e-05,True,
2016-09-08,2016-09-07,SPX,QR-Full,QR-Full-expanding-min750-refit10-SigmaHatRECONSTRUCTED,1,0.01065477103,0.0001135241457,-0.01441890805,-0.01069842187,-0.007157742888,,,-0.002225488064,1.973871689e-05,True,
2016-09-09,2016-09-08,SPX,QR-Full,QR-Full-expanding-min750-refit10-SigmaHatRECONSTRUCTED,1,0.01283202668,0.0001646609088,-0.02185244058,-0.01645550307,-0.01310748822,,,-0.0248277423,6.739030869e-05,True,
2016-09-12,2016-09-09,SPX,QR-Full,QR-Full-expanding-min750-refit10-SigmaHatRECONSTRUCTED,1,0.01307928967,0.0001710678182,-0.03584170704,-0.03020261084,-0.02692824638,,,0.01457038701,9.860576252e-05,True,
2016-09-13,2016-09-12,SPX,QR-Full,QR-Full-expanding-min750-refit10-SigmaHatRECONSTRUCTED,1,0.02102770748,0.0004421644819,-0.03379662078,-0.02387424387,-0.0194663591,,,-0.01494174803,0.0001549600229,True,
2016-09-14,2016-09-13,SPX,QR-Full,QR-Full-expanding-min750-refit10-SigmaHatRECONSTRUCTED,1,0.01184018401,0.0001401899574,-0.03498674281,-0.03229725854,-0.02691772552,,,-0.0005878493997,8.757103439e-05,True,
2016-09-15,2016-09-14,SPX,QR-Full,QR-Full-expanding-min750-refit10-SigmaHatRECONSTRUCTED,1,0.01560399214,0.0002434845708,-0.03156126594,-0.02557227311,-0.02092723507,,,0.01005851634,6.765808473e-05,True,
2016-09-16,2016-09-15,SPX,QR-Full,QR-Full-expanding-min750-refit10-SigmaHatRECONSTRUCTED,1,0.02028921519,0.0004116522528,-0.03371912355,-0.02361275294,-0.01989214013,,,-0.003779427956,4.15692502e-05,True,
2016-09-19,2016-09-16,SPX,QR-Full,QR-Full-expanding-min750-refit10-SigmaHatRECONSTRUCTED,1,0.01167729133,0.0001363591329,-0.02285502522,-0.0175435374,-0.01489701836,,,-1.860327035e-05,4.09541523e-05,True,
2016-09-20,2016-09-19,SPX,QR-Full,QR-Full-expanding-min750-refit10-SigmaHatRECONSTRUCTED,1,0.01201576922,0.0001443787099,-0.02016069141,-0.01226040008,-0.01197201382,,,0.0002990936814,3.917962554e-05,True,
2016-09-21,2016-09-20,SPX,QR-Full,QR-Full-expanding-min750-refit10-SigmaHatRECONSTRUCTED,1,0.008356051706,6.982360012e-05,-0.01559732335,-0.01177255828,-0.009902722184,,,0.01085800014,5.417514534e-05,True,
2016-09-22,2016-09-21,SPX,QR-Full,QR-Full-expanding-min750-refit10-SigmaHatRECONSTRUCTED,1,0.01250195365,0.0001562988451,-0.02297021177,-0.01744583491,-0.01445020228,,,0.006478752169,2.956427995e-05,True,
2016-09-23,2016-09-22,SPX,QR-Full,QR-Full-expanding-min750-refit10-SigmaHatRECONSTRUCTED,1,0.000242901009,5.900090017e-08,-0.005527096379,-0.005428165894,-0.005361560739,,,-0.005753293312,2.305308703e-05,True,
2016-09-26,2016-09-23,SPX,QR-Full,QR-Full-expanding-min750-refit10-SigmaHatRECONSTRUCTED,1,0.004827809676,2.330774627e-05,-0.01209828975,-0.01075705525,-0.008808165233,,,-0.00862484977,2.998915206e-05,True,
2016-09-27,2016-09-26,SPX,QR-Full,QR-Full-expanding-min750-refit10-SigmaHatRECONSTRUCTED,1,0.001466933122,2.151892784e-06,-0.01470592406,-0.01467734073,-0.01370621758,,,0.006423495172,4.079686025e-05,True,
2016-09-28,2016-09-27,SPX,QR-Full,QR-Full-expanding-min750-refit10-SigmaHatRECONSTRUCTED,1,0.008654766751,7.490498752e-05,-0.01427861086,-0.01426970253,-0.008380437105,,,0.005282576351,4.490799875e-05,True,
2016-09-29,2016-09-28,SPX,QR-Full,QR-Full-expanding-min750-refit10-SigmaHatRECONSTRUCTED,1,0.008255102263,6.814671337e-05,-0.01713077914,-0.0155825258,-0.01150497444,,,-0.009365127557,9.124212622e-05,True,
2016-09-30,2016-09-29,SPX,QR-Full,QR-Full-expanding-min750-refit10-SigmaHatRECONSTRUCTED,1,0.005416787969,2.934159191e-05,-0.02223511827,-0.02213506787,-0.01854360843,,,0.007936392717,4.090537646e-05,True,
2016-10-03,2016-09-30,SPX,QR-Full,QR-Full-expanding-min750-refit10-SigmaHatRECONSTRUCTED,1,0.006269624137,3.930818682e-05,-0.01336922557,-0.01023822615,-0.009096512785,,,-0.003266023477,3.259424164e-05,True,
2016-10-04,2016-10-03,SPX,QR-Full,QR-Full-expanding-min750-refit10-SigmaHatRECONSTRUCTED,1,0.006956825003,4.839741413e-05,-0.01676278536,-0.01564568859,-0.01202174914,,,-0.004967881816,8.853107135e-05,True,
2016-10-05,2016-10-04,SPX,QR-Full,QR-Full-expanding-min750-refit10-SigmaHatRECONSTRUCTED,1,0.0006582202097,4.332538444e-07,-0.01087916929,-0.01053168866,-0.01043059601,,,0.004287486123,2.162478232e-05,True,
2016-10-06,2016-10-05,SPX,QR-Full,QR-Full-expanding-min750-refit10-SigmaHatRECONSTRUCTED,1,0.01178199144,0.0001388153222,-0.01778427837,-0.01215968279,-0.009754918982,,,0.0004814442866,2.997410698e-05,True,
2016-10-07,2016-10-06,SPX,QR-Full,QR-Full-expanding-min750-refit10-SigmaHatRECONSTRUCTED,1,0.003712670909,1.378392528e-05,-0.01177379904,-0.01162464318,-0.009243635177,,,-0.003258787767,5.126189708e-05,True,
2016-10-10,2016-10-07,SPX,QR-Full,QR-Full-expanding-min750-refit10-SigmaHatRECONSTRUCTED,1,0.00730302777,5.33342146e-05,-0.01856386307,-0.01687298516,-0.01358689166,,,0.004595330376,7.981811689e-06,True,
2016-10-11,2016-10-10,SPX,QR-Full,QR-Full-expanding-min750-refit10-SigmaHatRECONSTRUCTED,1,0.01608205629,0.0002586325346,-0.01651116499,-0.00665327194,-0.005551336146,,,-0.01252457787,5.570015061e-05,True,
2016-10-12,2016-10-11,SPX,QR-Full,QR-Full-expanding-min750-refit10-SigmaHatRECONSTRUCTED,1,0.004205971283,1.769019443e-05,-0.02079406654,-0.02075535018,-0.0179277213,,,0.001145932594,3.491144306e-05,True,
2016-10-13,2016-10-12,SPX,QR-Full,QR-Full-expanding-min750-refit10-SigmaHatRECONSTRUCTED,1,0.01156727875,0.0001338019376,-0.02258165868,-0.02060022596,-0.01469862476,,,-0.0031040765,6.124437481e-05,True,
2016-10-14,2016-10-13,SPX,QR-Full,QR-Full-expanding-min750-refit10-SigmaHatRECONSTRUCTED,1,0.007017961525,4.925178397e-05,-0.02322253253,-0.02108711666,-0.01843983213,,,0.0002015838588,4.667668344e-05,True,
2016-10-17,2016-10-14,SPX,QR-Full,QR-Full-expanding-min750-refit10-SigmaHatRECONSTRUCTED,1,0.01395831398,0.0001948345291,-0.02574869288,-0.02263368702,-0.01623618221,,,-0.003042617892,3.356442947e-05,True,
2016-10-18,2016-10-17,SPX,QR-Full,QR-Full-expanding-min750-refit10-SigmaHatRECONSTRUCTED,1,0.008368326565,7.00288895e-05,-0.01798552144,-0.01594320243,-0.01228255502,,,0.006141505766,2.092142119e-05,True,
2016-10-19,2016-10-18,SPX,QR-Full,QR-Full-expanding-min750-refit10-SigmaHatRECONSTRUCTED,1,0.0138054565,0.0001905906293,-0.01840233985,-0.01546588804,-0.008994000663,,,0.002189571966,1.346923856e-05,True,
2016-10-20,2016-10-19,SPX,QR-Full,QR-Full-expanding-min750-refit10-SigmaHatRECONSTRUCTED,1,0.01304817745,0.0001702549348,-0.01877355409,-0.01468500636,-0.009881296219,,,-0.001376671051,6.074608581e-05,True,
2016-10-21,2016-10-20,SPX,QR-Full,QR-Full-expanding-min750-refit10-SigmaHatRECONSTRUCTED,1,0.004431047042,1.963417789e-05,-0.01501475298,-0.0149522931,-0.01199501991,,,-8.414524231e-05,1.87941734e-05,True,
2016-10-24,2016-10-21,SPX,QR-Full,QR-Full-expanding-min750-refit10-SigmaHatRECONSTRUCTED,1,0.007711296242,5.946408973e-05,-0.01555220456,-0.01311130093,-0.01029700053,,,0.00473859464,1.324849235e-05,True,
2016-10-25,2016-10-24,SPX,QR-Full,QR-Full-expanding-min750-refit10-SigmaHatRECONSTRUCTED,1,0.01423775002,0.0002027135256,-0.0194470936,-0.0156879617,-0.009744148874,,,-0.003804957458,1.59282406e-05,True,
2016-10-26,2016-10-25,SPX,QR-Full,QR-Full-expanding-min750-refit10-SigmaHatRECONSTRUCTED,1,0.007325315312,5.366024441e-05,-0.01257101349,-0.01162064953,-0.007578853242,,,-0.001741927702,3.825126486e-05,True,
2016-10-27,2016-10-26,SPX,QR-Full,QR-Full-expanding-min750-refit10-SigmaHatRECONSTRUCTED,1,0.005002631498,2.50263219e-05,-0.01805307299,-0.01664450416,-0.01464380841,,,-0.002991196103,4.109909141e-05,True,
2016-10-28,2016-10-27,SPX,QR-Full,QR-Full-expanding-min750-refit10-SigmaHatRECONSTRUCTED,1,0.01058299041,0.000111999686,-0.02456226078,-0.02229264142,-0.0173500137,,,-0.003113140162,0.0001109048169,True,
2016-10-31,2016-10-28,SPX,QR-Full,QR-Full-expanding-min750-refit10-SigmaHatRECONSTRUCTED,1,0.009287325124,8.625440796e-05,-0.02691783552,-0.02529869632,-0.02058857688,,,-0.0001222839944,3.129876947e-05,True,
2016-11-01,2016-10-31,SPX,QR-Full,QR-Full-expanding-min750-refit10-SigmaHatRECONSTRUCTED,1,0.01481552544,0.0002194997939,-0.02423088526,-0.02092923679,-0.01413418991,,,-0.006810018806,6.625285506e-05,True,
2016-11-02,2016-11-01,SPX,QR-Full,QR-Full-expanding-min750-refit10-SigmaHatRECONSTRUCTED,1,0.01162723142,0.0001351925106,-0.02907367775,-0.02308624466,-0.02114978643,,,-0.006546884788,8.375610723e-05,True,
2016-11-03,2016-11-02,SPX,QR-Full,QR-Full-expanding-min750-refit10-SigmaHatRECONSTRUCTED,1,0.01269459083,0.0001611526364,-0.03132796347,-0.02778261259,-0.02267667285,,,-0.004433212881,3.588156666e-05,True,
2016-11-04,2016-11-03,SPX,QR-Full,QR-Full-expanding-min750-refit10-SigmaHatRECONSTRUCTED,1,0.02001899081,0.0004007599931,-0.0354685056,-0.02867190496,-0.02182567852,,,-0.001667520047,5.464499944e-05,True,
2016-11-07,2016-11-04,SPX,QR-Full,QR-Full-expanding-min750-refit10-SigmaHatRECONSTRUCTED,1,0.01628700161,0.0002652664213,-0.03336050677,-0.02948570642,-0.02226100887,,,0.02198019978,2.797800392e-05,True,
2016-11-08,2016-11-07,SPX,QR-Full,QR-Full-expanding-min750-refit10-SigmaHatRECONSTRUCTED,1,0.01646799537,0.0002711948716,-0.02471457214,-0.01766190535,-0.01349172803,,,0.003764878367,5.543060814e-05,True,
2016-11-09,2016-11-08,SPX,QR-Full,QR-Full-expanding-min750-refit10-SigmaHatRECONSTRUCTED,1,0.01157178652,0.0001339062432,-0.02514211513,-0.02136700274,-0.01725600919,,,0.0110161198,0.0002200668422,True,
2016-11-10,2016-11-09,SPX,QR-Full,QR-Full-expanding-min750-refit10-SigmaHatRECONSTRUCTED,1,0.01966102746,0.0003865560009,-0.03364161036,-0.0257126205,-0.02024273325,,,0.001948845391,0.0001847288624,True,
2016-11-11,2016-11-10,SPX,QR-Full,QR-Full-expanding-min750-refit10-SigmaHatRECONSTRUCTED,1,0.01114396892,0.0001241880432,-0.02470920847,-0.02058376393,-0.01711465776,,,-0.001398928211,5.482219907e-05,True,
2016-11-14,2016-11-11,SPX,QR-Full,QR-Full-expanding-min750-refit10-SigmaHatRECONSTRUCTED,1,0.00627652223,3.93947313e-05,-0.01799286491,-0.01511171217,-0.01371545111,,,-0.0001155094572,5.188581436e-05,True,
2016-11-15,2016-11-14,SPX,QR-Full,QR-Full-expanding-min750-refit10-SigmaHatRECONSTRUCTED,1,0.01769346798,0.0003130588093,-0.02460793211,-0.01992345047,-0.01254993547,,,0.007452955295,2.081507904e-05,True,
2016-11-16,2016-11-15,SPX,QR-Full,QR-Full-expanding-min750-refit10-SigmaHatRECONSTRUCTED,1,0.01730472741,0.0002994535906,-0.02069638098,-0.01462242223,-0.008903308801,,,-0.001583516902,2.255557622e-05,True,
2016-11-17,2016-11-16,SPX,QR-Full,QR-Full-expanding-min750-refit10-SigmaHatRECONSTRUCTED,1,0.008055606571,6.489279722e-05,-0.01722100384,-0.0144909143,-0.0117311543,,,0.004665469462,1.3109317e-05,True,
2016-11-18,2016-11-17,SPX,QR-Full,QR-Full-expanding-min750-refit10-SigmaHatRECONSTRUCTED,1,0.01289053011,0.0001661657665,-0.01926964874,-0.0152135981,-0.01048482663,,,-0.002389651437,1.64137702e-05,True,
2016-11-21,2016-11-18,SPX,QR-Full,QR-Full-expanding-min750-refit10-SigmaHatRECONSTRUCTED,1,0.007265445202,5.278669398e-05,-0.01321260431,-0.01230985058,-0.008261245203,,,0.007433702392,1.096216458e-05,True,
2016-11-22,2016-11-21,SPX,QR-Full,QR-Full-expanding-min750-refit10-SigmaHatRECONSTRUCTED,1,0.01443725318,0.0002084342794,-0.01839793054,-0.01486440069,-0.008559025552,,,0.002163090756,1.485095284e-05,True,
2016-11-23,2016-11-22,SPX,QR-Full,QR-Full-expanding-min750-refit10-SigmaHatRECONSTRUCTED,1,0.01066305063,0.0001137006487,-0.01364419912,-0.01288871762,-0.006377391464,,,0.000807698476,1.487710178e-05,True,
2016-11-25,2016-11-23,SPX,QR-Full,QR-Full-expanding-min750-refit10-SigmaHatRECONSTRUCTED,1,0.005723365628,3.275691411e-05,-0.01121732357,-0.01113871255,-0.007316882819,,,0.003906745634,,True,
2016-11-28,2016-11-25,SPX,QR-Full,QR-Full-expanding-min750-refit10-SigmaHatRECONSTRUCTED,1,,,,,,,,-0.005268389275,,False,predictors_unavailable
2016-11-29,2016-11-28,SPX,QR-Full,QR-Full-expanding-min750-refit10-SigmaHatRECONSTRUCTED,1,0.005766997873,3.325826446e-05,-0.01316675821,-0.01303915618,-0.009236582335,,,0.001334402169,1.719544952e-05,True,
2016-11-30,2016-11-29,SPX,QR-Full,QR-Full-expanding-min750-refit10-SigmaHatRECONSTRUCTED,1,0.009019451952,8.135051352e-05,-0.01579047767,-0.01411257123,-0.00964377305,,,-0.002656930321,3.620465164e-05,True,
2016-12-01,2016-11-30,SPX,QR-Full,QR-Full-expanding-min750-refit10-SigmaHatRECONSTRUCTED,1,0.009710987832,9.430328468e-05,-0.01898608212,-0.01706321545,-0.01236809977,,,-0.003521723209,3.928137025e-05,True,
2016-12-02,2016-12-01,SPX,QR-Full,QR-Full-expanding-min750-refit10-SigmaHatRECONSTRUCTED,1,0.01070314209,0.0001145572506,-0.02457628537,-0.02247959996,-0.01728215561,,,0.0003969276987,2.688369671e-05,True,
2016-12-05,2016-12-02,SPX,QR-Full,QR-Full-expanding-min750-refit10-SigmaHatRECONSTRUCTED,1,0.01087902966,0.0001183532863,-0.01858067695,-0.01587586218,-0.01116668082,,,0.005804427034,1.536569409e-05,True,
2016-12-06,2016-12-05,SPX,QR-Full,QR-Full-expanding-min750-refit10-SigmaHatRECONSTRUCTED,1,0.01107943028,0.0001227537754,-0.01684511759,-0.01297458894,-0.009294549591,,,0.003405084229,1.637668324e-05,True,
2016-12-07,2016-12-06,SPX,QR-Full,QR-Full-expanding-min750-refit10-SigmaHatRECONSTRUCTED,1,0.006731555155,4.531383481e-05,-0.01016655692,-0.007447093907,-0.005579040804,,,0.01307735911,3.756171444e-05,True,
2016-12-08,2016-12-07,SPX,QR-Full,QR-Full-expanding-min750-refit10-SigmaHatRECONSTRUCTED,1,0.004102485699,1.683038891e-05,-0.0128982971,-0.01092357259,-0.0101024767,,,0.002157014683,2.90439651e-05,True,
2016-12-09,2016-12-08,SPX,QR-Full,QR-Full-expanding-min750-refit10-SigmaHatRECONSTRUCTED,1,0.01091685348,0.0001191776899,-0.01900222131,-0.01589441137,-0.01156244846,,,0.005921418582,1.595791311e-05,True,
2016-12-12,2016-12-09,SPX,QR-Full,QR-Full-expanding-min750-refit10-SigmaHatRECONSTRUCTED,1,0.01206853427,0.0001456495195,-0.01837121079,-0.01439599202,-0.01014657411,,,-0.001138082132,3.128682443e-05,True,
2016-12-13,2016-12-12,SPX,QR-Full,QR-Full-expanding-min750-refit10-SigmaHatRECONSTRUCTED,1,0.01064432023,0.0001133015532,-0.0208011745,-0.01670885606,-0.01354713149,,,0.006518483304,2.473610711e-05,True,
2016-12-14,2016-12-13,SPX,QR-Full,QR-Full-expanding-min750-refit10-SigmaHatRECONSTRUCTED,1,0.01085023594,0.0001177276199,-0.01786860606,-0.01341918481,-0.01047423269,,,-0.008150295724,0.0001332337956,True,
2016-12-15,2016-12-14,SPX,QR-Full,QR-Full-expanding-min750-refit10-SigmaHatRECONSTRUCTED,1,0.006470063374,4.186172007e-05,-0.02082619614,-0.01955899848,-0.01641688517,,,0.003875707688,4.478443125e-05,True,
2016-12-16,2016-12-15,SPX,QR-Full,QR-Full-expanding-min750-refit10-SigmaHatRECONSTRUCTED,1,0.01395187172,0.0001946547244,-0.02373077597,-0.01887338938,-0.01422265566,,,-0.001752156779,3.752910803e-05,True,
2016-12-19,2016-12-16,SPX,QR-Full,QR-Full-expanding-min750-refit10-SigmaHatRECONSTRUCTED,1,0.01042069491,0.0001085908823,-0.01881249047,-0.01407675931,-0.01171084684,,,0.001973172743,1.909700171e-05,True,
2016-12-20,2016-12-19,SPX,QR-Full,QR-Full-expanding-min750-refit10-SigmaHatRECONSTRUCTED,1,0.01114466599,0.00012420358,-0.01588427537,-0.01135621186,-0.008289249616,,,0.003630912636,1.269609404e-05,True,
2016-12-21,2016-12-20,SPX,QR-Full,QR-Full-expanding-min750-refit10-SigmaHatRECONSTRUCTED,1,0.009700212679,9.409412603e-05,-0.01020270388,-0.005582461715,-0.003592064748,,,-0.002460385669,6.760469366e-06,True,
2016-12-22,2016-12-21,SPX,QR-Full,QR-Full-expanding-min750-refit10-SigmaHatRECONSTRUCTED,1,0.01415514278,0.0002003680671,-0.01317639086,-0.006508696224,-0.003529742488,,,-0.001864711353,1.17835375e-05,True,
2016-12-23,2016-12-22,SPX,QR-Full,QR-Full-expanding-min750-refit10-SigmaHatRECONSTRUCTED,1,0.01304058688,0.0001700569062,-0.01809101787,-0.01370059466,-0.009203932928,,,0.00125093248,8.286605796e-06,True,
2016-12-27,2016-12-23,SPX,QR-Full,QR-Full-expanding-min750-refit10-SigmaHatRECONSTRUCTED,1,0.01426732054,0.0002035564355,-0.01707141225,-0.01211981691,-0.007348315376,,,0.002245849015,1.204299927e-05,True,
2016-12-28,2016-12-27,SPX,QR-Full,QR-Full-expanding-min750-refit10-SigmaHatRECONSTRUCTED,1,0.01479095183,0.0002187722561,-0.02081989529,-0.01609929489,-0.01073994671,,,-0.008391640737,2.350649242e-05,True,
2016-12-29,2016-12-28,SPX,QR-Full,QR-Full-expanding-min750-refit10-SigmaHatRECONSTRUCTED,1,0.01086731217,0.0001180984738,-0.02064070376,-0.0171095443,-0.01323469304,,,-0.0002933476832,1.618700445e-05,True,
2016-12-30,2016-12-29,SPX,QR-Full,QR-Full-expanding-min750-refit10-SigmaHatRECONSTRUCTED,1,0.0160444738,0.0002574251397,-0.02295195257,-0.0166177292,-0.01201773597,,,-0.004647834857,4.298240683e-05,True,
2017-01-03,2016-12-30,SPX,QR-Full,QR-Full-expanding-min750-refit10-SigmaHatRECONSTRUCTED,1,0.003978927113,1.583186097e-05,-0.01494958741,-0.0137933504,-0.01223797147,,,0.008450766754,5.48190284e-05,True,
2017-01-04,2017-01-03,SPX,QR-Full,QR-Full-expanding-min750-refit10-SigmaHatRECONSTRUCTED,1,0.0105246862,0.0001107690196,-0.02042788933,-0.01716182374,-0.01325537623,,,0.005705963826,1.543127257e-05,True,
2017-01-05,2017-01-04,SPX,QR-Full,QR-Full-expanding-min750-refit10-SigmaHatRECONSTRUCTED,1,0.01127231205,0.0001270650189,-0.01419511362,-0.008228678347,-0.006513097807,,,-0.0007709676025,2.170794833e-05,True,
2017-01-06,2017-01-05,SPX,QR-Full,QR-Full-expanding-min750-refit10-SigmaHatRECONSTRUCTED,1,0.003326715286,1.106703459e-05,-0.008513213997,-0.006401108437,-0.006246076668,,,0.003510788975,2.139527042e-05,True,
2017-01-09,2017-01-06,SPX,QR-Full,QR-Full-expanding-min750-refit10-SigmaHatRECONSTRUCTED,1,0.009351494994,8.745045863e-05,-0.01506623342,-0.01101616477,-0.008693243382,,,-0.003554905417,1.324901909e-05,True,
2017-01-10,2017-01-09,SPX,QR-Full,QR-Full-expanding-min750-refit10-SigmaHatRECONSTRUCTED,1,0.008950524465,8.01118882e-05,-0.01316562936,-0.009846655505,-0.007065898425,,,0,2.317795517e-05,True,
2017-01-11,2017-01-10,SPX,QR-Full,QR-Full-expanding-min750-refit10-SigmaHatRECONSTRUCTED,1,0.007035250317,4.949474703e-05,-0.01269226211,-0.009964553332,-0.00789777949,,,0.002825642383,5.36763328e-05,True,
2017-01-12,2017-01-11,SPX,QR-Full,QR-Full-expanding-min750-refit10-SigmaHatRECONSTRUCTED,1,0.006191540485,3.833517358e-05,-0.01741695858,-0.01574981443,-0.01319745936,,,-0.002147112415,3.994324058e-05,True,
2017-01-13,2017-01-12,SPX,QR-Full,QR-Full-expanding-min750-refit10-SigmaHatRECONSTRUCTED,1,0.005166180915,2.668942525e-05,-0.01448583195,-0.01205822054,-0.01096510938,,,0.00184813176,1.073730513e-05,True,
2017-01-17,2017-01-13,SPX,QR-Full,QR-Full-expanding-min750-refit10-SigmaHatRECONSTRUCTED,1,0.01127482444,0.0001271216661,-0.01253366614,-0.007237882135,-0.004849938147,,,-0.002971914456,1.558004764e-05,True,
2017-01-18,2017-01-17,SPX,QR-Full,QR-Full-expanding-min750-refit10-SigmaHatRECONSTRUCTED,1,0.009060438843,8.209155203e-05,-0.01517835943,-0.01104129091,-0.009003722481,,,0.001762200469,1.473188901e-05,True,
2017-01-19,2017-01-18,SPX,QR-Full,QR-Full-expanding-min750-refit10-SigmaHatRECONSTRUCTED,1,0.01579371241,0.0002494413516,-0.01907009152,-0.01287191149,-0.008306767371,,,-0.003615837989,2.698783869e-05,True,
2017-01-20,2017-01-19,SPX,QR-Full,QR-Full-expanding-min750-refit10-SigmaHatRECONSTRUCTED,1,0.008546852248,7.304868334e-05,-0.01601069957,-0.012782813,-0.01018606893,,,0.00336058442,2.967745189e-05,True,
2017-01-23,2017-01-20,SPX,QR-Full,QR-Full-expanding-min750-refit10-SigmaHatRECONSTRUCTED,1,0.01256906822,0.0001579814759,-0.02161452667,-0.01667867612,-0.01304877898,,,-0.002693749901,3.241884908e-05,True,
2017-01-24,2017-01-23,SPX,QR-Full,QR-Full-expanding-min750-refit10-SigmaHatRECONSTRUCTED,1,0.006864171721,4.711685341e-05,-0.01576158629,-0.01284709063,-0.01108369275,,,0.006543140447,1.472607921e-05,True,
2017-01-25,2017-01-24,SPX,QR-Full,QR-Full-expanding-min750-refit10-SigmaHatRECONSTRUCTED,1,0.01397924721,0.0001954193525,-0.01984080801,-0.01327013293,-0.01031403146,,,0.007994052872,1.569278214e-05,True,
2017-01-26,2017-01-25,SPX,QR-Full,QR-Full-expanding-min750-refit10-SigmaHatRECONSTRUCTED,1,0.0145158572,0.0002107101102,-0.01991211484,-0.01339755067,-0.01001964167,,,-0.0007356546972,1.53548153e-05,True,
2017-01-27,2017-01-26,SPX,QR-Full,QR-Full-expanding-min750-refit10-SigmaHatRECONSTRUCTED,1,0.009269707211,8.592747177e-05,-0.01197317312,-0.009001644922,-0.005655920985,,,-0.0008668398233,1.126914882e-05,True,
2017-01-30,2017-01-27,SPX,QR-Full,QR-Full-expanding-min750-refit10-SigmaHatRECONSTRUCTED,1,0.01179963426,0.0001392313688,-0.01391966084,-0.009333464921,-0.005878277969,,,-0.00602767347,3.347308146e-05,True,
2017-01-31,2017-01-30,SPX,QR-Full,QR-Full-expanding-min750-refit10-SigmaHatRECONSTRUCTED,1,0.008323060602,6.927333779e-05,-0.01992114521,-0.01756031782,-0.01424902729,,,-0.0008903015396,3.129189885e-05,True,
2017-02-01,2017-01-31,SPX,QR-Full,QR-Full-expanding-min750-refit10-SigmaHatRECONSTRUCTED,1,0.008575049593,7.353147552e-05,-0.01842698842,-0.01468518976,-0.01258314146,,,0.0002983191458,3.501750966e-05,True,
2017-02-02,2017-02-01,SPX,QR-Full,QR-Full-expanding-min750-refit10-SigmaHatRECONSTRUCTED,1,0.01022543846,0.0001045595916,-0.01734300644,-0.01332648816,-0.01037442895,,,0.000570146914,3.316870606e-05,True,
2017-02-03,2017-02-02,SPX,QR-Full,QR-Full-expanding-min750-refit10-SigmaHatRECONSTRUCTED,1,0.007771078091,6.038965469e-05,-0.01578609426,-0.01351085481,-0.01049014925,,,0.007238496758,1.595632419e-05,True,
2017-02-06,2017-02-03,SPX,QR-Full,QR-Full-expanding-min750-refit10-SigmaHatRECONSTRUCTED,1,0.006792764193,4.614164538e-05,-0.009844926051,-0.006701356978,-0.005215696332,,,-0.002117597391,1.210478122e-05,True,
2017-02-07,2017-02-06,SPX,QR-Full,QR-Full-expanding-min750-refit10-SigmaHatRECONSTRUCTED,1,0.008068943978,6.510785692e-05,-0.01027663052,-0.006757653657,-0.004777691614,,,0.0002268032321,1.370455987e-05,True,
2017-02-08,2017-02-07,SPX,QR-Full,QR-Full-expanding-min750-refit10-SigmaHatRECONSTRUCTED,1,0.01212445636,0.0001470024421,-0.01511802907,-0.01040714922,-0.006855281807,,,0.0006930822576,2.026500249e-05,True,
2017-02-09,2017-02-08,SPX,QR-Full,QR-Full-expanding-min750-refit10-SigmaHatRECONSTRUCTED,1,0.005377209396,2.891438089e-05,-0.01185142948,-0.01038990914,-0.008186892208,,,0.0057360636,1.144979142e-05,True,
2017-02-10,2017-02-09,SPX,QR-Full,QR-Full-expanding-min750-refit10-SigmaHatRECONSTRUCTED,1,0.01358048312,0.0001844295218,-0.01737745734,-0.01180977211,-0.008122436219,,,0.003559707052,8.75561137e-06,True,
2017-02-13,2017-02-10,SPX,QR-Full,QR-Full-expanding-min750-refit10-SigmaHatRECONSTRUCTED,1,0.01221545567,0.0001492173573,-0.01492104941,-0.01007858257,-0.006596286639,,,0.005232133436,8.476328495e-06,True,
2017-02-14,2017-02-13,SPX,QR-Full,QR-Full-expanding-min750-refit10-SigmaHatRECONSTRUCTED,1,0.01584106446,0.0002509393231,-0.0192554139,-0.01257104895,-0.008459819601,,,0.003999327142,2.028791492e-05,True,
2017-02-15,2017-02-14,SPX,QR-Full,QR-Full-expanding-min750-refit10-SigmaHatRECONSTRUCTED,1,0.007194316942,5.175819627e-05,-0.01278939768,-0.010580794,-0.007886512073,,,0.004979888719,1.633277391e-05,True,
2017-02-16,2017-02-15,SPX,QR-Full,QR-Full-expanding-min750-refit10-SigmaHatRECONSTRUCTED,1,0.01550307799,0.0002403454273,-0.0231734185,-0.01661892766,-0.01260816004,,,-0.0008644914751,4.343202402e-05,True,
2017-02-17,2017-02-16,SPX,QR-Full,QR-Full-expanding-min750-refit10-SigmaHatRECONSTRUCTED,1,0.00833785355,6.951980183e-05,-0.01932006508,-0.01644899857,-0.01363786585,,,0.001677149154,1.28781627e-05,True,
2017-02-21,2017-02-17,SPX,QR-Full,QR-Full-expanding-min750-refit10-SigmaHatRECONSTRUCTED,1,0.01275648769,0.0001627279781,-0.01727706829,-0.01235837516,-0.008583595322,,,0.006029850146,2.078868686e-05,True,
2017-02-22,2017-02-21,SPX,QR-Full,QR-Full-expanding-min750-refit10-SigmaHatRECONSTRUCTED,1,0.0088418216,7.817780921e-05,-0.01132692385,-0.008066465235,-0.005301273294,,,-0.001082786378,1.20404416e-05,True,
2017-02-23,2017-02-22,SPX,QR-Full,QR-Full-expanding-min750-refit10-SigmaHatRECONSTRUCTED,1,0.01391199401,0.0001935435772,-0.01755578388,-0.01157838074,-0.008074840001,,,0.0004188992952,2.043829946e-05,True,
2017-02-24,2017-02-23,SPX,QR-Full,QR-Full-expanding-min750-refit10-SigmaHatRECONSTRUCTED,1,0.01191236148,0.000141904356,-0.01745098886,-0.01166096232,-0.009332783038,,,0.001492250106,2.022612702e-05,True,
2017-02-27,2017-02-24,SPX,QR-Full,QR-Full-expanding-min750-refit10-SigmaHatRECONSTRUCTED,1,0.006549610161,4.289739326e-05,-0.01313390272,-0.01021501074,-0.008670381072,,,0.001017465222,1.376457874e-05,True,
2017-02-28,2017-02-27,SPX,QR-Full,QR-Full-expanding-min750-refit10-SigmaHatRECONSTRUCTED,1,0.01912151186,0.0003656322159,-0.02454558475,-0.01647786847,-0.01151438442,,,-0.002581705937,1.577800878e-05,True,
2017-03-01,2017-02-28,SPX,QR-Full,QR-Full-expanding-min750-refit10-SigmaHatRECONSTRUCTED,1,0.0118083467,0.0001394370518,-0.01595135156,-0.01095378192,-0.00790403121,,,0.01358121093,2.524772231e-05,True,
2017-03-02,2017-03-01,SPX,QR-Full,QR-Full-expanding-min750-refit10-SigmaHatRECONSTRUCTED,1,0.01343231261,0.0001804270221,-0.02041956683,-0.01524274202,-0.01126552305,,,-0.005877116946,2.214831861e-05,True,
2017-03-03,2017-03-02,SPX,QR-Full,QR-Full-expanding-min750-refit10-SigmaHatRECONSTRUCTED,1,0.01205008104,0.0001452044532,-0.01990619192,-0.01576007804,-0.01169413101,,,0.0005037502374,1.85042589e-05,True,
2017-03-06,2017-03-03,SPX,QR-Full,QR-Full-expanding-min750-refit10-SigmaHatRECONSTRUCTED,1,0.01210179608,0.0001464534685,-0.01808290881,-0.01226473164,-0.009835604395,,,-0.003282622514,1.508270476e-05,True,
2017-03-07,2017-03-06,SPX,QR-Full,QR-Full-expanding-min750-refit10-SigmaHatRECONSTRUCTED,1,0.01263634764,0.0001596772818,-0.01849298467,-0.01325442683,-0.009881386443,,,-0.002917625895,1.732973724e-05,True,
2017-03-08,2017-03-07,SPX,QR-Full,QR-Full-expanding-min750-refit10-SigmaHatRECONSTRUCTED,1,0.0100974869,0.0001019592418,-0.01480311724,-0.01077501691,-0.007921738003,,,-0.002286828341,2.167668267e-05,True,
2017-03-09,2017-03-08,SPX,QR-Full,QR-Full-expanding-min750-refit10-SigmaHatRECONSTRUCTED,1,0.01434056368,0.0002056517666,-0.02093584905,-0.0155016162,-0.01116283741,,,0.0007995757319,2.268940419e-05,True,
2017-03-10,2017-03-09,SPX,QR-Full,QR-Full-expanding-min750-refit10-SigmaHatRECONSTRUCTED,1,0.0168293149,0.0002832258399,-0.02453009846,-0.01700034887,-0.01306101718,,,0.00326333993,2.372500612e-05,True,
2017-03-13,2017-03-10,SPX,QR-Full,QR-Full-expanding-min750-refit10-SigmaHatRECONSTRUCTED,1,0.0127530407,0.0001626400472,-0.02042886162,-0.01391912699,-0.01173773775,,,0.0003665655994,8.720944134e-06,True,
2017-03-14,2017-03-13,SPX,QR-Full,QR-Full-expanding-min750-refit10-SigmaHatRECONSTRUCTED,1,0.01813250514,0.0003287877425,-0.01913738301,-0.010621721,-0.00678018507,,,-0.003384749179,2.33065718e-05,True,
2017-03-15,2017-03-14,SPX,QR-Full,QR-Full-expanding-min750-refit10-SigmaHatRECONSTRUCTED,1,0.008542171996,7.296870241e-05,-0.01472283214,-0.01046525747,-0.008901391067,,,0.008339879296,3.921082341e-05,True,
2017-03-16,2017-03-15,SPX,QR-Full,QR-Full-expanding-min750-refit10-SigmaHatRECONSTRUCTED,1,0.005591657742,3.12666363e-05,-0.01454708351,-0.01098296147,-0.01073640093,,,-0.001628034819,1.701259052e-05,True,
2017-03-17,2017-03-16,SPX,QR-Full,QR-Full-expanding-min750-refit10-SigmaHatRECONSTRUCTED,1,0.01256621373,0.0001579097275,-0.01732447826,-0.01161455877,-0.008760675898,,,-0.001315179343,1.284476604e-05,True,
2017-03-20,2017-03-17,SPX,QR-Full,QR-Full-expanding-min750-refit10-SigmaHatRECONSTRUCTED,1,0.008461695276,7.160028695e-05,-0.009551308286,-0.005134526383,-0.003784711635,,,-0.002011915955,1.809578142e-05,True,
2017-03-21,2017-03-20,SPX,QR-Full,QR-Full-expanding-min750-refit10-SigmaHatRECONSTRUCTED,1,0.01068860746,0.0001142463294,-0.01584065213,-0.01070142601,-0.008556427639,,,-0.01248559452,7.18330159e-05,True,
2017-03-22,2017-03-21,SPX,QR-Full,QR-Full-expanding-min750-refit10-SigmaHatRECONSTRUCTED,1,0.006415924265,4.116408418e-05,-0.0206252748,-0.01741221289,-0.01625285932,,,0.001888102574,5.541078829e-05,True,
2017-03-23,2017-03-22,SPX,QR-Full,QR-Full-expanding-min750-refit10-SigmaHatRECONSTRUCTED,1,0.006953510569,4.835130923e-05,-0.01618703018,-0.01281626956,-0.01144825273,,,-0.001060832045,4.978871261e-05,True,
2017-03-24,2017-03-23,SPX,QR-Full,QR-Full-expanding-min750-refit10-SigmaHatRECONSTRUCTED,1,0.01395821919,0.0001948318831,-0.02407311824,-0.01891249172,-0.01456067216,,,-0.0008443524406,4.630671308e-05,True,
2017-03-27,2017-03-24,SPX,QR-Full,QR-Full-expanding-min750-refit10-SigmaHatRECONSTRUCTED,1,0.0130496964,0.000170294576,-0.02255066212,-0.01660951576,-0.0136573691,,,-0.001020107339,3.837352344e-05,True,
2017-03-28,2017-03-27,SPX,QR-Full,QR-Full-expanding-min750-refit10-SigmaHatRECONSTRUCTED,1,0.009490279864,9.00654119e-05,-0.01994536937,-0.01478800107,-0.01347779824,,,0.007225308631,3.988073979e-05,True,
2017-03-29,2017-03-28,SPX,QR-Full,QR-Full-expanding-min750-refit10-SigmaHatRECONSTRUCTED,1,0.006659027296,4.434264453e-05,-0.01248105661,-0.009892811322,-0.007942967814,,,0.001084736436,1.884358706e-05,True,
2017-03-30,2017-03-29,SPX,QR-Full,QR-Full-expanding-min750-refit10-SigmaHatRECONSTRUCTED,1,0.006907549027,4.771423356e-05,-0.009761998108,-0.007431514337,-0.005054543185,,,0.002930811004,1.68964664e-05,True,
2017-03-31,2017-03-30,SPX,QR-Full,QR-Full-expanding-min750-refit10-SigmaHatRECONSTRUCTED,1,0.01366228908,0.0001866581428,-0.01692624118,-0.01192732427,-0.007615469776,,,-0.002257593984,2.168599089e-05,True,
2017-04-03,2017-03-31,SPX,QR-Full,QR-Full-expanding-min750-refit10-SigmaHatRECONSTRUCTED,1,0.00779267684,6.072581233e-05,-0.01309284256,-0.01052016429,-0.007782178123,,,-0.001643475387,3.970818295e-05,True,
2017-04-04,2017-04-03,SPX,QR-Full,QR-Full-expanding-min750-refit10-SigmaHatRECONSTRUCTED,1,0.003513056409,1.234156533e-05,-0.01220110567,-0.01114452222,-0.009806977938,,,0.000559365982,2.270671251e-05,True,
2017-04-05,2017-04-04,SPX,QR-Full,QR-Full-expanding-min750-refit10-SigmaHatRECONSTRUCTED,1,0.008365218181,6.997687522e-05,-0.01424130246,-0.01146655808,-0.008540454391,,,-0.003059536838,7.012879801e-05,True,
2017-04-06,2017-04-05,SPX,QR-Full,QR-Full-expanding-min750-refit10-SigmaHatRECONSTRUCTED,1,0.008819051928,7.77756769e-05,-0.02144615838,-0.01790535592,-0.01543602522,,,0.001927650267,4.236255633e-05,True,
2017-04-07,2017-04-06,SPX,QR-Full,QR-Full-expanding-min750-refit10-SigmaHatRECONSTRUCTED,1,0.004824020013,2.327116909e-05,-0.01179089919,-0.01054116428,-0.008503357305,,,-0.0008274723901,3.787617914e-05,True,
2017-04-10,2017-04-07,SPX,QR-Full,QR-Full-expanding-min750-refit10-SigmaHatRECONSTRUCTED,1,0.006702269624,4.492041812e-05,-0.01262925709,-0.01148493498,-0.008061698901,,,0.0006874501159,3.850305491e-05,True,
2017-04-11,2017-04-10,SPX,QR-Full,QR-Full-expanding-min750-refit10-SigmaHatRECONSTRUCTED,1,0.007204083493,5.189881897e-05,-0.01360014033,-0.01042812631,-0.00869059887,,,-0.001434908372,5.544509885e-05,True,
2017-04-12,2017-04-11,SPX,QR-Full,QR-Full-expanding-min750-refit10-SigmaHatRECONSTRUCTED,1,0.008185819471,6.700764041e-05,-0.02000382515,-0.016245798,-0.01442523627,,,-0.00376703714,3.994196646e-05,True,
2017-04-13,2017-04-12,SPX,QR-Full,QR-Full-expanding-min750-refit10-SigmaHatRECONSTRUCTED,1,0.01080888582,0.0001168320127,-0.02162020026,-0.01852254252,-0.01425400675,,,-0.006838020517,4.351745463e-05,True,
2017-04-17,2017-04-13,SPX,QR-Full,QR-Full-expanding-min750-refit10-SigmaHatRECONSTRUCTED,1,0.01010433348,0.0001020975552,-0.02395377227,-0.01988058169,-0.01706772713,,,0.008576465865,1.971102596e-05,True,
2017-04-18,2017-04-17,SPX,QR-Full,QR-Full-expanding-min750-refit10-SigmaHatRECONSTRUCTED,1,0.01647218174,0.0002713327713,-0.02438803875,-0.01671500956,-0.01316234165,,,-0.002907603119,3.34410582e-05,True,
2017-04-19,2017-04-18,SPX,QR-Full,QR-Full-expanding-min750-refit10-SigmaHatRECONSTRUCTED,1,0.006883228907,4.737884019e-05,-0.01756769667,-0.01386111481,-0.01287681577,,,-0.00171782517,1.969361885e-05,True,
2017-04-20,2017-04-19,SPX,QR-Full,QR-Full-expanding-min750-refit10-SigmaHatRECONSTRUCTED,1,0.01638005473,0.0002683061931,-0.02418990342,-0.0171737803,-0.01302699035,,,0.007528850356,1.905364668e-05,True,
2017-04-21,2017-04-20,SPX,QR-Full,QR-Full-expanding-min750-refit10-SigmaHatRECONSTRUCTED,1,0.01487038861,0.0002211284574,-0.02178113115,-0.01522175529,-0.01164704686,,,-0.003039688327,2.611007834e-05,True,
2017-04-24,2017-04-21,SPX,QR-Full,QR-Full-expanding-min750-refit10-SigmaHatRECONSTRUCTED,1,0.009028203606,8.150846036e-05,-0.01741985988,-0.01511330597,-0.01126719106,,,0.01078173662,1.23664786e-05,True,
2017-04-25,2017-04-24,SPX,QR-Full,QR-Full-expanding-min750-refit10-SigmaHatRECONSTRUCTED,1,0.01136211533,0.0001290976647,-0.0152976059,-0.00956777475,-0.007554389672,,,0.00607221418,1.13808259e-05,True,
2017-04-26,2017-04-25,SPX,QR-Full,QR-Full-expanding-min750-refit10-SigmaHatRECONSTRUCTED,1,0.009452788226,8.935520524e-05,-0.01273466378,-0.008626906809,-0.006292642984,,,-0.0004858213711,4.150625498e-05,True,
2017-04-27,2017-04-26,SPX,QR-Full,QR-Full-expanding-min750-refit10-SigmaHatRECONSTRUCTED,1,0.003615598612,1.307255332e-05,-0.01070211398,-0.008726702966,-0.008238104325,,,0.0005527672685,1.786945266e-05,True,
2017-04-28,2017-04-27,SPX,QR-Full,QR-Full-expanding-min750-refit10-SigmaHatRECONSTRUCTED,1,0.002698145002,7.279986452e-06,-0.005947449096,-0.005645146472,-0.0041086788,,,-0.00191497974,1.243066598e-05,True,
2017-05-01,2017-04-28,SPX,QR-Full,QR-Full-expanding-min750-refit10-SigmaHatRECONSTRUCTED,1,0.009555875416,9.131475496e-05,-0.01395730957,-0.0100967995,-0.007445035447,,,0.001730791847,1.41781562e-05,True,
2017-05-02,2017-05-01,SPX,QR-Full,QR-Full-expanding-min750-refit10-SigmaHatRECONSTRUCTED,1,0.007414280024,5.497154827e-05,-0.0114621661,-0.00927803115,-0.006409376915,,,0.00118834369,9.266429998e-06,True,
2017-05-03,2017-05-02,SPX,QR-Full,QR-Full-expanding-min750-refit10-SigmaHatRECONSTRUCTED,1,0.008756192279,7.667090322e-05,-0.01017044152,-0.006085213382,-0.004203146857,,,-0.00127216937,1.498007971e-05,True,
2017-05-04,2017-05-03,SPX,QR-Full,QR-Full-expanding-min750-refit10-SigmaHatRECONSTRUCTED,1,0.006951780966,4.83272586e-05,-0.01031259408,-0.008738815141,-0.005574995348,,,0.0005819334055,2.417997132e-05,True,
2017-05-05,2017-05-04,SPX,QR-Full,QR-Full-expanding-min750-refit10-SigmaHatRECONSTRUCTED,1,0.006944852606,4.823097772e-05,-0.01521262379,-0.0129931356,-0.01047974669,,,0.004080359185,1.037563659e-05,True,
2017-05-08,2017-05-05,SPX,QR-Full,QR-Full-expanding-min750-refit10-SigmaHatRECONSTRUCTED,1,0.008262542577,6.826960983e-05,-0.009535906747,-0.005979470642,-0.003905031514,,,3.74453761e-05,1.255845703e-05,True,
2017-05-09,2017-05-08,SPX,QR-Full,QR-Full-expanding-min750-refit10-SigmaHatRECONSTRUCTED,1,0.005733885552,3.287744352e-05,-0.004747475725,-0.004180449146,-0.0008398657077,,,-0.001025774583,1.047799892e-05,True,
2017-05-10,2017-05-09,SPX,QR-Full,QR-Full-expanding-min750-refit10-SigmaHatRECONSTRUCTED,1,0.01004204766,0.0001008427212,-0.01099369741,-0.007283391208,-0.004150099697,,,0.001129962743,7.007335174e-06,True,
2017-05-11,2017-05-10,SPX,QR-Full,QR-Full-expanding-min750-refit10-SigmaHatRECONSTRUCTED,1,0.01596599587,0.0002549130242,-0.01583721348,-0.009219530142,-0.004956479141,,,-0.002165151622,1.925019958e-05,True,
2017-05-12,2017-05-11,SPX,QR-Full,QR-Full-expanding-min750-refit10-SigmaHatRECONSTRUCTED,1,0.007590150875,5.761039031e-05,-0.01268715669,-0.01041903421,-0.007514512536,,,-0.001479535315,8.949012022e-06,True,
2017-05-15,2017-05-12,SPX,QR-Full,QR-Full-expanding-min750-refit10-SigmaHatRECONSTRUCTED,1,0.008884652422,7.893704867e-05,-0.01115011813,-0.007045346269,-0.005095278621,,,0.004765142297,8.1610683e-06,True,
2017-05-16,2017-05-15,SPX,QR-Full,QR-Full-expanding-min750-refit10-SigmaHatRECONSTRUCTED,1,0.01455468439,0.0002118388377,-0.01650460256,-0.009387752925,-0.006585668879,,,-0.0006871328353,1.484972566e-05,True,
2017-05-17,2017-05-16,SPX,QR-Full,QR-Full-expanding-min750-refit10-SigmaHatRECONSTRUCTED,1,0.01139355928,0.0001298131931,-0.01612485009,-0.009862171269,-0.008360204989,,,-0.01834546835,5.749037981e-05,True,
2017-05-18,2017-05-17,SPX,QR-Full,QR-Full-expanding-min750-refit10-SigmaHatRECONSTRUCTED,1,0.01082566644,0.000117195054,-0.03036534257,-0.02591693424,-0.02298771317,,,0.003680038879,7.598609659e-05,True,
2017-05-19,2017-05-18,SPX,QR-Full,QR-Full-expanding-min750-refit10-SigmaHatRECONSTRUCTED,1,0.01493809217,0.0002231465977,-0.02622585367,-0.02140201713,-0.01604562979,,,0.006744702886,2.447372652e-05,True,
2017-05-22,2017-05-19,SPX,QR-Full,QR-Full-expanding-min750-refit10-SigmaHatRECONSTRUCTED,1,0.01443855036,0.0002084717366,-0.02110066624,-0.01432950779,-0.01126087723,,,0.005146863689,1.074699232e-05,True,
2017-05-23,2017-05-22,SPX,QR-Full,QR-Full-expanding-min750-refit10-SigmaHatRECONSTRUCTED,1,0.01518235627,0.0002305039418,-0.01614906206,-0.008797637431,-0.005802373605,,,0.001836185029,9.526801669e-06,True,
2017-05-24,2017-05-23,SPX,QR-Full,QR-Full-expanding-min750-refit10-SigmaHatRECONSTRUCTED,1,0.01408300844,0.0001983311267,-0.01390917601,-0.007395489191,-0.004311686772,,,0.002486033928,9.723975382e-06,True,
2017-05-25,2017-05-24,SPX,QR-Full,QR-Full-expanding-min750-refit10-SigmaHatRECONSTRUCTED,1,0.01381584872,0.0001908776758,-0.01623877453,-0.01026209654,-0.006823353105,,,0.004432111718,1.495356035e-05,True,
2017-05-26,2017-05-25,SPX,QR-Full,QR-Full-expanding-min750-refit10-SigmaHatRECONSTRUCTED,1,0.00889954052,7.920182147e-05,-0.01287176519,-0.01062640817,-0.006806779521,,,0.0003105017853,7.014424139e-06,True,
2017-05-30,2017-05-26,SPX,QR-Full,QR-Full-expanding-min750-refit10-SigmaHatRECONSTRUCTED,1,0.0146954006,0.0002159547989,-0.01534786182,-0.01059538989,-0.005333030853,,,-0.001205350626,8.262130894e-06,True,
2017-05-31,2017-05-30,SPX,QR-Full,QR-Full-expanding-min750-refit10-SigmaHatRECONSTRUCTED,1,0.0129265298,0.0001670951726,-0.01432954617,-0.01000439784,-0.005520190475,,,-0.0004600745034,2.554639673e-05,True,
2017-06-01,2017-05-31,SPX,QR-Full,QR-Full-expanding-min750-refit10-SigmaHatRECONSTRUCTED,1,0.0103899905,0.0001079519025,-0.01720227815,-0.01438410291,-0.0101215594,,,0.007542595681,1.452360274e-05,True,
2017-06-02,2017-06-01,SPX,QR-Full,QR-Full-expanding-min750-refit10-SigmaHatRECONSTRUCTED,1,0.009884046731,9.769437978e-05,-0.01312198411,-0.009922767941,-0.006386063121,,,0.003700874304,1.23546631e-05,True,
2017-06-05,2017-06-02,SPX,QR-Full,QR-Full-expanding-min750-refit10-SigmaHatRECONSTRUCTED,1,0.00624255546,3.896949867e-05,-0.008169055465,-0.004523349699,-0.003914789833,,,-0.001218406852,6.209465609e-06,True,
2017-06-06,2017-06-05,SPX,QR-Full,QR-Full-expanding-min750-refit10-SigmaHatRECONSTRUCTED,1,0.01803724762,0.0003253423018,-0.0174903501,-0.01101889827,-0.005198069608,,,-0.002782908859,1.178270459e-05,True,
2017-06-07,2017-06-06,SPX,QR-Full,QR-Full-expanding-min750-refit10-SigmaHatRECONSTRUCTED,1,0.008703442562,7.574991244e-05,-0.01019639435,-0.00678627194,-0.004265048316,,,0.001567029021,1.538051871e-05,True,
2017-06-08,2017-06-07,SPX,QR-Full,QR-Full-expanding-min750-refit10-SigmaHatRECONSTRUCTED,1,0.01216394318,0.0001479615137,-0.0145559993,-0.01096198513,-0.006266342001,,,0.0002671688366,2.032235769e-05,True,
2017-06-09,2017-06-08,SPX,QR-Full,QR-Full-expanding-min750-refit10-SigmaHatRECONSTRUCTED,1,0.01369025308,0.0001874230295,-0.01840315646,-0.01482110797,-0.009073327742,,,-0.0008303336477,5.763328035e-05,True,
2017-06-12,2017-06-09,SPX,QR-Full,QR-Full-expanding-min750-refit10-SigmaHatRECONSTRUCTED,1,0.0102440277,0.0001049401034,-0.02007224819,-0.0164332379,-0.01309100225,,,-0.0009792424988,2.996243432e-05,True,
2017-06-13,2017-06-12,SPX,QR-Full,QR-Full-expanding-min750-refit10-SigmaHatRECONSTRUCTED,1,0.01495093691,0.0002235305145,-0.02165679657,-0.01713034225,-0.01146781908,,,0.00450135881,1.644824988e-05,True,
2017-06-14,2017-06-13,SPX,QR-Full,QR-Full-expanding-min750-refit10-SigmaHatRECONSTRUCTED,1,0.01048235506,0.0001098797675,-0.01307987824,-0.008288098024,-0.005936213577,,,-0.0009963270549,3.168021213e-05,True,
2017-06-15,2017-06-14,SPX,QR-Full,QR-Full-expanding-min750-refit10-SigmaHatRECONSTRUCTED,1,0.005452362768,2.972825975e-05,-0.0124141244,-0.009496190639,-0.008698370542,,,-0.002242109822,3.002105294e-05,True,
2017-06-16,2017-06-15,SPX,QR-Full,QR-Full-expanding-min750-refit10-SigmaHatRECONSTRUCTED,1,0.007950387592,6.320866286e-05,-0.01384056198,-0.01120155252,-0.008422418577,,,0.0002835989831,2.088362739e-05,True,
2017-06-19,2017-06-16,SPX,QR-Full,QR-Full-expanding-min750-refit10-SigmaHatRECONSTRUCTED,1,0.008368483257,7.003151202e-05,-0.01271828791,-0.009135782683,-0.007015214712,,,0.008312583374,1.107812537e-05,True,
2017-06-20,2017-06-19,SPX,QR-Full,QR-Full-expanding-min750-refit10-SigmaHatRECONSTRUCTED,1,0.00974640686,9.499244668e-05,-0.007889297384,-0.002883089017,-0.001247177179,,,-0.006719160594,1.467496346e-05,True,
2017-06-21,2017-06-20,SPX,QR-Full,QR-Full-expanding-min750-refit10-SigmaHatRECONSTRUCTED,1,0.01186912133,0.0001408760412,-0.01746045018,-0.01146472997,-0.009371712274,,,-0.0005828142447,2.274518415e-05,True,
2017-06-22,2017-06-21,SPX,QR-Full,QR-Full-expanding-min750-refit10-SigmaHatRECONSTRUCTED,1,0.01076325587,0.000115847677,-0.01602074969,-0.0111196805,-0.00868565273,,,-0.0004558857992,1.317562583e-05,True,
2017-06-23,2017-06-22,SPX,QR-Full,QR-Full-expanding-min750-refit10-SigmaHatRECONSTRUCTED,1,0.01598659961,0.0002555713671,-0.01884533939,-0.01292084062,-0.007950563727,,,0.001559698626,1.355413509e-05,True,
2017-06-26,2017-06-23,SPX,QR-Full,QR-Full-expanding-min750-refit10-SigmaHatRECONSTRUCTED,1,0.01219714291,0.0001487702952,-0.01456012401,-0.009373193263,-0.006247841284,,,0.0003157517219,2.158860475e-05,True,
2017-06-27,2017-06-26,SPX,QR-Full,QR-Full-expanding-min750-refit10-SigmaHatRECONSTRUCTED,1,0.006676085003,4.457011096e-05,-0.01010682091,-0.006365998705,-0.005557107384,,,-0.008105586351,3.459662723e-05,True,
2017-06-28,2017-06-27,SPX,QR-Full,QR-Full-expanding-min750-refit10-SigmaHatRECONSTRUCTED,1,0.008866743938,7.861914806e-05,-0.01729793131,-0.01242023261,-0.01125529633,,,0.008769501403,2.444963086e-05,True,
2017-06-29,2017-06-28,SPX,QR-Full,QR-Full-expanding-min750-refit10-SigmaHatRECONSTRUCTED,1,0.01135514097,0.0001289392266,-0.01690304987,-0.0115291553,-0.009164586625,,,-0.008637216749,8.112261799e-05,True,
2017-06-30,2017-06-29,SPX,QR-Full,QR-Full-expanding-min750-refit10-SigmaHatRECONSTRUCTED,1,0.01023909475,0.0001048390613,-0.02348277726,-0.01650641812,-0.01650489309,,,0.001532057637,3.334144001e-05,True,
2017-07-03,2017-06-30,SPX,QR-Full,QR-Full-expanding-min750-refit10-SigmaHatRECONSTRUCTED,1,0.00995406383,9.908338674e-05,-0.01461042051,-0.01041779388,-0.007826783278,,,0.002308168121,,True,
2017-07-05,2017-07-03,SPX,QR-Full,QR-Full-expanding-min750-refit10-SigmaHatRECONSTRUCTED,1,,,,,,,,0.001452223914,,False,predictors_unavailable
2017-07-06,2017-07-05,SPX,QR-Full,QR-Full-expanding-min750-refit10-SigmaHatRECONSTRUCTED,1,0.006991381281,4.887941221e-05,-0.01100404235,-0.008802273755,-0.00623945623,,,-0.009412987281,3.557285724e-05,True,
2017-07-07,2017-07-06,SPX,QR-Full,QR-Full-expanding-min750-refit10-SigmaHatRECONSTRUCTED,1,0.009163906404,8.397718057e-05,-0.01973231559,-0.0164527039,-0.0134871661,,,0.006382712718,1.352300311e-05,True,
2017-07-10,2017-07-07,SPX,QR-Full,QR-Full-expanding-min750-refit10-SigmaHatRECONSTRUCTED,1,0.01170602615,0.0001370310482,-0.0160341761,-0.01181541507,-0.008056586623,,,0.0009273361034,1.225901832e-05,True,
2017-07-11,2017-07-10,SPX,QR-Full,QR-Full-expanding-min750-refit10-SigmaHatRECONSTRUCTED,1,0.008566832241,7.339061464e-05,-0.01115578693,-0.009102088694,-0.005317540038,,,-0.0007829873365,3.565354978e-05,True,
2017-07-12,2017-07-11,SPX,QR-Full,QR-Full-expanding-min750-refit10-SigmaHatRECONSTRUCTED,1,0.0009547684055,9.115827081e-07,-0.006141398894,-0.005772586357,-0.005490729718,,,0.00727905107,1.18714881e-05,True,
2017-07-13,2017-07-12,SPX,QR-Full,QR-Full-expanding-min750-refit10-SigmaHatRECONSTRUCTED,1,0.008074777177,6.520202646e-05,-0.009458659187,-0.006261850273,-0.003955744994,,,0.001872829422,9.278077582e-06,True,
2017-07-14,2017-07-13,SPX,QR-Full,QR-Full-expanding-min750-refit10-SigmaHatRECONSTRUCTED,1,0.01184704265,0.0001403524196,-0.01409802298,-0.009659338424,-0.006024331568,,,0.004662616412,8.363392576e-06,True,
2017-07-17,2017-07-14,SPX,QR-Full,QR-Full-expanding-min750-refit10-SigmaHatRECONSTRUCTED,1,0.005787250803,3.349227186e-05,-0.006983016015,-0.004554290372,-0.003039037887,,,-5.291425576e-05,5.479979256e-06,True,
2017-07-18,2017-07-17,SPX,QR-Full,QR-Full-expanding-min750-refit10-SigmaHatRECONSTRUCTED,1,0.009792827028,9.589946121e-05,-0.008195941249,-0.006002295654,-0.001522185967,,,0.0005976783551,1.185239496e-05,True,
2017-07-19,2017-07-18,SPX,QR-Full,QR-Full-expanding-min750-refit10-SigmaHatRECONSTRUCTED,1,0.008265967806,6.832622377e-05,-0.01214061833,-0.008090146427,-0.006507408822,,,0.005358258337,5.791667521e-06,True,
2017-07-20,2017-07-19,SPX,QR-Full,QR-Full-expanding-min750-refit10-SigmaHatRECONSTRUCTED,1,0.01063784506,0.0001131637474,-0.009969771907,-0.00614780286,-0.002720141701,,,-0.0001536711076,2.042199059e-05,True,
2017-07-21,2017-07-20,SPX,QR-Full,QR-Full-expanding-min750-refit10-SigmaHatRECONSTRUCTED,1,0.008493244361,7.213519977e-05,-0.0138209018,-0.009121407717,-0.008032804628,,,-0.000367939285,9.927535603e-06,True,
2017-07-24,2017-07-21,SPX,QR-Full,QR-Full-expanding-min750-refit10-SigmaHatRECONSTRUCTED,1,0.008342275297,6.959355712e-05,-0.01057895862,-0.00696681519,-0.004893745994,,,-0.001064301014,6.732560477e-06,True,
2017-07-25,2017-07-24,SPX,QR-Full,QR-Full-expanding-min750-refit10-SigmaHatRECONSTRUCTED,1,0.01348426454,0.0001818253903,-0.01404610555,-0.009205928935,-0.004856656841,,,0.00291890764,1.579192902e-05,True,
2017-07-26,2017-07-25,SPX,QR-Full,QR-Full-expanding-min750-refit10-SigmaHatRECONSTRUCTED,1,0.01285082299,0.0001651436515,-0.01710587624,-0.01134525462,-0.008348114306,,,0.00028262388,1.336942668e-05,True,
2017-07-27,2017-07-26,SPX,QR-Full,QR-Full-expanding-min750-refit10-SigmaHatRECONSTRUCTED,1,0.009904625808,9.81016124e-05,-0.01355499794,-0.009465010711,-0.006805052434,,,-0.0009731615364,5.650016843e-05,True,
2017-07-28,2017-07-27,SPX,QR-Full,QR-Full-expanding-min750-refit10-SigmaHatRECONSTRUCTED,1,0.005597156686,3.132816297e-05,-0.0159851935,-0.01325484101,-0.01217076342,,,-0.00134201559,1.567368478e-05,True,
2017-07-31,2017-07-28,SPX,QR-Full,QR-Full-expanding-min750-refit10-SigmaHatRECONSTRUCTED,1,0.01315266546,0.0001729926088,-0.01848681214,-0.01257746789,-0.009523346294,,,-0.000728410904,1.21132375e-05,True,
2017-08-01,2017-07-31,SPX,QR-Full,QR-Full-expanding-min750-refit10-SigmaHatRECONSTRUCTED,1,0.01230159313,0.0001513291935,-0.01521569111,-0.01046454955,-0.006832226165,,,0.002446120844,1.281418983e-05,True,
2017-08-02,2017-08-01,SPX,QR-Full,QR-Full-expanding-min750-refit10-SigmaHatRECONSTRUCTED,1,0.005369136925,2.882763132e-05,-0.007217276661,-0.006138226627,-0.003558240735,,,0.0004925271235,1.867643753e-05,True,
2017-08-03,2017-08-02,SPX,QR-Full,QR-Full-expanding-min750-refit10-SigmaHatRECONSTRUCTED,1,0.01161309577,0.0001348639934,-0.01600054577,-0.01090253338,-0.008086287809,,,-0.002186041734,1.314361953e-05,True,
2017-08-04,2017-08-03,SPX,QR-Full,QR-Full-expanding-min750-refit10-SigmaHatRECONSTRUCTED,1,0.007823045137,6.120003522e-05,-0.0102769927,-0.008191243089,-0.004945632447,,,0.001887321411,1.377858688e-05,True,
2017-08-07,2017-08-04,SPX,QR-Full,QR-Full-expanding-min750-refit10-SigmaHatRECONSTRUCTED,1,0.01076198301,0.0001158202784,-0.01281723256,-0.009637135369,-0.005483003048,,,0.001645844651,,True,
2017-08-08,2017-08-07,SPX,QR-Full,QR-Full-expanding-min750-refit10-SigmaHatRECONSTRUCTED,1,,,,,,,,-0.002417352136,,False,predictors_unavailable
2017-08-09,2017-08-08,SPX,QR-Full,QR-Full-expanding-min750-refit10-SigmaHatRECONSTRUCTED,1,0.009665774268,9.34271922e-05,-0.01596050357,-0.01314172366,-0.009373334009,,,-0.0003636746538,2.865409787e-05,True,
2017-08-10,2017-08-09,SPX,QR-Full,QR-Full-expanding-min750-refit10-SigmaHatRECONSTRUCTED,1,0.009942261231,9.884855838e-05,-0.01665910533,-0.01280238031,-0.009883511494,,,-0.01458021856,5.309938721e-05,True,
2017-08-11,2017-08-10,SPX,QR-Full,QR-Full-expanding-min750-refit10-SigmaHatRECONSTRUCTED,1,0.01904512702,0.0003627168632,-0.03514530346,-0.02782602496,-0.02216615896,,,0.001274756955,2.99421607e-05,True,
2017-08-14,2017-08-11,SPX,QR-Full,QR-Full-expanding-min750-refit10-SigmaHatRECONSTRUCTED,1,0.02209454469,0.0004881689053,-0.02946064597,-0.0204686912,-0.01440334087,,,0.009993651438,1.184807636e-05,True,
2017-08-15,2017-08-14,SPX,QR-Full,QR-Full-expanding-min750-refit10-SigmaHatRECONSTRUCTED,1,0.01860406382,0.0003461111906,-0.02153005671,-0.01439137458,-0.008851494245,,,-0.0004989325424,1.952199381e-05,True,
2017-08-16,2017-08-15,SPX,QR-Full,QR-Full-expanding-min750-refit10-SigmaHatRECONSTRUCTED,1,0.01517857559,0.000230389157,-0.01887158784,-0.01387361059,-0.00852747589,,,0.001419095524,1.97942784e-05,True,
2017-08-17,2017-08-16,SPX,QR-Full,QR-Full-expanding-min750-refit10-SigmaHatRECONSTRUCTED,1,0.01369959904,0.0001876790138,-0.01861418133,-0.01329358408,-0.009277983401,,,-0.01555734222,5.991585808e-05,True,
2017-08-18,2017-08-17,SPX,QR-Full,QR-Full-expanding-min750-refit10-SigmaHatRECONSTRUCTED,1,0.01322505155,0.0001749019886,-0.03007661179,-0.02612549946,-0.02106381524,,,-0.001837053687,5.019523452e-05,True,
2017-08-21,2017-08-18,SPX,QR-Full,QR-Full-expanding-min750-refit10-SigmaHatRECONSTRUCTED,1,0.01366305976,0.0001866792021,-0.02432213709,-0.01994689646,-0.01501084047,,,0.001161975566,2.597646572e-05,True,
2017-08-22,2017-08-21,SPX,QR-Full,QR-Full-expanding-min750-refit10-SigmaHatRECONSTRUCTED,1,0.0159169317,0.0002533487147,-0.0246995644,-0.0180542434,-0.01385226702,,,0.009891695433,1.466093021e-05,True,
2017-08-23,2017-08-22,SPX,QR-Full,QR-Full-expanding-min750-refit10-SigmaHatRECONSTRUCTED,1,0.008581845387,7.364807025e-05,-0.01255984928,-0.00977372273,-0.006711371019,,,-0.003459570254,1.897075542e-05,True,
2017-08-24,2017-08-23,SPX,QR-Full,QR-Full-expanding-min750-refit10-SigmaHatRECONSTRUCTED,1,0.0118624655,0.0001407180877,-0.0197195876,-0.01506862565,-0.01163538561,,,-0.0020766166,2.984615173e-05,True,
2017-08-25,2017-08-24,SPX,QR-Full,QR-Full-expanding-min750-refit10-SigmaHatRECONSTRUCTED,1,0.01405635001,0.0001975809755,-0.02100682422,-0.01600587817,-0.01142750256,,,0.001671471618,2.010813713e-05,True,
2017-08-28,2017-08-25,SPX,QR-Full,QR-Full-expanding-min750-refit10-SigmaHatRECONSTRUCTED,1,0.006836692438,4.674036348e-05,-0.01218149649,-0.009849387102,-0.007522329929,,,0.0004869533071,1.33242581e-05,True,
2017-08-29,2017-08-28,SPX,QR-Full,QR-Full-expanding-min750-refit10-SigmaHatRECONSTRUCTED,1,0.008720586836,7.604863477e-05,-0.01236853119,-0.00855949905,-0.00642550143,,,0.0008424669282,1.718750838e-05,True,
2017-08-30,2017-08-29,SPX,QR-Full,QR-Full-expanding-min750-refit10-SigmaHatRECONSTRUCTED,1,0.00695994128,4.844078262e-05,-0.01363383427,-0.01146250787,-0.008890674328,,,0.004604531762,1.630436427e-05,True,
2017-08-31,2017-08-30,SPX,QR-Full,QR-Full-expanding-min750-refit10-SigmaHatRECONSTRUCTED,1,0.00796774682,6.348498938e-05,-0.01130177027,-0.008916717094,-0.005871796649,,,0.005704673401,1.645365482e-05,True,
2017-09-01,2017-08-31,SPX,QR-Full,QR-Full-expanding-min750-refit10-SigmaHatRECONSTRUCTED,1,0.008903019907,7.926376347e-05,-0.01401976353,-0.01061134495,-0.007952406685,,,0.001980578251,1.035387057e-05,True,
2017-09-05,2017-09-01,SPX,QR-Full,QR-Full-expanding-min750-refit10-SigmaHatRECONSTRUCTED,1,0.005566693545,3.098807703e-05,-0.006268542246,-0.004722318271,-0.00247487262,,,-0.007579458482,6.459723028e-05,True,
2017-09-06,2017-09-05,SPX,QR-Full,QR-Full-expanding-min750-refit10-SigmaHatRECONSTRUCTED,1,0.003524074837,1.241910345e-05,-0.01586206092,-0.01487033248,-0.0134604242,,,0.003123842328,1.243623357e-05,True,
2017-09-07,2017-09-06,SPX,QR-Full,QR-Full-expanding-min750-refit10-SigmaHatRECONSTRUCTED,1,0.0114941668,0.0001321158704,-0.01452712388,-0.009484562568,-0.006693915329,,,-0.0001784518801,2.309332426e-05,True,
2017-09-08,2017-09-07,SPX,QR-Full,QR-Full-expanding-min750-refit10-SigmaHatRECONSTRUCTED,1,0.006673559664,4.453639859e-05,-0.01390859202,-0.01133846612,-0.009360599502,,,-0.001489960137,1.108485914e-05,True,
2017-09-11,2017-09-08,SPX,QR-Full,QR-Full-expanding-min750-refit10-SigmaHatRECONSTRUCTED,1,0.01352147132,0.0001828301867,-0.01906385713,-0.01374119135,-0.00984905221,,,0.01078097488,1.005423747e-05,True,
2017-09-12,2017-09-11,SPX,QR-Full,QR-Full-expanding-min750-refit10-SigmaHatRECONSTRUCTED,1,0.01336806308,0.0001787051106,-0.01493968901,-0.009621872391,-0.005829430921,,,0.003358302577,6.549772552e-06,True,
2017-09-13,2017-09-12,SPX,QR-Full,QR-Full-expanding-min750-refit10-SigmaHatRECONSTRUCTED,1,0.0134604755,0.0001811844007,-0.01345299891,-0.007696905447,-0.004279762296,,,0.0007568343608,6.150937106e-06,True,
2017-09-14,2017-09-13,SPX,QR-Full,QR-Full-expanding-min750-refit10-SigmaHatRECONSTRUCTED,1,0.01454630221,0.0002115949079,-0.01424128653,-0.00910059065,-0.00432806526,,,-0.001101323851,6.784458502e-06,True,
2017-09-15,2017-09-14,SPX,QR-Full,QR-Full-expanding-min750-refit10-SigmaHatRECONSTRUCTED,1,0.01496841754,0.0002240535235,-0.01685007875,-0.01017269066,-0.006649188311,,,0.001845477434,6.101359065e-06,True,
2017-09-18,2017-09-15,SPX,QR-Full,QR-Full-expanding-min750-refit10-SigmaHatRECONSTRUCTED,1,0.01396742208,0.0001950888796,-0.01563913165,-0.01120623012,-0.00612041385,,,0.001454862042,8.923359541e-06,True,
2017-09-19,2017-09-18,SPX,QR-Full,QR-Full-expanding-min750-refit10-SigmaHatRECONSTRUCTED,1,0.01064196913,0.000113251507,-0.0112547755,-0.007637380626,-0.004002334759,,,0.001109579554,7.803438711e-06,True,
2017-09-20,2017-09-19,SPX,QR-Full,QR-Full-expanding-min750-refit10-SigmaHatRECONSTRUCTED,1,0.01327185235,0.0001761420647,-0.01342588549,-0.008387884547,-0.004381194468,,,0.000634146746,1.718547767e-05,True,
2017-09-21,2017-09-20,SPX,QR-Full,QR-Full-expanding-min750-refit10-SigmaHatRECONSTRUCTED,1,0.005939200153,3.527409845e-05,-0.009423754777,-0.008447456191,-0.005376224041,,,-0.003050565716,1.286989238e-05,True,
2017-09-22,2017-09-21,SPX,QR-Full,QR-Full-expanding-min750-refit10-SigmaHatRECONSTRUCTED,1,0.01305071741,0.000170321225,-0.01700067843,-0.01194877205,-0.00810668959,,,0.0006475839763,4.666175827e-06,True,
2017-09-25,2017-09-22,SPX,QR-Full,QR-Full-expanding-min750-refit10-SigmaHatRECONSTRUCTED,1,0.0156448315,0.0002447607526,-0.01502008905,-0.009797151998,-0.004358226384,,,-0.002224522862,2.474563779e-05,True,
2017-09-26,2017-09-25,SPX,QR-Full,QR-Full-expanding-min750-refit10-SigmaHatRECONSTRUCTED,1,0.003731039693,1.392065719e-05,-0.01045585515,-0.009513817829,-0.007913173067,,,7.216421351e-05,1.050421556e-05,True,
2017-09-27,2017-09-26,SPX,QR-Full,QR-Full-expanding-min750-refit10-SigmaHatRECONSTRUCTED,1,0.01546956073,0.0002393073093,-0.01683141898,-0.01135756062,-0.006289002335,,,0.004076822333,1.458228652e-05,True,
2017-09-28,2017-09-27,SPX,QR-Full,QR-Full-expanding-min750-refit10-SigmaHatRECONSTRUCTED,1,0.01741665783,0.0003033399699,-0.02151524047,-0.01501371103,-0.009645888358,,,0.001203890816,9.762063182e-06,True,
2017-09-29,2017-09-28,SPX,QR-Full,QR-Full-expanding-min750-refit10-SigmaHatRECONSTRUCTED,1,0.009040214763,8.172548295e-05,-0.01133781109,-0.008146710894,-0.00517695674,,,0.003698262739,9.277091992e-06,True,
2017-10-02,2017-09-29,SPX,QR-Full,QR-Full-expanding-min750-refit10-SigmaHatRECONSTRUCTED,1,0.009937570292,9.87553033e-05,-0.01233488948,-0.008808278336,-0.005562492498,,,0.003866518923,8.915894012e-06,True,
2017-10-03,2017-10-02,SPX,QR-Full,QR-Full-expanding-min750-refit10-SigmaHatRECONSTRUCTED,1,0.008139001351,6.624334299e-05,-0.01145800023,-0.009967592819,-0.005911317631,,,0.002156511209,6.987385971e-06,True,
2017-10-04,2017-10-03,SPX,QR-Full,QR-Full-expanding-min750-refit10-SigmaHatRECONSTRUCTED,1,0.01211063055,0.0001466673724,-0.01371754286,-0.009220140821,-0.005464217814,,,0.001245943618,8.566010224e-06,True,
2017-10-05,2017-10-04,SPX,QR-Full,QR-Full-expanding-min750-refit10-SigmaHatRECONSTRUCTED,1,0.009668248801,9.347503488e-05,-0.01174593712,-0.008230407865,-0.005157081178,,,0.005630903983,7.83284104e-06,True,
2017-10-06,2017-10-05,SPX,QR-Full,QR-Full-expanding-min750-refit10-SigmaHatRECONSTRUCTED,1,0.01012902071,0.0001025970606,-0.01319223736,-0.0100455304,-0.006289368021,,,-0.001074211073,7.896620482e-06,True,
2017-10-09,2017-10-06,SPX,QR-Full,QR-Full-expanding-min750-refit10-SigmaHatRECONSTRUCTED,1,0.01551272528,0.0002406446455,-0.01816550574,-0.01243121416,-0.007593672707,,,-0.001806064003,7.341178344e-06,True,
2017-10-10,2017-10-09,SPX,QR-Full,QR-Full-expanding-min750-refit10-SigmaHatRECONSTRUCTED,1,0.02106133925,0.000443580011,-0.02294909545,-0.01520488794,-0.008595913913,,,0.00231971998,1.295240734e-05,True,
2017-10-11,2017-10-10,SPX,QR-Full,QR-Full-expanding-min750-refit10-SigmaHatRECONSTRUCTED,1,0.01483400341,0.0002200476572,-0.01952157214,-0.01310942033,-0.009412284153,,,0.001801882673,5.630175578e-06,True,
2017-10-12,2017-10-11,SPX,QR-Full,QR-Full-expanding-min750-refit10-SigmaHatRECONSTRUCTED,1,0.01401548416,0.0001964337963,-0.01543723648,-0.0101748921,-0.00588576465,,,-0.001688176888,6.498883676e-06,True,
2017-10-13,2017-10-12,SPX,QR-Full,QR-Full-expanding-min750-refit10-SigmaHatRECONSTRUCTED,1,0.01587982154,0.0002521687321,-0.01695355541,-0.01163635398,-0.00613154839,,,0.0008777219129,4.978590205e-06,True,
2017-10-16,2017-10-13,SPX,QR-Full,QR-Full-expanding-min750-refit10-SigmaHatRECONSTRUCTED,1,0.01713915099,0.0002937504965,-0.01666288957,-0.01125068899,-0.004982656778,,,0.001749222648,4.347648667e-06,True,
2017-10-17,2017-10-16,SPX,QR-Full,QR-Full-expanding-min750-refit10-SigmaHatRECONSTRUCTED,1,0.0218104798,0.0004756970293,-0.01832198744,-0.0109269679,-0.003458270929,,,0.0006723525757,4.45321436e-06,True,
2017-10-18,2017-10-17,SPX,QR-Full,QR-Full-expanding-min750-refit10-SigmaHatRECONSTRUCTED,1,0.02030957934,0.0004124790129,-0.01787325046,-0.01068062885,-0.004032388979,,,0.0007420597677,5.623813278e-06,True,
2017-10-19,2017-10-18,SPX,QR-Full,QR-Full-expanding-min750-refit10-SigmaHatRECONSTRUCTED,1,0.02357012819,0.0005555509427,-0.02078368708,-0.01160114383,-0.00472078032,,,0.0003279441577,1.107594584e-05,True,
2017-10-20,2017-10-19,SPX,QR-Full,QR-Full-expanding-min750-refit10-SigmaHatRECONSTRUCTED,1,0.01455044503,0.0002117154506,-0.01829151096,-0.01321519035,-0.008375466377,,,0.005103796075,7.271879431e-06,True,
2017-10-23,2017-10-20,SPX,QR-Full,QR-Full-expanding-min750-refit10-SigmaHatRECONSTRUCTED,1,0.01985158022,0.0003940852372,-0.01808078043,-0.0118348461,-0.00455204272,,,-0.00398039552,8.751558209e-06,True,
2017-10-24,2017-10-23,SPX,QR-Full,QR-Full-expanding-min750-refit10-SigmaHatRECONSTRUCTED,1,0.0244293476,0.0005967930242,-0.02631636692,-0.01772919303,-0.009667907067,,,0.00161660113,1.121942616e-05,True,
2017-10-25,2017-10-24,SPX,QR-Full,QR-Full-expanding-min750-refit10-SigmaHatRECONSTRUCTED,1,0.02098250183,0.0004402653832,-0.02186429923,-0.0132724299,-0.007564844944,,,-0.004673955895,3.826625533e-05,True,
2017-10-26,2017-10-25,SPX,QR-Full,QR-Full-expanding-min750-refit10-SigmaHatRECONSTRUCTED,1,0.01969744471,0.0003879893282,-0.02982026308,-0.02177847904,-0.01639656783,,,0.001270139251,1.830852936e-05,True,
2017-10-27,2017-10-26,SPX,QR-Full,QR-Full-expanding-min750-refit10-SigmaHatRECONSTRUCTED,1,0.01451431432,0.0002106653203,-0.01630793146,-0.01226175404,-0.006416509751,,,0.008040609975,2.181355185e-05,True,
2017-10-30,2017-10-27,SPX,QR-Full,QR-Full-expanding-min750-refit10-SigmaHatRECONSTRUCTED,1,0.008889346092,7.902047395e-05,-0.0152955434,-0.01349893752,-0.009237505181,,,-0.003197577286,1.784130698e-05,True,
2017-10-31,2017-10-30,SPX,QR-Full,QR-Full-expanding-min750-refit10-SigmaHatRECONSTRUCTED,1,0.01263036554,0.0001595261336,-0.01897260798,-0.0140270272,-0.01036508653,,,0.0009440130763,7.293229612e-06,True,
2017-11-01,2017-10-31,SPX,QR-Full,QR-Full-expanding-min750-refit10-SigmaHatRECONSTRUCTED,1,0.01644117495,0.0002703122338,-0.01573047397,-0.009564425682,-0.004525907827,,,0.001590843853,1.782509403e-05,True,
2017-11-02,2017-11-01,SPX,QR-Full,QR-Full-expanding-min750-refit10-SigmaHatRECONSTRUCTED,1,0.01247442541,0.0001556112893,-0.01754177862,-0.01417374627,-0.009040529468,,,0.0001899480665,3.092798671e-05,True,
2017-11-03,2017-11-02,SPX,QR-Full,QR-Full-expanding-min750-refit10-SigmaHatRECONSTRUCTED,1,0.008794301503,7.733973893e-05,-0.01680927476,-0.01360813405,-0.01081600888,,,0.003092289235,7.213787297e-06,True,
2017-11-06,2017-11-03,SPX,QR-Full,QR-Full-expanding-min750-refit10-SigmaHatRECONSTRUCTED,1,0.01067248139,0.000113901859,-0.0123787572,-0.009958480505,-0.00510552253,,,0.001270443915,4.68164112e-06,True,
2017-11-07,2017-11-06,SPX,QR-Full,QR-Full-expanding-min750-refit10-SigmaHatRECONSTRUCTED,1,0.01526321363,0.0002329656904,-0.01383007564,-0.008624477139,-0.003428283358,,,-0.0001891207146,1.432752246e-05,True,
2017-11-08,2017-11-07,SPX,QR-Full,QR-Full-expanding-min750-refit10-SigmaHatRECONSTRUCTED,1,0.01172478139,0.0001374704987,-0.01530924497,-0.01161872184,-0.0073188739,,,0.001442613841,1.083284537e-05,True,
2017-11-09,2017-11-08,SPX,QR-Full,QR-Full-expanding-min750-refit10-SigmaHatRECONSTRUCTED,1,0.01238292484,0.0001533368277,-0.01605853504,-0.01284222367,-0.007619642999,,,-0.003768981484,4.706118766e-05,True,
2017-11-10,2017-11-09,SPX,QR-Full,QR-Full-expanding-min750-refit10-SigmaHatRECONSTRUCTED,1,0.009689730753,9.389088207e-05,-0.02061887927,-0.01738872243,-0.0140153835,,,-0.000898046837,1.18632649e-05,True,
2017-11-13,2017-11-10,SPX,QR-Full,QR-Full-expanding-min750-refit10-SigmaHatRECONSTRUCTED,1,0.01950073092,0.0003802785063,-0.02030511852,-0.01345732301,-0.007015482588,,,0.000983150887,8.842501641e-06,True,
2017-11-14,2017-11-13,SPX,QR-Full,QR-Full-expanding-min750-refit10-SigmaHatRECONSTRUCTED,1,0.01410164374,0.0001988563561,-0.01799108169,-0.01582977777,-0.008380892609,,,-0.002312280675,3.357323739e-05,True,
2017-11-15,2017-11-14,SPX,QR-Full,QR-Full-expanding-min750-refit10-SigmaHatRECONSTRUCTED,1,0.008847511801,7.827846507e-05,-0.01700331623,-0.01316561746,-0.01097378783,,,-0.005540998743,3.468163457e-05,True,
2017-11-16,2017-11-15,SPX,QR-Full,QR-Full-expanding-min750-refit10-SigmaHatRECONSTRUCTED,1,0.01085652253,0.0001178640815,-0.01776913464,-0.01226817627,-0.01037047699,,,0.008162653019,9.588117277e-06,True,
2017-11-17,2017-11-16,SPX,QR-Full,QR-Full-expanding-min750-refit10-SigmaHatRECONSTRUCTED,1,0.01918329764,0.0003679989084,-0.02153770691,-0.01468804928,-0.008464399928,,,-0.002629417009,9.138321012e-06,True,
2017-11-20,2017-11-17,SPX,QR-Full,QR-Full-expanding-min750-refit10-SigmaHatRECONSTRUCTED,1,0.01243046945,0.0001545165707,-0.01507136666,-0.01288472478,-0.006600073238,,,0.001274869919,7.900024586e-06,True,
2017-11-21,2017-11-20,SPX,QR-Full,QR-Full-expanding-min750-refit10-SigmaHatRECONSTRUCTED,1,0.01292320011,0.000167009101,-0.01476458463,-0.01330385851,-0.005957498102,,,0.006519838602,5.95507233e-06,True,
2017-11-22,2017-11-21,SPX,QR-Full,QR-Full-expanding-min750-refit10-SigmaHatRECONSTRUCTED,1,0.008551395149,7.312635899e-05,-0.008291963817,-0.007222663404,-0.002464237218,,,-0.0007505426372,6.030778845e-06,True,
2017-11-24,2017-11-22,SPX,QR-Full,QR-Full-expanding-min750-refit10-SigmaHatRECONSTRUCTED,1,0.01158191964,0.0001341408625,-0.01235649298,-0.01003995803,-0.004463481379,,,0.002053984374,,True,
2017-11-27,2017-11-24,SPX,QR-Full,QR-Full-expanding-min750-refit10-SigmaHatRECONSTRUCTED,1,,,,,,,,-0.0003843315868,,False,predictors_unavailable
2017-11-28,2017-11-27,SPX,QR-Full,QR-Full-expanding-min750-refit10-SigmaHatRECONSTRUCTED,1,0.00873912538,7.637231241e-05,-0.01080021075,-0.01054621049,-0.004844547081,,,0.009800332125,2.015048027e-05,True,
2017-11-29,2017-11-28,SPX,QR-Full,QR-Full-expanding-min750-refit10-SigmaHatRECONSTRUCTED,1,0.006857275196,4.702222311e-05,-0.01139111401,-0.009481341587,-0.006717920412,,,-0.0003692939958,2.697448172e-05,True,
2017-11-30,2017-11-29,SPX,QR-Full,QR-Full-expanding-min750-refit10-SigmaHatRECONSTRUCTED,1,0.01334458821,0.0001780780344,-0.01737914241,-0.01315176445,-0.008284882318,,,0.008157586752,4.304500782e-05,True,
2017-12-01,2017-11-30,SPX,QR-Full,QR-Full-expanding-min750-refit10-SigmaHatRECONSTRUCTED,1,0.01609185389,0.0002589477617,-0.02473504325,-0.0196787076,-0.0137685374,,,-0.002026582776,0.0001535907292,True,
2017-12-04,2017-12-01,SPX,QR-Full,QR-Full-expanding-min750-refit10-SigmaHatRECONSTRUCTED,1,0.0054168545,2.934231267e-05,-0.01932460645,-0.01846934652,-0.01563305127,,,-0.001052710816,3.81511564e-05,True,
2017-12-05,2017-12-04,SPX,QR-Full,QR-Full-expanding-min750-refit10-SigmaHatRECONSTRUCTED,1,0.01394381656,0.0001944300204,-0.02219374555,-0.01682327792,-0.01269111478,,,-0.003746390509,2.816522823e-05,True,
2017-12-06,2017-12-05,SPX,QR-Full,QR-Full-expanding-min750-refit10-SigmaHatRECONSTRUCTED,1,0.01051167516,0.0001104953146,-0.01808146593,-0.01495134761,-0.01091781979,,,-0.0001141118556,2.268126932e-05,True,
2017-12-07,2017-12-06,SPX,QR-Full,QR-Full-expanding-min750-refit10-SigmaHatRECONSTRUCTED,1,0.009958975902,9.918120101e-05,-0.01565271468,-0.01390537712,-0.008865729893,,,0.002928066654,1.440824588e-05,True,
2017-12-08,2017-12-07,SPX,QR-Full,QR-Full-expanding-min750-refit10-SigmaHatRECONSTRUCTED,1,0.01170764971,0.0001370690617,-0.01524645108,-0.01291115188,-0.007267755159,,,0.005491202213,1.291817938e-05,True,
2017-12-11,2017-12-08,SPX,QR-Full,QR-Full-expanding-min750-refit10-SigmaHatRECONSTRUCTED,1,0.008679545601,7.533451184e-05,-0.01026197264,-0.009058834742,-0.004346912241,,,0.003196842034,1.124905213e-05,True,
2017-12-12,2017-12-11,SPX,QR-Full,QR-Full-expanding-min750-refit10-SigmaHatRECONSTRUCTED,1,0.005989332518,3.587210401e-05,-0.007720060446,-0.007669436685,-0.003638364792,,,0.001547723652,1.074177767e-05,True,
2017-12-13,2017-12-12,SPX,QR-Full,QR-Full-expanding-min750-refit10-SigmaHatRECONSTRUCTED,1,0.00580867433,3.374069747e-05,-0.008925432792,-0.008174454008,-0.004966854653,,,-0.0004730686827,2.176411919e-05,True,
2017-12-14,2017-12-13,SPX,QR-Full,QR-Full-expanding-min750-refit10-SigmaHatRECONSTRUCTED,1,0.009670295117,9.351460765e-05,-0.01169846607,-0.007753507992,-0.005108215584,,,-0.004079167771,1.995618652e-05,True,
2017-12-15,2017-12-14,SPX,QR-Full,QR-Full-expanding-min750-refit10-SigmaHatRECONSTRUCTED,1,0.009279033292,8.610045884e-05,-0.01472902341,-0.01232886083,-0.008405415603,,,0.008934313474,1.792216941e-05,True,
2017-12-18,2017-12-15,SPX,QR-Full,QR-Full-expanding-min750-refit10-SigmaHatRECONSTRUCTED,1,0.006999818725,4.899746219e-05,-0.007153770494,-0.006543960787,-0.002383434302,,,0.005348478387,7.064469856e-06,True,
2017-12-19,2017-12-18,SPX,QR-Full,QR-Full-expanding-min750-refit10-SigmaHatRECONSTRUCTED,1,0.01352667204,0.0001829708564,-0.01218669145,-0.009198010044,-0.002968342275,,,-0.003235497892,1.633870513e-05,True,
2017-12-20,2017-12-19,SPX,QR-Full,QR-Full-expanding-min750-refit10-SigmaHatRECONSTRUCTED,1,0.01383460515,0.0001913962997,-0.0169587612,-0.01193212247,-0.007530557373,,,-0.0008282361843,2.3711685e-05,True,
2017-12-21,2017-12-20,SPX,QR-Full,QR-Full-expanding-min750-refit10-SigmaHatRECONSTRUCTED,1,0.01124504992,0.0001264511476,-0.01378298026,-0.008344676626,-0.006119543429,,,0.001983686879,1.172546523e-05,True,
2017-12-22,2017-12-21,SPX,QR-Full,QR-Full-expanding-min750-refit10-SigmaHatRECONSTRUCTED,1,0.008446584012,7.134478148e-05,-0.009272063142,-0.007654324382,-0.00351576473,,,-0.0004582714635,7.994178401e-06,True,
2017-12-26,2017-12-22,SPX,QR-Full,QR-Full-expanding-min750-refit10-SigmaHatRECONSTRUCTED,1,0.009176442107,8.420708975e-05,-0.008929583101,-0.007558860252,-0.002675890596,,,-0.001058975741,1.49671983e-05,True,
2017-12-27,2017-12-26,SPX,QR-Full,QR-Full-expanding-min750-refit10-SigmaHatRECONSTRUCTED,1,0.007646902975,5.847512512e-05,-0.01194937629,-0.009318879069,-0.0067380559,,,0.0007906282403,5.973698399e-06,True,
2017-12-28,2017-12-27,SPX,QR-Full,QR-Full-expanding-min750-refit10-SigmaHatRECONSTRUCTED,1,,,,,,,,0.00183231905,6.279991707e-06,False,degenerate_quantile_fit
2017-12-29,2017-12-28,SPX,QR-Full,QR-Full-expanding-min750-refit10-SigmaHatRECONSTRUCTED,1,0.01145202327,0.000131148837,-0.01197466005,-0.00779809615,-0.004170172075,,,-0.005196632427,1.319930689e-05,True,
2018-01-02,2017-12-29,SPX,QR-Full,QR-Full-expanding-min750-refit10-SigmaHatRECONSTRUCTED,1,0.01375925766,0.0001893171713,-0.01649288184,-0.009171434836,-0.0071160269,,,0.008269078527,1.465500342e-05,True,
2018-01-03,2018-01-02,SPX,QR-Full,QR-Full-expanding-min750-refit10-SigmaHatRECONSTRUCTED,1,0.01022347133,0.0001045193661,-0.01251009138,-0.008893765912,-0.005542854482,,,0.006378433243,1.054373888e-05,True,
2018-01-04,2018-01-03,SPX,QR-Full,QR-Full-expanding-min750-refit10-SigmaHatRECONSTRUCTED,1,0.006044655,3.653785407e-05,-0.006840950276,-0.005187853793,-0.002721552668,,,0.00402054262,1.212323e-05,True,
2018-01-05,2018-01-04,SPX,QR-Full,QR-Full-expanding-min750-refit10-SigmaHatRECONSTRUCTED,1,0.008748233419,7.653158795e-05,-0.01131303696,-0.008519535042,-0.005351166209,,,0.007009145849,1.553348709e-05,True,
2018-01-08,2018-01-05,SPX,QR-Full,QR-Full-expanding-min750-refit10-SigmaHatRECONSTRUCTED,1,0.007340541199,5.38835451e-05,-0.01138066804,-0.01031070854,-0.00637813144,,,0.001660963915,9.691564068e-06,True,
2018-01-09,2018-01-08,SPX,QR-Full,QR-Full-expanding-min750-refit10-SigmaHatRECONSTRUCTED,1,0.007556029124,5.709357612e-05,-0.009122935889,-0.007125417425,-0.003973545511,,,0.001302083472,1.98786385e-05,True,
2018-01-10,2018-01-09,SPX,QR-Full,QR-Full-expanding-min750-refit10-SigmaHatRECONSTRUCTED,1,0.01125100645,0.0001265851461,-0.01493001278,-0.01171352431,-0.007262516616,,,-0.001112845959,1.970256637e-05,True,
2018-01-11,2018-01-10,SPX,QR-Full,QR-Full-expanding-min750-refit10-SigmaHatRECONSTRUCTED,1,0.008619127654,7.428936152e-05,-0.01473037315,-0.01342961633,-0.008856487243,,,0.007009026086,1.374279841e-05,True,
2018-01-12,2018-01-11,SPX,QR-Full,QR-Full-expanding-min750-refit10-SigmaHatRECONSTRUCTED,1,0.008795862391,7.736719521e-05,-0.01259238146,-0.008239302039,-0.00659805184,,,0.006726926168,1.7558849e-05,True,
2018-01-16,2018-01-12,SPX,QR-Full,QR-Full-expanding-min750-refit10-SigmaHatRECONSTRUCTED,1,0.009602240082,9.220301458e-05,-0.01677183918,-0.01187188054,-0.0102279678,,,-0.003530713132,5.537371568e-05,True,
2018-01-17,2018-01-16,SPX,QR-Full,QR-Full-expanding-min750-refit10-SigmaHatRECONSTRUCTED,1,0.01296266018,0.0001680305589,-0.02448265168,-0.01953541364,-0.01564867334,,,0.009371006306,3.111759189e-05,True,
2018-01-18,2018-01-17,SPX,QR-Full,QR-Full-expanding-min750-refit10-SigmaHatRECONSTRUCTED,1,0.01103015271,0.0001216642688,-0.01923217305,-0.01548371598,-0.01171518743,,,-0.001617697749,4.030087278e-05,True,
2018-01-19,2018-01-18,SPX,QR-Full,QR-Full-expanding-min750-refit10-SigmaHatRECONSTRUCTED,1,0.01593916046,0.0002540568361,-0.02362577428,-0.01808600541,-0.01276332813,,,0.004375648154,2.228326732e-05,True,
2018-01-22,2018-01-19,SPX,QR-Full,QR-Full-expanding-min750-refit10-SigmaHatRECONSTRUCTED,1,0.01265047539,0.0001600345276,-0.01659577888,-0.01200662358,-0.007974552674,,,0.008034364426,2.128769621e-05,True,
2018-01-23,2018-01-22,SPX,QR-Full,QR-Full-expanding-min750-refit10-SigmaHatRECONSTRUCTED,1,0.008455368059,7.149324902e-05,-0.01609241622,-0.01344783927,-0.01033013153,,,0.002172004929,2.078260822e-05,True,
2018-01-24,2018-01-23,SPX,QR-Full,QR-Full-expanding-min750-refit10-SigmaHatRECONSTRUCTED,1,0.00924659479,8.549951521e-05,-0.01467895306,-0.01101262218,-0.008377451904,,,-0.0005601326353,7.051590374e-05,True,
2018-01-25,2018-01-24,SPX,QR-Full,QR-Full-expanding-min750-refit10-SigmaHatRECONSTRUCTED,1,0.01464527536,0.0002144840903,-0.02440075033,-0.01820392417,-0.01442007943,,,0.0006024394209,5.035970356e-05,True,
2018-01-26,2018-01-25,SPX,QR-Full,QR-Full-expanding-min750-refit10-SigmaHatRECONSTRUCTED,1,0.009372576658,8.784519322e-05,-0.01754627088,-0.0157720415,-0.01115891381,,,0.01177163804,1.984854032e-05,True,
2018-01-29,2018-01-26,SPX,QR-Full,QR-Full-expanding-min750-refit10-SigmaHatRECONSTRUCTED,1,0.008017032485,6.427280986e-05,-0.01617480126,-0.01177830144,-0.01071123974,,,-0.006754736324,4.344862513e-05,True,
2018-01-30,2018-01-29,SPX,QR-Full,QR-Full-expanding-min750-refit10-SigmaHatRECONSTRUCTED,1,0.01271750326,0.0001617348892,-0.02297333896,-0.02130531328,-0.01430643365,,,-0.01095864257,6.27810523e-05,True,
2018-01-31,2018-01-30,SPX,QR-Full,QR-Full-expanding-min750-refit10-SigmaHatRECONSTRUCTED,1,0.01288124195,0.0001659263942,-0.02507214292,-0.02276453667,-0.01629365063,,,0.0004888658752,5.683625692e-05,True,
2018-02-01,2018-01-31,SPX,QR-Full,QR-Full-expanding-min750-refit10-SigmaHatRECONSTRUCTED,1,0.01019954188,0.0001040306546,-0.01877296047,-0.01656594453,-0.01182203136,,,-0.000648298662,5.761909815e-05,True,
2018-02-02,2018-02-01,SPX,QR-Full,QR-Full-expanding-min750-refit10-SigmaHatRECONSTRUCTED,1,0.01174366042,0.0001379135602,-0.02322411056,-0.01923757091,-0.01522087355,,,-0.02143668028,0.0001197022943,True,
2018-02-05,2018-02-02,SPX,QR-Full,QR-Full-expanding-min750-refit10-SigmaHatRECONSTRUCTED,1,0.01249398014,0.0001560995397,-0.03195526908,-0.03078311919,-0.02344069349,,,-0.04184254116,0.0007528086657,True,
2018-02-06,2018-02-05,SPX,QR-Full,QR-Full-expanding-min750-refit10-SigmaHatRECONSTRUCTED,1,0.009986952077,9.97392118e-05,-0.05241975188,-0.04939785082,-0.04561370149,,,0.01729057366,0.001217723293,True,
2018-02-07,2018-02-06,SPX,QR-Full,QR-Full-expanding-min750-refit10-SigmaHatRECONSTRUCTED,1,0.05841759873,0.003412615841,-0.0641566212,-0.04119895373,-0.02434536374,,,-0.005014138421,0.0003525830684,True,
2018-02-08,2018-02-07,SPX,QR-Full,QR-Full-expanding-min750-refit10-SigmaHatRECONSTRUCTED,1,0.01530895823,0.0002343642019,-0.04001917412,-0.03917173008,-0.02958620716,,,-0.03825905221,0.0006271427759,True,
2018-02-09,2018-02-08,SPX,QR-Full,QR-Full-expanding-min750-refit10-SigmaHatRECONSTRUCTED,1,0.0108953223,0.000118708048,-0.04933795875,-0.04881862856,-0.04191285928,,,0.01482564527,0.0011029867,True,
2018-02-12,2018-02-09,SPX,QR-Full,QR-Full-expanding-min750-refit10-SigmaHatRECONSTRUCTED,1,0.02677725923,0.000717021612,-0.03892813645,-0.02454423766,-0.02067958833,,,0.01381866561,0.0002547335856,True,
2018-02-13,2018-02-12,SPX,QR-Full,QR-Full-expanding-min750-refit10-SigmaHatRECONSTRUCTED,1,0.028024462,0.0007853704706,-0.04733027245,-0.0303538853,-0.02823176281,,,0.002609521828,0.0001184265736,True,
2018-02-14,2018-02-13,SPX,QR-Full,QR-Full-expanding-min750-refit10-SigmaHatRECONSTRUCTED,1,0.01437203585,0.0002065554144,-0.03590543015,-0.02775819883,-0.02611097041,,,0.01331344003,0.0001725006285,True,
2018-02-15,2018-02-14,SPX,QR-Full,QR-Full-expanding-min750-refit10-SigmaHatRECONSTRUCTED,1,0.01974805158,0.0003899855411,-0.03483271834,-0.0216782359,-0.0213745348,,,0.01199686164,0.0001290265905,True,
2018-02-16,2018-02-15,SPX,QR-Full,QR-Full-expanding-min750-refit10-SigmaHatRECONSTRUCTED,1,0.0151538096,0.0002296379453,-0.02786543332,-0.01757172497,-0.01753819926,,,0.0003733998215,0.000136947966,True,
2018-02-20,2018-02-16,SPX,QR-Full,QR-Full-expanding-min750-refit10-SigmaHatRECONSTRUCTED,1,0.00676880325,4.581669743e-05,-0.0222177336,-0.01991214128,-0.01760483312,,,-0.005858517129,0.0001035101822,True,
2018-02-21,2018-02-20,SPX,QR-Full,QR-Full-expanding-min750-refit10-SigmaHatRECONSTRUCTED,1,0.007192183258,5.172750002e-05,-0.0248649427,-0.02281397248,-0.01996351119,,,-0.005511664616,0.000136508947,True,
2018-02-22,2018-02-21,SPX,QR-Full,QR-Full-expanding-min750-refit10-SigmaHatRECONSTRUCTED,1,0.008830803578,7.798309184e-05,-0.02335741687,-0.01776179381,-0.01733927503,,,0.000973077555,0.0001578309855,True,
2018-02-23,2018-02-22,SPX,QR-Full,QR-Full-expanding-min750-refit10-SigmaHatRECONSTRUCTED,1,0.005749842564,3.306068951e-05,-0.02072474293,-0.01764014521,-0.0168062583,,,0.01590127828,6.396176421e-05,True,
2018-02-26,2018-02-23,SPX,QR-Full,QR-Full-expanding-min750-refit10-SigmaHatRECONSTRUCTED,1,0.002469680358,6.099321073e-06,-0.0110496277,-0.009881458391,-0.00936655474,,,0.01168843868,5.650212539e-05,True,
2018-02-27,2018-02-26,SPX,QR-Full,QR-Full-expanding-min750-refit10-SigmaHatRECONSTRUCTED,1,0.0007211276745,5.20025123e-07,-0.008508546386,-0.008497719138,-0.008017102025,,,-0.01278831167,0.000146704378,True,
2018-02-28,2018-02-27,SPX,QR-Full,QR-Full-expanding-min750-refit10-SigmaHatRECONSTRUCTED,1,0.006338376221,4.017501311e-05,-0.02355266468,-0.02084032336,-0.01923309775,,,-0.01115780602,0.0001365965846,True,
2018-03-01,2018-02-28,SPX,QR-Full,QR-Full-expanding-min750-refit10-SigmaHatRECONSTRUCTED,1,0.004006322359,1.605061884e-05,-0.021722603,-0.01907352707,-0.01899231736,,,-0.01341396576,0.0004061816186,True,
2018-03-02,2018-03-01,SPX,QR-Full,QR-Full-expanding-min750-refit10-SigmaHatRECONSTRUCTED,1,0.002773627044,7.693006978e-06,-0.02298958883,-0.02230151227,-0.02109937796,,,0.005058785439,0.0002107585052,True,
2018-03-05,2018-03-02,SPX,QR-Full,QR-Full-expanding-min750-refit10-SigmaHatRECONSTRUCTED,1,0.009897533927,9.796117783e-05,-0.02384103686,-0.0171385305,-0.01709592442,,,0.01097161746,0.0001061667344,True,
2018-03-06,2018-03-05,SPX,QR-Full,QR-Full-expanding-min750-refit10-SigmaHatRECONSTRUCTED,1,0.004922648832,2.423247152e-05,-0.01625789596,-0.01532734087,-0.0129031391,,,0.002635383013,7.982651659e-05,True,
2018-03-07,2018-03-06,SPX,QR-Full,QR-Full-expanding-min750-refit10-SigmaHatRECONSTRUCTED,1,0.006062146742,3.674962313e-05,-0.0154656201,-0.01275321259,-0.01133430197,,,-0.000483991694,8.179456568e-05,True,
2018-03-08,2018-03-07,SPX,QR-Full,QR-Full-expanding-min750-refit10-SigmaHatRECONSTRUCTED,1,0.001775207281,3.151360889e-06,-0.01192420031,-0.0118917741,-0.01071440676,,,0.004453148254,7.276057421e-05,True,
2018-03-09,2018-03-08,SPX,QR-Full,QR-Full-expanding-min750-refit10-SigmaHatRECONSTRUCTED,1,0.005786780756,3.348683152e-05,-0.01308666255,-0.01171567308,-0.009143004751,,,0.0172295465,2.910170175e-05,True,
2018-03-12,2018-03-09,SPX,QR-Full,QR-Full-expanding-min750-refit10-SigmaHatRECONSTRUCTED,1,0.002495584762,6.227943305e-06,-0.00861036056,-0.007454239423,-0.006909633901,,,-0.001274797041,5.176492615e-05,True,
2018-03-13,2018-03-12,SPX,QR-Full,QR-Full-expanding-min750-refit10-SigmaHatRECONSTRUCTED,1,0.003695820638,1.365909019e-05,-0.01264045278,-0.01150788331,-0.01012177227,,,-0.006383910436,8.814241396e-05,True,
2018-03-14,2018-03-13,SPX,QR-Full,QR-Full-expanding-min750-refit10-SigmaHatRECONSTRUCTED,1,0.003243520666,1.052042631e-05,-0.01543114657,-0.01387624637,-0.01322070589,,,-0.005740970143,0.0001144019381,True,
2018-03-15,2018-03-14,SPX,QR-Full,QR-Full-expanding-min750-refit10-SigmaHatRECONSTRUCTED,1,0.003873889787,1.500702208e-05,-0.01660861921,-0.01579221274,-0.0139685856,,,-0.0007822362741,5.353896177e-05,True,
2018-03-16,2018-03-15,SPX,QR-Full,QR-Full-expanding-min750-refit10-SigmaHatRECONSTRUCTED,1,0.003479581021,1.210748409e-05,-0.01492779604,-0.01492770565,-0.01255648159,,,0.001701998078,3.108592362e-05,True,
2018-03-19,2018-03-16,SPX,QR-Full,QR-Full-expanding-min750-refit10-SigmaHatRECONSTRUCTED,1,0.006074946369,3.690497338e-05,-0.01117386702,-0.008965790151,-0.007033826014,,,-0.01430604058,0.0001060105029,True,
2018-03-20,2018-03-19,SPX,QR-Full,QR-Full-expanding-min750-refit10-SigmaHatRECONSTRUCTED,1,0.0109267932,0.0001193948097,-0.02974848507,-0.02446406625,-0.02230193836,,,0.001480708466,5.27796389e-05,True,
2018-03-21,2018-03-20,SPX,QR-Full,QR-Full-expanding-min750-refit10-SigmaHatRECONSTRUCTED,1,0.008077044818,6.523865299e-05,-0.01862038102,-0.01647596765,-0.01311592144,,,-0.001845691844,0.0001139942219,True,
2018-03-22,2018-03-21,SPX,QR-Full,QR-Full-expanding-min750-refit10-SigmaHatRECONSTRUCTED,1,0.01144184281,0.0001309157668,-0.02651969807,-0.02342658929,-0.01872214802,,,-0.02548488726,0.0001849868731,True,
2018-03-23,2018-03-22,SPX,QR-Full,QR-Full-expanding-min750-refit10-SigmaHatRECONSTRUCTED,1,0.01161948077,0.0001350123334,-0.03681639056,-0.0308690705,-0.02889778126,,,-0.02118980707,0.0002617884821,True,
2018-03-26,2018-03-23,SPX,QR-Full,QR-Full-expanding-min750-refit10-SigmaHatRECONSTRUCTED,1,0.01544687746,0.0002386060233,-0.04192224772,-0.03231330755,-0.0313952896,,,0.02679504068,0.0001860502667,True,
2018-03-27,2018-03-26,SPX,QR-Full,QR-Full-expanding-min750-refit10-SigmaHatRECONSTRUCTED,1,0.01565824993,0.0002451807908,-0.03328452007,-0.02330809544,-0.02261351282,,,-0.01742728578,0.0003011554252,True,
2018-03-28,2018-03-27,SPX,QR-Full,QR-Full-expanding-min750-refit10-SigmaHatRECONSTRUCTED,1,0.00446282203,1.991678047e-05,-0.0275273204,-0.02660258819,-0.02448593286,,,-0.002920918828,0.0004725769802,True,
2018-03-29,2018-03-28,SPX,QR-Full,QR-Full-expanding-min750-refit10-SigmaHatRECONSTRUCTED,1,0.01288889563,0.0001661236305,-0.03020779622,-0.02910028362,-0.021424088,,,0.01367577742,0.000161873351,True,
2018-04-02,2018-03-29,SPX,QR-Full,QR-Full-expanding-min750-refit10-SigmaHatRECONSTRUCTED,1,0.01058573316,0.0001120577465,-0.02749621958,-0.02203622345,-0.02028210333,,,-0.0225906822,0.0003060605149,True,
2018-04-03,2018-04-02,SPX,QR-Full,QR-Full-expanding-min750-refit10-SigmaHatRECONSTRUCTED,1,0.007310966339,5.345022881e-05,-0.03393434834,-0.030857688,-0.02895196684,,,0.01253596118,0.0003169944189,True,
2018-04-04,2018-04-03,SPX,QR-Full,QR-Full-expanding-min750-refit10-SigmaHatRECONSTRUCTED,1,0.01629385617,0.000265489749,-0.0317552819,-0.02757014611,-0.02065111266,,,0.01150010226,0.0002218677545,True,
2018-04-05,2018-04-04,SPX,QR-Full,QR-Full-expanding-min750-refit10-SigmaHatRECONSTRUCTED,1,0.01216761701,0.0001480509037,-0.02924122913,-0.02363087905,-0.02094906814,,,0.006839421596,0.0001439620614,True,
2018-04-06,2018-04-05,SPX,QR-Full,QR-Full-expanding-min750-refit10-SigmaHatRECONSTRUCTED,1,0.01557884421,0.000242700387,-0.02840603118,-0.02541484132,-0.01778913847,,,-0.02216406698,0.0002532631524,True,
2018-04-09,2018-04-06,SPX,QR-Full,QR-Full-expanding-min750-refit10-SigmaHatRECONSTRUCTED,1,0.00415295834,1.724706297e-05,-0.02946197783,-0.02730889965,-0.02663176062,,,0.003330994812,0.0001258697893,True,
2018-04-10,2018-04-09,SPX,QR-Full,QR-Full-expanding-min750-refit10-SigmaHatRECONSTRUCTED,1,0.01738467369,0.0003022268791,-0.0330548474,-0.02388950886,-0.0212072923,,,0.01658859897,0.0001919121075,True,
2018-04-11,2018-04-10,SPX,QR-Full,QR-Full-expanding-min750-refit10-SigmaHatRECONSTRUCTED,1,0.01125487813,0.0001266722818,-0.02839091698,-0.02571950723,-0.02072078228,,,-0.005540685856,0.0001360447778,True,
2018-04-12,2018-04-11,SPX,QR-Full,QR-Full-expanding-min750-refit10-SigmaHatRECONSTRUCTED,1,0.006457803614,4.170322752e-05,-0.02564210077,-0.02516377471,-0.02124114476,,,0.008216898763,8.840196124e-05,True,
2018-04-13,2018-04-12,SPX,QR-Full,QR-Full-expanding-min750-refit10-SigmaHatRECONSTRUCTED,1,0.01143857182,0.0001308409252,-0.02415886684,-0.02076671912,-0.01636354595,,,-0.002890799674,0.0001116254353,True,
2018-04-16,2018-04-13,SPX,QR-Full,QR-Full-expanding-min750-refit10-SigmaHatRECONSTRUCTED,1,0.003974914347,1.579994407e-05,-0.01896467818,-0.01798251041,-0.01625579692,,,0.008076336778,6.180929848e-05,True,
2018-04-17,2018-04-16,SPX,QR-Full,QR-Full-expanding-min750-refit10-SigmaHatRECONSTRUCTED,1,0.005910692479,3.493628559e-05,-0.01910641812,-0.01779363188,-0.0150783152,,,0.01060507173,2.887099892e-05,True,
2018-04-18,2018-04-17,SPX,QR-Full,QR-Full-expanding-min750-refit10-SigmaHatRECONSTRUCTED,1,0.0005615271381,3.153127268e-07,-0.008489400376,-0.00847866779,-0.008106722862,,,0.0008310204074,3.551369041e-05,True,
2018-04-19,2018-04-18,SPX,QR-Full,QR-Full-expanding-min750-refit10-SigmaHatRECONSTRUCTED,1,0.005683507665,3.230225937e-05,-0.0160629475,-0.01488367697,-0.01218966972,,,-0.005742581882,6.059718311e-05,True,
2018-04-20,2018-04-19,SPX,QR-Full,QR-Full-expanding-min750-refit10-SigmaHatRECONSTRUCTED,1,0.002773232587,7.690818982e-06,-0.01648802619,-0.01483389679,-0.01459808413,,,-0.0085731771,9.187223768e-05,True,
2018-04-23,2018-04-20,SPX,QR-Full,QR-Full-expanding-min750-refit10-SigmaHatRECONSTRUCTED,1,0.001642165383,2.696707144e-06,-0.01919726448,-0.01872015178,-0.01807813822,,,5.622992978e-05,6.329518236e-05,True,
2018-04-24,2018-04-23,SPX,QR-Full,QR-Full-expanding-min750-refit10-SigmaHatRECONSTRUCTED,1,0.001904267719,3.626235544e-06,-0.01384978871,-0.01326171381,-0.01255204121,,,-0.01347088783,0.000249482973,True,
2018-04-25,2018-04-24,SPX,QR-Full,QR-Full-expanding-min750-refit10-SigmaHatRECONSTRUCTED,1,0.0005871981435,3.448016598e-07,-0.02126583171,-0.02125690297,-0.02086565955,,,0.001835373948,0.0001676832782,True,
2018-04-26,2018-04-25,SPX,QR-Full,QR-Full-expanding-min750-refit10-SigmaHatRECONSTRUCTED,1,0.005481851535,3.005069626e-05,-0.02127190126,-0.01990789585,-0.01753605098,,,0.01038014417,6.667450599e-05,True,
2018-04-27,2018-04-26,SPX,QR-Full,QR-Full-expanding-min750-refit10-SigmaHatRECONSTRUCTED,1,0.003672316313,1.34859071e-05,-0.01616594205,-0.01435010058,-0.01366327961,,,0.001113005383,5.874798001e-05,True,
2018-04-30,2018-04-27,SPX,QR-Full,QR-Full-expanding-min750-refit10-SigmaHatRECONSTRUCTED,1,0.00361675823,1.30809401e-05,-0.01570259593,-0.01557670223,-0.013237796,,,-0.008221192443,8.062114714e-05,True,
2018-05-01,2018-04-30,SPX,QR-Full,QR-Full-expanding-min750-refit10-SigmaHatRECONSTRUCTED,1,0.005723932102,3.276339871e-05,-0.02018325764,-0.01801046752,-0.01628243085,,,0.002545802171,7.803472068e-05,True,
2018-05-02,2018-05-01,SPX,QR-Full,QR-Full-expanding-min750-refit10-SigmaHatRECONSTRUCTED,1,0.002676579065,7.164075491e-06,-0.0153558278,-0.01408852097,-0.01353175457,,,-0.007231951219,7.488462479e-05,True,
2018-05-03,2018-05-02,SPX,QR-Full,QR-Full-expanding-min750-refit10-SigmaHatRECONSTRUCTED,1,0.005952626381,3.543376083e-05,-0.02008650469,-0.0185564443,-0.01602982406,,,-0.002256217811,0.0001638054201,True,
2018-05-04,2018-05-03,SPX,QR-Full,QR-Full-expanding-min750-refit10-SigmaHatRECONSTRUCTED,1,0.001108871423,1.229595832e-06,-0.01817992921,-0.01768202267,-0.01742423971,,,0.01272981025,7.439107717e-05,True,
2018-05-07,2018-05-04,SPX,QR-Full,QR-Full-expanding-min750-refit10-SigmaHatRECONSTRUCTED,1,0.005667254089,3.21177689e-05,-0.01401883611,-0.01357997049,-0.01015663505,,,0.003451980578,4.545388555e-05,True,
2018-05-08,2018-05-07,SPX,QR-Full,QR-Full-expanding-min750-refit10-SigmaHatRECONSTRUCTED,1,0.006290753391,3.957357822e-05,-0.01433972063,-0.01197481517,-0.01005260839,,,-0.0002656766351,7.968457051e-05,True,
2018-05-09,2018-05-08,SPX,QR-Full,QR-Full-expanding-min750-refit10-SigmaHatRECONSTRUCTED,1,0.005633628286,3.173776766e-05,-0.01631844141,-0.01565903366,-0.01247915614,,,0.009635647865,4.890863823e-05,True,
2018-05-10,2018-05-09,SPX,QR-Full,QR-Full-expanding-min750-refit10-SigmaHatRECONSTRUCTED,1,0.007339054664,5.386172336e-05,-0.01658549447,-0.01291247852,-0.01158397094,,,0.009327011495,3.38623825e-05,True,
2018-05-11,2018-05-10,SPX,QR-Full,QR-Full-expanding-min750-refit10-SigmaHatRECONSTRUCTED,1,0.002931057678,8.591099114e-06,-0.01001725273,-0.009011117947,-0.008019753781,,,0.001706139512,3.498747478e-05,True,
2018-05-14,2018-05-11,SPX,QR-Full,QR-Full-expanding-min750-refit10-SigmaHatRECONSTRUCTED,1,0.003376087631,1.139796769e-05,-0.01088077436,-0.01042044086,-0.008579990057,,,0.00088309947,2.624008188e-05,True,
2018-05-15,2018-05-14,SPX,QR-Full,QR-Full-expanding-min750-refit10-SigmaHatRECONSTRUCTED,1,0.008408892672,7.070947597e-05,-0.01536317179,-0.01219011879,-0.009632559813,,,-0.006865655176,6.107398851e-05,True,
2018-05-16,2018-05-15,SPX,QR-Full,QR-Full-expanding-min750-refit10-SigmaHatRECONSTRUCTED,1,0.008774433445,7.699068227e-05,-0.02037635033,-0.01907200021,-0.01439662441,,,0.004052339934,3.145633003e-05,True,
2018-05-17,2018-05-16,SPX,QR-Full,QR-Full-expanding-min750-refit10-SigmaHatRECONSTRUCTED,1,0.007270761485,5.286397257e-05,-0.0139406667,-0.0116764853,-0.008985684581,,,-0.0008562387426,3.507089621e-05,True,
2018-05-18,2018-05-17,SPX,QR-Full,QR-Full-expanding-min750-refit10-SigmaHatRECONSTRUCTED,1,0.006114555915,3.738779403e-05,-0.01436359928,-0.01216095702,-0.0101965646,,,-0.002635665214,3.777741547e-05,True,
2018-05-21,2018-05-18,SPX,QR-Full,QR-Full-expanding-min750-refit10-SigmaHatRECONSTRUCTED,1,0.003813961799,1.454630461e-05,-0.0123546186,-0.01065500738,-0.00975542557,,,0.007359604524,2.906184612e-05,True,
2018-05-22,2018-05-21,SPX,QR-Full,QR-Full-expanding-min750-refit10-SigmaHatRECONSTRUCTED,1,0.005690863657,3.238592916e-05,-0.01083448062,-0.009664439632,-0.006956189775,,,-0.003140688828,2.16629075e-05,True,
2018-05-23,2018-05-22,SPX,QR-Full,QR-Full-expanding-min750-refit10-SigmaHatRECONSTRUCTED,1,0.005242284083,2.748154241e-05,-0.009970021833,-0.00769806934,-0.006397435388,,,0.003243145333,5.075136604e-05,True,
2018-05-24,2018-05-23,SPX,QR-Full,QR-Full-expanding-min750-refit10-SigmaHatRECONSTRUCTED,1,0.001197058432,1.432948889e-06,-0.007548188217,-0.007320696192,-0.006732399782,,,-0.002025262849,5.731277646e-05,True,
2018-05-25,2018-05-24,SPX,QR-Full,QR-Full-expanding-min750-refit10-SigmaHatRECONSTRUCTED,1,0.00328713845,1.080527919e-05,-0.0142600245,-0.01374115461,-0.01201985856,,,-0.002360003186,2.736973799e-05,True,
2018-05-29,2018-05-25,SPX,QR-Full,QR-Full-expanding-min750-refit10-SigmaHatRECONSTRUCTED,1,0.002852420254,8.136301306e-06,-0.01009049793,-0.00955990046,-0.00814658994,,,-0.01163157262,9.954392099e-05,True,
2018-05-30,2018-05-29,SPX,QR-Full,QR-Full-expanding-min750-refit10-SigmaHatRECONSTRUCTED,1,0.005572039519,3.10476244e-05,-0.01678368601,-0.01536343898,-0.01298637313,,,0.01261587559,3.749417008e-05,True,
2018-05-31,2018-05-30,SPX,QR-Full,QR-Full-expanding-min750-refit10-SigmaHatRECONSTRUCTED,1,0.01415579114,0.0002003864228,-0.0231794769,-0.01796040409,-0.01353238667,,,-0.006903333156,7.028681592e-05,True,
2018-06-01,2018-05-31,SPX,QR-Full,QR-Full-expanding-min750-refit10-SigmaHatRECONSTRUCTED,1,0.01106791471,0.0001224987361,-0.02274237989,-0.02134197552,-0.01519965968,,,0.01079079947,2.966547579e-05,True,
2018-06-04,2018-06-01,SPX,QR-Full,QR-Full-expanding-min750-refit10-SigmaHatRECONSTRUCTED,1,0.01280309984,0.0001639193655,-0.02102368182,-0.01625780963,-0.01229844293,,,0.004469594899,1.371118806e-05,True,
2018-06-05,2018-06-04,SPX,QR-Full,QR-Full-expanding-min750-refit10-SigmaHatRECONSTRUCTED,1,0.01415381502,0.0002003304797,-0.01711191274,-0.01229107453,-0.007466169226,,,0.0007023464004,2.884796768e-05,True,
2018-06-06,2018-06-05,SPX,QR-Full,QR-Full-expanding-min750-refit10-SigmaHatRECONSTRUCTED,1,0.004250083063,1.806320605e-05,-0.01134683579,-0.01062570818,-0.008450428636,,,0.008530900699,2.677630741e-05,True,
2018-06-07,2018-06-06,SPX,QR-Full,QR-Full-expanding-min750-refit10-SigmaHatRECONSTRUCTED,1,0.007982118702,6.371421898e-05,-0.01565721504,-0.01199542339,-0.01021744706,,,-0.0007144438137,5.104521659e-05,True,
2018-06-08,2018-06-07,SPX,QR-Full,QR-Full-expanding-min750-refit10-SigmaHatRECONSTRUCTED,1,0.003037050242,9.223674173e-06,-0.01365440518,-0.01263445457,-0.01158467291,,,0.003121028869,2.269996565e-05,True,
2018-06-11,2018-06-08,SPX,QR-Full,QR-Full-expanding-min750-refit10-SigmaHatRECONSTRUCTED,1,0.006765279849,4.576901143e-05,-0.01339978932,-0.01089558282,-0.008789290028,,,0.001068137114,1.635829994e-05,True,
2018-06-12,2018-06-11,SPX,QR-Full,QR-Full-expanding-min750-refit10-SigmaHatRECONSTRUCTED,1,0.009678244994,9.366842616e-05,-0.01504745637,-0.01137231019,-0.008451788086,,,0.001741867402,1.414709388e-05,True,
2018-06-13,2018-06-12,SPX,QR-Full,QR-Full-expanding-min750-refit10-SigmaHatRECONSTRUCTED,1,0.007444828763,5.542547531e-05,-0.01136848828,-0.009263120432,-0.006294880309,,,-0.004034254597,2.845873786e-05,True,
2018-06-14,2018-06-13,SPX,QR-Full,QR-Full-expanding-min750-refit10-SigmaHatRECONSTRUCTED,1,0.008773786527,7.697933001e-05,-0.01594153127,-0.0138790025,-0.009962246223,,,0.002468500371,1.914951729e-05,True,
2018-06-15,2018-06-14,SPX,QR-Full,QR-Full-expanding-min750-refit10-SigmaHatRECONSTRUCTED,1,0.00593832849,3.526374525e-05,-0.009431179549,-0.00695109459,-0.005384242846,,,-0.001017620271,3.714235873e-05,True,
2018-06-18,2018-06-15,SPX,QR-Full,QR-Full-expanding-min750-refit10-SigmaHatRECONSTRUCTED,1,0.003740510399,1.399141804e-05,-0.01212502142,-0.01094758098,-0.009575885099,,,-0.002128391142,2.511876574e-05,True,
2018-06-19,2018-06-18,SPX,QR-Full,QR-Full-expanding-min750-refit10-SigmaHatRECONSTRUCTED,1,0.007840640213,6.147563895e-05,-0.01515716025,-0.01233202126,-0.009813809054,,,-0.004031517912,4.232995088e-05,True,
2018-06-20,2018-06-19,SPX,QR-Full,QR-Full-expanding-min750-refit10-SigmaHatRECONSTRUCTED,1,0.005424152071,2.942142569e-05,-0.01549829131,-0.01383496853,-0.01180176287,,,0.001710690055,1.407973608e-05,True,
2018-06-21,2018-06-20,SPX,QR-Full,QR-Full-expanding-min750-refit10-SigmaHatRECONSTRUCTED,1,0.01120339062,0.0001255159615,-0.0173216619,-0.0141956237,-0.009686615639,,,-0.006365728628,5.19249012e-05,True,
2018-06-22,2018-06-21,SPX,QR-Full,QR-Full-expanding-min750-refit10-SigmaHatRECONSTRUCTED,1,0.00714917611,5.111071905e-05,-0.01991658765,-0.01907324233,-0.01504446526,,,0.001860203238,2.637966594e-05,True,
2018-06-25,2018-06-22,SPX,QR-Full,QR-Full-expanding-min750-refit10-SigmaHatRECONSTRUCTED,1,0.01056999723,0.0001117248415,-0.01759646016,-0.01558882958,-0.01039306786,,,-0.01381972317,0.0001441781103,True,
2018-06-26,2018-06-25,SPX,QR-Full,QR-Full-expanding-min750-refit10-SigmaHatRECONSTRUCTED,1,0.01254004975,0.0001572528477,-0.02986741198,-0.02746514189,-0.02132144022,,,0.002202150787,4.672398971e-05,True,
2018-06-27,2018-06-26,SPX,QR-Full,QR-Full-expanding-min750-refit10-SigmaHatRECONSTRUCTED,1,0.007999046145,6.398473924e-05,-0.01989658872,-0.01954841201,-0.01444528479,,,-0.008641586393,0.0001257029016,True,
2018-06-28,2018-06-27,SPX,QR-Full,QR-Full-expanding-min750-refit10-SigmaHatRECONSTRUCTED,1,0.009561513587,9.142254207e-05,-0.02673153906,-0.02350286684,-0.02021542255,,,0.006159680099,9.632640277e-05,True,
2018-06-29,2018-06-28,SPX,QR-Full,QR-Full-expanding-min750-refit10-SigmaHatRECONSTRUCTED,1,0.01044336534,0.0001090638795,-0.02709983466,-0.02477366713,-0.01998274126,,,0.000758115669,4.084984076e-05,True,
2018-07-02,2018-06-29,SPX,QR-Full,QR-Full-expanding-min750-refit10-SigmaHatRECONSTRUCTED,1,0.01034262451,0.0001069698817,-0.02420881527,-0.02257457299,-0.01716037616,,,0.003063260926,6.307618484e-05,True,
2018-07-03,2018-07-02,SPX,QR-Full,QR-Full-expanding-min750-refit10-SigmaHatRECONSTRUCTED,1,0.009710500089,9.429381199e-05,-0.02329398565,-0.01967620246,-0.0166763357,,,-0.004959629194,,True,
2018-07-05,2018-07-03,SPX,QR-Full,QR-Full-expanding-min750-refit10-SigmaHatRECONSTRUCTED,1,,,,,,,,0.008583856482,,False,predictors_unavailable
2018-07-06,2018-07-05,SPX,QR-Full,QR-Full-expanding-min750-refit10-SigmaHatRECONSTRUCTED,1,0.01166697919,0.0001361184034,-0.0216355238,-0.0188695401,-0.0136845446,,,0.008445517625,3.702434751e-05,True,
2018-07-09,2018-07-06,SPX,QR-Full,QR-Full-expanding-min750-refit10-SigmaHatRECONSTRUCTED,1,0.008356670244,6.983393757e-05,-0.01615284181,-0.01276662195,-0.01045781911,,,0.00878429096,1.433999676e-05,True,
2018-07-10,2018-07-09,SPX,QR-Full,QR-Full-expanding-min750-refit10-SigmaHatRECONSTRUCTED,1,0.01053980081,0.0001110874011,-0.0153334618,-0.0106705247,-0.008150648185,,,0.003467249313,2.160496792e-05,True,
2018-07-11,2018-07-10,SPX,QR-Full,QR-Full-expanding-min750-refit10-SigmaHatRECONSTRUCTED,1,0.007028613609,4.940140926e-05,-0.01413219268,-0.01267022021,-0.009342232938,,,-0.007119486242,3.633053579e-05,True,
2018-07-12,2018-07-11,SPX,QR-Full,QR-Full-expanding-min750-refit10-SigmaHatRECONSTRUCTED,1,0.00883267856,7.801621054e-05,-0.01775329706,-0.01603703981,-0.01173387744,,,0.008710991389,2.839859148e-05,True,
2018-07-13,2018-07-12,SPX,QR-Full,QR-Full-expanding-min750-refit10-SigmaHatRECONSTRUCTED,1,0.007222287741,5.216144021e-05,-0.01383611654,-0.01204250735,-0.008914168998,,,0.001078655704,1.618251474e-05,True,
2018-07-16,2018-07-13,SPX,QR-Full,QR-Full-expanding-min750-refit10-SigmaHatRECONSTRUCTED,1,0.004641653181,2.154494425e-05,-0.01060936765,-0.008610621942,-0.007446107711,,,-0.001028664637,1.632545317e-05,True,
2018-07-17,2018-07-16,SPX,QR-Full,QR-Full-expanding-min750-refit10-SigmaHatRECONSTRUCTED,1,0.007791765931,6.071161633e-05,-0.01508501261,-0.01377659597,-0.009774968952,,,0.003965824276,2.075854966e-05,True,
2018-07-18,2018-07-17,SPX,QR-Full,QR-Full-expanding-min750-refit10-SigmaHatRECONSTRUCTED,1,0.004664241681,2.175515046e-05,-0.01002656307,-0.006873852702,-0.006847909193,,,0.002158181949,1.018759182e-05,True,
2018-07-19,2018-07-18,SPX,QR-Full,QR-Full-expanding-min750-refit10-SigmaHatRECONSTRUCTED,1,0.009077786214,8.240620255e-05,-0.01273973659,-0.008932300175,-0.006553277508,,,-0.003960826866,2.629504772e-05,True,
2018-07-20,2018-07-19,SPX,QR-Full,QR-Full-expanding-min750-refit10-SigmaHatRECONSTRUCTED,1,0.005472278918,2.994583656e-05,-0.01356511955,-0.01293352382,-0.009835792945,,,-0.0009488977323,1.29436997e-05,True,
2018-07-23,2018-07-20,SPX,QR-Full,QR-Full-expanding-min750-refit10-SigmaHatRECONSTRUCTED,1,0.0101272346,0.0001025608807,-0.01753436193,-0.01501378372,-0.01063270981,,,0.001836362221,1.123498446e-05,True,
2018-07-24,2018-07-23,SPX,QR-Full,QR-Full-expanding-min750-refit10-SigmaHatRECONSTRUCTED,1,0.01225913231,0.0001502863249,-0.01606769373,-0.01089940446,-0.007713165585,,,0.004769518931,3.538042953e-05,True,
2018-07-25,2018-07-24,SPX,QR-Full,QR-Full-expanding-min750-refit10-SigmaHatRECONSTRUCTED,1,0.002688655468,7.228868225e-06,-0.01029029949,-0.009841035936,-0.008457996254,,,0.009060435066,3.522586571e-05,True,
2018-07-26,2018-07-25,SPX,QR-Full,QR-Full-expanding-min750-refit10-SigmaHatRECONSTRUCTED,1,0.005515984991,3.042609042e-05,-0.01358068127,-0.0121579534,-0.009821569227,,,-0.003036902766,1.904697997e-05,True,
2018-07-27,2018-07-26,SPX,QR-Full,QR-Full-expanding-min750-refit10-SigmaHatRECONSTRUCTED,1,0.01083337886,0.0001173620974,-0.01629912965,-0.01282229369,-0.00891624428,,,-0.006583834629,5.148161272e-05,True,
2018-07-30,2018-07-27,SPX,QR-Full,QR-Full-expanding-min750-refit10-SigmaHatRECONSTRUCTED,1,0.005738960751,3.29356705e-05,-0.0174358064,-0.01570268301,-0.01352473766,,,-0.005770789065,4.078161026e-05,True,
2018-07-31,2018-07-30,SPX,QR-Full,QR-Full-expanding-min750-refit10-SigmaHatRECONSTRUCTED,1,0.01107801644,0.0001227224483,-0.02313861687,-0.02115319553,-0.01558901239,,,0.004872837074,2.1491315e-05,True,
2018-08-01,2018-07-31,SPX,QR-Full,QR-Full-expanding-min750-refit10-SigmaHatRECONSTRUCTED,1,0.007741088292,5.992444795e-05,-0.01256881472,-0.00962800598,-0.007293307583,,,-0.001040893195,2.020946534e-05,True,
2018-08-02,2018-08-01,SPX,QR-Full,QR-Full-expanding-min750-refit10-SigmaHatRECONSTRUCTED,1,0.01055499262,0.0001114078692,-0.01971804441,-0.01567339057,-0.01252487767,,,0.004914349837,2.329271627e-05,True,
2018-08-03,2018-08-02,SPX,QR-Full,QR-Full-expanding-min750-refit10-SigmaHatRECONSTRUCTED,1,0.009655476111,9.322821893e-05,-0.01549212614,-0.009063162182,-0.008911974722,,,0.004633432081,1.588222513e-05,True,
2018-08-06,2018-08-03,SPX,QR-Full,QR-Full-expanding-min750-refit10-SigmaHatRECONSTRUCTED,1,0.008285788674,6.865429395e-05,-0.01214690778,-0.008734956197,-0.006500190464,,,0.003531982409,1.016676737e-05,True,
2018-08-07,2018-08-06,SPX,QR-Full,QR-Full-expanding-min750-refit10-SigmaHatRECONSTRUCTED,1,0.009344323016,8.731637263e-05,-0.01133035734,-0.006491495108,-0.004962254958,,,0.002820201807,1.489653985e-05,True,
2018-08-08,2018-08-07,SPX,QR-Full,QR-Full-expanding-min750-refit10-SigmaHatRECONSTRUCTED,1,0.007808661747,6.097519828e-05,-0.01247733779,-0.01082740716,-0.007155779734,,,-0.0002624143933,1.224442764e-05,True,
2018-08-09,2018-08-08,SPX,QR-Full,QR-Full-expanding-min750-refit10-SigmaHatRECONSTRUCTED,1,0.007645153478,5.844837171e-05,-0.01208858915,-0.009602405823,-0.006878461041,,,-0.001442714661,1.259279146e-05,True,
2018-08-10,2018-08-09,SPX,QR-Full,QR-Full-expanding-min750-refit10-SigmaHatRECONSTRUCTED,1,0.006989354189,4.885107198e-05,-0.009022120243,-0.004497353151,-0.004258915572,,,-0.007139312324,4.056053005e-05,True,
2018-08-13,2018-08-10,SPX,QR-Full,QR-Full-expanding-min750-refit10-SigmaHatRECONSTRUCTED,1,0.006825858109,4.659233893e-05,-0.0158139776,-0.01463519328,-0.01116219457,,,-0.004014037434,4.164528613e-05,True,
2018-08-14,2018-08-13,SPX,QR-Full,QR-Full-expanding-min750-refit10-SigmaHatRECONSTRUCTED,1,0.01040672142,0.0001082998507,-0.02318953325,-0.02100320645,-0.01609741247,,,0.006368929911,2.617720554e-05,True,
2018-08-15,2018-08-14,SPX,QR-Full,QR-Full-expanding-min750-refit10-SigmaHatRECONSTRUCTED,1,0.009446765825,8.924138455e-05,-0.01725489182,-0.01390138269,-0.01081697525,,,-0.00763120867,6.697351465e-05,True,
2018-08-16,2018-08-15,SPX,QR-Full,QR-Full-expanding-min750-refit10-SigmaHatRECONSTRUCTED,1,0.01033406197,0.0001067928367,-0.02381301631,-0.0222150993,-0.01677041253,,,0.007888214476,2.103657388e-05,True,
2018-08-17,2018-08-16,SPX,QR-Full,QR-Full-expanding-min750-refit10-SigmaHatRECONSTRUCTED,1,0.01214175648,0.0001474222505,-0.02064507584,-0.01653748398,-0.01237053864,,,0.003317606584,3.156013777e-05,True,
2018-08-20,2018-08-17,SPX,QR-Full,QR-Full-expanding-min750-refit10-SigmaHatRECONSTRUCTED,1,0.009961663141,9.923473254e-05,-0.01842885604,-0.01549305915,-0.01164003992,,,0.002425074897,1.215878868e-05,True,
2018-08-21,2018-08-20,SPX,QR-Full,QR-Full-expanding-min750-refit10-SigmaHatRECONSTRUCTED,1,0.009442804026,8.916654787e-05,-0.01418028373,-0.01129254447,-0.007745067111,,,0.002066399916,1.125675793e-05,True,
2018-08-22,2018-08-21,SPX,QR-Full,QR-Full-expanding-min750-refit10-SigmaHatRECONSTRUCTED,1,0.01034279331,0.0001069733734,-0.01540087322,-0.01239738984,-0.008352319083,,,-0.0003982312016,1.639244127e-05,True,
2018-08-23,2018-08-22,SPX,QR-Full,QR-Full-expanding-min750-refit10-SigmaHatRECONSTRUCTED,1,0.007702244403,5.932456884e-05,-0.01396985379,-0.01123273471,-0.008720818539,,,-0.001692693962,2.297010099e-05,True,
2018-08-24,2018-08-23,SPX,QR-Full,QR-Full-expanding-min750-refit10-SigmaHatRECONSTRUCTED,1,0.008213718004,6.746516345e-05,-0.01492812461,-0.01186559451,-0.009330523042,,,0.006179705951,1.409669923e-05,True,
2018-08-27,2018-08-24,SPX,QR-Full,QR-Full-expanding-min750-refit10-SigmaHatRECONSTRUCTED,1,0.009072310695,8.230682135e-05,-0.01405121614,-0.01023114193,-0.007868488594,,,0.007641141468,1.134682233e-05,True,
2018-08-28,2018-08-27,SPX,QR-Full,QR-Full-expanding-min750-refit10-SigmaHatRECONSTRUCTED,1,0.01032622831,0.000106630991,-0.01516152597,-0.0107353121,-0.008124260788,,,0.0002692423203,1.552818064e-05,True,
2018-08-29,2018-08-28,SPX,QR-Full,QR-Full-expanding-min750-refit10-SigmaHatRECONSTRUCTED,1,0.009204934578,8.473082058e-05,-0.01618820149,-0.01331501141,-0.009915091533,,,0.005685242286,1.263764911e-05,True,
2018-08-30,2018-08-29,SPX,QR-Full,QR-Full-expanding-min750-refit10-SigmaHatRECONSTRUCTED,1,0.01060329833,0.0001124299355,-0.01539088304,-0.01013490359,-0.008164796228,,,-0.004440171958,3.39821006e-05,True,
2018-08-31,2018-08-30,SPX,QR-Full,QR-Full-expanding-min750-refit10-SigmaHatRECONSTRUCTED,1,0.008636522916,7.458952809e-05,-0.01848107411,-0.01678453396,-0.01259533343,,,0.0001344685642,2.924435281e-05,True,
2018-09-04,2018-08-31,SPX,QR-Full,QR-Full-expanding-min750-refit10-SigmaHatRECONSTRUCTED,1,0.008240586264,6.790726198e-05,-0.01618134091,-0.01350101169,-0.01056542878,,,-0.001655692108,3.841039702e-05,True,
2018-09-05,2018-09-04,SPX,QR-Full,QR-Full-expanding-min750-refit10-SigmaHatRECONSTRUCTED,1,0.009851696169,9.705591741e-05,-0.02044817551,-0.01744290112,-0.01373430125,,,-0.002807062785,5.504481156e-05,True,
2018-09-06,2018-09-05,SPX,QR-Full,QR-Full-expanding-min750-refit10-SigmaHatRECONSTRUCTED,1,0.009508714592,9.041565319e-05,-0.02168303212,-0.01950414007,-0.01520289783,,,-0.003658991096,5.944944341e-05,True,
2018-09-07,2018-09-06,SPX,QR-Full,QR-Full-expanding-min750-refit10-SigmaHatRECONSTRUCTED,1,0.01045589931,0.0001093258304,-0.02293200448,-0.02041370682,-0.01580636925,,,-0.00221579783,6.397075183e-05,True,
2018-09-10,2018-09-07,SPX,QR-Full,QR-Full-expanding-min750-refit10-SigmaHatRECONSTRUCTED,1,0.01435050441,0.0002059369768,-0.02660728988,-0.02222587354,-0.01682750369,,,0.001896028155,1.827239052e-05,True,
2018-09-11,2018-09-10,SPX,QR-Full,QR-Full-expanding-min750-refit10-SigmaHatRECONSTRUCTED,1,0.01244189222,0.0001548006821,-0.02083657922,-0.01688791347,-0.01235750125,,,0.003732865771,2.231611214e-05,True,
2018-09-12,2018-09-11,SPX,QR-Full,QR-Full-expanding-min750-refit10-SigmaHatRECONSTRUCTED,1,0.01238675404,0.0001534316756,-0.01878383552,-0.01315517891,-0.0103423339,,,0.0003566082471,3.96057121e-05,True,
2018-09-13,2018-09-12,SPX,QR-Full,QR-Full-expanding-min750-refit10-SigmaHatRECONSTRUCTED,1,0.00830057821,6.889959862e-05,-0.01831344382,-0.01617758591,-0.01265664752,,,0.00526835224,1.839798713e-05,True,
2018-09-14,2018-09-13,SPX,QR-Full,QR-Full-expanding-min750-refit10-SigmaHatRECONSTRUCTED,1,0.01043455807,0.0001088800022,-0.01629383027,-0.01282748893,-0.009182738971,,,0.0002754436157,2.168514488e-05,True,
2018-09-17,2018-09-14,SPX,QR-Full,QR-Full-expanding-min750-refit10-SigmaHatRECONSTRUCTED,1,0.008580919752,7.363218378e-05,-0.01408637292,-0.01138801935,-0.008238525472,,,-0.005585290771,1.596027088e-05,True,
2018-09-18,2018-09-17,SPX,QR-Full,QR-Full-expanding-min750-refit10-SigmaHatRECONSTRUCTED,1,0.01154480551,0.0001332825343,-0.02031579107,-0.01639570783,-0.01244807253,,,0.005354652948,1.250181993e-05,True,
2018-09-19,2018-09-18,SPX,QR-Full,QR-Full-expanding-min750-refit10-SigmaHatRECONSTRUCTED,1,0.01212475061,0.0001470095775,-0.01723912069,-0.0111715998,-0.008976172897,,,0.001252487834,1.442362639e-05,True,
2018-09-20,2018-09-19,SPX,QR-Full,QR-Full-expanding-min750-refit10-SigmaHatRECONSTRUCTED,1,0.009283510467,8.618356658e-05,-0.01517598072,-0.01147366759,-0.008849321741,,,0.007810014244,1.206552889e-05,True,
2018-09-21,2018-09-20,SPX,QR-Full,QR-Full-expanding-min750-refit10-SigmaHatRECONSTRUCTED,1,0.00884213769,7.818339893e-05,-0.01380249818,-0.009525076334,-0.007776632208,,,-0.0003686008943,1.148213822e-05,True,
2018-09-24,2018-09-21,SPX,QR-Full,QR-Full-expanding-min750-refit10-SigmaHatRECONSTRUCTED,1,0.006413243199,4.112968834e-05,-0.01064777351,-0.007853938917,-0.006277185164,,,-0.003521882421,1.804725054e-05,True,
2018-09-25,2018-09-24,SPX,QR-Full,QR-Full-expanding-min750-refit10-SigmaHatRECONSTRUCTED,1,0.00917580759,8.419544493e-05,-0.01500306114,-0.01206053933,-0.008749801055,,,-0.00130594829,1.368392177e-05,True,
2018-09-26,2018-09-25,SPX,QR-Full,QR-Full-expanding-min750-refit10-SigmaHatRECONSTRUCTED,1,0.007411175984,5.492552946e-05,-0.01259482654,-0.01057850167,-0.00754415274,,,-0.003294699718,3.432796305e-05,True,
2018-09-27,2018-09-26,SPX,QR-Full,QR-Full-expanding-min750-refit10-SigmaHatRECONSTRUCTED,1,0.005026025671,2.526093404e-05,-0.01526492207,-0.0132540104,-0.01183971449,,,0.002759476126,1.558123769e-05,True,
2018-09-28,2018-09-27,SPX,QR-Full,QR-Full-expanding-min750-refit10-SigmaHatRECONSTRUCTED,1,0.009679235985,9.368760926e-05,-0.01412985575,-0.009476569458,-0.007533512106,,,-6.870305001e-06,2.050332209e-05,True,
2018-10-01,2018-09-28,SPX,QR-Full,QR-Full-expanding-min750-refit10-SigmaHatRECONSTRUCTED,1,0.008173919562,6.6812961e-05,-0.01387970697,-0.01066764214,-0.008309227808,,,0.00363449254,1.72145692e-05,True,
2018-10-02,2018-10-01,SPX,QR-Full,QR-Full-expanding-min750-refit10-SigmaHatRECONSTRUCTED,1,0.008023510186,6.43767157e-05,-0.01476239744,-0.01100988723,-0.009294421405,,,-0.0003967688247,2.743107048e-05,True,
2018-10-03,2018-10-02,SPX,QR-Full,QR-Full-expanding-min750-refit10-SigmaHatRECONSTRUCTED,1,0.00607357834,3.688835385e-05,-0.01291733147,-0.01122958662,-0.008778222773,,,0.0007112666939,2.262685511e-05,True,
2018-10-04,2018-10-03,SPX,QR-Full,QR-Full-expanding-min750-refit10-SigmaHatRECONSTRUCTED,1,0.009887132013,9.775537943e-05,-0.01992394936,-0.01476504053,-0.01318592577,,,-0.008203035647,7.245678979e-05,True,
2018-10-05,2018-10-04,SPX,QR-Full,QR-Full-expanding-min750-refit10-SigmaHatRECONSTRUCTED,1,0.01100899224,0.0001211979102,-0.02561853745,-0.02164843594,-0.01811597257,,,-0.005543314564,7.404148564e-05,True,
2018-10-08,2018-10-05,SPX,QR-Full,QR-Full-expanding-min750-refit10-SigmaHatRECONSTRUCTED,1,0.009887356431,9.775981719e-05,-0.02632726975,-0.02225610988,-0.01958909322,,,-0.0003951944592,7.323098992e-05,True,
2018-10-09,2018-10-08,SPX,QR-Full,QR-Full-expanding-min750-refit10-SigmaHatRECONSTRUCTED,1,0.01089806574,0.0001187678368,-0.02578219022,-0.02187797494,-0.01835522111,,,-0.001418909921,7.163008669e-05,True,
2018-10-10,2018-10-09,SPX,QR-Full,QR-Full-expanding-min750-refit10-SigmaHatRECONSTRUCTED,1,0.01116668912,0.0001246949458,-0.02400587108,-0.02192555978,-0.01639583669,,,-0.03341638895,0.0002445711614,True,
2018-10-11,2018-10-10,SPX,QR-Full,QR-Full-expanding-min750-refit10-SigmaHatRECONSTRUCTED,1,0.02167996006,0.0004700206682,-0.04609140835,-0.03884087768,-0.03131664029,,,-0.02078758017,0.0006586728178,True,
2018-10-12,2018-10-11,SPX,QR-Full,QR-Full-expanding-min750-refit10-SigmaHatRECONSTRUCTED,1,0.03240071848,0.001049806558,-0.04882193007,-0.03882388711,-0.02674102682,,,0.01410623554,0.0003408315975,True,
2018-10-15,2018-10-12,SPX,QR-Full,QR-Full-expanding-min750-refit10-SigmaHatRECONSTRUCTED,1,0.02093795839,0.0004383981013,-0.03875713048,-0.03254024734,-0.02448803229,,,-0.005922482382,0.0001310160784,True,
2018-10-16,2018-10-15,SPX,QR-Full,QR-Full-expanding-min750-refit10-SigmaHatRECONSTRUCTED,1,0.02440845674,0.0005957727606,-0.04119904969,-0.03463046385,-0.02456482684,,,0.0212678281,7.477383832e-05,True,
2018-10-17,2018-10-16,SPX,QR-Full,QR-Full-expanding-min750-refit10-SigmaHatRECONSTRUCTED,1,0.02104023384,0.0004426914399,-0.03221669635,-0.02201424983,-0.01787789804,,,-0.0002526942849,0.0001733596701,True,
2018-10-18,2018-10-17,SPX,QR-Full,QR-Full-expanding-min750-refit10-SigmaHatRECONSTRUCTED,1,0.01947600481,0.0003793147633,-0.03396406833,-0.02660581372,-0.02069128309,,,-0.0144964907,0.0002004826803,True,
2018-10-19,2018-10-18,SPX,QR-Full,QR-Full-expanding-min750-refit10-SigmaHatRECONSTRUCTED,1,0.01936097152,0.0003748472183,-0.03729927554,-0.03128950574,-0.02410488483,,,-0.0003612351353,0.000157890734,True,
2018-10-22,2018-10-19,SPX,QR-Full,QR-Full-expanding-min750-refit10-SigmaHatRECONSTRUCTED,1,0.0154209594,0.0002378059889,-0.03255900615,-0.027586983,-0.02204971103,,,-0.004308796921,0.0001456846508,True,
2018-10-23,2018-10-22,SPX,QR-Full,QR-Full-expanding-min750-refit10-SigmaHatRECONSTRUCTED,1,0.01631174334,0.0002660729708,-0.03182796327,-0.02778135097,-0.02071160402,,,-0.005527076397,0.0002117940748,True,
2018-10-24,2018-10-23,SPX,QR-Full,QR-Full-expanding-min750-refit10-SigmaHatRECONSTRUCTED,1,0.01075399395,0.0001156483859,-0.0288715291,-0.02450279846,-0.02154274409,,,-0.03135077358,0.0003153735759,True,
2018-10-25,2018-10-24,SPX,QR-Full,QR-Full-expanding-min750-refit10-SigmaHatRECONSTRUCTED,1,0.0195500291,0.000382203638,-0.04086308629,-0.03398981293,-0.02753985393,,,0.01845371772,0.0001762916061,True,
2018-10-26,2018-10-25,SPX,QR-Full,QR-Full-expanding-min750-refit10-SigmaHatRECONSTRUCTED,1,0.01603501358,0.0002571216606,-0.03561111386,-0.0277393606,-0.02468334435,,,-0.01747913803,0.0005137388127,True,
2018-10-29,2018-10-26,SPX,QR-Full,QR-Full-expanding-min750-refit10-SigmaHatRECONSTRUCTED,1,0.01221025375,0.0001490902965,-0.03288592226,-0.03181776575,-0.02456470458,,,-0.006581208142,0.0004663835289,True,
2018-10-30,2018-10-29,SPX,QR-Full,QR-Full-expanding-min750-refit10-SigmaHatRECONSTRUCTED,1,0.008334461365,6.946324625e-05,-0.03242730917,-0.02741267564,-0.02674742169,,,0.01554532304,0.0004132975811,True,
2018-10-31,2018-10-30,SPX,QR-Full,QR-Full-expanding-min750-refit10-SigmaHatRECONSTRUCTED,1,0.02133636716,0.0004552405637,-0.03706210977,-0.02881961904,-0.0225214983,,,0.0107928786,0.0001344535338,True,
2018-11-01,2018-10-31,SPX,QR-Full,QR-Full-expanding-min750-refit10-SigmaHatRECONSTRUCTED,1,0.01990567677,0.0003962359675,-0.03518735954,-0.02665491357,-0.02162175534,,,0.01050249889,0.0001158457306,True,
2018-11-02,2018-11-01,SPX,QR-Full,QR-Full-expanding-min750-refit10-SigmaHatRECONSTRUCTED,1,0.01489313327,0.0002218054185,-0.02948514391,-0.02288727395,-0.01933555926,,,-0.006336720838,0.0002627850352,True,
2018-11-05,2018-11-02,SPX,QR-Full,QR-Full-expanding-min750-refit10-SigmaHatRECONSTRUCTED,1,0.01299816787,0.0001689523681,-0.02922156088,-0.02436798554,-0.02036338425,,,0.005584693696,5.095168242e-05,True,
2018-11-06,2018-11-05,SPX,QR-Full,QR-Full-expanding-min750-refit10-SigmaHatRECONSTRUCTED,1,0.009077566653,8.240221634e-05,-0.02262845613,-0.01869671175,-0.01644214668,,,0.006239787534,5.426683244e-05,True,
2018-11-07,2018-11-06,SPX,QR-Full,QR-Full-expanding-min750-refit10-SigmaHatRECONSTRUCTED,1,0.00955018882,9.12061065e-05,-0.02091378889,-0.01791601102,-0.01440539015,,,0.02098707877,5.278122064e-05,True,
2018-11-08,2018-11-07,SPX,QR-Full,QR-Full-expanding-min750-refit10-SigmaHatRECONSTRUCTED,1,0.003187941785,1.016297283e-05,-0.01338558389,-0.01199052492,-0.0112130199,,,-0.002512069183,7.552338292e-05,True,
2018-11-09,2018-11-08,SPX,QR-Full,QR-Full-expanding-min750-refit10-SigmaHatRECONSTRUCTED,1,0.00431840009,1.864857933e-05,-0.01698452138,-0.01641455837,-0.01404155656,,,-0.009241585787,9.410427345e-05,True,
2018-11-12,2018-11-09,SPX,QR-Full,QR-Full-expanding-min750-refit10-SigmaHatRECONSTRUCTED,1,0.005299033284,2.807975374e-05,-0.01707605265,-0.01508296882,-0.01346479195,,,-0.01989815096,0.0001449316411,True,
2018-11-13,2018-11-12,SPX,QR-Full,QR-Full-expanding-min750-refit10-SigmaHatRECONSTRUCTED,1,0.008194000207,6.714163939e-05,-0.02841664303,-0.02435920002,-0.02283247903,,,-0.001483018799,0.0002659036737,True,
2018-11-14,2018-11-13,SPX,QR-Full,QR-Full-expanding-min750-refit10-SigmaHatRECONSTRUCTED,1,0.01209927259,0.0001463923972,-0.02782078509,-0.02320827282,-0.01957520043,,,-0.007596188997,0.0002087789054,True,
2018-11-15,2018-11-14,SPX,QR-Full,QR-Full-expanding-min750-refit10-SigmaHatRECONSTRUCTED,1,0.008559398119,7.326329615e-05,-0.02769239712,-0.0223626332,-0.02185921655,,,0.01053803273,0.0003058776475,True,
2018-11-16,2018-11-15,SPX,QR-Full,QR-Full-expanding-min750-refit10-SigmaHatRECONSTRUCTED,1,0.01327337433,0.0001761824662,-0.02943739989,-0.02126593401,-0.02039167164,,,0.002220837772,0.000140120895,True,
2018-11-19,2018-11-16,SPX,QR-Full,QR-Full-expanding-min750-refit10-SigmaHatRECONSTRUCTED,1,0.007532259815,5.673493792e-05,-0.02337008908,-0.02101048325,-0.01823689735,,,-0.01678316158,0.0002010810335,True,
2018-11-20,2018-11-19,SPX,QR-Full,QR-Full-expanding-min750-refit10-SigmaHatRECONSTRUCTED,1,0.01741916732,0.0003034273901,-0.03381089107,-0.02649640463,-0.02193982876,,,-0.01831799522,0.0003122396055,True,
2018-11-21,2018-11-20,SPX,QR-Full,QR-Full-expanding-min750-refit10-SigmaHatRECONSTRUCTED,1,0.02262288145,0.0005117947649,-0.03904996628,-0.03099444637,-0.02363260272,,,0.003038669287,6.334792894e-05,True,
2018-11-23,2018-11-21,SPX,QR-Full,QR-Full-expanding-min750-refit10-SigmaHatRECONSTRUCTED,1,0.006845053951,4.685476359e-05,-0.02275490088,-0.02122884675,-0.01809003599,,,-0.006576419693,,True,
2018-11-26,2018-11-23,SPX,QR-Full,QR-Full-expanding-min750-refit10-SigmaHatRECONSTRUCTED,1,,,,,,,,0.01541297563,,False,predictors_unavailable
2018-11-27,2018-11-26,SPX,QR-Full,QR-Full-expanding-min750-refit10-SigmaHatRECONSTRUCTED,1,0.006497752499,4.222078754e-05,-0.02053453817,-0.01938771206,-0.01610635722,,,0.003256384476,0.0001004712407,True,
2018-11-28,2018-11-27,SPX,QR-Full,QR-Full-expanding-min750-refit10-SigmaHatRECONSTRUCTED,1,0.003294213641,1.085184351e-05,-0.01957948101,-0.01956494012,-0.01733449336,,,0.02271405123,0.0001513491677,True,
2018-11-29,2018-11-28,SPX,QR-Full,QR-Full-expanding-min750-refit10-SigmaHatRECONSTRUCTED,1,0.006274270394,3.936646897e-05,-0.02000431934,-0.01593494059,-0.01572844016,,,-0.00218549446,7.683445155e-05,True,
2018-11-30,2018-11-29,SPX,QR-Full,QR-Full-expanding-min750-refit10-SigmaHatRECONSTRUCTED,1,0.00565382478,3.196573464e-05,-0.02198576193,-0.0205478142,-0.01813271287,,,0.008137547699,4.062879675e-05,True,
2018-12-03,2018-11-30,SPX,QR-Full,QR-Full-expanding-min750-refit10-SigmaHatRECONSTRUCTED,1,0.00218269985,4.764178637e-06,-0.01453169423,-0.0142917912,-0.01304419684,,,0.01088200168,9.544511396e-05,True,
2018-12-04,2018-12-03,SPX,QR-Full,QR-Full-expanding-min750-refit10-SigmaHatRECONSTRUCTED,1,0.007458289987,5.562608953e-05,-0.01974559382,-0.01808671933,-0.0146628121,,,-0.03290022862,0.000241901173,True,
2018-12-06,2018-12-04,SPX,QR-Full,QR-Full-expanding-min750-refit10-SigmaHatRECONSTRUCTED,1,0.01390799586,0.0001934323488,-0.03211406047,-0.02301183509,-0.02263584131,,,-0.001523388128,0.0004052063803,True,
2018-12-07,2018-12-06,SPX,QR-Full,QR-Full-expanding-min750-refit10-SigmaHatRECONSTRUCTED,1,0.01863581821,0.0003472937205,-0.03361321881,-0.02173771422,-0.02091301591,,,-0.02359633544,0.0004261124086,True,
2018-12-10,2018-12-07,SPX,QR-Full,QR-Full-expanding-min750-refit10-SigmaHatRECONSTRUCTED,1,0.02894532978,0.0008378321159,-0.04591292399,-0.02927473836,-0.02618684827,,,0.001760603383,0.0005118760326,True,
2018-12-11,2018-12-10,SPX,QR-Full,QR-Full-expanding-min750-refit10-SigmaHatRECONSTRUCTED,1,0.03180816959,0.001011759653,-0.04158272636,-0.02471686783,-0.01990564178,,,-0.0003564099004,0.0002610055678,True,
2018-12-12,2018-12-11,SPX,QR-Full,QR-Full-expanding-min750-refit10-SigmaHatRECONSTRUCTED,1,0.0166018442,0.0002756212308,-0.02990709598,-0.0230751206,-0.01859303466,,,0.005404870987,0.0001415944667,True,
2018-12-13,2018-12-12,SPX,QR-Full,QR-Full-expanding-min750-refit10-SigmaHatRECONSTRUCTED,1,0.01323849997,0.0001752578814,-0.0300277179,-0.02568191587,-0.02100575633,,,-0.0001999502004,0.0001763878107,True,
2018-12-14,2018-12-13,SPX,QR-Full,QR-Full-expanding-min750-refit10-SigmaHatRECONSTRUCTED,1,0.01795548393,0.0003223994033,-0.0336418307,-0.02510476721,-0.0214052717,,,-0.01927121231,0.0001623674044,True,
2018-12-17,2018-12-14,SPX,QR-Full,QR-Full-expanding-min750-refit10-SigmaHatRECONSTRUCTED,1,0.02417791292,0.0005845714729,-0.03745883113,-0.02830536799,-0.02098172257,,,-0.02099228492,0.0002587775729,True,
2018-12-18,2018-12-17,SPX,QR-Full,QR-Full-expanding-min750-refit10-SigmaHatRECONSTRUCTED,1,0.01211129059,0.0001466833599,-0.03320155139,-0.03028716759,-0.02494777652,,,8.63969704e-05,0.0002867817341,True,
2018-12-19,2018-12-18,SPX,QR-Full,QR-Full-expanding-min750-refit10-SigmaHatRECONSTRUCTED,1,0.006795338423,4.617662428e-05,-0.03074001123,-0.02852623636,-0.02610902719,,,-0.01551545911,0.001150706514,True,
2018-12-20,2018-12-19,SPX,QR-Full,QR-Full-expanding-min750-refit10-SigmaHatRECONSTRUCTED,1,0.01254314887,0.0001573305836,-0.03127945731,-0.02830544296,-0.02273137351,,,-0.01589780946,0.0006856454676,True,
2018-12-21,2018-12-20,SPX,QR-Full,QR-Full-expanding-min750-refit10-SigmaHatRECONSTRUCTED,1,0.02396693902,0.000574414166,-0.04672224526,-0.03796445589,-0.0303889142,,,-0.02080312063,0.000567708332,True,
2018-12-24,2018-12-21,SPX,QR-Full,QR-Full-expanding-min750-refit10-SigmaHatRECONSTRUCTED,1,0.0110450362,0.0001219928247,-0.03705355253,-0.03272578888,-0.0295264239,,,-0.02748657265,,True,
2018-12-26,2018-12-24,SPX,QR-Full,QR-Full-expanding-min750-refit10-SigmaHatRECONSTRUCTED,1,,,,,,,,0.04840317745,,False,predictors_unavailable
2018-12-27,2018-12-26,SPX,QR-Full,QR-Full-expanding-min750-refit10-SigmaHatRECONSTRUCTED,1,0.02357831282,0.0005559368357,-0.03642306947,-0.02551158824,-0.02035458493,,,0.008526228988,0.0008090790114,True,
2018-12-28,2018-12-27,SPX,QR-Full,QR-Full-expanding-min750-refit10-SigmaHatRECONSTRUCTED,1,0.005155995411,2.658428868e-05,-0.0321162632,-0.02876104736,-0.02860248199,,,-0.001242353954,0.0003741011192,True,
2018-12-31,2018-12-28,SPX,QR-Full,QR-Full-expanding-min750-refit10-SigmaHatRECONSTRUCTED,1,0.0159011701,0.0002528472107,-0.0399130501,-0.03266137445,-0.02907649416,,,0.008456626094,0.000205578576,True,
2019-01-02,2018-12-31,SPX,QR-Full,QR-Full-expanding-min750-refit10-SigmaHatRECONSTRUCTED,1,0.01081000086,0.0001168561185,-0.03221190709,-0.02870617736,-0.0248449537,,,0.001267692807,0.0002730646157,True,
2019-01-03,2019-01-02,SPX,QR-Full,QR-Full-expanding-min750-refit10-SigmaHatRECONSTRUCTED,1,0.001238215523,1.533177682e-06,-0.02056111909,-0.01998778204,-0.01971728233,,,-0.02506833153,0.0004356622173,True,
2019-01-04,2019-01-03,SPX,QR-Full,QR-Full-expanding-min750-refit10-SigmaHatRECONSTRUCTED,1,0.03003748159,0.0009022503001,-0.04370675776,-0.03221674429,-0.02323638687,,,0.03375939873,0.0002753742769,True,
2019-01-07,2019-01-04,SPX,QR-Full,QR-Full-expanding-min750-refit10-SigmaHatRECONSTRUCTED,1,0.014150136,0.0002002263489,-0.02937144684,-0.02032835506,-0.01972821056,,,0.006985975996,0.0001342818048,True,
2019-01-08,2019-01-07,SPX,QR-Full,QR-Full-expanding-min750-refit10-SigmaHatRECONSTRUCTED,1,0.009654560612,9.321054061e-05,-0.02541914889,-0.01890911432,-0.01883962138,,,0.009648587453,0.0001569270604,True,
2019-01-09,2019-01-08,SPX,QR-Full,QR-Full-expanding-min750-refit10-SigmaHatRECONSTRUCTED,1,0.009950929493,9.902099777e-05,-0.02459905823,-0.0179769816,-0.01781755702,,,0.004089671399,0.0001351224253,True,
2019-01-10,2019-01-09,SPX,QR-Full,QR-Full-expanding-min750-refit10-SigmaHatRECONSTRUCTED,1,0.005303715005,2.812939285e-05,-0.02303478251,-0.0211836724,-0.01942033125,,,0.004508241513,9.790796562e-05,True,
2019-01-11,2019-01-10,SPX,QR-Full,QR-Full-expanding-min750-refit10-SigmaHatRECONSTRUCTED,1,0.0008505954243,7.235125758e-07,-0.01634221129,-0.01580159324,-0.01576253541,,,-0.0001463086167,5.714141753e-05,True,
2019-01-14,2019-01-11,SPX,QR-Full,QR-Full-expanding-min750-refit10-SigmaHatRECONSTRUCTED,1,0.001432820533,2.05297468e-06,-0.0153771033,-0.01485740275,-0.01440064435,,,-0.005271394841,4.867691576e-05,True,
2019-01-15,2019-01-14,SPX,QR-Full,QR-Full-expanding-min750-refit10-SigmaHatRECONSTRUCTED,1,0.00483627083,2.338951554e-05,-0.01921411088,-0.01779886205,-0.01591822013,,,0.01066461911,8.80716968e-05,True,
2019-01-16,2019-01-15,SPX,QR-Full,QR-Full-expanding-min750-refit10-SigmaHatRECONSTRUCTED,1,0.004127936459,1.703985941e-05,-0.01649975955,-0.01468099998,-0.0136865946,,,0.002219520595,4.266032223e-05,True,
2019-01-17,2019-01-16,SPX,QR-Full,QR-Full-expanding-min750-refit10-SigmaHatRECONSTRUCTED,1,0.005184616872,2.688025211e-05,-0.01749499273,-0.01593563102,-0.01396170616,,,0.007562730599,9.51853191e-05,True,
2019-01-18,2019-01-17,SPX,QR-Full,QR-Full-expanding-min750-refit10-SigmaHatRECONSTRUCTED,1,0.002224496379,4.948384138e-06,-0.01768604641,-0.01664358418,-0.01617006493,,,0.01309691284,6.897574707e-05,True,
2019-01-22,2019-01-18,SPX,QR-Full,QR-Full-expanding-min750-refit10-SigmaHatRECONSTRUCTED,1,0.005151846801,2.654152546e-05,-0.01792847698,-0.01575934984,-0.01441752302,,,-0.01425847698,0.0001447757785,True,
2019-01-23,2019-01-22,SPX,QR-Full,QR-Full-expanding-min750-refit10-SigmaHatRECONSTRUCTED,1,0.008836868301,7.809024136e-05,-0.02401231082,-0.02184157239,-0.01799003591,,,0.002200489985,0.0001076474708,True,
2019-01-24,2019-01-23,SPX,QR-Full,QR-Full-expanding-min750-refit10-SigmaHatRECONSTRUCTED,1,0.004276557709,1.828894584e-05,-0.02166887646,-0.01877014595,-0.01875442698,,,0.001374780129,5.461245729e-05,True,
2019-01-25,2019-01-24,SPX,QR-Full,QR-Full-expanding-min750-refit10-SigmaHatRECONSTRUCTED,1,0.005379659863,2.894074024e-05,-0.02027769162,-0.01802783007,-0.01661148437,,,0.008452867836,3.877537816e-05,True,
2019-01-28,2019-01-25,SPX,QR-Full,QR-Full-expanding-min750-refit10-SigmaHatRECONSTRUCTED,1,0.01095347363,0.0001199785845,-0.02304086136,-0.0175072315,-0.0155761321,,,-0.007877775807,8.307906116e-05,True,
2019-01-29,2019-01-28,SPX,QR-Full,QR-Full-expanding-min750-refit10-SigmaHatRECONSTRUCTED,1,0.01403998052,0.0001971210529,-0.02720581017,-0.02302101196,-0.01763764422,,,-0.001457308065,6.03050213e-05,True,
2019-01-30,2019-01-29,SPX,QR-Full,QR-Full-expanding-min750-refit10-SigmaHatRECONSTRUCTED,1,0.005778894594,3.339562272e-05,-0.01944160747,-0.01768213995,-0.01550332405,,,0.01542960996,0.0001287297189,True,
2019-01-31,2019-01-30,SPX,QR-Full,QR-Full-expanding-min750-refit10-SigmaHatRECONSTRUCTED,1,0.004365857256,1.906070958e-05,-0.01942169599,-0.01730648881,-0.01644638939,,,0.008560648873,6.447830277e-05,True,
2019-02-01,2019-01-31,SPX,QR-Full,QR-Full-expanding-min750-refit10-SigmaHatRECONSTRUCTED,1,0.002523916769,6.370155854e-06,-0.01672928064,-0.01579979911,-0.01500924588,,,0.000898206348,6.64948854e-05,True,
2019-02-04,2019-02-01,SPX,QR-Full,QR-Full-expanding-min750-refit10-SigmaHatRECONSTRUCTED,1,0.008670246796,7.517317951e-05,-0.02258812745,-0.01817063755,-0.01667940414,,,0.006753381158,4.200907337e-05,True,
2019-02-05,2019-02-04,SPX,QR-Full,QR-Full-expanding-min750-refit10-SigmaHatRECONSTRUCTED,1,0.0075995823,5.775365113e-05,-0.01755159016,-0.0146978428,-0.01237251854,,,0.004697370443,2.832400069e-05,True,
2019-02-06,2019-02-05,SPX,QR-Full,QR-Full-expanding-min750-refit10-SigmaHatRECONSTRUCTED,1,0.008609971251,7.413160495e-05,-0.01717183158,-0.01208555926,-0.0113041857,,,-0.002226915809,3.200707246e-05,True,
2019-02-07,2019-02-06,SPX,QR-Full,QR-Full-expanding-min750-refit10-SigmaHatRECONSTRUCTED,1,0.007213221274,5.203056115e-05,-0.01718133457,-0.01412397227,-0.01226556577,,,-0.009401192984,0.000105015617,True,
2019-02-08,2019-02-07,SPX,QR-Full,QR-Full-expanding-min750-refit10-SigmaHatRECONSTRUCTED,1,0.006336973415,4.015723207e-05,-0.0211657366,-0.02113497967,-0.01684712568,,,0.0006759725717,5.35567084e-05,True,
2019-02-11,2019-02-08,SPX,QR-Full,QR-Full-expanding-min750-refit10-SigmaHatRECONSTRUCTED,1,0.002747554736,7.549057029e-06,-0.01559879421,-0.0153865216,-0.01372635146,,,0.000708851798,3.840467354e-05,True,
2019-02-12,2019-02-11,SPX,QR-Full,QR-Full-expanding-min750-refit10-SigmaHatRECONSTRUCTED,1,0.01123513041,0.0001262281554,-0.02194738428,-0.01573114733,-0.01429070753,,,0.01280785267,2.669531132e-05,True,
2019-02-13,2019-02-12,SPX,QR-Full,QR-Full-expanding-min750-refit10-SigmaHatRECONSTRUCTED,1,0.009411605969,8.857832691e-05,-0.01888426616,-0.01435239839,-0.01247031084,,,0.003019431657,2.415208221e-05,True,
2019-02-14,2019-02-13,SPX,QR-Full,QR-Full-expanding-min750-refit10-SigmaHatRECONSTRUCTED,1,0.009272320273,8.597592324e-05,-0.01866597802,-0.01405919352,-0.0123469451,,,-0.002655163447,6.224859407e-05,True,
2019-02-15,2019-02-14,SPX,QR-Full,QR-Full-expanding-min750-refit10-SigmaHatRECONSTRUCTED,1,0.004931324702,2.431796331e-05,-0.0174373046,-0.01640187959,-0.01407663519,,,0.01082000496,3.313906849e-05,True,
2019-02-19,2019-02-15,SPX,QR-Full,QR-Full-expanding-min750-refit10-SigmaHatRECONSTRUCTED,1,0.007995185988,6.392299898e-05,-0.01829099013,-0.01459349499,-0.01284231687,,,0.001497621287,2.085899917e-05,True,
2019-02-20,2019-02-19,SPX,QR-Full,QR-Full-expanding-min750-refit10-SigmaHatRECONSTRUCTED,1,0.001760889868,3.100733127e-06,-0.01199476872,-0.01194309589,-0.0107947324,,,0.001775533415,4.112182032e-05,True,
2019-02-21,2019-02-20,SPX,QR-Full,QR-Full-expanding-min750-refit10-SigmaHatRECONSTRUCTED,1,0.005109979763,2.611189318e-05,-0.01494784263,-0.01353400488,-0.01146542082,,,-0.003532669197,3.710789562e-05,True,
2019-02-22,2019-02-21,SPX,QR-Full,QR-Full-expanding-min750-refit10-SigmaHatRECONSTRUCTED,1,0.01063362327,0.0001130739439,-0.01962883099,-0.01535210822,-0.0123820779,,,0.006390638672,2.384076601e-05,True,
2019-02-25,2019-02-22,SPX,QR-Full,QR-Full-expanding-min750-refit10-SigmaHatRECONSTRUCTED,1,0.002757071223,7.60144173e-06,-0.01103978618,-0.01101843595,-0.009160858003,,,0.001231104254,2.197605744e-05,True,
2019-02-26,2019-02-25,SPX,QR-Full,QR-Full-expanding-min750-refit10-SigmaHatRECONSTRUCTED,1,0.008335076852,6.947350612e-05,-0.01775821785,-0.01271768935,-0.01207791092,,,-0.000790769645,4.043282427e-05,True,
2019-02-27,2019-02-26,SPX,QR-Full,QR-Full-expanding-min750-refit10-SigmaHatRECONSTRUCTED,1,0.00585286291,3.425600425e-05,-0.01842800605,-0.01644668499,-0.01443931365,,,-0.0005441972461,3.610282037e-05,True,
2019-02-28,2019-02-27,SPX,QR-Full,QR-Full-expanding-min750-refit10-SigmaHatRECONSTRUCTED,1,0.009370269628,8.78019529e-05,-0.0182987051,-0.01597340846,-0.01191292025,,,-0.00282950775,2.41266054e-05,True,
2019-03-01,2019-02-28,SPX,QR-Full,QR-Full-expanding-min750-refit10-SigmaHatRECONSTRUCTED,1,0.01194769872,0.0001427475047,-0.02088789851,-0.01558385214,-0.01274561057,,,0.006871656528,2.953285027e-05,True,
2019-03-04,2019-03-01,SPX,QR-Full,QR-Full-expanding-min750-refit10-SigmaHatRECONSTRUCTED,1,0.01024987185,0.0001050598729,-0.01927312288,-0.01376816573,-0.01228789418,,,-0.003888107105,9.846926947e-05,True,
2019-03-05,2019-03-04,SPX,QR-Full,QR-Full-expanding-min750-refit10-SigmaHatRECONSTRUCTED,1,0.007879866684,6.209229896e-05,-0.02202704089,-0.01813951886,-0.01665695708,,,-0.001132173758,3.823532857e-05,True,
2019-03-06,2019-03-05,SPX,QR-Full,QR-Full-expanding-min750-refit10-SigmaHatRECONSTRUCTED,1,0.01149916449,0.000132230784,-0.02108968024,-0.01633810684,-0.0132530658,,,-0.006545473543,4.347845457e-05,True,
2019-03-07,2019-03-06,SPX,QR-Full,QR-Full-expanding-min750-refit10-SigmaHatRECONSTRUCTED,1,0.01318865218,0.0001739405463,-0.02429968688,-0.01944662152,-0.01531169629,,,-0.008158910946,8.372119778e-05,True,
2019-03-08,2019-03-07,SPX,QR-Full,QR-Full-expanding-min750-refit10-SigmaHatRECONSTRUCTED,1,0.01721881305,0.000296487523,-0.02822615078,-0.02196076613,-0.01649162875,,,-0.002133964393,7.883884794e-05,True,
2019-03-11,2019-03-08,SPX,QR-Full,QR-Full-expanding-min750-refit10-SigmaHatRECONSTRUCTED,1,0.01074470677,0.0001154487237,-0.02540937046,-0.02279885079,-0.01808691461,,,0.01455953576,2.099195438e-05,True,
2019-03-12,2019-03-11,SPX,QR-Full,QR-Full-expanding-min750-refit10-SigmaHatRECONSTRUCTED,1,0.008763789993,7.680401503e-05,-0.01749013155,-0.01408364806,-0.01151765908,,,0.002948965834,3.501044725e-05,True,
2019-03-13,2019-03-12,SPX,QR-Full,QR-Full-expanding-min750-refit10-SigmaHatRECONSTRUCTED,1,0.0110445557,0.0001219822107,-0.02001681414,-0.01487166071,-0.01249001297,,,0.006925546634,2.855923349e-05,True,
2019-03-14,2019-03-13,SPX,QR-Full,QR-Full-expanding-min750-refit10-SigmaHatRECONSTRUCTED,1,0.009537942084,9.09723392e-05,-0.01732363308,-0.01361334521,-0.01082358042,,,-0.000868399543,2.294518708e-05,True,
2019-03-15,2019-03-14,SPX,QR-Full,QR-Full-expanding-min750-refit10-SigmaHatRECONSTRUCTED,1,0.01204107184,0.000144987411,-0.01905763241,-0.0136554944,-0.01085171123,,,0.004972519409,3.138349135e-05,True,
2019-03-18,2019-03-15,SPX,QR-Full,QR-Full-expanding-min750-refit10-SigmaHatRECONSTRUCTED,1,0.003250066829,1.056293439e-05,-0.01228694943,-0.01208406818,-0.01007204758,,,0.003699096822,2.517825754e-05,True,
2019-03-19,2019-03-18,SPX,QR-Full,QR-Full-expanding-min750-refit10-SigmaHatRECONSTRUCTED,1,0.008687159311,7.546673689e-05,-0.01715855832,-0.01333180707,-0.01123830923,,,-0.0001305700634,8.425240137e-05,True,
2019-03-20,2019-03-19,SPX,QR-Full,QR-Full-expanding-min750-refit10-SigmaHatRECONSTRUCTED,1,0.007484561361,5.601865876e-05,-0.01848508864,-0.01630554698,-0.01338440313,,,-0.00294869678,9.765514042e-05,True,
2019-03-21,2019-03-20,SPX,QR-Full,QR-Full-expanding-min750-refit10-SigmaHatRECONSTRUCTED,1,0.005275955528,2.783570673e-05,-0.01606387739,-0.0159214724,-0.01246834405,,,0.01079401573,4.754634955e-05,True,
2019-03-22,2019-03-21,SPX,QR-Full,QR-Full-expanding-min750-refit10-SigmaHatRECONSTRUCTED,1,0.008261949788,6.825981431e-05,-0.01754512009,-0.01437854031,-0.01191464884,,,-0.01915682718,0.0001484735421,True,
2019-03-25,2019-03-22,SPX,QR-Full,QR-Full-expanding-min750-refit10-SigmaHatRECONSTRUCTED,1,0.01841946666,0.000339276752,-0.03126996094,-0.02563998623,-0.01871720038,,,-0.0008393730064,0.0001289872668,True,
2019-03-26,2019-03-25,SPX,QR-Full,QR-Full-expanding-min750-refit10-SigmaHatRECONSTRUCTED,1,0.01666079573,0.0002775821143,-0.03043717322,-0.02341004191,-0.01908293678,,,0.007157053121,6.364298e-05,True,
2019-03-27,2019-03-26,SPX,QR-Full,QR-Full-expanding-min750-refit10-SigmaHatRECONSTRUCTED,1,0.01773541881,0.0003145450802,-0.02611327967,-0.01696577106,-0.01402669379,,,-0.004655143366,8.862064493e-05,True,
2019-03-28,2019-03-27,SPX,QR-Full,QR-Full-expanding-min750-refit10-SigmaHatRECONSTRUCTED,1,0.01391809934,0.0001937134893,-0.02553874587,-0.01917724577,-0.01605364124,,,0.003583054638,4.414467117e-05,True,
2019-03-29,2019-03-28,SPX,QR-Full,QR-Full-expanding-min750-refit10-SigmaHatRECONSTRUCTED,1,0.01794206233,0.0003219176008,-0.02635255205,-0.01681190259,-0.01412513979,,,0.006711706066,3.914645953e-05,True,
2019-04-01,2019-03-29,SPX,QR-Full,QR-Full-expanding-min750-refit10-SigmaHatRECONSTRUCTED,1,0.01712534145,0.0002932773199,-0.02556076325,-0.01597209543,-0.01388994157,,,0.0115021955,2.229077177e-05,True,
2019-04-02,2019-04-01,SPX,QR-Full,QR-Full-expanding-min750-refit10-SigmaHatRECONSTRUCTED,1,0.009219767351,8.500411001e-05,-0.01860231309,-0.0139662817,-0.01231909468,,,1.745561481e-05,1.916561932e-05,True,
2019-04-03,2019-04-02,SPX,QR-Full,QR-Full-expanding-min750-refit10-SigmaHatRECONSTRUCTED,1,0.008505952834,7.235123361e-05,-0.01378585872,-0.008976889761,-0.007989100794,,,0.002146072382,2.834765505e-05,True,
2019-04-04,2019-04-03,SPX,QR-Full,QR-Full-expanding-min750-refit10-SigmaHatRECONSTRUCTED,1,0.00774392489,5.99683727e-05,-0.01771595459,-0.01294619508,-0.01243851433,,,0.002082465509,3.074541819e-05,True,
2019-04-05,2019-04-04,SPX,QR-Full,QR-Full-expanding-min750-refit10-SigmaHatRECONSTRUCTED,1,0.008903223289,7.926738492e-05,-0.0171687637,-0.01253367931,-0.01110126825,,,0.004625717396,1.574709735e-05,True,
2019-04-08,2019-04-05,SPX,QR-Full,QR-Full-expanding-min750-refit10-SigmaHatRECONSTRUCTED,1,0.007821446314,6.117502244e-05,-0.01320002899,-0.008738393098,-0.007869758326,,,0.001046911993,1.334913814e-05,True,
2019-04-09,2019-04-08,SPX,QR-Full,QR-Full-expanding-min750-refit10-SigmaHatRECONSTRUCTED,1,0.003006677085,9.040107094e-06,-0.01046113272,-0.01006277425,-0.008412099585,,,-0.006085976657,2.428674555e-05,True,
2019-04-10,2019-04-09,SPX,QR-Full,QR-Full-expanding-min750-refit10-SigmaHatRECONSTRUCTED,1,0.01063344738,0.0001130702033,-0.01822528197,-0.01426227155,-0.01097864875,,,0.003471837836,1.422599269e-05,True,
2019-04-11,2019-04-10,SPX,QR-Full,QR-Full-expanding-min750-refit10-SigmaHatRECONSTRUCTED,1,0.00447569378,2.003183481e-05,-0.009426932343,-0.008289659983,-0.006376772781,,,3.812219428e-05,2.139289454e-05,True,
2019-04-12,2019-04-11,SPX,QR-Full,QR-Full-expanding-min750-refit10-SigmaHatRECONSTRUCTED,1,0.007386942866,5.45669249e-05,-0.01347384753,-0.009991149074,-0.00843968846,,,0.006587578476,1.7713597e-05,True,
2019-04-15,2019-04-12,SPX,QR-Full,QR-Full-expanding-min750-refit10-SigmaHatRECONSTRUCTED,1,0.006655587403,4.429684367e-05,-0.01208149871,-0.008691066223,-0.007545754182,,,-0.0006295672498,1.048055143e-05,True,
2019-04-16,2019-04-15,SPX,QR-Full,QR-Full-expanding-min750-refit10-SigmaHatRECONSTRUCTED,1,0.001646969442,2.712508343e-06,-0.007848483045,-0.007279022389,-0.006726082845,,,0.0005092285079,1.815491881e-05,True,
2019-04-17,2019-04-16,SPX,QR-Full,QR-Full-expanding-min750-refit10-SigmaHatRECONSTRUCTED,1,0.005044794698,2.544995355e-05,-0.009855966022,-0.007829665072,-0.006417967458,,,-0.00227640102,2.879053333e-05,True,
2019-04-18,2019-04-17,SPX,QR-Full,QR-Full-expanding-min750-refit10-SigmaHatRECONSTRUCTED,1,0.005161648045,2.664261054e-05,-0.01508906764,-0.01280983685,-0.0115714342,,,0.001577846781,1.998693533e-05,True,
2019-04-22,2019-04-18,SPX,QR-Full,QR-Full-expanding-min750-refit10-SigmaHatRECONSTRUCTED,1,0.003817474375,1.457311061e-05,-0.01014338869,-0.00960254525,-0.007541801866,,,0.001011506021,1.198129225e-05,True,
2019-04-23,2019-04-22,SPX,QR-Full,QR-Full-expanding-min750-refit10-SigmaHatRECONSTRUCTED,1,0.003808226682,1.450259046e-05,-0.01056469154,-0.008892551573,-0.007969406963,,,0.008802351195,2.344966131e-05,True,
2019-04-24,2019-04-23,SPX,QR-Full,QR-Full-expanding-min750-refit10-SigmaHatRECONSTRUCTED,1,0.005240131758,2.745898084e-05,-0.01206234156,-0.0112076255,-0.008491221912,,,-0.002194168726,1.636327242e-05,True,
2019-04-25,2019-04-24,SPX,QR-Full,QR-Full-expanding-min750-refit10-SigmaHatRECONSTRUCTED,1,0.006821790527,4.653682599e-05,-0.01299209387,-0.01161654483,-0.008343082876,,,-0.0003690416976,3.862661161e-05,True,
2019-04-26,2019-04-25,SPX,QR-Full,QR-Full-expanding-min750-refit10-SigmaHatRECONSTRUCTED,1,0.01127854574,0.000127205594,-0.01987610248,-0.01554152348,-0.01218983845,,,0.004674350344,2.812009202e-05,True,
2019-04-29,2019-04-26,SPX,QR-Full,QR-Full-expanding-min750-refit10-SigmaHatRECONSTRUCTED,1,0.006598112164,4.353508413e-05,-0.01326250711,-0.01177243868,-0.00876593163,,,0.00107094834,8.245512054e-06,True,
2019-04-30,2019-04-29,SPX,QR-Full,QR-Full-expanding-min750-refit10-SigmaHatRECONSTRUCTED,1,0.01067620025,0.0001139812518,-0.01654129343,-0.01098895484,-0.009265524382,,,0.0009509647572,2.64524346e-05,True,
2019-05-01,2019-04-30,SPX,QR-Full,QR-Full-expanding-min750-refit10-SigmaHatRECONSTRUCTED,1,0.006523579613,4.255709096e-05,-0.01528622624,-0.01400527627,-0.01084044426,,,-0.007530445968,5.884902972e-05,True,
2019-05-02,2019-05-01,SPX,QR-Full,QR-Full-expanding-min750-refit10-SigmaHatRECONSTRUCTED,1,0.01398230149,0.000195504755,-0.02520349774,-0.02133135409,-0.01567463971,,,-0.002126244328,7.543297703e-05,True,
2019-05-03,2019-05-02,SPX,QR-Full,QR-Full-expanding-min750-refit10-SigmaHatRECONSTRUCTED,1,0.01743867962,0.0003041075467,-0.02867541033,-0.02050980506,-0.01679105049,,,0.009592127461,1.63903209e-05,True,
2019-05-06,2019-05-03,SPX,QR-Full,QR-Full-expanding-min750-refit10-SigmaHatRECONSTRUCTED,1,0.009828960389,9.660846233e-05,-0.01630939195,-0.01277919835,-0.009611011987,,,-0.004481013231,4.486630377e-05,True,
2019-05-07,2019-05-06,SPX,QR-Full,QR-Full-expanding-min750-refit10-SigmaHatRECONSTRUCTED,1,0.0129787803,0.000168448738,-0.02480374969,-0.02117333063,-0.01595878558,,,-0.01664948813,0.0001730294347,True,
2019-05-08,2019-05-07,SPX,QR-Full,QR-Full-expanding-min750-refit10-SigmaHatRECONSTRUCTED,1,0.01963949133,0.0003857096197,-0.03490854115,-0.03138735688,-0.02152434079,,,-0.001606715406,7.469780639e-05,True,
2019-05-09,2019-05-08,SPX,QR-Full,QR-Full-expanding-min750-refit10-SigmaHatRECONSTRUCTED,1,0.02039564707,0.0004159824195,-0.03448411181,-0.02655400298,-0.02058459566,,,-0.003025998602,0.0001644268104,True,
2019-05-10,2019-05-09,SPX,QR-Full,QR-Full-expanding-min750-refit10-SigmaHatRECONSTRUCTED,1,0.01612681387,0.0002600741256,-0.03342602604,-0.0286906882,-0.02243569516,,,0.003713393847,0.0001854538242,True,
2019-05-13,2019-05-10,SPX,QR-Full,QR-Full-expanding-min750-refit10-SigmaHatRECONSTRUCTED,1,0.01617719985,0.0002617017949,-0.03184709659,-0.02490287791,-0.02082242796,,,-0.02442646909,0.0001544266511,True,
2019-05-14,2019-05-13,SPX,QR-Full,QR-Full-expanding-min750-refit10-SigmaHatRECONSTRUCTED,1,0.02815653483,0.0007927904536,-0.04321670915,-0.03552419014,-0.02402819265,,,0.007983987551,8.297013138e-05,True,
2019-05-15,2019-05-14,SPX,QR-Full,QR-Full-expanding-min750-refit10-SigmaHatRECONSTRUCTED,1,0.02241976965,0.000502646071,-0.03372046281,-0.02303249275,-0.01844151878,,,0.005821994388,9.319364523e-05,True,
2019-05-16,2019-05-15,SPX,QR-Full,QR-Full-expanding-min750-refit10-SigmaHatRECONSTRUCTED,1,0.01063348884,0.0001130710848,-0.02445303888,-0.02260461513,-0.01720637741,,,0.00885595697,4.356225567e-05,True,
2019-05-17,2019-05-16,SPX,QR-Full,QR-Full-expanding-min750-refit10-SigmaHatRECONSTRUCTED,1,0.01744914533,0.0003044726728,-0.02801945547,-0.01884013485,-0.01612796331,,,-0.005854437153,9.143354765e-05,True,
2019-05-20,2019-05-17,SPX,QR-Full,QR-Full-expanding-min750-refit10-SigmaHatRECONSTRUCTED,1,0.01869531926,0.0003495149623,-0.02966381208,-0.02166745012,-0.01692305955,,,-0.006772258037,7.152676981e-05,True,
2019-05-21,2019-05-20,SPX,QR-Full,QR-Full-expanding-min750-refit10-SigmaHatRECONSTRUCTED,1,0.01975659084,0.0003903228816,-0.03039817401,-0.0219185526,-0.01693417101,,,0.008459949111,2.44110917e-05,True,
2019-05-22,2019-05-21,SPX,QR-Full,QR-Full-expanding-min750-refit10-SigmaHatRECONSTRUCTED,1,0.0149178608,0.0002225425707,-0.02154607512,-0.01302768776,-0.01137963881,,,-0.002828392053,3.390646677e-05,True,
2019-05-23,2019-05-22,SPX,QR-Full,QR-Full-expanding-min750-refit10-SigmaHatRECONSTRUCTED,1,0.009031301255,8.156440235e-05,-0.01762758146,-0.01487768996,-0.01147280161,,,-0.01198569249,7.344396119e-05,True,
2019-05-24,2019-05-23,SPX,QR-Full,QR-Full-expanding-min750-refit10-SigmaHatRECONSTRUCTED,1,0.00886483628,7.858532227e-05,-0.02324261637,-0.02192524631,-0.01720128144,,,0.001352643999,3.308660449e-05,True,
2019-05-28,2019-05-24,SPX,QR-Full,QR-Full-expanding-min750-refit10-SigmaHatRECONSTRUCTED,1,0.009171690539,8.411990735e-05,-0.0217821121,-0.01664503011,-0.01553165776,,,-0.008410949993,4.640109958e-05,True,
2019-05-29,2019-05-28,SPX,QR-Full,QR-Full-expanding-min750-refit10-SigmaHatRECONSTRUCTED,1,0.008886127015,7.896325332e-05,-0.02157512129,-0.01733070684,-0.01551927685,,,-0.006935910149,0.0001199318971,True,
2019-05-30,2019-05-29,SPX,QR-Full,QR-Full-expanding-min750-refit10-SigmaHatRECONSTRUCTED,1,0.01272144172,0.0001618350794,-0.02526522131,-0.02145821219,-0.01659563197,,,0.002096272355,5.795635454e-05,True,
2019-05-31,2019-05-30,SPX,QR-Full,QR-Full-expanding-min750-refit10-SigmaHatRECONSTRUCTED,1,0.01032030472,0.0001065086895,-0.02356692958,-0.01801774028,-0.01653370129,,,-0.01328320495,5.02227799e-05,True,
2019-06-03,2019-05-31,SPX,QR-Full,QR-Full-expanding-min750-refit10-SigmaHatRECONSTRUCTED,1,0.008055413574,6.488968786e-05,-0.02289351615,-0.0225732917,-0.01740379814,,,-0.002769070865,0.0001490640852,True,
2019-06-04,2019-06-03,SPX,QR-Full,QR-Full-expanding-min750-refit10-SigmaHatRECONSTRUCTED,1,0.00634071883,4.020471529e-05,-0.02321778375,-0.02286850122,-0.01889662034,,,0.02120592731,5.722113697e-05,True,
2019-06-05,2019-06-04,SPX,QR-Full,QR-Full-expanding-min750-refit10-SigmaHatRECONSTRUCTED,1,0.01506945701,0.0002270885345,-0.02618903431,-0.01615517474,-0.01591928605,,,0.00812872669,5.973467984e-05,True,
2019-06-06,2019-06-05,SPX,QR-Full,QR-Full-expanding-min750-refit10-SigmaHatRECONSTRUCTED,1,0.01018209356,0.0001036750293,-0.0218515885,-0.01690841154,-0.01491255032,,,0.006116840715,5.948864156e-05,True,
2019-06-07,2019-06-06,SPX,QR-Full,QR-Full-expanding-min750-refit10-SigmaHatRECONSTRUCTED,1,0.006245228219,3.90028755e-05,-0.01939991153,-0.01767473474,-0.01514382443,,,0.01044297937,5.631098219e-05,True,
2019-06-10,2019-06-07,SPX,QR-Full,QR-Full-expanding-min750-refit10-SigmaHatRECONSTRUCTED,1,0.00429909019,1.848217646e-05,-0.01767939055,-0.0168934892,-0.01474958532,,,0.004649219874,4.007764546e-05,True,
2019-06-11,2019-06-10,SPX,QR-Full,QR-Full-expanding-min750-refit10-SigmaHatRECONSTRUCTED,1,0.01335518763,0.0001783610365,-0.02240729981,-0.01468363401,-0.01330581627,,,-0.0003499411927,5.193178543e-05,True,
2019-06-12,2019-06-11,SPX,QR-Full,QR-Full-expanding-min750-refit10-SigmaHatRECONSTRUCTED,1,0.009529570215,9.081270848e-05,-0.02120652447,-0.01539477583,-0.01471217719,,,-0.002039657892,2.883474661e-05,True,
2019-06-13,2019-06-12,SPX,QR-Full,QR-Full-expanding-min750-refit10-SigmaHatRECONSTRUCTED,1,0.006203870444,3.848800849e-05,-0.01693934525,-0.01642373134,-0.01271144324,,,0.004089010611,4.166211268e-05,True,
2019-06-14,2019-06-13,SPX,QR-Full,QR-Full-expanding-min750-refit10-SigmaHatRECONSTRUCTED,1,0.00842866286,7.104235761e-05,-0.01871352689,-0.01521685364,-0.01296944164,,,-0.001612812094,3.116362456e-05,True,
2019-06-17,2019-06-14,SPX,QR-Full,QR-Full-expanding-min750-refit10-SigmaHatRECONSTRUCTED,1,0.009217465447,8.496166927e-05,-0.01852128922,-0.01497766954,-0.01223963954,,,0.000931315638,1.298908909e-05,True,
2019-06-18,2019-06-17,SPX,QR-Full,QR-Full-expanding-min750-refit10-SigmaHatRECONSTRUCTED,1,0.006006274259,3.607533048e-05,-0.01435229947,-0.01088629202,-0.01025905811,,,0.00967048955,5.096982799e-05,True,
2019-06-19,2019-06-18,SPX,QR-Full,QR-Full-expanding-min750-refit10-SigmaHatRECONSTRUCTED,1,0.006428664463,4.132772678e-05,-0.01542978179,-0.01221465868,-0.01104868394,,,0.002980716814,5.630996381e-05,True,
2019-06-20,2019-06-19,SPX,QR-Full,QR-Full-expanding-min750-refit10-SigmaHatRECONSTRUCTED,1,0.007367452238,5.427935248e-05,-0.01866034981,-0.01571703094,-0.01363947349,,,0.009427605436,4.336571838e-05,True,
2019-06-21,2019-06-20,SPX,QR-Full,QR-Full-expanding-min750-refit10-SigmaHatRECONSTRUCTED,1,0.009198090708,8.460487268e-05,-0.02064646715,-0.01535665587,-0.01437802125,,,-0.00126001638,2.674980348e-05,True,
2019-06-24,2019-06-21,SPX,QR-Full,QR-Full-expanding-min750-refit10-SigmaHatRECONSTRUCTED,1,0.008450849576,7.141685856e-05,-0.02096703128,-0.0178883648,-0.01520782591,,,-0.001733388365,1.254949627e-05,True,
2019-06-25,2019-06-24,SPX,QR-Full,QR-Full-expanding-min750-refit10-SigmaHatRECONSTRUCTED,1,0.006821644701,4.653483643e-05,-0.01462983218,-0.01109606023,-0.009980920559,,,-0.009541775693,4.808699515e-05,True,
2019-06-26,2019-06-25,SPX,QR-Full,QR-Full-expanding-min750-refit10-SigmaHatRECONSTRUCTED,1,0.009323445128,8.692662906e-05,-0.02029847259,-0.01751315472,-0.01394459837,,,-0.001234695845,3.31893811e-05,True,
2019-06-27,2019-06-26,SPX,QR-Full,QR-Full-expanding-min750-refit10-SigmaHatRECONSTRUCTED,1,0.01213431813,0.0001472416765,-0.02284975724,-0.01655450356,-0.01458028924,,,0.003815885937,1.799691845e-05,True,
2019-06-28,2019-06-27,SPX,QR-Full,QR-Full-expanding-min750-refit10-SigmaHatRECONSTRUCTED,1,0.006204820727,3.849980025e-05,-0.01447068152,-0.01181809008,-0.01024213189,,,0.005740941878,1.637270506e-05,True,
2019-07-01,2019-06-28,SPX,QR-Full,QR-Full-expanding-min750-refit10-SigmaHatRECONSTRUCTED,1,0.0048015313,2.305470283e-05,-0.01331617657,-0.0121667878,-0.01004396061,,,0.007643018489,3.865015254e-05,True,
2019-07-02,2019-07-01,SPX,QR-Full,QR-Full-expanding-min750-refit10-SigmaHatRECONSTRUCTED,1,0.008925384453,7.966248763e-05,-0.01909064043,-0.01478342474,-0.01300804227,,,0.002923847398,3.594924801e-05,True,
2019-07-03,2019-07-02,SPX,QR-Full,QR-Full-expanding-min750-refit10-SigmaHatRECONSTRUCTED,1,0.002544468805,6.474321502e-06,-0.009025317202,-0.008635434817,-0.007291276349,,,0.007643095462,,True,
2019-07-05,2019-07-03,SPX,QR-Full,QR-Full-expanding-min750-refit10-SigmaHatRECONSTRUCTED,1,,,,,,,,-0.001807534121,,False,predictors_unavailable
2019-07-08,2019-07-05,SPX,QR-Full,QR-Full-expanding-min750-refit10-SigmaHatRECONSTRUCTED,1,0.01066815962,0.0001138096297,-0.02043031601,-0.01661054129,-0.0131600266,,,-0.004847173031,1.999906747e-05,True,
2019-07-09,2019-07-08,SPX,QR-Full,QR-Full-expanding-min750-refit10-SigmaHatRECONSTRUCTED,1,0.01321092223,0.0001745284662,-0.01936379241,-0.01337260952,-0.01036062491,,,0.001235793179,1.454634122e-05,True,
2019-07-10,2019-07-09,SPX,QR-Full,QR-Full-expanding-min750-refit10-SigmaHatRECONSTRUCTED,1,0.00598016725,3.576240033e-05,-0.01482531656,-0.01307959276,-0.01074986699,,,0.004500546753,2.935156087e-05,True,
2019-07-11,2019-07-10,SPX,QR-Full,QR-Full-expanding-min750-refit10-SigmaHatRECONSTRUCTED,1,0.00964635502,9.305216517e-05,-0.0187853214,-0.01534468947,-0.01221138595,,,0.002282619663,1.711326339e-05,True,
2019-07-12,2019-07-11,SPX,QR-Full,QR-Full-expanding-min750-refit10-SigmaHatRECONSTRUCTED,1,0.009506217016,9.036816196e-05,-0.01618684568,-0.01325897232,-0.009708413471,,,0.004609534494,7.338824642e-06,True,
2019-07-15,2019-07-12,SPX,QR-Full,QR-Full-expanding-min750-refit10-SigmaHatRECONSTRUCTED,1,0.003743324698,1.401247979e-05,-0.00872607605,-0.008144443207,-0.006175021803,,,0.0001758536299,7.853990004e-06,True,
2019-07-16,2019-07-15,SPX,QR-Full,QR-Full-expanding-min750-refit10-SigmaHatRECONSTRUCTED,1,0.005040648033,2.54081326e-05,-0.0100585996,-0.008365586095,-0.006623426962,,,-0.003409584633,1.84544456e-05,True,
2019-07-17,2019-07-16,SPX,QR-Full,QR-Full-expanding-min750-refit10-SigmaHatRECONSTRUCTED,1,0.01092618761,0.0001193815757,-0.01738896389,-0.01239359607,-0.009942829894,,,-0.006552665403,2.742827123e-05,True,
2019-07-18,2019-07-17,SPX,QR-Full,QR-Full-expanding-min750-refit10-SigmaHatRECONSTRUCTED,1,0.007368372719,5.429291653e-05,-0.01691776826,-0.0153074291,-0.01189626464,,,0.003575597526,2.529945141e-05,True,
2019-07-19,2019-07-18,SPX,QR-Full,QR-Full-expanding-min750-refit10-SigmaHatRECONSTRUCTED,1,0.005943001892,3.531927149e-05,-0.01685714769,-0.01431115279,-0.01280702609,,,-0.006195889466,4.454727774e-05,True,
2019-07-22,2019-07-19,SPX,QR-Full,QR-Full-expanding-min750-refit10-SigmaHatRECONSTRUCTED,1,0.01392010193,0.0001937692378,-0.02310637259,-0.01705279215,-0.0136199032,,,0.002824701729,2.707669227e-05,True,
2019-07-23,2019-07-22,SPX,QR-Full,QR-Full-expanding-min750-refit10-SigmaHatRECONSTRUCTED,1,0.01485193164,0.0002205798735,-0.02146947984,-0.01397591933,-0.01134797387,,,0.006824145338,2.22316901e-05,True,
2019-07-24,2019-07-23,SPX,QR-Full,QR-Full-expanding-min750-refit10-SigmaHatRECONSTRUCTED,1,0.01165840147,0.0001359183248,-0.01723020148,-0.01299969906,-0.009285067949,,,0.004677192849,1.507859383e-05,True,
2019-07-25,2019-07-24,SPX,QR-Full,QR-Full-expanding-min750-refit10-SigmaHatRECONSTRUCTED,1,0.006124670024,3.751158291e-05,-0.01288487794,-0.01206159554,-0.008710950551,,,-0.005276296577,3.875503418e-05,True,
2019-07-26,2019-07-25,SPX,QR-Full,QR-Full-expanding-min750-refit10-SigmaHatRECONSTRUCTED,1,0.01656543297,0.0002744135696,-0.02394037885,-0.01656392115,-0.01265113158,,,0.00736053559,9.059574144e-06,True,
2019-07-29,2019-07-26,SPX,QR-Full,QR-Full-expanding-min750-refit10-SigmaHatRECONSTRUCTED,1,0.00895315722,8.015902421e-05,-0.01327028815,-0.009455925351,-0.007168763012,,,-0.001617421691,1.26679297e-05,True,
2019-07-30,2019-07-29,SPX,QR-Full,QR-Full-expanding-min750-refit10-SigmaHatRECONSTRUCTED,1,0.006766602135,4.578690445e-05,-0.01196362779,-0.01070518675,-0.007352227359,,,-0.002581985351,2.164624278e-05,True,
2019-07-31,2019-07-30,SPX,QR-Full,QR-Full-expanding-min750-refit10-SigmaHatRECONSTRUCTED,1,0.007559674218,5.714867428e-05,-0.01600179126,-0.01586987719,-0.01084991677,,,-0.01094520701,0.0001219441805,True,
2019-08-01,2019-07-31,SPX,QR-Full,QR-Full-expanding-min750-refit10-SigmaHatRECONSTRUCTED,1,0.01309345327,0.0001714385186,-0.02898627614,-0.02419052251,-0.02006316306,,,-0.009039527494,0.0003303416978,True,
2019-08-02,2019-08-01,SPX,QR-Full,QR-Full-expanding-min750-refit10-SigmaHatRECONSTRUCTED,1,0.008495116253,7.216700016e-05,-0.02683829322,-0.02430912568,-0.02104892037,,,-0.007309388618,0.0001288794551,True,
2019-08-05,2019-08-02,SPX,QR-Full,QR-Full-expanding-min750-refit10-SigmaHatRECONSTRUCTED,1,0.01960864389,0.0003844989153,-0.03374618688,-0.02787593741,-0.02038300888,,,-0.03023018231,0.0001970605155,True,
2019-08-06,2019-08-05,SPX,QR-Full,QR-Full-expanding-min750-refit10-SigmaHatRECONSTRUCTED,1,0.01706910151,0.0002913542264,-0.04232227594,-0.04161440891,-0.03068978145,,,0.01293302416,0.0001659456797,True,
2019-08-07,2019-08-06,SPX,QR-Full,QR-Full-expanding-min750-refit10-SigmaHatRECONSTRUCTED,1,0.0275966622,0.0007615757647,-0.04173022067,-0.02759190613,-0.02292325415,,,0.0007665820087,0.0002479662736,True,
2019-08-08,2019-08-07,SPX,QR-Full,QR-Full-expanding-min750-refit10-SigmaHatRECONSTRUCTED,1,0.01427246869,0.0002037033625,-0.03509190148,-0.02912932352,-0.02536529618,,,0.01858846267,5.765073406e-05,True,
2019-08-09,2019-08-08,SPX,QR-Full,QR-Full-expanding-min750-refit10-SigmaHatRECONSTRUCTED,1,0.01692640517,0.0002865031918,-0.03072010204,-0.02391789728,-0.0191848543,,,-0.006638593289,0.0001286981109,True,
2019-08-12,2019-08-09,SPX,QR-Full,QR-Full-expanding-min750-refit10-SigmaHatRECONSTRUCTED,1,0.02367266305,0.0005603949758,-0.03894827598,-0.02842392509,-0.0228154923,,,-0.01239380906,7.725008938e-05,True,
2019-08-13,2019-08-12,SPX,QR-Full,QR-Full-expanding-min750-refit10-SigmaHatRECONSTRUCTED,1,0.01699226214,0.0002887369728,-0.03342267823,-0.0285117151,-0.02184254933,,,0.0150183462,0.000324174101,True,
2019-08-14,2019-08-13,SPX,QR-Full,QR-Full-expanding-min750-refit10-SigmaHatRECONSTRUCTED,1,0.00988567788,9.772662715e-05,-0.02696519516,-0.02100012336,-0.02022816256,,,-0.02973035221,0.0002168082403,True,
2019-08-15,2019-08-14,SPX,QR-Full,QR-Full-expanding-min750-refit10-SigmaHatRECONSTRUCTED,1,0.02240788986,0.0005021135281,-0.03956746699,-0.03596079408,-0.02429661895,,,0.002461236698,0.0001628391155,True,
2019-08-16,2019-08-15,SPX,QR-Full,QR-Full-expanding-min750-refit10-SigmaHatRECONSTRUCTED,1,0.01501220637,0.00022536634,-0.03487210909,-0.02888627847,-0.02464137681,,,0.01432305818,6.635844958e-05,True,
2019-08-19,2019-08-16,SPX,QR-Full,QR-Full-expanding-min750-refit10-SigmaHatRECONSTRUCTED,1,0.0143651911,0.0002063587153,-0.0277520988,-0.02081562714,-0.01796230371,,,0.01203317532,1.996921655e-05,True,
2019-08-20,2019-08-19,SPX,QR-Full,QR-Full-expanding-min750-refit10-SigmaHatRECONSTRUCTED,1,0.01922534744,0.000369613984,-0.02526455766,-0.01429051625,-0.01216259398,,,-0.007946215114,5.274406009e-05,True,
2019-08-21,2019-08-20,SPX,QR-Full,QR-Full-expanding-min750-refit10-SigmaHatRECONSTRUCTED,1,0.01269344728,0.000161123604,-0.02324053948,-0.01783790404,-0.01459002818,,,0.008212979599,2.35874651e-05,True,
2019-08-22,2019-08-21,SPX,QR-Full,QR-Full-expanding-min750-refit10-SigmaHatRECONSTRUCTED,1,0.01006395108,0.0001012831114,-0.01676132228,-0.01080298192,-0.009902797516,,,-0.000506203141,9.209262167e-05,True,
2019-08-23,2019-08-22,SPX,QR-Full,QR-Full-expanding-min750-refit10-SigmaHatRECONSTRUCTED,1,0.004874038658,2.375625284e-05,-0.01802442277,-0.01796456251,-0.01470279347,,,-0.02628888121,0.0003877097714,True,
2019-08-26,2019-08-23,SPX,QR-Full,QR-Full-expanding-min750-refit10-SigmaHatRECONSTRUCTED,1,0.01626706012,0.000264617245,-0.03445546172,-0.02942018928,-0.02336955383,,,0.01092311294,9.337614594e-05,True,
2019-08-27,2019-08-26,SPX,QR-Full,QR-Full-expanding-min750-refit10-SigmaHatRECONSTRUCTED,1,0.01139079842,0.0001297502886,-0.02544236028,-0.01991450799,-0.01767959669,,,-0.003208321904,9.363069973e-05,True,
2019-08-28,2019-08-27,SPX,QR-Full,QR-Full-expanding-min750-refit10-SigmaHatRECONSTRUCTED,1,0.008361525113,6.991510222e-05,-0.02508111743,-0.02096850756,-0.01938278617,,,0.006524151428,5.93621235e-05,True,
2019-08-29,2019-08-28,SPX,QR-Full,QR-Full-expanding-min750-refit10-SigmaHatRECONSTRUCTED,1,0.007234349395,5.233581117e-05,-0.02190180752,-0.0173288036,-0.01697164003,,,0.01260748254,4.631802803e-05,True,
2019-08-30,2019-08-29,SPX,QR-Full,QR-Full-expanding-min750-refit10-SigmaHatRECONSTRUCTED,1,0.01135970063,0.0001290427983,-0.02245963171,-0.01646455971,-0.01471806108,,,0.000642580824,5.658274763e-05,True,
2019-09-03,2019-08-30,SPX,QR-Full,QR-Full-expanding-min750-refit10-SigmaHatRECONSTRUCTED,1,0.007582397714,5.749275509e-05,-0.02136026685,-0.01766781751,-0.01619290643,,,-0.006923009193,0.0001172398909,True,
2019-09-04,2019-09-03,SPX,QR-Full,QR-Full-expanding-min750-refit10-SigmaHatRECONSTRUCTED,1,0.007229776965,5.226967497e-05,-0.02180856198,-0.02095335549,-0.01688151057,,,0.01078372502,1.693445792e-05,True,
2019-09-05,2019-09-04,SPX,QR-Full,QR-Full-expanding-min750-refit10-SigmaHatRECONSTRUCTED,1,0.005851753042,3.424301366e-05,-0.01481663855,-0.01101522739,-0.01082870252,,,0.01292591302,3.28035124e-05,True,
2019-09-06,2019-09-05,SPX,QR-Full,QR-Full-expanding-min750-refit10-SigmaHatRECONSTRUCTED,1,0.01619434142,0.0002622566939,-0.02498532222,-0.01455834483,-0.01394897171,,,0.0009101908254,2.216274067e-05,True,
2019-09-09,2019-09-06,SPX,QR-Full,QR-Full-expanding-min750-refit10-SigmaHatRECONSTRUCTED,1,0.003115530491,9.706530239e-06,-0.01222160829,-0.01096188185,-0.01009839219,,,-9.401457922e-05,1.967792204e-05,True,
2019-09-10,2019-09-09,SPX,QR-Full,QR-Full-expanding-min750-refit10-SigmaHatRECONSTRUCTED,1,0.008827747406,7.792912427e-05,-0.01788344215,-0.01251634323,-0.01186738308,,,0.0003222524469,6.254266593e-05,True,
2019-09-11,2019-09-10,SPX,QR-Full,QR-Full-expanding-min750-refit10-SigmaHatRECONSTRUCTED,1,0.01193274418,0.0001423903837,-0.02309542287,-0.01751518355,-0.01496332636,,,0.007203672305,2.174474102e-05,True,
2019-09-12,2019-09-11,SPX,QR-Full,QR-Full-expanding-min750-refit10-SigmaHatRECONSTRUCTED,1,0.002542924116,6.466463062e-06,-0.01225460654,-0.01126095927,-0.01052161838,,,0.002875016039,5.314051061e-05,True,
2019-09-13,2019-09-12,SPX,QR-Full,QR-Full-expanding-min750-refit10-SigmaHatRECONSTRUCTED,1,0.01163798353,0.0001354426608,-0.02099405006,-0.01666699079,-0.01306283123,,,-0.0007246766173,2.214580192e-05,True,
2019-09-16,2019-09-13,SPX,QR-Full,QR-Full-expanding-min750-refit10-SigmaHatRECONSTRUCTED,1,0.01216040756,0.000147875512,-0.01993867473,-0.01411793349,-0.01165142693,,,-0.003140513036,2.335922468e-05,True,
2019-09-17,2019-09-16,SPX,QR-Full,QR-Full-expanding-min750-refit10-SigmaHatRECONSTRUCTED,1,0.008953836998,8.017119699e-05,-0.01386570947,-0.008400306819,-0.007763721062,,,0.002578425294,1.695002622e-05,True,
2019-09-18,2019-09-17,SPX,QR-Full,QR-Full-expanding-min750-refit10-SigmaHatRECONSTRUCTED,1,0.005104696493,2.605792628e-05,-0.01284860895,-0.01062445678,-0.009369787661,,,0.0003426331855,5.795517456e-05,True,
2019-09-19,2019-09-18,SPX,QR-Full,QR-Full-expanding-min750-refit10-SigmaHatRECONSTRUCTED,1,0.005912888095,3.496224563e-05,-0.01799042033,-0.01759298838,-0.01396082111,,,1.997465704e-05,2.680085889e-05,True,
2019-09-20,2019-09-19,SPX,QR-Full,QR-Full-expanding-min750-refit10-SigmaHatRECONSTRUCTED,1,0.004811454128,2.315009082e-05,-0.01393371543,-0.01221142384,-0.01065473713,,,-0.004907599204,9.47387823e-05,True,
2019-09-23,2019-09-20,SPX,QR-Full,QR-Full-expanding-min750-refit10-SigmaHatRECONSTRUCTED,1,0.01774025242,0.000314716556,-0.02655416332,-0.01960008496,-0.01446428335,,,-9.694059695e-05,2.245716343e-05,True,
2019-09-24,2019-09-23,SPX,QR-Full,QR-Full-expanding-min750-refit10-SigmaHatRECONSTRUCTED,1,0.005355414128,2.868046048e-05,-0.01421819245,-0.01184103155,-0.01056850854,,,-0.008451988748,0.0001609887749,True,
2019-09-25,2019-09-24,SPX,QR-Full,QR-Full-expanding-min750-refit10-SigmaHatRECONSTRUCTED,1,0.005627252163,3.16659669e-05,-0.02415576723,-0.02085828865,-0.02032082726,,,0.006139685063,4.132102305e-05,True,
2019-09-26,2019-09-25,SPX,QR-Full,QR-Full-expanding-min750-refit10-SigmaHatRECONSTRUCTED,1,0.009872248648,9.746129338e-05,-0.02544456033,-0.02246891435,-0.01871667967,,,-0.00243187101,5.830786482e-05,True,
2019-09-27,2019-09-26,SPX,QR-Full,QR-Full-expanding-min750-refit10-SigmaHatRECONSTRUCTED,1,0.01303640473,0.0001699478482,-0.02657788011,-0.02210023494,-0.01769364528,,,-0.005330534537,0.0001154106973,True,
2019-09-30,2019-09-27,SPX,QR-Full,QR-Full-expanding-min750-refit10-SigmaHatRECONSTRUCTED,1,0.01542604593,0.000237962893,-0.03123153727,-0.02573220988,-0.02071877571,,,0.005034910158,2.166147563e-05,True,
2019-10-01,2019-09-30,SPX,QR-Full,QR-Full-expanding-min750-refit10-SigmaHatRECONSTRUCTED,1,0.01188864683,0.0001413399235,-0.02090972362,-0.01377824674,-0.0128076792,,,-0.01233412687,0.0001165513492,True,
2019-10-02,2019-10-01,SPX,QR-Full,QR-Full-expanding-min750-refit10-SigmaHatRECONSTRUCTED,1,0.01127132054,0.0001270426666,-0.03016636313,-0.02777301502,-0.02248502303,,,-0.01806540433,0.0001062209905,True,
2019-10-03,2019-10-02,SPX,QR-Full,QR-Full-expanding-min750-refit10-SigmaHatRECONSTRUCTED,1,0.0144995566,0.0002102371416,-0.03362754709,-0.03027275417,-0.02374618269,,,0.007940304984,0.0002828381335,True,
2019-10-04,2019-10-03,SPX,QR-Full,QR-Full-expanding-min750-refit10-SigmaHatRECONSTRUCTED,1,0.01292920714,0.0001671643972,-0.03284263252,-0.02865645907,-0.02403145224,,,0.01411678525,3.378092987e-05,True,
2019-10-07,2019-10-04,SPX,QR-Full,QR-Full-expanding-min750-refit10-SigmaHatRECONSTRUCTED,1,0.01218331346,0.0001484331269,-0.02377205303,-0.01670853523,-0.01546919499,,,-0.004488352374,6.501537036e-05,True,
2019-10-08,2019-10-07,SPX,QR-Full,QR-Full-expanding-min750-refit10-SigmaHatRECONSTRUCTED,1,0.02004456825,0.0004017847163,-0.03234056165,-0.02298883498,-0.0186803037,,,-0.01568315939,0.0001147018749,True,
2019-10-09,2019-10-08,SPX,QR-Full,QR-Full-expanding-min750-refit10-SigmaHatRECONSTRUCTED,1,0.02066178059,0.0004269091772,-0.03648258442,-0.03000095491,-0.02240169982,,,0.009063296257,6.774854491e-05,True,
2019-10-10,2019-10-09,SPX,QR-Full,QR-Full-expanding-min750-refit10-SigmaHatRECONSTRUCTED,1,0.02190434637,0.00047980039,-0.03367034259,-0.02274373322,-0.01874265655,,,0.006395202593,8.695308872e-05,True,
2019-10-11,2019-10-10,SPX,QR-Full,QR-Full-expanding-min750-refit10-SigmaHatRECONSTRUCTED,1,0.02131368714,0.0004542732594,-0.03330095581,-0.0217804615,-0.01877580064,,,0.01087957977,6.780977669e-05,True,
2019-10-14,2019-10-11,SPX,QR-Full,QR-Full-expanding-min750-refit10-SigmaHatRECONSTRUCTED,1,0.02203911053,0.0004857223929,-0.03158135292,-0.01967862475,-0.01656182588,,,-0.001388081947,2.894161429e-05,True,
2019-10-15,2019-10-14,SPX,QR-Full,QR-Full-expanding-min750-refit10-SigmaHatRECONSTRUCTED,1,0.01054298867,0.0001111546101,-0.01891849401,-0.0145423782,-0.01173350789,,,0.009906445612,2.466633323e-05,True,
2019-10-16,2019-10-15,SPX,QR-Full,QR-Full-expanding-min750-refit10-SigmaHatRECONSTRUCTED,1,0.01031093915,0.0001063154662,-0.01756250786,-0.01174913951,-0.01053566215,,,-0.002001544809,2.002896632e-05,True,
2019-10-17,2019-10-16,SPX,QR-Full,QR-Full-expanding-min750-refit10-SigmaHatRECONSTRUCTED,1,0.004883533913,2.384890348e-05,-0.01204573004,-0.01109378589,-0.008717629777,,,0.002759022048,2.705098183e-05,True,
2019-10-18,2019-10-17,SPX,QR-Full,QR-Full-expanding-min750-refit10-SigmaHatRECONSTRUCTED,1,0.008085121974,6.536919733e-05,-0.01532867771,-0.0111844305,-0.009818713595,,,-0.00392704571,4.537554679e-05,True,
2019-10-21,2019-10-18,SPX,QR-Full,QR-Full-expanding-min750-refit10-SigmaHatRECONSTRUCTED,1,0.007619716994,5.806008707e-05,-0.01621895429,-0.01441800871,-0.011026161,,,0.006848114262,1.20308111e-05,True,
2019-10-22,2019-10-21,SPX,QR-Full,QR-Full-expanding-min750-refit10-SigmaHatRECONSTRUCTED,1,0.007979668928,6.36751162e-05,-0.01254121647,-0.00831519423,-0.007103118,,,-0.003575049435,2.310089622e-05,True,
2019-10-23,2019-10-22,SPX,QR-Full,QR-Full-expanding-min750-refit10-SigmaHatRECONSTRUCTED,1,0.00541777756,2.935231369e-05,-0.01344926008,-0.01213907765,-0.009757075843,,,0.00284310358,1.789337201e-05,True,
2019-10-24,2019-10-23,SPX,QR-Full,QR-Full-expanding-min750-refit10-SigmaHatRECONSTRUCTED,1,0.003245050134,1.053035037e-05,-0.009871176876,-0.009472078555,-0.007659693878,,,0.001918604482,2.385866468e-05,True,
2019-10-25,2019-10-24,SPX,QR-Full,QR-Full-expanding-min750-refit10-SigmaHatRECONSTRUCTED,1,0.007259033373,5.269356551e-05,-0.0144986515,-0.01094537582,-0.009551662018,,,0.004064429588,1.987257564e-05,True,
2019-10-28,2019-10-25,SPX,QR-Full,QR-Full-expanding-min750-refit10-SigmaHatRECONSTRUCTED,1,0.003546170654,1.25753263e-05,-0.01009757062,-0.008997019577,-0.007680875723,,,0.0055658199,9.640627944e-06,True,
2019-10-29,2019-10-28,SPX,QR-Full,QR-Full-expanding-min750-refit10-SigmaHatRECONSTRUCTED,1,0.007157827628,5.123449636e-05,-0.01137350963,-0.008647666695,-0.006495491282,,,-0.0008327518587,2.114125241e-05,True,
2019-10-30,2019-10-29,SPX,QR-Full,QR-Full-expanding-min750-refit10-SigmaHatRECONSTRUCTED,1,0.004778021597,2.282949039e-05,-0.0110162104,-0.01023091464,-0.007760016166,,,0.003248089416,2.906385641e-05,True,
2019-10-31,2019-10-30,SPX,QR-Full,QR-Full-expanding-min750-refit10-SigmaHatRECONSTRUCTED,1,0.005532284198,3.060616844e-05,-0.0116895343,-0.009484193397,-0.007919314448,,,-0.003027438655,5.942756872e-05,True,
2019-11-01,2019-10-31,SPX,QR-Full,QR-Full-expanding-min750-refit10-SigmaHatRECONSTRUCTED,1,0.007784198258,6.059374252e-05,-0.01882295839,-0.01380910394,-0.01351807206,,,0.00961593039,1.978177301e-05,True,
2019-11-04,2019-11-01,SPX,QR-Full,QR-Full-expanding-min750-refit10-SigmaHatRECONSTRUCTED,1,0.007754614811,6.013405087e-05,-0.01412117632,-0.01182302316,-0.008836450937,,,0.003697245993,1.142429412e-05,True,
2019-11-05,2019-11-04,SPX,QR-Full,QR-Full-expanding-min750-refit10-SigmaHatRECONSTRUCTED,1,0.01456534807,0.0002121493644,-0.01759218986,-0.008369989113,-0.007665988945,,,-0.001186402925,1.610427123e-05,True,
2019-11-06,2019-11-05,SPX,QR-Full,QR-Full-expanding-min750-refit10-SigmaHatRECONSTRUCTED,1,0.01425048922,0.000203076443,-0.01902254607,-0.01151622573,-0.009310919651,,,0.0007022505568,1.972991686e-05,True,
2019-11-07,2019-11-06,SPX,QR-Full,QR-Full-expanding-min750-refit10-SigmaHatRECONSTRUCTED,1,0.006205889289,3.851306187e-05,-0.01233908532,-0.009183262275,-0.008109807472,,,0.002726375457,3.106707746e-05,True,
2019-11-08,2019-11-07,SPX,QR-Full,QR-Full-expanding-min750-refit10-SigmaHatRECONSTRUCTED,1,0.01371861664,0.0001882004424,-0.02086219233,-0.01613086077,-0.01151303401,,,0.002557402988,2.119346598e-05,True,
2019-11-11,2019-11-08,SPX,QR-Full,QR-Full-expanding-min750-refit10-SigmaHatRECONSTRUCTED,1,0.01214415814,0.000147480577,-0.01454250932,-0.007787274367,-0.006266335413,,,-0.001964395297,7.202990875e-06,True,
2019-11-12,2019-11-11,SPX,QR-Full,QR-Full-expanding-min750-refit10-SigmaHatRECONSTRUCTED,1,0.006640715329,4.409910008e-05,-0.01089233433,-0.006505247793,-0.00636672504,,,0.001563423261,1.967102852e-05,True,
2019-11-13,2019-11-12,SPX,QR-Full,QR-Full-expanding-min750-refit10-SigmaHatRECONSTRUCTED,1,0.00788729919,6.220948851e-05,-0.01455086544,-0.01008670036,-0.009175716417,,,0.0007112815145,2.598460444e-05,True,
2019-11-14,2019-11-13,SPX,QR-Full,QR-Full-expanding-min750-refit10-SigmaHatRECONSTRUCTED,1,0.004730289455,2.237563833e-05,-0.0131606304,-0.01256016407,-0.009936965351,,,0.0008366926952,1.58102476e-05,True,
2019-11-15,2019-11-14,SPX,QR-Full,QR-Full-expanding-min750-refit10-SigmaHatRECONSTRUCTED,1,0.003808653682,1.450584287e-05,-0.01146828675,-0.01128233971,-0.008872711181,,,0.007666028737,1.051631239e-05,True,
2019-11-18,2019-11-15,SPX,QR-Full,QR-Full-expanding-min750-refit10-SigmaHatRECONSTRUCTED,1,0.006700565799,4.489758202e-05,-0.01030770157,-0.00919012947,-0.005741304526,,,0.0005030262077,1.182598469e-05,True,
2019-11-19,2019-11-18,SPX,QR-Full,QR-Full-expanding-min750-refit10-SigmaHatRECONSTRUCTED,1,0.00498878974,2.488802307e-05,-0.01106770922,-0.01032523463,-0.007667877714,,,-0.0005927698894,1.824011134e-05,True,
2019-11-20,2019-11-19,SPX,QR-Full,QR-Full-expanding-min750-refit10-SigmaHatRECONSTRUCTED,1,0.005466674407,2.988452908e-05,-0.01447562086,-0.01316460428,-0.0107501137,,,-0.003763256516,4.806540462e-05,True,
2019-11-21,2019-11-20,SPX,QR-Full,QR-Full-expanding-min750-refit10-SigmaHatRECONSTRUCTED,1,0.008105509467,6.569928372e-05,-0.0178043299,-0.01569115914,-0.01228047183,,,-0.001584006126,2.803232184e-05,True,
2019-11-22,2019-11-21,SPX,QR-Full,QR-Full-expanding-min750-refit10-SigmaHatRECONSTRUCTED,1,0.01420252864,0.0002017118199,-0.01971797718,-0.01458850413,-0.01003903561,,,0.002172573942,1.703939551e-05,True,
2019-11-25,2019-11-22,SPX,QR-Full,QR-Full-expanding-min750-refit10-SigmaHatRECONSTRUCTED,1,0.01346965923,0.0001814317197,-0.01759329075,-0.009890629612,-0.008413795471,,,0.007479252042,7.077350134e-06,True,
2019-11-26,2019-11-25,SPX,QR-Full,QR-Full-expanding-min750-refit10-SigmaHatRECONSTRUCTED,1,0.005518959598,3.045891504e-05,-0.009373809383,-0.007539674376,-0.005612670168,,,0.00219316366,1.049589652e-05,True,
2019-11-27,2019-11-26,SPX,QR-Full,QR-Full-expanding-min750-refit10-SigmaHatRECONSTRUCTED,1,0.005709051641,3.259327064e-05,-0.01078089267,-0.007881363835,-0.006890206821,,,0.004165735535,5.254382328e-06,True,
2019-11-29,2019-11-27,SPX,QR-Full,QR-Full-expanding-min750-refit10-SigmaHatRECONSTRUCTED,1,0.007777553895,6.049034458e-05,-0.009321535227,-0.005128755313,-0.004021176991,,,-0.004019286439,,True,
2019-12-02,2019-11-29,SPX,QR-Full,QR-Full-expanding-min750-refit10-SigmaHatRECONSTRUCTED,1,,,,,,,,-0.008668483605,,False,predictors_unavailable
2019-12-03,2019-12-02,SPX,QR-Full,QR-Full-expanding-min750-refit10-SigmaHatRECONSTRUCTED,1,0.01838116079,0.0003378670721,-0.02830534964,-0.02206087916,-0.0157786943,,,-0.006660225253,8.289119629e-05,True,
2019-12-04,2019-12-03,SPX,QR-Full,QR-Full-expanding-min750-refit10-SigmaHatRECONSTRUCTED,1,0.007707438292,5.940460503e-05,-0.02207011075,-0.0212734047,-0.01681753589,,,0.00630365774,2.177881412e-05,True,
2019-12-05,2019-12-04,SPX,QR-Full,QR-Full-expanding-min750-refit10-SigmaHatRECONSTRUCTED,1,0.01719235949,0.0002955772249,-0.02548579461,-0.02009130912,-0.01376930052,,,0.001499126967,2.703540996e-05,True,
2019-12-06,2019-12-05,SPX,QR-Full,QR-Full-expanding-min750-refit10-SigmaHatRECONSTRUCTED,1,0.02060678379,0.0004246395383,-0.02735336394,-0.01668289906,-0.01330995934,,,0.00909424588,9.050450446e-06,True,
2019-12-09,2019-12-06,SPX,QR-Full,QR-Full-expanding-min750-refit10-SigmaHatRECONSTRUCTED,1,0.01544833266,0.0002386509819,-0.02058895291,-0.01216117116,-0.01006100308,,,-0.00316783363,1.065733511e-05,True,
2019-12-10,2019-12-09,SPX,QR-Full,QR-Full-expanding-min750-refit10-SigmaHatRECONSTRUCTED,1,0.01017878403,0.0001036076443,-0.01869214661,-0.0150536051,-0.01175536385,,,-0.001097536039,3.156786212e-05,True,
2019-12-11,2019-12-10,SPX,QR-Full,QR-Full-expanding-min750-refit10-SigmaHatRECONSTRUCTED,1,0.01733754105,0.0003005903298,-0.02467656548,-0.01580288348,-0.012861131,,,0.002903937439,1.623899428e-05,True,
2019-12-12,2019-12-11,SPX,QR-Full,QR-Full-expanding-min750-refit10-SigmaHatRECONSTRUCTED,1,0.007469750016,5.579716529e-05,-0.01678150464,-0.01411000562,-0.01169091298,,,0.008538667202,0.0001374552713,True,
2019-12-13,2019-12-12,SPX,QR-Full,QR-Full-expanding-min750-refit10-SigmaHatRECONSTRUCTED,1,0.012539623,0.000157242145,-0.02737911815,-0.02659684678,-0.01883343722,,,7.257931787e-05,7.121406381e-05,True,
2019-12-16,2019-12-13,SPX,QR-Full,QR-Full-expanding-min750-refit10-SigmaHatRECONSTRUCTED,1,0.007019801788,4.927761714e-05,-0.02026173652,-0.01725555945,-0.01547778199,,,0.007122360834,1.018875753e-05,True,
2019-12-17,2019-12-16,SPX,QR-Full,QR-Full-expanding-min750-refit10-SigmaHatRECONSTRUCTED,1,0.01756836493,0.0003086474463,-0.02039626001,-0.01153355631,-0.00842352038,,,0.0003352362291,8.12693493e-06,True,
2019-12-18,2019-12-17,SPX,QR-Full,QR-Full-expanding-min750-refit10-SigmaHatRECONSTRUCTED,1,0.01322480328,0.0001748954219,-0.01625453095,-0.007893700595,-0.007241903591,,,-0.0004323936551,1.240045612e-05,True,
2019-12-19,2019-12-18,SPX,QR-Full,QR-Full-expanding-min750-refit10-SigmaHatRECONSTRUCTED,1,0.0168344781,0.000283399653,-0.01909378926,-0.01090056135,-0.007621189277,,,0.004449378631,8.412179981e-06,True,
2019-12-20,2019-12-19,SPX,QR-Full,QR-Full-expanding-min750-refit10-SigmaHatRECONSTRUCTED,1,0.002744830739,7.534095785e-06,-0.008027634365,-0.007082174541,-0.006157048007,,,0.004932595955,9.060226371e-06,True,
2019-12-23,2019-12-20,SPX,QR-Full,QR-Full-expanding-min750-refit10-SigmaHatRECONSTRUCTED,1,0.006517977191,4.248402666e-05,-0.01048893388,-0.006356320239,-0.006046969919,,,0.0008657686948,3.781140432e-06,True,
2019-12-24,2019-12-23,SPX,QR-Full,QR-Full-expanding-min750-refit10-SigmaHatRECONSTRUCTED,1,0.006837822121,4.675581136e-05,-0.007621188226,-0.005083748608,-0.002961251788,,,-0.000195467317,,True,
2019-12-26,2019-12-24,SPX,QR-Full,QR-Full-expanding-min750-refit10-SigmaHatRECONSTRUCTED,1,,,,,,,,0.005115062318,,False,predictors_unavailable
2019-12-27,2019-12-26,SPX,QR-Full,QR-Full-expanding-min750-refit10-SigmaHatRECONSTRUCTED,1,0.00839292471,7.04411852e-05,-0.008145399703,-0.004614052144,-0.002425669797,,,3.398431809e-05,1.400285581e-05,True,
2019-12-30,2019-12-27,SPX,QR-Full,QR-Full-expanding-min750-refit10-SigmaHatRECONSTRUCTED,1,0.006116913248,3.741662769e-05,-0.01054186716,-0.01005913001,-0.006373225971,,,-0.005797596243,3.40699489e-05,True,
2019-12-31,2019-12-30,SPX,QR-Full,QR-Full-expanding-min750-refit10-SigmaHatRECONSTRUCTED,1,0.01304328684,0.0001701273316,-0.02001981262,-0.01837339152,-0.01113088767,,,0.002941690572,1.620349759e-05,True,
2020-01-02,2019-12-31,SPX,QR-Full,QR-Full-expanding-min750-refit10-SigmaHatRECONSTRUCTED,1,0.01069765694,0.000114439864,-0.01746259293,-0.01188919872,-0.01017220127,,,0.00834389556,2.664491512e-05,True,
2020-01-03,2020-01-02,SPX,QR-Full,QR-Full-expanding-min750-refit10-SigmaHatRECONSTRUCTED,1,0.007181793276,5.157815466e-05,-0.01537972994,-0.01202998952,-0.01048537914,,,-0.007084909364,3.709252856e-05,True,
2020-01-06,2020-01-03,SPX,QR-Full,QR-Full-expanding-min750-refit10-SigmaHatRECONSTRUCTED,1,0.00935858817,8.758317254e-05,-0.01994406327,-0.01722660896,-0.01356623927,,,0.003527144997,1.557006918e-05,True,
2020-01-07,2020-01-06,SPX,QR-Full,QR-Full-expanding-min750-refit10-SigmaHatRECONSTRUCTED,1,0.007536005839,5.6791384e-05,-0.01667314816,-0.01344540018,-0.01153740354,,,-0.002807174882,1.966107282e-05,True,
2020-01-08,2020-01-07,SPX,QR-Full,QR-Full-expanding-min750-refit10-SigmaHatRECONSTRUCTED,1,0.01582281946,0.0002503616157,-0.02204159583,-0.01426833867,-0.01125843539,,,0.004890473427,4.11905631e-05,True,
2020-01-09,2020-01-08,SPX,QR-Full,QR-Full-expanding-min750-refit10-SigmaHatRECONSTRUCTED,1,0.0148921362,0.0002217757206,-0.02510651202,-0.01852922261,-0.01495760687,,,0.006633214012,1.866329117e-05,True,
2020-01-10,2020-01-09,SPX,QR-Full,QR-Full-expanding-min750-refit10-SigmaHatRECONSTRUCTED,1,0.01274793671,0.0001625098903,-0.01802404904,-0.01090882624,-0.009336403508,,,-0.00285926233,2.500436741e-05,True,
2020-01-13,2020-01-10,SPX,QR-Full,QR-Full-expanding-min750-refit10-SigmaHatRECONSTRUCTED,1,0.01023321133,0.000104718614,-0.01833932232,-0.01401460952,-0.01136544767,,,0.006951993998,1.012247214e-05,True,
2020-01-14,2020-01-13,SPX,QR-Full,QR-Full-expanding-min750-refit10-SigmaHatRECONSTRUCTED,1,0.006290809723,3.957428697e-05,-0.0115683098,-0.009634332842,-0.007281159159,,,-0.001515680999,2.604833949e-05,True,
2020-01-15,2020-01-14,SPX,QR-Full,QR-Full-expanding-min750-refit10-SigmaHatRECONSTRUCTED,1,0.01140295748,0.0001300274394,-0.01871507713,-0.01230145172,-0.01094402721,,,0.001868450329,2.518027661e-05,True,
2020-01-16,2020-01-15,SPX,QR-Full,QR-Full-expanding-min750-refit10-SigmaHatRECONSTRUCTED,1,0.009862507557,9.726905532e-05,-0.01849443328,-0.01418365775,-0.01177319112,,,0.008331747564,9.585828098e-06,True,
2020-01-17,2020-01-16,SPX,QR-Full,QR-Full-expanding-min750-refit10-SigmaHatRECONSTRUCTED,1,0.008933058369,7.979953182e-05,-0.01264061816,-0.009184482552,-0.006552790275,,,0.003854723069,1.461438784e-05,True,
2020-01-21,2020-01-17,SPX,QR-Full,QR-Full-expanding-min750-refit10-SigmaHatRECONSTRUCTED,1,0.01027238683,0.0001055219312,-0.0159389649,-0.01168741455,-0.008938392368,,,-0.002655500332,1.919782119e-05,True,
2020-01-22,2020-01-21,SPX,QR-Full,QR-Full-expanding-min750-refit10-SigmaHatRECONSTRUCTED,1,0.007424830841,5.512811301e-05,-0.01491981193,-0.01301477264,-0.009859832428,,,0.0002890343155,2.058953982e-05,True,
2020-01-23,2020-01-22,SPX,QR-Full,QR-Full-expanding-min750-refit10-SigmaHatRECONSTRUCTED,1,0.01240577253,0.0001539031921,-0.01875354634,-0.01245512501,-0.01029908373,,,0.001140326175,2.786199606e-05,True,
2020-01-24,2020-01-23,SPX,QR-Full,QR-Full-expanding-min750-refit10-SigmaHatRECONSTRUCTED,1,0.003714275775,1.379584454e-05,-0.01467157905,-0.01434481551,-0.01214032147,,,-0.009083289317,9.273778115e-05,True,
2020-01-27,2020-01-24,SPX,QR-Full,QR-Full-expanding-min750-refit10-SigmaHatRECONSTRUCTED,1,0.0109683739,0.0001203052261,-0.0261417805,-0.02458286186,-0.01866689679,,,-0.01585575239,7.060820052e-05,True,
2020-01-28,2020-01-27,SPX,QR-Full,QR-Full-expanding-min750-refit10-SigmaHatRECONSTRUCTED,1,0.0161322734,0.0002602502452,-0.02990970846,-0.02535965796,-0.01891565695,,,0.01000338337,3.714741156e-05,True,
2020-01-29,2020-01-28,SPX,QR-Full,QR-Full-expanding-min750-refit10-SigmaHatRECONSTRUCTED,1,0.02197970343,0.0004831073627,-0.03052606966,-0.01602706293,-0.01554702822,,,-0.0008672501771,4.392723131e-05,True,
2020-01-30,2020-01-29,SPX,QR-Full,QR-Full-expanding-min750-refit10-SigmaHatRECONSTRUCTED,1,0.01253284833,0.0001570722873,-0.02495661032,-0.01934386777,-0.01641554629,,,0.003129457002,8.976159385e-05,True,
2020-01-31,2020-01-30,SPX,QR-Full,QR-Full-expanding-min750-refit10-SigmaHatRECONSTRUCTED,1,0.01378402271,0.0001899992822,-0.02782170035,-0.02028803018,-0.01842796817,,,-0.01786444339,0.0001247105336,True,
2020-02-03,2020-01-31,SPX,QR-Full,QR-Full-expanding-min750-refit10-SigmaHatRECONSTRUCTED,1,0.01730005244,0.0002992918144,-0.03512289302,-0.0314456098,-0.02333300681,,,0.007228425654,6.145462569e-05,True,
2020-02-04,2020-02-03,SPX,QR-Full,QR-Full-expanding-min750-refit10-SigmaHatRECONSTRUCTED,1,0.01361024485,0.000185238765,-0.02898371756,-0.02168872001,-0.01970841399,,,0.01486931591,2.997386688e-05,True,
2020-02-05,2020-02-04,SPX,QR-Full,QR-Full-expanding-min750-refit10-SigmaHatRECONSTRUCTED,1,0.02132243124,0.0004546460739,-0.0297977904,-0.0176584968,-0.01526667617,,,0.0111877785,4.4409917e-05,True,
2020-02-06,2020-02-05,SPX,QR-Full,QR-Full-expanding-min750-refit10-SigmaHatRECONSTRUCTED,1,0.02172344946,0.0004719082563,-0.0303894202,-0.01871968055,-0.01558501437,,,0.00332015509,2.888289596e-05,True,
2020-02-07,2020-02-06,SPX,QR-Full,QR-Full-expanding-min750-refit10-SigmaHatRECONSTRUCTED,1,0.0133296591,0.0001776798118,-0.02142600334,-0.01452590939,-0.01234191735,,,-0.005415490902,3.746707312e-05,True,
2020-02-10,2020-02-07,SPX,QR-Full,QR-Full-expanding-min750-refit10-SigmaHatRECONSTRUCTED,1,0.01030771535,0.0001062489958,-0.02063011472,-0.01654582428,-0.013605466,,,0.007299690134,2.174828642e-05,True,
2020-02-11,2020-02-10,SPX,QR-Full,QR-Full-expanding-min750-refit10-SigmaHatRECONSTRUCTED,1,0.00491716379,2.417849974e-05,-0.01544532025,-0.01224055286,-0.01209430141,,,0.001687048653,3.929058793e-05,True,
2020-02-12,2020-02-11,SPX,QR-Full,QR-Full-expanding-min750-refit10-SigmaHatRECONSTRUCTED,1,0.01264577023,0.0001599155047,-0.02285807272,-0.01660959021,-0.01424005306,,,0.006441853054,1.810144027e-05,True,
2020-02-13,2020-02-12,SPX,QR-Full,QR-Full-expanding-min750-refit10-SigmaHatRECONSTRUCTED,1,0.01474638062,0.0002174557415,-0.01993671239,-0.01176977661,-0.009887138827,,,-0.00163177643,4.25236594e-05,True,
2020-02-14,2020-02-13,SPX,QR-Full,QR-Full-expanding-min750-refit10-SigmaHatRECONSTRUCTED,1,0.01128056696,0.000127251191,-0.02020185761,-0.01443297513,-0.01251421612,,,0.001841836187,2.243373664e-05,True,
2020-02-18,2020-02-14,SPX,QR-Full,QR-Full-expanding-min750-refit10-SigmaHatRECONSTRUCTED,1,0.006734462425,4.535298416e-05,-0.01497692807,-0.01166857464,-0.01038743067,,,-0.002924213972,3.687967113e-05,True,
2020-02-19,2020-02-18,SPX,QR-Full,QR-Full-expanding-min750-refit10-SigmaHatRECONSTRUCTED,1,0.01017069671,0.0001034430716,-0.01885980824,-0.01465323721,-0.01192853694,,,0.004694748201,1.031746489e-05,True,
2020-02-20,2020-02-19,SPX,QR-Full,QR-Full-expanding-min750-refit10-SigmaHatRECONSTRUCTED,1,0.005960696092,3.55298979e-05,-0.01230640771,-0.008863236087,-0.008244227611,,,-0.003822817465,0.0001537902275,True,
2020-02-21,2020-02-20,SPX,QR-Full,QR-Full-expanding-min750-refit10-SigmaHatRECONSTRUCTED,1,0.01014200605,0.0001028602867,-0.02407040815,-0.02111520243,-0.01715868938,,,-0.01057380909,9.140304945e-05,True,
2020-02-24,2020-02-21,SPX,QR-Full,QR-Full-expanding-min750-refit10-SigmaHatRECONSTRUCTED,1,0.01550765445,0.0002404873464,-0.02781454902,-0.02220327089,-0.01724617173,,,-0.03408807929,0.0001798799795,True,
2020-02-25,2020-02-24,SPX,QR-Full,QR-Full-expanding-min750-refit10-SigmaHatRECONSTRUCTED,1,0.02176226363,0.0004735961183,-0.0399864113,-0.03626741913,-0.02515555383,,,-0.03074790449,0.0004357314331,True,
2020-02-26,2020-02-25,SPX,QR-Full,QR-Full-expanding-min750-refit10-SigmaHatRECONSTRUCTED,1,0.01420217372,0.0002017017385,-0.04338756047,-0.04216295599,-0.03370886078,,,-0.003785697208,0.0004791489524,True,
2020-02-27,2020-02-26,SPX,QR-Full,QR-Full-expanding-min750-refit10-SigmaHatRECONSTRUCTED,1,0.01977785243,0.0003911634466,-0.04463623229,-0.03601070875,-0.03115773965,,,-0.04516813641,0.001260898785,True,
2020-02-28,2020-02-27,SPX,QR-Full,QR-Full-expanding-min750-refit10-SigmaHatRECONSTRUCTED,1,0.03344082384,0.001118288699,-0.06179212648,-0.0586896512,-0.03900239741,,,-0.008272463088,0.00253831653,True,
2020-03-02,2020-02-28,SPX,QR-Full,QR-Full-expanding-min750-refit10-SigmaHatRECONSTRUCTED,1,0.03860945982,0.001490690388,-0.0521546359,-0.03627264871,-0.02584251115,,,0.04501086852,0.001093827993,True,
2020-03-03,2020-03-02,SPX,QR-Full,QR-Full-expanding-min750-refit10-SigmaHatRECONSTRUCTED,1,0.02120549879,0.0004496731791,-0.05633324242,-0.04506595801,-0.04188181698,,,-0.02851048483,0.003179338293,True,
2020-03-04,2020-03-03,SPX,QR-Full,QR-Full-expanding-min750-refit10-SigmaHatRECONSTRUCTED,1,0.1498249385,0.02244751221,-0.1120809863,-0.06375578497,-0.009976152643,,,0.04133634936,0.0003945645531,True,
2020-03-05,2020-03-04,SPX,QR-Full,QR-Full-expanding-min750-refit10-SigmaHatRECONSTRUCTED,1,0.03921454974,0.001537780912,-0.06414102331,-0.0396131422,-0.03741653326,,,-0.03451078251,0.0005828230459,True,
2020-03-06,2020-03-05,SPX,QR-Full,QR-Full-expanding-min750-refit10-SigmaHatRECONSTRUCTED,1,0.02863910947,0.0008201985912,-0.06449364538,-0.04902506425,-0.04497625703,,,-0.01720094358,0.0008962272749,True,
2020-03-09,2020-03-06,SPX,QR-Full,QR-Full-expanding-min750-refit10-SigmaHatRECONSTRUCTED,1,0.01330490666,0.0001770205412,-0.05329195497,-0.05168055807,-0.04422473763,,,-0.07901041273,0.002549636951,True,
2020-03-10,2020-03-09,SPX,QR-Full,QR-Full-expanding-min750-refit10-SigmaHatRECONSTRUCTED,1,0.06927223937,0.004798643147,-0.08854778439,-0.06399631617,-0.04133915178,,,0.04821505212,0.001756451569,True,
2020-03-11,2020-03-10,SPX,QR-Full,QR-Full-expanding-min750-refit10-SigmaHatRECONSTRUCTED,1,0.02339225878,0.0005471977707,-0.06547469037,-0.05616123815,-0.04953300059,,,-0.05010289258,0.0009106447748,True,
2020-03-12,2020-03-11,SPX,QR-Full,QR-Full-expanding-min750-refit10-SigmaHatRECONSTRUCTED,1,0.06305796445,0.00397630688,-0.08568638052,-0.05179584877,-0.04271274051,,,-0.0999448523,0.006912297618,True,
2020-03-13,2020-03-12,SPX,QR-Full,QR-Full-expanding-min750-refit10-SigmaHatRECONSTRUCTED,1,0.1941820571,0.03770667129,-0.1483758423,-0.08801615672,-0.01604188749,,,0.08880840695,0.004369976957,True,
2020-03-16,2020-03-13,SPX,QR-Full,QR-Full-expanding-min750-refit10-SigmaHatRECONSTRUCTED,1,0.09787716252,0.009579938943,-0.09277865328,-0.06295405385,-0.02607593009,,,-0.1276521976,0.005089014186,True,
2020-03-17,2020-03-16,SPX,QR-Full,QR-Full-expanding-min750-refit10-SigmaHatRECONSTRUCTED,1,0.07770353037,0.006037838631,-0.1731934215,-0.1697863193,-0.1202389126,,,0.0582263124,0.004685736863,True,
2020-03-18,2020-03-17,SPX,QR-Full,QR-Full-expanding-min750-refit10-SigmaHatRECONSTRUCTED,1,0.03588043633,0.001287405711,-0.1180826034,-0.1047809149,-0.09363029249,,,-0.05322227203,0.004970835313,True,
2020-03-19,2020-03-18,SPX,QR-Full,QR-Full-expanding-min750-refit10-SigmaHatRECONSTRUCTED,1,0.05541142857,0.003070426416,-0.1578355518,-0.148461237,-0.120072982,,,0.004696761002,0.003712499572,True,
2020-03-20,2020-03-19,SPX,QR-Full,QR-Full-expanding-min750-refit10-SigmaHatRECONSTRUCTED,1,0.01889213958,0.0003569129378,-0.08365938283,-0.08144452789,-0.07078449839,,,-0.04432762417,0.003055510317,True,
2020-03-23,2020-03-20,SPX,QR-Full,QR-Full-expanding-min750-refit10-SigmaHatRECONSTRUCTED,1,0.03828692734,0.001465888805,-0.1084272485,-0.1022247686,-0.08233492776,,,-0.02973150122,0.005643840853,True,
2020-03-24,2020-03-23,SPX,QR-Full,QR-Full-expanding-min750-refit10-SigmaHatRECONSTRUCTED,1,0.02019398446,0.0004077970085,-0.1352238897,-0.1328621684,-0.1214618054,,,0.08968323262,0.001462784103,True,
2020-03-25,2020-03-24,SPX,QR-Full,QR-Full-expanding-min750-refit10-SigmaHatRECONSTRUCTED,1,0.05789410721,0.003351727649,-0.06790253898,-0.03456487787,-0.02844803798,,,0.01146899064,0.002412811188,True,
2020-03-26,2020-03-25,SPX,QR-Full,QR-Full-expanding-min750-refit10-SigmaHatRECONSTRUCTED,1,0.03806792161,0.001449166656,-0.08471876988,-0.07034414048,-0.05877570031,,,0.06054383077,0.002254543147,True,
2020-03-27,2020-03-26,SPX,QR-Full,QR-Full-expanding-min750-refit10-SigmaHatRECONSTRUCTED,1,0.04275020074,0.001827579664,-0.07766978238,-0.05256634203,-0.04853576651,,,-0.03426784529,0.001145968311,True,
2020-03-30,2020-03-27,SPX,QR-Full,QR-Full-expanding-min750-refit10-SigmaHatRECONSTRUCTED,1,0.07215174622,0.005205874482,-0.06744523445,-0.03988537568,-0.01827423449,,,0.03296659032,0.000590390721,True,
2020-03-31,2020-03-30,SPX,QR-Full,QR-Full-expanding-min750-refit10-SigmaHatRECONSTRUCTED,1,,,,,,,,-0.01614231062,0.0007864642406,False,degenerate_quantile_fit
2020-04-01,2020-03-31,SPX,QR-Full,QR-Full-expanding-min750-refit10-SigmaHatRECONSTRUCTED,1,0.04962354308,0.002462496028,-0.0521960786,-0.03140694329,-0.01837791947,,,-0.04514636278,0.0006328579269,True,
2020-04-02,2020-04-01,SPX,QR-Full,QR-Full-expanding-min750-refit10-SigmaHatRECONSTRUCTED,1,0.06293165364,0.00396039303,-0.05722855394,-0.03637020701,-0.01434099402,,,0.02257265692,0.001482906652,True,
2020-04-03,2020-04-02,SPX,QR-Full,QR-Full-expanding-min750-refit10-SigmaHatRECONSTRUCTED,1,0.02477818339,0.0006139583721,-0.05206782642,-0.0377517068,-0.03518163698,,,-0.01525286083,0.0006863131554,True,
2020-04-06,2020-04-03,SPX,QR-Full,QR-Full-expanding-min750-refit10-SigmaHatRECONSTRUCTED,1,0.02806811014,0.0007878188066,-0.04628493811,-0.03735948345,-0.02715668252,,,0.06796824442,0.0005742754723,True,
2020-04-07,2020-04-06,SPX,QR-Full,QR-Full-expanding-min750-refit10-SigmaHatRECONSTRUCTED,1,0.03857562374,0.001488078747,-0.04699143119,-0.02601633644,-0.02070236554,,,-0.001604339224,0.001256456382,True,
2020-04-08,2020-04-07,SPX,QR-Full,QR-Full-expanding-min750-refit10-SigmaHatRECONSTRUCTED,1,0.02249412972,0.0005059858718,-0.05371434017,-0.04299039076,-0.03838472017,,,0.03348937106,0.000463922626,True,
2020-04-09,2020-04-08,SPX,QR-Full,QR-Full-expanding-min750-refit10-SigmaHatRECONSTRUCTED,1,0.03618238187,0.001309164758,-0.0405372712,-0.01909082796,-0.01587918611,,,0.01438347035,0.0007571032497,True,
2020-04-13,2020-04-09,SPX,QR-Full,QR-Full-expanding-min750-refit10-SigmaHatRECONSTRUCTED,1,0.04755342359,0.002261328095,-0.04460769311,-0.01476233094,-0.0122003085,,,-0.01015605925,0.0005192699259,True,
2020-04-14,2020-04-13,SPX,QR-Full,QR-Full-expanding-min750-refit10-SigmaHatRECONSTRUCTED,1,0.03040156109,0.0009242549166,-0.04538260678,-0.03395251126,-0.02466411779,,,0.03011455965,0.0002619546732,True,
2020-04-15,2020-04-14,SPX,QR-Full,QR-Full-expanding-min750-refit10-SigmaHatRECONSTRUCTED,1,0.01941899925,0.0003770975317,-0.03645189434,-0.02740309865,-0.02321795807,,,-0.02227673297,0.0003851533684,True,
2020-04-16,2020-04-15,SPX,QR-Full,QR-Full-expanding-min750-refit10-SigmaHatRECONSTRUCTED,1,0.02485872636,0.0006179562764,-0.04360377441,-0.03343355915,-0.0266626954,,,0.005799838053,0.0003794789496,True,
2020-04-17,2020-04-16,SPX,QR-Full,QR-Full-expanding-min750-refit10-SigmaHatRECONSTRUCTED,1,0.01440346273,0.0002074597386,-0.0332004407,-0.02347835868,-0.02338456371,,,0.0264409321,0.0002444189251,True,
2020-04-20,2020-04-17,SPX,QR-Full,QR-Full-expanding-min750-refit10-SigmaHatRECONSTRUCTED,1,0.02020567551,0.0004082693228,-0.03770683532,-0.02694647615,-0.0239367837,,,-0.0180428458,0.0002753644971,True,
2020-04-21,2020-04-20,SPX,QR-Full,QR-Full-expanding-min750-refit10-SigmaHatRECONSTRUCTED,1,0.02515873586,0.0006329619901,-0.04547314244,-0.03786481005,-0.02832760869,,,-0.03115511505,0.0005124362452,True,
2020-04-22,2020-04-21,SPX,QR-Full,QR-Full-expanding-min750-refit10-SigmaHatRECONSTRUCTED,1,0.03119377225,0.0009730514269,-0.05466309469,-0.04392952513,-0.03340471836,,,0.02267130058,0.0001759626034,True,
2020-04-23,2020-04-22,SPX,QR-Full,QR-Full-expanding-min750-refit10-SigmaHatRECONSTRUCTED,1,0.02762673657,0.0007632365735,-0.03945894801,-0.02242987771,-0.02063148597,,,-0.0005395677439,0.0003570582845,True,
2020-04-24,2020-04-23,SPX,QR-Full,QR-Full-expanding-min750-refit10-SigmaHatRECONSTRUCTED,1,0.02055527861,0.0004225194786,-0.0403129524,-0.02972568552,-0.02630464828,,,0.01382209042,0.0001853904647,True,
2020-04-27,2020-04-24,SPX,QR-Full,QR-Full-expanding-min750-refit10-SigmaHatRECONSTRUCTED,1,0.01511716235,0.0002285285976,-0.03515087274,-0.02996723754,-0.02484861357,,,0.0146068681,0.0001054034445,True,
2020-04-28,2020-04-27,SPX,QR-Full,QR-Full-expanding-min750-refit10-SigmaHatRECONSTRUCTED,1,0.02571555071,0.0006612895481,-0.03865535665,-0.02540841388,-0.02113035678,,,-0.00525616988,0.0002887695678,True,
2020-04-29,2020-04-28,SPX,QR-Full,QR-Full-expanding-min750-refit10-SigmaHatRECONSTRUCTED,1,0.0120292674,0.0001447032742,-0.03732637177,-0.03433201381,-0.02912849524,,,0.02623670398,0.0001473542337,True,
2020-04-30,2020-04-29,SPX,QR-Full,QR-Full-expanding-min750-refit10-SigmaHatRECONSTRUCTED,1,0.02207736184,0.0004874099059,-0.03584187257,-0.02103006345,-0.02079627748,,,-0.009255143275,0.0002603634395,True,
2020-05-01,2020-04-30,SPX,QR-Full,QR-Full-expanding-min750-refit10-SigmaHatRECONSTRUCTED,1,0.02782943506,0.0007744774557,-0.04416760146,-0.02780896947,-0.02520200156,,,-0.02846021112,0.0002688180812,True,
2020-05-04,2020-05-01,SPX,QR-Full,QR-Full-expanding-min750-refit10-SigmaHatRECONSTRUCTED,1,0.03163621288,0.001000849965,-0.0570131377,-0.04827221739,-0.03545324062,,,0.004240822474,0.0001912420272,True,
2020-05-05,2020-05-04,SPX,QR-Full,QR-Full-expanding-min750-refit10-SigmaHatRECONSTRUCTED,1,0.01386445512,0.0001922231157,-0.03528527245,-0.02644747821,-0.02583672605,,,0.008999935139,0.0001555111915,True,
2020-05-06,2020-05-05,SPX,QR-Full,QR-Full-expanding-min750-refit10-SigmaHatRECONSTRUCTED,1,0.02033442029,0.0004134886486,-0.03578419173,-0.02226317425,-0.02192640128,,,-0.007003880214,0.0002097261789,True,
2020-05-07,2020-05-06,SPX,QR-Full,QR-Full-expanding-min750-refit10-SigmaHatRECONSTRUCTED,1,0.02008874459,0.0004035576594,-0.04351174843,-0.03536590661,-0.02982138456,,,0.01143895557,0.0001296960752,True,
2020-05-08,2020-05-07,SPX,QR-Full,QR-Full-expanding-min750-refit10-SigmaHatRECONSTRUCTED,1,0.01587871189,0.0002521334913,-0.03103113098,-0.02049485144,-0.02020988018,,,0.01673079526,6.774311539e-05,True,
2020-05-11,2020-05-08,SPX,QR-Full,QR-Full-expanding-min750-refit10-SigmaHatRECONSTRUCTED,1,0.02381626844,0.0005672146424,-0.03548740916,-0.02156812904,-0.01925675923,,,0.0001330691695,9.893562274e-05,True,
2020-05-12,2020-05-11,SPX,QR-Full,QR-Full-expanding-min750-refit10-SigmaHatRECONSTRUCTED,1,0.01301102938,0.0001692868855,-0.03206038231,-0.02594927077,-0.02319344064,,,-0.0207133657,0.0001786418267,True,
2020-05-13,2020-05-12,SPX,QR-Full,QR-Full-expanding-min750-refit10-SigmaHatRECONSTRUCTED,1,0.01874664702,0.0003514367744,-0.04808348502,-0.04496046109,-0.03530775292,,,-0.01761699656,0.0005328398908,True,
2020-05-14,2020-05-13,SPX,QR-Full,QR-Full-expanding-min750-refit10-SigmaHatRECONSTRUCTED,1,0.02158375495,0.0004658584779,-0.05526945829,-0.050015849,-0.04056025346,,,0.0114589178,0.0004966523444,True,
2020-05-15,2020-05-14,SPX,QR-Full,QR-Full-expanding-min750-refit10-SigmaHatRECONSTRUCTED,1,0.01136369808,0.0001291336341,-0.0440215682,-0.0430880113,-0.03627727333,,,0.003918675144,0.0002764723001,True,
2020-05-18,2020-05-15,SPX,QR-Full,QR-Full-expanding-min750-refit10-SigmaHatRECONSTRUCTED,1,0.02237457596,0.0005006216492,-0.04398447934,-0.03241901282,-0.02873633455,,,0.03101520879,0.0001164899465,True,
2020-05-19,2020-05-18,SPX,QR-Full,QR-Full-expanding-min750-refit10-SigmaHatRECONSTRUCTED,1,0.03224385955,0.001039666479,-0.04855966362,-0.03291470038,-0.02658565883,,,-0.01053974781,0.000258457374,True,
2020-05-20,2020-05-19,SPX,QR-Full,QR-Full-expanding-min750-refit10-SigmaHatRECONSTRUCTED,1,0.02953825462,0.0008725084862,-0.04799417228,-0.03406245326,-0.02786402169,,,0.01651399061,9.698443326e-05,True,
2020-05-21,2020-05-20,SPX,QR-Full,QR-Full-expanding-min750-refit10-SigmaHatRECONSTRUCTED,1,0.02395305705,0.0005737489418,-0.03533659116,-0.01986331761,-0.01901272058,,,-0.007803968088,0.000201604083,True,
2020-05-22,2020-05-21,SPX,QR-Full,QR-Full-expanding-min750-refit10-SigmaHatRECONSTRUCTED,1,0.02253132065,0.0005076604104,-0.0427023885,-0.03184297635,-0.0273474231,,,0.002350945549,8.416542348e-05,True,
2020-05-26,2020-05-22,SPX,QR-Full,QR-Full-expanding-min750-refit10-SigmaHatRECONSTRUCTED,1,0.01678808528,0.0002818398075,-0.03068506608,-0.01971159614,-0.01924408254,,,0.01221428524,9.091508121e-05,True,
2020-05-27,2020-05-26,SPX,QR-Full,QR-Full-expanding-min750-refit10-SigmaHatRECONSTRUCTED,1,0.02211597658,0.0004891164199,-0.03832827442,-0.02720591687,-0.02325636361,,,0.0147184474,0.0002519051494,True,
2020-05-28,2020-05-27,SPX,QR-Full,QR-Full-expanding-min750-refit10-SigmaHatRECONSTRUCTED,1,0.01044286803,0.0001090534926,-0.03486286377,-0.0315470221,-0.02774610929,,,-0.002110139541,0.0002006176159,True,
2020-05-29,2020-05-28,SPX,QR-Full,QR-Full-expanding-min750-refit10-SigmaHatRECONSTRUCTED,1,0.02275712047,0.0005178865321,-0.04154938782,-0.03294900539,-0.02604054114,,,0.00480079384,0.0004243948962,True,
2020-06-01,2020-05-29,SPX,QR-Full,QR-Full-expanding-min750-refit10-SigmaHatRECONSTRUCTED,1,0.01701736579,0.0002895907383,-0.03957905713,-0.02809126329,-0.02798182025,,,0.003744216192,5.660681774e-05,True,
2020-06-02,2020-06-01,SPX,QR-Full,QR-Full-expanding-min750-refit10-SigmaHatRECONSTRUCTED,1,0.0223468139,0.0004993800913,-0.03610395207,-0.02458082903,-0.02087472696,,,0.008177307319,8.633812297e-05,True,
2020-06-03,2020-06-02,SPX,QR-Full,QR-Full-expanding-min750-refit10-SigmaHatRECONSTRUCTED,1,0.02059445446,0.0004241315544,-0.03435322877,-0.02033283807,-0.02031822654,,,0.01355667087,5.475572381e-05,True,
2020-06-04,2020-06-03,SPX,QR-Full,QR-Full-expanding-min750-refit10-SigmaHatRECONSTRUCTED,1,0.02359691403,0.0005568143519,-0.03675207898,-0.02520604345,-0.02067091782,,,-0.003374388913,0.0001229619851,True,
2020-06-05,2020-06-04,SPX,QR-Full,QR-Full-expanding-min750-refit10-SigmaHatRECONSTRUCTED,1,0.0228913718,0.000524014903,-0.04011822252,-0.03198736915,-0.02451788433,,,0.02587401282,0.0001302622597,True,
2020-06-08,2020-06-05,SPX,QR-Full,QR-Full-expanding-min750-refit10-SigmaHatRECONSTRUCTED,1,0.01642185762,0.0002696774076,-0.03455231024,-0.02516983528,-0.02336090875,,,0.01196965642,6.692720348e-05,True,
2020-06-09,2020-06-08,SPX,QR-Full,QR-Full-expanding-min750-refit10-SigmaHatRECONSTRUCTED,1,0.01526360597,0.0002329776673,-0.02991788124,-0.02201930244,-0.01951582158,,,-0.007829743438,0.0001030515698,True,
2020-06-10,2020-06-09,SPX,QR-Full,QR-Full-expanding-min750-refit10-SigmaHatRECONSTRUCTED,1,0.01762944574,0.000310797357,-0.03439555147,-0.02548283128,-0.02238118562,,,-0.005327255715,0.0003247496903,True,
2020-06-11,2020-06-10,SPX,QR-Full,QR-Full-expanding-min750-refit10-SigmaHatRECONSTRUCTED,1,0.01780947631,0.0003171774466,-0.03882391994,-0.02944737504,-0.02668686429,,,-0.06075269301,0.0005275333106,True,
2020-06-12,2020-06-11,SPX,QR-Full,QR-Full-expanding-min750-refit10-SigmaHatRECONSTRUCTED,1,0.04308596966,0.001856400781,-0.08501851176,-0.0800931437,-0.05565567131,,,0.01297628662,0.001087230812,True,
2020-06-15,2020-06-12,SPX,QR-Full,QR-Full-expanding-min750-refit10-SigmaHatRECONSTRUCTED,1,0.0222277991,0.0004940750528,-0.06076929422,-0.05445307736,-0.04562117701,,,0.00827786072,0.0005903644028,True,
2020-06-16,2020-06-15,SPX,QR-Full,QR-Full-expanding-min750-refit10-SigmaHatRECONSTRUCTED,1,0.02549004602,0.0006497424464,-0.05794985613,-0.0514006836,-0.04057853641,,,0.01878485276,0.0005968447895,True,
2020-06-17,2020-06-16,SPX,QR-Full,QR-Full-expanding-min750-refit10-SigmaHatRECONSTRUCTED,1,0.02544483744,0.0006474397522,-0.05516754357,-0.04676025373,-0.03782703323,,,-0.003606796233,0.0001571177846,True,
2020-06-18,2020-06-17,SPX,QR-Full,QR-Full-expanding-min750-refit10-SigmaHatRECONSTRUCTED,1,0.02318765307,0.0005376672551,-0.04245906993,-0.03071133355,-0.02665681776,,,0.0005940435142,0.0001485622188,True,
2020-06-19,2020-06-18,SPX,QR-Full,QR-Full-expanding-min750-refit10-SigmaHatRECONSTRUCTED,1,0.02001037394,0.0004004150653,-0.03817362266,-0.02541279508,-0.02453666794,,,-0.005665513676,0.0003537311437,True,
2020-06-22,2020-06-19,SPX,QR-Full,QR-Full-expanding-min750-refit10-SigmaHatRECONSTRUCTED,1,0.01976104865,0.0003904990437,-0.04889336325,-0.0434025999,-0.03542632228,,,0.006474093237,0.0001185971932,True,
2020-06-23,2020-06-22,SPX,QR-Full,QR-Full-expanding-min750-refit10-SigmaHatRECONSTRUCTED,1,0.02126984088,0.0004524061312,-0.03952559636,-0.02971196581,-0.02503032216,,,0.004298169307,8.550546038e-05,True,
2020-06-24,2020-06-23,SPX,QR-Full,QR-Full-expanding-min750-refit10-SigmaHatRECONSTRUCTED,1,0.01828792499,0.0003344482003,-0.03493415704,-0.02467382177,-0.02247104137,,,-0.02619526562,0.0004558057149,True,
2020-06-25,2020-06-24,SPX,QR-Full,QR-Full-expanding-min750-refit10-SigmaHatRECONSTRUCTED,1,0.03773509204,0.001423937171,-0.06658232234,-0.05440435004,-0.0408660742,,,0.01089982785,0.0003324352673,True,
2020-06-26,2020-06-25,SPX,QR-Full,QR-Full-expanding-min750-refit10-SigmaHatRECONSTRUCTED,1,0.02143972597,0.0004596618499,-0.04502628941,-0.03497185219,-0.0304152395,,,-0.02452520429,0.0003004385505,True,
2020-06-29,2020-06-26,SPX,QR-Full,QR-Full-expanding-min750-refit10-SigmaHatRECONSTRUCTED,1,0.03748651441,0.001405238763,-0.06272862362,-0.04905705167,-0.03718177971,,,0.01457888798,0.0001541900604,True,
2020-06-30,2020-06-29,SPX,QR-Full,QR-Full-expanding-min750-refit10-SigmaHatRECONSTRUCTED,1,0.02447696572,0.000599121851,-0.04434705587,-0.03473630414,-0.02766614454,,,0.01529234949,0.000168251224,True,
2020-07-01,2020-06-30,SPX,QR-Full,QR-Full-expanding-min750-refit10-SigmaHatRECONSTRUCTED,1,0.02329724175,0.0005427614731,-0.04361222635,-0.032114961,-0.02773529012,,,0.005009563861,0.0001321573288,True,
2020-07-02,2020-07-01,SPX,QR-Full,QR-Full-expanding-min750-refit10-SigmaHatRECONSTRUCTED,1,0.02238408855,0.0005010474202,-0.03857141706,-0.02748207391,-0.02331678949,,,0.004530970687,0.0001101637433,True,
2020-07-06,2020-07-02,SPX,QR-Full,QR-Full-expanding-min750-refit10-SigmaHatRECONSTRUCTED,1,0.01836186034,0.0003371579153,-0.03541766414,-0.0249443901,-0.02290416195,,,0.01575693085,5.254614863e-05,True,
2020-07-07,2020-07-06,SPX,QR-Full,QR-Full-expanding-min750-refit10-SigmaHatRECONSTRUCTED,1,0.02369294876,0.0005613558209,-0.03593304948,-0.02237160964,-0.01978644121,,,-0.01087747808,9.197351285e-05,True,
2020-07-08,2020-07-07,SPX,QR-Full,QR-Full-expanding-min750-refit10-SigmaHatRECONSTRUCTED,1,0.02657654431,0.0007063127074,-0.04321202681,-0.03077569344,-0.02510026475,,,0.00779698625,0.0001230049319,True,
2020-07-09,2020-07-08,SPX,QR-Full,QR-Full-expanding-min750-refit10-SigmaHatRECONSTRUCTED,1,0.02520404385,0.0006352438264,-0.03869724271,-0.02490832607,-0.02152083182,,,-0.005659591294,0.000283552207,True,
2020-07-10,2020-07-09,SPX,QR-Full,QR-Full-expanding-min750-refit10-SigmaHatRECONSTRUCTED,1,0.02237002648,0.0005004180848,-0.04450668167,-0.03516135653,-0.02926163731,,,0.0104118097,0.0001549009178,True,
2020-07-13,2020-07-10,SPX,QR-Full,QR-Full-expanding-min750-refit10-SigmaHatRECONSTRUCTED,1,0.01774397607,0.0003148486867,-0.0364108407,-0.02766005767,-0.02431842309,,,-0.009406645102,0.0002741668599,True,
2020-07-14,2020-07-13,SPX,QR-Full,QR-Full-expanding-min750-refit10-SigmaHatRECONSTRUCTED,1,0.02913898301,0.0008490803308,-0.05481210542,-0.04778845904,-0.03495405613,,,0.01331730064,0.000385050871,True,
2020-07-15,2020-07-14,SPX,QR-Full,QR-Full-expanding-min750-refit10-SigmaHatRECONSTRUCTED,1,0.01843783393,0.0003399537201,-0.04287457814,-0.03396308914,-0.03030930038,,,0.009041056916,0.0002369799257,True,
2020-07-16,2020-07-15,SPX,QR-Full,QR-Full-expanding-min750-refit10-SigmaHatRECONSTRUCTED,1,0.02076775359,0.0004312995891,-0.03956149212,-0.02875068973,-0.02540838753,,,-0.003411915452,9.166164402e-05,True,
2020-07-17,2020-07-16,SPX,QR-Full,QR-Full-expanding-min750-refit10-SigmaHatRECONSTRUCTED,1,0.02400259858,0.0005761247388,-0.03751708728,-0.02418338567,-0.02115945443,,,0.002844562554,5.609352989e-05,True,
2020-07-20,2020-07-17,SPX,QR-Full,QR-Full-expanding-min750-refit10-SigmaHatRECONSTRUCTED,1,0.02178008852,0.0004743722561,-0.0348752125,-0.02502791774,-0.02003220747,,,0.008371797434,4.740299896e-05,True,
2020-07-21,2020-07-20,SPX,QR-Full,QR-Full-expanding-min750-refit10-SigmaHatRECONSTRUCTED,1,0.01848509706,0.0003416988132,-0.0319427068,-0.02348791205,-0.0193452195,,,0.001677629354,9.259444218e-05,True,
2020-07-22,2020-07-21,SPX,QR-Full,QR-Full-expanding-min750-refit10-SigmaHatRECONSTRUCTED,1,0.01987046452,0.0003948353604,-0.03384965531,-0.02243751831,-0.02030804805,,,0.005730630685,7.257827192e-05,True,
2020-07-23,2020-07-22,SPX,QR-Full,QR-Full-expanding-min750-refit10-SigmaHatRECONSTRUCTED,1,0.01965211759,0.0003862057258,-0.03192983882,-0.01991231898,-0.01853703374,,,-0.01239637859,0.0001617840294,True,
2020-07-24,2020-07-23,SPX,QR-Full,QR-Full-expanding-min750-refit10-SigmaHatRECONSTRUCTED,1,0.02776856822,0.0007710933811,-0.0468564268,-0.0354036645,-0.02793230731,,,-0.006209639932,0.0001426757696,True,
2020-07-27,2020-07-24,SPX,QR-Full,QR-Full-expanding-min750-refit10-SigmaHatRECONSTRUCTED,1,0.02725942925,0.0007430764829,-0.04114557466,-0.02636236831,-0.02256843045,,,0.007367928729,4.316836363e-05,True,
2020-07-28,2020-07-27,SPX,QR-Full,QR-Full-expanding-min750-refit10-SigmaHatRECONSTRUCTED,1,0.02391331579,0.0005718466721,-0.03542575651,-0.02389237825,-0.01912896937,,,-0.006494435511,6.784680997e-05,True,
2020-07-29,2020-07-28,SPX,QR-Full,QR-Full-expanding-min750-refit10-SigmaHatRECONSTRUCTED,1,0.02482437326,0.000616249508,-0.0379704389,-0.02500850223,-0.02105277133,,,0.01235178335,6.118551883e-05,True,
2020-07-30,2020-07-29,SPX,QR-Full,QR-Full-expanding-min750-refit10-SigmaHatRECONSTRUCTED,1,0.02186208547,0.0004779507809,-0.03502630839,-0.02484697013,-0.02012742291,,,-0.003757301547,0.0001310626128,True,
2020-07-31,2020-07-30,SPX,QR-Full,QR-Full-expanding-min750-refit10-SigmaHatRECONSTRUCTED,1,0.02261620201,0.0005114925935,-0.03876856958,-0.02717323953,-0.02335575801,,,0.007641236093,0.0001694056672,True,
2020-08-03,2020-07-31,SPX,QR-Full,QR-Full-expanding-min750-refit10-SigmaHatRECONSTRUCTED,1,0.0183561519,0.0003369483127,-0.03691138162,-0.02693409635,-0.0244017697,,,0.007155362594,4.938043592e-05,True,
2020-08-04,2020-08-03,SPX,QR-Full,QR-Full-expanding-min750-refit10-SigmaHatRECONSTRUCTED,1,0.02288341584,0.0005236507203,-0.03463727723,-0.02331184625,-0.01904236098,,,0.003605423225,5.145923309e-05,True,
2020-08-05,2020-08-04,SPX,QR-Full,QR-Full-expanding-min750-refit10-SigmaHatRECONSTRUCTED,1,0.02144453823,0.0004598682199,-0.03138333668,-0.01867601779,-0.01676900724,,,0.006409160505,3.157932907e-05,True,
2020-08-06,2020-08-05,SPX,QR-Full,QR-Full-expanding-min750-refit10-SigmaHatRECONSTRUCTED,1,0.02525725648,0.0006379290049,-0.03367535185,-0.01947143355,-0.01646267686,,,0.006407125847,4.689697829e-05,True,
2020-08-07,2020-08-06,SPX,QR-Full,QR-Full-expanding-min750-refit10-SigmaHatRECONSTRUCTED,1,0.01823536493,0.0003325285341,-0.02972779565,-0.02142086127,-0.01730049936,,,0.000632829214,0.0001024426913,True,
2020-08-10,2020-08-07,SPX,QR-Full,QR-Full-expanding-min750-refit10-SigmaHatRECONSTRUCTED,1,0.01412296558,0.0001994581569,-0.02837305494,-0.01934041587,-0.01874833515,,,0.00273846545,6.033176062e-05,True,
2020-08-11,2020-08-10,SPX,QR-Full,QR-Full-expanding-min750-refit10-SigmaHatRECONSTRUCTED,1,0.01746658938,0.0003050817447,-0.02929745894,-0.02072964285,-0.01739407876,,,-0.008001055612,0.000174073884,True,
2020-08-12,2020-08-11,SPX,QR-Full,QR-Full-expanding-min750-refit10-SigmaHatRECONSTRUCTED,1,0.02937357008,0.000862806619,-0.04825658255,-0.03908602643,-0.02823866353,,,0.01389950252,4.329716393e-05,True,
2020-08-13,2020-08-12,SPX,QR-Full,QR-Full-expanding-min750-refit10-SigmaHatRECONSTRUCTED,1,0.01785162473,0.0003186805056,-0.03054389744,-0.02279446198,-0.01837811788,,,-0.002049272671,5.443481907e-05,True,
2020-08-14,2020-08-13,SPX,QR-Full,QR-Full-expanding-min750-refit10-SigmaHatRECONSTRUCTED,1,0.02204912928,0.0004861641019,-0.03513069971,-0.02616036237,-0.02010434496,,,-0.0001718974009,6.057671238e-05,True,
2020-08-17,2020-08-14,SPX,QR-Full,QR-Full-expanding-min750-refit10-SigmaHatRECONSTRUCTED,1,0.01880056563,0.0003534612679,-0.03090955817,-0.02071708838,-0.01809708085,,,0.002706177336,1.349413308e-05,True,
2020-08-18,2020-08-17,SPX,QR-Full,QR-Full-expanding-min750-refit10-SigmaHatRECONSTRUCTED,1,0.01849430622,0.0003420393627,-0.02546430616,-0.01559444614,-0.01286054286,,,0.002300740402,6.346426054e-05,True,
2020-08-19,2020-08-18,SPX,QR-Full,QR-Full-expanding-min750-refit10-SigmaHatRECONSTRUCTED,1,0.02504041985,0.0006270226264,-0.03265694965,-0.02104958456,-0.01559204757,,,-0.004414123156,4.435635684e-05,True,
2020-08-20,2020-08-19,SPX,QR-Full,QR-Full-expanding-min750-refit10-SigmaHatRECONSTRUCTED,1,0.02476252657,0.0006131827219,-0.03511607007,-0.02436173856,-0.01824055067,,,0.003153654736,3.51259305e-05,True,
2020-08-21,2020-08-20,SPX,QR-Full,QR-Full-expanding-min750-refit10-SigmaHatRECONSTRUCTED,1,0.019036987,0.000362406874,-0.03040064858,-0.02115452408,-0.01742705146,,,0.003435199882,3.610502175e-05,True,
2020-08-24,2020-08-21,SPX,QR-Full,QR-Full-expanding-min750-refit10-SigmaHatRECONSTRUCTED,1,0.01770338583,0.0003134098699,-0.02824044022,-0.0177246655,-0.01617568462,,,0.009993615311,4.400161422e-05,True,
2020-08-25,2020-08-24,SPX,QR-Full,QR-Full-expanding-min750-refit10-SigmaHatRECONSTRUCTED,1,0.01954575749,0.0003820366357,-0.02997551189,-0.01769586147,-0.01665519061,,,0.003589899778,3.530204923e-05,True,
2020-08-26,2020-08-25,SPX,QR-Full,QR-Full-expanding-min750-refit10-SigmaHatRECONSTRUCTED,1,0.02269405219,0.0005150200048,-0.03241604611,-0.02050786429,-0.0169501801,,,0.01014400126,5.177061495e-05,True,
2020-08-27,2020-08-26,SPX,QR-Full,QR-Full-expanding-min750-refit10-SigmaHatRECONSTRUCTED,1,0.02135853485,0.000456187011,-0.034223111,-0.02383595081,-0.01966739237,,,0.001671646216,0.0001288689351,True,
2020-08-28,2020-08-27,SPX,QR-Full,QR-Full-expanding-min750-refit10-SigmaHatRECONSTRUCTED,1,0.02520066573,0.0006350735531,-0.04083110089,-0.02712476693,-0.02365699218,,,0.006710002867,3.6020273e-05,True,
2020-08-31,2020-08-28,SPX,QR-Full,QR-Full-expanding-min750-refit10-SigmaHatRECONSTRUCTED,1,0.024806093,0.00061534225,-0.03449747191,-0.02277325761,-0.01759226224,,,-0.002197375126,6.701864312e-05,True,
2020-09-01,2020-08-31,SPX,QR-Full,QR-Full-expanding-min750-refit10-SigmaHatRECONSTRUCTED,1,0.02802897437,0.0007856234042,-0.03945454489,-0.02380509664,-0.0203529601,,,0.007496831207,4.948458626e-05,True,
2020-09-02,2020-09-01,SPX,QR-Full,QR-Full-expanding-min750-refit10-SigmaHatRECONSTRUCTED,1,0.02300652523,0.0005293002033,-0.03655144221,-0.0239001295,-0.02087262762,,,0.01524905027,8.25398823e-05,True,
2020-09-03,2020-09-02,SPX,QR-Full,QR-Full-expanding-min750-refit10-SigmaHatRECONSTRUCTED,1,0.02370085222,0.0005617303959,-0.03941749813,-0.02817007784,-0.0232655037,,,-0.03575759406,0.000876636275,True,
2020-09-04,2020-09-03,SPX,QR-Full,QR-Full-expanding-min750-refit10-SigmaHatRECONSTRUCTED,1,0.05711869905,0.003262545781,-0.09155690945,-0.07523022245,-0.05263084464,,,-0.008166280854,0.0009349915417,True,
2020-09-08,2020-09-04,SPX,QR-Full,QR-Full-expanding-min750-refit10-SigmaHatRECONSTRUCTED,1,0.04517509158,0.002040788899,-0.08043015253,-0.07039376916,-0.04964358751,,,-0.02814882907,0.0005356773508,True,
2020-09-09,2020-09-08,SPX,QR-Full,QR-Full-expanding-min750-refit10-SigmaHatRECONSTRUCTED,1,0.03853925752,0.00148527437,-0.06444446475,-0.04731817033,-0.03818018246,,,0.01994476065,0.0002139767146,True,
2020-09-10,2020-09-09,SPX,QR-Full,QR-Full-expanding-min750-refit10-SigmaHatRECONSTRUCTED,1,0.02788205818,0.0007774091684,-0.04866969547,-0.03759847496,-0.02966823323,,,-0.01774124607,0.000529118767,True,
2020-09-11,2020-09-10,SPX,QR-Full,QR-Full-expanding-min750-refit10-SigmaHatRECONSTRUCTED,1,0.03855084737,0.001486167833,-0.06922104833,-0.05967976825,-0.04294886763,,,0.0005329303686,0.0003296218541,True,
2020-09-14,2020-09-11,SPX,QR-Full,QR-Full-expanding-min750-refit10-SigmaHatRECONSTRUCTED,1,0.02370556715,0.0005619539141,-0.04705122716,-0.0388568651,-0.03089601952,,,0.01266133492,0.0001247838293,True,
2020-09-15,2020-09-14,SPX,QR-Full,QR-Full-expanding-min750-refit10-SigmaHatRECONSTRUCTED,1,0.0221436033,0.0004903391669,-0.04022175845,-0.03209010705,-0.02513102019,,,0.005205785898,6.717346293e-05,True,
2020-09-16,2020-09-15,SPX,QR-Full,QR-Full-expanding-min750-refit10-SigmaHatRECONSTRUCTED,1,0.02022025269,0.000408858619,-0.03592481423,-0.02697118141,-0.02214482834,,,-0.004629646911,0.0001247589883,True,
2020-09-17,2020-09-16,SPX,QR-Full,QR-Full-expanding-min750-refit10-SigmaHatRECONSTRUCTED,1,0.02465644537,0.0006079402981,-0.04245279443,-0.03273625951,-0.02564956876,,,-0.00844794939,0.0002453951221,True,
2020-09-18,2020-09-17,SPX,QR-Full,QR-Full-expanding-min750-refit10-SigmaHatRECONSTRUCTED,1,0.02576921179,0.0006640522761,-0.04602772965,-0.03502298879,-0.02846616006,,,-0.01124557693,0.0002179262602,True,
2020-09-21,2020-09-18,SPX,QR-Full,QR-Full-expanding-min750-refit10-SigmaHatRECONSTRUCTED,1,0.0276773027,0.0007660330845,-0.05024969808,-0.04129319645,-0.03138777552,,,-0.01163856399,0.0002598081129,True,
2020-09-22,2020-09-21,SPX,QR-Full,QR-Full-expanding-min750-refit10-SigmaHatRECONSTRUCTED,1,0.02390091937,0.0005712539465,-0.04619193527,-0.03750487654,-0.02990359622,,,0.01046301617,0.0001643774938,True,
2020-09-23,2020-09-22,SPX,QR-Full,QR-Full-expanding-min750-refit10-SigmaHatRECONSTRUCTED,1,0.0149857236,0.0002245719118,-0.03455733534,-0.02789729356,-0.02434465092,,,-0.02400733877,0.0002438878838,True,
2020-09-24,2020-09-23,SPX,QR-Full,QR-Full-expanding-min750-refit10-SigmaHatRECONSTRUCTED,1,0.03592959966,0.001290936132,-0.06234332658,-0.05463999528,-0.03785751111,,,0.00298300555,0.0004093627164,True,
2020-09-25,2020-09-24,SPX,QR-Full,QR-Full-expanding-min750-refit10-SigmaHatRECONSTRUCTED,1,0.02037007994,0.0004149401567,-0.04506973885,-0.03800681256,-0.03118764656,,,0.01585043921,0.0002303140237,True,
2020-09-28,2020-09-25,SPX,QR-Full,QR-Full-expanding-min750-refit10-SigmaHatRECONSTRUCTED,1,0.01316614002,0.0001733472431,-0.03801702049,-0.03703525861,-0.0290443718,,,0.01598219194,0.0001100395938,True,
2020-09-29,2020-09-28,SPX,QR-Full,QR-Full-expanding-min750-refit10-SigmaHatRECONSTRUCTED,1,0.0139817147,0.0001954883461,-0.03074023415,-0.0229152324,-0.02121177602,,,-0.004824282718,0.000107396689,True,
2020-09-30,2020-09-29,SPX,QR-Full,QR-Full-expanding-min750-refit10-SigmaHatRECONSTRUCTED,1,0.01814087275,0.0003290912641,-0.0344329055,-0.02633865557,-0.02207000508,,,0.008219842479,0.0002292037056,True,
2020-10-01,2020-09-30,SPX,QR-Full,QR-Full-expanding-min750-refit10-SigmaHatRECONSTRUCTED,1,0.01625726245,0.0002642985824,-0.03677742265,-0.03006276513,-0.02569819182,,,0.005278949615,0.0001262334972,True,
2020-10-02,2020-10-01,SPX,QR-Full,QR-Full-expanding-min750-refit10-SigmaHatRECONSTRUCTED,1,0.0162546348,0.0002642131525,-0.03317020487,-0.02598892061,-0.02209276476,,,-0.00962381288,0.0002826307935,True,
2020-10-05,2020-10-02,SPX,QR-Full,QR-Full-expanding-min750-refit10-SigmaHatRECONSTRUCTED,1,0.01763658402,0.000311049096,-0.0397393576,-0.0306071154,-0.02772012705,,,0.01781310907,4.157712268e-05,True,
2020-10-06,2020-10-05,SPX,QR-Full,QR-Full-expanding-min750-refit10-SigmaHatRECONSTRUCTED,1,0.01371515558,0.0001881054927,-0.02934426174,-0.02376029616,-0.01999746211,,,-0.0140720644,0.0003890064109,True,
2020-10-07,2020-10-06,SPX,QR-Full,QR-Full-expanding-min750-refit10-SigmaHatRECONSTRUCTED,1,0.02584022179,0.000667717062,-0.04755285249,-0.04213347693,-0.02994289,,,0.01724716356,6.856976052e-05,True,
2020-10-08,2020-10-07,SPX,QR-Full,QR-Full-expanding-min750-refit10-SigmaHatRECONSTRUCTED,1,0.01595572381,0.0002545851225,-0.0324406424,-0.02676601391,-0.02156690841,,,0.007978212977,6.034802286e-05,True,
2020-10-09,2020-10-08,SPX,QR-Full,QR-Full-expanding-min750-refit10-SigmaHatRECONSTRUCTED,1,0.009707500594,9.423556778e-05,-0.02500383348,-0.01846018744,-0.01838822767,,,0.008755095338,4.706994796e-05,True,
2020-10-12,2020-10-09,SPX,QR-Full,QR-Full-expanding-min750-refit10-SigmaHatRECONSTRUCTED,1,0.01536860731,0.0002361940907,-0.02797013449,-0.02066251907,-0.01749651703,,,0.01628253012,4.5804847e-05,True,
2020-10-13,2020-10-12,SPX,QR-Full,QR-Full-expanding-min750-refit10-SigmaHatRECONSTRUCTED,1,0.0119663326,0.0001431931158,-0.02758139752,-0.0245054563,-0.01942641069,,,-0.006326891611,0.0001117996429,True,
2020-10-14,2020-10-13,SPX,QR-Full,QR-Full-expanding-min750-refit10-SigmaHatRECONSTRUCTED,1,0.01267653318,0.0001606944935,-0.03030137836,-0.02301046959,-0.02166239392,,,-0.006645172151,0.0001293458469,True,
2020-10-15,2020-10-14,SPX,QR-Full,QR-Full-expanding-min750-refit10-SigmaHatRECONSTRUCTED,1,0.01882715288,0.0003544616854,-0.03748030483,-0.0298665537,-0.02464970846,,,-0.001528923519,9.053714453e-05,True,
2020-10-16,2020-10-15,SPX,QR-Full,QR-Full-expanding-min750-refit10-SigmaHatRECONSTRUCTED,1,0.01287944897,0.0001658802057,-0.03123831779,-0.02602406163,-0.02246104742,,,0.0001349105418,7.810669142e-05,True,
2020-10-19,2020-10-16,SPX,QR-Full,QR-Full-expanding-min750-refit10-SigmaHatRECONSTRUCTED,1,0.0169768166,0.000288212302,-0.03351456676,-0.02678979178,-0.02194496391,,,-0.0164646636,0.0001823456498,True,
2020-10-20,2020-10-19,SPX,QR-Full,QR-Full-expanding-min750-refit10-SigmaHatRECONSTRUCTED,1,0.0320243871,0.001025561369,-0.05496957321,-0.0464236354,-0.03314513764,,,0.004716195229,0.0002019823116,True,
2020-10-21,2020-10-20,SPX,QR-Full,QR-Full-expanding-min750-refit10-SigmaHatRECONSTRUCTED,1,0.02084656521,0.0004345792809,-0.03977153569,-0.02963500312,-0.02556472143,,,-0.002198113839,0.0001772269116,True,
2020-10-22,2020-10-21,SPX,QR-Full,QR-Full-expanding-min750-refit10-SigmaHatRECONSTRUCTED,1,0.02287117385,0.0005230905933,-0.04109877505,-0.02974290757,-0.02551220165,,,0.005205353817,0.0001445046819,True,
2020-10-23,2020-10-22,SPX,QR-Full,QR-Full-expanding-min750-refit10-SigmaHatRECONSTRUCTED,1,0.0158826467,0.0002522584662,-0.03577338555,-0.0285611462,-0.0249494532,,,0.00343983851,6.65790331e-05,True,
2020-10-26,2020-10-23,SPX,QR-Full,QR-Full-expanding-min750-refit10-SigmaHatRECONSTRUCTED,1,0.01745096577,0.0003045362063,-0.03239018175,-0.02511670528,-0.02049744897,,,-0.01876447302,0.0002052847873,True,
2020-10-27,2020-10-26,SPX,QR-Full,QR-Full-expanding-min750-refit10-SigmaHatRECONSTRUCTED,1,0.03124376146,0.0009761726302,-0.05516171645,-0.0455696286,-0.03386927275,,,-0.003030205332,0.0001148735421,True,
2020-10-28,2020-10-27,SPX,QR-Full,QR-Full-expanding-min750-refit10-SigmaHatRECONSTRUCTED,1,0.01967141006,0.0003869643736,-0.0368901042,-0.02488129605,-0.02348415142,,,-0.03592554231,0.0003479590946,True,
2020-10-29,2020-10-28,SPX,QR-Full,QR-Full-expanding-min750-refit10-SigmaHatRECONSTRUCTED,1,0.04526123132,0.002048579061,-0.0708386527,-0.05182119672,-0.03999338393,,,0.0118765249,0.0003309978365,True,
2020-10-30,2020-10-29,SPX,QR-Full,QR-Full-expanding-min750-refit10-SigmaHatRECONSTRUCTED,1,0.02184138301,0.0004770460119,-0.0482151154,-0.04130631577,-0.03333033853,,,-0.0122037133,0.0005703867475,True,
2020-11-02,2020-10-30,SPX,QR-Full,QR-Full-expanding-min750-refit10-SigmaHatRECONSTRUCTED,1,0.0304778054,0.000928896622,-0.05945742153,-0.04865055704,-0.03868697249,,,0.0122429508,0.0002179180353,True,
2020-11-03,2020-11-02,SPX,QR-Full,QR-Full-expanding-min750-refit10-SigmaHatRECONSTRUCTED,1,0.01715847025,0.0002944131013,-0.04156971362,-0.03791784175,-0.02987631486,,,0.01764273772,0.0002447983923,True,
2020-11-04,2020-11-03,SPX,QR-Full,QR-Full-expanding-min750-refit10-SigmaHatRECONSTRUCTED,1,0.02200440099,0.0004841936629,-0.04350979967,-0.03682377415,-0.02851392698,,,0.02180752557,0.0003201355093,True,
2020-11-05,2020-11-04,SPX,QR-Full,QR-Full-expanding-min750-refit10-SigmaHatRECONSTRUCTED,1,0.01351211619,0.000182577284,-0.03876466352,-0.03730204969,-0.02955623407,,,0.01927326585,0.0001576745356,True,
2020-11-06,2020-11-05,SPX,QR-Full,QR-Full-expanding-min750-refit10-SigmaHatRECONSTRUCTED,1,0.01831663952,0.0003354992834,-0.03806187612,-0.03221726998,-0.02557919166,,,-0.0002877566522,0.0001561124751,True,
2020-11-09,2020-11-06,SPX,QR-Full,QR-Full-expanding-min750-refit10-SigmaHatRECONSTRUCTED,1,0.01776580547,0.0003156238439,-0.03576346373,-0.03086908923,-0.02365616951,,,0.01163197486,0.0004801606309,True,
2020-11-10,2020-11-09,SPX,QR-Full,QR-Full-expanding-min750-refit10-SigmaHatRECONSTRUCTED,1,0.02096186201,0.0004393996591,-0.0498805138,-0.04604166759,-0.03559512543,,,-0.001400775305,0.0003006390724,True,
2020-11-11,2020-11-10,SPX,QR-Full,QR-Full-expanding-min750-refit10-SigmaHatRECONSTRUCTED,1,0.01610408819,0.0002593416565,-0.0366355401,-0.03094913261,-0.02566069664,,,0.007622728416,7.254874507e-05,True,
2020-11-12,2020-11-11,SPX,QR-Full,QR-Full-expanding-min750-refit10-SigmaHatRECONSTRUCTED,1,0.009442593433,8.916257075e-05,-0.0239119067,-0.02220177722,-0.0174768336,,,-0.01002865145,0.0001428831617,True,
2020-11-13,2020-11-12,SPX,QR-Full,QR-Full-expanding-min750-refit10-SigmaHatRECONSTRUCTED,1,0.01905370834,0.0003630438015,-0.03784282042,-0.03347771382,-0.0248578278,,,0.01351854654,5.920948328e-05,True,
2020-11-16,2020-11-13,SPX,QR-Full,QR-Full-expanding-min750-refit10-SigmaHatRECONSTRUCTED,1,0.008686947746,7.546306115e-05,-0.02474864027,-0.02233554187,-0.01882853535,,,0.01158073499,0.0001041819771,True,
2020-11-17,2020-11-16,SPX,QR-Full,QR-Full-expanding-min750-refit10-SigmaHatRECONSTRUCTED,1,0.01021943025,0.0001044367546,-0.02462935501,-0.01902264712,-0.01766487209,,,-0.004803443837,5.90349547e-05,True,
2020-11-18,2020-11-17,SPX,QR-Full,QR-Full-expanding-min750-refit10-SigmaHatRECONSTRUCTED,1,0.01089342659,0.0001186667428,-0.02501466846,-0.02064410801,-0.01759086091,,,-0.01163121058,9.552294679e-05,True,
2020-11-19,2020-11-18,SPX,QR-Full,QR-Full-expanding-min750-refit10-SigmaHatRECONSTRUCTED,1,0.02114813922,0.0004472437925,-0.03826267669,-0.03121066334,-0.02385034147,,,0.003938675656,9.007149675e-05,True,
2020-11-20,2020-11-19,SPX,QR-Full,QR-Full-expanding-min750-refit10-SigmaHatRECONSTRUCTED,1,0.00705797852,4.981506079e-05,-0.02366909623,-0.02047555175,-0.01885912447,,,-0.006815737338,7.195741741e-05,True,
2020-11-23,2020-11-20,SPX,QR-Full,QR-Full-expanding-min750-refit10-SigmaHatRECONSTRUCTED,1,0.01661004367,0.0002758935507,-0.02941277928,-0.0226876649,-0.01809313008,,,0.00562010823,9.883545084e-05,True,
2020-11-24,2020-11-23,SPX,QR-Full,QR-Full-expanding-min750-refit10-SigmaHatRECONSTRUCTED,1,0.009400795639,8.837495865e-05,-0.02567170084,-0.02164197544,-0.0192651127,,,0.01603245875,4.976204088e-05,True,
2020-11-25,2020-11-24,SPX,QR-Full,QR-Full-expanding-min750-refit10-SigmaHatRECONSTRUCTED,1,0.008677119573,7.529240408e-05,-0.02341389767,-0.02104093609,-0.0175004906,,,-0.00158567482,4.31951423e-05,True,
2020-11-27,2020-11-25,SPX,QR-Full,QR-Full-expanding-min750-refit10-SigmaHatRECONSTRUCTED,1,0.01049083722,0.0001100576655,-0.0222262194,-0.01759529938,-0.01507677419,,,0.002394111215,,True,
2020-11-30,2020-11-27,SPX,QR-Full,QR-Full-expanding-min750-refit10-SigmaHatRECONSTRUCTED,1,,,,,,,,-0.00460614068,,False,predictors_unavailable
2020-12-01,2020-11-30,SPX,QR-Full,QR-Full-expanding-min750-refit10-SigmaHatRECONSTRUCTED,1,0.01054378921,0.0001111714908,-0.02686632775,-0.02199124981,-0.01968079606,,,0.01120814056,7.354585433e-05,True,
2020-12-02,2020-12-01,SPX,QR-Full,QR-Full-expanding-min750-refit10-SigmaHatRECONSTRUCTED,1,0.01488424156,0.0002215406468,-0.02889467553,-0.02286445273,-0.01875115053,,,0.001789564639,4.279026883e-05,True,
2020-12-03,2020-12-02,SPX,QR-Full,QR-Full-expanding-min750-refit10-SigmaHatRECONSTRUCTED,1,0.01006549319,0.0001013141532,-0.02244300855,-0.01771233165,-0.01558343284,,,-0.0006243520632,8.303572831e-05,True,
2020-12-04,2020-12-03,SPX,QR-Full,QR-Full-expanding-min750-refit10-SigmaHatRECONSTRUCTED,1,0.01480889794,0.0002193034582,-0.02619423644,-0.02043927346,-0.01610205769,,,0.008797463584,2.70608992e-05,True,
2020-12-07,2020-12-04,SPX,QR-Full,QR-Full-expanding-min750-refit10-SigmaHatRECONSTRUCTED,1,0.01153824603,0.0001331311214,-0.0224416015,-0.01824374006,-0.01457835321,,,-0.001937513371,4.103114171e-05,True,
2020-12-08,2020-12-07,SPX,QR-Full,QR-Full-expanding-min750-refit10-SigmaHatRECONSTRUCTED,1,0.01153444765,0.0001330434826,-0.02348648549,-0.01838018621,-0.01562582578,,,0.002783271153,2.821570099e-05,True,
2020-12-09,2020-12-08,SPX,QR-Full,QR-Full-expanding-min750-refit10-SigmaHatRECONSTRUCTED,1,0.01073578354,0.0001152570482,-0.02171739552,-0.01916087714,-0.0144010208,,,-0.007980965046,0.0001207808626,True,
2020-12-10,2020-12-09,SPX,QR-Full,QR-Full-expanding-min750-refit10-SigmaHatRECONSTRUCTED,1,0.02131477211,0.0004543195103,-0.03868083807,-0.03074841041,-0.0241549435,,,-0.001285934336,9.711744785e-05,True,
2020-12-11,2020-12-10,SPX,QR-Full,QR-Full-expanding-min750-refit10-SigmaHatRECONSTRUCTED,1,0.01525278338,0.0002326474008,-0.03017971178,-0.02251318275,-0.01978502766,,,-0.001265798161,7.239920276e-05,True,
2020-12-14,2020-12-11,SPX,QR-Full,QR-Full-expanding-min750-refit10-SigmaHatRECONSTRUCTED,1,0.01717134957,0.0002948552459,-0.03126992135,-0.02543899792,-0.0195677454,,,-0.004368788326,9.824248493e-05,True,
2020-12-15,2020-12-14,SPX,QR-Full,QR-Full-expanding-min750-refit10-SigmaHatRECONSTRUCTED,1,0.02415398804,0.0005834151382,-0.04081073805,-0.03316464412,-0.02434993416,,,0.01283848204,4.858409091e-05,True,
2020-12-16,2020-12-15,SPX,QR-Full,QR-Full-expanding-min750-refit10-SigmaHatRECONSTRUCTED,1,0.01908147958,0.0003641028631,-0.03167230017,-0.02553592531,-0.01866838161,,,0.001771225705,4.308774053e-05,True,
2020-12-17,2020-12-16,SPX,QR-Full,QR-Full-expanding-min750-refit10-SigmaHatRECONSTRUCTED,1,0.01583420346,0.0002507219992,-0.02833013646,-0.02240141912,-0.01753921789,,,0.005741142649,2.926150672e-05,True,
2020-12-18,2020-12-17,SPX,QR-Full,QR-Full-expanding-min750-refit10-SigmaHatRECONSTRUCTED,1,0.01815449354,0.0003295856356,-0.02851365418,-0.02175215775,-0.01614147128,,,-0.003517296856,8.836101155e-05,True,
2020-12-21,2020-12-18,SPX,QR-Full,QR-Full-expanding-min750-refit10-SigmaHatRECONSTRUCTED,1,0.01786735973,0.0003192425436,-0.03338890891,-0.02648563174,-0.02121240604,,,-0.003913928424,0.0001428015798,True,
2020-12-22,2020-12-21,SPX,QR-Full,QR-Full-expanding-min750-refit10-SigmaHatRECONSTRUCTED,1,0.02441137553,0.0005959152553,-0.04233291425,-0.03568801523,-0.02569670226,,,-0.002075244662,6.441199337e-05,True,
2020-12-23,2020-12-22,SPX,QR-Full,QR-Full-expanding-min750-refit10-SigmaHatRECONSTRUCTED,1,0.01565376204,0.0002450402659,-0.02984652178,-0.02308434175,-0.01917857301,,,0.0007455332718,2.401651981e-05,True,
2020-12-24,2020-12-23,SPX,QR-Full,QR-Full-expanding-min750-refit10-SigmaHatRECONSTRUCTED,1,0.02301621059,0.0005297459499,-0.03117181613,-0.02366927724,-0.01548640102,,,0.003530350026,,True,
2020-12-28,2020-12-24,SPX,QR-Full,QR-Full-expanding-min750-refit10-SigmaHatRECONSTRUCTED,1,,,,,,,,0.008684707316,,False,predictors_unavailable
2020-12-29,2020-12-28,SPX,QR-Full,QR-Full-expanding-min750-refit10-SigmaHatRECONSTRUCTED,1,0.01628873191,0.0002653227871,-0.02506053945,-0.01998102063,-0.01395986236,,,-0.002229864731,6.243029426e-05,True,
2020-12-30,2020-12-29,SPX,QR-Full,QR-Full-expanding-min750-refit10-SigmaHatRECONSTRUCTED,1,0.02035813895,0.0004144538216,-0.03382998967,-0.02565857575,-0.01995603509,,,0.001340648095,2.12396412e-05,True,
2020-12-31,2020-12-30,SPX,QR-Full,QR-Full-expanding-min750-refit10-SigmaHatRECONSTRUCTED,1,0.0218477803,0.000477325504,-0.02881016414,-0.02056327287,-0.01392102756,,,0.006418204633,2.187777206e-05,True,
2021-01-04,2020-12-31,SPX,QR-Full,QR-Full-expanding-min750-refit10-SigmaHatRECONSTRUCTED,1,0.01394430905,0.0001944437548,-0.02548260285,-0.02097161451,-0.01597963645,,,-0.01486476271,0.0002470647396,True,
2021-01-05,2021-01-04,SPX,QR-Full,QR-Full-expanding-min750-refit10-SigmaHatRECONSTRUCTED,1,0.03494991132,0.001221496301,-0.05858173345,-0.04912759982,-0.03476356995,,,0.007057631363,0.0001272252743,True,
2021-01-06,2021-01-05,SPX,QR-Full,QR-Full-expanding-min750-refit10-SigmaHatRECONSTRUCTED,1,0.0218023199,0.0004753411529,-0.0389728149,-0.03034904501,-0.02411465932,,,0.005693603608,0.0002366068034,True,
2021-01-07,2021-01-06,SPX,QR-Full,QR-Full-expanding-min750-refit10-SigmaHatRECONSTRUCTED,1,0.02518674689,0.000634372219,-0.04716121036,-0.04045699136,-0.02999658725,,,0.01473825998,7.564406882e-05,True,
2021-01-08,2021-01-07,SPX,QR-Full,QR-Full-expanding-min750-refit10-SigmaHatRECONSTRUCTED,1,0.01517217458,0.0002301948816,-0.03212683582,-0.02697467949,-0.02178708612,,,0.005476837504,0.0001148021492,True,
2021-01-11,2021-01-08,SPX,QR-Full,QR-Full-expanding-min750-refit10-SigmaHatRECONSTRUCTED,1,0.01649550811,0.0002721017878,-0.03386813018,-0.02851959165,-0.0226265363,,,-0.006576327822,6.082594271e-05,True,
2021-01-12,2021-01-11,SPX,QR-Full,QR-Full-expanding-min750-refit10-SigmaHatRECONSTRUCTED,1,0.02142360363,0.0004589707926,-0.03703204199,-0.02957600422,-0.02243197936,,,0.0004157020347,7.535836236e-05,True,
2021-01-13,2021-01-12,SPX,QR-Full,QR-Full-expanding-min750-refit10-SigmaHatRECONSTRUCTED,1,0.01787508313,0.000319518597,-0.03346730527,-0.02679517219,-0.02128553895,,,0.002273056522,4.777690631e-05,True,
2021-01-14,2021-01-13,SPX,QR-Full,QR-Full-expanding-min750-refit10-SigmaHatRECONSTRUCTED,1,0.01280445226,0.0001639539978,-0.02576752326,-0.02119452807,-0.0170413627,,,-0.003760513114,4.304879205e-05,True,
2021-01-15,2021-01-14,SPX,QR-Full,QR-Full-expanding-min750-refit10-SigmaHatRECONSTRUCTED,1,0.02394563499,0.0005733934352,-0.03599871674,-0.02805114829,-0.01967990425,,,-0.007216000782,0.0001379676053,True,
2021-01-19,2021-01-15,SPX,QR-Full,QR-Full-expanding-min750-refit10-SigmaHatRECONSTRUCTED,1,0.02207208306,0.0004871768507,-0.03795524313,-0.02900287353,-0.0229132455,,,0.008103457607,3.930397252e-05,True,
2021-01-20,2021-01-19,SPX,QR-Full,QR-Full-expanding-min750-refit10-SigmaHatRECONSTRUCTED,1,0.01680953508,0.0002825604695,-0.0290301845,-0.02228826501,-0.01757458305,,,0.01383941749,4.098700845e-05,True,
2021-01-21,2021-01-20,SPX,QR-Full,QR-Full-expanding-min750-refit10-SigmaHatRECONSTRUCTED,1,0.01566066204,0.0002452563355,-0.02821036937,-0.0235601193,-0.01753771829,,,0.0003166729788,2.90937381e-05,True,
2021-01-22,2021-01-21,SPX,QR-Full,QR-Full-expanding-min750-refit10-SigmaHatRECONSTRUCTED,1,0.01854298085,0.0003438421388,-0.0279458843,-0.02087749372,-0.01530894953,,,-0.003015152492,3.683032318e-05,True,
2021-01-25,2021-01-22,SPX,QR-Full,QR-Full-expanding-min750-refit10-SigmaHatRECONSTRUCTED,1,0.01960902165,0.00038451373,-0.02925464971,-0.02214831376,-0.01589121426,,,0.003609317326,0.0002282968405,True,
2021-01-26,2021-01-25,SPX,QR-Full,QR-Full-expanding-min750-refit10-SigmaHatRECONSTRUCTED,1,0.01745527651,0.0003046866781,-0.03670530621,-0.03024500386,-0.02480963568,,,-0.0014899431,4.523795717e-05,True,
2021-01-27,2021-01-26,SPX,QR-Full,QR-Full-expanding-min750-refit10-SigmaHatRECONSTRUCTED,1,0.0201018729,0.000404085294,-0.03215725675,-0.02453638681,-0.01845794602,,,-0.02601331495,0.00026223266,True,
2021-01-28,2021-01-27,SPX,QR-Full,QR-Full-expanding-min750-refit10-SigmaHatRECONSTRUCTED,1,0.04227984249,0.001787585081,-0.06688159307,-0.05232884791,-0.03806812365,,,0.009713298703,0.0002264121964,True,
2021-01-29,2021-01-28,SPX,QR-Full,QR-Full-expanding-min750-refit10-SigmaHatRECONSTRUCTED,1,0.02458471233,0.0006044080803,-0.04817192378,-0.03955705515,-0.03141758376,,,-0.01950037777,0.0004603087817,True,
2021-02-01,2021-01-29,SPX,QR-Full,QR-Full-expanding-min750-refit10-SigmaHatRECONSTRUCTED,1,0.04303287728,0.001851828527,-0.06803549854,-0.05286391914,-0.03870884024,,,0.01592430019,0.0001573154062,True,
2021-02-02,2021-02-01,SPX,QR-Full,QR-Full-expanding-min750-refit10-SigmaHatRECONSTRUCTED,1,0.01735083788,0.0003010515753,-0.03946056064,-0.03509237011,-0.02763606444,,,0.01380252903,6.611522105e-05,True,
2021-02-03,2021-02-02,SPX,QR-Full,QR-Full-expanding-min750-refit10-SigmaHatRECONSTRUCTED,1,0.01718870629,0.0002954516241,-0.03476801835,-0.03079536846,-0.0230540139,,,0.001008260542,6.460626437e-05,True,
2021-02-04,2021-02-03,SPX,QR-Full,QR-Full-expanding-min750-refit10-SigmaHatRECONSTRUCTED,1,0.01783455104,0.0003180712107,-0.03163809219,-0.02631336463,-0.01948394825,,,0.01079484755,3.654043941e-05,True,
2021-02-05,2021-02-04,SPX,QR-Full,QR-Full-expanding-min750-refit10-SigmaHatRECONSTRUCTED,1,0.01187132226,0.0001409282921,-0.02523600423,-0.02237639604,-0.01714576641,,,0.003889919636,3.101340177e-05,True,
2021-02-08,2021-02-05,SPX,QR-Full,QR-Full-expanding-min750-refit10-SigmaHatRECONSTRUCTED,1,0.01520981385,0.0002313384374,-0.0261810722,-0.02098404649,-0.01581567156,,,0.007372107536,2.388258641e-05,True,
2021-02-09,2021-02-08,SPX,QR-Full,QR-Full-expanding-min750-refit10-SigmaHatRECONSTRUCTED,1,0.01433011697,0.0002053522525,-0.02306143289,-0.01848672827,-0.01329554062,,,-0.00111414557,1.775173181e-05,True,
2021-02-10,2021-02-09,SPX,QR-Full,QR-Full-expanding-min750-refit10-SigmaHatRECONSTRUCTED,1,0.01565765198,0.0002451620657,-0.02412727972,-0.01920954086,-0.01345667997,,,-0.0003452443546,0.000141032277,True,
2021-02-11,2021-02-10,SPX,QR-Full,QR-Full-expanding-min750-refit10-SigmaHatRECONSTRUCTED,1,0.01693034262,0.0002866365014,-0.03184458735,-0.02578971132,-0.02030665625,,,0.001661074815,7.564743134e-05,True,
2021-02-12,2021-02-11,SPX,QR-Full,QR-Full-expanding-min750-refit10-SigmaHatRECONSTRUCTED,1,0.01710173371,0.000292469296,-0.02989760871,-0.02398365678,-0.01824287557,,,0.004699970847,2.731806033e-05,True,
2021-02-16,2021-02-12,SPX,QR-Full,QR-Full-expanding-min750-refit10-SigmaHatRECONSTRUCTED,1,0.01332839981,0.0001776462415,-0.02432644986,-0.01973308114,-0.01524322207,,,-0.0005694344558,7.624122404e-05,True,
2021-02-17,2021-02-16,SPX,QR-Full,QR-Full-expanding-min750-refit10-SigmaHatRECONSTRUCTED,1,0.0185417045,0.0003437948058,-0.03288745458,-0.02533306265,-0.02025138963,,,-0.0003204534085,6.48029346e-05,True,
2021-02-18,2021-02-17,SPX,QR-Full,QR-Full-expanding-min750-refit10-SigmaHatRECONSTRUCTED,1,0.01218606939,0.0001485002871,-0.02710380063,-0.022919363,-0.01879906445,,,-0.00442561412,6.083560322e-05,True,
2021-02-19,2021-02-18,SPX,QR-Full,QR-Full-expanding-min750-refit10-SigmaHatRECONSTRUCTED,1,0.01977825958,0.0003911795521,-0.03347143896,-0.02640019897,-0.01999266883,,,-0.001856619156,5.326119249e-05,True,
2021-02-22,2021-02-19,SPX,QR-Full,QR-Full-expanding-min750-refit10-SigmaHatRECONSTRUCTED,1,0.01933488526,0.000373837788,-0.032507228,-0.02526172906,-0.01933061492,,,-0.00776289291,6.050857623e-05,True,
2021-02-23,2021-02-22,SPX,QR-Full,QR-Full-expanding-min750-refit10-SigmaHatRECONSTRUCTED,1,0.02796571563,0.0007820812507,-0.03857954083,-0.0283926395,-0.01952106651,,,0.001255529563,0.0002444575246,True,
2021-02-24,2021-02-23,SPX,QR-Full,QR-Full-expanding-min750-refit10-SigmaHatRECONSTRUCTED,1,0.01681593154,0.0002827755537,-0.03903171616,-0.0357447089,-0.02757175555,,,0.01128766781,9.265875191e-05,True,
2021-02-25,2021-02-24,SPX,QR-Full,QR-Full-expanding-min750-refit10-SigmaHatRECONSTRUCTED,1,0.01362450156,0.0001856270428,-0.03159200184,-0.02905662761,-0.0223069824,,,-0.02478339449,0.0002652029023,True,
2021-02-26,2021-02-25,SPX,QR-Full,QR-Full-expanding-min750-refit10-SigmaHatRECONSTRUCTED,1,0.04617002425,0.00213167114,-0.071224582,-0.05753045991,-0.03975997609,,,-0.004761532413,0.0005193486862,True,
2021-03-01,2021-02-26,SPX,QR-Full,QR-Full-expanding-min750-refit10-SigmaHatRECONSTRUCTED,1,0.02579026367,0.0006651377004,-0.05021087286,-0.04355455271,-0.03263495654,,,0.02351217322,6.455338922e-05,True,
2021-03-02,2021-03-01,SPX,QR-Full,QR-Full-expanding-min750-refit10-SigmaHatRECONSTRUCTED,1,0.01256350546,0.0001578416695,-0.03120194983,-0.02946515138,-0.02263999313,,,-0.008113678664,0.0001372585047,True,
2021-03-03,2021-03-02,SPX,QR-Full,QR-Full-expanding-min750-refit10-SigmaHatRECONSTRUCTED,1,0.02241168177,0.0005022834799,-0.03980514989,-0.03115631262,-0.0245317177,,,-0.0131523358,0.0002233606538,True,
2021-03-04,2021-03-03,SPX,QR-Full,QR-Full-expanding-min750-refit10-SigmaHatRECONSTRUCTED,1,0.03329784032,0.00110874617,-0.05312106808,-0.04113745363,-0.03042878147,,,-0.01350803806,0.0007135882719,True,
2021-03-05,2021-03-04,SPX,QR-Full,QR-Full-expanding-min750-refit10-SigmaHatRECONSTRUCTED,1,0.04063313663,0.001651051792,-0.07122899186,-0.06198051665,-0.04353774301,,,0.01930835615,0.0004423655494,True,
2021-03-08,2021-03-05,SPX,QR-Full,QR-Full-expanding-min750-refit10-SigmaHatRECONSTRUCTED,1,0.01927752381,0.0003716229241,-0.04806325067,-0.04642563586,-0.0349257291,,,-0.005373643028,0.0002992139139,True,
2021-03-09,2021-03-08,SPX,QR-Full,QR-Full-expanding-min750-refit10-SigmaHatRECONSTRUCTED,1,0.02419289596,0.000585296215,-0.04766893547,-0.04074075406,-0.03118161605,,,0.01405540055,8.37186275e-05,True,
2021-03-10,2021-03-09,SPX,QR-Full,QR-Full-expanding-min750-refit10-SigmaHatRECONSTRUCTED,1,0.01639650563,0.0002688453969,-0.03308147292,-0.03003372361,-0.02190734866,,,0.00601220398,0.0001508733828,True,
2021-03-11,2021-03-10,SPX,QR-Full,QR-Full-expanding-min750-refit10-SigmaHatRECONSTRUCTED,1,0.01226001194,0.0001503078928,-0.0301985379,-0.02500958324,-0.0218434103,,,0.01034182542,4.803237333e-05,True,
2021-03-12,2021-03-11,SPX,QR-Full,QR-Full-expanding-min750-refit10-SigmaHatRECONSTRUCTED,1,0.01154881912,0.0001333752232,-0.0270180808,-0.02447089952,-0.01914762701,,,0.001014883328,5.53504335e-05,True,
2021-03-15,2021-03-12,SPX,QR-Full,QR-Full-expanding-min750-refit10-SigmaHatRECONSTRUCTED,1,0.01417406803,0.0002009042044,-0.02730954401,-0.02311077128,-0.01764999819,,,0.006470939409,4.293535056e-05,True,
2021-03-16,2021-03-15,SPX,QR-Full,QR-Full-expanding-min750-refit10-SigmaHatRECONSTRUCTED,1,0.00673948526,4.542066157e-05,-0.02082736329,-0.02007652985,-0.01623444286,,,-0.00157091686,3.995151597e-05,True,
2021-03-17,2021-03-16,SPX,QR-Full,QR-Full-expanding-min750-refit10-SigmaHatRECONSTRUCTED,1,0.01102246903,0.0001214948234,-0.02351605195,-0.01989313301,-0.01600430272,,,0.002875244587,0.0001332890055,True,
2021-03-18,2021-03-17,SPX,QR-Full,QR-Full-expanding-min750-refit10-SigmaHatRECONSTRUCTED,1,0.008837870587,7.81079565e-05,-0.02508412759,-0.02053724012,-0.01906116963,,,-0.01487056,0.0001056926466,True,
2021-03-19,2021-03-18,SPX,QR-Full,QR-Full-expanding-min750-refit10-SigmaHatRECONSTRUCTED,1,0.02507764082,0.0006288880693,-0.04254749568,-0.03423575841,-0.02545722772,,,-0.0006028856019,0.0001311928155,True,
2021-03-22,2021-03-19,SPX,QR-Full,QR-Full-expanding-min750-refit10-SigmaHatRECONSTRUCTED,1,0.009056740339,8.202454556e-05,-0.02543940559,-0.02083755867,-0.01926728915,,,0.007000556838,2.662955032e-05,True,
2021-03-23,2021-03-22,SPX,QR-Full,QR-Full-expanding-min750-refit10-SigmaHatRECONSTRUCTED,1,0.004152095858,1.723990002e-05,-0.01559662029,-0.01528182116,-0.01276699085,,,-0.007660118027,7.041875311e-05,True,
2021-03-24,2021-03-23,SPX,QR-Full,QR-Full-expanding-min750-refit10-SigmaHatRECONSTRUCTED,1,0.01165306864,0.0001357940086,-0.02666968168,-0.02285019838,-0.01872818245,,,-0.005482336612,0.0001189392153,True,
2021-03-25,2021-03-24,SPX,QR-Full,QR-Full-expanding-min750-refit10-SigmaHatRECONSTRUCTED,1,0.01251769348,0.0001566926501,-0.029688621,-0.02491790415,-0.02115788491,,,0.005226583444,0.0001701894303,True,
2021-03-26,2021-03-25,SPX,QR-Full,QR-Full-expanding-min750-refit10-SigmaHatRECONSTRUCTED,1,0.006841458118,4.680554918e-05,-0.02582431339,-0.02366192011,-0.02116189904,,,0.01649441852,0.0001370241406,True,
2021-03-29,2021-03-26,SPX,QR-Full,QR-Full-expanding-min750-refit10-SigmaHatRECONSTRUCTED,1,0.009851421746,9.705051042e-05,-0.02687786283,-0.02304938085,-0.02016417559,,,-0.0008683895831,0.0001004177115,True,
2021-03-30,2021-03-29,SPX,QR-Full,QR-Full-expanding-min750-refit10-SigmaHatRECONSTRUCTED,1,0.01315752301,0.0001731204118,-0.02879351855,-0.02381084738,-0.01982674231,,,-0.003162829394,6.780179321e-05,True,
2021-03-31,2021-03-30,SPX,QR-Full,QR-Full-expanding-min750-refit10-SigmaHatRECONSTRUCTED,1,0.01104054465,0.0001218936262,-0.02436210734,-0.01939081926,-0.01683803967,,,0.003615953655,2.232378151e-05,True,
2021-04-01,2021-03-31,SPX,QR-Full,QR-Full-expanding-min750-refit10-SigmaHatRECONSTRUCTED,1,0.009565321031,9.149536643e-05,-0.01954454613,-0.01673385846,-0.01302583487,,,0.01175583027,2.045708865e-05,True,
2021-04-05,2021-04-01,SPX,QR-Full,QR-Full-expanding-min750-refit10-SigmaHatRECONSTRUCTED,1,0.004141958829,1.715582294e-05,-0.013348415,-0.01295679294,-0.01052569389,,,0.01433498778,2.885449431e-05,True,
2021-04-06,2021-04-05,SPX,QR-Full,QR-Full-expanding-min750-refit10-SigmaHatRECONSTRUCTED,1,0.01091004234,0.0001190290238,-0.02131488084,-0.01897265039,-0.01387974976,,,-0.0009740050137,2.134368801e-05,True,
2021-04-07,2021-04-06,SPX,QR-Full,QR-Full-expanding-min750-refit10-SigmaHatRECONSTRUCTED,1,0.01006975958,0.0001014000581,-0.01640011853,-0.01215599417,-0.009537635302,,,0.001474145756,2.665945597e-05,True,
2021-04-08,2021-04-07,SPX,QR-Full,QR-Full-expanding-min750-refit10-SigmaHatRECONSTRUCTED,1,0.008362127735,6.992518025e-05,-0.01609966665,-0.01217863108,-0.0104009247,,,0.004211751013,1.386891621e-05,True,
2021-04-09,2021-04-08,SPX,QR-Full,QR-Full-expanding-min750-refit10-SigmaHatRECONSTRUCTED,1,0.01076127863,0.0001158051177,-0.01647717198,-0.01324001787,-0.009143422509,,,0.007690288181,1.686222187e-05,True,
2021-04-12,2021-04-09,SPX,QR-Full,QR-Full-expanding-min750-refit10-SigmaHatRECONSTRUCTED,1,0.009144320289,8.361859356e-05,-0.01772746393,-0.015226044,-0.01149566225,,,-0.0001960982413,2.5317866e-05,True,
2021-04-13,2021-04-12,SPX,QR-Full,QR-Full-expanding-min750-refit10-SigmaHatRECONSTRUCTED,1,0.01046639223,0.0001095453664,-0.01813523453,-0.0134106851,-0.01100244844,,,0.003289072028,1.322357584e-05,True,
2021-04-14,2021-04-13,SPX,QR-Full,QR-Full-expanding-min750-refit10-SigmaHatRECONSTRUCTED,1,0.009806019824,9.615802478e-05,-0.01524656535,-0.01253533301,-0.008563819258,,,-0.004096104442,6.285550584e-05,True,
2021-04-15,2021-04-14,SPX,QR-Full,QR-Full-expanding-min750-refit10-SigmaHatRECONSTRUCTED,1,0.01599699408,0.0002559038197,-0.02618206598,-0.01890938732,-0.01528020654,,,0.01103310149,2.2827893e-05,True,
2021-04-16,2021-04-15,SPX,QR-Full,QR-Full-expanding-min750-refit10-SigmaHatRECONSTRUCTED,1,0.00685311939,4.696524537e-05,-0.01443822352,-0.01155452,-0.009767862082,,,0.003602323398,2.203120711e-05,True,
2021-04-19,2021-04-16,SPX,QR-Full,QR-Full-expanding-min750-refit10-SigmaHatRECONSTRUCTED,1,0.01470257729,0.0002161657791,-0.02111101888,-0.01632328487,-0.01109129704,,,-0.005320689841,7.303693335e-05,True,
2021-04-20,2021-04-19,SPX,QR-Full,QR-Full-expanding-min750-refit10-SigmaHatRECONSTRUCTED,1,0.01998811756,0.0003995248437,-0.03077149507,-0.0222956165,-0.01714970795,,,-0.006825561193,6.361096041e-05,True,
2021-04-21,2021-04-20,SPX,QR-Full,QR-Full-expanding-min750-refit10-SigmaHatRECONSTRUCTED,1,0.01898548448,0.000360448621,-0.03181374559,-0.02475000417,-0.01887524714,,,0.009263021048,3.28876737e-05,True,
2021-04-22,2021-04-21,SPX,QR-Full,QR-Full-expanding-min750-refit10-SigmaHatRECONSTRUCTED,1,0.01275224548,0.0001626197647,-0.02385459749,-0.01995882455,-0.01516401556,,,-0.009253338004,0.000157570907,True,
2021-04-23,2021-04-22,SPX,QR-Full,QR-Full-expanding-min750-refit10-SigmaHatRECONSTRUCTED,1,0.02544683518,0.0006475414205,-0.03970509569,-0.03012483254,-0.02236322391,,,0.01086941004,2.995169446e-05,True,
2021-04-26,2021-04-23,SPX,QR-Full,QR-Full-expanding-min750-refit10-SigmaHatRECONSTRUCTED,1,0.0150643496,0.0002269346289,-0.02643329293,-0.02304586794,-0.01616702534,,,0.00178068449,2.357533352e-05,True,
2021-04-27,2021-04-26,SPX,QR-Full,QR-Full-expanding-min750-refit10-SigmaHatRECONSTRUCTED,1,0.01966628764,0.0003867628695,-0.02459322683,-0.01771148736,-0.01119076494,,,-0.0002149188993,2.673356982e-05,True,
2021-04-28,2021-04-27,SPX,QR-Full,QR-Full-expanding-min750-refit10-SigmaHatRECONSTRUCTED,1,0.02086101607,0.0004351819914,-0.02713672254,-0.01977822306,-0.0129200601,,,-0.0008458975724,3.429331874e-05,True,
2021-04-29,2021-04-28,SPX,QR-Full,QR-Full-expanding-min750-refit10-SigmaHatRECONSTRUCTED,1,0.01911411986,0.0003653495782,-0.02733938142,-0.01922097396,-0.01431321869,,,0.006740041522,5.053912775e-05,True,
2021-04-30,2021-04-29,SPX,QR-Full,QR-Full-expanding-min750-refit10-SigmaHatRECONSTRUCTED,1,0.01668689476,0.0002784524566,-0.02817502367,-0.0223794439,-0.01680300089,,,-0.007220713424,4.807396243e-05,True,
2021-05-03,2021-04-30,SPX,QR-Full,QR-Full-expanding-min750-refit10-SigmaHatRECONSTRUCTED,1,0.01983518794,0.0003934346807,-0.03081706546,-0.02186343783,-0.01729949899,,,0.00274432156,2.94853893e-05,True,
2021-05-04,2021-05-03,SPX,QR-Full,QR-Full-expanding-min750-refit10-SigmaHatRECONSTRUCTED,1,0.01777764259,0.0003160445762,-0.0270147202,-0.02099508253,-0.01489935905,,,-0.00670073749,0.000117952949,True,
2021-05-05,2021-05-04,SPX,QR-Full,QR-Full-expanding-min750-refit10-SigmaHatRECONSTRUCTED,1,0.02294267788,0.0005263664681,-0.03744792785,-0.02817346435,-0.02181262487,,,0.0007032165671,4.085165583e-05,True,
2021-05-06,2021-05-05,SPX,QR-Full,QR-Full-expanding-min750-refit10-SigmaHatRECONSTRUCTED,1,0.02150599506,0.0004625078234,-0.02962578044,-0.02192069653,-0.01496956853,,,0.008132299394,0.0001009461375,True,
2021-05-07,2021-05-06,SPX,QR-Full,QR-Full-expanding-min750-refit10-SigmaHatRECONSTRUCTED,1,0.01718363667,0.0002952773692,-0.03141315217,-0.02552433054,-0.01970260263,,,0.007346291545,4.491642744e-05,True,
2021-05-10,2021-05-07,SPX,QR-Full,QR-Full-expanding-min750-refit10-SigmaHatRECONSTRUCTED,1,0.01563398206,0.0002444213951,-0.02658107068,-0.02158767838,-0.01592660184,,,-0.01049048053,4.314265874e-05,True,
2021-05-11,2021-05-10,SPX,QR-Full,QR-Full-expanding-min750-refit10-SigmaHatRECONSTRUCTED,1,0.02810659007,0.0007899804055,-0.04047876761,-0.03177627139,-0.02132428817,,,-0.008711750111,0.0002221986562,True,
2021-05-12,2021-05-11,SPX,QR-Full,QR-Full-expanding-min750-refit10-SigmaHatRECONSTRUCTED,1,0.02812653998,0.0007911022514,-0.04462010739,-0.03285040621,-0.0254520322,,,-0.02168278246,0.0001459451448,True,
2021-05-13,2021-05-12,SPX,QR-Full,QR-Full-expanding-min750-refit10-SigmaHatRECONSTRUCTED,1,0.04048058516,0.001638677775,-0.06142337365,-0.04750724659,-0.03383608775,,,0.01209964459,0.0002007514821,True,
2021-05-14,2021-05-13,SPX,QR-Full,QR-Full-expanding-min750-refit10-SigmaHatRECONSTRUCTED,1,0.01878420205,0.0003528462466,-0.03739015782,-0.03032031086,-0.02458883219,,,0.01480777865,5.503167089e-05,True,
2021-05-17,2021-05-14,SPX,QR-Full,QR-Full-expanding-min750-refit10-SigmaHatRECONSTRUCTED,1,0.01428133409,0.0002039565033,-0.02760562837,-0.02437393124,-0.01787298135,,,-0.002533258281,8.217511751e-05,True,
2021-05-18,2021-05-17,SPX,QR-Full,QR-Full-expanding-min750-refit10-SigmaHatRECONSTRUCTED,1,0.0175458933,0.0003078583719,-0.03153894691,-0.02454686112,-0.01958152157,,,-0.008553772399,6.420025348e-05,True,
2021-05-19,2021-05-18,SPX,QR-Full,QR-Full-expanding-min750-refit10-SigmaHatRECONSTRUCTED,1,0.02563731207,0.0006572717703,-0.03884998431,-0.0304822566,-0.02137830362,,,-0.002947751728,0.0002494130394,True,
2021-05-20,2021-05-19,SPX,QR-Full,QR-Full-expanding-min750-refit10-SigmaHatRECONSTRUCTED,1,0.02354449168,0.0005543430885,-0.0416003967,-0.03225307691,-0.02555496107,,,0.01049942924,5.256590536e-05,True,
2021-05-21,2021-05-20,SPX,QR-Full,QR-Full-expanding-min750-refit10-SigmaHatRECONSTRUCTED,1,0.01492367313,0.0002227160196,-0.02745554703,-0.02344772711,-0.01728514965,,,-0.0007841880978,6.065411632e-05,True,
2021-05-24,2021-05-21,SPX,QR-Full,QR-Full-expanding-min750-refit10-SigmaHatRECONSTRUCTED,1,0.01508663244,0.0002276064784,-0.02811772328,-0.02300493421,-0.01783627006,,,0.009862497623,1.516161447e-05,True,
2021-05-25,2021-05-24,SPX,QR-Full,QR-Full-expanding-min750-refit10-SigmaHatRECONSTRUCTED,1,0.0116347525,0.0001353674657,-0.02067376848,-0.01907031123,-0.01274475159,,,-0.002127545431,3.896701031e-05,True,
2021-05-26,2021-05-25,SPX,QR-Full,QR-Full-expanding-min750-refit10-SigmaHatRECONSTRUCTED,1,0.015606002,0.0002435472985,-0.02537612705,-0.02008259967,-0.01474072646,,,0.001875057416,2.018951862e-05,True,
2021-05-27,2021-05-26,SPX,QR-Full,QR-Full-expanding-min750-refit10-SigmaHatRECONSTRUCTED,1,0.01000198139,0.0001000396317,-0.0175411682,-0.01402170345,-0.01072487542,,,0.001164636224,1.712087403e-05,True,
2021-05-28,2021-05-27,SPX,QR-Full,QR-Full-expanding-min750-refit10-SigmaHatRECONSTRUCTED,1,0.01621438338,0.0002629062283,-0.01986777883,-0.01464627099,-0.008817769836,,,0.0007685863414,1.279777758e-05,True,
2021-06-01,2021-05-28,SPX,QR-Full,QR-Full-expanding-min750-refit10-SigmaHatRECONSTRUCTED,1,0.008960184365,8.028490386e-05,-0.01381999081,-0.01055403884,-0.007713676709,,,-0.0004924547066,3.39575242e-05,True,
2021-06-02,2021-06-01,SPX,QR-Full,QR-Full-expanding-min750-refit10-SigmaHatRECONSTRUCTED,1,0.02040134069,0.0004162147018,-0.02654914206,-0.02027073923,-0.01264574575,,,0.001445889007,2.016655407e-05,True,
2021-06-03,2021-06-02,SPX,QR-Full,QR-Full-expanding-min750-refit10-SigmaHatRECONSTRUCTED,1,0.01144260324,0.0001309331688,-0.01661014128,-0.01152481746,-0.008812072998,,,-0.00363530293,5.733917955e-05,True,
2021-06-04,2021-06-03,SPX,QR-Full,QR-Full-expanding-min750-refit10-SigmaHatRECONSTRUCTED,1,0.01269269077,0.0001611043991,-0.02496285235,-0.01908520693,-0.01631285661,,,0.008795303368,9.740955043e-06,True,
2021-06-07,2021-06-04,SPX,QR-Full,QR-Full-expanding-min750-refit10-SigmaHatRECONSTRUCTED,1,0.009746612185,9.499644909e-05,-0.01388863901,-0.01172718051,-0.007246378879,,,-0.000797056225,1.279188427e-05,True,
2021-06-08,2021-06-07,SPX,QR-Full,QR-Full-expanding-min750-refit10-SigmaHatRECONSTRUCTED,1,0.01505746898,0.0002267273721,-0.01858928983,-0.01389228949,-0.008327711348,,,0.0001750095272,2.977296295e-05,True,
2021-06-09,2021-06-08,SPX,QR-Full,QR-Full-expanding-min750-refit10-SigmaHatRECONSTRUCTED,1,0.01251302262,0.000156575735,-0.0194520084,-0.01461681095,-0.01092445548,,,-0.001825532605,1.000644758e-05,True,
2021-06-10,2021-06-09,SPX,QR-Full,QR-Full-expanding-min750-refit10-SigmaHatRECONSTRUCTED,1,0.01547770576,0.0002395593755,-0.02008755733,-0.0152480601,-0.009539589898,,,0.004641454754,3.428803561e-05,True,
2021-06-11,2021-06-10,SPX,QR-Full,QR-Full-expanding-min750-refit10-SigmaHatRECONSTRUCTED,1,0.01004699518,0.0001009421121,-0.01825857764,-0.01403686395,-0.01141160822,,,0.001946538786,1.26948998e-05,True,
2021-06-14,2021-06-11,SPX,QR-Full,QR-Full-expanding-min750-refit10-SigmaHatRECONSTRUCTED,1,0.009232396036,8.523713657e-05,-0.01515166608,-0.01154833038,-0.008859841291,,,0.0018135564,1.573497901e-05,True,
2021-06-15,2021-06-14,SPX,QR-Full,QR-Full-expanding-min750-refit10-SigmaHatRECONSTRUCTED,1,0.01475119571,0.0002175977749,-0.02115911645,-0.015793585,-0.01110626144,,,-0.002013719815,2.191385026e-05,True,
2021-06-16,2021-06-15,SPX,QR-Full,QR-Full-expanding-min750-refit10-SigmaHatRECONSTRUCTED,1,0.01753247606,0.0003073877167,-0.02320141309,-0.01643177104,-0.01125313152,,,-0.00540470388,0.0001419396163,True,
2021-06-17,2021-06-16,SPX,QR-Full,QR-Full-expanding-min750-refit10-SigmaHatRECONSTRUCTED,1,0.02518637449,0.0006343534598,-0.03655251892,-0.02618095452,-0.01938814961,,,-0.0004358105363,8.80113768e-05,True,
2021-06-18,2021-06-17,SPX,QR-Full,QR-Full-expanding-min750-refit10-SigmaHatRECONSTRUCTED,1,0.01252742235,0.0001569363107,-0.02573453508,-0.0195379476,-0.01719716882,,,-0.0132113557,0.0001248780104,True,
2021-06-21,2021-06-18,SPX,QR-Full,QR-Full-expanding-min750-refit10-SigmaHatRECONSTRUCTED,1,0.02815233631,0.0007925540397,-0.04223900669,-0.02994829981,-0.02305335145,,,0.01390516357,3.548916531e-05,True,
2021-06-22,2021-06-21,SPX,QR-Full,QR-Full-expanding-min750-refit10-SigmaHatRECONSTRUCTED,1,0.01861821347,0.0003466378729,-0.03032789535,-0.02528604238,-0.01763968998,,,0.005111406298,1.843839981e-05,True,
2021-06-23,2021-06-22,SPX,QR-Full,QR-Full-expanding-min750-refit10-SigmaHatRECONSTRUCTED,1,0.01713551371,0.0002936258301,-0.02563224275,-0.02167403579,-0.01395448873,,,-0.001083870364,2.207650966e-05,True,
2021-06-24,2021-06-23,SPX,QR-Full,QR-Full-expanding-min750-refit10-SigmaHatRECONSTRUCTED,1,0.01817788038,0.0003304353349,-0.02535378934,-0.01889104814,-0.01296566844,,,0.005794429399,1.148504579e-05,True,
2021-06-25,2021-06-24,SPX,QR-Full,QR-Full-expanding-min750-refit10-SigmaHatRECONSTRUCTED,1,0.01517719024,0.0002303471037,-0.01980119386,-0.01458601057,-0.009458026023,,,0.00332506318,5.121797906e-06,True,
2021-06-28,2021-06-25,SPX,QR-Full,QR-Full-expanding-min750-refit10-SigmaHatRECONSTRUCTED,1,0.01752762526,0.0003072176472,-0.01946972152,-0.01452697586,-0.007524745739,,,0.002312288868,1.103591599e-05,True,
2021-06-29,2021-06-28,SPX,QR-Full,QR-Full-expanding-min750-refit10-SigmaHatRECONSTRUCTED,1,0.01328411047,0.0001764675911,-0.01725998529,-0.01233240517,-0.008206940426,,,0.0002772978811,7.999237957e-06,True,
2021-06-30,2021-06-29,SPX,QR-Full,QR-Full-expanding-min750-refit10-SigmaHatRECONSTRUCTED,1,0.01697887175,0.0002882820858,-0.01941982669,-0.01313759455,-0.007848823274,,,0.00132727835,1.176509552e-05,True,
2021-07-01,2021-06-30,SPX,QR-Full,QR-Full-expanding-min750-refit10-SigmaHatRECONSTRUCTED,1,0.0138691401,0.0001923530472,-0.01681094852,-0.0100089823,-0.007359209327,,,0.005208041338,1.178334496e-05,True,
2021-07-02,2021-07-01,SPX,QR-Full,QR-Full-expanding-min750-refit10-SigmaHatRECONSTRUCTED,1,0.01635191995,0.000267385286,-0.02032777942,-0.01371502399,-0.00918404005,,,0.007472096046,7.839007143e-06,True,
2021-07-06,2021-07-02,SPX,QR-Full,QR-Full-expanding-min750-refit10-SigmaHatRECONSTRUCTED,1,0.01368123407,0.0001871761655,-0.01633890971,-0.01188041,-0.007015227397,,,-0.002023902842,4.113647298e-05,True,
2021-07-07,2021-07-06,SPX,QR-Full,QR-Full-expanding-min750-refit10-SigmaHatRECONSTRUCTED,1,0.01574074879,0.0002477711724,-0.02551629226,-0.01928176798,-0.01478906251,,,0.003353346611,5.203122807e-05,True,
2021-07-08,2021-07-07,SPX,QR-Full,QR-Full-expanding-min750-refit10-SigmaHatRECONSTRUCTED,1,0.01426784341,0.0002035713555,-0.02364591456,-0.01679685251,-0.01392246136,,,-0.008597881103,0.0001252531545,True,
2021-07-09,2021-07-08,SPX,QR-Full,QR-Full-expanding-min750-refit10-SigmaHatRECONSTRUCTED,1,0.02798553367,0.000783190095,-0.03993007477,-0.02706244595,-0.02085809457,,,0.01121482602,2.060558563e-05,True,
2021-07-12,2021-07-09,SPX,QR-Full,QR-Full-expanding-min750-refit10-SigmaHatRECONSTRUCTED,1,0.01941780609,0.0003770511933,-0.0278988639,-0.02175523,-0.01466574076,,,0.003445232667,8.826295898e-06,True,
2021-07-13,2021-07-12,SPX,QR-Full,QR-Full-expanding-min750-refit10-SigmaHatRECONSTRUCTED,1,0.01582127475,0.0002503127347,-0.0214895652,-0.01670331575,-0.01070745748,,,-0.00352301121,3.58920649e-05,True,
2021-07-14,2021-07-13,SPX,QR-Full,QR-Full-expanding-min750-refit10-SigmaHatRECONSTRUCTED,1,0.0229602726,0.0005271741177,-0.03160367026,-0.02281041894,-0.01595637658,,,0.001164256623,3.390115015e-05,True,
2021-07-15,2021-07-14,SPX,QR-Full,QR-Full-expanding-min750-refit10-SigmaHatRECONSTRUCTED,1,0.01561765385,0.0002439111116,-0.02442016389,-0.01841491877,-0.01377682264,,,-0.00326757367,5.60621549e-05,True,
2021-07-16,2021-07-15,SPX,QR-Full,QR-Full-expanding-min750-refit10-SigmaHatRECONSTRUCTED,1,0.01656154168,0.0002742846628,-0.02669521484,-0.01880571996,-0.01540861946,,,-0.007567415029,4.845949171e-05,True,
2021-07-19,2021-07-16,SPX,QR-Full,QR-Full-expanding-min750-refit10-SigmaHatRECONSTRUCTED,1,0.0258859805,0.0006700839864,-0.03780189454,-0.0290509545,-0.02016074775,,,-0.01599678143,0.0001514773193,True,
2021-07-20,2021-07-19,SPX,QR-Full,QR-Full-expanding-min750-refit10-SigmaHatRECONSTRUCTED,1,0.03206851852,0.00102838988,-0.04922177729,-0.03630002124,-0.02736726641,,,0.01504880619,8.45054799e-05,True,
2021-07-21,2021-07-20,SPX,QR-Full,QR-Full-expanding-min750-refit10-SigmaHatRECONSTRUCTED,1,0.02244393083,0.0005037300309,-0.03756854474,-0.02965623554,-0.022273135,,,0.008208041475,2.042211998e-05,True,
2021-07-22,2021-07-21,SPX,QR-Full,QR-Full-expanding-min750-refit10-SigmaHatRECONSTRUCTED,1,0.02243454068,0.0005033086157,-0.03036837687,-0.02284051177,-0.01507936646,,,0.002014639195,2.629444485e-05,True,
2021-07-23,2021-07-22,SPX,QR-Full,QR-Full-expanding-min750-refit10-SigmaHatRECONSTRUCTED,1,0.01843874459,0.0003399873021,-0.02694216688,-0.01997152061,-0.01437626852,,,0.01009433248,2.12553344e-05,True,
2021-07-26,2021-07-23,SPX,QR-Full,QR-Full-expanding-min750-refit10-SigmaHatRECONSTRUCTED,1,0.0171240771,0.0002932340165,-0.02558580906,-0.01936631286,-0.01391584903,,,0.002379367008,1.546953338e-05,True,
2021-07-27,2021-07-26,SPX,QR-Full,QR-Full-expanding-min750-refit10-SigmaHatRECONSTRUCTED,1,0.02222575256,0.0004939840769,-0.02592907874,-0.01761034112,-0.01078235623,,,-0.004723583439,7.44972299e-05,True,
2021-07-28,2021-07-27,SPX,QR-Full,QR-Full-expanding-min750-refit10-SigmaHatRECONSTRUCTED,1,0.02542228041,0.0006462923412,-0.03583377711,-0.02497556731,-0.01850863926,,,-0.0001862791818,5.11426534e-05,True,
2021-07-29,2021-07-28,SPX,QR-Full,QR-Full-expanding-min750-refit10-SigmaHatRECONSTRUCTED,1,0.02024637117,0.0004099155455,-0.02985744149,-0.02139083622,-0.01605965602,,,0.004197331704,1.413951907e-05,True,
2021-07-30,2021-07-29,SPX,QR-Full,QR-Full-expanding-min750-refit10-SigmaHatRECONSTRUCTED,1,0.01971166149,0.0003885495986,-0.02479008809,-0.018289784,-0.01135670418,,,-0.005420713445,3.895805776e-05,True,
2021-08-02,2021-07-30,SPX,QR-Full,QR-Full-expanding-min750-refit10-SigmaHatRECONSTRUCTED,1,0.02169965845,0.0004708751767,-0.02925580007,-0.01919323451,-0.01446760768,,,-0.001844505812,2.683383785e-05,True,
2021-08-03,2021-08-02,SPX,QR-Full,QR-Full-expanding-min750-refit10-SigmaHatRECONSTRUCTED,1,0.0194760012,0.0003793146226,-0.03022551969,-0.02413196476,-0.01695273692,,,0.008169961318,6.42227083e-05,True,
2021-08-04,2021-08-03,SPX,QR-Full,QR-Full-expanding-min750-refit10-SigmaHatRECONSTRUCTED,1,0.01333617006,0.0001778534319,-0.02710925661,-0.02095228627,-0.01802073343,,,-0.00464315064,2.144959382e-05,True,
2021-08-05,2021-08-04,SPX,QR-Full,QR-Full-expanding-min750-refit10-SigmaHatRECONSTRUCTED,1,0.0219728618,0.0004828066559,-0.02720195224,-0.01822775385,-0.01222757333,,,0.005987486125,8.539135349e-06,True,
2021-08-06,2021-08-05,SPX,QR-Full,QR-Full-expanding-min750-refit10-SigmaHatRECONSTRUCTED,1,0.01544058478,0.0002384116584,-0.01974917445,-0.01435678841,-0.009226504746,,,0.001673864577,1.237082977e-05,True,
2021-08-09,2021-08-06,SPX,QR-Full,QR-Full-expanding-min750-refit10-SigmaHatRECONSTRUCTED,1,0.01347787253,0.0001816530479,-0.01916148247,-0.01444800113,-0.009976389877,,,-0.0009403502931,1.078739617e-05,True,
2021-08-10,2021-08-09,SPX,QR-Full,QR-Full-expanding-min750-refit10-SigmaHatRECONSTRUCTED,1,0.01799542398,0.0003238352844,-0.02156006097,-0.0156266177,-0.009296283049,,,0.0009921868763,2.010352496e-05,True,
2021-08-11,2021-08-10,SPX,QR-Full,QR-Full-expanding-min750-refit10-SigmaHatRECONSTRUCTED,1,0.01729094767,0.0002989768712,-0.02160877369,-0.01425148437,-0.009825092326,,,0.001274930662,1.049100979e-05,True,
2021-08-12,2021-08-11,SPX,QR-Full,QR-Full-expanding-min750-refit10-SigmaHatRECONSTRUCTED,1,0.0137508181,0.0001890849984,-0.0169360374,-0.01139109377,-0.007564933974,,,0.004137807764,8.904093264e-06,True,
2021-08-13,2021-08-12,SPX,QR-Full,QR-Full-expanding-min750-refit10-SigmaHatRECONSTRUCTED,1,0.01428145289,0.0002039598967,-0.01801987443,-0.01358102162,-0.008287146443,,,0.001606016349,8.990753936e-06,True,
2021-08-16,2021-08-13,SPX,QR-Full,QR-Full-expanding-min750-refit10-SigmaHatRECONSTRUCTED,1,0.01331270246,0.0001772280468,-0.01486559701,-0.008098639843,-0.00579306687,,,0.002617422276,2.118363959e-05,True,
2021-08-17,2021-08-16,SPX,QR-Full,QR-Full-expanding-min750-refit10-SigmaHatRECONSTRUCTED,1,0.0140555684,0.0001975590031,-0.01988228564,-0.01393213333,-0.01030349663,,,-0.007085743549,7.731402612e-05,True,
2021-08-18,2021-08-17,SPX,QR-Full,QR-Full-expanding-min750-refit10-SigmaHatRECONSTRUCTED,1,0.0212317023,0.0004507851826,-0.03276594251,-0.02228385333,-0.01829665954,,,-0.01080665271,7.860613339e-05,True,
2021-08-19,2021-08-18,SPX,QR-Full,QR-Full-expanding-min750-refit10-SigmaHatRECONSTRUCTED,1,0.03473183973,0.001206300691,-0.04661654824,-0.0338612421,-0.02294699927,,,0.001255903221,0.0001233032246,True,
2021-08-20,2021-08-19,SPX,QR-Full,QR-Full-expanding-min750-refit10-SigmaHatRECONSTRUCTED,1,0.02252018431,0.0005071587013,-0.03756210617,-0.0268113074,-0.02221473012,,,0.008108603848,3.876252333e-05,True,
2021-08-23,2021-08-20,SPX,QR-Full,QR-Full-expanding-min750-refit10-SigmaHatRECONSTRUCTED,1,0.0208697783,0.0004355476464,-0.03101616735,-0.0214618983,-0.0167935335,,,0.008487667921,1.516916223e-05,True,
2021-08-24,2021-08-23,SPX,QR-Full,QR-Full-expanding-min750-refit10-SigmaHatRECONSTRUCTED,1,0.02072307473,0.0004294458264,-0.02792557123,-0.02147115458,-0.01380291502,,,0.001494618732,7.106086342e-06,True,
2021-08-25,2021-08-24,SPX,QR-Full,QR-Full-expanding-min750-refit10-SigmaHatRECONSTRUCTED,1,0.01822913003,0.0003323011815,-0.02204656509,-0.01621403967,-0.009623517852,,,0.002217657417,8.642077422e-06,True,
2021-08-26,2021-08-25,SPX,QR-Full,QR-Full-expanding-min750-refit10-SigmaHatRECONSTRUCTED,1,0.01744910213,0.0003044711651,-0.02165068688,-0.01605169787,-0.009759224163,,,-0.005841949737,3.526401478e-05,True,
2021-08-27,2021-08-26,SPX,QR-Full,QR-Full-expanding-min750-refit10-SigmaHatRECONSTRUCTED,1,0.02245330328,0.0005041508282,-0.03138402863,-0.02063162323,-0.01608223161,,,0.008769071499,2.430625722e-05,True,
2021-08-30,2021-08-27,SPX,QR-Full,QR-Full-expanding-min750-refit10-SigmaHatRECONSTRUCTED,1,0.01655232656,0.0002739795146,-0.02583694937,-0.01568395903,-0.01455663404,,,0.004297324135,1.20068107e-05,True,
2021-08-31,2021-08-30,SPX,QR-Full,QR-Full-expanding-min750-refit10-SigmaHatRECONSTRUCTED,1,0.01455745282,0.0002119194327,-0.0192928681,-0.0126349062,-0.009372047753,,,-0.001350026854,1.891981609e-05,True,
2021-09-01,2021-08-31,SPX,QR-Full,QR-Full-expanding-min750-refit10-SigmaHatRECONSTRUCTED,1,0.01670328647,0.0002789997789,-0.02264935049,-0.01510636408,-0.01126615686,,,0.0003116400678,1.356957109e-05,True,
2021-09-02,2021-09-01,SPX,QR-Full,QR-Full-expanding-min750-refit10-SigmaHatRECONSTRUCTED,1,0.0163917332,0.0002686889173,-0.0210918201,-0.01557571785,-0.009920948228,,,0.00283860563,1.731240297e-05,True,
2021-09-03,2021-09-02,SPX,QR-Full,QR-Full-expanding-min750-refit10-SigmaHatRECONSTRUCTED,1,0.01697575794,0.0002881763578,-0.02313400868,-0.01506787222,-0.0115651273,,,-0.0003350871441,1.677238e-05,True,
2021-09-07,2021-09-03,SPX,QR-Full,QR-Full-expanding-min750-refit10-SigmaHatRECONSTRUCTED,1,0.01696771573,0.0002879033771,-0.02282569887,-0.01509781953,-0.01126229821,,,-0.003401352535,1.72120078e-05,True,
2021-09-08,2021-09-07,SPX,QR-Full,QR-Full-expanding-min750-refit10-SigmaHatRECONSTRUCTED,1,0.01956956111,0.0003829677222,-0.02743215291,-0.01944102212,-0.01409560959,,,-0.001319436828,4.796610996e-05,True,
2021-09-09,2021-09-08,SPX,QR-Full,QR-Full-expanding-min750-refit10-SigmaHatRECONSTRUCTED,1,0.01834446134,0.0003365192618,-0.02697991598,-0.01605907574,-0.01447827111,,,-0.004616247136,5.035722441e-05,True,
2021-09-10,2021-09-09,SPX,QR-Full,QR-Full-expanding-min750-refit10-SigmaHatRECONSTRUCTED,1,0.02352966382,0.0005536450794,-0.03341472098,-0.02254478957,-0.01737939046,,,-0.00775255228,4.908270136e-05,True,
2021-09-13,2021-09-10,SPX,QR-Full,QR-Full-expanding-min750-refit10-SigmaHatRECONSTRUCTED,1,0.02839488021,0.0008062692224,-0.04261443468,-0.03346194368,-0.02326348717,,,0.00227390027,8.624020434e-05,True,
2021-09-14,2021-09-13,SPX,QR-Full,QR-Full-expanding-min750-refit10-SigmaHatRECONSTRUCTED,1,0.02266295049,0.0005136093248,-0.0343485104,-0.02371048641,-0.01890384002,,,-0.005763213791,5.705177838e-05,True,
2021-09-15,2021-09-14,SPX,QR-Full,QR-Full-expanding-min750-refit10-SigmaHatRECONSTRUCTED,1,0.0232087608,0.0005386465779,-0.03662968213,-0.02706027392,-0.02081304516,,,0.008438294082,6.900854211e-05,True,
2021-09-16,2021-09-15,SPX,QR-Full,QR-Full-expanding-min750-refit10-SigmaHatRECONSTRUCTED,1,0.01924341059,0.0003703088509,-0.03234989863,-0.02377775437,-0.01923562503,,,-0.001552344643,7.231310852e-05,True,
2021-09-17,2021-09-16,SPX,QR-Full,QR-Full-expanding-min750-refit10-SigmaHatRECONSTRUCTED,1,0.01883957795,0.0003549296974,-0.03226622892,-0.02457013437,-0.01942716493,,,-0.00915263036,8.639760039e-05,True,
2021-09-20,2021-09-17,SPX,QR-Full,QR-Full-expanding-min750-refit10-SigmaHatRECONSTRUCTED,1,0.02787799006,0.0007771823296,-0.04202586324,-0.03043387102,-0.02302717339,,,-0.01712307775,0.0001556695116,True,
2021-09-21,2021-09-20,SPX,QR-Full,QR-Full-expanding-min750-refit10-SigmaHatRECONSTRUCTED,1,0.03747152612,0.00140411527,-0.05741819072,-0.04244045757,-0.03188156124,,,-0.0008126886443,0.0001929213802,True,
2021-09-22,2021-09-21,SPX,QR-Full,QR-Full-expanding-min750-refit10-SigmaHatRECONSTRUCTED,1,0.03358098678,0.001127682673,-0.04742175048,-0.03147030445,-0.02453650118,,,0.009474585382,0.0001015066764,True,
2021-09-23,2021-09-22,SPX,QR-Full,QR-Full-expanding-min750-refit10-SigmaHatRECONSTRUCTED,1,0.02058451175,0.0004237221238,-0.03616971662,-0.02598804186,-0.02214149028,,,0.0120616802,5.443143057e-05,True,
2021-09-24,2021-09-23,SPX,QR-Full,QR-Full-expanding-min750-refit10-SigmaHatRECONSTRUCTED,1,0.02406607189,0.0005791758161,-0.03701610245,-0.02778513704,-0.0206152129,,,0.001459942812,5.601861318e-05,True,
2021-09-27,2021-09-24,SPX,QR-Full,QR-Full-expanding-min750-refit10-SigmaHatRECONSTRUCTED,1,0.01495786042,0.0002237375884,-0.02794207336,-0.02185060131,-0.01774837753,,,-0.002780243878,3.512773778e-05,True,
2021-09-28,2021-09-27,SPX,QR-Full,QR-Full-expanding-min750-refit10-SigmaHatRECONSTRUCTED,1,0.01712247994,0.0002931793194,-0.02715067628,-0.01949362548,-0.0154818047,,,-0.02057431763,0.0001299990625,True,
2021-09-29,2021-09-28,SPX,QR-Full,QR-Full-expanding-min750-refit10-SigmaHatRECONSTRUCTED,1,0.0366349863,0.001342122221,-0.05404988229,-0.04024222304,-0.02908334989,,,0.001567954308,0.0001106329141,True,
2021-09-30,2021-09-29,SPX,QR-Full,QR-Full-expanding-min750-refit10-SigmaHatRECONSTRUCTED,1,0.01676143368,0.000280945659,-0.03124230658,-0.0208656278,-0.01981948595,,,-0.01198120297,0.0002087557128,True,
2021-10-01,2021-09-30,SPX,QR-Full,QR-Full-expanding-min750-refit10-SigmaHatRECONSTRUCTED,1,0.03024597298,0.0009148188815,-0.04897220265,-0.03786777959,-0.02835974606,,,0.01142595211,0.0001757735354,True,
2021-10-04,2021-10-01,SPX,QR-Full,QR-Full-expanding-min750-refit10-SigmaHatRECONSTRUCTED,1,0.01992716294,0.0003970918228,-0.03844535041,-0.03111675622,-0.02486510351,,,-0.01307095202,0.0002751644745,True,
2021-10-05,2021-10-04,SPX,QR-Full,QR-Full-expanding-min750-refit10-SigmaHatRECONSTRUCTED,1,0.03171031021,0.001005543774,-0.05166006085,-0.0399912603,-0.03004966687,,,0.01046951752,7.271312707e-05,True,
2021-10-06,2021-10-05,SPX,QR-Full,QR-Full-expanding-min750-refit10-SigmaHatRECONSTRUCTED,1,0.01402020503,0.000196566149,-0.03096781748,-0.02710799903,-0.02141312841,,,0.004094399385,0.0002211637979,True,
2021-10-07,2021-10-06,SPX,QR-Full,QR-Full-expanding-min750-refit10-SigmaHatRECONSTRUCTED,1,0.0141304815,0.0001996705074,-0.03514763462,-0.02962412994,-0.02551779277,,,0.008264039239,3.876799262e-05,True,
2021-10-08,2021-10-07,SPX,QR-Full,QR-Full-expanding-min750-refit10-SigmaHatRECONSTRUCTED,1,0.01018829828,0.0001038014219,-0.02490871476,-0.02434427736,-0.01796544809,,,-0.001915556631,5.339159775e-05,True,
2021-10-11,2021-10-08,SPX,QR-Full,QR-Full-expanding-min750-refit10-SigmaHatRECONSTRUCTED,1,0.01521762289,0.0002315760464,-0.02634802368,-0.02031697587,-0.01597730123,,,-0.006889441794,6.002968691e-05,True,
2021-10-12,2021-10-11,SPX,QR-Full,QR-Full-expanding-min750-refit10-SigmaHatRECONSTRUCTED,1,0.01759388802,0.0003095448956,-0.03140829625,-0.02649005912,-0.01941816278,,,-0.002419705672,9.928012015e-05,True,
2021-10-13,2021-10-12,SPX,QR-Full,QR-Full-expanding-min750-refit10-SigmaHatRECONSTRUCTED,1,0.01121707805,0.00012582284,-0.02458111439,-0.01873763494,-0.01693674023,,,0.003017956021,0.0001009567455,True,
2021-10-14,2021-10-13,SPX,QR-Full,QR-Full-expanding-min750-refit10-SigmaHatRECONSTRUCTED,1,0.01166084507,0.0001359753078,-0.02330541688,-0.01791601465,-0.01535861804,,,0.0169191623,3.236366587e-05,True,
2021-10-15,2021-10-14,SPX,QR-Full,QR-Full-expanding-min750-refit10-SigmaHatRECONSTRUCTED,1,0.009068528323,8.223820595e-05,-0.01903637361,-0.01505500102,-0.01285622373,,,0.007432520511,3.320773408e-05,True,
2021-10-18,2021-10-15,SPX,QR-Full,QR-Full-expanding-min750-refit10-SigmaHatRECONSTRUCTED,1,0.008213621993,6.746358625e-05,-0.01673942856,-0.01447192396,-0.01114189243,,,0.003369087858,2.607030043e-05,True,
2021-10-19,2021-10-18,SPX,QR-Full,QR-Full-expanding-min750-refit10-SigmaHatRECONSTRUCTED,1,0.003966819939,1.573566043e-05,-0.01538322175,-0.0133428127,-0.01267985678,,,0.007366142812,2.240450702e-05,True,
2021-10-20,2021-10-19,SPX,QR-Full,QR-Full-expanding-min750-refit10-SigmaHatRECONSTRUCTED,1,0.006217351438,3.86554589e-05,-0.01342375269,-0.01220121617,-0.009186663448,,,0.003657333468,2.492156374e-05,True,
2021-10-21,2021-10-20,SPX,QR-Full,QR-Full-expanding-min750-refit10-SigmaHatRECONSTRUCTED,1,0.007282828476,5.303959061e-05,-0.01292164496,-0.009014927638,-0.007958439252,,,0.002991393224,1.797471431e-05,True,
2021-10-22,2021-10-21,SPX,QR-Full,QR-Full-expanding-min750-refit10-SigmaHatRECONSTRUCTED,1,0.007440663209,5.536346899e-05,-0.01294480317,-0.01071446525,-0.007874033995,,,-0.001073129266,5.944296306e-05,True,
2021-10-25,2021-10-22,SPX,QR-Full,QR-Full-expanding-min750-refit10-SigmaHatRECONSTRUCTED,1,0.008527371454,7.271606392e-05,-0.01829648499,-0.01445347667,-0.0124851304,,,0.004736959414,2.156834743e-05,True,
2021-10-26,2021-10-25,SPX,QR-Full,QR-Full-expanding-min750-refit10-SigmaHatRECONSTRUCTED,1,0.005931730031,3.518542116e-05,-0.01221925356,-0.009618206158,-0.008176813668,,,0.001818141521,4.940972498e-05,True,
2021-10-27,2021-10-26,SPX,QR-Full,QR-Full-expanding-min750-refit10-SigmaHatRECONSTRUCTED,1,0.007901466217,6.243316839e-05,-0.01702340279,-0.0134661574,-0.01163859902,,,-0.005064370309,4.105716078e-05,True,
2021-10-28,2021-10-27,SPX,QR-Full,QR-Full-expanding-min750-refit10-SigmaHatRECONSTRUCTED,1,0.0138453858,0.0001916947079,-0.02184467065,-0.01477960081,-0.01240911988,,,0.009781288403,3.05418468e-05,True,
2021-10-29,2021-10-28,SPX,QR-Full,QR-Full-expanding-min750-refit10-SigmaHatRECONSTRUCTED,1,0.01497795559,0.0002243391537,-0.02118583299,-0.01643556886,-0.01097844242,,,0.001947437245,2.847953868e-05,True,
2021-11-01,2021-10-29,SPX,QR-Full,QR-Full-expanding-min750-refit10-SigmaHatRECONSTRUCTED,1,0.004694275957,2.203622676e-05,-0.01557841648,-0.01267723772,-0.01237929442,,,0.001798458932,4.237323498e-05,True,
2021-11-02,2021-11-01,SPX,QR-Full,QR-Full-expanding-min750-refit10-SigmaHatRECONSTRUCTED,1,0.01025750015,0.0001052163093,-0.02058382417,-0.01730313391,-0.01359339682,,,0.003673607019,2.316361853e-05,True,
2021-11-03,2021-11-02,SPX,QR-Full,QR-Full-expanding-min750-refit10-SigmaHatRECONSTRUCTED,1,0.01081669626,0.000117000918,-0.01684076584,-0.01041994274,-0.009469249569,,,0.00644049464,3.789519371e-05,True,
2021-11-04,2021-11-03,SPX,QR-Full,QR-Full-expanding-min750-refit10-SigmaHatRECONSTRUCTED,1,0.01310831279,0.0001718278642,-0.02272954798,-0.01570906939,-0.01379630823,,,0.004173222477,3.635171812e-05,True,
2021-11-05,2021-11-04,SPX,QR-Full,QR-Full-expanding-min750-refit10-SigmaHatRECONSTRUCTED,1,0.01159275218,0.0001343919032,-0.01750090705,-0.009882749543,-0.009600513131,,,0.003725849925,5.233146903e-05,True,
2021-11-08,2021-11-05,SPX,QR-Full,QR-Full-expanding-min750-refit10-SigmaHatRECONSTRUCTED,1,0.01054561015,0.0001112098935,-0.02064544031,-0.01494797723,-0.01345866766,,,0.0008873940275,2.875859547e-05,True,
2021-11-09,2021-11-08,SPX,QR-Full,QR-Full-expanding-min750-refit10-SigmaHatRECONSTRUCTED,1,0.0175517375,0.0003080634892,-0.02458723776,-0.01856132182,-0.01262582963,,,-0.00350491086,6.513875075e-05,True,
2021-11-10,2021-11-09,SPX,QR-Full,QR-Full-expanding-min750-refit10-SigmaHatRECONSTRUCTED,1,0.01643709479,0.0002701780851,-0.02691206068,-0.01863805305,-0.01571027514,,,-0.00825984215,6.024901541e-05,True,
2021-11-11,2021-11-10,SPX,QR-Full,QR-Full-expanding-min750-refit10-SigmaHatRECONSTRUCTED,1,0.02042895641,0.0004173422599,-0.0362481239,-0.03056478361,-0.02232590763,,,0.0005507884204,1.807924199e-05,True,
2021-11-12,2021-11-11,SPX,QR-Full,QR-Full-expanding-min750-refit10-SigmaHatRECONSTRUCTED,1,0.01232440449,0.0001518909461,-0.02053901237,-0.01582835663,-0.01214000161,,,0.007196697537,3.06594375e-05,True,
2021-11-15,2021-11-12,SPX,QR-Full,QR-Full-expanding-min750-refit10-SigmaHatRECONSTRUCTED,1,0.01602705794,0.0002568665864,-0.02467782687,-0.01763626574,-0.01375547909,,,-1.073988469e-05,3.373800406e-05,True,
2021-11-16,2021-11-15,SPX,QR-Full,QR-Full-expanding-min750-refit10-SigmaHatRECONSTRUCTED,1,0.02387632367,0.0005700788322,-0.02718671433,-0.01759051005,-0.0109151371,,,0.003857778917,1.963612023e-05,True,
2021-11-17,2021-11-16,SPX,QR-Full,QR-Full-expanding-min750-refit10-SigmaHatRECONSTRUCTED,1,0.009406695287,8.848591622e-05,-0.01864728138,-0.01489403521,-0.01223667265,,,-0.002605015383,2.306533131e-05,True,
2021-11-18,2021-11-17,SPX,QR-Full,QR-Full-expanding-min750-refit10-SigmaHatRECONSTRUCTED,1,0.01411916003,0.0001993506799,-0.02139740647,-0.01510453006,-0.01177528014,,,0.0033790647,4.08495622e-05,True,
2021-11-19,2021-11-18,SPX,QR-Full,QR-Full-expanding-min750-refit10-SigmaHatRECONSTRUCTED,1,0.01874028524,0.000351198291,-0.02660161738,-0.01851395532,-0.0138302208,,,-0.001399644578,3.516689343e-05,True,
2021-11-22,2021-11-19,SPX,QR-Full,QR-Full-expanding-min750-refit10-SigmaHatRECONSTRUCTED,1,0.01569456443,0.0002463193526,-0.02292019635,-0.01451131449,-0.01222444098,,,-0.003202258417,7.350650409e-05,True,
2021-11-23,2021-11-22,SPX,QR-Full,QR-Full-expanding-min750-refit10-SigmaHatRECONSTRUCTED,1,0.02361688977,0.0005577574825,-0.03620067916,-0.03005629907,-0.02010590464,,,0.001655761403,0.0001265433613,True,
2021-11-24,2021-11-23,SPX,QR-Full,QR-Full-expanding-min750-refit10-SigmaHatRECONSTRUCTED,1,0.01997787456,0.0003991154717,-0.03314398753,-0.02412106206,-0.01952918095,,,0.002291223857,4.906334711e-05,True,
2021-11-26,2021-11-24,SPX,QR-Full,QR-Full-expanding-min750-refit10-SigmaHatRECONSTRUCTED,1,0.01319298394,0.0001740548253,-0.02541987443,-0.01850173023,-0.01642893177,,,-0.02298701121,,True,
2021-11-29,2021-11-26,SPX,QR-Full,QR-Full-expanding-min750-refit10-SigmaHatRECONSTRUCTED,1,,,,,,,,0.01311383622,,False,predictors_unavailable
2021-11-30,2021-11-29,SPX,QR-Full,QR-Full-expanding-min750-refit10-SigmaHatRECONSTRUCTED,1,0.02117941462,0.0004485676036,-0.03366575649,-0.02628213165,-0.01923210727,,,-0.01914338129,0.0002100080597,True,
2021-12-01,2021-11-30,SPX,QR-Full,QR-Full-expanding-min750-refit10-SigmaHatRECONSTRUCTED,1,0.04032328835,0.001625967583,-0.05864403556,-0.04224251089,-0.03116394652,,,-0.01188554147,0.0002976219594,True,
2021-12-02,2021-12-01,SPX,QR-Full,QR-Full-expanding-min750-refit10-SigmaHatRECONSTRUCTED,1,0.03712926642,0.001378582425,-0.06346528964,-0.05300699991,-0.03816190818,,,0.01409463849,0.000353729187,True,
2021-12-03,2021-12-02,SPX,QR-Full,QR-Full-expanding-min750-refit10-SigmaHatRECONSTRUCTED,1,0.033668478,0.001133566411,-0.05289403728,-0.03776867566,-0.02994916321,,,-0.008484455169,0.0004084046429,True,
2021-12-06,2021-12-03,SPX,QR-Full,QR-Full-expanding-min750-refit10-SigmaHatRECONSTRUCTED,1,0.03343325595,0.001117782604,-0.0576114024,-0.04465598593,-0.03482683081,,,0.01166259929,0.0001632196079,True,
2021-12-07,2021-12-06,SPX,QR-Full,QR-Full-expanding-min750-refit10-SigmaHatRECONSTRUCTED,1,0.02737270006,0.0007492647088,-0.04700666944,-0.03604564376,-0.02835233182,,,0.02049560316,4.592531764e-05,True,
2021-12-08,2021-12-07,SPX,QR-Full,QR-Full-expanding-min750-refit10-SigmaHatRECONSTRUCTED,1,0.01788268225,0.0003197903245,-0.03294940199,-0.02595311798,-0.02076245691,,,0.0030805356,5.092556448e-05,True,
2021-12-09,2021-12-08,SPX,QR-Full,QR-Full-expanding-min750-refit10-SigmaHatRECONSTRUCTED,1,0.02106388667,0.0004436873215,-0.03059635508,-0.02258833822,-0.01624143749,,,-0.007206988313,4.905042507e-05,True,
2021-12-10,2021-12-09,SPX,QR-Full,QR-Full-expanding-min750-refit10-SigmaHatRECONSTRUCTED,1,0.0192954525,0.0003723144872,-0.03240218361,-0.02501790822,-0.01925244374,,,0.009503769285,6.648508214e-05,True,
2021-12-13,2021-12-10,SPX,QR-Full,QR-Full-expanding-min750-refit10-SigmaHatRECONSTRUCTED,1,0.01562572055,0.0002441631427,-0.02613285146,-0.02035206968,-0.0154840128,,,-0.009178158409,6.163771263e-05,True,
2021-12-14,2021-12-13,SPX,QR-Full,QR-Full-expanding-min750-refit10-SigmaHatRECONSTRUCTED,1,0.01981046233,0.0003924544177,-0.03107408852,-0.02253418342,-0.01757337242,,,-0.007498722834,9.257531736e-05,True,
2021-12-15,2021-12-14,SPX,QR-Full,QR-Full-expanding-min750-refit10-SigmaHatRECONSTRUCTED,1,0.02048615694,0.000419682626,-0.03482765661,-0.02657499509,-0.02086645852,,,0.01621626737,0.000196230681,True,
2021-12-16,2021-12-15,SPX,QR-Full,QR-Full-expanding-min750-refit10-SigmaHatRECONSTRUCTED,1,0.01606423942,0.000258059788,-0.03409826436,-0.02948929899,-0.02315057761,,,-0.008781863357,0.0001713563465,True,
2021-12-17,2021-12-16,SPX,QR-Full,QR-Full-expanding-min750-refit10-SigmaHatRECONSTRUCTED,1,0.02463387023,0.0006068275623,-0.04110871535,-0.03327310844,-0.02432087451,,,-0.01034096455,0.0002920011808,True,
2021-12-20,2021-12-17,SPX,QR-Full,QR-Full-expanding-min750-refit10-SigmaHatRECONSTRUCTED,1,0.02467896756,0.0006090514397,-0.04289348702,-0.03237648112,-0.0260749126,,,-0.01145339828,0.0001557936627,True,
2021-12-21,2021-12-20,SPX,QR-Full,QR-Full-expanding-min750-refit10-SigmaHatRECONSTRUCTED,1,0.0244942015,0.000599965907,-0.04125842955,-0.03182703066,-0.02456577214,,,0.01762175518,0.0001025461724,True,
2021-12-22,2021-12-21,SPX,QR-Full,QR-Full-expanding-min750-refit10-SigmaHatRECONSTRUCTED,1,0.01274208401,0.0001623607049,-0.02906918493,-0.02528415214,-0.02038552798,,,0.01012872822,4.391975342e-05,True,
2021-12-23,2021-12-22,SPX,QR-Full,QR-Full-expanding-min750-refit10-SigmaHatRECONSTRUCTED,1,0.01034033429,0.0001069225133,-0.02170996274,-0.01795007261,-0.0146630844,,,0.006204412586,3.335048611e-05,True,
2021-12-27,2021-12-23,SPX,QR-Full,QR-Full-expanding-min750-refit10-SigmaHatRECONSTRUCTED,1,0.01622433993,0.0002632292061,-0.02232624924,-0.01681984312,-0.01126945492,,,0.0137440515,1.858706088e-05,True,
2021-12-28,2021-12-27,SPX,QR-Full,QR-Full-expanding-min750-refit10-SigmaHatRECONSTRUCTED,1,0.005129339107,2.631011968e-05,-0.01607827719,-0.01468174979,-0.0125826621,,,-0.001010665242,5.85725457e-05,True,
2021-12-29,2021-12-28,SPX,QR-Full,QR-Full-expanding-min750-refit10-SigmaHatRECONSTRUCTED,1,0.01077632844,0.0001161292546,-0.01836520876,-0.01380595725,-0.01102120293,,,0.001400913415,2.985673372e-05,True,
2021-12-30,2021-12-29,SPX,QR-Full,QR-Full-expanding-min750-refit10-SigmaHatRECONSTRUCTED,1,0.01334393424,0.000178060581,-0.0179468053,-0.01438748962,-0.008852990882,,,-0.002994234025,2.031996446e-05,True,
2021-12-31,2021-12-30,SPX,QR-Full,QR-Full-expanding-min750-refit10-SigmaHatRECONSTRUCTED,1,0.01068774546,0.0001142279031,-0.01734902887,-0.0148861384,-0.01006539182,,,-0.002629634229,4.535612751e-05,True,
2022-01-03,2021-12-31,SPX,QR-Full,QR-Full-expanding-min750-refit10-SigmaHatRECONSTRUCTED,1,0.01350815902,0.0001824703601,-0.01883958063,-0.01277430176,-0.009633847974,,,0.006353824209,8.969837086e-05,True,
2022-01-04,2022-01-03,SPX,QR-Full,QR-Full-expanding-min750-refit10-SigmaHatRECONSTRUCTED,1,0.01856490362,0.0003446556463,-0.02367662351,-0.01618179974,-0.0110247485,,,-0.0006298203499,4.8321563e-05,True,
2022-01-05,2022-01-04,SPX,QR-Full,QR-Full-expanding-min750-refit10-SigmaHatRECONSTRUCTED,1,0.008824810227,7.787727553e-05,-0.01999914639,-0.0183966216,-0.01398508899,,,-0.01958326432,7.67106198e-05,True,
2022-01-06,2022-01-05,SPX,QR-Full,QR-Full-expanding-min750-refit10-SigmaHatRECONSTRUCTED,1,0.03150977278,0.0009928657805,-0.04713964013,-0.03894576635,-0.02566591126,,,-0.000964233647,0.0001308234238,True,
2022-01-07,2022-01-06,SPX,QR-Full,QR-Full-expanding-min750-refit10-SigmaHatRECONSTRUCTED,1,0.01699197213,0.0002887271168,-0.03087282923,-0.02434177642,-0.01929289797,,,-0.004058441182,7.468710484e-05,True,
2022-01-10,2022-01-07,SPX,QR-Full,QR-Full-expanding-min750-refit10-SigmaHatRECONSTRUCTED,1,0.01916831747,0.0003674243947,-0.03153819935,-0.02512522175,-0.01847510127,,,-0.001442070518,0.0001863571563,True,
2022-01-11,2022-01-10,SPX,QR-Full,QR-Full-expanding-min750-refit10-SigmaHatRECONSTRUCTED,1,0.01597236484,0.0002551164385,-0.03416225404,-0.02976163353,-0.02327717929,,,0.009118286419,0.0001070182725,True,
2022-01-12,2022-01-11,SPX,QR-Full,QR-Full-expanding-min750-refit10-SigmaHatRECONSTRUCTED,1,0.0131445552,0.0001727793313,-0.02746794664,-0.02206579832,-0.01851000789,,,0.002813792134,6.396470768e-05,True,
2022-01-13,2022-01-12,SPX,QR-Full,QR-Full-expanding-min750-refit10-SigmaHatRECONSTRUCTED,1,0.01321347756,0.0001745959892,-0.02403864595,-0.01948300507,-0.01503373701,,,-0.01434602934,0.0001200492216,True,
2022-01-14,2022-01-13,SPX,QR-Full,QR-Full-expanding-min750-refit10-SigmaHatRECONSTRUCTED,1,0.02817989944,0.0007941067323,-0.04606390095,-0.03840293735,-0.0268594616,,,0.0008196443768,0.0002060976334,True,
2022-01-18,2022-01-14,SPX,QR-Full,QR-Full-expanding-min750-refit10-SigmaHatRECONSTRUCTED,1,0.01421850054,0.0002021657576,-0.03039740854,-0.02450932017,-0.02070758222,,,-0.01855910553,0.0001638354396,True,
2022-01-19,2022-01-18,SPX,QR-Full,QR-Full-expanding-min750-refit10-SigmaHatRECONSTRUCTED,1,0.03293995452,0.001085040604,-0.04961024333,-0.03729898314,-0.02716185382,,,-0.009736790797,0.0001548311166,True,
2022-01-20,2022-01-19,SPX,QR-Full,QR-Full-expanding-min750-refit10-SigmaHatRECONSTRUCTED,1,0.02376156058,0.0005646117611,-0.04275163116,-0.03383510406,-0.02655826432,,,-0.01109874249,0.0001759616886,True,
2022-01-21,2022-01-20,SPX,QR-Full,QR-Full-expanding-min750-refit10-SigmaHatRECONSTRUCTED,1,0.02822268051,0.0007965196949,-0.05276655798,-0.04628902181,-0.03353296358,,,-0.01909599531,0.0004371550033,True,
2022-01-24,2022-01-21,SPX,QR-Full,QR-Full-expanding-min750-refit10-SigmaHatRECONSTRUCTED,1,0.04035136991,0.001628233054,-0.06277760871,-0.04680438687,-0.03527838225,,,0.002767904893,0.001164289015,True,
2022-01-25,2022-01-24,SPX,QR-Full,QR-Full-expanding-min750-refit10-SigmaHatRECONSTRUCTED,1,0.03840871478,0.001475229371,-0.07197554914,-0.0635072314,-0.04580023098,,,-0.01224659067,0.0007294629021,True,
2022-01-26,2022-01-25,SPX,QR-Full,QR-Full-expanding-min750-refit10-SigmaHatRECONSTRUCTED,1,0.04200845966,0.001764710683,-0.06897880608,-0.05537626064,-0.0403502825,,,-0.001497756804,0.0009937951958,True,
2022-01-27,2022-01-26,SPX,QR-Full,QR-Full-expanding-min750-refit10-SigmaHatRECONSTRUCTED,1,0.03744377987,0.001402036651,-0.06870974206,-0.06012970773,-0.04319202149,,,-0.005398635164,0.000555055595,True,
2022-01-28,2022-01-27,SPX,QR-Full,QR-Full-expanding-min750-refit10-SigmaHatRECONSTRUCTED,1,0.02646679359,0.0007004911629,-0.05641596262,-0.04891358575,-0.03837899505,,,0.02405596791,0.0004470858089,True,
2022-01-31,2022-01-28,SPX,QR-Full,QR-Full-expanding-min750-refit10-SigmaHatRECONSTRUCTED,1,0.02157668497,0.0004655533344,-0.05015470461,-0.04600790975,-0.03545031793,,,0.01870982621,0.0001858396573,True,
2022-02-01,2022-01-31,SPX,QR-Full,QR-Full-expanding-min750-refit10-SigmaHatRECONSTRUCTED,1,0.01688333819,0.0002850471083,-0.03904850731,-0.03588940261,-0.02754260946,,,0.006839560265,0.0001935949889,True,
2022-02-02,2022-02-01,SPX,QR-Full,QR-Full-expanding-min750-refit10-SigmaHatRECONSTRUCTED,1,0.01423474516,0.0002026279698,-0.03157981988,-0.02691815799,-0.02187892294,,,0.009378400503,0.0001434062395,True,
2022-02-03,2022-02-02,SPX,QR-Full,QR-Full-expanding-min750-refit10-SigmaHatRECONSTRUCTED,1,0.01033984253,0.0001069123436,-0.02712279926,-0.0237912706,-0.02007625606,,,-0.02469347185,0.0001780852605,True,
2022-02-04,2022-02-03,SPX,QR-Full,QR-Full-expanding-min750-refit10-SigmaHatRECONSTRUCTED,1,0.03544392273,0.001256271658,-0.05297506703,-0.04162855989,-0.0288202376,,,0.005143678496,0.0002317914207,True,
2022-02-07,2022-02-04,SPX,QR-Full,QR-Full-expanding-min750-refit10-SigmaHatRECONSTRUCTED,1,0.01416373002,0.000200611248,-0.0344805514,-0.03216964294,-0.02482805087,,,-0.003708580935,0.0001823455769,True,
2022-02-08,2022-02-07,SPX,QR-Full,QR-Full-expanding-min750-refit10-SigmaHatRECONSTRUCTED,1,0.01334851145,0.000178182758,-0.03024123461,-0.02541871574,-0.02114430085,,,0.008366113495,0.0001090885526,True,
2022-02-09,2022-02-08,SPX,QR-Full,QR-Full-expanding-min750-refit10-SigmaHatRECONSTRUCTED,1,0.009050716419,8.191546771e-05,-0.02382527454,-0.01986005616,-0.01765726337,,,0.01441284214,5.350284251e-05,True,
2022-02-10,2022-02-09,SPX,QR-Full,QR-Full-expanding-min750-refit10-SigmaHatRECONSTRUCTED,1,0.002748825137,7.556039633e-06,-0.01569209997,-0.015279819,-0.01381879145,,,-0.01828182456,0.0002807440844,True,
2022-02-11,2022-02-10,SPX,QR-Full,QR-Full-expanding-min750-refit10-SigmaHatRECONSTRUCTED,1,0.03212350489,0.001031919566,-0.05038223214,-0.04018513438,-0.02849024836,,,-0.01915168255,0.0003956397514,True,
2022-02-14,2022-02-11,SPX,QR-Full,QR-Full-expanding-min750-refit10-SigmaHatRECONSTRUCTED,1,0.02737239193,0.0007492478398,-0.05328414923,-0.04672760823,-0.0346300216,,,-0.003847990791,0.0002737832772,True,
2022-02-15,2022-02-14,SPX,QR-Full,QR-Full-expanding-min750-refit10-SigmaHatRECONSTRUCTED,1,0.01885394759,0.0003554713396,-0.03613129372,-0.02830748438,-0.0232824369,,,0.01564371757,8.25467879e-05,True,
2022-02-16,2022-02-15,SPX,QR-Full,QR-Full-expanding-min750-refit10-SigmaHatRECONSTRUCTED,1,0.01388768215,0.0001928677155,-0.02729255802,-0.0218960878,-0.01782818253,,,0.000880819853,0.0001266047425,True,
2022-02-17,2022-02-16,SPX,QR-Full,QR-Full-expanding-min750-refit10-SigmaHatRECONSTRUCTED,1,0.01455926427,0.000211972176,-0.03063502884,-0.02588750299,-0.020712974,,,-0.02140050414,0.0001038398514,True,
2022-02-18,2022-02-17,SPX,QR-Full,QR-Full-expanding-min750-refit10-SigmaHatRECONSTRUCTED,1,0.02713181977,0.000736135644,-0.04569014445,-0.03756787437,-0.02719996536,,,-0.007191961793,0.000254880802,True,
2022-02-22,2022-02-18,SPX,QR-Full,QR-Full-expanding-min750-refit10-SigmaHatRECONSTRUCTED,1,0.01720576432,0.000296038326,-0.03695353701,-0.03024755097,-0.0252279076,,,-0.0101947353,0.0003878350098,True,
2022-02-23,2022-02-22,SPX,QR-Full,QR-Full-expanding-min750-refit10-SigmaHatRECONSTRUCTED,1,0.02319247454,0.0005378908753,-0.04601606068,-0.03885454023,-0.03021052271,,,-0.01858373584,0.000231743616,True,
2022-02-24,2022-02-23,SPX,QR-Full,QR-Full-expanding-min750-refit10-SigmaHatRECONSTRUCTED,1,0.03465527024,0.001200987755,-0.05556055204,-0.04594096432,-0.03194318474,,,0.01484610518,0.0008626789602,True,
2022-02-25,2022-02-24,SPX,QR-Full,QR-Full-expanding-min750-refit10-SigmaHatRECONSTRUCTED,1,0.03198926619,0.001023313152,-0.06010855573,-0.05439786043,-0.03830805485,,,0.02212608055,0.0002601126655,True,
2022-02-28,2022-02-25,SPX,QR-Full,QR-Full-expanding-min750-refit10-SigmaHatRECONSTRUCTED,1,0.01979101585,0.0003916843085,-0.04100120139,-0.03467312877,-0.02751373794,,,-0.002445591478,0.0003809913285,True,
2022-03-01,2022-02-28,SPX,QR-Full,QR-Full-expanding-min750-refit10-SigmaHatRECONSTRUCTED,1,0.01737365082,0.000301843743,-0.03956891968,-0.03118101638,-0.0277288766,,,-0.01559446761,0.0003343303562,True,
2022-03-02,2022-03-01,SPX,QR-Full,QR-Full-expanding-min750-refit10-SigmaHatRECONSTRUCTED,1,0.02697471794,0.0007276354078,-0.05027435126,-0.03932172158,-0.03189123617,,,0.01847104668,0.0003125423162,True,
2022-03-03,2022-03-02,SPX,QR-Full,QR-Full-expanding-min750-refit10-SigmaHatRECONSTRUCTED,1,0.02793468526,0.0007803466406,-0.04636822615,-0.03655070417,-0.02733089885,,,-0.005268520816,0.0002827916329,True,
2022-03-04,2022-03-03,SPX,QR-Full,QR-Full-expanding-min750-refit10-SigmaHatRECONSTRUCTED,1,0.02535426498,0.0006428387528,-0.04530374646,-0.03531741729,-0.02802496074,,,-0.0079656845,0.0003049165859,True,
2022-03-07,2022-03-04,SPX,QR-Full,QR-Full-expanding-min750-refit10-SigmaHatRECONSTRUCTED,1,0.01962677337,0.0003852102327,-0.04134703925,-0.03214412388,-0.02797150611,,,-0.02996258671,0.0002470805532,True,
2022-03-08,2022-03-07,SPX,QR-Full,QR-Full-expanding-min750-refit10-SigmaHatRECONSTRUCTED,1,0.04108280294,0.001687796697,-0.0657611773,-0.05435487274,-0.03776348344,,,-0.00726004411,0.0008348687764,True,
2022-03-09,2022-03-08,SPX,QR-Full,QR-Full-expanding-min750-refit10-SigmaHatRECONSTRUCTED,1,0.03474216707,0.001207018173,-0.0624526377,-0.05331369628,-0.03877605071,,,0.02537359824,0.0001837265671,True,
2022-03-10,2022-03-09,SPX,QR-Full,QR-Full-expanding-min750-refit10-SigmaHatRECONSTRUCTED,1,0.02369313082,0.0005613644482,-0.04230372927,-0.03351018581,-0.02615699691,,,-0.004301049854,0.0002693190804,True,
2022-03-11,2022-03-10,SPX,QR-Full,QR-Full-expanding-min750-refit10-SigmaHatRECONSTRUCTED,1,0.01926588156,0.0003711741924,-0.04152667886,-0.03502372243,-0.02839709141,,,-0.01304627895,0.0001845510455,True,
2022-03-14,2022-03-11,SPX,QR-Full,QR-Full-expanding-min750-refit10-SigmaHatRECONSTRUCTED,1,0.02567379758,0.0006591438823,-0.04731276988,-0.04039852595,-0.02981622452,,,-0.00744867526,0.0002089462907,True,
2022-03-15,2022-03-14,SPX,QR-Full,QR-Full-expanding-min750-refit10-SigmaHatRECONSTRUCTED,1,0.02672687129,0.0007143256487,-0.04895016577,-0.0426562434,-0.03073595674,,,0.02118262972,0.0002162294709,True,
2022-03-16,2022-03-15,SPX,QR-Full,QR-Full-expanding-min750-refit10-SigmaHatRECONSTRUCTED,1,0.01497286771,0.0002241867675,-0.03368655855,-0.02664299602,-0.02348263535,,,0.02213692166,0.0004463167254,True,
2022-03-17,2022-03-16,SPX,QR-Full,QR-Full-expanding-min750-refit10-SigmaHatRECONSTRUCTED,1,0.02020893753,0.0004084011562,-0.04216959524,-0.03630768965,-0.02839732057,,,0.01227220516,0.0001486483297,True,
2022-03-18,2022-03-17,SPX,QR-Full,QR-Full-expanding-min750-refit10-SigmaHatRECONSTRUCTED,1,0.01462047173,0.0002137581936,-0.03382334289,-0.02971028268,-0.02385957552,,,0.01159481434,9.174047142e-05,True,
2022-03-21,2022-03-18,SPX,QR-Full,QR-Full-expanding-min750-refit10-SigmaHatRECONSTRUCTED,1,0.007135581164,5.091651855e-05,-0.02423262409,-0.02129260338,-0.01936976658,,,-0.0004347547633,0.0002123424672,True,
2022-03-22,2022-03-21,SPX,QR-Full,QR-Full-expanding-min750-refit10-SigmaHatRECONSTRUCTED,1,0.01503118958,0.0002259366601,-0.0331822876,-0.02957695559,-0.02293861838,,,0.01124069944,7.231843781e-05,True,
2022-03-23,2022-03-22,SPX,QR-Full,QR-Full-expanding-min750-refit10-SigmaHatRECONSTRUCTED,1,0.01213823871,0.000147336839,-0.02359688736,-0.01707489428,-0.01532474751,,,-0.01234863027,0.0001033850841,True,
2022-03-24,2022-03-23,SPX,QR-Full,QR-Full-expanding-min750-refit10-SigmaHatRECONSTRUCTED,1,0.01349850931,0.0001822097537,-0.03090402415,-0.02722462574,-0.0217048677,,,0.01424201231,8.582074875e-05,True,
2022-03-25,2022-03-24,SPX,QR-Full,QR-Full-expanding-min750-refit10-SigmaHatRECONSTRUCTED,1,0.009074824182,8.235243393e-05,-0.02215516832,-0.01728238992,-0.01597072785,,,0.005053380849,0.0001182738112,True,
2022-03-28,2022-03-25,SPX,QR-Full,QR-Full-expanding-min750-refit10-SigmaHatRECONSTRUCTED,1,0.007503392984,5.630090628e-05,-0.02464321706,-0.02430703137,-0.01952969791,,,0.007119551033,8.285859379e-05,True,
2022-03-29,2022-03-28,SPX,QR-Full,QR-Full-expanding-min750-refit10-SigmaHatRECONSTRUCTED,1,0.006401699255,4.098175336e-05,-0.01911296778,-0.01666059271,-0.01475024656,,,0.01218204407,8.078046782e-05,True,
2022-03-30,2022-03-29,SPX,QR-Full,QR-Full-expanding-min750-refit10-SigmaHatRECONSTRUCTED,1,0.006709214669,4.501356148e-05,-0.01553592279,-0.01124996955,-0.01096363159,,,-0.006313589141,7.865409336e-05,True,
2022-03-31,2022-03-30,SPX,QR-Full,QR-Full-expanding-min750-refit10-SigmaHatRECONSTRUCTED,1,0.01370116958,0.0001877220478,-0.02720159618,-0.02323903231,-0.01786432793,,,-0.01577633521,9.401972122e-05,True,
2022-04-01,2022-03-31,SPX,QR-Full,QR-Full-expanding-min750-refit10-SigmaHatRECONSTRUCTED,1,0.01725506771,0.0002977373616,-0.03343624081,-0.02972922456,-0.02167701143,,,0.003404420955,0.0001156549838,True,
2022-04-04,2022-04-01,SPX,QR-Full,QR-Full-expanding-min750-refit10-SigmaHatRECONSTRUCTED,1,0.008954697459,8.018660658e-05,-0.02248427121,-0.01915980808,-0.0163816964,,,0.008058382655,4.086522184e-05,True,
2022-04-05,2022-04-04,SPX,QR-Full,QR-Full-expanding-min750-refit10-SigmaHatRECONSTRUCTED,1,0.005136468134,2.63833049e-05,-0.01556597654,-0.01217467324,-0.01206550305,,,-0.01263115918,0.0001439277361,True,
2022-04-06,2022-04-05,SPX,QR-Full,QR-Full-expanding-min750-refit10-SigmaHatRECONSTRUCTED,1,0.02235156314,0.0004995923747,-0.0358246739,-0.02881647263,-0.02059221221,,,-0.009764433948,0.0002434833859,True,
2022-04-07,2022-04-06,SPX,QR-Full,QR-Full-expanding-min750-refit10-SigmaHatRECONSTRUCTED,1,0.01706778343,0.0002913092312,-0.0366801668,-0.03166361171,-0.02504857058,,,0.004244365643,0.000131319603,True,
2022-04-08,2022-04-07,SPX,QR-Full,QR-Full-expanding-min750-refit10-SigmaHatRECONSTRUCTED,1,0.01363728318,0.0001859754925,-0.03111610018,-0.02723902195,-0.02182237015,,,-0.002654546724,0.0001146832929,True,
2022-04-11,2022-04-08,SPX,QR-Full,QR-Full-expanding-min750-refit10-SigmaHatRECONSTRUCTED,1,0.01232613319,0.0001519335595,-0.02982159134,-0.0261912094,-0.02142140248,,,-0.01702133459,7.312815334e-05,True,
2022-04-12,2022-04-11,SPX,QR-Full,QR-Full-expanding-min750-refit10-SigmaHatRECONSTRUCTED,1,0.02634246043,0.0006939252217,-0.0427379478,-0.03454159754,-0.02478571256,,,-0.003423300566,0.0001304245881,True,
2022-04-13,2022-04-12,SPX,QR-Full,QR-Full-expanding-min750-refit10-SigmaHatRECONSTRUCTED,1,0.01756840942,0.0003086490094,-0.03386347899,-0.02704142614,-0.02189070904,,,0.0111126034,7.167797828e-05,True,
2022-04-14,2022-04-13,SPX,QR-Full,QR-Full-expanding-min750-refit10-SigmaHatRECONSTRUCTED,1,0.01468601797,0.0002156791238,-0.02762184857,-0.02114723322,-0.01761341181,,,-0.01221848038,0.0001127115431,True,
2022-04-18,2022-04-14,SPX,QR-Full,QR-Full-expanding-min750-refit10-SigmaHatRECONSTRUCTED,1,0.02637069706,0.0006954136632,-0.04244652499,-0.03632108147,-0.02447504666,,,-0.0002048894218,0.0001534043202,True,
2022-04-19,2022-04-18,SPX,QR-Full,QR-Full-expanding-min750-refit10-SigmaHatRECONSTRUCTED,1,0.01273474227,0.0001621736606,-0.02948970687,-0.02371560806,-0.02081105328,,,0.01593004486,9.356598777e-05,True,
2022-04-20,2022-04-19,SPX,QR-Full,QR-Full-expanding-min750-refit10-SigmaHatRECONSTRUCTED,1,0.01314849786,0.000172882996,-0.02932507822,-0.02384215937,-0.02036445257,,,-0.0006186664903,0.0001140523425,True,
2022-04-21,2022-04-20,SPX,QR-Full,QR-Full-expanding-min750-refit10-SigmaHatRECONSTRUCTED,1,0.01581152456,0.000250004309,-0.02874863399,-0.02290947026,-0.01797317096,,,-0.01486285554,0.000195488857,True,
2022-04-22,2022-04-21,SPX,QR-Full,QR-Full-expanding-min750-refit10-SigmaHatRECONSTRUCTED,1,0.0323135465,0.001044165288,-0.05342835516,-0.04727245779,-0.03140685912,,,-0.02813207636,0.0002858271611,True,
2022-04-25,2022-04-22,SPX,QR-Full,QR-Full-expanding-min750-refit10-SigmaHatRECONSTRUCTED,1,0.04097225801,0.001678725926,-0.06351948363,-0.05073446619,-0.03559712551,,,0.005681765137,0.000427368837,True,
2022-04-26,2022-04-25,SPX,QR-Full,QR-Full-expanding-min750-refit10-SigmaHatRECONSTRUCTED,1,0.01740553576,0.0003029526751,-0.04009374559,-0.03267589022,-0.0282319731,,,-0.02855000896,0.0002739005671,True,
2022-04-27,2022-04-26,SPX,QR-Full,QR-Full-expanding-min750-refit10-SigmaHatRECONSTRUCTED,1,0.03824848899,0.00146294691,-0.06193266719,-0.04673316873,-0.03586654199,,,0.002095849115,0.000410060999,True,
2022-04-28,2022-04-27,SPX,QR-Full,QR-Full-expanding-min750-refit10-SigmaHatRECONSTRUCTED,1,0.0244916157,0.0005998392395,-0.04843020008,-0.04035037089,-0.03173930488,,,0.02444565533,0.0002246304498,True,
2022-04-29,2022-04-28,SPX,QR-Full,QR-Full-expanding-min750-refit10-SigmaHatRECONSTRUCTED,1,0.02299156434,0.0005286120307,-0.04650769324,-0.04118091046,-0.03083907441,,,-0.03695915973,0.0002961891051,True,
2022-05-02,2022-04-29,SPX,QR-Full,QR-Full-expanding-min750-refit10-SigmaHatRECONSTRUCTED,1,0.05612778299,0.003150328023,-0.0792195798,-0.06002920567,-0.04096881859,,,0.005659199286,0.0006093721019,True,
2022-05-03,2022-05-02,SPX,QR-Full,QR-Full-expanding-min750-refit10-SigmaHatRECONSTRUCTED,1,0.02659334568,0.0007072060344,-0.05446039091,-0.04831806603,-0.03633717882,,,0.004825464918,0.0003346152895,True,
2022-05-04,2022-05-03,SPX,QR-Full,QR-Full-expanding-min750-refit10-SigmaHatRECONSTRUCTED,1,0.01716926558,0.0002947836806,-0.03532857491,-0.0245215131,-0.02362781919,,,0.0294252217,0.0006313784203,True,
2022-05-05,2022-05-04,SPX,QR-Full,QR-Full-expanding-min750-refit10-SigmaHatRECONSTRUCTED,1,0.02870042505,0.000823714398,-0.0544221735,-0.04780740925,-0.03486299894,,,-0.03630067764,0.0006032889337,True,
2022-05-06,2022-05-05,SPX,QR-Full,QR-Full-expanding-min750-refit10-SigmaHatRECONSTRUCTED,1,0.0536866371,0.002882255003,-0.08404762376,-0.06974798591,-0.04746048943,,,-0.005690384308,0.0007420933519,True,
2022-05-09,2022-05-06,SPX,QR-Full,QR-Full-expanding-min750-refit10-SigmaHatRECONSTRUCTED,1,0.03180693565,0.001011681155,-0.05702195017,-0.04567032507,-0.03534570651,,,-0.03256151966,0.0005163979067,True,
2022-05-10,2022-05-09,SPX,QR-Full,QR-Full-expanding-min750-refit10-SigmaHatRECONSTRUCTED,1,0.04436764729,0.001968488126,-0.07165616346,-0.05511481799,-0.04141986707,,,0.002454881862,0.000612502489,True,
2022-05-11,2022-05-10,SPX,QR-Full,QR-Full-expanding-min750-refit10-SigmaHatRECONSTRUCTED,1,0.02112715369,0.0004463566232,-0.04631930324,-0.03741523455,-0.03192126954,,,-0.01660023205,0.000751928918,True,
2022-05-12,2022-05-11,SPX,QR-Full,QR-Full-expanding-min750-refit10-SigmaHatRECONSTRUCTED,1,0.03599247846,0.001295458505,-0.06480033143,-0.05136061872,-0.04027166442,,,-0.001296805117,0.0007483060534,True,
2022-05-13,2022-05-12,SPX,QR-Full,QR-Full-expanding-min750-refit10-SigmaHatRECONSTRUCTED,1,0.01880679705,0.0003536956153,-0.04686001203,-0.03890850509,-0.03404328803,,,0.02358926809,0.0003387337504,True,
2022-05-16,2022-05-13,SPX,QR-Full,QR-Full-expanding-min750-refit10-SigmaHatRECONSTRUCTED,1,0.02302270611,0.0005300449968,-0.04427427715,-0.03605391037,-0.02858443538,,,-0.003954208564,0.0002994973366,True,
2022-05-17,2022-05-16,SPX,QR-Full,QR-Full-expanding-min750-refit10-SigmaHatRECONSTRUCTED,1,0.01600796966,0.0002562550927,-0.03697213902,-0.03021237117,-0.02606279979,,,0.01996891961,0.0002399718562,True,
2022-05-18,2022-05-17,SPX,QR-Full,QR-Full-expanding-min750-refit10-SigmaHatRECONSTRUCTED,1,0.01439388457,0.000207183913,-0.0340379834,-0.02908455386,-0.02422863387,,,-0.04123380928,0.0002856758755,True,
2022-05-19,2022-05-18,SPX,QR-Full,QR-Full-expanding-min750-refit10-SigmaHatRECONSTRUCTED,1,0.04528531681,0.002050759919,-0.07066210514,-0.05491660158,-0.03980042225,,,-0.005850864885,0.0005836594435,True,
2022-05-20,2022-05-19,SPX,QR-Full,QR-Full-expanding-min750-refit10-SigmaHatRECONSTRUCTED,1,0.02083123034,0.0004339401574,-0.04339351154,-0.03515133421,-0.0291971479,,,0.0001461309999,0.0004674368916,True,
2022-05-23,2022-05-20,SPX,QR-Full,QR-Full-expanding-min750-refit10-SigmaHatRECONSTRUCTED,1,0.01558840363,0.0002429983278,-0.04374955779,-0.0418477644,-0.0331261504,,,0.01838499552,0.000299200833,True,
2022-05-24,2022-05-23,SPX,QR-Full,QR-Full-expanding-min750-refit10-SigmaHatRECONSTRUCTED,1,0.01702411674,0.0002898205508,-0.03762584152,-0.03227186495,-0.0260240039,,,-0.008153951022,0.0003889256528,True,
2022-05-25,2022-05-24,SPX,QR-Full,QR-Full-expanding-min750-refit10-SigmaHatRECONSTRUCTED,1,0.01489935733,0.0002219908489,-0.03743398813,-0.02918783903,-0.02728016183,,,0.00940638565,0.0002538464057,True,
2022-05-26,2022-05-25,SPX,QR-Full,QR-Full-expanding-min750-refit10-SigmaHatRECONSTRUCTED,1,0.01494484333,0.0002233483423,-0.03427662818,-0.02689243624,-0.02409180342,,,0.01968816615,0.0001084733621,True,
2022-05-27,2022-05-26,SPX,QR-Full,QR-Full-expanding-min750-refit10-SigmaHatRECONSTRUCTED,1,0.01634667754,0.0002672138666,-0.03339527438,-0.02697562915,-0.02225510767,,,0.02444113008,9.235888399e-05,True,
2022-05-31,2022-05-27,SPX,QR-Full,QR-Full-expanding-min750-refit10-SigmaHatRECONSTRUCTED,1,0.01124792124,0.0001265157321,-0.02806330995,-0.02248714047,-0.02039791633,,,-0.006294135187,0.0002561500073,True,
2022-06-01,2022-05-31,SPX,QR-Full,QR-Full-expanding-min750-refit10-SigmaHatRECONSTRUCTED,1,0.02071125519,0.0004289560915,-0.04043520656,-0.03102075804,-0.0263206053,,,-0.007510905072,0.0002582842906,True,
2022-06-02,2022-06-01,SPX,QR-Full,QR-Full-expanding-min750-refit10-SigmaHatRECONSTRUCTED,1,0.01317353104,0.00017354192,-0.03496578984,-0.03167726338,-0.02598810422,,,0.01826322548,0.0002217863628,True,
2022-06-03,2022-06-02,SPX,QR-Full,QR-Full-expanding-min750-refit10-SigmaHatRECONSTRUCTED,1,0.01206401737,0.0001455405152,-0.03293301277,-0.02849398377,-0.02471145433,,,-0.01648240557,0.0002128593763,True,
2022-06-06,2022-06-03,SPX,QR-Full,QR-Full-expanding-min750-refit10-SigmaHatRECONSTRUCTED,1,0.02416048085,0.000583728835,-0.04026684082,-0.02825013051,-0.02380161212,,,0.003132489475,0.0001664221774,True,
2022-06-07,2022-06-06,SPX,QR-Full,QR-Full-expanding-min750-refit10-SigmaHatRECONSTRUCTED,1,0.01442657775,0.0002081261456,-0.03203149673,-0.02794520334,-0.02219986699,,,0.009478331531,0.00011633826,True,
2022-06-08,2022-06-07,SPX,QR-Full,QR-Full-expanding-min750-refit10-SigmaHatRECONSTRUCTED,1,0.002736923181,7.490748499e-06,-0.02205447112,-0.02041145363,-0.02018927372,,,-0.01085262298,0.0002011867607,True,
2022-06-09,2022-06-08,SPX,QR-Full,QR-Full-expanding-min750-refit10-SigmaHatRECONSTRUCTED,1,0.02157124959,0.0004653188088,-0.03913813983,-0.02904674631,-0.02443745733,,,-0.02408645787,0.0002572041524,True,
2022-06-10,2022-06-09,SPX,QR-Full,QR-Full-expanding-min750-refit10-SigmaHatRECONSTRUCTED,1,0.02713101774,0.0007360921236,-0.04995255426,-0.03896568672,-0.03146292175,,,-0.02954241483,0.0003270885099,True,
2022-06-13,2022-06-10,SPX,QR-Full,QR-Full-expanding-min750-refit10-SigmaHatRECONSTRUCTED,1,0.03546990234,0.001258113972,-0.05732534588,-0.03939868887,-0.03315281148,,,-0.03953993183,0.0003662514541,True,
2022-06-14,2022-06-13,SPX,QR-Full,QR-Full-expanding-min750-refit10-SigmaHatRECONSTRUCTED,1,0.03954316522,0.001563661915,-0.06641110952,-0.04666808775,-0.03946266991,,,-0.003780818215,0.000434240187,True,
2022-06-15,2022-06-14,SPX,QR-Full,QR-Full-expanding-min750-refit10-SigmaHatRECONSTRUCTED,1,0.01670425498,0.0002790321344,-0.03728791069,-0.02780999958,-0.02590405702,,,0.0144870589,0.001002745837,True,
2022-06-16,2022-06-15,SPX,QR-Full,QR-Full-expanding-min750-refit10-SigmaHatRECONSTRUCTED,1,0.02883997924,0.0008317444023,-0.0561379457,-0.04494784444,-0.03648366577,,,-0.03305220692,0.0004204211861,True,
2022-06-17,2022-06-16,SPX,QR-Full,QR-Full-expanding-min750-refit10-SigmaHatRECONSTRUCTED,1,0.05786224067,0.003348038896,-0.08222298841,-0.05585257538,-0.04279020427,,,0.002198447243,0.0004410609739,True,
2022-06-21,2022-06-17,SPX,QR-Full,QR-Full-expanding-min750-refit10-SigmaHatRECONSTRUCTED,1,0.01109826246,0.0001231714297,-0.03568650373,-0.03013969545,-0.02812310171,,,0.02418247491,0.0001129688317,True,
2022-06-22,2022-06-21,SPX,QR-Full,QR-Full-expanding-min750-refit10-SigmaHatRECONSTRUCTED,1,0.02547492807,0.0006489719604,-0.04264888419,-0.03269278802,-0.02528786726,,,-0.001302419967,0.0002902852134,True,
2022-06-23,2022-06-22,SPX,QR-Full,QR-Full-expanding-min750-refit10-SigmaHatRECONSTRUCTED,1,0.007402446452,5.479621347e-05,-0.03138600834,-0.02786122001,-0.02634128367,,,0.00948707225,0.000255096814,True,
2022-06-24,2022-06-23,SPX,QR-Full,QR-Full-expanding-min750-refit10-SigmaHatRECONSTRUCTED,1,0.009494143454,9.013875993e-05,-0.03067275064,-0.02548686686,-0.0242025465,,,0.03010553979,0.0001608382676,True,
2022-06-27,2022-06-24,SPX,QR-Full,QR-Full-expanding-min750-refit10-SigmaHatRECONSTRUCTED,1,0.02066654041,0.0004271058924,-0.03808553411,-0.02978464589,-0.02400140572,,,-0.002977499939,0.0002064344849,True,
2022-06-28,2022-06-27,SPX,QR-Full,QR-Full-expanding-min750-refit10-SigmaHatRECONSTRUCTED,1,0.01898969679,0.0003606085842,-0.03748095126,-0.02791966839,-0.02453958214,,,-0.020348673,0.0002253348756,True,
2022-06-29,2022-06-28,SPX,QR-Full,QR-Full-expanding-min750-refit10-SigmaHatRECONSTRUCTED,1,0.0199523107,0.0003980947023,-0.04633828308,-0.04130135933,-0.03274089812,,,-0.0007119988979,0.00026242771,True,
2022-06-30,2022-06-29,SPX,QR-Full,QR-Full-expanding-min750-refit10-SigmaHatRECONSTRUCTED,1,0.008469998154,7.174086873e-05,-0.02880654739,-0.02365469679,-0.02303429238,,,-0.008797866164,0.0004762967937,True,
2022-07-01,2022-06-30,SPX,QR-Full,QR-Full-expanding-min750-refit10-SigmaHatRECONSTRUCTED,1,0.02661583109,0.0007084024645,-0.04925334461,-0.0377290594,-0.03111480884,,,0.01049851121,0.0003249722283,True,
2022-07-05,2022-07-01,SPX,QR-Full,QR-Full-expanding-min750-refit10-SigmaHatRECONSTRUCTED,1,0.01186012613,0.0001406625919,-0.03275344067,-0.02766804728,-0.02467083294,,,0.001582875249,0.0002961789375,True,
2022-07-06,2022-07-05,SPX,QR-Full,QR-Full-expanding-min750-refit10-SigmaHatRECONSTRUCTED,1,0.003286050468,1.079812768e-05,-0.02862125967,-0.02689881681,-0.02638183518,,,0.003566795562,0.0003364720321,True,
2022-07-07,2022-07-06,SPX,QR-Full,QR-Full-expanding-min750-refit10-SigmaHatRECONSTRUCTED,1,0.009186612143,8.439384267e-05,-0.03033201717,-0.02506711757,-0.02407139385,,,0.01485372317,6.0457933e-05,True,
2022-07-08,2022-07-07,SPX,QR-Full,QR-Full-expanding-min750-refit10-SigmaHatRECONSTRUCTED,1,0.02240509474,0.0005019882704,-0.03394739782,-0.02363361361,-0.01867845465,,,-0.0008306163,0.0001747530878,True,
2022-07-11,2022-07-08,SPX,QR-Full,QR-Full-expanding-min750-refit10-SigmaHatRECONSTRUCTED,1,0.02045571657,0.0004184363404,-0.03757603891,-0.02876437318,-0.02363558575,,,-0.01159441762,0.0001084310698,True,
2022-07-12,2022-07-11,SPX,QR-Full,QR-Full-expanding-min750-refit10-SigmaHatRECONSTRUCTED,1,0.007372532018,5.435422835e-05,-0.01978346293,-0.01773230298,-0.01475912478,,,-0.009286868546,0.0001976108673,True,
2022-07-13,2022-07-12,SPX,QR-Full,QR-Full-expanding-min750-refit10-SigmaHatRECONSTRUCTED,1,0.00976770784,9.540811645e-05,-0.02796209684,-0.02185749502,-0.02130546014,,,-0.004466864235,0.0004048333358,True,
2022-07-14,2022-07-13,SPX,QR-Full,QR-Full-expanding-min750-refit10-SigmaHatRECONSTRUCTED,1,0.007748726687,6.004276527e-05,-0.02549528643,-0.02277422066,-0.02021457377,,,-0.003003138685,0.0002296450154,True,
2022-07-15,2022-07-14,SPX,QR-Full,QR-Full-expanding-min750-refit10-SigmaHatRECONSTRUCTED,1,0.02081601909,0.0004333066506,-0.04102558943,-0.03279695958,-0.02683959217,,,0.01901923158,0.0001098413343,True,
2022-07-18,2022-07-15,SPX,QR-Full,QR-Full-expanding-min750-refit10-SigmaHatRECONSTRUCTED,1,0.01706078724,0.0002910704612,-0.03067540641,-0.02249125398,-0.01904857806,,,-0.008398742368,0.0001247891514,True,
2022-07-19,2022-07-18,SPX,QR-Full,QR-Full-expanding-min750-refit10-SigmaHatRECONSTRUCTED,1,0.02234245966,0.0004991855038,-0.04144337103,-0.03554624222,-0.0262171133,,,0.02725351745,9.601986016e-05,True,
2022-07-20,2022-07-19,SPX,QR-Full,QR-Full-expanding-min750-refit10-SigmaHatRECONSTRUCTED,1,0.01255760235,0.0001576933767,-0.02622536082,-0.01793429837,-0.01766742706,,,0.005878493957,0.0001968809268,True,
2022-07-21,2022-07-20,SPX,QR-Full,QR-Full-expanding-min750-refit10-SigmaHatRECONSTRUCTED,1,0.01653690122,0.0002734691018,-0.0345724169,-0.02731952733,-0.02330261386,,,0.009813066733,0.0002357358345,True,
2022-07-22,2022-07-21,SPX,QR-Full,QR-Full-expanding-min750-refit10-SigmaHatRECONSTRUCTED,1,0.007671300154,5.884884606e-05,-0.0273031869,-0.0221855577,-0.02207523997,,,-0.009376287204,0.0001918651075,True,
2022-07-25,2022-07-22,SPX,QR-Full,QR-Full-expanding-min750-refit10-SigmaHatRECONSTRUCTED,1,0.01326587052,0.0001759833207,-0.0323724421,-0.02658131044,-0.02333182765,,,0.001314302954,0.0001070687295,True,
2022-07-26,2022-07-25,SPX,QR-Full,QR-Full-expanding-min750-refit10-SigmaHatRECONSTRUCTED,1,0.01654770071,0.0002738263987,-0.02881109397,-0.02110970944,-0.01753393114,,,-0.01161034258,9.543113184e-05,True,
2022-07-27,2022-07-26,SPX,QR-Full,QR-Full-expanding-min750-refit10-SigmaHatRECONSTRUCTED,1,0.01225956395,0.0001502969082,-0.02902855054,-0.02117303531,-0.02067372824,,,0.02582004863,0.0002586595814,True,
2022-07-28,2022-07-27,SPX,QR-Full,QR-Full-expanding-min750-refit10-SigmaHatRECONSTRUCTED,1,0.0201549834,0.000406223356,-0.03887279533,-0.03112705295,-0.02513729009,,,0.01206031999,0.0001431194026,True,
2022-07-29,2022-07-28,SPX,QR-Full,QR-Full-expanding-min750-refit10-SigmaHatRECONSTRUCTED,1,0.01259080832,0.0001585284543,-0.03179453167,-0.02837532445,-0.02321396823,,,0.01410777568,8.656025562e-05,True,
2022-08-01,2022-07-29,SPX,QR-Full,QR-Full-expanding-min750-refit10-SigmaHatRECONSTRUCTED,1,0.01145379891,0.0001311895095,-0.02589140543,-0.02082395657,-0.01808570737,,,-0.002827076484,0.0001877640818,True,
2022-08-02,2022-08-01,SPX,QR-Full,QR-Full-expanding-min750-refit10-SigmaHatRECONSTRUCTED,1,0.01483307739,0.0002200201848,-0.03379945261,-0.02689165669,-0.0236907957,,,-0.006684688524,0.0001593846522,True,
2022-08-03,2022-08-02,SPX,QR-Full,QR-Full-expanding-min750-refit10-SigmaHatRECONSTRUCTED,1,0.01541073908,0.0002374908791,-0.03099014662,-0.02182738417,-0.02048781659,,,0.0155174564,9.744831555e-05,True,
2022-08-04,2022-08-03,SPX,QR-Full,QR-Full-expanding-min750-refit10-SigmaHatRECONSTRUCTED,1,0.01594453887,0.0002542283197,-0.02998845585,-0.02357227707,-0.01912234434,,,-0.0007776425775,9.547466839e-05,True,
2022-08-05,2022-08-04,SPX,QR-Full,QR-Full-expanding-min750-refit10-SigmaHatRECONSTRUCTED,1,0.01627859915,0.0002649927903,-0.02815212049,-0.02063930805,-0.01705834882,,,-0.001627069019,9.973711067e-05,True,
2022-08-08,2022-08-05,SPX,QR-Full,QR-Full-expanding-min750-refit10-SigmaHatRECONSTRUCTED,1,0.01867567723,0.0003487809199,-0.03316254279,-0.0244857198,-0.0204351762,,,-0.001238316926,0.0001266887651,True,
2022-08-09,2022-08-08,SPX,QR-Full,QR-Full-expanding-min750-refit10-SigmaHatRECONSTRUCTED,1,0.00528165345,2.789586317e-05,-0.02207323882,-0.02025473087,-0.01847382238,,,-0.004257744296,7.4682453e-05,True,
2022-08-10,2022-08-09,SPX,QR-Full,QR-Full-expanding-min750-refit10-SigmaHatRECONSTRUCTED,1,0.01108164911,0.000122802947,-0.02394123468,-0.01712901708,-0.01638915456,,,0.02106715833,7.798213825e-05,True,
2022-08-11,2022-08-10,SPX,QR-Full,QR-Full-expanding-min750-refit10-SigmaHatRECONSTRUCTED,1,0.01968854841,0.0003876389385,-0.02796602397,-0.01883012701,-0.0145483915,,,-0.0007057227217,9.642422888e-05,True,
2022-08-12,2022-08-11,SPX,QR-Full,QR-Full-expanding-min750-refit10-SigmaHatRECONSTRUCTED,1,0.01801273188,0.0003244585099,-0.03437289603,-0.02959954311,-0.02209732287,,,0.01717404676,5.54105767e-05,True,
2022-08-15,2022-08-12,SPX,QR-Full,QR-Full-expanding-min750-refit10-SigmaHatRECONSTRUCTED,1,0.00807444599,6.519667805e-05,-0.01963115185,-0.01525313432,-0.01412846336,,,0.003961684202,5.400395627e-05,True,
2022-08-16,2022-08-15,SPX,QR-Full,QR-Full-expanding-min750-refit10-SigmaHatRECONSTRUCTED,1,0.003333166577,1.110999943e-05,-0.01632879359,-0.01524092082,-0.01405725975,,,0.001873922688,8.422895317e-05,True,
2022-08-17,2022-08-16,SPX,QR-Full,QR-Full-expanding-min750-refit10-SigmaHatRECONSTRUCTED,1,0.006322677825,3.997625487e-05,-0.02115819993,-0.01845288048,-0.01684933137,,,-0.00726411481,0.0001029993247,True,
2022-08-18,2022-08-17,SPX,QR-Full,QR-Full-expanding-min750-refit10-SigmaHatRECONSTRUCTED,1,0.02150369641,0.0004624089594,-0.03638986027,-0.02761092204,-0.02173521487,,,0.002266989533,6.773085919e-05,True,
2022-08-19,2022-08-18,SPX,QR-Full,QR-Full-expanding-min750-refit10-SigmaHatRECONSTRUCTED,1,0.009191798544,8.448916047e-05,-0.02014922601,-0.01519563721,-0.01388506818,,,-0.01298392874,5.494891772e-05,True,
2022-08-22,2022-08-19,SPX,QR-Full,QR-Full-expanding-min750-refit10-SigmaHatRECONSTRUCTED,1,0.02542163837,0.0006462596972,-0.03756406343,-0.02717404154,-0.02023936313,,,-0.02163236645,7.619922405e-05,True,
2022-08-23,2022-08-22,SPX,QR-Full,QR-Full-expanding-min750-refit10-SigmaHatRECONSTRUCTED,1,0.02715530664,0.0007374106785,-0.04225076473,-0.02918050266,-0.02374457948,,,-0.002240370457,0.0001454043696,True,
2022-08-24,2022-08-23,SPX,QR-Full,QR-Full-expanding-min750-refit10-SigmaHatRECONSTRUCTED,1,0.01852902107,0.000343324622,-0.03233502437,-0.02218662195,-0.01970760311,,,0.002911916925,5.894267287e-05,True,
2022-08-25,2022-08-24,SPX,QR-Full,QR-Full-expanding-min750-refit10-SigmaHatRECONSTRUCTED,1,0.01962765233,0.0003852447358,-0.03020074566,-0.02145777308,-0.01682461351,,,0.01399324168,8.491303867e-05,True,
2022-08-26,2022-08-25,SPX,QR-Full,QR-Full-expanding-min750-refit10-SigmaHatRECONSTRUCTED,1,0.01029653255,0.0001060185826,-0.02391940911,-0.01710419728,-0.01690238141,,,-0.0342685763,0.0005488764329,True,
2022-08-29,2022-08-26,SPX,QR-Full,QR-Full-expanding-min750-refit10-SigmaHatRECONSTRUCTED,1,0.04451966419,0.001982000499,-0.07200816284,-0.05224226782,-0.04166826781,,,-0.006688675275,0.0001696690877,True,
2022-08-30,2022-08-29,SPX,QR-Full,QR-Full-expanding-min750-refit10-SigmaHatRECONSTRUCTED,1,0.02676940868,0.0007166012409,-0.04379246399,-0.0304565181,-0.02554926598,,,-0.01108941641,0.0002732467656,True,
2022-08-31,2022-08-30,SPX,QR-Full,QR-Full-expanding-min750-refit10-SigmaHatRECONSTRUCTED,1,0.02456875175,0.0006036235628,-0.04559361132,-0.03462211873,-0.02885014834,,,-0.007847738181,0.0001927881692,True,
2022-09-01,2022-08-31,SPX,QR-Full,QR-Full-expanding-min750-refit10-SigmaHatRECONSTRUCTED,1,0.030260194,0.0009156793406,-0.04811920118,-0.0352920209,-0.02749705306,,,0.002991752354,0.0002426161649,True,
2022-09-02,2022-09-01,SPX,QR-Full,QR-Full-expanding-min750-refit10-SigmaHatRECONSTRUCTED,1,0.02861952169,0.0008190770219,-0.04722849487,-0.03487236073,-0.02772445548,,,-0.0107945526,0.0002936044884,True,
2022-09-06,2022-09-02,SPX,QR-Full,QR-Full-expanding-min750-refit10-SigmaHatRECONSTRUCTED,1,0.03031833628,0.0009192015148,-0.05353172157,-0.04056225341,-0.03286994982,,,-0.004103464855,0.0003134993992,True,
2022-09-07,2022-09-06,SPX,QR-Full,QR-Full-expanding-min750-refit10-SigmaHatRECONSTRUCTED,1,0.0302471415,0.0009148895692,-0.04960049444,-0.03705153064,-0.02898724151,,,0.01817484872,0.0001399393991,True,
2022-09-08,2022-09-07,SPX,QR-Full,QR-Full-expanding-min750-refit10-SigmaHatRECONSTRUCTED,1,0.0250496528,0.0006274851056,-0.03887140796,-0.02236877663,-0.02180021368,,,0.006588967017,0.0003064923397,True,
2022-09-09,2022-09-08,SPX,QR-Full,QR-Full-expanding-min750-refit10-SigmaHatRECONSTRUCTED,1,0.03183895538,0.00101371908,-0.04571064268,-0.0303768401,-0.02401257775,,,0.01515601479,8.386763309e-05,True,
2022-09-12,2022-09-09,SPX,QR-Full,QR-Full-expanding-min750-refit10-SigmaHatRECONSTRUCTED,1,0.02291332942,0.0005250206652,-0.03716097715,-0.02657194051,-0.02154567497,,,0.01052865153,9.325675955e-05,True,
2022-09-13,2022-09-12,SPX,QR-Full,QR-Full-expanding-min750-refit10-SigmaHatRECONSTRUCTED,1,0.02277194375,0.0005185614222,-0.03581987956,-0.02460744333,-0.0203009309,,,-0.04419916307,0.0001344449048,True,
2022-09-14,2022-09-13,SPX,QR-Full,QR-Full-expanding-min750-refit10-SigmaHatRECONSTRUCTED,1,0.03361070183,0.001129679278,-0.05852036968,-0.03976775608,-0.03561486974,,,0.003381289242,0.0002572609099,True,
2022-09-15,2022-09-14,SPX,QR-Full,QR-Full-expanding-min750-refit10-SigmaHatRECONSTRUCTED,1,0.02085115526,0.0004347706757,-0.039190262,-0.0297323025,-0.02498031964,,,-0.01138227214,0.0002404364493,True,
2022-09-16,2022-09-15,SPX,QR-Full,QR-Full-expanding-min750-refit10-SigmaHatRECONSTRUCTED,1,0.02631584814,0.0006925238636,-0.04749111515,-0.03706446419,-0.02955701603,,,-0.007208049896,0.000231536959,True,
2022-09-19,2022-09-16,SPX,QR-Full,QR-Full-expanding-min750-refit10-SigmaHatRECONSTRUCTED,1,0.02636932238,0.0006953411626,-0.04288551146,-0.02930292093,-0.02491496996,,,0.006833697865,0.0001455707385,True,
2022-09-20,2022-09-19,SPX,QR-Full,QR-Full-expanding-min750-refit10-SigmaHatRECONSTRUCTED,1,0.02212854667,0.0004896725777,-0.04021154209,-0.0304683698,-0.02513106484,,,-0.01133611475,0.0001456556923,True,
2022-09-21,2022-09-20,SPX,QR-Full,QR-Full-expanding-min750-refit10-SigmaHatRECONSTRUCTED,1,0.02510176915,0.0006300988144,-0.03981263475,-0.02487991078,-0.02270592348,,,-0.0172646741,0.001211680783,True,
2022-09-22,2022-09-21,SPX,QR-Full,QR-Full-expanding-min750-refit10-SigmaHatRECONSTRUCTED,1,0.04473564935,0.002001278323,-0.07002981731,-0.05438278367,-0.03954272964,,,-0.008463293988,0.0003081101583,True,
2022-09-23,2022-09-22,SPX,QR-Full,QR-Full-expanding-min750-refit10-SigmaHatRECONSTRUCTED,1,0.03268390944,0.001068237937,-0.05348736994,-0.04161393264,-0.03121347368,,,-0.01738282883,0.0002457161879,True,
2022-09-26,2022-09-23,SPX,QR-Full,QR-Full-expanding-min750-refit10-SigmaHatRECONSTRUCTED,1,0.0203201287,0.0004129076303,-0.04695361316,-0.03690163598,-0.03310556235,,,-0.01039436078,0.000358156273,True,
2022-09-27,2022-09-26,SPX,QR-Full,QR-Full-expanding-min750-refit10-SigmaHatRECONSTRUCTED,1,0.0355979084,0.001267211082,-0.05577152121,-0.04007324569,-0.03151175143,,,-0.002122610955,0.0004023786552,True,
2022-09-28,2022-09-27,SPX,QR-Full,QR-Full-expanding-min750-refit10-SigmaHatRECONSTRUCTED,1,0.02705201494,0.0007318115123,-0.05036048072,-0.03787285428,-0.03192468816,,,0.01948114418,0.0002640244967,True,
2022-09-29,2022-09-28,SPX,QR-Full,QR-Full-expanding-min750-refit10-SigmaHatRECONSTRUCTED,1,0.02113132677,0.0004465329712,-0.04047404131,-0.02689160326,-0.02607316368,,,-0.02135279472,0.000301317943,True,
2022-09-30,2022-09-29,SPX,QR-Full,QR-Full-expanding-min750-refit10-SigmaHatRECONSTRUCTED,1,0.03889115019,0.001512521563,-0.06068270036,-0.04189530117,-0.03417860524,,,-0.01518135168,0.0002754276287,True,
2022-10-03,2022-09-30,SPX,QR-Full,QR-Full-expanding-min750-refit10-SigmaHatRECONSTRUCTED,1,0.03675531656,0.001350953295,-0.05787775373,-0.0414125582,-0.03282921694,,,0.02555457768,0.0001980744599,True,
2022-10-04,2022-10-03,SPX,QR-Full,QR-Full-expanding-min750-refit10-SigmaHatRECONSTRUCTED,1,0.01997603059,0.0003990417981,-0.03906960245,-0.02674477806,-0.02545605253,,,0.03012534141,0.0001569527546,True,
2022-10-05,2022-10-04,SPX,QR-Full,QR-Full-expanding-min750-refit10-SigmaHatRECONSTRUCTED,1,0.03212235021,0.001031845383,-0.04063311694,-0.01922314613,-0.01874192007,,,-0.002019987732,0.000235297373,True,
2022-10-06,2022-10-05,SPX,QR-Full,QR-Full-expanding-min750-refit10-SigmaHatRECONSTRUCTED,1,0.0235054272,0.000552505108,-0.04440690701,-0.03556442801,-0.0283880936,,,-0.01029792271,0.0002794571637,True,
2022-10-07,2022-10-06,SPX,QR-Full,QR-Full-expanding-min750-refit10-SigmaHatRECONSTRUCTED,1,0.02757835337,0.0007605655748,-0.04670678414,-0.03404114795,-0.02791229497,,,-0.02840319669,0.0001861330918,True,
2022-10-10,2022-10-07,SPX,QR-Full,QR-Full-expanding-min750-refit10-SigmaHatRECONSTRUCTED,1,0.03570152281,0.001274598731,-0.05764152332,-0.03939267497,-0.03331114091,,,-0.007520672987,0.0003069165669,True,
2022-10-11,2022-10-10,SPX,QR-Full,QR-Full-expanding-min750-refit10-SigmaHatRECONSTRUCTED,1,0.02412239782,0.0005818900764,-0.0456211845,-0.03487765055,-0.02918190917,,,-0.006540518499,0.0002641876005,True,
2022-10-12,2022-10-11,SPX,QR-Full,QR-Full-expanding-min750-refit10-SigmaHatRECONSTRUCTED,1,0.02528012104,0.0006390845196,-0.0462402879,-0.03316260338,-0.02901203085,,,-0.003296199764,0.0002160087971,True,
2022-10-13,2022-10-12,SPX,QR-Full,QR-Full-expanding-min750-refit10-SigmaHatRECONSTRUCTED,1,0.02083094381,0.0004339282201,-0.03371643865,-0.02031863075,-0.01952027028,,,0.02563425936,0.0006769249342,True,
2022-10-14,2022-10-13,SPX,QR-Full,QR-Full-expanding-min750-refit10-SigmaHatRECONSTRUCTED,1,0.02995537466,0.0008973244711,-0.05963957855,-0.04570770861,-0.03922516305,,,-0.02394712082,0.0006542869292,True,
2022-10-17,2022-10-14,SPX,QR-Full,QR-Full-expanding-min750-refit10-SigmaHatRECONSTRUCTED,1,0.04083104026,0.001667173848,-0.06707531174,-0.04701304441,-0.03924919271,,,0.02613552461,0.0002059381618,True,
2022-10-18,2022-10-17,SPX,QR-Full,QR-Full-expanding-min750-refit10-SigmaHatRECONSTRUCTED,1,0.03030869514,0.000918617001,-0.04285071739,-0.02678902695,-0.02219551602,,,0.01136276813,0.0003215946084,True,
2022-10-19,2022-10-18,SPX,QR-Full,QR-Full-expanding-min750-refit10-SigmaHatRECONSTRUCTED,1,0.01400302363,0.0001960846707,-0.03430450118,-0.02617248249,-0.02476152113,,,-0.006694455143,0.0002289963991,True,
2022-10-20,2022-10-19,SPX,QR-Full,QR-Full-expanding-min750-refit10-SigmaHatRECONSTRUCTED,1,0.02258503057,0.0005100836056,-0.04444319024,-0.03397285376,-0.02905162184,,,-0.00798268679,0.0002863164045,True,
2022-10-21,2022-10-20,SPX,QR-Full,QR-Full-expanding-min750-refit10-SigmaHatRECONSTRUCTED,1,0.0294186984,0.0008654598157,-0.05095062658,-0.03795338267,-0.03090195286,,,0.02344775994,0.0003338360746,True,
2022-10-24,2022-10-21,SPX,QR-Full,QR-Full-expanding-min750-refit10-SigmaHatRECONSTRUCTED,1,0.02304866116,0.0005312407811,-0.04523947466,-0.03408614652,-0.02953194468,,,0.01181194023,0.000363723497,True,
2022-10-25,2022-10-24,SPX,QR-Full,QR-Full-expanding-min750-refit10-SigmaHatRECONSTRUCTED,1,0.02202208052,0.0004849720303,-0.04156564566,-0.03199249853,-0.02655772448,,,0.01613576988,0.0001286708049,True,
2022-10-26,2022-10-25,SPX,QR-Full,QR-Full-expanding-min750-refit10-SigmaHatRECONSTRUCTED,1,0.01409836167,0.0001987638019,-0.02972158428,-0.02078940117,-0.02011363191,,,-0.0074151402,0.0002113219242,True,
2022-10-27,2022-10-26,SPX,QR-Full,QR-Full-expanding-min750-refit10-SigmaHatRECONSTRUCTED,1,0.0234355222,0.0005492237007,-0.04175815967,-0.03020380103,-0.02578698612,,,-0.006101185098,0.0002571826851,True,
2022-10-28,2022-10-27,SPX,QR-Full,QR-Full-expanding-min750-refit10-SigmaHatRECONSTRUCTED,1,0.01621856443,0.0002630418322,-0.03427585334,-0.02573029722,-0.02322299498,,,0.02432803683,8.648341849e-05,True,
2022-10-31,2022-10-28,SPX,QR-Full,QR-Full-expanding-min750-refit10-SigmaHatRECONSTRUCTED,1,0.02110807611,0.0004455508772,-0.03561314236,-0.02380904431,-0.02122810992,,,-0.007482327256,0.0001668543115,True,
2022-11-01,2022-10-31,SPX,QR-Full,QR-Full-expanding-min750-refit10-SigmaHatRECONSTRUCTED,1,0.01316932148,0.0001734310283,-0.03388770688,-0.02939379238,-0.02491289005,,,-0.00410966351,0.0001783924786,True,
2022-11-02,2022-11-01,SPX,QR-Full,QR-Full-expanding-min750-refit10-SigmaHatRECONSTRUCTED,1,0.01760392855,0.0003098983004,-0.03182238802,-0.02302012164,-0.01982541198,,,-0.02531984393,0.0006915546082,True,
2022-11-03,2022-11-02,SPX,QR-Full,QR-Full-expanding-min750-refit10-SigmaHatRECONSTRUCTED,1,0.04050023896,0.001640269356,-0.06575802149,-0.04825084579,-0.03815734163,,,-0.01064242231,0.0002440513963,True,
2022-11-04,2022-11-03,SPX,QR-Full,QR-Full-expanding-min750-refit10-SigmaHatRECONSTRUCTED,1,0.01791346816,0.0003208923415,-0.03945959359,-0.03049405394,-0.02725166809,,,0.01352682322,0.0005381659246,True,
2022-11-07,2022-11-04,SPX,QR-Full,QR-Full-expanding-min750-refit10-SigmaHatRECONSTRUCTED,1,0.03580181851,0.001281770209,-0.05300914521,-0.03879306699,-0.02861041186,,,0.009568061679,0.0001190740152,True,
2022-11-08,2022-11-07,SPX,QR-Full,QR-Full-expanding-min750-refit10-SigmaHatRECONSTRUCTED,1,0.02407785535,0.0005797431181,-0.03874436476,-0.02905319365,-0.02233544486,,,0.005582282673,0.0002258736675,True,
2022-11-09,2022-11-08,SPX,QR-Full,QR-Full-expanding-min750-refit10-SigmaHatRECONSTRUCTED,1,0.006729639853,4.528805255e-05,-0.02772792902,-0.02364405455,-0.02314171817,,,-0.0209967847,0.0002007075474,True,
2022-11-10,2022-11-09,SPX,QR-Full,QR-Full-expanding-min750-refit10-SigmaHatRECONSTRUCTED,1,0.02084717581,0.0004346047392,-0.04532871783,-0.03528561927,-0.03112148745,,,0.05395251571,0.0002247124542,True,
2022-11-11,2022-11-10,SPX,QR-Full,QR-Full-expanding-min750-refit10-SigmaHatRECONSTRUCTED,1,0.01825143327,0.0003331148165,-0.03119313337,-0.01938148187,-0.01875488659,,,0.009198312442,0.0001611182331,True,
2022-11-14,2022-11-11,SPX,QR-Full,QR-Full-expanding-min750-refit10-SigmaHatRECONSTRUCTED,1,0.02427644549,0.0005893458058,-0.03587823425,-0.02463363673,-0.01933397631,,,-0.008975940635,0.0001428680214,True,
2022-11-15,2022-11-14,SPX,QR-Full,QR-Full-expanding-min750-refit10-SigmaHatRECONSTRUCTED,1,0.02018814817,0.0004075613264,-0.03695131873,-0.02824115909,-0.02319321189,,,0.008675376297,0.0003521174008,True,
2022-11-16,2022-11-15,SPX,QR-Full,QR-Full-expanding-min750-refit10-SigmaHatRECONSTRUCTED,1,0.01299004559,0.0001687412844,-0.03280206601,-0.02654821122,-0.02394942467,,,-0.00828628301,9.033834564e-05,True,
2022-11-17,2022-11-16,SPX,QR-Full,QR-Full-expanding-min750-refit10-SigmaHatRECONSTRUCTED,1,0.01341157802,0.0001798704249,-0.02837265483,-0.02145286177,-0.01923274156,,,-0.003094104526,0.0001317811286,True,
2022-11-18,2022-11-17,SPX,QR-Full,QR-Full-expanding-min750-refit10-SigmaHatRECONSTRUCTED,1,0.02151618886,0.0004629463829,-0.03649211113,-0.02569775397,-0.02182895221,,,0.004747295573,0.0001565683761,True,
2022-11-21,2022-11-18,SPX,QR-Full,QR-Full-expanding-min750-refit10-SigmaHatRECONSTRUCTED,1,0.01661422251,0.0002760323895,-0.03105678336,-0.02369283573,-0.0197342863,,,-0.003891249931,7.353411173e-05,True,
2022-11-22,2022-11-21,SPX,QR-Full,QR-Full-expanding-min750-refit10-SigmaHatRECONSTRUCTED,1,0.01598853536,0.0002556332629,-0.02813849459,-0.02002317123,-0.01724239972,,,0.01348860634,4.380327267e-05,True,
2022-11-23,2022-11-22,SPX,QR-Full,QR-Full-expanding-min750-refit10-SigmaHatRECONSTRUCTED,1,0.008140775573,6.627222693e-05,-0.01732992239,-0.01297744199,-0.01178203067,,,0.005897266131,0.0001069046836,True,
2022-11-25,2022-11-23,SPX,QR-Full,QR-Full-expanding-min750-refit10-SigmaHatRECONSTRUCTED,1,0.01453825333,0.00021136081,-0.02625684769,-0.01901457292,-0.01634911168,,,-0.000283084367,,True,
2022-11-28,2022-11-25,SPX,QR-Full,QR-Full-expanding-min750-refit10-SigmaHatRECONSTRUCTED,1,,,,,,,,-0.01556469685,,False,predictors_unavailable
2022-11-29,2022-11-28,SPX,QR-Full,QR-Full-expanding-min750-refit10-SigmaHatRECONSTRUCTED,1,0.0147863543,0.0002186362735,-0.03006392428,-0.02420683726,-0.01998710889,,,-0.001593133552,0.0001058450487,True,
2022-11-30,2022-11-29,SPX,QR-Full,QR-Full-expanding-min750-refit10-SigmaHatRECONSTRUCTED,1,0.01382596218,0.0001911572303,-0.0260470877,-0.01946938414,-0.01662477401,,,0.03047864337,0.0002649034623,True,
2022-12-01,2022-11-30,SPX,QR-Full,QR-Full-expanding-min750-refit10-SigmaHatRECONSTRUCTED,1,0.01665127779,0.000277265052,-0.03619430569,-0.0289480869,-0.02484655567,,,-0.0008680098144,0.0001541743308,True,
2022-12-02,2022-12-01,SPX,QR-Full,QR-Full-expanding-min750-refit10-SigmaHatRECONSTRUCTED,1,0.01081126983,0.0001168835553,-0.02561908261,-0.0218855695,-0.01825126442,,,-0.001195374618,0.0001077846807,True,
2022-12-05,2022-12-02,SPX,QR-Full,QR-Full-expanding-min750-refit10-SigmaHatRECONSTRUCTED,1,0.009341564158,8.726482092e-05,-0.02480872065,-0.0197177985,-0.01844249841,,,-0.01805624956,8.516799511e-05,True,
2022-12-06,2022-12-05,SPX,QR-Full,QR-Full-expanding-min750-refit10-SigmaHatRECONSTRUCTED,1,0.0288041216,0.0008296774213,-0.04462047442,-0.03340677051,-0.02499063126,,,-0.01450386939,0.0001246141197,True,
2022-12-07,2022-12-06,SPX,QR-Full,QR-Full-expanding-min750-refit10-SigmaHatRECONSTRUCTED,1,0.01396325285,0.0001949724303,-0.03293249698,-0.02623306068,-0.02341662048,,,-0.001864107281,0.0001583389064,True,
2022-12-08,2022-12-07,SPX,QR-Full,QR-Full-expanding-min750-refit10-SigmaHatRECONSTRUCTED,1,0.01765966736,0.0003118638512,-0.03193071285,-0.02345712901,-0.01989575114,,,0.007493634441,0.000117058045,True,
2022-12-09,2022-12-08,SPX,QR-Full,QR-Full-expanding-min750-refit10-SigmaHatRECONSTRUCTED,1,0.02350576941,0.0005525211953,-0.03771209576,-0.02778959873,-0.02169304913,,,-0.007376719476,9.540694054e-05,True,
2022-12-12,2022-12-09,SPX,QR-Full,QR-Full-expanding-min750-refit10-SigmaHatRECONSTRUCTED,1,0.02622482017,0.0006877411928,-0.03920826317,-0.0269900795,-0.02133619909,,,0.01417830735,7.655812987e-05,True,
2022-12-13,2022-12-12,SPX,QR-Full,QR-Full-expanding-min750-refit10-SigmaHatRECONSTRUCTED,1,0.01964500476,0.0003859262119,-0.03464714116,-0.02499183331,-0.02125918343,,,0.007263223068,0.0004963741966,True,
2022-12-14,2022-12-13,SPX,QR-Full,QR-Full-expanding-min750-refit10-SigmaHatRECONSTRUCTED,1,0.02011919013,0.0004047818116,-0.03888074748,-0.0318870714,-0.02516963515,,,-0.006071116628,0.0006866436594,True,
2022-12-15,2022-12-14,SPX,QR-Full,QR-Full-expanding-min750-refit10-SigmaHatRECONSTRUCTED,1,0.02997966144,0.0008987801,-0.05132108708,-0.0411969153,-0.03089012028,,,-0.02523747781,0.0001818491583,True,
2022-12-16,2022-12-15,SPX,QR-Full,QR-Full-expanding-min750-refit10-SigmaHatRECONSTRUCTED,1,0.02884506843,0.0008320379727,-0.04908863621,-0.03421128593,-0.02943088801,,,-0.01120024006,0.0001904375708,True,
2022-12-19,2022-12-16,SPX,QR-Full,QR-Full-expanding-min750-refit10-SigmaHatRECONSTRUCTED,1,0.02998657162,0.0008991944772,-0.04877268241,-0.03578436141,-0.02833700637,,,-0.00904832886,0.0001205154787,True,
2022-12-20,2022-12-19,SPX,QR-Full,QR-Full-expanding-min750-refit10-SigmaHatRECONSTRUCTED,1,0.03142514413,0.0009875396837,-0.0471344543,-0.03371630704,-0.02571839936,,,0.001036800677,0.0001302094193,True,
2022-12-21,2022-12-20,SPX,QR-Full,QR-Full-expanding-min750-refit10-SigmaHatRECONSTRUCTED,1,0.02687625603,0.0007223331383,-0.03892370892,-0.02720139859,-0.02060769505,,,0.01475854861,9.82026956e-05,True,
2022-12-22,2022-12-21,SPX,QR-Full,QR-Full-expanding-min750-refit10-SigmaHatRECONSTRUCTED,1,0.01672850942,0.0002798430274,-0.03081163311,-0.02206694002,-0.01941125018,,,-0.01455714228,0.0001535914073,True,
2022-12-23,2022-12-22,SPX,QR-Full,QR-Full-expanding-min750-refit10-SigmaHatRECONSTRUCTED,1,0.02145939043,0.0004605054377,-0.04126466161,-0.03089322892,-0.02664021048,,,0.005850952068,0.000201555525,True,
2022-12-27,2022-12-23,SPX,QR-Full,QR-Full-expanding-min750-refit10-SigmaHatRECONSTRUCTED,1,0.02451846081,0.0006011549205,-0.03841315584,-0.02772897423,-0.02170396586,,,-0.004057843941,8.864473813e-05,True,
2022-12-28,2022-12-27,SPX,QR-Full,QR-Full-expanding-min750-refit10-SigmaHatRECONSTRUCTED,1,0.02042120472,0.0004170256024,-0.03601435813,-0.02773826771,-0.02209742459,,,-0.01209347036,0.0001281265558,True,
2022-12-29,2022-12-28,SPX,QR-Full,QR-Full-expanding-min750-refit10-SigmaHatRECONSTRUCTED,1,0.01504291232,0.0002262892112,-0.03200382918,-0.02522069783,-0.02175217097,,,0.01731063416,5.507477983e-05,True,
2022-12-30,2022-12-29,SPX,QR-Full,QR-Full-expanding-min750-refit10-SigmaHatRECONSTRUCTED,1,0.01884088653,0.0003549790054,-0.03013274553,-0.02000644954,-0.01729278975,,,-0.002543975569,0.0001618212234,True,
2023-01-03,2022-12-30,SPX,QR-Full,QR-Full-expanding-min750-refit10-SigmaHatRECONSTRUCTED,1,0.02423958768,0.0005875576109,-0.03760924951,-0.0269247085,-0.02109010996,,,-0.004008572371,0.0002732226091,True,
2023-01-04,2023-01-03,SPX,QR-Full,QR-Full-expanding-min750-refit10-SigmaHatRECONSTRUCTED,1,0.007325841146,5.366794849e-05,-0.03034792677,-0.02709692028,-0.02535540818,,,0.007510694529,0.0002720784345,True,
2023-01-05,2023-01-04,SPX,QR-Full,QR-Full-expanding-min750-refit10-SigmaHatRECONSTRUCTED,1,0.01189904704,0.0001415873206,-0.0262443749,-0.01876767076,-0.01813524279,,,-0.01171386912,0.0001580006055,True,
2023-01-06,2023-01-05,SPX,QR-Full,QR-Full-expanding-min750-refit10-SigmaHatRECONSTRUCTED,1,0.01947433658,0.0003792497852,-0.03420094929,-0.02220328751,-0.02092930094,,,0.02258383547,0.0002239385488,True,
2023-01-09,2023-01-06,SPX,QR-Full,QR-Full-expanding-min750-refit10-SigmaHatRECONSTRUCTED,1,0.01560162446,0.0002434106857,-0.0332960194,-0.02549709837,-0.02266360209,,,-0.0007679272658,0.0001029568857,True,
2023-01-10,2023-01-09,SPX,QR-Full,QR-Full-expanding-min750-refit10-SigmaHatRECONSTRUCTED,1,0.0177751829,0.0003159571273,-0.03313180492,-0.02602526655,-0.02101812003,,,0.006953997942,0.0001292600499,True,
2023-01-11,2023-01-10,SPX,QR-Full,QR-Full-expanding-min750-refit10-SigmaHatRECONSTRUCTED,1,0.0162684575,0.0002646627096,-0.03058468229,-0.02276131557,-0.0194978221,,,0.01276757109,5.963209112e-05,True,
2023-01-12,2023-01-11,SPX,QR-Full,QR-Full-expanding-min750-refit10-SigmaHatRECONSTRUCTED,1,0.01208415102,0.000146026706,-0.02393049477,-0.01745036764,-0.01569521537,,,0.00341008505,0.0002603808974,True,
2023-01-13,2023-01-12,SPX,QR-Full,QR-Full-expanding-min750-refit10-SigmaHatRECONSTRUCTED,1,0.01655304434,0.000274003277,-0.03208362931,-0.02556041879,-0.02080282482,,,0.003988892141,6.492542981e-05,True,
2023-01-17,2023-01-13,SPX,QR-Full,QR-Full-expanding-min750-refit10-SigmaHatRECONSTRUCTED,1,0.01298798507,0.0001686877561,-0.02578593045,-0.01923489939,-0.01693469334,,,-0.002032555384,6.671555071e-05,True,
2023-01-18,2023-01-17,SPX,QR-Full,QR-Full-expanding-min750-refit10-SigmaHatRECONSTRUCTED,1,0.01306215992,0.0001706200217,-0.02499965648,-0.01910112566,-0.01609786964,,,-0.01568496716,8.562472944e-05,True,
2023-01-19,2023-01-18,SPX,QR-Full,QR-Full-expanding-min750-refit10-SigmaHatRECONSTRUCTED,1,0.00989113793,9.783460955e-05,-0.0269902158,-0.02290210709,-0.0202494622,,,-0.007667671706,0.0001079598965,True,
2023-01-20,2023-01-19,SPX,QR-Full,QR-Full-expanding-min750-refit10-SigmaHatRECONSTRUCTED,1,0.02072164566,0.000429386599,-0.03465992357,-0.02561646118,-0.02053824126,,,0.01874167336,8.304640416e-05,True,
2023-01-23,2023-01-20,SPX,QR-Full,QR-Full-expanding-min750-refit10-SigmaHatRECONSTRUCTED,1,0.01875465879,0.0003517372263,-0.0318627679,-0.02253852355,-0.01908157583,,,0.01181131616,0.0001169642933,True,
2023-01-24,2023-01-23,SPX,QR-Full,QR-Full-expanding-min750-refit10-SigmaHatRECONSTRUCTED,1,0.01682903142,0.0002832162985,-0.03065849714,-0.02296661848,-0.01918960904,,,-0.0007117565081,0.0001199178849,True,
2023-01-25,2023-01-24,SPX,QR-Full,QR-Full-expanding-min750-refit10-SigmaHatRECONSTRUCTED,1,0.01086665186,0.0001180841226,-0.02298788579,-0.01738197279,-0.01558232506,,,-0.0001817414568,0.0001151008597,True,
2023-01-26,2023-01-25,SPX,QR-Full,QR-Full-expanding-min750-refit10-SigmaHatRECONSTRUCTED,1,0.01328483201,0.0001764867616,-0.02999085083,-0.02418771542,-0.02093731424,,,0.01094770804,0.0001730830263,True,
2023-01-27,2023-01-26,SPX,QR-Full,QR-Full-expanding-min750-refit10-SigmaHatRECONSTRUCTED,1,0.01745264656,0.0003045948718,-0.03036093867,-0.02312741787,-0.01846706044,,,0.002491734033,8.907744097e-05,True,
2023-01-30,2023-01-27,SPX,QR-Full,QR-Full-expanding-min750-refit10-SigmaHatRECONSTRUCTED,1,0.01154004479,0.0001331726338,-0.02654322794,-0.02156420158,-0.0186787538,,,-0.0130535693,9.592369823e-05,True,
2023-01-31,2023-01-30,SPX,QR-Full,QR-Full-expanding-min750-refit10-SigmaHatRECONSTRUCTED,1,0.02263246522,0.0005122284819,-0.03776446734,-0.02694775735,-0.0223405725,,,0.01453630438,7.624056424e-05,True,
2023-02-01,2023-01-31,SPX,QR-Full,QR-Full-expanding-min750-refit10-SigmaHatRECONSTRUCTED,1,0.01613522517,0.0002603454912,-0.02653638656,-0.01687394379,-0.01554032344,,,0.01039805623,0.0003823725634,True,
2023-02-02,2023-02-01,SPX,QR-Full,QR-Full-expanding-min750-refit10-SigmaHatRECONSTRUCTED,1,0.01732205041,0.0003000534303,-0.03524628338,-0.02769536436,-0.02344140568,,,0.0145923847,0.0001572011235,True,
2023-02-03,2023-02-02,SPX,QR-Full,QR-Full-expanding-min750-refit10-SigmaHatRECONSTRUCTED,1,0.01539854384,0.0002371151523,-0.02871077098,-0.02072857298,-0.01821675194,,,-0.01040859284,0.0002009997213,True,
2023-02-06,2023-02-03,SPX,QR-Full,QR-Full-expanding-min750-refit10-SigmaHatRECONSTRUCTED,1,0.02029408562,0.0004118499113,-0.03931769993,-0.02969321526,-0.02548739733,,,-0.006159393111,7.510926829e-05,True,
2023-02-07,2023-02-06,SPX,QR-Full,QR-Full-expanding-min750-refit10-SigmaHatRECONSTRUCTED,1,0.02046875507,0.0004189699342,-0.0339391929,-0.02460807574,-0.01998985408,,,0.01279036407,0.0003201130074,True,
2023-02-08,2023-02-07,SPX,QR-Full,QR-Full-expanding-min750-refit10-SigmaHatRECONSTRUCTED,1,0.01975149808,0.0003901216763,-0.03791114655,-0.02910722111,-0.02445061423,,,-0.01114257308,0.0001489987688,True,
2023-02-09,2023-02-08,SPX,QR-Full,QR-Full-expanding-min750-refit10-SigmaHatRECONSTRUCTED,1,0.01933554812,0.0003738634212,-0.03592810334,-0.02678802844,-0.02275103853,,,-0.008869009763,0.0001411818069,True,
2023-02-10,2023-02-09,SPX,QR-Full,QR-Full-expanding-min750-refit10-SigmaHatRECONSTRUCTED,1,0.02238837846,0.00050123949,-0.03985944451,-0.03152092565,-0.02460189339,,,0.002192855724,9.597529664e-05,True,
2023-02-13,2023-02-10,SPX,QR-Full,QR-Full-expanding-min750-refit10-SigmaHatRECONSTRUCTED,1,0.01319981058,0.0001742349993,-0.0293603839,-0.02298254096,-0.02036478893,,,0.01138356992,5.600035209e-05,True,
2023-02-14,2023-02-13,SPX,QR-Full,QR-Full-expanding-min750-refit10-SigmaHatRECONSTRUCTED,1,0.0175965398,0.000309638213,-0.02807355574,-0.01821169397,-0.01608161509,,,-0.0002804537951,0.0002619794655,True,
2023-02-15,2023-02-14,SPX,QR-Full,QR-Full-expanding-min750-refit10-SigmaHatRECONSTRUCTED,1,0.02165679093,0.0004690165932,-0.03514297177,-0.02650335722,-0.02038399334,,,0.002769337571,0.0001025453894,True,
2023-02-16,2023-02-15,SPX,QR-Full,QR-Full-expanding-min750-refit10-SigmaHatRECONSTRUCTED,1,0.01092138864,0.0001192767298,-0.02644853725,-0.0213246478,-0.01900567373,,,-0.01388468931,8.92467026e-05,True,
2023-02-17,2023-02-16,SPX,QR-Full,QR-Full-expanding-min750-refit10-SigmaHatRECONSTRUCTED,1,0.02259612663,0.0005105849386,-0.03696529153,-0.02615670515,-0.02156616123,,,-0.002771242119,0.0001153524865,True,
2023-02-21,2023-02-17,SPX,QR-Full,QR-Full-expanding-min750-refit10-SigmaHatRECONSTRUCTED,1,0.01550357499,0.0002403608376,-0.02816504042,-0.0207571404,-0.01759944326,,,-0.02024478397,5.639492804e-05,True,
2023-02-22,2023-02-21,SPX,QR-Full,QR-Full-expanding-min750-refit10-SigmaHatRECONSTRUCTED,1,0.03271083021,0.001069998413,-0.04723434266,-0.03372576414,-0.02494210006,,,-0.00157479547,0.0001213316203,True,
2023-02-23,2023-02-22,SPX,QR-Full,QR-Full-expanding-min750-refit10-SigmaHatRECONSTRUCTED,1,0.01427033169,0.0002036423664,-0.02783114335,-0.02147604415,-0.0181059944,,,0.005315278131,0.0001022219212,True,
2023-02-24,2023-02-23,SPX,QR-Full,QR-Full-expanding-min750-refit10-SigmaHatRECONSTRUCTED,1,0.01651639693,0.0002727913677,-0.02792169566,-0.0206412806,-0.01666586617,,,-0.01059346455,0.0001094699952,True,
2023-02-27,2023-02-24,SPX,QR-Full,QR-Full-expanding-min750-refit10-SigmaHatRECONSTRUCTED,1,0.02369882808,0.0005616344524,-0.03697273003,-0.0252259968,-0.02082211503,,,0.003068292496,7.15880521e-05,True,
2023-02-28,2023-02-27,SPX,QR-Full,QR-Full-expanding-min750-refit10-SigmaHatRECONSTRUCTED,1,0.01976669836,0.0003907223641,-0.02970563285,-0.02232120893,-0.01623474163,,,-0.003040619859,5.03645165e-05,True,
2023-03-01,2023-02-28,SPX,QR-Full,QR-Full-expanding-min750-refit10-SigmaHatRECONSTRUCTED,1,0.01286816301,0.0001655896193,-0.0239516794,-0.01757123831,-0.01518210034,,,-0.00473646401,0.0001041928338,True,
2023-03-02,2023-03-01,SPX,QR-Full,QR-Full-expanding-min750-refit10-SigmaHatRECONSTRUCTED,1,0.0219366637,0.0004812172143,-0.03489837308,-0.02574076216,-0.01994866296,,,0.007553593711,8.371320725e-05,True,
2023-03-03,2023-03-02,SPX,QR-Full,QR-Full-expanding-min750-refit10-SigmaHatRECONSTRUCTED,1,0.01505307318,0.0002265950121,-0.02953794412,-0.02160212496,-0.01927936134,,,0.01601874919,5.910720014e-05,True,
2023-03-06,2023-03-03,SPX,QR-Full,QR-Full-expanding-min750-refit10-SigmaHatRECONSTRUCTED,1,0.008861100362,7.851909962e-05,-0.02026942828,-0.01439533772,-0.01423063936,,,0.0006869307054,4.555093507e-05,True,
2023-03-07,2023-03-06,SPX,QR-Full,QR-Full-expanding-min750-refit10-SigmaHatRECONSTRUCTED,1,0.01322234288,0.0001748303512,-0.02309446618,-0.01841480875,-0.01408351558,,,-0.01544559056,0.0001955224761,True,
2023-03-08,2023-03-07,SPX,QR-Full,QR-Full-expanding-min750-refit10-SigmaHatRECONSTRUCTED,1,0.01348757324,0.000181914632,-0.03015129099,-0.02205215528,-0.02095958742,,,0.001413794241,9.997192895e-05,True,
2023-03-09,2023-03-08,SPX,QR-Full,QR-Full-expanding-min750-refit10-SigmaHatRECONSTRUCTED,1,0.009837482672,9.677606531e-05,-0.02421779729,-0.01904523711,-0.01751360945,,,-0.0186318581,0.0001576172217,True,
2023-03-10,2023-03-09,SPX,QR-Full,QR-Full-expanding-min750-refit10-SigmaHatRECONSTRUCTED,1,0.02925925526,0.0008561040185,-0.04784597183,-0.03638744548,-0.02790595769,,,-0.01458396932,0.0003501305913,True,
2023-03-13,2023-03-10,SPX,QR-Full,QR-Full-expanding-min750-refit10-SigmaHatRECONSTRUCTED,1,0.02248193477,0.0005054373912,-0.04493758461,-0.03366257059,-0.0296162754,,,-0.001510901808,0.0006684721149,True,
2023-03-14,2023-03-13,SPX,QR-Full,QR-Full-expanding-min750-refit10-SigmaHatRECONSTRUCTED,1,0.0274158253,0.0007516274768,-0.05431401226,-0.04415455323,-0.03563028504,,,0.01634238816,0.0002079265604,True,
2023-03-15,2023-03-14,SPX,QR-Full,QR-Full-expanding-min750-refit10-SigmaHatRECONSTRUCTED,1,0.03381167818,0.001143229582,-0.04788947005,-0.03268374555,-0.02484700588,,,-0.007005363821,0.0003182680843,True,
2023-03-16,2023-03-15,SPX,QR-Full,QR-Full-expanding-min750-refit10-SigmaHatRECONSTRUCTED,1,0.02092572951,0.0004378861556,-0.04428352366,-0.03333058274,-0.03002275938,,,0.01740957608,0.0001948935702,True,
2023-03-17,2023-03-16,SPX,QR-Full,QR-Full-expanding-min750-refit10-SigmaHatRECONSTRUCTED,1,0.03245868626,0.001053566314,-0.05045028994,-0.0353222454,-0.02832988199,,,-0.01108062109,0.0002185109765,True,
2023-03-20,2023-03-17,SPX,QR-Full,QR-Full-expanding-min750-refit10-SigmaHatRECONSTRUCTED,1,0.02931316841,0.0008592618422,-0.0521653183,-0.04022093236,-0.03218856267,,,0.008878869437,0.0001178403275,True,
2023-03-21,2023-03-20,SPX,QR-Full,QR-Full-expanding-min750-refit10-SigmaHatRECONSTRUCTED,1,0.01829111713,0.000334564966,-0.03331440604,-0.02352024514,-0.02084911494,,,0.01289864756,6.317794346e-05,True,
2023-03-22,2023-03-21,SPX,QR-Full,QR-Full-expanding-min750-refit10-SigmaHatRECONSTRUCTED,1,0.0239357104,0.0005729182321,-0.03157562203,-0.01942480401,-0.01526357309,,,-0.01660024852,0.0003537412425,True,
2023-03-23,2023-03-22,SPX,QR-Full,QR-Full-expanding-min750-refit10-SigmaHatRECONSTRUCTED,1,0.02722834873,0.0007413829747,-0.05011820682,-0.03878679363,-0.0315622438,,,0.002980083869,0.0001910042872,True,
2023-03-24,2023-03-23,SPX,QR-Full,QR-Full-expanding-min750-refit10-SigmaHatRECONSTRUCTED,1,0.01115131308,0.0001243517835,-0.03273206317,-0.02922129612,-0.02513250746,,,0.00562396295,0.0001907745563,True,
2023-03-27,2023-03-24,SPX,QR-Full,QR-Full-expanding-min750-refit10-SigmaHatRECONSTRUCTED,1,0.01306380911,0.0001706631085,-0.03096318696,-0.02383084617,-0.02206027621,,,0.001645599548,7.900750661e-05,True,
2023-03-28,2023-03-27,SPX,QR-Full,QR-Full-expanding-min750-refit10-SigmaHatRECONSTRUCTED,1,0.02138473094,0.0004573067176,-0.03288035956,-0.02437397089,-0.01830678845,,,-0.001575083096,5.48850051e-05,True,
2023-03-29,2023-03-28,SPX,QR-Full,QR-Full-expanding-min750-refit10-SigmaHatRECONSTRUCTED,1,0.02071245322,0.0004290057182,-0.02829167069,-0.01968972132,-0.01417625298,,,0.01413687076,3.509130669e-05,True,
2023-03-30,2023-03-29,SPX,QR-Full,QR-Full-expanding-min750-refit10-SigmaHatRECONSTRUCTED,1,0.01348540381,0.000181856116,-0.02245499262,-0.01434385185,-0.0132647675,,,0.005698999068,3.539784951e-05,True,
2023-03-31,2023-03-30,SPX,QR-Full,QR-Full-expanding-min750-refit10-SigmaHatRECONSTRUCTED,1,0.009434498674,8.900976523e-05,-0.01893022161,-0.01449481304,-0.01250066504,,,0.01433332791,3.649331466e-05,True,
2023-04-03,2023-03-31,SPX,QR-Full,QR-Full-expanding-min750-refit10-SigmaHatRECONSTRUCTED,1,0.01008210077,0.000101648756,-0.01992056295,-0.01373271585,-0.01304966928,,,0.003692022558,4.339262435e-05,True,
2023-04-04,2023-04-03,SPX,QR-Full,QR-Full-expanding-min750-refit10-SigmaHatRECONSTRUCTED,1,0.0056776139,3.22352996e-05,-0.01598302279,-0.01374401717,-0.01211376158,,,-0.005813839752,6.950370079e-05,True,
2023-04-05,2023-04-04,SPX,QR-Full,QR-Full-expanding-min750-refit10-SigmaHatRECONSTRUCTED,1,0.003012459932,9.074914841e-06,-0.01372077029,-0.01228567239,-0.01166779618,,,-0.002495481695,5.360595582e-05,True,
2023-04-06,2023-04-05,SPX,QR-Full,QR-Full-expanding-min750-refit10-SigmaHatRECONSTRUCTED,1,0.004222400942,1.782866972e-05,-0.01731381319,-0.01601546068,-0.01443627124,,,0.003572773201,2.929309156e-05,True,
2023-04-10,2023-04-06,SPX,QR-Full,QR-Full-expanding-min750-refit10-SigmaHatRECONSTRUCTED,1,0.009077244574,8.239636907e-05,-0.01836505063,-0.01329589623,-0.01217896067,,,0.0009958068344,4.37238969e-05,True,
2023-04-11,2023-04-10,SPX,QR-Full,QR-Full-expanding-min750-refit10-SigmaHatRECONSTRUCTED,1,0.009368394127,8.776680851e-05,-0.01882838656,-0.01329972935,-0.01244387985,,,-4.135336341e-05,2.322856883e-05,True,
2023-04-12,2023-04-11,SPX,QR-Full,QR-Full-expanding-min750-refit10-SigmaHatRECONSTRUCTED,1,0.01027396174,0.0001055542899,-0.01842386151,-0.01455926313,-0.01142221568,,,-0.004143456267,0.0001029906515,True,
2023-04-13,2023-04-12,SPX,QR-Full,QR-Full-expanding-min750-refit10-SigmaHatRECONSTRUCTED,1,0.01561923501,0.0002439605023,-0.02892224063,-0.02393082604,-0.01827782183,,,0.01317551058,3.457285914e-05,True,
2023-04-14,2023-04-13,SPX,QR-Full,QR-Full-expanding-min750-refit10-SigmaHatRECONSTRUCTED,1,0.01611624489,0.0002597333494,-0.02513205446,-0.0163498657,-0.01414892628,,,-0.002071517554,9.711331476e-05,True,
2023-04-17,2023-04-14,SPX,QR-Full,QR-Full-expanding-min750-refit10-SigmaHatRECONSTRUCTED,1,0.01291900072,0.0001669005797,-0.02421776349,-0.01896061332,-0.01541353882,,,0.003300703462,3.193776566e-05,True,
2023-04-18,2023-04-17,SPX,QR-Full,QR-Full-expanding-min750-refit10-SigmaHatRECONSTRUCTED,1,0.01072697803,0.0001150680576,-0.02063055645,-0.01607238753,-0.01332018263,,,0.000854854811,5.194278471e-05,True,
2023-04-19,2023-04-18,SPX,QR-Full,QR-Full-expanding-min750-refit10-SigmaHatRECONSTRUCTED,1,0.006047801722,3.657590567e-05,-0.01696237458,-0.01412057623,-0.0128408325,,,-8.426538998e-05,2.273846719e-05,True,
2023-04-20,2023-04-19,SPX,QR-Full,QR-Full-expanding-min750-refit10-SigmaHatRECONSTRUCTED,1,0.01197863568,0.0001434877129,-0.02122010593,-0.01663581449,-0.01305673462,,,-0.005970335316,4.318051655e-05,True,
2023-04-21,2023-04-20,SPX,QR-Full,QR-Full-expanding-min750-refit10-SigmaHatRECONSTRUCTED,1,0.01410732915,0.0001990167358,-0.02587231669,-0.01971741684,-0.01625825303,,,0.0009027813858,6.293986843e-05,True,
2023-04-24,2023-04-21,SPX,QR-Full,QR-Full-expanding-min750-refit10-SigmaHatRECONSTRUCTED,1,0.01454300314,0.0002114989403,-0.02370984215,-0.01727381265,-0.01379886918,,,0.0008512166498,2.830732367e-05,True,
2023-04-25,2023-04-24,SPX,QR-Full,QR-Full-expanding-min750-refit10-SigmaHatRECONSTRUCTED,1,0.01440263033,0.0002074357605,-0.02334341224,-0.01841924193,-0.01352810252,,,-0.01593718376,5.165516634e-05,True,
2023-04-26,2023-04-25,SPX,QR-Full,QR-Full-expanding-min750-refit10-SigmaHatRECONSTRUCTED,1,0.01310563119,0.0001717575688,-0.02523403822,-0.01828168417,-0.01630262596,,,-0.003848583607,5.091317608e-05,True,
2023-04-27,2023-04-26,SPX,QR-Full,QR-Full-expanding-min750-refit10-SigmaHatRECONSTRUCTED,1,0.02042380797,0.0004171319318,-0.03193170899,-0.02415517574,-0.01801300136,,,0.01937719354,4.136947653e-05,True,
2023-04-28,2023-04-27,SPX,QR-Full,QR-Full-expanding-min750-refit10-SigmaHatRECONSTRUCTED,1,0.02288956533,0.0005239322011,-0.03186670255,-0.02019173539,-0.01626759546,,,0.008219331118,9.112390304e-05,True,
2023-05-01,2023-04-28,SPX,QR-Full,QR-Full-expanding-min750-refit10-SigmaHatRECONSTRUCTED,1,0.01189047607,0.0001413834211,-0.02468098391,-0.01899735285,-0.01657769287,,,-0.0003861809811,3.98338865e-05,True,
2023-05-02,2023-05-01,SPX,QR-Full,QR-Full-expanding-min750-refit10-SigmaHatRECONSTRUCTED,1,0.02356038753,0.0005550918603,-0.03143159469,-0.02268232513,-0.01537532614,,,-0.01165390667,7.266087452e-05,True,
2023-05-03,2023-05-02,SPX,QR-Full,QR-Full-expanding-min750-refit10-SigmaHatRECONSTRUCTED,1,0.00596970128,3.563733338e-05,-0.02118740959,-0.01733323966,-0.01711909252,,,-0.007022908025,9.242662769e-05,True,
2023-05-04,2023-05-03,SPX,QR-Full,QR-Full-expanding-min750-refit10-SigmaHatRECONSTRUCTED,1,0.01722532876,0.0002967119508,-0.03209464518,-0.02536980503,-0.02035568273,,,-0.007244913382,0.0001375691823,True,
2023-05-05,2023-05-04,SPX,QR-Full,QR-Full-expanding-min750-refit10-SigmaHatRECONSTRUCTED,1,0.02331103659,0.0005434044268,-0.0384799169,-0.02726148481,-0.02259357958,,,0.01830616631,4.147254586e-05,True,
2023-05-08,2023-05-05,SPX,QR-Full,QR-Full-expanding-min750-refit10-SigmaHatRECONSTRUCTED,1,0.02264819263,0.0005129406293,-0.03293721732,-0.02225885316,-0.01750260434,,,0.0004520264396,3.469961242e-05,True,
2023-05-09,2023-05-08,SPX,QR-Full,QR-Full-expanding-min750-refit10-SigmaHatRECONSTRUCTED,1,0.01959182488,0.0003838396021,-0.02812803029,-0.02010752467,-0.01477631435,,,-0.004589938873,3.003510357e-05,True,
2023-05-10,2023-05-09,SPX,QR-Full,QR-Full-expanding-min750-refit10-SigmaHatRECONSTRUCTED,1,0.01526929101,0.0002331512479,-0.02453097464,-0.0167129781,-0.01412504066,,,0.00447394228,0.0001228748539,True,
2023-05-11,2023-05-10,SPX,QR-Full,QR-Full-expanding-min750-refit10-SigmaHatRECONSTRUCTED,1,0.0131302929,0.0001724045917,-0.0276941948,-0.02269929473,-0.01874597572,,,-0.001698065003,7.102074695e-05,True,
2023-05-12,2023-05-11,SPX,QR-Full,QR-Full-expanding-min750-refit10-SigmaHatRECONSTRUCTED,1,0.01108554102,0.0001228892196,-0.02349604112,-0.01849404998,-0.01594130869,,,-0.001584561574,6.656483476e-05,True,
2023-05-15,2023-05-12,SPX,QR-Full,QR-Full-expanding-min750-refit10-SigmaHatRECONSTRUCTED,1,0.01599473303,0.0002558314847,-0.02782718661,-0.02164098365,-0.01692686806,,,0.002953797673,3.757298831e-05,True,
2023-05-16,2023-05-15,SPX,QR-Full,QR-Full-expanding-min750-refit10-SigmaHatRECONSTRUCTED,1,0.02020561407,0.0004082668399,-0.0289741181,-0.02112194344,-0.01520410835,,,-0.006398107728,5.558690112e-05,True,
2023-05-17,2023-05-16,SPX,QR-Full,QR-Full-expanding-min750-refit10-SigmaHatRECONSTRUCTED,1,0.0182684325,0.0003337356261,-0.03004026341,-0.02149446057,-0.01759043176,,,0.01182068882,4.791363789e-05,True,
2023-05-18,2023-05-17,SPX,QR-Full,QR-Full-expanding-min750-refit10-SigmaHatRECONSTRUCTED,1,0.01313471555,0.0001725207526,-0.02455579136,-0.01777859994,-0.01560455827,,,0.009400723025,8.235360612e-05,True,
2023-05-19,2023-05-18,SPX,QR-Full,QR-Full-expanding-min750-refit10-SigmaHatRECONSTRUCTED,1,0.01315446398,0.0001730399227,-0.02499907725,-0.01791284853,-0.01603438572,,,-0.001446914067,6.738719911e-05,True,
2023-05-22,2023-05-19,SPX,QR-Full,QR-Full-expanding-min750-refit10-SigmaHatRECONSTRUCTED,1,0.01989467704,0.0003957981744,-0.03113607223,-0.02351984108,-0.01757796428,,,0.0001550228363,6.126900207e-05,True,
2023-05-23,2023-05-22,SPX,QR-Full,QR-Full-expanding-min750-refit10-SigmaHatRECONSTRUCTED,1,0.01575442779,0.0002482019949,-0.02673144606,-0.0193892028,-0.01599489416,,,-0.01128546884,8.072542193e-05,True,
2023-05-24,2023-05-23,SPX,QR-Full,QR-Full-expanding-min750-refit10-SigmaHatRECONSTRUCTED,1,0.01836495657,0.0003372716299,-0.03092859656,-0.02203001645,-0.0184129843,,,-0.007345512739,6.432334033e-05,True,
2023-05-25,2023-05-24,SPX,QR-Full,QR-Full-expanding-min750-refit10-SigmaHatRECONSTRUCTED,1,0.0194244052,0.0003773075174,-0.03238328422,-0.02281068718,-0.01914566382,,,0.008719456132,7.730411395e-05,True,
2023-05-26,2023-05-25,SPX,QR-Full,QR-Full-expanding-min750-refit10-SigmaHatRECONSTRUCTED,1,0.02108383452,0.0004445280779,-0.03412089724,-0.0253900593,-0.01975238531,,,0.01296468089,4.651879452e-05,True,
2023-05-30,2023-05-26,SPX,QR-Full,QR-Full-expanding-min750-refit10-SigmaHatRECONSTRUCTED,1,0.01853807367,0.0003436601752,-0.02963375262,-0.02023619265,-0.01700016207,,,1.660331643e-05,6.897626864e-05,True,
2023-05-31,2023-05-30,SPX,QR-Full,QR-Full-expanding-min750-refit10-SigmaHatRECONSTRUCTED,1,0.005388929599,2.904056223e-05,-0.01858237861,-0.01572184472,-0.01490985409,,,-0.006127358328,4.557396875e-05,True,
2023-06-01,2023-05-31,SPX,QR-Full,QR-Full-expanding-min750-refit10-SigmaHatRECONSTRUCTED,1,0.00781840972,6.112753054e-05,-0.0193333239,-0.01410778664,-0.01400512265,,,0.009806215227,5.250971594e-05,True,
2023-06-02,2023-06-01,SPX,QR-Full,QR-Full-expanding-min750-refit10-SigmaHatRECONSTRUCTED,1,0.01417047247,0.00020080229,-0.02598700478,-0.01927219907,-0.01632990931,,,0.01442981224,,True,
2023-06-05,2023-06-02,SPX,QR-Full,QR-Full-expanding-min750-refit10-SigmaHatRECONSTRUCTED,1,,,,,,,,-0.002005591461,,False,predictors_unavailable
2023-06-06,2023-06-05,SPX,QR-Full,QR-Full-expanding-min750-refit10-SigmaHatRECONSTRUCTED,1,0.0167304526,0.0002799080442,-0.02596263653,-0.0200326374,-0.01456092933,,,0.002351130329,3.594250633e-05,True,
2023-06-07,2023-06-06,SPX,QR-Full,QR-Full-expanding-min750-refit10-SigmaHatRECONSTRUCTED,1,0.01081891866,0.000117049001,-0.01690239258,-0.0110701639,-0.009529361753,,,-0.003819293897,4.441461797e-05,True,
2023-06-08,2023-06-07,SPX,QR-Full,QR-Full-expanding-min750-refit10-SigmaHatRECONSTRUCTED,1,0.01440483462,0.0002074992604,-0.02456918237,-0.01948117511,-0.01475237044,,,0.006169571549,2.378286117e-05,True,
2023-06-09,2023-06-08,SPX,QR-Full,QR-Full-expanding-min750-refit10-SigmaHatRECONSTRUCTED,1,0.008720541901,7.604785105e-05,-0.01644296038,-0.01217568608,-0.01049996125,,,0.001147400907,4.933586131e-05,True,
2023-06-12,2023-06-09,SPX,QR-Full,QR-Full-expanding-min750-refit10-SigmaHatRECONSTRUCTED,1,0.007705908983,5.938103326e-05,-0.01752207187,-0.01456066368,-0.01227053923,,,0.009277975098,2.052602571e-05,True,
2023-06-13,2023-06-12,SPX,QR-Full,QR-Full-expanding-min750-refit10-SigmaHatRECONSTRUCTED,1,0.009080590734,8.245712808e-05,-0.01709218755,-0.01276832427,-0.01090381721,,,0.006908570761,3.793432769e-05,True,
2023-06-14,2023-06-13,SPX,QR-Full,QR-Full-expanding-min750-refit10-SigmaHatRECONSTRUCTED,1,0.01771878544,0.0003139553575,-0.0226390305,-0.01508267151,-0.01056378016,,,0.0008190899515,0.0001520630384,True,
2023-06-15,2023-06-14,SPX,QR-Full,QR-Full-expanding-min750-refit10-SigmaHatRECONSTRUCTED,1,0.009118293708,8.314328014e-05,-0.02150902971,-0.01785084749,-0.01529496501,,,0.01210458049,6.663479417e-05,True,
2023-06-16,2023-06-15,SPX,QR-Full,QR-Full-expanding-min750-refit10-SigmaHatRECONSTRUCTED,1,0.009836474004,9.675622082e-05,-0.02263267162,-0.01749905407,-0.01592917118,,,-0.003678376468,6.142090326e-05,True,
2023-06-20,2023-06-16,SPX,QR-Full,QR-Full-expanding-min750-refit10-SigmaHatRECONSTRUCTED,1,0.01062299234,0.0001128479662,-0.02177970209,-0.01745054405,-0.01454019392,,,-0.004746353878,3.884385522e-05,True,
2023-06-21,2023-06-20,SPX,QR-Full,QR-Full-expanding-min750-refit10-SigmaHatRECONSTRUCTED,1,0.0068259351,4.659338999e-05,-0.01768683788,-0.01426104881,-0.01303500238,,,-0.005259086474,4.77786907e-05,True,
2023-06-22,2023-06-21,SPX,QR-Full,QR-Full-expanding-min750-refit10-SigmaHatRECONSTRUCTED,1,0.01014226984,0.0001028656376,-0.01942255632,-0.01391097062,-0.01251065776,,,0.003703930545,5.132885403e-05,True,
2023-06-23,2023-06-22,SPX,QR-Full,QR-Full-expanding-min750-refit10-SigmaHatRECONSTRUCTED,1,0.01227101512,0.000150577812,-0.01999274886,-0.01458836333,-0.01163012265,,,-0.007688288149,2.929069282e-05,True,
2023-06-26,2023-06-23,SPX,QR-Full,QR-Full-expanding-min750-refit10-SigmaHatRECONSTRUCTED,1,0.006191513474,3.83348391e-05,-0.01531801625,-0.01135075158,-0.01109853544,,,-0.004496934385,4.119648843e-05,True,
2023-06-27,2023-06-26,SPX,QR-Full,QR-Full-expanding-min750-refit10-SigmaHatRECONSTRUCTED,1,0.009731438518,9.470089563e-05,-0.01962375654,-0.01521031177,-0.01299183717,,,0.01139073352,2.633208803e-05,True,
2023-06-28,2023-06-27,SPX,QR-Full,QR-Full-expanding-min750-refit10-SigmaHatRECONSTRUCTED,1,0.01191142011,0.000141881929,-0.01927675581,-0.013329789,-0.01115919153,,,-0.0003541393955,6.533891623e-05,True,
2023-06-29,2023-06-28,SPX,QR-Full,QR-Full-expanding-min750-refit10-SigmaHatRECONSTRUCTED,1,0.005890121856,3.469353548e-05,-0.01494820955,-0.01120196896,-0.0109341254,,,0.004463568086,3.905101672e-05,True,
2023-06-30,2023-06-29,SPX,QR-Full,QR-Full-expanding-min750-refit10-SigmaHatRECONSTRUCTED,1,0.0142990331,0.0002044623475,-0.02247912444,-0.01661459417,-0.01273441565,,,0.0121943504,4.048347565e-05,True,
2023-07-03,2023-06-30,SPX,QR-Full,QR-Full-expanding-min750-refit10-SigmaHatRECONSTRUCTED,1,0.01320826985,0.0001744583924,-0.01879932755,-0.01318285126,-0.009797967638,,,0.001169993107,,True,
2023-07-05,2023-07-03,SPX,QR-Full,QR-Full-expanding-min750-refit10-SigmaHatRECONSTRUCTED,1,,,,,,,,-0.001970258203,,False,predictors_unavailable
2023-07-06,2023-07-05,SPX,QR-Full,QR-Full-expanding-min750-refit10-SigmaHatRECONSTRUCTED,1,0.01441910802,0.0002079106761,-0.01874516785,-0.01235575077,-0.008918628684,,,-0.00795406107,2.970384602e-05,True,
2023-07-07,2023-07-06,SPX,QR-Full,QR-Full-expanding-min750-refit10-SigmaHatRECONSTRUCTED,1,0.02068886311,0.0004280290566,-0.02925286879,-0.02021227692,-0.01515352761,,,-0.002869212923,3.779567203e-05,True,
2023-07-10,2023-07-07,SPX,QR-Full,QR-Full-expanding-min750-refit10-SigmaHatRECONSTRUCTED,1,0.01608885543,0.0002588512689,-0.02485125614,-0.01806630548,-0.01388679373,,,0.002402138646,3.442962289e-05,True,
2023-07-11,2023-07-10,SPX,QR-Full,QR-Full-expanding-min750-refit10-SigmaHatRECONSTRUCTED,1,0.00814299436,6.630835714e-05,-0.01677448844,-0.01264844423,-0.01122508463,,,0.006719584118,5.006815501e-05,True,
2023-07-12,2023-07-11,SPX,QR-Full,QR-Full-expanding-min750-refit10-SigmaHatRECONSTRUCTED,1,0.01349373485,0.0001820808801,-0.01982555232,-0.013240253,-0.01062964965,,,0.007383905095,3.332941196e-05,True,
2023-07-13,2023-07-12,SPX,QR-Full,QR-Full-expanding-min750-refit10-SigmaHatRECONSTRUCTED,1,0.00812871631,6.607602885e-05,-0.01523804061,-0.01147570221,-0.009698367205,,,0.008434483032,1.881776336e-05,True,
2023-07-14,2023-07-13,SPX,QR-Full,QR-Full-expanding-min750-refit10-SigmaHatRECONSTRUCTED,1,0.007242660065,5.245612482e-05,-0.01347882083,-0.009233526299,-0.008542989661,,,-0.001024932155,3.154153126e-05,True,
2023-07-17,2023-07-14,SPX,QR-Full,QR-Full-expanding-min750-refit10-SigmaHatRECONSTRUCTED,1,0.009113714321,8.305978873e-05,-0.01851044501,-0.01595134713,-0.01229950113,,,0.003847969533,1.601761124e-05,True,
2023-07-18,2023-07-17,SPX,QR-Full,QR-Full-expanding-min750-refit10-SigmaHatRECONSTRUCTED,1,0.008478273237,7.188111708e-05,-0.01296564846,-0.008376384052,-0.007187754027,,,0.007092066852,2.627930902e-05,True,
2023-07-19,2023-07-18,SPX,QR-Full,QR-Full-expanding-min750-refit10-SigmaHatRECONSTRUCTED,1,0.008911780551,7.941983258e-05,-0.01502369907,-0.00958443409,-0.008950371898,,,0.002355134964,3.320217614e-05,True,
2023-07-20,2023-07-19,SPX,QR-Full,QR-Full-expanding-min750-refit10-SigmaHatRECONSTRUCTED,1,0.006480973635,4.200301925e-05,-0.01303818965,-0.01016106406,-0.008621443404,,,-0.006779827472,3.671750421e-05,True,
2023-07-21,2023-07-20,SPX,QR-Full,QR-Full-expanding-min750-refit10-SigmaHatRECONSTRUCTED,1,0.01733192528,0.0003003956341,-0.0267981648,-0.01994150265,-0.01498655743,,,0.0003240421111,4.392853767e-05,True,
2023-07-24,2023-07-21,SPX,QR-Full,QR-Full-expanding-min750-refit10-SigmaHatRECONSTRUCTED,1,0.007071026149,4.99994108e-05,-0.01598489219,-0.01307390722,-0.01116602855,,,0.004026038504,3.427265907e-05,True,
2023-07-25,2023-07-24,SPX,QR-Full,QR-Full-expanding-min750-refit10-SigmaHatRECONSTRUCTED,1,0.013064895,0.0001706914814,-0.01928556201,-0.01396903351,-0.01038191122,,,0.002810719528,1.684434212e-05,True,
2023-07-26,2023-07-25,SPX,QR-Full,QR-Full-expanding-min750-refit10-SigmaHatRECONSTRUCTED,1,0.01425837958,0.0002033013882,-0.01969337431,-0.01412720203,-0.009976370657,,,-0.0001554509924,8.322421529e-05,True,
2023-07-27,2023-07-26,SPX,QR-Full,QR-Full-expanding-min750-refit10-SigmaHatRECONSTRUCTED,1,0.01659255033,0.0002753127264,-0.02053813464,-0.01301082911,-0.00923040705,,,-0.00644539311,6.785709031e-05,True,
2023-07-28,2023-07-27,SPX,QR-Full,QR-Full-expanding-min750-refit10-SigmaHatRECONSTRUCTED,1,0.02012570745,0.0004050441004,-0.03373949093,-0.02796552495,-0.02002393708,,,0.009829375763,5.356388308e-05,True,
2023-07-31,2023-07-28,SPX,QR-Full,QR-Full-expanding-min750-refit10-SigmaHatRECONSTRUCTED,1,0.01062079586,0.0001128013047,-0.01944447124,-0.01368254771,-0.01220645996,,,0.001467635552,3.739578441e-05,True,
2023-08-01,2023-07-31,SPX,QR-Full,QR-Full-expanding-min750-refit10-SigmaHatRECONSTRUCTED,1,0.01406944238,0.0001979492088,-0.02001281001,-0.01303638218,-0.01042456597,,,-0.002668645424,2.446488236e-05,True,
2023-08-02,2023-08-01,SPX,QR-Full,QR-Full-expanding-min750-refit10-SigmaHatRECONSTRUCTED,1,0.01683471902,0.0002834077646,-0.02419181583,-0.01740628168,-0.01271905166,,,-0.01393620047,4.61753136e-05,True,
2023-08-03,2023-08-02,SPX,QR-Full,QR-Full-expanding-min750-refit10-SigmaHatRECONSTRUCTED,1,0.02441901173,0.000596288134,-0.03556647283,-0.02430248967,-0.01892505682,,,-0.00255122545,5.280868817e-05,True,
2023-08-04,2023-08-03,SPX,QR-Full,QR-Full-expanding-min750-refit10-SigmaHatRECONSTRUCTED,1,0.02300892918,0.000529410822,-0.03304047179,-0.02299163067,-0.01736001892,,,-0.005314169471,9.313784224e-05,True,
2023-08-07,2023-08-04,SPX,QR-Full,QR-Full-expanding-min750-refit10-SigmaHatRECONSTRUCTED,1,0.01616216286,0.0002612155084,-0.02827653237,-0.02168294851,-0.01726211136,,,0.00898361891,4.605959122e-05,True,
2023-08-08,2023-08-07,SPX,QR-Full,QR-Full-expanding-min750-refit10-SigmaHatRECONSTRUCTED,1,0.01738763298,0.0003023297808,-0.02550105465,-0.01712105666,-0.0136514828,,,-0.004227204968,5.062761029e-05,True,
2023-08-09,2023-08-08,SPX,QR-Full,QR-Full-expanding-min750-refit10-SigmaHatRECONSTRUCTED,1,0.01293701409,0.0001673663335,-0.02379452443,-0.01709578022,-0.01497802375,,,-0.00706361913,5.934951789e-05,True,
2023-08-10,2023-08-09,SPX,QR-Full,QR-Full-expanding-min750-refit10-SigmaHatRECONSTRUCTED,1,0.01945004942,0.0003783044226,-0.03019542578,-0.02144751344,-0.01694032899,,,0.0002506824791,0.0001107115167,True,
2023-08-11,2023-08-10,SPX,QR-Full,QR-Full-expanding-min750-refit10-SigmaHatRECONSTRUCTED,1,0.02001658683,0.0004006637485,-0.0337718737,-0.02620278518,-0.02013068493,,,-0.001070264801,6.671752058e-05,True,
2023-08-14,2023-08-11,SPX,QR-Full,QR-Full-expanding-min750-refit10-SigmaHatRECONSTRUCTED,1,0.02174746754,0.0004729523442,-0.02972944861,-0.01999281732,-0.0149086746,,,0.005734004844,3.558624716e-05,True,
2023-08-15,2023-08-14,SPX,QR-Full,QR-Full-expanding-min750-refit10-SigmaHatRECONSTRUCTED,1,0.01269852738,0.0001612525977,-0.02236452007,-0.01524784386,-0.01371054671,,,-0.01161813949,6.040308746e-05,True,
2023-08-16,2023-08-15,SPX,QR-Full,QR-Full-expanding-min750-refit10-SigmaHatRECONSTRUCTED,1,0.02554141965,0.0006523641176,-0.03590526314,-0.02471861116,-0.01849893258,,,-0.007584081758,7.604937167e-05,True,
2023-08-17,2023-08-16,SPX,QR-Full,QR-Full-expanding-min750-refit10-SigmaHatRECONSTRUCTED,1,0.02189971222,0.0004795973954,-0.03387248846,-0.02377940783,-0.01894796056,,,-0.007742811414,6.597440307e-05,True,
2023-08-18,2023-08-17,SPX,QR-Full,QR-Full-expanding-min750-refit10-SigmaHatRECONSTRUCTED,1,0.02233515322,0.0004988590696,-0.03593548484,-0.02677971464,-0.02071420641,,,-0.0001487178053,6.454339099e-05,True,
2023-08-21,2023-08-18,SPX,QR-Full,QR-Full-expanding-min750-refit10-SigmaHatRECONSTRUCTED,1,0.01156165856,0.0001336719487,-0.02403743222,-0.01799630013,-0.01615822843,,,0.006855634952,5.348225615e-05,True,
2023-08-22,2023-08-21,SPX,QR-Full,QR-Full-expanding-min750-refit10-SigmaHatRECONSTRUCTED,1,0.02010643089,0.0004042685633,-0.03137696125,-0.02273848714,-0.01767454427,,,-0.002781331082,6.541267511e-05,True,
2023-08-23,2023-08-22,SPX,QR-Full,QR-Full-expanding-min750-refit10-SigmaHatRECONSTRUCTED,1,0.01482646575,0.0002198240868,-0.02573255762,-0.01901516043,-0.0156284065,,,0.01098433072,3.117639014e-05,True,
2023-08-24,2023-08-23,SPX,QR-Full,QR-Full-expanding-min750-refit10-SigmaHatRECONSTRUCTED,1,0.008133704741,6.615715281e-05,-0.01663796308,-0.01148454594,-0.0110948901,,,-0.01354935398,8.131675503e-05,True,
2023-08-25,2023-08-24,SPX,QR-Full,QR-Full-expanding-min750-refit10-SigmaHatRECONSTRUCTED,1,0.01964359608,0.000385870867,-0.03533189049,-0.02727835822,-0.02194489277,,,0.006695500982,0.0001900928939,True,
2023-08-28,2023-08-25,SPX,QR-Full,QR-Full-expanding-min750-refit10-SigmaHatRECONSTRUCTED,1,0.01299106847,0.0001687678599,-0.02790674057,-0.02150577466,-0.01905340214,,,0.006245078672,4.453048237e-05,True,
2023-08-29,2023-08-28,SPX,QR-Full,QR-Full-expanding-min750-refit10-SigmaHatRECONSTRUCTED,1,0.009392459695,8.821829913e-05,-0.01907082117,-0.01435807402,-0.01266991392,,,0.01440406866,5.542322964e-05,True,
2023-08-30,2023-08-29,SPX,QR-Full,QR-Full-expanding-min750-refit10-SigmaHatRECONSTRUCTED,1,0.00866771307,7.512924987e-05,-0.01947079648,-0.01400822886,-0.01356379989,,,0.003825854098,5.887688588e-05,True,
2023-08-31,2023-08-30,SPX,QR-Full,QR-Full-expanding-min750-refit10-SigmaHatRECONSTRUCTED,1,0.01062563324,0.0001129040818,-0.02080425324,-0.01582105162,-0.01356294531,,,-0.001598212988,3.507104533e-05,True,
2023-09-01,2023-08-31,SPX,QR-Full,QR-Full-expanding-min750-refit10-SigmaHatRECONSTRUCTED,1,0.004746078538,2.252526149e-05,-0.01491295983,-0.01313187023,-0.01167853461,,,0.001797512925,5.166508636e-05,True,
2023-09-05,2023-09-01,SPX,QR-Full,QR-Full-expanding-min750-refit10-SigmaHatRECONSTRUCTED,1,0.01100442853,0.0001210974474,-0.01895688254,-0.01624016148,-0.0114574278,,,-0.004202997953,2.769348924e-05,True,
2023-09-06,2023-09-05,SPX,QR-Full,QR-Full-expanding-min750-refit10-SigmaHatRECONSTRUCTED,1,0.01241729291,0.0001541891633,-0.0200453511,-0.01533593435,-0.01158303741,,,-0.006996014569,5.520187247e-05,True,
2023-09-07,2023-09-06,SPX,QR-Full,QR-Full-expanding-min750-refit10-SigmaHatRECONSTRUCTED,1,0.01550280018,0.0002403368133,-0.02341955506,-0.01696878636,-0.01285448593,,,-0.003216432948,5.258055625e-05,True,
2023-09-08,2023-09-07,SPX,QR-Full,QR-Full-expanding-min750-refit10-SigmaHatRECONSTRUCTED,1,0.009855383936,9.712859254e-05,-0.01905904743,-0.01359906752,-0.01234265998,,,0.001425605915,3.925522059e-05,True,
2023-09-11,2023-09-08,SPX,QR-Full,QR-Full-expanding-min750-refit10-SigmaHatRECONSTRUCTED,1,0.007285710701,5.308158043e-05,-0.01515115379,-0.01179711715,-0.01018598386,,,0.006700951596,3.007987931e-05,True,
2023-09-12,2023-09-11,SPX,QR-Full,QR-Full-expanding-min750-refit10-SigmaHatRECONSTRUCTED,1,0.01453011723,0.0002111243067,-0.01839989627,-0.01198215637,-0.008497704966,,,-0.005712169114,3.625045913e-05,True,
2023-09-13,2023-09-12,SPX,QR-Full,QR-Full-expanding-min750-refit10-SigmaHatRECONSTRUCTED,1,0.009537958209,9.09726468e-05,-0.01840236908,-0.01374392369,-0.01190230543,,,0.001240862104,4.7973795e-05,True,
2023-09-14,2023-09-13,SPX,QR-Full,QR-Full-expanding-min750-refit10-SigmaHatRECONSTRUCTED,1,0.005719864843,3.271685382e-05,-0.01480712483,-0.01190646245,-0.01090906985,,,0.008394585701,2.489984634e-05,True,
2023-09-15,2023-09-14,SPX,QR-Full,QR-Full-expanding-min750-refit10-SigmaHatRECONSTRUCTED,1,0.005182243727,2.685565004e-05,-0.01333275101,-0.01049878994,-0.00980108172,,,-0.01223414597,3.678335245e-05,True,
2023-09-18,2023-09-15,SPX,QR-Full,QR-Full-expanding-min750-refit10-SigmaHatRECONSTRUCTED,1,0.01690834404,0.0002858920983,-0.0258030848,-0.01815712376,-0.0142801456,,,0.0007210277082,2.472073997e-05,True,
2023-09-19,2023-09-18,SPX,QR-Full,QR-Full-expanding-min750-refit10-SigmaHatRECONSTRUCTED,1,0.009347232529,8.737075595e-05,-0.01531915496,-0.0112816608,-0.008949069763,,,-0.002153327397,3.495253728e-05,True,
2023-09-20,2023-09-19,SPX,QR-Full,QR-Full-expanding-min750-refit10-SigmaHatRECONSTRUCTED,1,0.01186752679,0.0001408381921,-0.01991644663,-0.01491342683,-0.01182879539,,,-0.009439204207,7.569797047e-05,True,
2023-09-21,2023-09-20,SPX,QR-Full,QR-Full-expanding-min750-refit10-SigmaHatRECONSTRUCTED,1,0.02103005521,0.0004422632223,-0.02770889244,-0.01844332484,-0.0133770308,,,-0.01653691825,5.498323815e-05,True,
2023-09-22,2023-09-21,SPX,QR-Full,QR-Full-expanding-min750-refit10-SigmaHatRECONSTRUCTED,1,0.03297039575,0.001087046996,-0.0436731561,-0.02879030068,-0.02120402107,,,-0.002298237309,7.99919143e-05,True,
2023-09-25,2023-09-22,SPX,QR-Full,QR-Full-expanding-min750-refit10-SigmaHatRECONSTRUCTED,1,0.01403954359,0.0001971087842,-0.02566974698,-0.01972477298,-0.01610187879,,,0.004014994016,9.13725395e-05,True,
2023-09-26,2023-09-25,SPX,QR-Full,QR-Full-expanding-min750-refit10-SigmaHatRECONSTRUCTED,1,0.02124510438,0.0004513544599,-0.03250685841,-0.02343687938,-0.018028442,,,-0.01484416543,6.730052957e-05,True,
2023-09-27,2023-09-26,SPX,QR-Full,QR-Full-expanding-min750-refit10-SigmaHatRECONSTRUCTED,1,0.02731046371,0.0007458614283,-0.04024886101,-0.02727978231,-0.0216369371,,,0.0002292878966,0.0001180911368,True,
2023-09-28,2023-09-27,SPX,QR-Full,QR-Full-expanding-min750-refit10-SigmaHatRECONSTRUCTED,1,0.01961767664,0.0003848532369,-0.03457409963,-0.02668779623,-0.02120476586,,,0.005875876983,0.0001311307828,True,
2023-09-29,2023-09-28,SPX,QR-Full,QR-Full-expanding-min750-refit10-SigmaHatRECONSTRUCTED,1,0.01985246585,0.0003941204004,-0.0336116105,-0.02442855537,-0.02008226924,,,-0.002713259503,0.0001249713057,True,
2023-10-02,2023-09-29,SPX,QR-Full,QR-Full-expanding-min750-refit10-SigmaHatRECONSTRUCTED,1,0.01814957864,0.0003294072048,-0.03339196947,-0.0253265831,-0.02102313604,,,7.936439886e-05,0.0001394341888,True,
2023-10-03,2023-10-02,SPX,QR-Full,QR-Full-expanding-min750-refit10-SigmaHatRECONSTRUCTED,1,0.01870821983,0.0003499974891,-0.03514955872,-0.02814303198,-0.02240001453,,,-0.013839396,0.0001122063375,True,
2023-10-04,2023-10-03,SPX,QR-Full,QR-Full-expanding-min750-refit10-SigmaHatRECONSTRUCTED,1,0.03553906064,0.001263024831,-0.04967616657,-0.0335552405,-0.02545650119,,,0.008077047682,0.0001321557962,True,
2023-10-05,2023-10-04,SPX,QR-Full,QR-Full-expanding-min750-refit10-SigmaHatRECONSTRUCTED,1,0.01852464249,0.0003431623792,-0.03194093231,-0.0233447519,-0.01931649503,,,-0.001304881242,9.531917647e-05,True,
2023-10-06,2023-10-05,SPX,QR-Full,QR-Full-expanding-min750-refit10-SigmaHatRECONSTRUCTED,1,0.01967246054,0.0003870057039,-0.0332968624,-0.02437925347,-0.01989019372,,,0.01174564219,0.0001282770696,True,
2023-10-09,2023-10-06,SPX,QR-Full,QR-Full-expanding-min750-refit10-SigmaHatRECONSTRUCTED,1,0.02037481271,0.0004151329929,-0.03681789687,-0.02678215838,-0.02293257922,,,0.006284068062,7.16511538e-05,True,
2023-10-10,2023-10-09,SPX,QR-Full,QR-Full-expanding-min750-refit10-SigmaHatRECONSTRUCTED,1,0.01372440686,0.0001883593436,-0.02870434968,-0.02344853184,-0.01935124536,,,0.005194476072,5.856369685e-05,True,
2023-10-11,2023-10-10,SPX,QR-Full,QR-Full-expanding-min750-refit10-SigmaHatRECONSTRUCTED,1,0.01220944327,0.000149070505,-0.02182807743,-0.0149234568,-0.01350741208,,,0.004283819515,5.316762827e-05,True,
2023-10-12,2023-10-11,SPX,QR-Full,QR-Full-expanding-min750-refit10-SigmaHatRECONSTRUCTED,1,0.01006143205,0.0001012324149,-0.01916290334,-0.01483765549,-0.01230609528,,,-0.006266024934,7.409820365e-05,True,
2023-10-13,2023-10-12,SPX,QR-Full,QR-Full-expanding-min750-refit10-SigmaHatRECONSTRUCTED,1,0.01816716768,0.0003300459816,-0.03203626986,-0.02432988609,-0.01965544959,,,-0.005031495632,0.0001215048696,True,
2023-10-16,2023-10-13,SPX,QR-Full,QR-Full-expanding-min750-refit10-SigmaHatRECONSTRUCTED,1,0.014360672,0.0002062289002,-0.02929068491,-0.02289998345,-0.01950396956,,,0.01053864238,6.110956493e-05,True,
2023-10-17,2023-10-16,SPX,QR-Full,QR-Full-expanding-min750-refit10-SigmaHatRECONSTRUCTED,1,0.01803612121,0.0003253016683,-0.02852414712,-0.02089037975,-0.01623263428,,,-9.824999377e-05,7.872469781e-05,True,
2023-10-18,2023-10-17,SPX,QR-Full,QR-Full-expanding-min750-refit10-SigmaHatRECONSTRUCTED,1,0.02076609272,0.0004312306069,-0.03205028688,-0.02379428504,-0.01789831416,,,-0.0134904081,0.0001330230324,True,
2023-10-19,2023-10-18,SPX,QR-Full,QR-Full-expanding-min750-refit10-SigmaHatRECONSTRUCTED,1,0.02812389815,0.0007909536469,-0.04166081856,-0.02855051297,-0.02249454377,,,-0.008519032408,0.0002471600753,True,
2023-10-20,2023-10-19,SPX,QR-Full,QR-Full-expanding-min750-refit10-SigmaHatRECONSTRUCTED,1,0.02972747922,0.0008837230205,-0.04740514606,-0.0346373175,-0.02714603999,,,-0.01266514926,0.0001320934067,True,
2023-10-23,2023-10-20,SPX,QR-Full,QR-Full-expanding-min750-refit10-SigmaHatRECONSTRUCTED,1,0.02430617093,0.0005907899453,-0.03947301611,-0.02705518974,-0.02290850045,,,-0.001686992021,0.0001411103056,True,
2023-10-24,2023-10-23,SPX,QR-Full,QR-Full-expanding-min750-refit10-SigmaHatRECONSTRUCTED,1,0.0190898775,0.000364423423,-0.03298268374,-0.02319180486,-0.01997304205,,,0.007239523586,7.978125603e-05,True,
2023-10-25,2023-10-24,SPX,QR-Full,QR-Full-expanding-min750-refit10-SigmaHatRECONSTRUCTED,1,0.01180070471,0.0001392566317,-0.02562431139,-0.01996096058,-0.01758219901,,,-0.0144434346,9.255300227e-05,True,
2023-10-26,2023-10-25,SPX,QR-Full,QR-Full-expanding-min750-refit10-SigmaHatRECONSTRUCTED,1,0.03058996506,0.0009357459623,-0.04436999761,-0.02972828729,-0.02352311241,,,-0.01190308143,0.0001628672439,True,
2023-10-27,2023-10-26,SPX,QR-Full,QR-Full-expanding-min750-refit10-SigmaHatRECONSTRUCTED,1,0.02006860506,0.0004027489092,-0.03577558382,-0.02498789545,-0.02209894492,,,-0.004811838511,0.000114084589,True,
2023-10-30,2023-10-27,SPX,QR-Full,QR-Full-expanding-min750-refit10-SigmaHatRECONSTRUCTED,1,0.01754701694,0.0003078978036,-0.03365375809,-0.02586821548,-0.02169556699,,,0.01193847429,8.39542016e-05,True,
2023-10-31,2023-10-30,SPX,QR-Full,QR-Full-expanding-min750-refit10-SigmaHatRECONSTRUCTED,1,0.01683043012,0.0002832633781,-0.03000063471,-0.02234062597,-0.01853079341,,,0.006454084949,8.155399352e-05,True,
2023-11-01,2023-10-31,SPX,QR-Full,QR-Full-expanding-min750-refit10-SigmaHatRECONSTRUCTED,1,0.01336408567,0.0001785987858,-0.02494529243,-0.01824590679,-0.01583774493,,,0.01045119485,0.0001086608371,True,
2023-11-02,2023-11-01,SPX,QR-Full,QR-Full-expanding-min750-refit10-SigmaHatRECONSTRUCTED,1,0.005576422323,3.109648592e-05,-0.02115011614,-0.01811892421,-0.01734981641,,,0.01868293896,3.768698759e-05,True,
2023-11-03,2023-11-02,SPX,QR-Full,QR-Full-expanding-min750-refit10-SigmaHatRECONSTRUCTED,1,0.01086662838,0.0001180836123,-0.01804190411,-0.01085561986,-0.01063635938,,,0.009349883638,4.898116222e-05,True,
2023-11-06,2023-11-03,SPX,QR-Full,QR-Full-expanding-min750-refit10-SigmaHatRECONSTRUCTED,1,0.008532226263,7.2798885e-05,-0.01652244148,-0.01091476456,-0.01070777837,,,0.001751457559,3.072418232e-05,True,
2023-11-07,2023-11-06,SPX,QR-Full,QR-Full-expanding-min750-refit10-SigmaHatRECONSTRUCTED,1,0.009011642357,8.120969798e-05,-0.01816921384,-0.01520619913,-0.01202783142,,,0.002836093552,3.102883709e-05,True,
2023-11-08,2023-11-07,SPX,QR-Full,QR-Full-expanding-min750-refit10-SigmaHatRECONSTRUCTED,1,0.0003791229654,1.437342229e-07,-0.008579832173,-0.008344927413,-0.008321462053,,,0.001004410954,4.369602584e-05,True,
2023-11-09,2023-11-08,SPX,QR-Full,QR-Full-expanding-min750-refit10-SigmaHatRECONSTRUCTED,1,0.001579360266,2.49437885e-06,-0.01073359529,-0.01047217558,-0.00965727035,,,-0.008116690584,9.852069771e-05,True,
2023-11-10,2023-11-09,SPX,QR-Full,QR-Full-expanding-min750-refit10-SigmaHatRECONSTRUCTED,1,0.01571421877,0.0002469366716,-0.0282848103,-0.02130351933,-0.01757566061,,,0.01549575911,4.634917175e-05,True,
2023-11-13,2023-11-10,SPX,QR-Full,QR-Full-expanding-min750-refit10-SigmaHatRECONSTRUCTED,1,0.007260506965,5.271496139e-05,-0.01684023755,-0.01293992903,-0.01189224383,,,-0.0008361882856,2.552222385e-05,True,
2023-11-14,2023-11-13,SPX,QR-Full,QR-Full-expanding-min750-refit10-SigmaHatRECONSTRUCTED,1,0.006463655724,4.177884531e-05,-0.01473943199,-0.01162230496,-0.0103344878,,,0.01889537033,3.888443847e-05,True,
2023-11-15,2023-11-14,SPX,QR-Full,QR-Full-expanding-min750-refit10-SigmaHatRECONSTRUCTED,1,0.004506233989,2.030614476e-05,-0.01080096248,-0.009123223339,-0.007729989937,,,0.001595738319,3.583454855e-05,True,
2023-11-16,2023-11-15,SPX,QR-Full,QR-Full-expanding-min750-refit10-SigmaHatRECONSTRUCTED,1,0.008317646941,6.918325063e-05,-0.01703652724,-0.01405128743,-0.0113680987,,,0.001189719272,4.169735469e-05,True,
2023-11-17,2023-11-16,SPX,QR-Full,QR-Full-expanding-min750-refit10-SigmaHatRECONSTRUCTED,1,0.0004677693707,2.188081842e-07,-0.009961500787,-0.009686553642,-0.009642718652,,,0.001281228124,1.846294211e-05,True,
2023-11-20,2023-11-17,SPX,QR-Full,QR-Full-expanding-min750-refit10-SigmaHatRECONSTRUCTED,1,0.008373069163,7.010828721e-05,-0.01257545536,-0.009025557329,-0.00686925689,,,0.007363103731,2.563231095e-05,True,
2023-11-21,2023-11-20,SPX,QR-Full,QR-Full-expanding-min750-refit10-SigmaHatRECONSTRUCTED,1,0.008082709197,6.533018797e-05,-0.01341301322,-0.009727451539,-0.007904693406,,,-0.002022976063,2.056000643e-05,True,
2023-11-22,2023-11-21,SPX,QR-Full,QR-Full-expanding-min750-refit10-SigmaHatRECONSTRUCTED,1,0.004672663315,2.183378246e-05,-0.01038676954,-0.008277335978,-0.007202376376,,,0.004052905143,5.861033247e-05,True,
2023-11-24,2023-11-22,SPX,QR-Full,QR-Full-expanding-min750-refit10-SigmaHatRECONSTRUCTED,1,0.003999499055,1.599599269e-05,-0.01163475046,-0.009834672704,-0.008909114864,,,0.0005966957056,,True,
2023-11-27,2023-11-24,SPX,QR-Full,QR-Full-expanding-min750-refit10-SigmaHatRECONSTRUCTED,1,,,,,,,,-0.001956069324,,False,predictors_unavailable
2023-11-28,2023-11-27,SPX,QR-Full,QR-Full-expanding-min750-refit10-SigmaHatRECONSTRUCTED,1,0.003226034161,1.040729641e-05,-0.007398256156,-0.005932453171,-0.005199732435,,,0.0009796385417,3.239318076e-05,True,
2023-11-29,2023-11-28,SPX,QR-Full,QR-Full-expanding-min750-refit10-SigmaHatRECONSTRUCTED,1,0.009428201301,8.889097977e-05,-0.01298984233,-0.008245105805,-0.006564577385,,,-0.0009466967043,3.289733795e-05,True,
2023-11-30,2023-11-29,SPX,QR-Full,QR-Full-expanding-min750-refit10-SigmaHatRECONSTRUCTED,1,0.005117486495,2.618866802e-05,-0.01298901678,-0.01054796809,-0.009501479171,,,0.003776931361,7.412348436e-05,True,
2023-12-01,2023-11-30,SPX,QR-Full,QR-Full-expanding-min750-refit10-SigmaHatRECONSTRUCTED,1,0.009758522501,9.522876139e-05,-0.01950003729,-0.01599400899,-0.01284966035,,,0.005856558926,5.078321436e-05,True,
2023-12-04,2023-12-01,SPX,QR-Full,QR-Full-expanding-min750-refit10-SigmaHatRECONSTRUCTED,1,0.005207187179,2.711479832e-05,-0.01354912295,-0.01012095498,-0.01000045485,,,-0.005423188139,2.475038908e-05,True,
2023-12-05,2023-12-04,SPX,QR-Full,QR-Full-expanding-min750-refit10-SigmaHatRECONSTRUCTED,1,0.01714469975,0.0002939407294,-0.02212088398,-0.01457960442,-0.01043686973,,,-0.0005690315118,6.646776912e-05,True,
2023-12-06,2023-12-05,SPX,QR-Full,QR-Full-expanding-min750-refit10-SigmaHatRECONSTRUCTED,1,0.003840172586,1.474692549e-05,-0.01250231894,-0.009969110318,-0.009885263419,,,-0.003913851938,4.31710583e-05,True,
2023-12-07,2023-12-06,SPX,QR-Full,QR-Full-expanding-min750-refit10-SigmaHatRECONSTRUCTED,1,0.01095938525,0.0001201081251,-0.01884366231,-0.0139457272,-0.01137490431,,,0.007936610684,3.143106085e-05,True,
2023-12-08,2023-12-07,SPX,QR-Full,QR-Full-expanding-min750-refit10-SigmaHatRECONSTRUCTED,1,0.01455424478,0.0002118260411,-0.02029594144,-0.013366976,-0.01037730735,,,0.004087134051,5.912416968e-05,True,
2023-12-11,2023-12-08,SPX,QR-Full,QR-Full-expanding-min750-refit10-SigmaHatRECONSTRUCTED,1,0.01345185507,0.0001809524049,-0.02208233995,-0.01672471372,-0.01291497811,,,0.003916813501,2.287014556e-05,True,
2023-12-12,2023-12-11,SPX,QR-Full,QR-Full-expanding-min750-refit10-SigmaHatRECONSTRUCTED,1,0.007924146006,6.279208992e-05,-0.01515571869,-0.01158840386,-0.009755458773,,,0.004588812816,1.729862815e-05,True,
2023-12-13,2023-12-12,SPX,QR-Full,QR-Full-expanding-min750-refit10-SigmaHatRECONSTRUCTED,1,0.008067259603,6.50806775e-05,-0.01265848508,-0.008159973643,-0.007160694071,,,0.0135583453,9.777666614e-05,True,
2023-12-14,2023-12-13,SPX,QR-Full,QR-Full-expanding-min750-refit10-SigmaHatRECONSTRUCTED,1,0.01313058086,0.0001724121536,-0.018492072,-0.01023068797,-0.009543656685,,,0.002643565198,6.649941729e-05,True,
2023-12-15,2023-12-14,SPX,QR-Full,QR-Full-expanding-min750-refit10-SigmaHatRECONSTRUCTED,1,0.006547339335,4.286765237e-05,-0.01620076847,-0.01283933942,-0.01173879438,,,-7.625255275e-05,5.046437646e-05,True,
2023-12-18,2023-12-15,SPX,QR-Full,QR-Full-expanding-min750-refit10-SigmaHatRECONSTRUCTED,1,0.004813859633,2.317324456e-05,-0.01380912775,-0.01175155924,-0.01052851011,,,0.004518122435,1.655479836e-05,True,
2023-12-19,2023-12-18,SPX,QR-Full,QR-Full-expanding-min750-refit10-SigmaHatRECONSTRUCTED,1,0.01028116837,0.000105702423,-0.01580121164,-0.0111325457,-0.008794654541,,,0.005849267326,1.208108062e-05,True,
2023-12-20,2023-12-19,SPX,QR-Full,QR-Full-expanding-min750-refit10-SigmaHatRECONSTRUCTED,1,0.01108038634,0.0001227749615,-0.01377262972,-0.008126042933,-0.006221410169,,,-0.01479314785,8.825090973e-05,True,
2023-12-21,2023-12-20,SPX,QR-Full,QR-Full-expanding-min750-refit10-SigmaHatRECONSTRUCTED,1,0.01653757675,0.0002734914446,-0.02907088523,-0.02046778408,-0.01780062182,,,0.01024876923,8.274699654e-05,True,
2023-12-22,2023-12-21,SPX,QR-Full,QR-Full-expanding-min750-refit10-SigmaHatRECONSTRUCTED,1,0.01549709048,0.0002401598133,-0.0244680644,-0.01686823088,-0.01390688639,,,0.001658682192,3.685715097e-05,True,
2023-12-26,2023-12-22,SPX,QR-Full,QR-Full-expanding-min750-refit10-SigmaHatRECONSTRUCTED,1,0.007892015087,6.228390214e-05,-0.01648869928,-0.01333835684,-0.0111103364,,,0.004222761008,1.037502572e-05,True,
2023-12-27,2023-12-26,SPX,QR-Full,QR-Full-expanding-min750-refit10-SigmaHatRECONSTRUCTED,1,0.009060913512,8.210015367e-05,-0.01334055566,-0.009269698223,-0.00716559523,,,0.00142943559,3.290312887e-05,True,
2023-12-28,2023-12-27,SPX,QR-Full,QR-Full-expanding-min750-refit10-SigmaHatRECONSTRUCTED,1,0.009770580746,9.546424812e-05,-0.01205824864,-0.006807331537,-0.005399654072,,,0.0003701062083,1.739173462e-05,True,
2023-12-29,2023-12-28,SPX,QR-Full,QR-Full-expanding-min750-refit10-SigmaHatRECONSTRUCTED,1,0.008613109758,7.418565971e-05,-0.01400892776,-0.01168847146,-0.008139143014,,,-0.002830477135,3.194944597e-05,True,
2024-01-02,2023-12-29,SPX,QR-Full,QR-Full-expanding-min750-refit10-SigmaHatRECONSTRUCTED,1,0.007903419379,6.246403789e-05,-0.01614524915,-0.01369491456,-0.01075911431,,,-0.0056766608,4.487790079e-05,True,
2024-01-03,2024-01-02,SPX,QR-Full,QR-Full-expanding-min750-refit10-SigmaHatRECONSTRUCTED,1,0.01136222512,0.0001291001596,-0.01950624087,-0.01459238084,-0.01176294981,,,-0.008048618214,5.280592639e-05,True,
2024-01-04,2024-01-03,SPX,QR-Full,QR-Full-expanding-min750-refit10-SigmaHatRECONSTRUCTED,1,0.01277264975,0.0001631405816,-0.0211862157,-0.01498504027,-0.01248172837,,,-0.003434271703,3.535079142e-05,True,
2024-01-05,2024-01-04,SPX,QR-Full,QR-Full-expanding-min750-refit10-SigmaHatRECONSTRUCTED,1,0.0170132992,0.0002894523497,-0.02543613257,-0.01883457179,-0.01384166704,,,0.001824021513,7.922816893e-05,True,
2024-01-08,2024-01-05,SPX,QR-Full,QR-Full-expanding-min750-refit10-SigmaHatRECONSTRUCTED,1,0.01717650364,0.0002950322772,-0.02442900655,-0.01695313642,-0.01272331814,,,0.0140159455,3.920994645e-05,True,
2024-01-09,2024-01-08,SPX,QR-Full,QR-Full-expanding-min750-refit10-SigmaHatRECONSTRUCTED,1,0.01240312908,0.000153837611,-0.02100606646,-0.01361908378,-0.01255340534,,,-0.001478993839,4.380122002e-05,True,
2024-01-10,2024-01-09,SPX,QR-Full,QR-Full-expanding-min750-refit10-SigmaHatRECONSTRUCTED,1,0.008310978697,6.907236689e-05,-0.01783309797,-0.01386767165,-0.0121692138,,,0.005649980585,3.727286967e-05,True,
2024-01-11,2024-01-10,SPX,QR-Full,QR-Full-expanding-min750-refit10-SigmaHatRECONSTRUCTED,1,0.01261427293,0.0001591198816,-0.01885833697,-0.01300971113,-0.01026178254,,,-0.0006712808501,0.0001067454522,True,
2024-01-12,2024-01-11,SPX,QR-Full,QR-Full-expanding-min750-refit10-SigmaHatRECONSTRUCTED,1,0.00551751393,3.044295997e-05,-0.01828899873,-0.01555016433,-0.01452884472,,,0.0007506938054,5.067228325e-05,True,
2024-01-16,2024-01-12,SPX,QR-Full,QR-Full-expanding-min750-refit10-SigmaHatRECONSTRUCTED,1,0.004835804773,2.33850078e-05,-0.01517356554,-0.01383696281,-0.0118779924,,,-0.003738319125,6.074989587e-05,True,
2024-01-17,2024-01-16,SPX,QR-Full,QR-Full-expanding-min750-refit10-SigmaHatRECONSTRUCTED,1,0.01080648665,0.0001167801536,-0.02317588708,-0.01996515217,-0.0158113286,,,-0.00563273116,4.180809386e-05,True,
2024-01-18,2024-01-17,SPX,QR-Full,QR-Full-expanding-min750-refit10-SigmaHatRECONSTRUCTED,1,0.01636610454,0.0002678493779,-0.02629894685,-0.0191349264,-0.01514554076,,,0.008766720628,4.778172367e-05,True,
2024-01-19,2024-01-18,SPX,QR-Full,QR-Full-expanding-min750-refit10-SigmaHatRECONSTRUCTED,1,0.01434965915,0.0002059127177,-0.02383161181,-0.01777829229,-0.01405240165,,,0.0122383084,3.361988336e-05,True,
2024-01-22,2024-01-19,SPX,QR-Full,QR-Full-expanding-min750-refit10-SigmaHatRECONSTRUCTED,1,0.01126284583,0.0001268516962,-0.02074017814,-0.01488423991,-0.0130646135,,,0.002191921148,,True,
2024-01-23,2024-01-22,SPX,QR-Full,QR-Full-expanding-min750-refit10-SigmaHatRECONSTRUCTED,1,,,,,,,,0.002917115366,,False,predictors_unavailable
2024-01-24,2024-01-23,SPX,QR-Full,QR-Full-expanding-min750-refit10-SigmaHatRECONSTRUCTED,1,0.008266072269,6.832795076e-05,-0.01309324763,-0.009983864834,-0.007459966928,,,0.0008115989697,4.78670969e-05,True,
2024-01-25,2024-01-24,SPX,QR-Full,QR-Full-expanding-min750-refit10-SigmaHatRECONSTRUCTED,1,0.01152311427,0.0001327821625,-0.01866425339,-0.01428595802,-0.0108113173,,,0.00524657802,4.415239902e-05,True,
2024-01-26,2024-01-25,SPX,QR-Full,QR-Full-expanding-min750-refit10-SigmaHatRECONSTRUCTED,1,0.007267506086,5.281664471e-05,-0.01446849438,-0.01096700898,-0.009515730795,,,-0.0006519976724,2.814967821e-05,True,
2024-01-29,2024-01-26,SPX,QR-Full,QR-Full-expanding-min750-refit10-SigmaHatRECONSTRUCTED,1,0.009276174807,8.604741906e-05,-0.01611919836,-0.01279888202,-0.009797538593,,,0.007528365518,3.163126317e-05,True,
2024-01-30,2024-01-29,SPX,QR-Full,QR-Full-expanding-min750-refit10-SigmaHatRECONSTRUCTED,1,0.01109180804,0.0001230282055,-0.01590438654,-0.01022059618,-0.008345383168,,,-0.0006008304096,1.551079255e-05,True,
2024-01-31,2024-01-30,SPX,QR-Full,QR-Full-expanding-min750-refit10-SigmaHatRECONSTRUCTED,1,0.007070266234,4.998866462e-05,-0.0122810581,-0.009962326467,-0.007462712333,,,-0.01623685184,0.0001006664496,True,
2024-02-01,2024-01-31,SPX,QR-Full,QR-Full-expanding-min750-refit10-SigmaHatRECONSTRUCTED,1,0.02042997716,0.0004173839667,-0.03035799357,-0.01969502613,-0.01643508167,,,0.0124162861,7.985745717e-05,True,
2024-02-02,2024-02-01,SPX,QR-Full,QR-Full-expanding-min750-refit10-SigmaHatRECONSTRUCTED,1,0.007012352697,4.917309035e-05,-0.01701163494,-0.01233448994,-0.01223275692,,,0.01062777075,9.18035354e-05,True,
2024-02-05,2024-02-02,SPX,QR-Full,QR-Full-expanding-min750-refit10-SigmaHatRECONSTRUCTED,1,0.01660581505,0.0002757530934,-0.02670165864,-0.02006272213,-0.01538489122,,,-0.00319142457,5.311510216e-05,True,
2024-02-06,2024-02-05,SPX,QR-Full,QR-Full-expanding-min750-refit10-SigmaHatRECONSTRUCTED,1,0.01713844754,0.0002937263842,-0.02494225297,-0.01833715186,-0.01326249956,,,0.002307745755,4.151264565e-05,True,
2024-02-07,2024-02-06,SPX,QR-Full,QR-Full-expanding-min750-refit10-SigmaHatRECONSTRUCTED,1,0.007237636629,5.238338398e-05,-0.0148674659,-0.01140919985,-0.009935058177,,,0.00820768277,3.103017357e-05,True,
2024-02-08,2024-02-07,SPX,QR-Full,QR-Full-expanding-min750-refit10-SigmaHatRECONSTRUCTED,1,0.01118859074,0.0001251845628,-0.01855292428,-0.01307978491,-0.01092796406,,,0.0005704204087,1.686365159e-05,True,
2024-02-09,2024-02-08,SPX,QR-Full,QR-Full-expanding-min750-refit10-SigmaHatRECONSTRUCTED,1,0.01210241116,0.0001464683559,-0.01700306408,-0.01222434478,-0.008755340501,,,0.005725917123,1.103857265e-05,True,
2024-02-12,2024-02-09,SPX,QR-Full,QR-Full-expanding-min750-refit10-SigmaHatRECONSTRUCTED,1,0.01220707112,0.0001490125853,-0.01515571969,-0.009210136231,-0.00683667095,,,-0.0009494040369,3.265675456e-05,True,
2024-02-13,2024-02-12,SPX,QR-Full,QR-Full-expanding-min750-refit10-SigmaHatRECONSTRUCTED,1,0.007839235856,6.145361881e-05,-0.0144130993,-0.01108758455,-0.009070705165,,,-0.01376860944,6.336522505e-05,True,
2024-02-14,2024-02-13,SPX,QR-Full,QR-Full-expanding-min750-refit10-SigmaHatRECONSTRUCTED,1,0.02771661794,0.0007682109099,-0.0366577695,-0.02403975138,-0.01776905383,,,0.009534168241,6.047223436e-05,True,
2024-02-15,2024-02-14,SPX,QR-Full,QR-Full-expanding-min750-refit10-SigmaHatRECONSTRUCTED,1,0.009554672987,9.129177589e-05,-0.01898850446,-0.01457137174,-0.01247704978,,,0.005804372618,3.701005693e-05,True,
2024-02-16,2024-02-15,SPX,QR-Full,QR-Full-expanding-min750-refit10-SigmaHatRECONSTRUCTED,1,0.01253573369,0.0001571446191,-0.01922729065,-0.01328807076,-0.01068426026,,,-0.004815043526,6.311166716e-05,True,
2024-02-20,2024-02-16,SPX,QR-Full,QR-Full-expanding-min750-refit10-SigmaHatRECONSTRUCTED,1,0.01904424611,0.00036268331,-0.0267444118,-0.02056557982,-0.01376586764,,,-0.006023426347,7.173515515e-05,True,
2024-02-21,2024-02-20,SPX,QR-Full,QR-Full-expanding-min750-refit10-SigmaHatRECONSTRUCTED,1,0.01873675191,0.0003510658723,-0.02809386493,-0.02096617359,-0.01532487629,,,0.001263401482,4.697531226e-05,True,
2024-02-22,2024-02-21,SPX,QR-Full,QR-Full-expanding-min750-refit10-SigmaHatRECONSTRUCTED,1,0.01611195397,0.0002595950606,-0.02559915503,-0.0189571258,-0.0146189511,,,0.02090288857,4.756140313e-05,True,
2024-02-23,2024-02-22,SPX,QR-Full,QR-Full-expanding-min750-refit10-SigmaHatRECONSTRUCTED,1,0.01504087967,0.0002262280612,-0.02335216685,-0.01655083326,-0.01310189389,,,0.0003478871186,3.562727853e-05,True,
2024-02-26,2024-02-23,SPX,QR-Full,QR-Full-expanding-min750-refit10-SigmaHatRECONSTRUCTED,1,0.00498934658,2.489357929e-05,-0.01345974694,-0.01311510609,-0.01005953595,,,-0.003793939337,2.101754267e-05,True,
2024-02-27,2024-02-26,SPX,QR-Full,QR-Full-expanding-min750-refit10-SigmaHatRECONSTRUCTED,1,0.01426423668,0.0002034684481,-0.02118357239,-0.01563945716,-0.01146257715,,,0.001704895613,1.755144613e-05,True,
2024-02-28,2024-02-27,SPX,QR-Full,QR-Full-expanding-min750-refit10-SigmaHatRECONSTRUCTED,1,0.01288860789,0.0001661162133,-0.01695133334,-0.01141707918,-0.008167821209,,,-0.00165953129,2.179168099e-05,True,
2024-02-29,2024-02-28,SPX,QR-Full,QR-Full-expanding-min750-refit10-SigmaHatRECONSTRUCTED,1,0.008600672601,7.397156919e-05,-0.01465810934,-0.01101437099,-0.008796800442,,,0.005215470474,4.911056827e-05,True,
2024-03-01,2024-02-29,SPX,QR-Full,QR-Full-expanding-min750-refit10-SigmaHatRECONSTRUCTED,1,0.006453214768,4.164398084e-05,-0.01442237088,-0.01376353242,-0.01002454214,,,0.007975936317,2.791558626e-05,True,
2024-03-04,2024-03-01,SPX,QR-Full,QR-Full-expanding-min750-refit10-SigmaHatRECONSTRUCTED,1,0.006968512711,4.856016941e-05,-0.01382956344,-0.009865545561,-0.009080562118,,,-0.001193974612,1.788590942e-05,True,
2024-03-05,2024-03-04,SPX,QR-Full,QR-Full-expanding-min750-refit10-SigmaHatRECONSTRUCTED,1,0.01435836879,0.0002061627543,-0.01786718659,-0.0116578995,-0.008082040864,,,-0.01024540628,5.652863495e-05,True,
2024-03-06,2024-03-05,SPX,QR-Full,QR-Full-expanding-min750-refit10-SigmaHatRECONSTRUCTED,1,0.01271796187,0.0001617465542,-0.02322560197,-0.01697531882,-0.01455838412,,,0.005127932994,0.0001009666862,True,
2024-03-07,2024-03-06,SPX,QR-Full,QR-Full-expanding-min750-refit10-SigmaHatRECONSTRUCTED,1,0.01112233087,0.000123706244,-0.02074293148,-0.01797397985,-0.01316312698,,,0.01025140216,2.940027066e-05,True,
2024-03-08,2024-03-07,SPX,QR-Full,QR-Full-expanding-min750-refit10-SigmaHatRECONSTRUCTED,1,0.01561675191,0.0002438829402,-0.02234215607,-0.01591484482,-0.01169942949,,,-0.006549923017,0.0001012105173,True,
2024-03-11,2024-03-08,SPX,QR-Full,QR-Full-expanding-min750-refit10-SigmaHatRECONSTRUCTED,1,0.01669198201,0.0002786222634,-0.02894031393,-0.02203409605,-0.01756482422,,,-0.001122868268,5.918123641e-05,True,
2024-03-12,2024-03-11,SPX,QR-Full,QR-Full-expanding-min750-refit10-SigmaHatRECONSTRUCTED,1,0.01342089597,0.0001801204487,-0.02427637264,-0.01919138825,-0.01513010924,,,0.01113951276,8.810663882e-05,True,
2024-03-13,2024-03-12,SPX,QR-Full,QR-Full-expanding-min750-refit10-SigmaHatRECONSTRUCTED,1,0.01392829433,0.0001939973831,-0.02547287882,-0.0200327029,-0.01598082635,,,-0.001926384014,2.82205403e-05,True,
2024-03-14,2024-03-13,SPX,QR-Full,QR-Full-expanding-min750-refit10-SigmaHatRECONSTRUCTED,1,0.01438208004,0.0002068442262,-0.02166508855,-0.01630158886,-0.01186378374,,,-0.002875221221,9.185609568e-05,True,
2024-03-15,2024-03-14,SPX,QR-Full,QR-Full-expanding-min750-refit10-SigmaHatRECONSTRUCTED,1,0.01548970127,0.0002399308454,-0.02743528779,-0.02294992403,-0.01687914549,,,-0.00650402272,4.513021651e-05,True,
2024-03-18,2024-03-15,SPX,QR-Full,QR-Full-expanding-min750-refit10-SigmaHatRECONSTRUCTED,1,0.01571495034,0.0002469596641,-0.02465431733,-0.01749979371,-0.01394466908,,,0.006298184214,3.049052473e-05,True,
2024-03-19,2024-03-18,SPX,QR-Full,QR-Full-expanding-min750-refit10-SigmaHatRECONSTRUCTED,1,0.01277661347,0.0001632418518,-0.01971834877,-0.01503217121,-0.01101116019,,,0.005633253092,2.579351052e-05,True,
2024-03-20,2024-03-19,SPX,QR-Full,QR-Full-expanding-min750-refit10-SigmaHatRECONSTRUCTED,1,0.007028709333,4.940275489e-05,-0.01561868315,-0.01156398549,-0.01082865818,,,0.008864765408,0.0001141300362,True,
2024-03-21,2024-03-20,SPX,QR-Full,QR-Full-expanding-min750-refit10-SigmaHatRECONSTRUCTED,1,0.009497187307,9.019656675e-05,-0.02079208856,-0.01632376492,-0.01431981005,,,0.003231309101,2.616647248e-05,True,
2024-03-22,2024-03-21,SPX,QR-Full,QR-Full-expanding-min750-refit10-SigmaHatRECONSTRUCTED,1,0.002513496684,6.317665581e-06,-0.01125464682,-0.01057001946,-0.009541713286,,,-0.001403171763,2.482799935e-05,True,
2024-03-25,2024-03-22,SPX,QR-Full,QR-Full-expanding-min750-refit10-SigmaHatRECONSTRUCTED,1,0.00304121959,9.249016596e-06,-0.01060521069,-0.009898754888,-0.008532637034,,,-0.003059640502,1.072512084e-05,True,
2024-03-26,2024-03-25,SPX,QR-Full,QR-Full-expanding-min750-refit10-SigmaHatRECONSTRUCTED,1,0.01579939694,0.0002496209436,-0.01900903384,-0.01148290871,-0.008241835723,,,-0.002803721929,1.143406091e-05,True,
2024-03-27,2024-03-26,SPX,QR-Full,QR-Full-expanding-min750-refit10-SigmaHatRECONSTRUCTED,1,0.009779719817,9.56429197e-05,-0.0145595218,-0.01026133943,-0.00789469901,,,0.008593595535,3.421391636e-05,True,
2024-03-28,2024-03-27,SPX,QR-Full,QR-Full-expanding-min750-refit10-SigmaHatRECONSTRUCTED,1,0.006305955137,3.976507019e-05,-0.01158695843,-0.00859040469,-0.007289486278,,,0.001115862838,1.839267602e-05,True,
2024-04-01,2024-03-28,SPX,QR-Full,QR-Full-expanding-min750-refit10-SigmaHatRECONSTRUCTED,1,0.008408853842,7.070882293e-05,-0.01274069668,-0.009585544986,-0.007010111162,,,-0.002015614503,3.707752999e-05,True,
2024-04-02,2024-04-01,SPX,QR-Full,QR-Full-expanding-min750-refit10-SigmaHatRECONSTRUCTED,1,0.01295111417,0.0001677313582,-0.02020543659,-0.01530100936,-0.01137932679,,,-0.007265388215,2.669339521e-05,True,
2024-04-03,2024-04-02,SPX,QR-Full,QR-Full-expanding-min750-refit10-SigmaHatRECONSTRUCTED,1,0.0202910228,0.0004117256062,-0.02581092967,-0.01625000979,-0.01198271436,,,0.001090527373,5.73533013e-05,True,
2024-04-04,2024-04-03,SPX,QR-Full,QR-Full-expanding-min750-refit10-SigmaHatRECONSTRUCTED,1,0.01562940856,0.000244278412,-0.02180023796,-0.01537703168,-0.01114888594,,,-0.01241103554,0.0001452679976,True,
2024-04-05,2024-04-04,SPX,QR-Full,QR-Full-expanding-min750-refit10-SigmaHatRECONSTRUCTED,1,0.02004522323,0.0004018109744,-0.03578175673,-0.02601239947,-0.02212105241,,,0.01103805017,9.651881823e-05,True,
2024-04-08,2024-04-05,SPX,QR-Full,QR-Full-expanding-min750-refit10-SigmaHatRECONSTRUCTED,1,0.0156693183,0.0002455275358,-0.02870912559,-0.0224515546,-0.01803057531,,,-0.000374701184,3.161295721e-05,True,
2024-04-09,2024-04-08,SPX,QR-Full,QR-Full-expanding-min750-refit10-SigmaHatRECONSTRUCTED,1,0.01616515881,0.0002613123592,-0.0241279654,-0.01734281284,-0.01311150267,,,0.001444449372,0.0001017821933,True,
2024-04-10,2024-04-09,SPX,QR-Full,QR-Full-expanding-min750-refit10-SigmaHatRECONSTRUCTED,1,0.008596108903,7.389308827e-05,-0.02220503915,-0.01903411724,-0.01634684039,,,-0.00950198173,0.0001579134009,True,
2024-04-11,2024-04-10,SPX,QR-Full,QR-Full-expanding-min750-refit10-SigmaHatRECONSTRUCTED,1,0.02201761546,0.0004847753906,-0.03752464464,-0.02910689791,-0.02251976637,,,0.007417222007,6.700388484e-05,True,
2024-04-12,2024-04-11,SPX,QR-Full,QR-Full-expanding-min750-refit10-SigmaHatRECONSTRUCTED,1,0.01278153672,0.0001633676809,-0.02587371123,-0.02075404508,-0.01716316749,,,-0.01465758793,8.511362214e-05,True,
2024-04-15,2024-04-12,SPX,QR-Full,QR-Full-expanding-min750-refit10-SigmaHatRECONSTRUCTED,1,0.01754791091,0.0003079291773,-0.03294800394,-0.02367760126,-0.02098920361,,,-0.01209419578,0.0001407872392,True,
2024-04-16,2024-04-15,SPX,QR-Full,QR-Full-expanding-min750-refit10-SigmaHatRECONSTRUCTED,1,0.03177055437,0.001009368125,-0.05022261739,-0.03610232492,-0.02857116736,,,-0.002058624534,0.0001942514692,True,
2024-04-17,2024-04-16,SPX,QR-Full,QR-Full-expanding-min750-refit10-SigmaHatRECONSTRUCTED,1,0.01818702083,0.0003307677267,-0.03443086563,-0.02834873835,-0.02203651557,,,-0.005797375014,0.0001647902205,True,
2024-04-18,2024-04-17,SPX,QR-Full,QR-Full-expanding-min750-refit10-SigmaHatRECONSTRUCTED,1,0.01734223071,0.000300752966,-0.03385987992,-0.02643671594,-0.02204124946,,,-0.00221060175,0.0001212028852,True,
2024-04-19,2024-04-18,SPX,QR-Full,QR-Full-expanding-min750-refit10-SigmaHatRECONSTRUCTED,1,0.01827050651,0.0003338114083,-0.03360038917,-0.0268413807,-0.02114914409,,,-0.008797129711,0.0001248087597,True,
2024-04-22,2024-04-19,SPX,QR-Full,QR-Full-expanding-min750-refit10-SigmaHatRECONSTRUCTED,1,0.01998725289,0.0003994902782,-0.03608961929,-0.02680089778,-0.02246842143,,,0.00869335132,7.401544311e-05,True,
2024-04-23,2024-04-22,SPX,QR-Full,QR-Full-expanding-min750-refit10-SigmaHatRECONSTRUCTED,1,0.01491290379,0.0002223946993,-0.02870454362,-0.02254991925,-0.01854148548,,,0.01189356656,4.48260751e-05,True,
2024-04-24,2024-04-23,SPX,QR-Full,QR-Full-expanding-min750-refit10-SigmaHatRECONSTRUCTED,1,0.01299945281,0.0001689857734,-0.02350974611,-0.01750460613,-0.0146506938,,,0.0002129873533,6.679232479e-05,True,
2024-04-25,2024-04-24,SPX,QR-Full,QR-Full-expanding-min750-refit10-SigmaHatRECONSTRUCTED,1,0.01120443342,0.0001255393282,-0.02332451446,-0.01981004632,-0.01568875755,,,-0.004586934282,8.357264528e-05,True,
2024-04-26,2024-04-25,SPX,QR-Full,QR-Full-expanding-min750-refit10-SigmaHatRECONSTRUCTED,1,0.01759128786,0.0003094534086,-0.02973147962,-0.02197926955,-0.01774311814,,,0.01015738132,4.550298658e-05,True,
2024-04-29,2024-04-26,SPX,QR-Full,QR-Full-expanding-min750-refit10-SigmaHatRECONSTRUCTED,1,0.003802391018,1.445817746e-05,-0.01464516098,-0.01310527909,-0.01205385338,,,0.003173408089,5.791769373e-05,True,
2024-04-30,2024-04-29,SPX,QR-Full,QR-Full-expanding-min750-refit10-SigmaHatRECONSTRUCTED,1,0.007564899171,5.722769947e-05,-0.01500958217,-0.01266908084,-0.009854146901,,,-0.01585555122,9.692364143e-05,True,
2024-05-01,2024-04-30,SPX,QR-Full,QR-Full-expanding-min750-refit10-SigmaHatRECONSTRUCTED,1,0.01857704204,0.0003451064909,-0.03228572322,-0.02443267101,-0.01962557594,,,-0.003441353349,0.0002064769753,True,
2024-05-02,2024-05-01,SPX,QR-Full,QR-Full-expanding-min750-refit10-SigmaHatRECONSTRUCTED,1,0.009876652368,9.754826199e-05,-0.02367891395,-0.02065633451,-0.01694803218,,,0.009087024607,0.000101486293,True,
2024-05-03,2024-05-02,SPX,QR-Full,QR-Full-expanding-min750-refit10-SigmaHatRECONSTRUCTED,1,0.007260378116,5.271309038e-05,-0.02001253344,-0.01795559353,-0.01506462753,,,0.01247855771,6.079374173e-05,True,
2024-05-06,2024-05-03,SPX,QR-Full,QR-Full-expanding-min750-refit10-SigmaHatRECONSTRUCTED,1,0.003143438764,9.881207265e-06,-0.01281880772,-0.01251964783,-0.01067657229,,,0.01027317363,1.518652588e-05,True,
2024-05-07,2024-05-06,SPX,QR-Full,QR-Full-expanding-min750-refit10-SigmaHatRECONSTRUCTED,1,0.005861103007,3.435252845e-05,-0.01331292817,-0.009494753211,-0.009318620189,,,0.001342528241,2.370621899e-05,True,
2024-05-08,2024-05-07,SPX,QR-Full,QR-Full-expanding-min750-refit10-SigmaHatRECONSTRUCTED,1,0.002250605092,5.06522328e-06,-0.009039122375,-0.0075772142,-0.007505347952,,,-5.835550859e-06,1.368280537e-05,True,
2024-05-09,2024-05-08,SPX,QR-Full,QR-Full-expanding-min750-refit10-SigmaHatRECONSTRUCTED,1,0.005300942682,2.809999332e-05,-0.01001232864,-0.00712267225,-0.0063997667,,,0.005078032591,2.080624033e-05,True,
2024-05-10,2024-05-09,SPX,QR-Full,QR-Full-expanding-min750-refit10-SigmaHatRECONSTRUCTED,1,0.005098448207,2.599417412e-05,-0.009311096152,-0.006081066062,-0.00583653303,,,0.001648040146,3.062049977e-05,True,
2024-05-13,2024-05-10,SPX,QR-Full,QR-Full-expanding-min750-refit10-SigmaHatRECONSTRUCTED,1,0.004623408881,2.137590968e-05,-0.009253164108,-0.009185482131,-0.006102337554,,,-0.0002413331918,1.332163827e-05,True,
2024-05-14,2024-05-13,SPX,QR-Full,QR-Full-expanding-min750-refit10-SigmaHatRECONSTRUCTED,1,0.007569921265,5.730370795e-05,-0.009951166362,-0.00796286789,-0.00479230857,,,0.004826148545,3.563705083e-05,True,
2024-05-15,2024-05-14,SPX,QR-Full,QR-Full-expanding-min750-refit10-SigmaHatRECONSTRUCTED,1,0.007368877481,5.430035533e-05,-0.01171215449,-0.009077183045,-0.006690306882,,,0.01164782768,1.87724302e-05,True,
2024-05-16,2024-05-15,SPX,QR-Full,QR-Full-expanding-min750-refit10-SigmaHatRECONSTRUCTED,1,0.006999417224,4.899184147e-05,-0.01079045259,-0.006082487839,-0.006020390023,,,-0.002083837344,4.290275216e-05,True,
2024-05-17,2024-05-16,SPX,QR-Full,QR-Full-expanding-min750-refit10-SigmaHatRECONSTRUCTED,1,0.006856447988,4.701087902e-05,-0.0123577434,-0.01147081957,-0.007685113545,,,0.001164095711,1.871699101e-05,True,
2024-05-20,2024-05-17,SPX,QR-Full,QR-Full-expanding-min750-refit10-SigmaHatRECONSTRUCTED,1,0.007701115912,5.930718628e-05,-0.01083269118,-0.00868112311,-0.005584424985,,,0.0009159702554,1.461902943e-05,True,
2024-05-21,2024-05-20,SPX,QR-Full,QR-Full-expanding-min750-refit10-SigmaHatRECONSTRUCTED,1,0.007318072243,5.355418136e-05,-0.01018148011,-0.007589394177,-0.005194255979,,,0.002498749685,1.139601916e-05,True,
2024-05-22,2024-05-21,SPX,QR-Full,QR-Full-expanding-min750-refit10-SigmaHatRECONSTRUCTED,1,0.006525804625,4.2586126e-05,-0.009546086393,-0.005885235203,-0.005098788083,,,-0.002709791092,4.486603645e-05,True,
2024-05-23,2024-05-22,SPX,QR-Full,QR-Full-expanding-min750-refit10-SigmaHatRECONSTRUCTED,1,0.006598811405,4.354431196e-05,-0.01364010202,-0.01162921037,-0.009143050008,,,-0.007408162307,7.615210951e-05,True,
2024-05-24,2024-05-23,SPX,QR-Full,QR-Full-expanding-min750-refit10-SigmaHatRECONSTRUCTED,1,0.01311379812,0.0001719717011,-0.02340119347,-0.01839459535,-0.0144642155,,,0.006976649059,4.195730665e-05,True,
2024-05-28,2024-05-24,SPX,QR-Full,QR-Full-expanding-min750-refit10-SigmaHatRECONSTRUCTED,1,0.007976104164,6.361823763e-05,-0.0138511654,-0.01108677923,-0.008415496301,,,0.0002487708657,3.82877895e-05,True,
2024-05-29,2024-05-28,SPX,QR-Full,QR-Full-expanding-min750-refit10-SigmaHatRECONSTRUCTED,1,0.01170105016,0.0001369145749,-0.01930239419,-0.01569632001,-0.01132819582,,,-0.007394317263,3.266938048e-05,True,
2024-05-30,2024-05-29,SPX,QR-Full,QR-Full-expanding-min750-refit10-SigmaHatRECONSTRUCTED,1,0.01714081282,0.000293807464,-0.02501499645,-0.01746419797,-0.01333363112,,,-0.005992957566,4.251240413e-05,True,
2024-05-31,2024-05-30,SPX,QR-Full,QR-Full-expanding-min750-refit10-SigmaHatRECONSTRUCTED,1,0.01464663279,0.000214523852,-0.02314717466,-0.01606164822,-0.01316557867,,,0.007995824393,9.487512283e-05,True,
2024-06-03,2024-05-31,SPX,QR-Full,QR-Full-expanding-min750-refit10-SigmaHatRECONSTRUCTED,1,0.007581016459,5.747181055e-05,-0.02058227778,-0.01735638185,-0.01541585867,,,0.001115460087,7.422787518e-05,True,
2024-06-04,2024-06-03,SPX,QR-Full,QR-Full-expanding-min750-refit10-SigmaHatRECONSTRUCTED,1,0.007918532165,6.270315165e-05,-0.01887376852,-0.01639926492,-0.01347733441,,,0.001501681116,7.482023526e-05,True,
2024-06-05,2024-06-04,SPX,QR-Full,QR-Full-expanding-min750-refit10-SigmaHatRECONSTRUCTED,1,0.005073740955,2.574284727e-05,-0.01757883198,-0.0163615195,-0.01412110671,,,0.01177801577,3.300179994e-05,True,
2024-06-06,2024-06-05,SPX,QR-Full,QR-Full-expanding-min750-refit10-SigmaHatRECONSTRUCTED,1,0.007739868008,5.990555679e-05,-0.01738095822,-0.01347199442,-0.0121062827,,,-0.0001998365608,2.601686079e-05,True,
2024-06-07,2024-06-06,SPX,QR-Full,QR-Full-expanding-min750-refit10-SigmaHatRECONSTRUCTED,1,0.009055048365,8.199390088e-05,-0.01709674231,-0.01430705869,-0.01092577894,,,-0.001115842132,5.986859577e-05,True,
2024-06-10,2024-06-07,SPX,QR-Full,QR-Full-expanding-min750-refit10-SigmaHatRECONSTRUCTED,1,0.008857698884,7.845882952e-05,-0.0191995955,-0.01706151553,-0.01316312467,,,0.002577530037,2.364193381e-05,True,
2024-06-11,2024-06-10,SPX,QR-Full,QR-Full-expanding-min750-refit10-SigmaHatRECONSTRUCTED,1,0.01013545635,0.0001027274753,-0.0169578481,-0.01233453771,-0.01005059291,,,0.002706714826,3.994109087e-05,True,
2024-06-12,2024-06-11,SPX,QR-Full,QR-Full-expanding-min750-refit10-SigmaHatRECONSTRUCTED,1,0.004715496561,2.223590781e-05,-0.01370926434,-0.01157349911,-0.01049568056,,,0.008467720254,7.963115981e-05,True,
2024-06-13,2024-06-12,SPX,QR-Full,QR-Full-expanding-min750-refit10-SigmaHatRECONSTRUCTED,1,0.003040496077,9.244616393e-06,-0.01212879337,-0.01187613386,-0.01005671278,,,0.002341911397,4.305700013e-05,True,
2024-06-14,2024-06-13,SPX,QR-Full,QR-Full-expanding-min750-refit10-SigmaHatRECONSTRUCTED,1,0.002479654617,6.14868702e-06,-0.01058761495,-0.01015682336,-0.008897744598,,,-0.0003939381487,4.100391045e-05,True,
2024-06-17,2024-06-14,SPX,QR-Full,QR-Full-expanding-min750-refit10-SigmaHatRECONSTRUCTED,1,0.002984074379,8.904699898e-06,-0.01267131985,-0.01209707009,-0.01063769033,,,0.007635164223,3.591428748e-05,True,
2024-06-18,2024-06-17,SPX,QR-Full,QR-Full-expanding-min750-refit10-SigmaHatRECONSTRUCTED,1,0.013951238,0.0001946370416,-0.02216261521,-0.01599346776,-0.01265492678,,,0.002518154239,1.87355104e-05,True,
2024-06-20,2024-06-18,SPX,QR-Full,QR-Full-expanding-min750-refit10-SigmaHatRECONSTRUCTED,1,0.00474887623,2.255182545e-05,-0.01019567447,-0.008392826545,-0.00695934264,,,-0.002529127344,7.626722622e-05,True,
2024-06-21,2024-06-20,SPX,QR-Full,QR-Full-expanding-min750-refit10-SigmaHatRECONSTRUCTED,1,0.008818013645,7.775736464e-05,-0.01893736704,-0.01646206621,-0.01292794147,,,-0.001563351776,4.018619555e-05,True,
2024-06-24,2024-06-21,SPX,QR-Full,QR-Full-expanding-min750-refit10-SigmaHatRECONSTRUCTED,1,0.006168660757,3.805237553e-05,-0.01449292109,-0.01257437867,-0.01028901427,,,-0.003069879156,6.558722542e-05,True,
2024-06-25,2024-06-24,SPX,QR-Full,QR-Full-expanding-min750-refit10-SigmaHatRECONSTRUCTED,1,0.0103673647,0.0001074822508,-0.01929202076,-0.01579417387,-0.01222672136,,,0.003925873771,2.352455026e-05,True,
2024-06-26,2024-06-25,SPX,QR-Full,QR-Full-expanding-min750-refit10-SigmaHatRECONSTRUCTED,1,0.004969922764,2.470013228e-05,-0.01155419791,-0.009248657065,-0.008167224141,,,0.001571196105,3.635618213e-05,True,
2024-06-27,2024-06-26,SPX,QR-Full,QR-Full-expanding-min750-refit10-SigmaHatRECONSTRUCTED,1,0.007250920192,5.257584363e-05,-0.01469193577,-0.01271188981,-0.009750475376,,,0.0009069098854,3.874908004e-05,True,
2024-06-28,2024-06-27,SPX,QR-Full,QR-Full-expanding-min750-refit10-SigmaHatRECONSTRUCTED,1,0.004396909604,1.933281406e-05,-0.01112641191,-0.01003578019,-0.008129943312,,,-0.004092013514,7.146855831e-05,True,
2024-07-01,2024-06-28,SPX,QR-Full,QR-Full-expanding-min750-refit10-SigmaHatRECONSTRUCTED,1,0.01297122389,0.0001682526493,-0.02163283419,-0.01787160163,-0.01279301972,,,0.002671991113,7.694835736e-05,True,
2024-07-02,2024-07-01,SPX,QR-Full,QR-Full-expanding-min750-refit10-SigmaHatRECONSTRUCTED,1,0.009439574197,8.910556102e-05,-0.01846304493,-0.01679835177,-0.01203002942,,,0.006176205794,2.226062549e-05,True,
2024-07-03,2024-07-02,SPX,QR-Full,QR-Full-expanding-min750-refit10-SigmaHatRECONSTRUCTED,1,0.006887646361,4.743967239e-05,-0.01314075707,-0.009165695284,-0.008446865699,,,0.005071562286,,True,
2024-07-05,2024-07-03,SPX,QR-Full,QR-Full-expanding-min750-refit10-SigmaHatRECONSTRUCTED,1,,,,,,,,0.005433974203,,False,predictors_unavailable
2024-07-08,2024-07-05,SPX,QR-Full,QR-Full-expanding-min750-refit10-SigmaHatRECONSTRUCTED,1,0.008148806451,6.640304658e-05,-0.01403005385,-0.009975169279,-0.008476689137,,,0.001016182611,1.062130829e-05,True,
2024-07-09,2024-07-08,SPX,QR-Full,QR-Full-expanding-min750-refit10-SigmaHatRECONSTRUCTED,1,0.00796761696,6.348292002e-05,-0.01076885318,-0.008413835508,-0.005338968054,,,0.0007407973323,1.654398531e-05,True,
2024-07-10,2024-07-09,SPX,QR-Full,QR-Full-expanding-min750-refit10-SigmaHatRECONSTRUCTED,1,0.007818624347,6.113088668e-05,-0.01089789785,-0.008571904198,-0.005569550334,,,0.01015631492,1.549176983e-05,True,
2024-07-11,2024-07-10,SPX,QR-Full,QR-Full-expanding-min750-refit10-SigmaHatRECONSTRUCTED,1,0.01081010432,0.0001168583555,-0.01420949921,-0.007550895444,-0.006842475303,,,-0.008801649936,7.352820295e-05,True,
2024-07-12,2024-07-11,SPX,QR-Full,QR-Full-expanding-min750-refit10-SigmaHatRECONSTRUCTED,1,0.01514590921,0.0002293985659,-0.02233146318,-0.0153681685,-0.01200961318,,,0.005501864097,4.581631998e-05,True,
2024-07-15,2024-07-12,SPX,QR-Full,QR-Full-expanding-min750-refit10-SigmaHatRECONSTRUCTED,1,0.008787131768,7.721368471e-05,-0.01663986637,-0.01353288194,-0.01065148662,,,0.00282221639,5.99484586e-05,True,
2024-07-16,2024-07-15,SPX,QR-Full,QR-Full-expanding-min750-refit10-SigmaHatRECONSTRUCTED,1,0.008500862106,7.226465655e-05,-0.01781281192,-0.01500185138,-0.0120195233,,,0.006369049889,3.825303381e-05,True,
2024-07-17,2024-07-16,SPX,QR-Full,QR-Full-expanding-min750-refit10-SigmaHatRECONSTRUCTED,1,0.005153921095,2.656290266e-05,-0.01341429661,-0.01081721362,-0.009901929038,,,-0.01402544138,4.557530934e-05,True,
2024-07-18,2024-07-17,SPX,QR-Full,QR-Full-expanding-min750-refit10-SigmaHatRECONSTRUCTED,1,0.02335608086,0.0005455065132,-0.03142566692,-0.01922204782,-0.01550863218,,,-0.007847112184,0.0001524884513,True,
2024-07-19,2024-07-18,SPX,QR-Full,QR-Full-expanding-min750-refit10-SigmaHatRECONSTRUCTED,1,0.01861350533,0.0003464625806,-0.03385731242,-0.02603544349,-0.02117231562,,,-0.007165879271,9.991031959e-05,True,
2024-07-22,2024-07-19,SPX,QR-Full,QR-Full-expanding-min750-refit10-SigmaHatRECONSTRUCTED,1,0.01970701718,0.0003883665261,-0.03266664508,-0.02442065506,-0.01923642624,,,0.0107342172,8.601089112e-05,True,
2024-07-23,2024-07-22,SPX,QR-Full,QR-Full-expanding-min750-refit10-SigmaHatRECONSTRUCTED,1,0.01141987599,0.0001304135676,-0.02327821182,-0.01877488305,-0.01549563203,,,-0.001559317717,4.85711402e-05,True,
2024-07-24,2024-07-23,SPX,QR-Full,QR-Full-expanding-min750-refit10-SigmaHatRECONSTRUCTED,1,0.01065804414,0.0001135939048,-0.02116552977,-0.01780840054,-0.013902134,,,-0.02342124212,6.737945669e-05,True,
2024-07-25,2024-07-24,SPX,QR-Full,QR-Full-expanding-min750-refit10-SigmaHatRECONSTRUCTED,1,0.03840521537,0.001474960568,-0.05020111686,-0.03118302927,-0.02402818353,,,-0.005155889025,0.0001705391476,True,
2024-07-26,2024-07-25,SPX,QR-Full,QR-Full-expanding-min750-refit10-SigmaHatRECONSTRUCTED,1,0.02053882477,0.0004218433228,-0.03700221347,-0.02883410103,-0.02300512255,,,0.01102942044,0.0001565820868,True,
2024-07-29,2024-07-26,SPX,QR-Full,QR-Full-expanding-min750-refit10-SigmaHatRECONSTRUCTED,1,0.01002146292,0.0001004297191,-0.02477350459,-0.02193159436,-0.01794393526,,,0.0008129794974,8.277614524e-05,True,
2024-07-30,2024-07-29,SPX,QR-Full,QR-Full-expanding-min750-refit10-SigmaHatRECONSTRUCTED,1,0.01249014236,0.0001560036563,-0.02546409037,-0.02156596329,-0.01695213021,,,-0.004972514425,0.0001046926031,True,
2024-07-31,2024-07-30,SPX,QR-Full,QR-Full-expanding-min750-refit10-SigmaHatRECONSTRUCTED,1,0.01952690356,0.0003812999627,-0.03394741396,-0.02622407223,-0.02063994152,,,0.01566998083,0.0001044637595,True,
2024-08-01,2024-07-31,SPX,QR-Full,QR-Full-expanding-min750-refit10-SigmaHatRECONSTRUCTED,1,0.01424883709,0.0002030293585,-0.02831951917,-0.02344372322,-0.01860901866,,,-0.01378812381,0.0001617220621,True,
2024-08-02,2024-08-01,SPX,QR-Full,QR-Full-expanding-min750-refit10-SigmaHatRECONSTRUCTED,1,0.01707485957,0.0002915508293,-0.03819643884,-0.02990552815,-0.02656002028,,,-0.01855290657,0.0002479912891,True,
2024-08-05,2024-08-02,SPX,QR-Full,QR-Full-expanding-min750-refit10-SigmaHatRECONSTRUCTED,1,0.03529523729,0.001245753775,-0.05407989875,-0.03798867338,-0.03002639759,,,-0.03042704149,0.0007145276099,True,
2024-08-06,2024-08-05,SPX,QR-Full,QR-Full-expanding-min750-refit10-SigmaHatRECONSTRUCTED,1,0.05801888068,0.003366190515,-0.0822432511,-0.05241271478,-0.0427037177,,,0.01030084949,0.0002706091652,True,
2024-08-07,2024-08-06,SPX,QR-Full,QR-Full-expanding-min750-refit10-SigmaHatRECONSTRUCTED,1,0.02771466327,0.00076810256,-0.04931810361,-0.03779139324,-0.03043072003,,,-0.007764715359,0.0002603333986,True,
2024-08-08,2024-08-07,SPX,QR-Full,QR-Full-expanding-min750-refit10-SigmaHatRECONSTRUCTED,1,0.03400153374,0.001156104297,-0.05543768628,-0.04086923517,-0.03226583664,,,0.02278113967,0.0001865789004,True,
2024-08-09,2024-08-08,SPX,QR-Full,QR-Full-expanding-min750-refit10-SigmaHatRECONSTRUCTED,1,0.02304702993,0.0005311655885,-0.04209058838,-0.03205037387,-0.02638417007,,,0.004660798311,0.0001375833697,True,
2024-08-12,2024-08-09,SPX,QR-Full,QR-Full-expanding-min750-refit10-SigmaHatRECONSTRUCTED,1,0.0127807455,0.0001633474555,-0.03065582347,-0.02638076674,-0.02194581894,,,4.303315113e-05,0.0001568058576,True,
2024-08-13,2024-08-12,SPX,QR-Full,QR-Full-expanding-min750-refit10-SigmaHatRECONSTRUCTED,1,0.0163146796,0.0002661687706,-0.03110722907,-0.0262710832,-0.01998886878,,,0.01670723341,4.138292366e-05,True,
2024-08-14,2024-08-13,SPX,QR-Full,QR-Full-expanding-min750-refit10-SigmaHatRECONSTRUCTED,1,0.01193468474,0.0001424366999,-0.02438656307,-0.01893921287,-0.01625314407,,,0.003816436532,8.42989111e-05,True,
2024-08-15,2024-08-14,SPX,QR-Full,QR-Full-expanding-min750-refit10-SigmaHatRECONSTRUCTED,1,0.005723687628,3.276060006e-05,-0.01762125302,-0.01637759561,-0.01372059283,,,0.01600448995,2.834859269e-05,True,
2024-08-16,2024-08-15,SPX,QR-Full,QR-Full-expanding-min750-refit10-SigmaHatRECONSTRUCTED,1,0.008145123458,6.634303614e-05,-0.01707316013,-0.0137969069,-0.01152230536,,,0.00198780234,2.79870598e-05,True,
2024-08-19,2024-08-16,SPX,QR-Full,QR-Full-expanding-min750-refit10-SigmaHatRECONSTRUCTED,1,0.005434868778,2.953779864e-05,-0.01276024975,-0.01019133514,-0.009056417945,,,0.009675327436,4.042265976e-05,True,
2024-08-20,2024-08-19,SPX,QR-Full,QR-Full-expanding-min750-refit10-SigmaHatRECONSTRUCTED,1,0.006047499648,3.657225199e-05,-0.01408955722,-0.0117327968,-0.009968221001,,,-0.001986527271,4.094339661e-05,True,
2024-08-21,2024-08-20,SPX,QR-Full,QR-Full-expanding-min750-refit10-SigmaHatRECONSTRUCTED,1,0.0070337367,4.947345196e-05,-0.01591153604,-0.01367811557,-0.01111808494,,,0.004230714816,7.478105542e-05,True,
2024-08-22,2024-08-21,SPX,QR-Full,QR-Full-expanding-min750-refit10-SigmaHatRECONSTRUCTED,1,0.006675616302,4.456385301e-05,-0.01658348825,-0.01493851696,-0.01203409415,,,-0.008972942267,9.769725904e-05,True,
2024-08-23,2024-08-22,SPX,QR-Full,QR-Full-expanding-min750-refit10-SigmaHatRECONSTRUCTED,1,0.01650614591,0.0002724528529,-0.02797186196,-0.02110990215,-0.01672301848,,,0.0114179373,0.0001520425061,True,
2024-08-26,2024-08-23,SPX,QR-Full,QR-Full-expanding-min750-refit10-SigmaHatRECONSTRUCTED,1,0.0109512506,0.0001199298898,-0.02179494423,-0.01826982959,-0.01433172994,,,-0.003158710075,4.144994883e-05,True,
2024-08-27,2024-08-26,SPX,QR-Full,QR-Full-expanding-min750-refit10-SigmaHatRECONSTRUCTED,1,0.009068761092,8.224242774e-05,-0.01919019204,-0.01647716986,-0.01300988352,,,0.001593925124,3.154580075e-05,True,
2024-08-28,2024-08-27,SPX,QR-Full,QR-Full-expanding-min750-refit10-SigmaHatRECONSTRUCTED,1,0.01256381715,0.0001578495013,-0.01986664545,-0.01535537552,-0.01130447634,,,-0.005993900811,8.48922101e-05,True,
2024-08-29,2024-08-28,SPX,QR-Full,QR-Full-expanding-min750-refit10-SigmaHatRECONSTRUCTED,1,0.01172777958,0.0001375408138,-0.02438492763,-0.01978272878,-0.01639251332,,,-3.937987138e-05,8.465664719e-05,True,
2024-08-30,2024-08-29,SPX,QR-Full,QR-Full-expanding-min750-refit10-SigmaHatRECONSTRUCTED,1,0.004710598295,2.218973629e-05,-0.01725409979,-0.01674182837,-0.01404385415,,,0.01004245701,6.822032972e-05,True,
2024-09-03,2024-08-30,SPX,QR-Full,QR-Full-expanding-min750-refit10-SigmaHatRECONSTRUCTED,1,0.005091273496,2.592106581e-05,-0.0165267749,-0.01536545923,-0.01305710131,,,-0.02137796327,9.995426311e-05,True,
2024-09-04,2024-09-03,SPX,QR-Full,QR-Full-expanding-min750-refit10-SigmaHatRECONSTRUCTED,1,0.02710396441,0.0007346248869,-0.04204690062,-0.02834653584,-0.0235757048,,,-0.001603829107,7.8051977e-05,True,
2024-09-05,2024-09-04,SPX,QR-Full,QR-Full-expanding-min750-refit10-SigmaHatRECONSTRUCTED,1,0.01544137117,0.0002384359436,-0.02873548773,-0.02246191123,-0.01821228211,,,-0.00302258102,0.0001179122909,True,
2024-09-06,2024-09-05,SPX,QR-Full,QR-Full-expanding-min750-refit10-SigmaHatRECONSTRUCTED,1,0.01702085441,0.0002897094848,-0.03114015397,-0.02416674387,-0.01954053961,,,-0.01741094444,0.0001697998151,True,
2024-09-09,2024-09-06,SPX,QR-Full,QR-Full-expanding-min750-refit10-SigmaHatRECONSTRUCTED,1,0.03013200142,0.0009079375098,-0.04794753378,-0.03367861032,-0.02741274816,,,0.01151353447,7.492926207e-05,True,
2024-09-10,2024-09-09,SPX,QR-Full,QR-Full-expanding-min750-refit10-SigmaHatRECONSTRUCTED,1,0.01265561982,0.000160164713,-0.02694175018,-0.02244535019,-0.01831701808,,,0.004462700006,8.964243777e-05,True,
2024-09-11,2024-09-10,SPX,QR-Full,QR-Full-expanding-min750-refit10-SigmaHatRECONSTRUCTED,1,0.01454543472,0.0002115696711,-0.02950299814,-0.02537080647,-0.01959036806,,,0.0106085556,0.0001311618582,True,
2024-09-12,2024-09-11,SPX,QR-Full,QR-Full-expanding-min750-refit10-SigmaHatRECONSTRUCTED,1,0.01285741064,0.0001653130083,-0.03131974568,-0.02632095527,-0.0225574943,,,0.00746735219,9.628247051e-05,True,
2024-09-13,2024-09-12,SPX,QR-Full,QR-Full-expanding-min750-refit10-SigmaHatRECONSTRUCTED,1,0.0200044837,0.0004001793683,-0.0324381245,-0.02449608261,-0.01880518394,,,0.005393142251,4.285467521e-05,True,
2024-09-16,2024-09-13,SPX,QR-Full,QR-Full-expanding-min750-refit10-SigmaHatRECONSTRUCTED,1,0.01667612154,0.0002780930296,-0.02668913642,-0.01958494511,-0.01532445552,,,0.001255840828,4.962107311e-05,True,
2024-09-17,2024-09-16,SPX,QR-Full,QR-Full-expanding-min750-refit10-SigmaHatRECONSTRUCTED,1,0.01544192491,0.0002384530448,-0.02484561065,-0.01864386901,-0.01432202766,,,0.0002645150273,7.086755429e-05,True,
2024-09-18,2024-09-17,SPX,QR-Full,QR-Full-expanding-min750-refit10-SigmaHatRECONSTRUCTED,1,0.01376814679,0.0001895618659,-0.02594468185,-0.02080625265,-0.01656176902,,,-0.002900658619,0.000231146066,True,
2024-09-19,2024-09-18,SPX,QR-Full,QR-Full-expanding-min750-refit10-SigmaHatRECONSTRUCTED,1,0.02800161939,0.0007840906883,-0.04195219848,-0.0306657251,-0.02286925596,,,0.01683435688,6.194050705e-05,True,
2024-09-20,2024-09-19,SPX,QR-Full,QR-Full-expanding-min750-refit10-SigmaHatRECONSTRUCTED,1,0.0154730852,0.0002394163655,-0.02602484154,-0.01927731862,-0.01548002299,,,-0.001942913624,4.015485765e-05,True,
2024-09-23,2024-09-20,SPX,QR-Full,QR-Full-expanding-min750-refit10-SigmaHatRECONSTRUCTED,1,0.01463362407,0.0002141429534,-0.02338561414,-0.01719756155,-0.01341288352,,,0.002805334333,2.790369981e-05,True,
2024-09-24,2024-09-23,SPX,QR-Full,QR-Full-expanding-min750-refit10-SigmaHatRECONSTRUCTED,1,0.01308925358,0.0001713285593,-0.02120479881,-0.01565203224,-0.01228454779,,,0.00250803118,3.000521585e-05,True,
2024-09-25,2024-09-24,SPX,QR-Full,QR-Full-expanding-min750-refit10-SigmaHatRECONSTRUCTED,1,0.01413374057,0.0001997626224,-0.021100983,-0.0152466297,-0.01146892011,,,-0.001862983179,1.762949609e-05,True,
2024-09-26,2024-09-25,SPX,QR-Full,QR-Full-expanding-min750-refit10-SigmaHatRECONSTRUCTED,1,0.01186401307,0.0001407548062,-0.01743569225,-0.011770791,-0.009350435596,,,0.00403054206,3.49729897e-05,True,
2024-09-27,2024-09-26,SPX,QR-Full,QR-Full-expanding-min750-refit10-SigmaHatRECONSTRUCTED,1,0.01196087348,0.0001430624945,-0.01886654929,-0.01415518399,-0.01071528282,,,-0.001254002846,2.770673054e-05,True,
2024-09-30,2024-09-27,SPX,QR-Full,QR-Full-expanding-min750-refit10-SigmaHatRECONSTRUCTED,1,0.009055997941,8.20110987e-05,-0.0163533995,-0.0125022291,-0.010181789,,,0.004227603555,5.082689245e-05,True,
2024-10-01,2024-09-30,SPX,QR-Full,QR-Full-expanding-min750-refit10-SigmaHatRECONSTRUCTED,1,0.01093910516,0.0001196640216,-0.02139114967,-0.01657781595,-0.01393621244,,,-0.009367848613,0.0001197722218,True,
2024-10-02,2024-10-01,SPX,QR-Full,QR-Full-expanding-min750-refit10-SigmaHatRECONSTRUCTED,1,0.01677188225,0.0002812960342,-0.03025488295,-0.02302552913,-0.01882494169,,,0.000138381316,8.546474149e-05,True,
2024-10-03,2024-10-02,SPX,QR-Full,QR-Full-expanding-min750-refit10-SigmaHatRECONSTRUCTED,1,0.01626253316,0.0002644699847,-0.02775574078,-0.02079835859,-0.01667291799,,,-0.001682828715,0.0001131571344,True,
2024-10-04,2024-10-03,SPX,QR-Full,QR-Full-expanding-min750-refit10-SigmaHatRECONSTRUCTED,1,0.02064072417,0.0004260394942,-0.0340242074,-0.02524000263,-0.01995767262,,,0.008930255732,8.928953333e-05,True,
2024-10-07,2024-10-04,SPX,QR-Full,QR-Full-expanding-min750-refit10-SigmaHatRECONSTRUCTED,1,0.02043050532,0.0004174055477,-0.03235232993,-0.02352073119,-0.01842905809,,,-0.009632263863,4.034085733e-05,True,
2024-10-08,2024-10-07,SPX,QR-Full,QR-Full-expanding-min750-refit10-SigmaHatRECONSTRUCTED,1,0.0307399622,0.0009449452762,-0.04032247278,-0.02670936928,-0.01937336538,,,0.009642706909,2.608824609e-05,True,
2024-10-09,2024-10-08,SPX,QR-Full,QR-Full-expanding-min750-refit10-SigmaHatRECONSTRUCTED,1,0.0215959303,0.0004663842055,-0.03076120978,-0.02107282334,-0.01604370752,,,0.007088230974,2.637520771e-05,True,
2024-10-10,2024-10-09,SPX,QR-Full,QR-Full-expanding-min750-refit10-SigmaHatRECONSTRUCTED,1,0.01976785887,0.0003907682444,-0.02953774058,-0.02050864052,-0.01606605848,,,-0.002072268441,3.212066501e-05,True,
2024-10-11,2024-10-10,SPX,QR-Full,QR-Full-expanding-min750-refit10-SigmaHatRECONSTRUCTED,1,0.02135135381,0.0004558803094,-0.03053452115,-0.02096311895,-0.01598369637,,,0.006033608626,2.532495588e-05,True,
2024-10-14,2024-10-11,SPX,QR-Full,QR-Full-expanding-min750-refit10-SigmaHatRECONSTRUCTED,1,0.02119024837,0.0004490266258,-0.02730665941,-0.01792935216,-0.01286562705,,,0.00767811466,2.151913656e-05,True,
2024-10-15,2024-10-14,SPX,QR-Full,QR-Full-expanding-min750-refit10-SigmaHatRECONSTRUCTED,1,0.01791616676,0.0003209890313,-0.02538341342,-0.01745465535,-0.01317364884,,,-0.007638566032,4.065015756e-05,True,
2024-10-16,2024-10-15,SPX,QR-Full,QR-Full-expanding-min750-refit10-SigmaHatRECONSTRUCTED,1,0.01866356418,0.000348328628,-0.02964879658,-0.02146322671,-0.01692968496,,,0.004668232745,2.387073164e-05,True,
2024-10-17,2024-10-16,SPX,QR-Full,QR-Full-expanding-min750-refit10-SigmaHatRECONSTRUCTED,1,0.01716119519,0.0002945066203,-0.02460405042,-0.01736176353,-0.01290879462,,,-0.0001711751285,4.336360618e-05,True,
2024-10-18,2024-10-17,SPX,QR-Full,QR-Full-expanding-min750-refit10-SigmaHatRECONSTRUCTED,1,0.0193398476,0.000374029705,-0.02814803711,-0.02046027833,-0.01496804224,,,0.003963686937,1.94425107e-05,True,
2024-10-21,2024-10-18,SPX,QR-Full,QR-Full-expanding-min750-refit10-SigmaHatRECONSTRUCTED,1,0.01842232288,0.0003393819803,-0.02442017746,-0.01607882996,-0.0118654704,,,-0.001824432858,3.092427178e-05,True,
2024-10-22,2024-10-21,SPX,QR-Full,QR-Full-expanding-min750-refit10-SigmaHatRECONSTRUCTED,1,0.02236450997,0.0005001713061,-0.03066585395,-0.02128637123,-0.01542456907,,,-0.0004749666405,2.014545356e-05,True,
2024-10-23,2024-10-22,SPX,QR-Full,QR-Full-expanding-min750-refit10-SigmaHatRECONSTRUCTED,1,0.01714515962,0.0002939564985,-0.02573055036,-0.01908955786,-0.01404622271,,,-0.009233824193,5.589981026e-05,True,
2024-10-24,2024-10-23,SPX,QR-Full,QR-Full-expanding-min750-refit10-SigmaHatRECONSTRUCTED,1,0.02389727337,0.0005710796746,-0.03473336964,-0.02436961064,-0.01844751531,,,0.002143473061,4.803650915e-05,True,
2024-10-25,2024-10-24,SPX,QR-Full,QR-Full-expanding-min750-refit10-SigmaHatRECONSTRUCTED,1,0.01763786772,0.0003110943779,-0.02666465119,-0.01955531633,-0.0146445458,,,-0.0002994919971,6.366886014e-05,True,
2024-10-28,2024-10-25,SPX,QR-Full,QR-Full-expanding-min750-refit10-SigmaHatRECONSTRUCTED,1,0.01855524408,0.0003442970828,-0.03059099508,-0.02312134109,-0.01794570299,,,0.00264793474,2.75081378e-05,True,
2024-10-29,2024-10-28,SPX,QR-Full,QR-Full-expanding-min750-refit10-SigmaHatRECONSTRUCTED,1,0.02226501577,0.0004957309273,-0.02986094587,-0.02073015083,-0.01468746571,,,0.001612825886,4.312054322e-05,True,
2024-10-30,2024-10-29,SPX,QR-Full,QR-Full-expanding-min750-refit10-SigmaHatRECONSTRUCTED,1,0.01733158135,0.0003003837123,-0.02859625318,-0.02136983198,-0.01678488019,,,-0.003305691672,3.998459597e-05,True,
2024-10-31,2024-10-30,SPX,QR-Full,QR-Full-expanding-min750-refit10-SigmaHatRECONSTRUCTED,1,0.02301714223,0.0005297888364,-0.03284768401,-0.02281138773,-0.01716163399,,,-0.01879013501,0.0001013433055,True,
2024-11-01,2024-10-31,SPX,QR-Full,QR-Full-expanding-min750-refit10-SigmaHatRECONSTRUCTED,1,0.03677410515,0.00135233481,-0.04976436048,-0.03323849597,-0.02470301938,,,0.004084158114,8.55422092e-05,True,
2024-11-04,2024-11-01,SPX,QR-Full,QR-Full-expanding-min750-refit10-SigmaHatRECONSTRUCTED,1,0.02528931311,0.0006395493576,-0.03768615781,-0.02818834517,-0.02045163641,,,-0.002816044939,5.541178037e-05,True,
2024-11-05,2024-11-04,SPX,QR-Full,QR-Full-expanding-min750-refit10-SigmaHatRECONSTRUCTED,1,0.02252404538,0.0005073326202,-0.03441060534,-0.02395098588,-0.01906059799,,,0.01219103117,4.561702203e-05,True,
2024-11-06,2024-11-05,SPX,QR-Full,QR-Full-expanding-min750-refit10-SigmaHatRECONSTRUCTED,1,0.02234341861,0.0004992283553,-0.03416305966,-0.02328135352,-0.01893614841,,,0.02498128088,5.984777714e-05,True,
2024-11-07,2024-11-06,SPX,QR-Full,QR-Full-expanding-min750-refit10-SigmaHatRECONSTRUCTED,1,0.01464693423,0.0002145326824,-0.02719035736,-0.02058642616,-0.01720855594,,,0.007403754242,2.614088963e-05,True,
2024-11-08,2024-11-07,SPX,QR-Full,QR-Full-expanding-min750-refit10-SigmaHatRECONSTRUCTED,1,0.01390423358,0.0001933277114,-0.02146706993,-0.01494882463,-0.01199141473,,,0.003749793968,1.569092232e-05,True,
2024-11-11,2024-11-08,SPX,QR-Full,QR-Full-expanding-min750-refit10-SigmaHatRECONSTRUCTED,1,0.009122330919,8.32169214e-05,-0.01605650334,-0.0115597702,-0.009839687297,,,0.0009685942587,2.060300455e-05,True,
2024-11-12,2024-11-11,SPX,QR-Full,QR-Full-expanding-min750-refit10-SigmaHatRECONSTRUCTED,1,0.01011395805,0.0001022921475,-0.01679549747,-0.01274262764,-0.009902893243,,,-0.002896851597,3.429931082e-05,True,
2024-11-13,2024-11-12,SPX,QR-Full,QR-Full-expanding-min750-refit10-SigmaHatRECONSTRUCTED,1,0.01588104832,0.0002522076958,-0.02358077722,-0.01822292755,-0.01275793415,,,0.0002322008581,4.364740794e-05,True,
2024-11-14,2024-11-13,SPX,QR-Full,QR-Full-expanding-min750-refit10-SigmaHatRECONSTRUCTED,1,0.009684807821,9.379550254e-05,-0.01733163567,-0.01468355565,-0.01073149486,,,-0.006068108593,8.032977583e-05,True,
2024-11-15,2024-11-14,SPX,QR-Full,QR-Full-expanding-min750-refit10-SigmaHatRECONSTRUCTED,1,0.01231448536,0.0001516465497,-0.02184083152,-0.01653176015,-0.01344858059,,,-0.01329143092,5.442372271e-05,True,
2024-11-18,2024-11-15,SPX,QR-Full,QR-Full-expanding-min750-refit10-SigmaHatRECONSTRUCTED,1,0.02270402776,0.0005154728767,-0.03241998768,-0.02084719144,-0.01694732337,,,0.003910159746,4.179688004e-05,True,
2024-11-19,2024-11-18,SPX,QR-Full,QR-Full-expanding-min750-refit10-SigmaHatRECONSTRUCTED,1,0.01680185851,0.0002823024493,-0.02399969842,-0.01692082229,-0.01254932851,,,0.003955750473,3.468536399e-05,True,
2024-11-20,2024-11-19,SPX,QR-Full,QR-Full-expanding-min750-refit10-SigmaHatRECONSTRUCTED,1,0.0128977773,0.0001663526594,-0.02376593838,-0.01745887421,-0.01497617735,,,2.195065302e-05,8.952652429e-05,True,
2024-11-21,2024-11-20,SPX,QR-Full,QR-Full-expanding-min750-refit10-SigmaHatRECONSTRUCTED,1,0.01507410082,0.0002272285156,-0.0270769452,-0.02126300875,-0.01680403221,,,0.005326251902,0.0001521988627,True,
2024-11-22,2024-11-21,SPX,QR-Full,QR-Full-expanding-min750-refit10-SigmaHatRECONSTRUCTED,1,0.01339407131,0.0001794011464,-0.02866591189,-0.02341894837,-0.01953792935,,,0.003461959623,6.160148326e-05,True,
2024-11-25,2024-11-22,SPX,QR-Full,QR-Full-expanding-min750-refit10-SigmaHatRECONSTRUCTED,1,0.007576508172,5.740347609e-05,-0.01869533363,-0.01516043298,-0.0135319869,,,0.003015927747,4.832627073e-05,True,
2024-11-26,2024-11-25,SPX,QR-Full,QR-Full-expanding-min750-refit10-SigmaHatRECONSTRUCTED,1,0.01047528888,0.000109731677,-0.0197243942,-0.01599151975,-0.0125855451,,,0.005705697218,2.382760518e-05,True,
2024-11-27,2024-11-26,SPX,QR-Full,QR-Full-expanding-min750-refit10-SigmaHatRECONSTRUCTED,1,0.01123957151,0.0001263279677,-0.01981776476,-0.01512294985,-0.01215806143,,,-0.003808481177,2.334719051e-05,True,
2024-11-29,2024-11-27,SPX,QR-Full,QR-Full-expanding-min750-refit10-SigmaHatRECONSTRUCTED,1,0.01681198875,0.0002826429658,-0.02188739274,-0.01449525231,-0.01043011912,,,0.00559212049,,True,
2024-12-02,2024-11-29,SPX,QR-Full,QR-Full-expanding-min750-refit10-SigmaHatRECONSTRUCTED,1,,,,,,,,0.002445463793,,False,predictors_unavailable
2024-12-03,2024-12-02,SPX,QR-Full,QR-Full-expanding-min750-refit10-SigmaHatRECONSTRUCTED,1,0.004196442844,1.761013255e-05,-0.008975404065,-0.008352633799,-0.006115552408,,,0.0004513473299,1.23778693e-05,True,
2024-12-04,2024-12-03,SPX,QR-Full,QR-Full-expanding-min750-refit10-SigmaHatRECONSTRUCTED,1,0.009233210488,8.525217591e-05,-0.01228673524,-0.009558297501,-0.005994355406,,,0.006033181536,1.15173845e-05,True,
2024-12-05,2024-12-04,SPX,QR-Full,QR-Full-expanding-min750-refit10-SigmaHatRECONSTRUCTED,1,0.005601612448,3.137806201e-05,-0.009568785097,-0.007605317732,-0.00575131844,,,-0.001871525824,1.845871847e-05,True,
2024-12-06,2024-12-05,SPX,QR-Full,QR-Full-expanding-min750-refit10-SigmaHatRECONSTRUCTED,1,0.01259115301,0.0001585371341,-0.01529535598,-0.01142923099,-0.006714557638,,,0.002492345491,1.473907899e-05,True,
2024-12-09,2024-12-06,SPX,QR-Full,QR-Full-expanding-min750-refit10-SigmaHatRECONSTRUCTED,1,0.005387394492,2.902401941e-05,-0.008844139699,-0.007985876864,-0.005172661346,,,-0.006163167305,1.716767025e-05,True,
2024-12-10,2024-12-09,SPX,QR-Full,QR-Full-expanding-min750-refit10-SigmaHatRECONSTRUCTED,1,0.01707709258,0.000291627091,-0.0201512577,-0.01371338466,-0.00851331735,,,-0.002968284412,1.852428468e-05,True,
2024-12-11,2024-12-10,SPX,QR-Full,QR-Full-expanding-min750-refit10-SigmaHatRECONSTRUCTED,1,0.01350070304,0.0001822689827,-0.0174887653,-0.01224289122,-0.008288113842,,,0.008132626386,9.340449125e-06,True,
2024-12-12,2024-12-11,SPX,QR-Full,QR-Full-expanding-min750-refit10-SigmaHatRECONSTRUCTED,1,0.01068780015,0.0001142290719,-0.01489433039,-0.01060494398,-0.007610656075,,,-0.005428731395,2.027478768e-05,True,
2024-12-13,2024-12-12,SPX,QR-Full,QR-Full-expanding-min750-refit10-SigmaHatRECONSTRUCTED,1,0.01431850818,0.0002050196766,-0.01974398969,-0.01375400024,-0.009986008732,,,-2.646694806e-05,3.41250459e-05,True,
2024-12-16,2024-12-13,SPX,QR-Full,QR-Full-expanding-min750-refit10-SigmaHatRECONSTRUCTED,1,0.01270136438,0.000161324657,-0.01942066759,-0.01537351947,-0.01076476084,,,0.003792154947,1.41511751e-05,True,
2024-12-17,2024-12-16,SPX,QR-Full,QR-Full-expanding-min750-refit10-SigmaHatRECONSTRUCTED,1,0.01274449757,0.0001624222183,-0.01681394019,-0.01123627553,-0.008128638412,,,-0.003871479507,2.561047706e-05,True,
2024-12-18,2024-12-17,SPX,QR-Full,QR-Full-expanding-min750-refit10-SigmaHatRECONSTRUCTED,1,0.01480059328,0.0002190575614,-0.02093110848,-0.0142070191,-0.0108445893,,,-0.0299365053,0.0003705866014,True,
2024-12-19,2024-12-18,SPX,QR-Full,QR-Full-expanding-min750-refit10-SigmaHatRECONSTRUCTED,1,0.0466086703,0.002172368147,-0.07126571002,-0.04867705233,-0.03950216934,,,-0.0008654867293,0.0001797583047,True,
2024-12-20,2024-12-19,SPX,QR-Full,QR-Full-expanding-min750-refit10-SigmaHatRECONSTRUCTED,1,0.03048688469,0.0009294501379,-0.04649524723,-0.0345363619,-0.02571861071,,,0.01081047948,0.0002142994168,True,
2024-12-23,2024-12-20,SPX,QR-Full,QR-Full-expanding-min750-refit10-SigmaHatRECONSTRUCTED,1,0.02360733549,0.000557306289,-0.04141877674,-0.03115071712,-0.02533051341,,,0.007260849491,6.361376425e-05,True,
2024-12-24,2024-12-23,SPX,QR-Full,QR-Full-expanding-min750-refit10-SigmaHatRECONSTRUCTED,1,0.02097604486,0.0004399944579,-0.03518154241,-0.02667703086,-0.02088648851,,,0.01098223319,,True,
2024-12-26,2024-12-24,SPX,QR-Full,QR-Full-expanding-min750-refit10-SigmaHatRECONSTRUCTED,1,,,,,,,,-0.0004057410365,,False,predictors_unavailable
2024-12-27,2024-12-26,SPX,QR-Full,QR-Full-expanding-min750-refit10-SigmaHatRECONSTRUCTED,1,0.01705169409,0.0002907602714,-0.0277397913,-0.01966281749,-0.01611915987,,,-0.01111730496,0.0001308085324,True,
2024-12-30,2024-12-27,SPX,QR-Full,QR-Full-expanding-min750-refit10-SigmaHatRECONSTRUCTED,1,0.03064129745,0.0009388891096,-0.04401746201,-0.03018125903,-0.02313559408,,,-0.01075967405,0.000105648441,True,
2024-12-31,2024-12-30,SPX,QR-Full,QR-Full-expanding-min750-refit10-SigmaHatRECONSTRUCTED,1,0.02058248166,0.0004236385513,-0.03533237593,-0.02568360313,-0.02130553309,,,-0.004294006358,0.0001429521881,True,
2025-01-02,2024-12-31,SPX,QR-Full,QR-Full-expanding-min750-refit10-SigmaHatRECONSTRUCTED,1,0.02061972573,0.0004251730891,-0.03518699212,-0.02636672164,-0.02113476767,,,-0.002226363128,0.0002664722211,True,
2025-01-03,2025-01-02,SPX,QR-Full,QR-Full-expanding-min750-refit10-SigmaHatRECONSTRUCTED,1,0.01663820771,0.0002768299559,-0.03616790096,-0.03040986154,-0.02482905813,,,0.01251735668,6.63703323e-05,True,
2025-01-06,2025-01-03,SPX,QR-Full,QR-Full-expanding-min750-refit10-SigmaHatRECONSTRUCTED,1,0.02157277429,0.0004653845907,-0.03330304928,-0.0233048479,-0.0186013277,,,0.005522766502,4.644825707e-05,True,
2025-01-07,2025-01-06,SPX,QR-Full,QR-Full-expanding-min750-refit10-SigmaHatRECONSTRUCTED,1,0.02050369028,0.0004204013151,-0.03097460742,-0.0212944303,-0.01700146045,,,-0.01116602157,0.0001494948318,True,
2025-01-08,2025-01-07,SPX,QR-Full,QR-Full-expanding-min750-refit10-SigmaHatRECONSTRUCTED,1,0.02548584839,0.000649528468,-0.04134078027,-0.03046462032,-0.02397232121,,,0.00155914412,0.000160987965,True,
2025-01-10,2025-01-08,SPX,QR-Full,QR-Full-expanding-min750-refit10-SigmaHatRECONSTRUCTED,1,0.01408325273,0.0001983380075,-0.02952346036,-0.02429543271,-0.01992580464,,,-0.01553163766,0.000193024103,True,
2025-01-13,2025-01-10,SPX,QR-Full,QR-Full-expanding-min750-refit10-SigmaHatRECONSTRUCTED,1,0.03133739509,0.0009820323309,-0.04569744642,-0.03195290057,-0.02434119195,,,0.001574204416,0.0001182720444,True,
2025-01-14,2025-01-13,SPX,QR-Full,QR-Full-expanding-min750-refit10-SigmaHatRECONSTRUCTED,1,0.01737461629,0.0003018772913,-0.03200417272,-0.02455627431,-0.02016347167,,,0.001145623265,0.0001336441551,True,
2025-01-15,2025-01-14,SPX,QR-Full,QR-Full-expanding-min750-refit10-SigmaHatRECONSTRUCTED,1,0.01816552422,0.00032998627,-0.0327224668,-0.02473342079,-0.02034276656,,,0.01814713251,5.411030148e-05,True,
2025-01-16,2025-01-15,SPX,QR-Full,QR-Full-expanding-min750-refit10-SigmaHatRECONSTRUCTED,1,0.004595724491,2.11206836e-05,-0.01695747893,-0.01413555943,-0.01382551913,,,-0.002114924257,6.230927574e-05,True,
2025-01-17,2025-01-16,SPX,QR-Full,QR-Full-expanding-min750-refit10-SigmaHatRECONSTRUCTED,1,0.01075819941,0.0001157388546,-0.02182188204,-0.01648379102,-0.01449023103,,,0.009941478225,3.091692288e-05,True,
2025-01-21,2025-01-17,SPX,QR-Full,QR-Full-expanding-min750-refit10-SigmaHatRECONSTRUCTED,1,0.007710262368,5.944814579e-05,-0.01718298965,-0.01354197692,-0.0119284902,,,0.00873000942,4.958873285e-05,True,
2025-01-22,2025-01-21,SPX,QR-Full,QR-Full-expanding-min750-refit10-SigmaHatRECONSTRUCTED,1,0.0104947943,0.0001101407073,-0.01870568037,-0.0133365121,-0.01155353843,,,0.006119181118,1.197853246e-05,True,
2025-01-23,2025-01-22,SPX,QR-Full,QR-Full-expanding-min750-refit10-SigmaHatRECONSTRUCTED,1,0.007108476594,5.053043949e-05,-0.01183362203,-0.008457055261,-0.006989236123,,,0.005299419501,1.720933251e-05,True,
2025-01-24,2025-01-23,SPX,QR-Full,QR-Full-expanding-min750-refit10-SigmaHatRECONSTRUCTED,1,0.01207934028,0.0001459104615,-0.01645982751,-0.01027890998,-0.008227826606,,,-0.002859216056,2.141218037e-05,True,
2025-01-27,2025-01-24,SPX,QR-Full,QR-Full-expanding-min750-refit10-SigmaHatRECONSTRUCTED,1,0.01210390872,0.0001465046063,-0.01582832628,-0.01093624784,-0.007579582123,,,-0.014688059,0.0001140097501,True,
2025-01-28,2025-01-27,SPX,QR-Full,QR-Full-expanding-min750-refit10-SigmaHatRECONSTRUCTED,1,0.01803917292,0.0003254117596,-0.02893602439,-0.01933276262,-0.01664243183,,,0.009175644152,6.267049232e-05,True,
2025-01-29,2025-01-28,SPX,QR-Full,QR-Full-expanding-min750-refit10-SigmaHatRECONSTRUCTED,1,0.006681839241,4.464697564e-05,-0.01909945424,-0.0161807762,-0.01454581924,,,-0.004689875938,0.0001251191211,True,
2025-01-30,2025-01-29,SPX,QR-Full,QR-Full-expanding-min750-refit10-SigmaHatRECONSTRUCTED,1,0.01435379305,0.000206031375,-0.02563151509,-0.01912093987,-0.0158494877,,,0.005261548106,0.0001363164561,True,
2025-01-31,2025-01-30,SPX,QR-Full,QR-Full-expanding-min750-refit10-SigmaHatRECONSTRUCTED,1,0.00899531769,8.091574035e-05,-0.02194711728,-0.01853558679,-0.01581686002,,,-0.005059604037,0.0001020321928,True,
2025-02-03,2025-01-31,SPX,QR-Full,QR-Full-expanding-min750-refit10-SigmaHatRECONSTRUCTED,1,0.01413274955,0.0001997346098,-0.02865494703,-0.02356969728,-0.01902355952,,,-0.00763769074,0.0002373758295,True,
2025-02-04,2025-02-03,SPX,QR-Full,QR-Full-expanding-min750-refit10-SigmaHatRECONSTRUCTED,1,0.0215976385,0.0004664579889,-0.03603955056,-0.02548626091,-0.02132088416,,,0.007198907471,4.415037469e-05,True,
2025-02-05,2025-02-04,SPX,QR-Full,QR-Full-expanding-min750-refit10-SigmaHatRECONSTRUCTED,1,0.01705544199,0.0002908881016,-0.02708501749,-0.01856373027,-0.01546183189,,,0.003901053807,3.942682858e-05,True,
2025-02-06,2025-02-05,SPX,QR-Full,QR-Full-expanding-min750-refit10-SigmaHatRECONSTRUCTED,1,0.008892125696,7.90698994e-05,-0.01970373948,-0.01556814229,-0.01364380698,,,0.003637674397,3.863582154e-05,True,
2025-02-07,2025-02-06,SPX,QR-Full,QR-Full-expanding-min750-refit10-SigmaHatRECONSTRUCTED,1,0.01199027586,0.0001437667153,-0.02068260471,-0.01626064804,-0.01251130069,,,-0.00950984572,0.0002029364832,True,
2025-02-10,2025-02-07,SPX,QR-Full,QR-Full-expanding-min750-refit10-SigmaHatRECONSTRUCTED,1,0.01933298395,0.0003737642686,-0.03339666747,-0.02517019243,-0.02022135013,,,0.006690112291,1.599313921e-05,True,
2025-02-11,2025-02-10,SPX,QR-Full,QR-Full-expanding-min750-refit10-SigmaHatRECONSTRUCTED,1,0.01109256958,0.0001230450998,-0.01785364519,-0.01179344042,-0.01029412284,,,0.0003395252106,2.12686311e-05,True,
2025-02-12,2025-02-11,SPX,QR-Full,QR-Full-expanding-min750-refit10-SigmaHatRECONSTRUCTED,1,0.01697771391,0.0002882427697,-0.02349757102,-0.01524744686,-0.01192735666,,,-0.002727583164,6.849199536e-05,True,
2025-02-13,2025-02-12,SPX,QR-Full,QR-Full-expanding-min750-refit10-SigmaHatRECONSTRUCTED,1,0.02071461473,0.0004290952634,-0.02961416593,-0.01982072299,-0.01549727516,,,0.01037231315,4.152759767e-05,True,
2025-02-14,2025-02-13,SPX,QR-Full,QR-Full-expanding-min750-refit10-SigmaHatRECONSTRUCTED,1,0.007889774431,6.224854057e-05,-0.01802937404,-0.01467171826,-0.01265253815,,,-7.194632914e-05,1.687529044e-05,True,
2025-02-18,2025-02-14,SPX,QR-Full,QR-Full-expanding-min750-refit10-SigmaHatRECONSTRUCTED,1,0.01147800938,0.0001317446992,-0.01595992964,-0.01175033821,-0.008137732279,,,0.002442003604,3.392664063e-05,True,
2025-02-19,2025-02-18,SPX,QR-Full,QR-Full-expanding-min750-refit10-SigmaHatRECONSTRUCTED,1,0.01677791004,0.0002814982654,-0.02173929692,-0.01422374519,-0.01030524775,,,0.002374148831,2.239027851e-05,True,
2025-02-20,2025-02-19,SPX,QR-Full,QR-Full-expanding-min750-refit10-SigmaHatRECONSTRUCTED,1,0.01277584797,0.0001632222913,-0.01886818701,-0.01257573321,-0.01016152011,,,-0.004343604752,4.515987015e-05,True,
2025-02-21,2025-02-20,SPX,QR-Full,QR-Full-expanding-min750-refit10-SigmaHatRECONSTRUCTED,1,0.01677239869,0.0002813133579,-0.02482052188,-0.01778023764,-0.01339022866,,,-0.01721139672,5.738262147e-05,True,
2025-02-24,2025-02-21,SPX,QR-Full,QR-Full-expanding-min750-refit10-SigmaHatRECONSTRUCTED,1,0.01745582523,0.0003047058345,-0.03194484343,-0.02363643252,-0.02004879896,,,-0.004981493597,0.0001034835776,True,
2025-02-25,2025-02-24,SPX,QR-Full,QR-Full-expanding-min750-refit10-SigmaHatRECONSTRUCTED,1,0.01781988989,0.0003175484756,-0.03093451074,-0.02287668951,-0.0187903583,,,-0.004690715138,0.000163362833,True,
2025-02-26,2025-02-25,SPX,QR-Full,QR-Full-expanding-min750-refit10-SigmaHatRECONSTRUCTED,1,0.01522665733,0.0002318510933,-0.03164320609,-0.02510160618,-0.02126632672,,,0.0001360150978,9.042324804e-05,True,
2025-02-27,2025-02-26,SPX,QR-Full,QR-Full-expanding-min750-refit10-SigmaHatRECONSTRUCTED,1,0.01298647542,0.0001686485438,-0.02720829887,-0.02217525189,-0.01835809059,,,-0.01599174278,0.0002192427177,True,
2025-02-28,2025-02-27,SPX,QR-Full,QR-Full-expanding-min750-refit10-SigmaHatRECONSTRUCTED,1,0.02762944297,0.0007633861188,-0.04721757074,-0.03404389657,-0.02838826431,,,0.01572978046,0.0002731087638,True,
2025-03-03,2025-02-28,SPX,QR-Full,QR-Full-expanding-min750-refit10-SigmaHatRECONSTRUCTED,1,0.01493672846,0.0002231058571,-0.03517910037,-0.02933352978,-0.02499980586,,,-0.01775340262,0.0002713495132,True,
2025-03-04,2025-03-03,SPX,QR-Full,QR-Full-expanding-min750-refit10-SigmaHatRECONSTRUCTED,1,0.03290215591,0.001082551863,-0.05562262768,-0.04180055047,-0.03319999771,,,-0.01231028832,0.0003179061382,True,
2025-03-05,2025-03-04,SPX,QR-Full,QR-Full-expanding-min750-refit10-SigmaHatRECONSTRUCTED,1,0.03896344135,0.001518149762,-0.0584102255,-0.0403659577,-0.03185686438,,,0.01109747262,0.0003126326408,True,
2025-03-06,2025-03-05,SPX,QR-Full,QR-Full-expanding-min750-refit10-SigmaHatRECONSTRUCTED,1,0.02740345816,0.0007509495189,-0.0466878067,-0.03508261629,-0.02801250762,,,-0.01797967706,0.0003245403135,True,
2025-03-07,2025-03-06,SPX,QR-Full,QR-Full-expanding-min750-refit10-SigmaHatRECONSTRUCTED,1,0.04835927715,0.002338619686,-0.06677300914,-0.04299916054,-0.03381643997,,,0.00550543491,0.0004388514513,True,
2025-03-10,2025-03-07,SPX,QR-Full,QR-Full-expanding-min750-refit10-SigmaHatRECONSTRUCTED,1,0.02909230193,0.0008463620316,-0.05053084087,-0.03826550822,-0.03070460447,,,-0.02734354166,0.000297862003,True,
2025-03-11,2025-03-10,SPX,QR-Full,QR-Full-expanding-min750-refit10-SigmaHatRECONSTRUCTED,1,0.03650731461,0.00133278402,-0.06080118146,-0.04099817063,-0.03592165658,,,-0.00759664703,0.0005265488617,True,
2025-03-12,2025-03-11,SPX,QR-Full,QR-Full-expanding-min750-refit10-SigmaHatRECONSTRUCTED,1,0.03953476133,0.001562997353,-0.06154263239,-0.04323551093,-0.03459991998,,,0.004874968036,0.0002090809876,True,
2025-03-13,2025-03-12,SPX,QR-Full,QR-Full-expanding-min750-refit10-SigmaHatRECONSTRUCTED,1,0.02219986088,0.0004928338232,-0.04205663421,-0.03297548555,-0.02692755674,,,-0.01398836678,0.0002347070191,True,
2025-03-14,2025-03-13,SPX,QR-Full,QR-Full-expanding-min750-refit10-SigmaHatRECONSTRUCTED,1,0.02542849603,0.0006466084104,-0.04713439675,-0.03479742029,-0.02980502299,,,0.0210429058,0.0001164128807,True,
2025-03-17,2025-03-14,SPX,QR-Full,QR-Full-expanding-min750-refit10-SigmaHatRECONSTRUCTED,1,0.02075931809,0.0004309492875,-0.03632753561,-0.02616572131,-0.02218017976,,,0.006395635014,0.0001105903517,True,
2025-03-18,2025-03-17,SPX,QR-Full,QR-Full-expanding-min750-refit10-SigmaHatRECONSTRUCTED,1,0.01629823678,0.000265632522,-0.03186817185,-0.02497004649,-0.02076101725,,,-0.01071066709,0.0001187597062,True,
2025-03-19,2025-03-18,SPX,QR-Full,QR-Full-expanding-min750-refit10-SigmaHatRECONSTRUCTED,1,0.02026770127,0.0004107797149,-0.03549311904,-0.02487397548,-0.02168079722,,,0.01074060821,0.0001535175972,True,
2025-03-20,2025-03-19,SPX,QR-Full,QR-Full-expanding-min750-refit10-SigmaHatRECONSTRUCTED,1,0.01013738735,0.0001027666224,-0.02704412961,-0.02228472136,-0.02013555845,,,-0.002187283453,0.0001420464121,True,
2025-03-21,2025-03-20,SPX,QR-Full,QR-Full-expanding-min750-refit10-SigmaHatRECONSTRUCTED,1,0.007739231039,5.989569707e-05,-0.0251976395,-0.02234773973,-0.01992339807,,,0.0008243136298,0.0001077216782,True,
2025-03-24,2025-03-21,SPX,QR-Full,QR-Full-expanding-min750-refit10-SigmaHatRECONSTRUCTED,1,0.008921476091,7.959273565e-05,-0.02435035186,-0.02017859794,-0.01827041723,,,0.01749211702,4.399246161e-05,True,
2025-03-25,2025-03-24,SPX,QR-Full,QR-Full-expanding-min750-refit10-SigmaHatRECONSTRUCTED,1,0.01525193797,0.0002326216118,-0.02274343007,-0.01672153629,-0.01234932209,,,0.001573095469,2.734094135e-05,True,
2025-03-26,2025-03-25,SPX,QR-Full,QR-Full-expanding-min750-refit10-SigmaHatRECONSTRUCTED,1,0.005116240769,2.617591961e-05,-0.01452220961,-0.01211738933,-0.01103552096,,,-0.01121964035,6.818375219e-05,True,
2025-03-27,2025-03-26,SPX,QR-Full,QR-Full-expanding-min750-refit10-SigmaHatRECONSTRUCTED,1,0.01059395969,0.0001122319819,-0.02539529373,-0.02083706485,-0.01817557115,,,-0.003312460881,0.0001274332239,True,
2025-03-28,2025-03-27,SPX,QR-Full,QR-Full-expanding-min750-refit10-SigmaHatRECONSTRUCTED,1,0.01286277456,0.0001654509693,-0.02656303096,-0.02093012949,-0.01779712409,,,-0.01993460127,0.0001102527975,True,
2025-03-31,2025-03-28,SPX,QR-Full,QR-Full-expanding-min750-refit10-SigmaHatRECONSTRUCTED,1,0.01303425696,0.0001698918545,-0.03166556454,-0.02518413692,-0.02278279341,,,0.005523240492,0.0002542614506,True,
2025-04-01,2025-03-31,SPX,QR-Full,QR-Full-expanding-min750-refit10-SigmaHatRECONSTRUCTED,1,0.008706478804,7.580277317e-05,-0.03085183805,-0.02783746536,-0.02491842283,,,0.003774104455,0.0001709731582,True,
2025-04-02,2025-04-01,SPX,QR-Full,QR-Full-expanding-min750-refit10-SigmaHatRECONSTRUCTED,1,0.006054964599,3.66625963e-05,-0.02514045161,-0.02273750072,-0.02101402807,,,0.006705661496,0.000195668423,True,
2025-04-03,2025-04-02,SPX,QR-Full,QR-Full-expanding-min750-refit10-SigmaHatRECONSTRUCTED,1,0.01736264308,0.0003014613748,-0.0364178666,-0.02942284492,-0.02458532523,,,-0.04960591177,0.00021217783,True,
2025-04-04,2025-04-03,SPX,QR-Full,QR-Full-expanding-min750-refit10-SigmaHatRECONSTRUCTED,1,0.05392980945,0.002908424347,-0.07266344649,-0.04244361794,-0.03591059161,,,-0.06160906201,0.001470451712,True,
2025-04-07,2025-04-04,SPX,QR-Full,QR-Full-expanding-min750-refit10-SigmaHatRECONSTRUCTED,1,0.05878427917,0.003455591477,-0.09931929716,-0.07295743182,-0.05925814909,,,-0.002334194581,0.00774474971,True,
2025-04-08,2025-04-07,SPX,QR-Full,QR-Full-expanding-min750-refit10-SigmaHatRECONSTRUCTED,1,0.1490372367,0.02221209793,-0.2009597787,-0.148315778,-0.09939175929,,,-0.01582508318,0.001490609291,True,
2025-04-09,2025-04-08,SPX,QR-Full,QR-Full-expanding-min750-refit10-SigmaHatRECONSTRUCTED,1,0.04940720395,0.002441071802,-0.09360958612,-0.07600163624,-0.05993886087,,,0.09089487968,0.003692363902,True,
2025-04-10,2025-04-09,SPX,QR-Full,QR-Full-expanding-min750-refit10-SigmaHatRECONSTRUCTED,1,0.08431628648,0.007109236166,-0.13468327,-0.1038664594,-0.07722220586,,,-0.0352206069,0.002083925621,True,
2025-04-11,2025-04-10,SPX,QR-Full,QR-Full-expanding-min750-refit10-SigmaHatRECONSTRUCTED,1,0.08570374804,0.007345132427,-0.1226671231,-0.08715371226,-0.06426051184,,,0.01793038072,0.0006542707588,True,
2025-04-14,2025-04-11,SPX,QR-Full,QR-Full-expanding-min750-refit10-SigmaHatRECONSTRUCTED,1,0.04518217623,0.002041429049,-0.07087380136,-0.05059912198,-0.04008240819,,,0.007913319408,0.0003185291363,True,
2025-04-15,2025-04-14,SPX,QR-Full,QR-Full-expanding-min750-refit10-SigmaHatRECONSTRUCTED,1,0.01687739535,0.000284846474,-0.04127097813,-0.03411568952,-0.02976913029,,,-0.001729275219,0.000198276212,True,
2025-04-16,2025-04-15,SPX,QR-Full,QR-Full-expanding-min750-refit10-SigmaHatRECONSTRUCTED,1,0.01751889824,0.0003069117956,-0.03635664175,-0.02893446636,-0.02441761339,,,-0.02266325406,0.0003151613963,True,
2025-04-17,2025-04-16,SPX,QR-Full,QR-Full-expanding-min750-refit10-SigmaHatRECONSTRUCTED,1,0.03534858478,0.001249522446,-0.06034352324,-0.04475677785,-0.03625366607,,,0.001325958624,0.0002311957449,True,
2025-04-21,2025-04-17,SPX,QR-Full,QR-Full-expanding-min750-refit10-SigmaHatRECONSTRUCTED,1,0.02316259169,0.0005365056539,-0.04065129334,-0.02893991479,-0.02486612036,,,-0.02384964834,0.0001390932099,True,
2025-04-22,2025-04-21,SPX,QR-Full,QR-Full-expanding-min750-refit10-SigmaHatRECONSTRUCTED,1,0.03631270886,0.001318612825,-0.05952507508,-0.04226099185,-0.03477817289,,,0.02480695226,0.000225683443,True,
2025-04-23,2025-04-22,SPX,QR-Full,QR-Full-expanding-min750-refit10-SigmaHatRECONSTRUCTED,1,0.01231304455,0.000151611066,-0.03305397236,-0.02730358838,-0.02466270334,,,0.01652386424,0.0003152005047,True,
2025-04-24,2025-04-23,SPX,QR-Full,QR-Full-expanding-min750-refit10-SigmaHatRECONSTRUCTED,1,0.01095038904,0.0001199110202,-0.03336391429,-0.02743594869,-0.02590128715,,,0.02005662822,0.0001088941857,True,
2025-04-25,2025-04-24,SPX,QR-Full,QR-Full-expanding-min750-refit10-SigmaHatRECONSTRUCTED,1,0.01132059611,0.0001281558964,-0.03070119418,-0.02446103364,-0.02298627305,,,0.007346084722,0.0001573647578,True,
2025-04-28,2025-04-25,SPX,QR-Full,QR-Full-expanding-min750-refit10-SigmaHatRECONSTRUCTED,1,0.009385260976,8.808312359e-05,-0.02612271286,-0.02266026497,-0.0197267115,,,0.0006405015277,0.0001483142014,True,
2025-04-29,2025-04-28,SPX,QR-Full,QR-Full-expanding-min750-refit10-SigmaHatRECONSTRUCTED,1,0.01044530305,0.0001091043558,-0.02853482968,-0.0239718421,-0.02141641574,,,0.005785641523,0.0001321152358,True,
2025-04-30,2025-04-29,SPX,QR-Full,QR-Full-expanding-min750-refit10-SigmaHatRECONSTRUCTED,1,0.005957206771,3.548831252e-05,-0.02331400826,-0.02016984828,-0.01925420612,,,0.001478897347,0.0002381231343,True,
2025-05-01,2025-04-30,SPX,QR-Full,QR-Full-expanding-min750-refit10-SigmaHatRECONSTRUCTED,1,0.008721737895,7.606871191e-05,-0.03151884051,-0.02891572741,-0.02557502631,,,0.006279345694,0.0001729573277,True,
2025-05-02,2025-05-01,SPX,QR-Full,QR-Full-expanding-min750-refit10-SigmaHatRECONSTRUCTED,1,0.01014359616,0.0001028925431,-0.02668582947,-0.02152908914,-0.01977302704,,,0.01461919108,8.79911076e-05,True,
2025-05-05,2025-05-02,SPX,QR-Full,QR-Full-expanding-min750-refit10-SigmaHatRECONSTRUCTED,1,0.01678100631,0.0002816021728,-0.02848302551,-0.01958819607,-0.01704686625,,,-0.006402047018,4.814535948e-05,True,
2025-05-06,2025-05-05,SPX,QR-Full,QR-Full-expanding-min750-refit10-SigmaHatRECONSTRUCTED,1,0.0146134321,0.0002135523978,-0.02797450318,-0.01972681976,-0.01801553327,,,-0.007722985356,0.0001644899231,True,
2025-05-07,2025-05-06,SPX,QR-Full,QR-Full-expanding-min750-refit10-SigmaHatRECONSTRUCTED,1,0.01699854578,0.0002889505585,-0.03223111313,-0.02491969524,-0.02064670198,,,0.004336938124,0.0003014091242,True,
2025-05-08,2025-05-07,SPX,QR-Full,QR-Full-expanding-min750-refit10-SigmaHatRECONSTRUCTED,1,0.01028845413,0.0001058522883,-0.02628992778,-0.02284598497,-0.01927840548,,,0.005783021103,0.0001341777664,True,
2025-05-09,2025-05-08,SPX,QR-Full,QR-Full-expanding-min750-refit10-SigmaHatRECONSTRUCTED,1,0.01336916581,0.0001787345943,-0.02748074188,-0.02114351443,-0.0183697323,,,-0.0007117341073,6.968848169e-05,True,
2025-05-12,2025-05-09,SPX,QR-Full,QR-Full-expanding-min750-refit10-SigmaHatRECONSTRUCTED,1,0.01277904142,0.0001633038995,-0.02602861071,-0.01957534794,-0.0173197675,,,0.03203997665,8.299565571e-05,True,
2025-05-13,2025-05-12,SPX,QR-Full,QR-Full-expanding-min750-refit10-SigmaHatRECONSTRUCTED,1,0.00599306645,3.591684547e-05,-0.01565073489,-0.01324073476,-0.01156649458,,,0.007222059143,4.913215316e-05,True,
2025-05-14,2025-05-13,SPX,QR-Full,QR-Full-expanding-min750-refit10-SigmaHatRECONSTRUCTED,1,0.0190702146,0.0003636730847,-0.02805924942,-0.01950589981,-0.01506300789,,,0.001023891168,6.110126313e-05,True,
2025-05-15,2025-05-14,SPX,QR-Full,QR-Full-expanding-min750-refit10-SigmaHatRECONSTRUCTED,1,0.01332163898,0.0001774660652,-0.022428457,-0.01692771602,-0.01334983667,,,0.004123817497,5.961234389e-05,True,
2025-05-16,2025-05-15,SPX,QR-Full,QR-Full-expanding-min750-refit10-SigmaHatRECONSTRUCTED,1,0.006153899204,3.787047541e-05,-0.01892909864,-0.01623873749,-0.01473525174,,,0.006980849363,3.269628188e-05,True,
2025-05-19,2025-05-16,SPX,QR-Full,QR-Full-expanding-min750-refit10-SigmaHatRECONSTRUCTED,1,0.007531203166,5.671902113e-05,-0.0179759895,-0.01361148438,-0.01284351787,,,0.0008757295922,4.417880835e-05,True,
2025-05-20,2025-05-19,SPX,QR-Full,QR-Full-expanding-min750-refit10-SigmaHatRECONSTRUCTED,1,0.01466931504,0.0002151888037,-0.02633934951,-0.01875098527,-0.0163422957,,,-0.003887777117,5.718499109e-05,True,
2025-05-21,2025-05-20,SPX,QR-Full,QR-Full-expanding-min750-refit10-SigmaHatRECONSTRUCTED,1,0.01304845561,0.0001702621938,-0.02422153764,-0.01704533534,-0.01532909021,,,-0.01626671933,0.0001917452438,True,
2025-05-22,2025-05-21,SPX,QR-Full,QR-Full-expanding-min750-refit10-SigmaHatRECONSTRUCTED,1,0.0321055163,0.001030764177,-0.04966893254,-0.03374452633,-0.02778920788,,,-0.0004449699101,8.444642792e-05,True,
2025-05-23,2025-05-22,SPX,QR-Full,QR-Full-expanding-min750-refit10-SigmaHatRECONSTRUCTED,1,0.008590235283,7.379214221e-05,-0.02242632388,-0.01828105999,-0.01657212795,,,-0.006730899693,8.806153036e-05,True,
2025-05-27,2025-05-23,SPX,QR-Full,QR-Full-expanding-min750-refit10-SigmaHatRECONSTRUCTED,1,0.02270721074,0.0005156174196,-0.0368185477,-0.02574635135,-0.02134371422,,,0.02025258083,2.566247219e-05,True,
2025-05-28,2025-05-27,SPX,QR-Full,QR-Full-expanding-min750-refit10-SigmaHatRECONSTRUCTED,1,0.01371989807,0.000188235603,-0.02139533259,-0.01582901567,-0.01204530099,,,-0.005586802513,5.788558566e-05,True,
2025-05-29,2025-05-28,SPX,QR-Full,QR-Full-expanding-min750-refit10-SigmaHatRECONSTRUCTED,1,0.01769990871,0.0003132867684,-0.02870821884,-0.02044583354,-0.01664583288,,,0.004003170839,0.0001284245634,True,
2025-05-30,2025-05-29,SPX,QR-Full,QR-Full-expanding-min750-refit10-SigmaHatRECONSTRUCTED,1,0.01625079411,0.0002640883093,-0.02804827112,-0.02204420522,-0.01697344842,,,-8.118854686e-05,0.0001134228141,True,
2025-06-02,2025-05-30,SPX,QR-Full,QR-Full-expanding-min750-refit10-SigmaHatRECONSTRUCTED,1,0.0116790683,0.0001364006363,-0.02667187508,-0.02145574973,-0.01871265722,,,0.004093651491,6.988142814e-05,True,
2025-06-03,2025-06-02,SPX,QR-Full,QR-Full-expanding-min750-refit10-SigmaHatRECONSTRUCTED,1,0.01955770036,0.0003825036432,-0.03217633511,-0.02234802224,-0.01884787483,,,0.005783533572,2.542447537e-05,True,
2025-06-04,2025-06-03,SPX,QR-Full,QR-Full-expanding-min750-refit10-SigmaHatRECONSTRUCTED,1,0.01194979491,0.0001427975984,-0.02114263915,-0.01474673733,-0.01299892267,,,7.368484416e-05,2.664576107e-05,True,
2025-06-05,2025-06-04,SPX,QR-Full,QR-Full-expanding-min750-refit10-SigmaHatRECONSTRUCTED,1,0.01036961521,0.0001075289196,-0.01917947039,-0.01433072163,-0.01211263728,,,-0.005291357994,0.000141307897,True,
2025-06-06,2025-06-05,SPX,QR-Full,QR-Full-expanding-min750-refit10-SigmaHatRECONSTRUCTED,1,0.01824585293,0.000332911149,-0.03292744345,-0.02421617041,-0.02049299965,,,0.01022819612,5.406810649e-05,True,
2025-06-09,2025-06-06,SPX,QR-Full,QR-Full-expanding-min750-refit10-SigmaHatRECONSTRUCTED,1,0.01946293242,0.0003788057384,-0.02593062815,-0.01728562177,-0.01266675167,,,0.0009195252645,1.767436663e-05,True,
2025-06-10,2025-06-09,SPX,QR-Full,QR-Full-expanding-min750-refit10-SigmaHatRECONSTRUCTED,1,0.01363490932,0.000185910752,-0.02007650981,-0.01321557191,-0.01078439755,,,0.005468012578,3.066451196e-05,True,
2025-06-11,2025-06-10,SPX,QR-Full,QR-Full-expanding-min750-refit10-SigmaHatRECONSTRUCTED,1,0.01282522837,0.0001644864827,-0.02067869641,-0.01482789453,-0.01193837706,,,-0.002747660448,7.653773648e-05,True,
2025-06-12,2025-06-11,SPX,QR-Full,QR-Full-expanding-min750-refit10-SigmaHatRECONSTRUCTED,1,0.01185444787,0.0001405279343,-0.02501615202,-0.01950415818,-0.01693741399,,,0.003815133196,3.871195337e-05,True,
2025-06-13,2025-06-12,SPX,QR-Full,QR-Full-expanding-min750-refit10-SigmaHatRECONSTRUCTED,1,0.01525833702,0.0002328168487,-0.02472327316,-0.01726188351,-0.01432480426,,,-0.01136066863,7.99808038e-05,True,
2025-06-16,2025-06-13,SPX,QR-Full,QR-Full-expanding-min750-refit10-SigmaHatRECONSTRUCTED,1,0.02536341069,0.0006433026016,-0.03915954313,-0.02633788342,-0.02187452466,,,0.009348823075,2.791952033e-05,True,
2025-06-17,2025-06-16,SPX,QR-Full,QR-Full-expanding-min750-refit10-SigmaHatRECONSTRUCTED,1,0.01958704944,0.0003836525057,-0.02840653556,-0.01748417261,-0.01505807405,,,-0.008387259651,4.759387547e-05,True,
2025-06-18,2025-06-17,SPX,QR-Full,QR-Full-expanding-min750-refit10-SigmaHatRECONSTRUCTED,1,0.01566574173,0.0002454154641,-0.02908043217,-0.02223843685,-0.0184043193,,,-0.0003092880922,8.689336811e-05,True,
2025-06-20,2025-06-18,SPX,QR-Full,QR-Full-expanding-min750-refit10-SigmaHatRECONSTRUCTED,1,0.01488611053,0.0002215962866,-0.02842118816,-0.02079889664,-0.01827638947,,,-0.002181035142,8.625937973e-05,True,
2025-06-23,2025-06-20,SPX,QR-Full,QR-Full-expanding-min750-refit10-SigmaHatRECONSTRUCTED,1,0.02291059006,0.0005248951369,-0.03333792345,-0.02352109281,-0.01772448813,,,0.00956065505,8.840991502e-05,True,
2025-06-24,2025-06-23,SPX,QR-Full,QR-Full-expanding-min750-refit10-SigmaHatRECONSTRUCTED,1,0.0186283228,0.0003470144104,-0.0320965736,-0.02368851043,-0.01940147877,,,0.01106032863,1.908196053e-05,True,
2025-06-25,2025-06-24,SPX,QR-Full,QR-Full-expanding-min750-refit10-SigmaHatRECONSTRUCTED,1,0.0167264626,0.000279774551,-0.02437227315,-0.01609747165,-0.01297328511,,,-3.286185293e-06,1.872857668e-05,True,
2025-06-26,2025-06-25,SPX,QR-Full,QR-Full-expanding-min750-refit10-SigmaHatRECONSTRUCTED,1,0.01614993439,0.0002608203809,-0.02268324908,-0.01480622624,-0.0116771617,,,0.00798813115,1.654915755e-05,True,
2025-06-27,2025-06-26,SPX,QR-Full,QR-Full-expanding-min750-refit10-SigmaHatRECONSTRUCTED,1,0.01470713437,0.0002162998014,-0.02133309137,-0.01414280779,-0.0113102639,,,0.005205399144,3.916337061e-05,True,
2025-06-30,2025-06-27,SPX,QR-Full,QR-Full-expanding-min750-refit10-SigmaHatRECONSTRUCTED,1,0.01283955591,0.0001648541961,-0.021588122,-0.01538537491,-0.01283803851,,,0.005151137491,3.163105393e-05,True,
2025-07-01,2025-06-30,SPX,QR-Full,QR-Full-expanding-min750-refit10-SigmaHatRECONSTRUCTED,1,0.01352524342,0.0001829322096,-0.02011711675,-0.0145781973,-0.01089974117,,,-0.001119156999,4.376725778e-05,True,
2025-07-02,2025-07-01,SPX,QR-Full,QR-Full-expanding-min750-refit10-SigmaHatRECONSTRUCTED,1,0.01113026275,0.0001238827489,-0.02154450163,-0.01566629802,-0.0139592916,,,0.004733874266,1.312232746e-05,True,
2025-07-03,2025-07-02,SPX,QR-Full,QR-Full-expanding-min750-refit10-SigmaHatRECONSTRUCTED,1,0.01935673332,0.0003746831248,-0.02409420323,-0.01418131062,-0.01090270084,,,0.008304378245,,True,
2025-07-07,2025-07-03,SPX,QR-Full,QR-Full-expanding-min750-refit10-SigmaHatRECONSTRUCTED,1,,,,,,,,-0.007893368234,,False,predictors_unavailable
2025-07-08,2025-07-07,SPX,QR-Full,QR-Full-expanding-min750-refit10-SigmaHatRECONSTRUCTED,1,0.01887111757,0.0003561190785,-0.03011452274,-0.02089318377,-0.01725396468,,,-0.0007161430999,3.611370733e-05,True,
2025-07-09,2025-07-08,SPX,QR-Full,QR-Full-expanding-min750-refit10-SigmaHatRECONSTRUCTED,1,0.01447349794,0.0002094821427,-0.02313724465,-0.01565742824,-0.01327363906,,,0.006043802761,2.243940792e-05,True,
2025-07-10,2025-07-09,SPX,QR-Full,QR-Full-expanding-min750-refit10-SigmaHatRECONSTRUCTED,1,0.008890300014,7.903743434e-05,-0.01684178417,-0.01258321137,-0.01078309586,,,0.002742441023,1.330677726e-05,True,
2025-07-11,2025-07-10,SPX,QR-Full,QR-Full-expanding-min750-refit10-SigmaHatRECONSTRUCTED,1,0.01496111247,0.0002238348864,-0.0205462935,-0.01335217223,-0.01035038142,,,-0.003302971783,2.643040534e-05,True,
2025-07-14,2025-07-11,SPX,QR-Full,QR-Full-expanding-min750-refit10-SigmaHatRECONSTRUCTED,1,0.01997643917,0.0003990581218,-0.02696829098,-0.01674045195,-0.01335446261,,,0.001406424396,2.868497452e-05,True,
2025-07-15,2025-07-14,SPX,QR-Full,QR-Full-expanding-min750-refit10-SigmaHatRECONSTRUCTED,1,0.0139025271,0.0001932802599,-0.02243452379,-0.01503195664,-0.01296003154,,,-0.00396414507,3.692211186e-05,True,
2025-07-16,2025-07-15,SPX,QR-Full,QR-Full-expanding-min750-refit10-SigmaHatRECONSTRUCTED,1,0.01852445901,0.0003431555816,-0.02719032176,-0.01888030195,-0.01456600951,,,0.003188568415,0.0001168837094,True,
2025-07-17,2025-07-16,SPX,QR-Full,QR-Full-expanding-min750-refit10-SigmaHatRECONSTRUCTED,1,0.01575944299,0.0002483600432,-0.02707100001,-0.02128188989,-0.01633103028,,,0.005359380245,1.840620545e-05,True,
2025-07-18,2025-07-17,SPX,QR-Full,QR-Full-expanding-min750-refit10-SigmaHatRECONSTRUCTED,1,0.01618090127,0.0002618215659,-0.02275368786,-0.014827356,-0.01172649673,,,-9.049026807e-05,1.532215097e-05,True,
2025-07-21,2025-07-18,SPX,QR-Full,QR-Full-expanding-min750-refit10-SigmaHatRECONSTRUCTED,1,0.01653855755,0.0002735238858,-0.02260535488,-0.01444134115,-0.01133442306,,,0.00139815707,1.255901811e-05,True,
2025-07-22,2025-07-21,SPX,QR-Full,QR-Full-expanding-min750-refit10-SigmaHatRECONSTRUCTED,1,0.02094421122,0.0004386599836,-0.02334628755,-0.0150169174,-0.009072928099,,,0.0006373284124,3.554049986e-05,True,
2025-07-23,2025-07-22,SPX,QR-Full,QR-Full-expanding-min750-refit10-SigmaHatRECONSTRUCTED,1,0.01561904549,0.0002439545821,-0.02345268746,-0.01690144742,-0.01280839781,,,0.007781532136,2.345835131e-05,True,
2025-07-24,2025-07-23,SPX,QR-Full,QR-Full-expanding-min750-refit10-SigmaHatRECONSTRUCTED,1,0.01835356098,0.0003368532007,-0.02420240852,-0.01479511861,-0.01169456229,,,0.0006979800903,1.742358328e-05,True,
2025-07-25,2025-07-24,SPX,QR-Full,QR-Full-expanding-min750-refit10-SigmaHatRECONSTRUCTED,1,0.01416738694,0.0002007148526,-0.02009251476,-0.01263349198,-0.01043752207,,,0.003966450992,6.50116687e-06,True,
2025-07-28,2025-07-25,SPX,QR-Full,QR-Full-expanding-min750-refit10-SigmaHatRECONSTRUCTED,1,0.01322212378,0.0001748245573,-0.01628778372,-0.009886416396,-0.007276982425,,,0.0001768425006,1.087368615e-05,True,
2025-07-29,2025-07-28,SPX,QR-Full,QR-Full-expanding-min750-refit10-SigmaHatRECONSTRUCTED,1,0.01452303,0.0002109184003,-0.01652172086,-0.01059217983,-0.006624359464,,,-0.002963830315,2.189796211e-05,True,
2025-07-30,2025-07-29,SPX,QR-Full,QR-Full-expanding-min750-refit10-SigmaHatRECONSTRUCTED,1,0.009135114249,8.345031234e-05,-0.01703688021,-0.01329017291,-0.0108113524,,,-0.001250213948,6.272254197e-05,True,
2025-07-31,2025-07-30,SPX,QR-Full,QR-Full-expanding-min750-refit10-SigmaHatRECONSTRUCTED,1,0.01007389039,0.0001014832676,-0.02104725069,-0.01603180196,-0.01418195234,,,-0.003701661948,8.670078892e-05,True,
2025-08-01,2025-07-31,SPX,QR-Full,QR-Full-expanding-min750-refit10-SigmaHatRECONSTRUCTED,1,0.01559594818,0.0002432335996,-0.02898847179,-0.02129321739,-0.01835992282,,,-0.01612138717,9.623808309e-05,True,
2025-08-04,2025-08-01,SPX,QR-Full,QR-Full-expanding-min750-refit10-SigmaHatRECONSTRUCTED,1,0.02983106781,0.0008898926067,-0.04559305871,-0.03281491234,-0.02526335761,,,0.01462956437,2.571835609e-05,True,
2025-08-05,2025-08-04,SPX,QR-Full,QR-Full-expanding-min750-refit10-SigmaHatRECONSTRUCTED,1,0.02202288494,0.0004850074609,-0.0303740236,-0.01931131614,-0.01536555421,,,-0.004869703781,4.236453419e-05,True,
2025-08-06,2025-08-05,SPX,QR-Full,QR-Full-expanding-min750-refit10-SigmaHatRECONSTRUCTED,1,0.02317326131,0.0005370000399,-0.03343252254,-0.02219646543,-0.01764007826,,,0.007255522348,5.048549143e-05,True,
2025-08-07,2025-08-06,SPX,QR-Full,QR-Full-expanding-min750-refit10-SigmaHatRECONSTRUCTED,1,0.02589709128,0.0006706593368,-0.03459833104,-0.02235879284,-0.01694961231,,,-0.0007977982359,7.653192134e-05,True,
2025-08-08,2025-08-07,SPX,QR-Full,QR-Full-expanding-min750-refit10-SigmaHatRECONSTRUCTED,1,0.01988671419,0.0003954814014,-0.0309159821,-0.02194459602,-0.01736330079,,,0.007769454767,2.657177092e-05,True,
2025-08-11,2025-08-08,SPX,QR-Full,QR-Full-expanding-min750-refit10-SigmaHatRECONSTRUCTED,1,0.020256365,0.0004103203228,-0.02738533498,-0.01697729566,-0.01358073876,,,-0.002507268394,3.428913621e-05,True,
2025-08-12,2025-08-11,SPX,QR-Full,QR-Full-expanding-min750-refit10-SigmaHatRECONSTRUCTED,1,0.01778312199,0.0003162394278,-0.0243987188,-0.01710098226,-0.01227962347,,,0.01128155918,2.931074634e-05,True,
2025-08-13,2025-08-12,SPX,QR-Full,QR-Full-expanding-min750-refit10-SigmaHatRECONSTRUCTED,1,0.01924961227,0.0003705475726,-0.02681874666,-0.01802378372,-0.01370024664,,,0.003224873307,2.514373742e-05,True,
2025-08-14,2025-08-13,SPX,QR-Full,QR-Full-expanding-min750-refit10-SigmaHatRECONSTRUCTED,1,0.01252500046,0.0001568756366,-0.01981289254,-0.01355274036,-0.01127717678,,,0.0003030448882,2.832201799e-05,True,
2025-08-15,2025-08-14,SPX,QR-Full,QR-Full-expanding-min750-refit10-SigmaHatRECONSTRUCTED,1,0.0155772005,0.0002426491754,-0.02172900507,-0.01444624302,-0.01111323254,,,-0.002901339858,3.314158744e-05,True,
2025-08-18,2025-08-15,SPX,QR-Full,QR-Full-expanding-min750-refit10-SigmaHatRECONSTRUCTED,1,0.02046465233,0.000418801995,-0.02707240264,-0.01742920135,-0.0131258598,,,-0.0001007683595,2.010783137e-05,True,
2025-08-19,2025-08-18,SPX,QR-Full,QR-Full-expanding-min750-refit10-SigmaHatRECONSTRUCTED,1,0.01322599632,0.0001749269786,-0.01850032861,-0.01204506759,-0.009486888206,,,-0.005875329088,4.302245387e-05,True,
2025-08-20,2025-08-19,SPX,QR-Full,QR-Full-expanding-min750-refit10-SigmaHatRECONSTRUCTED,1,0.01638948976,0.0002686153746,-0.02488922007,-0.0177186228,-0.01371987709,,,-0.002434630627,8.364288217e-05,True,
2025-08-21,2025-08-20,SPX,QR-Full,QR-Full-expanding-min750-refit10-SigmaHatRECONSTRUCTED,1,0.01649598354,0.000272117473,-0.02637456817,-0.02012139356,-0.01513265029,,,-0.004012219685,7.007284107e-05,True,
2025-08-22,2025-08-21,SPX,QR-Full,QR-Full-expanding-min750-refit10-SigmaHatRECONSTRUCTED,1,0.01706218128,0.0002911180299,-0.02776206154,-0.0189397284,-0.01613428316,,,0.0150722851,0.0001375846039,True,
2025-08-25,2025-08-22,SPX,QR-Full,QR-Full-expanding-min750-refit10-SigmaHatRECONSTRUCTED,1,0.02218152623,0.0004920201058,-0.03064311398,-0.0198834938,-0.01552653146,,,-0.004275512535,1.214532981e-05,True,
2025-08-26,2025-08-25,SPX,QR-Full,QR-Full-expanding-min750-refit10-SigmaHatRECONSTRUCTED,1,0.02111839223,0.0004459864902,-0.02095828699,-0.01512696123,-0.006566224181,,,0.004125473681,2.303902308e-05,True,
2025-08-27,2025-08-26,SPX,QR-Full,QR-Full-expanding-min750-refit10-SigmaHatRECONSTRUCTED,1,0.01412161148,0.0001994199107,-0.02134471162,-0.0143665789,-0.01172091464,,,0.002388130463,1.445635326e-05,True,
2025-08-28,2025-08-27,SPX,QR-Full,QR-Full-expanding-min750-refit10-SigmaHatRECONSTRUCTED,1,0.01531332602,0.0002344979538,-0.01938455204,-0.01281521062,-0.008948608451,,,0.003151747451,2.202697487e-05,True,
2025-08-29,2025-08-28,SPX,QR-Full,QR-Full-expanding-min750-refit10-SigmaHatRECONSTRUCTED,1,0.009805055621,9.613911573e-05,-0.01696818884,-0.01195232394,-0.01028609984,,,-0.006418740301,4.01349498e-05,True,
2025-09-02,2025-08-29,SPX,QR-Full,QR-Full-expanding-min750-refit10-SigmaHatRECONSTRUCTED,1,0.01735994386,0.0003013676509,-0.02517680604,-0.01729108127,-0.01334610417,,,-0.006946350129,5.031152664e-05,True,
2025-09-03,2025-09-02,SPX,QR-Full,QR-Full-expanding-min750-refit10-SigmaHatRECONSTRUCTED,1,0.01772766351,0.0003142700535,-0.02888201946,-0.01925346681,-0.01680071877,,,0.005087112371,3.854369646e-05,True,
2025-09-04,2025-09-03,SPX,QR-Full,QR-Full-expanding-min750-refit10-SigmaHatRECONSTRUCTED,1,0.01165320128,0.0001357971001,-0.02124779155,-0.01448474243,-0.01330620192,,,0.008311847025,2.192123944e-05,True,
2025-09-05,2025-09-04,SPX,QR-Full,QR-Full-expanding-min750-refit10-SigmaHatRECONSTRUCTED,1,0.0142736479,0.0002037370243,-0.02051640017,-0.01475224538,-0.01078899124,,,-0.003170172651,8.272720483e-05,True,
2025-09-08,2025-09-05,SPX,QR-Full,QR-Full-expanding-min750-refit10-SigmaHatRECONSTRUCTED,1,0.01765824742,0.0003118137021,-0.02975765099,-0.0224050745,-0.01772365696,,,0.002103764398,2.239389355e-05,True,
2025-09-09,2025-09-08,SPX,QR-Full,QR-Full-expanding-min750-refit10-SigmaHatRECONSTRUCTED,1,0.01239085543,0.0001535332982,-0.01926805594,-0.0131716284,-0.01082375925,,,0.00268454704,1.976782735e-05,True,
2025-09-10,2025-09-09,SPX,QR-Full,QR-Full-expanding-min750-refit10-SigmaHatRECONSTRUCTED,1,0.01612521603,0.0002600225921,-0.01977969351,-0.01373170024,-0.008790451552,,,0.002979028263,2.858542313e-05,True,
2025-09-11,2025-09-10,SPX,QR-Full,QR-Full-expanding-min750-refit10-SigmaHatRECONSTRUCTED,1,0.01154491303,0.0001332850168,-0.01981864392,-0.01353149257,-0.01195085211,,,0.008450087656,1.850673037e-05,True,
2025-09-12,2025-09-11,SPX,QR-Full,QR-Full-expanding-min750-refit10-SigmaHatRECONSTRUCTED,1,0.01384346864,0.0001916416241,-0.02055370659,-0.0129669274,-0.01111946235,,,-0.0004828779146,1.628935607e-05,True,
2025-09-15,2025-09-12,SPX,QR-Full,QR-Full-expanding-min750-refit10-SigmaHatRECONSTRUCTED,1,0.01708523448,0.0002919052373,-0.02027376832,-0.012743504,-0.008630279307,,,0.004695577712,1.373207257e-05,True,
2025-09-16,2025-09-15,SPX,QR-Full,QR-Full-expanding-min750-refit10-SigmaHatRECONSTRUCTED,1,0.01630055684,0.0002657081532,-0.02017227969,-0.01169356945,-0.009063543984,,,-0.001288760353,1.060182532e-05,True,
2025-09-17,2025-09-16,SPX,QR-Full,QR-Full-expanding-min750-refit10-SigmaHatRECONSTRUCTED,1,0.02229378976,0.0004970130617,-0.02376842396,-0.01468938843,-0.008575334498,,,-0.0009706390829,0.0001761787941,True,
2025-09-18,2025-09-17,SPX,QR-Full,QR-Full-expanding-min750-refit10-SigmaHatRECONSTRUCTED,1,0.01541713875,0.0002376881674,-0.02905643371,-0.02059291738,-0.01854974234,,,0.004777687794,3.753107344e-05,True,
2025-09-19,2025-09-18,SPX,QR-Full,QR-Full-expanding-min750-refit10-SigmaHatRECONSTRUCTED,1,0.01173609657,0.0001377359628,-0.02072192801,-0.01297698313,-0.01272384572,,,0.004873523886,1.622291191e-05,True,
2025-09-22,2025-09-19,SPX,QR-Full,QR-Full-expanding-min750-refit10-SigmaHatRECONSTRUCTED,1,0.01881770848,0.0003541061523,-0.02242182574,-0.01437658664,-0.009597665671,,,0.004400350757,9.257582598e-06,True,
2025-09-23,2025-09-22,SPX,QR-Full,QR-Full-expanding-min750-refit10-SigmaHatRECONSTRUCTED,1,0.02308821567,0.000533065703,-0.02693201735,-0.01543610542,-0.0111975312,,,-0.00551735181,2.481222644e-05,True,
2025-09-24,2025-09-23,SPX,QR-Full,QR-Full-expanding-min750-refit10-SigmaHatRECONSTRUCTED,1,0.01938371326,0.0003757283398,-0.02781221808,-0.01859134912,-0.014602329,,,-0.002850677161,2.710044215e-05,True,
2025-09-25,2025-09-24,SPX,QR-Full,QR-Full-expanding-min750-refit10-SigmaHatRECONSTRUCTED,1,0.01483714325,0.0002201408198,-0.02264851438,-0.01478420328,-0.01253708661,,,-0.005021648742,7.914254206e-05,True,
2025-09-26,2025-09-25,SPX,QR-Full,QR-Full-expanding-min750-refit10-SigmaHatRECONSTRUCTED,1,0.01247098295,0.0001555254158,-0.02533129922,-0.01771590487,-0.01683239608,,,0.00588448906,5.263198028e-05,True,
2025-09-29,2025-09-26,SPX,QR-Full,QR-Full-expanding-min750-refit10-SigmaHatRECONSTRUCTED,1,0.01837985237,0.000337818973,-0.027413603,-0.01763382208,-0.01488783935,,,0.002632077316,2.280693044e-05,True,
2025-09-30,2025-09-29,SPX,QR-Full,QR-Full-expanding-min750-refit10-SigmaHatRECONSTRUCTED,1,0.01644495751,0.0002704366276,-0.02279872318,-0.01477736045,-0.01159157924,,,0.004082503613,4.087004316e-05,True,
2025-10-01,2025-09-30,SPX,QR-Full,QR-Full-expanding-min750-refit10-SigmaHatRECONSTRUCTED,1,0.01870972623,0.0003500538556,-0.02801192256,-0.01882658942,-0.01526135177,,,0.003394154115,3.286160086e-05,True,
2025-10-02,2025-10-01,SPX,QR-Full,QR-Full-expanding-min750-refit10-SigmaHatRECONSTRUCTED,1,0.01868047862,0.0003489602817,-0.02488518566,-0.01991482513,-0.01215454694,,,0.0006181637191,2.144085542e-05,True,
2025-10-03,2025-10-02,SPX,QR-Full,QR-Full-expanding-min750-refit10-SigmaHatRECONSTRUCTED,1,0.01553315627,0.0002412789437,-0.02276092174,-0.01503156548,-0.01217516511,,,6.551059637e-05,4.29385448e-05,True,
2025-10-06,2025-10-03,SPX,QR-Full,QR-Full-expanding-min750-refit10-SigmaHatRECONSTRUCTED,1,0.01924452287,0.0003703516605,-0.0270200277,-0.01831640911,-0.01390499608,,,0.003639959269,1.323001656e-05,True,
2025-10-07,2025-10-06,SPX,QR-Full,QR-Full-expanding-min750-refit10-SigmaHatRECONSTRUCTED,1,0.01810105979,0.0003276483655,-0.02300240788,-0.01349188037,-0.01066663976,,,-0.003818687646,3.568617395e-05,True,
2025-10-08,2025-10-07,SPX,QR-Full,QR-Full-expanding-min750-refit10-SigmaHatRECONSTRUCTED,1,0.01744876653,0.0003044594533,-0.02532619439,-0.0183704437,-0.01343496038,,,0.00581074848,1.396958129e-05,True,
2025-10-09,2025-10-08,SPX,QR-Full,QR-Full-expanding-min750-refit10-SigmaHatRECONSTRUCTED,1,0.01817254666,0.0003302414522,-0.02188734284,-0.0140482266,-0.009502856836,,,-0.002759374045,2.854382754e-05,True,
2025-10-10,2025-10-09,SPX,QR-Full,QR-Full-expanding-min750-refit10-SigmaHatRECONSTRUCTED,1,0.0150769369,0.0002273140262,-0.02255592432,-0.0160427908,-0.01228107856,,,-0.02748597534,0.0003394646126,True,
2025-10-13,2025-10-10,SPX,QR-Full,QR-Full-expanding-min750-refit10-SigmaHatRECONSTRUCTED,1,0.03805898502,0.001448486341,-0.0599598928,-0.0429122928,-0.03402291346,,,0.015478263,5.258611882e-05,True,
2025-10-14,2025-10-13,SPX,QR-Full,QR-Full-expanding-min750-refit10-SigmaHatRECONSTRUCTED,1,0.01893765378,0.0003586347307,-0.0298056409,-0.01960343217,-0.0168997388,,,-0.001565551459,0.0001145768923,True,
2025-10-15,2025-10-14,SPX,QR-Full,QR-Full-expanding-min750-refit10-SigmaHatRECONSTRUCTED,1,0.02301715503,0.0005297894255,-0.03865085995,-0.02884464462,-0.02296480122,,,0.004017918503,0.0001131054743,True,
2025-10-16,2025-10-15,SPX,QR-Full,QR-Full-expanding-min750-refit10-SigmaHatRECONSTRUCTED,1,0.02634800888,0.0006942175719,-0.0407703461,-0.0284796689,-0.02281432962,,,-0.006314280369,0.0001811137422,True,
2025-10-17,2025-10-16,SPX,QR-Full,QR-Full-expanding-min750-refit10-SigmaHatRECONSTRUCTED,1,0.0286187423,0.0008190324106,-0.04742513479,-0.03553819358,-0.02792162656,,,0.005256874034,0.0001516785122,True,
2025-10-20,2025-10-17,SPX,QR-Full,QR-Full-expanding-min750-refit10-SigmaHatRECONSTRUCTED,1,0.02637134798,0.0006954479942,-0.04109262716,-0.0282406022,-0.02312070522,,,0.01061572411,2.262394945e-05,True,
2025-10-21,2025-10-20,SPX,QR-Full,QR-Full-expanding-min750-refit10-SigmaHatRECONSTRUCTED,1,0.02319013142,0.0005377821954,-0.03136815999,-0.02024415978,-0.01556421883,,,3.269593961e-05,3.331837159e-05,True,
2025-10-22,2025-10-21,SPX,QR-Full,QR-Full-expanding-min750-refit10-SigmaHatRECONSTRUCTED,1,0.018924834,0.000358149342,-0.02615025606,-0.01900539787,-0.01325309056,,,-0.005351834877,0.0001050855334,True,
2025-10-23,2025-10-22,SPX,QR-Full,QR-Full-expanding-min750-refit10-SigmaHatRECONSTRUCTED,1,0.01995151277,0.0003980628618,-0.0340985956,-0.024981304,-0.02050175443,,,0.005810479853,4.042846889e-05,True,
2025-10-24,2025-10-23,SPX,QR-Full,QR-Full-expanding-min750-refit10-SigmaHatRECONSTRUCTED,1,0.01781645146,0.0003174259428,-0.02736328168,-0.01772804872,-0.01522147251,,,0.007871361976,1.706706789e-05,True,
2025-10-27,2025-10-24,SPX,QR-Full,QR-Full-expanding-min750-refit10-SigmaHatRECONSTRUCTED,1,0.01847841476,0.0003414518122,-0.0226091148,-0.01419056318,-0.01001618145,,,0.01221514135,1.097423406e-05,True,
2025-10-28,2025-10-27,SPX,QR-Full,QR-Full-expanding-min750-refit10-SigmaHatRECONSTRUCTED,1,0.01916826885,0.0003674225306,-0.02259066091,-0.01323213339,-0.009527595961,,,0.002285330579,1.597418862e-05,True,
2025-10-29,2025-10-28,SPX,QR-Full,QR-Full-expanding-min750-refit10-SigmaHatRECONSTRUCTED,1,0.01381472287,0.0001908465679,-0.02005494991,-0.01345633349,-0.01064029575,,,-4.357920927e-05,0.0001478313571,True,
2025-10-30,2025-10-29,SPX,QR-Full,QR-Full-expanding-min750-refit10-SigmaHatRECONSTRUCTED,1,0.01611855155,0.0002598077041,-0.02542568455,-0.02154883129,-0.0144409844,,,-0.009954191424,7.163297575e-05,True,
2025-10-31,2025-10-30,SPX,QR-Full,QR-Full-expanding-min750-refit10-SigmaHatRECONSTRUCTED,1,0.01400634232,0.0001961776253,-0.02731882053,-0.01980374201,-0.01777357881,,,0.002614500836,6.330137242e-05,True,
2025-11-03,2025-10-31,SPX,QR-Full,QR-Full-expanding-min750-refit10-SigmaHatRECONSTRUCTED,1,0.01555813743,0.0002420556403,-0.02651993669,-0.01995064224,-0.01591715553,,,0.001719234065,4.366399372e-05,True,
2025-11-04,2025-11-03,SPX,QR-Full,QR-Full-expanding-min750-refit10-SigmaHatRECONSTRUCTED,1,0.011184541,0.0001250939574,-0.02212949156,-0.01739434841,-0.01450729121,,,-0.01180625037,7.354318003e-05,True,
2025-11-05,2025-11-04,SPX,QR-Full,QR-Full-expanding-min750-refit10-SigmaHatRECONSTRUCTED,1,0.01929494682,0.0003722949728,-0.03325310073,-0.02299348993,-0.02010370548,,,0.00364689762,4.590201171e-05,True,
2025-11-06,2025-11-05,SPX,QR-Full,QR-Full-expanding-min750-refit10-SigmaHatRECONSTRUCTED,1,0.02122976636,0.0004507029798,-0.03097894094,-0.02010796464,-0.0165109773,,,-0.01124113454,0.0001166955677,True,
2025-11-07,2025-11-06,SPX,QR-Full,QR-Full-expanding-min750-refit10-SigmaHatRECONSTRUCTED,1,0.02082996525,0.0004338874525,-0.03666211412,-0.02713334949,-0.02246661264,,,0.001261046426,0.000119848957,True,
2025-11-10,2025-11-07,SPX,QR-Full,QR-Full-expanding-min750-refit10-SigmaHatRECONSTRUCTED,1,0.01742358588,0.0003035813449,-0.03203587801,-0.02419341204,-0.02016180447,,,0.01528362669,4.312509379e-05,True,
2025-11-11,2025-11-10,SPX,QR-Full,QR-Full-expanding-min750-refit10-SigmaHatRECONSTRUCTED,1,0.01486527679,0.0002209764542,-0.02551025114,-0.01728357811,-0.01537965053,,,0.002073199879,3.086731079e-05,True,
2025-11-12,2025-11-11,SPX,QR-Full,QR-Full-expanding-min750-refit10-SigmaHatRECONSTRUCTED,1,0.01722627778,0.0002967446462,-0.02589031537,-0.01802188576,-0.01415070616,,,0.0006293191853,3.878083369e-05,True,
2025-11-13,2025-11-12,SPX,QR-Full,QR-Full-expanding-min750-refit10-SigmaHatRECONSTRUCTED,1,0.01237417322,0.000153120163,-0.02172855254,-0.01600488938,-0.01329562467,,,-0.0166954517,0.0001154271466,True,
2025-11-14,2025-11-13,SPX,QR-Full,QR-Full-expanding-min750-refit10-SigmaHatRECONSTRUCTED,1,0.0279612344,0.0007818306294,-0.04346046439,-0.03045679836,-0.024405044,,,-0.0005018514574,0.0001564173876,True,
2025-11-17,2025-11-14,SPX,QR-Full,QR-Full-expanding-min750-refit10-SigmaHatRECONSTRUCTED,1,0.02177328915,0.0004740761203,-0.03645306487,-0.02710260147,-0.02161469358,,,-0.00920449789,0.0001315845249,True,
2025-11-18,2025-11-17,SPX,QR-Full,QR-Full-expanding-min750-refit10-SigmaHatRECONSTRUCTED,1,0.02365355057,0.0005594904544,-0.04064451753,-0.03018469352,-0.02452475889,,,-0.00829070984,0.0002088918632,True,
2025-11-19,2025-11-18,SPX,QR-Full,QR-Full-expanding-min750-refit10-SigmaHatRECONSTRUCTED,1,0.02727663268,0.0007440146904,-0.04560457937,-0.03227921655,-0.02701571111,,,0.003746807733,0.0001594199484,True,
2025-11-20,2025-11-19,SPX,QR-Full,QR-Full-expanding-min750-refit10-SigmaHatRECONSTRUCTED,1,0.02291340575,0.0005250241631,-0.03824407353,-0.02795441867,-0.02262871933,,,-0.01568972602,0.000327581582,True,
2025-11-21,2025-11-20,SPX,QR-Full,QR-Full-expanding-min750-refit10-SigmaHatRECONSTRUCTED,1,0.03524654379,0.001242318849,-0.05861842725,-0.04443949881,-0.03459811043,,,0.009775102927,0.0002728496542,True,
2025-11-24,2025-11-21,SPX,QR-Full,QR-Full-expanding-min750-refit10-SigmaHatRECONSTRUCTED,1,0.02597381113,0.0006746388646,-0.0444741713,-0.03303927009,-0.02677316843,,,0.01534881893,6.369245732e-05,True,
2025-11-25,2025-11-24,SPX,QR-Full,QR-Full-expanding-min750-refit10-SigmaHatRECONSTRUCTED,1,0.02218190568,0.0004920369397,-0.03456545277,-0.02437771811,-0.01944861166,,,0.009020886057,0.0001709297655,True,
2025-11-26,2025-11-25,SPX,QR-Full,QR-Full-expanding-min750-refit10-SigmaHatRECONSTRUCTED,1,0.01786257334,0.0003190715265,-0.03396338664,-0.0257166355,-0.02179014567,,,0.006882969367,5.110825012e-05,True,
2025-11-28,2025-11-26,SPX,QR-Full,QR-Full-expanding-min750-refit10-SigmaHatRECONSTRUCTED,1,0.01333040344,0.0001776996557,-0.02424826819,-0.01807070865,-0.01516367493,,,0.005340487419,,True,
2025-12-01,2025-11-28,SPX,QR-Full,QR-Full-expanding-min750-refit10-SigmaHatRECONSTRUCTED,1,,,,,,,,-0.005337548755,,False,predictors_unavailable
2025-12-02,2025-12-01,SPX,QR-Full,QR-Full-expanding-min750-refit10-SigmaHatRECONSTRUCTED,1,0.02014257374,0.0004057232767,-0.0295326848,-0.019464168,-0.01580563667,,,0.002454221141,7.851816814e-05,True,
2025-12-03,2025-12-02,SPX,QR-Full,QR-Full-expanding-min750-refit10-SigmaHatRECONSTRUCTED,1,0.01132020428,0.0001281470249,-0.02217392909,-0.01687403863,-0.014459275,,,0.002975360571,3.986020869e-05,True,
2025-12-04,2025-12-03,SPX,QR-Full,QR-Full-expanding-min750-refit10-SigmaHatRECONSTRUCTED,1,0.01206876522,0.0001456550939,-0.02163888455,-0.01568516584,-0.01341409049,,,0.001079738662,4.066522582e-05,True,
2025-12-05,2025-12-04,SPX,QR-Full,QR-Full-expanding-min750-refit10-SigmaHatRECONSTRUCTED,1,0.012175194,0.0001482353489,-0.02063210481,-0.01410336832,-0.01233478014,,,0.001934768862,3.155684566e-05,True,
2025-12-08,2025-12-05,SPX,QR-Full,QR-Full-expanding-min750-refit10-SigmaHatRECONSTRUCTED,1,0.01159664719,0.0001344822261,-0.018490288,-0.01292656297,-0.01058723966,,,-0.003483315227,3.538583429e-05,True,
2025-12-09,2025-12-08,SPX,QR-Full,QR-Full-expanding-min750-refit10-SigmaHatRECONSTRUCTED,1,0.01225381376,0.0001501559517,-0.02104381306,-0.01557081404,-0.01269290948,,,-0.000876743161,1.644924013e-05,True,
2025-12-10,2025-12-09,SPX,QR-Full,QR-Full-expanding-min750-refit10-SigmaHatRECONSTRUCTED,1,0.01025599238,0.0001051853796,-0.01686408689,-0.0116100801,-0.009874687082,,,0.006726880636,8.394643211e-05,True,
2025-12-11,2025-12-10,SPX,QR-Full,QR-Full-expanding-min750-refit10-SigmaHatRECONSTRUCTED,1,0.009561761066,9.142727469e-05,-0.02205260153,-0.01692661483,-0.01553631637,,,0.002077191952,7.715482933e-05,True,
2025-12-12,2025-12-11,SPX,QR-Full,QR-Full-expanding-min750-refit10-SigmaHatRECONSTRUCTED,1,0.009117905604,8.31362026e-05,-0.01944613189,-0.01568856871,-0.01323233167,,,-0.0107209135,0.0001050931058,True,
2025-12-15,2025-12-12,SPX,QR-Full,QR-Full-expanding-min750-refit10-SigmaHatRECONSTRUCTED,1,0.01806657801,0.000326401241,-0.03137609427,-0.02302913736,-0.01906382529,,,-0.0015978388,8.065630188e-05,True,
2025-12-16,2025-12-15,SPX,QR-Full,QR-Full-expanding-min750-refit10-SigmaHatRECONSTRUCTED,1,0.00877704787,7.703656931e-05,-0.02176781039,-0.01713721831,-0.01578630276,,,-0.002386764008,8.582794058e-05,True,
2025-12-17,2025-12-16,SPX,QR-Full,QR-Full-expanding-min750-refit10-SigmaHatRECONSTRUCTED,1,0.008711516781,7.589052462e-05,-0.02221853977,-0.01821880983,-0.0162816912,,,-0.01165985663,7.943344557e-05,True,
2025-12-18,2025-12-17,SPX,QR-Full,QR-Full-expanding-min750-refit10-SigmaHatRECONSTRUCTED,1,0.0171176087,0.0002930125277,-0.03133254008,-0.02359626127,-0.01966698822,,,0.007902951543,0.0001211299009,True,
2025-12-19,2025-12-18,SPX,QR-Full,QR-Full-expanding-min750-refit10-SigmaHatRECONSTRUCTED,1,0.01095330859,0.0001199749691,-0.02414025593,-0.01893525821,-0.01667563914,,,0.008779407366,3.02560429e-05,True,
2025-12-22,2025-12-19,SPX,QR-Full,QR-Full-expanding-min750-refit10-SigmaHatRECONSTRUCTED,1,0.01294992311,0.0001677005086,-0.02063851778,-0.01474122118,-0.01181321968,,,0.006415870521,1.598508083e-05,True,
2025-12-23,2025-12-22,SPX,QR-Full,QR-Full-expanding-min750-refit10-SigmaHatRECONSTRUCTED,1,0.01214491695,0.0001474990077,-0.01729090995,-0.01108764026,-0.009014218919,,,0.004540067092,1.064627766e-05,True,
2025-12-24,2025-12-23,SPX,QR-Full,QR-Full-expanding-min750-refit10-SigmaHatRECONSTRUCTED,1,0.01387959612,0.0001926431883,-0.01555653357,-0.01025494899,-0.00609766867,,,0.003216304399,,True,
2025-12-26,2025-12-24,SPX,QR-Full,QR-Full-expanding-min750-refit10-SigmaHatRECONSTRUCTED,1,,,,,,,,-0.0003044099808,,False,predictors_unavailable
2025-12-29,2025-12-26,SPX,QR-Full,QR-Full-expanding-min750-refit10-SigmaHatRECONSTRUCTED,1,0.006345838396,4.026966494e-05,-0.01085356739,-0.008105444344,-0.006528915027,,,-0.00349816292,1.502371236e-05,True,
2025-12-30,2025-12-29,SPX,QR-Full,QR-Full-expanding-min750-refit10-SigmaHatRECONSTRUCTED,1,0.007597664689,5.772450873e-05,-0.01303656213,-0.009421800565,-0.007858797353,,,-0.001376614251,1.279286293e-05,True,
2025-12-31,2025-12-30,SPX,QR-Full,QR-Full-expanding-min750-refit10-SigmaHatRECONSTRUCTED,1,0.01005985341,0.0001012006506,-0.01285367976,-0.007963685301,-0.005997947533,,,-0.00738486738,2.807991172e-05,True,
2026-01-02,2025-12-31,SPX,QR-Full,QR-Full-expanding-min750-refit10-SigmaHatRECONSTRUCTED,1,0.01438211321,0.0002068451804,-0.02111916616,-0.01442191997,-0.01131783875,,,0.001892914049,8.969441963e-05,True,
2026-01-05,2026-01-02,SPX,QR-Full,QR-Full-expanding-min750-refit10-SigmaHatRECONSTRUCTED,1,0.00974384384,9.494249277e-05,-0.02028535098,-0.01593630905,-0.01364497745,,,0.006334024534,1.549595069e-05,True,
2026-01-06,2026-01-05,SPX,QR-Full,QR-Full-expanding-min750-refit10-SigmaHatRECONSTRUCTED,1,0.01453871661,0.0002113742806,-0.01837931308,-0.01194762323,-0.008471261356,,,0.006177591927,1.861794689e-05,True,
2026-01-07,2026-01-06,SPX,QR-Full,QR-Full-expanding-min750-refit10-SigmaHatRECONSTRUCTED,1,0.01259959068,0.0001587496853,-0.01801364246,-0.01225190511,-0.009427093901,,,-0.003445853508,2.296626577e-05,True,
2026-01-08,2026-01-07,SPX,QR-Full,QR-Full-expanding-min750-refit10-SigmaHatRECONSTRUCTED,1,0.01290989146,0.0001666652976,-0.02010189601,-0.01454173543,-0.01130387925,,,7.654530685e-05,4.342724038e-05,True,
2026-01-09,2026-01-08,SPX,QR-Full,QR-Full-expanding-min750-refit10-SigmaHatRECONSTRUCTED,1,0.01473739933,0.000217190939,-0.02277640789,-0.01484553292,-0.01273295503,,,0.006454611107,5.010433614e-05,True,
2026-01-12,2026-01-09,SPX,QR-Full,QR-Full-expanding-min750-refit10-SigmaHatRECONSTRUCTED,1,0.007488144712,5.607231123e-05,-0.0180454321,-0.01413248085,-0.01294230456,,,0.001576390149,1.228878525e-05,True,
2026-01-13,2026-01-12,SPX,QR-Full,QR-Full-expanding-min750-refit10-SigmaHatRECONSTRUCTED,1,0.0177272177,0.0003142542474,-0.02125182278,-0.01290569144,-0.009170825898,,,-0.001941005709,3.512148567e-05,True,
2026-01-14,2026-01-13,SPX,QR-Full,QR-Full-expanding-min750-refit10-SigmaHatRECONSTRUCTED,1,0.01085963692,0.0001179317141,-0.02017320524,-0.01496189874,-0.01277242515,,,-0.005347633481,9.585695929e-05,True,
2026-01-15,2026-01-14,SPX,QR-Full,QR-Full-expanding-min750-refit10-SigmaHatRECONSTRUCTED,1,0.01579987308,0.0002496359895,-0.02785079493,-0.02053501222,-0.01708327232,,,0.002576603893,2.807467222e-05,True,
2026-01-16,2026-01-15,SPX,QR-Full,QR-Full-expanding-min750-refit10-SigmaHatRECONSTRUCTED,1,0.01541379581,0.0002375851012,-0.02307338563,-0.01529611645,-0.01256897246,,,-0.0006425086369,3.752444235e-05,True,
2026-01-20,2026-01-16,SPX,QR-Full,QR-Full-expanding-min750-refit10-SigmaHatRECONSTRUCTED,1,0.02039799469,0.0004160781872,-0.02743518521,-0.01726300563,-0.01353406918,,,-0.02084246105,7.572770616e-05,True,
2026-01-21,2026-01-20,SPX,QR-Full,QR-Full-expanding-min750-refit10-SigmaHatRECONSTRUCTED,1,0.03704856549,0.001372596205,-0.05063472293,-0.03166775095,-0.02538633868,,,0.01152111765,0.0001615825137,True,
2026-01-22,2026-01-21,SPX,QR-Full,QR-Full-expanding-min750-refit10-SigmaHatRECONSTRUCTED,1,0.01649254454,0.0002720040254,-0.03055185598,-0.02281246159,-0.01931228175,,,0.005472500785,4.04315723e-05,True,
2026-01-23,2026-01-22,SPX,QR-Full,QR-Full-expanding-min750-refit10-SigmaHatRECONSTRUCTED,1,0.02048075771,0.0004194614364,-0.02726493601,-0.01823465531,-0.01330741745,,,0.0003268163371,4.308481498e-05,True,
2026-01-26,2026-01-23,SPX,QR-Full,QR-Full-expanding-min750-refit10-SigmaHatRECONSTRUCTED,1,0.02335645068,0.0005455237886,-0.03047596814,-0.0201223497,-0.01455868137,,,0.004993594233,1.85403494e-05,True,
2026-01-27,2026-01-26,SPX,QR-Full,QR-Full-expanding-min750-refit10-SigmaHatRECONSTRUCTED,1,0.02224056103,0.0004946425551,-0.02774338098,-0.01765158074,-0.01258656658,,,0.004073587957,1.387653652e-05,True,
2026-01-28,2026-01-27,SPX,QR-Full,QR-Full-expanding-min750-refit10-SigmaHatRECONSTRUCTED,1,0.02480036571,0.0006150581393,-0.02882084784,-0.01648145665,-0.01191954128,,,-8.172646335e-05,4.530794334e-05,True,
2026-01-29,2026-01-28,SPX,QR-Full,QR-Full-expanding-min750-refit10-SigmaHatRECONSTRUCTED,1,0.01306291419,0.0001706397272,-0.02330314169,-0.01719322535,-0.01440084082,,,-0.001293467366,0.0001180755662,True,
2026-01-30,2026-01-29,SPX,QR-Full,QR-Full-expanding-min750-refit10-SigmaHatRECONSTRUCTED,1,0.01513980845,0.0002292137998,-0.02894044445,-0.02340179225,-0.01862275209,,,-0.004311179491,0.000131586918,True,
2026-02-02,2026-01-30,SPX,QR-Full,QR-Full-expanding-min750-refit10-SigmaHatRECONSTRUCTED,1,0.01338804336,0.0001792397051,-0.02874489412,-0.02213924326,-0.01962101959,,,0.005376785242,3.671035285e-05,True,
2026-02-03,2026-02-02,SPX,QR-Full,QR-Full-expanding-min750-refit10-SigmaHatRECONSTRUCTED,1,0.0157527771,0.0002481499864,-0.02531749034,-0.01832100397,-0.01458206337,,,-0.008439495474,0.0001262009735,True,
2026-02-04,2026-02-03,SPX,QR-Full,QR-Full-expanding-min750-refit10-SigmaHatRECONSTRUCTED,1,0.02396462908,0.0005743034468,-0.03798734538,-0.02846035583,-0.02165558853,,,-0.005085300191,0.0001859069718,True,
2026-02-05,2026-02-04,SPX,QR-Full,QR-Full-expanding-min750-refit10-SigmaHatRECONSTRUCTED,1,0.02031272717,0.0004126068852,-0.03703544147,-0.02816385206,-0.02319243475,,,-0.01232667793,0.000179455296,True,
2026-02-06,2026-02-05,SPX,QR-Full,QR-Full-expanding-min750-refit10-SigmaHatRECONSTRUCTED,1,0.02289700799,0.000524272975,-0.04155928287,-0.03107802315,-0.02595510365,,,0.01950434438,6.731472471e-05,True,
2026-02-09,2026-02-06,SPX,QR-Full,QR-Full-expanding-min750-refit10-SigmaHatRECONSTRUCTED,1,0.01990356508,0.000396151903,-0.03216720789,-0.02312116557,-0.01860304279,,,0.004680117784,3.59140493e-05,True,
2026-02-10,2026-02-09,SPX,QR-Full,QR-Full-expanding-min750-refit10-SigmaHatRECONSTRUCTED,1,0.02644357697,0.000699262763,-0.03258431394,-0.02076426682,-0.01456316836,,,-0.003309182195,4.457948432e-05,True,
2026-02-11,2026-02-10,SPX,QR-Full,QR-Full-expanding-min750-refit10-SigmaHatRECONSTRUCTED,1,0.01691287375,0.0002860452986,-0.02703489789,-0.01998772132,-0.01550887173,,,-4.895730596e-05,9.345107802e-05,True,
2026-02-12,2026-02-11,SPX,QR-Full,QR-Full-expanding-min750-refit10-SigmaHatRECONSTRUCTED,1,0.01577650917,0.0002488982416,-0.02871778849,-0.02130123869,-0.01796618825,,,-0.01578494135,0.0001195851753,True,
2026-02-13,2026-02-12,SPX,QR-Full,QR-Full-expanding-min750-refit10-SigmaHatRECONSTRUCTED,1,0.01942424035,0.0003773011131,-0.03770949126,-0.03009927571,-0.02447198321,,,0.0004989646079,0.0001458369511,True,
2026-02-17,2026-02-13,SPX,QR-Full,QR-Full-expanding-min750-refit10-SigmaHatRECONSTRUCTED,1,0.01413378667,0.0001997639255,-0.03085989061,-0.02434095267,-0.02122779631,,,0.001030790635,0.0002108948661,True,
2026-02-18,2026-02-17,SPX,QR-Full,QR-Full-expanding-min750-refit10-SigmaHatRECONSTRUCTED,1,0.01710856244,0.0002927029088,-0.03400191019,-0.02624466947,-0.02234252331,,,0.005550636857,6.607100051e-05,True,
2026-02-19,2026-02-18,SPX,QR-Full,QR-Full-expanding-min750-refit10-SigmaHatRECONSTRUCTED,1,0.01681855042,0.0002828636381,-0.02946212504,-0.02082756766,-0.01800037969,,,-0.00282611541,0.0001091591539,True,
2026-02-20,2026-02-19,SPX,QR-Full,QR-Full-expanding-min750-refit10-SigmaHatRECONSTRUCTED,1,0.01708896995,0.0002920328939,-0.03202198373,-0.02356973031,-0.02037594902,,,0.006915755715,0.0001224980809,True,
2026-02-23,2026-02-20,SPX,QR-Full,QR-Full-expanding-min750-refit10-SigmaHatRECONSTRUCTED,1,0.01823000834,0.0003323332042,-0.03283738577,-0.02397300693,-0.02041373996,,,-0.01043995953,7.568835946e-05,True,
2026-02-24,2026-02-23,SPX,QR-Full,QR-Full-expanding-min750-refit10-SigmaHatRECONSTRUCTED,1,0.02358762743,0.0005563761678,-0.03615155989,-0.02716979905,-0.02007672749,,,0.007622488931,7.357481584e-05,True,
2026-02-25,2026-02-24,SPX,QR-Full,QR-Full-expanding-min750-refit10-SigmaHatRECONSTRUCTED,1,0.01649776741,0.0002721763297,-0.02993406484,-0.02184598041,-0.01869093125,,,0.008103434029,1.424750712e-05,True,
2026-02-26,2026-02-25,SPX,QR-Full,QR-Full-expanding-min750-refit10-SigmaHatRECONSTRUCTED,1,0.02065246874,0.0004265244652,-0.02509572348,-0.01520286208,-0.01102118485,,,-0.005380027063,9.796160058e-05,True,
2026-02-27,2026-02-26,SPX,QR-Full,QR-Full-expanding-min750-refit10-SigmaHatRECONSTRUCTED,1,0.01195250241,0.0001428623139,-0.02720301302,-0.0220640544,-0.01905745139,,,-0.00434879506,8.463044266e-05,True,
2026-03-02,2026-02-27,SPX,QR-Full,QR-Full-expanding-min750-refit10-SigmaHatRECONSTRUCTED,1,0.01201531193,0.0001443677207,-0.02682988215,-0.02093075034,-0.0186415162,,,0.0003982753586,0.0001017884901,True,
2026-03-03,2026-03-02,SPX,QR-Full,QR-Full-expanding-min750-refit10-SigmaHatRECONSTRUCTED,1,0.01663220674,0.0002766303009,-0.03120886959,-0.02361023296,-0.01987411638,,,-0.009488908677,0.0001773555786,True,
2026-03-04,2026-03-03,SPX,QR-Full,QR-Full-expanding-min750-refit10-SigmaHatRECONSTRUCTED,1,0.01907279573,0.000363771537,-0.03751649872,-0.02927534354,-0.02451849816,,,0.007726125713,7.728521057e-05,True,
2026-03-05,2026-03-04,SPX,QR-Full,QR-Full-expanding-min750-refit10-SigmaHatRECONSTRUCTED,1,0.02169366873,0.0004706152632,-0.03336038045,-0.02271344552,-0.01857627001,,,-0.005662707764,0.0001542267077,True,
2026-03-06,2026-03-05,SPX,QR-Full,QR-Full-expanding-min750-refit10-SigmaHatRECONSTRUCTED,1,0.02334268715,0.0005448810432,-0.04033145453,-0.03035346216,-0.02442354753,,,-0.01336572037,0.0001716487337,True,
2026-03-09,2026-03-06,SPX,QR-Full,QR-Full-expanding-min750-refit10-SigmaHatRECONSTRUCTED,1,0.02811847236,0.0007906484878,-0.04792714855,-0.03408370378,-0.0287645714,,,0.008269871541,0.0002240859634,True,
2026-03-10,2026-03-09,SPX,QR-Full,QR-Full-expanding-min750-refit10-SigmaHatRECONSTRUCTED,1,0.02191226991,0.0004801475726,-0.04118838386,-0.03137899375,-0.02625529797,,,-0.00213740252,0.0001253634899,True,
2026-03-11,2026-03-10,SPX,QR-Full,QR-Full-expanding-min750-refit10-SigmaHatRECONSTRUCTED,1,0.02545799289,0.0006481094018,-0.03930015772,-0.02837178277,-0.02195068202,,,-0.0008379520704,0.0001081015734,True,
2026-03-12,2026-03-11,SPX,QR-Full,QR-Full-expanding-min750-refit10-SigmaHatRECONSTRUCTED,1,0.02590263578,0.0006709465404,-0.03820420978,-0.02721259837,-0.02055171251,,,-0.01534480826,0.0001359495654,True,
2026-03-13,2026-03-12,SPX,QR-Full,QR-Full-expanding-min750-refit10-SigmaHatRECONSTRUCTED,1,0.02985993159,0.0008916155145,-0.04697971363,-0.03377814883,-0.02663034203,,,-0.006077546432,0.00012116638,True,
2026-03-16,2026-03-13,SPX,QR-Full,QR-Full-expanding-min750-refit10-SigmaHatRECONSTRUCTED,1,0.02170633818,0.0004711651174,-0.03917599022,-0.0302324919,-0.02438324562,,,0.01007990984,7.641455044e-05,True,
2026-03-17,2026-03-16,SPX,QR-Full,QR-Full-expanding-min750-refit10-SigmaHatRECONSTRUCTED,1,0.01646123744,0.000270972338,-0.03060512706,-0.02238467308,-0.01938688845,,,0.002491149394,4.534575431e-05,True,
2026-03-18,2026-03-17,SPX,QR-Full,QR-Full-expanding-min750-refit10-SigmaHatRECONSTRUCTED,1,0.01677023606,0.0002812408176,-0.02794998214,-0.01945650463,-0.01652116274,,,-0.01370099947,8.36505527e-05,True,
2026-03-19,2026-03-18,SPX,QR-Full,QR-Full-expanding-min750-refit10-SigmaHatRECONSTRUCTED,1,0.02624420906,0.0006887585092,-0.04040452859,-0.02955088706,-0.0225192511,,,-0.002752582633,0.000144801884,True,
2026-03-20,2026-03-19,SPX,QR-Full,QR-Full-expanding-min750-refit10-SigmaHatRECONSTRUCTED,1,0.02471581358,0.0006108714409,-0.03999545223,-0.0270503856,-0.02315176747,,,-0.01525393432,0.0001318522795,True,
2026-03-23,2026-03-20,SPX,QR-Full,QR-Full-expanding-min750-refit10-SigmaHatRECONSTRUCTED,1,0.03114623479,0.0009700879416,-0.04845798947,-0.03488248255,-0.02723200964,,,0.01138810917,0.0001736670125,True,
2026-03-24,2026-03-23,SPX,QR-Full,QR-Full-expanding-min750-refit10-SigmaHatRECONSTRUCTED,1,0.01865183156,0.0003478908204,-0.0362120903,-0.02628767244,-0.0235009744,,,-0.003749595488,0.0001465834676,True,
2026-03-25,2026-03-24,SPX,QR-Full,QR-Full-expanding-min750-refit10-SigmaHatRECONSTRUCTED,1,0.02347249478,0.0005509580111,-0.04032410381,-0.02938036177,-0.02432773366,,,0.005404493736,9.916178701e-05,True,
2026-03-26,2026-03-25,SPX,QR-Full,QR-Full-expanding-min750-refit10-SigmaHatRECONSTRUCTED,1,0.01454748082,0.0002116291982,-0.03075284902,-0.02416700292,-0.02083882453,,,-0.01755944095,8.941494961e-05,True,
2026-03-27,2026-03-26,SPX,QR-Full,QR-Full-expanding-min750-refit10-SigmaHatRECONSTRUCTED,1,0.03131883277,0.0009808692858,-0.04808607491,-0.03392004425,-0.02674247055,,,-0.01686323185,0.0001046557814,True,
2026-03-30,2026-03-27,SPX,QR-Full,QR-Full-expanding-min750-refit10-SigmaHatRECONSTRUCTED,1,0.02739907729,0.0007507094364,-0.04647235913,-0.03477920261,-0.02780004558,,,-0.003953553863,0.0001114434967,True,
2026-03-31,2026-03-30,SPX,QR-Full,QR-Full-expanding-min750-refit10-SigmaHatRECONSTRUCTED,1,0.01427777454,0.0002038548459,-0.03391276838,-0.02856622442,-0.02418254717,,,0.02871489336,0.0002288245778,True,
2026-04-01,2026-03-31,SPX,QR-Full,QR-Full-expanding-min750-refit10-SigmaHatRECONSTRUCTED,1,0.01873351176,0.0003509444629,-0.03783619529,-0.02760402902,-0.02506941479,,,0.007142944899,6.313496032e-05,True,
2026-04-02,2026-04-01,SPX,QR-Full,QR-Full-expanding-min750-refit10-SigmaHatRECONSTRUCTED,1,0.01975888063,0.0003904133639,-0.0320209326,-0.02303306131,-0.01855536912,,,0.001120248108,0.0002074940802,True,
2026-04-06,2026-04-02,SPX,QR-Full,QR-Full-expanding-min750-refit10-SigmaHatRECONSTRUCTED,1,0.01906804309,0.0003635902671,-0.03580878019,-0.02744943663,-0.02281401852,,,0.004417013174,7.275525221e-05,True,
2026-04-07,2026-04-06,SPX,QR-Full,QR-Full-expanding-min750-refit10-SigmaHatRECONSTRUCTED,1,0.01833264888,0.0003360860149,-0.03043907903,-0.0217252948,-0.01794548428,,,0.000758960104,0.0001426772609,True,
2026-04-08,2026-04-07,SPX,QR-Full,QR-Full-expanding-min750-refit10-SigmaHatRECONSTRUCTED,1,0.02342627533,0.0005487903756,-0.03865645956,-0.02824805655,-0.02269158769,,,0.02477203837,7.271075864e-05,True,
2026-04-09,2026-04-08,SPX,QR-Full,QR-Full-expanding-min750-refit10-SigmaHatRECONSTRUCTED,1,0.01606476997,0.0002580768342,-0.02687244057,-0.01951523502,-0.01592439225,,,0.006151066773,5.970897728e-05,True,
2026-04-10,2026-04-09,SPX,QR-Full,QR-Full-expanding-min750-refit10-SigmaHatRECONSTRUCTED,1,0.01913594198,0.0003661842754,-0.02928890465,-0.02037918897,-0.01624787027,,,-0.001139169621,2.325834872e-05,True,
2026-04-13,2026-04-10,SPX,QR-Full,QR-Full-expanding-min750-refit10-SigmaHatRECONSTRUCTED,1,0.01846016386,0.0003407776497,-0.02538037002,-0.01722628003,-0.01279987455,,,0.0101218754,4.898230571e-05,True,
2026-04-14,2026-04-13,SPX,QR-Full,QR-Full-expanding-min750-refit10-SigmaHatRECONSTRUCTED,1,0.01639092612,0.0002686624592,-0.02571704904,-0.01776133866,-0.01454672718,,,0.011713989,2.783166222e-05,True,
2026-04-15,2026-04-14,SPX,QR-Full,QR-Full-expanding-min750-refit10-SigmaHatRECONSTRUCTED,1,0.01062593487,0.0001129104919,-0.01984466374,-0.01406818058,-0.01260315026,,,0.00794414484,4.068759657e-05,True,
2026-04-16,2026-04-15,SPX,QR-Full,QR-Full-expanding-min750-refit10-SigmaHatRECONSTRUCTED,1,0.01530400266,0.0002342124975,-0.02234743558,-0.01607795239,-0.01191784581,,,0.002606555838,4.730914723e-05,True,
2026-04-17,2026-04-16,SPX,QR-Full,QR-Full-expanding-min750-refit10-SigmaHatRECONSTRUCTED,1,0.01158498393,0.0001342118527,-0.02033302493,-0.01563225468,-0.01243792503,,,0.01196855401,3.702979884e-05,True,
2026-04-20,2026-04-17,SPX,QR-Full,QR-Full-expanding-min750-refit10-SigmaHatRECONSTRUCTED,1,0.00935245508,8.746841603e-05,-0.01840145077,-0.01451538076,-0.01202780644,,,-0.002377195928,3.127236848e-05,True,
2026-04-21,2026-04-20,SPX,QR-Full,QR-Full-expanding-min750-refit10-SigmaHatRECONSTRUCTED,1,0.01262082337,0.0001592851824,-0.02223655797,-0.01581854478,-0.01363553946,,,-0.006368453567,0.0001069180709,True,
2026-04-22,2026-04-21,SPX,QR-Full,QR-Full-expanding-min750-refit10-SigmaHatRECONSTRUCTED,1,0.01729656065,0.0002991710102,-0.02942894351,-0.02286737194,-0.01764143693,,,0.01040575591,2.381801053e-05,True,
2026-04-23,2026-04-22,SPX,QR-Full,QR-Full-expanding-min750-refit10-SigmaHatRECONSTRUCTED,1,0.01347729198,0.0001816373992,-0.02194350959,-0.01499157225,-0.01275881264,,,-0.004141432171,0.0001103283115,True,
2026-04-24,2026-04-23,SPX,QR-Full,QR-Full-expanding-min750-refit10-SigmaHatRECONSTRUCTED,1,0.01713063264,0.0002934585747,-0.03035324803,-0.02334374001,-0.01867882044,,,0.007942067949,2.42069462e-05,True,
2026-04-27,2026-04-24,SPX,QR-Full,QR-Full-expanding-min750-refit10-SigmaHatRECONSTRUCTED,1,0.01752519916,0.0003071326057,-0.02531221444,-0.016589621,-0.01336889203,,,0.001231617983,2.090335733e-05,True,
2026-04-28,2026-04-27,SPX,QR-Full,QR-Full-expanding-min750-refit10-SigmaHatRECONSTRUCTED,1,0.01679123263,0.0002819454932,-0.02355481736,-0.01500719077,-0.01211168892,,,-0.00490618779,2.562893181e-05,True,
2026-04-29,2026-04-28,SPX,QR-Full,QR-Full-expanding-min750-refit10-SigmaHatRECONSTRUCTED,1,0.01490933221,0.0002222881869,-0.02339895822,-0.01627729543,-0.01323833409,,,-0.0003992518311,4.405978793e-05,True,
2026-04-30,2026-04-29,SPX,QR-Full,QR-Full-expanding-min750-refit10-SigmaHatRECONSTRUCTED,1,0.01675900884,0.0002808643774,-0.0258650907,-0.01825467132,-0.01444392259,,,0.01018618426,4.125348668e-05,True,
2026-05-01,2026-04-30,SPX,QR-Full,QR-Full-expanding-min750-refit10-SigmaHatRECONSTRUCTED,1,0.01391929368,0.0001937467365,-0.02426164883,-0.0170546624,-0.01477573027,,,0.002924049609,3.854538219e-05,True,
2026-05-04,2026-05-01,SPX,QR-Full,QR-Full-expanding-min750-refit10-SigmaHatRECONSTRUCTED,1,0.01507151963,0.0002271507041,-0.02168162216,-0.01565269706,-0.01141046824,,,-0.004070462462,5.893711086e-05,True,
2026-05-05,2026-05-04,SPX,QR-Full,QR-Full-expanding-min750-refit10-SigmaHatRECONSTRUCTED,1,0.01786626104,0.0003192032837,-0.0291605403,-0.02153944997,-0.01698478618,,,0.008087227402,1.757991236e-05,True,
2026-05-06,2026-05-05,SPX,QR-Full,QR-Full-expanding-min750-refit10-SigmaHatRECONSTRUCTED,1,0.01472151693,0.0002167230606,-0.02117111124,-0.01402126327,-0.01113848214,,,0.01448294428,1.908768173e-05,True,
2026-05-07,2026-05-06,SPX,QR-Full,QR-Full-expanding-min750-refit10-SigmaHatRECONSTRUCTED,1,0.0170200331,0.0002896815268,-0.02403010258,-0.0155419816,-0.01243104793,,,-0.003810345496,5.521785105e-05,True,
2026-05-08,2026-05-07,SPX,QR-Full,QR-Full-expanding-min750-refit10-SigmaHatRECONSTRUCTED,1,0.01684770578,0.0002838451901,-0.02706224179,-0.02022727699,-0.01558062722,,,0.008390405497,1.965393142e-05,True,
2026-05-11,2026-05-08,SPX,QR-Full,QR-Full-expanding-min750-refit10-SigmaHatRECONSTRUCTED,1,0.0160464131,0.0002574873735,-0.02319602534,-0.01463227942,-0.01226048712,,,0.001878191745,2.532869378e-05,True,
2026-05-12,2026-05-11,SPX,QR-Full,QR-Full-expanding-min750-refit10-SigmaHatRECONSTRUCTED,1,0.02071416234,0.0004290765214,-0.02647939061,-0.01712251553,-0.01236280814,,,-0.001603894437,4.598397626e-05,True,
2026-05-13,2026-05-12,SPX,QR-Full,QR-Full-expanding-min750-refit10-SigmaHatRECONSTRUCTED,1,0.01687795935,0.0002848655117,-0.02744231847,-0.01964748825,-0.01594008627,,,0.005832206055,3.172712966e-05,True,
2026-05-14,2026-05-13,SPX,QR-Full,QR-Full-expanding-min750-refit10-SigmaHatRECONSTRUCTED,1,0.01933929476,0.0003740083219,-0.02763608495,-0.01897007213,-0.01445646682,,,0.007626449094,3.084529015e-05,True,
2026-05-15,2026-05-14,SPX,QR-Full,QR-Full-expanding-min750-refit10-SigmaHatRECONSTRUCTED,1,0.01290068068,0.000166427562,-0.02225927212,-0.01619847076,-0.01346753245,,,-0.01244038174,7.538093628e-05,True,
2026-05-18,2026-05-15,SPX,QR-Full,QR-Full-expanding-min750-refit10-SigmaHatRECONSTRUCTED,1,0.02660290329,0.0007077144636,-0.03781794688,-0.0262722844,-0.01968822133,,,-0.0007359385504,0.0001422545952,True,
2026-05-19,2026-05-18,SPX,QR-Full,QR-Full-expanding-min750-refit10-SigmaHatRECONSTRUCTED,1,0.02296572448,0.0005274245007,-0.03458457524,-0.02459546585,-0.01893356613,,,-0.006700720637,9.239468192e-05,True,
2026-05-20,2026-05-19,SPX,QR-Full,QR-Full-expanding-min750-refit10-SigmaHatRECONSTRUCTED,1,0.01972777642,0.0003891851624,-0.03235382327,-0.02387381466,-0.01890945713,,,0.01073420813,6.721674985e-05,True,
2026-05-21,2026-05-20,SPX,QR-Full,QR-Full-expanding-min750-refit10-SigmaHatRECONSTRUCTED,1,0.01701864959,0.000289634434,-0.02693021555,-0.01928106695,-0.01533210376,,,0.001713860932,0.000100508011,True,
2026-05-22,2026-05-21,SPX,QR-Full,QR-Full-expanding-min750-refit10-SigmaHatRECONSTRUCTED,1,0.01589574341,0.0002526746585,-0.02906588123,-0.02199640194,-0.01823302354,,,0.003720045284,3.821407659e-05,True,
2026-05-26,2026-05-22,SPX,QR-Full,QR-Full-expanding-min750-refit10-SigmaHatRECONSTRUCTED,1,0.01704375434,0.0002904895619,-0.02502123837,-0.01782065114,-0.01340601784,,,0.006089680577,2.299869624e-05,True,
2026-05-27,2026-05-26,SPX,QR-Full,QR-Full-expanding-min750-refit10-SigmaHatRECONSTRUCTED,1,0.01449588494,0.0002101306802,-0.02264183316,-0.01562274743,-0.01276297097,,,0.0001648655412,3.885524124e-05,True,
2026-05-28,2026-05-27,SPX,QR-Full,QR-Full-expanding-min750-refit10-SigmaHatRECONSTRUCTED,1,0.0130821916,0.0001711437371,-0.0216804207,-0.01631904223,-0.01276498238,,,0.005737227274,3.606786847e-05,True,
2026-05-29,2026-05-28,SPX,QR-Full,QR-Full-expanding-min750-refit10-SigmaHatRECONSTRUCTED,1,0.01882698531,0.0003544553759,-0.02409401573,-0.01542015702,-0.01126353355,,,0.00216990476,3.115471303e-05,True,
2026-06-01,2026-05-29,SPX,QR-Full,QR-Full-expanding-min750-refit10-SigmaHatRECONSTRUCTED,1,0.01176840956,0.0001384954636,-0.01926677937,-0.01406956987,-0.01124667595,,,0.002621856015,2.623064254e-05,True,
2026-06-02,2026-06-01,SPX,QR-Full,QR-Full-expanding-min750-refit10-SigmaHatRECONSTRUCTED,1,0.01182617861,0.0001398585005,-0.01973055299,-0.01403883924,-0.0116710803,,,0.001291254884,1.275092517e-05,True,
2026-06-03,2026-06-02,SPX,QR-Full,QR-Full-expanding-min750-refit10-SigmaHatRECONSTRUCTED,1,0.01432257226,0.0002051360763,-0.01872506438,-0.01173384574,-0.008964313779,,,-0.007399348843,3.586275935e-05,True,
2026-06-04,2026-06-03,SPX,QR-Full,QR-Full-expanding-min750-refit10-SigmaHatRECONSTRUCTED,1,0.01290356894,0.0001665020913,-0.02284048388,-0.01798715437,-0.01404677588,,,0.004046762394,2.15961267e-05,True,
2026-06-05,2026-06-04,SPX,QR-Full,QR-Full-expanding-min750-refit10-SigmaHatRECONSTRUCTED,1,0.01477252066,0.0002182273666,-0.02067924541,-0.01396841914,-0.01061185757,,,-0.02680133042,0.0001175434186,True,
2026-06-08,2026-06-05,SPX,QR-Full,QR-Full-expanding-min750-refit10-SigmaHatRECONSTRUCTED,1,0.02914994601,0.0008497193523,-0.04792482178,-0.03501063767,-0.02805930127,,,0.002973705195,0.0001071625116,True,
2026-06-09,2026-06-08,SPX,QR-Full,QR-Full-expanding-min750-refit10-SigmaHatRECONSTRUCTED,1,0.01548065221,0.0002396505927,-0.02753810916,-0.02133265751,-0.01698813374,,,-0.002579718576,0.0004595012405,True,
2026-06-10,2026-06-09,SPX,QR-Full,QR-Full-expanding-min750-refit10-SigmaHatRECONSTRUCTED,1,0.02909853405,0.000846724684,-0.04769338233,-0.03661869327,-0.02786289877,,,-0.01633209587,0.0002136048915,True,
2026-06-11,2026-06-10,SPX,QR-Full,QR-Full-expanding-min750-refit10-SigmaHatRECONSTRUCTED,1,0.02978541965,0.0008871712236,-0.0482582216,-0.03508281539,-0.02795962946,,,0.01736719901,0.0003790968843,True,
2026-06-12,2026-06-11,SPX,QR-Full,QR-Full-expanding-min750-refit10-SigmaHatRECONSTRUCTED,1,0.02477206284,0.0006136550973,-0.04137268086,-0.03050515038,-0.02449066254,,,0.005012928093,0.0002344031871,True,
2026-06-15,2026-06-12,SPX,QR-Full,QR-Full-expanding-min750-refit10-SigmaHatRECONSTRUCTED,1,0.0215805955,0.0004657221021,-0.03542794781,-0.02761897886,-0.02072089613,,,0.01639328412,2.245863002e-05,True,
2026-06-16,2026-06-15,SPX,QR-Full,QR-Full-expanding-min750-refit10-SigmaHatRECONSTRUCTED,1,0.01666879764,0.0002778488149,-0.02601210882,-0.01810512141,-0.01465241912,,,-0.005700395985,3.538266458e-05,True,
2026-06-17,2026-06-16,SPX,QR-Full,QR-Full-expanding-min750-refit10-SigmaHatRECONSTRUCTED,1,0.01473400942,0.0002170910336,-0.02465173148,-0.01845548545,-0.01461058882,,,-0.0122226756,0.0002791126076,True,
2026-06-18,2026-06-17,SPX,QR-Full,QR-Full-expanding-min750-refit10-SigmaHatRECONSTRUCTED,1,0.01897888124,0.000360197933,-0.03610624571,-0.02984696407,-0.02317224733,,,0.0107878139,5.579498977e-05,True,
2026-06-22,2026-06-18,SPX,QR-Full,QR-Full-expanding-min750-refit10-SigmaHatRECONSTRUCTED,1,0.004703797993,2.212571556e-05,-0.01649855229,-0.01470272591,-0.01329294102,,,-0.003711932677,9.230154711e-05,True,
2026-06-23,2026-06-22,SPX,QR-Full,QR-Full-expanding-min750-refit10-SigmaHatRECONSTRUCTED,1,0.01208987272,0.0001461650223,-0.02512038478,-0.02024254995,-0.01688120608,,,-0.01446692837,7.187483297e-05,True,
2026-06-24,2026-06-23,SPX,QR-Full,QR-Full-expanding-min750-refit10-SigmaHatRECONSTRUCTED,1,0.01966811902,0.0003868349058,-0.03284732239,-0.02449608004,-0.01944361243,,,-0.000983415355,0.0001189933439,True,
2026-06-25,2026-06-24,SPX,QR-Full,QR-Full-expanding-min750-refit10-SigmaHatRECONSTRUCTED,1,0.01149752967,0.0001321931885,-0.02605516352,-0.02203124124,-0.0182196632,,,-9.921111225e-05,0.0002520648871,True,
2026-06-26,2026-06-25,SPX,QR-Full,QR-Full-expanding-min750-refit10-SigmaHatRECONSTRUCTED,1,0.01515325287,0.0002296210725,-0.03116602816,-0.02526519486,-0.0208391735,,,-0.0004717685682,0.0001360228497,True,
2026-06-29,2026-06-26,SPX,QR-Full,QR-Full-expanding-min750-refit10-SigmaHatRECONSTRUCTED,1,0.01747940861,0.0003055297253,-0.03040510042,-0.02463498484,-0.01849298401,,,0.01168156133,9.917944933e-05,True,
2026-06-30,2026-06-29,SPX,QR-Full,QR-Full-expanding-min750-refit10-SigmaHatRECONSTRUCTED,1,0.01454054642,0.0002114274902,-0.02736998569,-0.0214151117,-0.01746068696,,,0.007888998771,4.144904874e-05,True,
2026-07-01,2026-06-30,SPX,QR-Full,QR-Full-expanding-min750-refit10-SigmaHatRECONSTRUCTED,1,0.01110105442,0.0001232334091,-0.02142245325,-0.01622806578,-0.01385714853,,,-0.002153151011,3.130509952e-05,True,
2026-07-02,2026-07-01,SPX,QR-Full,QR-Full-expanding-min750-refit10-SigmaHatRECONSTRUCTED,1,0.01591899194,0.0002534143043,-0.02640132088,-0.01923346696,-0.01555261946,,,1.370262975e-06,0.0001205897685,True,
2026-07-06,2026-07-02,SPX,QR-Full,QR-Full-expanding-min750-refit10-SigmaHatRECONSTRUCTED,1,0.01338435945,0.0001791410779,-0.0266988172,-0.02188863127,-0.01757745323,,,0.00721541391,1.898914236e-05,True,
2026-07-07,2026-07-06,SPX,QR-Full,QR-Full-expanding-min750-refit10-SigmaHatRECONSTRUCTED,1,0.007314752437,5.350560321e-05,-0.01495972514,-0.01078212175,-0.009974763431,,,-0.004465063236,3.296243103e-05,True,
2026-07-08,2026-07-07,SPX,QR-Full,QR-Full-expanding-min750-refit10-SigmaHatRECONSTRUCTED,1,0.006977921614,4.869139005e-05,-0.01683128799,-0.01334389589,-0.01207587455,,,-0.0028212146,5.118241825e-05,True,
2026-07-09,2026-07-08,SPX,QR-Full,QR-Full-expanding-min750-refit10-SigmaHatRECONSTRUCTED,1,0.01077688045,0.0001161411523,-0.02161052821,-0.01690488365,-0.01426614619,,,0.008109821686,3.435769277e-05,True,
2026-07-10,2026-07-09,SPX,QR-Full,QR-Full-expanding-min750-refit10-SigmaHatRECONSTRUCTED,1,0.009946877153,9.894036509e-05,-0.01896477664,-0.01404955046,-0.01218603708,,,0.004200010992,3.048416036e-05,True,
2026-07-13,2026-07-10,SPX,QR-Full,QR-Full-expanding-min750-refit10-SigmaHatRECONSTRUCTED,1,0.008091502507,6.547241282e-05,-0.01578340113,-0.01259977479,-0.01026908872,,,-0.007958609032,4.540938718e-05,True,
2026-07-14,2026-07-13,SPX,QR-Full,QR-Full-expanding-min750-refit10-SigmaHatRECONSTRUCTED,1,0.01006714321,0.0001013473724,-0.02149706428,-0.01665141885,-0.0146363641,,,0.003751931077,3.928194866e-05,True,
2026-07-15,2026-07-14,SPX,QR-Full,QR-Full-expanding-min750-refit10-SigmaHatRECONSTRUCTED,1,0.01394951244,0.0001945888974,-0.02155455924,-0.01498394025,-0.01204804677,,,0.003811869864,4.990242063e-05,True,
2026-07-16,2026-07-15,SPX,QR-Full,QR-Full-expanding-min750-refit10-SigmaHatRECONSTRUCTED,1,0.008588169582,7.375665677e-05,-0.01840362922,-0.0146968467,-0.01255084105,,,-0.005114462025,4.888517799e-05,True,
2026-07-17,2026-07-16,SPX,QR-Full,QR-Full-expanding-min750-refit10-SigmaHatRECONSTRUCTED,1,0.01280973039,0.0001640891927,-0.02369581508,-0.01766953597,-0.01496605751,,,-0.01014987631,8.077287817e-05,True,
2026-07-20,2026-07-17,SPX,QR-Full,QR-Full-expanding-min750-refit10-SigmaHatRECONSTRUCTED,1,0.01509843429,0.0002279627181,-0.02911767121,-0.0215364258,-0.0188281751,,,-0.001934123853,6.163258984e-05,True,
2026-07-21,2026-07-20,SPX,QR-Full,QR-Full-expanding-min750-refit10-SigmaHatRECONSTRUCTED,1,0.01442299635,0.0002080228238,-0.02600026534,-0.02055610357,-0.0161710763,,,0.008817378412,2.100786206e-05,True,
2026-07-22,2026-07-21,SPX,QR-Full,QR-Full-expanding-min750-refit10-SigmaHatRECONSTRUCTED,1,0.01504590848,0.000226379362,-0.02198315757,-0.01433031496,-0.0117294575,,,-0.001364622376,1.839493255e-05,True,
2026-07-23,2026-07-22,SPX,QR-Full,QR-Full-expanding-min750-refit10-SigmaHatRECONSTRUCTED,1,0.01489786631,0.0002219464205,-0.02190370673,-0.01446805209,-0.01175089654,,,-0.0121633721,8.787565399e-05,True,
2026-07-24,2026-07-23,SPX,QR-Full,QR-Full-expanding-min750-refit10-SigmaHatRECONSTRUCTED,1,0.01602374004,0.0002567602449,-0.02963709648,-0.0226968597,-0.01871700983,,,0.0004966404318,9.769759922e-05,True,
2026-07-27,2026-07-24,SPX,QR-Full,QR-Full-expanding-min750-refit10-SigmaHatRECONSTRUCTED,1,0.0133712543,0.0001787904415,-0.02499107171,-0.01930900081,-0.01587863883,,,0.0001619133945,9.488835909e-05,True,
2026-07-28,2026-07-27,SPX,QR-Full,QR-Full-expanding-min750-refit10-SigmaHatRECONSTRUCTED,1,0.01418953348,0.0002013428605,-0.02656144417,-0.02138831715,-0.01689135874,,,0.002102096325,5.078666309e-05,True,
2026-07-29,2026-07-28,SPX,QR-Full,QR-Full-expanding-min750-refit10-SigmaHatRECONSTRUCTED,1,0.01693699502,0.0002868618004,-0.0279027289,-0.02000328229,-0.01636026423,,,-0.01527739718,0.0001879968453,True,
2026-07-30,2026-07-29,SPX,QR-Full,QR-Full-expanding-min750-refit10-SigmaHatRECONSTRUCTED,1,0.03464160278,0.001200040643,-0.05126342858,-0.03663654808,-0.02765537558,,,0.01646801405,5.963077165e-05,True,
2026-07-31,2026-07-30,SPX,QR-Full,QR-Full-expanding-min750-refit10-SigmaHatRECONSTRUCTED,1,0.02314458272,0.0005356717092,-0.03243625297,-0.02205303857,-0.016663353,,,0.006979208379,9.56501225e-05,True,
2026-08-03,2026-07-31,SPX,QR-Full,QR-Full-expanding-min750-refit10-SigmaHatRECONSTRUCTED,1,0.02033322499,0.0004134400384,-0.03122339454,-0.02383428407,-0.01736641869,,,0.01468259224,2.009274439e-05,True,
2026-08-04,2026-08-03,SPX,QR-Full,QR-Full-expanding-min750-refit10-SigmaHatRECONSTRUCTED,1,0.01476465958,0.0002179951726,-0.02347925647,-0.01484404067,-0.0134172259,,,0.01773794208,3.767086541e-05,True,
2026-08-05,2026-08-04,SPX,QR-Full,QR-Full-expanding-min750-refit10-SigmaHatRECONSTRUCTED,1,0.01438662962,0.0002069751118,-0.02548473349,-0.01781441473,-0.01568032817,,,-0.001677899025,4.943860895e-05,True,
2026-08-06,2026-08-05,SPX,QR-Full,QR-Full-expanding-min750-refit10-SigmaHatRECONSTRUCTED,1,0.01560581558,0.0002435414801,-0.02302916639,-0.01818982182,-0.01239389284,,,-0.001761083217,4.283938614e-05,True,
2026-08-07,2026-08-06,SPX,QR-Full,QR-Full-expanding-min750-refit10-SigmaHatRECONSTRUCTED,1,0.00918094484,8.428974816e-05,-0.01856465187,-0.01508617875,-0.01230789077,,,0.006165187453,4.245340368e-05,True,
2026-08-10,2026-08-07,SPX,QR-Full,QR-Full-expanding-min750-refit10-SigmaHatRECONSTRUCTED,1,0.01273547376,0.0001621922918,-0.02061871585,-0.01457814499,-0.01193956375,,,-0.0005841463667,2.025496093e-05,True,
2026-08-11,2026-08-10,SPX,QR-Full,QR-Full-expanding-min750-refit10-SigmaHatRECONSTRUCTED,1,0.01219584817,0.0001487387127,-0.01811584931,-0.01273703506,-0.009804448939,,,-0.003218033797,2.002139986e-05,True,
2026-08-12,2026-08-11,SPX,QR-Full,QR-Full-expanding-min750-refit10-SigmaHatRECONSTRUCTED,1,0.01237771418,0.0001532078082,-0.01863835911,-0.01327864178,-0.01020301811,,,0.00262327452,1.993433805e-05,True,
2026-08-13,2026-08-12,SPX,QR-Full,QR-Full-expanding-min750-refit10-SigmaHatRECONSTRUCTED,1,0.008225131589,6.765278966e-05,-0.01446366811,-0.01112856993,-0.008858288246,,,0.006494991891,2.578447191e-05,True,
2026-08-14,2026-08-13,SPX,QR-Full,QR-Full-expanding-min750-refit10-SigmaHatRECONSTRUCTED,1,0.008567314728,7.339888164e-05,-0.01575553957,-0.01116528881,-0.009916963866,,,-0.001697874034,1.105289882e-05,True,
2026-08-17,2026-08-14,SPX,QR-Full,QR-Full-expanding-min750-refit10-SigmaHatRECONSTRUCTED,1,0.01465616352,0.0002148031291,-0.01835260385,-0.01155075128,-0.00836451273,,,-0.005241165711,1.184231776e-05,True,
2026-08-18,2026-08-17,SPX,QR-Full,QR-Full-expanding-min750-refit10-SigmaHatRECONSTRUCTED,1,0.01769325745,0.0003130513593,-0.02066248793,-0.0126663762,-0.008604634763,,,-0.006905632821,1.593284177e-05,True,
2026-08-19,2026-08-18,SPX,QR-Full,QR-Full-expanding-min750-refit10-SigmaHatRECONSTRUCTED,1,0.01431704493,0.0002049777755,-0.0197006989,-0.0126790884,-0.009943715143,,,0.002106557678,5.077476994e-05,True,
2026-08-20,2026-08-19,SPX,QR-Full,QR-Full-expanding-min750-refit10-SigmaHatRECONSTRUCTED,1,0.01062323852,0.0001128531966,-0.01868404132,-0.01386417328,-0.01144436538,,,-0.008706708718,3.45000303e-05,True,
2026-08-21,2026-08-20,SPX,QR-Full,QR-Full-expanding-min750-refit10-SigmaHatRECONSTRUCTED,1,0.01619131308,0.0002621586191,-0.02493848088,-0.01727336648,-0.01390419417,,,0.00433677613,2.066368151e-05,True,
