Date,OriginDate,Code,Model,Spec,Horizon,SigmaHat,VarHat,VaR_01,VaR_025,VaR_05,ES_01,ES_025,Realized,RVProxy,Valid,Reason
2011-09-19,,UKX,RealGARCH,RealGARCH11-logRVscaled-studentt,1,0.0116834689,0.0001365034455,,,,,,-0.02047489742,0.0001472430303,False,no_prior_day_in_estimation_sample
2011-09-20,2011-09-19,UKX,RealGARCH,RealGARCH11-logRVscaled-studentt,1,0.01181264915,0.00013953868,-0.02965476116,-0.02339597339,-0.01873136858,-0.03722257062,-0.03051096287,0.01959907494,0.000224499046,True,
2011-09-21,2011-09-20,UKX,RealGARCH,RealGARCH11-logRVscaled-studentt,1,0.0130258671,0.0001696732138,-0.03272192068,-0.02582032421,-0.02067664124,-0.0410669819,-0.03366605857,-0.01413834768,0.0002317287756,True,
2011-09-22,2011-09-21,UKX,RealGARCH,RealGARCH11-logRVscaled-studentt,1,0.01384764603,0.0001917573005,-0.03479947571,-0.02746246972,-0.02199428088,-0.04367101208,-0.03580317759,-0.04779221266,0.0004931394678,True,
2011-09-23,2011-09-22,UKX,RealGARCH,RealGARCH11-logRVscaled-studentt,1,0.01688133232,0.0002849793808,-0.04246899609,-0.0335246285,-0.02685849096,-0.05328407277,-0.04369258492,0.004985904682,,True,
2011-09-26,2011-09-23,UKX,RealGARCH,RealGARCH11-logRVscaled-studentt,1,0.01672728263,0.0002798019842,-0.04207954012,-0.03321679388,-0.02661148782,-0.05279592441,-0.04329196317,0.004450510024,,True,RV_imputed_in_recursion
2011-09-27,2011-09-26,UKX,RealGARCH,RealGARCH11-logRVscaled-studentt,1,0.01657616848,0.0002747693616,-0.04169750556,-0.0329148253,-0.02636919153,-0.05231707811,-0.04289897558,0.03943308528,,True,RV_imputed_in_recursion
2011-09-28,2011-09-27,UKX,RealGARCH,RealGARCH11-logRVscaled-studentt,1,0.01642792033,0.0002698765664,-0.04132271656,-0.03261858378,-0.02613149056,-0.05184731349,-0.04251344129,-0.01455546661,,True,RV_imputed_in_recursion
2011-09-29,2011-09-28,UKX,RealGARCH,RealGARCH11-logRVscaled-studentt,1,0.01628247059,0.0002651188484,-0.04095500228,-0.03232793427,-0.02589827656,-0.05138641639,-0.04213518456,-0.003994530813,,True,RV_imputed_in_recursion
2011-09-30,2011-09-29,UKX,RealGARCH,RealGARCH11-logRVscaled-studentt,1,0.01613975359,0.000260491646,-0.04059419671,-0.03204274555,-0.02566944425,-0.05093417874,-0.04176403461,-0.01322979526,,True,RV_imputed_in_recursion
2011-10-03,2011-09-30,UKX,RealGARCH,RealGARCH11-logRVscaled-studentt,1,0.01599970552,0.0002559905768,-0.04024013851,-0.03176289011,-0.02544489129,-0.05049039832,-0.04139982548,-0.01038817652,,True,RV_imputed_in_recursion
2011-10-04,2011-10-03,UKX,RealGARCH,RealGARCH11-logRVscaled-studentt,1,0.01586226435,0.0002516114303,-0.03989267085,-0.03148824397,-0.02522451823,-0.05005487856,-0.04104239584,-0.02616943903,,True,RV_imputed_in_recursion
2011-10-05,2011-10-04,UKX,RealGARCH,RealGARCH11-logRVscaled-studentt,1,0.01572736977,0.00024735016,-0.03955164129,-0.03121868665,-0.02500822838,-0.04962742838,-0.04069158888,0.03141625427,,True,RV_imputed_in_recursion
2011-10-06,2011-10-05,UKX,RealGARCH,RealGARCH11-logRVscaled-studentt,1,0.01559496316,0.0002432028761,-0.03921690161,-0.030954101,-0.02479592773,-0.049207862,-0.04034725213,0.03639206803,,True,RV_imputed_in_recursion
2011-10-07,2011-10-06,UKX,RealGARCH,RealGARCH11-logRVscaled-studentt,1,0.01546498752,0.0002391658389,-0.03888830769,-0.03069437308,-0.02458752489,-0.04879599879,-0.04000923735,0.002284180316,,True,RV_imputed_in_recursion
2011-10-10,2011-10-07,UKX,RealGARCH,RealGARCH11-logRVscaled-studentt,1,0.0153373874,0.0002352354521,-0.03856571938,-0.03043939214,-0.02438293096,-0.04839166307,-0.03967740035,0.0178656454,,True,RV_imputed_in_recursion
2011-10-11,2011-10-10,UKX,RealGARCH,RealGARCH11-logRVscaled-studentt,1,0.01521210888,0.0002314082565,-0.03824900036,-0.03018905041,-0.02418205949,-0.04799468399,-0.03935160093,-0.0006113750346,,True,RV_imputed_in_recursion
2011-10-12,2011-10-11,UKX,RealGARCH,RealGARCH11-logRVscaled-studentt,1,0.01508909952,0.0002276809243,-0.03793801804,-0.0299432431,-0.02398482638,-0.04760489536,-0.03903170267,0.008507476456,,True,RV_imputed_in_recursion
2011-10-13,2011-10-12,UKX,RealGARCH,RealGARCH11-logRVscaled-studentt,1,0.01496830829,0.0002240502531,-0.03763264343,-0.02970186824,-0.02379114983,-0.04722213547,-0.0387175729,-0.007081485728,,True,RV_imputed_in_recursion
2011-10-14,2011-10-13,UKX,RealGARCH,RealGARCH11-logRVscaled-studentt,1,0.01484968555,0.0002205131609,-0.03733275101,-0.02946482663,-0.02360095022,-0.04684624704,-0.03840908249,0.01159187963,,True,RV_imputed_in_recursion
2011-10-17,2011-10-14,UKX,RealGARCH,RealGARCH11-logRVscaled-studentt,1,0.01473318299,0.000217066681,-0.03703821865,-0.02923202173,-0.02341415011,-0.04647707696,-0.03810610582,-0.005447951536,,True,RV_imputed_in_recursion
2011-10-18,2011-10-17,UKX,RealGARCH,RealGARCH11-logRVscaled-studentt,1,0.01461875359,0.0002137079566,-0.0367489275,-0.0290033596,-0.02323067411,-0.04611447627,-0.03780852063,-0.004849285856,,True,RV_imputed_in_recursion
2011-10-19,2011-10-18,UKX,RealGARCH,RealGARCH11-logRVscaled-studentt,1,0.0145063516,0.0002104342367,-0.03646476188,-0.02877874879,-0.02305044885,-0.04575829997,-0.03751620791,0.007384338421,,True,RV_imputed_in_recursion
2011-10-20,2011-10-19,UKX,RealGARCH,RealGARCH11-logRVscaled-studentt,1,0.01439593247,0.0002072428716,-0.03618560916,-0.0285581003,-0.02287340291,-0.0454084069,-0.03722905181,-0.01214571262,,True,RV_imputed_in_recursion
2011-10-21,2011-10-20,UKX,RealGARCH,RealGARCH11-logRVscaled-studentt,1,0.01428745283,0.0002041313084,-0.03591135971,-0.02834132747,-0.02269946675,-0.04506465965,-0.03694693957,0.01912983387,,True,RV_imputed_in_recursion
2011-10-24,2011-10-21,UKX,RealGARCH,RealGARCH11-logRVscaled-studentt,1,0.01418087047,0.0002010970872,-0.03564190679,-0.02812834591,-0.02252857267,-0.04472692441,-0.03666976137,0.01076407563,,True,RV_imputed_in_recursion
2011-10-25,2011-10-24,UKX,RealGARCH,RealGARCH11-logRVscaled-studentt,1,0.01407614425,0.000198137837,-0.03537714645,-0.02791907347,-0.02236065475,-0.0443950709,-0.03639741029,-0.00408180342,,True,RV_imputed_in_recursion
2011-10-26,2011-10-25,UKX,RealGARCH,RealGARCH11-logRVscaled-studentt,1,0.01397323415,0.0001952512726,-0.03511697744,-0.02771343013,-0.02219564877,-0.04406897223,-0.03612978218,0.005000632247,,True,RV_imputed_in_recursion
2011-10-27,2011-10-26,UKX,RealGARCH,RealGARCH11-logRVscaled-studentt,1,0.01387210115,0.0001924351904,-0.03486130118,-0.02751133794,-0.02203349221,-0.0437485048,-0.03586677561,0.02850989402,,True,RV_imputed_in_recursion
2011-10-28,2011-10-27,UKX,RealGARCH,RealGARCH11-logRVscaled-studentt,1,0.01377270727,0.0001896874655,-0.0346100216,-0.027312721,-0.02187412414,-0.04343354823,-0.03560829179,-0.002032167833,,True,RV_imputed_in_recursion
2011-10-31,2011-10-28,UKX,RealGARCH,RealGARCH11-logRVscaled-studentt,1,0.01367501548,0.0001870060485,-0.03436304513,-0.02711750532,-0.02171748521,-0.04312398522,-0.03535423444,-0.02809972804,,True,RV_imputed_in_recursion
2011-11-01,2011-10-31,UKX,RealGARCH,RealGARCH11-logRVscaled-studentt,1,0.01357898973,0.0001843889622,-0.03412028059,-0.02692561886,-0.0215635176,-0.04281970149,-0.03510450979,-0.02236137853,,True,RV_imputed_in_recursion
2011-11-02,2011-11-01,UKX,RealGARCH,RealGARCH11-logRVscaled-studentt,1,0.01348459487,0.0001818342989,-0.03388163914,-0.02673699137,-0.02141216496,-0.04252058569,-0.03485902643,0.01146202135,,True,RV_imputed_in_recursion
2011-11-03,2011-11-02,UKX,RealGARCH,RealGARCH11-logRVscaled-studentt,1,0.01339179666,0.0001793402177,-0.03364703419,-0.02655155442,-0.02126337238,-0.04222652928,-0.03461769531,0.01115182394,,True,RV_imputed_in_recursion
2011-11-04,2011-11-03,UKX,RealGARCH,RealGARCH11-logRVscaled-studentt,1,0.0133005617,0.0001769049415,-0.03341638135,-0.02636924131,-0.02111708633,-0.04193742649,-0.0343804296,-0.003323444738,,True,RV_imputed_in_recursion
2011-11-07,2011-11-04,UKX,RealGARCH,RealGARCH11-logRVscaled-studentt,1,0.01321085747,0.000174526755,-0.03318959836,-0.02618998701,-0.02097325463,-0.04165317421,-0.03414714468,-0.002971625669,,True,RV_imputed_in_recursion
2011-11-08,2011-11-07,UKX,RealGARCH,RealGARCH11-logRVscaled-studentt,1,0.01312265223,0.0001722040016,-0.03296660502,-0.02601372813,-0.02083182643,-0.04137367192,-0.03391775807,0.01020039391,,True,RV_imputed_in_recursion
2011-11-09,2011-11-08,UKX,RealGARCH,RealGARCH11-logRVscaled-studentt,1,0.01303591507,0.0001699350817,-0.03274732314,-0.02584040288,-0.02069275214,-0.04109882162,-0.03369218933,-0.01938813251,,True,RV_imputed_in_recursion
2011-11-10,2011-11-09,UKX,RealGARCH,RealGARCH11-logRVscaled-studentt,1,0.01295061582,0.0001677184501,-0.03253167647,-0.02566995098,-0.02055598339,-0.04082852773,-0.03347036002,-0.002861040249,,True,RV_imputed_in_recursion
2011-11-11,2011-11-10,UKX,RealGARCH,RealGARCH11-logRVscaled-studentt,1,0.01286672507,0.0001655526141,-0.03231959067,-0.02550231366,-0.02042147304,-0.04056269707,-0.03325219367,0.01830774864,,True,RV_imputed_in_recursion
2011-11-14,2011-11-11,UKX,RealGARCH,RealGARCH11-logRVscaled-studentt,1,0.01278421415,0.0001634361314,-0.03211099322,-0.02533743362,-0.02028917509,-0.04030123874,-0.03303761568,-0.004772053131,,True,RV_imputed_in_recursion
2011-11-15,2011-11-14,UKX,RealGARCH,RealGARCH11-logRVscaled-studentt,1,0.01270305506,0.000161367608,-0.03190581339,-0.02517525493,-0.02015904468,-0.0400440641,-0.0328265533,-0.0002899673853,,True,RV_imputed_in_recursion
2011-11-16,2011-11-15,UKX,RealGARCH,RealGARCH11-logRVscaled-studentt,1,0.01262322053,0.0001593456965,-0.03170398217,-0.02501572307,-0.02003103806,-0.03979108664,-0.03261893553,-0.001523598582,,True,RV_imputed_in_recursion
2011-11-17,2011-11-16,UKX,RealGARCH,RealGARCH11-logRVscaled-studentt,1,0.01254468392,0.0001573690945,-0.03150543226,-0.02485878482,-0.01990511252,-0.03954222201,-0.03241469314,-0.01571549275,,True,RV_imputed_in_recursion
2011-11-18,2011-11-17,UKX,RealGARCH,RealGARCH11-logRVscaled-studentt,1,0.01246741924,0.0001554365426,-0.03131009796,-0.02470438826,-0.0197812264,-0.03929738786,-0.03221375857,-0.01116277046,,True,RV_imputed_in_recursion
2011-11-21,2011-11-18,UKX,RealGARCH,RealGARCH11-logRVscaled-studentt,1,0.01239140116,0.0001535468227,-0.03111791519,-0.02455248275,-0.01965933907,-0.03905650388,-0.03201606587,-0.02650947433,,True,RV_imputed_in_recursion
2011-11-22,2011-11-21,UKX,RealGARCH,RealGARCH11-logRVscaled-studentt,1,0.01231660493,0.0001516987569,-0.0309288214,-0.02440301882,-0.01953941085,-0.03881949165,-0.03182155071,-0.003029954788,,True,RV_imputed_in_recursion
2011-11-23,2011-11-22,UKX,RealGARCH,RealGARCH11-logRVscaled-studentt,1,0.01224300639,0.0001498912055,-0.03074275553,-0.02425594825,-0.01942140302,-0.03858627467,-0.0316301503,-0.01295129589,,True,RV_imputed_in_recursion
2011-11-24,2011-11-23,UKX,RealGARCH,RealGARCH11-logRVscaled-studentt,1,0.01217058199,0.0001481230659,-0.03055965801,-0.02411122391,-0.01930527779,-0.03835677823,-0.03144180333,-0.002376397697,,True,RV_imputed_in_recursion
2011-11-25,2011-11-24,UKX,RealGARCH,RealGARCH11-logRVscaled-studentt,1,0.0120993087,0.0001463932711,-0.03037947066,-0.02396879983,-0.01919099827,-0.03813092943,-0.03125644996,0.00720932282,,True,RV_imputed_in_recursion
2011-11-28,2011-11-25,UKX,RealGARCH,RealGARCH11-logRVscaled-studentt,1,0.01202916408,0.0001447007883,-0.03020213668,-0.02382863113,-0.01907852843,-0.03790865708,-0.03107403177,0.02827191115,,True,RV_imputed_in_recursion
2011-11-29,2011-11-28,UKX,RealGARCH,RealGARCH11-logRVscaled-studentt,1,0.01196012617,0.0001430446179,-0.03002760062,-0.02369067396,-0.01896783311,-0.03768989168,-0.03089449173,0.004544730811,,True,RV_imputed_in_recursion
2011-11-30,2011-11-29,UKX,RealGARCH,RealGARCH11-logRVscaled-studentt,1,0.01189217356,0.000141423792,-0.02985580834,-0.02355488554,-0.01885887795,-0.03747456535,-0.03071777412,0.0310657136,,True,RV_imputed_in_recursion
2011-12-01,2011-11-30,UKX,RealGARCH,RealGARCH11-logRVscaled-studentt,1,0.01182528534,0.0001398373733,-0.02968670694,-0.02342122405,-0.01875162943,-0.03726261181,-0.03054382455,-0.002928703637,,True,RV_imputed_in_recursion
2011-12-02,2011-12-01,UKX,RealGARCH,RealGARCH11-logRVscaled-studentt,1,0.01175944107,0.0001382844543,-0.02952024479,-0.02328964867,-0.01864605479,-0.03705396633,-0.03037258988,0.01141151389,,True,RV_imputed_in_recursion
2011-12-05,2011-12-02,UKX,RealGARCH,RealGARCH11-logRVscaled-studentt,1,0.0116946208,0.0001367641556,-0.02935637142,-0.02316011953,-0.01854212202,-0.03684856566,-0.03020401823,0.002823701826,,True,RV_imputed_in_recursion
2011-12-06,2011-12-05,UKX,RealGARCH,RealGARCH11-logRVscaled-studentt,1,0.01163080503,0.0001352756257,-0.02919503756,-0.02303259768,-0.01843979987,-0.03664634804,-0.03003805889,0.0001257455061,,True,RV_imputed_in_recursion
2011-12-07,2011-12-06,UKX,RealGARCH,RealGARCH11-logRVscaled-studentt,1,0.01156797473,0.0001338180393,-0.02903619506,-0.02290704505,-0.01833905781,-0.03644725311,-0.02987466234,-0.003922473058,,True,RV_imputed_in_recursion
2011-12-08,2011-12-07,UKX,RealGARCH,RealGARCH11-logRVscaled-studentt,1,0.01150611127,0.0001323905966,-0.02887979687,-0.02278342446,-0.018239866,-0.03625122191,-0.02971378018,-0.01144093973,,True,RV_imputed_in_recursion
2011-12-09,2011-12-08,UKX,RealGARCH,RealGARCH11-logRVscaled-studentt,1,0.01144519648,0.0001309925225,-0.02872579703,-0.02266169957,-0.01814219528,-0.03605819683,-0.02955536512,0.00824491913,,True,RV_imputed_in_recursion
2011-12-12,2011-12-09,UKX,RealGARCH,RealGARCH11-logRVscaled-studentt,1,0.01138521259,0.0001296230658,-0.02857415061,-0.02254183488,-0.01804601716,-0.03586812154,-0.02939937096,-0.01849087412,,True,RV_imputed_in_recursion
2011-12-13,2011-12-12,UKX,RealGARCH,RealGARCH11-logRVscaled-studentt,1,0.01132614223,0.0001282814979,-0.0284248137,-0.02242379568,-0.01795130379,-0.03568094103,-0.02924575253,0.01141241949,,True,RV_imputed_in_recursion
2011-12-14,2011-12-13,UKX,RealGARCH,RealGARCH11-logRVscaled-studentt,1,0.01126796843,0.0001269671125,-0.0282777434,-0.02230754805,-0.01785802796,-0.03549660151,-0.02909446569,-0.02273292885,,True,RV_imputed_in_recursion
2011-12-15,2011-12-14,UKX,RealGARCH,RealGARCH11-logRVscaled-studentt,1,0.01121067459,0.0001256792248,-0.02813289775,-0.02219305884,-0.01776616307,-0.03531505038,-0.02894546728,0.006333796805,,True,RV_imputed_in_recursion
2011-12-16,2011-12-15,UKX,RealGARCH,RealGARCH11-logRVscaled-studentt,1,0.01115424449,0.0001244171702,-0.02799023574,-0.02208029563,-0.0176756831,-0.03513623626,-0.02879871511,-0.00252129263,,True,RV_imputed_in_recursion
2011-12-19,2011-12-16,UKX,RealGARCH,RealGARCH11-logRVscaled-studentt,1,0.01109866228,0.0001231803044,-0.02784971728,-0.02196922673,-0.01758656262,-0.03496010889,-0.02865416796,-0.004147919492,,True,RV_imputed_in_recursion
2011-12-20,2011-12-19,UKX,RealGARCH,RealGARCH11-logRVscaled-studentt,1,0.01104391244,0.000121968002,-0.02771130316,-0.02185982115,-0.01749877678,-0.03478661912,-0.02851178548,0.01012565399,,True,RV_imputed_in_recursion
2011-12-21,2011-12-20,UKX,RealGARCH,RealGARCH11-logRVscaled-studentt,1,0.01098997981,0.0001207796563,-0.02757495505,-0.02175204858,-0.01741230125,-0.03461571891,-0.02837152823,-0.005532269148,,True,RV_imputed_in_recursion
2011-12-22,2011-12-21,UKX,RealGARCH,RealGARCH11-logRVscaled-studentt,1,0.01093684957,0.0001196146784,-0.02744063546,-0.0216458794,-0.01732711225,-0.03444736127,-0.02823335767,0.01240942728,,True,RV_imputed_in_recursion
2011-12-23,2011-12-22,UKX,RealGARCH,RealGARCH11-logRVscaled-studentt,1,0.0108845072,0.0001184724969,-0.02730830772,-0.02154128462,-0.01724318654,-0.03428150023,-0.02809723606,0.01015536846,,True,RV_imputed_in_recursion
2011-12-28,2011-12-23,UKX,RealGARCH,RealGARCH11-logRVscaled-studentt,1,0.01083293852,0.000117352557,-0.02717793596,-0.0214382359,-0.01716050137,-0.03411809084,-0.02796312651,-0.0009619319901,,True,RV_imputed_in_recursion
2011-12-29,2011-12-28,UKX,RealGARCH,RealGARCH11-logRVscaled-studentt,1,0.01078212966,0.0001162543199,-0.0270494851,-0.02133670549,-0.01707903448,-0.03395708912,-0.02783099293,0.01072772286,,True,RV_imputed_in_recursion
2011-12-30,2011-12-29,UKX,RealGARCH,RealGARCH11-logRVscaled-studentt,1,0.01073206703,0.0001151772627,-0.02692292081,-0.02123666627,-0.0169987641,-0.03379845206,-0.02770080002,0.0009875125709,,True,RV_imputed_in_recursion
2012-01-03,2011-12-30,UKX,RealGARCH,RealGARCH11-logRVscaled-studentt,1,0.01068273736,0.0001141208774,-0.02679820952,-0.02113809171,-0.01691966895,-0.03364213757,-0.02757251322,0.02264075353,,True,RV_imputed_in_recursion
2012-01-04,2012-01-03,UKX,RealGARCH,RealGARCH11-logRVscaled-studentt,1,0.01063412764,0.0001130846706,-0.02667531836,-0.02104095581,-0.01684172816,-0.03348810445,-0.02744609875,-0.005524081158,,True,RV_imputed_in_recursion
2012-01-05,2012-01-04,UKX,RealGARCH,RealGARCH11-logRVscaled-studentt,1,0.01058622516,0.0001120681631,-0.02655421519,-0.02094523318,-0.01676492137,-0.0333363124,-0.02732152352,-0.007828071244,,True,RV_imputed_in_recursion
2012-01-06,2012-01-05,UKX,RealGARCH,RealGARCH11-logRVscaled-studentt,1,0.01053901747,0.0001110708893,-0.02643486853,-0.02085089894,-0.0166892286,-0.033186722,-0.02719875516,0.004506019687,,True,RV_imputed_in_recursion
2012-01-09,2012-01-06,UKX,RealGARCH,RealGARCH11-logRVscaled-studentt,1,0.0104924924,0.0001100923967,-0.02631724759,-0.02075792875,-0.01661463034,-0.03303929463,-0.02707776201,-0.006641897974,,True,RV_imputed_in_recursion
2012-01-10,2012-01-09,UKX,RealGARCH,RealGARCH11-logRVscaled-studentt,1,0.01044663801,0.0001091322457,-0.02620132224,-0.02066629878,-0.01654110745,-0.03289399252,-0.02695851304,0.0149265111,,True,RV_imputed_in_recursion
2012-01-11,2012-01-10,UKX,RealGARCH,RealGARCH11-logRVscaled-studentt,1,0.01040144263,0.0001081900089,-0.02608706295,-0.02057598571,-0.01646864122,-0.03275077868,-0.02684097791,-0.004556927173,,True,RV_imputed_in_recursion
2012-01-12,2012-01-11,UKX,RealGARCH,RealGARCH11-logRVscaled-studentt,1,0.01035689485,0.000107265271,-0.02597444085,-0.0204869667,-0.01639721335,-0.03260961691,-0.02672512691,-0.001482353573,,True,RV_imputed_in_recursion
2012-01-13,2012-01-12,UKX,RealGARCH,RealGARCH11-logRVscaled-studentt,1,0.01031298347,0.0001063576281,-0.02586342765,-0.02039921941,-0.01632680588,-0.03247047175,-0.02661093094,-0.004566749064,,True,RV_imputed_in_recursion
2012-01-16,2012-01-13,UKX,RealGARCH,RealGARCH11-logRVscaled-studentt,1,0.01026969755,0.0001054666877,-0.02575399567,-0.02031272195,-0.01625740126,-0.03233330852,-0.02649836152,0.003683341157,,True,RV_imputed_in_recursion
2012-01-17,2012-01-16,UKX,RealGARCH,RealGARCH11-logRVscaled-studentt,1,0.01022702635,0.0001045920679,-0.0256461178,-0.02022745289,-0.01618898229,-0.03219809321,-0.02638739076,0.006448583461,,True,RV_imputed_in_recursion
2012-01-18,2012-01-17,UKX,RealGARCH,RealGARCH11-logRVscaled-studentt,1,0.01018495937,0.0001037333974,-0.02553976747,-0.02014339124,-0.01612153214,-0.03206479255,-0.02627799135,0.001474132813,,True,RV_imputed_in_recursion
2012-01-19,2012-01-18,UKX,RealGARCH,RealGARCH11-logRVscaled-studentt,1,0.01014348634,0.0001028903151,-0.0254349187,-0.02006051645,-0.01605503431,-0.03193337395,-0.02617013653,0.006781160012,,True,RV_imputed_in_recursion
2012-01-20,2012-01-19,UKX,RealGARCH,RealGARCH11-logRVscaled-studentt,1,0.01010259717,0.0001020624695,-0.025331546,-0.01997880838,-0.01598947265,-0.03180380548,-0.02606380012,-0.002197091797,6.514981897e-05,True,RV_imputed_in_recursion
2012-01-23,2012-01-20,UKX,RealGARCH,RealGARCH11-logRVscaled-studentt,1,0.009127052465,8.33030867e-05,-0.02286525277,-0.01802939558,-0.01442528508,-0.02871252658,-0.02352679768,0.009382235596,6.696663436e-05,True,
2012-01-24,2012-01-23,UKX,RealGARCH,RealGARCH11-logRVscaled-studentt,1,0.008678328401,7.531338384e-05,-0.02173082487,-0.01713271865,-0.01370580129,-0.02729062225,-0.02235984547,-0.005323207507,7.416866717e-05,True,
2012-01-25,2012-01-24,UKX,RealGARCH,RealGARCH11-logRVscaled-studentt,1,0.008628165075,7.444523256e-05,-0.02160400601,-0.01703247821,-0.01362536945,-0.0271316661,-0.02222939068,-0.005037074546,7.668682141e-05,True,
2012-01-26,2012-01-25,UKX,RealGARCH,RealGARCH11-logRVscaled-studentt,1,0.008663063473,7.504866873e-05,-0.02169223332,-0.01710221502,-0.01368132552,-0.02724225117,-0.02232014748,0.01253687893,7.900425588e-05,True,
2012-01-27,2012-01-26,UKX,RealGARCH,RealGARCH11-logRVscaled-studentt,1,0.008738860103,7.636767589e-05,-0.02188385623,-0.01725367802,-0.01380285777,-0.02748243342,-0.02251726427,-0.01070385786,8.782227168e-05,True,
2012-01-30,2012-01-27,UKX,RealGARCH,RealGARCH11-logRVscaled-studentt,1,0.008985497807,8.073917084e-05,-0.02250738573,-0.01774652955,-0.01419831646,-0.02826397212,-0.02315867051,-0.01094304476,8.626198887e-05,True,
2012-01-31,2012-01-30,UKX,RealGARCH,RealGARCH11-logRVscaled-studentt,1,0.009089970659,8.262756658e-05,-0.02277150554,-0.0179552957,-0.01436582815,-0.02859502278,-0.0234303627,0.001849780724,8.286559601e-05,True,
2012-02-01,2012-01-31,UKX,RealGARCH,RealGARCH11-logRVscaled-studentt,1,0.009068996143,8.224669105e-05,-0.02271847947,-0.01791338272,-0.01433219762,-0.02852855932,-0.02337581636,0.0190203156,8.393116435e-05,True,
2012-02-02,2012-02-01,UKX,RealGARCH,RealGARCH11-logRVscaled-studentt,1,0.009082553637,8.249278058e-05,-0.02275275443,-0.0179404744,-0.0143539357,-0.02857151993,-0.02341107399,0.0009320784435,7.088246261e-05,True,
2012-02-03,2012-02-02,UKX,RealGARCH,RealGARCH11-logRVscaled-studentt,1,0.008762353651,7.677884151e-05,-0.02194325072,-0.01730062474,-0.01384052731,-0.02755687913,-0.02257836161,0.01795349632,0.0001649887609,True,
2012-02-06,2012-02-03,UKX,RealGARCH,RealGARCH11-logRVscaled-studentt,1,0.0103205045,0.0001065128131,-0.0258824417,-0.02041424854,-0.01633886508,-0.03249430417,-0.02663049012,-0.001509315369,6.013073478e-05,True,
2012-02-07,2012-02-06,UKX,RealGARCH,RealGARCH11-logRVscaled-studentt,1,0.009076343125,8.238000451e-05,-0.02273705351,-0.01792806405,-0.01434397777,-0.02855184023,-0.02339492292,-0.000322578403,5.176959671e-05,True,
2012-02-08,2012-02-07,UKX,RealGARCH,RealGARCH11-logRVscaled-studentt,1,0.008180885385,6.692688568e-05,-0.02047322966,-0.01613868754,-0.01290820157,-0.02571433867,-0.02106619471,-0.002447673939,5.360813279e-05,True,
2012-02-09,2012-02-08,UKX,RealGARCH,RealGARCH11-logRVscaled-studentt,1,0.007781149332,6.054628493e-05,-0.0194626493,-0.01533990243,-0.01226726512,-0.02444766619,-0.02002664077,0.003330124926,9.35948003e-05,True,
2012-02-10,2012-02-09,UKX,RealGARCH,RealGARCH11-logRVscaled-studentt,1,0.008541944077,7.296480861e-05,-0.02138602905,-0.01686018439,-0.01348712278,-0.0268584514,-0.02200516427,-0.007337531258,6.278585787e-05,True,
2012-02-13,2012-02-10,UKX,RealGARCH,RealGARCH11-logRVscaled-studentt,1,0.008248477154,6.803737536e-05,-0.02064410971,-0.01627375491,-0.01301657816,-0.02592852158,-0.02124197393,0.009066202473,3.898345943e-05,True,
2012-02-14,2012-02-13,UKX,RealGARCH,RealGARCH11-logRVscaled-studentt,1,0.007293948476,5.320168437e-05,-0.01823094749,-0.01436633804,-0.01148608767,-0.02290383767,-0.01875962578,-0.0009826342446,5.934097339e-05,True,
2012-02-15,2012-02-14,UKX,RealGARCH,RealGARCH11-logRVscaled-studentt,1,0.007463755733,5.570764965e-05,-0.01866024046,-0.01470566072,-0.01175835648,-0.02344191818,-0.01920122669,-0.001305909555,6.669389734e-05,True,
2012-02-16,2012-02-15,UKX,RealGARCH,RealGARCH11-logRVscaled-studentt,1,0.007754113929,6.012628282e-05,-0.01939430058,-0.01528587809,-0.01222391657,-0.02436199715,-0.01995633247,-0.001154784285,6.760646155e-05,True,
2012-02-17,2012-02-16,UKX,RealGARCH,RealGARCH11-logRVscaled-studentt,1,0.007943626854,6.31012076e-05,-0.01987341183,-0.01566457824,-0.01252778144,-0.02496252044,-0.02044917996,0.003341709738,3.165661154e-05,True,
2012-02-20,2012-02-17,UKX,RealGARCH,RealGARCH11-logRVscaled-studentt,1,0.006827034235,4.660839644e-05,-0.01705053266,-0.01343331202,-0.01073743776,-0.02142429282,-0.01754536818,0.006784557741,3.465691778e-05,True,
2012-02-21,2012-02-20,UKX,RealGARCH,RealGARCH11-logRVscaled-studentt,1,0.006400978029,4.097251973e-05,-0.01597341181,-0.01258193184,-0.01005429959,-0.02007421777,-0.01643736602,-0.002880300134,5.31583606e-05,True,
2012-02-22,2012-02-21,UKX,RealGARCH,RealGARCH11-logRVscaled-studentt,1,0.006777641868,4.593642929e-05,-0.01692566287,-0.01333461217,-0.01065824208,-0.02126777966,-0.01741691834,-0.001958682362,3.836741833e-05,True,
2012-02-23,2012-02-22,UKX,RealGARCH,RealGARCH11-logRVscaled-studentt,1,0.00651770237,4.248044418e-05,-0.01626850485,-0.01281517991,-0.0102414553,-0.02044409061,-0.01674091945,0.003593542861,5.223818482e-05,True,
2012-02-24,2012-02-23,UKX,RealGARCH,RealGARCH11-logRVscaled-studentt,1,0.006820068809,4.651333856e-05,-0.01703292323,-0.01341939313,-0.0107262694,-0.02140222097,-0.01752725388,-0.0004716253772,3.642111497e-05,True,
2012-02-27,2012-02-24,UKX,RealGARCH,RealGARCH11-logRVscaled-studentt,1,0.006466751286,4.181887219e-05,-0.01613969444,-0.01271336531,-0.01015976038,-0.02028263824,-0.01660841601,-0.003290947754,5.832989256e-05,True,
2012-02-28,2012-02-27,UKX,RealGARCH,RealGARCH11-logRVscaled-studentt,1,0.006955143187,4.837401675e-05,-0.01737440735,-0.01368930975,-0.01094284755,-0.0218302409,-0.01787852844,0.002077056347,6.052239807e-05,True,
2012-02-29,2012-02-28,UKX,RealGARCH,RealGARCH11-logRVscaled-studentt,1,0.007300409436,5.329597794e-05,-0.01824728156,-0.01437924886,-0.01149644717,-0.02292431098,-0.01877642816,-0.009559864401,6.276813614e-05,True,
2012-03-01,2012-02-29,UKX,RealGARCH,RealGARCH11-logRVscaled-studentt,1,0.007559099276,5.713998186e-05,-0.0189012803,-0.01489618394,-0.01191123024,-0.02374404015,-0.01944917719,0.01013324257,6.281747006e-05,True,
2012-03-02,2012-03-01,UKX,RealGARCH,RealGARCH11-logRVscaled-studentt,1,0.007708004921,5.941333986e-05,-0.01927773151,-0.01519373932,-0.01214998543,-0.02421588821,-0.01983642135,-0.003411424501,3.662237941e-05,True,
2012-03-05,2012-03-02,UKX,RealGARCH,RealGARCH11-logRVscaled-studentt,1,0.006929828962,4.802252944e-05,-0.01731040997,-0.0136387248,-0.01090225874,-0.02175002589,-0.01781269624,-0.006159972184,6.065919339e-05,True,
2012-03-06,2012-03-05,UKX,RealGARCH,RealGARCH11-logRVscaled-studentt,1,0.00728921795,5.313269832e-05,-0.01821898815,-0.01435688512,-0.01147850275,-0.02288884771,-0.01874732357,-0.018728105,7.151293072e-05,True,
2012-03-07,2012-03-06,UKX,RealGARCH,RealGARCH11-logRVscaled-studentt,1,0.007769800567,6.036980085e-05,-0.01943395827,-0.01531722441,-0.01224906852,-0.02441170454,-0.01999712716,0.004430162932,5.289465404e-05,True,
2012-03-08,2012-03-07,UKX,RealGARCH,RealGARCH11-logRVscaled-studentt,1,0.00753955477,5.684488612e-05,-0.01885186946,-0.01485712852,-0.01187989259,-0.02368210806,-0.01939834973,0.01172439938,7.143253315e-05,True,
2012-03-09,2012-03-08,UKX,RealGARCH,RealGARCH11-logRVscaled-studentt,1,0.007914930875,6.264613076e-05,-0.01980086498,-0.0156072356,-0.01248177033,-0.02487158942,-0.02037455317,0.004733018325,6.293785907e-05,True,
2012-03-12,2012-03-09,UKX,RealGARCH,RealGARCH11-logRVscaled-studentt,1,0.007910720804,6.257950363e-05,-0.01979022141,-0.01559882269,-0.01247501991,-0.02485824866,-0.02036360445,0.0008997742749,3.679378233e-05,True,
2012-03-13,2012-03-12,UKX,RealGARCH,RealGARCH11-logRVscaled-studentt,1,0.007037586593,4.952762505e-05,-0.0175828341,-0.01385405487,-0.01107503724,-0.02209148527,-0.01809293083,0.01065107482,3.278959415e-05,True,
2012-03-14,2012-03-13,UKX,RealGARCH,RealGARCH11-logRVscaled-studentt,1,0.006431977198,4.137033067e-05,-0.0160517814,-0.0126438769,-0.01010400363,-0.02017244707,-0.01651798249,-0.001764513607,,True,
2012-03-15,2012-03-14,UKX,RealGARCH,RealGARCH11-logRVscaled-studentt,1,0.006435496406,4.141561399e-05,-0.01606067838,-0.01265090927,-0.01010964633,-0.02018359865,-0.01652713454,-0.0007907904538,4.78932451e-05,True,RV_imputed_in_recursion
2012-03-16,2012-03-15,UKX,RealGARCH,RealGARCH11-logRVscaled-studentt,1,0.006645565185,4.416353663e-05,-0.01659175728,-0.01307068579,-0.01044647044,-0.02084925875,-0.0170734396,0.004182649301,3.157564811e-05,True,
2012-03-19,2012-03-16,UKX,RealGARCH,RealGARCH11-logRVscaled-studentt,1,0.00617961643,3.818765922e-05,-0.01541378331,-0.01213958908,-0.009699368589,-0.0193727733,-0.01586169284,-0.0007546094292,4.219941876e-05,True,
2012-03-20,2012-03-19,UKX,RealGARCH,RealGARCH11-logRVscaled-studentt,1,0.006321234377,3.995800404e-05,-0.01577181035,-0.01242258158,-0.009926438687,-0.01982152831,-0.01622998461,-0.01176140046,5.202266397e-05,True,
2012-03-21,2012-03-20,UKX,RealGARCH,RealGARCH11-logRVscaled-studentt,1,0.006699109957,4.487807422e-05,-0.01672712484,-0.01317768331,-0.01053232408,-0.02101892993,-0.01721268818,0.0001018548136,4.407720235e-05,True,
2012-03-22,2012-03-21,UKX,RealGARCH,RealGARCH11-logRVscaled-studentt,1,0.00667386334,4.454045188e-05,-0.01666329838,-0.01312723347,-0.01049184367,-0.02093892915,-0.01714703181,-0.00788911701,8.382321101e-05,True,
2012-03-23,2012-03-22,UKX,RealGARCH,RealGARCH11-logRVscaled-studentt,1,0.007658256617,5.864889441e-05,-0.01915196187,-0.01509432821,-0.01207021904,-0.02405824717,-0.01970704586,0.001572519156,8.039678045e-05,True,
2012-03-26,2012-03-23,UKX,RealGARCH,RealGARCH11-logRVscaled-studentt,1,0.008191659452,6.710328458e-05,-0.02050046779,-0.01616021716,-0.0129254767,-0.02574847923,-0.02109421376,0.00813100564,8.596782124e-05,True,
2012-03-27,2012-03-26,UKX,RealGARCH,RealGARCH11-logRVscaled-studentt,1,0.008628461014,7.445033947e-05,-0.02160475418,-0.01703306958,-0.01362584396,-0.02713260386,-0.0222301603,-0.005623401273,6.810493344e-05,True,
2012-03-28,2012-03-27,UKX,RealGARCH,RealGARCH11-logRVscaled-studentt,1,0.00844265314,7.127839204e-05,-0.02113500974,-0.01666177316,-0.01332791977,-0.02654382104,-0.02174694817,-0.0103780661,9.524246202e-05,True,
2012-03-29,2012-03-28,UKX,RealGARCH,RealGARCH11-logRVscaled-studentt,1,0.00897183061,8.049374449e-05,-0.02247283342,-0.01771921864,-0.01417640249,-0.02822066388,-0.02312312758,-0.01160085731,8.089198011e-05,True,
2012-03-30,2012-03-29,UKX,RealGARCH,RealGARCH11-logRVscaled-studentt,1,0.008956313475,8.021555107e-05,-0.02243360426,-0.01768821104,-0.01415152233,-0.02817149362,-0.02308277371,0.004604499686,4.966405418e-05,True,
2012-04-02,2012-03-30,UKX,RealGARCH,RealGARCH11-logRVscaled-studentt,1,0.00804768577,6.476524625e-05,-0.02013648517,-0.01587251723,-0.01269462942,-0.02529225943,-0.02071979567,0.01827694054,0.0001340470295,True,
2012-04-03,2012-04-02,UKX,RealGARCH,RealGARCH11-logRVscaled-studentt,1,0.009409822908,8.854476716e-05,-0.02358013014,-0.01859445049,-0.01487867898,-0.02960856169,-0.02426217075,-0.006249396755,6.063490988e-05,True,
2012-04-04,2012-04-03,UKX,RealGARCH,RealGARCH11-logRVscaled-studentt,1,0.008638142923,7.461751317e-05,-0.0216292312,-0.01705241676,-0.01364136793,-0.02716328363,-0.02225533908,-0.02330703998,0.000106049902,True,
2012-04-05,2012-04-04,UKX,RealGARCH,RealGARCH11-logRVscaled-studentt,1,0.009301344462,8.651500881e-05,-0.0233058837,-0.01837768003,-0.01470474473,-0.02926481821,-0.02398006161,0.003482898292,0.0001104082943,True,
2012-04-10,2012-04-05,UKX,RealGARCH,RealGARCH11-logRVscaled-studentt,1,0.009776563417,9.558119225e-05,-0.02450729384,-0.01932730121,-0.0154667104,-0.03077067881,-0.02521591645,-0.02263489135,0.0001191788599,True,
2012-04-11,2012-04-10,UKX,RealGARCH,RealGARCH11-logRVscaled-studentt,1,0.01021921594,0.0001044323745,-0.02562637216,-0.02021184551,-0.0161764591,-0.03217334381,-0.02636707902,0.006963349861,0.0001197000559,True,
2012-04-12,2012-04-11,UKX,RealGARCH,RealGARCH11-logRVscaled-studentt,1,0.01048355751,0.0001099049781,-0.02629465914,-0.02074007434,-0.01660030415,-0.03301098202,-0.02705452594,0.01336264351,0.0001551615705,True,
2012-04-13,2012-04-12,UKX,RealGARCH,RealGARCH11-logRVscaled-studentt,1,0.01125010758,0.0001265649205,-0.02823258904,-0.02227185705,-0.01782938989,-0.03544000454,-0.02904801674,-0.01033254152,0.00013469148,True,
2012-04-16,2012-04-13,UKX,RealGARCH,RealGARCH11-logRVscaled-studentt,1,0.01134548396,0.0001287200063,-0.02847371189,-0.02246244589,-0.0179823163,-0.03574223056,-0.02929605264,0.002562269009,0.0001415933645,True,
2012-04-17,2012-04-16,UKX,RealGARCH,RealGARCH11-logRVscaled-studentt,1,0.01152325788,0.0001327854721,-0.02892314554,-0.0228176882,-0.01826735885,-0.0363055556,-0.02975837165,0.01761570164,8.850360231e-05,True,
2012-04-18,2012-04-17,UKX,RealGARCH,RealGARCH11-logRVscaled-studentt,1,0.0104948208,0.0001101412636,-0.02632313407,-0.02076258155,-0.01661836369,-0.03304667281,-0.02708381725,-0.003769919316,0.0001101097439,True,
2012-04-19,2012-04-18,UKX,RealGARCH,RealGARCH11-logRVscaled-studentt,1,0.010448283,0.0001091666177,-0.02620548098,-0.02066958594,-0.01654374503,-0.03289920514,-0.02696279102,-0.000121795143,,True,
2012-04-20,2012-04-19,UKX,RealGARCH,RealGARCH11-logRVscaled-studentt,1,0.01040306402,0.0001082237411,-0.02609116201,-0.0205792257,-0.01647124096,-0.03275591649,-0.0268451945,0.004793023954,0.0001105688531,True,RV_imputed_in_recursion
2012-04-23,2012-04-20,UKX,RealGARCH,RealGARCH11-logRVscaled-studentt,1,0.01040686274,0.0001083027922,-0.02610076563,-0.02058681661,-0.01647733182,-0.03276795377,-0.02685507346,-0.01864050446,8.738480359e-05,True,
2012-04-24,2012-04-23,UKX,RealGARCH,RealGARCH11-logRVscaled-studentt,1,0.009890063582,9.781335766e-05,-0.02479423578,-0.01955410648,-0.01564869647,-0.03113033497,-0.02551108509,0.007718634487,8.182370818e-05,True,
2012-04-25,2012-04-24,UKX,RealGARCH,RealGARCH11-logRVscaled-studentt,1,0.0094778438,8.982952309e-05,-0.02375209506,-0.01873037537,-0.01498774362,-0.0298241044,-0.02443906594,0.00164500791,8.592814948e-05,True,
2012-04-26,2012-04-25,UKX,RealGARCH,RealGARCH11-logRVscaled-studentt,1,0.009355381461,8.752316227e-05,-0.02344249567,-0.01848566116,-0.0147913876,-0.02943604915,-0.02412059027,0.005197314142,0.0001002676405,True,
2012-04-27,2012-04-26,UKX,RealGARCH,RealGARCH11-logRVscaled-studentt,1,0.009604851146,9.225316554e-05,-0.02407318476,-0.01898417178,-0.01519138709,-0.03022656174,-0.02476936137,0.004928067423,0.0001087056255,True,
2012-04-30,2012-04-27,UKX,RealGARCH,RealGARCH11-logRVscaled-studentt,1,0.009918890654,9.838439181e-05,-0.02486711405,-0.01961171108,-0.01569491778,-0.0312216814,-0.0255860528,-0.006826016019,6.446594415e-05,True,
2012-05-01,2012-04-30,UKX,RealGARCH,RealGARCH11-logRVscaled-studentt,1,0.009013820032,8.124895157e-05,-0.02257898769,-0.01780312532,-0.01424372829,-0.0283537188,-0.02323232531,0.01288336261,5.503600237e-05,True,
2012-05-02,2012-05-01,UKX,RealGARCH,RealGARCH11-logRVscaled-studentt,1,0.008258625107,6.820488866e-05,-0.02066976494,-0.01629403338,-0.01303284938,-0.02596067814,-0.0212683647,-0.009351614028,7.443123768e-05,True,
2012-05-03,2012-05-02,UKX,RealGARCH,RealGARCH11-logRVscaled-studentt,1,0.008400346135,7.056581519e-05,-0.02102805259,-0.01657723187,-0.01326008476,-0.02640975978,-0.02163692454,0.00147509287,8.369125332e-05,True,
2012-05-04,2012-05-03,UKX,RealGARCH,RealGARCH11-logRVscaled-studentt,1,0.008698958022,7.567187066e-05,-0.02178297901,-0.01717394243,-0.01373887881,-0.02735599282,-0.02241349488,-0.01952485886,0.0001165103221,True,
2012-05-08,2012-05-04,UKX,RealGARCH,RealGARCH11-logRVscaled-studentt,1,0.00953050303,9.083048801e-05,-0.02388522386,-0.01883560333,-0.01507217738,-0.0299909695,-0.02457601159,-0.01793137927,0.0001460322155,True,
2012-05-09,2012-05-08,UKX,RealGARCH,RealGARCH11-logRVscaled-studentt,1,0.01053047465,0.0001108908963,-0.02641327125,-0.02083382797,-0.01667553104,-0.03315965173,-0.02717653868,-0.004420514667,0.0001834206296,True,
2012-05-10,2012-05-09,UKX,RealGARCH,RealGARCH11-logRVscaled-studentt,1,0.01169565229,0.0001367882825,-0.02935897915,-0.02316218074,-0.01854377591,-0.03685183422,-0.03020670072,0.002510345613,0.0001237990503,True,
2012-05-11,2012-05-10,UKX,RealGARCH,RealGARCH11-logRVscaled-studentt,1,0.01138232928,0.0001295574198,-0.02856686125,-0.02253607321,-0.01804139405,-0.03585898498,-0.02939187261,0.005665737536,0.0001271598524,True,
2012-05-14,2012-05-11,UKX,RealGARCH,RealGARCH11-logRVscaled-studentt,1,0.01127743182,0.0001271804685,-0.02830166799,-0.02232645858,-0.01787320156,-0.03552658885,-0.0291190762,-0.01992639067,0.0001555279527,True,
2012-05-15,2012-05-14,UKX,RealGARCH,RealGARCH11-logRVscaled-studentt,1,0.01172150256,0.0001373936221,-0.0294243317,-0.02321383685,-0.0185852242,-0.03693374782,-0.03027392695,-0.005117803679,0.0001838808781,True,
2012-05-16,2012-05-15,UKX,RealGARCH,RealGARCH11-logRVscaled-studentt,1,0.01241944762,0.0001542426791,-0.03118881997,-0.02460852746,-0.01970430874,-0.03914537671,-0.03208900351,-0.005957887435,0.0002033814552,True,
2012-05-17,2012-05-16,UKX,RealGARCH,RealGARCH11-logRVscaled-studentt,1,0.01310882743,0.0001718413566,-0.03293165428,-0.02598610229,-0.02080965976,-0.04132986428,-0.03388180528,-0.01245395339,0.0001797816851,True,
2012-05-18,2012-05-17,UKX,RealGARCH,RealGARCH11-logRVscaled-studentt,1,0.0131507816,0.0001729430567,-0.03303771942,-0.02606993853,-0.02087692904,-0.04146280749,-0.03399091134,-0.01335109479,0.0001835770651,True,
2012-05-21,2012-05-18,UKX,RealGARCH,RealGARCH11-logRVscaled-studentt,1,0.01323408303,0.0001751409538,-0.03324831536,-0.02623639823,-0.02101049449,-0.04172677075,-0.03420754512,0.006980647459,0.0001174860653,True,
2012-05-22,2012-05-21,UKX,RealGARCH,RealGARCH11-logRVscaled-studentt,1,0.01205297594,0.0001452742291,-0.03026233592,-0.02387621394,-0.01911670836,-0.03798411147,-0.03113595694,0.01845432502,0.0001530880854,True,
2012-05-23,2012-05-22,UKX,RealGARCH,RealGARCH11-logRVscaled-studentt,1,0.01212077682,0.0001469132308,-0.03043374463,-0.02401169918,-0.01922542024,-0.03819895701,-0.03131227998,-0.02566284338,0.0001351918736,True,
2012-05-24,2012-05-23,UKX,RealGARCH,RealGARCH11-logRVscaled-studentt,1,0.01183451121,0.0001400556555,-0.02971003104,-0.02343965993,-0.01876642218,-0.03729184649,-0.03056781735,0.01576827208,0.0002293148571,True,
2012-05-25,2012-05-24,UKX,RealGARCH,RealGARCH11-logRVscaled-studentt,1,0.01309952945,0.0001715976718,-0.03290814787,-0.02596752231,-0.02079475139,-0.0413004011,-0.03385762495,0.0002616248029,0.0001412487123,True,
2012-05-29,2012-05-25,UKX,RealGARCH,RealGARCH11-logRVscaled-studentt,1,0.01247425026,0.0001556069196,-0.03132736759,-0.02471803856,-0.01979217925,-0.03931903381,-0.03223152332,0.007372568468,0.0001311139586,True,
2012-05-30,2012-05-29,UKX,RealGARCH,RealGARCH11-logRVscaled-studentt,1,0.01194516408,0.0001426869448,-0.02998977468,-0.0236607755,-0.0189438429,-0.03764248023,-0.03085558131,-0.01755224393,0.0002710285617,True,
2012-05-31,2012-05-30,UKX,RealGARCH,RealGARCH11-logRVscaled-studentt,1,0.01365442385,0.0001864432906,-0.03431098702,-0.02707635744,-0.0216844686,-0.04305873501,-0.03530068382,0.004445223581,0.0001377458361,True,
2012-06-01,2012-05-31,UKX,RealGARCH,RealGARCH11-logRVscaled-studentt,1,0.01269549785,0.0001611756657,-0.03188670785,-0.0251601535,-0.02014692745,-0.04002011701,-0.0328069,-0.01147335765,0.0002593259384,True,
2012-06-06,2012-06-01,UKX,RealGARCH,RealGARCH11-logRVscaled-studentt,1,0.01398942031,0.0001957038806,-0.03515789799,-0.02774577463,-0.02222160165,-0.04412026249,-0.03617187592,0.02328109801,0.0001311961254,True,
2012-06-07,2012-06-06,UKX,RealGARCH,RealGARCH11-logRVscaled-studentt,1,0.01273201837,0.0001621042917,-0.03197903607,-0.02523313176,-0.02020548442,-0.0401358422,-0.03290187529,0.01176163774,0.0001573228118,True,
2012-06-08,2012-06-07,UKX,RealGARCH,RealGARCH11-logRVscaled-studentt,1,0.01256966195,0.0001579964014,-0.03156857969,-0.02490869795,-0.01994516227,-0.03962137169,-0.03247965103,-0.002333883961,0.0001510117539,True,
2012-06-11,2012-06-08,UKX,RealGARCH,RealGARCH11-logRVscaled-studentt,1,0.01236985111,0.0001530132165,-0.03106343409,-0.02450941968,-0.01962478574,-0.03898821668,-0.03196002279,-0.000496930491,0.0001381683637,True,
2012-06-12,2012-06-11,UKX,RealGARCH,RealGARCH11-logRVscaled-studentt,1,0.01202572475,0.0001446180558,-0.03019344166,-0.02382175839,-0.01907301382,-0.03789775865,-0.03106508746,0.007573833003,0.0002421859581,True,
2012-06-13,2012-06-12,UKX,RealGARCH,RealGARCH11-logRVscaled-studentt,1,0.01337442492,0.0001788752418,-0.03360311636,-0.0265168408,-0.02123551855,-0.0421714822,-0.03457251834,0.001843415535,0.0001398010337,True,
2012-06-14,2012-06-13,UKX,RealGARCH,RealGARCH11-logRVscaled-studentt,1,0.01259072378,0.0001585263254,-0.03162182653,-0.02495078543,-0.0199789328,-0.03968811186,-0.03253442447,-0.003049926507,0.0001479042257,True,
2012-06-15,2012-06-14,UKX,RealGARCH,RealGARCH11-logRVscaled-studentt,1,0.01232553712,0.0001519188652,-0.03095140304,-0.02442086785,-0.01955373272,-0.03884779573,-0.03184477978,0.002137734048,9.982154431e-05,True,
2012-06-18,2012-06-15,UKX,RealGARCH,RealGARCH11-logRVscaled-studentt,1,0.01118315783,0.000125063019,-0.0280633321,-0.02213807261,-0.01772204272,-0.03522785604,-0.02887390716,0.00224255431,0.0002005546851,True,
2012-06-19,2012-06-18,UKX,RealGARCH,RealGARCH11-logRVscaled-studentt,1,0.01232978521,0.0001520236033,-0.03096214272,-0.02442935673,-0.0195605441,-0.03886125696,-0.03185582737,0.01718851927,0.0001157493115,True,
2012-06-20,2012-06-19,UKX,RealGARCH,RealGARCH11-logRVscaled-studentt,1,0.01155099933,0.0001334255855,-0.02899327923,-0.02287312343,-0.01831183947,-0.03639346194,-0.0298305161,0.006423661303,6.837218424e-05,True,
2012-06-21,2012-06-20,UKX,RealGARCH,RealGARCH11-logRVscaled-studentt,1,0.009935690853,9.871795273e-05,-0.02490958696,-0.0196452826,-0.0157218552,-0.0312749174,-0.02562974341,-0.00999229036,0.000102922979,True,
2012-06-22,2012-06-21,UKX,RealGARCH,RealGARCH11-logRVscaled-studentt,1,0.009987832644,9.975680093e-05,-0.02504140762,-0.01974947657,-0.01580545931,-0.03144014285,-0.0257653434,-0.009512568286,7.042754849e-05,True,
2012-06-25,2012-06-22,UKX,RealGARCH,RealGARCH11-logRVscaled-studentt,1,0.009224160062,8.508512885e-05,-0.02311075234,-0.01822344388,-0.01458098732,-0.02902023843,-0.02377933579,-0.01149186295,7.139198526e-05,True,
2012-06-26,2012-06-25,UKX,RealGARCH,RealGARCH11-logRVscaled-studentt,1,0.008851722359,7.835298871e-05,-0.02216918546,-0.01747920856,-0.01398382102,-0.0278400682,-0.02281077395,-0.0006790781681,0.0001087684919,True,
2012-06-27,2012-06-26,UKX,RealGARCH,RealGARCH11-logRVscaled-studentt,1,0.009480362949,8.987728165e-05,-0.02375846377,-0.01873540934,-0.01499178282,-0.02983208701,-0.02444561725,0.01401911642,6.754834989e-05,True,
2012-06-28,2012-06-27,UKX,RealGARCH,RealGARCH11-logRVscaled-studentt,1,0.008879976234,7.885397792e-05,-0.02224061462,-0.01753566775,-0.01402912326,-0.0279295983,-0.02288425101,-0.005591337795,0.0001991375654,True,
2012-06-29,2012-06-28,UKX,RealGARCH,RealGARCH11-logRVscaled-studentt,1,0.01083106079,0.0001173118778,-0.02717318883,-0.02143448366,-0.01715749062,-0.03411214073,-0.02795824328,0.01411772857,0.0001225688475,True,
2012-07-02,2012-06-29,UKX,RealGARCH,RealGARCH11-logRVscaled-studentt,1,0.01088346706,0.0001184498553,-0.02730567813,-0.02153920613,-0.01724151879,-0.03427820427,-0.02809453108,0.01237995461,0.0001160756563,True,
2012-07-03,2012-07-02,UKX,RealGARCH,RealGARCH11-logRVscaled-studentt,1,0.01078435731,0.0001163023627,-0.02705511688,-0.02134115698,-0.0170826063,-0.03396414806,-0.02783678618,0.008315522574,5.297787105e-05,True,
2012-07-04,2012-07-03,UKX,RealGARCH,RealGARCH11-logRVscaled-studentt,1,0.00904817188,8.186941437e-05,-0.02266583325,-0.01787176998,-0.01429880802,-0.02846257198,-0.02332166076,-0.0005628101914,3.020815417e-05,True,
2012-07-05,2012-07-04,UKX,RealGARCH,RealGARCH11-logRVscaled-studentt,1,0.007264570284,5.277398141e-05,-0.01815667592,-0.01430763215,-0.0114389827,-0.02281074488,-0.01868322483,0.001423930404,0.0001478438455,True,
2012-07-06,2012-07-05,UKX,RealGARCH,RealGARCH11-logRVscaled-studentt,1,0.009081086863,8.246613862e-05,-0.02274904625,-0.01793754338,-0.01435158387,-0.02856687206,-0.02340725949,-0.005283934987,,True,
2012-07-09,2012-07-06,UKX,RealGARCH,RealGARCH11-logRVscaled-studentt,1,0.009054560017,8.198505709e-05,-0.02268198322,-0.01788453527,-0.01430905075,-0.02848281453,-0.02333827375,-0.006253449249,7.878639499e-05,True,RV_imputed_in_recursion
2012-07-10,2012-07-09,UKX,RealGARCH,RealGARCH11-logRVscaled-studentt,1,0.008950632528,8.011382266e-05,-0.02241924215,-0.01767685891,-0.0141424135,-0.02815349199,-0.02306799983,0.00651831015,5.697125961e-05,True,
2012-07-11,2012-07-10,UKX,RealGARCH,RealGARCH11-logRVscaled-studentt,1,0.008288441149,6.869825668e-05,-0.02074514345,-0.01635361422,-0.01308065639,-0.02605515838,-0.02134590433,7.060042666e-05,6.906039157e-05,True,
2012-07-12,2012-07-11,UKX,RealGARCH,RealGARCH11-logRVscaled-studentt,1,0.008281288245,6.857973499e-05,-0.02072706005,-0.0163393207,-0.01306918743,-0.02603249245,-0.02132730248,-0.009971020793,0.0001088725075,True,
2012-07-13,2012-07-12,UKX,RealGARCH,RealGARCH11-logRVscaled-studentt,1,0.009137981305,8.350270232e-05,-0.02289288218,-0.01805123448,-0.01444280837,-0.02874715758,-0.02355521923,0.01025345914,7.5007612e-05,True,
2012-07-16,2012-07-13,UKX,RealGARCH,RealGARCH11-logRVscaled-studentt,1,0.00890075207,7.922338742e-05,-0.02229313841,-0.01757718372,-0.01406243522,-0.02799543219,-0.02293828067,-0.0006532543817,4.895610971e-05,True,
2012-07-17,2012-07-16,UKX,RealGARCH,RealGARCH11-logRVscaled-studentt,1,0.007994940637,6.391907579e-05,-0.02000313919,-0.01576711761,-0.01261005792,-0.02512512212,-0.02058262663,-0.005898224424,8.892958939e-05,True,
2012-07-18,2012-07-17,UKX,RealGARCH,RealGARCH11-logRVscaled-studentt,1,0.008575667762,7.354207756e-05,-0.02147128655,-0.0169275738,-0.01354119531,-0.02696531408,-0.02209286612,0.01002221532,6.921622582e-05,True,
2012-07-19,2012-07-18,UKX,RealGARCH,RealGARCH11-logRVscaled-studentt,1,0.008443575924,7.129397439e-05,-0.02113734264,-0.01666361715,-0.01332939936,-0.02654674514,-0.02174934797,0.004982534869,4.200239886e-05,True,
2012-07-20,2012-07-19,UKX,RealGARCH,RealGARCH11-logRVscaled-studentt,1,0.00751000286,5.640014296e-05,-0.01877715871,-0.01479807549,-0.01183250909,-0.02358846479,-0.01932149701,-0.01098029508,5.960594044e-05,True,
2012-07-23,2012-07-20,UKX,RealGARCH,RealGARCH11-logRVscaled-studentt,1,0.007593075605,5.765479714e-05,-0.01898717651,-0.01496407821,-0.01196570786,-0.02385170339,-0.01953753606,-0.02108125061,0.000150989147,True,
2012-07-24,2012-07-23,UKX,RealGARCH,RealGARCH11-logRVscaled-studentt,1,0.009349552018,8.741412294e-05,-0.02342775815,-0.01847401229,-0.01478204068,-0.02941757697,-0.02410543022,-0.006290130807,,True,
2012-07-25,2012-07-24,UKX,RealGARCH,RealGARCH11-logRVscaled-studentt,1,0.009319507049,8.685321164e-05,-0.02335180089,-0.01841397399,-0.0147338666,-0.02932237131,-0.02402729525,-0.0001637444877,8.241690384e-05,True,RV_imputed_in_recursion
2012-07-26,2012-07-25,UKX,RealGARCH,RealGARCH11-logRVscaled-studentt,1,0.009184616106,8.435717301e-05,-0.02301078051,-0.01814442393,-0.01451758258,-0.02889493264,-0.02367649774,0.01353051216,0.0001825599817,True,
2012-07-27,2012-07-26,UKX,RealGARCH,RealGARCH11-logRVscaled-studentt,1,0.01082935764,0.0001172749868,-0.02716888306,-0.02143108028,-0.01715475978,-0.03410674383,-0.02795381406,0.009642587145,9.722319773e-05,True,
2012-07-30,2012-07-27,UKX,RealGARCH,RealGARCH11-logRVscaled-studentt,1,0.01034821305,0.0001070855132,-0.02595249221,-0.02046961801,-0.01638329294,-0.03258210624,-0.026702549,0.01173073682,5.214063647e-05,True,
2012-07-31,2012-07-30,UKX,RealGARCH,RealGARCH11-logRVscaled-studentt,1,0.008812546356,7.766097327e-05,-0.02207014385,-0.01740092388,-0.01392100625,-0.02771592837,-0.02270889281,-0.01029240406,7.027570572e-05,True,
2012-08-01,2012-07-31,UKX,RealGARCH,RealGARCH11-logRVscaled-studentt,1,0.008600650135,7.397118274e-05,-0.02153444496,-0.01697749561,-0.01358125202,-0.02704447752,-0.0221578353,0.01365888696,5.72904318e-05,True,
2012-08-02,2012-08-01,UKX,RealGARCH,RealGARCH11-logRVscaled-studentt,1,0.008116725875,6.588123893e-05,-0.02031102678,-0.01601047879,-0.01280532827,-0.0255110318,-0.02089934143,-0.00887910146,0.000232360908,True,
2012-08-03,2012-08-02,UKX,RealGARCH,RealGARCH11-logRVscaled-studentt,1,0.01065513827,0.0001135319715,-0.02672843574,-0.02108294097,-0.01687541659,-0.03355468235,-0.02750073901,0.02183569223,7.136541434e-05,True,
2012-08-06,2012-08-03,UKX,RealGARCH,RealGARCH11-logRVscaled-studentt,1,0.009588985497,9.194864287e-05,-0.02403307451,-0.01895246775,-0.01516594812,-0.03017628712,-0.02472810114,0.003708147629,4.442391036e-05,True,
2012-08-07,2012-08-06,UKX,RealGARCH,RealGARCH11-logRVscaled-studentt,1,0.008158468206,6.656060346e-05,-0.02041655636,-0.01609389171,-0.01287225788,-0.02564330373,-0.02100789657,0.005562313054,7.984012413e-05,True,
2012-08-08,2012-08-07,UKX,RealGARCH,RealGARCH11-logRVscaled-studentt,1,0.008471790787,7.177123914e-05,-0.02120867318,-0.01671999838,-0.01337463905,-0.02663615161,-0.02182272356,0.0008042554978,5.635835591e-05,True,
2012-08-09,2012-08-08,UKX,RealGARCH,RealGARCH11-logRVscaled-studentt,1,0.008020328757,6.432567337e-05,-0.02006732338,-0.01581785022,-0.01265076521,-0.02520557129,-0.020648651,0.0009574945671,4.339684476e-05,True,
2012-08-10,2012-08-09,UKX,RealGARCH,RealGARCH11-logRVscaled-studentt,1,0.00735055575,5.403066983e-05,-0.01837405742,-0.0144794553,-0.01157685172,-0.02308321323,-0.01890683871,-0.0007522100372,4.245522817e-05,True,
2012-08-13,2012-08-10,UKX,RealGARCH,RealGARCH11-logRVscaled-studentt,1,0.006969784055,4.857788977e-05,-0.01741142121,-0.01371856632,-0.0109663227,-0.02187663448,-0.01791660349,-0.002602997617,4.66718899e-05,True,
2012-08-14,2012-08-13,UKX,RealGARCH,RealGARCH11-logRVscaled-studentt,1,0.006907615537,4.77151524e-05,-0.01725425179,-0.01359433613,-0.01086664175,-0.02167963661,-0.01775492798,0.005625516699,2.844375166e-05,True,
2012-08-15,2012-08-14,UKX,RealGARCH,RealGARCH11-logRVscaled-studentt,1,0.00617205844,3.809430538e-05,-0.01539467581,-0.01212448609,-0.009687250113,-0.01934882375,-0.01584203753,-0.005436899907,2.88660131e-05,True,
2012-08-16,2012-08-15,UKX,RealGARCH,RealGARCH11-logRVscaled-studentt,1,0.005816576485,3.383256201e-05,-0.01449597508,-0.01141413312,-0.009117270643,-0.01822238242,-0.01491757083,0.0002571244925,2.688571016e-05,True,
2012-08-17,2012-08-16,UKX,RealGARCH,RealGARCH11-logRVscaled-studentt,1,0.005541838893,3.071197831e-05,-0.01380140571,-0.01086513011,-0.008676756615,-0.01735180159,-0.014203088,0.003063244513,2.458722755e-05,True,
2012-08-20,2012-08-17,UKX,RealGARCH,RealGARCH11-logRVscaled-studentt,1,0.005291156367,2.79963357e-05,-0.01316765042,-0.0103641959,-0.008274812462,-0.01655744578,-0.0135511628,-0.004795843748,4.03787919e-05,True,
2012-08-21,2012-08-20,UKX,RealGARCH,RealGARCH11-logRVscaled-studentt,1,0.005743888805,3.29922586e-05,-0.01431221196,-0.01126888269,-0.009000723276,-0.01799205173,-0.01472853919,0.005666918371,3.286332396e-05,True,
2012-08-22,2012-08-21,UKX,RealGARCH,RealGARCH11-logRVscaled-studentt,1,0.005748687793,3.304741134e-05,-0.01432434438,-0.01127847242,-0.009008417971,-0.01800725863,-0.01474101944,-0.01432313896,4.275332247e-05,True,
2012-08-23,2012-08-22,UKX,RealGARCH,RealGARCH11-logRVscaled-studentt,1,0.00608975821,3.708515506e-05,-0.01518661103,-0.01196002707,-0.009555289994,-0.01908803307,-0.01562800748,0.0004155388326,4.534936733e-05,True,
2012-08-24,2012-08-23,UKX,RealGARCH,RealGARCH11-logRVscaled-studentt,1,0.006368887829,4.056273218e-05,-0.01589228396,-0.01251780659,-0.01000284619,-0.01997253124,-0.01635391222,0,6.304365478e-05,True,
2012-08-28,2012-08-24,UKX,RealGARCH,RealGARCH11-logRVscaled-studentt,1,0.007013954094,4.919555203e-05,-0.01752308833,-0.01380683049,-0.01103714491,-0.02201659927,-0.01803147213,-0.0001557963313,4.683395778e-05,True,
2012-08-29,2012-08-28,UKX,RealGARCH,RealGARCH11-logRVscaled-studentt,1,0.006937114307,4.812355491e-05,-0.01732882819,-0.01365328297,-0.01091394006,-0.02177311149,-0.01783164251,-0.005590714342,3.008820761e-05,True,
2012-08-30,2012-08-29,UKX,RealGARCH,RealGARCH11-logRVscaled-studentt,1,0.006262709043,3.922152456e-05,-0.01562385134,-0.0123056315,-0.009832599216,-0.01963607486,-0.01607778357,-0.00418739162,3.819148387e-05,True,
2012-08-31,2012-08-30,UKX,RealGARCH,RealGARCH11-logRVscaled-studentt,1,0.006231673574,3.883375553e-05,-0.01554538997,-0.0122436139,-0.00978283697,-0.01953773053,-0.0159970727,-0.001399702792,0.0002079408906,True,
2012-09-03,2012-08-31,UKX,RealGARCH,RealGARCH11-logRVscaled-studentt,1,0.008981393765,8.066543397e-05,-0.02249701022,-0.01773832852,-0.01419173604,-0.02825096734,-0.02314799753,0.008177955132,6.379298527e-05,True,
2012-09-04,2012-09-03,UKX,RealGARCH,RealGARCH11-logRVscaled-studentt,1,0.008510872617,7.24349527e-05,-0.0213074767,-0.01679809487,-0.01343730282,-0.02675999302,-0.02192435981,-0.01511785209,8.603335337e-05,True,
2012-09-05,2012-09-04,UKX,RealGARCH,RealGARCH11-logRVscaled-studentt,1,0.008815045196,7.770502182e-05,-0.02207646122,-0.01740591727,-0.01392501289,-0.02772384663,-0.02271539129,-0.002489007917,0.0001008455799,True,
2012-09-06,2012-09-05,UKX,RealGARCH,RealGARCH11-logRVscaled-studentt,1,0.009304342237,8.657078447e-05,-0.02331346244,-0.01838367043,-0.01470955136,-0.02927431747,-0.02398785762,0.02088363045,0.0001065269445,True,
2012-09-07,2012-09-06,UKX,RealGARCH,RealGARCH11-logRVscaled-studentt,1,0.009702561303,9.413969584e-05,-0.02432020768,-0.01917942417,-0.01534805548,-0.03053618297,-0.02502346649,0.003024518269,7.457924039e-05,True,
2012-09-10,2012-09-07,UKX,RealGARCH,RealGARCH11-logRVscaled-studentt,1,0.009190606168,8.446724174e-05,-0.0230259241,-0.01815639376,-0.01452718704,-0.02891391378,-0.0236920755,-0.0002760804298,3.23066161e-05,True,
2012-09-11,2012-09-10,UKX,RealGARCH,RealGARCH11-logRVscaled-studentt,1,0.007435585814,5.52879364e-05,-0.01858902355,-0.01464936929,-0.01171318886,-0.02335265413,-0.01912796797,-0.0001726310648,4.61812911e-05,True,
2012-09-12,2012-09-11,UKX,RealGARCH,RealGARCH11-logRVscaled-studentt,1,0.007143854713,5.103466016e-05,-0.01785149257,-0.01406640847,-0.01124542745,-0.02242822473,-0.0183692918,-0.001745263093,9.156106707e-05,True,
2012-09-13,2012-09-12,UKX,RealGARCH,RealGARCH11-logRVscaled-studentt,1,0.008107283464,6.572804517e-05,-0.02028715524,-0.01599161019,-0.01279018831,-0.02548111095,-0.02087478549,0.006516107179,5.362545301e-05,True,
2012-09-14,2012-09-13,UKX,RealGARCH,RealGARCH11-logRVscaled-studentt,1,0.007742740306,5.995002745e-05,-0.0193655467,-0.01526315039,-0.01220568012,-0.02432595673,-0.01992675422,0.01630988325,6.119546255e-05,True,
2012-09-17,2012-09-14,UKX,RealGARCH,RealGARCH11-logRVscaled-studentt,1,0.007767153563,6.032867447e-05,-0.01942726633,-0.01531193495,-0.01224482431,-0.02440331678,-0.01999024336,-0.003742897192,3.768754128e-05,True,
2012-09-18,2012-09-17,UKX,RealGARCH,RealGARCH11-logRVscaled-studentt,1,0.007002802933,4.903924892e-05,-0.01749489687,-0.01378454733,-0.01101926514,-0.02198126378,-0.01800247241,-0.004302072592,4.788811548e-05,True,
2012-09-19,2012-09-18,UKX,RealGARCH,RealGARCH11-logRVscaled-studentt,1,0.006964595124,4.850558524e-05,-0.01739830297,-0.01370819738,-0.01095800278,-0.02186019194,-0.01790310915,0.003453320207,3.799988344e-05,True,
2012-09-20,2012-09-19,UKX,RealGARCH,RealGARCH11-logRVscaled-studentt,1,0.006603105984,4.360100864e-05,-0.01648441536,-0.01298584036,-0.01037839139,-0.02071471521,-0.01696302016,-0.005773602522,6.086524949e-05,True,
2012-09-21,2012-09-20,UKX,RealGARCH,RealGARCH11-logRVscaled-studentt,1,0.007101562023,5.043218316e-05,-0.01774457161,-0.01398189578,-0.01117761539,-0.02229420883,-0.01825930539,-0.000341670081,7.391029041e-05,True,
2012-09-24,2012-09-21,UKX,RealGARCH,RealGARCH11-logRVscaled-studentt,1,0.007713152314,5.949271862e-05,-0.01929074473,-0.01520402526,-0.01215823875,-0.02423219913,-0.01984980766,-0.00236076082,5.116107747e-05,True,
2012-09-25,2012-09-24,UKX,RealGARCH,RealGARCH11-logRVscaled-studentt,1,0.007454799628,5.557403749e-05,-0.01863759836,-0.0146877639,-0.01174399627,-0.02341353833,-0.01917793543,0.00357317814,3.708395766e-05,True,
2012-09-26,2012-09-25,UKX,RealGARCH,RealGARCH11-logRVscaled-studentt,1,0.006821020237,4.652631708e-05,-0.01703532855,-0.01342129436,-0.01072779492,-0.02140523583,-0.01752972817,-0.01575568716,6.246016866e-05,True,
2012-09-27,2012-09-26,UKX,RealGARCH,RealGARCH11-logRVscaled-studentt,1,0.007271525434,5.287508213e-05,-0.01817425936,-0.01432153049,-0.01145013458,-0.02283278416,-0.01870131239,0.001957100257,3.935631671e-05,True,
2012-09-28,2012-09-27,UKX,RealGARCH,RealGARCH11-logRVscaled-studentt,1,0.00681489395,4.644277954e-05,-0.01701984057,-0.01340905231,-0.01071797204,-0.02138582302,-0.01751379614,-0.006474839962,6.410348333e-05,True,
2012-10-01,2012-09-28,UKX,RealGARCH,RealGARCH11-logRVscaled-studentt,1,0.007309030859,5.342193209e-05,-0.01826907755,-0.01439647689,-0.01151027075,-0.02295163031,-0.01879884904,0.01356115456,0.0001155417348,True,
2012-10-02,2012-10-01,UKX,RealGARCH,RealGARCH11-logRVscaled-studentt,1,0.008636598978,7.45908419e-05,-0.02162532792,-0.01704933152,-0.01363889237,-0.02715839122,-0.02225132389,-0.001891660065,7.331719634e-05,True,
2012-10-03,2012-10-02,UKX,RealGARCH,RealGARCH11-logRVscaled-studentt,1,0.008583536611,7.367710075e-05,-0.02149117993,-0.01694329798,-0.01355381221,-0.02699024867,-0.02211332986,0.002801786965,4.642798403e-05,True,
2012-10-04,2012-10-03,UKX,RealGARCH,RealGARCH11-logRVscaled-studentt,1,0.007745675376,5.999548703e-05,-0.01937296691,-0.01526901549,-0.0122103862,-0.0243352573,-0.01993438716,0.0003432415883,5.690129928e-05,True,
2012-10-05,2012-10-04,UKX,RealGARCH,RealGARCH11-logRVscaled-studentt,1,0.007646924863,5.847545987e-05,-0.01912331385,-0.01507168418,-0.01205204971,-0.02402233943,-0.01967757649,0.007385439888,4.937934159e-05,True,
2012-10-08,2012-10-05,UKX,RealGARCH,RealGARCH11-logRVscaled-studentt,1,0.007362255723,5.420280933e-05,-0.01840363634,-0.01450283514,-0.01159561145,-0.02312028778,-0.01893726567,-0.005003093331,3.539441704e-05,True,
2012-10-09,2012-10-08,UKX,RealGARCH,RealGARCH11-logRVscaled-studentt,1,0.006705572722,4.496470553e-05,-0.01674346348,-0.01319059774,-0.01054268647,-0.02103940896,-0.01722949526,-0.005389712669,6.768148133e-05,True,
2012-10-10,2012-10-09,UKX,RealGARCH,RealGARCH11-logRVscaled-studentt,1,0.007329693406,5.372440543e-05,-0.01832131493,-0.01443776647,-0.01154340106,-0.02301710521,-0.01885258408,-0.005799551942,4.255149831e-05,True,
2012-10-11,2012-10-10,UKX,RealGARCH,RealGARCH11-logRVscaled-studentt,1,0.006962218342,4.847248424e-05,-0.01739229418,-0.0137034479,-0.01095419184,-0.02185266046,-0.01789692809,0.009150041868,3.714337241e-05,True,
2012-10-12,2012-10-11,UKX,RealGARCH,RealGARCH11-logRVscaled-studentt,1,0.006569228124,4.315475815e-05,-0.01639876809,-0.01291814287,-0.01032407166,-0.02060736399,-0.01687491737,-0.006280617255,5.118836469e-05,True,
2012-10-15,2012-10-12,UKX,RealGARCH,RealGARCH11-logRVscaled-studentt,1,0.006819802259,4.650970286e-05,-0.01703224936,-0.01341886049,-0.01072584202,-0.02140137634,-0.0175265607,0.002120942109,3.76346863e-05,True,
2012-10-16,2012-10-15,UKX,RealGARCH,RealGARCH11-logRVscaled-studentt,1,0.006512836977,4.241704549e-05,-0.01625620455,-0.01280545749,-0.01023365414,-0.02042867329,-0.0167282665,0.01111682323,3.833076482e-05,True,
2012-10-17,2012-10-16,UKX,RealGARCH,RealGARCH11-logRVscaled-studentt,1,0.0063737184,4.062428625e-05,-0.01590449622,-0.01252745943,-0.01001059153,-0.01998783822,-0.01636647461,0.00685827842,2.866790285e-05,True,
2012-10-18,2012-10-17,UKX,RealGARCH,RealGARCH11-logRVscaled-studentt,1,0.005912499553,3.495765096e-05,-0.01473848002,-0.0116058144,-0.009271073609,-0.01852634077,-0.01516702845,0.001048393062,3.470953125e-05,True,
2012-10-19,2012-10-18,UKX,RealGARCH,RealGARCH11-logRVscaled-studentt,1,0.005911594253,3.494694661e-05,-0.01473619132,-0.01160400536,-0.009269622053,-0.01852347208,-0.01516467413,-0.003538371884,3.48993154e-05,True,
2012-10-22,2012-10-19,UKX,RealGARCH,RealGARCH11-logRVscaled-studentt,1,0.005918100317,3.502391136e-05,-0.01475263942,-0.01161700631,-0.009280053871,-0.01854408832,-0.0151815938,-0.002258287737,4.65005334e-05,True,
2012-10-23,2012-10-22,UKX,RealGARCH,RealGARCH11-logRVscaled-studentt,1,0.00630280402,3.972533852e-05,-0.01572521622,-0.01238575255,-0.009896887469,-0.01976312671,-0.0161820546,-0.01455405483,9.462894201e-05,True,
2012-10-24,2012-10-23,UKX,RealGARCH,RealGARCH11-logRVscaled-studentt,1,0.007616893182,5.801706175e-05,-0.01904739018,-0.01501167243,-0.01200389694,-0.02392717587,-0.01959947607,0.001189361784,9.131619891e-05,True,
2012-10-25,2012-10-24,UKX,RealGARCH,RealGARCH11-logRVscaled-studentt,1,0.008396247404,7.049697047e-05,-0.02101769051,-0.01656904145,-0.01325351285,-0.02639677184,-0.02162626537,5.173050631e-05,6.16821969e-05,True,
2012-10-26,2012-10-25,UKX,RealGARCH,RealGARCH11-logRVscaled-studentt,1,0.008138625513,6.623722524e-05,-0.02036639167,-0.01605424042,-0.01284044213,-0.02558042676,-0.02095629365,0.0002755984378,8.587530591e-05,True,
2012-10-29,2012-10-26,UKX,RealGARCH,RealGARCH11-logRVscaled-studentt,1,0.008595384374,7.388063254e-05,-0.02152113249,-0.01696697314,-0.01357280891,-0.02702779153,-0.02214414116,-0.001999707041,3.912385314e-05,True,
2012-10-30,2012-10-29,UKX,RealGARCH,RealGARCH11-logRVscaled-studentt,1,0.007468566052,5.577947887e-05,-0.01867240152,-0.01471527309,-0.01176606934,-0.02345716099,-0.01921373641,0.009411800519,4.370318679e-05,True,
2012-10-31,2012-10-30,UKX,RealGARCH,RealGARCH11-logRVscaled-studentt,1,0.007076110749,5.007134333e-05,-0.01768022776,-0.01393103697,-0.01113680684,-0.02221355955,-0.01819311679,-0.01155381497,5.836947895e-05,True,
2012-11-01,2012-10-31,UKX,RealGARCH,RealGARCH11-logRVscaled-studentt,1,0.007312859549,5.347791479e-05,-0.01827875693,-0.01440412769,-0.01151640967,-0.02296376256,-0.01880880593,0.01360303104,4.847480601e-05,True,
2012-11-02,2012-11-01,UKX,RealGARCH,RealGARCH11-logRVscaled-studentt,1,0.007153084387,5.116661625e-05,-0.01787482629,-0.01408485196,-0.0112602263,-0.02245747147,-0.0183932945,0.001142354841,6.429819946e-05,True,
2012-11-05,2012-11-02,UKX,RealGARCH,RealGARCH11-logRVscaled-studentt,1,0.007513226143,5.644856707e-05,-0.01878530755,-0.01480451652,-0.0118376773,-0.02359867864,-0.01932987948,-0.005039429083,3.926252522e-05,True,
2012-11-06,2012-11-05,UKX,RealGARCH,RealGARCH11-logRVscaled-studentt,1,0.006936170621,4.811046289e-05,-0.01732644244,-0.01365139722,-0.01091242695,-0.02177012116,-0.01782918836,0.007813039403,2.540895726e-05,True,
2012-11-07,2012-11-06,UKX,RealGARCH,RealGARCH11-logRVscaled-studentt,1,0.006036379535,3.643787789e-05,-0.01505166338,-0.01185336146,-0.009469702671,-0.01891888821,-0.01548919085,-0.01598112272,7.524166967e-05,True,
2012-11-08,2012-11-07,UKX,RealGARCH,RealGARCH11-logRVscaled-studentt,1,0.007074974767,5.005526796e-05,-0.01767735586,-0.01392876696,-0.0111349854,-0.02220995988,-0.01819016255,-0.00267987742,6.046028583e-05,True,
2012-11-09,2012-11-08,UKX,RealGARCH,RealGARCH11-logRVscaled-studentt,1,0.007368346134,5.429252475e-05,-0.01841903363,-0.0145150055,-0.01160537681,-0.0231395869,-0.0189531044,-0.001108611529,7.916581852e-05,True,
2012-11-12,2012-11-09,UKX,RealGARCH,RealGARCH11-logRVscaled-studentt,1,0.007991141585,6.385834384e-05,-0.01999353473,-0.01575952604,-0.01260396652,-0.0251130838,-0.02057274681,-0.0004161203146,4.582409051e-05,True,
2012-11-13,2012-11-12,UKX,RealGARCH,RealGARCH11-logRVscaled-studentt,1,0.007422963051,5.510038045e-05,-0.0185571117,-0.01462414546,-0.01169294953,-0.02331265547,-0.0190951412,0.003289021218,7.583625626e-05,True,
2012-11-14,2012-11-13,UKX,RealGARCH,RealGARCH11-logRVscaled-studentt,1,0.007949404405,6.31930304e-05,-0.01988801817,-0.01567612341,-0.01253704516,-0.02498082818,-0.02046420506,-0.01117462617,6.223010492e-05,True,
2012-11-15,2012-11-14,UKX,RealGARCH,RealGARCH11-logRVscaled-studentt,1,0.007910371026,6.257396977e-05,-0.01978933713,-0.01559812374,-0.01247445907,-0.0248571403,-0.02036269482,-0.007754595212,6.118426156e-05,True,
2012-11-16,2012-11-15,UKX,RealGARCH,RealGARCH11-logRVscaled-studentt,1,0.0078597757,6.177607406e-05,-0.01966142612,-0.01549702004,-0.01239333457,-0.02469681523,-0.02023111657,-0.01279768386,9.161199676e-05,True,
2012-11-19,2012-11-16,UKX,RealGARCH,RealGARCH11-logRVscaled-studentt,1,0.008549890004,7.310061909e-05,-0.0214061173,-0.01687606259,-0.01349986327,-0.02688363024,-0.02202582846,0.0232923516,4.438922471e-05,True,
2012-11-20,2012-11-19,UKX,RealGARCH,RealGARCH11-logRVscaled-studentt,1,0.00765374479,5.857980931e-05,-0.01914055544,-0.01508531231,-0.01206298478,-0.02404395022,-0.0196953124,0.001810915317,6.056077633e-05,True,
2012-11-21,2012-11-20,UKX,RealGARCH,RealGARCH11-logRVscaled-studentt,1,0.007699985579,5.928977792e-05,-0.01925745766,-0.01517771442,-0.01213712722,-0.02419047675,-0.01981556624,0.0006782379486,3.247393436e-05,True,
2012-11-22,2012-11-21,UKX,RealGARCH,RealGARCH11-logRVscaled-studentt,1,0.006747224627,4.552504016e-05,-0.01684876446,-0.01327382996,-0.0106094711,-0.02117139435,-0.01733781524,0.006757367825,1.519830037e-05,True,
2012-11-23,2012-11-22,UKX,RealGARCH,RealGARCH11-logRVscaled-studentt,1,0.005316345839,2.826353308e-05,-0.01323133241,-0.01041453155,-0.00831520124,-0.01663726547,-0.01361667056,0.004840639208,2.080515129e-05,True,
2012-11-26,2012-11-23,UKX,RealGARCH,RealGARCH11-logRVscaled-studentt,1,0.0049861905,2.48620957e-05,-0.01239666037,-0.009754788285,-0.007785830442,-0.01559107842,-0.01275806828,-0.005583412837,3.198433263e-05,True,
2012-11-27,2012-11-26,UKX,RealGARCH,RealGARCH11-logRVscaled-studentt,1,0.005283158793,2.791176684e-05,-0.0131474316,-0.01034821449,-0.008261989158,-0.01653210329,-0.0135303643,0.002244011085,3.180289409e-05,True,
2012-11-28,2012-11-27,UKX,RealGARCH,RealGARCH11-logRVscaled-studentt,1,0.005448898087,2.969049036e-05,-0.01356644028,-0.01067940823,-0.008527735404,-0.01705729335,-0.01396138606,0.0006204619694,6.180930615e-05,True,
2012-11-29,2012-11-28,UKX,RealGARCH,RealGARCH11-logRVscaled-studentt,1,0.006404306183,4.101513769e-05,-0.01598182578,-0.01258858243,-0.01005963595,-0.02008476393,-0.01644602122,0.01147901897,4.354742099e-05,True,
2012-11-30,2012-11-29,UKX,RealGARCH,RealGARCH11-logRVscaled-studentt,1,0.006492061425,4.214686155e-05,-0.01620368149,-0.01276394209,-0.01020034264,-0.0203628403,-0.01667423758,-0.0005963994888,3.101029878e-05,True,
2012-12-03,2012-11-30,UKX,RealGARCH,RealGARCH11-logRVscaled-studentt,1,0.006076037513,3.691823186e-05,-0.01515192347,-0.01193260926,-0.00953329024,-0.01904455531,-0.01559232542,0.0007497683091,3.785881977e-05,True,
2012-12-04,2012-12-03,UKX,RealGARCH,RealGARCH11-logRVscaled-studentt,1,0.006116194937,3.740784051e-05,-0.01525344622,-0.01201285509,-0.00959767862,-0.01917180504,-0.01569675885,-0.0003748138855,2.699261591e-05,True,
2012-12-05,2012-12-04,UKX,RealGARCH,RealGARCH11-logRVscaled-studentt,1,0.00570350444,3.25299629e-05,-0.01421011548,-0.01118818336,-0.00893597102,-0.01786408287,-0.01462351557,0.003928225678,2.280178e-05,True,
2012-12-06,2012-12-05,UKX,RealGARCH,RealGARCH11-logRVscaled-studentt,1,0.005288958453,2.797308151e-05,-0.01316209383,-0.01035980384,-0.008271288327,-0.01655048109,-0.0135454469,0.001577107038,3.584883841e-05,True,
2012-12-07,2012-12-06,UKX,RealGARCH,RealGARCH11-logRVscaled-studentt,1,0.00559597072,3.13148883e-05,-0.01393825742,-0.01097330074,-0.008763551542,-0.01752333301,-0.01434386328,0.002200444398,4.247318055e-05,True,
2012-12-10,2012-12-07,UKX,RealGARCH,RealGARCH11-logRVscaled-studentt,1,0.005990819807,3.588992196e-05,-0.01493648296,-0.01176232031,-0.009396652241,-0.01877451981,-0.01537070818,0.001216660508,2.45760619e-05,True,
2012-12-11,2012-12-10,UKX,RealGARCH,RealGARCH11-logRVscaled-studentt,1,0.00552452583,3.052038564e-05,-0.01375763623,-0.01083053374,-0.008648996864,-0.01729694043,-0.01415806363,0.0005739878219,1.64830141e-05,True,
2012-12-12,2012-12-11,UKX,RealGARCH,RealGARCH11-logRVscaled-studentt,1,0.004842331115,2.344817063e-05,-0.01203296671,-0.009467316758,-0.007555166425,-0.01513522081,-0.01238394744,0.003521202902,1.520910402e-05,True,
2012-12-13,2012-12-12,UKX,RealGARCH,RealGARCH11-logRVscaled-studentt,1,0.004422594361,1.955934088e-05,-0.01097182219,-0.008628564625,-0.006882160862,-0.01380517066,-0.01129237965,-0.002745116287,2.378153658e-05,True,
2012-12-14,2012-12-13,UKX,RealGARCH,RealGARCH11-logRVscaled-studentt,1,0.004634459976,2.147821927e-05,-0.0115074437,-0.009051931734,-0.007221866012,-0.01447652453,-0.01184335756,-0.00131634983,2.054714563e-05,True,
2012-12-17,2012-12-14,UKX,RealGARCH,RealGARCH11-logRVscaled-studentt,1,0.004607731411,2.123118875e-05,-0.01143987071,-0.00899852054,-0.007179009453,-0.01439182779,-0.01177384723,-0.00162237825,2.105276281e-05,True,
2012-12-18,2012-12-17,UKX,RealGARCH,RealGARCH11-logRVscaled-studentt,1,0.004617283615,2.131930798e-05,-0.01146401982,-0.009017608532,-0.007194325449,-0.01442209655,-0.0117986887,0.004000597297,1.384137044e-05,True,
2012-12-19,2012-12-18,UKX,RealGARCH,RealGARCH11-logRVscaled-studentt,1,0.004219943498,1.780792312e-05,-0.01045949666,-0.00822361118,-0.006557230635,-0.01316301625,-0.01076536563,0.004320275011,1.949196031e-05,True,
2012-12-20,2012-12-19,UKX,RealGARCH,RealGARCH11-logRVscaled-studentt,1,0.004324289817,1.869948242e-05,-0.01072329659,-0.008432124487,-0.006724539438,-0.01349366596,-0.01103672877,-0.0005537451004,2.543537061e-05,True,
2012-12-21,2012-12-20,UKX,RealGARCH,RealGARCH11-logRVscaled-studentt,1,0.004644331749,2.156981739e-05,-0.01153240072,-0.009071658314,-0.007237694405,-0.01450780593,-0.01186903011,-0.003076039389,5.527303239e-05,True,
2012-12-24,2012-12-21,UKX,RealGARCH,RealGARCH11-logRVscaled-studentt,1,0.005719966163,3.271801291e-05,-0.01425173267,-0.01122107852,-0.008962365733,-0.01791624632,-0.01466632594,0.002387752268,,True,
2012-12-27,2012-12-24,UKX,RealGARCH,RealGARCH11-logRVscaled-studentt,1,0.005729859354,3.283128821e-05,-0.01427674384,-0.0112408479,-0.008978228466,-0.01794759559,-0.01469205418,1.672922702e-05,3.375950327e-05,True,RV_imputed_in_recursion
2012-12-28,2012-12-27,UKX,RealGARCH,RealGARCH11-logRVscaled-studentt,1,0.00577455032,3.33454314e-05,-0.01438972793,-0.01133015302,-0.009049885925,-0.01808921108,-0.01480827755,-0.004865436118,5.234250633e-05,True,
2012-12-31,2012-12-28,UKX,RealGARCH,RealGARCH11-logRVscaled-studentt,1,0.006379419023,4.069698707e-05,-0.01591890807,-0.01253885088,-0.0100197319,-0.02000590219,-0.01638129965,-0.004668811797,,True,
2013-01-02,2012-12-31,UKX,RealGARCH,RealGARCH11-logRVscaled-studentt,1,0.006383436743,4.074826465e-05,-0.01592906535,-0.01254687941,-0.01002617391,-0.02001863343,-0.01639174814,0.0217363571,5.922422881e-05,True,RV_imputed_in_recursion
2013-01-03,2013-01-02,UKX,RealGARCH,RealGARCH11-logRVscaled-studentt,1,0.006928111696,4.799873167e-05,-0.01730606852,-0.01363529322,-0.01089950528,-0.02174458427,-0.01780823031,0.003296135142,2.238802814e-05,True,
2013-01-04,2013-01-03,UKX,RealGARCH,RealGARCH11-logRVscaled-studentt,1,0.005868812273,3.44429575e-05,-0.01462803337,-0.01151851493,-0.009201025462,-0.01838790574,-0.01505341527,0.007003349247,2.678188484e-05,True,
2013-01-07,2013-01-04,UKX,RealGARCH,RealGARCH11-logRVscaled-studentt,1,0.005564739673,3.096632763e-05,-0.01385930161,-0.01091089232,-0.008713475708,-0.01742436894,-0.01426264379,-0.004146604244,1.2161216e-05,True,
2013-01-08,2013-01-07,UKX,RealGARCH,RealGARCH11-logRVscaled-studentt,1,0.004550983217,2.071144824e-05,-0.01129640451,-0.008885121682,-0.007088019446,-0.0142120057,-0.01162626783,-0.001815451609,2.039098481e-05,True,
2013-01-09,2013-01-08,UKX,RealGARCH,RealGARCH11-logRVscaled-studentt,1,0.004553901228,2.07380164e-05,-0.01130378159,-0.00889095269,-0.007092698183,-0.01422125221,-0.01163385641,0.0074225131,1.99993883e-05,True,
2013-01-10,2013-01-09,UKX,RealGARCH,RealGARCH11-logRVscaled-studentt,1,0.004536365964,2.057861616e-05,-0.01125945036,-0.008855912299,-0.007064582156,-0.01416568695,-0.01158825419,0.0004589769027,1.847786979e-05,True,
2013-01-11,2013-01-10,UKX,RealGARCH,RealGARCH11-logRVscaled-studentt,1,0.00444948463,1.979791347e-05,-0.01103980399,-0.008682298947,-0.006925276696,-0.0138903798,-0.01136231051,0.003288873683,1.851145343e-05,True,
2013-01-14,2013-01-11,UKX,RealGARCH,RealGARCH11-logRVscaled-studentt,1,0.004403697,1.939254726e-05,-0.01092404741,-0.008590802379,-0.006851860848,-0.01374528923,-0.01124323516,-0.002240517066,2.71247894e-05,True,
2013-01-15,2013-01-14,UKX,RealGARCH,RealGARCH11-logRVscaled-studentt,1,0.004757522084,2.263401638e-05,-0.01181855938,-0.009297844451,-0.007419183694,-0.01486648031,-0.01216339299,0.001537791623,2.765197431e-05,True,
2013-01-16,2013-01-15,UKX,RealGARCH,RealGARCH11-logRVscaled-studentt,1,0.004986954694,2.486971712e-05,-0.01239859235,-0.009756315361,-0.007787055752,-0.01559349998,-0.01276005565,-0.002176496848,3.123443382e-05,True,
2013-01-17,2013-01-16,UKX,RealGARCH,RealGARCH11-logRVscaled-studentt,1,0.005256437405,2.763013419e-05,-0.01307987675,-0.01029481764,-0.008219144106,-0.01644742929,-0.01346087263,0.004641880491,3.181623387e-05,True,
2013-01-18,2013-01-17,UKX,RealGARCH,RealGARCH11-logRVscaled-studentt,1,0.005434072012,2.952913863e-05,-0.0135289582,-0.01064978156,-0.008503963288,-0.01701031289,-0.01392282935,0.003581082766,3.509437086e-05,True,
2013-01-21,2013-01-18,UKX,RealGARCH,RealGARCH11-logRVscaled-studentt,1,0.005654519564,3.19735915e-05,-0.01408627588,-0.0110902978,-0.00885742871,-0.01770886096,-0.01449612546,0.004312813438,1.103774103e-05,True,
2013-01-22,2013-01-21,UKX,RealGARCH,RealGARCH11-logRVscaled-studentt,1,0.00449590232,2.021313768e-05,-0.01115715344,-0.008775054554,-0.006999702783,-0.01403746688,-0.0114830244,-0.0002912258676,3.224346878e-05,True,
2013-01-23,2013-01-22,UKX,RealGARCH,RealGARCH11-logRVscaled-studentt,1,0.004996813719,2.496814735e-05,-0.01242351714,-0.009776016467,-0.007802863704,-0.01562474099,-0.01278569504,0.002973291339,1.903017197e-05,True,
2013-01-24,2013-01-23,UKX,RealGARCH,RealGARCH11-logRVscaled-studentt,1,0.00472502222,2.232583498e-05,-0.01173639585,-0.00923290058,-0.00736707344,-0.01476349565,-0.01207887382,0.01080047474,3.063849556e-05,True,
2013-01-25,2013-01-24,UKX,RealGARCH,RealGARCH11-logRVscaled-studentt,1,0.00507997691,2.58061654e-05,-0.01263376359,-0.00994219992,-0.007936207494,-0.01588826619,-0.01300196931,0.003123673497,2.537069362e-05,True,
2013-01-28,2013-01-25,UKX,RealGARCH,RealGARCH11-logRVscaled-studentt,1,0.005076037677,2.57661585e-05,-0.01262380474,-0.009934328225,-0.007929891332,-0.01587578366,-0.01299172494,0.00157404926,1.352523339e-05,True,
2013-01-29,2013-01-28,UKX,RealGARCH,RealGARCH11-logRVscaled-studentt,1,0.004425581446,1.958577113e-05,-0.01097937389,-0.00863453366,-0.00688695035,-0.01381463605,-0.01130014787,0.00709227464,2.627672978e-05,True,
2013-01-30,2013-01-29,UKX,RealGARCH,RealGARCH11-logRVscaled-studentt,1,0.004737819134,2.244693015e-05,-0.01176874797,-0.009258472415,-0.007387592002,-0.01480404615,-0.01211215349,-0.002542998555,2.593328867e-05,True,
2013-01-31,2013-01-30,UKX,RealGARCH,RealGARCH11-logRVscaled-studentt,1,0.00490657405,2.40744689e-05,-0.0121953805,-0.009595692217,-0.007658173493,-0.01533879203,-0.01255101767,-0.007333397309,4.623065283e-05,True,
2013-02-01,2013-01-31,UKX,RealGARCH,RealGARCH11-logRVscaled-studentt,1,0.005672577265,3.217813283e-05,-0.01413192789,-0.01112638217,-0.008886382413,-0.0177660817,-0.01454308633,0.01113758908,3.829008436e-05,True,
2013-02-04,2013-02-01,UKX,RealGARCH,RealGARCH11-logRVscaled-studentt,1,0.005901739313,3.483052692e-05,-0.01471127685,-0.01158431242,-0.00925382065,-0.01849224402,-0.01513904536,-0.01594450008,6.855788754e-05,True,
2013-02-05,2013-02-04,UKX,RealGARCH,RealGARCH11-logRVscaled-studentt,1,0.006847075997,4.688244971e-05,-0.01710120062,-0.0134733611,-0.01076957271,-0.0214878006,-0.0175974888,0.005746408534,3.57021276e-05,True,
2013-02-06,2013-02-05,UKX,RealGARCH,RealGARCH11-logRVscaled-studentt,1,0.006452938547,4.164041589e-05,-0.01610477419,-0.01268576357,-0.01013761304,-0.02023886881,-0.01657249459,0.001987582306,6.836837359e-05,True,
2013-02-07,2013-02-06,UKX,RealGARCH,RealGARCH11-logRVscaled-studentt,1,0.007190800572,5.170761286e-05,-0.0179701773,-0.01416021951,-0.0113207004,-0.02257698546,-0.01849137924,-0.01068383001,7.571237446e-05,True,
2013-02-08,2013-02-07,UKX,RealGARCH,RealGARCH11-logRVscaled-studentt,1,0.007807590988,6.095847704e-05,-0.01952949695,-0.0153927403,-0.01230966165,-0.02453145377,-0.02009540496,0.005683516425,3.570941302e-05,True,
2013-02-11,2013-02-08,UKX,RealGARCH,RealGARCH11-logRVscaled-studentt,1,0.006941219629,4.818052994e-05,-0.01733920694,-0.01366148656,-0.01092052253,-0.02178612032,-0.01784231882,0.002105127322,3.821009245e-05,True,
2013-02-12,2013-02-11,UKX,RealGARCH,RealGARCH11-logRVscaled-studentt,1,0.006598695972,4.354278854e-05,-0.01647326632,-0.01297702792,-0.01037132038,-0.02070074089,-0.01695155148,0.009718249209,3.639189226e-05,True,
2013-02-13,2013-02-12,UKX,RealGARCH,RealGARCH11-logRVscaled-studentt,1,0.006348228162,4.03000008e-05,-0.01584005386,-0.01247652276,-0.009969720501,-0.01990706546,-0.01630018467,0.003260518108,4.215471447e-05,True,
2013-02-14,2013-02-13,UKX,RealGARCH,RealGARCH11-logRVscaled-studentt,1,0.006414959754,4.115170865e-05,-0.01600875928,-0.01260987126,-0.01007671788,-0.02011852267,-0.01647372691,-0.004997479522,5.059714716e-05,True,
2013-02-15,2013-02-14,UKX,RealGARCH,RealGARCH11-logRVscaled-studentt,1,0.006713429169,4.50701312e-05,-0.01676332551,-0.01320629713,-0.01055528349,-0.02106430425,-0.01724992674,0.0001422130775,2.753475443e-05,True,
2013-02-18,2013-02-15,UKX,RealGARCH,RealGARCH11-logRVscaled-studentt,1,0.006032369231,3.638947854e-05,-0.01504152485,-0.01184534775,-0.009463272553,-0.01890618047,-0.01547876165,-0.001597218542,2.71488667e-05,True,
2013-02-19,2013-02-18,UKX,RealGARCH,RealGARCH11-logRVscaled-studentt,1,0.005667067219,3.211565086e-05,-0.01411799784,-0.01111537154,-0.008877547609,-0.01774862162,-0.0145287569,0.009592648609,3.276535955e-05,True,
2013-02-20,2013-02-19,UKX,RealGARCH,RealGARCH11-logRVscaled-studentt,1,0.00570216434,3.251467816e-05,-0.01420672754,-0.01118550547,-0.008933822304,-0.0178598364,-0.01462003051,0.00255192968,3.807150094e-05,True,
2013-02-21,2013-02-20,UKX,RealGARCH,RealGARCH11-logRVscaled-studentt,1,0.00591145402,3.494528863e-05,-0.01473583679,-0.01160372514,-0.009269397204,-0.01852302772,-0.01516430944,-0.01637945057,8.470123835e-05,True,
2013-02-22,2013-02-21,UKX,RealGARCH,RealGARCH11-logRVscaled-studentt,1,0.00717560011,5.148923694e-05,-0.01793174872,-0.01412984471,-0.011296328,-0.02252881866,-0.01845184891,0.007000819634,4.987659632e-05,True,
2013-02-25,2013-02-22,UKX,RealGARCH,RealGARCH11-logRVscaled-studentt,1,0.007122201283,5.072575112e-05,-0.01779675012,-0.01402313883,-0.01121070836,-0.02235960995,-0.01831297987,0.003104494121,,True,
2013-02-26,2013-02-25,UKX,RealGARCH,RealGARCH11-logRVscaled-studentt,1,0.007118788934,5.067715588e-05,-0.0177881233,-0.01401631999,-0.011205237,-0.02234879699,-0.01830410571,-0.01346469697,,True,RV_imputed_in_recursion
2013-02-27,2013-02-26,UKX,RealGARCH,RealGARCH11-logRVscaled-studentt,1,0.007115412548,5.062909573e-05,-0.01777958739,-0.01400957302,-0.01119982331,-0.02233809799,-0.01829532508,0.008812168655,,True,RV_imputed_in_recursion
2013-02-28,2013-02-27,UKX,RealGARCH,RealGARCH11-logRVscaled-studentt,1,0.007112071731,5.058156431e-05,-0.01777114141,-0.01400289713,-0.01119446665,-0.02232751171,-0.01828663695,0.005501823459,,True,RV_imputed_in_recursion
2013-03-01,2013-02-28,UKX,RealGARCH,RealGARCH11-logRVscaled-studentt,1,0.007108766093,5.053455536e-05,-0.01776278436,-0.01399629154,-0.01118916639,-0.02231703689,-0.0182780403,0.002794527956,,True,RV_imputed_in_recursion
2013-03-04,2013-03-01,UKX,RealGARCH,RealGARCH11-logRVscaled-studentt,1,0.007105495247,5.04880627e-05,-0.01775451527,-0.01398975547,-0.01118392192,-0.02230667232,-0.01826953414,-0.005186978117,5.569194269e-05,True,RV_imputed_in_recursion
2013-03-05,2013-03-04,UKX,RealGARCH,RealGARCH11-logRVscaled-studentt,1,0.007255291328,5.263925225e-05,-0.01813321761,-0.01428909018,-0.01142410483,-0.02278134198,-0.01865909396,0.01352385709,3.345571666e-05,True,
2013-03-06,2013-03-05,UKX,RealGARCH,RealGARCH11-logRVscaled-studentt,1,0.006570370772,4.316977208e-05,-0.01640165684,-0.0129204262,-0.01032590378,-0.02061098478,-0.01687788894,-0.0006842984445,,True,
2013-03-07,2013-03-06,UKX,RealGARCH,RealGARCH11-logRVscaled-studentt,1,0.006572556932,4.319850462e-05,-0.01640718372,-0.01292479476,-0.01032940906,-0.02061791222,-0.01688357427,0.001803105648,4.074832534e-05,True,RV_imputed_in_recursion
2013-03-08,2013-03-07,UKX,RealGARCH,RealGARCH11-logRVscaled-studentt,1,0.006491820944,4.214373917e-05,-0.01620307352,-0.01276346154,-0.01019995705,-0.02036207827,-0.01667361219,0.00687158769,4.194298879e-05,True,
2013-03-11,2013-03-08,UKX,RealGARCH,RealGARCH11-logRVscaled-studentt,1,0.006488031587,4.209455387e-05,-0.01619349357,-0.01275588934,-0.0101938812,-0.02035007066,-0.01666375758,0.003079958037,2.10850462e-05,True,
2013-03-12,2013-03-11,UKX,RealGARCH,RealGARCH11-logRVscaled-studentt,1,0.005585522744,3.119806433e-05,-0.01391184369,-0.01095242274,-0.008746799267,-0.01749022576,-0.01431669227,0.001075748117,3.085635815e-05,True,
2013-03-13,2013-03-12,UKX,RealGARCH,RealGARCH11-logRVscaled-studentt,1,0.00558314506,3.117150876e-05,-0.01390583263,-0.01094767146,-0.00874298689,-0.01748269142,-0.01431050886,-0.004479667866,3.97250472e-05,True,
2013-03-14,2013-03-13,UKX,RealGARCH,RealGARCH11-logRVscaled-studentt,1,0.005896846737,3.477280144e-05,-0.01469890784,-0.01157453567,-0.009245975898,-0.01847674056,-0.01512632172,0.007363075386,,True,
2013-03-15,2013-03-14,UKX,RealGARCH,RealGARCH11-logRVscaled-studentt,1,0.005905235022,3.487180067e-05,-0.01472011442,-0.01159129783,-0.009259425667,-0.01850332113,-0.01514813631,-0.00609870571,2.92502655e-05,True,RV_imputed_in_recursion
2013-03-18,2013-03-15,UKX,RealGARCH,RealGARCH11-logRVscaled-studentt,1,0.005691904373,3.239777539e-05,-0.01418078913,-0.01116500317,-0.008917371481,-0.0178273249,-0.01459334843,-0.004912162363,6.602773143e-05,True,
2013-03-19,2013-03-18,UKX,RealGARCH,RealGARCH11-logRVscaled-studentt,1,0.006656185899,4.430481073e-05,-0.01661860771,-0.01309190897,-0.01046349968,-0.02088291337,-0.01710105984,-0.002573819546,7.797699208e-05,True,
2013-03-20,2013-03-19,UKX,RealGARCH,RealGARCH11-logRVscaled-studentt,1,0.007527783158,5.666751928e-05,-0.01882210942,-0.01483360553,-0.011861018,-0.02364480651,-0.01936773647,-0.001335965711,5.520037707e-05,True,
2013-03-21,2013-03-20,UKX,RealGARCH,RealGARCH11-logRVscaled-studentt,1,0.007477237082,5.590907437e-05,-0.01869432292,-0.01473260025,-0.01177997247,-0.02348463751,-0.01923628629,-0.006879219721,7.886023104e-05,True,
2013-03-22,2013-03-21,UKX,RealGARCH,RealGARCH11-logRVscaled-studentt,1,0.008049737788,6.479827845e-05,-0.02014167291,-0.01587661774,-0.01269791962,-0.02529876181,-0.02072513215,0.0006571591818,4.552205391e-05,True,
2013-03-25,2013-03-22,UKX,RealGARCH,RealGARCH11-logRVscaled-studentt,1,0.00744243593,5.538985258e-05,-0.01860634146,-0.01466305775,-0.01172417233,-0.02337436059,-0.01914578239,-0.002255059733,5.289236346e-05,True,
2013-03-26,2013-03-25,UKX,RealGARCH,RealGARCH11-logRVscaled-studentt,1,0.007361398266,5.419018443e-05,-0.01840146859,-0.0145011217,-0.0115942366,-0.02311757069,-0.01893503576,0.003286953815,,True,
2013-03-27,2013-03-26,UKX,RealGARCH,RealGARCH11-logRVscaled-studentt,1,0.007355424801,5.410227401e-05,-0.01838636696,-0.01448918504,-0.01158465876,-0.02309864214,-0.01891950117,-0.00184559433,,True,RV_imputed_in_recursion
2013-03-28,2013-03-27,UKX,RealGARCH,RealGARCH11-logRVscaled-studentt,1,0.007349516249,5.401538909e-05,-0.01837142944,-0.01447737809,-0.01157518499,-0.02307991928,-0.01890413538,0.003765850465,5.892967165e-05,True,RV_imputed_in_recursion
2013-04-02,2013-03-28,UKX,RealGARCH,RealGARCH11-logRVscaled-studentt,1,0.007483957469,5.60096194e-05,-0.01871131286,-0.01474602947,-0.01179074793,-0.02350593288,-0.01925376334,0.01224593639,5.097411726e-05,True,
2013-04-03,2013-04-02,UKX,RealGARCH,RealGARCH11-logRVscaled-studentt,1,0.007325134865,5.365760079e-05,-0.01830979039,-0.01442865722,-0.0115360919,-0.02300266024,-0.01884072913,-0.01090559798,5.007542748e-05,True,
2013-04-04,2013-04-03,UKX,RealGARCH,RealGARCH11-logRVscaled-studentt,1,0.007210474052,5.199093606e-05,-0.0180199142,-0.01419953266,-0.01135224485,-0.02263932624,-0.01854254212,-0.01193955263,8.737519673e-05,True,
2013-04-05,2013-04-04,UKX,RealGARCH,RealGARCH11-logRVscaled-studentt,1,0.008066729775,6.507212926e-05,-0.02018463068,-0.01591057251,-0.01272516456,-0.02535260555,-0.02076932153,-0.01497583055,0.0001041246738,True,
2013-04-08,2013-04-05,UKX,RealGARCH,RealGARCH11-logRVscaled-studentt,1,0.008918901792,7.954680917e-05,-0.02233902307,-0.01761345197,-0.01409153647,-0.02805294452,-0.02298548085,0.004326780383,4.695041994e-05,True,
2013-04-09,2013-04-08,UKX,RealGARCH,RealGARCH11-logRVscaled-studentt,1,0.007931557549,6.290960515e-05,-0.01984289919,-0.01564046037,-0.01250842953,-0.02492427556,-0.02041779251,0.005766498012,4.917824772e-05,True,
2013-04-10,2013-04-09,UKX,RealGARCH,RealGARCH11-logRVscaled-studentt,1,0.007506532626,5.634803206e-05,-0.01876838555,-0.01479114099,-0.01182694492,-0.02357746841,-0.01931247231,0.01168457406,4.3255881e-05,True,
2013-04-11,2013-04-10,UKX,RealGARCH,RealGARCH11-logRVscaled-studentt,1,0.00708021655,5.012946639e-05,-0.01769060771,-0.01393924152,-0.01114339007,-0.02222656989,-0.01820379434,0.004483187264,3.516511788e-05,True,
2013-04-12,2013-04-11,UKX,RealGARCH,RealGARCH11-logRVscaled-studentt,1,0.006552425242,4.293427655e-05,-0.01635628841,-0.01288456598,-0.01029712993,-0.02055411949,-0.01683121978,-0.004952972275,5.035103373e-05,True,
2013-04-15,2013-04-12,UKX,RealGARCH,RealGARCH11-logRVscaled-studentt,1,0.006785745151,4.604633726e-05,-0.01694614893,-0.01335080481,-0.01067123488,-0.02129345712,-0.01743799175,-0.006411053385,,True,
2013-04-16,2013-04-15,UKX,RealGARCH,RealGARCH11-logRVscaled-studentt,1,0.006785799175,4.604707044e-05,-0.01694628551,-0.01335091276,-0.0106713215,-0.02129362831,-0.01743813224,-0.006166904855,6.765764177e-05,True,RV_imputed_in_recursion
2013-04-17,2013-04-16,UKX,RealGARCH,RealGARCH11-logRVscaled-studentt,1,0.007377696417,5.443040442e-05,-0.01844267226,-0.01453368999,-0.01162036905,-0.02316921582,-0.01897742075,-0.009626477117,0.0001445337069,True,
2013-04-18,2013-04-17,UKX,RealGARCH,RealGARCH11-logRVscaled-studentt,1,0.009114383793,8.307199193e-05,-0.02283322486,-0.01800408001,-0.01440497214,-0.02867238244,-0.02349385152,-8.007751258e-05,,True,
2013-04-19,2013-04-18,UKX,RealGARCH,RealGARCH11-logRVscaled-studentt,1,0.009087424841,8.258129024e-05,-0.02276506941,-0.01795020844,-0.01436174618,-0.02858695567,-0.02342374205,0.00684741301,,True,RV_imputed_in_recursion
2013-04-22,2013-04-19,UKX,RealGARCH,RealGARCH11-logRVscaled-studentt,1,0.009060815838,8.209838364e-05,-0.02269779868,-0.01789703616,-0.01431908133,-0.0285026378,-0.02335454265,-0.0009548666946,5.520148099e-05,True,RV_imputed_in_recursion
2013-04-23,2013-04-22,UKX,RealGARCH,RealGARCH11-logRVscaled-studentt,1,0.008287913483,6.86895099e-05,-0.02074380945,-0.01635255979,-0.01307981033,-0.02605348632,-0.02134453208,0.01978514381,6.901062715e-05,True,
2013-04-24,2013-04-23,UKX,RealGARCH,RealGARCH11-logRVscaled-studentt,1,0.008279698352,6.85534048e-05,-0.02072304062,-0.01633614365,-0.0130666382,-0.02602745445,-0.0213231678,0.004003729819,,True,
2013-04-25,2013-04-24,UKX,RealGARCH,RealGARCH11-logRVscaled-studentt,1,0.0082631945,6.828038334e-05,-0.02068131691,-0.01630316431,-0.01304017594,-0.0259751575,-0.02128024787,0.001677794012,6.52368426e-05,True,RV_imputed_in_recursion
2013-04-26,2013-04-25,UKX,RealGARCH,RealGARCH11-logRVscaled-studentt,1,0.00816557349,6.667659042e-05,-0.02043451937,-0.01610809006,-0.01288365049,-0.02566581876,-0.02102637458,-0.002517709932,4.839162596e-05,True,
2013-04-29,2013-04-26,UKX,RealGARCH,RealGARCH11-logRVscaled-studentt,1,0.007602038666,5.779099187e-05,-0.01900983619,-0.01498198893,-0.01198007922,-0.02388010529,-0.01956084541,0.004905181708,4.775791383e-05,True,
2013-04-30,2013-04-29,UKX,RealGARCH,RealGARCH11-logRVscaled-studentt,1,0.007285176614,5.30737983e-05,-0.01820877117,-0.01434880939,-0.01147202287,-0.02287604164,-0.01873681367,-0.004329566867,3.404283312e-05,True,
2013-05-01,2013-04-30,UKX,RealGARCH,RealGARCH11-logRVscaled-studentt,1,0.0066103295,4.369645609e-05,-0.01650267727,-0.01300027498,-0.01038997357,-0.02073760489,-0.01698180565,0.003291525191,2.25892635e-05,True,
2013-05-02,2013-05-01,UKX,RealGARCH,RealGARCH11-logRVscaled-studentt,1,0.00572889805,3.282027287e-05,-0.01427431355,-0.01123892694,-0.008976687113,-0.01794454944,-0.01468955422,0.001456070579,7.765836577e-05,True,
2013-05-03,2013-05-02,UKX,RealGARCH,RealGARCH11-logRVscaled-studentt,1,0.006919904906,4.788508391e-05,-0.01728532078,-0.01361889375,-0.01088634652,-0.02171857882,-0.01778688773,0.009366709589,8.840287135e-05,True,
2013-05-07,2013-05-03,UKX,RealGARCH,RealGARCH11-logRVscaled-studentt,1,0.007904625043,6.248309708e-05,-0.01977481061,-0.01558664165,-0.01246524597,-0.02483893258,-0.02034775181,0.0054744923,2.605933625e-05,True,
2013-05-08,2013-05-07,UKX,RealGARCH,RealGARCH11-logRVscaled-studentt,1,0.006526522445,4.259549522e-05,-0.01629080305,-0.01283280491,-0.01025559741,-0.02047203942,-0.01676385694,0.003987615686,2.209378651e-05,True,
2013-05-09,2013-05-08,UKX,RealGARCH,RealGARCH11-logRVscaled-studentt,1,0.005661100294,3.204805653e-05,-0.01410291274,-0.01110344795,-0.008867980246,-0.01772971379,-0.01451323931,0.001396487054,3.737115044e-05,True,
2013-05-10,2013-05-09,UKX,RealGARCH,RealGARCH11-logRVscaled-studentt,1,0.005864067535,3.438728805e-05,-0.01461603811,-0.0115090336,-0.009193417752,-0.01837287074,-0.0150410761,0.004887366004,5.575482133e-05,True,
2013-05-13,2013-05-10,UKX,RealGARCH,RealGARCH11-logRVscaled-studentt,1,0.006523061457,4.255033078e-05,-0.01628205326,-0.01282588888,-0.01025004806,-0.02046107234,-0.0167548563,0.001025859287,3.10887062e-05,True,
2013-05-14,2013-05-13,UKX,RealGARCH,RealGARCH11-logRVscaled-studentt,1,0.006095475878,3.715482618e-05,-0.01520106597,-0.01197145258,-0.009564457698,-0.01910615106,-0.01564287685,0.00815452801,2.62634205e-05,True,
2013-05-15,2013-05-14,UKX,RealGARCH,RealGARCH11-logRVscaled-studentt,1,0.005658987933,3.202414443e-05,-0.01409757244,-0.01109922686,-0.008864593289,-0.01772302021,-0.0145077459,0.001121101471,2.838211883e-05,True,
2013-05-16,2013-05-15,UKX,RealGARCH,RealGARCH11-logRVscaled-studentt,1,0.005522576993,3.049885664e-05,-0.01375270934,-0.01082663942,-0.008645872101,-0.01729076501,-0.01415299549,-0.0008669187686,,True,
2013-05-17,2013-05-16,UKX,RealGARCH,RealGARCH11-logRVscaled-studentt,1,0.005534085017,3.062609697e-05,-0.01378180299,-0.01084963569,-0.008664324057,-0.01732723132,-0.01418292326,0.005264430393,,True,RV_imputed_in_recursion
2013-05-20,2013-05-17,UKX,RealGARCH,RealGARCH11-logRVscaled-studentt,1,0.005545500804,3.075257916e-05,-0.01381066346,-0.01087244764,-0.00868262812,-0.01736340535,-0.01421261117,0.004822432803,,True,RV_imputed_in_recursion
2013-05-21,2013-05-20,UKX,RealGARCH,RealGARCH11-logRVscaled-studentt,1,0.005556824857,3.087830249e-05,-0.01383929202,-0.01089507629,-0.008700785098,-0.01739928869,-0.01424206051,0.007124157717,,True,RV_imputed_in_recursion
2013-05-22,2013-05-21,UKX,RealGARCH,RealGARCH11-logRVscaled-studentt,1,0.005568057682,3.100326635e-05,-0.01386768994,-0.01091752263,-0.0087187958,-0.01743488296,-0.01427127261,0.005335599029,,True,RV_imputed_in_recursion
2013-05-23,2013-05-22,UKX,RealGARCH,RealGARCH11-logRVscaled-studentt,1,0.005579199786,3.112747026e-05,-0.0138958585,-0.01093978769,-0.008736661041,-0.01747018975,-0.01430024877,-0.02120179057,0.0001073453704,True,RV_imputed_in_recursion
2013-05-24,2013-05-23,UKX,RealGARCH,RealGARCH11-logRVscaled-studentt,1,0.007315900932,5.352240644e-05,-0.01828644591,-0.01441020522,-0.01152128622,-0.0229734,-0.01881671535,-0.006366538307,7.982669815e-05,True,
2013-05-28,2013-05-24,UKX,RealGARCH,RealGARCH11-logRVscaled-studentt,1,0.007973899522,6.358307358e-05,-0.01994994474,-0.01572507155,-0.01257632061,-0.02505844762,-0.02052790709,0.01605547135,4.639321114e-05,True,
2013-05-29,2013-05-28,UKX,RealGARCH,RealGARCH11-logRVscaled-studentt,1,0.007433978715,5.526403953e-05,-0.01858496061,-0.01464615786,-0.01171061204,-0.0233475616,-0.01912378854,-0.02013628264,9.550562421e-05,True,
2013-05-30,2013-05-29,UKX,RealGARCH,RealGARCH11-logRVscaled-studentt,1,0.008364820694,6.997022525e-05,-0.02093824004,-0.01650624204,-0.01320312329,-0.02629718776,-0.02154453704,0.004486510975,6.450275087e-05,True,
2013-05-31,2013-05-30,UKX,RealGARCH,RealGARCH11-logRVscaled-studentt,1,0.008200995748,6.725633126e-05,-0.02052407106,-0.0161788737,-0.01294044651,-0.02577806383,-0.02111849374,-0.01116315872,0.0001208422264,True,
2013-06-03,2013-05-31,UKX,RealGARCH,RealGARCH11-logRVscaled-studentt,1,0.00929704675,8.643507827e-05,-0.02329501857,-0.01836909199,-0.01469785378,-0.02925119974,-0.02396888497,-0.008849480119,,True,
2013-06-04,2013-06-03,UKX,RealGARCH,RealGARCH11-logRVscaled-studentt,1,0.009267695935,8.589018794e-05,-0.02322081622,-0.01831044081,-0.01465079271,-0.02915819369,-0.02389255522,0.005120886707,6.790984994e-05,True,RV_imputed_in_recursion
2013-06-05,2013-06-04,UKX,RealGARCH,RealGARCH11-logRVscaled-studentt,1,0.008778979147,7.707047486e-05,-0.02198528195,-0.01733384716,-0.01386718461,-0.02760956153,-0.02262159789,-0.02146813338,9.009351555e-05,True,
2013-06-06,2013-06-05,UKX,RealGARCH,RealGARCH11-logRVscaled-studentt,1,0.009058505151,8.205651558e-05,-0.02269195699,-0.01789241876,-0.01431537638,-0.02849531576,-0.02334853347,-0.01304559443,7.582912294e-05,True,
2013-06-07,2013-06-06,UKX,RealGARCH,RealGARCH11-logRVscaled-studentt,1,0.008878673209,7.883083796e-05,-0.02223732042,-0.01753306394,-0.01402703399,-0.02792546931,-0.02288086236,0.01190778206,0.0001259581287,True,
2013-06-10,2013-06-07,UKX,RealGARCH,RealGARCH11-logRVscaled-studentt,1,0.009804061602,9.611962389e-05,-0.02457681253,-0.01938225032,-0.01551080097,-0.03085781429,-0.02528742826,-0.001795122433,8.51993198e-05,True,
2013-06-11,2013-06-10,UKX,RealGARCH,RealGARCH11-logRVscaled-studentt,1,0.009515215244,9.053932113e-05,-0.02384657452,-0.01880505403,-0.01504766496,-0.02994252599,-0.02453625416,-0.009481555661,0.0001276774674,True,
2013-06-12,2013-06-11,UKX,RealGARCH,RealGARCH11-logRVscaled-studentt,1,0.01021842387,0.0001044161865,-0.02562436972,-0.02021026273,-0.01617518909,-0.03217083393,-0.02636501916,-0.006424291484,,True,
2013-06-13,2013-06-12,UKX,RealGARCH,RealGARCH11-logRVscaled-studentt,1,0.0101764785,0.0001035607146,-0.02551832681,-0.02012644406,-0.01610793391,-0.03203791858,-0.02625593597,0.0008092760671,0.0001254756272,True,RV_imputed_in_recursion
2013-06-14,2013-06-13,UKX,RealGARCH,RealGARCH11-logRVscaled-studentt,1,0.01056684473,0.0001116582075,-0.02650521915,-0.02090650563,-0.0167338468,-0.03327490023,-0.02727112275,0.0005866544783,7.760074367e-05,True,
2013-06-17,2013-06-14,UKX,RealGARCH,RealGARCH11-logRVscaled-studentt,1,0.00972011448,9.448062551e-05,-0.0243645842,-0.01921450035,-0.01537620023,-0.03059180499,-0.0250691153,0.003513026264,,True,
2013-06-18,2013-06-17,UKX,RealGARCH,RealGARCH11-logRVscaled-studentt,1,0.009685088082,9.380093115e-05,-0.02427603329,-0.01914450775,-0.01532003893,-0.03048081431,-0.02497802561,0.006879401588,8.809442762e-05,True,RV_imputed_in_recursion
2013-06-19,2013-06-18,UKX,RealGARCH,RealGARCH11-logRVscaled-studentt,1,0.009519800792,9.062660712e-05,-0.02385816733,-0.01881421724,-0.01505501742,-0.02995705655,-0.02454817934,-0.003992835612,0.0001081639356,True,
2013-06-20,2013-06-19,UKX,RealGARCH,RealGARCH11-logRVscaled-studentt,1,0.009859312038,9.720603387e-05,-0.02471649221,-0.01949265624,-0.01559938947,-0.03103289034,-0.02543111259,-0.03027018253,0.0002075062805,True,
2013-06-21,2013-06-20,UKX,RealGARCH,RealGARCH11-logRVscaled-studentt,1,0.01158207357,0.0001341444281,-0.02907183861,-0.0229352185,-0.01836166388,-0.03649192913,-0.0299113278,-0.007054584893,0.0001575939548,True,
2013-06-24,2013-06-21,UKX,RealGARCH,RealGARCH11-logRVscaled-studentt,1,0.01193045495,0.0001423357553,-0.02995258825,-0.02363138252,-0.0189202583,-0.03759587035,-0.03081732873,-0.0143432584,0.0001682692866,True,
2013-06-25,2013-06-24,UKX,RealGARCH,RealGARCH11-logRVscaled-studentt,1,0.01230240622,0.0001513491988,-0.03089292538,-0.02437464581,-0.01951664466,-0.03877449919,-0.03178462555,0.01200241991,0.0001532816344,True,
2013-06-26,2013-06-25,UKX,RealGARCH,RealGARCH11-logRVscaled-studentt,1,0.01226279787,0.0001503762115,-0.03079279074,-0.02429549718,-0.01945313666,-0.03864898934,-0.03168162002,0.0103690543,9.949156554e-05,True,
2013-06-27,2013-06-26,UKX,RealGARCH,RealGARCH11-logRVscaled-studentt,1,0.01114349029,0.0001241773758,-0.02796304782,-0.0220588057,-0.01765843981,-0.03510215863,-0.02877074772,0.01255565376,9.899205056e-05,True,
2013-06-28,2013-06-27,UKX,RealGARCH,RealGARCH11-logRVscaled-studentt,1,0.01055511814,0.0001114105189,-0.02647557293,-0.0208830726,-0.0167150444,-0.03323774134,-0.02724062657,-0.004478717841,0.0001136445951,True,
2013-07-01,2013-06-28,UKX,RealGARCH,RealGARCH11-logRVscaled-studentt,1,0.01055379781,0.0001113826483,-0.02647223499,-0.02088043422,-0.01671292739,-0.03323355753,-0.02723719293,0.01474075966,0.0001402015901,True,
2013-07-02,2013-07-01,UKX,RealGARCH,RealGARCH11-logRVscaled-studentt,1,0.01104583414,0.0001220104518,-0.02771616144,-0.02186366124,-0.01750185802,-0.03479270854,-0.02851678304,-0.0006184579739,8.694017712e-05,True,
2013-07-03,2013-07-02,UKX,RealGARCH,RealGARCH11-logRVscaled-studentt,1,0.01021146883,0.0001042740958,-0.02560678655,-0.0201963646,-0.01616403739,-0.03214879499,-0.02634693188,-0.01180820836,8.747322721e-05,True,
2013-07-04,2013-07-03,UKX,RealGARCH,RealGARCH11-logRVscaled-studentt,1,0.009788665331,9.581796897e-05,-0.02453788892,-0.01935148424,-0.0154861146,-0.03080902702,-0.0252473887,0.03032264495,0.0001772751421,True,
2013-07-05,2013-07-04,UKX,RealGARCH,RealGARCH11-logRVscaled-studentt,1,0.01114785663,0.0001242747073,-0.02797408645,-0.02206753087,-0.0176654408,-0.03511599456,-0.02878210282,-0.007220391181,0.0004090696848,True,
2013-07-08,2013-07-05,UKX,RealGARCH,RealGARCH11-logRVscaled-studentt,1,0.01437029397,0.0002065053487,-0.03612079197,-0.02850686736,-0.02283229416,-0.04532716433,-0.0371623763,0.01163313042,0.0001166669871,True,
2013-07-09,2013-07-08,UKX,RealGARCH,RealGARCH11-logRVscaled-studentt,1,0.01259790325,0.0001587071664,-0.03163997708,-0.02496513203,-0.01999044436,-0.03971086196,-0.0325530954,0.009719898644,7.963507675e-05,True,
2013-07-10,2013-07-09,UKX,RealGARCH,RealGARCH11-logRVscaled-studentt,1,0.01077737119,0.0001161517297,-0.02703745512,-0.02132719673,-0.01707140475,-0.03394201061,-0.02781861805,-0.001244436436,8.326895998e-05,True,
2013-07-11,2013-07-10,UKX,RealGARCH,RealGARCH11-logRVscaled-studentt,1,0.009978896435,9.957837406e-05,-0.02501881581,-0.01973161951,-0.015791131,-0.03141182604,-0.02574210388,0.005885781114,9.625776644e-05,True,
2013-07-12,2013-07-11,UKX,RealGARCH,RealGARCH11-logRVscaled-studentt,1,0.009867314274,9.736389098e-05,-0.02473672282,-0.01950864696,-0.01561222025,-0.0310582476,-0.02545192321,0.0002292123544,7.130411351e-05,True,
2013-07-15,2013-07-12,UKX,RealGARCH,RealGARCH11-logRVscaled-studentt,1,0.009186847562,8.439816813e-05,-0.0230164219,-0.01814888301,-0.01452116049,-0.02890200362,-0.02368230086,0.006275277009,3.918040969e-05,True,
2013-07-16,2013-07-15,UKX,RealGARCH,RealGARCH11-logRVscaled-studentt,1,0.00775215675,6.009593428e-05,-0.01938935259,-0.0152819671,-0.01222077843,-0.0243557953,-0.01995124263,-0.004519725556,7.176122047e-05,True,
2013-07-17,2013-07-16,UKX,RealGARCH,RealGARCH11-logRVscaled-studentt,1,0.008046124202,6.474011468e-05,-0.02013253734,-0.01586939678,-0.0126921256,-0.02528731118,-0.02071573466,0.002361312193,0.0001242179844,True,
2013-07-18,2013-07-17,UKX,RealGARCH,RealGARCH11-logRVscaled-studentt,1,0.009254383525,8.564361443e-05,-0.02318716086,-0.01828383887,-0.0146294476,-0.0291160097,-0.02385793495,0.009465250304,5.076392267e-05,True,
2013-07-19,2013-07-18,UKX,RealGARCH,RealGARCH11-logRVscaled-studentt,1,0.008234434139,6.78059056e-05,-0.02060860729,-0.01624569302,-0.0129940616,-0.02588402247,-0.02120545365,-0.0005578106564,7.827008782e-05,True,
2013-07-22,2013-07-19,UKX,RealGARCH,RealGARCH11-logRVscaled-studentt,1,0.008478831133,7.189057739e-05,-0.02122647201,-0.01673406697,-0.01338592754,-0.02665846086,-0.0218410327,-0.001131742443,4.436607535e-05,True,
2013-07-23,2013-07-22,UKX,RealGARCH,RealGARCH11-logRVscaled-studentt,1,0.007617492207,5.802618753e-05,-0.01904890459,-0.01501286945,-0.01200485742,-0.02392907405,-0.0196010339,-0.003903049115,5.976610692e-05,True,
2013-07-24,2013-07-23,UKX,RealGARCH,RealGARCH11-logRVscaled-studentt,1,0.007657698848,5.864035164e-05,-0.01915055176,-0.01509321363,-0.01206932471,-0.02405647973,-0.01970559533,0.003480159112,6.719074111e-05,True,
2013-07-25,2013-07-24,UKX,RealGARCH,RealGARCH11-logRVscaled-studentt,1,0.007878059045,6.206381432e-05,-0.0197076486,-0.01553355531,-0.01242265007,-0.02475475099,-0.02027866426,-0.004905963966,0.0001049743899,True,
2013-07-26,2013-07-25,UKX,RealGARCH,RealGARCH11-logRVscaled-studentt,1,0.008818015459,7.775739664e-05,-0.0220839704,-0.01741185269,-0.0139297754,-0.02773325871,-0.02272311576,-0.005052236375,9.96162969e-05,True,
2013-07-29,2013-07-26,UKX,RealGARCH,RealGARCH11-logRVscaled-studentt,1,0.009281312776,8.614276684e-05,-0.02325524121,-0.01833765109,-0.01467262594,-0.02920134236,-0.02392796718,0.0008387279527,6.476413996e-05,True,
2013-07-30,2013-07-29,UKX,RealGARCH,RealGARCH11-logRVscaled-studentt,1,0.008696046081,7.562121744e-05,-0.02177561728,-0.01716812356,-0.0137342098,-0.02734676554,-0.02240592209,0.001629724022,4.666520595e-05,True,
2013-07-31,2013-07-30,UKX,RealGARCH,RealGARCH11-logRVscaled-studentt,1,0.007810536228,6.100447616e-05,-0.01953694287,-0.01539862572,-0.01231438404,-0.02454078656,-0.02010306436,0.007595506173,0.0001107180631,True,
2013-08-01,2013-07-31,UKX,RealGARCH,RealGARCH11-logRVscaled-studentt,1,0.008878150323,7.882155316e-05,-0.0222359985,-0.01753201907,-0.01402619559,-0.0279238124,-0.02287950254,0.009155809846,5.587562369e-05,True,
2013-08-02,2013-08-01,UKX,RealGARCH,RealGARCH11-logRVscaled-studentt,1,0.008216355929,6.750850475e-05,-0.02056290342,-0.01620956766,-0.01296507501,-0.02582673674,-0.02115843944,-0.005116343354,7.329047448e-05,True,
2013-08-05,2013-08-02,UKX,RealGARCH,RealGARCH11-logRVscaled-studentt,1,0.008348376036,6.969538245e-05,-0.02089666599,-0.01647338099,-0.01317675594,-0.02624507838,-0.02150177105,-0.004266040613,5.743407392e-05,True,
2013-08-06,2013-08-05,UKX,RealGARCH,RealGARCH11-logRVscaled-studentt,1,0.00798799013,6.380798632e-05,-0.01998556748,-0.01575322855,-0.01259891348,-0.02510309755,-0.02056455114,-0.002329120165,8.098270235e-05,True,
2013-08-07,2013-08-06,UKX,RealGARCH,RealGARCH11-logRVscaled-studentt,1,0.008398921404,7.054188075e-05,-0.0210244507,-0.01657438485,-0.01325780034,-0.02640524514,-0.02163321938,-0.01418203882,0.0001502967153,True,
2013-08-08,2013-08-07,UKX,RealGARCH,RealGARCH11-logRVscaled-studentt,1,0.009878308158,9.758097207e-05,-0.02476451667,-0.01953061583,-0.01562984784,-0.03109308471,-0.02548051392,0.00283722931,6.535500548e-05,True,
2013-08-09,2013-08-08,UKX,RealGARCH,RealGARCH11-logRVscaled-studentt,1,0.009020130828,8.136276015e-05,-0.02259494213,-0.01781573607,-0.01425384702,-0.02837371627,-0.02324873717,0.008190284035,,True,
2013-08-12,2013-08-09,UKX,RealGARCH,RealGARCH11-logRVscaled-studentt,1,0.008994391881,8.08990853e-05,-0.02252987101,-0.01776430241,-0.01421257721,-0.02829215541,-0.02318180044,-0.001383235467,,True,RV_imputed_in_recursion
2013-08-13,2013-08-12,UKX,RealGARCH,RealGARCH11-logRVscaled-studentt,1,0.0089689844,8.044268117e-05,-0.02246563787,-0.01771353111,-0.01417183888,-0.02821164489,-0.02311572573,0.005702962149,5.921833981e-05,True,RV_imputed_in_recursion
2013-08-14,2013-08-13,UKX,RealGARCH,RealGARCH11-logRVscaled-studentt,1,0.008367925099,7.002217047e-05,-0.02094608835,-0.01651244551,-0.01320810089,-0.02630702491,-0.02155261036,-0.003712322396,4.847483819e-05,True,
2013-08-15,2013-08-14,UKX,RealGARCH,RealGARCH11-logRVscaled-studentt,1,0.007708958772,5.942804535e-05,-0.01928014296,-0.01519564538,-0.01215151483,-0.02421891075,-0.01983890193,-0.01592910869,8.376980878e-05,True,
2013-08-16,2013-08-15,UKX,RealGARCH,RealGARCH11-logRVscaled-studentt,1,0.008295490901,6.881516929e-05,-0.02076296606,-0.01636770161,-0.01309195996,-0.02607749744,-0.02136423792,0.002572566984,7.813495486e-05,True,
2013-08-19,2013-08-16,UKX,RealGARCH,RealGARCH11-logRVscaled-studentt,1,0.008510488789,7.242841943e-05,-0.02130650634,-0.01679732788,-0.0134366874,-0.02675877676,-0.02192336162,-0.005290865051,6.211237076e-05,True,
2013-08-20,2013-08-19,UKX,RealGARCH,RealGARCH11-logRVscaled-studentt,1,0.008212326679,6.744230949e-05,-0.020552717,-0.01620151609,-0.01295861452,-0.02581396897,-0.02114796097,-0.001888692557,7.369993143e-05,True,
2013-08-21,2013-08-20,UKX,RealGARCH,RealGARCH11-logRVscaled-studentt,1,0.008356213144,6.982629811e-05,-0.02091647913,-0.01648904173,-0.01318932195,-0.02626991239,-0.02152215224,-0.009763193634,7.593383964e-05,True,
2013-08-22,2013-08-21,UKX,RealGARCH,RealGARCH11-logRVscaled-studentt,1,0.008492127821,7.211623493e-05,-0.02126008762,-0.0167606375,-0.01340724743,-0.02670059504,-0.02187561207,0.008739954258,7.043269297e-05,True,
2013-08-23,2013-08-22,UKX,RealGARCH,RealGARCH11-logRVscaled-studentt,1,0.008429656024,7.105910068e-05,-0.02110215148,-0.01663580127,-0.01330708021,-0.02650263614,-0.02171314786,0.006986688286,7.575181223e-05,True,
2013-08-27,2013-08-23,UKX,RealGARCH,RealGARCH11-logRVscaled-studentt,1,0.008529044088,7.274459306e-05,-0.02135341635,-0.01683440659,-0.01346643895,-0.02681757428,-0.02197161655,-0.007902260638,,True,
2013-08-28,2013-08-27,UKX,RealGARCH,RealGARCH11-logRVscaled-studentt,1,0.008509500979,7.241160692e-05,-0.02130400904,-0.01679535396,-0.01343510354,-0.02675564662,-0.02192079272,-0.001693702096,,True,RV_imputed_in_recursion
2013-08-29,2013-08-28,UKX,RealGARCH,RealGARCH11-logRVscaled-studentt,1,0.008490198726,7.208347441e-05,-0.02125521064,-0.01675678262,-0.01340415433,-0.02669448217,-0.02187059527,0.008208700679,6.766700265e-05,True,RV_imputed_in_recursion
2013-08-30,2013-08-29,UKX,RealGARCH,RealGARCH11-logRVscaled-studentt,1,0.008355537235,6.981500249e-05,-0.02091477035,-0.01648769108,-0.0131882382,-0.02626777059,-0.02152039447,-0.01088723471,9.711431642e-05,True,
2013-09-02,2013-08-30,UKX,RealGARCH,RealGARCH11-logRVscaled-studentt,1,0.008958112903,8.024778679e-05,-0.02243815343,-0.0176918068,-0.01415440753,-0.0281771956,-0.0230874533,0.01444402697,,True,
2013-09-03,2013-09-02,UKX,RealGARCH,RealGARCH11-logRVscaled-studentt,1,0.00893317138,7.980155091e-05,-0.02237509829,-0.01764196662,-0.01411441631,-0.02809816159,-0.02302259036,-0.005826830834,0.0002136752344,True,RV_imputed_in_recursion
2013-09-04,2013-09-03,UKX,RealGARCH,RealGARCH11-logRVscaled-studentt,1,0.01103472198,0.0001217650891,-0.02768806858,-0.02184145602,-0.01748404079,-0.03475749664,-0.02848788475,0.0009735370121,7.648041305e-05,True,
2013-09-05,2013-09-04,UKX,RealGARCH,RealGARCH11-logRVscaled-studentt,1,0.009925389512,9.851335697e-05,-0.02488354394,-0.01962469763,-0.01570533804,-0.0312422748,-0.02560295373,0.008872090635,0.0001391358388,True,
2013-09-06,2013-09-05,UKX,RealGARCH,RealGARCH11-logRVscaled-studentt,1,0.01065793949,0.0001135916741,-0.02673551755,-0.02108853858,-0.01687990806,-0.03356355876,-0.02750802386,0.002278325922,0.0001250692031,True,
2013-09-09,2013-09-06,UKX,RealGARCH,RealGARCH11-logRVscaled-studentt,1,0.01083396149,0.0001173747215,-0.02718052214,-0.02144028007,-0.01716214159,-0.03412133238,-0.02796578683,-0.002538556188,5.23013604e-05,True,
2013-09-10,2013-09-09,UKX,RealGARCH,RealGARCH11-logRVscaled-studentt,1,0.009045959415,8.182938174e-05,-0.02266023988,-0.01786734885,-0.01429526055,-0.02845556118,-0.02331590702,0.008128298423,3.569765418e-05,True,
2013-09-11,2013-09-10,UKX,RealGARCH,RealGARCH11-logRVscaled-studentt,1,0.007531987066,5.673082917e-05,-0.0188327374,-0.01484200612,-0.01186775855,-0.02365812773,-0.01937866915,0.000668048677,3.299341602e-05,True,
2013-09-12,2013-09-11,UKX,RealGARCH,RealGARCH11-logRVscaled-studentt,1,0.006688103138,4.473072359e-05,-0.01669929829,-0.01315568859,-0.01051467576,-0.02098405183,-0.01718406384,9.107987993e-05,4.175318376e-05,True,
2013-09-13,2013-09-12,UKX,RealGARCH,RealGARCH11-logRVscaled-studentt,1,0.006589744259,4.34247294e-05,-0.01645063533,-0.01295913988,-0.01035696721,-0.02067237495,-0.01692827165,-0.0007895353072,2.640003797e-05,True,
2013-09-16,2013-09-13,UKX,RealGARCH,RealGARCH11-logRVscaled-studentt,1,0.005916046605,3.499960744e-05,-0.01474744739,-0.01161290241,-0.009276760951,-0.01853758057,-0.01517625292,0.005921269069,3.267907685e-05,True,
2013-09-17,2013-09-16,UKX,RealGARCH,RealGARCH11-logRVscaled-studentt,1,0.005836603702,3.406594277e-05,-0.01454660627,-0.01145415314,-0.009149382265,-0.01828584411,-0.01496965363,-0.007989022581,2.930382975e-05,True,
2013-09-18,2013-09-17,UKX,RealGARCH,RealGARCH11-logRVscaled-studentt,1,0.005657323234,3.200530618e-05,-0.01409336389,-0.01109590032,-0.008861924112,-0.01771774515,-0.01450341668,-0.00173667345,4.07556035e-05,True,
2013-09-19,2013-09-18,UKX,RealGARCH,RealGARCH11-logRVscaled-studentt,1,0.005973378778,3.568125403e-05,-0.01489238996,-0.01172746822,-0.009368687309,-0.01871925317,-0.01532535102,0.01010310295,3.500292314e-05,True,
2013-09-20,2013-09-19,UKX,RealGARCH,RealGARCH11-logRVscaled-studentt,1,0.005956203651,3.547636193e-05,-0.01484896919,-0.01169314749,-0.009341148724,-0.0186648291,-0.01528068537,-0.004386701801,2.08997221e-05,True,
2013-09-23,2013-09-20,UKX,RealGARCH,RealGARCH11-logRVscaled-studentt,1,0.005316241559,2.826242431e-05,-0.01323106877,-0.01041432317,-0.008315034037,-0.01663693503,-0.01361639937,-0.005929862832,5.282506657e-05,True,
2013-09-24,2013-09-23,UKX,RealGARCH,RealGARCH11-logRVscaled-studentt,1,0.0061052621,3.727422531e-05,-0.01522580671,-0.01199100821,-0.009580148918,-0.01913716137,-0.01566832691,0.002147948956,4.76205032e-05,True,
2013-09-25,2013-09-24,UKX,RealGARCH,RealGARCH11-logRVscaled-studentt,1,0.006445977689,4.155062837e-05,-0.01608717631,-0.01267185382,-0.01012645201,-0.02021681144,-0.01655439218,-0.003048085877,5.810548259e-05,True,
2013-09-26,2013-09-25,UKX,RealGARCH,RealGARCH11-logRVscaled-studentt,1,0.006936914107,4.812077732e-05,-0.01732832206,-0.01365288292,-0.01091361906,-0.0217724771,-0.01783112187,0.002149881197,3.953911621e-05,True,
2013-09-27,2013-09-26,UKX,RealGARCH,RealGARCH11-logRVscaled-studentt,1,0.00664561756,4.416423276e-05,-0.01659188969,-0.01307079046,-0.01044655441,-0.02084942471,-0.01707357581,-0.008089765537,5.753938756e-05,True,
2013-09-30,2013-09-27,UKX,RealGARCH,RealGARCH11-logRVscaled-studentt,1,0.007040414039,4.956742984e-05,-0.01758998222,-0.0138597049,-0.01107957076,-0.02210044481,-0.01810028389,-0.007784299453,,True,
2013-10-01,2013-09-30,UKX,RealGARCH,RealGARCH11-logRVscaled-studentt,1,0.007037859172,4.953146172e-05,-0.01758352322,-0.01385459956,-0.01107547429,-0.02209234901,-0.0180936397,-0.0003405294746,5.468023227e-05,True,RV_imputed_in_recursion
2013-10-02,2013-10-01,UKX,RealGARCH,RealGARCH11-logRVscaled-studentt,1,0.00718816412,5.166970342e-05,-0.01796351203,-0.01415495114,-0.01131647312,-0.02256863115,-0.01848452289,-0.003489051805,0.0001063788894,True,
2013-10-03,2013-10-02,UKX,RealGARCH,RealGARCH11-logRVscaled-studentt,1,0.008404722462,7.063935967e-05,-0.02103911646,-0.016585977,-0.01326710176,-0.02642362737,-0.02164830562,0.001784814038,,True,
2013-10-04,2013-10-03,UKX,RealGARCH,RealGARCH11-logRVscaled-studentt,1,0.008386703897,7.033680225e-05,-0.02099356338,-0.01654997083,-0.0132382108,-0.02636653064,-0.02160144652,0.0007595040298,,True,RV_imputed_in_recursion
2013-10-07,2013-10-04,UKX,RealGARCH,RealGARCH11-logRVscaled-studentt,1,0.00836890478,7.003856722e-05,-0.02094856509,-0.01651440319,-0.01320967171,-0.02631012929,-0.02155515812,-0.002575416804,,True,RV_imputed_in_recursion
2013-10-08,2013-10-07,UKX,RealGARCH,RealGARCH11-logRVscaled-studentt,1,0.008351322062,6.974458018e-05,-0.02090411389,-0.01647926797,-0.0131814796,-0.02625441366,-0.02150943249,-0.01116928642,5.018534717e-05,True,RV_imputed_in_recursion
2013-10-09,2013-10-08,UKX,RealGARCH,RealGARCH11-logRVscaled-studentt,1,0.007758711643,6.019760637e-05,-0.01940592415,-0.01529506562,-0.01223128854,-0.02437656626,-0.01996828929,-0.004392412998,3.819907247e-05,True,
2013-10-10,2013-10-09,UKX,RealGARCH,RealGARCH11-logRVscaled-studentt,1,0.007019109541,4.926789875e-05,-0.01753612191,-0.01381713252,-0.01104541115,-0.0220329357,-0.01804487939,0.01450482789,,True,
2013-10-11,2013-10-10,UKX,RealGARCH,RealGARCH11-logRVscaled-studentt,1,0.007016776487,4.923515227e-05,-0.01753022368,-0.01381247042,-0.01104167033,-0.02202554279,-0.01803881205,0.008778738983,2.783105989e-05,True,RV_imputed_in_recursion
2013-10-14,2013-10-11,UKX,RealGARCH,RealGARCH11-logRVscaled-studentt,1,0.006196639144,3.839833668e-05,-0.01545681876,-0.01217360525,-0.009726662795,-0.0194267144,-0.01590596213,0.00315508644,,True,
2013-10-15,2013-10-14,UKX,RealGARCH,RealGARCH11-logRVscaled-studentt,1,0.006202356665,3.84692282e-05,-0.01547127334,-0.01218503047,-0.009735830264,-0.01944483192,-0.01592083112,0.006341529442,,True,RV_imputed_in_recursion
2013-10-16,2013-10-15,UKX,RealGARCH,RealGARCH11-logRVscaled-studentt,1,0.006208021822,3.853953494e-05,-0.01548559553,-0.01219635105,-0.009744913771,-0.01946278351,-0.01593556393,0.003429698373,,True,RV_imputed_in_recursion
2013-10-17,2013-10-16,UKX,RealGARCH,RealGARCH11-logRVscaled-studentt,1,0.006213635042,3.860926043e-05,-0.01549978642,-0.01220756784,-0.009753914003,-0.01948057053,-0.01595016168,0.0006997516064,,True,RV_imputed_in_recursion
2013-10-18,2013-10-17,UKX,RealGARCH,RealGARCH11-logRVscaled-studentt,1,0.00621919675,3.867840821e-05,-0.01551384708,-0.0122186817,-0.009762831641,-0.01949819431,-0.01596462546,0.007030956317,1.68746267e-05,True,RV_imputed_in_recursion
2013-10-21,2013-10-18,UKX,RealGARCH,RealGARCH11-logRVscaled-studentt,1,0.005197985295,2.701905112e-05,-0.01293210285,-0.01017801388,-0.008125422041,-0.01626220787,-0.01330886202,0.004760206672,,True,
2013-10-22,2013-10-21,UKX,RealGARCH,RealGARCH11-logRVscaled-studentt,1,0.005211994336,2.716488496e-05,-0.01296751938,-0.01020600788,-0.008147884127,-0.01630659934,-0.01334529395,0.006217294881,,True,RV_imputed_in_recursion
2013-10-23,2013-10-22,UKX,RealGARCH,RealGARCH11-logRVscaled-studentt,1,0.00522589953,2.73100259e-05,-0.01300267336,-0.01023379437,-0.008170179703,-0.01635066173,-0.01338145581,-0.003171263326,1.394684891e-05,True,RV_imputed_in_recursion
2013-10-24,2013-10-23,UKX,RealGARCH,RealGARCH11-logRVscaled-studentt,1,0.004527770181,2.050070281e-05,-0.01123771919,-0.008838735506,-0.007050799684,-0.01413844887,-0.01156589999,0.005781471385,9.000609624e-06,True,
2013-10-25,2013-10-24,UKX,RealGARCH,RealGARCH11-logRVscaled-studentt,1,0.003801612411,1.445225692e-05,-0.009401905834,-0.007387667965,-0.005886478917,-0.01183742034,-0.009677453427,0.001205792695,,True,
2013-10-28,2013-10-25,UKX,RealGARCH,RealGARCH11-logRVscaled-studentt,1,0.003823882679,1.462207874e-05,-0.009458207726,-0.007432170228,-0.005922187048,-0.01190798975,-0.009735369508,0.0006692893335,,True,RV_imputed_in_recursion
2013-10-29,2013-10-28,UKX,RealGARCH,RealGARCH11-logRVscaled-studentt,1,0.003846057239,1.479215629e-05,-0.009514267655,-0.007476481238,-0.005957741719,-0.01197825588,-0.009793036689,0.007244265598,1.967832574e-05,True,RV_imputed_in_recursion
2013-10-30,2013-10-29,UKX,RealGARCH,RealGARCH11-logRVscaled-studentt,1,0.004115656616,1.693862938e-05,-0.010195847,-0.008015216649,-0.006390017136,-0.01283255488,-0.01049415707,0.0004427260061,2.603257693e-05,True,
2013-10-31,2013-10-30,UKX,RealGARCH,RealGARCH11-logRVscaled-studentt,1,0.004541381813,2.062414877e-05,-0.01127213102,-0.008865935375,-0.007072624563,-0.01418158103,-0.01160129841,-0.006854708894,4.153385241e-05,True,
2013-11-01,2013-10-31,UKX,RealGARCH,RealGARCH11-logRVscaled-studentt,1,0.005309044925,2.818595801e-05,-0.01321287483,-0.01039994227,-0.00830349496,-0.01661413054,-0.0135976838,0.0004901631567,4.756435081e-05,True,
2013-11-04,2013-11-01,UKX,RealGARCH,RealGARCH11-logRVscaled-studentt,1,0.005963169302,3.555938812e-05,-0.01486657918,-0.01170706682,-0.009352317444,-0.01868690166,-0.01529880025,0.004282012777,2.623918069e-05,True,
2013-11-05,2013-11-04,UKX,RealGARCH,RealGARCH11-logRVscaled-studentt,1,0.005589324177,3.124054475e-05,-0.01392145417,-0.01096001907,-0.00875289448,-0.01750227163,-0.01432657827,-0.002487017672,3.995956597e-05,True,
2013-11-06,2013-11-05,UKX,RealGARCH,RealGARCH11-logRVscaled-studentt,1,0.005908022353,3.490472813e-05,-0.01472716113,-0.0115968677,-0.009263894872,-0.01851215355,-0.01515538504,-0.0007561419347,2.769563299e-05,True,
2013-11-07,2013-11-06,UKX,RealGARCH,RealGARCH11-logRVscaled-studentt,1,0.005626224286,3.165439972e-05,-0.01401474204,-0.01103375587,-0.008812060085,-0.01761919967,-0.01442254073,-0.006622589848,7.813158913e-05,True,
2013-11-08,2013-11-07,UKX,RealGARCH,RealGARCH11-logRVscaled-studentt,1,0.006859810112,4.705699477e-05,-0.01713339398,-0.01349880744,-0.01078999057,-0.02152815211,-0.01763060515,0.00167090015,5.533999329e-05,True,
2013-11-11,2013-11-08,UKX,RealGARCH,RealGARCH11-logRVscaled-studentt,1,0.00710510037,5.048245127e-05,-0.01775351698,-0.01398896639,-0.01118328877,-0.02230542105,-0.01826850722,0.002976901504,2.480508082e-05,True,
2013-11-12,2013-11-11,UKX,RealGARCH,RealGARCH11-logRVscaled-studentt,1,0.006085687164,3.703558825e-05,-0.01517631894,-0.01195189198,-0.009548762481,-0.01907513285,-0.01561742031,-0.0002378406924,3.803718198e-05,True,
2013-11-13,2013-11-12,UKX,RealGARCH,RealGARCH11-logRVscaled-studentt,1,0.00612784282,3.755045763e-05,-0.01528289346,-0.01203613084,-0.009616354826,-0.01920871452,-0.01572705035,-0.01449471448,5.680193686e-05,True,
2013-11-14,2013-11-13,UKX,RealGARCH,RealGARCH11-logRVscaled-studentt,1,0.006711485454,4.5044037e-05,-0.01675841157,-0.01320241304,-0.01055216694,-0.02105814506,-0.01724487191,0.005430191777,4.127213552e-05,True,
2013-11-15,2013-11-14,UKX,RealGARCH,RealGARCH11-logRVscaled-studentt,1,0.006585921748,4.337436527e-05,-0.01644097156,-0.01295150143,-0.0103508382,-0.02066026228,-0.01691833082,0.004086955649,3.241033877e-05,True,
2013-11-18,2013-11-15,UKX,RealGARCH,RealGARCH11-logRVscaled-studentt,1,0.006183719037,3.823838113e-05,-0.01542415519,-0.01214778724,-0.009705946706,-0.01938577352,-0.01587236209,0.004486900658,3.775320307e-05,True,
2013-11-19,2013-11-18,UKX,RealGARCH,RealGARCH11-logRVscaled-studentt,1,0.006172402657,3.809855456e-05,-0.01539554604,-0.01212517393,-0.009687802032,-0.0193499145,-0.0158429327,-0.00379987791,3.32611661e-05,True,
2013-11-20,2013-11-19,UKX,RealGARCH,RealGARCH11-logRVscaled-studentt,1,0.005998693867,3.598432811e-05,-0.01495638952,-0.0117780549,-0.009409277502,-0.01879947092,-0.01539118546,-0.002526315053,4.935542064e-05,True,
2013-11-21,2013-11-20,UKX,RealGARCH,RealGARCH11-logRVscaled-studentt,1,0.006433084939,4.138458183e-05,-0.0160545819,-0.01264609048,-0.01010577979,-0.02017595725,-0.01652086328,2.989088808e-05,3.309665019e-05,True,
2013-11-22,2013-11-21,UKX,RealGARCH,RealGARCH11-logRVscaled-studentt,1,0.006131472776,3.759495841e-05,-0.01529207042,-0.01204338451,-0.009622175095,-0.01922021703,-0.01573649041,-0.00104824955,5.242300375e-05,True,
2013-11-25,2013-11-22,UKX,RealGARCH,RealGARCH11-logRVscaled-studentt,1,0.006597660886,4.352912916e-05,-0.0164706495,-0.01297495953,-0.01036966072,-0.02069746093,-0.01694885964,0.003036945261,1.943815754e-05,True,
2013-11-26,2013-11-25,UKX,RealGARCH,RealGARCH11-logRVscaled-studentt,1,0.005538974862,3.068024252e-05,-0.0137941651,-0.01085940697,-0.00867216443,-0.01734272613,-0.0141956398,-0.008761706022,3.98752084e-05,True,
2013-11-27,2013-11-26,UKX,RealGARCH,RealGARCH11-logRVscaled-studentt,1,0.005875710421,3.452397296e-05,-0.01464547271,-0.01153229937,-0.009212085947,-0.0184097644,-0.0150713546,0.002002123975,2.617439291e-05,True,
2013-11-28,2013-11-27,UKX,RealGARCH,RealGARCH11-logRVscaled-studentt,1,0.005540675588,3.069908598e-05,-0.01379846474,-0.0108628055,-0.008674891374,-0.01734811534,-0.01420006271,0.0007516536734,1.946973953e-05,True,
2013-11-29,2013-11-28,UKX,RealGARCH,RealGARCH11-logRVscaled-studentt,1,0.005028927152,2.52901083e-05,-0.01250470372,-0.009840188141,-0.007854354355,-0.01572650114,-0.01286920926,-0.0005862266474,2.659024547e-05,True,
2013-12-02,2013-11-29,UKX,RealGARCH,RealGARCH11-logRVscaled-studentt,1,0.005099411735,2.600400004e-05,-0.01268289715,-0.009981036169,-0.007967369277,-0.01594985072,-0.01305251153,-0.008349846322,5.16337975e-05,True,
2013-12-03,2013-12-02,UKX,RealGARCH,RealGARCH11-logRVscaled-studentt,1,0.005936208153,3.523856723e-05,-0.01479841819,-0.01165319086,-0.009309087959,-0.01860146792,-0.01522868506,-0.009582849357,4.254103398e-05,True,
2013-12-04,2013-12-03,UKX,RealGARCH,RealGARCH11-logRVscaled-studentt,1,0.006192577179,3.834801212e-05,-0.01544654963,-0.0121654883,-0.009720149844,-0.01941384296,-0.01589539858,-0.003434938998,8.969921373e-05,True,
2013-12-05,2013-12-04,UKX,RealGARCH,RealGARCH11-logRVscaled-studentt,1,0.00745544462,5.558365449e-05,-0.01863922898,-0.01468905278,-0.01174503045,-0.02341558216,-0.0191796128,-0.001798881995,5.716263393e-05,True,
2013-12-06,2013-12-05,UKX,RealGARCH,RealGARCH11-logRVscaled-studentt,1,0.007493921523,5.61588598e-05,-0.01873650318,-0.01476594046,-0.01180672429,-0.0235375067,-0.01927967587,0.008229772326,6.097310963e-05,True,
2013-12-09,2013-12-06,UKX,RealGARCH,RealGARCH11-logRVscaled-studentt,1,0.007621510218,5.8087418e-05,-0.0190590626,-0.01502089857,-0.01201129989,-0.02394180621,-0.01961148314,0.001144033988,3.630037353e-05,True,
2013-12-10,2013-12-09,UKX,RealGARCH,RealGARCH11-logRVscaled-studentt,1,0.006873334754,4.724273064e-05,-0.01716758589,-0.01352583348,-0.01081167597,-0.02157100862,-0.01766577735,-0.005534027567,3.675171818e-05,True,
2013-12-11,2013-12-10,UKX,RealGARCH,RealGARCH11-logRVscaled-studentt,1,0.006507515598,4.234775926e-05,-0.01624275148,-0.01279482388,-0.01022512184,-0.02041181106,-0.01671442772,-0.002394231824,5.733038382e-05,True,
2013-12-12,2013-12-11,UKX,RealGARCH,RealGARCH11-logRVscaled-studentt,1,0.00695328944,4.834823404e-05,-0.01736972086,-0.01368560544,-0.01093987525,-0.0218243668,-0.01787370758,-0.009634968383,8.412499334e-05,True,
2013-12-13,2013-12-12,UKX,RealGARCH,RealGARCH11-logRVscaled-studentt,1,0.007840806486,6.147824635e-05,-0.01961346969,-0.01545911421,-0.01236291935,-0.02463670612,-0.02018178522,-0.0008226126484,3.520077587e-05,True,
2013-12-16,2013-12-13,UKX,RealGARCH,RealGARCH11-logRVscaled-studentt,1,0.006935944731,4.810732932e-05,-0.01732587137,-0.01365094583,-0.01091206476,-0.02176940537,-0.01782860091,0.01268323212,4.801029606e-05,True,
2013-12-17,2013-12-16,UKX,RealGARCH,RealGARCH11-logRVscaled-studentt,1,0.006931429413,4.804471371e-05,-0.01731445611,-0.01364192295,-0.0109048249,-0.02175509736,-0.01781685837,-0.005534899115,2.861598878e-05,True,
2013-12-18,2013-12-17,UKX,RealGARCH,RealGARCH11-logRVscaled-studentt,1,0.006191983423,3.834065871e-05,-0.01544504854,-0.01216430181,-0.009719197815,-0.01941196148,-0.01589385446,0.0009091950831,4.092932135e-05,True,
2013-12-19,2013-12-18,UKX,RealGARCH,RealGARCH11-logRVscaled-studentt,1,0.006286369056,3.951843591e-05,-0.01568366667,-0.01235291086,-0.009870535662,-0.01971104805,-0.01613931382,0.01416273748,2.719510347e-05,True,
2013-12-20,2013-12-19,UKX,RealGARCH,RealGARCH11-logRVscaled-studentt,1,0.005800501746,3.364582051e-05,-0.01445533622,-0.01138201127,-0.00909149642,-0.01817144524,-0.01487576685,0.003320358514,5.398355934e-05,True,
2013-12-23,2013-12-20,UKX,RealGARCH,RealGARCH11-logRVscaled-studentt,1,0.006438371783,4.145263122e-05,-0.01606794767,-0.01265665508,-0.01011425671,-0.02019271006,-0.01653461225,0.01083923522,2.452906674e-05,True,
2013-12-24,2013-12-23,UKX,RealGARCH,RealGARCH11-logRVscaled-studentt,1,0.005747642453,3.303539377e-05,-0.01432170163,-0.01127638353,-0.009006741873,-0.01800394618,-0.01473830093,0.002333109556,,True,
2013-12-27,2013-12-24,UKX,RealGARCH,RealGARCH11-logRVscaled-studentt,1,0.005757303733,3.314654628e-05,-0.0143461265,-0.01129568949,-0.009022232762,-0.01803456058,-0.01476342606,0.008434305838,3.103385881e-05,True,RV_imputed_in_recursion
2013-12-30,2013-12-27,UKX,RealGARCH,RealGARCH11-logRVscaled-studentt,1,0.005684934682,3.231848234e-05,-0.01416316892,-0.01115107576,-0.008906196285,-0.01780523954,-0.01457522304,-0.002907553846,4.404606444e-05,True,
2013-12-31,2013-12-30,UKX,RealGARCH,RealGARCH11-logRVscaled-studentt,1,0.006091468626,3.710599002e-05,-0.01519093516,-0.01196344497,-0.009558032473,-0.01909345299,-0.01563245559,0.002640916215,,True,
2014-01-02,2013-12-31,UKX,RealGARCH,RealGARCH11-logRVscaled-studentt,1,0.006098139928,3.718731058e-05,-0.01520780101,-0.01197677611,-0.009568729234,-0.01911459283,-0.01564980498,-0.004633586073,8.950210949e-05,True,RV_imputed_in_recursion
2014-01-03,2014-01-02,UKX,RealGARCH,RealGARCH11-logRVscaled-studentt,1,0.007388560011,5.459081904e-05,-0.01847013672,-0.01455539851,-0.01163778772,-0.02320364007,-0.01900567262,0.001903587998,4.27441041e-05,True,
2014-01-06,2014-01-03,UKX,RealGARCH,RealGARCH11-logRVscaled-studentt,1,0.007000079908,4.900111871e-05,-0.01748801273,-0.01377910596,-0.01101489905,-0.02197263513,-0.01799539091,0,4.147950563e-05,True,
2014-01-07,2014-01-06,UKX,RealGARCH,RealGARCH11-logRVscaled-studentt,1,0.006749054995,4.554974333e-05,-0.01685339185,-0.01327748755,-0.01061240591,-0.02117719438,-0.0173425753,0.003677808811,2.803123868e-05,True,
2014-01-08,2014-01-07,UKX,RealGARCH,RealGARCH11-logRVscaled-studentt,1,0.006073665999,3.688941867e-05,-0.015145928,-0.01192787031,-0.009529487756,-0.01903704052,-0.01558615806,-0.005001041117,3.179529492e-05,True,
2014-01-09,2014-01-08,UKX,RealGARCH,RealGARCH11-logRVscaled-studentt,1,0.00588726892,3.465993533e-05,-0.01467469398,-0.0115553965,-0.009230618834,-0.01844639064,-0.01510141364,-0.0045478008,5.600563563e-05,True,
2014-01-10,2014-01-09,UKX,RealGARCH,RealGARCH11-logRVscaled-studentt,1,0.006543760247,4.282079816e-05,-0.01633438226,-0.01286725088,-0.01028323648,-0.02052666209,-0.01680868559,0.007236927478,6.15397437e-05,True,
2014-01-13,2014-01-10,UKX,RealGARCH,RealGARCH11-logRVscaled-studentt,1,0.007082991467,5.016876812e-05,-0.01769762304,-0.01394478658,-0.01114783937,-0.02223536297,-0.01821101079,0.002563558446,2.758487972e-05,True,
2014-01-14,2014-01-13,UKX,RealGARCH,RealGARCH11-logRVscaled-studentt,1,0.006217027661,3.865143294e-05,-0.01550836336,-0.01221434725,-0.009759353726,-0.01949132096,-0.01595898453,0.001434433137,3.178836123e-05,True,
2014-01-15,2014-01-14,UKX,RealGARCH,RealGARCH11-logRVscaled-studentt,1,0.005963752101,3.556633912e-05,-0.01486805257,-0.01170823141,-0.009353251902,-0.01868874842,-0.01530031587,0.00780172956,2.023948048e-05,True,
2014-01-16,2014-01-15,UKX,RealGARCH,RealGARCH11-logRVscaled-studentt,1,0.005282999196,2.791008051e-05,-0.01314702812,-0.01034789557,-0.008261733261,-0.01653159756,-0.01352994925,-0.0006600515175,2.191373678e-05,True,
2014-01-17,2014-01-16,UKX,RealGARCH,RealGARCH11-logRVscaled-studentt,1,0.005025171135,2.525234493e-05,-0.01249520806,-0.009832682562,-0.007848331961,-0.01571459917,-0.01285944136,0.002037407654,3.188953773e-05,True,
2014-01-20,2014-01-17,UKX,RealGARCH,RealGARCH11-logRVscaled-studentt,1,0.005302632968,2.81179164e-05,-0.01319666464,-0.01038712937,-0.008293214034,-0.01659381251,-0.01358100886,0.001083036839,1.089184432e-05,True,
2014-01-21,2014-01-20,UKX,RealGARCH,RealGARCH11-logRVscaled-studentt,1,0.00432579314,1.871248629e-05,-0.01072709717,-0.008435128548,-0.006726949864,-0.01349842965,-0.01104063831,-0.0003511652439,4.336017985e-05,True,
2014-01-22,2014-01-21,UKX,RealGARCH,RealGARCH11-logRVscaled-studentt,1,0.005216130445,2.720801682e-05,-0.01297797595,-0.01021427299,-0.00815451596,-0.01631970572,-0.01335605031,-0.001171251796,3.388445538e-05,True,
2014-01-23,2014-01-22,UKX,RealGARCH,RealGARCH11-logRVscaled-studentt,1,0.005485457871,3.009024806e-05,-0.01365886777,-0.01075246497,-0.008586355332,-0.01717314297,-0.01405646346,-0.007794386577,4.140893483e-05,True,
2014-01-24,2014-01-23,UKX,RealGARCH,RealGARCH11-logRVscaled-studentt,1,0.005892247006,3.471857478e-05,-0.01468727917,-0.01156534412,-0.009238600694,-0.01846216506,-0.01511435966,-0.01631346887,0.0001176680355,True,
2014-01-27,2014-01-24,UKX,RealGARCH,RealGARCH11-logRVscaled-studentt,1,0.007693057645,5.918313593e-05,-0.01923994302,-0.01516387046,-0.01212601898,-0.0241685237,-0.01979754945,-0.01710297117,0.0002108437914,True,
2014-01-28,2014-01-27,UKX,RealGARCH,RealGARCH11-logRVscaled-studentt,1,0.01012650096,0.0001025460218,-0.02539197765,-0.02002657489,-0.01602779998,-0.03187955117,-0.02612596436,0.003291873734,5.203874121e-05,True,
2014-01-29,2014-01-28,UKX,RealGARCH,RealGARCH11-logRVscaled-studentt,1,0.00870349378,7.575080398e-05,-0.02179444595,-0.01718300615,-0.01374615144,-0.02737036561,-0.02242529058,-0.004269405694,0.0001555127716,True,
2014-01-30,2014-01-29,UKX,RealGARCH,RealGARCH11-logRVscaled-studentt,1,0.01015063107,0.000103035311,-0.02545298142,-0.02007479362,-0.01606649016,-0.03195601396,-0.02618871712,-0.0008866306091,6.198139302e-05,True,
2014-01-31,2014-01-30,UKX,RealGARCH,RealGARCH11-logRVscaled-studentt,1,0.009052514475,8.194801832e-05,-0.02267681185,-0.0178804477,-0.01430577093,-0.02847633267,-0.02333295412,-0.004306898152,0.0001361589454,True,
2014-02-03,2014-01-31,UKX,RealGARCH,RealGARCH11-logRVscaled-studentt,1,0.01007933521,0.0001015929982,-0.025272737,-0.01993232444,-0.01595217444,-0.03173009363,-0.02600330505,-0.006889571362,0.0001352471275,True,
2014-02-04,2014-02-03,UKX,RealGARCH,RealGARCH11-logRVscaled-studentt,1,0.01068340644,0.0001141351732,-0.02679990104,-0.02113942872,-0.01692074175,-0.03364425774,-0.02757425324,-0.0025397443,7.978145527e-05,True,
2014-02-05,2014-02-04,UKX,RealGARCH,RealGARCH11-logRVscaled-studentt,1,0.009838586155,9.679777753e-05,-0.02466409471,-0.01945124009,-0.01556615761,-0.03096721473,-0.02537721284,0.00133260482,0.0001029407981,True,
2014-02-06,2014-02-05,UKX,RealGARCH,RealGARCH11-logRVscaled-studentt,1,0.009933882289,9.868201734e-05,-0.02490501469,-0.01964166858,-0.01571895535,-0.03126918647,-0.02562504006,0.01542722093,,True,
2014-02-07,2014-02-06,UKX,RealGARCH,RealGARCH11-logRVscaled-studentt,1,0.00989591807,9.792919446e-05,-0.02480903662,-0.01956580539,-0.01565808356,-0.03114888651,-0.02552631027,0.002041187304,,True,RV_imputed_in_recursion
2014-02-10,2014-02-07,UKX,RealGARCH,RealGARCH11-logRVscaled-studentt,1,0.009858478959,9.718960739e-05,-0.02471438609,-0.01949099151,-0.01559805372,-0.0310302505,-0.02542894609,0.003023545421,2.323090558e-05,True,RV_imputed_in_recursion
2014-02-11,2014-02-10,UKX,RealGARCH,RealGARCH11-logRVscaled-studentt,1,0.007196281534,5.178646792e-05,-0.01798403382,-0.01417117201,-0.01132948857,-0.02259435339,-0.01850563304,0.01222847882,4.452779767e-05,True,
2014-02-12,2014-02-11,UKX,RealGARCH,RealGARCH11-logRVscaled-studentt,1,0.006959887794,4.84400381e-05,-0.01738640228,-0.01369879081,-0.01095045505,-0.02184527548,-0.01789086726,0.0003445994425,3.85087246e-05,True,
2014-02-13,2014-02-12,UKX,RealGARCH,RealGARCH11-logRVscaled-studentt,1,0.006619734992,4.382089137e-05,-0.01652645547,-0.0130190698,-0.01040505433,-0.02076740875,-0.01700626558,-0.002339828599,5.510847917e-05,True,
2014-02-14,2014-02-13,UKX,RealGARCH,RealGARCH11-logRVscaled-studentt,1,0.0069595821,4.8435783e-05,-0.01738562945,-0.01369817994,-0.0109499649,-0.02184430681,-0.01789007228,0.0006305180724,3.467621189e-05,True,
2014-02-17,2014-02-14,UKX,RealGARCH,RealGARCH11-logRVscaled-studentt,1,0.006470476465,4.186706568e-05,-0.01614911213,-0.01272080927,-0.01016573333,-0.02029444248,-0.01661810372,0.01080638318,4.292191288e-05,True,
2014-02-18,2014-02-17,UKX,RealGARCH,RealGARCH11-logRVscaled-studentt,1,0.006508728203,4.236354283e-05,-0.01624581709,-0.012797247,-0.01022706613,-0.02041565353,-0.01671758122,0.00892676887,7.187074116e-05,True,
2014-02-19,2014-02-18,UKX,RealGARCH,RealGARCH11-logRVscaled-studentt,1,0.007304127423,5.335027741e-05,-0.01825668108,-0.01438667844,-0.01150240858,-0.02293609244,-0.01878609716,4.418315144e-05,5.214300888e-05,True,
2014-02-20,2014-02-19,UKX,RealGARCH,RealGARCH11-logRVscaled-studentt,1,0.00726255956,5.274477136e-05,-0.01815159257,-0.01430361415,-0.0114357587,-0.02280437335,-0.01867799573,0.00239532283,8.34391016e-05,True,
2014-02-21,2014-02-20,UKX,RealGARCH,RealGARCH11-logRVscaled-studentt,1,0.008018313367,6.429334925e-05,-0.02006222823,-0.0158138229,-0.01264753373,-0.02519918498,-0.02064340977,0.003677377809,5.328199204e-05,True,
2014-02-24,2014-02-21,UKX,RealGARCH,RealGARCH11-logRVscaled-studentt,1,0.007684702653,5.905465487e-05,-0.0192188206,-0.01514717483,-0.01211262259,-0.02414204863,-0.01977582145,0.004057186534,5.759996288e-05,True,
2014-02-25,2014-02-24,UKX,RealGARCH,RealGARCH11-logRVscaled-studentt,1,0.007633657298,5.827272375e-05,-0.01908977186,-0.01504517185,-0.01203077651,-0.02398029754,-0.01964307285,-0.00516923879,9.178069987e-05,True,
2014-02-26,2014-02-25,UKX,RealGARCH,RealGARCH11-logRVscaled-studentt,1,0.008415778342,7.082532511e-05,-0.02106706705,-0.01660806976,-0.01328482874,-0.02645866093,-0.02167705755,-0.004592890463,3.896748335e-05,True,
2014-02-27,2014-02-26,UKX,RealGARCH,RealGARCH11-logRVscaled-studentt,1,0.007375076851,5.439175856e-05,-0.01843604969,-0.01452845536,-0.01161616884,-0.02316091501,-0.0189706083,0.001631156539,8.671918742e-05,True,
2014-02-28,2014-02-27,UKX,RealGARCH,RealGARCH11-logRVscaled-studentt,1,0.008155108712,6.650579811e-05,-0.02040806316,-0.01608717849,-0.01286687128,-0.02563265826,-0.02099915987,-8.804845821e-05,4.471166637e-05,True,
2014-03-03,2014-02-28,UKX,RealGARCH,RealGARCH11-logRVscaled-studentt,1,0.007467173052,5.575867339e-05,-0.01866887985,-0.01471248948,-0.01176383581,-0.02345274689,-0.01921011377,-0.0149876371,0.0001138982426,True,
2014-03-04,2014-03-03,UKX,RealGARCH,RealGARCH11-logRVscaled-studentt,1,0.008712704969,7.591122788e-05,-0.02181773293,-0.0172014127,-0.01376092065,-0.02739955376,-0.02244924521,0.01705601499,6.057377464e-05,True,
2014-03-05,2014-03-04,UKX,RealGARCH,RealGARCH11-logRVscaled-studentt,1,0.008274889392,6.847379444e-05,-0.02071088299,-0.01632653399,-0.01305892752,-0.02601221595,-0.02131066162,-0.007118081711,3.959300284e-05,True,
2014-03-06,2014-03-05,UKX,RealGARCH,RealGARCH11-logRVscaled-studentt,1,0.007331586499,5.375216059e-05,-0.01832610089,-0.0144415494,-0.01154643644,-0.02302310399,-0.01885750725,0.001931612909,5.709584522e-05,True,
2014-03-07,2014-03-06,UKX,RealGARCH,RealGARCH11-logRVscaled-studentt,1,0.007422644064,5.50956449e-05,-0.01855630527,-0.01462350804,-0.01169243807,-0.02331164467,-0.01909431164,-0.01122872046,0.0001489384812,True,
2014-03-10,2014-03-07,UKX,RealGARCH,RealGARCH11-logRVscaled-studentt,1,0.009205034384,8.473265801e-05,-0.02306240035,-0.0181852254,-0.01455032123,-0.02895963351,-0.02372959753,-0.003462150667,8.341851685e-05,True,
2014-03-11,2014-03-10,UKX,RealGARCH,RealGARCH11-logRVscaled-studentt,1,0.00914577386,8.364517951e-05,-0.02291258269,-0.0180668062,-0.01445530295,-0.02877185042,-0.02357548456,-0.000598130859,5.769685281e-05,True,
2014-03-12,2014-03-11,UKX,RealGARCH,RealGARCH11-logRVscaled-studentt,1,0.008411407506,7.075177624e-05,-0.02105601705,-0.0165993356,-0.01327782055,-0.02644481075,-0.02166569075,-0.009709704504,7.430771021e-05,True,
2014-03-13,2014-03-12,UKX,RealGARCH,RealGARCH11-logRVscaled-studentt,1,0.008483228394,7.196516398e-05,-0.02123758881,-0.01674285394,-0.0133929781,-0.02667239478,-0.02185246821,-0.01018629323,5.943464027e-05,True,
2014-03-14,2014-03-13,UKX,RealGARCH,RealGARCH11-logRVscaled-studentt,1,0.008119577539,6.592753942e-05,-0.02031823613,-0.01601617721,-0.01280990062,-0.02552006807,-0.02090675747,-0.003959720437,0.0001117499391,True,
2014-03-17,2014-03-14,UKX,RealGARCH,RealGARCH11-logRVscaled-studentt,1,0.009089842024,8.262522802e-05,-0.02277118034,-0.01795503865,-0.01436562189,-0.02859461517,-0.02343002817,0.006184972811,4.615314062e-05,True,
2014-03-18,2014-03-17,UKX,RealGARCH,RealGARCH11-logRVscaled-studentt,1,0.007985838375,6.377361456e-05,-0.01998012759,-0.01574892873,-0.01259546336,-0.02509627913,-0.02055895528,0.005602070842,8.030822196e-05,True,
2014-03-19,2014-03-18,UKX,RealGARCH,RealGARCH11-logRVscaled-studentt,1,0.00838241592,7.026489665e-05,-0.02098272287,-0.01654140225,-0.01323133546,-0.02635294302,-0.0215902952,-0.004886749729,,True,
2014-03-20,2014-03-19,UKX,RealGARCH,RealGARCH11-logRVscaled-studentt,1,0.00836466897,6.996768698e-05,-0.02093785646,-0.01650593885,-0.01320288002,-0.02629670698,-0.02154414247,-0.004681522179,8.211111537e-05,True,RV_imputed_in_recursion
2014-03-21,2014-03-20,UKX,RealGARCH,RealGARCH11-logRVscaled-studentt,1,0.008642548932,7.469365204e-05,-0.02164037011,-0.0170612212,-0.01364843252,-0.02717724527,-0.02226679735,0.002259656659,5.325394668e-05,True,
2014-03-24,2014-03-21,UKX,RealGARCH,RealGARCH11-logRVscaled-studentt,1,0.008010460015,6.416746965e-05,-0.02004237402,-0.0157981297,-0.01263494167,-0.0251742995,-0.02062298634,-0.005628003588,8.923917938e-05,True,
2014-03-25,2014-03-24,UKX,RealGARCH,RealGARCH11-logRVscaled-studentt,1,0.008591393684,7.381204543e-05,-0.02151104355,-0.01695899862,-0.01356641024,-0.02701514594,-0.02213376297,0.01287607426,7.462157514e-05,True,
2014-03-26,2014-03-25,UKX,RealGARCH,RealGARCH11-logRVscaled-studentt,1,0.00859142019,7.381250088e-05,-0.02151111056,-0.01695905159,-0.01356645274,-0.02701522993,-0.0221338319,6.054458055e-05,3.469312318e-05,True,
2014-03-27,2014-03-26,UKX,RealGARCH,RealGARCH11-logRVscaled-studentt,1,0.007274155548,5.291333894e-05,-0.01818090861,-0.0143267862,-0.0114543517,-0.02284111839,-0.01870815227,-0.002577008536,5.493827449e-05,True,
2014-03-28,2014-03-27,UKX,RealGARCH,RealGARCH11-logRVscaled-studentt,1,0.007328692665,5.370973617e-05,-0.01831878494,-0.01443576671,-0.01154179647,-0.02301393409,-0.01884998155,0.004135192194,4.721006669e-05,True,
2014-03-31,2014-03-28,UKX,RealGARCH,RealGARCH11-logRVscaled-studentt,1,0.007120653508,5.070370638e-05,-0.01779283716,-0.01402004594,-0.01120822666,-0.0223547054,-0.01830895473,-0.002603330667,6.312902004e-05,True,
2014-04-01,2014-03-31,UKX,RealGARCH,RealGARCH11-logRVscaled-studentt,1,0.007464464035,5.571822333e-05,-0.01866203114,-0.01470707611,-0.01175949217,-0.02344416263,-0.0192030687,0.008180589882,4.285323574e-05,True,
2014-04-02,2014-04-01,UKX,RealGARCH,RealGARCH11-logRVscaled-studentt,1,0.007043824925,4.961546958e-05,-0.01759860535,-0.01386652081,-0.01108503977,-0.02211125313,-0.01810915424,0.0009615526978,3.955733915e-05,True,
2014-04-03,2014-04-02,UKX,RealGARCH,RealGARCH11-logRVscaled-studentt,1,0.00670297037,4.492981178e-05,-0.01673688443,-0.01318539751,-0.01053851386,-0.0210311627,-0.01722272758,-0.001487801227,4.38090621e-05,True,
2014-04-04,2014-04-03,UKX,RealGARCH,RealGARCH11-logRVscaled-studentt,1,0.00666715186,4.445091393e-05,-0.01664633096,-0.01311382205,-0.01048108249,-0.020917662,-0.01712957793,0.006969086981,3.785413113e-05,True,
2014-04-07,2014-04-04,UKX,RealGARCH,RealGARCH11-logRVscaled-studentt,1,0.006439608649,4.146855956e-05,-0.01607107462,-0.01265912669,-0.0101162399,-0.02019662941,-0.01653782885,-0.01093239708,,True,
2014-04-08,2014-04-07,UKX,RealGARCH,RealGARCH11-logRVscaled-studentt,1,0.006443055117,4.151295924e-05,-0.0160797877,-0.0126660137,-0.01012176596,-0.02020755048,-0.01654679173,-0.004858617799,5.493117387e-05,True,RV_imputed_in_recursion
2014-04-09,2014-04-08,UKX,RealGARCH,RealGARCH11-logRVscaled-studentt,1,0.006851014355,4.693639769e-05,-0.01711115726,-0.01348123104,-0.01077588746,-0.02150028036,-0.0176077309,0.006789513997,3.682274135e-05,True,
2014-04-10,2014-04-09,UKX,RealGARCH,RealGARCH11-logRVscaled-studentt,1,0.006498498074,4.223047722e-05,-0.0162199541,-0.01277680433,-0.01021066315,-0.02038323658,-0.01669097674,0.0009640149497,7.45105909e-05,True,
2014-04-11,2014-04-10,UKX,RealGARCH,RealGARCH11-logRVscaled-studentt,1,0.007355181617,5.409869662e-05,-0.01838575216,-0.01448869909,-0.01158426883,-0.02309787155,-0.01891886874,-0.01216337751,7.041660702e-05,True,
2014-04-14,2014-04-11,UKX,RealGARCH,RealGARCH11-logRVscaled-studentt,1,0.00778259482,6.056878213e-05,-0.01946630366,-0.01534279092,-0.01226958281,-0.02445224661,-0.0200303999,0.003362311182,6.290747655e-05,True,
2014-04-15,2014-04-14,UKX,RealGARCH,RealGARCH11-logRVscaled-studentt,1,0.007836175438,6.14056455e-05,-0.01960176185,-0.01544986008,-0.01235549393,-0.02462203138,-0.02016974171,-0.006430257778,6.974324456e-05,True,
2014-04-16,2014-04-15,UKX,RealGARCH,RealGARCH11-logRVscaled-studentt,1,0.008044414503,6.47126047e-05,-0.02012821501,-0.01586598032,-0.01268938427,-0.02528189353,-0.02071128841,0.006491070354,4.765723911e-05,True,
2014-04-17,2014-04-16,UKX,RealGARCH,RealGARCH11-logRVscaled-studentt,1,0.0075141808,5.64629131e-05,-0.01878772104,-0.01480642419,-0.01183920799,-0.02360170373,-0.01933236216,0.006222755233,5.488723215e-05,True,
2014-04-22,2014-04-17,UKX,RealGARCH,RealGARCH11-logRVscaled-studentt,1,0.007460502172,5.565909265e-05,-0.01865201507,-0.01469915919,-0.01175313972,-0.02343160839,-0.01919276547,0.008491758711,4.095837473e-05,True,
2014-04-23,2014-04-22,UKX,RealGARCH,RealGARCH11-logRVscaled-studentt,1,0.006972881397,4.862107498e-05,-0.01741925166,-0.01372475568,-0.01097128898,-0.02188644925,-0.01792465844,-0.001063094474,2.38103655e-05,True,
2014-04-24,2014-04-23,UKX,RealGARCH,RealGARCH11-logRVscaled-studentt,1,0.005969209439,3.563146133e-05,-0.01488184937,-0.01171913671,-0.009362002195,-0.01870604148,-0.01531450823,0.004230898705,4.335532929e-05,True,
2014-04-25,2014-04-24,UKX,RealGARCH,RealGARCH11-logRVscaled-studentt,1,0.006237318087,3.890413692e-05,-0.01555965998,-0.01225489323,-0.009791887378,-0.0195556167,-0.01601175183,-0.002584241095,5.292852966e-05,True,
2014-04-28,2014-04-25,UKX,RealGARCH,RealGARCH11-logRVscaled-studentt,1,0.006674571181,4.454990045e-05,-0.01666508789,-0.01312864794,-0.01049297863,-0.02094117214,-0.01714887262,0.002166459521,4.931017767e-05,True,
2014-04-29,2014-04-28,UKX,RealGARCH,RealGARCH11-logRVscaled-studentt,1,0.006824649916,4.657584648e-05,-0.01704450481,-0.01342854748,-0.01073361475,-0.02141673746,-0.01753916752,0.01034889549,3.981494795e-05,True,
2014-04-30,2014-04-29,UKX,RealGARCH,RealGARCH11-logRVscaled-studentt,1,0.006595634786,4.350239823e-05,-0.01646552728,-0.01297091081,-0.01036641208,-0.02069104069,-0.01694359056,0.001490800662,3.587135989e-05,True,
2014-05-01,2014-04-30,UKX,RealGARCH,RealGARCH11-logRVscaled-studentt,1,0.006326753801,4.002781366e-05,-0.01578576412,-0.01243361095,-0.009935288528,-0.0198390181,-0.01624433843,0.004253463603,2.654167892e-05,True,
2014-05-02,2014-05-01,UKX,RealGARCH,RealGARCH11-logRVscaled-studentt,1,0.005790479931,3.352965783e-05,-0.01442999988,-0.01136198487,-0.00907542745,-0.01813968839,-0.01484970411,0.001980736189,4.228875248e-05,True,
2014-05-06,2014-05-02,UKX,RealGARCH,RealGARCH11-logRVscaled-studentt,1,0.006099802816,3.720759439e-05,-0.01521200499,-0.01198009902,-0.009571395507,-0.01911986214,-0.01565412949,-0.003494578698,2.73504404e-05,True,
2014-05-07,2014-05-06,UKX,RealGARCH,RealGARCH11-logRVscaled-studentt,1,0.005711332657,3.261932072e-05,-0.01422990614,-0.01120382634,-0.008948522776,-0.01788888871,-0.01464387364,-0.0003236772371,5.176867053e-05,True,
2014-05-08,2014-05-07,UKX,RealGARCH,RealGARCH11-logRVscaled-studentt,1,0.006325370728,4.001031484e-05,-0.01578226754,-0.01243084718,-0.009933070909,-0.01983463546,-0.0162407416,0.006292312894,3.504109424e-05,True,
2014-05-09,2014-05-08,UKX,RealGARCH,RealGARCH11-logRVscaled-studentt,1,0.006150077373,3.782345169e-05,-0.01533910506,-0.01208056173,-0.00965200569,-0.01927917076,-0.01578487355,-0.003617974955,2.313453784e-05,True,
2014-05-12,2014-05-09,UKX,RealGARCH,RealGARCH11-logRVscaled-studentt,1,0.005532450403,3.060800746e-05,-0.01377767049,-0.01084636927,-0.008661703118,-0.0173220516,-0.01417867229,0.005443979269,,True,
2014-05-13,2014-05-12,UKX,RealGARCH,RealGARCH11-logRVscaled-studentt,1,0.005543879306,3.073459776e-05,-0.01380656412,-0.01086920743,-0.008680028212,-0.01735826719,-0.0142083943,0.003103892961,2.243227148e-05,True,RV_imputed_in_recursion
2014-05-14,2014-05-13,UKX,RealGARCH,RealGARCH11-logRVscaled-studentt,1,0.005187790095,2.691316607e-05,-0.01290632817,-0.010157641,-0.008109075066,-0.01622990161,-0.01328234837,0.0007853489396,1.736105116e-05,True,
2014-05-15,2014-05-14,UKX,RealGARCH,RealGARCH11-logRVscaled-studentt,1,0.004729179184,2.236513576e-05,-0.01174690515,-0.009241207363,-0.007373738713,-0.01477666812,-0.01208968442,-0.005481317318,4.285024593e-05,True,
2014-05-16,2014-05-15,UKX,RealGARCH,RealGARCH11-logRVscaled-studentt,1,0.005466802229,2.988592661e-05,-0.01361170409,-0.01071518575,-0.00855644289,-0.01711402749,-0.01400794758,0.002175693298,5.303857224e-05,True,
2014-05-19,2014-05-16,UKX,RealGARCH,RealGARCH11-logRVscaled-studentt,1,0.00620611904,3.851591354e-05,-0.01548078507,-0.01219254875,-0.009741862852,-0.01945675403,-0.01593061556,-0.001634946363,4.733601885e-05,True,
2014-05-20,2014-05-19,UKX,RealGARCH,RealGARCH11-logRVscaled-studentt,1,0.00649642945,4.22035956e-05,-0.01621472437,-0.01277267064,-0.01020734632,-0.02037668158,-0.01668559707,-0.006243347951,3.882075298e-05,True,
2014-05-21,2014-05-20,UKX,RealGARCH,RealGARCH11-logRVscaled-studentt,1,0.006382390176,4.073490436e-05,-0.0159264195,-0.01254478808,-0.01002449584,-0.0200153171,-0.01638902643,0.002789402088,2.796532296e-05,True,
2014-05-22,2014-05-21,UKX,RealGARCH,RealGARCH11-logRVscaled-studentt,1,0.005885145781,3.463494086e-05,-0.01466932643,-0.01155115387,-0.009227214595,-0.0184396629,-0.01509589221,-5.862977909e-05,2.185055129e-05,True,
2014-05-23,2014-05-22,UKX,RealGARCH,RealGARCH11-logRVscaled-studentt,1,0.00533223393,2.843271868e-05,-0.01327149939,-0.01044628042,-0.008340676191,-0.01668761121,-0.01365798914,-0.00070404113,2.263686407e-05,True,
2014-05-27,2014-05-23,UKX,RealGARCH,RealGARCH11-logRVscaled-studentt,1,0.005086886776,2.587641707e-05,-0.01265123256,-0.009956007777,-0.007947286768,-0.01591016198,-0.01301993911,0.004260417349,1.738116301e-05,True,
2014-05-28,2014-05-27,UKX,RealGARCH,RealGARCH11-logRVscaled-studentt,1,0.004679054522,2.189355122e-05,-0.01162018403,-0.009141044184,-0.007293368871,-0.01461783448,-0.01195933018,0.0009200127627,1.937688822e-05,True,
2014-05-29,2014-05-28,UKX,RealGARCH,RealGARCH11-logRVscaled-studentt,1,0.004573642579,2.091820644e-05,-0.01135369008,-0.008930401464,-0.007124351449,-0.01428380805,-0.01168519579,0.002929440608,1.920660733e-05,True,
2014-05-30,2014-05-29,UKX,RealGARCH,RealGARCH11-logRVscaled-studentt,1,0.004507481395,2.031738852e-05,-0.01118642672,-0.008798192802,-0.007018268661,-0.01407415833,-0.01151313695,-0.00390787843,2.384318826e-05,True,
2014-06-02,2014-05-30,UKX,RealGARCH,RealGARCH11-logRVscaled-studentt,1,0.004686283404,2.196125214e-05,-0.01163845951,-0.009155489525,-0.007304959654,-0.01464074116,-0.01197812962,0.002859535068,2.511170684e-05,True,
2014-06-03,2014-06-02,UKX,RealGARCH,RealGARCH11-logRVscaled-studentt,1,0.004842864925,2.345334068e-05,-0.01203431625,-0.00946838346,-0.007556022335,-0.01513691233,-0.01238533566,-0.004058324042,2.453598057e-05,True,
2014-06-04,2014-06-03,UKX,RealGARCH,RealGARCH11-logRVscaled-studentt,1,0.004907267274,2.40812721e-05,-0.01219713306,-0.009597077474,-0.007659285008,-0.0153409887,-0.01255282047,-0.002592434516,2.676081479e-05,True,
2014-06-05,2014-06-04,UKX,RealGARCH,RealGARCH11-logRVscaled-studentt,1,0.005037528728,2.537669569e-05,-0.01252644953,-0.00985737651,-0.007868146115,-0.01575375757,-0.01289157853,-0.0007482483552,6.254672763e-05,True,
2014-06-06,2014-06-05,UKX,RealGARCH,RealGARCH11-logRVscaled-studentt,1,0.006146960499,3.778512337e-05,-0.01533122523,-0.01207433334,-0.009647008096,-0.01926929409,-0.0157767678,0.006539106862,3.321427354e-05,True,
2014-06-09,2014-06-06,UKX,RealGARCH,RealGARCH11-logRVscaled-studentt,1,0.005983116052,3.579767769e-05,-0.01491700694,-0.01174692604,-0.009384300046,-0.01875010837,-0.01535067378,0.002446598483,9.891207824e-06,True,
2014-06-10,2014-06-09,UKX,RealGARCH,RealGARCH11-logRVscaled-studentt,1,0.004529899941,2.051999348e-05,-0.01124310348,-0.008842991365,-0.00705421454,-0.0141451976,-0.01157143864,-0.0002036428429,2.502849666e-05,True,
2014-06-11,2014-06-10,UKX,RealGARCH,RealGARCH11-logRVscaled-studentt,1,0.004749019381,2.255318508e-05,-0.01179706353,-0.009280853658,-0.007405550467,-0.01483953718,-0.01214128086,-0.005061115051,2.861450717e-05,True,
2014-06-12,2014-06-11,UKX,RealGARCH,RealGARCH11-logRVscaled-studentt,1,0.005019186486,2.519223298e-05,-0.01248007816,-0.009820723549,-0.00783873618,-0.01569563519,-0.01284387768,0.0006139739997,1.5905493e-05,True,
2014-06-13,2014-06-12,UKX,RealGARCH,RealGARCH11-logRVscaled-studentt,1,0.004555682642,2.075424433e-05,-0.01130828522,-0.008894512456,-0.007095554501,-0.0142268971,-0.01163848916,-0.009573554656,4.260787468e-05,True,
2014-06-16,2014-06-13,UKX,RealGARCH,RealGARCH11-logRVscaled-studentt,1,0.005347910614,2.860014793e-05,-0.01331113192,-0.01047760685,-0.008365812174,-0.01673728705,-0.01369875794,-0.003443536231,3.1486991e-05,True,
2014-06-17,2014-06-16,UKX,RealGARCH,RealGARCH11-logRVscaled-studentt,1,0.005473994453,2.996461527e-05,-0.01362988688,-0.01072955783,-0.008567974896,-0.01713681801,-0.01402665169,0.00180450403,3.153006497e-05,True,
2014-06-18,2014-06-17,UKX,RealGARCH,RealGARCH11-logRVscaled-studentt,1,0.005546936306,3.076850238e-05,-0.01381429258,-0.01087531618,-0.008684929802,-0.01736795413,-0.01421634434,0.00174233261,1.398158859e-05,True,
2014-06-19,2014-06-18,UKX,RealGARCH,RealGARCH11-logRVscaled-studentt,1,0.004682709245,2.192776587e-05,-0.0116294236,-0.009148347349,-0.00729922885,-0.01462941547,-0.01196883466,0.004342488747,1.835566353e-05,True,
2014-06-20,2014-06-19,UKX,RealGARCH,RealGARCH11-logRVscaled-studentt,1,0.004522104721,2.04494311e-05,-0.01122339623,-0.008827414322,-0.00704171569,-0.01412049632,-0.01155116638,0.002508579082,2.597096965e-05,True,
2014-06-23,2014-06-20,UKX,RealGARCH,RealGARCH11-logRVscaled-studentt,1,0.004782744729,2.287464714e-05,-0.01188232523,-0.009348246393,-0.007459625663,-0.01494640513,-0.01222898703,-0.003610815247,4.07899552e-05,True,
2014-06-24,2014-06-23,UKX,RealGARCH,RealGARCH11-logRVscaled-studentt,1,0.005442507874,2.962089196e-05,-0.01355028506,-0.01066663879,-0.008517489343,-0.01703704422,-0.01394476766,-0.001987091892,2.500267459e-05,True,
2014-06-25,2014-06-24,UKX,RealGARCH,RealGARCH11-logRVscaled-studentt,1,0.005257389355,2.764014283e-05,-0.01308228339,-0.0102967199,-0.008220670462,-0.01645044581,-0.01346334827,-0.007913832634,4.80248984e-05,True,
2014-06-26,2014-06-25,UKX,RealGARCH,RealGARCH11-logRVscaled-studentt,1,0.005943313003,3.532296945e-05,-0.0148163801,-0.01166738835,-0.009320479871,-0.01862398158,-0.01524716194,0.0002227386436,3.159782412e-05,True,
2014-06-27,2014-06-26,UKX,RealGARCH,RealGARCH11-logRVscaled-studentt,1,0.005808896521,3.374327879e-05,-0.01447655921,-0.0113987864,-0.009104956594,-0.01819804637,-0.01489759831,0.003364692331,1.911850644e-05,True,
2014-06-30,2014-06-27,UKX,RealGARCH,RealGARCH11-logRVscaled-studentt,1,0.005142308712,2.644333889e-05,-0.01279134582,-0.0100667564,-0.008036150255,-0.01608578147,-0.01316406945,-0.002058986381,3.683693215e-05,True,
2014-07-01,2014-06-30,UKX,RealGARCH,RealGARCH11-logRVscaled-studentt,1,0.005541918858,3.071286463e-05,-0.01380160788,-0.01086528991,-0.008676884832,-0.01735205498,-0.01420329596,0.008710599389,2.022073559e-05,True,
2014-07-02,2014-07-01,UKX,RealGARCH,RealGARCH11-logRVscaled-studentt,1,0.005071090933,2.571596325e-05,-0.01261129878,-0.009924443238,-0.007921959726,-0.01586010855,-0.01297886043,0.001982481422,2.06488316e-05,True,
2014-07-03,2014-07-02,UKX,RealGARCH,RealGARCH11-logRVscaled-studentt,1,0.004849162713,2.351437902e-05,-0.01205023781,-0.009480968213,-0.007566120204,-0.01515686859,-0.0124017137,0.00713374161,2.55090386e-05,True,
2014-07-04,2014-07-03,UKX,RealGARCH,RealGARCH11-logRVscaled-studentt,1,0.004952491086,2.452716795e-05,-0.01231146424,-0.009687447374,-0.00773179683,-0.01548429266,-0.01267042956,0.0001310732388,7.793949643e-06,True,
2014-07-07,2014-07-04,UKX,RealGARCH,RealGARCH11-logRVscaled-studentt,1,0.003872628336,1.499725023e-05,-0.009581442554,-0.007529577766,-0.006000345793,-0.01206245363,-0.009862137508,-0.006223737027,2.42252408e-05,True,
2014-07-08,2014-07-07,UKX,RealGARCH,RealGARCH11-logRVscaled-studentt,1,0.004322336887,1.868259617e-05,-0.01071835935,-0.008428221983,-0.006721408111,-0.01348747757,-0.01103164998,-0.01253518847,4.1067997e-05,True,
2014-07-09,2014-07-08,UKX,RealGARCH,RealGARCH11-logRVscaled-studentt,1,0.005152639738,2.654969626e-05,-0.01281746388,-0.0100874007,-0.008052715012,-0.01611851814,-0.01319093632,-0.003046857037,4.085178549e-05,True,
2014-07-10,2014-07-09,UKX,RealGARCH,RealGARCH11-logRVscaled-studentt,1,0.005674238262,3.219697985e-05,-0.01413612709,-0.01112970131,-0.008889045653,-0.01777134502,-0.01454740592,-0.00681089058,8.864756952e-05,True,
2014-07-11,2014-07-10,UKX,RealGARCH,RealGARCH11-logRVscaled-studentt,1,0.007084007079,5.01831563e-05,-0.01770019062,-0.01394681606,-0.01114946781,-0.02223858122,-0.01821365199,0.002664197596,3.077884472e-05,True,
2014-07-14,2014-07-11,UKX,RealGARCH,RealGARCH11-logRVscaled-studentt,1,0.006367331057,4.054290479e-05,-0.01588834825,-0.01251469572,-0.01000035007,-0.01996759818,-0.01634986368,0.008320776449,3.276114493e-05,True,
2014-07-15,2014-07-14,UKX,RealGARCH,RealGARCH11-logRVscaled-studentt,1,0.006083107722,3.700419956e-05,-0.0151697978,-0.01194673753,-0.009544626607,-0.01906695919,-0.01561071221,-0.0052911108,6.152624744e-05,True,
2014-07-16,2014-07-15,UKX,RealGARCH,RealGARCH11-logRVscaled-studentt,1,0.006801298068,4.625765541e-05,-0.01698546856,-0.01338188391,-0.01069617241,-0.02134274077,-0.01747843868,0.01099664201,4.207009573e-05,True,
2014-07-17,2014-07-16,UKX,RealGARCH,RealGARCH11-logRVscaled-studentt,1,0.006662385084,4.4387375e-05,-0.01663427999,-0.01310429668,-0.01047343945,-0.02090255717,-0.01711718144,-0.006862467218,3.856382028e-05,True,
2014-07-18,2014-07-17,UKX,RealGARCH,RealGARCH11-logRVscaled-studentt,1,0.006463087088,4.17714947e-05,-0.01613043091,-0.01270604321,-0.01015388521,-0.02027102723,-0.0165988869,0.001660789415,2.995711023e-05,True,
2014-07-21,2014-07-18,UKX,RealGARCH,RealGARCH11-logRVscaled-studentt,1,0.006015624046,3.618773266e-05,-0.01499919103,-0.01181188616,-0.009436423337,-0.0188531188,-0.0154352141,-0.003131068696,,True,
2014-07-22,2014-07-21,UKX,RealGARCH,RealGARCH11-logRVscaled-studentt,1,0.00602297195,3.627619111e-05,-0.0150177674,-0.01182656934,-0.00944820496,-0.01887640263,-0.01545432307,0.009893808672,2.122835064e-05,True,RV_imputed_in_recursion
2014-07-23,2014-07-22,UKX,RealGARCH,RealGARCH11-logRVscaled-studentt,1,0.005367419844,2.880919578e-05,-0.01336045358,-0.01051659178,-0.008397093257,-0.01679910736,-0.01374949366,0.0004267319004,3.296891122e-05,True,
2014-07-24,2014-07-23,UKX,RealGARCH,RealGARCH11-logRVscaled-studentt,1,0.005540169245,3.069347526e-05,-0.01379718464,-0.01086179369,-0.008674079503,-0.01734651085,-0.01419874591,0.003421489078,3.978179495e-05,True,
2014-07-25,2014-07-24,UKX,RealGARCH,RealGARCH11-logRVscaled-studentt,1,0.005873419592,3.44970577e-05,-0.01463968123,-0.01152772165,-0.009208412833,-0.01840250528,-0.01506539707,-0.004392820131,2.63867312e-05,True,
2014-07-28,2014-07-25,UKX,RealGARCH,RealGARCH11-logRVscaled-studentt,1,0.005549210851,3.079374106e-05,-0.0138200429,-0.01087986136,-0.008688576806,-0.01737516164,-0.01422225952,-0.000515475309,6.617437533e-05,True,
2014-07-29,2014-07-28,UKX,RealGARCH,RealGARCH11-logRVscaled-studentt,1,0.006566165438,4.311452856e-05,-0.01639102526,-0.01291202276,-0.01031916095,-0.02059765904,-0.01686695255,0.002897891412,4.259168557e-05,True,
2014-07-30,2014-07-29,UKX,RealGARCH,RealGARCH11-logRVscaled-studentt,1,0.006550999915,4.291559988e-05,-0.01635268501,-0.01288171778,-0.01029484456,-0.02054960295,-0.01682751307,-0.005065822948,4.170005346e-05,True,
2014-07-31,2014-07-30,UKX,RealGARCH,RealGARCH11-logRVscaled-studentt,1,0.006512582168,4.241372649e-05,-0.01625556037,-0.01280494831,-0.01023324558,-0.02042786586,-0.01672760385,-0.006413145096,,True,
2014-08-01,2014-07-31,UKX,RealGARCH,RealGARCH11-logRVscaled-studentt,1,0.006515328535,4.244950591e-05,-0.01626250351,-0.01281043632,-0.0102376491,-0.02043656847,-0.01673474605,-0.007591767856,,True,RV_imputed_in_recursion
2014-08-04,2014-08-01,UKX,RealGARCH,RealGARCH11-logRVscaled-studentt,1,0.006518048393,4.248495486e-05,-0.01626937964,-0.01281587137,-0.01024201012,-0.02044518708,-0.01674181932,-0.0002545830908,5.373290601e-05,True,RV_imputed_in_recursion
2014-08-05,2014-08-04,UKX,RealGARCH,RealGARCH11-logRVscaled-studentt,1,0.006862212177,4.708995597e-05,-0.01713946669,-0.01350360744,-0.01079384204,-0.02153576371,-0.01763685197,0.000748503029,3.152907134e-05,True,
2014-08-06,2014-08-05,UKX,RealGARCH,RealGARCH11-logRVscaled-studentt,1,0.006288670395,3.954737533e-05,-0.01568948473,-0.01235750959,-0.009874225625,-0.01971834047,-0.01614529868,-0.006952629135,7.333221548e-05,True,
2014-08-07,2014-08-06,UKX,RealGARCH,RealGARCH11-logRVscaled-studentt,1,0.007197364308,5.180205298e-05,-0.0179867712,-0.0141733357,-0.01133122469,-0.02259778445,-0.0185084489,-0.005863922726,5.75732754e-05,True,
2014-08-08,2014-08-07,UKX,RealGARCH,RealGARCH11-logRVscaled-studentt,1,0.007360181143,5.417226646e-05,-0.01839839156,-0.01449868955,-0.01159228507,-0.02311371391,-0.01893187051,-0.004557616124,5.788708785e-05,True,
2014-08-11,2014-08-08,UKX,RealGARCH,RealGARCH11-logRVscaled-studentt,1,0.007460987764,5.566633842e-05,-0.01865324271,-0.01470012954,-0.01175391832,-0.02343314712,-0.0191940283,0.009909007375,3.047915527e-05,True,
2014-08-12,2014-08-11,UKX,RealGARCH,RealGARCH11-logRVscaled-studentt,1,0.006539401068,4.276376633e-05,-0.01632336174,-0.01285854002,-0.01027624698,-0.02051284885,-0.0167973491,-6.029355139e-05,3.406318775e-05,True,
2014-08-13,2014-08-12,UKX,RealGARCH,RealGARCH11-logRVscaled-studentt,1,0.006226364499,3.876761487e-05,-0.015531968,-0.01223300488,-0.009774324404,-0.01952090728,-0.01598326592,0.003657180683,2.986361713e-05,True,
2014-08-14,2014-08-13,UKX,RealGARCH,RealGARCH11-logRVscaled-studentt,1,0.005888256276,3.467156198e-05,-0.01467719013,-0.01155736952,-0.00923220196,-0.01844951935,-0.01510398136,0.004287161416,3.064566122e-05,True,
2014-08-15,2014-08-14,UKX,RealGARCH,RealGARCH11-logRVscaled-studentt,1,0.005740655012,3.295511997e-05,-0.01430403655,-0.01126242066,-0.008995538215,-0.01798180457,-0.01472012938,0.0005682936251,5.031108888e-05,True,
2014-08-18,2014-08-15,UKX,RealGARCH,RealGARCH11-logRVscaled-studentt,1,0.006304135974,3.974213038e-05,-0.01572858355,-0.01238841417,-0.009899023123,-0.01976734736,-0.01618551848,0.007773405145,1.949546029e-05,True,
2014-08-19,2014-08-18,UKX,RealGARCH,RealGARCH11-logRVscaled-studentt,1,0.005404206382,2.920544662e-05,-0.01345345433,-0.01059010163,-0.008456076761,-0.01691567552,-0.01384516077,0.005621067283,1.197117641e-05,True,
2014-08-20,2014-08-19,UKX,RealGARCH,RealGARCH11-logRVscaled-studentt,1,0.004462304662,1.99121629e-05,-0.01107221456,-0.008707916978,-0.006945832325,-0.01393100356,-0.0113956503,-0.003516835103,1.902849481e-05,True,
2014-08-21,2014-08-20,UKX,RealGARCH,RealGARCH11-logRVscaled-studentt,1,0.004437222544,1.96889439e-05,-0.01100880398,-0.00865779585,-0.006905615678,-0.01385152404,-0.01133042172,0.003280852214,1.829829489e-05,True,
2014-08-22,2014-08-21,UKX,RealGARCH,RealGARCH11-logRVscaled-studentt,1,0.004385901061,1.923612812e-05,-0.01087905715,-0.008555241087,-0.006823326855,-0.01368889796,-0.01119695502,-0.000354222685,5.207317172e-05,True,
2014-08-26,2014-08-22,UKX,RealGARCH,RealGARCH11-logRVscaled-studentt,1,0.005469628941,2.991684076e-05,-0.01361885035,-0.01072083431,-0.008560975239,-0.0171229847,-0.01401529874,0.006986298757,2.445644413e-05,True,
2014-08-27,2014-08-26,UKX,RealGARCH,RealGARCH11-logRVscaled-studentt,1,0.00524667555,2.752760433e-05,-0.01305519762,-0.01027531071,-0.008203491957,-0.0164164962,-0.01343548594,0.001157269694,1.030703098e-05,True,
2014-08-28,2014-08-27,UKX,RealGARCH,RealGARCH11-logRVscaled-studentt,1,0.004249117256,1.805499745e-05,-0.0105332514,-0.008281908558,-0.006604007815,-0.01325546124,-0.01084123493,-0.003652024739,2.01141957e-05,True,
2014-08-29,2014-08-28,UKX,RealGARCH,RealGARCH11-logRVscaled-studentt,1,0.004370609687,1.910222904e-05,-0.01084039874,-0.00852468462,-0.006798808679,-0.01364044308,-0.01115718826,0.00205495616,2.523997298e-05,True,
2014-09-01,2014-08-29,UKX,RealGARCH,RealGARCH11-logRVscaled-studentt,1,0.004664068662,2.175353648e-05,-0.01158229799,-0.009111098219,-0.007269340555,-0.01457034771,-0.01192035794,0.0008061502598,1.474491612e-05,True,
2014-09-02,2014-09-01,UKX,RealGARCH,RealGARCH11-logRVscaled-studentt,1,0.004302353675,1.851024715e-05,-0.01066783941,-0.008388289903,-0.006689367046,-0.01342415532,-0.01097968162,0.00057129739,2.125753568e-05,True,
2014-09-03,2014-09-02,UKX,RealGARCH,RealGARCH11-logRVscaled-studentt,1,0.004454126358,1.983924161e-05,-0.01105153883,-0.008691574426,-0.006932719239,-0.01390508838,-0.01137438179,0.006480435741,3.271072658e-05,True,
2014-09-04,2014-09-03,UKX,RealGARCH,RealGARCH11-logRVscaled-studentt,1,0.004986543796,2.486561903e-05,-0.01239755355,-0.009755494271,-0.007786396918,-0.01559219794,-0.01275898707,0.0006399113003,3.47898349e-05,True,
2014-09-05,2014-09-04,UKX,RealGARCH,RealGARCH11-logRVscaled-studentt,1,0.005380789212,2.895289255e-05,-0.01339425293,-0.01054330754,-0.008418529691,-0.01684147184,-0.01378426206,-0.003334996914,3.440300011e-05,True,
2014-09-08,2014-09-05,UKX,RealGARCH,RealGARCH11-logRVscaled-studentt,1,0.005599400006,3.135328043e-05,-0.01394692707,-0.01098015341,-0.008769050057,-0.01753419964,-0.01435278149,-0.002965735034,3.229638949e-05,True,
2014-09-09,2014-09-08,UKX,RealGARCH,RealGARCH11-logRVscaled-studentt,1,0.005646537043,3.188338058e-05,-0.01406609511,-0.01107434648,-0.008844629542,-0.01768356617,-0.01447536611,-0.0008489300826,2.434419021e-05,True,
2014-09-10,2014-09-09,UKX,RealGARCH,RealGARCH11-logRVscaled-studentt,1,0.005334905528,2.846121699e-05,-0.01327825351,-0.01045161903,-0.00834495983,-0.0166960769,-0.0136649369,0.0001610791332,4.200227412e-05,True,
2014-09-11,2014-09-10,UKX,RealGARCH,RealGARCH11-logRVscaled-studentt,1,0.005819855076,3.38707131e-05,-0.01450426375,-0.01142068467,-0.009122527532,-0.01823277153,-0.01492609714,-0.004475527777,4.708980061e-05,True,
2014-09-12,2014-09-11,UKX,RealGARCH,RealGARCH11-logRVscaled-studentt,1,0.00626159713,3.920759862e-05,-0.01562104029,-0.01230340959,-0.009830816375,-0.01963255146,-0.01607489193,0.001087693131,2.198465801e-05,True,
2014-09-15,2014-09-12,UKX,RealGARCH,RealGARCH11-logRVscaled-studentt,1,0.005526368781,3.054075191e-05,-0.01376229543,-0.01083421648,-0.008651951851,-0.01730278033,-0.01416285642,-0.0004113972316,3.624642094e-05,True,
2014-09-16,2014-09-15,UKX,RealGARCH,RealGARCH11-logRVscaled-studentt,1,0.005747856014,3.303784875e-05,-0.01432224154,-0.01127681029,-0.009007084296,-0.01800462291,-0.01473885631,-0.001765173542,5.143395851e-05,True,
2014-09-17,2014-09-16,UKX,RealGARCH,RealGARCH11-logRVscaled-studentt,1,0.006338859386,4.018113832e-05,-0.01581636848,-0.01245780131,-0.009954698613,-0.01987737795,-0.01627582022,-0.001665101639,2.310436605e-05,True,
2014-09-18,2014-09-17,UKX,RealGARCH,RealGARCH11-logRVscaled-studentt,1,0.005624524548,3.163527639e-05,-0.0140104449,-0.01103035932,-0.008809334725,-0.01761381359,-0.01441812039,0.005646976643,3.863218716e-05,True,
2014-09-19,2014-09-18,UKX,RealGARCH,RealGARCH11-logRVscaled-studentt,1,0.005885289996,3.463663834e-05,-0.01466969102,-0.01155144205,-0.009227445829,-0.01844011988,-0.01509626725,0.002723853923,4.549831378e-05,True,
2014-09-22,2014-09-19,UKX,RealGARCH,RealGARCH11-logRVscaled-studentt,1,0.00625369482,3.910869891e-05,-0.01560106231,-0.01228761855,-0.009818145819,-0.01960751084,-0.01605434117,-0.009447934805,3.700853709e-05,True,
2014-09-23,2014-09-22,UKX,RealGARCH,RealGARCH11-logRVscaled-studentt,1,0.006184261076,3.824508506e-05,-0.01542552553,-0.01214887039,-0.009706815811,-0.01938749112,-0.01587377172,-0.01449871842,7.793326055e-05,True,
2014-09-24,2014-09-23,UKX,RealGARCH,RealGARCH11-logRVscaled-studentt,1,0.007225685083,5.221052492e-05,-0.0180583695,-0.01422992858,-0.0113766342,-0.02268752653,-0.01858209994,0.004513354628,3.751353265e-05,True,
2014-09-25,2014-09-24,UKX,RealGARCH,RealGARCH11-logRVscaled-studentt,1,0.006720600449,4.51664704e-05,-0.01678145537,-0.01322062736,-0.01056678192,-0.0210870284,-0.01726857638,-0.00998054291,6.556156052e-05,True,
2014-09-26,2014-09-25,UKX,RealGARCH,RealGARCH11-logRVscaled-studentt,1,0.007288233462,5.311834699e-05,-0.01821649925,-0.01435491784,-0.01147692422,-0.02288572809,-0.01874476331,0.001459799182,5.725135632e-05,True,
2014-09-29,2014-09-26,UKX,RealGARCH,RealGARCH11-logRVscaled-studentt,1,0.007402613082,5.479868044e-05,-0.01850566456,-0.0145834805,-0.01166032041,-0.02324817105,-0.01904221905,-0.0004211498257,7.063981314e-05,True,
2014-09-30,2014-09-29,UKX,RealGARCH,RealGARCH11-logRVscaled-studentt,1,0.007815797953,6.108669764e-05,-0.01955024514,-0.01540914013,-0.01232282069,-0.02455745977,-0.020116748,-0.003602289242,5.013463738e-05,True,
2014-10-01,2014-09-30,UKX,RealGARCH,RealGARCH11-logRVscaled-studentt,1,0.007476725896,5.590143012e-05,-0.01869303058,-0.01473157875,-0.01177915283,-0.02348301767,-0.0192349569,-0.009893738469,5.565915801e-05,True,
2014-10-02,2014-10-01,UKX,RealGARCH,RealGARCH11-logRVscaled-studentt,1,0.007462442914,5.568805425e-05,-0.0186569215,-0.01470303734,-0.01175625151,-0.02343775816,-0.01919781257,-0.01708761251,8.881574757e-05,True,
2014-10-03,2014-10-02,UKX,RealGARCH,RealGARCH11-logRVscaled-studentt,1,0.008251338966,6.808459472e-05,-0.02065134471,-0.01627947362,-0.01302116678,-0.02593759001,-0.02124941636,0.01256346365,6.32878249e-05,True,
2014-10-06,2014-10-03,UKX,RealGARCH,RealGARCH11-logRVscaled-studentt,1,0.008105462677,6.56985252e-05,-0.02028255207,-0.01598797175,-0.01278726886,-0.02547534129,-0.02087005035,0.005469214149,4.152726504e-05,True,
2014-10-07,2014-10-06,UKX,RealGARCH,RealGARCH11-logRVscaled-studentt,1,0.007323362255,5.363163471e-05,-0.01830530902,-0.01442511505,-0.0115332497,-0.02299704324,-0.01883611928,-0.01042945836,8.162064982e-05,True,
2014-10-08,2014-10-07,UKX,RealGARCH,RealGARCH11-logRVscaled-studentt,1,0.008017040544,6.427293909e-05,-0.02005901038,-0.01581127945,-0.01264549289,-0.02519515169,-0.02064009967,-0.002065050696,9.910416253e-05,True,
2014-10-09,2014-10-08,UKX,RealGARCH,RealGARCH11-logRVscaled-studentt,1,0.008793410042,7.732406016e-05,-0.02202176497,-0.01736268414,-0.0138903231,-0.02765528975,-0.02265912689,-0.007790019745,0.0001287032542,True,
2014-10-10,2014-10-09,UKX,RealGARCH,RealGARCH11-logRVscaled-studentt,1,0.009797463824,9.599029738e-05,-0.02456013256,-0.01936906611,-0.0155002221,-0.03083690744,-0.02527027007,-0.01439120081,0.0001215639451,True,
2014-10-13,2014-10-10,UKX,RealGARCH,RealGARCH11-logRVscaled-studentt,1,0.01027549373,0.0001055857714,-0.02576864912,-0.02032430436,-0.01626669486,-0.0323516753,-0.02651343508,0.00412400745,0.0001317452916,True,
2014-10-14,2014-10-13,UKX,RealGARCH,RealGARCH11-logRVscaled-studentt,1,0.01073698287,0.0001152828011,-0.02693534863,-0.0212464895,-0.01700664615,-0.03381402923,-0.02771358415,0.004153968962,0.0001244476864,True,
2014-10-15,2014-10-14,UKX,RealGARCH,RealGARCH11-logRVscaled-studentt,1,0.01086673551,0.0001180859406,-0.02726337876,-0.02150577178,-0.01721469143,-0.03422518578,-0.02805101898,-0.02873821737,0.0002179661262,True,
2014-10-16,2014-10-15,UKX,RealGARCH,RealGARCH11-logRVscaled-studentt,1,0.01235636341,0.0001526797168,-0.03102933559,-0.02448246747,-0.01960315958,-0.03894547724,-0.03192494667,-0.002530760327,0.0005451283685,True,
2014-10-17,2014-10-16,UKX,RealGARCH,RealGARCH11-logRVscaled-studentt,1,0.01619521609,0.0002622850243,-0.04073441253,-0.03215357524,-0.02575837278,-0.05110992678,-0.04190827045,0.01829542094,0.0001860970079,True,
2014-10-20,2014-10-17,UKX,RealGARCH,RealGARCH11-logRVscaled-studentt,1,0.01490046005,0.0002220237098,-0.037461115,-0.02956628837,-0.02368236202,-0.04700713987,-0.03854112671,-0.006869444752,0.0002091143168,True,
2014-10-21,2014-10-20,UKX,RealGARCH,RealGARCH11-logRVscaled-studentt,1,0.01459185596,0.0002129222603,-0.03668092708,-0.02894961056,-0.02318754647,-0.0460292438,-0.03773857062,0.01664669797,0.0001214788901,True,
2014-10-22,2014-10-21,UKX,RealGARCH,RealGARCH11-logRVscaled-studentt,1,0.01281748085,0.0001642878153,-0.0321950954,-0.02540390984,-0.02034251489,-0.04040665333,-0.03312412909,0.00429070342,7.256419967e-05,True,
2014-10-23,2014-10-22,UKX,RealGARCH,RealGARCH11-logRVscaled-studentt,1,0.01066361641,0.0001137127149,-0.02674986949,-0.02109988267,-0.01688901043,-0.03358154764,-0.02752278727,0.003042384986,0.0001698105645,True,
2014-10-24,2014-10-23,UKX,RealGARCH,RealGARCH11-logRVscaled-studentt,1,0.01158185407,0.0001341393436,-0.02907128368,-0.02293477987,-0.01836131193,-0.03649123357,-0.02991075696,-0.004762694388,8.060339404e-05,True,
2014-10-27,2014-10-24,UKX,RealGARCH,RealGARCH11-logRVscaled-studentt,1,0.01031273038,0.0001063524079,-0.0258627878,-0.02039871366,-0.01632640007,-0.03246966976,-0.02661027274,-0.003952294885,0.0001158030476,True,
2014-10-28,2014-10-27,UKX,RealGARCH,RealGARCH11-logRVscaled-studentt,1,0.01046120639,0.0001094368391,-0.02623815283,-0.0206954105,-0.01656446637,-0.03294015639,-0.02699639958,0.006063171305,3.484292796e-05,True,
2014-10-29,2014-10-28,UKX,RealGARCH,RealGARCH11-logRVscaled-studentt,1,0.008122264885,6.597118686e-05,-0.02032503006,-0.01602154729,-0.01281420951,-0.02552858366,-0.02091374619,0.008042872303,5.979171186e-05,True,
2014-10-30,2014-10-29,UKX,RealGARCH,RealGARCH11-logRVscaled-studentt,1,0.007936195461,6.29831984e-05,-0.01985462438,-0.01564972822,-0.01251586595,-0.02493897205,-0.02042985387,0.00150186922,0.0001409223018,True,
2014-10-31,2014-10-30,UKX,RealGARCH,RealGARCH11-logRVscaled-studentt,1,0.009439253587,8.909950828e-05,-0.0236545344,-0.01865326127,-0.0149258681,-0.0297018208,-0.0243387082,0.01274410241,5.631529458e-05,True,
2014-11-03,2014-10-31,UKX,RealGARCH,RealGARCH11-logRVscaled-studentt,1,0.00851527167,7.250985161e-05,-0.02131859803,-0.01680688542,-0.01344435626,-0.02677393262,-0.02193579999,-0.008976238873,9.009682465e-05,True,
2014-11-04,2014-11-03,UKX,RealGARCH,RealGARCH11-logRVscaled-studentt,1,0.008906451426,7.9324877e-05,-0.02230754706,-0.01758857264,-0.01407157356,-0.02801349214,-0.02295310242,-0.005254223183,6.14699343e-05,True,
2014-11-05,2014-11-04,UKX,RealGARCH,RealGARCH11-logRVscaled-studentt,1,0.008403348091,7.061625913e-05,-0.02103564189,-0.01658323062,-0.01326489809,-0.0264192723,-0.02164473143,0.01309946268,5.403432107e-05,True,
2014-11-06,2014-11-05,UKX,RealGARCH,RealGARCH11-logRVscaled-studentt,1,0.007911549251,6.259261155e-05,-0.01979231583,-0.01560047816,-0.01247634824,-0.02486087382,-0.02036575892,0.001848712432,0.0001304730174,True,
2014-11-07,2014-11-06,UKX,RealGARCH,RealGARCH11-logRVscaled-studentt,1,0.009266514957,8.586829945e-05,-0.02321783057,-0.01830808088,-0.01464889913,-0.02915445144,-0.02388948396,0.002439323006,6.524434208e-05,True,
2014-11-10,2014-11-07,UKX,RealGARCH,RealGARCH11-logRVscaled-studentt,1,0.008702303312,7.573008293e-05,-0.0217914363,-0.01718062726,-0.01374424264,-0.02736659328,-0.02242219465,0.006692684996,5.507570716e-05,True,
2014-11-11,2014-11-10,UKX,RealGARCH,RealGARCH11-logRVscaled-studentt,1,0.0081001622,6.561262767e-05,-0.02026915184,-0.0159773799,-0.01277877008,-0.02545854529,-0.02085626592,0.002432278893,2.034563607e-05,True,
2014-11-12,2014-11-11,UKX,RealGARCH,RealGARCH11-logRVscaled-studentt,1,0.006269248311,3.930347439e-05,-0.01564038339,-0.0123186988,-0.009843084273,-0.01965679631,-0.0160947896,-0.002477627283,4.826329693e-05,True,
2014-11-13,2014-11-12,UKX,RealGARCH,RealGARCH11-logRVscaled-studentt,1,0.006560643238,4.30420397e-05,-0.01637706448,-0.01290098785,-0.01031030666,-0.02058016044,-0.01685259151,0.003699094544,5.020380501e-05,True,
2014-11-14,2014-11-13,UKX,RealGARCH,RealGARCH11-logRVscaled-studentt,1,0.006786149976,4.60518315e-05,-0.01694717238,-0.01335161376,-0.01067188397,-0.02129473992,-0.01743904454,0.002844252384,4.71046994e-05,True,
2014-11-17,2014-11-14,UKX,RealGARCH,RealGARCH11-logRVscaled-studentt,1,0.006819618668,4.650719878e-05,-0.01703178522,-0.01341849363,-0.01072554765,-0.02140079458,-0.01752608325,0.002641389777,4.634230782e-05,True,
2014-11-18,2014-11-17,UKX,RealGARCH,RealGARCH11-logRVscaled-studentt,1,0.006814069604,4.643154457e-05,-0.01701775653,-0.01340740503,-0.01071665028,-0.02138321086,-0.01751165235,0.005545163371,2.700927237e-05,True,
2014-11-19,2014-11-18,UKX,RealGARCH,RealGARCH11-logRVscaled-studentt,1,0.006057003595,3.668729255e-05,-0.01510380346,-0.01189457414,-0.009502771272,-0.01898424116,-0.0155428258,-0.001864878886,3.518214299e-05,True,
2014-11-20,2014-11-19,UKX,RealGARCH,RealGARCH11-logRVscaled-studentt,1,0.006009029595,3.610843667e-05,-0.01498251947,-0.01179870859,-0.009425849799,-0.01883222248,-0.01541806457,-0.002646660885,3.585439106e-05,True,
2014-11-21,2014-11-20,UKX,RealGARCH,RealGARCH11-logRVscaled-studentt,1,0.006007211679,3.608659216e-05,-0.01497792356,-0.01179507588,-0.009422934955,-0.01882646192,-0.01541333689,0.01070769884,6.462634304e-05,True,
2014-11-24,2014-11-21,UKX,RealGARCH,RealGARCH11-logRVscaled-studentt,1,0.006826583904,4.66022478e-05,-0.01704939417,-0.01343241213,-0.0107367157,-0.02142286582,-0.01754419705,-0.003115590937,3.1617876e-05,True,
2014-11-25,2014-11-24,UKX,RealGARCH,RealGARCH11-logRVscaled-studentt,1,0.006274352306,3.936749686e-05,-0.01565328689,-0.01232889802,-0.009851268014,-0.01967296971,-0.01610806305,0.0001931955536,3.642524083e-05,True,
2014-11-26,2014-11-25,UKX,RealGARCH,RealGARCH11-logRVscaled-studentt,1,0.006174243875,3.812128743e-05,-0.01540020085,-0.01212885321,-0.009690754239,-0.0193557489,-0.01584772097,-0.0002822972699,3.294163234e-05,True,
2014-11-27,2014-11-26,UKX,RealGARCH,RealGARCH11-logRVscaled-studentt,1,0.005987114603,3.584554126e-05,-0.01492711576,-0.01175491627,-0.009390711319,-0.01876277886,-0.01536107242,-0.0008623304518,5.500716045e-05,True,
2014-11-28,2014-11-27,UKX,RealGARCH,RealGARCH11-logRVscaled-studentt,1,0.006579386427,4.328832576e-05,-0.01642444949,-0.01293844202,-0.01034035947,-0.02063955334,-0.01690133506,-0.000118965343,6.342183929e-05,True,
2014-12-01,2014-11-28,UKX,RealGARCH,RealGARCH11-logRVscaled-studentt,1,0.007151041278,5.113739135e-05,-0.01786966106,-0.01408076925,-0.01125695038,-0.02245099732,-0.01838798119,-0.009896215902,7.527049575e-05,True,
2014-12-02,2014-12-01,UKX,RealGARCH,RealGARCH11-logRVscaled-studentt,1,0.007773694531,6.043032666e-05,-0.01944380267,-0.01532500564,-0.01225531209,-0.02442404362,-0.02000725381,0.01279268049,6.365925539e-05,True,
2014-12-03,2014-12-02,UKX,RealGARCH,RealGARCH11-logRVscaled-studentt,1,0.007851441091,6.16451272e-05,-0.01964035524,-0.01548036514,-0.01237997086,-0.02467040476,-0.02020944158,-0.003789374924,6.88392392e-05,True,
2014-12-04,2014-12-03,UKX,RealGARCH,RealGARCH11-logRVscaled-studentt,1,0.00803031313,6.448592897e-05,-0.02009256506,-0.01583780181,-0.01266677414,-0.0252372095,-0.02067461637,-0.005553940225,0.0001168395664,True,
2014-12-05,2014-12-04,UKX,RealGARCH,RealGARCH11-logRVscaled-studentt,1,0.00912207763,8.321230029e-05,-0.02285267579,-0.01801945446,-0.01441730844,-0.02869676246,-0.02351386012,0.009447091521,4.007882294e-05,True,
2014-12-08,2014-12-05,UKX,RealGARCH,RealGARCH11-logRVscaled-studentt,1,0.007759896024,6.02159863e-05,-0.0194089184,-0.01529743234,-0.01223318758,-0.02438031929,-0.01997136939,-0.01052557015,4.103361474e-05,True,
2014-12-09,2014-12-08,UKX,RealGARCH,RealGARCH11-logRVscaled-studentt,1,0.00712975252,5.083337099e-05,-0.01781584055,-0.01403822832,-0.01122281601,-0.0223835381,-0.01833261762,-0.02161929917,9.052305262e-05,True,
2014-12-10,2014-12-09,UKX,RealGARCH,RealGARCH11-logRVscaled-studentt,1,0.008078351682,6.52597659e-05,-0.02021401225,-0.01593379635,-0.01274379912,-0.02538943272,-0.02079954547,-0.004528193777,5.63516977e-05,True,
2014-12-11,2014-12-10,UKX,RealGARCH,RealGARCH11-logRVscaled-studentt,1,0.007811107249,6.101339645e-05,-0.01953838648,-0.01539976678,-0.01231529961,-0.024542596,-0.02010454935,-0.005909705654,8.452547695e-05,True,
2014-12-12,2014-12-11,UKX,RealGARCH,RealGARCH11-logRVscaled-studentt,1,0.008372675299,7.010169166e-05,-0.02095809742,-0.01652193775,-0.01321571736,-0.02632207721,-0.02156496374,-0.02524758874,0.0002098656104,True,
2014-12-15,2014-12-12,UKX,RealGARCH,RealGARCH11-logRVscaled-studentt,1,0.01060318824,0.0001124276008,-0.02659709986,-0.02097913018,-0.01679211995,-0.03339006453,-0.02736563771,-0.01888978171,0.0002335876274,True,
2014-12-16,2014-12-15,UKX,RealGARCH,RealGARCH11-logRVscaled-studentt,1,0.01237377728,0.0001531103642,-0.03107335992,-0.02451726528,-0.01963108096,-0.03900065782,-0.03197023319,0.02382942432,0.0004328328444,True,
2014-12-17,2014-12-16,UKX,RealGARCH,RealGARCH11-logRVscaled-studentt,1,0.01541544983,0.0002376360933,-0.0387630705,-0.03059538284,-0.02450809619,-0.04863902513,-0.03988040958,0.0007420404139,0.000174958435,True,
2014-12-18,2014-12-17,UKX,RealGARCH,RealGARCH11-logRVscaled-studentt,1,0.01430454998,0.0002046201502,-0.03595458335,-0.02837549239,-0.02272688031,-0.04511883663,-0.03699140244,0.02023111376,0.0001715454776,True,
2014-12-19,2014-12-18,UKX,RealGARCH,RealGARCH11-logRVscaled-studentt,1,0.01366398973,0.0001867046154,-0.03433517072,-0.02709547277,-0.02169980653,-0.04308904713,-0.03532556087,0.01218952573,0.0001681642657,True,
2014-12-22,2014-12-19,UKX,RealGARCH,RealGARCH11-logRVscaled-studentt,1,0.01326325151,0.0001759138407,-0.03332205675,-0.02629468506,-0.02105726321,-0.04181919901,-0.03428340069,0.004785924392,7.537423224e-05,True,
2014-12-23,2014-12-22,UKX,RealGARCH,RealGARCH11-logRVscaled-studentt,1,0.01095809584,0.0001200798645,-0.02749434858,-0.02168833544,-0.01736117851,-0.03451468587,-0.02828861075,0.003263784689,5.904476541e-05,True,
2014-12-24,2014-12-23,UKX,RealGARCH,RealGARCH11-logRVscaled-studentt,1,0.009346472843,8.73565546e-05,-0.02341997363,-0.01846785923,-0.01477710353,-0.02940781977,-0.02409742251,0.001771596214,,True,
2014-12-29,2014-12-24,UKX,RealGARCH,RealGARCH11-logRVscaled-studentt,1,0.009316468664,8.679658836e-05,-0.02334411949,-0.01840790244,-0.01472899486,-0.02931274336,-0.02401939362,0.003564058045,,True,RV_imputed_in_recursion
2014-12-30,2014-12-29,UKX,RealGARCH,RealGARCH11-logRVscaled-studentt,1,0.009286861421,8.624579505e-05,-0.02326926885,-0.01834873884,-0.01468152263,-0.02921892475,-0.023942397,-0.01312563892,,True,RV_imputed_in_recursion
2014-12-31,2014-12-30,UKX,RealGARCH,RealGARCH11-logRVscaled-studentt,1,0.009257644922,8.57039895e-05,-0.02319540606,-0.01829035605,-0.01463467692,-0.02912634432,-0.02386641654,0.002913134402,,True,RV_imputed_in_recursion
2015-01-02,2014-12-31,UKX,RealGARCH,RealGARCH11-logRVscaled-studentt,1,0.009228813091,8.517099107e-05,-0.02312251576,-0.01823274194,-0.01458844799,-0.02903498282,-0.02379143646,-0.002790978277,0.0001632153629,True,RV_imputed_in_recursion
2015-01-05,2015-01-02,UKX,RealGARCH,RealGARCH11-logRVscaled-studentt,1,0.01059715509,0.000112299696,-0.02658184735,-0.02096707426,-0.01678244641,-0.03337094686,-0.0273499479,-0.0201471697,0.0001674949823,True,
2015-01-06,2015-01-05,UKX,RealGARCH,RealGARCH11-logRVscaled-studentt,1,0.01150732793,0.0001324185961,-0.02888287274,-0.02278585569,-0.01824181679,-0.03625507724,-0.02971694423,-0.007932047851,0.0002111671281,True,
2015-01-07,2015-01-06,UKX,RealGARCH,RealGARCH11-logRVscaled-studentt,1,0.01266815249,0.0001604820874,-0.03181757552,-0.02510550976,-0.02010308192,-0.03993346578,-0.03273578562,0.008337066163,0.0001548974341,True,
2015-01-08,2015-01-07,UKX,RealGARCH,RealGARCH11-logRVscaled-studentt,1,0.01249236044,0.0001560590694,-0.03137315228,-0.0247542278,-0.0198212171,-0.03937642084,-0.03227862067,0.0231268983,9.600808234e-05,True,
2015-01-09,2015-01-08,UKX,RealGARCH,RealGARCH11-logRVscaled-studentt,1,0.01117198906,0.0001248133396,-0.02803509612,-0.02211575427,-0.01770413473,-0.03519246476,-0.02884486166,-0.01054242407,0.000145071912,True,
2015-01-12,2015-01-09,UKX,RealGARCH,RealGARCH11-logRVscaled-studentt,1,0.01148548845,0.000131916445,-0.02882765993,-0.02274221426,-0.01820679939,-0.0361858729,-0.02966014846,4.611482408e-05,0.0001442436065,True,
2015-01-13,2015-01-12,UKX,RealGARCH,RealGARCH11-logRVscaled-studentt,1,0.01164885543,0.0001356958328,-0.02924067112,-0.02306866745,-0.01846874187,-0.03670354563,-0.03008500077,0.006256006895,0.000130203203,True,
2015-01-14,2015-01-13,UKX,RealGARCH,RealGARCH11-logRVscaled-studentt,1,0.01148218049,0.0001318404689,-0.02881929702,-0.02273560403,-0.01820149541,-0.03617539074,-0.02965154578,-0.0237740311,0.0002691346532,True,
2015-01-15,2015-01-14,UKX,RealGARCH,RealGARCH11-logRVscaled-studentt,1,0.01333761647,0.0001778920132,-0.03351006023,-0.02644328717,-0.02117649992,-0.04205484463,-0.03447679427,0.01711801542,0.000348386244,True,
2015-01-16,2015-01-15,UKX,RealGARCH,RealGARCH11-logRVscaled-studentt,1,0.01533069906,0.0002350303336,-0.03854881046,-0.03042602695,-0.02437220688,-0.04837046925,-0.03966000665,0.007893305887,0.0001505972732,True,
2015-01-19,2015-01-16,UKX,RealGARCH,RealGARCH11-logRVscaled-studentt,1,0.01380364163,0.0001905405223,-0.03468822735,-0.02737453656,-0.02192372427,-0.04353157218,-0.03568873972,0.005359442102,7.384878319e-05,True,
2015-01-20,2015-01-19,UKX,RealGARCH,RealGARCH11-logRVscaled-studentt,1,0.01115414979,0.0001244150576,-0.02798999633,-0.0220801064,-0.01767553126,-0.03513593618,-0.02879846884,0.005240227921,5.284401121e-05,True,
2015-01-21,2015-01-20,UKX,RealGARCH,RealGARCH11-logRVscaled-studentt,1,0.009214100897,8.489965534e-05,-0.02308532158,-0.01820334284,-0.01456485847,-0.02898836323,-0.02375317591,0.01616743229,0.0001279264757,True,
2015-01-22,2015-01-21,UKX,RealGARCH,RealGARCH11-logRVscaled-studentt,1,0.01004182391,0.0001008382275,-0.02517790397,-0.01985736631,-0.01589202886,-0.03161122888,-0.02590575313,0.01014457889,0.0001196610009,True,
2015-01-23,2015-01-22,UKX,RealGARCH,RealGARCH11-logRVscaled-studentt,1,0.01038137318,0.0001077729091,-0.02603632497,-0.02053588129,-0.01643646187,-0.03268718315,-0.02678878527,0.005312015552,8.089789379e-05,True,
2015-01-26,2015-01-23,UKX,RealGARCH,RealGARCH11-logRVscaled-studentt,1,0.009712430909,9.433131417e-05,-0.02434515922,-0.01919914642,-0.01536388039,-0.0305674575,-0.0250491334,0.002864424462,0.0001031320379,True,
2015-01-27,2015-01-26,UKX,RealGARCH,RealGARCH11-logRVscaled-studentt,1,0.009866925133,9.735621158e-05,-0.02473573902,-0.01950786935,-0.0156115963,-0.0310570145,-0.02545091121,-0.005971886015,9.122729898e-05,True,
2015-01-28,2015-01-27,UKX,RealGARCH,RealGARCH11-logRVscaled-studentt,1,0.009691964037,9.39341669e-05,-0.02429341653,-0.01915824785,-0.01533106383,-0.03050260265,-0.02499590723,0.002097130594,0.0001161372775,True,
2015-01-29,2015-01-28,UKX,RealGARCH,RealGARCH11-logRVscaled-studentt,1,0.01011303962,0.0001022735704,-0.02535794577,-0.01999967534,-0.01600621607,-0.03183689524,-0.02609095678,-0.002243949755,0.0001477825307,True,
2015-01-30,2015-01-29,UKX,RealGARCH,RealGARCH11-logRVscaled-studentt,1,0.01091139674,0.0001190585788,-0.02737628768,-0.02159501749,-0.01728630121,-0.03436670706,-0.02816716502,-0.009026638872,0.0001357129225,True,
2015-02-02,2015-01-30,UKX,RealGARCH,RealGARCH11-logRVscaled-studentt,1,0.01117284148,0.0001248323867,-0.02803725114,-0.02211745765,-0.01770550149,-0.03519516588,-0.02884707846,0.004906926192,0.0001181541658,True,
2015-02-03,2015-02-02,UKX,RealGARCH,RealGARCH11-logRVscaled-studentt,1,0.01098494182,0.0001206689469,-0.02756221842,-0.02174198126,-0.01740422334,-0.03459975467,-0.02835842644,0.01306552856,0.0001081072026,True,
2015-02-04,2015-02-03,UKX,RealGARCH,RealGARCH11-logRVscaled-studentt,1,0.01067383186,0.0001139306866,-0.02677569537,-0.02112029602,-0.01690538988,-0.03361391808,-0.02754935359,-0.001718610535,0.0001312458031,True,
2015-02-05,2015-02-04,UKX,RealGARCH,RealGARCH11-logRVscaled-studentt,1,0.01095711202,0.0001200583039,-0.02749186137,-0.02168636949,-0.01735960106,-0.03451156838,-0.02828605224,0.0008596743974,0.0001019300841,True,
2015-02-06,2015-02-05,UKX,RealGARCH,RealGARCH11-logRVscaled-studentt,1,0.01052339194,0.0001107417778,-0.02639536531,-0.02081967472,-0.01666417463,-0.03313720823,-0.02715811938,-0.001822250937,7.003549554e-05,True,
2015-02-09,2015-02-06,UKX,RealGARCH,RealGARCH11-logRVscaled-studentt,1,0.009484114622,8.994843016e-05,-0.02376794844,-0.01874290623,-0.01499779825,-0.0298439752,-0.02445537385,-0.002366545578,9.728817811e-05,True,
2015-02-10,2015-02-09,UKX,RealGARCH,RealGARCH11-logRVscaled-studentt,1,0.009614784833,9.244408738e-05,-0.0240982983,-0.01900402208,-0.01520731476,-0.03025803933,-0.02479519492,-0.001185411966,9.412389447e-05,True,
2015-02-11,2015-02-10,UKX,RealGARCH,RealGARCH11-logRVscaled-studentt,1,0.009618757106,9.252048826e-05,-0.02410834068,-0.0190119598,-0.0152136839,-0.03027062656,-0.02480552522,-0.001597371654,5.071880111e-05,True,
2015-02-12,2015-02-11,UKX,RealGARCH,RealGARCH11-logRVscaled-studentt,1,0.008411299826,7.074996475e-05,-0.02105574482,-0.01659912042,-0.01327764789,-0.02644446953,-0.02166541071,0.001450928753,6.75630099e-05,True,
2015-02-13,2015-02-12,UKX,RealGARCH,RealGARCH11-logRVscaled-studentt,1,0.008309551914,6.904865301e-05,-0.02079851398,-0.01639579947,-0.01311450538,-0.02612205358,-0.021400805,0.006626973175,4.625624763e-05,True,
2015-02-16,2015-02-13,UKX,RealGARCH,RealGARCH11-logRVscaled-studentt,1,0.007601267873,5.777927327e-05,-0.01900788754,-0.01498044866,-0.01197884333,-0.02387766282,-0.01955884088,-0.002388811805,2.658380026e-05,True,
2015-02-17,2015-02-16,UKX,RealGARCH,RealGARCH11-logRVscaled-studentt,1,0.006413939608,4.11386213e-05,-0.01600618022,-0.01260783272,-0.01007508218,-0.02011529006,-0.01647107392,0.005961399447,7.213776471e-05,True,
2015-02-18,2015-02-17,UKX,RealGARCH,RealGARCH11-logRVscaled-studentt,1,0.007250706719,5.257274792e-05,-0.01812162717,-0.01427992884,-0.01141675387,-0.0227668144,-0.01864717122,0,3.136102605e-05,True,
2015-02-19,2015-02-18,UKX,RealGARCH,RealGARCH11-logRVscaled-studentt,1,0.006476423665,4.194406348e-05,-0.01616414736,-0.01273269345,-0.01017526906,-0.0203132878,-0.01663357001,-0.001334619187,5.790503301e-05,True,
2015-02-20,2015-02-19,UKX,RealGARCH,RealGARCH11-logRVscaled-studentt,1,0.00694986836,4.830067022e-05,-0.01736107196,-0.01367876916,-0.01093438989,-0.02181352618,-0.01786481072,0.003810509144,7.787339497e-05,True,
2015-02-23,2015-02-20,UKX,RealGARCH,RealGARCH11-logRVscaled-studentt,1,0.007708222297,5.941669098e-05,-0.01927828106,-0.0151941737,-0.01215033397,-0.02421657703,-0.01983698665,-0.0004339210499,4.08600918e-05,True,
2015-02-24,2015-02-23,UKX,RealGARCH,RealGARCH11-logRVscaled-studentt,1,0.007096810192,5.03647149e-05,-0.01773255842,-0.01397240028,-0.01116999631,-0.02227915137,-0.01824694778,0.005396123586,2.69488262e-05,True,
2015-02-25,2015-02-24,UKX,RealGARCH,RealGARCH11-logRVscaled-studentt,1,0.006192288634,3.834443853e-05,-0.01544582015,-0.01216491171,-0.009719687191,-0.01941292863,-0.01589464819,-0.002045401649,4.36447177e-05,True,
2015-02-26,2015-02-25,UKX,RealGARCH,RealGARCH11-logRVscaled-studentt,1,0.006374912,4.063950301e-05,-0.01590751378,-0.01252984458,-0.01001250534,-0.01999162047,-0.01636957868,0.00205980482,2.923820604e-05,True,
2015-02-27,2015-02-26,UKX,RealGARCH,RealGARCH11-logRVscaled-studentt,1,0.005938480775,3.526555391e-05,-0.01480416365,-0.0116577322,-0.00931273188,-0.01860866934,-0.01523459524,-0.0004317664953,5.037544124e-05,True,
2015-03-02,2015-02-27,UKX,RealGARCH,RealGARCH11-logRVscaled-studentt,1,0.00642564783,4.128895004e-05,-0.01603578,-0.01263122904,-0.01009385513,-0.02015239075,-0.01650152233,-0.000878514508,3.566653306e-05,True,
2015-03-03,2015-03-02,UKX,RealGARCH,RealGARCH11-logRVscaled-studentt,1,0.006227926886,3.878707329e-05,-0.0155359179,-0.01223612696,-0.009776829534,-0.01952585812,-0.01598732906,-0.007447773607,3.907594056e-05,True,
2015-03-04,2015-03-03,UKX,RealGARCH,RealGARCH11-logRVscaled-studentt,1,0.006243416297,3.898024706e-05,-0.01557507698,-0.01226707917,-0.009801665243,-0.01957494054,-0.01602761084,0.004359717567,6.571069522e-05,True,
2015-03-05,2015-03-04,UKX,RealGARCH,RealGARCH11-logRVscaled-studentt,1,0.006999626221,4.899476723e-05,-0.01748686576,-0.01377819936,-0.01101417161,-0.0219711975,-0.01799421105,0.006037337721,4.20940091e-05,True,
2015-03-06,2015-03-05,UKX,RealGARCH,RealGARCH11-logRVscaled-studentt,1,0.006770414501,4.583851251e-05,-0.01690739122,-0.01332016986,-0.01064665373,-0.02124487778,-0.01739812285,-0.007107454228,1.937802402e-05,True,
2015-03-09,2015-03-06,UKX,RealGARCH,RealGARCH11-logRVscaled-studentt,1,0.005615267159,3.153122526e-05,-0.01398704112,-0.01101186045,-0.008794491436,-0.01758447903,-0.01439404562,-0.005120266113,2.872053515e-05,True,
2015-03-10,2015-03-09,UKX,RealGARCH,RealGARCH11-logRVscaled-studentt,1,0.005513025353,3.039344854e-05,-0.01372856165,-0.01080755255,-0.008630557009,-0.01726049804,-0.01412815548,-0.02558448112,7.863222007e-05,True,
2015-03-11,2015-03-10,UKX,RealGARCH,RealGARCH11-logRVscaled-studentt,1,0.00679224261,4.613455967e-05,-0.01696257528,-0.01336378856,-0.0106816529,-0.02131404609,-0.01745488905,0.00278602346,8.270428611e-05,True,
2015-03-12,2015-03-11,UKX,RealGARCH,RealGARCH11-logRVscaled-studentt,1,0.0077108429,5.945709822e-05,-0.01928490626,-0.0151994104,-0.01215453584,-0.02422488112,-0.0198438018,0.005874269293,8.962393675e-05,True,
2015-03-13,2015-03-12,UKX,RealGARCH,RealGARCH11-logRVscaled-studentt,1,0.008419305144,7.088469911e-05,-0.02107598322,-0.0166151173,-0.01329048361,-0.02646983656,-0.02168622935,-0.003036656933,5.42580122e-05,True,
2015-03-16,2015-03-13,UKX,RealGARCH,RealGARCH11-logRVscaled-studentt,1,0.007927001673,6.283735552e-05,-0.01983138139,-0.01563135645,-0.01250112464,-0.02490983902,-0.0204059445,0.009376429793,4.453309907e-05,True,
2015-03-17,2015-03-16,UKX,RealGARCH,RealGARCH11-logRVscaled-studentt,1,0.00734406874,5.393534566e-05,-0.01835765749,-0.01446649243,-0.01156645046,-0.02306265737,-0.01888996858,0.004911421137,5.766895411e-05,True,
2015-03-18,2015-03-17,UKX,RealGARCH,RealGARCH11-logRVscaled-studentt,1,0.007445802146,5.54399696e-05,-0.01861485166,-0.0146697844,-0.01172956972,-0.02338502736,-0.01915453657,0.01561399436,7.514958007e-05,True,
2015-03-19,2015-03-18,UKX,RealGARCH,RealGARCH11-logRVscaled-studentt,1,0.007947252558,6.315882322e-05,-0.01988257804,-0.01567182341,-0.01253359489,-0.02497400947,-0.02045860897,0.002459049954,6.272496715e-05,True,
2015-03-20,2015-03-19,UKX,RealGARCH,RealGARCH11-logRVscaled-studentt,1,0.007922807479,6.277087835e-05,-0.01982077797,-0.01562297527,-0.01249439967,-0.02489654858,-0.02039503707,0.008609428478,4.521829615e-05,True,
2015-03-23,2015-03-20,UKX,RealGARCH,RealGARCH11-logRVscaled-studentt,1,0.007366312947,5.426256644e-05,-0.01841389349,-0.01451094262,-0.0116021168,-0.0231331442,-0.01894781689,0.002162159957,3.620641284e-05,True,
2015-03-24,2015-03-23,UKX,RealGARCH,RealGARCH11-logRVscaled-studentt,1,0.00674076898,4.543796644e-05,-0.01683244381,-0.01326092976,-0.01059912012,-0.02115093788,-0.01732102668,-0.002560930092,4.929088372e-05,True,
2015-03-25,2015-03-24,UKX,RealGARCH,RealGARCH11-logRVscaled-studentt,1,0.006861570372,4.708114796e-05,-0.01713784412,-0.01350232493,-0.01079281297,-0.02153372997,-0.01763518289,-0.004096902331,4.160720334e-05,True,
2015-03-26,2015-03-25,UKX,RealGARCH,RealGARCH11-logRVscaled-studentt,1,0.006679028766,4.460942526e-05,-0.0166763572,-0.01313755545,-0.01050012591,-0.02095529721,-0.01716046502,-0.01378361572,0.0001453037213,True,
2015-03-27,2015-03-26,UKX,RealGARCH,RealGARCH11-logRVscaled-studentt,1,0.008634465515,7.455399473e-05,-0.02161993427,-0.01704506826,-0.01363547158,-0.02715163076,-0.02224577561,-0.005861678794,7.697090174e-05,True,
2015-03-30,2015-03-27,UKX,RealGARCH,RealGARCH11-logRVscaled-studentt,1,0.00867354241,7.523033795e-05,-0.02171872532,-0.01712315489,-0.01369812744,-0.02727545654,-0.02234739902,0.005295930183,4.898310403e-05,True,
2015-03-31,2015-03-30,UKX,RealGARCH,RealGARCH11-logRVscaled-studentt,1,0.007881902956,6.212439421e-05,-0.01971736646,-0.01554123652,-0.01242881339,-0.02476693147,-0.02028866073,-0.01733012296,0.0001154768159,True,
2015-04-01,2015-03-31,UKX,RealGARCH,RealGARCH11-logRVscaled-studentt,1,0.009005084117,8.109153996e-05,-0.02255690225,-0.01778566851,-0.01422972114,-0.02832603667,-0.02320960668,0.005374575794,9.51669568e-05,True,
2015-04-02,2015-04-01,UKX,RealGARCH,RealGARCH11-logRVscaled-studentt,1,0.009297360251,8.644090763e-05,-0.02329581114,-0.01836971846,-0.01469835644,-0.02925219315,-0.02396970026,0.003518291396,5.075936283e-05,True,
2015-04-07,2015-04-02,UKX,RealGARCH,RealGARCH11-logRVscaled-studentt,1,0.008255486054,6.815304999e-05,-0.02066182904,-0.01628776067,-0.01302781622,-0.02595073119,-0.02126020128,0.01860104617,4.873857531e-05,True,
2015-04-08,2015-04-07,UKX,RealGARCH,RealGARCH11-logRVscaled-studentt,1,0.007660291949,5.868007275e-05,-0.01915710743,-0.01509839538,-0.01207348249,-0.02406469668,-0.01971233895,-0.003510983161,6.567783557e-05,True,
2015-04-09,2015-04-08,UKX,RealGARCH,RealGARCH11-logRVscaled-studentt,1,0.007840640105,6.147563725e-05,-0.01961304906,-0.01545878174,-0.01236265257,-0.02463617889,-0.02018135253,0.0111806682,4.459826184e-05,True,
2015-04-10,2015-04-09,UKX,RealGARCH,RealGARCH11-logRVscaled-studentt,1,0.007301849972,5.331701301e-05,-0.01825092341,-0.01438212745,-0.01149875692,-0.02292887571,-0.01878017442,0.01054938527,2.838199972e-05,True,
2015-04-13,2015-04-10,UKX,RealGARCH,RealGARCH11-logRVscaled-studentt,1,0.006362245137,4.047816318e-05,-0.01587549044,-0.01250453262,-0.009992195306,-0.01995148206,-0.01633663723,-0.003603200245,2.812916217e-05,True,
2015-04-14,2015-04-13,UKX,RealGARCH,RealGARCH11-logRVscaled-studentt,1,0.005882285966,3.460128818e-05,-0.01466209647,-0.01154543916,-0.009222629169,-0.0184306008,-0.01508845497,0.001555914244,5.853897804e-05,True,
2015-04-15,2015-04-14,UKX,RealGARCH,RealGARCH11-logRVscaled-studentt,1,0.006603869892,4.361109756e-05,-0.01648634661,-0.01298736687,-0.01037961624,-0.02071713586,-0.01696500679,0.003034132851,3.672887771e-05,True,
2015-04-16,2015-04-15,UKX,RealGARCH,RealGARCH11-logRVscaled-studentt,1,0.0063637258,4.049700606e-05,-0.01587923374,-0.0125074914,-0.009994569401,-0.01995617395,-0.01634048784,-0.00512808022,3.918867392e-05,True,
2015-04-17,2015-04-16,UKX,RealGARCH,RealGARCH11-logRVscaled-studentt,1,0.006322607945,3.997537123e-05,-0.0157752829,-0.01242532636,-0.009928641066,-0.01982588083,-0.01623355671,-0.009377433737,0.0001116035406,True,
2015-04-20,2015-04-17,UKX,RealGARCH,RealGARCH11-logRVscaled-studentt,1,0.007908713392,6.254774752e-05,-0.01978514644,-0.01559481132,-0.01247180122,-0.02485188763,-0.02035838398,0.008187021915,5.601020144e-05,True,
2015-04-21,2015-04-20,UKX,RealGARCH,RealGARCH11-logRVscaled-studentt,1,0.007709402481,5.943488661e-05,-0.01928126471,-0.01519653204,-0.01215222627,-0.02422031676,-0.01984005584,0.001530259456,7.606042998e-05,True,
2015-04-22,2015-04-21,UKX,RealGARCH,RealGARCH11-logRVscaled-studentt,1,0.008123520454,6.599158457e-05,-0.02032820428,-0.01602405627,-0.01281622269,-0.02553256227,-0.02091701142,-0.004925062898,0.0001043551569,True,
2015-04-23,2015-04-22,UKX,RealGARCH,RealGARCH11-logRVscaled-studentt,1,0.008958018322,8.024609225e-05,-0.02243791432,-0.0176916178,-0.01415425588,-0.02817689589,-0.02308720733,0.00362167423,8.002730612e-05,True,
2015-04-24,2015-04-23,UKX,RealGARCH,RealGARCH11-logRVscaled-studentt,1,0.008927779571,7.970524806e-05,-0.02236146715,-0.01763119227,-0.01410577109,-0.02808107618,-0.02300856841,0.002407182994,6.835269196e-05,True,
2015-04-27,2015-04-24,UKX,RealGARCH,RealGARCH11-logRVscaled-studentt,1,0.008610845463,7.414665958e-05,-0.02156021997,-0.01699786875,-0.0135975992,-0.02707678419,-0.02218434928,0.004698493203,0.0001112528361,True,
2015-04-28,2015-04-27,UKX,RealGARCH,RealGARCH11-logRVscaled-studentt,1,0.009382157415,8.802487775e-05,-0.02351018847,-0.01853916705,-0.01483432015,-0.02952089604,-0.02419022384,-0.01040017864,9.212031814e-05,True,
2015-04-29,2015-04-28,UKX,RealGARCH,RealGARCH11-logRVscaled-studentt,1,0.009444556726,8.919965176e-05,-0.02366794137,-0.01866385843,-0.01493437115,-0.02971862525,-0.02435249955,-0.01204871141,0.0001246215046,True,
2015-04-30,2015-04-29,UKX,RealGARCH,RealGARCH11-logRVscaled-studentt,1,0.01012278363,0.0001024707484,-0.02538257978,-0.02001914661,-0.01602183961,-0.03186777178,-0.02611629705,0.002056575964,0.0001386895819,True,
2015-05-01,2015-04-30,UKX,RealGARCH,RealGARCH11-logRVscaled-studentt,1,0.01076760829,0.0001159413883,-0.02701277336,-0.02130768772,-0.01705575093,-0.03391107422,-0.02779322866,0.003642454778,6.679321014e-05,True,
2015-05-05,2015-05-01,UKX,RealGARCH,RealGARCH11-logRVscaled-studentt,1,0.009507273348,9.03882465e-05,-0.02382649646,-0.01878918389,-0.01503493093,-0.02991735993,-0.02451560045,-0.008394699366,0.0001352300192,True,
2015-05-06,2015-05-05,UKX,RealGARCH,RealGARCH11-logRVscaled-studentt,1,0.01034204544,0.0001069579038,-0.02593689976,-0.02045729339,-0.01637340381,-0.0325625625,-0.02668650951,0.0008801623607,,True,
2015-05-07,2015-05-06,UKX,RealGARCH,RealGARCH11-logRVscaled-studentt,1,0.01029834577,0.0001060559257,-0.0258264218,-0.02036996917,-0.0163033358,-0.03242408822,-0.02657286412,-0.006758032817,0.0001436773097,True,RV_imputed_in_recursion
2015-05-08,2015-05-07,UKX,RealGARCH,RealGARCH11-logRVscaled-studentt,1,0.01095470118,0.0001200054778,-0.02748576646,-0.02168155194,-0.01735573551,-0.03450392895,-0.02827978258,0.02293800884,0.0001055528416,True,
2015-05-11,2015-05-08,UKX,RealGARCH,RealGARCH11-logRVscaled-studentt,1,0.01060226838,0.0001124080948,-0.02659477436,-0.02097729205,-0.01679064506,-0.03338714972,-0.02736324553,-0.002401118369,6.953264721e-05,True,
2015-05-12,2015-05-11,UKX,RealGARCH,RealGARCH11-logRVscaled-studentt,1,0.009508622464,9.041390115e-05,-0.02382990719,-0.0187918798,-0.0150370941,-0.02992163497,-0.02451910897,-0.01376449169,0.0001692372399,True,
2015-05-13,2015-05-12,UKX,RealGARCH,RealGARCH11-logRVscaled-studentt,1,0.01085955379,0.0001179299085,-0.02724522253,-0.02149142069,-0.01720317627,-0.03420242856,-0.0280323422,0.002276142722,8.144665318e-05,True,
2015-05-14,2015-05-13,UKX,RealGARCH,RealGARCH11-logRVscaled-studentt,1,0.009973008327,9.946089509e-05,-0.02500392998,-0.01971985341,-0.01578169001,-0.03139316797,-0.02572679126,0.003361430174,8.943015193e-05,True,
2015-05-15,2015-05-14,UKX,RealGARCH,RealGARCH11-logRVscaled-studentt,1,0.009707626292,9.423800823e-05,-0.02433301257,-0.01918954544,-0.01535617667,-0.03055223276,-0.0250366385,-0.001794237392,6.41811063e-05,True,
2015-05-18,2015-05-15,UKX,RealGARCH,RealGARCH11-logRVscaled-studentt,1,0.008898131592,7.917674582e-05,-0.02228651353,-0.01757194727,-0.01405823354,-0.02798712849,-0.02293146585,0.001206068183,0.0001376391223,True,
2015-05-19,2015-05-18,UKX,RealGARCH,RealGARCH11-logRVscaled-studentt,1,0.01000700183,0.0001001400856,-0.0250898696,-0.019787782,-0.01583619516,-0.03150088564,-0.0258151948,0.003752538921,4.955480589e-05,True,
2015-05-20,2015-05-19,UKX,RealGARCH,RealGARCH11-logRVscaled-studentt,1,0.008554897792,7.318627622e-05,-0.02141877759,-0.01688606956,-0.01350789275,-0.02689949877,-0.02203885172,0.001742517022,5.577077021e-05,True,
2015-05-21,2015-05-20,UKX,RealGARCH,RealGARCH11-logRVscaled-studentt,1,0.00804557898,6.473134112e-05,-0.02013115895,-0.01586830727,-0.01269125139,-0.0252855835,-0.02071431675,0.0008844282053,2.974099826e-05,True,
2015-05-22,2015-05-21,UKX,RealGARCH,RealGARCH11-logRVscaled-studentt,1,0.006782916737,4.600795945e-05,-0.01693899836,-0.01334515284,-0.0106666998,-0.02128449452,-0.01743063617,0.002591661911,5.179596716e-05,True,
2015-05-26,2015-05-22,UKX,RealGARCH,RealGARCH11-logRVscaled-studentt,1,0.006959938121,4.844073865e-05,-0.01738652952,-0.01369889137,-0.01095053574,-0.02184543496,-0.01789099815,-0.01183076076,9.73681047e-05,True,
2015-05-27,2015-05-26,UKX,RealGARCH,RealGARCH11-logRVscaled-studentt,1,0.008098206372,6.558094645e-05,-0.02026420727,-0.01597347161,-0.01277563411,-0.02545234771,-0.0208511796,0.01205822041,8.167589607e-05,True,
2015-05-28,2015-05-27,UKX,RealGARCH,RealGARCH11-logRVscaled-studentt,1,0.008478767638,7.188950066e-05,-0.02122631149,-0.01673394009,-0.01338582573,-0.02665825966,-0.02184086757,0.001080004248,5.147932354e-05,True,
2015-05-29,2015-05-28,UKX,RealGARCH,RealGARCH11-logRVscaled-studentt,1,0.007867644535,6.189983052e-05,-0.01968131947,-0.01551274418,-0.01240595145,-0.02472174978,-0.02025158027,-0.008056912355,0.0001627183636,True,
2015-06-01,2015-05-29,UKX,RealGARCH,RealGARCH11-logRVscaled-studentt,1,0.009692107049,9.393693905e-05,-0.02429377808,-0.01915853363,-0.01533129313,-0.03050305582,-0.02499627915,-0.004419551461,0.0001130963294,True,
2015-06-02,2015-06-01,UKX,RealGARCH,RealGARCH11-logRVscaled-studentt,1,0.01005497818,0.0001011025862,-0.02521115953,-0.01988365224,-0.0159131204,-0.03165291176,-0.02593996214,-0.003645080456,0.0001646692011,True,
2015-06-03,2015-06-02,UKX,RealGARCH,RealGARCH11-logRVscaled-studentt,1,0.01113533228,0.0001239956249,-0.0279424234,-0.02204250371,-0.01764535927,-0.03507630776,-0.02874953199,0.003199154717,8.217339561e-05,True,
2015-06-04,2015-06-03,UKX,RealGARCH,RealGARCH11-logRVscaled-studentt,1,0.0101324044,0.0001026656188,-0.02540690223,-0.02003837161,-0.01603726553,-0.0318982578,-0.02614131683,-0.01322275414,0.000135022363,True,
2015-06-05,2015-06-04,UKX,RealGARCH,RealGARCH11-logRVscaled-studentt,1,0.01071073362,0.0001147198147,-0.02686898742,-0.02119403613,-0.01696455814,-0.03373085136,-0.02764532034,-0.007991976821,0.0001000892942,True,
2015-06-08,2015-06-05,UKX,RealGARCH,RealGARCH11-logRVscaled-studentt,1,0.01035025565,0.000107127792,-0.02595765616,-0.02047369971,-0.01638656806,-0.03258857879,-0.026707861,-0.002147926899,0.0001084483415,True,
2015-06-09,2015-06-08,UKX,RealGARCH,RealGARCH11-logRVscaled-studentt,1,0.01033391559,0.0001067898114,-0.02591634654,-0.02044104768,-0.01636036842,-0.03253680087,-0.02666536703,-0.005345661,9.414704435e-05,True,
2015-06-10,2015-06-09,UKX,RealGARCH,RealGARCH11-logRVscaled-studentt,1,0.01001237916,0.0001002477365,-0.02510346413,-0.01979852742,-0.01584481717,-0.03151792517,-0.02582917909,0.01126328736,6.348354949e-05,True,
2015-06-11,2015-06-10,UKX,RealGARCH,RealGARCH11-logRVscaled-studentt,1,0.009030712182,8.155376251e-05,-0.02262169305,-0.01783688059,-0.01427081315,-0.02840724617,-0.02327625505,0.002398244916,9.067490592e-05,True,
2015-06-12,2015-06-11,UKX,RealGARCH,RealGARCH11-logRVscaled-studentt,1,0.009214709438,8.491087003e-05,-0.02308686004,-0.01820455888,-0.0145658342,-0.02899029156,-0.02375475849,-0.00906727251,,True,
2015-06-15,2015-06-12,UKX,RealGARCH,RealGARCH11-logRVscaled-studentt,1,0.009186441238,8.439070262e-05,-0.02301539466,-0.01814807106,-0.01452050899,-0.02890071607,-0.02368124418,-0.01102607649,7.4493236e-05,True,RV_imputed_in_recursion
2015-06-16,2015-06-15,UKX,RealGARCH,RealGARCH11-logRVscaled-studentt,1,0.008913593367,7.945214672e-05,-0.02232560274,-0.01760284424,-0.01408302494,-0.02803612333,-0.02297167576,-5.959524868e-05,0.0001182183359,True,
2015-06-17,2015-06-16,UKX,RealGARCH,RealGARCH11-logRVscaled-studentt,1,0.009690977156,9.391503823e-05,-0.02429092157,-0.01915627578,-0.01532948146,-0.03049947544,-0.02499334074,-0.004406050063,8.563880789e-05,True,
2015-06-18,2015-06-17,UKX,RealGARCH,RealGARCH11-logRVscaled-studentt,1,0.009464688348,8.958032553e-05,-0.02371883651,-0.01870408707,-0.01496665018,-0.02978241777,-0.02440485387,0.004078103124,0.0001054803647,True,
2015-06-19,2015-06-18,UKX,RealGARCH,RealGARCH11-logRVscaled-studentt,1,0.009774066894,9.553238366e-05,-0.02450098233,-0.01932231246,-0.01546270748,-0.0307627679,-0.02520942399,0.0003875421886,0.0001068237821,True,
2015-06-22,2015-06-19,UKX,RealGARCH,RealGARCH11-logRVscaled-studentt,1,0.009977615983,9.95528207e-05,-0.02501557868,-0.01972906081,-0.01578907792,-0.03140776858,-0.02573877394,0.01702146463,7.921383249e-05,True,
2015-06-23,2015-06-22,UKX,RealGARCH,RealGARCH11-logRVscaled-studentt,1,0.009457486221,8.944404562e-05,-0.02370062867,-0.0186896952,-0.01495510229,-0.02975959587,-0.02438612401,0.00134689667,3.116813656e-05,True,
2015-06-24,2015-06-23,UKX,RealGARCH,RealGARCH11-logRVscaled-studentt,1,0.007496052389,5.619080142e-05,-0.01874189026,-0.01477019852,-0.01181014091,-0.02354425893,-0.0192852174,0.001447386264,7.989807171e-05,True,
2015-06-25,2015-06-24,UKX,RealGARCH,RealGARCH11-logRVscaled-studentt,1,0.008083915974,6.534969748e-05,-0.02022807944,-0.01594491537,-0.0127527209,-0.0254070647,-0.02081401597,-0.005420226425,5.68087589e-05,True,
2015-06-26,2015-06-25,UKX,RealGARCH,RealGARCH11-logRVscaled-studentt,1,0.007827824093,6.127483002e-05,-0.01958064865,-0.01543317174,-0.01234210339,-0.02459556787,-0.02014802319,-0.007978453265,6.508001975e-05,True,
2015-06-29,2015-06-26,UKX,RealGARCH,RealGARCH11-logRVscaled-studentt,1,0.007919650796,6.272086873e-05,-0.0198127975,-0.01561666733,-0.01248933825,-0.02488654577,-0.0203868278,-0.01991963593,0.0001165765039,True,
2015-06-30,2015-06-29,UKX,RealGARCH,RealGARCH11-logRVscaled-studentt,1,0.009047623424,8.185948963e-05,-0.02266444669,-0.01787067401,-0.01429792862,-0.02846083405,-0.02332023444,-0.01514315739,0.0001164556515,True,
2015-07-01,2015-06-30,UKX,RealGARCH,RealGARCH11-logRVscaled-studentt,1,0.009739778394,9.486328317e-05,-0.02441429692,-0.01925379439,-0.01540772933,-0.03065411545,-0.02512025329,0.01334410755,0.0001403952197,True,
2015-07-02,2015-07-01,UKX,RealGARCH,RealGARCH11-logRVscaled-studentt,1,0.01056746959,0.0001116714135,-0.02650679887,-0.02090775428,-0.0167348487,-0.03327688028,-0.02727274777,0.003308370178,5.759231665e-05,True,
2015-07-03,2015-07-02,UKX,RealGARCH,RealGARCH11-logRVscaled-studentt,1,0.009110521129,8.300159525e-05,-0.02282345958,-0.01799636132,-0.01439877875,-0.02866014254,-0.02348380627,-0.006764429698,6.144278069e-05,True,
2015-07-06,2015-07-03,UKX,RealGARCH,RealGARCH11-logRVscaled-studentt,1,0.008508911992,7.240158329e-05,-0.02130252001,-0.01679417699,-0.01343415916,-0.02675378025,-0.021919261,-0.00763629973,0.0001488180428,True,
2015-07-07,2015-07-06,UKX,RealGARCH,RealGARCH11-logRVscaled-studentt,1,0.009928581514,9.857673087e-05,-0.0248916137,-0.01963107614,-0.01571045609,-0.03125238952,-0.02561125485,-0.01596283047,7.976176372e-05,True,
2015-07-08,2015-07-07,UKX,RealGARCH,RealGARCH11-logRVscaled-studentt,1,0.009445787591,8.922290321e-05,-0.02367105314,-0.01866631804,-0.01493634472,-0.02972252557,-0.02435570054,0.009053756949,0.0001204033581,True,
2015-07-09,2015-07-08,UKX,RealGARCH,RealGARCH11-logRVscaled-studentt,1,0.01004804537,0.0001009632157,-0.02519363256,-0.01986979854,-0.01590200434,-0.03163094326,-0.02592193266,0.01390747858,6.102869717e-05,True,
2015-07-10,2015-07-09,UKX,RealGARCH,RealGARCH11-logRVscaled-studentt,1,0.008971345941,8.048504799e-05,-0.02247160812,-0.01771825014,-0.01417562537,-0.02821912808,-0.02312186715,0.01385156873,9.992281374e-05,True,
2015-07-13,2015-07-10,UKX,RealGARCH,RealGARCH11-logRVscaled-studentt,1,0.009376846158,8.792524387e-05,-0.02349676099,-0.01852855366,-0.01482580408,-0.02950406588,-0.02417641139,0.00963368449,7.0388614e-05,True,
2015-07-14,2015-07-13,UKX,RealGARCH,RealGARCH11-logRVscaled-studentt,1,0.008905355254,7.93053522e-05,-0.02230477581,-0.01758638218,-0.01406981596,-0.02801001863,-0.02295025171,0.002342135586,3.632778368e-05,True,
2015-07-15,2015-07-14,UKX,RealGARCH,RealGARCH11-logRVscaled-studentt,1,0.007495196567,5.617797158e-05,-0.01873972664,-0.01476848835,-0.01180876869,-0.02354154702,-0.01928299175,0,4.395378873e-05,True,
2015-07-16,2015-07-15,UKX,RealGARCH,RealGARCH11-logRVscaled-studentt,1,0.007098925985,5.039475014e-05,-0.01773790739,-0.01397662823,-0.01117338877,-0.02228585583,-0.01825245011,0.006302493223,3.772703154e-05,True,
2015-07-17,2015-07-16,UKX,RealGARCH,RealGARCH11-logRVscaled-studentt,1,0.006663085667,4.43967106e-05,-0.01663605114,-0.01310569665,-0.01047456276,-0.02090477716,-0.01711900338,-0.003153632524,3.62410184e-05,True,
2015-07-20,2015-07-17,UKX,RealGARCH,RealGARCH11-logRVscaled-studentt,1,0.006376792949,4.066348831e-05,-0.01591226904,-0.01253360324,-0.01001552126,-0.01999758076,-0.01637447028,0.002005352669,3.687827081e-05,True,
2015-07-21,2015-07-20,UKX,RealGARCH,RealGARCH11-logRVscaled-studentt,1,0.006246777486,3.902222896e-05,-0.01558357446,-0.01227379577,-0.00980705457,-0.01958559138,-0.01603635195,-0.002891340812,3.064124167e-05,True,
2015-07-22,2015-07-21,UKX,RealGARCH,RealGARCH11-logRVscaled-studentt,1,0.005932013726,3.518878684e-05,-0.01478781418,-0.01164480921,-0.009302362618,-0.01858817674,-0.01521777703,-0.015153202,7.420591879e-05,True,
2015-07-23,2015-07-22,UKX,RealGARCH,RealGARCH11-logRVscaled-studentt,1,0.006985710689,4.880015384e-05,-0.01745168564,-0.01375039222,-0.01099185946,-0.02192710235,-0.01795802231,-0.001846499279,4.081204821e-05,True,
2015-07-24,2015-07-23,UKX,RealGARCH,RealGARCH11-logRVscaled-studentt,1,0.006717634908,4.512661876e-05,-0.01677395813,-0.01321470138,-0.01056202697,-0.02107763128,-0.01726086419,-0.01136413174,5.57828179e-05,True,
2015-07-27,2015-07-24,UKX,RealGARCH,RealGARCH11-logRVscaled-studentt,1,0.007035120312,4.949291781e-05,-0.01757659905,-0.01384912655,-0.0110710828,-0.02208367019,-0.01808651702,-0.0114178204,9.530625935e-05,True,
2015-07-28,2015-07-27,UKX,RealGARCH,RealGARCH11-logRVscaled-studentt,1,0.008108863359,6.575366498e-05,-0.0202911494,-0.01599476727,-0.01279272151,-0.02548611728,-0.02087889416,0.00768735331,7.597253274e-05,True,
2015-07-29,2015-07-28,UKX,RealGARCH,RealGARCH11-logRVscaled-studentt,1,0.008352531717,6.976478609e-05,-0.02090717204,-0.0164816852,-0.01318341916,-0.02625824679,-0.02151257832,0.01148176937,6.026522982e-05,True,
2015-07-30,2015-07-29,UKX,RealGARCH,RealGARCH11-logRVscaled-studentt,1,0.008074186669,6.519249037e-05,-0.0202034826,-0.01592547348,-0.01273712094,-0.02537623475,-0.02078871393,0.005699291704,8.93225623e-05,True,
2015-07-31,2015-07-30,UKX,RealGARCH,RealGARCH11-logRVscaled-studentt,1,0.008631032481,7.449472169e-05,-0.02161125515,-0.01703820809,-0.01362996705,-0.02714075226,-0.02223684766,0.00410019184,6.490073186e-05,True,
2015-08-03,2015-07-31,UKX,RealGARCH,RealGARCH11-logRVscaled-studentt,1,0.008356081248,6.982409382e-05,-0.02091614568,-0.01648877817,-0.01318911047,-0.02626949444,-0.02152180923,-0.001150506601,9.973401789e-05,True,
2015-08-04,2015-08-03,UKX,RealGARCH,RealGARCH11-logRVscaled-studentt,1,0.00901040667,8.118742837e-05,-0.0225703583,-0.01779630446,-0.01423825531,-0.02834290263,-0.02322344852,-0.0002990609465,0.0001102539244,True,
2015-08-05,2015-08-04,UKX,RealGARCH,RealGARCH11-logRVscaled-studentt,1,0.009602630565,9.221051376e-05,-0.02406757087,-0.01897973444,-0.01518782661,-0.03021952523,-0.02476358652,0.009792444349,7.826875673e-05,True,
2015-08-06,2015-08-05,UKX,RealGARCH,RealGARCH11-logRVscaled-studentt,1,0.009234312796,8.527253281e-05,-0.02313641966,-0.0182437319,-0.01459726621,-0.02905241013,-0.02380573899,-0.0007851852694,6.233443001e-05,True,
2015-08-07,2015-08-06,UKX,RealGARCH,RealGARCH11-logRVscaled-studentt,1,0.008599805641,7.395665706e-05,-0.02153230998,-0.01697580808,-0.01357989796,-0.02704180151,-0.02215563911,-0.004247882129,5.197548552e-05,True,
2015-08-10,2015-08-07,UKX,RealGARCH,RealGARCH11-logRVscaled-studentt,1,0.007946363047,6.314468567e-05,-0.01988032925,-0.01567004592,-0.01253216865,-0.02497119081,-0.0204562957,0.002631081325,0.0001063307554,True,
2015-08-11,2015-08-10,UKX,RealGARCH,RealGARCH11-logRVscaled-studentt,1,0.008885143192,7.894576954e-05,-0.0222536773,-0.01754599279,-0.01403740795,-0.02794597121,-0.0228976882,-0.0107010646,7.411535925e-05,True,
2015-08-12,2015-08-11,UKX,RealGARCH,RealGARCH11-logRVscaled-studentt,1,0.00874038258,7.639428764e-05,-0.02188770523,-0.01725672036,-0.01380529891,-0.02748725781,-0.02252122362,-0.01409843817,0.0002017869351,True,
2015-08-13,2015-08-12,UKX,RealGARCH,RealGARCH11-logRVscaled-studentt,1,0.01076705886,0.0001159295566,-0.02701138434,-0.0213065898,-0.01705486998,-0.03390933321,-0.02779179981,-0.0004414764713,0.0001303787715,True,
2015-08-14,2015-08-13,UKX,RealGARCH,RealGARCH11-logRVscaled-studentt,1,0.0109943053,0.0001208747491,-0.02758589041,-0.02176069213,-0.01741923673,-0.03462942541,-0.02838277711,-0.00268307349,,True,
2015-08-17,2015-08-14,UKX,RealGARCH,RealGARCH11-logRVscaled-studentt,1,0.0109411108,0.0001197079056,-0.02745140837,-0.02165439455,-0.01733394471,-0.03446086415,-0.02824443944,-6.112357837e-05,0.0001151640473,True,RV_imputed_in_recursion
2015-08-18,2015-08-17,UKX,RealGARCH,RealGARCH11-logRVscaled-studentt,1,0.01079752179,0.0001165864769,-0.02708839826,-0.02136746331,-0.01710371422,-0.0340058633,-0.02787102174,-0.003670683154,9.657008147e-05,True,
2015-08-19,2015-08-18,UKX,RealGARCH,RealGARCH11-logRVscaled-studentt,1,0.01031618688,0.0001064237118,-0.02587152625,-0.02040562073,-0.01633194222,-0.03248062263,-0.02661926173,-0.01899542132,0.0001019202885,True,
2015-08-20,2015-08-19,UKX,RealGARCH,RealGARCH11-logRVscaled-studentt,1,0.0101767829,0.0001035669101,-0.02551909636,-0.02012705234,-0.01610842198,-0.03203888315,-0.0262567276,-0.005574986372,0.0001069170675,True,
2015-08-21,2015-08-20,UKX,RealGARCH,RealGARCH11-logRVscaled-studentt,1,0.01020578824,0.0001041581136,-0.02559242532,-0.02018501317,-0.01615492913,-0.03213079447,-0.02633215891,-0.02870624739,0.0001575125089,True,
2015-08-24,2015-08-21,UKX,RealGARCH,RealGARCH11-logRVscaled-studentt,1,0.01111987452,0.0001236516093,-0.02790334435,-0.02201161475,-0.01762057431,-0.03502732564,-0.02870933253,-0.04779760588,0.001779075576,True,
2015-08-25,2015-08-24,UKX,RealGARCH,RealGARCH11-logRVscaled-studentt,1,0.01975113297,0.0003901072536,-0.04972419405,-0.03925929767,-0.03145992695,-0.06237781722,-0.05115579111,0.03045258061,0.0004665806987,True,
2015-08-26,2015-08-25,UKX,RealGARCH,RealGARCH11-logRVscaled-studentt,1,0.02031509254,0.000412702985,-0.05114995103,-0.04038624757,-0.03236417926,-0.06416487661,-0.05262242489,-0.01693164448,0.0004680852701,True,
2015-08-27,2015-08-26,UKX,RealGARCH,RealGARCH11-logRVscaled-studentt,1,0.02064962903,0.000426407179,-0.05199569913,-0.04105474559,-0.03290057478,-0.06522494652,-0.05349242078,0.03497132393,0.0001734202929,True,
2015-08-28,2015-08-27,UKX,RealGARCH,RealGARCH11-logRVscaled-studentt,1,0.01679345854,0.0002820202499,-0.04224684072,-0.03334903198,-0.02671759423,-0.05300562081,-0.04346406031,0.008987255315,0.0001600996791,True,
2015-09-01,2015-08-28,UKX,RealGARCH,RealGARCH11-logRVscaled-studentt,1,0.01471453014,0.0002165173973,-0.03699106203,-0.0291947481,-0.02338424215,-0.04641797034,-0.03805759721,-0.03078314691,0.0003008654005,True,
2015-09-02,2015-09-01,UKX,RealGARCH,RealGARCH11-logRVscaled-studentt,1,0.01568250266,0.0002459408898,-0.03943821189,-0.03112902954,-0.02493628849,-0.04948525473,-0.04057490743,0.004085035149,0.0003210356355,True,
2015-09-03,2015-09-02,UKX,RealGARCH,RealGARCH11-logRVscaled-studentt,1,0.01647798896,0.0002715241202,-0.04144929603,-0.03271863499,-0.02621177056,-0.05200596957,-0.04264364982,0.01804996206,0.0001414103958,True,
2015-09-04,2015-09-03,UKX,RealGARCH,RealGARCH11-logRVscaled-studentt,1,0.01417286814,0.0002008701912,-0.03562167595,-0.028112355,-0.02251574174,-0.04470156685,-0.0366489505,-0.02471322895,0.0001723879333,True,
2015-09-07,2015-09-04,UKX,RealGARCH,RealGARCH11-logRVscaled-studentt,1,0.01360847704,0.0001851906472,-0.034194828,-0.02698454278,-0.02161079752,-0.04291314004,-0.0351811945,0.00521566836,7.395119686e-05,True,
2015-09-08,2015-09-07,UKX,RealGARCH,RealGARCH11-logRVscaled-studentt,1,0.0110696318,0.0001225367481,-0.02777632476,-0.02191121566,-0.01754001517,-0.0348681179,-0.02857867126,0.01171806895,9.077435566e-05,True,
2015-09-09,2015-09-08,UKX,RealGARCH,RealGARCH11-logRVscaled-studentt,1,0.01032001368,0.0001065026823,-0.02588120085,-0.02041326774,-0.0163380781,-0.03249274887,-0.0266292137,0.01339805601,8.324693423e-05,True,
2015-09-10,2015-09-09,UKX,RealGARCH,RealGARCH11-logRVscaled-studentt,1,0.009740914413,9.48854136e-05,-0.02441716891,-0.01925606447,-0.01540955082,-0.03065771524,-0.02512320762,-0.01182111113,0.000153810184,True,
2015-09-11,2015-09-10,UKX,RealGARCH,RealGARCH11-logRVscaled-studentt,1,0.01077982921,0.0001162047178,-0.02704366929,-0.02133210855,-0.01707534594,-0.03394979952,-0.02782501038,-0.006192172244,0.0001137703633,True,
2015-09-14,2015-09-11,UKX,RealGARCH,RealGARCH11-logRVscaled-studentt,1,0.01068054768,0.0001140740988,-0.02679267376,-0.02113371612,-0.01691615802,-0.03363519899,-0.02756681875,-0.005441517928,0.0001563365801,True,
2015-09-15,2015-09-14,UKX,RealGARCH,RealGARCH11-logRVscaled-studentt,1,0.01138566088,0.0001296332737,-0.02857528393,-0.02254273068,-0.01804673594,-0.03586954206,-0.02940053678,0.008672797264,0.000153031994,True,
2015-09-16,2015-09-15,UKX,RealGARCH,RealGARCH11-logRVscaled-studentt,1,0.01174247967,0.0001378858288,-0.02947736435,-0.02325575503,-0.0186188589,-0.03700021952,-0.03032848005,0.01481414271,0.0001257686172,True,
2015-09-17,2015-09-16,UKX,RealGARCH,RealGARCH11-logRVscaled-studentt,1,0.01144681026,0.0001310294651,-0.02872987685,-0.02266492435,-0.0181447828,-0.03606331052,-0.02955956191,-0.006797628394,7.52153968e-05,True,
2015-09-18,2015-09-17,UKX,RealGARCH,RealGARCH11-logRVscaled-studentt,1,0.01009289196,0.0001018664682,-0.02530701009,-0.01995941465,-0.01597391133,-0.0317730519,-0.02603856076,-0.01348962395,0.0002571191893,True,
2015-09-21,2015-09-18,UKX,RealGARCH,RealGARCH11-logRVscaled-studentt,1,0.01229322523,0.0001511233867,-0.03086971475,-0.02435629962,-0.01950192387,-0.03874540673,-0.03176074947,0.0007533239072,0.0001155419443,True,
2015-09-22,2015-09-21,UKX,RealGARCH,RealGARCH11-logRVscaled-studentt,1,0.01152747436,0.0001328826652,-0.02893380532,-0.02282611393,-0.01827411956,-0.03631891669,-0.02976933706,-0.02871223679,0.000202077213,True,
2015-09-23,2015-09-22,UKX,RealGARCH,RealGARCH11-logRVscaled-studentt,1,0.0125597933,0.0001577484077,-0.03154363057,-0.02488897761,-0.01992933888,-0.03959010019,-0.03245398661,0.01611003926,0.0002135919051,True,
2015-09-24,2015-09-23,UKX,RealGARCH,RealGARCH11-logRVscaled-studentt,1,0.01333204785,0.0001777434998,-0.03349598208,-0.02643215949,-0.02116757119,-0.04203719892,-0.0344623125,-0.01178969172,0.0001729595852,True,
2015-09-25,2015-09-24,UKX,RealGARCH,RealGARCH11-logRVscaled-studentt,1,0.01316353643,0.0001732786913,-0.03306996514,-0.02609542626,-0.02089738012,-0.04150322462,-0.03402408155,0.0244409664,0.000106704731,True,
2015-09-28,2015-09-25,UKX,RealGARCH,RealGARCH11-logRVscaled-studentt,1,0.01176849631,0.0001384975054,-0.02954313752,-0.02330774359,-0.01866057396,-0.03708266033,-0.03039613895,-0.02487720983,0.0001480240043,True,
2015-09-29,2015-09-28,UKX,RealGARCH,RealGARCH11-logRVscaled-studentt,1,0.01187395262,0.0001409907507,-0.02980974362,-0.02351847496,-0.0188296625,-0.03741682733,-0.03067038871,-0.008375392374,0.0001957233866,True,
2015-09-30,2015-09-29,UKX,RealGARCH,RealGARCH11-logRVscaled-studentt,1,0.01267970664,0.0001607749604,-0.03184678578,-0.02512859821,-0.02012160783,-0.03997007825,-0.03276583335,0.02546331634,0.0001030052149,True,
2015-10-01,2015-09-30,UKX,RealGARCH,RealGARCH11-logRVscaled-studentt,1,0.01143825107,0.0001308335876,-0.0287082382,-0.02264782068,-0.01813105901,-0.0360361884,-0.02953730288,0.001796574092,0.0001939766681,True,
2015-10-02,2015-10-01,UKX,RealGARCH,RealGARCH11-logRVscaled-studentt,1,0.01239502466,0.0001536366363,-0.03112707583,-0.02455972352,-0.01966514899,-0.03906798592,-0.03202548915,0.009424368054,0.0003430754207,True,
2015-10-05,2015-10-02,UKX,RealGARCH,RealGARCH11-logRVscaled-studentt,1,0.01467021071,0.0002152150823,-0.03687901723,-0.0291061854,-0.02331318042,-0.04627753217,-0.03794234006,0.02718024947,7.527709789e-05,True,
2015-10-06,2015-10-05,UKX,RealGARCH,RealGARCH11-logRVscaled-studentt,1,0.0115858572,0.0001342320871,-0.02908140409,-0.02294277927,-0.01836773056,-0.0365039186,-0.02992116752,0.004324771343,8.588772873e-05,True,
2015-10-07,2015-10-06,UKX,RealGARCH,RealGARCH11-logRVscaled-studentt,1,0.01045803373,0.0001093704694,-0.02623013197,-0.02068907063,-0.01655937933,-0.03293010296,-0.02698814876,0.001610997604,0.0001210034948,True,
2015-10-08,2015-10-07,UKX,RealGARCH,RealGARCH11-logRVscaled-studentt,1,0.01064392749,0.0001132931924,-0.02670009355,-0.02106053867,-0.01685744124,-0.03351915794,-0.02747158425,0.006041919048,0.0001282687137,True,
2015-10-09,2015-10-08,UKX,RealGARCH,RealGARCH11-logRVscaled-studentt,1,0.01088564149,0.0001184971908,-0.02731117536,-0.02154355127,-0.01724500527,-0.03428509455,-0.02810018591,0.006473385126,6.314832472e-05,True,
2015-10-12,2015-10-09,UKX,RealGARCH,RealGARCH11-logRVscaled-studentt,1,0.009449072612,8.928497322e-05,-0.02367935807,-0.01867288244,-0.01494161192,-0.02973293506,-0.02436424357,-0.007038207046,7.526631714e-05,True,
2015-10-13,2015-10-12,UKX,RealGARCH,RealGARCH11-logRVscaled-studentt,1,0.009074552042,8.234749476e-05,-0.02273252544,-0.01792448496,-0.01434110595,-0.0285461647,-0.02339026503,-0.004546417553,0.0001042642663,True,
2015-10-14,2015-10-13,UKX,RealGARCH,RealGARCH11-logRVscaled-studentt,1,0.009524217104,9.071071144e-05,-0.02386933229,-0.01882304228,-0.01506209853,-0.02997105083,-0.0245596644,-0.01152887555,8.715147748e-05,True,
2015-10-15,2015-10-14,UKX,RealGARCH,RealGARCH11-logRVscaled-studentt,1,0.009409634528,8.854122195e-05,-0.02357965389,-0.01859407405,-0.01487837693,-0.02960796475,-0.02426168085,0.01096115848,8.061824755e-05,True,
2015-10-16,2015-10-15,UKX,RealGARCH,RealGARCH11-logRVscaled-studentt,1,0.009189662795,8.444990228e-05,-0.02302353914,-0.01815450864,-0.01452567443,-0.02891092445,-0.02368962216,0.006180837719,6.947812137e-05,True,
2015-10-19,2015-10-16,UKX,RealGARCH,RealGARCH11-logRVscaled-studentt,1,0.008781314992,7.7111493e-05,-0.02199118725,-0.01733851483,-0.01387092991,-0.0276169633,-0.02262767249,-0.004037647237,7.490522171e-05,True,
2015-10-20,2015-10-19,UKX,RealGARCH,RealGARCH11-logRVscaled-studentt,1,0.008703544721,7.575169071e-05,-0.02179457473,-0.01718310795,-0.01374623312,-0.02737052702,-0.02242542306,-0.001134044423,6.914335416e-05,True,
2015-10-21,2015-10-20,UKX,RealGARCH,RealGARCH11-logRVscaled-studentt,1,0.008511314142,7.244246842e-05,-0.02130859293,-0.01679897716,-0.01343801077,-0.02676139212,-0.02192550804,0.0005199202859,8.70874179e-05,True,
2015-10-22,2015-10-21,UKX,RealGARCH,RealGARCH11-logRVscaled-studentt,1,0.008838658038,7.812187592e-05,-0.0221361573,-0.01745310237,-0.0139628737,-0.02779867035,-0.02277679887,0.004385164028,7.816315624e-05,True,
2015-10-23,2015-10-22,UKX,RealGARCH,RealGARCH11-logRVscaled-studentt,1,0.008816252461,7.772630745e-05,-0.02207951333,-0.01740832972,-0.01392694861,-0.02772767217,-0.02271853091,0.01057703747,0.000159119992,True,
2015-10-26,2015-10-23,UKX,RealGARCH,RealGARCH11-logRVscaled-studentt,1,0.01027452084,0.0001055657785,-0.02576618953,-0.02032236025,-0.01626513492,-0.03234859243,-0.02651090498,-0.004214279945,5.951596541e-05,True,
2015-10-27,2015-10-26,UKX,RealGARCH,RealGARCH11-logRVscaled-studentt,1,0.009033667413,8.160714693e-05,-0.02262916423,-0.01784278597,-0.01427555157,-0.02841661062,-0.02328394043,-0.008089385747,5.048440756e-05,True,
2015-10-28,2015-10-27,UKX,RealGARCH,RealGARCH11-logRVscaled-studentt,1,0.008115049596,6.585402995e-05,-0.02030678895,-0.01600712911,-0.01280264052,-0.02550572005,-0.0208949821,0.01132550353,5.706639024e-05,True,
2015-10-29,2015-10-28,UKX,RealGARCH,RealGARCH11-logRVscaled-studentt,1,0.00785226812,6.165811463e-05,-0.01964244607,-0.01548201778,-0.01238129692,-0.02467302542,-0.02021159235,-0.006545342105,8.2234147e-05,True,
2015-10-30,2015-10-29,UKX,RealGARCH,RealGARCH11-logRVscaled-studentt,1,0.008347145984,6.967484608e-05,-0.02089355627,-0.016470923,-0.01317478368,-0.02624118063,-0.02149857218,-0.005440160673,6.067912319e-05,True,
2015-11-02,2015-10-30,UKX,RealGARCH,RealGARCH11-logRVscaled-studentt,1,0.008083309206,6.533988771e-05,-0.02022654546,-0.01594370288,-0.01275174801,-0.02540514198,-0.02081243801,0.0001099917481,7.306431964e-05,True,
2015-11-03,2015-11-02,UKX,RealGARCH,RealGARCH11-logRVscaled-studentt,1,0.008267480603,6.835123552e-05,-0.02069215269,-0.01631172915,-0.01304704827,-0.02598873918,-0.02129139431,0.003420891369,4.343988034e-05,True,
2015-11-04,2015-11-03,UKX,RealGARCH,RealGARCH11-logRVscaled-studentt,1,0.007477100289,5.590702873e-05,-0.01869397709,-0.0147323269,-0.01177975313,-0.02348420404,-0.01923593055,0.004579354543,7.214414114e-05,True,
2015-11-05,2015-11-04,UKX,RealGARCH,RealGARCH11-logRVscaled-studentt,1,0.007895445299,6.233805646e-05,-0.01975160312,-0.01556829793,-0.01245052717,-0.02480984406,-0.02032387896,-0.007513065867,8.936542498e-05,True,
2015-11-06,2015-11-05,UKX,RealGARCH,RealGARCH11-logRVscaled-studentt,1,0.008525292058,7.268060468e-05,-0.02134393077,-0.01682690898,-0.01346042295,-0.02680568495,-0.02196185902,-0.001745477144,0.0001347233184,True,
2015-11-09,2015-11-06,UKX,RealGARCH,RealGARCH11-logRVscaled-studentt,1,0.009726582529,9.460640769e-05,-0.0243809362,-0.01922742534,-0.01538657109,-0.03061230076,-0.02508593611,-0.009265559212,8.436346449e-05,True,
2015-11-10,2015-11-09,UKX,RealGARCH,RealGARCH11-logRVscaled-studentt,1,0.009453109632,8.936128171e-05,-0.02368956413,-0.01868094954,-0.01494808487,-0.02974572745,-0.02437474225,-0.003166207649,8.134369576e-05,True,
2015-11-11,2015-11-10,UKX,RealGARCH,RealGARCH11-logRVscaled-studentt,1,0.009231169637,8.521449286e-05,-0.02312847338,-0.01823745098,-0.01459222647,-0.02904245017,-0.02379756489,0.003483859559,5.659307833e-05,True,
2015-11-12,2015-11-11,UKX,RealGARCH,RealGARCH11-logRVscaled-studentt,1,0.008419514196,7.08882193e-05,-0.02107651173,-0.01661553504,-0.01329081881,-0.026470499,-0.02168677301,-0.01899719621,0.0001432945426,True,
2015-11-13,2015-11-12,UKX,RealGARCH,RealGARCH11-logRVscaled-studentt,1,0.009789723823,9.583869254e-05,-0.02454056491,-0.01935359941,-0.01548781179,-0.03081238114,-0.02525014142,-0.009823676627,0.0001271352995,True,
2015-11-16,2015-11-13,UKX,RealGARCH,RealGARCH11-logRVscaled-studentt,1,0.01037149409,0.0001075678897,-0.02601134947,-0.0205161401,-0.01642062176,-0.03265587858,-0.02676309371,0.00458228034,0.0001133553506,True,
2015-11-17,2015-11-16,UKX,RealGARCH,RealGARCH11-logRVscaled-studentt,1,0.01044565903,0.0001091117927,-0.02619884728,-0.02066434252,-0.01653953776,-0.03289089038,-0.02695596713,0.01971838903,8.010822074e-05,True,
2015-11-18,2015-11-17,UKX,RealGARCH,RealGARCH11-logRVscaled-studentt,1,0.009725030105,9.457621055e-05,-0.02437701149,-0.01922432316,-0.01538408193,-0.03060738148,-0.02508189888,0.00162581447,6.027115329e-05,True,
2015-11-19,2015-11-18,UKX,RealGARCH,RealGARCH11-logRVscaled-studentt,1,0.008786150413,7.719643908e-05,-0.02200341177,-0.01734817736,-0.01387868302,-0.02763228564,-0.02264024749,0.008073690629,6.779815602e-05,True,
2015-11-20,2015-11-19,UKX,RealGARCH,RealGARCH11-logRVscaled-studentt,1,0.008519625382,7.258401665e-05,-0.02132960473,-0.01681558536,-0.013451337,-0.02678772854,-0.02194712226,0.0007422632107,6.463264841e-05,True,
2015-11-23,2015-11-20,UKX,RealGARCH,RealGARCH11-logRVscaled-studentt,1,0.00828855513,6.870014614e-05,-0.02074543161,-0.01635384198,-0.01308083915,-0.02605551956,-0.02134620075,-0.004604417558,8.614983754e-05,True,
2015-11-24,2015-11-23,UKX,RealGARCH,RealGARCH11-logRVscaled-studentt,1,0.008688981317,7.549839632e-05,-0.02175775671,-0.01715400617,-0.01372288217,-0.02732437892,-0.02238754945,-0.004498216167,9.186173094e-05,True,
2015-11-25,2015-11-24,UKX,RealGARCH,RealGARCH11-logRVscaled-studentt,1,0.009044942806,8.181099036e-05,-0.02265766977,-0.01786531738,-0.01429363052,-0.02845233978,-0.02331326323,0.009576111102,6.66461064e-05,True,
2015-11-26,2015-11-25,UKX,RealGARCH,RealGARCH11-logRVscaled-studentt,1,0.008625888656,7.44059551e-05,-0.02159825095,-0.01702792928,-0.01362171945,-0.02712445265,-0.02222347062,0.008719135751,2.783773923e-05,True,
2015-11-27,2015-11-26,UKX,RealGARCH,RealGARCH11-logRVscaled-studentt,1,0.006949778315,4.829941863e-05,-0.01736084432,-0.01367858922,-0.01093424552,-0.02181324085,-0.01786457654,-0.002803805411,3.79636353e-05,True,
2015-11-30,2015-11-27,UKX,RealGARCH,RealGARCH11-logRVscaled-studentt,1,0.006593933809,4.347996308e-05,-0.01646122701,-0.01296751178,-0.01036368473,-0.02068565068,-0.016939167,-0.003000496554,6.166339968e-05,True,
2015-12-01,2015-11-30,UKX,RealGARCH,RealGARCH11-logRVscaled-studentt,1,0.007116201372,5.064032196e-05,-0.01778158163,-0.01401114932,-0.01120108811,-0.0223405976,-0.0182973765,0.006210922911,7.101064209e-05,True,
2015-12-02,2015-12-01,UKX,RealGARCH,RealGARCH11-logRVscaled-studentt,1,0.007655107776,5.860067506e-05,-0.01914400123,-0.01508803594,-0.01206517019,-0.02404826921,-0.01969885698,0.003932359484,3.884927111e-05,True,
2015-12-03,2015-12-02,UKX,RealGARCH,RealGARCH11-logRVscaled-studentt,1,0.006992506902,4.889515278e-05,-0.01746886727,-0.01376397296,-0.0110027565,-0.021948638,-0.01797569655,-0.02298479451,0.0002698222157,True,
2015-12-04,2015-12-03,UKX,RealGARCH,RealGARCH11-logRVscaled-studentt,1,0.01013237034,0.0001026649288,-0.02540681614,-0.02003830356,-0.01603721094,-0.0318981499,-0.02614122827,-0.00586580691,0.0001272565571,True,
2015-12-07,2015-12-04,UKX,RealGARCH,RealGARCH11-logRVscaled-studentt,1,0.01057372218,0.0001118036008,-0.02652260618,-0.02092024872,-0.01674487411,-0.03329669332,-0.02728900827,-0.002375228649,6.756969133e-05,True,
2015-12-08,2015-12-07,UKX,RealGARCH,RealGARCH11-logRVscaled-studentt,1,0.009435495344,8.902857238e-05,-0.02364503311,-0.01864575124,-0.01491984214,-0.02968991179,-0.02432893451,-0.01428974021,0.0001219828442,True,
2015-12-09,2015-12-08,UKX,RealGARCH,RealGARCH11-logRVscaled-studentt,1,0.0100704458,0.0001014138786,-0.02525026351,-0.0199145609,-0.01593792117,-0.03170192512,-0.02598018724,-0.001386408483,0.0001284578829,True,
2015-12-10,2015-12-09,UKX,RealGARCH,RealGARCH11-logRVscaled-studentt,1,0.01055932708,0.0001114993884,-0.02648621364,-0.02089148326,-0.01672179302,-0.03325107853,-0.02725157235,-0.006320238492,0.0001083438031,True,
2015-12-11,2015-12-10,UKX,RealGARCH,RealGARCH11-logRVscaled-studentt,1,0.01044712538,0.0001091424288,-0.02620255438,-0.02066727269,-0.0165418889,-0.0328955369,-0.02695978051,-0.02247439793,0.0001191735204,True,
2015-12-14,2015-12-11,UKX,RealGARCH,RealGARCH11-logRVscaled-studentt,1,0.01060259108,0.0001124149376,-0.02659559018,-0.02097793689,-0.01679116247,-0.03338817227,-0.02736408474,-0.01330879085,0.0002441986153,True,
2015-12-15,2015-12-14,UKX,RealGARCH,RealGARCH11-logRVscaled-studentt,1,0.01249342244,0.0001560856043,-0.03137583714,-0.02475634997,-0.01982291991,-0.03937978607,-0.0322813825,0.02416883813,0.0001116001649,True,
2015-12-16,2015-12-15,UKX,RealGARCH,RealGARCH11-logRVscaled-studentt,1,0.01154393803,0.0001332625052,-0.02897542743,-0.02285901297,-0.01830051739,-0.0363710863,-0.02981215248,0.007186120832,6.482707946e-05,True,
2015-12-17,2015-12-16,UKX,RealGARCH,RealGARCH11-logRVscaled-studentt,1,0.009818059309,9.63942886e-05,-0.0246122004,-0.01941022168,-0.01553324488,-0.03090216984,-0.02532383071,0.006790690833,9.416520599e-05,True,
2015-12-18,2015-12-17,UKX,RealGARCH,RealGARCH11-logRVscaled-studentt,1,0.009732085577,9.471348968e-05,-0.02439484856,-0.01923842197,-0.01539539467,-0.03062973867,-0.02510024734,-0.008243651882,0.0001703334679,True,
2015-12-21,2015-12-18,UKX,RealGARCH,RealGARCH11-logRVscaled-studentt,1,0.01101598746,0.0001213519797,-0.02764070548,-0.02180401918,-0.01745400188,-0.03469813122,-0.02843916374,-0.002912189732,0.0001040559046,True,
2015-12-22,2015-12-21,UKX,RealGARCH,RealGARCH11-logRVscaled-studentt,1,0.01060220507,0.0001124067523,-0.0265946143,-0.02097716554,-0.01679054354,-0.03338694909,-0.02736308088,0.007971768899,0.0001128726692,True,
2015-12-23,2015-12-22,UKX,RealGARCH,RealGARCH11-logRVscaled-studentt,1,0.01056425764,0.0001116035395,-0.02649867869,-0.0209013359,-0.01672969867,-0.03326670234,-0.02726439477,0.02562597538,8.255166804e-05,True,
2015-12-24,2015-12-23,UKX,RealGARCH,RealGARCH11-logRVscaled-studentt,1,0.009850297985,9.70283704e-05,-0.02469370361,-0.01947464363,-0.01558493635,-0.03100432686,-0.02540767064,0.00217678275,,True,
2015-12-29,2015-12-24,UKX,RealGARCH,RealGARCH11-logRVscaled-studentt,1,0.009813487962,9.630454598e-05,-0.02460064349,-0.01940108684,-0.01552591519,-0.03088768428,-0.02531194246,0.009547219363,5.036767646e-05,True,RV_imputed_in_recursion
2015-12-30,2015-12-29,UKX,RealGARCH,RealGARCH11-logRVscaled-studentt,1,0.008492608072,7.212439187e-05,-0.02126130176,-0.01676159717,-0.01340801747,-0.02670211684,-0.02187686102,-0.006434364009,5.458419804e-05,True,
2015-12-31,2015-12-30,UKX,RealGARCH,RealGARCH11-logRVscaled-studentt,1,0.007975634803,6.361075051e-05,-0.01995433174,-0.01572853913,-0.01257910296,-0.02506394634,-0.02053241986,-0.005081391082,,True,
2016-01-04,2015-12-31,UKX,RealGARCH,RealGARCH11-logRVscaled-studentt,1,0.007962735844,6.340516213e-05,-0.01992172163,-0.01570276338,-0.01255842078,-0.02502307247,-0.02049887482,-0.02414247084,0.0002412517475,True,RV_imputed_in_recursion
2016-01-05,2016-01-04,UKX,RealGARCH,RealGARCH11-logRVscaled-studentt,1,0.01062878369,0.0001129710427,-0.02666180822,-0.0210302771,-0.01683315968,-0.03347117068,-0.02743220127,0.007162441728,0.0001710015582,True,
2016-01-06,2016-01-05,UKX,RealGARCH,RealGARCH11-logRVscaled-studentt,1,0.01157840285,0.0001340594126,-0.0290625586,-0.02292788337,-0.01835577826,-0.03648029746,-0.02990178172,-0.01045007995,0.0001373996551,True,
2016-01-07,2016-01-06,UKX,RealGARCH,RealGARCH11-logRVscaled-studentt,1,0.01157813678,0.0001340532514,-0.02906188595,-0.0229273517,-0.01835535165,-0.03647945436,-0.02990108979,-0.01983848957,0.0002650840114,True,
2016-01-08,2016-01-07,UKX,RealGARCH,RealGARCH11-logRVscaled-studentt,1,0.01335531146,0.0001783643442,-0.03355479526,-0.02647864673,-0.02120487205,-0.04211091601,-0.03452281187,-0.007028250563,0.0002143983745,True,
2016-01-11,2016-01-08,UKX,RealGARCH,RealGARCH11-logRVscaled-studentt,1,0.01380585716,0.0001906016919,-0.03469382847,-0.02737896381,-0.02192727665,-0.04353859268,-0.03569450143,-0.006890626203,0.0001747195844,True,
2016-01-12,2016-01-11,UKX,RealGARCH,RealGARCH11-logRVscaled-studentt,1,0.01345086268,0.0001809257068,-0.03379636013,-0.02666958495,-0.02135807879,-0.04241369605,-0.03477130246,0.009728131969,0.0001481607878,True,
2016-01-13,2016-01-12,UKX,RealGARCH,RealGARCH11-logRVscaled-studentt,1,0.01279105513,0.0001636110914,-0.03212828805,-0.02535110383,-0.02030014392,-0.04032291626,-0.03305540635,0.005348922692,0.0001794761993,True,
2016-01-14,2016-01-13,UKX,RealGARCH,RealGARCH11-logRVscaled-studentt,1,0.01296799729,0.0001681689538,-0.0325756189,-0.02570468405,-0.02058385283,-0.04088360565,-0.03351556229,-0.007205870681,0.0003014776503,True,
2016-01-15,2016-01-14,UKX,RealGARCH,RealGARCH11-logRVscaled-studentt,1,0.01462634136,0.0002139298616,-0.03676811029,-0.0290185221,-0.02324284034,-0.04613852019,-0.03782825339,-0.0194678003,0.0002592753265,True,
2016-01-18,2016-01-15,UKX,RealGARCH,RealGARCH11-logRVscaled-studentt,1,0.01513299077,0.0002290074097,-0.03804898036,-0.03003095017,-0.02405520158,-0.04774397674,-0.03914584631,-0.004178216714,0.0002121865291,True,
2016-01-19,2016-01-18,UKX,RealGARCH,RealGARCH11-logRVscaled-studentt,1,0.01476459317,0.0002179932114,-0.03711762733,-0.02929478811,-0.02346451317,-0.04657660866,-0.03818779116,0.01662599836,0.0001882997425,True,
2016-01-20,2016-01-19,UKX,RealGARCH,RealGARCH11-logRVscaled-studentt,1,0.01419077944,0.000201378221,-0.03566695785,-0.02814814682,-0.02254446071,-0.04475832368,-0.03669553065,-0.03518850873,0.0002639712507,True,
2016-01-21,2016-01-20,UKX,RealGARCH,RealGARCH11-logRVscaled-studentt,1,0.01493922164,0.0002231803433,-0.03755910892,-0.02964374494,-0.02374451232,-0.04712996652,-0.03864193014,0.01750655466,0.000444157698,True,
2016-01-22,2016-01-21,UKX,RealGARCH,RealGARCH11-logRVscaled-studentt,1,0.01721202703,0.0002962538743,-0.04330503171,-0.03418544957,-0.02738872659,-0.05433196896,-0.04455258988,0.02162194208,0.0001138339611,True,
2016-01-25,2016-01-22,UKX,RealGARCH,RealGARCH11-logRVscaled-studentt,1,0.01385145637,0.0001918628437,-0.03480910872,-0.02747008387,-0.02200039039,-0.04368308621,-0.03581308679,-0.003905923281,0.0002051549012,True,
2016-01-26,2016-01-25,UKX,RealGARCH,RealGARCH11-logRVscaled-studentt,1,0.01395407005,0.000194716071,-0.03506852832,-0.02767513487,-0.02216492107,-0.04400824557,-0.03607994401,0.005853178691,0.0001939309437,True,
2016-01-27,2016-01-26,UKX,RealGARCH,RealGARCH11-logRVscaled-studentt,1,0.01384110911,0.0001915763013,-0.0347829496,-0.02744940712,-0.02198379959,-0.04365029808,-0.03578617768,0.01325856518,0.0001841892485,True,
2016-01-28,2016-01-27,UKX,RealGARCH,RealGARCH11-logRVscaled-studentt,1,0.01362531539,0.0001856492194,-0.03423739736,-0.02701819055,-0.02163779612,-0.04296649694,-0.03522498433,-0.00983049611,0.0003238154755,True,
2016-01-29,2016-01-28,UKX,RealGARCH,RealGARCH11-logRVscaled-studentt,1,0.01526884163,0.0002331375248,-0.03839242752,-0.03030241842,-0.02427302474,-0.04817445717,-0.03949914018,0.0253017933,0.0001961655704,True,
2016-02-01,2016-01-29,UKX,RealGARCH,RealGARCH11-logRVscaled-studentt,1,0.01458705048,0.0002127820416,-0.03666877825,-0.02894000785,-0.02317984136,-0.04601401632,-0.03772607348,-0.003903150928,0.0001834512259,True,
2016-02-02,2016-02-01,UKX,RealGARCH,RealGARCH11-logRVscaled-studentt,1,0.01401608449,0.0001964506245,-0.03522530821,-0.02779905717,-0.02226435498,-0.0442047552,-0.03624121882,-0.02305208809,0.0001610306907,True,
2016-02-03,2016-02-02,UKX,RealGARCH,RealGARCH11-logRVscaled-studentt,1,0.01332584405,0.0001775781197,-0.03348029814,-0.02641976256,-0.02115762403,-0.0420175405,-0.0344461789,-0.01444011473,0.0002709780432,True,
2016-02-04,2016-02-03,UKX,RealGARCH,RealGARCH11-logRVscaled-studentt,1,0.01450889122,0.0002105079244,-0.03647118233,-0.02878382367,-0.02305452087,-0.04576634744,-0.03752281244,0.01051479238,0.0003648323347,True,
2016-02-05,2016-02-04,UKX,RealGARCH,RealGARCH11-logRVscaled-studentt,1,0.01622613144,0.0002632873414,-0.0408125702,-0.03221535279,-0.02580794242,-0.05120789046,-0.04198866892,-0.008632068415,0.000331885838,True,
2016-02-08,2016-02-05,UKX,RealGARCH,RealGARCH11-logRVscaled-studentt,1,0.0169145146,0.0002861008042,-0.04255288486,-0.03359093604,-0.02691169541,-0.05338921988,-0.0437788788,-0.02751206172,0.0005182147733,True,
2016-02-09,2016-02-08,UKX,RealGARCH,RealGARCH11-logRVscaled-studentt,1,0.01906929155,0.0003636378801,-0.0480004177,-0.03789678666,-0.03036666298,-0.06021721709,-0.04938259369,-0.01010461299,0.0005300986721,True,
2016-02-10,2016-02-09,UKX,RealGARCH,RealGARCH11-logRVscaled-studentt,1,0.02048292398,0.0004195501749,-0.05157424891,-0.04072162201,-0.03263328005,-0.06469669621,-0.05305888749,0.007094480639,0.0003761172248,True,
2016-02-11,2016-02-10,UKX,RealGARCH,RealGARCH11-logRVscaled-studentt,1,0.01978113715,0.000391293387,-0.0498000482,-0.03931925446,-0.03150803563,-0.06247289363,-0.05123382002,-0.02414180701,0.0005717946622,True,
2016-02-12,2016-02-11,UKX,RealGARCH,RealGARCH11-logRVscaled-studentt,1,0.02125086369,0.0004515992076,-0.05351569199,-0.04225618162,-0.03386459394,-0.06713012219,-0.05505599219,0.0303457994,0.0002403801568,True,
2016-02-15,2016-02-12,UKX,RealGARCH,RealGARCH11-logRVscaled-studentt,1,0.01831793275,0.0003355466602,-0.04610089314,-0.03639536037,-0.02916193491,-0.05783633224,-0.04742860931,0.02024014983,0.0001208352729,True,
2016-02-16,2016-02-15,UKX,RealGARCH,RealGARCH11-logRVscaled-studentt,1,0.01452601654,0.0002110051565,-0.03651447719,-0.02881804488,-0.0230819796,-0.04582061369,-0.03756734857,0.006486205943,0.000272149744,True,
2016-02-17,2016-02-16,UKX,RealGARCH,RealGARCH11-logRVscaled-studentt,1,0.01523486505,0.0002321011132,-0.03830653068,-0.03023452365,-0.02421854672,-0.04806679312,-0.03941078065,0.02827173539,9.973498382e-05,True,
2016-02-18,2016-02-17,UKX,RealGARCH,RealGARCH11-logRVscaled-studentt,1,0.01257734098,0.0001581895061,-0.0315879932,-0.02492404282,-0.01995747482,-0.03964570479,-0.03249962113,-0.009714848732,0.0001428071659,True,
2016-02-19,2016-02-18,UKX,RealGARCH,RealGARCH11-logRVscaled-studentt,1,0.01222473814,0.0001494442225,-0.03069657121,-0.02421944313,-0.01939211172,-0.03852838672,-0.03158264186,-0.003657014467,0.0002019030976,True,
2016-02-22,2016-02-19,UKX,RealGARCH,RealGARCH11-logRVscaled-studentt,1,0.01297371687,0.0001683173293,-0.03259007867,-0.02571611337,-0.02059302359,-0.04090172968,-0.03353043662,0.01459831181,9.762762248e-05,True,
2016-02-23,2016-02-22,UKX,RealGARCH,RealGARCH11-logRVscaled-studentt,1,0.01145057583,0.0001311156869,-0.02873939667,-0.02267244902,-0.01815082052,-0.03607524276,-0.02956935466,-0.01256689705,0.000122948289,True,
2016-02-24,2016-02-23,UKX,RealGARCH,RealGARCH11-logRVscaled-studentt,1,0.01123241448,0.0001261671351,-0.02818785879,-0.02223650127,-0.0178010208,-0.03538393915,-0.02900200406,-0.0160787284,0.0001930784604,True,
2016-02-25,2016-02-24,UKX,RealGARCH,RealGARCH11-logRVscaled-studentt,1,0.01225829157,0.0001502657121,-0.03078139828,-0.02428649232,-0.01944591126,-0.0386347099,-0.03166990094,0.02451294624,0.0002049161272,True,
2016-02-26,2016-02-25,UKX,RealGARCH,RealGARCH11-logRVscaled-studentt,1,0.01303537275,0.0001699209428,-0.0327459521,-0.02583931918,-0.02069188259,-0.04109710314,-0.03369077898,0.01374232058,9.552152617e-05,True,
2016-02-29,2016-02-26,UKX,RealGARCH,RealGARCH11-logRVscaled-studentt,1,0.01142647946,0.0001305644328,-0.02867847817,-0.02262429769,-0.01811218442,-0.03599888684,-0.02950668961,0.000180445989,0.0001726562041,True,
2016-03-01,2016-02-29,UKX,RealGARCH,RealGARCH11-logRVscaled-studentt,1,0.01207841929,0.0001458882126,-0.03032665973,-0.02392705691,-0.0191575042,-0.03806473564,-0.03120212493,0.009110235091,0.0001591463533,True,
2016-03-02,2016-03-01,UKX,RealGARCH,RealGARCH11-logRVscaled-studentt,1,0.01223775906,0.0001497627467,-0.03072948964,-0.02424546259,-0.01941298945,-0.03856964705,-0.03161650407,-0.0009430576309,9.183228337e-05,True,
2016-03-03,2016-03-02,UKX,RealGARCH,RealGARCH11-logRVscaled-studentt,1,0.01093875193,0.0001196562938,-0.02744544486,-0.02164968086,-0.0173301625,-0.03445338942,-0.02823830496,-0.002704129143,7.654137388e-05,True,
2016-03-04,2016-03-03,UKX,RealGARCH,RealGARCH11-logRVscaled-studentt,1,0.009879071724,9.759605812e-05,-0.02476644705,-0.01953214165,-0.01563107214,-0.03109550428,-0.02548249965,0.01117618468,0.0001240189884,True,
2016-03-07,2016-03-04,UKX,RealGARCH,RealGARCH11-logRVscaled-studentt,1,0.01036788545,0.0001074930488,-0.0260022264,-0.02050892902,-0.01641483567,-0.03264444362,-0.02675370908,-0.002745967622,0.0001125663036,True,
2016-03-08,2016-03-07,UKX,RealGARCH,RealGARCH11-logRVscaled-studentt,1,0.01042779952,0.0001087390028,-0.02615369629,-0.02062865418,-0.01651090183,-0.03283429764,-0.02690952165,-0.009262485323,0.000170038615,True,
2016-03-09,2016-03-08,UKX,RealGARCH,RealGARCH11-logRVscaled-studentt,1,0.01144225747,0.0001309252559,-0.02871836685,-0.02265582659,-0.01813748286,-0.03604888375,-0.02954772191,0.003406198604,0.0001273472458,True,
2016-03-10,2016-03-09,UKX,RealGARCH,RealGARCH11-logRVscaled-studentt,1,0.01131398514,0.0001280062597,-0.02839407912,-0.02239950238,-0.01793181111,-0.03564241797,-0.02921413678,-0.0179927057,0.0002869103529,True,
2016-03-11,2016-03-10,UKX,RealGARCH,RealGARCH11-logRVscaled-studentt,1,0.01341391784,0.0001799331919,-0.03370295919,-0.02659575878,-0.02129884147,-0.04229662629,-0.03467522369,0.01693459925,0.0001472758798,True,
2016-03-14,2016-03-11,UKX,RealGARCH,RealGARCH11-logRVscaled-studentt,1,0.01275491844,0.0001626879443,-0.03203693017,-0.02527889254,-0.02024220237,-0.04020840731,-0.03296142923,0.005651982381,0.0001024881164,True,
2016-03-15,2016-03-14,UKX,RealGARCH,RealGARCH11-logRVscaled-studentt,1,0.01146333363,0.0001314080179,-0.0287716499,-0.02269794269,-0.01817127636,-0.03611566931,-0.0296025326,-0.0056193768,7.415519631e-05,True,
2016-03-16,2016-03-15,UKX,RealGARCH,RealGARCH11-logRVscaled-studentt,1,0.01006986666,0.0001014022146,-0.02524879938,-0.01991340362,-0.01593699258,-0.03170008996,-0.02597868113,0.005765108737,7.186512909e-05,True,
2016-03-17,2016-03-16,UKX,RealGARCH,RealGARCH11-logRVscaled-studentt,1,0.00930693323,8.661900615e-05,-0.02332001277,-0.01838884796,-0.01471370575,-0.02928252774,-0.02399459576,0.004136860577,0.0001334566475,True,
2016-03-18,2016-03-17,UKX,RealGARCH,RealGARCH11-logRVscaled-studentt,1,0.01019117771,0.0001038601032,-0.02555548817,-0.02015581723,-0.01613150262,-0.03208449705,-0.02629416277,-0.001856231386,9.687587622e-05,True,
2016-03-21,2016-03-18,UKX,RealGARCH,RealGARCH11-logRVscaled-studentt,1,0.009997227706,9.994456181e-05,-0.02506515945,-0.01976825055,-0.01582052334,-0.03146991367,-0.0257897762,-0.0008081330822,0.0001070105743,True,
2016-03-22,2016-03-21,UKX,RealGARCH,RealGARCH11-logRVscaled-studentt,1,0.01010732045,0.0001021579267,-0.02534348703,-0.01998824683,-0.01599704596,-0.0318187725,-0.0260760835,0.001308863478,0.0001518740497,True,
2016-03-23,2016-03-22,UKX,RealGARCH,RealGARCH11-logRVscaled-studentt,1,0.01097289864,0.0001204045045,-0.02753177181,-0.02171791559,-0.0173849133,-0.03456159256,-0.02832710692,0.00103292555,5.644276675e-05,True,
2016-03-24,2016-03-23,UKX,RealGARCH,RealGARCH11-logRVscaled-studentt,1,0.009262320473,8.579058054e-05,-0.02320722641,-0.01829969912,-0.01464217369,-0.02914116008,-0.02387857578,-0.0150503584,9.779108575e-05,True,
2016-03-29,2016-03-24,UKX,RealGARCH,RealGARCH11-logRVscaled-studentt,1,0.009499906111,9.024821612e-05,-0.02380787121,-0.01877446207,-0.01502311831,-0.02989401484,-0.02449644121,-9.827683425e-05,8.303307636e-05,True,
2016-03-30,2016-03-29,UKX,RealGARCH,RealGARCH11-logRVscaled-studentt,1,0.009297959687,8.645205434e-05,-0.02329732659,-0.0183709163,-0.01469931758,-0.02925409263,-0.02397125916,0.01580981858,7.667163277e-05,True,
2016-03-31,2016-03-30,UKX,RealGARCH,RealGARCH11-logRVscaled-studentt,1,0.009029903738,8.153916152e-05,-0.02261964921,-0.01783526509,-0.01426951689,-0.0284046844,-0.02327415261,-0.00457264719,5.76392758e-05,True,
2016-04-01,2016-03-31,UKX,RealGARCH,RealGARCH11-logRVscaled-studentt,1,0.008350251048,6.972669257e-05,-0.02090140624,-0.01647712779,-0.01317976233,-0.02625101987,-0.02150664721,-0.004674921914,0.0001466482652,True,
2016-04-04,2016-04-01,UKX,RealGARCH,RealGARCH11-logRVscaled-studentt,1,0.00979403597,9.592314058e-05,-0.02455146653,-0.01936221629,-0.01549472588,-0.03082604535,-0.02526135559,0.003021754997,7.885198673e-05,True,
2016-04-05,2016-04-04,UKX,RealGARCH,RealGARCH11-logRVscaled-studentt,1,0.009351150104,8.744400826e-05,-0.0234317983,-0.01847720572,-0.01478460305,-0.02942264094,-0.0241095862,-0.0119943666,8.562774691e-05,True,
2016-04-06,2016-04-05,UKX,RealGARCH,RealGARCH11-logRVscaled-studentt,1,0.009278664844,8.609362129e-05,-0.02324854693,-0.01833235977,-0.01466838025,-0.02919295167,-0.02392108097,0.01149136132,6.869960178e-05,True,
2016-04-07,2016-04-06,UKX,RealGARCH,RealGARCH11-logRVscaled-studentt,1,0.008806848263,7.756057634e-05,-0.0220557384,-0.01738953749,-0.01391186993,-0.02769787242,-0.02269407434,-0.004016787285,9.44345351e-05,True,
2016-04-08,2016-04-07,UKX,RealGARCH,RealGARCH11-logRVscaled-studentt,1,0.009167738566,8.404743042e-05,-0.02296811208,-0.01811069786,-0.01449052114,-0.02884145156,-0.02363260599,0.01093898927,6.062657729e-05,True,
2016-04-11,2016-04-08,UKX,RealGARCH,RealGARCH11-logRVscaled-studentt,1,0.008513767562,7.24842381e-05,-0.02131479547,-0.01680387979,-0.01344194458,-0.02676916645,-0.0219318884,-0.0006932652138,7.222254283e-05,True,
2016-04-12,2016-04-11,UKX,RealGARCH,RealGARCH11-logRVscaled-studentt,1,0.008487738746,7.204170903e-05,-0.02124899152,-0.01675186689,-0.01340021,-0.02668668706,-0.02186419784,0.006799271362,8.06575406e-05,True,
2016-04-13,2016-04-12,UKX,RealGARCH,RealGARCH11-logRVscaled-studentt,1,0.008679177805,7.532812736e-05,-0.02173297227,-0.01713441599,-0.01370716322,-0.02729331382,-0.02236205443,0.01911952475,5.665575305e-05,True,
2016-04-14,2016-04-13,UKX,RealGARCH,RealGARCH11-logRVscaled-studentt,1,0.008138070648,6.622819387e-05,-0.02036498891,-0.01605313165,-0.01283955246,-0.02557866852,-0.02095485067,0.0003457253334,5.005736345e-05,True,
2016-04-15,2016-04-14,UKX,RealGARCH,RealGARCH11-logRVscaled-studentt,1,0.007643819899,5.842798265e-05,-0.01911546413,-0.01506547959,-0.01204707122,-0.0240125005,-0.01966950172,-0.003352030956,5.104805632e-05,True,
2016-04-18,2016-04-15,UKX,RealGARCH,RealGARCH11-logRVscaled-studentt,1,0.007413949843,5.496665227e-05,-0.01853432524,-0.01460613454,-0.01167849776,-0.02328409466,-0.01907170144,0.001527914917,7.582630963e-05,True,
2016-04-19,2016-04-18,UKX,RealGARCH,RealGARCH11-logRVscaled-studentt,1,0.007943816475,6.310422019e-05,-0.01987389121,-0.01566495715,-0.01252808548,-0.0249631213,-0.02044967309,0.008135527147,4.755244495e-05,True,
2016-04-20,2016-04-19,UKX,RealGARCH,RealGARCH11-logRVscaled-studentt,1,0.007458285572,5.562602367e-05,-0.01864641124,-0.0146947298,-0.01174958563,-0.02342458449,-0.01918700098,0.0007646719806,5.588775919e-05,True,
2016-04-21,2016-04-20,UKX,RealGARCH,RealGARCH11-logRVscaled-studentt,1,0.007458857617,5.563455694e-05,-0.01864785744,-0.0146958729,-0.01175050285,-0.02342639717,-0.01918848864,-0.004518547626,9.118567724e-05,True,
2016-04-22,2016-04-21,UKX,RealGARCH,RealGARCH11-logRVscaled-studentt,1,0.008296480088,6.883158186e-05,-0.02076546685,-0.01636967828,-0.01309354602,-0.02608063195,-0.0213668104,-0.01118844321,5.542579334e-05,True,
2016-04-25,2016-04-22,UKX,RealGARCH,RealGARCH11-logRVscaled-studentt,1,0.007899043597,6.239488975e-05,-0.01976070005,-0.01557548835,-0.01245629668,-0.02482124625,-0.0203332367,-0.007875121363,7.138926949e-05,True,
2016-04-26,2016-04-25,UKX,RealGARCH,RealGARCH11-logRVscaled-studentt,1,0.008121254287,6.59547712e-05,-0.02032247514,-0.01601952783,-0.01281258912,-0.0255253813,-0.02091111802,0.003762355289,5.09986889e-05,True,
2016-04-27,2016-04-26,UKX,RealGARCH,RealGARCH11-logRVscaled-studentt,1,0.007666018864,5.876784522e-05,-0.01917158576,-0.01510983936,-0.01208266502,-0.02408284396,-0.01972723237,0.005617085359,7.038514651e-05,True,
2016-04-28,2016-04-27,UKX,RealGARCH,RealGARCH11-logRVscaled-studentt,1,0.007962779269,6.340585368e-05,-0.01992183142,-0.01570285015,-0.01255849041,-0.02502321008,-0.02049898775,0.000395497666,8.637748472e-05,True,
2016-04-29,2016-04-28,UKX,RealGARCH,RealGARCH11-logRVscaled-studentt,1,0.008502521858,7.229287795e-05,-0.02128636499,-0.01678140771,-0.01342391323,-0.02673353137,-0.02190264282,-0.01281425989,0.0001046913309,True,
2016-05-03,2016-04-29,UKX,RealGARCH,RealGARCH11-logRVscaled-studentt,1,0.0091941686,8.453273625e-05,-0.02303493036,-0.0181635125,-0.01453289904,-0.02892520232,-0.02370133996,-0.009060581639,0.0001003876488,True,
2016-05-04,2016-05-03,UKX,RealGARCH,RealGARCH11-logRVscaled-studentt,1,0.00951505958,9.053635881e-05,-0.02384618098,-0.01880474297,-0.01504741537,-0.02994203273,-0.02453584934,-0.01196997401,8.708278317e-05,True,
2016-05-05,2016-05-04,UKX,RealGARCH,RealGARCH11-logRVscaled-studentt,1,0.009402997995,8.841637129e-05,-0.02356287595,-0.01858081239,-0.01486773592,-0.02958693509,-0.02424442188,0.0008667389656,8.443374141e-05,True,
2016-05-06,2016-05-05,UKX,RealGARCH,RealGARCH11-logRVscaled-studentt,1,0.009278839575,8.609686387e-05,-0.02324898867,-0.01833270894,-0.01466866041,-0.02919350535,-0.02392153538,0.001372276618,0.0001155467229,True,
2016-05-09,2016-05-06,UKX,RealGARCH,RealGARCH11-logRVscaled-studentt,1,0.009860416099,9.722780566e-05,-0.02471928341,-0.01949486247,-0.01560115973,-0.03103638885,-0.02543398382,-0.001781037193,8.025406582e-05,True,
2016-05-10,2016-05-09,UKX,RealGARCH,RealGARCH11-logRVscaled-studentt,1,0.009422311313,8.877995048e-05,-0.02361170231,-0.01861940583,-0.01489870287,-0.0296481346,-0.02429464811,0.006828921131,9.609795352e-05,True,
2016-05-11,2016-05-10,UKX,RealGARCH,RealGARCH11-logRVscaled-studentt,1,0.009554349476,9.12855939e-05,-0.02394551052,-0.01888325523,-0.01511041275,-0.03006653345,-0.02463802668,0.0009415879824,8.552597897e-05,True,
2016-05-12,2016-05-11,UKX,RealGARCH,RealGARCH11-logRVscaled-studentt,1,0.009387666092,8.812827465e-05,-0.02352411507,-0.01855017493,-0.01484315276,-0.02953835179,-0.02420454972,-0.009505448578,0.0001234171431,True,
2016-05-13,2016-05-12,UKX,RealGARCH,RealGARCH11-logRVscaled-studentt,1,0.01006760906,0.0001013567521,-0.02524309189,-0.01990889229,-0.01593337274,-0.03169293613,-0.02597281001,0.005603321848,0.0001286904544,True,
2016-05-16,2016-05-13,UKX,RealGARCH,RealGARCH11-logRVscaled-studentt,1,0.01056182616,0.0001115521719,-0.02649253162,-0.02089647713,-0.01672580004,-0.03325899755,-0.02725807147,0.002099269618,7.781602944e-05,True,
2016-05-17,2016-05-16,UKX,RealGARCH,RealGARCH11-logRVscaled-studentt,1,0.009723402931,9.454456456e-05,-0.0243728978,-0.0192210716,-0.01538147293,-0.03060222534,-0.02507766725,0.002662496441,7.616593614e-05,True,
2016-05-18,2016-05-17,UKX,RealGARCH,RealGARCH11-logRVscaled-studentt,1,0.009243756582,8.544703575e-05,-0.02316029468,-0.01826260324,-0.01461240837,-0.02908233534,-0.02383029851,-0.0003243173252,0.0001215031959,True,
2016-05-19,2016-05-18,UKX,RealGARCH,RealGARCH11-logRVscaled-studentt,1,0.009947767984,9.895808786e-05,-0.02494011938,-0.01966941611,-0.01574121966,-0.03131318707,-0.02566115121,-0.0183977799,0.0001145632533,True,
2016-05-20,2016-05-19,UKX,RealGARCH,RealGARCH11-logRVscaled-studentt,1,0.01023001998,0.0001046533087,-0.02565368605,-0.020233435,-0.01619378228,-0.03220757933,-0.02639517599,0.01685583459,7.688401331e-05,True,
2016-05-23,2016-05-20,UKX,RealGARCH,RealGARCH11-logRVscaled-studentt,1,0.009527591764,9.077500483e-05,-0.02387786384,-0.0188297858,-0.01506750946,-0.02998174436,-0.02456844055,-0.00323768104,0.000115912747,True,
2016-05-24,2016-05-23,UKX,RealGARCH,RealGARCH11-logRVscaled-studentt,1,0.01001322327,0.0001002646403,-0.02510559815,-0.01980021419,-0.01584617062,-0.03152059997,-0.02583137429,0.01341909385,6.961338493e-05,True,
2016-05-25,2016-05-24,UKX,RealGARCH,RealGARCH11-logRVscaled-studentt,1,0.009213862748,8.489526673e-05,-0.02308471951,-0.01820286695,-0.01456447662,-0.02898760859,-0.02375255658,0.006985992108,4.016984908e-05,True,
2016-05-26,2016-05-25,UKX,RealGARCH,RealGARCH11-logRVscaled-studentt,1,0.007807005064,6.094932807e-05,-0.01952801567,-0.01539156946,-0.01230872217,-0.02452959711,-0.02009388121,0.0004470240929,7.126045691e-05,True,
2016-05-27,2016-05-26,UKX,RealGARCH,RealGARCH11-logRVscaled-studentt,1,0.008065404102,6.505074333e-05,-0.02018127922,-0.01590792344,-0.01272303898,-0.02534840479,-0.02076587398,0.0008135620438,2.634451561e-05,True,
2016-05-31,2016-05-27,UKX,RealGARCH,RealGARCH11-logRVscaled-studentt,1,0.006615537158,4.376533189e-05,-0.01651584285,-0.01301068135,-0.01039832352,-0.02075410677,-0.01699534869,-0.006399202942,6.670854987e-05,True,
2016-06-01,2016-05-31,UKX,RealGARCH,RealGARCH11-logRVscaled-studentt,1,0.007252023421,5.259184369e-05,-0.01812495595,-0.01428255998,-0.01141886507,-0.02277098672,-0.01865059544,-0.006262733715,7.524506573e-05,True,
2016-06-02,2016-06-01,UKX,RealGARCH,RealGARCH11-logRVscaled-studentt,1,0.007833887665,6.136979594e-05,-0.01959597808,-0.01544528846,-0.01235182571,-0.02461478195,-0.02016379212,-0.001017944584,5.982557069e-05,True,
2016-06-03,2016-06-02,UKX,RealGARCH,RealGARCH11-logRVscaled-studentt,1,0.007779426848,6.051948209e-05,-0.01945829465,-0.01533646043,-0.01226450329,-0.02444220803,-0.02002216127,0.003872471539,0.000128524892,True,
2016-06-06,2016-06-03,UKX,RealGARCH,RealGARCH11-logRVscaled-studentt,1,0.009150296265,8.372792174e-05,-0.02292401586,-0.01807584323,-0.01446255417,-0.02878618089,-0.02358724553,0.01022195939,4.511448291e-05,True,
2016-06-07,2016-06-06,UKX,RealGARCH,RealGARCH11-logRVscaled-studentt,1,0.007975738999,6.361241258e-05,-0.01995459516,-0.01572874734,-0.01257927003,-0.02506427651,-0.02053269083,0.001767827579,6.31154806e-05,True,
2016-06-08,2016-06-07,UKX,RealGARCH,RealGARCH11-logRVscaled-studentt,1,0.007949279375,6.319104258e-05,-0.01988770208,-0.01567587356,-0.01253684469,-0.02498043199,-0.02046387991,0.002701415913,4.353676693e-05,True,
2016-06-09,2016-06-08,UKX,RealGARCH,RealGARCH11-logRVscaled-studentt,1,0.007319443425,5.357425205e-05,-0.01829540176,-0.01441728412,-0.01152696625,-0.02298462536,-0.01882592797,-0.01110645379,5.46435474e-05,True,
2016-06-10,2016-06-09,UKX,RealGARCH,RealGARCH11-logRVscaled-studentt,1,0.007345403325,5.395495e-05,-0.01836103148,-0.01446915931,-0.01156859033,-0.02306688637,-0.0188934393,-0.01880569197,0.0001130392399,True,
2016-06-13,2016-06-10,UKX,RealGARCH,RealGARCH11-logRVscaled-studentt,1,0.008619326479,7.429278894e-05,-0.02158166098,-0.0170148162,-0.01361119766,-0.0271036586,-0.02220640502,-0.01164407047,7.967665834e-05,True,
2016-06-14,2016-06-13,UKX,RealGARCH,RealGARCH11-logRVscaled-studentt,1,0.008730396837,7.621982893e-05,-0.02186246008,-0.01723676603,-0.01378928778,-0.02745561526,-0.02249525469,-0.02030399365,0.000143655942,True,
2016-06-15,2016-06-14,UKX,RealGARCH,RealGARCH11-logRVscaled-studentt,1,0.009994303439,9.988610123e-05,-0.02505776656,-0.01976240704,-0.01581583457,-0.03146064733,-0.02578217135,0.007283247204,9.2739772e-05,True,
2016-06-16,2016-06-15,UKX,RealGARCH,RealGARCH11-logRVscaled-studentt,1,0.00979618805,9.596530032e-05,-0.02455690725,-0.01936651675,-0.01549817652,-0.0308328648,-0.02526695229,-0.002735487976,8.689001927e-05,True,
2016-06-17,2016-06-16,UKX,RealGARCH,RealGARCH11-logRVscaled-studentt,1,0.009551671233,9.123442334e-05,-0.0239387396,-0.01887790335,-0.01510611846,-0.03005804671,-0.02463106163,0.01179473352,0.0001522384124,True,
2016-06-20,2016-06-17,UKX,RealGARCH,RealGARCH11-logRVscaled-studentt,1,0.01063925154,0.0001131936734,-0.0266882722,-0.02105119482,-0.01684994383,-0.03350434093,-0.02745942398,0.02992426216,0.0001030710447,True,
2016-06-21,2016-06-20,UKX,RealGARCH,RealGARCH11-logRVscaled-studentt,1,0.0103778339,0.0001076994365,-0.02602737726,-0.02052880881,-0.016430787,-0.03267596798,-0.02677958102,0.003636207862,8.548240671e-05,True,
2016-06-22,2016-06-21,UKX,RealGARCH,RealGARCH11-logRVscaled-studentt,1,0.009827614151,9.658199989e-05,-0.02463635618,-0.01942931494,-0.01554856511,-0.03093244695,-0.02534867904,0.005541438,0.0001258012795,True,
2016-06-23,2016-06-22,UKX,RealGARCH,RealGARCH11-logRVscaled-studentt,1,0.01036996764,0.0001075362289,-0.02600749042,-0.02051308982,-0.01641817425,-0.03265104161,-0.02675912403,0.01220716328,0.0002143293092,True,
2016-06-24,2016-06-23,UKX,RealGARCH,RealGARCH11-logRVscaled-studentt,1,0.01199548812,0.0001438917353,-0.03011699986,-0.0237613371,-0.01902453244,-0.03780194566,-0.03098645406,-0.03196602933,0.001972398004,True,
2016-06-27,2016-06-24,UKX,RealGARCH,RealGARCH11-logRVscaled-studentt,1,0.02106722126,0.0004438278117,-0.05305142205,-0.04188921237,-0.03357014182,-0.06654820117,-0.05457841152,-0.02582459924,0.000382642578,True,
2016-06-28,2016-06-27,UKX,RealGARCH,RealGARCH11-logRVscaled-studentt,1,0.02016776736,0.0004067388404,-0.05077749543,-0.0400918504,-0.03212795819,-0.06369803668,-0.05223929089,0.02610144478,0.0001627262784,True,
2016-06-29,2016-06-28,UKX,RealGARCH,RealGARCH11-logRVscaled-studentt,1,0.01634702677,0.0002672252843,-0.04111820801,-0.03245693569,-0.0260017859,-0.05159098023,-0.04230306943,0.03515424525,0.0001593756174,True,
2016-06-30,2016-06-29,UKX,RealGARCH,RealGARCH11-logRVscaled-studentt,1,0.01448174072,0.0002097208143,-0.03640254264,-0.02872956933,-0.02301098779,-0.0456803137,-0.03745220483,0.02241935076,0.0003933756778,True,
2016-07-01,2016-06-30,UKX,RealGARCH,RealGARCH11-logRVscaled-studentt,1,0.01647678651,0.0002714844936,-0.04144625608,-0.03271623215,-0.02620984255,-0.05200215926,-0.04264052272,0.01123684662,0.0001427504731,True,
2016-07-04,2016-07-01,UKX,RealGARCH,RealGARCH11-logRVscaled-studentt,1,0.01420137226,0.000201678974,-0.03569373777,-0.02816931426,-0.02256144523,-0.04479188992,-0.03672307836,-0.008473268709,7.504038193e-05,True,
2016-07-05,2016-07-04,UKX,RealGARCH,RealGARCH11-logRVscaled-studentt,1,0.01137097664,0.0001292991097,-0.02853816042,-0.02251338744,-0.01802319124,-0.03582301105,-0.02936234893,0.003535453305,0.0001278093796,True,
2016-07-06,2016-07-05,UKX,RealGARCH,RealGARCH11-logRVscaled-studentt,1,0.01128367077,0.0001273212261,-0.02831744079,-0.02233892575,-0.01788320508,-0.03554635865,-0.02913530121,-0.0125760446,0.0001694413816,True,
2016-07-07,2016-07-06,UKX,RealGARCH,RealGARCH11-logRVscaled-studentt,1,0.01194546711,0.0001426941844,-0.02999054077,-0.02366138104,-0.01894432878,-0.03764344046,-0.03085636936,0.01080222047,0.0001237284108,True,
2016-07-08,2016-07-07,UKX,RealGARCH,RealGARCH11-logRVscaled-studentt,1,0.0115152733,0.0001326015192,-0.02890295958,-0.02280173278,-0.01825455639,-0.03628025431,-0.02973760697,0.008655732536,0.0001210424364,True,
2016-07-11,2016-07-08,UKX,RealGARCH,RealGARCH11-logRVscaled-studentt,1,0.01122942379,0.0001260999586,-0.02818029795,-0.02223052502,-0.01779622552,-0.03537446232,-0.02899422646,0.01390760413,8.985560834e-05,True,
2016-07-12,2016-07-11,UKX,RealGARCH,RealGARCH11-logRVscaled-studentt,1,0.0103795032,0.0001077340867,-0.02603159745,-0.02053214455,-0.01643346356,-0.03268125762,-0.02678392221,-0.0003292087467,6.82841511e-05,True,
2016-07-13,2016-07-12,UKX,RealGARCH,RealGARCH11-logRVscaled-studentt,1,0.0093602284,8.761387569e-05,-0.02345474931,-0.01849534671,-0.01479915918,-0.02945140799,-0.02413319523,-0.001542988214,6.677418971e-05,True,
2016-07-14,2016-07-13,UKX,RealGARCH,RealGARCH11-logRVscaled-studentt,1,0.008795253028,7.735647582e-05,-0.02202642426,-0.01736636695,-0.01389327814,-0.02766112976,-0.02266391976,-0.002386495908,0.000256362834,True,
2016-07-15,2016-07-14,UKX,RealGARCH,RealGARCH11-logRVscaled-studentt,1,0.01138147962,0.0001295380783,-0.0285647132,-0.02253437535,-0.01804003171,-0.0358562926,-0.02938966299,0.002206624399,0.0001186590909,True,
2016-07-18,2016-07-15,UKX,RealGARCH,RealGARCH11-logRVscaled-studentt,1,0.01110867207,0.0001234025952,-0.02787502323,-0.02198922911,-0.01760261232,-0.03499182764,-0.02868019944,0.003920766858,0.0001035199364,True,
2016-07-19,2016-07-18,UKX,RealGARCH,RealGARCH11-logRVscaled-studentt,1,0.01063970091,0.0001132032354,-0.02668940825,-0.02105209277,-0.01685066434,-0.03350576486,-0.0274605926,0.0002986679476,4.90654759e-05,True,
2016-07-20,2016-07-19,UKX,RealGARCH,RealGARCH11-logRVscaled-studentt,1,0.00883209021,7.800581747e-05,-0.02211955305,-0.017439978,-0.01395234285,-0.02777785839,-0.02275971857,0.004707167458,4.515296173e-05,True,
2016-07-21,2016-07-20,UKX,RealGARCH,RealGARCH11-logRVscaled-studentt,1,0.007821957202,6.118301448e-05,-0.01956581645,-0.01542144804,-0.01233269642,-0.02457697703,-0.02013276575,-0.004333957921,5.363615495e-05,True,
2016-07-22,2016-07-21,UKX,RealGARCH,RealGARCH11-logRVscaled-studentt,1,0.007590546101,5.761639011e-05,-0.01898078162,-0.01495902355,-0.01196165205,-0.02384368797,-0.01953095783,0.004556848817,8.946434564e-05,True,
2016-07-25,2016-07-22,UKX,RealGARCH,RealGARCH11-logRVscaled-studentt,1,0.008342879254,6.960363425e-05,-0.02088276946,-0.01646239687,-0.01316794241,-0.02622766033,-0.02148747611,-0.003035566495,3.785552623e-05,True,
2016-07-26,2016-07-25,UKX,RealGARCH,RealGARCH11-logRVscaled-studentt,1,0.00729350228,5.319517552e-05,-0.01822981945,-0.01436544642,-0.01148537224,-0.02290242378,-0.0187584654,0.002069346939,6.544297059e-05,True,
2016-07-27,2016-07-26,UKX,RealGARCH,RealGARCH11-logRVscaled-studentt,1,0.007623954767,5.812468629e-05,-0.01906524271,-0.01502578346,-0.01201521948,-0.02394955242,-0.01961784044,0.003918532324,3.971337665e-05,True,
2016-07-28,2016-07-27,UKX,RealGARCH,RealGARCH11-logRVscaled-studentt,1,0.007010123381,4.914182982e-05,-0.01751340383,-0.01379917564,-0.01103100275,-0.02200446061,-0.01802150998,-0.004349901674,7.41334456e-05,True,
2016-07-29,2016-07-28,UKX,RealGARCH,RealGARCH11-logRVscaled-studentt,1,0.007662862822,5.871946663e-05,-0.01916360691,-0.0151035327,-0.01207760462,-0.02407284319,-0.01971902476,0.0004908414066,0.0001001910917,True,
2016-08-01,2016-07-29,UKX,RealGARCH,RealGARCH11-logRVscaled-studentt,1,0.00859587357,7.388904244e-05,-0.02152236924,-0.0169679507,-0.01357359328,-0.02702934168,-0.02214541336,-0.004531084814,5.89749694e-05,True,
2016-08-02,2016-08-01,UKX,RealGARCH,RealGARCH11-logRVscaled-studentt,1,0.008165484052,6.66751298e-05,-0.02043429326,-0.01610791134,-0.01288350709,-0.02566553535,-0.02102614199,-0.007286731547,6.018536287e-05,True,
2016-08-03,2016-08-02,UKX,RealGARCH,RealGARCH11-logRVscaled-studentt,1,0.007970976643,6.353646865e-05,-0.01994255536,-0.01571923081,-0.01257163407,-0.02504918569,-0.02052030585,-0.001656651859,5.456941346e-05,True,
2016-08-04,2016-08-03,UKX,RealGARCH,RealGARCH11-logRVscaled-studentt,1,0.007699320478,5.927953582e-05,-0.0192557762,-0.01517638536,-0.0121360608,-0.02418836919,-0.01981383657,0.01582140762,0.0001791618665,True,
2016-08-05,2016-08-04,UKX,RealGARCH,RealGARCH11-logRVscaled-studentt,1,0.009778860823,9.5626119e-05,-0.02451310196,-0.01933189208,-0.01547039406,-0.03077795876,-0.02522189109,0.007876645677,6.74031716e-05,True,
2016-08-08,2016-08-05,UKX,RealGARCH,RealGARCH11-logRVscaled-studentt,1,0.009029942441,8.153986049e-05,-0.02261974706,-0.01783534243,-0.01426957895,-0.02840480704,-0.02327425326,0.002293694548,4.411357225e-05,True,
2016-08-09,2016-08-08,UKX,RealGARCH,RealGARCH11-logRVscaled-studentt,1,0.007878805524,6.207557648e-05,-0.01970953578,-0.01553504698,-0.01242384697,-0.02475711641,-0.02028060555,0.006178419598,2.428430458e-05,True,
2016-08-10,2016-08-09,UKX,RealGARCH,RealGARCH11-logRVscaled-studentt,1,0.006415563647,4.11594569e-05,-0.01601028599,-0.01261107801,-0.01007768616,-0.02012043627,-0.01647529739,0.002201550321,3.936446456e-05,True,
2016-08-11,2016-08-10,UKX,RealGARCH,RealGARCH11-logRVscaled-studentt,1,0.006357336538,4.041572785e-05,-0.01586308092,-0.01249472386,-0.009984324863,-0.01993592783,-0.01632387192,0.007009671279,5.669371384e-05,True,
2016-08-12,2016-08-11,UKX,RealGARCH,RealGARCH11-logRVscaled-studentt,1,0.006847082281,4.688253577e-05,-0.01710121651,-0.01347337365,-0.01076958278,-0.02148782051,-0.01759750515,0.0001879593926,4.118158451e-05,True,
2016-08-15,2016-08-12,UKX,RealGARCH,RealGARCH11-logRVscaled-studentt,1,0.006656304012,4.43063831e-05,-0.01661890631,-0.01309214499,-0.01046368906,-0.02088328764,-0.017101367,0.003637130506,2.260245996e-05,True,
2016-08-16,2016-08-15,UKX,RealGARCH,RealGARCH11-logRVscaled-studentt,1,0.005751719573,3.308227805e-05,-0.01433200908,-0.01128453077,-0.009013279124,-0.01801686565,-0.01474890389,-0.00683774992,4.240693964e-05,True,
2016-08-17,2016-08-16,UKX,RealGARCH,RealGARCH11-logRVscaled-studentt,1,0.006080782191,3.697591205e-05,-0.01516391858,-0.01194209046,-0.009540897852,-0.01905959011,-0.01560466443,-0.005046103116,4.952094324e-05,True,
2016-08-18,2016-08-17,UKX,RealGARCH,RealGARCH11-logRVscaled-studentt,1,0.006486539946,4.207520047e-05,-0.01618972253,-0.01275290862,-0.0101914895,-0.02034534399,-0.01665987842,0.001427689941,4.055703871e-05,True,
2016-08-19,2016-08-18,UKX,RealGARCH,RealGARCH11-logRVscaled-studentt,1,0.006437917419,4.144678069e-05,-0.01606679899,-0.01265574713,-0.01011352818,-0.02019127028,-0.01653343063,-0.001456876715,4.194560028e-05,True,
2016-08-22,2016-08-19,UKX,RealGARCH,RealGARCH11-logRVscaled-studentt,1,0.006458148085,4.170767669e-05,-0.01611794452,-0.0126961737,-0.01014596601,-0.02025537666,-0.01658604252,-0.004456628381,0.0001064277111,True,
2016-08-23,2016-08-22,UKX,RealGARCH,RealGARCH11-logRVscaled-studentt,1,0.007920260222,6.273052199e-05,-0.0198143382,-0.01561788513,-0.0124903154,-0.0248884769,-0.02038841268,0.005840711647,3.926438937e-05,True,
2016-08-24,2016-08-23,UKX,RealGARCH,RealGARCH11-logRVscaled-studentt,1,0.007142462153,5.101476561e-05,-0.01784797202,-0.01406362575,-0.01124319462,-0.02242381203,-0.01836567031,-0.004772262359,4.432979685e-05,True,
2016-08-25,2016-08-24,UKX,RealGARCH,RealGARCH11-logRVscaled-studentt,1,0.006924225906,4.79449044e-05,-0.01729624478,-0.01362752832,-0.01089327481,-0.02173227108,-0.01779812493,-0.002768670736,6.358984836e-05,True,
2016-08-26,2016-08-25,UKX,RealGARCH,RealGARCH11-logRVscaled-studentt,1,0.007361034868,5.418483432e-05,-0.01840054988,-0.01450039553,-0.01159365393,-0.02311641916,-0.01893409071,0.003105120913,6.07290177e-05,True,
2016-08-30,2016-08-26,UKX,RealGARCH,RealGARCH11-logRVscaled-studentt,1,0.007539587547,5.684538038e-05,-0.01885195233,-0.01485719402,-0.01187994515,-0.02368221193,-0.01939843497,-0.002533191161,3.31335662e-05,True,
2016-08-31,2016-08-30,UKX,RealGARCH,RealGARCH11-logRVscaled-studentt,1,0.006698017082,4.486343283e-05,-0.01672436192,-0.01317549944,-0.01053057176,-0.02101546686,-0.01720984605,-0.005778422019,4.998742159e-05,True,
2016-09-01,2016-08-31,UKX,RealGARCH,RealGARCH11-logRVscaled-studentt,1,0.006858252107,4.703562196e-05,-0.01712945516,-0.01349569411,-0.01078749247,-0.02152321514,-0.0176265534,-0.005248579781,5.190505602e-05,True,
2016-09-02,2016-09-01,UKX,RealGARCH,RealGARCH11-logRVscaled-studentt,1,0.007005961038,4.908349006e-05,-0.01750288093,-0.01379085811,-0.01102432885,-0.02199127109,-0.01801068538,0.02178877408,0.0001178270507,True,
2016-09-05,2016-09-02,UKX,RealGARCH,RealGARCH11-logRVscaled-studentt,1,0.008471845717,7.177216986e-05,-0.02120881205,-0.01672010815,-0.01337472713,-0.02663632567,-0.02182286642,-0.002207086129,4.70738687e-05,True,
2016-09-06,2016-09-05,UKX,RealGARCH,RealGARCH11-logRVscaled-studentt,1,0.007712665347,5.948520676e-05,-0.01928951362,-0.01520305216,-0.01215745795,-0.02423065604,-0.01984854125,-0.007777909993,5.468849157e-05,True,
2016-09-07,2016-09-06,UKX,RealGARCH,RealGARCH11-logRVscaled-studentt,1,0.007563335098,5.72040378e-05,-0.01891198896,-0.01490464831,-0.01191802195,-0.0237574625,-0.01946019287,0.002998678398,3.843167529e-05,True,
2016-09-08,2016-09-07,UKX,RealGARCH,RealGARCH11-logRVscaled-studentt,1,0.006929537659,4.801849216e-05,-0.01730967352,-0.0136381427,-0.01090179167,-0.02174910282,-0.01781193868,0.001765754837,8.134286472e-05,True,
2016-09-09,2016-09-08,UKX,RealGARCH,RealGARCH11-logRVscaled-studentt,1,0.007768935786,6.035636325e-05,-0.019431772,-0.01531549633,-0.01224768193,-0.02440896424,-0.01999487821,-0.01198342168,5.968067364e-05,True,
2016-09-12,2016-09-09,UKX,RealGARCH,RealGARCH11-logRVscaled-studentt,1,0.007739463646,5.989929752e-05,-0.01935726291,-0.0152566027,-0.01220042632,-0.02431557374,-0.01991823293,-0.01129269504,8.447496964e-05,True,
2016-09-13,2016-09-12,UKX,RealGARCH,RealGARCH11-logRVscaled-studentt,1,0.008328861748,6.936993801e-05,-0.02084733154,-0.01643438595,-0.01314546675,-0.02618324205,-0.02145102217,-0.005281844322,7.644476924e-05,True,
2016-09-14,2016-09-13,UKX,RealGARCH,RealGARCH11-logRVscaled-studentt,1,0.00848904343,7.206385836e-05,-0.02125228992,-0.01675447402,-0.01340230193,-0.02669082131,-0.0218675908,0.001154474194,7.62449346e-05,True,
2016-09-15,2016-09-14,UKX,RealGARCH,RealGARCH11-logRVscaled-studentt,1,0.008574440946,7.352103753e-05,-0.02146818501,-0.01692512228,-0.01353922823,-0.02696142657,-0.02208967566,0.008505229232,6.925825733e-05,True,
2016-09-16,2016-09-15,UKX,RealGARCH,RealGARCH11-logRVscaled-studentt,1,0.008444019031,7.130145739e-05,-0.02113846287,-0.0166645026,-0.01333010984,-0.02654814924,-0.02175050031,-0.002976059899,8.786706508e-05,True,
2016-09-19,2016-09-16,UKX,RealGARCH,RealGARCH11-logRVscaled-studentt,1,0.008816843284,7.77367255e-05,-0.022081007,-0.01740951036,-0.01392789594,-0.02772954436,-0.0227200674,0.01527699891,2.766807439e-05,True,
2016-09-20,2016-09-19,UKX,RealGARCH,RealGARCH11-logRVscaled-studentt,1,0.007025456117,4.935703365e-05,-0.01755216682,-0.01382981476,-0.01105558724,-0.02205304656,-0.01806138431,0.002521139256,4.541950892e-05,True,
2016-09-21,2016-09-20,UKX,RealGARCH,RealGARCH11-logRVscaled-studentt,1,0.006897309783,4.757288225e-05,-0.01722819762,-0.01357374233,-0.01085011752,-0.02164698002,-0.01772812683,0.0005854115777,3.024145451e-05,True,
2016-09-22,2016-09-21,UKX,RealGARCH,RealGARCH11-logRVscaled-studentt,1,0.006249624646,3.905780821e-05,-0.01559077242,-0.01227948519,-0.009811619704,-0.01959461338,-0.01604375627,0.01114502794,4.093222591e-05,True,
2016-09-23,2016-09-22,UKX,RealGARCH,RealGARCH11-logRVscaled-studentt,1,0.006318895913,3.992844555e-05,-0.01576589844,-0.01241790868,-0.009922689196,-0.01981411825,-0.01622390319,-0.0002894188531,3.278918222e-05,True,
2016-09-26,2016-09-23,UKX,RealGARCH,RealGARCH11-logRVscaled-studentt,1,0.006058494577,3.670535653e-05,-0.01510757284,-0.01189755354,-0.00950516191,-0.01898896574,-0.01554670324,-0.01331661543,5.209740548e-05,True,
2016-09-27,2016-09-26,UKX,RealGARCH,RealGARCH11-logRVscaled-studentt,1,0.006545070807,4.283795186e-05,-0.01633769552,-0.01286986975,-0.01028533783,-0.02053081496,-0.01681209383,-0.001511820576,4.93112058e-05,True,
2016-09-28,2016-09-27,UKX,RealGARCH,RealGARCH11-logRVscaled-studentt,1,0.006750831129,4.557372094e-05,-0.01685788213,-0.01328103677,-0.01061525376,-0.02118282254,-0.01734719431,0.00610668975,5.699042506e-05,True,
2016-09-29,2016-09-28,UKX,RealGARCH,RealGARCH11-logRVscaled-studentt,1,0.007087314169,5.023002212e-05,-0.01770855134,-0.01395342456,-0.01115477039,-0.02224906063,-0.01822225241,0.01016800362,6.74502732e-05,True,
2016-09-30,2016-09-29,UKX,RealGARCH,RealGARCH11-logRVscaled-studentt,1,0.007552932591,5.704679072e-05,-0.01888569018,-0.01488386117,-0.01190134258,-0.02372449933,-0.0194331401,-0.002909117587,0.0001204536458,True,
2016-10-03,2016-09-30,UKX,RealGARCH,RealGARCH11-logRVscaled-studentt,1,0.008875408355,7.877287347e-05,-0.02222906648,-0.01752653985,-0.01402179912,-0.02791512373,-0.02287237178,0.01213029485,8.675384086e-05,True,
2016-10-04,2016-10-03,UKX,RealGARCH,RealGARCH11-logRVscaled-studentt,1,0.009039118724,8.170566731e-05,-0.0226429458,-0.01785367923,-0.0142842922,-0.02843388459,-0.02329811711,0.01291824738,8.865290539e-05,True,
2016-10-05,2016-10-04,UKX,RealGARCH,RealGARCH11-logRVscaled-studentt,1,0.009174399276,8.416960208e-05,-0.02298495115,-0.01812400783,-0.01450120092,-0.02886255784,-0.02364992784,-0.0058124864,4.844256457e-05,True,
2016-10-06,2016-10-05,UKX,RealGARCH,RealGARCH11-logRVscaled-studentt,1,0.0081119035,6.580297839e-05,-0.02029883524,-0.01600084232,-0.01279759607,-0.02549575079,-0.02088680036,-0.004745835686,5.204439041e-05,True,
2016-10-07,2016-10-06,UKX,RealGARCH,RealGARCH11-logRVscaled-studentt,1,0.007694982706,5.921275884e-05,-0.0192448098,-0.01516771727,-0.01212910562,-0.02417462378,-0.01980255576,0.006322811972,9.65835019e-05,True,
2016-10-10,2016-10-07,UKX,RealGARCH,RealGARCH11-logRVscaled-studentt,1,0.008547474444,7.305931937e-05,-0.02140001048,-0.01687123562,-0.01349599016,-0.02687597587,-0.02201954655,0.007509648338,5.767739156e-05,True,
2016-10-11,2016-10-10,UKX,RealGARCH,RealGARCH11-logRVscaled-studentt,1,0.008100661807,6.562072171e-05,-0.0202704149,-0.01597837826,-0.01277957115,-0.02546012843,-0.0208575652,-0.003754852974,5.719502939e-05,True,
2016-10-12,2016-10-11,UKX,RealGARCH,RealGARCH11-logRVscaled-studentt,1,0.007848373586,6.159696795e-05,-0.01963260022,-0.01547423541,-0.01237505243,-0.02466068453,-0.02020146422,-0.006654900058,7.081373364e-05,True,
2016-10-13,2016-10-12,UKX,RealGARCH,RealGARCH11-logRVscaled-studentt,1,0.008078061661,6.525508019e-05,-0.02021327904,-0.01593321681,-0.0127433341,-0.02538851371,-0.02079879124,-0.006613478808,7.544698254e-05,True,
2016-10-14,2016-10-13,UKX,RealGARCH,RealGARCH11-logRVscaled-studentt,1,0.008322334602,6.926125324e-05,-0.02083083014,-0.01642134287,-0.01313500113,-0.02616255901,-0.02143404767,0.00513175774,4.936192879e-05,True,
2016-10-17,2016-10-14,UKX,RealGARCH,RealGARCH11-logRVscaled-studentt,1,0.007715955412,5.953596793e-05,-0.0192978313,-0.01520962664,-0.01216273324,-0.02424108151,-0.0198570974,-0.009454844962,8.847834933e-05,True,
2016-10-18,2016-10-17,UKX,RealGARCH,RealGARCH11-logRVscaled-studentt,1,0.008398891369,7.054137623e-05,-0.02102437477,-0.01657432483,-0.01325775219,-0.02640514996,-0.02163314127,0.007528158364,3.949820209e-05,True,
2016-10-19,2016-10-18,UKX,RealGARCH,RealGARCH11-logRVscaled-studentt,1,0.00738854386,5.459058037e-05,-0.01847009589,-0.01455536623,-0.01163776183,-0.02320358889,-0.01900563062,0.003109374064,3.683095444e-05,True,
2016-10-20,2016-10-19,UKX,RealGARCH,RealGARCH11-logRVscaled-studentt,1,0.00677719931,4.593043049e-05,-0.01692454403,-0.01333372781,-0.01065753248,-0.0212663773,-0.01741576743,0.0007118046069,4.316464885e-05,True,
2016-10-21,2016-10-20,UKX,RealGARCH,RealGARCH11-logRVscaled-studentt,1,0.006686483431,4.470906067e-05,-0.01669520348,-0.01315245196,-0.01051207872,-0.02097891934,-0.01717985163,-0.0009111867659,3.617578589e-05,True,
2016-10-24,2016-10-21,UKX,RealGARCH,RealGARCH11-logRVscaled-studentt,1,0.006386716939,4.079015326e-05,-0.01593735807,-0.01255343417,-0.01003143337,-0.02002902763,-0.01640027862,-0.004869052482,3.700793601e-05,True,
2016-10-25,2016-10-24,UKX,RealGARCH,RealGARCH11-logRVscaled-studentt,1,0.006256944717,3.914935719e-05,-0.01560927843,-0.01229411276,-0.0098233567,-0.01961780902,-0.01606279286,0.004455905116,4.578277615e-05,True,
2016-10-26,2016-10-25,UKX,RealGARCH,RealGARCH11-logRVscaled-studentt,1,0.006478775729,4.197453495e-05,-0.01617009366,-0.01273739353,-0.01017904036,-0.02032074096,-0.01663968679,-0.00851483055,6.633196047e-05,True,
2016-10-27,2016-10-26,UKX,RealGARCH,RealGARCH11-logRVscaled-studentt,1,0.007159572246,5.125947475e-05,-0.01789122837,-0.01409781653,-0.01127062893,-0.02247803002,-0.01841016683,0.004087580125,0.0001139918953,True,
2016-10-28,2016-10-27,UKX,RealGARCH,RealGARCH11-logRVscaled-studentt,1,0.008513058786,7.24721699e-05,-0.0213130036,-0.01680246346,-0.01344080813,-0.0267669205,-0.02193004516,0.00138736723,9.268275248e-05,True,
2016-10-31,2016-10-28,UKX,RealGARCH,RealGARCH11-logRVscaled-studentt,1,0.0089600965,8.028332929e-05,-0.0224431682,-0.01769577059,-0.01415758803,-0.02818348116,-0.02309261185,-0.006035588373,4.172368165e-05,True,
2016-11-01,2016-10-31,UKX,RealGARCH,RealGARCH11-logRVscaled-studentt,1,0.007750522734,6.007060265e-05,-0.01938522161,-0.01527870187,-0.01221815845,-0.02435061748,-0.01994699321,-0.005349200822,8.076962627e-05,True,
2016-11-02,2016-11-01,UKX,RealGARCH,RealGARCH11-logRVscaled-studentt,1,0.008254613604,6.813864576e-05,-0.02065962339,-0.01628601726,-0.01302641734,-0.0259479666,-0.02125793239,-0.01041974128,6.382423856e-05,True,
2016-11-03,2016-11-02,UKX,RealGARCH,RealGARCH11-logRVscaled-studentt,1,0.008122132281,6.596903279e-05,-0.02032469482,-0.01602128231,-0.01281399689,-0.02552816347,-0.02091340134,-0.00805230297,0.0001110226107,True,
2016-11-04,2016-11-03,UKX,RealGARCH,RealGARCH11-logRVscaled-studentt,1,0.009078538354,8.241985865e-05,-0.02274260332,-0.01793245074,-0.0143474976,-0.02855879641,-0.02340063184,-0.01441757963,0.0001009575037,True,
2016-11-07,2016-11-04,UKX,RealGARCH,RealGARCH11-logRVscaled-studentt,1,0.009460051214,8.949256898e-05,-0.02370711328,-0.01869482078,-0.014959215,-0.02976772375,-0.02439279453,0.01682979227,5.568710312e-05,True,
2016-11-08,2016-11-07,UKX,RealGARCH,RealGARCH11-logRVscaled-studentt,1,0.008504927049,7.233378411e-05,-0.0212924456,-0.01678621396,-0.01342776971,-0.02674115287,-0.02190889776,0.005304070457,3.284004898e-05,True,
2016-11-09,2016-11-08,UKX,RealGARCH,RealGARCH11-logRVscaled-studentt,1,0.007147623959,5.108852825e-05,-0.01786102167,-0.01407394049,-0.01125147106,-0.02244016861,-0.0183790941,0.009989208027,0.0004362285371,True,
2016-11-10,2016-11-09,UKX,RealGARCH,RealGARCH11-logRVscaled-studentt,1,0.01138523486,0.0001296235727,-0.02857420689,-0.02254187937,-0.01804605285,-0.03586819209,-0.02939942886,-0.01219826275,0.0001506310942,True,
2016-11-11,2016-11-10,UKX,RealGARCH,RealGARCH11-logRVscaled-studentt,1,0.01170195349,0.0001369357155,-0.02937490934,-0.02317477232,-0.01855387925,-0.03687180129,-0.03022308763,-0.01439724224,0.0001573115265,True,
2016-11-14,2016-11-11,UKX,RealGARCH,RealGARCH11-logRVscaled-studentt,1,0.01199419394,0.0001438606883,-0.03011372802,-0.02375875096,-0.01902245735,-0.0377978447,-0.03098308841,0.003381932802,8.702084469e-05,True,
2016-11-15,2016-11-14,UKX,RealGARCH,RealGARCH11-logRVscaled-studentt,1,0.01069154387,0.0001143091104,-0.02682047344,-0.0211556896,-0.01693378931,-0.03367004341,-0.02759541546,0.005832039336,8.121533854e-05,True,
2016-11-16,2016-11-15,UKX,RealGARCH,RealGARCH11-logRVscaled-studentt,1,0.009880922171,9.763262296e-05,-0.0247711252,-0.01953583937,-0.01563403914,-0.03110136792,-0.02548731193,-0.00635044649,7.916987709e-05,True,
2016-11-17,2016-11-16,UKX,RealGARCH,RealGARCH11-logRVscaled-studentt,1,0.009405346013,8.846053363e-05,-0.02356881202,-0.01858550439,-0.01487150073,-0.02959437543,-0.02425052814,0.006644836874,5.12598729e-05,True,
2016-11-18,2016-11-17,UKX,RealGARCH,RealGARCH11-logRVscaled-studentt,1,0.00832633004,6.932777193e-05,-0.02084093108,-0.01642932688,-0.01314140741,-0.02617521964,-0.02144443821,-0.00278551302,8.422280062e-05,True,
2016-11-21,2016-11-18,UKX,RealGARCH,RealGARCH11-logRVscaled-studentt,1,0.008668229759,7.513820716e-05,-0.0217052943,-0.01711253872,-0.01368960914,-0.02725862196,-0.02233358293,0.0003246609882,0.0001230670555,True,
2016-11-22,2016-11-21,UKX,RealGARCH,RealGARCH11-logRVscaled-studentt,1,0.009625639155,9.265292913e-05,-0.02412573932,-0.01902571207,-0.01522471857,-0.0302924342,-0.02482342268,0.006133438027,4.024289703e-05,True,
2016-11-23,2016-11-22,UKX,RealGARCH,RealGARCH11-logRVscaled-studentt,1,0.008002026264,6.403242433e-05,-0.0200210525,-0.01578127669,-0.012621419,-0.02514757486,-0.02060105352,-0.0002933110354,8.12386534e-05,True,
2016-11-24,2016-11-23,UKX,RealGARCH,RealGARCH11-logRVscaled-studentt,1,0.008412880674,7.077656123e-05,-0.02105974139,-0.0166022794,-0.01328018262,-0.02644947888,-0.02166952187,0.001685364793,3.502276344e-05,True,
2016-11-25,2016-11-24,UKX,RealGARCH,RealGARCH11-logRVscaled-studentt,1,0.007204611774,5.190643081e-05,-0.01800509366,-0.01418781817,-0.01134284527,-0.02262075002,-0.01852729667,0.001697090385,2.546307672e-05,True,
2016-11-28,2016-11-25,UKX,RealGARCH,RealGARCH11-logRVscaled-studentt,1,0.006167863833,3.804254426e-05,-0.01538407135,-0.01211610409,-0.009680524485,-0.01933553199,-0.01583112903,-0.006055575287,0.0001104082365,True,
2016-11-29,2016-11-28,UKX,RealGARCH,RealGARCH11-logRVscaled-studentt,1,0.007782402129,6.05657829e-05,-0.01946581652,-0.01534240587,-0.01226927385,-0.02445163601,-0.02002989879,-0.004052615796,8.667939749e-05,True,
2016-11-30,2016-11-29,UKX,RealGARCH,RealGARCH11-logRVscaled-studentt,1,0.008401391312,7.058337598e-05,-0.02103069492,-0.01657932042,-0.01326176059,-0.02641307171,-0.02163964263,0.001740923907,0.0001301665142,True,
2016-12-01,2016-11-30,UKX,RealGARCH,RealGARCH11-logRVscaled-studentt,1,0.00957595706,9.169895361e-05,-0.02400013707,-0.01892643327,-0.01514505834,-0.03013500296,-0.02469421938,-0.004565360441,0.0001013027414,True,
2016-12-02,2016-12-01,UKX,RealGARCH,RealGARCH11-logRVscaled-studentt,1,0.009751692894,9.509551429e-05,-0.02444441819,-0.01927760291,-0.01542683303,-0.03069186979,-0.02515123815,-0.003292848631,8.884311861e-05,True,
2016-12-05,2016-12-02,UKX,RealGARCH,RealGARCH11-logRVscaled-studentt,1,0.009573690841,9.165555632e-05,-0.0239944078,-0.01892190472,-0.01514142468,-0.03012782183,-0.02468832585,0.002389110393,0.0001312284023,True,
2016-12-06,2016-12-05,UKX,RealGARCH,RealGARCH11-logRVscaled-studentt,1,0.01031455378,0.0001063900197,-0.02586739758,-0.02040235733,-0.01632932371,-0.03247544771,-0.02661501469,0.004879284731,5.960532665e-05,True,
2016-12-07,2016-12-06,UKX,RealGARCH,RealGARCH11-logRVscaled-studentt,1,0.009056148459,8.201382492e-05,-0.022685999,-0.01788770943,-0.01431159766,-0.02848784794,-0.02334240466,0.01789265539,5.610728278e-05,True,
2016-12-08,2016-12-07,UKX,RealGARCH,RealGARCH11-logRVscaled-studentt,1,0.00831490003,6.913756251e-05,-0.02081203465,-0.01640648651,-0.01312308054,-0.02613900054,-0.02141471332,0.004250451306,5.446874199e-05,True,
2016-12-09,2016-12-08,UKX,RealGARCH,RealGARCH11-logRVscaled-studentt,1,0.007878897869,6.207703163e-05,-0.01970976924,-0.01553523151,-0.01242399504,-0.02475740903,-0.0202808457,0.003255140716,3.66735099e-05,True,
2016-12-12,2016-12-09,UKX,RealGARCH,RealGARCH11-logRVscaled-studentt,1,0.007016857086,4.923628336e-05,-0.01753042744,-0.01381263148,-0.01104179956,-0.02202579819,-0.01803902166,-0.009216697368,6.833431328e-05,True,
2016-12-13,2016-12-12,UKX,RealGARCH,RealGARCH11-logRVscaled-studentt,1,0.007532428986,5.673748642e-05,-0.01883385463,-0.0148428892,-0.01186846712,-0.02365952807,-0.01937981841,0.01128523356,6.366042038e-05,True,
2016-12-14,2016-12-13,UKX,RealGARCH,RealGARCH11-logRVscaled-studentt,1,0.007715207852,5.95244322e-05,-0.01929594138,-0.0152081328,-0.0121615346,-0.02423871266,-0.0198551533,-0.00278778473,4.747358643e-05,True,
2016-12-15,2016-12-14,UKX,RealGARCH,RealGARCH11-logRVscaled-studentt,1,0.007335677422,5.381216324e-05,-0.01833644323,-0.01444972422,-0.01155299582,-0.0230360672,-0.01886814611,0.007140708609,8.071113479e-05,True,
2016-12-16,2016-12-15,UKX,RealGARCH,RealGARCH11-logRVscaled-studentt,1,0.008005006938,6.408013607e-05,-0.02002858799,-0.01578723291,-0.01262619821,-0.02515701994,-0.02060880506,0.001798652636,6.355664291e-05,True,
2016-12-19,2016-12-16,UKX,RealGARCH,RealGARCH11-logRVscaled-studentt,1,0.007977531255,6.364100492e-05,-0.01995912619,-0.01573232877,-0.01258214373,-0.02506995576,-0.02053735177,0.0007983715187,2.980573228e-05,True,
2016-12-20,2016-12-19,UKX,RealGARCH,RealGARCH11-logRVscaled-studentt,1,0.006754190144,4.56190845e-05,-0.01686637412,-0.01328774903,-0.01062063961,-0.02119346649,-0.01735592977,0.003811884772,3.398818746e-05,True,
2016-12-21,2016-12-20,UKX,RealGARCH,RealGARCH11-logRVscaled-studentt,1,0.006336076154,4.014586103e-05,-0.01580933214,-0.01245223963,-0.009950235981,-0.01986855852,-0.01626858215,-0.0003691905161,2.32858803e-05,True,
2016-12-22,2016-12-21,UKX,RealGARCH,RealGARCH11-logRVscaled-studentt,1,0.005632723939,3.172757897e-05,-0.01403117394,-0.01104674401,-0.008822481622,-0.01763979559,-0.01443944373,0.003162021032,1.803046515e-05,True,
2016-12-23,2016-12-22,UKX,RealGARCH,RealGARCH11-logRVscaled-studentt,1,0.004991152669,2.491160497e-05,-0.01240920533,-0.009764704096,-0.007793786781,-0.01560680241,-0.01277097291,0.0006368570437,,True,
2016-12-28,2016-12-23,UKX,RealGARCH,RealGARCH11-logRVscaled-studentt,1,0.00500665048,2.506654903e-05,-0.01244838564,-0.009795673083,-0.007818635958,-0.01565591144,-0.01281127653,0.005347705712,2.257142332e-05,True,RV_imputed_in_recursion
2016-12-29,2016-12-28,UKX,RealGARCH,RealGARCH11-logRVscaled-studentt,1,0.004908904984,2.409734814e-05,-0.01220127338,-0.009600350079,-0.00766191091,-0.01534617823,-0.0125570795,0.001996248076,1.581381417e-05,True,
2016-12-30,2016-12-29,UKX,RealGARCH,RealGARCH11-logRVscaled-studentt,1,0.004494174387,2.019760342e-05,-0.01115278502,-0.008771601657,-0.006996932216,-0.01403199146,-0.01147853073,0.003154997059,6.203404258e-05,True,
2017-01-03,2016-12-30,UKX,RealGARCH,RealGARCH11-logRVscaled-studentt,1,0.00575915125,3.316782312e-05,-0.01435079724,-0.01129938135,-0.009025195069,-0.01804041494,-0.01476823072,0.004902018478,5.717818213e-05,True,
2017-01-04,2017-01-03,UKX,RealGARCH,RealGARCH11-logRVscaled-studentt,1,0.006493468606,4.216513453e-05,-0.016207239,-0.01276675403,-0.01020259891,-0.02036729934,-0.0166778971,0.001642625849,2.043323777e-05,True,
2017-01-05,2017-01-04,UKX,RealGARCH,RealGARCH11-logRVscaled-studentt,1,0.005550118441,3.080381471e-05,-0.0138223374,-0.01088167498,-0.008690032035,-0.01737803759,-0.0142246198,0.000778534624,3.090909599e-05,True,
2017-01-06,2017-01-05,UKX,RealGARCH,RealGARCH11-logRVscaled-studentt,1,0.005565530458,3.097512928e-05,-0.01386130081,-0.01091247253,-0.008714743651,-0.01742687476,-0.01426470031,0.002054826427,2.842182978e-05,True,
2017-01-09,2017-01-06,UKX,RealGARCH,RealGARCH11-logRVscaled-studentt,1,0.005473405913,2.995817229e-05,-0.01362839899,-0.01072838177,-0.008567031232,-0.01713495307,-0.01402512113,0.003834431457,3.536550528e-05,True,
2017-01-10,2017-01-09,UKX,RealGARCH,RealGARCH11-logRVscaled-studentt,1,0.005686714511,3.233872193e-05,-0.01416766854,-0.01115463236,-0.008909050061,-0.01781087941,-0.01457985167,0.005195273343,2.601783332e-05,True,
2017-01-11,2017-01-10,UKX,RealGARCH,RealGARCH11-logRVscaled-studentt,1,0.005433901484,2.952728534e-05,-0.01352852708,-0.0106494408,-0.008503689864,-0.01700977253,-0.01392238588,0.002059591556,4.03860269e-05,True,
2017-01-12,2017-01-11,UKX,RealGARCH,RealGARCH11-logRVscaled-studentt,1,0.005829655698,3.398488556e-05,-0.01452904089,-0.01144026907,-0.009138241842,-0.01826382747,-0.01495158465,0.0002605657343,3.256025493e-05,True,
2017-01-13,2017-01-12,UKX,RealGARCH,RealGARCH11-logRVscaled-studentt,1,0.005784538991,3.346089134e-05,-0.01441498048,-0.0113501132,-0.009065901751,-0.0181208629,-0.0148342541,0.006206347095,3.466642835e-05,True,
2017-01-16,2017-01-13,UKX,RealGARCH,RealGARCH11-logRVscaled-studentt,1,0.005838625663,3.408954964e-05,-0.01455171803,-0.01145819359,-0.009152624277,-0.01829225125,-0.01497491195,-0.001459226994,2.495634954e-05,True,
2017-01-17,2017-01-16,UKX,RealGARCH,RealGARCH11-logRVscaled-studentt,1,0.005464347902,2.9859098e-05,-0.01360549926,-0.01071028131,-0.008552507625,-0.01710625029,-0.01400156486,-0.01466947715,3.48310296e-05,True,
2017-01-18,2017-01-17,UKX,RealGARCH,RealGARCH11-logRVscaled-studentt,1,0.005662715858,3.206635089e-05,-0.01410699708,-0.0111066763,-0.008870570641,-0.01773483315,-0.01451744075,0.003760053642,3.783350575e-05,True,
2017-01-19,2017-01-18,UKX,RealGARCH,RealGARCH11-logRVscaled-studentt,1,0.005880689626,3.458251048e-05,-0.01465806074,-0.01154224922,-0.0092200696,-0.01842554236,-0.01508430353,-0.005423394035,4.4909572e-05,True,
2017-01-20,2017-01-19,UKX,RealGARCH,RealGARCH11-logRVscaled-studentt,1,0.00623331231,3.885418236e-05,-0.01554953289,-0.01224688856,-0.009785464519,-0.01954292331,-0.0160013344,-0.001388233576,3.158487082e-05,True,
2017-01-23,2017-01-20,UKX,RealGARCH,RealGARCH11-logRVscaled-studentt,1,0.005964092384,3.557039797e-05,-0.01486891285,-0.0117089114,-0.009353797513,-0.0186898267,-0.01530120082,-0.006578563431,3.963462242e-05,True,
2017-01-24,2017-01-23,UKX,RealGARCH,RealGARCH11-logRVscaled-studentt,1,0.006113963411,3.73805486e-05,-0.01524780466,-0.01200839588,-0.009594100594,-0.01916473384,-0.01569095554,-0.0001259154636,3.418298609e-05,True,
2017-01-25,2017-01-24,UKX,RealGARCH,RealGARCH11-logRVscaled-studentt,1,0.006002643723,3.603173166e-05,-0.01496637522,-0.01178594782,-0.009415610697,-0.01881198711,-0.01540145746,0.001970017094,4.602698829e-05,True,
2017-01-26,2017-01-25,UKX,RealGARCH,RealGARCH11-logRVscaled-studentt,1,0.006338530393,4.017696754e-05,-0.01581553674,-0.01245714389,-0.009954171105,-0.01987633544,-0.01627496464,-0.0004048474524,2.643102153e-05,True,
2017-01-27,2017-01-26,UKX,RealGARCH,RealGARCH11-logRVscaled-studentt,1,0.005791202423,3.353802551e-05,-0.01443182643,-0.01136342861,-0.009076585893,-0.0181419778,-0.01485158302,0.003206471449,2.58918879e-05,True,
2017-01-30,2017-01-27,UKX,RealGARCH,RealGARCH11-logRVscaled-studentt,1,0.005483334828,3.006696084e-05,-0.01365350047,-0.01074822253,-0.008582951247,-0.01716641554,-0.01405094228,-0.009228898615,3.522158877e-05,True,
2017-01-31,2017-01-30,UKX,RealGARCH,RealGARCH11-logRVscaled-studentt,1,0.005687398579,3.23465026e-05,-0.01416939794,-0.01115599932,-0.008910146896,-0.01781304707,-0.01458163065,-0.002714899961,6.612394509e-05,True,
2017-02-01,2017-01-31,UKX,RealGARCH,RealGARCH11-logRVscaled-studentt,1,0.00665536505,4.429388395e-05,-0.0166165325,-0.01309026868,-0.01046218353,-0.02088031228,-0.01709892514,0.001196601761,5.695587433e-05,True,
2017-02-02,2017-02-01,UKX,RealGARCH,RealGARCH11-logRVscaled-studentt,1,0.007030556245,4.942872111e-05,-0.01756506055,-0.01384000625,-0.01106376478,-0.0220692077,-0.0180746477,0.004646056713,6.13748387e-05,True,
2017-02-03,2017-02-02,UKX,RealGARCH,RealGARCH11-logRVscaled-studentt,1,0.007366616579,5.426703982e-05,-0.01841466111,-0.01451154936,-0.01160260364,-0.02313410633,-0.01894860651,0.006629889565,3.941229903e-05,True,
2017-02-06,2017-02-03,UKX,RealGARCH,RealGARCH11-logRVscaled-studentt,1,0.006866360242,4.714690297e-05,-0.01714995349,-0.01351189644,-0.01080049305,-0.02154890798,-0.01764763943,-0.002242208383,3.863996366e-05,True,
2017-02-07,2017-02-06,UKX,RealGARCH,RealGARCH11-logRVscaled-studentt,1,0.006575047898,4.323125485e-05,-0.01641348117,-0.01292977241,-0.01033340308,-0.02062580553,-0.01689005228,0.001950078568,4.962608586e-05,True,
2017-02-08,2017-02-07,UKX,RealGARCH,RealGARCH11-logRVscaled-studentt,1,0.006777351793,4.593249732e-05,-0.01692492952,-0.01333403252,-0.01065777697,-0.02126686048,-0.01741616397,0.0003616848735,3.801317639e-05,True,
2017-02-09,2017-02-08,UKX,RealGARCH,RealGARCH11-logRVscaled-studentt,1,0.006504422934,4.23075177e-05,-0.01623493285,-0.01278864386,-0.01022016307,-0.02040201111,-0.01670638493,0.005645645278,3.055476972e-05,True,
2017-02-10,2017-02-09,UKX,RealGARCH,RealGARCH11-logRVscaled-studentt,1,0.006062929963,3.675911974e-05,-0.01511878602,-0.01190641669,-0.009512273605,-0.01900302047,-0.01555823791,0.004044621569,3.457072465e-05,True,
2017-02-13,2017-02-10,UKX,RealGARCH,RealGARCH11-logRVscaled-studentt,1,0.005989431568,3.587329051e-05,-0.01493297332,-0.01175954622,-0.00939442634,-0.0187701208,-0.01536709792,0.002765239373,1.772379801e-05,True,
2017-02-14,2017-02-13,UKX,RealGARCH,RealGARCH11-logRVscaled-studentt,1,0.005145057524,2.647161693e-05,-0.01279829514,-0.0100722493,-0.008040557698,-0.01609449183,-0.01317121801,-0.001416024158,3.470436732e-05,True,
2017-02-15,2017-02-14,UKX,RealGARCH,RealGARCH11-logRVscaled-studentt,1,0.00547218491,2.994480769e-05,-0.01362531215,-0.01072594186,-0.008565073477,-0.01713108399,-0.01402194579,0.004639333556,2.242749327e-05,True,
2017-02-16,2017-02-15,UKX,RealGARCH,RealGARCH11-logRVscaled-studentt,1,0.005150188791,2.652444459e-05,-0.01281126759,-0.01008250301,-0.008048785167,-0.01611075164,-0.01318456239,-0.003360702234,3.348541107e-05,True,
2017-02-17,2017-02-16,UKX,RealGARCH,RealGARCH11-logRVscaled-studentt,1,0.005432836159,2.951570873e-05,-0.01352583381,-0.01064731198,-0.008501981722,-0.01700639676,-0.01391961539,0.003032002563,4.329884872e-05,True,
2017-02-20,2017-02-17,UKX,RealGARCH,RealGARCH11-logRVscaled-studentt,1,0.005917909539,3.502165331e-05,-0.01475215711,-0.01161662508,-0.009279747977,-0.01854348378,-0.01518109767,-1.371214881e-05,1.947393888e-05,True,
2017-02-21,2017-02-20,UKX,RealGARCH,RealGARCH11-logRVscaled-studentt,1,0.005216515868,2.72120378e-05,-0.01297895035,-0.01021504318,-0.008155133947,-0.01632092704,-0.01335705265,-0.00344434154,3.404679513e-05,True,
2017-02-22,2017-02-21,UKX,RealGARCH,RealGARCH11-logRVscaled-studentt,1,0.005491383664,3.015529454e-05,-0.01367384888,-0.01076430637,-0.008595856743,-0.01719192046,-0.01407187409,0.003773045854,3.70018454e-05,True,
2017-02-23,2017-02-22,UKX,RealGARCH,RealGARCH11-logRVscaled-studentt,1,0.005753353503,3.310107653e-05,-0.01433613985,-0.01128779582,-0.009015898965,-0.0180220432,-0.01475315309,-0.004240508577,2.664978304e-05,True,
2017-02-24,2017-02-23,UKX,RealGARCH,RealGARCH11-logRVscaled-studentt,1,0.005497767428,3.02254467e-05,-0.0136899878,-0.01077706293,-0.008606092466,-0.01721214916,-0.01408847571,-0.003816679243,5.710692086e-05,True,
2017-02-27,2017-02-24,UKX,RealGARCH,RealGARCH11-logRVscaled-studentt,1,0.006326410486,4.002346964e-05,-0.01578489618,-0.01243292491,-0.009934738057,-0.01983793022,-0.0162434456,0.001283023881,2.729039785e-05,True,
2017-02-28,2017-02-27,UKX,RealGARCH,RealGARCH11-logRVscaled-studentt,1,0.005825416005,3.393547163e-05,-0.01451832244,-0.01143179697,-0.009131443921,-0.01825039285,-0.0149405589,0.001432848895,1.627648494e-05,True,
2017-03-01,2017-02-28,UKX,RealGARCH,RealGARCH11-logRVscaled-studentt,1,0.004973409522,2.473480228e-05,-0.01236434854,-0.009729248297,-0.007765337434,-0.01555057842,-0.01272483006,0.01631847681,3.519016832e-05,True,
2017-03-02,2017-03-01,UKX,RealGARCH,RealGARCH11-logRVscaled-studentt,1,0.005386290229,2.901212243e-05,-0.01340816016,-0.01055430012,-0.008427350017,-0.01685890331,-0.013798568,-6.772635935e-05,1.955351514e-05,True,
2017-03-03,2017-03-02,UKX,RealGARCH,RealGARCH11-logRVscaled-studentt,1,0.004955247216,2.455447497e-05,-0.01231843207,-0.009692954898,-0.007736216008,-0.01549302621,-0.01267759715,-0.001097819699,2.152452742e-05,True,
2017-03-06,2017-03-03,UKX,RealGARCH,RealGARCH11-logRVscaled-studentt,1,0.004830739426,2.33360434e-05,-0.01200366154,-0.009444153302,-0.007536580321,-0.01509848939,-0.01235380208,-0.003287024116,1.860973304e-05,True,
2017-03-07,2017-03-06,UKX,RealGARCH,RealGARCH11-logRVscaled-studentt,1,0.004614702693,2.129548094e-05,-0.01145749494,-0.009012451124,-0.007190187201,-0.0144139182,-0.01179197676,-0.001511338345,1.080205875e-05,True,
2017-03-08,2017-03-07,UKX,RealGARCH,RealGARCH11-logRVscaled-studentt,1,0.003997358198,1.597887257e-05,-0.009896774507,-0.007778823125,-0.006200337551,-0.01245769415,-0.0101865101,-0.0005997031543,3.672824287e-05,True,
2017-03-09,2017-03-08,UKX,RealGARCH,RealGARCH11-logRVscaled-studentt,1,0.004815475695,2.318880617e-05,-0.01196507301,-0.009413652073,-0.007512106467,-0.0150501221,-0.01231410721,-0.002675855937,4.727342929e-05,True,
2017-03-10,2017-03-09,UKX,RealGARCH,RealGARCH11-logRVscaled-studentt,1,0.005641126491,3.182230809e-05,-0.01405241659,-0.01106353467,-0.008835954268,-0.01766642137,-0.01446129542,0.003834075663,2.639248835e-05,True,
2017-03-13,2017-03-10,UKX,RealGARCH,RealGARCH11-logRVscaled-studentt,1,0.00542650228,2.944692699e-05,-0.01350982101,-0.01063465511,-0.008491825986,-0.01698632614,-0.0139031435,0.003263044823,1.890921287e-05,True,
2017-03-14,2017-03-13,UKX,RealGARCH,RealGARCH11-logRVscaled-studentt,1,0.00493965795,2.440022066e-05,-0.01227902054,-0.009661803158,-0.007711220191,-0.01544362737,-0.01263705569,-0.001249602336,3.442575553e-05,True,
2017-03-15,2017-03-14,UKX,RealGARCH,RealGARCH11-logRVscaled-studentt,1,0.005340412618,2.852000693e-05,-0.01329217609,-0.01046262374,-0.008353789893,-0.01671352761,-0.01367925865,0.00145318954,1.968197498e-05,True,
2017-03-16,2017-03-15,UKX,RealGARCH,RealGARCH11-logRVscaled-studentt,1,0.004938788256,2.439162944e-05,-0.01227682186,-0.009660065265,-0.007709825725,-0.01544087151,-0.01263479397,0.006412086102,3.410751047e-05,True,
2017-03-17,2017-03-16,UKX,RealGARCH,RealGARCH11-logRVscaled-studentt,1,0.005329123966,2.839956225e-05,-0.01326363704,-0.01044006584,-0.008335689678,-0.01667775645,-0.01364990137,0.001212856425,2.422272035e-05,True,
2017-03-20,2017-03-17,UKX,RealGARCH,RealGARCH11-logRVscaled-studentt,1,0.005160619545,2.663199409e-05,-0.01283763778,-0.0101033466,-0.008065509829,-0.01614380433,-0.01321168862,0.0006462295325,2.006652828e-05,True,
2017-03-21,2017-03-20,UKX,RealGARCH,RealGARCH11-logRVscaled-studentt,1,0.004866173411,2.367964367e-05,-0.01209324288,-0.009514960373,-0.007593395142,-0.01521077161,-0.01244595173,-0.006955680876,4.436501067e-05,True,
2017-03-22,2017-03-21,UKX,RealGARCH,RealGARCH11-logRVscaled-studentt,1,0.005596272113,3.131826156e-05,-0.01393901938,-0.010973903,-0.008764034795,-0.01752428806,-0.01434464708,-0.00729100829,3.822398901e-05,True,
2017-03-23,2017-03-22,UKX,RealGARCH,RealGARCH11-logRVscaled-studentt,1,0.005855323414,3.428481228e-05,-0.01459393193,-0.01149156039,-0.009179397436,-0.01834516261,-0.01501833613,0.002182007436,2.749954589e-05,True,
2017-03-24,2017-03-23,UKX,RealGARCH,RealGARCH11-logRVscaled-studentt,1,0.005589663112,3.124433371e-05,-0.01392231104,-0.01096069636,-0.008753437929,-0.01750334564,-0.01432745971,-0.0005314788066,1.73450917e-05,True,
2017-03-27,2017-03-24,UKX,RealGARCH,RealGARCH11-logRVscaled-studentt,1,0.004928249119,2.428763938e-05,-0.01225017766,-0.009639005103,-0.00769292728,-0.01540747539,-0.01260738588,-0.00591921314,4.068661168e-05,True,
2017-03-28,2017-03-27,UKX,RealGARCH,RealGARCH11-logRVscaled-studentt,1,0.005530790351,3.05896419e-05,-0.01377347368,-0.01084305202,-0.008659041392,-0.01731679127,-0.01417435515,0.006818396745,3.198968844e-05,True,
2017-03-29,2017-03-28,UKX,RealGARCH,RealGARCH11-logRVscaled-studentt,1,0.00559639517,3.13196389e-05,-0.01393933048,-0.01097414891,-0.008764232104,-0.017524678,-0.0143449671,0.004117704658,4.110059201e-05,True,
2017-03-30,2017-03-29,UKX,RealGARCH,RealGARCH11-logRVscaled-studentt,1,0.005948455227,3.538411959e-05,-0.01482938025,-0.01167766396,-0.009328724908,-0.01864027611,-0.01526053481,-0.0005697806525,2.199942739e-05,True,
2017-03-31,2017-03-30,UKX,RealGARCH,RealGARCH11-logRVscaled-studentt,1,0.005371932347,2.885765714e-05,-0.01337186172,-0.01052560903,-0.0084043286,-0.01681340645,-0.01376122888,-0.006343450297,2.881802042e-05,True,
2017-04-03,2017-03-31,UKX,RealGARCH,RealGARCH11-logRVscaled-studentt,1,0.00538301741,2.897687644e-05,-0.01339988608,-0.0105477601,-0.008422102382,-0.01684853249,-0.01379005671,-0.005504711651,2.996883439e-05,True,
2017-04-04,2017-04-03,UKX,RealGARCH,RealGARCH11-logRVscaled-studentt,1,0.005435237116,2.954180251e-05,-0.01353190372,-0.01065210977,-0.008505831414,-0.01701400484,-0.01392585932,0.005354473404,2.79125038e-05,True,
2017-04-05,2017-04-04,UKX,RealGARCH,RealGARCH11-logRVscaled-studentt,1,0.005380690645,2.895183182e-05,-0.01339400374,-0.01054311057,-0.008418371648,-0.0168411595,-0.01378400572,0.001351266456,4.308498336e-05,True,
2017-04-06,2017-04-05,UKX,RealGARCH,RealGARCH11-logRVscaled-studentt,1,0.005879969379,3.45740399e-05,-0.01465623987,-0.01154080996,-0.009218914757,-0.01842326006,-0.01508243045,-0.003894804238,4.860292608e-05,True,
2017-04-07,2017-04-06,UKX,RealGARCH,RealGARCH11-logRVscaled-studentt,1,0.006340862222,4.020653371e-05,-0.01582143188,-0.01246180354,-0.009957909958,-0.01988372447,-0.0162810288,0.006306028936,4.777439927e-05,True,
2017-04-10,2017-04-07,UKX,RealGARCH,RealGARCH11-logRVscaled-studentt,1,0.006587562496,4.339597964e-05,-0.01644511957,-0.0129547801,-0.01035346897,-0.02066546144,-0.01692259776,-6.803507982e-05,2.093185912e-05,True,
2017-04-11,2017-04-10,UKX,RealGARCH,RealGARCH11-logRVscaled-studentt,1,0.005624024546,3.16296521e-05,-0.01400918084,-0.01102936017,-0.008808533023,-0.0176122292,-0.01441682009,0.002256307448,6.345504962e-05,True,
2017-04-12,2017-04-11,UKX,RealGARCH,RealGARCH11-logRVscaled-studentt,1,0.006555128536,4.296971012e-05,-0.01636312265,-0.01288996792,-0.01030146439,-0.02056268561,-0.01683824997,-0.002242686726,3.376038586e-05,True,
2017-04-13,2017-04-12,UKX,RealGARCH,RealGARCH11-logRVscaled-studentt,1,0.006222589309,3.872061771e-05,-0.01552242387,-0.01222546098,-0.009768271268,-0.01950894456,-0.01597344815,-0.002916195443,3.531700657e-05,True,
2017-04-18,2017-04-13,UKX,RealGARCH,RealGARCH11-logRVscaled-studentt,1,0.006104778197,3.726831684e-05,-0.01522458334,-0.01199004123,-0.009579373029,-0.01913562799,-0.01566706847,-0.02488540889,7.127687409e-05,True,
2017-04-19,2017-04-18,UKX,RealGARCH,RealGARCH11-logRVscaled-studentt,1,0.007036119386,4.950697602e-05,-0.01757912483,-0.01385112298,-0.01107268472,-0.02208683603,-0.01808911521,-0.004641759886,3.452683519e-05,True,
2017-04-20,2017-04-19,UKX,RealGARCH,RealGARCH11-logRVscaled-studentt,1,0.006503790529,4.229929125e-05,-0.01623333406,-0.01278738014,-0.01021914907,-0.02040000716,-0.0167047403,0.0005761437432,3.990993681e-05,True,
2017-04-21,2017-04-20,UKX,RealGARCH,RealGARCH11-logRVscaled-studentt,1,0.006424923158,4.127963758e-05,-0.01603394795,-0.01262978094,-0.01009269319,-0.02015009443,-0.01649963774,-0.0005480045908,3.426169651e-05,True,
2017-04-24,2017-04-21,UKX,RealGARCH,RealGARCH11-logRVscaled-studentt,1,0.006173390354,3.811074846e-05,-0.01539804305,-0.01212714763,-0.009689385704,-0.01935304428,-0.01584550131,0.02087800466,5.306491892e-05,True,
2017-04-25,2017-04-24,UKX,RealGARCH,RealGARCH11-logRVscaled-studentt,1,0.006640208788,4.409237275e-05,-0.01657821567,-0.01305998221,-0.01043788199,-0.02083228554,-0.01705950975,0.001499268216,2.190659475e-05,True,
2017-04-26,2017-04-25,UKX,RealGARCH,RealGARCH11-logRVscaled-studentt,1,0.005705090606,3.254805883e-05,-0.01421412549,-0.01119135297,-0.008938514277,-0.01786910907,-0.01462764056,0.001798933044,2.61914619e-05,True,
2017-04-27,2017-04-26,UKX,RealGARCH,RealGARCH11-logRVscaled-studentt,1,0.005451519185,2.971906143e-05,-0.01357306673,-0.01068464593,-0.008531938071,-0.01706559901,-0.01396820249,-0.007090812191,3.000064646e-05,True,
2017-04-28,2017-04-27,UKX,RealGARCH,RealGARCH11-logRVscaled-studentt,1,0.005474799606,2.997343073e-05,-0.01363192241,-0.01073116676,-0.008569265878,-0.01713936936,-0.01402874557,-0.00461188577,3.079901609e-05,True,
2017-05-02,2017-04-28,UKX,RealGARCH,RealGARCH11-logRVscaled-studentt,1,0.005519181183,3.046136093e-05,-0.01374412432,-0.01081985363,-0.008640427262,-0.01728000447,-0.01414416434,0.006392742955,3.011490419e-05,True,
2017-05-03,2017-05-02,UKX,RealGARCH,RealGARCH11-logRVscaled-studentt,1,0.005516985125,3.043712487e-05,-0.01373857243,-0.01081546529,-0.008636906105,-0.01727304566,-0.01413845327,-0.002154026197,1.933529312e-05,True,
2017-05-04,2017-05-03,UKX,RealGARCH,RealGARCH11-logRVscaled-studentt,1,0.005009426307,2.509435193e-05,-0.01245540326,-0.009801219966,-0.007823086717,-0.0156647074,-0.01281849535,0.001878129881,2.611504902e-05,True,
2017-05-05,2017-05-04,UKX,RealGARCH,RealGARCH11-logRVscaled-studentt,1,0.005068520306,2.56898981e-05,-0.01260479993,-0.009919306404,-0.007917837986,-0.01585196282,-0.01297217525,0.006778727824,2.656804353e-05,True,
2017-05-08,2017-05-05,UKX,RealGARCH,RealGARCH11-logRVscaled-studentt,1,0.005120737662,2.62219542e-05,-0.01273681163,-0.01002365137,-0.008001563251,-0.01601742773,-0.01310797176,0.0004795079035,3.037027638e-05,True,
2017-05-09,2017-05-08,UKX,RealGARCH,RealGARCH11-logRVscaled-studentt,1,0.005301856298,2.810968021e-05,-0.01319470112,-0.01038557737,-0.008291968722,-0.01659135142,-0.01357898905,0.005640936993,1.918431651e-05,True,
2017-05-10,2017-05-09,UKX,RealGARCH,RealGARCH11-logRVscaled-studentt,1,0.004891655914,2.392829758e-05,-0.01215766568,-0.009565881584,-0.007634253766,-0.01529151986,-0.01251222155,0.005839472147,2.327389161e-05,True,
2017-05-11,2017-05-10,UKX,RealGARCH,RealGARCH11-logRVscaled-studentt,1,0.004878353807,2.379833587e-05,-0.01212403637,-0.009539300232,-0.007612925179,-0.01524936851,-0.01247762808,0.0001895372231,4.150733911e-05,True,
2017-05-12,2017-05-11,UKX,RealGARCH,RealGARCH11-logRVscaled-studentt,1,0.005523545641,3.050955645e-05,-0.01375515819,-0.01082857505,-0.00864742523,-0.01729383444,-0.01415551455,0.006584803715,2.173218996e-05,True,
2017-05-15,2017-05-12,UKX,RealGARCH,RealGARCH11-logRVscaled-studentt,1,0.005141666105,2.643673034e-05,-0.01278972123,-0.01006547229,-0.0080351199,-0.01608374519,-0.01316239829,0.002552084053,1.569410485e-05,True,
2017-05-16,2017-05-15,UKX,RealGARCH,RealGARCH11-logRVscaled-studentt,1,0.004603679547,2.119386537e-05,-0.01142962711,-0.008990423778,-0.007172512699,-0.01437898836,-0.01176330995,0.009027611114,2.378757169e-05,True,
2017-05-17,2017-05-16,UKX,RealGARCH,RealGARCH11-logRVscaled-studentt,1,0.00473915516,2.245959163e-05,-0.0117721256,-0.00926114217,-0.007389734184,-0.01480827971,-0.01211562796,-0.002462481694,3.622692062e-05,True,
2017-05-18,2017-05-17,UKX,RealGARCH,RealGARCH11-logRVscaled-studentt,1,0.005277091486,2.784769455e-05,-0.01313209273,-0.01033609031,-0.008252260843,-0.01651287737,-0.01351458565,-0.008982730758,6.855301906e-05,True,
2017-05-19,2017-05-18,UKX,RealGARCH,RealGARCH11-logRVscaled-studentt,1,0.006434558118,4.140353818e-05,-0.01605830627,-0.01264903431,-0.01010814188,-0.02018062542,-0.01652469443,0.004601881427,3.588529172e-05,True,
2017-05-22,2017-05-19,UKX,RealGARCH,RealGARCH11-logRVscaled-studentt,1,0.006241008697,3.895018955e-05,-0.01556899028,-0.0122622681,-0.009797804899,-0.0195673114,-0.01602134963,0.003420810445,1.943493933e-05,True,
2017-05-23,2017-05-22,UKX,RealGARCH,RealGARCH11-logRVscaled-studentt,1,0.005370458535,2.884182487e-05,-0.01336813575,-0.01052266394,-0.008401965491,-0.01680873628,-0.01375739609,-0.00146846829,2.229085381e-05,True,
2017-05-24,2017-05-23,UKX,RealGARCH,RealGARCH11-logRVscaled-studentt,1,0.005090037603,2.59084828e-05,-0.01265919822,-0.009962304016,-0.007952338801,-0.01592014623,-0.01302813315,0.003946632178,2.293470599e-05,True,
2017-05-25,2017-05-24,UKX,RealGARCH,RealGARCH11-logRVscaled-studentt,1,0.004971359055,2.471441086e-05,-0.01235916472,-0.009725150887,-0.007762049717,-0.01554408095,-0.01271949762,0.000372562699,2.34712455e-05,True,
2017-05-26,2017-05-25,UKX,RealGARCH,RealGARCH11-logRVscaled-studentt,1,0.00493137497,2.431845909e-05,-0.01225808018,-0.009645251433,-0.007697939267,-0.0154173805,-0.01261551497,0.003969378861,2.996300627e-05,True,
2017-05-30,2017-05-26,UKX,RealGARCH,RealGARCH11-logRVscaled-studentt,1,0.005176860636,2.679988605e-05,-0.0128786972,-0.01013580087,-0.008091550781,-0.01619526864,-0.01325392521,-0.002799518597,2.739437385e-05,True,
2017-05-31,2017-05-30,UKX,RealGARCH,RealGARCH11-logRVscaled-studentt,1,0.005215834785,2.72049325e-05,-0.01297722849,-0.01021368218,-0.008154041898,-0.01631876884,-0.01335528142,-0.0008639883567,4.870298766e-05,True,
2017-06-01,2017-05-31,UKX,RealGARCH,RealGARCH11-logRVscaled-studentt,1,0.005935237505,3.522704424e-05,-0.01479596427,-0.01165125123,-0.009307531624,-0.01859839216,-0.01522616079,0.003159870034,2.933540041e-05,True,
2017-06-02,2017-06-01,UKX,RealGARCH,RealGARCH11-logRVscaled-studentt,1,0.005711551142,3.262181644e-05,-0.0142304585,-0.01120426294,-0.008948873094,-0.01788958104,-0.01464444183,0.0005036369197,3.628975242e-05,True,
2017-06-05,2017-06-02,UKX,RealGARCH,RealGARCH11-logRVscaled-studentt,1,0.005855545918,3.428741799e-05,-0.01459449445,-0.01149200502,-0.009179754199,-0.01834586768,-0.01501891478,-0.00289255355,2.026819671e-05,True,
2017-06-06,2017-06-05,UKX,RealGARCH,RealGARCH11-logRVscaled-studentt,1,0.005231165538,2.736509289e-05,-0.01301598646,-0.01024431734,-0.008178623216,-0.01636734851,-0.01339515059,-0.0001062807307,2.765932147e-05,True,
2017-06-07,2017-06-06,UKX,RealGARCH,RealGARCH11-logRVscaled-studentt,1,0.005257131807,2.763743484e-05,-0.01308163228,-0.01029620525,-0.00822025751,-0.0164496297,-0.0134626785,-0.006185188838,5.223730195e-05,True,
2017-06-08,2017-06-07,UKX,RealGARCH,RealGARCH11-logRVscaled-studentt,1,0.006052737566,3.663563204e-05,-0.01509301843,-0.01188604941,-0.009495931124,-0.01897072308,-0.01553173156,-0.003831589406,3.037972977e-05,True,
2017-06-09,2017-06-08,UKX,RealGARCH,RealGARCH11-logRVscaled-studentt,1,0.005818127035,3.385060219e-05,-0.01449989505,-0.01141723156,-0.009119756793,-0.01822729576,-0.01492160319,0.01032235348,7.61426462e-05,True,
2017-06-12,2017-06-09,UKX,RealGARCH,RealGARCH11-logRVscaled-studentt,1,0.006949717094,4.829856769e-05,-0.01736068954,-0.01367846689,-0.01093414736,-0.02181304685,-0.01786441733,-0.002047969132,4.411570724e-05,True,
2017-06-13,2017-06-12,UKX,RealGARCH,RealGARCH11-logRVscaled-studentt,1,0.006812662066,4.641236443e-05,-0.0170141981,-0.01340459238,-0.01071439344,-0.02137875069,-0.0175079919,-0.00153207735,3.065731048e-05,True,
2017-06-14,2017-06-13,UKX,RealGARCH,RealGARCH11-logRVscaled-studentt,1,0.006225365673,3.875517776e-05,-0.01552944285,-0.01223100894,-0.009772722887,-0.01951774223,-0.01598066837,-0.003472504002,3.984934148e-05,True,
2017-06-15,2017-06-14,UKX,RealGARCH,RealGARCH11-logRVscaled-studentt,1,0.006268632443,3.92957527e-05,-0.0156388264,-0.01231746812,-0.00984209679,-0.01965484476,-0.01609318797,-0.007385657218,7.066083202e-05,True,
2017-06-16,2017-06-15,UKX,RealGARCH,RealGARCH11-logRVscaled-studentt,1,0.007126914963,5.079291689e-05,-0.01780866686,-0.01403255808,-0.01121826627,-0.02237454652,-0.01832523827,0.005926294924,6.320900278e-05,True,
2017-06-19,2017-06-16,UKX,RealGARCH,RealGARCH11-logRVscaled-studentt,1,0.007470163403,5.580334126e-05,-0.01867643982,-0.01471846505,-0.01176863053,-0.02346222263,-0.01921789048,0.008046830471,2.005843463e-05,True,
2017-06-20,2017-06-19,UKX,RealGARCH,RealGARCH11-logRVscaled-studentt,1,0.005975127719,3.570215126e-05,-0.01489681149,-0.0117309631,-0.00937149156,-0.01872479516,-0.01532989932,-0.006814897845,5.49976242e-05,True,
2017-06-21,2017-06-20,UKX,RealGARCH,RealGARCH11-logRVscaled-studentt,1,0.006571820697,4.318882728e-05,-0.01640532243,-0.01292332356,-0.01032822859,-0.02061557927,-0.01688165962,-0.003337745131,5.877542852e-05,True,
2017-06-22,2017-06-21,UKX,RealGARCH,RealGARCH11-logRVscaled-studentt,1,0.00702928417,4.941083594e-05,-0.01756184459,-0.01383746429,-0.01106172514,-0.02206517678,-0.01807133954,-0.001141928401,3.791714947e-05,True,
2017-06-23,2017-06-22,UKX,RealGARCH,RealGARCH11-logRVscaled-studentt,1,0.00663395067,4.40093015e-05,-0.0165623944,-0.01304747673,-0.01042784773,-0.02081245499,-0.01704323488,-0.002045253764,4.541388128e-05,True,
2017-06-26,2017-06-23,UKX,RealGARCH,RealGARCH11-logRVscaled-studentt,1,0.006680972302,4.463539089e-05,-0.01668127069,-0.01314143918,-0.01050324218,-0.02096145583,-0.01716551938,0.003052905309,2.851289211e-05,True,
2017-06-27,2017-06-26,UKX,RealGARCH,RealGARCH11-logRVscaled-studentt,1,0.006061967918,3.674745504e-05,-0.01511635386,-0.01190449425,-0.009510731062,-0.01899997197,-0.01555573602,-0.001666519651,3.838744173e-05,True,
2017-06-28,2017-06-27,UKX,RealGARCH,RealGARCH11-logRVscaled-studentt,1,0.006126760667,3.753719628e-05,-0.01528015765,-0.0120339684,-0.009614619703,-0.01920528543,-0.0157242361,-0.006287899429,0.0001148855565,True,
2017-06-29,2017-06-28,UKX,RealGARCH,RealGARCH11-logRVscaled-studentt,1,0.007820829794,6.116537866e-05,-0.01956296623,-0.01541919516,-0.01233088874,-0.02457340453,-0.02012983381,-0.005088862461,7.904372987e-05,True,
2017-06-30,2017-06-29,UKX,RealGARCH,RealGARCH11-logRVscaled-studentt,1,0.008257261198,6.818236248e-05,-0.02066631682,-0.0162913079,-0.01303066249,-0.02595635622,-0.02126481772,-0.005128512912,6.906097611e-05,True,
2017-07-03,2017-06-30,UKX,RealGARCH,RealGARCH11-logRVscaled-studentt,1,0.008263989506,6.829352256e-05,-0.02068332678,-0.01630475296,-0.01304145065,-0.02597767669,-0.02128231536,0.008768031463,4.154892198e-05,True,
2017-07-04,2017-07-03,UKX,RealGARCH,RealGARCH11-logRVscaled-studentt,1,0.007403394984,5.48102573e-05,-0.0185076413,-0.01458504296,-0.01166157411,-0.02325064872,-0.01904425247,-0.002701168661,3.736442014e-05,True,
2017-07-05,2017-07-04,UKX,RealGARCH,RealGARCH11-logRVscaled-studentt,1,0.006805996222,4.632158458e-05,-0.01699734605,-0.01339127215,-0.01070370543,-0.02135762815,-0.0174906567,0.001412569885,6.322448665e-05,True,
2017-07-06,2017-07-05,UKX,RealGARCH,RealGARCH11-logRVscaled-studentt,1,0.007281848416,5.302531635e-05,-0.01820035709,-0.01434215872,-0.01146668644,-0.02286549534,-0.01872815835,-0.004121120998,6.259707423e-05,True,
2017-07-07,2017-07-06,UKX,RealGARCH,RealGARCH11-logRVscaled-studentt,1,0.007543945688,5.691111654e-05,-0.01886297022,-0.01486590281,-0.01188693299,-0.02369602188,-0.01940976875,0.00185184041,4.119052345e-05,True,
2017-07-10,2017-07-07,UKX,RealGARCH,RealGARCH11-logRVscaled-studentt,1,0.007024705024,4.934648067e-05,-0.01755026796,-0.01382831387,-0.01105438294,-0.02205066651,-0.01805943101,0.002594964825,3.482469273e-05,True,
2017-07-11,2017-07-10,UKX,RealGARCH,RealGARCH11-logRVscaled-studentt,1,0.006510070462,4.238101742e-05,-0.01624921047,-0.01279992921,-0.01022921831,-0.02041990684,-0.0167210719,-0.005469502408,5.070367977e-05,True,
2017-07-12,2017-07-11,UKX,RealGARCH,RealGARCH11-logRVscaled-studentt,1,0.006771615477,4.585477617e-05,-0.01691042743,-0.01332256974,-0.01064857937,-0.0212486834,-0.01740124611,0.01181296312,4.483640358e-05,True,
2017-07-13,2017-07-12,UKX,RealGARCH,RealGARCH11-logRVscaled-studentt,1,0.006738841216,4.541198094e-05,-0.0168275702,-0.01325707755,-0.01059602915,-0.02114482924,-0.01731601333,-0.0004720066501,2.288581936e-05,True,
2017-07-14,2017-07-13,UKX,RealGARCH,RealGARCH11-logRVscaled-studentt,1,0.005806916345,3.372027744e-05,-0.01447155309,-0.01139482945,-0.009101781582,-0.01819177164,-0.01489244867,-0.004732360603,3.335438611e-05,True,
2017-07-17,2017-07-14,UKX,RealGARCH,RealGARCH11-logRVscaled-studentt,1,0.005802303418,3.366672496e-05,-0.01445989107,-0.01138561152,-0.009094385219,-0.01817715433,-0.01488045228,0.003477114411,3.33569577e-05,True,
2017-07-18,2017-07-17,UKX,RealGARCH,RealGARCH11-logRVscaled-studentt,1,0.005799840589,3.363815086e-05,-0.01445366474,-0.0113806901,-0.009090436321,-0.01816935018,-0.01487404745,-0.001879089489,4.778039856e-05,True,
2017-07-19,2017-07-18,UKX,RealGARCH,RealGARCH11-logRVscaled-studentt,1,0.006269434642,3.930581073e-05,-0.01564085445,-0.01231907114,-0.009843383035,-0.01965738675,-0.01609527417,0.005492144178,4.955698138e-05,True,
2017-07-20,2017-07-19,UKX,RealGARCH,RealGARCH11-logRVscaled-studentt,1,0.006598573511,4.354117237e-05,-0.01647295673,-0.01297678321,-0.01037112402,-0.02070035283,-0.01695123301,0.00764140254,4.033813785e-05,True,
2017-07-21,2017-07-20,UKX,RealGARCH,RealGARCH11-logRVscaled-studentt,1,0.006491789244,4.214332758e-05,-0.01620299338,-0.0127633982,-0.01019990622,-0.02036197782,-0.01667352975,-0.004685166053,4.457037953e-05,True,
2017-07-24,2017-07-21,UKX,RealGARCH,RealGARCH11-logRVscaled-studentt,1,0.006574247149,4.322072558e-05,-0.01641145679,-0.01292817229,-0.01033211916,-0.02062326814,-0.01688796985,-0.01014124189,4.95832916e-05,True,
2017-07-25,2017-07-24,UKX,RealGARCH,RealGARCH11-logRVscaled-studentt,1,0.006775623041,4.590906759e-05,-0.01692055903,-0.01333057798,-0.01065500509,-0.02126138246,-0.01741166818,0.007709690171,4.797150948e-05,True,
2017-07-26,2017-07-25,UKX,RealGARCH,RealGARCH11-logRVscaled-studentt,1,0.006840795919,4.679648881e-05,-0.01708532383,-0.01346081173,-0.01075950323,-0.02146790046,-0.01758115683,0.002351029888,5.633889213e-05,True,
2017-07-27,2017-07-26,UKX,RealGARCH,RealGARCH11-logRVscaled-studentt,1,0.007121790165,5.071989516e-05,-0.01779571077,-0.0140223173,-0.01121004917,-0.02235830721,-0.01831191072,-0.001248690034,3.608803871e-05,True,
2017-07-28,2017-07-27,UKX,RealGARCH,RealGARCH11-logRVscaled-studentt,1,0.006610876629,4.37036898e-05,-0.01650406048,-0.0130013683,-0.01039085083,-0.02073933861,-0.01698322851,-0.01007342038,8.077386614e-05,True,
2017-07-31,2017-07-28,UKX,RealGARCH,RealGARCH11-logRVscaled-studentt,1,0.007556935297,5.710727109e-05,-0.0188958095,-0.01489185971,-0.01190776052,-0.02373718299,-0.01944354954,0.0004884668117,5.536784456e-05,True,
2017-08-01,2017-07-31,UKX,RealGARCH,RealGARCH11-logRVscaled-studentt,1,0.007498237289,5.622356245e-05,-0.01874741395,-0.01477456457,-0.01181364418,-0.02355118238,-0.01929089945,0.006988571644,3.646524025e-05,True,
2017-08-02,2017-08-01,UKX,RealGARCH,RealGARCH11-logRVscaled-studentt,1,0.006818087582,4.648631827e-05,-0.01702791445,-0.01341543408,-0.0107230927,-0.02139594291,-0.0175221015,-0.001658269339,3.006273224e-05,True,
2017-08-03,2017-08-02,UKX,RealGARCH,RealGARCH11-logRVscaled-studentt,1,0.006201667343,3.846067783e-05,-0.01546953065,-0.01218365301,-0.009734725005,-0.01944264762,-0.01591903847,0.008517994866,7.043791348e-05,True,
2017-08-04,2017-08-03,UKX,RealGARCH,RealGARCH11-logRVscaled-studentt,1,0.007079673574,5.012177792e-05,-0.01768923501,-0.0139381565,-0.01114251947,-0.02222484933,-0.01820238227,0.004924493987,3.882491018e-05,True,
2017-08-07,2017-08-04,UKX,RealGARCH,RealGARCH11-logRVscaled-studentt,1,0.006694647566,4.481830604e-05,-0.01671584339,-0.0131687662,-0.01052516909,-0.02100478963,-0.01720108329,0.002685490044,1.458325076e-05,True,
2017-08-08,2017-08-07,UKX,RealGARCH,RealGARCH11-logRVscaled-studentt,1,0.005245994698,2.752046037e-05,-0.01305347634,-0.01027395017,-0.008202400279,-0.01641433874,-0.01343371532,0.00143291295,1.779259382e-05,True,
2017-08-09,2017-08-08,UKX,RealGARCH,RealGARCH11-logRVscaled-studentt,1,0.004784028339,2.288692715e-05,-0.01188557035,-0.009350811407,-0.007461683802,-0.01495047259,-0.01223232518,-0.005930565775,4.966033309e-05,True,
2017-08-10,2017-08-09,UKX,RealGARCH,RealGARCH11-logRVscaled-studentt,1,0.00568112877,3.22752241e-05,-0.01415354712,-0.01114347048,-0.008900093888,-0.01779317947,-0.01456532538,-0.01453547838,6.498904169e-05,True,
2017-08-11,2017-08-10,UKX,RealGARCH,RealGARCH11-logRVscaled-studentt,1,0.0066263134,4.390802928e-05,-0.01654308647,-0.01303221531,-0.01041560214,-0.02078825423,-0.01702337339,-0.01087091605,5.716125599e-05,True,
2017-08-14,2017-08-11,UKX,RealGARCH,RealGARCH11-logRVscaled-studentt,1,0.007018985921,4.926616336e-05,-0.01753580939,-0.01381688549,-0.01104521293,-0.02203254398,-0.01804455791,0.005987497657,2.174329425e-05,True,
2017-08-15,2017-08-14,UKX,RealGARCH,RealGARCH11-logRVscaled-studentt,1,0.005874016217,3.450406652e-05,-0.01464118957,-0.01152891387,-0.009209369462,-0.01840439585,-0.01506694865,0.004071169623,3.005647535e-05,True,
2017-08-16,2017-08-15,UKX,RealGARCH,RealGARCH11-logRVscaled-studentt,1,0.005708806858,3.259047574e-05,-0.01422352062,-0.01119877909,-0.008944472912,-0.01788088503,-0.01463730504,0.006627604702,2.550624492e-05,True,
2017-08-17,2017-08-16,UKX,RealGARCH,RealGARCH11-logRVscaled-studentt,1,0.00542216348,2.93998568e-05,-0.01349885201,-0.01062598497,-0.008484869157,-0.01697257747,-0.01389186001,-0.006086032226,4.313224092e-05,True,
2017-08-18,2017-08-17,UKX,RealGARCH,RealGARCH11-logRVscaled-studentt,1,0.005906500394,3.488674691e-05,-0.01472331343,-0.0115938264,-0.009261454564,-0.0185073308,-0.01515142703,-0.008686886705,4.62649088e-05,True,
2017-08-21,2017-08-18,UKX,RealGARCH,RealGARCH11-logRVscaled-studentt,1,0.006288994186,3.955144787e-05,-0.01569030331,-0.01235815661,-0.009874744792,-0.01971936649,-0.01614614074,-0.0006965967452,7.761725335e-05,True,
2017-08-22,2017-08-21,UKX,RealGARCH,RealGARCH11-logRVscaled-studentt,1,0.007286947031,5.309959704e-05,-0.018213247,-0.01435234719,-0.01147486156,-0.02288165169,-0.01874141781,0.008543960739,4.120838037e-05,True,
2017-08-23,2017-08-22,UKX,RealGARCH,RealGARCH11-logRVscaled-studentt,1,0.006891440713,4.749195511e-05,-0.01721335991,-0.01356201428,-0.01084070705,-0.02162838228,-0.01771286372,0.0001354609703,2.9910758e-05,True,
2017-08-24,2017-08-23,UKX,RealGARCH,RealGARCH11-logRVscaled-studentt,1,0.006231762662,3.883486587e-05,-0.0155456152,-0.01224379192,-0.009782979814,-0.01953801282,-0.01599730438,0.003299561137,2.353337692e-05,True,
2017-08-25,2017-08-24,UKX,RealGARCH,RealGARCH11-logRVscaled-studentt,1,0.005593875802,3.129144649e-05,-0.01393296122,-0.0109691145,-0.008760192552,-0.0175166947,-0.01433841523,-0.0007563305417,1.65411926e-05,True,
2017-08-29,2017-08-25,UKX,RealGARCH,RealGARCH11-logRVscaled-studentt,1,0.004879727294,2.381173846e-05,-0.01212750871,-0.009542044845,-0.007615127426,-0.01525372078,-0.01248119997,-0.008698139286,4.700799999e-05,True,
2017-08-30,2017-08-29,UKX,RealGARCH,RealGARCH11-logRVscaled-studentt,1,0.005675850756,3.221528181e-05,-0.01414020367,-0.01113292352,-0.008891631126,-0.01777645465,-0.01455159938,0.003795212722,2.389870941e-05,True,
2017-08-31,2017-08-30,UKX,RealGARCH,RealGARCH11-logRVscaled-studentt,1,0.005328837133,2.839650519e-05,-0.01326291189,-0.01043949267,-0.00833522977,-0.01667684754,-0.01364915543,0.008826866552,2.373085177e-05,True,
2017-09-01,2017-08-31,UKX,RealGARCH,RealGARCH11-logRVscaled-studentt,1,0.005137510067,2.639400969e-05,-0.01277921427,-0.01005716736,-0.008028456112,-0.01607057566,-0.01315159009,0.001062593256,1.874157568e-05,True,
2017-09-04,2017-09-01,UKX,RealGARCH,RealGARCH11-logRVscaled-studentt,1,0.004782537063,2.287266076e-05,-0.01188180022,-0.009347831419,-0.007459292692,-0.01494574708,-0.01222844697,-0.003636367643,2.23887657e-05,True,
2017-09-05,2017-09-04,UKX,RealGARCH,RealGARCH11-logRVscaled-studentt,1,0.004777199159,2.282163181e-05,-0.01186830537,-0.009337164784,-0.0074507339,-0.01492883248,-0.01221456521,-0.005221745348,2.968137113e-05,True,
2017-09-06,2017-09-05,UKX,RealGARCH,RealGARCH11-logRVscaled-studentt,1,0.005075921794,2.576498206e-05,-0.01262351178,-0.009934096658,-0.007929705526,-0.01587541645,-0.01299142357,-0.002553108469,2.42144587e-05,True,
2017-09-07,2017-09-06,UKX,RealGARCH,RealGARCH11-logRVscaled-studentt,1,0.005022616263,2.522667412e-05,-0.01248874904,-0.009827577209,-0.007844235481,-0.01570650337,-0.01285279716,0.005816518451,3.501883749e-05,True,
2017-09-08,2017-09-07,UKX,RealGARCH,RealGARCH11-logRVscaled-studentt,1,0.005410077531,2.926893889e-05,-0.01346829729,-0.01060183384,-0.008465490557,-0.01693427985,-0.01386042928,-0.002626116852,2.580958689e-05,True,
2017-09-11,2017-09-08,UKX,RealGARCH,RealGARCH11-logRVscaled-studentt,1,0.005276264483,2.78389669e-05,-0.01313000196,-0.01033443772,-0.008250934827,-0.01651025679,-0.01351243495,0.004867768756,1.852155364e-05,True,
2017-09-12,2017-09-11,UKX,RealGARCH,RealGARCH11-logRVscaled-studentt,1,0.004841398592,2.343914032e-05,-0.01203060918,-0.009465453314,-0.007553671217,-0.01513226585,-0.01238152232,-0.00174154783,3.686583164e-05,True,
2017-09-13,2017-09-12,UKX,RealGARCH,RealGARCH11-logRVscaled-studentt,1,0.005360338702,2.8733231e-05,-0.01334255161,-0.01050244167,-0.00838573936,-0.01677666883,-0.01373107844,-0.002841602876,2.938813819e-05,True,
2017-09-14,2017-09-13,UKX,RealGARCH,RealGARCH11-logRVscaled-studentt,1,0.005399501054,2.915461163e-05,-0.0134415587,-0.01058069906,-0.008448532242,-0.0169007654,-0.01383292409,-0.01148901469,6.140528155e-05,True,
2017-09-15,2017-09-14,UKX,RealGARCH,RealGARCH11-logRVscaled-studentt,1,0.006362926177,4.048682954e-05,-0.01587721219,-0.01250589353,-0.009993287286,-0.01995364012,-0.01633840834,-0.01101250922,7.070524321e-05,True,
2017-09-18,2017-09-15,UKX,RealGARCH,RealGARCH11-logRVscaled-studentt,1,0.007187229582,5.165626906e-05,-0.01796114941,-0.01415308366,-0.01131497468,-0.02256566981,-0.01848209252,0.005225020943,4.15648898e-05,True,
2017-09-19,2017-09-18,UKX,RealGARCH,RealGARCH11-logRVscaled-studentt,1,0.006851726452,4.694615538e-05,-0.01711295752,-0.01348265401,-0.01077702924,-0.02150253683,-0.01760958278,0.003028511681,2.718885116e-05,True,
2017-09-20,2017-09-19,UKX,RealGARCH,RealGARCH11-logRVscaled-studentt,1,0.006084324235,3.70190014e-05,-0.01517287329,-0.01194916846,-0.009546577163,-0.01907081404,-0.01561387588,-0.0004536656425,5.604435477e-05,True,
2017-09-21,2017-09-20,UKX,RealGARCH,RealGARCH11-logRVscaled-studentt,1,0.006665498272,4.442886722e-05,-0.0166421505,-0.01311051771,-0.01047843113,-0.02091242216,-0.01712527761,-0.001114495682,2.360066607e-05,True,
2017-09-22,2017-09-21,UKX,RealGARCH,RealGARCH11-logRVscaled-studentt,1,0.005810443163,3.376124976e-05,-0.01448046931,-0.01140187702,-0.00910743648,-0.01820294732,-0.01490162051,0.006408501949,3.621757489e-05,True,
2017-09-25,2017-09-22,UKX,RealGARCH,RealGARCH11-logRVscaled-studentt,1,0.005909073561,3.491715035e-05,-0.01472981871,-0.01159896831,-0.009265580378,-0.01851548458,-0.01515811881,-0.001272975358,3.057117745e-05,True,
2017-09-26,2017-09-25,UKX,RealGARCH,RealGARCH11-logRVscaled-studentt,1,0.005748875411,3.304956849e-05,-0.0143248187,-0.01127884733,-0.009008718797,-0.01800785314,-0.01474150736,-0.002138838136,2.101284839e-05,True,
2017-09-27,2017-09-26,UKX,RealGARCH,RealGARCH11-logRVscaled-studentt,1,0.005218790941,2.723577889e-05,-0.012984702,-0.01021958941,-0.008158781798,-0.01632813623,-0.0133629692,0.003808405697,2.477971239e-05,True,
2017-09-28,2017-09-27,UKX,RealGARCH,RealGARCH11-logRVscaled-studentt,1,0.005126276149,2.627870716e-05,-0.01275081359,-0.01003471883,-0.008010443657,-0.01603497793,-0.01312237515,0.001270786521,3.049154423e-05,True,
2017-09-29,2017-09-28,UKX,RealGARCH,RealGARCH11-logRVscaled-studentt,1,0.005309636025,2.819223472e-05,-0.0132143692,-0.01040112345,-0.00830444273,-0.0166160036,-0.01359922101,0.006804784325,2.656274623e-05,True,
2017-10-02,2017-09-29,UKX,RealGARCH,RealGARCH11-logRVscaled-studentt,1,0.005254383182,2.760854262e-05,-0.01307468343,-0.01029071272,-0.008215850367,-0.01644091993,-0.01345553042,0.008911993109,1.794917439e-05,True,
2017-10-03,2017-10-02,UKX,RealGARCH,RealGARCH11-logRVscaled-studentt,1,0.004797400668,2.301505317e-05,-0.01191937719,-0.009377533083,-0.007483124983,-0.01499284646,-0.01226710128,0.003931109878,1.710008136e-05,True,
2017-10-04,2017-10-03,UKX,RealGARCH,RealGARCH11-logRVscaled-studentt,1,0.004513246404,2.036939311e-05,-0.01120100135,-0.008809712913,-0.007027512273,-0.01409242634,-0.01152812944,-6.69536739e-05,2.100435775e-05,True,
2017-10-05,2017-10-04,UKX,RealGARCH,RealGARCH11-logRVscaled-studentt,1,0.00456218202,2.081350479e-05,-0.01132471642,-0.008907500043,-0.007105975599,-0.01424749215,-0.01165539145,0.00539544322,1.873511885e-05,True,
2017-10-06,2017-10-05,UKX,RealGARCH,RealGARCH11-logRVscaled-studentt,1,0.004476959293,2.004316451e-05,-0.01110926321,-0.008737201055,-0.006969329548,-0.01397744075,-0.01143376114,0.001982570169,2.016719301e-05,True,
2017-10-09,2017-10-06,UKX,RealGARCH,RealGARCH11-logRVscaled-studentt,1,0.004501809832,2.026629176e-05,-0.01117208834,-0.008786859423,-0.007009174882,-0.01405618644,-0.01149838748,-0.001995902437,1.705698933e-05,True,
2017-10-10,2017-10-09,UKX,RealGARCH,RealGARCH11-logRVscaled-studentt,1,0.004354256688,1.895955131e-05,-0.01079905641,-0.008492006727,-0.006772588294,-0.01358862415,-0.01111466064,0.004040880084,1.469853142e-05,True,
2017-10-11,2017-10-10,UKX,RealGARCH,RealGARCH11-logRVscaled-studentt,1,0.004138399232,1.712634821e-05,-0.01025334304,-0.008060662795,-0.006426482628,-0.01290462105,-0.01055330154,-0.0005971298293,1.209507799e-05,True,
2017-10-12,2017-10-11,UKX,RealGARCH,RealGARCH11-logRVscaled-studentt,1,0.003856305297,1.487109054e-05,-0.009540175966,-0.00749695974,-0.005974173445,-0.01201072964,-0.009819687797,0.002968907416,1.62996919e-05,True,
2017-10-13,2017-10-12,UKX,RealGARCH,RealGARCH11-logRVscaled-studentt,1,0.003956422959,1.565328263e-05,-0.009793285345,-0.007697023,-0.006134702023,-0.0123279797,-0.01008005388,-0.002756540862,1.932125162e-05,True,
2017-10-16,2017-10-13,UKX,RealGARCH,RealGARCH11-logRVscaled-studentt,1,0.004164222031,1.734074512e-05,-0.01031862616,-0.008112264012,-0.006467886882,-0.01298644761,-0.01062045634,-0.001115347212,1.386989268e-05,True,
2017-10-17,2017-10-16,UKX,RealGARCH,RealGARCH11-logRVscaled-studentt,1,0.003986520478,1.589234552e-05,-0.009869375457,-0.00775716631,-0.006182960359,-0.01242335188,-0.01015832551,-0.001435839012,1.985735239e-05,True,
2017-10-18,2017-10-17,UKX,RealGARCH,RealGARCH11-logRVscaled-studentt,1,0.004206729192,1.769657049e-05,-0.01042608932,-0.00819720528,-0.006536042829,-0.01312114312,-0.0107310005,0.003545993427,1.185353588e-05,True,
2017-10-19,2017-10-18,UKX,RealGARCH,RealGARCH11-logRVscaled-studentt,1,0.003874511914,1.501184257e-05,-0.009586204464,-0.007533341685,-0.006003365921,-0.01206842226,-0.009867035943,-0.002641715889,3.422652168e-05,True,
2017-10-20,2017-10-19,UKX,RealGARCH,RealGARCH11-logRVscaled-studentt,1,0.00466072542,2.172236144e-05,-0.01157384588,-0.009104417482,-0.007263980004,-0.01455975374,-0.0119116635,2.661070535e-05,2.130352205e-05,True,
2017-10-23,2017-10-20,UKX,RealGARCH,RealGARCH11-logRVscaled-studentt,1,0.00465866941,2.170320067e-05,-0.01156864804,-0.009100308996,-0.0072606834,-0.01455323871,-0.01190631664,0.0001727579612,1.406253657e-05,True,
2017-10-24,2017-10-23,UKX,RealGARCH,RealGARCH11-logRVscaled-studentt,1,0.004255540667,1.810962637e-05,-0.01054949055,-0.008294744341,-0.006614307107,-0.01327581557,-0.01085793966,0.0002657630738,1.688683622e-05,True,
2017-10-25,2017-10-24,UKX,RealGARCH,RealGARCH11-logRVscaled-studentt,1,0.004211146878,1.773375803e-05,-0.01043725776,-0.008206033059,-0.006543126142,-0.01313514176,-0.01074248914,-0.01059197731,5.879317687e-05,True,
2017-10-26,2017-10-25,UKX,RealGARCH,RealGARCH11-logRVscaled-studentt,1,0.00549044165,3.014494951e-05,-0.01367146736,-0.01076242396,-0.008594346318,-0.01718893543,-0.01406942428,0.005263249591,3.341923692e-05,True,
2017-10-27,2017-10-26,UKX,RealGARCH,RealGARCH11-logRVscaled-studentt,1,0.005626892021,3.166191382e-05,-0.01401643015,-0.01103509019,-0.00881313073,-0.01762131557,-0.01442427724,0.00246806649,2.280381085e-05,True,
2017-10-30,2017-10-27,UKX,RealGARCH,RealGARCH11-logRVscaled-studentt,1,0.005249490349,2.755714893e-05,-0.01306231376,-0.01028093547,-0.008208005203,-0.01642541566,-0.01344280611,-0.002294461711,1.649039881e-05,True,
2017-10-31,2017-10-30,UKX,RealGARCH,RealGARCH11-logRVscaled-studentt,1,0.004707401863,2.21596323e-05,-0.01169184949,-0.009197690149,-0.007338820974,-0.01470766075,-0.0120330503,0.0007076067867,1.966096362e-05,True,
2017-11-01,2017-10-31,UKX,RealGARCH,RealGARCH11-logRVscaled-studentt,1,0.004603545827,2.119263418e-05,-0.01142928905,-0.008990156566,-0.007172298292,-0.01437856463,-0.0117629622,-0.0006808709859,3.65929585e-05,True,
2017-11-02,2017-11-01,UKX,RealGARCH,RealGARCH11-logRVscaled-studentt,1,0.005204055238,2.708219092e-05,-0.01294744839,-0.01019014333,-0.008135154584,-0.01628144214,-0.01332464752,0.008947538753,8.153710303e-05,True,
2017-11-03,2017-11-02,UKX,RealGARCH,RealGARCH11-logRVscaled-studentt,1,0.006630214505,4.395974438e-05,-0.01655294893,-0.01304001082,-0.01042185717,-0.02080061594,-0.01703351861,0.0006748079536,2.239220595e-05,True,
2017-11-06,2017-11-03,UKX,RealGARCH,RealGARCH11-logRVscaled-studentt,1,0.005727545564,3.280477819e-05,-0.0142708943,-0.01123622429,-0.008974518538,-0.01794026372,-0.01468603694,0.0002512650581,1.683459795e-05,True,
2017-11-07,2017-11-06,UKX,RealGARCH,RealGARCH11-logRVscaled-studentt,1,0.00496306548,2.463201896e-05,-0.01233819757,-0.00970857799,-0.007748751806,-0.0155178005,-0.01269792934,-0.006527174336,2.569770692e-05,True,
2017-11-08,2017-11-07,UKX,RealGARCH,RealGARCH11-logRVscaled-studentt,1,0.005024796133,2.524857618e-05,-0.01249426002,-0.009831933203,-0.007847730683,-0.01571341088,-0.01285846613,0.002207049674,2.644268616e-05,True,
2017-11-09,2017-11-08,UKX,RealGARCH,RealGARCH11-logRVscaled-studentt,1,0.005090924928,2.591751662e-05,-0.01266144149,-0.009964077142,-0.007953761538,-0.01592295796,-0.01303044073,-0.006074443023,4.029143168e-05,True,
2017-11-10,2017-11-09,UKX,RealGARCH,RealGARCH11-logRVscaled-studentt,1,0.005619505317,3.157884001e-05,-0.01399775569,-0.01102032948,-0.008801286895,-0.01759790879,-0.01440506737,-0.006851237512,2.969374877e-05,True,
2017-11-13,2017-11-10,UKX,RealGARCH,RealGARCH11-logRVscaled-studentt,1,0.005555421512,3.086270818e-05,-0.01383574419,-0.01089227201,-0.008698534976,-0.01739484181,-0.01423841097,-0.002397571866,2.888083842e-05,True,
2017-11-14,2017-11-13,UKX,RealGARCH,RealGARCH11-logRVscaled-studentt,1,0.005486952932,3.010665248e-05,-0.01366264746,-0.01075545252,-0.008588752511,-0.01717788048,-0.01406035152,-0.0001079318384,3.798179304e-05,True,
2017-11-15,2017-11-14,UKX,RealGARCH,RealGARCH11-logRVscaled-studentt,1,0.005783534869,3.344927558e-05,-0.01441244194,-0.01134810668,-0.009064291743,-0.01811768107,-0.01483164278,-0.005653603211,3.696718311e-05,True,
2017-11-16,2017-11-15,UKX,RealGARCH,RealGARCH11-logRVscaled-studentt,1,0.005920159345,3.504828667e-05,-0.01475784489,-0.01162112082,-0.009283355315,-0.01855061291,-0.01518694851,0.001937709065,3.07947241e-05,True,
2017-11-17,2017-11-16,UKX,RealGARCH,RealGARCH11-logRVscaled-studentt,1,0.005763980841,3.322347514e-05,-0.01436300702,-0.01130903223,-0.009032938831,-0.01805571881,-0.01478079055,-0.0008396364099,3.949802004e-05,True,
2017-11-20,2017-11-17,UKX,RealGARCH,RealGARCH11-logRVscaled-studentt,1,0.005994684844,3.593624638e-05,-0.01494625423,-0.01177004374,-0.009402849438,-0.01878676724,-0.01538075959,0.001191562189,2.498020256e-05,True,
2017-11-21,2017-11-20,UKX,RealGARCH,RealGARCH11-logRVscaled-studentt,1,0.005546128483,3.075954115e-05,-0.01381225031,-0.01087370192,-0.008683634541,-0.01736539432,-0.01421424351,0.002945762533,2.222068128e-05,True,
2017-11-22,2017-11-21,UKX,RealGARCH,RealGARCH11-logRVscaled-studentt,1,0.005178282983,2.681461465e-05,-0.01288229306,-0.01013864311,-0.008093831371,-0.01619977574,-0.01325762417,0.001038441002,3.046447337e-05,True,
2017-11-23,2017-11-22,UKX,RealGARCH,RealGARCH11-logRVscaled-studentt,1,0.005338450993,2.849905901e-05,-0.01328721687,-0.01045870386,-0.008350644626,-0.01670731167,-0.01367415724,-0.0002426234461,2.465735994e-05,True,
2017-11-24,2017-11-23,UKX,RealGARCH,RealGARCH11-logRVscaled-studentt,1,0.005185635893,2.689081961e-05,-0.01290088209,-0.0101533363,-0.00810562102,-0.01622307543,-0.01327674615,-0.001025183791,1.96621539e-05,True,
2017-11-27,2017-11-24,UKX,RealGARCH,RealGARCH11-logRVscaled-studentt,1,0.004857720428,2.359744776e-05,-0.01207187273,-0.009498068936,-0.007579841637,-0.01518398604,-0.0124239689,-0.003474528929,3.466388026e-05,True,
2017-11-28,2017-11-27,UKX,RealGARCH,RealGARCH11-logRVscaled-studentt,1,0.00529896985,2.807908148e-05,-0.01318740384,-0.01037980943,-0.008287340594,-0.01658220492,-0.01357148255,0.01034732869,2.769094132e-05,True,
2017-11-29,2017-11-28,UKX,RealGARCH,RealGARCH11-logRVscaled-studentt,1,0.005296177224,2.804949319e-05,-0.01318034375,-0.01037422898,-0.0082828629,-0.01657335573,-0.01356422004,-0.009034495342,3.854322766e-05,True,
2017-11-30,2017-11-29,UKX,RealGARCH,RealGARCH11-logRVscaled-studentt,1,0.005689104152,3.236590605e-05,-0.01417370983,-0.01115940754,-0.00891288161,-0.01781845164,-0.01458606617,-0.009089537886,5.343088315e-05,True,
2017-12-01,2017-11-30,UKX,RealGARCH,RealGARCH11-logRVscaled-studentt,1,0.006355185633,4.038838443e-05,-0.01585764318,-0.01249042575,-0.009980876104,-0.0199291121,-0.01631827827,-0.003582397543,6.792294378e-05,True,
2017-12-04,2017-12-01,UKX,RealGARCH,RealGARCH11-logRVscaled-studentt,1,0.007119984819,5.069418383e-05,-0.01779114664,-0.01401870971,-0.01120715448,-0.02235258648,-0.01830721573,0.005259754603,5.946662435e-05,True,
2017-12-05,2017-12-04,UKX,RealGARCH,RealGARCH11-logRVscaled-studentt,1,0.007367759438,5.428387913e-05,-0.01841755039,-0.01451383311,-0.0116044361,-0.02313772779,-0.01895157863,-0.00156819996,3.42950512e-05,True,
2017-12-06,2017-12-05,UKX,RealGARCH,RealGARCH11-logRVscaled-studentt,1,0.006662514661,4.438910161e-05,-0.01663460757,-0.01310455562,-0.01047364721,-0.02090296777,-0.01711751842,0.00279377375,4.252234976e-05,True,
2017-12-07,2017-12-06,UKX,RealGARCH,RealGARCH11-logRVscaled-studentt,1,0.006601868759,4.358467112e-05,-0.01648128751,-0.01298336804,-0.01037640762,-0.02071079473,-0.01695980264,-0.00370858237,4.163276981e-05,True,
2017-12-08,2017-12-07,UKX,RealGARCH,RealGARCH11-logRVscaled-studentt,1,0.00653832109,4.274964268e-05,-0.01632063143,-0.01285638192,-0.01027451534,-0.02050942664,-0.01679454051,0.009949275532,4.776449536e-05,True,
2017-12-11,2017-12-08,UKX,RealGARCH,RealGARCH11-logRVscaled-studentt,1,0.006700399445,4.489535273e-05,-0.01673038482,-0.01318026008,-0.01053439164,-0.02102301602,-0.01721604163,0.008014860214,3.681061327e-05,True,
2017-12-12,2017-12-11,UKX,RealGARCH,RealGARCH11-logRVscaled-studentt,1,0.006418312931,4.119474088e-05,-0.0160172365,-0.01261657185,-0.01008209436,-0.02012914813,-0.01648244718,0.006272618659,2.702504304e-05,True,
2017-12-13,2017-12-12,UKX,RealGARCH,RealGARCH11-logRVscaled-studentt,1,0.005859802034,3.433727987e-05,-0.01460525442,-0.01150050993,-0.009186578452,-0.01835935434,-0.01502998323,-0.0005200944346,1.985151513e-05,True,
2017-12-14,2017-12-13,UKX,RealGARCH,RealGARCH11-logRVscaled-studentt,1,0.005209705889,2.714103545e-05,-0.01296173391,-0.01020143492,-0.008144214832,-0.01629934777,-0.01333934261,-0.006477265487,3.301249562e-05,True,
2017-12-15,2017-12-14,UKX,RealGARCH,RealGARCH11-logRVscaled-studentt,1,0.005450736707,2.971053064e-05,-0.01357108853,-0.01068308231,-0.008530683445,-0.01706311951,-0.01396616757,0.005689934747,3.543287904e-05,True,
2017-12-18,2017-12-15,UKX,RealGARCH,RealGARCH11-logRVscaled-studentt,1,0.005675970646,3.221664278e-05,-0.01414050677,-0.0111331631,-0.008891823357,-0.01777683455,-0.01455191116,0.006175310648,2.537795569e-05,True,
2017-12-19,2017-12-18,UKX,RealGARCH,RealGARCH11-logRVscaled-studentt,1,0.005398903423,2.914815817e-05,-0.01344004781,-0.01057950483,-0.008447574001,-0.01689887165,-0.01383136989,0.0009415889396,1.982968514e-05,True,
2017-12-20,2017-12-19,UKX,RealGARCH,RealGARCH11-logRVscaled-studentt,1,0.004976832936,2.476886608e-05,-0.01237300334,-0.009736089241,-0.007770826533,-0.01556142644,-0.012733733,-0.002508399533,2.166892689e-05,True,
2017-12-21,2017-12-20,UKX,RealGARCH,RealGARCH11-logRVscaled-studentt,1,0.004849454764,2.351721151e-05,-0.01205097615,-0.009481551814,-0.007566588478,-0.01515779403,-0.01240247321,0.01041701036,2.259329247e-05,True,
2017-12-22,2017-12-21,UKX,RealGARCH,RealGARCH11-logRVscaled-studentt,1,0.004823725952,2.326833206e-05,-0.01198593064,-0.009430138408,-0.007525334922,-0.01507626529,-0.01233556283,-0.001487139568,3.142184097e-05,True,
2017-12-27,2017-12-22,UKX,RealGARCH,RealGARCH11-logRVscaled-studentt,1,0.005166903669,2.669689352e-05,-0.0128535248,-0.01011590404,-0.008075585788,-0.01616371728,-0.01322803112,0.003680969527,2.216694116e-05,True,
2017-12-28,2017-12-27,UKX,RealGARCH,RealGARCH11-logRVscaled-studentt,1,0.004975953488,2.476011312e-05,-0.01237077999,-0.009734331856,-0.007769416427,-0.01555863966,-0.0127314459,0.0002886072845,9.852193429e-06,True,
2017-12-29,2017-12-28,UKX,RealGARCH,RealGARCH11-logRVscaled-studentt,1,0.004085665649,1.669266379e-05,-0.01012002626,-0.007955286258,-0.006341929644,-0.01273752034,-0.01041616254,0.008477769527,6.428746053e-05,True,
2018-01-02,2017-12-29,UKX,RealGARCH,RealGARCH11-logRVscaled-studentt,1,0.00550482547,3.030310345e-05,-0.01370783137,-0.01079116688,-0.008617409323,-0.01723451448,-0.01410683086,-0.005177367606,3.769890254e-05,True,
2018-01-03,2018-01-02,UKX,RealGARCH,RealGARCH11-logRVscaled-studentt,1,0.005784583066,3.346140124e-05,-0.0144150919,-0.01135020127,-0.00906597242,-0.01812100257,-0.01483436872,0.003002769986,1.827008053e-05,True,
2018-01-04,2018-01-03,UKX,RealGARCH,RealGARCH11-logRVscaled-studentt,1,0.00507998698,2.580626771e-05,-0.01263378905,-0.009942220043,-0.007936223641,-0.0158882981,-0.0130019955,0.003227673005,1.644743074e-05,True,
2018-01-05,2018-01-04,UKX,RealGARCH,RealGARCH11-logRVscaled-studentt,1,0.004619760047,2.134218289e-05,-0.01147028053,-0.009022557141,-0.007198296159,-0.0144299438,-0.01180512892,0.003670576014,2.225832469e-05,True,
2018-01-08,2018-01-05,UKX,RealGARCH,RealGARCH11-logRVscaled-studentt,1,0.00468026758,2.190490462e-05,-0.01162325078,-0.009143468215,-0.007295313886,-0.01462167839,-0.01196248486,-0.003592602728,1.783535197e-05,True,
2018-01-09,2018-01-08,UKX,RealGARCH,RealGARCH11-logRVscaled-studentt,1,0.004492632883,2.018375022e-05,-0.01114888792,-0.008768521297,-0.006994460569,-0.01402710678,-0.0114745219,0.00447254027,1.350704172e-05,True,
2018-01-10,2018-01-09,UKX,RealGARCH,RealGARCH11-logRVscaled-studentt,1,0.004134270311,1.7092191e-05,-0.01024290464,-0.008052412048,-0.006419862319,-0.01289153744,-0.01054256387,0.002261055907,2.20341629e-05,True,
2018-01-11,2018-01-10,UKX,RealGARCH,RealGARCH11-logRVscaled-studentt,1,0.004390745595,1.927864688e-05,-0.01089130471,-0.008564921828,-0.006831094576,-0.01370424918,-0.01120955372,0.001856686853,2.208222744e-05,True,
2018-01-12,2018-01-11,UKX,RealGARCH,RealGARCH11-logRVscaled-studentt,1,0.004542126942,2.063091715e-05,-0.01127401479,-0.008867424353,-0.007073819302,-0.01418394218,-0.01160323619,0.002020422912,3.508063805e-05,True,
2018-01-15,2018-01-12,UKX,RealGARCH,RealGARCH11-logRVscaled-studentt,1,0.005118224376,2.619622076e-05,-0.01273045774,-0.01001862912,-0.00799753345,-0.01600946369,-0.0131014357,-0.001222045841,1.509981131e-05,True,
2018-01-16,2018-01-15,UKX,RealGARCH,RealGARCH11-logRVscaled-studentt,1,0.004553651432,2.073574137e-05,-0.01130315008,-0.008890453528,-0.007092297661,-0.01422046066,-0.01163320679,-0.001700508751,3.174556641e-05,True,
2018-01-17,2018-01-16,UKX,RealGARCH,RealGARCH11-logRVscaled-studentt,1,0.005015363506,2.51538711e-05,-0.01247041321,-0.00981308416,-0.007832606416,-0.01568352103,-0.01283393563,-0.003940242725,3.210239777e-05,True,
2018-01-18,2018-01-17,UKX,RealGARCH,RealGARCH11-logRVscaled-studentt,1,0.005304546946,2.813821831e-05,-0.0132015034,-0.01039095404,-0.008296282905,-0.01659987747,-0.01358598635,-0.003163398136,2.394447866e-05,True,
2018-01-19,2018-01-18,UKX,RealGARCH,RealGARCH11-logRVscaled-studentt,1,0.005134482471,2.636291025e-05,-0.01277156015,-0.01005111737,-0.008023601667,-0.01606098189,-0.01314371652,0.003862134348,1.965317444e-05,True,
2018-01-22,2018-01-19,UKX,RealGARCH,RealGARCH11-logRVscaled-studentt,1,0.004830572739,2.333443298e-05,-0.01200324013,-0.009443820213,-0.007536313054,-0.01509796119,-0.01235336859,-0.001994006085,1.34219922e-05,True,
2018-01-23,2018-01-22,UKX,RealGARCH,RealGARCH11-logRVscaled-studentt,1,0.004298268589,1.847511286e-05,-0.01065751182,-0.008380126751,-0.006682817022,-0.01341121062,-0.01096905794,0.002123350442,3.017706614e-05,True,
2018-01-24,2018-01-23,UKX,RealGARCH,RealGARCH11-logRVscaled-studentt,1,0.00480397555,2.307818108e-05,-0.01193599927,-0.009390671546,-0.007493667143,-0.01501368076,-0.01228419992,-0.01149915172,3.203622067e-05,True,
2018-01-25,2018-01-24,UKX,RealGARCH,RealGARCH11-logRVscaled-studentt,1,0.005176883998,2.680012793e-05,-0.01287875626,-0.01013584755,-0.00809158824,-0.01619534267,-0.01325398597,-0.003617506505,3.505423372e-05,True,
2018-01-26,2018-01-25,UKX,RealGARCH,RealGARCH11-logRVscaled-studentt,1,0.005502938707,3.028233441e-05,-0.01370306141,-0.0107873966,-0.008614384089,-0.01722853576,-0.01410192414,0.006504730733,2.729978116e-05,True,
2018-01-29,2018-01-26,UKX,RealGARCH,RealGARCH11-logRVscaled-studentt,1,0.005391736005,2.907081715e-05,-0.01342192773,-0.01056518231,-0.008436081769,-0.01687615973,-0.01381273029,0.0007824216348,2.280583296e-05,True,
2018-01-30,2018-01-29,UKX,RealGARCH,RealGARCH11-logRVscaled-studentt,1,0.005126608765,2.628211743e-05,-0.01275165448,-0.01003538349,-0.008010976972,-0.01603603191,-0.01312324015,-0.01094411133,2.893249518e-05,True,
2018-01-31,2018-01-30,UKX,RealGARCH,RealGARCH11-logRVscaled-studentt,1,0.00524961013,2.755840652e-05,-0.01306261659,-0.01028117482,-0.00820819726,-0.01642579522,-0.01344311762,-0.007195023851,3.413442025e-05,True,
2018-02-01,2018-01-31,UKX,RealGARCH,RealGARCH11-logRVscaled-studentt,1,0.005513781208,3.040178321e-05,-0.01373047254,-0.01080906297,-0.008631768947,-0.01726289318,-0.01413012116,-0.005750840663,5.065627518e-05,True,
2018-02-02,2018-02-01,UKX,RealGARCH,RealGARCH11-logRVscaled-studentt,1,0.006173712983,3.811473199e-05,-0.01539885869,-0.01212779233,-0.009689903007,-0.01935406662,-0.01584634033,-0.006294467021,3.856285759e-05,True,
2018-02-05,2018-02-02,UKX,RealGARCH,RealGARCH11-logRVscaled-studentt,1,0.006195356899,3.838244711e-05,-0.01545357709,-0.01217104297,-0.009724606844,-0.01942265126,-0.01590262752,-0.01467030894,6.078541442e-05,True,
2018-02-06,2018-02-05,UKX,RealGARCH,RealGARCH11-logRVscaled-studentt,1,0.006852642728,4.695871235e-05,-0.01711527398,-0.01348448499,-0.0107784984,-0.0215054403,-0.01761196565,-0.02674858976,0.000354836615,True,
2018-02-07,2018-02-06,UKX,RealGARCH,RealGARCH11-logRVscaled-studentt,1,0.01063378768,0.0001130774403,-0.02667445889,-0.02104027647,-0.01684118307,-0.03348702718,-0.02744521464,0.01913960593,0.0001282354861,True,
2018-02-08,2018-02-07,UKX,RealGARCH,RealGARCH11-logRVscaled-studentt,1,0.01087926918,0.0001183584978,-0.02729506538,-0.02153081758,-0.01723478791,-0.03426490213,-0.02808361406,-0.01504512172,0.0001133350742,True,
2018-02-09,2018-02-08,UKX,RealGARCH,RealGARCH11-logRVscaled-studentt,1,0.01072620778,0.0001150515334,-0.02690810794,-0.02122495786,-0.0169893694,-0.03377988545,-0.02768556246,-0.01097953167,0.000131042447,True,
2018-02-12,2018-02-09,UKX,RealGARCH,RealGARCH11-logRVscaled-studentt,1,0.01098323436,0.0001206314369,-0.02755790174,-0.02173856926,-0.01740148559,-0.0345943441,-0.028353986,0.01187164102,8.823631366e-05,True,
2018-02-13,2018-02-12,UKX,RealGARCH,RealGARCH11-logRVscaled-studentt,1,0.01021208015,0.000104286581,-0.02560833203,-0.02019758618,-0.01616501757,-0.03215073211,-0.02634852166,-0.001268739731,6.868634809e-05,True,
2018-02-14,2018-02-13,UKX,RealGARCH,RealGARCH11-logRVscaled-studentt,1,0.009287930292,8.626564911e-05,-0.02327197108,-0.01835087474,-0.01468323646,-0.02922231176,-0.0239451767,0.006396906809,0.0001880439707,True,
2018-02-15,2018-02-14,UKX,RealGARCH,RealGARCH11-logRVscaled-studentt,1,0.01096714659,0.0001202783043,-0.02751722994,-0.02170642137,-0.01737569047,-0.03454336562,-0.02831214813,0.002879106867,5.413729437e-05,True,
2018-02-16,2018-02-15,UKX,RealGARCH,RealGARCH11-logRVscaled-studentt,1,0.009176084793,8.420053213e-05,-0.02298921234,-0.01812737597,-0.01450390348,-0.02886789885,-0.0236543112,0.008245394455,3.724528763e-05,True,
2018-02-19,2018-02-16,UKX,RealGARCH,RealGARCH11-logRVscaled-studentt,1,0.00766230534,5.871092312e-05,-0.01916219753,-0.0151024187,-0.01207671076,-0.02407107665,-0.01971757497,-0.006463879743,2.244212673e-05,True,
2018-02-20,2018-02-19,UKX,RealGARCH,RealGARCH11-logRVscaled-studentt,1,0.006209685171,3.856018992e-05,-0.01548980067,-0.01219967489,-0.009747580783,-0.01946805429,-0.01593988964,-0.0001242388494,5.887679385e-05,True,
2018-02-21,2018-02-20,UKX,RealGARCH,RealGARCH11-logRVscaled-studentt,1,0.006814033571,4.64310535e-05,-0.01701766543,-0.01340733303,-0.01071659251,-0.02138309668,-0.01751155864,0.004790666528,4.025054671e-05,True,
2018-02-22,2018-02-21,UKX,RealGARCH,RealGARCH11-logRVscaled-studentt,1,0.006605536514,4.363311263e-05,-0.01649056003,-0.01299069725,-0.0103822885,-0.020722417,-0.016969341,-0.004018196682,5.514047404e-05,True,
2018-02-23,2018-02-22,UKX,RealGARCH,RealGARCH11-logRVscaled-studentt,1,0.006952165708,4.833260804e-05,-0.01736687993,-0.01368335991,-0.01093807346,-0.02182080595,-0.0178707852,-0.001103691976,3.35049785e-05,True,
2018-02-26,2018-02-23,UKX,RealGARCH,RealGARCH11-logRVscaled-studentt,1,0.006418540819,4.119766624e-05,-0.01601781263,-0.01261702723,-0.01008245976,-0.02012987025,-0.01648303983,0.006219945194,3.69204597e-05,True,
2018-02-27,2018-02-26,UKX,RealGARCH,RealGARCH11-logRVscaled-studentt,1,0.006271012602,3.932559905e-05,-0.01564484372,-0.01232222435,-0.009845913135,-0.01966238694,-0.01609937781,-0.000974478423,4.865682292e-05,True,
2018-02-28,2018-02-27,UKX,RealGARCH,RealGARCH11-logRVscaled-studentt,1,0.006573258249,4.320772401e-05,-0.01640895673,-0.01292619619,-0.01033053356,-0.02062013454,-0.01688539812,-0.006972427842,5.118693164e-05,True,
2018-03-01,2018-02-28,UKX,RealGARCH,RealGARCH11-logRVscaled-studentt,1,0.006822083749,4.654082669e-05,-0.01703801724,-0.01342341955,-0.01072950016,-0.02140860586,-0.01753249394,-0.007815386509,9.076720349e-05,True,
2018-03-02,2018-03-01,UKX,RealGARCH,RealGARCH11-logRVscaled-studentt,1,0.0078874888,6.221247957e-05,-0.01973148814,-0.01555239861,-0.01243776973,-0.02478463173,-0.02030318728,-0.01484007382,7.621347394e-05,True,
2018-03-05,2018-03-02,UKX,RealGARCH,RealGARCH11-logRVscaled-studentt,1,0.008230790072,6.774590521e-05,-0.02059939466,-0.01623841114,-0.0129882187,-0.02587247525,-0.02119597688,0.006499448128,6.148254049e-05,True,
2018-03-06,2018-03-05,UKX,RealGARCH,RealGARCH11-logRVscaled-studentt,1,0.008043502294,6.469792915e-05,-0.02012590884,-0.01586415747,-0.01268792164,-0.02527900295,-0.02070891612,0.004318906988,5.208169858e-05,True,
2018-03-07,2018-03-06,UKX,RealGARCH,RealGARCH11-logRVscaled-studentt,1,0.007660076329,5.867676937e-05,-0.01915656232,-0.01509796451,-0.01207313676,-0.02406401343,-0.01971177821,0.001537967153,6.62232787e-05,True,
2018-03-08,2018-03-07,UKX,RealGARCH,RealGARCH11-logRVscaled-studentt,1,0.007854621987,6.169508656e-05,-0.01964839692,-0.01548672147,-0.01238507111,-0.02468048429,-0.02021771382,0.006322754857,3.972353158e-05,True,
2018-03-09,2018-03-08,UKX,RealGARCH,RealGARCH11-logRVscaled-studentt,1,0.007127516044,5.080148495e-05,-0.01781018647,-0.01403375921,-0.01121923004,-0.02237645121,-0.01832680144,0.00295262865,5.587029664e-05,True,
2018-03-12,2018-03-09,UKX,RealGARCH,RealGARCH11-logRVscaled-studentt,1,0.007272820461,5.289391746e-05,-0.01817753335,-0.01432411832,-0.01145221103,-0.02283688781,-0.01870468024,-0.001343582665,3.735540055e-05,True,
2018-03-13,2018-03-12,UKX,RealGARCH,RealGARCH11-logRVscaled-studentt,1,0.006738721236,4.54103639e-05,-0.01682726687,-0.0132568378,-0.01059583677,-0.02114444905,-0.01731570131,-0.0105897771,6.158174145e-05,True,
2018-03-14,2018-03-13,UKX,RealGARCH,RealGARCH11-logRVscaled-studentt,1,0.007200477651,5.18468784e-05,-0.0179946421,-0.01417955703,-0.01133621662,-0.02260764992,-0.01851654546,-0.000854795974,7.258433275e-05,True,
2018-03-15,2018-03-14,UKX,RealGARCH,RealGARCH11-logRVscaled-studentt,1,0.007742109949,5.994026646e-05,-0.01936395308,-0.01526189076,-0.0122046694,-0.02432395928,-0.01992511491,0.0009948657328,3.809464677e-05,True,
2018-03-16,2018-03-15,UKX,RealGARCH,RealGARCH11-logRVscaled-studentt,1,0.007006595981,4.909238723e-05,-0.01750448614,-0.01379212691,-0.01102534691,-0.02199328308,-0.01801233662,0.00339771902,4.218063376e-05,True,
2018-03-19,2018-03-16,UKX,RealGARCH,RealGARCH11-logRVscaled-studentt,1,0.006777184289,4.593022688e-05,-0.01692450605,-0.0133336978,-0.0106575084,-0.0212663297,-0.01741572836,-0.01706245321,7.907943738e-05,True,
2018-03-20,2018-03-19,UKX,RealGARCH,RealGARCH11-logRVscaled-studentt,1,0.007626700772,5.816656466e-05,-0.01907218494,-0.01503127075,-0.01201962242,-0.02395825389,-0.0196249817,0.002609139663,4.78610001e-05,True,
2018-03-21,2018-03-20,UKX,RealGARCH,RealGARCH11-logRVscaled-studentt,1,0.007301711892,5.331499655e-05,-0.01825057433,-0.01438185153,-0.01149853552,-0.02292843817,-0.01877981532,-0.00316302829,4.134765368e-05,True,
2018-03-22,2018-03-21,UKX,RealGARCH,RealGARCH11-logRVscaled-studentt,1,0.006904251724,4.766869187e-05,-0.01724574767,-0.01358761428,-0.01086124822,-0.02166897745,-0.01774618005,-0.01235041019,8.582525202e-05,True,
2018-03-23,2018-03-22,UKX,RealGARCH,RealGARCH11-logRVscaled-studentt,1,0.007844086344,6.152969057e-05,-0.01962176156,-0.01546566829,-0.01236817827,-0.02464709924,-0.02019031482,-0.004425420174,0.0001131600182,True,
2018-03-26,2018-03-23,UKX,RealGARCH,RealGARCH11-logRVscaled-studentt,1,0.008941598148,7.995217743e-05,-0.02239640216,-0.01765880567,-0.01412792778,-0.0281248641,-0.02304450501,-0.004807867974,6.780471156e-05,True,
2018-03-27,2018-03-26,UKX,RealGARCH,RealGARCH11-logRVscaled-studentt,1,0.008603182046,7.401474132e-05,-0.02154084593,-0.01698255509,-0.01358531169,-0.02705250057,-0.02216441979,0.01604203238,8.230526043e-05,True,
2018-03-28,2018-03-27,UKX,RealGARCH,RealGARCH11-logRVscaled-studentt,1,0.00878304696,7.71419139e-05,-0.02199556587,-0.01734197579,-0.01387370694,-0.02762245151,-0.02263217665,0.006351140064,0.0001058395899,True,
2018-03-29,2018-03-28,UKX,RealGARCH,RealGARCH11-logRVscaled-studentt,1,0.009383618779,8.805230139e-05,-0.02351388298,-0.01854208727,-0.0148366633,-0.02952552677,-0.02419402427,0.001687774259,7.336361491e-05,True,
2018-04-03,2018-03-29,UKX,RealGARCH,RealGARCH11-logRVscaled-studentt,1,0.008989433148,8.080990833e-05,-0.02251733474,-0.01775439347,-0.01420462638,-0.02827644232,-0.02316890476,-0.003705535942,7.769339947e-05,True,
2018-04-04,2018-04-03,UKX,RealGARCH,RealGARCH11-logRVscaled-studentt,1,0.008887801692,7.899301892e-05,-0.02226039831,-0.01755130522,-0.01404167059,-0.02795439539,-0.0229046019,0.0004977070031,8.605014809e-05,True,
2018-04-05,2018-04-04,UKX,RealGARCH,RealGARCH11-logRVscaled-studentt,1,0.009030128991,8.154322959e-05,-0.02262021868,-0.01783571521,-0.01426987806,-0.02840539817,-0.0232747384,0.02325604511,4.732051673e-05,True,
2018-04-06,2018-04-05,UKX,RealGARCH,RealGARCH11-logRVscaled-studentt,1,0.007999972398,6.399955838e-05,-0.02001586008,-0.01577717249,-0.01261812584,-0.02514106663,-0.02059571223,-0.002210915362,4.790104948e-05,True,
2018-04-09,2018-04-06,UKX,RealGARCH,RealGARCH11-logRVscaled-studentt,1,0.007499411823,5.624117769e-05,-0.01875038331,-0.01477691162,-0.01181552743,-0.02355490421,-0.01929395394,0.001557851964,4.007216219e-05,True,
2018-04-10,2018-04-09,UKX,RealGARCH,RealGARCH11-logRVscaled-studentt,1,0.006959889171,4.844005727e-05,-0.01738640576,-0.01369879356,-0.01095045725,-0.02184527984,-0.01789087084,0.009957486979,4.418207946e-05,True,
2018-04-11,2018-04-10,UKX,RealGARCH,RealGARCH11-logRVscaled-studentt,1,0.006820425368,4.65182022e-05,-0.01703382465,-0.01342010564,-0.01072684111,-0.02140335083,-0.01752818115,-0.001335689244,3.044617866e-05,True,
2018-04-12,2018-04-11,UKX,RealGARCH,RealGARCH11-logRVscaled-studentt,1,0.00621995601,3.868785277e-05,-0.01551576658,-0.01222019891,-0.009764049038,-0.01950060024,-0.01596659999,0.0001653012677,2.546450601e-05,True,
2018-04-13,2018-04-12,UKX,RealGARCH,RealGARCH11-logRVscaled-studentt,1,0.005684584015,3.231449543e-05,-0.01416228239,-0.01115037503,-0.008905634026,-0.01780412836,-0.0145743111,0.0008676357253,1.79154371e-05,True,
2018-04-16,2018-04-13,UKX,RealGARCH,RealGARCH11-logRVscaled-studentt,1,0.005009646295,2.5096556e-05,-0.01245595942,-0.009801659563,-0.007823439445,-0.01566540449,-0.01281906745,-0.00918222864,3.310853652e-05,True,
2018-04-17,2018-04-16,UKX,RealGARCH,RealGARCH11-logRVscaled-studentt,1,0.005336859583,2.84820702e-05,-0.0132831936,-0.01045552378,-0.008348092959,-0.01670226885,-0.01367001862,0.00386846325,2.960139813e-05,True,
2018-04-18,2018-04-17,UKX,RealGARCH,RealGARCH11-logRVscaled-studentt,1,0.005394825027,2.910413707e-05,-0.01342973715,-0.01057135505,-0.008441034705,-0.01688594814,-0.01382076361,0.01254189572,4.07223419e-05,True,
2018-04-19,2018-04-18,UKX,RealGARCH,RealGARCH11-logRVscaled-studentt,1,0.005816812167,3.383530379e-05,-0.01449657091,-0.01141460408,-0.009117648535,-0.01822312925,-0.01491818375,0.00158404223,3.352165748e-05,True,
2018-04-20,2018-04-19,UKX,RealGARCH,RealGARCH11-logRVscaled-studentt,1,0.005814109253,3.380386641e-05,-0.01448973762,-0.0114092029,-0.009113314685,-0.01821456433,-0.01491115455,0.005348046405,2.955373489e-05,True,
2018-04-23,2018-04-20,UKX,RealGARCH,RealGARCH11-logRVscaled-studentt,1,0.005655632581,3.198617989e-05,-0.01408908971,-0.01109252192,-0.00885921332,-0.01771238786,-0.01449901997,0.004157857809,2.035950535e-05,True,
2018-04-24,2018-04-23,UKX,RealGARCH,RealGARCH11-logRVscaled-studentt,1,0.005136239175,2.638095286e-05,-0.0127760013,-0.01005462776,-0.008026418364,-0.01606654849,-0.013148285,0.003575214827,3.23347848e-05,True,
2018-04-25,2018-04-24,UKX,RealGARCH,RealGARCH11-logRVscaled-studentt,1,0.005383595924,2.898310507e-05,-0.01340134863,-0.01054891614,-0.00842302997,-0.01685036567,-0.01379156119,-0.006227785354,4.454287757e-05,True,
2018-04-26,2018-04-25,UKX,RealGARCH,RealGARCH11-logRVscaled-studentt,1,0.005924421346,3.509876829e-05,-0.01476861974,-0.0116296375,-0.009290189003,-0.01856411822,-0.01519803228,0.005688948682,2.805302072e-05,True,
2018-04-27,2018-04-26,UKX,RealGARCH,RealGARCH11-logRVscaled-studentt,1,0.00565061344,3.192943225e-05,-0.01407640073,-0.01108249226,-0.008851165634,-0.01769648335,-0.01448596719,0.01082863143,5.544261628e-05,True,
2018-04-30,2018-04-27,UKX,RealGARCH,RealGARCH11-logRVscaled-studentt,1,0.006382329538,4.073413033e-05,-0.0159262662,-0.01254466691,-0.01002439862,-0.02001512495,-0.01638886874,0.0009458895553,2.807651472e-05,True,
2018-05-01,2018-04-30,UKX,RealGARCH,RealGARCH11-logRVscaled-studentt,1,0.005890191884,3.469436043e-05,-0.01468208358,-0.0115612374,-0.009235305513,-0.01845565285,-0.01510901511,0.001477088596,3.1944971e-05,True,
2018-05-02,2018-05-01,UKX,RealGARCH,RealGARCH11-logRVscaled-studentt,1,0.005793748517,3.356752187e-05,-0.01443826325,-0.01136851642,-0.009080668297,-0.01815004579,-0.0148582044,0.003027206015,2.841459156e-05,True,
2018-05-03,2018-05-02,UKX,RealGARCH,RealGARCH11-logRVscaled-studentt,1,0.00559661459,3.132209487e-05,-0.0139398852,-0.01097458737,-0.008764583923,-0.01752537329,-0.01434553773,-0.005383539272,3.302657823e-05,True,
2018-05-04,2018-05-03,UKX,RealGARCH,RealGARCH11-logRVscaled-studentt,1,0.005672470095,3.217691697e-05,-0.01413165695,-0.01112616801,-0.008886210576,-0.0177657421,-0.01454280762,0.008546934104,3.545875456e-05,True,
2018-05-08,2018-05-04,UKX,RealGARCH,RealGARCH11-logRVscaled-studentt,1,0.005803971361,3.368608356e-05,-0.01446410782,-0.01138894454,-0.009097059597,-0.01818243966,-0.01488478994,-0.0001718498122,2.95814997e-05,True,
2018-05-09,2018-05-08,UKX,RealGARCH,RealGARCH11-logRVscaled-studentt,1,0.005651307389,3.193727521e-05,-0.01407815511,-0.01108387897,-0.008852278312,-0.01769868231,-0.01448777187,0.01270023522,3.652358529e-05,True,
2018-05-10,2018-05-09,UKX,RealGARCH,RealGARCH11-logRVscaled-studentt,1,0.00582929868,3.398072309e-05,-0.0145281383,-0.01143955565,-0.009137669399,-0.01826269616,-0.01495065618,0.005011889295,4.989342614e-05,True,
2018-05-11,2018-05-10,UKX,RealGARCH,RealGARCH11-logRVscaled-studentt,1,0.006346500064,4.027806307e-05,-0.01583568502,-0.01247306954,-0.00996694967,-0.01990158951,-0.01629569058,0.003059863638,2.579234682e-05,True,
2018-05-14,2018-05-11,UKX,RealGARCH,RealGARCH11-logRVscaled-studentt,1,0.005764521172,3.322970434e-05,-0.01436437304,-0.01131011196,-0.009033805197,-0.018057431,-0.01478219574,-0.001762173344,2.865424811e-05,True,
2018-05-15,2018-05-14,UKX,RealGARCH,RealGARCH11-logRVscaled-studentt,1,0.005591114688,3.126056345e-05,-0.01392598079,-0.01096359702,-0.008755765384,-0.01750794536,-0.01433123468,0.001555008736,3.42124252e-05,True,
2018-05-16,2018-05-15,UKX,RealGARCH,RealGARCH11-logRVscaled-studentt,1,0.005713002415,3.263839659e-05,-0.01423412749,-0.01120716299,-0.008951200064,-0.01789417979,-0.01464821601,0.001449188316,2.011424803e-05,True,
2018-05-17,2018-05-16,UKX,RealGARCH,RealGARCH11-logRVscaled-studentt,1,0.005151520701,2.653816554e-05,-0.01281463482,-0.01008516455,-0.008050920751,-0.01611497216,-0.01318802616,0.006932009607,2.95757657e-05,True,
2018-05-18,2018-05-17,UKX,RealGARCH,RealGARCH11-logRVscaled-studentt,1,0.005288974705,2.797325343e-05,-0.01316213492,-0.01035983632,-0.008271314387,-0.01655053259,-0.01354548917,-0.001182027929,3.525876243e-05,True,
2018-05-21,2018-05-18,UKX,RealGARCH,RealGARCH11-logRVscaled-studentt,1,0.005575833181,3.108991566e-05,-0.01388734732,-0.01093306027,-0.008731263028,-0.01745952174,-0.01429149358,0.01028278532,2.200865458e-05,True,
2018-05-22,2018-05-21,UKX,RealGARCH,RealGARCH11-logRVscaled-studentt,1,0.005182855905,2.686199533e-05,-0.01289385395,-0.0101477811,-0.00810116359,-0.01621426628,-0.01326951652,0.002325749747,3.456782344e-05,True,
2018-05-23,2018-05-22,UKX,RealGARCH,RealGARCH11-logRVscaled-studentt,1,0.00548976762,3.013754852e-05,-0.01366976333,-0.01076107706,-0.00859326558,-0.01718679959,-0.0140676714,-0.01137515997,6.375321543e-05,True,
2018-05-24,2018-05-23,UKX,RealGARCH,RealGARCH11-logRVscaled-studentt,1,0.006474357693,4.191730753e-05,-0.01615892434,-0.01272856505,-0.01017195648,-0.02030674121,-0.01662819724,-0.009248597897,3.217104592e-05,True,
2018-05-25,2018-05-24,UKX,RealGARCH,RealGARCH11-logRVscaled-studentt,1,0.006115473002,3.739901004e-05,-0.01525162108,-0.01201141246,-0.00959652107,-0.01916951739,-0.01569488139,0.001760809674,3.246028403e-05,True,
2018-05-29,2018-05-25,UKX,RealGARCH,RealGARCH11-logRVscaled-studentt,1,0.005936380675,3.524061552e-05,-0.01479885434,-0.0116535356,-0.009309364581,-0.01860201461,-0.01522913372,-0.0127190862,7.027986046e-05,True,
2018-05-30,2018-05-29,UKX,RealGARCH,RealGARCH11-logRVscaled-studentt,1,0.006906496565,4.76996948e-05,-0.01725142289,-0.01359210011,-0.01086484759,-0.02167609084,-0.01775201798,0.007440219057,3.822238445e-05,True,
2018-05-31,2018-05-30,UKX,RealGARCH,RealGARCH11-logRVscaled-studentt,1,0.006580805097,4.330699573e-05,-0.01642803606,-0.01294127692,-0.01034263417,-0.02064404878,-0.01690502446,-0.001483609218,0.0001125204909,True,
2018-06-01,2018-05-31,UKX,RealGARCH,RealGARCH11-logRVscaled-studentt,1,0.008100854591,6.56238451e-05,-0.02027090228,-0.01597876349,-0.01277988026,-0.02546073931,-0.02085806655,0.00306887237,2.501626274e-05,True,
2018-06-04,2018-06-01,UKX,RealGARCH,RealGARCH11-logRVscaled-studentt,1,0.006557529396,4.300119177e-05,-0.01636919231,-0.01289476552,-0.01030531392,-0.02057029339,-0.01684449365,0.005115564509,3.35065822e-05,True,
2018-06-05,2018-06-04,UKX,RealGARCH,RealGARCH11-logRVscaled-studentt,1,0.006213656696,3.860952954e-05,-0.01549984116,-0.01220761111,-0.009753948723,-0.01948063914,-0.01595021799,-0.007065060257,5.077511556e-05,True,
2018-06-06,2018-06-05,UKX,RealGARCH,RealGARCH11-logRVscaled-studentt,1,0.006600649295,4.356857112e-05,-0.01647820456,-0.01298093121,-0.01037445234,-0.02070693052,-0.0169566313,0.003324863768,3.67657989e-05,True,
2018-06-07,2018-06-06,UKX,RealGARCH,RealGARCH11-logRVscaled-studentt,1,0.006363391477,4.049275109e-05,-0.01587838853,-0.01250682333,-0.009994033347,-0.01995511455,-0.0163396184,-0.001037828968,6.769323343e-05,True,
2018-06-08,2018-06-07,UKX,RealGARCH,RealGARCH11-logRVscaled-studentt,1,0.007119845022,5.069219314e-05,-0.01779079321,-0.01401843035,-0.01120693033,-0.02235214349,-0.01830685218,-0.003028802679,6.365984956e-05,True,
2018-06-11,2018-06-08,UKX,RealGARCH,RealGARCH11-logRVscaled-studentt,1,0.007477587792,5.591431919e-05,-0.01869520956,-0.01473330106,-0.01178053479,-0.02348574883,-0.01923719835,0.007302922362,3.07964631e-05,True,
2018-06-12,2018-06-11,UKX,RealGARCH,RealGARCH11-logRVscaled-studentt,1,0.006562229415,4.30628549e-05,-0.01638107452,-0.01290415748,-0.01031284993,-0.02058518668,-0.01685671652,-0.004352012884,2.651137907e-05,True,
2018-06-13,2018-06-12,UKX,RealGARCH,RealGARCH11-logRVscaled-studentt,1,0.005907717402,3.49011249e-05,-0.01472639017,-0.01159625832,-0.009263405913,-0.01851118722,-0.01515459198,-1.293006653e-05,2.612886042e-05,True,
2018-06-14,2018-06-13,UKX,RealGARCH,RealGARCH11-logRVscaled-studentt,1,0.005555313192,3.086150466e-05,-0.01383547035,-0.01089205556,-0.008698361296,-0.01739449857,-0.01423812928,0.008028694344,6.269821134e-05,True,
2018-06-15,2018-06-14,UKX,RealGARCH,RealGARCH11-logRVscaled-studentt,1,0.006493580032,4.216658163e-05,-0.0162075207,-0.0127669767,-0.01020277757,-0.02036765242,-0.01667818687,-0.01713061048,5.049444331e-05,True,
2018-06-18,2018-06-15,UKX,RealGARCH,RealGARCH11-logRVscaled-studentt,1,0.006756011083,4.564368575e-05,-0.01687097767,-0.01329138777,-0.0106235593,-0.02119923663,-0.0173606653,-0.0003406567978,4.812781364e-05,True,
2018-06-19,2018-06-18,UKX,RealGARCH,RealGARCH11-logRVscaled-studentt,1,0.006834623256,4.671207506e-05,-0.01706971861,-0.01344847702,-0.01074960599,-0.0214483407,-0.01756510419,-0.003596924631,4.539898697e-05,True,
2018-06-20,2018-06-19,UKX,RealGARCH,RealGARCH11-logRVscaled-studentt,1,0.006791968473,4.613083573e-05,-0.01696188223,-0.01336324076,-0.01068121335,-0.02131317741,-0.01745417612,0.00308575354,4.426004878e-05,True,
2018-06-21,2018-06-20,UKX,RealGARCH,RealGARCH11-logRVscaled-studentt,1,0.00673112929,4.530810153e-05,-0.01680807353,-0.01324166695,-0.01058366385,-0.0211203919,-0.01729595769,-0.009352140887,8.246242808e-05,True,
2018-06-22,2018-06-21,UKX,RealGARCH,RealGARCH11-logRVscaled-studentt,1,0.007667357945,5.878837786e-05,-0.01917497111,-0.01511251522,-0.0120848121,-0.02408708721,-0.01973071478,0.01652408278,6.924709364e-05,True,
2018-06-25,2018-06-22,UKX,RealGARCH,RealGARCH11-logRVscaled-studentt,1,0.007935391059,6.297043125e-05,-0.01985259076,-0.0156481208,-0.01251457617,-0.02493642308,-0.02042776194,-0.02271014781,8.541381558e-05,True,
2018-06-26,2018-06-25,UKX,RealGARCH,RealGARCH11-logRVscaled-studentt,1,0.008465604673,7.166646249e-05,-0.02119303395,-0.01670763679,-0.01336472024,-0.02661654922,-0.02180663595,0.003734807341,4.923857959e-05,True,
2018-06-27,2018-06-26,UKX,RealGARCH,RealGARCH11-logRVscaled-studentt,1,0.007785203097,6.060938726e-05,-0.0194728977,-0.015348003,-0.01227376492,-0.02446051164,-0.02003718299,0.01105585188,0.0001006659407,True,
2018-06-28,2018-06-27,UKX,RealGARCH,RealGARCH11-logRVscaled-studentt,1,0.008680727977,7.53550382e-05,-0.02173689129,-0.01713751367,-0.01370964877,-0.02729822596,-0.02236608581,-0.0008006795441,8.52836241e-05,True,
2018-06-29,2018-06-28,UKX,RealGARCH,RealGARCH11-logRVscaled-studentt,1,0.008895372703,7.912765552e-05,-0.02227953873,-0.01756643423,-0.01405380994,-0.0279783862,-0.02292429108,0.002792960871,6.974776778e-05,True,
2018-07-02,2018-06-29,UKX,RealGARCH,RealGARCH11-logRVscaled-studentt,1,0.008631288977,7.449914941e-05,-0.02161190361,-0.01703872064,-0.01363037832,-0.02714156503,-0.0222375147,-0.01172238295,7.030655079e-05,True,
2018-07-03,2018-07-02,UKX,RealGARCH,RealGARCH11-logRVscaled-studentt,1,0.008502774228,7.229716957e-05,-0.02128700301,-0.01678191201,-0.01342431787,-0.02673433107,-0.02190329913,0.005996887953,6.621730553e-05,True,
2018-07-04,2018-07-03,UKX,RealGARCH,RealGARCH11-logRVscaled-studentt,1,0.008323143725,6.927472147e-05,-0.0208328757,-0.01642295973,-0.01313629848,-0.02616512294,-0.02143615188,-0.002663746054,1.870854581e-05,True,
2018-07-05,2018-07-04,UKX,RealGARCH,RealGARCH11-logRVscaled-studentt,1,0.006249532799,3.905666021e-05,-0.01559054022,-0.01227930166,-0.009811472438,-0.01959432234,-0.01604351742,0.003966729162,3.878273038e-05,True,
2018-07-06,2018-07-05,UKX,RealGARCH,RealGARCH11-logRVscaled-studentt,1,0.006245204328,3.90025771e-05,-0.01557959733,-0.01227065216,-0.009804532171,-0.0195806064,-0.01603226079,0.001905275511,3.267708801e-05,True,
2018-07-09,2018-07-06,UKX,RealGARCH,RealGARCH11-logRVscaled-studentt,1,0.006014679594,3.617637062e-05,-0.01499680334,-0.01180999888,-0.009434909004,-0.01885012604,-0.01543275796,0.009186159204,4.228475232e-05,True,
2018-07-10,2018-07-09,UKX,RealGARCH,RealGARCH11-logRVscaled-studentt,1,0.006229716107,3.880936277e-05,-0.01554044126,-0.01223970233,-0.009779698369,-0.01953152776,-0.01599198211,0.0005201560585,3.147684841e-05,True,
2018-07-11,2018-07-10,UKX,RealGARCH,RealGARCH11-logRVscaled-studentt,1,0.005957744198,3.549471593e-05,-0.01485286388,-0.01169622593,-0.009343618836,-0.01866971074,-0.01528469172,-0.01308576642,5.137630134e-05,True,
2018-07-12,2018-07-11,UKX,RealGARCH,RealGARCH11-logRVscaled-studentt,1,0.006464793803,4.179355891e-05,-0.01613474569,-0.01270945371,-0.01015662175,-0.02027643542,-0.01660332538,0.007780481248,3.180693647e-05,True,
2018-07-13,2018-07-12,UKX,RealGARCH,RealGARCH11-logRVscaled-studentt,1,0.006095358939,3.71534006e-05,-0.01520077034,-0.01197121891,-0.009564270199,-0.01910578051,-0.01564257274,0.001384439424,3.358515952e-05,True,
2018-07-16,2018-07-13,UKX,RealGARCH,RealGARCH11-logRVscaled-studentt,1,0.005969561194,3.563566085e-05,-0.01488273865,-0.01171983962,-0.009362566198,-0.01870715611,-0.01531542301,-0.008045947378,4.460744831e-05,True,
2018-07-17,2018-07-16,UKX,RealGARCH,RealGARCH11-logRVscaled-studentt,1,0.00627623454,3.939112e-05,-0.0156580454,-0.01233265925,-0.009854285986,-0.01967893407,-0.01611295799,0.003388739593,4.046995852e-05,True,
2018-07-18,2018-07-17,UKX,RealGARCH,RealGARCH11-logRVscaled-studentt,1,0.006318208374,3.991975705e-05,-0.01576416026,-0.01241653478,-0.009921586797,-0.01981193959,-0.01622211518,0.006534860639,3.733496071e-05,True,
2018-07-19,2018-07-18,UKX,RealGARCH,RealGARCH11-logRVscaled-studentt,1,0.006231487699,3.883143894e-05,-0.01554492006,-0.01224324247,-0.009782538939,-0.01953714153,-0.01599658931,0.001002610072,4.511150631e-05,True,
2018-07-20,2018-07-19,UKX,RealGARCH,RealGARCH11-logRVscaled-studentt,1,0.006443409213,4.151752229e-05,-0.0160806829,-0.01266672128,-0.01012233372,-0.02020867253,-0.0165477126,-0.0006769853496,6.93091474e-05,True,
2018-07-23,2018-07-20,UKX,RealGARCH,RealGARCH11-logRVscaled-studentt,1,0.007206272239,5.193035958e-05,-0.01800929151,-0.01419113625,-0.01134550766,-0.02262601165,-0.01853161488,-0.00299975452,3.224930267e-05,True,
2018-07-24,2018-07-23,UKX,RealGARCH,RealGARCH11-logRVscaled-studentt,1,0.006493648812,4.216747489e-05,-0.01620769459,-0.01276711414,-0.01020288785,-0.02036787037,-0.01667836574,0.00693795692,5.381352814e-05,True,
2018-07-25,2018-07-24,UKX,RealGARCH,RealGARCH11-logRVscaled-studentt,1,0.006850167198,4.692479064e-05,-0.01710901554,-0.01347953818,-0.01077452913,-0.02149759591,-0.01760552778,-0.006611460412,5.151997241e-05,True,
2018-07-26,2018-07-25,UKX,RealGARCH,RealGARCH11-logRVscaled-studentt,1,0.006990052662,4.886083622e-05,-0.01746266266,-0.0137590687,-0.01099882137,-0.02194086108,-0.01796931405,0.0006396749884,3.723740825e-05,True,
2018-07-27,2018-07-26,UKX,RealGARCH,RealGARCH11-logRVscaled-studentt,1,0.006587417908,4.339407469e-05,-0.01644475403,-0.01295449117,-0.01035323714,-0.02066500327,-0.01692222174,0.004959443925,3.202227294e-05,True,
2018-07-30,2018-07-27,UKX,RealGARCH,RealGARCH11-logRVscaled-studentt,1,0.006168331008,3.804830743e-05,-0.01538525242,-0.01211703763,-0.009681273553,-0.01933701237,-0.01583234397,-5.192803725e-05,2.42250223e-05,True,
2018-07-31,2018-07-30,UKX,RealGARCH,RealGARCH11-logRVscaled-studentt,1,0.005597308736,3.132986508e-05,-0.01394164008,-0.01097597447,-0.008765696915,-0.01752757288,-0.01434734293,0.006200775081,4.941212719e-05,True,
2018-08-01,2018-07-31,UKX,RealGARCH,RealGARCH11-logRVscaled-studentt,1,0.006191922408,3.833990311e-05,-0.01544489429,-0.01216417989,-0.009719099985,-0.01941176814,-0.01589369578,-0.01245331934,7.18086532e-05,True,
2018-08-02,2018-08-01,UKX,RealGARCH,RealGARCH11-logRVscaled-studentt,1,0.007103182336,5.04551993e-05,-0.01774866796,-0.01398513362,-0.0111802134,-0.02229934324,-0.01826351918,-0.01011250488,5.866335879e-05,True,
2018-08-03,2018-08-02,UKX,RealGARCH,RealGARCH11-logRVscaled-studentt,1,0.007336384806,5.382254203e-05,-0.01833823159,-0.01445113777,-0.01155413004,-0.02303830874,-0.01886998574,0.01092235289,4.745083701e-05,True,
2018-08-06,2018-08-03,UKX,RealGARCH,RealGARCH11-logRVscaled-studentt,1,0.007132683445,5.087517313e-05,-0.01782325028,-0.01404408514,-0.01122751545,-0.02239282553,-0.01834023979,0.0006134226781,4.244369268e-05,True,
2018-08-07,2018-08-06,UKX,RealGARCH,RealGARCH11-logRVscaled-studentt,1,0.006853893929,4.697586199e-05,-0.01711843716,-0.01348698524,-0.01078050457,-0.02150940507,-0.01761521952,0.007112125789,3.316605214e-05,True,
2018-08-08,2018-08-07,UKX,RealGARCH,RealGARCH11-logRVscaled-studentt,1,0.006353944833,4.037261494e-05,-0.01585450628,-0.01248794628,-0.009978886606,-0.01992518029,-0.01631505145,0.007512064118,3.930991208e-05,True,
2018-08-09,2018-08-08,UKX,RealGARCH,RealGARCH11-logRVscaled-studentt,1,0.006321451729,3.996075196e-05,-0.01577235985,-0.01242301592,-0.009926787189,-0.01982221704,-0.01623054985,-0.004497915242,3.101619136e-05,True,
2018-08-10,2018-08-09,UKX,RealGARCH,RealGARCH11-logRVscaled-studentt,1,0.005987090658,3.584525455e-05,-0.01492705522,-0.01175486842,-0.009390672926,-0.01876270299,-0.01536101015,-0.009708788939,7.978813276e-05,True,
2018-08-13,2018-08-10,UKX,RealGARCH,RealGARCH11-logRVscaled-studentt,1,0.007133205672,5.088262317e-05,-0.01782457053,-0.01404512869,-0.01122835279,-0.02239448035,-0.0183415979,-0.003200629794,5.16992831e-05,True,
2018-08-14,2018-08-13,UKX,RealGARCH,RealGARCH11-logRVscaled-studentt,1,0.007154389826,5.118529378e-05,-0.01787812659,-0.01408746059,-0.01126231944,-0.02246160811,-0.01839668943,-0.004051362462,5.069863034e-05,True,
2018-08-15,2018-08-14,UKX,RealGARCH,RealGARCH11-logRVscaled-studentt,1,0.007135807552,5.091974941e-05,-0.01783114839,-0.01405032798,-0.01123252464,-0.02240272511,-0.01834836435,-0.01505044406,5.551103718e-05,True,
2018-08-16,2018-08-15,UKX,RealGARCH,RealGARCH11-logRVscaled-studentt,1,0.007267322284,5.281397318e-05,-0.0181636333,-0.01431313142,-0.01144339525,-0.02281946534,-0.01869038168,0.007771905067,3.404853867e-05,True,
2018-08-17,2018-08-16,UKX,RealGARCH,RealGARCH11-logRVscaled-studentt,1,0.006601568825,4.358071095e-05,-0.01648052924,-0.01298276869,-0.01037592671,-0.0207098443,-0.01695902263,0.0002911274913,4.510474923e-05,True,
2018-08-20,2018-08-17,UKX,RealGARCH,RealGARCH11-logRVscaled-studentt,1,0.006652960946,4.426188935e-05,-0.01661045464,-0.01308546461,-0.01045832879,-0.02087269423,-0.01709267302,0.004316828228,3.381688109e-05,True,
2018-08-21,2018-08-20,UKX,RealGARCH,RealGARCH11-logRVscaled-studentt,1,0.006276270332,3.939156928e-05,-0.01565813589,-0.01233273077,-0.009854343375,-0.01967904749,-0.01611305107,-0.003377928923,3.521615984e-05,True,
2018-08-22,2018-08-21,UKX,RealGARCH,RealGARCH11-logRVscaled-studentt,1,0.00613015671,3.757882129e-05,-0.01528874325,-0.01204075464,-0.009620064915,-0.01921604671,-0.01573306785,0.001122860874,3.586921542e-05,True,
2018-08-23,2018-08-22,UKX,RealGARCH,RealGARCH11-logRVscaled-studentt,1,0.006074701021,3.69019925e-05,-0.01514854466,-0.01192993858,-0.00953114731,-0.01904032027,-0.01558884974,-0.001453354163,3.359525404e-05,True,
2018-08-24,2018-08-23,UKX,RealGARCH,RealGARCH11-logRVscaled-studentt,1,0.005958707152,3.550619092e-05,-0.01485529834,-0.01169815019,-0.009345162835,-0.01867276212,-0.01528719597,0.00188892311,2.951222748e-05,True,
2018-08-28,2018-08-24,UKX,RealGARCH,RealGARCH11-logRVscaled-studentt,1,0.005731562221,3.285080549e-05,-0.01428104889,-0.0112442507,-0.008980958842,-0.01795299159,-0.01469648266,0.005225543753,4.17866405e-05,True,
2018-08-29,2018-08-28,UKX,RealGARCH,RealGARCH11-logRVscaled-studentt,1,0.006049536261,3.659688897e-05,-0.01508492515,-0.0118796523,-0.009490798154,-0.01896057888,-0.01552340624,-0.007114466863,8.330339147e-05,True,
2018-08-30,2018-08-29,UKX,RealGARCH,RealGARCH11-logRVscaled-studentt,1,0.007241960558,5.244599272e-05,-0.01809951584,-0.01426245155,-0.01140273028,-0.0227390998,-0.01862442595,-0.006260325288,4.826434152e-05,True,
2018-08-31,2018-08-30,UKX,RealGARCH,RealGARCH11-logRVscaled-studentt,1,0.007107766519,5.052034489e-05,-0.01776025732,-0.01399429411,-0.01118756367,-0.02231386947,-0.01827544081,-0.01118527336,4.110995416e-05,True,
2018-09-03,2018-08-31,UKX,RealGARCH,RealGARCH11-logRVscaled-studentt,1,0.006793289442,4.614878144e-05,-0.0169652218,-0.01336588042,-0.01068333139,-0.02131736326,-0.01745761144,0.009667370731,3.314627281e-05,True,
2018-09-04,2018-09-03,UKX,RealGARCH,RealGARCH11-logRVscaled-studentt,1,0.00632186449,3.996597064e-05,-0.01577340336,-0.01242384073,-0.009927449011,-0.01982352499,-0.01623162328,-0.006242318816,4.085239121e-05,True,
2018-09-05,2018-09-04,UKX,RealGARCH,RealGARCH11-logRVscaled-studentt,1,0.006356654556,4.040705714e-05,-0.01586135679,-0.01249336107,-0.009983231373,-0.01993376678,-0.01632209836,-0.01005319338,9.005882804e-05,True,
2018-09-06,2018-09-05,UKX,RealGARCH,RealGARCH11-logRVscaled-studentt,1,0.007571080539,5.732126052e-05,-0.01893157036,-0.01492012588,-0.01193044099,-0.02378200604,-0.01948033567,-0.00874696011,6.656401567e-05,True,
2018-09-07,2018-09-06,UKX,RealGARCH,RealGARCH11-logRVscaled-studentt,1,0.007812523631,6.103552549e-05,-0.01954196726,-0.01540259711,-0.01231757064,-0.02454708419,-0.0201082328,-0.0056588016,8.111265695e-05,True,
2018-09-10,2018-09-07,UKX,RealGARCH,RealGARCH11-logRVscaled-studentt,1,0.008298856905,6.887102593e-05,-0.02077147572,-0.01637442783,-0.01309735701,-0.02608816354,-0.02137299155,0.0002197719319,5.974296687e-05,True,
2018-09-11,2018-09-10,UKX,RealGARCH,RealGARCH11-logRVscaled-studentt,1,0.008030129667,6.448298247e-05,-0.02009210125,-0.0158374352,-0.01266647998,-0.02523662814,-0.02067413925,-0.0007970707197,6.45061607e-05,True,
2018-09-12,2018-09-11,UKX,RealGARCH,RealGARCH11-logRVscaled-studentt,1,0.0080172191,6.42758021e-05,-0.0200594618,-0.01581163625,-0.01264577919,-0.0251957175,-0.02064056402,0.005470662276,7.974369817e-05,True,
2018-09-13,2018-09-12,UKX,RealGARCH,RealGARCH11-logRVscaled-studentt,1,0.008387822874,7.035557257e-05,-0.02099639229,-0.01655220687,-0.01324000497,-0.02637007642,-0.02160435653,-0.004357636769,8.44672502e-05,True,
2018-09-14,2018-09-13,UKX,RealGARCH,RealGARCH11-logRVscaled-studentt,1,0.00870920456,7.585024406e-05,-0.02180888348,-0.0171944179,-0.0137553081,-0.02738846176,-0.02244014204,0.003071511554,4.124507951e-05,True,
2018-09-17,2018-09-14,UKX,RealGARCH,RealGARCH11-logRVscaled-studentt,1,0.007610144574,5.791430043e-05,-0.01903032889,-0.01499818681,-0.01199307623,-0.02390579107,-0.01958192564,-0.0002601518541,5.674557656e-05,True,
2018-09-18,2018-09-17,UKX,RealGARCH,RealGARCH11-logRVscaled-studentt,1,0.007567823603,5.727195408e-05,-0.01892333644,-0.0149136176,-0.01192521882,-0.02377168555,-0.01947186568,-0.0002602196877,5.849348966e-05,True,
2018-09-19,2018-09-18,UKX,RealGARCH,RealGARCH11-logRVscaled-studentt,1,0.007594327554,5.7673811e-05,-0.01899034158,-0.01496657996,-0.01196771523,-0.02385567054,-0.01954079188,0.004223814469,8.28075037e-05,True,
2018-09-20,2018-09-19,UKX,RealGARCH,RealGARCH11-logRVscaled-studentt,1,0.008206134138,6.73406375e-05,-0.02053706152,-0.01618914165,-0.0129486854,-0.02579434621,-0.02113185664,0.004925676323,2.684189895e-05,True,
2018-09-21,2018-09-20,UKX,RealGARCH,RealGARCH11-logRVscaled-studentt,1,0.006706594912,4.497841531e-05,-0.0167460477,-0.01319264036,-0.01054432545,-0.02104264805,-0.01723215356,0.01654426293,4.160336917e-05,True,
2018-09-24,2018-09-21,UKX,RealGARCH,RealGARCH11-logRVscaled-studentt,1,0.006594702172,4.349009674e-05,-0.01646316952,-0.01296904718,-0.01036491672,-0.02068808545,-0.0169411652,-0.004254624616,2.948396452e-05,True,
2018-09-25,2018-09-24,UKX,RealGARCH,RealGARCH11-logRVscaled-studentt,1,0.006062335488,3.675191157e-05,-0.01511728312,-0.01190522876,-0.009511320424,-0.01900113671,-0.01555669192,0.006574952993,4.868547311e-05,True,
2018-09-26,2018-09-25,UKX,RealGARCH,RealGARCH11-logRVscaled-studentt,1,0.006451705566,4.162450472e-05,-0.01610165707,-0.01268329973,-0.01013563608,-0.02023496178,-0.0165692881,0.0005193256669,2.598751676e-05,True,
2018-09-27,2018-09-26,UKX,RealGARCH,RealGARCH11-logRVscaled-studentt,1,0.005826928973,3.395310126e-05,-0.0145221474,-0.01143482031,-0.009133869814,-0.0182551871,-0.01494449352,0.004502913548,4.010868525e-05,True,
2018-09-28,2018-09-27,UKX,RealGARCH,RealGARCH11-logRVscaled-studentt,1,0.006051092922,3.661572555e-05,-0.01508886057,-0.01188276295,-0.009493294103,-0.01896551158,-0.01552745449,-0.004675970524,5.336942141e-05,True,
2018-10-01,2018-09-28,UKX,RealGARCH,RealGARCH11-logRVscaled-studentt,1,0.006575006744,4.323071369e-05,-0.01641337713,-0.01292969018,-0.01033333709,-0.02062567512,-0.01688994526,-0.001932573739,6.367386709e-05,True,
2018-10-02,2018-10-01,UKX,RealGARCH,RealGARCH11-logRVscaled-studentt,1,0.007154561069,5.118774409e-05,-0.01787855951,-0.01408780278,-0.01126259401,-0.02246215074,-0.01839713476,-0.002818929555,5.265259758e-05,True,
2018-10-03,2018-10-02,UKX,RealGARCH,RealGARCH11-logRVscaled-studentt,1,0.007194787474,5.17649668e-05,-0.01798025666,-0.01416818646,-0.011327093,-0.02258961905,-0.01850174759,0.004764766501,4.123103787e-05,True,
2018-10-04,2018-10-03,UKX,RealGARCH,RealGARCH11-logRVscaled-studentt,1,0.006843722221,4.683653384e-05,-0.01709272187,-0.01346665931,-0.01076419526,-0.02147717325,-0.01758876697,-0.01232549162,6.684344689e-05,True,
2018-10-05,2018-10-04,UKX,RealGARCH,RealGARCH11-logRVscaled-studentt,1,0.007393123785,5.46582793e-05,-0.01848167448,-0.01456451821,-0.01164510528,-0.02321810163,-0.01901754118,-0.01354450519,6.651269942e-05,True,
2018-10-08,2018-10-05,UKX,RealGARCH,RealGARCH11-logRVscaled-studentt,1,0.007708720822,5.942437671e-05,-0.01927954139,-0.01519516989,-0.0121511333,-0.02421815674,-0.01983828312,-0.01171005233,4.372759398e-05,True,
2018-10-09,2018-10-08,UKX,RealGARCH,RealGARCH11-logRVscaled-studentt,1,0.007202446376,5.187523381e-05,-0.01799961928,-0.0141834911,-0.01133937328,-0.02261388837,-0.01852166533,0.0005943366557,6.478780493e-05,True,
2018-10-10,2018-10-09,UKX,RealGARCH,RealGARCH11-logRVscaled-studentt,1,0.007554416279,5.706920531e-05,-0.01888944112,-0.014886826,-0.01190372153,-0.0237292008,-0.01943699858,-0.01277886879,6.003322051e-05,True,
2018-10-11,2018-10-10,UKX,RealGARCH,RealGARCH11-logRVscaled-studentt,1,0.007629812816,5.821404361e-05,-0.01908005255,-0.01503748949,-0.01202461227,-0.02396811525,-0.01963307489,-0.01961544062,0.0001915771276,True,
2018-10-12,2018-10-11,UKX,RealGARCH,RealGARCH11-logRVscaled-studentt,1,0.009872442234,9.746511567e-05,-0.02474968691,-0.01951889407,-0.01562044242,-0.03107449694,-0.02546525899,-0.001571114694,9.527982566e-05,True,
2018-10-15,2018-10-12,UKX,RealGARCH,RealGARCH11-logRVscaled-studentt,1,0.009786978825,9.578495451e-05,-0.02453362523,-0.01934811413,-0.01548341046,-0.03080368286,-0.02524300277,0.004748679916,8.677304362e-05,True,
2018-10-16,2018-10-15,UKX,RealGARCH,RealGARCH11-logRVscaled-studentt,1,0.009543889469,9.10858262e-05,-0.02391906638,-0.0188623532,-0.01509364119,-0.03003338808,-0.02461082437,0.004287119096,8.544527756e-05,True,
2018-10-17,2018-10-16,UKX,RealGARCH,RealGARCH11-logRVscaled-studentt,1,0.009380033013,8.798501933e-05,-0.02350481774,-0.0185349219,-0.01483091388,-0.0295141643,-0.02418469912,-0.0006801479644,6.936588488e-05,True,
2018-10-18,2018-10-17,UKX,RealGARCH,RealGARCH11-logRVscaled-studentt,1,0.00887875041,7.883220884e-05,-0.02223751559,-0.01753321821,-0.01402715777,-0.02792571394,-0.02288106313,-0.003920028001,6.922523876e-05,True,
2018-10-19,2018-10-18,UKX,RealGARCH,RealGARCH11-logRVscaled-studentt,1,0.008608249932,7.410196688e-05,-0.02155365815,-0.01699268215,-0.01359343753,-0.02706855955,-0.02217759934,0.003239347757,7.542001353e-05,True,
2018-10-22,2018-10-19,UKX,RealGARCH,RealGARCH11-logRVscaled-studentt,1,0.008620691992,7.431633041e-05,-0.02158511316,-0.01701754488,-0.01361338712,-0.0271079856,-0.02220995617,-0.0009934292848,6.769951408e-05,True,
2018-10-23,2018-10-22,UKX,RealGARCH,RealGARCH11-logRVscaled-studentt,1,0.008427489215,7.102257447e-05,-0.02109667353,-0.01663147138,-0.01330360595,-0.02649577002,-0.02170751285,-0.01251618139,0.000137338546,True,
2018-10-24,2018-10-23,UKX,RealGARCH,RealGARCH11-logRVscaled-studentt,1,0.009704923307,9.418553639e-05,-0.0243261791,-0.01918414411,-0.01535184271,-0.03054366762,-0.02502960912,0.001120806671,9.093826428e-05,True,
2018-10-25,2018-10-24,UKX,RealGARCH,RealGARCH11-logRVscaled-studentt,1,0.009596653425,9.209575696e-05,-0.02405245994,-0.01896779043,-0.01517824287,-0.03020058503,-0.02474804236,0.005885289909,0.0001351235048,True,
2018-10-26,2018-10-25,UKX,RealGARCH,RealGARCH11-logRVscaled-studentt,1,0.01039414427,0.0001080382351,-0.02606861181,-0.02056140152,-0.01645693903,-0.03272765182,-0.02682199778,-0.009251555777,0.0001324354898,True,
2018-10-29,2018-10-26,UKX,RealGARCH,RealGARCH11-logRVscaled-studentt,1,0.01081793032,0.0001170276165,-0.02713999345,-0.0214082453,-0.01713643724,-0.03407053328,-0.02792409618,0.01241607364,0.0001151133178,True,
2018-10-30,2018-10-29,UKX,RealGARCH,RealGARCH11-logRVscaled-studentt,1,0.01072881954,0.0001151075688,-0.02691471078,-0.02123017688,-0.01699355709,-0.03378816152,-0.0276923546,0.001365376497,0.0001252144184,True,
2018-10-31,2018-10-30,UKX,RealGARCH,RealGARCH11-logRVscaled-studentt,1,0.01087665506,0.0001183016254,-0.02728845659,-0.02152559385,-0.01723059644,-0.03425661861,-0.02807681579,0.01301913277,0.0001103661126,True,
2018-11-01,2018-10-31,UKX,RealGARCH,RealGARCH11-logRVscaled-studentt,1,0.01066308644,0.0001137014125,-0.02674852967,-0.02109882365,-0.01688816069,-0.03357986829,-0.02752140904,-0.00188163938,0.00013874697,True,
2018-11-02,2018-11-01,UKX,RealGARCH,RealGARCH11-logRVscaled-studentt,1,0.01108405657,0.00012285631,-0.0278127923,-0.02194004041,-0.01756314384,-0.03491382672,-0.02861618433,-0.002899627134,0.0001014640627,True,
2018-11-05,2018-11-02,UKX,RealGARCH,RealGARCH11-logRVscaled-studentt,1,0.01058037958,0.0001119444321,-0.02653943687,-0.02093355207,-0.01675554857,-0.0333177891,-0.0273063215,0.001366358204,7.728913232e-05,True,
2018-11-06,2018-11-05,UKX,RealGARCH,RealGARCH11-logRVscaled-studentt,1,0.009718524671,9.444972177e-05,-0.02436056497,-0.01921132347,-0.01537365113,-0.03058676724,-0.02506498084,-0.008922199949,0.0001043645074,True,
2018-11-07,2018-11-06,UKX,RealGARCH,RealGARCH11-logRVscaled-studentt,1,0.009895876546,9.792837262e-05,-0.02480893164,-0.01956572241,-0.01565801698,-0.03114875493,-0.02552620229,0.01082078788,6.05571492e-05,True,
2018-11-08,2018-11-07,UKX,RealGARCH,RealGARCH11-logRVscaled-studentt,1,0.008880662394,7.886616456e-05,-0.02224234931,-0.01753703889,-0.01403022345,-0.02793177258,-0.02288603544,0.003282425447,5.448851875e-05,True,
2018-11-09,2018-11-08,UKX,RealGARCH,RealGARCH11-logRVscaled-studentt,1,0.008172877235,6.67959223e-05,-0.02045298411,-0.016122685,-0.01289536131,-0.02568896266,-0.02104536871,-0.00496988107,5.592718065e-05,True,
2018-11-12,2018-11-09,UKX,RealGARCH,RealGARCH11-logRVscaled-studentt,1,0.007848821434,6.16039979e-05,-0.01963373243,-0.01547513033,-0.01237577051,-0.02466210366,-0.0202026289,-0.007373706615,7.591005311e-05,True,
2018-11-13,2018-11-12,UKX,RealGARCH,RealGARCH11-logRVscaled-studentt,1,0.008201246127,6.726043804e-05,-0.02052470405,-0.01617937403,-0.01294084797,-0.02577885722,-0.02111914488,9.920067561e-05,0.0001081699864,True,
2018-11-14,2018-11-13,UKX,RealGARCH,RealGARCH11-logRVscaled-studentt,1,0.009076052319,8.23747257e-05,-0.02273631832,-0.01792748294,-0.01434351149,-0.02855091874,-0.02339416665,-0.002839378459,0.0001074072441,True,
2018-11-15,2018-11-14,UKX,RealGARCH,RealGARCH11-logRVscaled-studentt,1,0.009586765081,9.190606471e-05,-0.02402746103,-0.01894803073,-0.01516238791,-0.03016925112,-0.02472232673,0.000596966299,0.0001499866937,True,
2018-11-16,2018-11-15,UKX,RealGARCH,RealGARCH11-logRVscaled-studentt,1,0.01062647373,0.000112921944,-0.02665596838,-0.02102566116,-0.0168294559,-0.03346385097,-0.027426194,-0.003430158455,0.0001156220127,True,
2018-11-19,2018-11-16,UKX,RealGARCH,RealGARCH11-logRVscaled-studentt,1,0.01063314391,0.0001130637495,-0.02667283139,-0.02103899005,-0.01684015086,-0.03348498725,-0.02744354047,-0.001855182223,9.29592011e-05,True,
2018-11-20,2018-11-19,UKX,RealGARCH,RealGARCH11-logRVscaled-studentt,1,0.01014432019,0.0001029072321,-0.02543702677,-0.02006218272,-0.01605637131,-0.03193601623,-0.02617230505,-0.007599256682,0.0001484789673,True,
2018-11-21,2018-11-20,UKX,RealGARCH,RealGARCH11-logRVscaled-studentt,1,0.01094129843,0.0001197120114,-0.02745188273,-0.02165476949,-0.01733424556,-0.03446145871,-0.0282449274,0.01461657134,8.604093005e-05,True,
2018-11-22,2018-11-21,UKX,RealGARCH,RealGARCH11-logRVscaled-studentt,1,0.01013476621,0.0001027134862,-0.02541287318,-0.02004309118,-0.01604105247,-0.03190574185,-0.02614745897,-0.01283346403,6.646933279e-05,True,
2018-11-23,2018-11-22,UKX,RealGARCH,RealGARCH11-logRVscaled-studentt,1,0.009183107052,8.432945514e-05,-0.02300696544,-0.01814140842,-0.01451516296,-0.0288901508,-0.02367257329,-0.001063724212,7.587672915e-05,True,
2018-11-26,2018-11-23,UKX,RealGARCH,RealGARCH11-logRVscaled-studentt,1,0.008947505856,8.005786104e-05,-0.02241133755,-0.01767061094,-0.0141374002,-0.02814358428,-0.0230598686,0.01188100224,5.284538656e-05,True,
2018-11-27,2018-11-26,UKX,RealGARCH,RealGARCH11-logRVscaled-studentt,1,0.008152552,6.646410412e-05,-0.02040159949,-0.01608206946,-0.01286277185,-0.02562455663,-0.02099251089,-0.002718315777,0.0001080822618,True,
2018-11-28,2018-11-27,UKX,RealGARCH,RealGARCH11-logRVscaled-studentt,1,0.009044493528,8.180286317e-05,-0.02265653394,-0.0178644196,-0.01429291015,-0.02845091612,-0.02331209483,-0.001768711444,6.766456977e-05,True,
2018-11-29,2018-11-28,UKX,RealGARCH,RealGARCH11-logRVscaled-studentt,1,0.008654126015,7.489389708e-05,-0.02166963836,-0.01708435547,-0.0136669952,-0.0272139304,-0.02229690472,0.004913314972,0.0001001367345,True,
2018-11-30,2018-11-29,UKX,RealGARCH,RealGARCH11-logRVscaled-studentt,1,0.009195530091,8.455777366e-05,-0.02303837237,-0.01816623315,-0.01453508205,-0.02892951658,-0.02370488066,-0.008388517031,6.675737746e-05,True,
2018-12-03,2018-11-30,UKX,RealGARCH,RealGARCH11-logRVscaled-studentt,1,0.008708499886,7.583797027e-05,-0.02180710198,-0.01719300976,-0.01375417822,-0.02738622882,-0.02243830946,0.01170732561,5.888277521e-05,True,
2018-12-04,2018-12-03,UKX,RealGARCH,RealGARCH11-logRVscaled-studentt,1,0.00822192676,6.760007965e-05,-0.02057698715,-0.01622069975,-0.01297400728,-0.02584438943,-0.02117292695,-0.005622952058,9.239919609e-05,True,
2018-12-05,2018-12-04,UKX,RealGARCH,RealGARCH11-logRVscaled-studentt,1,0.008782774152,7.71371218e-05,-0.02199487617,-0.01734143064,-0.01387326952,-0.02762158704,-0.02263146719,-0.01448614791,5.046551429e-05,True,
2018-12-06,2018-12-05,UKX,RealGARCH,RealGARCH11-logRVscaled-studentt,1,0.007988461526,6.381551756e-05,-0.01998675922,-0.01575417053,-0.01259966932,-0.0251045913,-0.02056577705,-0.03195652909,0.0002693115371,True,
2018-12-07,2018-12-06,UKX,RealGARCH,RealGARCH11-logRVscaled-studentt,1,0.01090550268,0.0001189299886,-0.02736138679,-0.0215832395,-0.01727685068,-0.03434803011,-0.02815183692,0.01097754699,0.0001590282386,True,
2018-12-10,2018-12-07,UKX,RealGARCH,RealGARCH11-logRVscaled-studentt,1,0.01156101711,0.0001336571165,-0.02901860537,-0.02289314176,-0.01832790197,-0.036425206,-0.02985656834,-0.008385497237,0.0001493515953,True,
2018-12-11,2018-12-10,UKX,RealGARCH,RealGARCH11-logRVscaled-studentt,1,0.01178008161,0.0001387703227,-0.02957242652,-0.02333089427,-0.01867914981,-0.03711937149,-0.03042626768,0.01262544529,0.0001178161219,True,
2018-12-12,2018-12-11,UKX,RealGARCH,RealGARCH11-logRVscaled-studentt,1,0.0113055281,0.0001278149656,-0.02837269871,-0.02238260284,-0.0179182511,-0.03561561954,-0.02919214339,0.01071096043,8.575477793e-05,True,
2018-12-13,2018-12-12,UKX,RealGARCH,RealGARCH11-logRVscaled-studentt,1,0.01031328157,0.0001063637767,-0.02586418127,-0.02039981509,-0.01632728384,-0.03247141635,-0.02661170617,-0.0003925358158,9.803276004e-05,True,
2018-12-14,2018-12-13,UKX,RealGARCH,RealGARCH11-logRVscaled-studentt,1,0.01008956121,0.0001017992454,-0.02529858955,-0.01995275887,-0.01596857081,-0.0317624975,-0.0260298988,-0.004707508608,7.695704007e-05,True,
2018-12-17,2018-12-14,UKX,RealGARCH,RealGARCH11-logRVscaled-studentt,1,0.009456677466,8.94287487e-05,-0.02369858404,-0.01868807908,-0.01495380554,-0.02975703311,-0.02438402076,-0.01057402761,7.701378548e-05,True,
2018-12-18,2018-12-17,UKX,RealGARCH,RealGARCH11-logRVscaled-studentt,1,0.009124001649,8.32474061e-05,-0.02285753994,-0.01802329919,-0.01442039341,-0.02870285924,-0.02351886373,-0.01062735912,7.916199491e-05,True,
2018-12-19,2018-12-18,UKX,RealGARCH,RealGARCH11-logRVscaled-studentt,1,0.008997981444,8.096367008e-05,-0.02253894585,-0.01777147537,-0.01421833272,-0.02830352992,-0.02319113547,0.009548957503,7.31273061e-05,True,
2018-12-20,2018-12-19,UKX,RealGARCH,RealGARCH11-logRVscaled-studentt,1,0.008776214672,7.702194398e-05,-0.02197829303,-0.01732832296,-0.01386275206,-0.02760080154,-0.0226144086,-0.00801322022,0.0001734505333,True,
2018-12-21,2018-12-20,UKX,RealGARCH,RealGARCH11-logRVscaled-studentt,1,0.01044245121,0.0001090447873,-0.02619073752,-0.02065793239,-0.01653439434,-0.03288072552,-0.02694762486,0.00138468327,0.0001970039195,True,
2018-12-24,2018-12-21,UKX,RealGARCH,RealGARCH11-logRVscaled-studentt,1,0.0118234063,0.0001397929365,-0.02968195651,-0.0234174692,-0.01874861658,-0.03725665757,-0.03053893791,-0.005250951036,,True,
2018-12-27,2018-12-24,UKX,RealGARCH,RealGARCH11-logRVscaled-studentt,1,0.0117575913,0.0001382409532,-0.02951556836,-0.02328595232,-0.01864308887,-0.03704810484,-0.03036777938,-0.01526698231,0.0001974015947,True,RV_imputed_in_recursion
2018-12-28,2018-12-27,UKX,RealGARCH,RealGARCH11-logRVscaled-studentt,1,0.01263397398,0.0001596172985,-0.03173116817,-0.02503721149,-0.02004828013,-0.03982516187,-0.03264690096,0.02242051505,0.0001248228462,True,
2018-12-31,2018-12-28,UKX,RealGARCH,RealGARCH11-logRVscaled-studentt,1,0.01190199516,0.0001416574889,-0.02988063852,-0.02357451186,-0.0188746259,-0.03750568777,-0.03074331619,-0.0008765203549,,True,
2019-01-02,2018-12-31,UKX,RealGARCH,RealGARCH11-logRVscaled-studentt,1,0.01183495334,0.0001400661205,-0.02971114879,-0.02344054343,-0.01876713109,-0.0372932475,-0.03056896715,0.0009062489002,0.0001387747219,True,RV_imputed_in_recursion
2019-01-03,2019-01-02,UKX,RealGARCH,RealGARCH11-logRVscaled-studentt,1,0.01174529239,0.0001379518932,-0.02948447523,-0.02326137562,-0.0186233688,-0.03700913238,-0.0303357948,-0.006181639983,0.0001334992036,True,
2019-01-04,2019-01-03,UKX,RealGARCH,RealGARCH11-logRVscaled-studentt,1,0.01159770503,0.000134506762,-0.02911135681,-0.02296645456,-0.01838672736,-0.03654146167,-0.02995197899,0.02139011878,0.0001327674891,True,
2019-01-07,2019-01-04,UKX,RealGARCH,RealGARCH11-logRVscaled-studentt,1,0.01150280443,0.0001323145097,-0.02887143678,-0.02277681646,-0.01823456381,-0.03624074328,-0.0297051804,-0.003883272449,9.5723356e-05,True,
2019-01-08,2019-01-07,UKX,RealGARCH,RealGARCH11-logRVscaled-studentt,1,0.01066467517,0.0001137352965,-0.02675254616,-0.02110199838,-0.01689070805,-0.03358490261,-0.02752554069,0.007416409346,6.539063303e-05,True,
2019-01-09,2019-01-08,UKX,RealGARCH,RealGARCH11-logRVscaled-studentt,1,0.009413183592,8.860802535e-05,-0.02358862635,-0.01860116608,-0.01488406749,-0.02961921093,-0.02427091055,0.00653682538,6.664102659e-05,True,
2019-01-10,2019-01-09,UKX,RealGARCH,RealGARCH11-logRVscaled-studentt,1,0.008819023134,7.777516904e-05,-0.02208651792,-0.01741386631,-0.01393139111,-0.02773645181,-0.02272573632,0.0052420502,7.761108845e-05,True,
2019-01-11,2019-01-10,UKX,RealGARCH,RealGARCH11-logRVscaled-studentt,1,0.008791818561,7.729607361e-05,-0.02201774152,-0.01735950392,-0.01388777132,-0.02765024671,-0.02265498808,-0.003563892183,7.83418654e-05,True,
2019-01-14,2019-01-11,UKX,RealGARCH,RealGARCH11-logRVscaled-studentt,1,0.008794641161,7.734571315e-05,-0.02202487739,-0.01736514427,-0.01389229707,-0.02765919089,-0.02266232854,-0.009177335359,5.307122305e-05,True,
2019-01-15,2019-01-14,UKX,RealGARCH,RealGARCH11-logRVscaled-studentt,1,0.008082397712,6.532515277e-05,-0.02022424109,-0.01594188146,-0.01275028652,-0.02540225367,-0.02081006758,0.005818198231,8.045338107e-05,True,
2019-01-16,2019-01-15,UKX,RealGARCH,RealGARCH11-logRVscaled-studentt,1,0.008441860457,7.126500798e-05,-0.02113300574,-0.01666018916,-0.01332664879,-0.02654130921,-0.02174488672,-0.004695532522,7.345507313e-05,True,
2019-01-17,2019-01-16,UKX,RealGARCH,RealGARCH11-logRVscaled-studentt,1,0.008478978104,7.189306969e-05,-0.02122684357,-0.01673436066,-0.01338616319,-0.02665892658,-0.02184141491,-0.004059153571,5.871283917e-05,True,
2019-01-18,2019-01-17,UKX,RealGARCH,RealGARCH11-logRVscaled-studentt,1,0.008095792827,6.55418615e-05,-0.02025810554,-0.01596864867,-0.01277176423,-0.02544469974,-0.02084490293,0.01932943945,6.53180249e-05,True,
2019-01-21,2019-01-18,UKX,RealGARCH,RealGARCH11-logRVscaled-studentt,1,0.008075477037,6.521332938e-05,-0.0202067448,-0.015928052,-0.01273918991,-0.02538032363,-0.02079206967,0.0003300537398,3.694716448e-05,True,
2019-01-22,2019-01-21,UKX,RealGARCH,RealGARCH11-logRVscaled-studentt,1,0.007125043673,5.076624734e-05,-0.01780393602,-0.01402881872,-0.01121526585,-0.02236861683,-0.01832037179,-0.009977042968,7.126666726e-05,True,
2019-01-23,2019-01-22,UKX,RealGARCH,RealGARCH11-logRVscaled-studentt,1,0.007666381903,5.877341149e-05,-0.01917250356,-0.01511056482,-0.01208324712,-0.02408399435,-0.01972817649,-0.008512671304,6.018935366e-05,True,
2019-01-24,2019-01-23,UKX,RealGARCH,RealGARCH11-logRVscaled-studentt,1,0.007696746167,5.923990156e-05,-0.01924926804,-0.01517124116,-0.01213193315,-0.02418021179,-0.01980714182,-0.00349877053,6.115506277e-05,True,
2019-01-25,2019-01-24,UKX,RealGARCH,RealGARCH11-logRVscaled-studentt,1,0.007740387392,5.991359697e-05,-0.01935959826,-0.01525844861,-0.01220190745,-0.02431850088,-0.01992063523,-0.001438165943,6.54032577e-05,True,
2019-01-28,2019-01-25,UKX,RealGARCH,RealGARCH11-logRVscaled-studentt,1,0.00787888296,6.207679669e-05,-0.01970973155,-0.01553520172,-0.01242397113,-0.02475736179,-0.02028080693,-0.009161870134,6.646778599e-05,True,
2019-01-29,2019-01-28,UKX,RealGARCH,RealGARCH11-logRVscaled-studentt,1,0.007984824033,6.375741484e-05,-0.01997756321,-0.01574690179,-0.01259383696,-0.02509306491,-0.02055631738,0.01278270906,7.302537934e-05,True,
2019-01-30,2019-01-29,UKX,RealGARCH,RealGARCH11-logRVscaled-studentt,1,0.008210441575,6.741135085e-05,-0.02054795123,-0.01619774912,-0.01295559194,-0.0258079955,-0.02114305856,0.01563680309,5.642346178e-05,True,
2019-01-31,2019-01-30,UKX,RealGARCH,RealGARCH11-logRVscaled-studentt,1,0.007883955249,6.215675036e-05,-0.0197225549,-0.01554533758,-0.01243210404,-0.02477343471,-0.02029399793,0.003925069415,6.630472862e-05,True,
2019-02-01,2019-01-31,UKX,RealGARCH,RealGARCH11-logRVscaled-studentt,1,0.007983415765,6.373492727e-05,-0.01997400294,-0.01574408768,-0.01259157895,-0.02508860243,-0.02055265504,0.007334356407,7.020286244e-05,True,
2019-02-04,2019-02-01,UKX,RealGARCH,RealGARCH11-logRVscaled-studentt,1,0.00813961349,6.625330776e-05,-0.0203688894,-0.01605621468,-0.01284202625,-0.02558355743,-0.02095886298,0.001978029107,3.835564504e-05,True,
2019-02-05,2019-02-04,UKX,RealGARCH,RealGARCH11-logRVscaled-studentt,1,0.007214833066,5.205381617e-05,-0.0180309343,-0.01420824319,-0.01135923408,-0.02265313896,-0.01855387817,0.02016742229,5.474831171e-05,True,
2019-02-06,2019-02-05,UKX,RealGARCH,RealGARCH11-logRVscaled-studentt,1,0.007289953842,5.314342702e-05,-0.01822084858,-0.01435835564,-0.01147968267,-0.02289117959,-0.01874923733,-0.0005992549568,4.303286465e-05,True,
2019-02-07,2019-02-06,UKX,RealGARCH,RealGARCH11-logRVscaled-studentt,1,0.006958220894,4.841683801e-05,-0.01738218816,-0.01369545987,-0.01094778234,-0.02183999345,-0.01788653232,-0.01114494898,6.867520046e-05,True,
2019-02-08,2019-02-07,UKX,RealGARCH,RealGARCH11-logRVscaled-studentt,1,0.007505522277,5.633286465e-05,-0.01876583126,-0.01478912202,-0.01182532492,-0.02357426684,-0.0193098448,-0.003162758558,5.618862293e-05,True,
2019-02-11,2019-02-08,UKX,RealGARCH,RealGARCH11-logRVscaled-studentt,1,0.007493791787,5.615691534e-05,-0.01873617519,-0.0147656812,-0.01180651627,-0.02353709559,-0.01927933847,0.008154788655,5.947859757e-05,True,
2019-02-12,2019-02-11,UKX,RealGARCH,RealGARCH11-logRVscaled-studentt,1,0.007580445592,5.746315537e-05,-0.01895524633,-0.01493883989,-0.01194545691,-0.02381168176,-0.01950469044,0.0005609232867,3.453995146e-05,True,
2019-02-13,2019-02-12,UKX,RealGARCH,RealGARCH11-logRVscaled-studentt,1,0.006779113666,4.59563821e-05,-0.01692938375,-0.01333755324,-0.01066060196,-0.02127244346,-0.0174207459,0.008056467789,4.630342052e-05,True,
2019-02-14,2019-02-13,UKX,RealGARCH,RealGARCH11-logRVscaled-studentt,1,0.006790326626,4.610853569e-05,-0.01695773145,-0.01335995988,-0.01067858081,-0.02130797477,-0.01744990634,0.0008618684535,6.464760208e-05,True,
2019-02-15,2019-02-14,UKX,RealGARCH,RealGARCH11-logRVscaled-studentt,1,0.007307798232,5.340391499e-05,-0.01826596132,-0.01439401375,-0.01150829435,-0.02294772439,-0.01879564346,0.005501055804,4.86282874e-05,True,
2019-02-18,2019-02-15,UKX,RealGARCH,RealGARCH11-logRVscaled-studentt,1,0.007155248576,5.119758218e-05,-0.01788029761,-0.01408917662,-0.01126369636,-0.02246432929,-0.01839892269,-0.002379629901,2.163946843e-05,True,
2019-02-19,2019-02-18,UKX,RealGARCH,RealGARCH11-logRVscaled-studentt,1,0.005930897158,3.51755411e-05,-0.01478499136,-0.01164257799,-0.009300572314,-0.01858463859,-0.01521487328,-0.005597715028,5.186506959e-05,True,
2019-02-20,2019-02-19,UKX,RealGARCH,RealGARCH11-logRVscaled-studentt,1,0.006461883019,4.175593215e-05,-0.01612738688,-0.01270363715,-0.0101519546,-0.02026721181,-0.01659575559,0.006857409955,6.791865724e-05,True,
2019-02-21,2019-02-20,UKX,RealGARCH,RealGARCH11-logRVscaled-studentt,1,0.007186020296,5.16388877e-05,-0.01795809219,-0.01415066717,-0.01131303571,-0.02256183786,-0.01847894766,-0.008502440218,7.655143183e-05,True,
2019-02-22,2019-02-21,UKX,RealGARCH,RealGARCH11-logRVscaled-studentt,1,0.007823423516,6.120595551e-05,-0.01956952347,-0.01542437815,-0.01233504751,-0.02458162345,-0.02013657905,0.001561438488,4.355775373e-05,True,
2019-02-25,2019-02-22,UKX,RealGARCH,RealGARCH11-logRVscaled-studentt,1,0.007255623981,5.264407935e-05,-0.0181340586,-0.01428975492,-0.0114246382,-0.02278239608,-0.01865995906,0.0007102061801,3.97241921e-05,True,
2019-02-26,2019-02-25,UKX,RealGARCH,RealGARCH11-logRVscaled-studentt,1,0.006820390234,4.651772294e-05,-0.01703373583,-0.01342003543,-0.01072678477,-0.02140323949,-0.01752808978,-0.004548393076,0.000101516818,True,
2019-02-27,2019-02-26,UKX,RealGARCH,RealGARCH11-logRVscaled-studentt,1,0.008080575533,6.529570095e-05,-0.02021963441,-0.01593824023,-0.01274736484,-0.0253964796,-0.02080532882,-0.006157822576,6.224647589e-05,True,
2019-02-28,2019-02-27,UKX,RealGARCH,RealGARCH11-logRVscaled-studentt,1,0.007983045829,6.37290207e-05,-0.01997306769,-0.01574334844,-0.01259098579,-0.02508743019,-0.02055169298,-0.004583314789,6.09816291e-05,True,
2019-03-01,2019-02-28,UKX,RealGARCH,RealGARCH11-logRVscaled-studentt,1,0.00789409978,6.231681134e-05,-0.01974820149,-0.01556560921,-0.01244836977,-0.02480558042,-0.02032037981,0.004512961123,4.874899366e-05,True,
2019-03-04,2019-03-01,UKX,RealGARCH,RealGARCH11-logRVscaled-studentt,1,0.007472576041,5.583939269e-05,-0.01868253925,-0.01472328618,-0.01177249896,-0.02346986773,-0.01922416479,0.003890112666,3.132990413e-05,True,
2019-03-05,2019-03-04,UKX,RealGARCH,RealGARCH11-logRVscaled-studentt,1,0.00658431336,4.335318242e-05,-0.01643690537,-0.01294828741,-0.01034825931,-0.02065516567,-0.01691414805,0.006844653784,5.249010508e-05,True,
2019-03-06,2019-03-05,UKX,RealGARCH,RealGARCH11-logRVscaled-studentt,1,0.006865861095,4.714004858e-05,-0.01714869159,-0.01351089901,-0.01079969272,-0.02154732629,-0.01764634135,0.00175252115,3.764692542e-05,True,
2019-03-07,2019-03-06,UKX,RealGARCH,RealGARCH11-logRVscaled-studentt,1,0.006537687834,4.274136221e-05,-0.01631903048,-0.01285511649,-0.01027349998,-0.02050742,-0.01679289366,-0.005350573145,5.447918301e-05,True,
2019-03-08,2019-03-07,UKX,RealGARCH,RealGARCH11-logRVscaled-studentt,1,0.006894320496,4.75316551e-05,-0.01722064034,-0.0135677689,-0.0108453245,-0.02163750765,-0.01772035289,-0.007474535863,7.313404264e-05,True,
2019-03-11,2019-03-08,UKX,RealGARCH,RealGARCH11-logRVscaled-studentt,1,0.007569947859,5.730411058e-05,-0.01892870681,-0.01491786246,-0.01192862485,-0.02377841684,-0.01947739002,0.003695189022,5.228546939e-05,True,
2019-03-12,2019-03-11,UKX,RealGARCH,RealGARCH11-logRVscaled-studentt,1,0.007412557354,5.494600653e-05,-0.01853080486,-0.01460335195,-0.01167626504,-0.02327968219,-0.01906808013,0.002884805958,9.415159208e-05,True,
2019-03-13,2019-03-12,UKX,RealGARCH,RealGARCH11-logRVscaled-studentt,1,0.008325552784,6.931482916e-05,-0.02083896608,-0.01642777371,-0.01314016116,-0.0261727567,-0.02144241688,0.001118068065,4.931888016e-05,True,
2019-03-14,2019-03-13,UKX,RealGARCH,RealGARCH11-logRVscaled-studentt,1,0.007716148994,5.95389553e-05,-0.0192983207,-0.01521001347,-0.01216304363,-0.02424169493,-0.01985760083,0.003652905756,5.423549072e-05,True,
2019-03-15,2019-03-14,UKX,RealGARCH,RealGARCH11-logRVscaled-studentt,1,0.007551569601,5.702620344e-05,-0.01888224439,-0.01488113754,-0.01189915717,-0.02372018033,-0.01942959551,0.005952674268,4.344641444e-05,True,
2019-03-18,2019-03-15,UKX,RealGARCH,RealGARCH11-logRVscaled-studentt,1,0.007110562297,5.056009618e-05,-0.01776732538,-0.01399988086,-0.01119204642,-0.02232272865,-0.01828271151,0.009760929674,3.178199521e-05,True,
2019-03-19,2019-03-18,UKX,RealGARCH,RealGARCH11-logRVscaled-studentt,1,0.006425200848,4.128320594e-05,-0.01603464998,-0.01263033585,-0.01009313844,-0.02015097437,-0.01650035991,0.003391846989,3.974903339e-05,True,
2019-03-20,2019-03-19,UKX,RealGARCH,RealGARCH11-logRVscaled-studentt,1,0.006376094534,4.06545815e-05,-0.01591050337,-0.01253220761,-0.01001440142,-0.01999536765,-0.01637265398,-0.004515915988,6.42123896e-05,True,
2019-03-21,2019-03-20,UKX,RealGARCH,RealGARCH11-logRVscaled-studentt,1,0.007046432002,4.965220395e-05,-0.01760519635,-0.01387173048,-0.01108921996,-0.02211951436,-0.01811593421,0.008780404465,6.002904922e-05,True,
2019-03-22,2019-03-21,UKX,RealGARCH,RealGARCH11-logRVscaled-studentt,1,0.007340396826,5.388142556e-05,-0.01834837445,-0.01445915491,-0.01156056291,-0.02305102191,-0.0188804194,-0.02028507682,8.857259584e-05,True,
2019-03-25,2019-03-22,UKX,RealGARCH,RealGARCH11-logRVscaled-studentt,1,0.008171257303,6.676944591e-05,-0.02044888872,-0.01611944792,-0.01289276391,-0.02568382947,-0.02104115591,-0.00417095947,0.0001257658948,True,
2019-03-26,2019-03-25,UKX,RealGARCH,RealGARCH11-logRVscaled-studentt,1,0.009359185081,8.759434537e-05,-0.02345211168,-0.01849326186,-0.01479748633,-0.02944810195,-0.02413048197,0.002601898952,6.650259004e-05,True,
2019-03-27,2019-03-26,UKX,RealGARCH,RealGARCH11-logRVscaled-studentt,1,0.008786922493,7.72100069e-05,-0.02200536368,-0.0173497202,-0.01387992097,-0.02763473219,-0.02264225537,-0.0002918050123,6.604943005e-05,True,
2019-03-28,2019-03-27,UKX,RealGARCH,RealGARCH11-logRVscaled-studentt,1,0.008471795001,7.177131053e-05,-0.02120868383,-0.0167200068,-0.01337464581,-0.02663616496,-0.02182273452,0.00555840361,5.968273114e-05,True,
2019-03-29,2019-03-28,UKX,RealGARCH,RealGARCH11-logRVscaled-studentt,1,0.008120846676,6.594815073e-05,-0.02032144465,-0.0160187133,-0.01281193555,-0.02552408968,-0.02091005799,0.006187416302,8.063385967e-05,True,
2019-04-01,2019-03-29,UKX,RealGARCH,RealGARCH11-logRVscaled-studentt,1,0.008468259996,7.171142737e-05,-0.02119974692,-0.01671294287,-0.01336897778,-0.02662496334,-0.02181354139,0.005234067379,4.313341218e-05,True,
2019-04-02,2019-04-01,UKX,RealGARCH,RealGARCH11-logRVscaled-studentt,1,0.00756574748,5.724053492e-05,-0.01891808775,-0.01490946893,-0.01192188996,-0.02376510679,-0.01946646651,0.01002152671,4.39636159e-05,True,
2019-04-03,2019-04-02,UKX,RealGARCH,RealGARCH11-logRVscaled-studentt,1,0.007136301338,5.092679678e-05,-0.01783239674,-0.0140513147,-0.01123331638,-0.02240428981,-0.01834964849,0.003673307192,3.939673199e-05,True,
2019-04-04,2019-04-03,UKX,RealGARCH,RealGARCH11-logRVscaled-studentt,1,0.006745729622,4.550486814e-05,-0.01684498491,-0.01327084252,-0.01060707401,-0.02116665703,-0.01733392733,-0.00221318336,2.840647878e-05,True,
2019-04-05,2019-04-04,UKX,RealGARCH,RealGARCH11-logRVscaled-studentt,1,0.00608957609,3.708293695e-05,-0.0151861506,-0.01195966315,-0.009554997982,-0.01908745597,-0.01562753385,0.006061114482,3.801220628e-05,True,
2019-04-08,2019-04-05,UKX,RealGARCH,RealGARCH11-logRVscaled-studentt,1,0.006129142088,3.756638273e-05,-0.01528617816,-0.01203872714,-0.009618438071,-0.01921283161,-0.01573042922,0.0006711950296,2.240759289e-05,True,
2019-04-09,2019-04-08,UKX,RealGARCH,RealGARCH11-logRVscaled-studentt,1,0.005483804871,3.007211587e-05,-0.01365468879,-0.01074916181,-0.008583704913,-0.01716790499,-0.01405216467,-0.00353551758,4.906204565e-05,True,
2019-04-10,2019-04-09,UKX,RealGARCH,RealGARCH11-logRVscaled-studentt,1,0.006112428106,3.736177735e-05,-0.01524392322,-0.01200532791,-0.009591638886,-0.01915986881,-0.01568696283,-0.0004984268162,2.651601101e-05,True,
2019-04-11,2019-04-10,UKX,RealGARCH,RealGARCH11-logRVscaled-studentt,1,0.005679523486,3.225698702e-05,-0.01414948877,-0.01114026267,-0.008897519977,-0.01778809269,-0.01456115068,-0.0005255968188,3.41985833e-05,True,
2019-04-12,2019-04-11,UKX,RealGARCH,RealGARCH11-logRVscaled-studentt,1,0.005762484712,3.320623005e-05,-0.01435922463,-0.01130604254,-0.009030539938,-0.01805097792,-0.01477689972,0.002571522023,3.384862656e-05,True,
2019-04-15,2019-04-12,UKX,RealGARCH,RealGARCH11-logRVscaled-studentt,1,0.005796105475,3.359483868e-05,-0.01444422193,-0.01137322629,-0.009084447442,-0.01815751446,-0.01486433391,-2.691891892e-05,1.912155279e-05,True,
2019-04-16,2019-04-15,UKX,RealGARCH,RealGARCH11-logRVscaled-studentt,1,0.005136195613,2.638050538e-05,-0.01277589117,-0.01005454071,-0.008026348517,-0.01606641045,-0.01314817172,0.004427516884,2.662540492e-05,True,
2019-04-17,2019-04-16,UKX,RealGARCH,RealGARCH11-logRVscaled-studentt,1,0.005161011577,2.66360405e-05,-0.01283862889,-0.01010412999,-0.008066138414,-0.01614504659,-0.01321270814,0.0001873882997,2.290789814e-05,True,
2019-04-18,2019-04-17,UKX,RealGARCH,RealGARCH11-logRVscaled-studentt,1,0.005008460666,2.508467824e-05,-0.01245296201,-0.009799290343,-0.007821538409,-0.01566164751,-0.0128159841,-0.001526991191,3.176998607e-05,True,
2019-04-23,2019-04-18,UKX,RealGARCH,RealGARCH11-logRVscaled-studentt,1,0.00528851557,2.796839694e-05,-0.01316097417,-0.01035891884,-0.00827057821,-0.01654907769,-0.01354429514,0.008436303923,2.589629066e-05,True,
2019-04-24,2019-04-23,UKX,RealGARCH,RealGARCH11-logRVscaled-studentt,1,0.005213896204,2.718471363e-05,-0.01297232752,-0.01020980835,-0.00815093358,-0.01631262592,-0.01335023995,-0.006842392211,2.632988929e-05,True,
2019-04-25,2019-04-24,UKX,RealGARCH,RealGARCH11-logRVscaled-studentt,1,0.005191615497,2.695287147e-05,-0.01291599924,-0.01016528523,-0.008115208712,-0.01624202344,-0.01329229672,-0.005058371199,6.091662745e-05,True,
2019-04-26,2019-04-25,UKX,RealGARCH,RealGARCH11-logRVscaled-studentt,1,0.006214901717,3.862500335e-05,-0.01550298872,-0.01221009901,-0.009755944989,-0.01948458433,-0.01595345579,-0.0007939421481,4.259795707e-05,True,
2019-04-29,2019-04-26,UKX,RealGARCH,RealGARCH11-logRVscaled-studentt,1,0.006354218754,4.037609597e-05,-0.01585519879,-0.01248849365,-0.00997932581,-0.01992604828,-0.01631576381,0.001681362121,2.958395672e-05,True,
2019-04-30,2019-04-29,UKX,RealGARCH,RealGARCH11-logRVscaled-studentt,1,0.005942931842,3.531843888e-05,-0.01481541648,-0.01166662668,-0.009319868718,-0.01862277376,-0.01524617069,-0.003028490212,4.158490666e-05,True,
2019-05-01,2019-04-30,UKX,RealGARCH,RealGARCH11-logRVscaled-studentt,1,0.006165936431,3.801877207e-05,-0.01537919864,-0.01211225259,-0.00967743409,-0.0193294245,-0.01582611663,-0.004444954797,1.972217516e-05,True,
2019-05-02,2019-05-01,UKX,RealGARCH,RealGARCH11-logRVscaled-studentt,1,0.005351523874,2.863880777e-05,-0.01332026667,-0.01048482716,-0.008371605671,-0.01674873665,-0.01370815459,-0.004614369831,4.809274683e-05,True,
2019-05-03,2019-05-02,UKX,RealGARCH,RealGARCH11-logRVscaled-studentt,1,0.006004014895,3.604819486e-05,-0.01496984171,-0.01178868781,-0.009417809234,-0.01881633204,-0.01540502333,0.003977807591,2.472322112e-05,True,
2019-05-07,2019-05-03,UKX,RealGARCH,RealGARCH11-logRVscaled-studentt,1,0.005538460303,3.067454253e-05,-0.01379286424,-0.01085837874,-0.008671339387,-0.01734109561,-0.01419430164,-0.01640625241,8.320304701e-05,True,
2019-05-08,2019-05-07,UKX,RealGARCH,RealGARCH11-logRVscaled-studentt,1,0.006893755437,4.752386402e-05,-0.0172192118,-0.01356663975,-0.01084441848,-0.02163571711,-0.0177188834,0.001445136679,6.383236122e-05,True,
2019-05-09,2019-05-08,UKX,RealGARCH,RealGARCH11-logRVscaled-studentt,1,0.007349106037,5.400935955e-05,-0.01837039237,-0.01447655837,-0.01157452726,-0.02307861942,-0.01890306858,-0.008785571267,7.224397883e-05,True,
2019-05-10,2019-05-09,UKX,RealGARCH,RealGARCH11-logRVscaled-studentt,1,0.007822455182,6.119080507e-05,-0.01956707541,-0.01542244314,-0.01233349488,-0.02457855501,-0.0201340608,-0.0005690351189,6.119440703e-05,True,
2019-05-13,2019-05-10,UKX,RealGARCH,RealGARCH11-logRVscaled-studentt,1,0.00781142878,6.101841958e-05,-0.01953919935,-0.01540040929,-0.01231581516,-0.02454361486,-0.02010538553,-0.005512592786,5.993812309e-05,True,
2019-05-14,2019-05-13,UKX,RealGARCH,RealGARCH11-logRVscaled-studentt,1,0.007770207263,6.037612091e-05,-0.01943498644,-0.0153180371,-0.01224972061,-0.02441299326,-0.01999818481,0.01081555549,4.713756998e-05,True,
2019-05-15,2019-05-14,UKX,RealGARCH,RealGARCH11-logRVscaled-studentt,1,0.007353311192,5.407118548e-05,-0.0183810235,-0.01448496145,-0.0115812698,-0.02309194459,-0.01891400451,0.007621114793,0.0001357759737,True,
2019-05-16,2019-05-15,UKX,RealGARCH,RealGARCH11-logRVscaled-studentt,1,0.008974900226,8.054883406e-05,-0.02248059378,-0.0177253526,-0.01418132431,-0.0282303908,-0.02313111043,0.007713085575,6.749389518e-05,True,
2019-05-17,2019-05-16,UKX,RealGARCH,RealGARCH11-logRVscaled-studentt,1,0.0086123569,7.417269137e-05,-0.02156404106,-0.01700088903,-0.01360002264,-0.0270815736,-0.02218827992,-0.000666558131,6.078157424e-05,True,
2019-05-20,2019-05-17,UKX,RealGARCH,RealGARCH11-logRVscaled-studentt,1,0.008227950604,6.769917113e-05,-0.02059221614,-0.01623273709,-0.0129836659,-0.02586347762,-0.02118859256,-0.005143460434,7.480904683e-05,True,
2019-05-21,2019-05-20,UKX,RealGARCH,RealGARCH11-logRVscaled-studentt,1,0.008392234547,7.042960069e-05,-0.02100754552,-0.01656102263,-0.01324707864,-0.02638405601,-0.02161582953,0.002459051259,4.698499648e-05,True,
2019-05-22,2019-05-21,UKX,RealGARCH,RealGARCH11-logRVscaled-studentt,1,0.00766918392,5.8816382e-05,-0.0191795874,-0.01511616404,-0.01208773987,-0.02409287331,-0.01973546342,0.0007229430606,5.66599743e-05,True,
2019-05-23,2019-05-22,UKX,RealGARCH,RealGARCH11-logRVscaled-studentt,1,0.007597877047,5.772773562e-05,-0.01899931513,-0.01497367284,-0.01197340649,-0.02386691807,-0.0195500227,-0.01417102692,8.907185954e-05,True,
2019-05-24,2019-05-23,UKX,RealGARCH,RealGARCH11-logRVscaled-studentt,1,0.008339380877,6.954527341e-05,-0.02087392515,-0.01645540613,-0.01316233311,-0.02621657477,-0.02147837823,0.006437565826,5.619024246e-05,True,
2019-05-28,2019-05-24,UKX,RealGARCH,RealGARCH11-logRVscaled-studentt,1,0.007945315633,6.312804051e-05,-0.01987768126,-0.01566795289,-0.01253048923,-0.02496787179,-0.0204535718,-0.001196174517,7.905375099e-05,True,
2019-05-29,2019-05-28,UKX,RealGARCH,RealGARCH11-logRVscaled-studentt,1,0.008330219535,6.939255751e-05,-0.02085076419,-0.01643709919,-0.01314764382,-0.02618754457,-0.02145455324,-0.01158148533,6.425559121e-05,True,
2019-05-30,2019-05-29,UKX,RealGARCH,RealGARCH11-logRVscaled-studentt,1,0.008175317021,6.68358084e-05,-0.02045915218,-0.01612756038,-0.01289927326,-0.02569669379,-0.02105171362,0.004568396184,4.23218064e-05,True,
2019-05-31,2019-05-30,UKX,RealGARCH,RealGARCH11-logRVscaled-studentt,1,0.007388711416,5.459305639e-05,-0.01847051949,-0.01455570106,-0.01163803049,-0.02320411984,-0.01900606637,-0.007858231172,7.581548626e-05,True,
2019-06-03,2019-05-31,UKX,RealGARCH,RealGARCH11-logRVscaled-studentt,1,0.007928542468,6.286178567e-05,-0.01983527671,-0.01563443539,-0.01250359515,-0.02491472145,-0.02040995149,0.003220246048,6.380205173e-05,True,
2019-06-04,2019-06-03,UKX,RealGARCH,RealGARCH11-logRVscaled-studentt,1,0.007941773965,6.307177372e-05,-0.01986872751,-0.01566087564,-0.01252481052,-0.02495664906,-0.02044436134,0.004097484158,6.956648639e-05,True,
2019-06-05,2019-06-04,UKX,RealGARCH,RealGARCH11-logRVscaled-studentt,1,0.008099964924,6.560943177e-05,-0.0202686531,-0.01597698569,-0.01277845377,-0.02545792016,-0.02085575289,0.0008175399673,5.821130124e-05,True,
2019-06-06,2019-06-05,UKX,RealGARCH,RealGARCH11-logRVscaled-studentt,1,0.007878093971,6.206436462e-05,-0.01970773689,-0.0155336251,-0.01242270607,-0.02475486166,-0.02027875508,0.005483360779,7.776189243e-05,True,
2019-06-07,2019-06-06,UKX,RealGARCH,RealGARCH11-logRVscaled-studentt,1,0.008261375249,6.825032101e-05,-0.02067671763,-0.01629952893,-0.01303725895,-0.02596939271,-0.02127551673,0.009868636536,5.522432916e-05,True,
2019-06-10,2019-06-07,UKX,RealGARCH,RealGARCH11-logRVscaled-studentt,1,0.007874232377,6.200353552e-05,-0.01969797432,-0.01552590855,-0.01241651439,-0.02474262515,-0.02026871262,0.005929018863,3.026139203e-05,True,
2019-06-11,2019-06-10,UKX,RealGARCH,RealGARCH11-logRVscaled-studentt,1,0.006727628471,4.526098484e-05,-0.01679922304,-0.01323467133,-0.01057805064,-0.0211092986,-0.01728685346,0.003113580422,3.025128433e-05,True,
2019-06-12,2019-06-11,UKX,RealGARCH,RealGARCH11-logRVscaled-studentt,1,0.006164210556,3.799749178e-05,-0.01537483543,-0.01210880381,-0.009674666823,-0.01932395559,-0.01582162831,-0.004185254996,3.623919745e-05,True,
2019-06-13,2019-06-12,UKX,RealGARCH,RealGARCH11-logRVscaled-studentt,1,0.006107020963,3.729570505e-05,-0.01523025332,-0.01199452291,-0.009582969078,-0.0191427348,-0.01567290101,0.0001357201976,4.426805456e-05,True,
2019-06-14,2019-06-13,UKX,RealGARCH,RealGARCH11-logRVscaled-studentt,1,0.006345540925,4.026588963e-05,-0.0158332602,-0.01247115291,-0.009965411787,-0.01989855022,-0.01629319624,-0.003099047382,3.698921783e-05,True,
2019-06-17,2019-06-14,UKX,RealGARCH,RealGARCH11-logRVscaled-studentt,1,0.006233826457,3.886059229e-05,-0.01555083272,-0.01224791597,-0.009786288901,-0.01954455252,-0.01600267149,0.001564296325,3.772172671e-05,True,
2019-06-18,2019-06-17,UKX,RealGARCH,RealGARCH11-logRVscaled-studentt,1,0.006199003069,3.842763905e-05,-0.01546279505,-0.01217832904,-0.00973045311,-0.01943420514,-0.01591210976,0.01158100227,5.867311849e-05,True,
2019-06-19,2019-06-18,UKX,RealGARCH,RealGARCH11-logRVscaled-studentt,1,0.006802397355,4.627260977e-05,-0.01698824769,-0.0133840806,-0.01069793501,-0.02134622416,-0.01748129749,-0.005321132011,2.528510302e-05,True,
2019-06-20,2019-06-19,UKX,RealGARCH,RealGARCH11-logRVscaled-studentt,1,0.00596511376,3.558258216e-05,-0.01487149501,-0.01171095239,-0.009355435185,-0.01869306321,-0.015303857,0.002818998776,4.600934269e-05,True,
2019-06-21,2019-06-20,UKX,RealGARCH,RealGARCH11-logRVscaled-studentt,1,0.006315966641,3.98914346e-05,-0.01575849289,-0.01241205517,-0.009917992404,-0.01980483605,-0.01621628533,-0.002278859678,6.387061394e-05,True,
2019-06-24,2019-06-21,UKX,RealGARCH,RealGARCH11-logRVscaled-studentt,1,0.007001330069,4.901862273e-05,-0.01749117329,-0.01378160413,-0.01101690356,-0.02197659661,-0.01799864208,0.001241240142,3.427337914e-05,True,
2019-06-25,2019-06-24,UKX,RealGARCH,RealGARCH11-logRVscaled-studentt,1,0.006475537141,4.193258126e-05,-0.01616190612,-0.01273092192,-0.01017384761,-0.02031047861,-0.01663126451,0.000768201204,3.614550142e-05,True,
2019-06-26,2019-06-25,UKX,RealGARCH,RealGARCH11-logRVscaled-studentt,1,0.006272890178,3.934915119e-05,-0.01564959046,-0.01232597627,-0.00984892364,-0.01966833656,-0.01610426064,-0.0008086907845,3.6420977e-05,True,
2019-06-27,2019-06-26,UKX,RealGARCH,RealGARCH11-logRVscaled-studentt,1,0.006173287814,3.810948243e-05,-0.01539778382,-0.01212694272,-0.009689221291,-0.01935271935,-0.01584523464,-0.001903014642,6.768910662e-05,True,
2019-06-28,2019-06-27,UKX,RealGARCH,RealGARCH11-logRVscaled-studentt,1,0.007000841472,4.901178132e-05,-0.01748993806,-0.01378062778,-0.01101612014,-0.02197504836,-0.01799737144,0.003142766316,2.542140314e-05,True,
2019-07-01,2019-06-28,UKX,RealGARCH,RealGARCH11-logRVscaled-studentt,1,0.006068214152,3.682322299e-05,-0.01513214508,-0.01191697598,-0.009520746269,-0.01901976486,-0.01557197998,0.009636128939,3.047436073e-05,True,
2019-07-02,2019-07-01,UKX,RealGARCH,RealGARCH11-logRVscaled-studentt,1,0.005830322639,3.399266207e-05,-0.01453072699,-0.01144160181,-0.009139311214,-0.01826594085,-0.01495331909,0.008195758642,3.002702165e-05,True,
2019-07-03,2019-07-02,UKX,RealGARCH,RealGARCH11-logRVscaled-studentt,1,0.00568397571,3.230757987e-05,-0.01416074452,-0.01114915947,-0.008904658669,-0.01780220078,-0.01457272914,0.006605767502,2.222654516e-05,True,
2019-07-04,2019-07-03,UKX,RealGARCH,RealGARCH11-logRVscaled-studentt,1,0.005249663961,2.755897171e-05,-0.01306275268,-0.01028128239,-0.008208283573,-0.0164259658,-0.01344325761,-0.0007493255465,1.011395103e-05,True,
2019-07-05,2019-07-04,UKX,RealGARCH,RealGARCH11-logRVscaled-studentt,1,0.004233029549,1.791853916e-05,-0.01049257976,-0.008249760794,-0.006578212799,-0.01320448296,-0.01079939723,-0.006663744248,3.903236869e-05,True,
2019-07-08,2019-07-05,UKX,RealGARCH,RealGARCH11-logRVscaled-studentt,1,0.00503728667,2.5374257e-05,-0.01252583758,-0.009856892811,-0.007867758,-0.01575299055,-0.01289094903,-0.0005032700901,2.283769783e-05,True,
2019-07-09,2019-07-08,UKX,RealGARCH,RealGARCH11-logRVscaled-studentt,1,0.004938132154,2.438514917e-05,-0.01227516315,-0.009658754188,-0.00770877373,-0.01543879247,-0.01263308771,-0.001696934632,3.629467862e-05,True,
2019-07-10,2019-07-09,UKX,RealGARCH,RealGARCH11-logRVscaled-studentt,1,0.005401193277,2.917288882e-05,-0.01344583684,-0.0105840806,-0.008451245552,-0.01690612767,-0.01383732489,-0.0007698583959,4.816430062e-05,True,
2019-07-11,2019-07-10,UKX,RealGARCH,RealGARCH11-logRVscaled-studentt,1,0.006036846021,3.644350989e-05,-0.01505284271,-0.01185429363,-0.009470450634,-0.0189203664,-0.01549040399,-0.002779216576,2.970756432e-05,True,
2019-07-12,2019-07-11,UKX,RealGARCH,RealGARCH11-logRVscaled-studentt,1,0.005781460663,3.34252874e-05,-0.0144071981,-0.01134396183,-0.009060965963,-0.01811110838,-0.0148262486,-0.0005061075841,1.781199264e-05,True,
2019-07-15,2019-07-12,UKX,RealGARCH,RealGARCH11-logRVscaled-studentt,1,0.005050517279,2.550772479e-05,-0.01255928614,-0.00988333129,-0.007888971947,-0.01579491533,-0.01292535657,0.003418105121,3.554684641e-05,True,
2019-07-16,2019-07-15,UKX,RealGARCH,RealGARCH11-logRVscaled-studentt,1,0.005444423194,2.964174392e-05,-0.01355512722,-0.01067046614,-0.008520560365,-0.01704311343,-0.01394974865,0.006022958173,3.342183502e-05,True,
2019-07-17,2019-07-16,UKX,RealGARCH,RealGARCH11-logRVscaled-studentt,1,0.005600748268,3.136838116e-05,-0.01395033563,-0.01098284762,-0.008771211859,-0.01753847198,-0.01435628778,-0.005518577129,3.390851658e-05,True,
2019-07-18,2019-07-17,UKX,RealGARCH,RealGARCH11-logRVscaled-studentt,1,0.005707389038,3.257428963e-05,-0.0142199362,-0.01119594588,-0.008942199581,-0.01787639228,-0.01463361786,-0.005642576716,2.700328028e-05,True,
2019-07-19,2019-07-18,UKX,RealGARCH,RealGARCH11-logRVscaled-studentt,1,0.005489029518,3.012944505e-05,-0.01366789732,-0.01075960212,-0.008592082108,-0.01718446071,-0.01406575189,0.002079764071,5.127209173e-05,True,
2019-07-22,2019-07-19,UKX,RealGARCH,RealGARCH11-logRVscaled-studentt,1,0.006174500147,3.812445206e-05,-0.01540084874,-0.01212936531,-0.009691165145,-0.01935656096,-0.01584838743,0.0008253291238,4.444745003e-05,True,
2019-07-23,2019-07-22,UKX,RealGARCH,RealGARCH11-logRVscaled-studentt,1,0.006389994393,4.083202835e-05,-0.01594564387,-0.01255998344,-0.01003668844,-0.02003941313,-0.01640880197,0.005573336863,5.399571686e-05,True,
2019-07-24,2019-07-23,UKX,RealGARCH,RealGARCH11-logRVscaled-studentt,1,0.006794218429,4.616140406e-05,-0.01696757039,-0.0133677368,-0.01068482092,-0.02132030701,-0.01746002736,-0.007358039673,4.772523995e-05,True,
2019-07-25,2019-07-24,UKX,RealGARCH,RealGARCH11-logRVscaled-studentt,1,0.006843556279,4.683426255e-05,-0.01709230235,-0.01346632771,-0.01076392919,-0.02147664741,-0.01758833542,-0.001654357364,8.697498369e-05,True,
2019-07-26,2019-07-25,UKX,RealGARCH,RealGARCH11-logRVscaled-studentt,1,0.007828324337,6.128266192e-05,-0.01958191333,-0.01543417137,-0.01234290548,-0.02459715303,-0.02014932413,0.007979720658,2.636038219e-05,True,
2019-07-29,2019-07-26,UKX,RealGARCH,RealGARCH11-logRVscaled-studentt,1,0.006507687223,4.234999299e-05,-0.01624318536,-0.01279516683,-0.01022539703,-0.0204123549,-0.01671487405,0.01805020202,5.09468018e-05,True,
2019-07-30,2019-07-29,UKX,RealGARCH,RealGARCH11-logRVscaled-studentt,1,0.00677728023,4.593152732e-05,-0.0169247486,-0.01333388951,-0.01065766223,-0.02126663371,-0.01741597787,-0.005191331686,4.865695998e-05,True,
2019-07-31,2019-07-30,UKX,RealGARCH,RealGARCH11-logRVscaled-studentt,1,0.006862851622,4.709873239e-05,-0.01714108328,-0.01350488523,-0.01079486733,-0.02153778996,-0.01763851491,-0.007877364746,3.336185115e-05,True,
2019-08-01,2019-07-31,UKX,RealGARCH,RealGARCH11-logRVscaled-studentt,1,0.006366693723,4.053478897e-05,-0.015886737,-0.01251342215,-0.009999328166,-0.01996557862,-0.01634820622,-0.0002504535479,7.604189794e-05,True,
2019-08-02,2019-08-01,UKX,RealGARCH,RealGARCH11-logRVscaled-studentt,1,0.007304183496,5.335109655e-05,-0.01825682284,-0.01438679049,-0.01150249849,-0.02293627012,-0.01878624298,-0.02372040296,0.0001086604802,True,
2019-08-05,2019-08-02,UKX,RealGARCH,RealGARCH11-logRVscaled-studentt,1,0.008518979959,7.257301955e-05,-0.02132797303,-0.01681429563,-0.01345030213,-0.02678568335,-0.02194544377,-0.02504405321,0.000124843505,True,
2019-08-06,2019-08-05,UKX,RealGARCH,RealGARCH11-logRVscaled-studentt,1,0.009562987849,9.14507366e-05,-0.02396734936,-0.01890051714,-0.01512426352,-0.03009390649,-0.02466049164,-0.007252206984,0.0001061369199,True,
2019-08-07,2019-08-06,UKX,RealGARCH,RealGARCH11-logRVscaled-studentt,1,0.00984357261,9.689592173e-05,-0.02467670106,-0.01946120443,-0.01557415289,-0.03098301567,-0.02539018062,0.003757728531,0.0001064156316,True,
2019-08-08,2019-08-07,UKX,RealGARCH,RealGARCH11-logRVscaled-studentt,1,0.01000862494,0.0001001725732,-0.02509397302,-0.01979102543,-0.01583879766,-0.0315060289,-0.02581941586,0.01204047884,7.813932451e-05,True,
2019-08-09,2019-08-08,UKX,RealGARCH,RealGARCH11-logRVscaled-studentt,1,0.009445720576,8.92216372e-05,-0.02367088372,-0.01866618413,-0.01493623727,-0.02972231322,-0.02435552626,-0.004401718332,7.089571682e-05,True,
2019-08-12,2019-08-09,UKX,RealGARCH,RealGARCH11-logRVscaled-studentt,1,0.008955579035,8.020239584e-05,-0.02243174751,-0.01768674342,-0.01415034473,-0.02816916634,-0.02308086372,-0.003756714336,8.313749573e-05,True,
2019-08-13,2019-08-12,UKX,RealGARCH,RealGARCH11-logRVscaled-studentt,1,0.009000698661,8.101257639e-05,-0.0225458153,-0.01777690513,-0.0142226895,-0.02831214016,-0.02319820186,0.003343058155,0.000164050254,True,
2019-08-14,2019-08-13,UKX,RealGARCH,RealGARCH11-logRVscaled-studentt,1,0.01046248552,0.0001094636033,-0.02624138664,-0.02069796657,-0.01656651734,-0.03294420969,-0.02699972611,-0.01430699202,0.0001006707029,True,
2019-08-15,2019-08-14,UKX,RealGARCH,RealGARCH11-logRVscaled-studentt,1,0.01022921493,0.0001046368381,-0.0256516508,-0.0202318263,-0.01619249147,-0.03220502833,-0.02639308239,-0.01138253185,0.0002821481153,True,
2019-08-16,2019-08-15,UKX,RealGARCH,RealGARCH11-logRVscaled-studentt,1,0.01263771156,0.0001597117534,-0.03174061722,-0.02504468022,-0.02005427296,-0.03983700541,-0.03265662092,0.00707835534,7.324786601e-05,True,
2019-08-19,2019-08-16,UKX,RealGARCH,RealGARCH11-logRVscaled-studentt,1,0.01060188686,0.0001124000051,-0.02659380984,-0.02097652968,-0.01679003333,-0.03338594078,-0.02736225336,0.01013505632,5.266649435e-05,True,
2019-08-20,2019-08-19,UKX,RealGARCH,RealGARCH11-logRVscaled-studentt,1,0.008951361075,8.01268651e-05,-0.022421084,-0.01767831475,-0.01414358165,-0.02815580059,-0.02306989449,-0.009039747212,9.464389839e-05,True,
2019-08-21,2019-08-20,UKX,RealGARCH,RealGARCH11-logRVscaled-studentt,1,0.009255426475,8.566291924e-05,-0.02318979756,-0.01828592297,-0.01463111986,-0.02911931457,-0.02386064725,0.01102670116,4.482587597e-05,True,
2019-08-22,2019-08-21,UKX,RealGARCH,RealGARCH11-logRVscaled-studentt,1,0.008015308832,6.424517566e-05,-0.02005463241,-0.015807819,-0.01264271626,-0.02518966429,-0.02063559618,-0.01057765182,9.20588874e-05,True,
2019-08-23,2019-08-22,UKX,RealGARCH,RealGARCH11-logRVscaled-studentt,1,0.008652577513,7.486709762e-05,-0.02166572356,-0.01708126113,-0.01366451234,-0.02720902355,-0.02229287769,-0.00466846488,0.0001639863688,True,
2019-08-27,2019-08-23,UKX,RealGARCH,RealGARCH11-logRVscaled-studentt,1,0.01023494074,0.0001047540119,-0.02566612631,-0.02024326806,-0.01620167222,-0.0322231721,-0.02640797292,-0.0007613753259,5.982966422e-05,True,
2019-08-28,2019-08-27,UKX,RealGARCH,RealGARCH11-logRVscaled-studentt,1,0.009024630206,8.144395036e-05,-0.0226063171,-0.01782472709,-0.01426106132,-0.02838797378,-0.02326043826,0.003534158333,0.0001203587424,True,
2019-08-29,2019-08-28,UKX,RealGARCH,RealGARCH11-logRVscaled-studentt,1,0.009795953255,9.596070017e-05,-0.02455631366,-0.01936604756,-0.01549780005,-0.03083212079,-0.02526634168,0.009734968831,8.176797396e-05,True,
2019-08-30,2019-08-29,UKX,RealGARCH,RealGARCH11-logRVscaled-studentt,1,0.009426259728,8.885437246e-05,-0.02362168438,-0.01862729588,-0.01490503376,-0.02966064623,-0.02430491636,0.00318249096,5.834105339e-05,True,
2019-09-02,2019-08-30,UKX,RealGARCH,RealGARCH11-logRVscaled-studentt,1,0.008574357895,7.351961332e-05,-0.02146797505,-0.01692495632,-0.01353909507,-0.02696116341,-0.02208945968,0.0103112503,4.61178714e-05,True,
2019-09-03,2019-09-02,UKX,RealGARCH,RealGARCH11-logRVscaled-studentt,1,0.007729808912,5.974994582e-05,-0.0193328546,-0.01523730983,-0.01218494593,-0.02428498009,-0.01989312483,-0.001883108839,0.0001079381421,True,
2019-09-04,2019-09-03,UKX,RealGARCH,RealGARCH11-logRVscaled-studentt,1,0.008778432874,7.706088372e-05,-0.02198390091,-0.01733275555,-0.01386630872,-0.02760783052,-0.02262017725,0.005912374985,5.592304538e-05,True,
2019-09-05,2019-09-04,UKX,RealGARCH,RealGARCH11-logRVscaled-studentt,1,0.008166486706,6.669150512e-05,-0.02043682809,-0.01610991493,-0.01288511474,-0.02566871253,-0.02102874949,-0.005499703216,6.403721217e-05,True,
2019-09-06,2019-09-05,UKX,RealGARCH,RealGARCH11-logRVscaled-studentt,1,0.008079712613,6.528175591e-05,-0.02021745284,-0.01593651587,-0.01274598123,-0.0253937452,-0.02080308471,0.00152535296,4.227538478e-05,True,
2019-09-09,2019-09-06,UKX,RealGARCH,RealGARCH11-logRVscaled-studentt,1,0.007338853968,5.385877756e-05,-0.01834447392,-0.01445607185,-0.0115580891,-0.02304613295,-0.01887640704,-0.006405818979,6.257871487e-05,True,
2019-09-10,2019-09-09,UKX,RealGARCH,RealGARCH11-logRVscaled-studentt,1,0.007576200703,5.73988171e-05,-0.01894451475,-0.01493035741,-0.01193865065,-0.02379823068,-0.01949365118,0.004440249912,7.595756483e-05,True,
2019-09-11,2019-09-10,UKX,RealGARCH,RealGARCH11-logRVscaled-studentt,1,0.008042911905,6.468843191e-05,-0.02012441627,-0.0158629777,-0.01268697501,-0.02527713214,-0.02070738075,0.009585175399,4.427597699e-05,True,
2019-09-12,2019-09-11,UKX,RealGARCH,RealGARCH11-logRVscaled-studentt,1,0.007394198142,5.467416616e-05,-0.01848439059,-0.01456666508,-0.0116468279,-0.02322150602,-0.01902033515,0.0009126652967,9.623104082e-05,True,
2019-09-13,2019-09-12,UKX,RealGARCH,RealGARCH11-logRVscaled-studentt,1,0.008353659942,6.978363443e-05,-0.02091002433,-0.01648393972,-0.01318522815,-0.02626182188,-0.02151551238,0.0030994444,4.80166086e-05,True,
2019-09-16,2019-09-13,UKX,RealGARCH,RealGARCH11-logRVscaled-studentt,1,0.007685778286,5.907118787e-05,-0.01922153993,-0.01514932425,-0.01211434726,-0.02414545707,-0.01977861874,-0.006276882499,5.057930008e-05,True,
2019-09-17,2019-09-16,UKX,RealGARCH,RealGARCH11-logRVscaled-studentt,1,0.007421628041,5.508056278e-05,-0.01855373664,-0.01462147774,-0.01169080898,-0.02330842513,-0.01909166937,-0.0001365952294,6.291938996e-05,True,
2019-09-18,2019-09-17,UKX,RealGARCH,RealGARCH11-logRVscaled-studentt,1,0.007632533587,5.825556895e-05,-0.01908693099,-0.01504292636,-0.01202897475,-0.02397673675,-0.01964015052,-0.0008609524602,4.79753263e-05,True,
2019-09-19,2019-09-18,UKX,RealGARCH,RealGARCH11-logRVscaled-studentt,1,0.007308600726,5.341564458e-05,-0.01826799012,-0.01439561736,-0.01150958107,-0.02295026732,-0.01879773043,0.005766663879,5.319363663e-05,True,
2019-09-20,2019-09-19,UKX,RealGARCH,RealGARCH11-logRVscaled-studentt,1,0.007296592264,5.324025866e-05,-0.0182376313,-0.01437162107,-0.01149032671,-0.02291221523,-0.01876650121,-0.001564487834,6.573915416e-05,True,
2019-09-23,2019-09-20,UKX,RealGARCH,RealGARCH11-logRVscaled-studentt,1,0.007633235086,5.826627788e-05,-0.01908870446,-0.01504432815,-0.01203009954,-0.02397895964,-0.01964197485,-0.002562853833,6.77091422e-05,True,
2019-09-24,2019-09-23,UKX,RealGARCH,RealGARCH11-logRVscaled-studentt,1,0.007877219038,6.205057977e-05,-0.01970552496,-0.01553187674,-0.0124213032,-0.0247520892,-0.02027647973,-0.004747769616,4.978857948e-05,True,
2019-09-25,2019-09-24,UKX,RealGARCH,RealGARCH11-logRVscaled-studentt,1,0.007498002183,5.622003673e-05,-0.01874681957,-0.01477409476,-0.01181326721,-0.02355043738,-0.01929028803,-0.0001920120172,6.164392301e-05,True,
2019-09-26,2019-09-25,UKX,RealGARCH,RealGARCH11-logRVscaled-studentt,1,0.007641963886,5.839961203e-05,-0.01911077191,-0.01506177075,-0.01204409529,-0.02400661922,-0.01966467497,0.008346429202,6.010817282e-05,True,
2019-09-27,2019-09-26,UKX,RealGARCH,RealGARCH11-logRVscaled-studentt,1,0.007680870217,5.89957673e-05,-0.01920913175,-0.01513951655,-0.01210647767,-0.02412990452,-0.01976585481,0.01016433883,3.610193796e-05,True,
2019-09-30,2019-09-27,UKX,RealGARCH,RealGARCH11-logRVscaled-studentt,1,0.006894792544,4.753816423e-05,-0.01722183374,-0.01356871218,-0.01084608138,-0.02163900347,-0.0177215805,-0.002426792908,3.074196182e-05,True,
2019-10-01,2019-09-30,UKX,RealGARCH,RealGARCH11-logRVscaled-studentt,1,0.00627068682,3.93215132e-05,-0.01564402011,-0.01232157334,-0.009845390778,-0.01966135462,-0.01609853059,-0.006486854856,9.329228435e-05,True,
2019-10-02,2019-10-01,UKX,RealGARCH,RealGARCH11-logRVscaled-studentt,1,0.007571870782,5.733322714e-05,-0.01893356819,-0.01492170501,-0.01193170806,-0.02378451014,-0.01948239078,-0.0328418789,9.77389954e-05,True,
2019-10-03,2019-10-02,UKX,RealGARCH,RealGARCH11-logRVscaled-studentt,1,0.008493185524,7.213420035e-05,-0.02126276162,-0.01676275109,-0.01340894336,-0.02670394666,-0.02187836274,-0.006323906356,0.0002029645429,True,
2019-10-04,2019-10-03,UKX,RealGARCH,RealGARCH11-logRVscaled-studentt,1,0.01061029014,0.0001125782569,-0.02661505433,-0.02099332179,-0.01680350714,-0.03341256885,-0.02738410693,0.01093242168,0.0001209228629,True,
2019-10-07,2019-10-04,UKX,RealGARCH,RealGARCH11-logRVscaled-studentt,1,0.01072814833,0.0001150931666,-0.02691301387,-0.02122883561,-0.01699248086,-0.0337860346,-0.02769060904,0.005922000486,6.815709113e-05,True,
2019-10-08,2019-10-07,UKX,RealGARCH,RealGARCH11-logRVscaled-studentt,1,0.009529679558,9.081479247e-05,-0.02388314203,-0.0188339578,-0.01507085703,-0.0299883601,-0.02457387006,-0.007628420678,9.711314185e-05,True,
2019-10-09,2019-10-08,UKX,RealGARCH,RealGARCH11-logRVscaled-studentt,1,0.009636636677,9.286476645e-05,-0.02415354237,-0.01904768822,-0.01524235199,-0.03032728285,-0.02485202285,0.003256507862,0.000101498362,True,
2019-10-10,2019-10-09,UKX,RealGARCH,RealGARCH11-logRVscaled-studentt,1,0.009790062284,9.584531953e-05,-0.02454142058,-0.01935427575,-0.01548835448,-0.03081345364,-0.02525102162,0.002772946915,0.0001059944926,True,
2019-10-11,2019-10-10,UKX,RealGARCH,RealGARCH11-logRVscaled-studentt,1,0.009969780632,9.939652586e-05,-0.02499576998,-0.01971340357,-0.01577651473,-0.03138294014,-0.02571839732,0.008411065072,0.000150578118,True,
2019-10-14,2019-10-11,UKX,RealGARCH,RealGARCH11-logRVscaled-studentt,1,0.01086946788,0.000118145332,-0.02727028653,-0.02151123183,-0.01721907251,-0.03423384406,-0.0280581248,-0.004647131964,6.570633525e-05,True,
2019-10-15,2019-10-14,UKX,RealGARCH,RealGARCH11-logRVscaled-studentt,1,0.009523098288,9.0689401e-05,-0.02386650379,-0.01882080657,-0.01506030463,-0.02996750556,-0.02455675481,-0.0002634161286,9.379342653e-05,True,
2019-10-16,2019-10-15,UKX,RealGARCH,RealGARCH11-logRVscaled-studentt,1,0.009560403488,9.140131485e-05,-0.02396081578,-0.01889535285,-0.01512011975,-0.03008571724,-0.02465377074,-0.006064178602,0.0001124908298,True,
2019-10-17,2019-10-16,UKX,RealGARCH,RealGARCH11-logRVscaled-studentt,1,0.009967239124,9.934585575e-05,-0.02498934474,-0.01970832492,-0.01577243967,-0.03137488668,-0.02571178787,0.001992963203,9.847400369e-05,True,
2019-10-18,2019-10-17,UKX,RealGARCH,RealGARCH11-logRVscaled-studentt,1,0.009909811429,9.820436255e-05,-0.02484416069,-0.01959356823,-0.01568036015,-0.0311929114,-0.02556244135,-0.004423355902,6.32278909e-05,True,
2019-10-21,2019-10-18,UKX,RealGARCH,RealGARCH11-logRVscaled-studentt,1,0.008971351863,8.048515424e-05,-0.0224716231,-0.01771826197,-0.01417563487,-0.02821914684,-0.02312188255,0.001816378617,5.591011498e-05,True,
2019-10-22,2019-10-21,UKX,RealGARCH,RealGARCH11-logRVscaled-studentt,1,0.008265250363,6.831436357e-05,-0.02068651438,-0.0163072725,-0.01304347231,-0.02598167206,-0.02128559435,0.006802970243,6.120705758e-05,True,
2019-10-23,2019-10-22,UKX,RealGARCH,RealGARCH11-logRVscaled-studentt,1,0.008054321424,6.48720936e-05,-0.02015326089,-0.01588577713,-0.01270526902,-0.02531328631,-0.02073705236,0.006660637944,5.063199295e-05,True,
2019-10-24,2019-10-23,UKX,RealGARCH,RealGARCH11-logRVscaled-studentt,1,0.007618912288,5.804782446e-05,-0.01905249472,-0.01501570717,-0.01200713437,-0.02393357396,-0.01960472696,0.009267269011,6.418926784e-05,True,
2019-10-25,2019-10-24,UKX,RealGARCH,RealGARCH11-logRVscaled-studentt,1,0.007778244384,6.05010857e-05,-0.01945530524,-0.01533409753,-0.01226260732,-0.02443846107,-0.02001908616,-0.0005186456016,2.671195362e-05,True,
2019-10-28,2019-10-25,UKX,RealGARCH,RealGARCH11-logRVscaled-studentt,1,0.006503233125,4.229204107e-05,-0.01623192487,-0.01278626629,-0.01021825533,-0.02039824087,-0.01670329072,0.0009279337298,3.744291254e-05,True,
2019-10-29,2019-10-28,UKX,RealGARCH,RealGARCH11-logRVscaled-studentt,1,0.006336146294,4.014674985e-05,-0.01580950946,-0.01245237979,-0.009950348443,-0.01986878077,-0.01626876455,-0.003415863936,4.520373682e-05,True,
2019-10-30,2019-10-29,UKX,RealGARCH,RealGARCH11-logRVscaled-studentt,1,0.0065061676,4.233021684e-05,-0.01623934358,-0.0127921302,-0.01022296046,-0.02040753956,-0.01671092212,0.00334766088,3.098807553e-05,True,
2019-10-31,2019-10-30,UKX,RealGARCH,RealGARCH11-logRVscaled-studentt,1,0.006082417572,3.699580352e-05,-0.01516805302,-0.01194535841,-0.009543520021,-0.01906477226,-0.01560891741,-0.01130388253,0.0001032251548,True,
2019-11-01,2019-10-31,UKX,RealGARCH,RealGARCH11-logRVscaled-studentt,1,0.007610274178,5.791627306e-05,-0.01903065655,-0.0149984458,-0.01199328403,-0.02390620175,-0.01958226269,0.00742230649,4.341592789e-05,True,
2019-11-04,2019-11-01,UKX,RealGARCH,RealGARCH11-logRVscaled-studentt,1,0.007140115365,5.098124743e-05,-0.01784203906,-0.0140589362,-0.01123943178,-0.02241637559,-0.01835956725,0.009173978444,3.065308918e-05,True,
2019-11-05,2019-11-04,UKX,RealGARCH,RealGARCH11-logRVscaled-studentt,1,0.006389599572,4.082698269e-05,-0.01594464571,-0.01255919448,-0.01003605538,-0.02003816203,-0.01640777519,0.002493584704,3.795834275e-05,True,
2019-11-06,2019-11-05,UKX,RealGARCH,RealGARCH11-logRVscaled-studentt,1,0.006293094948,3.960304403e-05,-0.01570067053,-0.01236635109,-0.009881319952,-0.01973236087,-0.01615680518,0.001163370191,2.744496093e-05,True,
2019-11-07,2019-11-06,UKX,RealGARCH,RealGARCH11-logRVscaled-studentt,1,0.005815493842,3.381996863e-05,-0.01449323803,-0.0114119697,-0.009115534734,-0.01821895177,-0.01491475531,0.001310496899,3.093425453e-05,True,
2019-11-08,2019-11-07,UKX,RealGARCH,RealGARCH11-logRVscaled-studentt,1,0.00571277808,3.26358334e-05,-0.01423356034,-0.01120671471,-0.008950840367,-0.01789346893,-0.01464763261,-0.006366083701,3.11131252e-05,True,
2019-11-11,2019-11-08,UKX,RealGARCH,RealGARCH11-logRVscaled-studentt,1,0.005663616791,3.207655515e-05,-0.01410927475,-0.01110847662,-0.008872015196,-0.017737688,-0.01451978371,-0.004207537877,5.605957631e-05,True,
2019-11-12,2019-11-11,UKX,RealGARCH,RealGARCH11-logRVscaled-studentt,1,0.006405868144,4.103514668e-05,-0.0159857746,-0.01259170367,-0.0100621404,-0.02008971343,-0.01645008326,0.005022489579,2.241177137e-05,True,
2019-11-13,2019-11-12,UKX,RealGARCH,RealGARCH11-logRVscaled-studentt,1,0.005620169334,3.158630334e-05,-0.0139994344,-0.01102165637,-0.008802351579,-0.01760001291,-0.01440679422,-0.001929754334,4.592822159e-05,True,
2019-11-14,2019-11-13,UKX,RealGARCH,RealGARCH11-logRVscaled-studentt,1,0.006108124895,3.730918973e-05,-0.01523304419,-0.01199672888,-0.009584739121,-0.01914623291,-0.01567577189,-0.0079760584,4.309863038e-05,True,
2019-11-15,2019-11-14,UKX,RealGARCH,RealGARCH11-logRVscaled-studentt,1,0.006309363365,3.980806607e-05,-0.01574179902,-0.01239885996,-0.009907404716,-0.01978391177,-0.01619911284,0.001383982791,7.467826406e-05,True,
2019-11-18,2019-11-15,UKX,RealGARCH,RealGARCH11-logRVscaled-studentt,1,0.00723906362,5.240404209e-05,-0.01809219203,-0.01425666266,-0.01139808533,-0.02272992007,-0.01861689217,0.0006570973322,4.217738193e-05,True,
2019-11-19,2019-11-18,UKX,RealGARCH,RealGARCH11-logRVscaled-studentt,1,0.006901025703,4.762415576e-05,-0.0172375919,-0.01358116779,-0.01085607562,-0.02165875493,-0.01773779046,0.002200678877,6.751279472e-05,True,
2019-11-20,2019-11-19,UKX,RealGARCH,RealGARCH11-logRVscaled-studentt,1,0.007443535411,5.540621942e-05,-0.01860912108,-0.01466525483,-0.01172593524,-0.02337784459,-0.0191486417,-0.008405170154,4.750695729e-05,True,
2019-11-21,2019-11-20,UKX,RealGARCH,RealGARCH11-logRVscaled-studentt,1,0.007192193251,5.172764375e-05,-0.01797369815,-0.01416300247,-0.01132293342,-0.02258139855,-0.01849500105,-0.003296291106,5.941488084e-05,True,
2019-11-22,2019-11-21,UKX,RealGARCH,RealGARCH11-logRVscaled-studentt,1,0.00740775795,5.487487784e-05,-0.0185186714,-0.01459376139,-0.01166856968,-0.02326447397,-0.0190555988,0.01211100082,5.079523181e-05,True,
2019-11-25,2019-11-22,UKX,RealGARCH,RealGARCH11-logRVscaled-studentt,1,0.007278062301,5.297019086e-05,-0.01819078534,-0.014334593,-0.01146061579,-0.02285349801,-0.01871831218,0.009441016915,2.692549356e-05,True,
2019-11-26,2019-11-25,UKX,RealGARCH,RealGARCH11-logRVscaled-studentt,1,0.006278435902,3.941875737e-05,-0.01566361071,-0.01233705819,-0.009857815648,-0.01968590969,-0.01611868285,0.0009189958408,3.618867665e-05,True,
2019-11-27,2019-11-26,UKX,RealGARCH,RealGARCH11-logRVscaled-studentt,1,0.006167735623,3.804096272e-05,-0.01538374722,-0.01211584789,-0.009680318914,-0.01933512573,-0.01583079561,0.003600069577,2.667979722e-05,True,
2019-11-28,2019-11-27,UKX,RealGARCH,RealGARCH11-logRVscaled-studentt,1,0.005715647209,3.266862302e-05,-0.01424081384,-0.01121244803,-0.008955440725,-0.01790256054,-0.01465509407,-0.001805163194,1.672643304e-05,True,
2019-11-29,2019-11-28,UKX,RealGARCH,RealGARCH11-logRVscaled-studentt,1,0.004950398234,2.450644267e-05,-0.01230617326,-0.009683265267,-0.007728441153,-0.01547766089,-0.01266498689,-0.009469741694,3.684432283e-05,True,
2019-12-02,2019-11-29,UKX,RealGARCH,RealGARCH11-logRVscaled-studentt,1,0.005426334509,2.94451062e-05,-0.01350939687,-0.01063431986,-0.008491556981,-0.01698579451,-0.01390270719,-0.008283049244,6.498583532e-05,True,
2019-12-03,2019-12-02,UKX,RealGARCH,RealGARCH11-logRVscaled-studentt,1,0.006459533539,4.172557354e-05,-0.01612144711,-0.01269894222,-0.01014818745,-0.02025976684,-0.01658964553,-0.01759861817,0.0001475063873,True,
2019-12-04,2019-12-03,UKX,RealGARCH,RealGARCH11-logRVscaled-studentt,1,0.00850348075,7.230918486e-05,-0.02128878918,-0.01678332384,-0.01342545071,-0.02673656988,-0.02190513651,0.004140184959,7.155628085e-05,True,
2019-12-05,2019-12-04,UKX,RealGARCH,RealGARCH11-logRVscaled-studentt,1,0.008464976288,7.165582356e-05,-0.02119144531,-0.0167063811,-0.01336371269,-0.02661455801,-0.02180500177,-0.007063925167,8.592584207e-05,True,
2019-12-06,2019-12-05,UKX,RealGARCH,RealGARCH11-logRVscaled-studentt,1,0.008786228278,7.719780735e-05,-0.02200360862,-0.01734833296,-0.01387880786,-0.02763253238,-0.02264044999,0.0141611943,3.852344096e-05,True,
2019-12-09,2019-12-06,UKX,RealGARCH,RealGARCH11-logRVscaled-studentt,1,0.007534833715,5.677371912e-05,-0.01883993407,-0.01484769453,-0.01187232286,-0.02366714812,-0.01938607215,-0.0008014997335,2.906320111e-05,True,
2019-12-10,2019-12-09,UKX,RealGARCH,RealGARCH11-logRVscaled-studentt,1,0.006507641441,4.234939712e-05,-0.01624306962,-0.01279507535,-0.01022532362,-0.02041220982,-0.01671475499,-0.002782465081,9.937195852e-05,True,
2019-12-11,2019-12-10,UKX,RealGARCH,RealGARCH11-logRVscaled-studentt,1,0.007836220777,6.140635606e-05,-0.01960187647,-0.01544995067,-0.01235556662,-0.02462217505,-0.02016985962,0.0003464979581,5.552412707e-05,True,
2019-12-12,2019-12-11,UKX,RealGARCH,RealGARCH11-logRVscaled-studentt,1,0.007655566604,5.860770003e-05,-0.0191451612,-0.01508895281,-0.01206590587,-0.02404972313,-0.01970005021,0.007895277078,0.0001156343155,True,
2019-12-13,2019-12-12,UKX,RealGARCH,RealGARCH11-logRVscaled-studentt,1,0.008863183095,7.855601458e-05,-0.02219815956,-0.01750211034,-0.01400219715,-0.02787638466,-0.02284057876,0.01092517174,0.0002088363209,True,
2019-12-16,2019-12-13,UKX,RealGARCH,RealGARCH11-logRVscaled-studentt,1,0.01093207577,0.0001195102806,-0.02742856673,-0.02163634001,-0.01731945795,-0.03443223418,-0.02822094292,0.02228368501,0.0001042327607,True,
2019-12-17,2019-12-16,UKX,RealGARCH,RealGARCH11-logRVscaled-studentt,1,0.01056117927,0.0001115385075,-0.02649089619,-0.02089518445,-0.01672476281,-0.03325694768,-0.02725638915,0.0008241880555,5.840832791e-05,True,
2019-12-18,2019-12-17,UKX,RealGARCH,RealGARCH11-logRVscaled-studentt,1,0.009135397688,8.345549093e-05,-0.02288635049,-0.01804607169,-0.01443866581,-0.02873897069,-0.02354850028,0.002057600291,2.988872032e-05,True,
2019-12-19,2019-12-18,UKX,RealGARCH,RealGARCH11-logRVscaled-studentt,1,0.007286523402,5.309342329e-05,-0.01821217602,-0.01435150066,-0.01147418231,-0.02288030931,-0.01874031612,0.00436664593,6.276320827e-05,True,
2019-12-20,2019-12-19,UKX,RealGARCH,RealGARCH11-logRVscaled-studentt,1,0.007550982838,5.701734182e-05,-0.01888076098,-0.01487996502,-0.01189821635,-0.02371832101,-0.01942806957,0.001148063323,6.391886165e-05,True,
2019-12-23,2019-12-20,UKX,RealGARCH,RealGARCH11-logRVscaled-studentt,1,0.007732560192,5.979248713e-05,-0.01933981016,-0.01524280766,-0.01218935733,-0.02429369827,-0.01990027981,0.005405751353,2.676590659e-05,True,
2019-12-24,2019-12-23,UKX,RealGARCH,RealGARCH11-logRVscaled-studentt,1,0.006484838027,4.205312423e-05,-0.01618541987,-0.01274950771,-0.01018876064,-0.020339951,-0.01665545241,0.00112745287,,True,
2019-12-27,2019-12-24,UKX,RealGARCH,RealGARCH11-logRVscaled-studentt,1,0.006487851534,4.209221753e-05,-0.01619303838,-0.01275552954,-0.0101935925,-0.02034950012,-0.01666328934,0.001662581229,2.622483341e-05,True,RV_imputed_in_recursion
2019-12-30,2019-12-27,UKX,RealGARCH,RealGARCH11-logRVscaled-studentt,1,0.005856592964,3.429968114e-05,-0.0145971415,-0.01149409731,-0.009181433031,-0.01834918553,-0.01502163772,-0.007589296406,5.263860449e-05,True,
2019-12-31,2019-12-30,UKX,RealGARCH,RealGARCH11-logRVscaled-studentt,1,0.006437478601,4.144113074e-05,-0.0160656896,-0.01265487025,-0.01011282458,-0.02018987977,-0.01653228944,-0.00590902886,5.28206441e-05,True,
2020-01-02,2019-12-31,UKX,RealGARCH,RealGARCH11-logRVscaled-studentt,1,0.006789666173,4.609956674e-05,-0.01695606174,-0.01335864011,-0.01067752184,-0.02130588195,-0.01744818876,0.008173430358,3.777293752e-05,True,
2020-01-03,2020-01-02,UKX,RealGARCH,RealGARCH11-logRVscaled-studentt,1,0.006502018772,4.227624812e-05,-0.01622885484,-0.01278383967,-0.01021630824,-0.02039439287,-0.01670013267,0.002377416758,6.567505699e-05,True,
2020-01-06,2020-01-03,UKX,RealGARCH,RealGARCH11-logRVscaled-studentt,1,0.007158325047,5.124161747e-05,-0.0178880753,-0.01409532427,-0.01126862917,-0.02247407792,-0.01840692336,-0.006198339052,6.456912193e-05,True,
2020-01-07,2020-01-06,UKX,RealGARCH,RealGARCH11-logRVscaled-studentt,1,0.007523153356,5.659783642e-05,-0.01881040473,-0.01482435388,-0.01185359458,-0.02363013572,-0.0193556962,-0.0001848154399,3.831962427e-05,True,
2020-01-08,2020-01-07,UKX,RealGARCH,RealGARCH11-logRVscaled-studentt,1,0.006904687558,4.767471027e-05,-0.01724684951,-0.0135884852,-0.01086194703,-0.02167035851,-0.01774731348,0.0001320236605,5.448439278e-05,True,
2020-01-09,2020-01-08,UKX,RealGARCH,RealGARCH11-logRVscaled-studentt,1,0.007106769782,5.050617673e-05,-0.01775773745,-0.01399230235,-0.0111859655,-0.02231071104,-0.0182728487,0.003058091884,2.358858422e-05,True,
2020-01-10,2020-01-09,UKX,RealGARCH,RealGARCH11-logRVscaled-studentt,1,0.006020331642,3.624439309e-05,-0.01501109239,-0.01182129326,-0.009443971493,-0.0188680361,-0.01544745668,-0.001343368568,3.263999307e-05,True,
2020-01-13,2020-01-10,UKX,RealGARCH,RealGARCH11-logRVscaled-studentt,1,0.005891981559,3.471544669e-05,-0.01468660809,-0.01156481368,-0.009238175076,-0.01846132392,-0.01511366934,0.003906511956,3.543013525e-05,True,
2020-01-14,2020-01-13,UKX,RealGARCH,RealGARCH11-logRVscaled-studentt,1,0.005926599393,3.512458036e-05,-0.0147741261,-0.01163398985,-0.009293681282,-0.01857101995,-0.01520369651,0.0006298955589,6.119489489e-05,True,
2020-01-15,2020-01-14,UKX,RealGARCH,RealGARCH11-logRVscaled-studentt,1,0.00669570235,4.483242996e-05,-0.01671851,-0.01317087396,-0.01052686032,-0.021008132,-0.01720382636,0.002672734787,2.719085276e-05,True,
2020-01-16,2020-01-15,UKX,RealGARCH,RealGARCH11-logRVscaled-studentt,1,0.006007089382,3.608512285e-05,-0.01497761438,-0.0117948315,-0.009422738864,-0.01882607439,-0.01541301885,-0.004327137975,4.083633919e-05,True,
2020-01-17,2020-01-16,UKX,RealGARCH,RealGARCH11-logRVscaled-studentt,1,0.006178374781,3.817231494e-05,-0.01541064428,-0.01213710792,-0.00969737773,-0.01936883879,-0.01585846381,0.008479322926,2.828609674e-05,True,
2020-01-20,2020-01-17,UKX,RealGARCH,RealGARCH11-logRVscaled-studentt,1,0.005794270482,3.357357042e-05,-0.01443958284,-0.01136955945,-0.009081505216,-0.01815169978,-0.01485956182,-0.003027562798,2.188584432e-05,True,
2020-01-21,2020-01-20,UKX,RealGARCH,RealGARCH11-logRVscaled-studentt,1,0.00528820769,2.796514057e-05,-0.01316019581,-0.01035830361,-0.008270084554,-0.01654810209,-0.01354349446,-0.005333447326,6.83796956e-05,True,
2020-01-22,2020-01-21,UKX,RealGARCH,RealGARCH11-logRVscaled-studentt,1,0.006438538403,4.145477676e-05,-0.01606836891,-0.01265698803,-0.01011452387,-0.02019323804,-0.01653504556,-0.00511116373,3.117484237e-05,True,
2020-01-23,2020-01-22,UKX,RealGARCH,RealGARCH11-logRVscaled-studentt,1,0.006055128962,3.666458675e-05,-0.01509906416,-0.01189082809,-0.009499765487,-0.01897830087,-0.01553795062,-0.008514827246,4.875105626e-05,True,
2020-01-24,2020-01-23,UKX,RealGARCH,RealGARCH11-logRVscaled-studentt,1,0.006449332015,4.159388343e-05,-0.01609565644,-0.01267855671,-0.01013183033,-0.02022744054,-0.01656311544,0.01037525675,6.183672111e-05,True,
2020-01-27,2020-01-24,UKX,RealGARCH,RealGARCH11-logRVscaled-studentt,1,0.007033405044,4.946878651e-05,-0.01757226265,-0.01384569896,-0.01106833254,-0.0220782349,-0.01808205629,-0.02319063008,8.724866074e-05,True,
2020-01-28,2020-01-27,UKX,RealGARCH,RealGARCH11-logRVscaled-studentt,1,0.007953612763,6.325995598e-05,-0.0198986574,-0.01568453289,-0.01254379284,-0.02499416351,-0.02047514932,0.009212583374,6.122380663e-05,True,
2020-01-29,2020-01-28,UKX,RealGARCH,RealGARCH11-logRVscaled-studentt,1,0.007884712566,6.216869225e-05,-0.01972446949,-0.01554685091,-0.01243331832,-0.02477583448,-0.02029596741,0.0003875761619,5.320023384e-05,True,
2020-01-30,2020-01-29,UKX,RealGARCH,RealGARCH11-logRVscaled-studentt,1,0.007610794388,5.792419121e-05,-0.0190319717,-0.01499948532,-0.01199411814,-0.02390785018,-0.01958361554,-0.01366936812,0.0001031847118,True,
2020-01-31,2020-01-30,UKX,RealGARCH,RealGARCH11-logRVscaled-studentt,1,0.008618354496,7.427603422e-05,-0.0215792037,-0.01701287391,-0.01360963918,-0.02710057861,-0.02220387728,-0.01308990602,9.789995887e-05,True,
2020-02-03,2020-01-31,UKX,RealGARCH,RealGARCH11-logRVscaled-studentt,1,0.009129475059,8.334731484e-05,-0.02287137737,-0.0180342366,-0.01442916947,-0.02872020323,-0.02353309788,0.005515888356,7.802773804e-05,True,
2020-02-04,2020-02-03,UKX,RealGARCH,RealGARCH11-logRVscaled-studentt,1,0.008972793294,8.051101949e-05,-0.0224752672,-0.01772114235,-0.01417794605,-0.02822371441,-0.02312563114,0.01537335361,4.280194009e-05,True,
2020-02-05,2020-02-04,UKX,RealGARCH,RealGARCH11-logRVscaled-studentt,1,0.007799746913,6.08360519e-05,-0.0195096662,-0.01537706563,-0.01229708446,-0.02450659768,-0.02007500565,0.005723020192,0.0001077938565,True,
2020-02-06,2020-02-05,UKX,RealGARCH,RealGARCH11-logRVscaled-studentt,1,0.008819885862,7.779038663e-05,-0.022088699,-0.01741559028,-0.01393277441,-0.0277391856,-0.02272797993,0.002975829102,4.910428211e-05,True,
2020-02-07,2020-02-06,UKX,RealGARCH,RealGARCH11-logRVscaled-studentt,1,0.007959749057,6.335760505e-05,-0.01991417068,-0.01569679494,-0.01255363177,-0.02501360803,-0.02049110738,-0.005089629262,5.422525828e-05,True,
2020-02-10,2020-02-07,UKX,RealGARCH,RealGARCH11-logRVscaled-studentt,1,0.007682726234,5.902428239e-05,-0.01921382398,-0.01514322539,-0.0121094536,-0.02413578581,-0.01977068157,-0.002655335332,3.81041123e-05,True,
2020-02-11,2020-02-10,UKX,RealGARCH,RealGARCH11-logRVscaled-studentt,1,0.006977078286,4.867962141e-05,-0.01742986189,-0.01373314225,-0.01097801827,-0.02189974823,-0.01793557287,0.007025179022,3.357924966e-05,True,
2020-02-12,2020-02-11,UKX,RealGARCH,RealGARCH11-logRVscaled-studentt,1,0.00643439831,4.140148161e-05,-0.01605790226,-0.01264871496,-0.01010788564,-0.02018011903,-0.01652427883,0.004656183226,5.340415764e-05,True,
2020-02-13,2020-02-12,UKX,RealGARCH,RealGARCH11-logRVscaled-studentt,1,0.006804087401,4.629560536e-05,-0.01699252033,-0.01338745779,-0.01070064483,-0.02135157953,-0.01748569262,-0.01099673476,8.822390967e-05,True,
2020-02-14,2020-02-13,UKX,RealGARCH,RealGARCH11-logRVscaled-studentt,1,0.007827435569,6.126874758e-05,-0.01957966642,-0.01543239536,-0.01234148043,-0.02459433673,-0.0201470128,-0.005773465071,6.448868104e-05,True,
2020-02-17,2020-02-14,UKX,RealGARCH,RealGARCH11-logRVscaled-studentt,1,0.007903739013,6.246909039e-05,-0.01977257062,-0.01558487111,-0.01246382531,-0.02483612496,-0.0203454476,0.003260891581,2.781360972e-05,True,
2020-02-18,2020-02-17,UKX,RealGARCH,RealGARCH11-logRVscaled-studentt,1,0.00661916914,4.381340011e-05,-0.01652502493,-0.01301793907,-0.01040414704,-0.02076561569,-0.01700479402,-0.006925274642,9.900563944e-05,True,
2020-02-19,2020-02-18,UKX,RealGARCH,RealGARCH11-logRVscaled-studentt,1,0.007904168416,6.247587835e-05,-0.0197736562,-0.01558572918,-0.01246451381,-0.02483748564,-0.02034656431,0.01010858395,3.358989237e-05,True,
2020-02-20,2020-02-19,UKX,RealGARCH,RealGARCH11-logRVscaled-studentt,1,0.006896451966,4.756104971e-05,-0.01722602895,-0.01357202817,-0.01084874209,-0.02164426179,-0.01772589599,-0.002739420237,4.633987879e-05,True,
2020-02-21,2020-02-20,UKX,RealGARCH,RealGARCH11-logRVscaled-studentt,1,0.006856516486,4.701181832e-05,-0.0171250673,-0.01349222585,-0.01078470958,-0.02151771536,-0.01762203975,-0.004406893153,9.740343327e-05,True,
2020-02-24,2020-02-21,UKX,RealGARCH,RealGARCH11-logRVscaled-studentt,1,0.008031794074,6.450971604e-05,-0.02009630907,-0.01584076115,-0.01266914869,-0.02524190227,-0.02067846771,-0.03394394872,0.0001610398734,True,
2020-02-25,2020-02-24,UKX,RealGARCH,RealGARCH11-logRVscaled-studentt,1,0.00978181603,9.568392484e-05,-0.02452057307,-0.01933779741,-0.01547513244,-0.03078732314,-0.0252295764,-0.01959891243,0.0001709190914,True,
2020-02-26,2020-02-25,UKX,RealGARCH,RealGARCH11-logRVscaled-studentt,1,0.01105545358,0.0001222230538,-0.02774048053,-0.02188288359,-0.01751728183,-0.03482319036,-0.02854179937,0.003499206747,0.0003421421816,True,
2020-02-27,2020-02-26,UKX,RealGARCH,RealGARCH11-logRVscaled-studentt,1,0.01375931488,0.000189318746,-0.03457616405,-0.02728595924,-0.0218526508,-0.04339111081,-0.03557346354,-0.03557017496,0.0005525762874,True,
2020-02-28,2020-02-27,UKX,RealGARCH,RealGARCH11-logRVscaled-studentt,1,0.01724263487,0.0002973084571,-0.04338241197,-0.03424661265,-0.02743780317,-0.05442895823,-0.04463218866,-0.03226710433,0.0009464459836,True,
2020-03-02,2020-02-28,UKX,RealGARCH,RealGARCH11-logRVscaled-studentt,1,0.02196920391,0.0004826459203,-0.05533174164,-0.04369162748,-0.03501638005,-0.06940637867,-0.05692410841,0.01122746923,0.0009729053131,True,
2020-03-03,2020-03-02,UKX,RealGARCH,RealGARCH11-logRVscaled-studentt,1,0.02528369973,0.000639265472,-0.06371118197,-0.05031492272,-0.0403308399,-0.07990926079,-0.06554378926,0.009466879826,0.0009822017445,True,
2020-03-04,2020-03-03,UKX,RealGARCH,RealGARCH11-logRVscaled-studentt,1,0.02739216588,0.0007503307516,-0.06904163561,-0.05452823133,-0.04371155278,-0.08659050965,-0.07102706825,0.0143938262,0.0003065076305,True,
2020-03-05,2020-03-04,UKX,RealGARCH,RealGARCH11-logRVscaled-studentt,1,0.02223487031,0.0004943894575,-0.05600337795,-0.0442225037,-0.03544234933,-0.07024821497,-0.05761500069,-0.01630095943,0.0003267882313,True,
2020-03-06,2020-03-05,UKX,RealGARCH,RealGARCH11-logRVscaled-studentt,1,0.02008053647,0.0004032279448,-0.05055696534,-0.03991753854,-0.03198809224,-0.06342162185,-0.05201243815,-0.03688142854,0.0004550333134,True,
2020-03-09,2020-03-06,UKX,RealGARCH,RealGARCH11-logRVscaled-studentt,1,0.02039119023,0.0004158006389,-0.05134233505,-0.04053831216,-0.03248619423,-0.06440601284,-0.0528203246,-0.07998859922,0.001687650889,True,
2020-03-10,2020-03-09,UKX,RealGARCH,RealGARCH11-logRVscaled-studentt,1,0.02734314693,0.000747647684,-0.06891770985,-0.05443027767,-0.04363295583,-0.08643517976,-0.07089958952,-0.0009390592674,0.001271209454,True,
2020-03-11,2020-03-10,UKX,RealGARCH,RealGARCH11-logRVscaled-studentt,1,0.0302589479,0.0009156039281,-0.0762892021,-0.06025686842,-0.04830814869,-0.09567468874,-0.07848242419,-0.01414272369,0.0007756658838,True,
2020-03-12,2020-03-11,UKX,RealGARCH,RealGARCH11-logRVscaled-studentt,1,0.02875194214,0.0008266741767,-0.07247931199,-0.05724544688,-0.0458918169,-0.09089933081,-0.07456330363,-0.1151170613,0.001673135852,True,
2020-03-13,2020-03-12,UKX,RealGARCH,RealGARCH11-logRVscaled-studentt,1,0.0330292297,0.001090930014,-0.08329280454,-0.06579267091,-0.05275001623,-0.1044530806,-0.08568682155,0.0242571207,0.004257548327,True,
2020-03-16,2020-03-13,UKX,RealGARCH,RealGARCH11-logRVscaled-studentt,1,0.04370124342,0.001909798677,-0.1102729267,-0.08711835705,-0.06986151418,-0.1382702607,-0.1134404702,-0.04089110282,0.003526386207,True,
2020-03-17,2020-03-16,UKX,RealGARCH,RealGARCH11-logRVscaled-studentt,1,0.04900423178,0.002401414732,-0.1236795131,-0.09771521985,-0.0783643213,-0.1550742226,-0.1272314265,0.0275337715,0.00458678588,True,
2020-03-18,2020-03-17,UKX,RealGARCH,RealGARCH11-logRVscaled-studentt,1,0.05529258849,0.003057270342,-0.139577228,-0.1102811259,-0.08844706724,-0.1750005923,-0.1435849327,-0.04131469048,0.001883422062,True,
2020-03-19,2020-03-18,UKX,RealGARCH,RealGARCH11-logRVscaled-studentt,1,0.04872798336,0.002374416362,-0.1229811242,-0.09716319778,-0.07792138482,-0.1541988543,-0.1265130146,0.01387798092,0.002334375465,True,
2020-03-20,2020-03-19,UKX,RealGARCH,RealGARCH11-logRVscaled-studentt,1,0.04759455137,0.00226524132,-0.1201156731,-0.09489828177,-0.07610404092,-0.1506072666,-0.1235654104,0.007580425255,0.001799325486,True,
2020-03-23,2020-03-20,UKX,RealGARCH,RealGARCH11-logRVscaled-studentt,1,0.04439270896,0.001970712608,-0.112021034,-0.08850009974,-0.07097020944,-0.1404613574,-0.115238696,-0.03867064231,0.002384347251,True,
2020-03-24,2020-03-23,UKX,RealGARCH,RealGARCH11-logRVscaled-studentt,1,0.04540303123,0.002061435245,-0.114575249,-0.0905190079,-0.07259015933,-0.1436628385,-0.1178661411,0.08666424625,0.0009566652756,True,
2020-03-25,2020-03-24,UKX,RealGARCH,RealGARCH11-logRVscaled-studentt,1,0.03769842959,0.001421171594,-0.09509709816,-0.07512304603,-0.06023660746,-0.1192487113,-0.09782954704,0.04351249366,0.002133338845,True,
2020-03-26,2020-03-25,UKX,RealGARCH,RealGARCH11-logRVscaled-studentt,1,0.04047308252,0.001638070409,-0.1021117513,-0.08066758328,-0.06468548367,-0.1280409543,-0.105045312,0.02216730268,0.001223319552,True,
2020-03-27,2020-03-26,UKX,RealGARCH,RealGARCH11-logRVscaled-studentt,1,0.03730851548,0.001391925328,-0.09411134884,-0.07434388794,-0.05961141951,-0.1180131623,-0.09681553606,-0.05394215783,0.0008175880558,True,
2020-03-30,2020-03-27,UKX,RealGARCH,RealGARCH11-logRVscaled-studentt,1,0.03266948155,0.001067295025,-0.08238331837,-0.06507379289,-0.05217319635,-0.1033131207,-0.08475126019,0.009644356856,0.001068718946,True,
2020-03-31,2020-03-30,UKX,RealGARCH,RealGARCH11-logRVscaled-studentt,1,0.0321662222,0.001034665851,-0.08111101877,-0.06406813911,-0.05136627072,-0.1017184065,-0.08344248347,0.01927839962,0.0006756995615,True,
2020-04-01,2020-03-31,UKX,RealGARCH,RealGARCH11-logRVscaled-studentt,1,0.02886601116,0.0008332466,-0.07276769205,-0.05747338888,-0.04607471507,-0.09126078954,-0.07485995162,-0.03908248189,0.0009073918616,True,
2020-04-02,2020-04-01,UKX,RealGARCH,RealGARCH11-logRVscaled-studentt,1,0.02898045395,0.0008398667114,-0.07305701708,-0.05770207779,-0.04625821256,-0.0916234327,-0.07515757166,0.004682324887,0.0009516047835,True,
2020-04-03,2020-04-02,UKX,RealGARCH,RealGARCH11-logRVscaled-studentt,1,0.02934603997,0.000861190062,-0.07398126209,-0.05843262151,-0.04684439287,-0.09278189149,-0.07610831499,-0.01187641993,0.0003585342385,True,
2020-04-06,2020-04-03,UKX,RealGARCH,RealGARCH11-logRVscaled-studentt,1,0.02390274719,0.0005713413232,-0.06021996942,-0.04755539099,-0.03811662174,-0.07553333681,-0.06195248283,0.0303535616,0.0003177207945,True,
2020-04-07,2020-04-06,UKX,RealGARCH,RealGARCH11-logRVscaled-studentt,1,0.02077607426,0.0004316452618,-0.05231536775,-0.04130741875,-0.03310331697,-0.06562562267,-0.05382125438,0.02163656316,0.0005931801613,True,
2020-04-08,2020-04-07,UKX,RealGARCH,RealGARCH11-logRVscaled-studentt,1,0.02201287543,0.0004845666846,-0.05544214845,-0.04377889547,-0.03508640293,-0.06954476377,-0.05703768061,-0.00470908156,0.0004209227463,True,
2020-04-09,2020-04-08,UKX,RealGARCH,RealGARCH11-logRVscaled-studentt,1,0.02109822847,0.0004451352445,-0.05312981196,-0.0419511735,-0.03361985876,-0.06664645594,-0.05465904889,0.02864679665,0.0006579427455,True,
2020-04-14,2020-04-09,UKX,RealGARCH,RealGARCH11-logRVscaled-studentt,1,0.02270738088,0.0005156251463,-0.05719794097,-0.04516671277,-0.03619997239,-0.07174549331,-0.05884381211,-0.008836294386,0.0003216392193,True,
2020-04-15,2020-04-14,UKX,RealGARCH,RealGARCH11-logRVscaled-studentt,1,0.02024639483,0.0004099165035,-0.05097627503,-0.0402489702,-0.0322540294,-0.06394718921,-0.05244376955,-0.03400092383,0.0004697003714,True,
2020-04-16,2020-04-15,UKX,RealGARCH,RealGARCH11-logRVscaled-studentt,1,0.0206262572,0.0004254424859,-0.05193661235,-0.04100804209,-0.03286310041,-0.06515088651,-0.05343163997,0.005469358595,0.0003196001323,True,
2020-04-17,2020-04-16,UKX,RealGARCH,RealGARCH11-logRVscaled-studentt,1,0.01916749521,0.0003673928727,-0.04824868826,-0.03809302521,-0.03052412265,-0.06052840213,-0.04963798223,0.02778883007,0.0003362534791,True,
2020-04-20,2020-04-17,UKX,RealGARCH,RealGARCH11-logRVscaled-studentt,1,0.01860672719,0.0003462102967,-0.04683099989,-0.03697245292,-0.02962498767,-0.05875145603,-0.0481796484,0.004448326346,0.0002580910367,True,
2020-04-21,2020-04-20,UKX,RealGARCH,RealGARCH11-logRVscaled-studentt,1,0.01727989532,0.0002985947822,-0.04347661084,-0.03432106952,-0.02749754655,-0.05454702812,-0.04472908823,-0.03000099418,0.0003336555796,True,
2020-04-22,2020-04-21,UKX,RealGARCH,RealGARCH11-logRVscaled-studentt,1,0.01753621228,0.0003075187411,-0.04412461065,-0.03483326293,-0.02790852495,-0.05535923817,-0.04539566635,0.02271472347,0.0002083122212,True,
2020-04-23,2020-04-22,UKX,RealGARCH,RealGARCH11-logRVscaled-studentt,1,0.01595981884,0.0002547158173,-0.04013930022,-0.03168318528,-0.02538093701,-0.0503640065,-0.04129609612,0.009657578434,0.0002090059841,True,
2020-04-24,2020-04-23,UKX,RealGARCH,RealGARCH11-logRVscaled-studentt,1,0.01515742483,0.0002297475274,-0.03811075256,-0.03007977629,-0.02409437912,-0.04782140269,-0.03920938953,-0.01285123244,0.0001794498017,True,
2020-04-27,2020-04-24,UKX,RealGARCH,RealGARCH11-logRVscaled-studentt,1,0.01424936765,0.0002030444784,-0.03581507583,-0.02826522255,-0.022638401,-0.04494397638,-0.03684789521,0.01631204545,0.0001388663251,True,
2020-04-28,2020-04-27,UKX,RealGARCH,RealGARCH11-logRVscaled-studentt,1,0.01302266369,0.0001695897695,-0.03271382207,-0.02581392289,-0.02067150489,-0.04105683101,-0.03365772777,0.01892430187,0.0002603792418,True,
2020-04-29,2020-04-28,UKX,RealGARCH,RealGARCH11-logRVscaled-studentt,1,0.01420098432,0.0002016679558,-0.03569275702,-0.02816853906,-0.02256082322,-0.04479066065,-0.03672206949,0.02597502419,0.0001827905813,True,
2020-04-30,2020-04-29,UKX,RealGARCH,RealGARCH11-logRVscaled-studentt,1,0.01379804157,0.0001903859512,-0.03467406973,-0.02736334606,-0.02191474514,-0.04351382686,-0.0356741762,-0.03563804263,0.0004230345361,True,
2020-05-01,2020-04-30,UKX,RealGARCH,RealGARCH11-logRVscaled-studentt,1,0.01629556772,0.0002655455272,-0.04098811339,-0.03235410602,-0.02591927649,-0.05142791821,-0.04216924497,-0.02368021172,0.0001689107951,True,
2020-05-04,2020-05-01,UKX,RealGARCH,RealGARCH11-logRVscaled-studentt,1,0.01464011294,0.000214332907,-0.03680292649,-0.0290460416,-0.02326492168,-0.0461821592,-0.03786406778,-0.001615069177,0.0002715786157,True,
2020-05-05,2020-05-04,UKX,RealGARCH,RealGARCH11-logRVscaled-studentt,1,0.01529421568,0.0002339130334,-0.03845657615,-0.03035312291,-0.02431370947,-0.04825486176,-0.03956512796,0.01647860292,0.0002349312281,True,
2020-05-06,2020-05-05,UKX,RealGARCH,RealGARCH11-logRVscaled-studentt,1,0.01518404554,0.0002305552391,-0.03817805291,-0.03013297197,-0.02413706276,-0.04790575768,-0.03927861939,0.0007519145734,0.0001604712026,True,
2020-05-07,2020-05-06,UKX,RealGARCH,RealGARCH11-logRVscaled-studentt,1,0.01392095692,0.0001937930415,-0.03498481438,-0.02760896551,-0.02211182751,-0.0439033176,-0.03599382997,0.01394451616,0.0001192580352,True,
2020-05-11,2020-05-07,UKX,RealGARCH,RealGARCH11-logRVscaled-studentt,1,0.01243684061,0.0001546750044,-0.03123279153,-0.02464328355,-0.01973219665,-0.03920049115,-0.03213423575,0.0006231540135,0.000192149633,True,
2020-05-12,2020-05-11,UKX,RealGARCH,RealGARCH11-logRVscaled-studentt,1,0.01295805547,0.0001679112017,-0.0325504848,-0.0256848175,-0.02056791213,-0.0408521023,-0.03348970759,0.009233734382,0.0002077312021,True,
2020-05-13,2020-05-12,UKX,RealGARCH,RealGARCH11-logRVscaled-studentt,1,0.01348340286,0.0001818021527,-0.03387862559,-0.02673460939,-0.02141025369,-0.04251680848,-0.03485592648,-0.01524535284,0.0002223747447,True,
2020-05-14,2020-05-13,UKX,RealGARCH,RealGARCH11-logRVscaled-studentt,1,0.01398984321,0.0001957157129,-0.03515896712,-0.02774661969,-0.02222227972,-0.04412160254,-0.03617297571,-0.02792654119,0.0003042303868,True,
2020-05-15,2020-05-14,UKX,RealGARCH,RealGARCH11-logRVscaled-studentt,1,0.01528569738,0.0002336525445,-0.03843504087,-0.03033610095,-0.02430005123,-0.0482278692,-0.03954297526,0.01010290034,0.0002126352566,True,
2020-05-18,2020-05-15,UKX,RealGARCH,RealGARCH11-logRVscaled-studentt,1,0.01485396051,0.0002206401429,-0.03734355862,-0.02947336921,-0.0236078047,-0.04685979342,-0.03842019996,0.04200345593,0.0001543754358,True,
2020-05-19,2020-05-18,UKX,RealGARCH,RealGARCH11-logRVscaled-studentt,1,0.01363683522,0.0001859632749,-0.03426652088,-0.02704121042,-0.02165626702,-0.04300300068,-0.03525494283,-0.007700755331,0.0002410672978,True,
2020-05-20,2020-05-19,UKX,RealGARCH,RealGARCH11-logRVscaled-studentt,1,0.01432712749,0.000205266582,-0.03601166196,-0.02842060859,-0.02276308106,-0.04519037959,-0.03705011751,0.0107711446,0.0001452734544,True,
2020-05-21,2020-05-20,UKX,RealGARCH,RealGARCH11-logRVscaled-studentt,1,0.01319074534,0.0001739957626,-0.03313875251,-0.02614979732,-0.02094100687,-0.04158944347,-0.03409484107,-0.008591054701,0.0002005013216,True,
2020-05-22,2020-05-21,UKX,RealGARCH,RealGARCH11-logRVscaled-studentt,1,0.01351289741,0.0001825983963,-0.03395319132,-0.0267935478,-0.02145754522,-0.04261026997,-0.03493263003,-0.003664044989,0.000214967876,True,
2020-05-26,2020-05-22,UKX,RealGARCH,RealGARCH11-logRVscaled-studentt,1,0.01390409469,0.0001933238491,-0.03494218465,-0.02757527003,-0.02208479062,-0.04384988503,-0.03594997803,0.01235392293,0.0001386369928,True,
2020-05-27,2020-05-26,UKX,RealGARCH,RealGARCH11-logRVscaled-studentt,1,0.0128418691,0.000164913602,-0.03225675181,-0.02545264444,-0.020381619,-0.04048393415,-0.03318755321,0.01252872202,0.0002229187168,True,
2020-05-28,2020-05-27,UKX,RealGARCH,RealGARCH11-logRVscaled-studentt,1,0.01362344423,0.0001855982326,-0.03423266684,-0.02701445144,-0.0216347959,-0.04296056765,-0.03522011819,0.0120521397,0.0001553991698,True,
2020-05-29,2020-05-28,UKX,RealGARCH,RealGARCH11-logRVscaled-studentt,1,0.01301615516,0.0001694202952,-0.03269736774,-0.02580091702,-0.02066106912,-0.04103620697,-0.0336408017,-0.02313158557,0.000140492445,True,
2020-06-01,2020-05-29,UKX,RealGARCH,RealGARCH11-logRVscaled-studentt,1,0.01241560625,0.0001541472786,-0.03117910854,-0.02460085133,-0.0196981495,-0.0391332043,-0.03207901365,0.01466983818,0.0001640408916,True,
2020-06-02,2020-06-01,UKX,RealGARCH,RealGARCH11-logRVscaled-studentt,1,0.012508378,0.0001564595203,-0.03141364659,-0.02478623539,-0.01984689965,-0.03942717685,-0.03232027596,0.008670816202,9.957268843e-05,True,
2020-06-03,2020-06-02,UKX,RealGARCH,RealGARCH11-logRVscaled-studentt,1,0.01126886381,0.0001269872917,-0.02828000704,-0.02230933729,-0.01785946362,-0.03549943878,-0.02909679423,0.02575818727,0.0001298888479,True,
2020-06-04,2020-06-03,UKX,RealGARCH,RealGARCH11-logRVscaled-studentt,1,0.01126673565,0.0001269393321,-0.02827462678,-0.02230508461,-0.01785605132,-0.0354926951,-0.02909125971,-0.006444638007,0.0002019229504,True,
2020-06-05,2020-06-04,UKX,RealGARCH,RealGARCH11-logRVscaled-studentt,1,0.01239917738,0.0001537395997,-0.0311375744,-0.02456802182,-0.01967180746,-0.03908114494,-0.03203628871,0.02228429166,0.0001791827869,True,
2020-06-08,2020-06-05,UKX,RealGARCH,RealGARCH11-logRVscaled-studentt,1,0.01274131871,0.0001623412024,-0.03200254844,-0.02525171646,-0.02022039658,-0.04016531286,-0.03292606176,-0.001805942821,0.0001480046805,True,
2020-06-09,2020-06-08,UKX,RealGARCH,RealGARCH11-logRVscaled-studentt,1,0.01240901621,0.0001539836832,-0.03116244812,-0.02458768256,-0.01968758302,-0.03911232195,-0.03206187557,-0.02137756196,0.000261775401,True,
2020-06-10,2020-06-09,UKX,RealGARCH,RealGARCH11-logRVscaled-studentt,1,0.01384148181,0.0001915866187,-0.03478389183,-0.02745015188,-0.02198439718,-0.04365147908,-0.03578714693,-0.001042274247,0.0002506726242,True,
2020-06-11,2020-06-10,UKX,RealGARCH,RealGARCH11-logRVscaled-studentt,1,0.01456930724,0.0002122647136,-0.03662392125,-0.02890455188,-0.02315139188,-0.04595779206,-0.03767993041,-0.04069624388,0.000283116927,True,
2020-06-12,2020-06-11,UKX,RealGARCH,RealGARCH11-logRVscaled-studentt,1,0.01539164077,0.0002369026057,-0.03870287838,-0.03054780565,-0.02446992078,-0.04856357967,-0.03981849174,0.004679081438,0.0005704766556,True,
2020-06-15,2020-06-12,UKX,RealGARCH,RealGARCH11-logRVscaled-studentt,1,0.01847775616,0.0003414274727,-0.04650494576,-0.03671473252,-0.02941819563,-0.05834277622,-0.04784424622,-0.006655789811,0.0004518919409,True,
2020-06-16,2020-06-15,UKX,RealGARCH,RealGARCH11-logRVscaled-studentt,1,0.01944141056,0.0003779684448,-0.04894117891,-0.03864038515,-0.0309633183,-0.06139637748,-0.05035032674,0.02894365926,0.0003129816169,True,
2020-06-17,2020-06-16,UKX,RealGARCH,RealGARCH11-logRVscaled-studentt,1,0.01846388673,0.0003409151133,-0.0464698822,-0.0366870175,-0.0293959574,-0.05829882717,-0.04780817738,0.001680524772,0.0001764915823,True,
2020-06-18,2020-06-17,UKX,RealGARCH,RealGARCH11-logRVscaled-studentt,1,0.01584218849,0.0002509749361,-0.03984191668,-0.03144812675,-0.02519232861,-0.04999126273,-0.04099018653,-0.004680423892,0.0002044352936,True,
2020-06-19,2020-06-18,UKX,RealGARCH,RealGARCH11-logRVscaled-studentt,1,0.01502292568,0.0002256882961,-0.0377707227,-0.02981100916,-0.02387872331,-0.04739520555,-0.03885961094,0.01094548608,0.000133971221,True,
2020-06-22,2020-06-19,UKX,RealGARCH,RealGARCH11-logRVscaled-studentt,1,0.01330644692,0.0001770615296,-0.03343125988,-0.02638100163,-0.02112652268,-0.04195607541,-0.0343957347,-0.007657249431,0.000145469065,True,
2020-06-23,2020-06-22,UKX,RealGARCH,RealGARCH11-logRVscaled-studentt,1,0.01266405223,0.0001603782189,-0.03180720958,-0.0250973163,-0.02009650757,-0.03992047301,-0.03272512249,0.01201794035,0.0001108533605,True,
2020-06-24,2020-06-23,UKX,RealGARCH,RealGARCH11-logRVscaled-studentt,1,0.01161426569,0.0001348911674,-0.02915322412,-0.02299954741,-0.0184132807,-0.03659393861,-0.02999504665,-0.03156852548,0.0002137394809,True,
2020-06-25,2020-06-24,UKX,RealGARCH,RealGARCH11-logRVscaled-studentt,1,0.01276694013,0.0001629947602,-0.03206732244,-0.02530291526,-0.02026147794,-0.04024650131,-0.03299269285,0.003813920984,0.0003635338352,True,
2020-06-26,2020-06-25,UKX,RealGARCH,RealGARCH11-logRVscaled-studentt,1,0.01510193959,0.0002280685792,-0.03797047926,-0.02996890117,-0.02400541413,-0.0476455826,-0.03906509456,0.001982661232,0.0001241837765,True,
2020-06-29,2020-06-26,UKX,RealGARCH,RealGARCH11-logRVscaled-studentt,1,0.01312705928,0.0001723196854,-0.03297774656,-0.02602253466,-0.02083889269,-0.04138763686,-0.03392921905,0.01073881376,0.000182069421,True,
2020-06-30,2020-06-29,UKX,RealGARCH,RealGARCH11-logRVscaled-studentt,1,0.01319714961,0.0001741647578,-0.03315494326,-0.02616259485,-0.02095127547,-0.04160973714,-0.03411149602,-0.009051670854,0.0001126860202,True,
2020-07-01,2020-06-30,UKX,RealGARCH,RealGARCH11-logRVscaled-studentt,1,0.01192568633,0.0001422219946,-0.02994053262,-0.02362185349,-0.01891261231,-0.0375807597,-0.03080492747,-0.001898196473,0.0002599471661,True,
2020-07-02,2020-07-01,UKX,RealGARCH,RealGARCH11-logRVscaled-studentt,1,0.01351885537,0.0001827594506,-0.03396825376,-0.02680545348,-0.02146709822,-0.0426291494,-0.03494812432,0.01329221768,0.0001702273345,True,
2020-07-03,2020-07-02,UKX,RealGARCH,RealGARCH11-logRVscaled-studentt,1,0.01321981942,0.0001747636255,-0.03321225525,-0.02620789551,-0.02098762422,-0.0416815726,-0.03417045115,-0.01340592909,9.239214237e-05,True,
2020-07-06,2020-07-03,UKX,RealGARCH,RealGARCH11-logRVscaled-studentt,1,0.01143292212,0.0001307117082,-0.02869476598,-0.02263717194,-0.01812251458,-0.03601930217,-0.02952344441,0.02067067619,9.714662722e-05,True,
2020-07-07,2020-07-06,UKX,RealGARCH,RealGARCH11-logRVscaled-studentt,1,0.01066279261,0.0001136951463,-0.02674778683,-0.02109823649,-0.01688768956,-0.03357893721,-0.0275206449,-0.01539009865,8.678644436e-05,True,
2020-07-08,2020-07-07,UKX,RealGARCH,RealGARCH11-logRVscaled-studentt,1,0.01000943847,0.0001001888586,-0.02509602973,-0.0197926511,-0.01584010208,-0.03150860681,-0.02582153154,-0.005459179892,0.0001002859857,True,
2020-07-09,2020-07-08,UKX,RealGARCH,RealGARCH11-logRVscaled-studentt,1,0.009972524608,9.945124706e-05,-0.02500270708,-0.01971888681,-0.01578091442,-0.03139163518,-0.02572553331,-0.0174675654,0.0001647442507,True,
2020-07-10,2020-07-09,UKX,RealGARCH,RealGARCH11-logRVscaled-studentt,1,0.01108563066,0.0001228912072,-0.0278167718,-0.02194318589,-0.01756566774,-0.03491881466,-0.02862027792,0.007542201912,0.0001650979193,True,
2020-07-13,2020-07-10,UKX,RealGARCH,RealGARCH11-logRVscaled-studentt,1,0.01176202237,0.0001383451702,-0.02952677062,-0.02329480684,-0.01865019364,-0.03706214588,-0.03037930281,0.01316885492,0.0001169242696,True,
2020-07-14,2020-07-13,UKX,RealGARCH,RealGARCH11-logRVscaled-studentt,1,0.01127726296,0.0001271766598,-0.02830124107,-0.02232612113,-0.0178729308,-0.03552605374,-0.02911863704,0.0005826497413,0.0001613849499,True,
2020-07-15,2020-07-14,UKX,RealGARCH,RealGARCH11-logRVscaled-studentt,1,0.01181594758,0.0001396166172,-0.02966309997,-0.02340256458,-0.01873665728,-0.03723302258,-0.03051954076,0.01810438545,0.00012959447,True,
2020-07-16,2020-07-15,UKX,RealGARCH,RealGARCH11-logRVscaled-studentt,1,0.01156157023,0.0001336699061,-0.02902000372,-0.02289424705,-0.01832878884,-0.0364269587,-0.02985800678,-0.006696773707,9.581719511e-05,True,
2020-07-17,2020-07-16,UKX,RealGARCH,RealGARCH11-logRVscaled-studentt,1,0.01069717362,0.0001144295235,-0.02683470612,-0.02116693943,-0.01694281604,-0.0336878828,-0.02761005619,0.006315244655,0.0001263833324,True,
2020-07-20,2020-07-17,UKX,RealGARCH,RealGARCH11-logRVscaled-studentt,1,0.01088077722,0.000118391313,-0.0272988779,-0.02153383109,-0.01723720591,-0.03426968079,-0.02808753589,-0.004588960307,0.0001581102508,True,
2020-07-21,2020-07-20,UKX,RealGARCH,RealGARCH11-logRVscaled-studentt,1,0.01153193712,0.0001329855738,-0.02894508771,-0.02283503178,-0.01828127515,-0.03633305816,-0.02978094291,0.00130876469,0.0001057042535,True,
2020-07-22,2020-07-21,UKX,RealGARCH,RealGARCH11-logRVscaled-studentt,1,0.0109123514,0.0001190794131,-0.02737870118,-0.02159692517,-0.01728783191,-0.03436973216,-0.02816964771,-0.01003472378,8.235587346e-05,True,
2020-07-23,2020-07-22,UKX,RealGARCH,RealGARCH11-logRVscaled-studentt,1,0.01002405861,0.0001004817511,-0.02513299118,-0.01982186625,-0.015863544,-0.0315549347,-0.02585955269,0.000692483661,8.26340662e-05,True,
2020-07-24,2020-07-23,UKX,RealGARCH,RealGARCH11-logRVscaled-studentt,1,0.009569409303,9.157359441e-05,-0.02398358356,-0.01891334901,-0.01513455967,-0.03011425462,-0.02467719128,-0.01420351057,0.000100441412,True,
2020-07-27,2020-07-24,UKX,RealGARCH,RealGARCH11-logRVscaled-studentt,1,0.009729917846,9.467130129e-05,-0.02438936828,-0.01923409024,-0.01539191893,-0.03062286962,-0.02509460994,-0.003091075667,8.086523469e-05,True,
2020-07-28,2020-07-27,UKX,RealGARCH,RealGARCH11-logRVscaled-studentt,1,0.009368292089,8.776489666e-05,-0.02347513528,-0.01851146023,-0.0148120885,-0.02947695998,-0.02415416567,0.003988807758,0.000123510593,True,
2020-07-29,2020-07-28,UKX,RealGARCH,RealGARCH11-logRVscaled-studentt,1,0.01005772025,0.0001011577367,-0.02521809182,-0.01988913168,-0.01591751704,-0.03166160076,-0.02594709317,0.0003588991026,7.804478929e-05,True,
2020-07-30,2020-07-29,UKX,RealGARCH,RealGARCH11-logRVscaled-studentt,1,0.009468930803,8.966065056e-05,-0.02372956194,-0.01871256469,-0.01497345253,-0.02979586114,-0.0244158868,-0.02334800609,0.0002464975133,True,
2020-07-31,2020-07-30,UKX,RealGARCH,RealGARCH11-logRVscaled-studentt,1,0.0117569352,0.0001382255253,-0.02951390964,-0.02328464124,-0.01864203687,-0.03704602579,-0.03036607311,-0.01551204517,0.0001909247868,True,
2020-08-03,2020-07-31,UKX,RealGARCH,RealGARCH11-logRVscaled-studentt,1,0.01254232367,0.0001573098829,-0.03149946526,-0.02485406837,-0.01990132809,-0.03953474291,-0.03240855507,0.02264844062,0.0001869450542,True,
2020-08-04,2020-08-03,UKX,RealGARCH,RealGARCH11-logRVscaled-studentt,1,0.01294151338,0.0001674827685,-0.03250866441,-0.02565176173,-0.02054138854,-0.04079968416,-0.0334466882,0.00051373333,0.0001340213404,True,
2020-08-05,2020-08-04,UKX,RealGARCH,RealGARCH11-logRVscaled-studentt,1,0.01224984522,0.0001500587078,-0.0307600449,-0.02426961414,-0.01943236839,-0.03860794534,-0.03164793535,0.01131745734,0.0001153721723,True,
2020-08-06,2020-08-05,UKX,RealGARCH,RealGARCH11-logRVscaled-studentt,1,0.01150119225,0.0001322774231,-0.028867361,-0.02277359487,-0.01823197884,-0.03623563465,-0.02970098776,-0.01282623215,0.0001737950551,True,
2020-08-07,2020-08-06,UKX,RealGARCH,RealGARCH11-logRVscaled-studentt,1,0.01213954273,0.0001473684977,-0.03048118707,-0.02404919874,-0.01925550947,-0.03825842189,-0.03136108261,0.000879052881,0.0001388406725,True,
2020-08-10,2020-08-07,UKX,RealGARCH,RealGARCH11-logRVscaled-studentt,1,0.01191343219,0.0001419298666,-0.02990955269,-0.02359736626,-0.01889296402,-0.03754192911,-0.03077305933,0.003045637895,0.00012081858,True,
2020-08-11,2020-08-10,UKX,RealGARCH,RealGARCH11-logRVscaled-studentt,1,0.01143880193,0.0001308461895,-0.02870963083,-0.02264892145,-0.01813194225,-0.03603793394,-0.02953873543,0.01699353593,0.000117827897,True,
2020-08-12,2020-08-11,UKX,RealGARCH,RealGARCH11-logRVscaled-studentt,1,0.01112270156,0.0001237144899,-0.02791049144,-0.02201726397,-0.01762510718,-0.03503628388,-0.02871668453,0.02023492672,0.0001131932277,True,
2020-08-13,2020-08-12,UKX,RealGARCH,RealGARCH11-logRVscaled-studentt,1,0.01085587427,0.0001178500062,-0.02723592027,-0.02148406798,-0.01719727654,-0.03419076901,-0.02802277325,-0.01516189365,6.957265489e-05,True,
2020-08-14,2020-08-13,UKX,RealGARCH,RealGARCH11-logRVscaled-studentt,1,0.009635464596,9.284217799e-05,-0.02415057921,-0.01904534607,-0.01524047267,-0.03032356879,-0.02484897473,-0.01557594415,0.0001931525597,True,
2020-08-17,2020-08-14,UKX,RealGARCH,RealGARCH11-logRVscaled-studentt,1,0.01125855327,0.0001267550218,-0.02825394076,-0.02228873392,-0.01784293171,-0.03546676701,-0.02906998062,0.006122418702,0.0001282554518,True,
2020-08-18,2020-08-17,UKX,RealGARCH,RealGARCH11-logRVscaled-studentt,1,0.01123008346,0.0001261147745,-0.02818196568,-0.02223184322,-0.01779728323,-0.03537655266,-0.028995942,-0.008325155261,0.0001219479021,True,
2020-08-19,2020-08-18,UKX,RealGARCH,RealGARCH11-logRVscaled-studentt,1,0.01109207688,0.0001230341696,-0.02783306861,-0.02195606725,-0.0175760036,-0.03493924126,-0.02863704197,0.005808706702,0.0001082404133,True,
2020-08-20,2020-08-19,UKX,RealGARCH,RealGARCH11-logRVscaled-studentt,1,0.01073438707,0.0001152270657,-0.02692878614,-0.02124130236,-0.01700248405,-0.03380580373,-0.02770683351,-0.01628040158,0.0001294380716,True,
2020-08-21,2020-08-20,UKX,RealGARCH,RealGARCH11-logRVscaled-studentt,1,0.01095850883,0.0001200889158,-0.02749539266,-0.0216891607,-0.0173618407,-0.03451599454,-0.02828968477,-0.001897580847,0.0001403579771,True,
2020-08-24,2020-08-21,UKX,RealGARCH,RealGARCH11-logRVscaled-studentt,1,0.0112818134,0.0001272793135,-0.02831274512,-0.02233521419,-0.01788022697,-0.03554047305,-0.02913047092,0.01698292881,5.820916503e-05,True,
2020-08-25,2020-08-24,UKX,RealGARCH,RealGARCH11-logRVscaled-studentt,1,0.00946942798,8.967006626e-05,-0.02373081886,-0.01871355819,-0.0149742497,-0.02979743658,-0.02441717976,-0.01115179843,0.000121416784,True,
2020-08-26,2020-08-25,UKX,RealGARCH,RealGARCH11-logRVscaled-studentt,1,0.01008034647,0.0001016133849,-0.02527529358,-0.01993434522,-0.01595379589,-0.03173329808,-0.02600593492,0.00142355112,8.53533953e-05,True,
2020-08-27,2020-08-26,UKX,RealGARCH,RealGARCH11-logRVscaled-studentt,1,0.009666991836,9.345073115e-05,-0.02423028383,-0.01910834636,-0.01529102342,-0.03042347143,-0.0249309645,-0.007571281706,9.067539746e-05,True,
2020-08-28,2020-08-27,UKX,RealGARCH,RealGARCH11-logRVscaled-studentt,1,0.009569784702,9.158077925e-05,-0.02398453261,-0.01891409916,-0.01513516158,-0.03011544417,-0.02467816754,-0.006085127223,0.0001678289317,True,
2020-09-01,2020-08-28,UKX,RealGARCH,RealGARCH11-logRVscaled-studentt,1,0.01087851484,0.0001183420852,-0.02729315833,-0.02152931021,-0.0172335784,-0.03426251182,-0.02808165233,-0.01716642412,0.0002565912852,True,
2020-09-02,2020-09-01,UKX,RealGARCH,RealGARCH11-logRVscaled-studentt,1,0.01281000382,0.0001640961979,-0.03217619259,-0.02538896864,-0.02033052623,-0.04038296034,-0.03310468433,0.01336955149,0.0001628446086,True,
2020-09-03,2020-09-02,UKX,RealGARCH,RealGARCH11-logRVscaled-studentt,1,0.0127072623,0.0001614745151,-0.03191644977,-0.02518366217,-0.02016579056,-0.04005739586,-0.03283749463,-0.01528199056,0.0002868847644,True,
2020-09-04,2020-09-03,UKX,RealGARCH,RealGARCH11-logRVscaled-studentt,1,0.01430720525,0.0002046961221,-0.03596129618,-0.02838079836,-0.02273113776,-0.04512725057,-0.03699830773,-0.008892728818,0.000334629146,True,
2020-09-07,2020-09-04,UKX,RealGARCH,RealGARCH11-logRVscaled-studentt,1,0.01580095622,0.0002496702174,-0.03973767659,-0.03136573307,-0.02512621682,-0.04986060705,-0.04088295785,0.02356856061,0.0001363781983,True,
2020-09-08,2020-09-07,UKX,RealGARCH,RealGARCH11-logRVscaled-studentt,1,0.0137378854,0.0001887294952,-0.03452198776,-0.0272431371,-0.02181829078,-0.04332320565,-0.035517734,-0.001196541541,0.0003918503029,True,
2020-09-09,2020-09-08,UKX,RealGARCH,RealGARCH11-logRVscaled-studentt,1,0.01598780576,0.0002556099331,-0.0402100545,-0.03173911104,-0.02542581123,-0.05045269069,-0.04136887895,0.01381572874,0.0002965119288,True,
2020-09-10,2020-09-09,UKX,RealGARCH,RealGARCH11-logRVscaled-studentt,1,0.01637021262,0.0002679838613,-0.0411768246,-0.03250326754,-0.02603896207,-0.05166445091,-0.04236336658,-0.001581212255,0.0001781662743,True,
2020-09-11,2020-09-10,UKX,RealGARCH,RealGARCH11-logRVscaled-studentt,1,0.01484845802,0.0002204767057,-0.03732964767,-0.02946237368,-0.02359898201,-0.04684235729,-0.03840589018,0.004785939513,0.0001369716129,True,
2020-09-14,2020-09-11,UKX,RealGARCH,RealGARCH11-logRVscaled-studentt,1,0.01328419694,0.0001764698882,-0.03337500928,-0.0263365399,-0.02109084708,-0.04188557028,-0.03433787137,-0.0009620336851,9.891225097e-05,True,
2020-09-15,2020-09-14,UKX,RealGARCH,RealGARCH11-logRVscaled-studentt,1,0.01163495145,0.0001353720951,-0.02920552018,-0.02304088338,-0.01844644823,-0.03665948707,-0.03004884205,0.01305681291,0.0001100705082,True,
2020-09-16,2020-09-15,UKX,RealGARCH,RealGARCH11-logRVscaled-studentt,1,0.0110632609,0.0001223957417,-0.02776021837,-0.02189848481,-0.01752980008,-0.03484792998,-0.02856210309,-0.004432049277,7.055130639e-05,True,
2020-09-17,2020-09-16,UKX,RealGARCH,RealGARCH11-logRVscaled-studentt,1,0.009766853676,9.539143073e-05,-0.02448274646,-0.01930789842,-0.01545114181,-0.03073991085,-0.02519066529,-0.004716228232,9.304151607e-05,True,
2020-09-18,2020-09-17,UKX,RealGARCH,RealGARCH11-logRVscaled-studentt,1,0.009678584212,9.367499236e-05,-0.02425959074,-0.01913151119,-0.01530961063,-0.03046020503,-0.02496111164,-0.007099607494,0.0001059344726,True,
2020-09-21,2020-09-18,UKX,RealGARCH,RealGARCH11-logRVscaled-studentt,1,0.009905360086,9.811615844e-05,-0.02483290716,-0.0195846732,-0.01567322288,-0.03117880611,-0.02555086519,-0.03434313071,0.000284748866,True,
2020-09-22,2020-09-21,UKX,RealGARCH,RealGARCH11-logRVscaled-studentt,1,0.01243871907,0.000154721732,-0.03123754049,-0.02464703723,-0.01973520856,-0.03920644354,-0.03213912085,0.00433224481,0.0001344728346,True,
2020-09-23,2020-09-22,UKX,RealGARCH,RealGARCH11-logRVscaled-studentt,1,0.01199199779,0.0001438080109,-0.03010817587,-0.02375436242,-0.01901893603,-0.03779088558,-0.03097737709,0.01190243336,0.0001935052281,True,
2020-09-24,2020-09-23,UKX,RealGARCH,RealGARCH11-logRVscaled-studentt,1,0.01271801157,0.0001617478183,-0.03194362522,-0.02520514224,-0.02018302593,-0.04009145786,-0.0328654492,-0.01305245453,0.0002196163508,True,
2020-09-25,2020-09-24,UKX,RealGARCH,RealGARCH11-logRVscaled-studentt,1,0.01350644418,0.0001824240345,-0.0339368768,-0.02678065244,-0.02144719813,-0.04258982118,-0.03491584777,0.003411839922,0.0001620954702,True,
2020-09-28,2020-09-25,UKX,RealGARCH,RealGARCH11-logRVscaled-studentt,1,0.01307327113,0.0001709104179,-0.0328417637,-0.02591505079,-0.02075264881,-0.04121719445,-0.03378933752,0.01447695008,0.000129118241,True,
2020-09-29,2020-09-28,UKX,RealGARCH,RealGARCH11-logRVscaled-studentt,1,0.01221957167,0.0001493179317,-0.03068350975,-0.02420911907,-0.0193838278,-0.03851201536,-0.03156920593,-0.005141469924,0.0001307868255,True,
2020-09-30,2020-09-29,UKX,RealGARCH,RealGARCH11-logRVscaled-studentt,1,0.01180270807,0.0001393039178,-0.02962962892,-0.02337610831,-0.01871542906,-0.0371910696,-0.03048511008,-0.005338497792,0.0001884858283,True,
2020-10-01,2020-09-30,UKX,RealGARCH,RealGARCH11-logRVscaled-studentt,1,0.01253434685,0.0001571098509,-0.03147929892,-0.02483812845,-0.01988853807,-0.0395094662,-0.03238781056,0.002281689773,0.00013971082,True,
2020-10-02,2020-10-01,UKX,RealGARCH,RealGARCH11-logRVscaled-studentt,1,0.01214352966,0.0001474653127,-0.03049126651,-0.02405716575,-0.01926190212,-0.03827105558,-0.03137145103,0.003836512109,0.0001495357346,True,
2020-10-05,2020-10-02,UKX,RealGARCH,RealGARCH11-logRVscaled-studentt,1,0.01210931949,0.0001466356185,-0.03040477912,-0.0239888042,-0.01920704955,-0.03816265133,-0.03128248402,0.006888976844,9.556569283e-05,True,
2020-10-06,2020-10-05,UKX,RealGARCH,RealGARCH11-logRVscaled-studentt,1,0.01096943465,0.0001203284965,-0.02752301443,-0.02171099356,-0.01737935914,-0.03455061596,-0.02831809846,0.001177182989,8.018998437e-05,True,
2020-10-07,2020-10-06,UKX,RealGARCH,RealGARCH11-logRVscaled-studentt,1,0.009995086975,9.990176364e-05,-0.02505974743,-0.01976397277,-0.0158170909,-0.03146313018,-0.02578420902,-0.0006052516263,8.717501994e-05,True,
2020-10-08,2020-10-07,UKX,RealGARCH,RealGARCH11-logRVscaled-studentt,1,0.009665758426,9.342688595e-05,-0.02422716562,-0.01910588166,-0.01528904577,-0.03041956303,-0.02492775689,0.005316919265,8.099349629e-05,True,
2020-10-09,2020-10-08,UKX,RealGARCH,RealGARCH11-logRVscaled-studentt,1,0.009337153018,8.718242649e-05,-0.023396412,-0.0184492356,-0.01476216014,-0.02937828736,-0.02407318537,0.00645290481,5.198765842e-05,True,
2020-10-12,2020-10-09,UKX,RealGARCH,RealGARCH11-logRVscaled-studentt,1,0.008318197813,6.919241485e-05,-0.02082037184,-0.0164130764,-0.0131283682,-0.02614945047,-0.02142328953,-0.002546209658,5.226827024e-05,True,
2020-10-13,2020-10-12,UKX,RealGARCH,RealGARCH11-logRVscaled-studentt,1,0.007810326367,6.100119795e-05,-0.01953641232,-0.01539820636,-0.01231404755,-0.02454012156,-0.02010251859,-0.005296051463,9.79114628e-05,True,
2020-10-14,2020-10-13,UKX,RealGARCH,RealGARCH11-logRVscaled-studentt,1,0.008643999487,7.471872713e-05,-0.02164403729,-0.01706411982,-0.01365075834,-0.02718184174,-0.02227056967,-0.005812813919,7.713229772e-05,True,
2020-10-15,2020-10-14,UKX,RealGARCH,RealGARCH11-logRVscaled-studentt,1,0.00868281081,7.539120355e-05,-0.02174215694,-0.01714167576,-0.01371298838,-0.02730482598,-0.02237150243,-0.01743816872,0.0001671811842,True,
2020-10-16,2020-10-15,UKX,RealGARCH,RealGARCH11-logRVscaled-studentt,1,0.01029787328,0.000106046194,-0.02582522727,-0.02036902499,-0.0163025782,-0.03242259098,-0.02657163534,0.01482317069,0.0001345408318,True,
2020-10-19,2020-10-16,UKX,RealGARCH,RealGARCH11-logRVscaled-studentt,1,0.01079912635,0.0001166211298,-0.02709245475,-0.02137066966,-0.01710628696,-0.03401094776,-0.02787519454,-0.005913100111,0.0001011333699,True,
2020-10-20,2020-10-19,UKX,RealGARCH,RealGARCH11-logRVscaled-studentt,1,0.01042107655,0.0001085988364,-0.02613669982,-0.02061521979,-0.01650012222,-0.03281299407,-0.02689203788,0.0007644026313,8.392628504e-05,True,
2020-10-21,2020-10-20,UKX,RealGARCH,RealGARCH11-logRVscaled-studentt,1,0.009811084492,9.62573789e-05,-0.02459456723,-0.01939628403,-0.01552206147,-0.03088006823,-0.02530569199,-0.01932223518,0.0001336646395,True,
2020-10-22,2020-10-21,UKX,RealGARCH,RealGARCH11-logRVscaled-studentt,1,0.010497687,0.0001102014323,-0.02633038016,-0.02076830902,-0.01662295935,-0.03305575513,-0.02709127109,0.001591426681,0.0001113661027,True,
2020-10-23,2020-10-22,UKX,RealGARCH,RealGARCH11-logRVscaled-studentt,1,0.01047566365,0.0001097395288,-0.02627470251,-0.02072430017,-0.01658764713,-0.03298596816,-0.02703399715,0.01281137392,6.774154769e-05,True,
2020-10-26,2020-10-23,UKX,RealGARCH,RealGARCH11-logRVscaled-studentt,1,0.009391986987,8.820941957e-05,-0.02353503881,-0.0185588093,-0.01485008088,-0.02955204372,-0.02421578664,-0.01172310846,0.0001852501973,True,
2020-10-27,2020-10-26,UKX,RealGARCH,RealGARCH11-logRVscaled-studentt,1,0.01099937003,0.000120986141,-0.02759869464,-0.02177081288,-0.01742735751,-0.03464547437,-0.02839594844,-0.01093665966,0.000161899748,True,
2020-10-28,2020-10-27,UKX,RealGARCH,RealGARCH11-logRVscaled-studentt,1,0.01166143253,0.0001359890086,-0.02927246752,-0.02309380003,-0.01848890798,-0.0367433996,-0.03011770878,-0.0258505877,0.0003381022442,True,
2020-10-29,2020-10-28,UKX,RealGARCH,RealGARCH11-logRVscaled-studentt,1,0.01413660636,0.0001998436394,-0.03553000186,-0.02803989377,-0.02245759964,-0.04458666154,-0.0365546481,-0.0001791376382,0.0004021002113,True,
2020-10-30,2020-10-29,UKX,RealGARCH,RealGARCH11-logRVscaled-studentt,1,0.01633524541,0.0002668402424,-0.04108842331,-0.0324333932,-0.02598289566,-0.05155364776,-0.0422724308,-0.0008065167265,0.0002664058354,True,
2020-11-02,2020-10-30,UKX,RealGARCH,RealGARCH11-logRVscaled-studentt,1,0.01618580645,0.0002619803305,-0.04071062383,-0.03213477213,-0.02574328537,-0.05108010977,-0.04188379972,0.01383535621,0.0001995831408,True,
2020-11-03,2020-11-02,UKX,RealGARCH,RealGARCH11-logRVscaled-studentt,1,0.01512385405,0.0002287309612,-0.03802588163,-0.03001269243,-0.02404055176,-0.04771502454,-0.03912208533,0.02303931851,0.0001058943141,True,
2020-11-04,2020-11-03,UKX,RealGARCH,RealGARCH11-logRVscaled-studentt,1,0.01269055829,0.0001610502696,-0.03187422004,-0.02515028285,-0.02013900736,-0.04000446465,-0.03279405416,0.01653836775,0.0003451332951,True,
2020-11-05,2020-11-04,UKX,RealGARCH,RealGARCH11-logRVscaled-studentt,1,0.01488275705,0.0002214964574,-0.0374163597,-0.02953091279,-0.02365397704,-0.04695104308,-0.03849508826,0.003884883804,0.0001551044736,True,
2020-11-06,2020-11-05,UKX,RealGARCH,RealGARCH11-logRVscaled-studentt,1,0.01366549371,0.0001867457184,-0.03433897296,-0.02709847815,-0.02170221801,-0.0430938129,-0.03532947212,0.0006431517862,0.000169528719,True,
2020-11-09,2020-11-06,UKX,RealGARCH,RealGARCH11-logRVscaled-studentt,1,0.01328737603,0.0001765543616,-0.03338304639,-0.02634289262,-0.02109594443,-0.04189564409,-0.03434613892,0.04569130675,0.001076719566,True,
2020-11-10,2020-11-09,UKX,RealGARCH,RealGARCH11-logRVscaled-studentt,1,0.01954990241,0.0003821986842,-0.04921545921,-0.03885718238,-0.03113727403,-0.06174016341,-0.05063247073,0.01772029507,0.0002887638772,True,
2020-11-11,2020-11-10,UKX,RealGARCH,RealGARCH11-logRVscaled-studentt,1,0.01819970894,0.0003312294055,-0.04580200926,-0.03615911593,-0.02897237495,-0.05746170792,-0.04712115636,0.01343977892,0.0002023389883,True,
2020-11-12,2020-11-11,UKX,RealGARCH,RealGARCH11-logRVscaled-studentt,1,0.01618968803,0.0002621059984,-0.04072043692,-0.0321425286,-0.02574950908,-0.05109240959,-0.04189389415,-0.006791975799,0.0001498027595,True,
2020-11-13,2020-11-12,UKX,RealGARCH,RealGARCH11-logRVscaled-studentt,1,0.01421157248,0.0002019687922,-0.03571952513,-0.02818969716,-0.02257780025,-0.04482421208,-0.03674960505,-0.003555826263,8.103082669e-05,True,
2020-11-16,2020-11-13,UKX,RealGARCH,RealGARCH11-logRVscaled-studentt,1,0.01156696642,0.0001337947122,-0.02903364595,-0.02290503017,-0.0183374411,-0.03644405803,-0.02987204014,0.01647114895,0.0001543538817,True,
2020-11-17,2020-11-16,UKX,RealGARCH,RealGARCH11-logRVscaled-studentt,1,0.01186811181,0.000140852078,-0.02979497737,-0.02350680339,-0.01882029736,-0.03739831915,-0.03065519911,-0.008759226026,0.0001088084293,True,
2020-11-18,2020-11-17,UKX,RealGARCH,RealGARCH11-logRVscaled-studentt,1,0.01115783275,0.0001244972316,-0.02799930727,-0.02208746597,-0.0176814365,-0.03514760661,-0.02880804673,0.003121509926,7.858079863e-05,True,
2020-11-19,2020-11-18,UKX,RealGARCH,RealGARCH11-logRVscaled-studentt,1,0.01004570059,0.0001009161003,-0.02518770467,-0.019865113,-0.01589824472,-0.03162351318,-0.02591583482,-0.007987761049,6.277230513e-05,True,
2020-11-20,2020-11-19,UKX,RealGARCH,RealGARCH11-logRVscaled-studentt,1,0.009025264347,8.145539653e-05,-0.02260792028,-0.01782599428,-0.0142620781,-0.02838998322,-0.02326208741,0.002695923583,7.986448153e-05,True,
2020-11-23,2020-11-20,UKX,RealGARCH,RealGARCH11-logRVscaled-studentt,1,0.008960966683,8.029892389e-05,-0.02244536812,-0.01769750946,-0.01415898328,-0.02818623857,-0.02309487484,-0.002790664274,7.112969129e-05,True,
2020-11-24,2020-11-23,UKX,RealGARCH,RealGARCH11-logRVscaled-studentt,1,0.008703603986,7.575272234e-05,-0.02179472456,-0.01718322638,-0.01374632814,-0.02737071482,-0.02242557718,0.01541631503,5.111481103e-05,True,
2020-11-25,2020-11-24,UKX,RealGARCH,RealGARCH11-logRVscaled-studentt,1,0.007970506081,6.352896718e-05,-0.01994136572,-0.01571829049,-0.01257087957,-0.02504769458,-0.0205190821,-0.006410243354,8.459565315e-05,True,
2020-11-26,2020-11-25,UKX,RealGARCH,RealGARCH11-logRVscaled-studentt,1,0.00846865477,7.171811361e-05,-0.02120074495,-0.01671373174,-0.01336961076,-0.02662621429,-0.02181456804,-0.004422180015,4.842595621e-05,True,
2020-11-27,2020-11-26,UKX,RealGARCH,RealGARCH11-logRVscaled-studentt,1,0.007758651187,6.019666824e-05,-0.01940577131,-0.01529494481,-0.01223119161,-0.02437637469,-0.01996813207,0.0007384150212,9.509650396e-05,True,
2020-11-30,2020-11-27,UKX,RealGARCH,RealGARCH11-logRVscaled-studentt,1,0.008557771138,7.323544684e-05,-0.02142604175,-0.01689181131,-0.01351249987,-0.02690860375,-0.02204632414,-0.01605250646,0.0001379931427,True,
2020-12-01,2020-11-30,UKX,RealGARCH,RealGARCH11-logRVscaled-studentt,1,0.00979807079,9.600219121e-05,-0.02456166704,-0.019370279,-0.01550119531,-0.03083883077,-0.02527184855,0.01873439237,9.005194411e-05,True,
2020-12-02,2020-12-01,UKX,RealGARCH,RealGARCH11-logRVscaled-studentt,1,0.009627180532,9.268260499e-05,-0.02412963611,-0.01902879218,-0.01522719001,-0.03029731848,-0.02482743119,0.01225094617,8.0348746e-05,True,
2020-12-03,2020-12-02,UKX,RealGARCH,RealGARCH11-logRVscaled-studentt,1,0.009300273176,8.649508114e-05,-0.02330317536,-0.0183755393,-0.01470302703,-0.02926142355,-0.02397727562,0.004153244598,5.420295419e-05,True,
2020-12-04,2020-12-03,UKX,RealGARCH,RealGARCH11-logRVscaled-studentt,1,0.008375545723,7.014976615e-05,-0.02096535419,-0.01652767366,-0.0132203198,-0.02633117293,-0.02157242856,0.009186888738,4.085727289e-05,True,
2020-12-07,2020-12-04,UKX,RealGARCH,RealGARCH11-logRVscaled-studentt,1,0.00743156634,5.522817827e-05,-0.01857886184,-0.01464133726,-0.01170674404,-0.02333991733,-0.01911751492,0.0007935092227,0.0001184174993,True,
2020-12-08,2020-12-07,UKX,RealGARCH,RealGARCH11-logRVscaled-studentt,1,0.00876339988,7.679717745e-05,-0.02194589571,-0.0173027154,-0.01384220483,-0.02756019439,-0.02258108244,0.0005185071376,6.678523715e-05,True,
2020-12-09,2020-12-08,UKX,RealGARCH,RealGARCH11-logRVscaled-studentt,1,0.008479584137,7.190334713e-05,-0.0212283757,-0.01673557169,-0.0133871349,-0.02666084696,-0.02184299096,0.0008382166539,5.722780992e-05,True,
2020-12-10,2020-12-09,UKX,RealGARCH,RealGARCH11-logRVscaled-studentt,1,0.00805116634,6.482127943e-05,-0.02014528446,-0.01587947239,-0.01270021016,-0.02530328857,-0.02072884724,0.00539346968,0.0001497955386,True,
2020-12-11,2020-12-10,UKX,RealGARCH,RealGARCH11-logRVscaled-studentt,1,0.009642048499,9.296909926e-05,-0.0241672241,-0.01905850256,-0.0152510293,-0.03034443168,-0.02486609684,-0.008062965133,0.0001087357017,True,
2020-12-14,2020-12-11,UKX,RealGARCH,RealGARCH11-logRVscaled-studentt,1,0.009940801156,9.881952762e-05,-0.02492250641,-0.01965549443,-0.01573004906,-0.03129111078,-0.02564303327,-0.002293824572,8.488127059e-05,True,
2020-12-15,2020-12-14,UKX,RealGARCH,RealGARCH11-logRVscaled-studentt,1,0.009580893246,9.17935154e-05,-0.02401261634,-0.01893629716,-0.01515297301,-0.03015064462,-0.02470705643,-0.002836316005,8.274015019e-05,True,
2020-12-16,2020-12-15,UKX,RealGARCH,RealGARCH11-logRVscaled-studentt,1,0.009334721322,8.713702216e-05,-0.02339026438,-0.01844437639,-0.01475826116,-0.02937058187,-0.0240668615,0.008804584214,9.426210117e-05,True,
2020-12-17,2020-12-16,UKX,RealGARCH,RealGARCH11-logRVscaled-studentt,1,0.009465167677,8.958939914e-05,-0.02372004831,-0.01870504491,-0.01496741873,-0.02978393665,-0.02440610041,-0.003017805064,4.091721099e-05,True,
2020-12-18,2020-12-17,UKX,RealGARCH,RealGARCH11-logRVscaled-studentt,1,0.007956349459,6.330349671e-05,-0.01990557609,-0.01569000158,-0.01254818085,-0.02500283547,-0.02048226638,-0.003348535274,0.0001008069927,True,
2020-12-21,2020-12-18,UKX,RealGARCH,RealGARCH11-logRVscaled-studentt,1,0.00878885994,7.724405904e-05,-0.02201026177,-0.01735359176,-0.01388302747,-0.02764087152,-0.02264729389,-0.01744285698,0.0003907412699,True,
2020-12-23,2020-12-21,UKX,RealGARCH,RealGARCH11-logRVscaled-studentt,1,0.01246806953,0.0001554527579,-0.03131174197,-0.02470568773,-0.01978226908,-0.03929944849,-0.03221544971,0.012314187,6.566844119e-05,True,
2020-12-24,2020-12-23,UKX,RealGARCH,RealGARCH11-logRVscaled-studentt,1,0.01027578403,0.0001055917374,-0.02576938302,-0.02032488445,-0.01626716031,-0.03235259518,-0.02651419002,0.0009694325299,,True,
2020-12-29,2020-12-24,UKX,RealGARCH,RealGARCH11-logRVscaled-studentt,1,0.0102330265,0.0001047148313,-0.02566128689,-0.02023944288,-0.01619860293,-0.03221710632,-0.02640299476,0.0153534691,0.0001069186676,True,RV_imputed_in_recursion
2020-12-30,2020-12-29,UKX,RealGARCH,RealGARCH11-logRVscaled-studentt,1,0.01023710452,0.0001047983089,-0.02567159661,-0.02024759191,-0.01620514162,-0.03223002863,-0.02641360006,-0.007128561555,9.387229521e-05,True,
2020-12-31,2020-12-30,UKX,RealGARCH,RealGARCH11-logRVscaled-studentt,1,0.009953859368,9.907931632e-05,-0.02495551913,-0.01968158841,-0.01575098658,-0.03133248928,-0.02567699247,-0.01464341009,,True,
2021-01-04,2020-12-31,UKX,RealGARCH,RealGARCH11-logRVscaled-studentt,1,0.009915618255,9.831948537e-05,-0.02485884104,-0.0196051719,-0.01568967081,-0.03121131191,-0.02557754259,0.0170962549,0.0002050500025,True,RV_imputed_in_recursion
2021-01-05,2021-01-04,UKX,RealGARCH,RealGARCH11-logRVscaled-studentt,1,0.01158873045,0.0001342986734,-0.02908866799,-0.02294852082,-0.01837233752,-0.03651302326,-0.02992863968,0.006128552411,0.0001696540527,True,
2021-01-06,2021-01-05,UKX,RealGARCH,RealGARCH11-logRVscaled-studentt,1,0.01212704478,0.0001470652152,-0.03044959077,-0.02402422432,-0.01923547028,-0.03821881875,-0.03132858044,0.03413393503,0.0001942623577,True,
2021-01-07,2021-01-06,UKX,RealGARCH,RealGARCH11-logRVscaled-studentt,1,0.0128082107,0.0001640502614,-0.03217165937,-0.02538538548,-0.02032765115,-0.04037727835,-0.03310002114,0.002204571787,0.0001861565642,True,
2021-01-08,2021-01-07,UKX,RealGARCH,RealGARCH11-logRVscaled-studentt,1,0.01308112944,0.0001711159475,-0.03286163046,-0.02593075392,-0.02076524883,-0.04124209567,-0.03380977387,0.002374283576,8.2372665e-05,True,
2021-01-11,2021-01-08,UKX,RealGARCH,RealGARCH11-logRVscaled-studentt,1,0.01108613811,0.0001229024583,-0.0278180547,-0.02194419992,-0.01756648139,-0.03492042266,-0.0286215976,-0.01094231226,0.0001395942546,True,
2021-01-12,2021-01-11,UKX,RealGARCH,RealGARCH11-logRVscaled-studentt,1,0.01134113463,0.0001286213346,-0.02846271626,-0.0224537547,-0.01797534258,-0.03572844851,-0.02928474176,-0.006552257209,7.070205111e-05,True,
2021-01-13,2021-01-12,UKX,RealGARCH,RealGARCH11-logRVscaled-studentt,1,0.009906919126,9.814704656e-05,-0.0248368486,-0.0195877886,-0.01567572264,-0.03118374635,-0.02555491963,-0.001274126508,4.843668562e-05,True,
2021-01-14,2021-01-13,UKX,RealGARCH,RealGARCH11-logRVscaled-studentt,1,0.008465192583,7.165948547e-05,-0.02119199213,-0.01670681331,-0.0133640595,-0.0266152434,-0.02180556427,0.008341070688,4.673106339e-05,True,
2021-01-15,2021-01-14,UKX,RealGARCH,RealGARCH11-logRVscaled-studentt,1,0.007697066112,5.924482673e-05,-0.0192500769,-0.0151718805,-0.01213244615,-0.02418122562,-0.01980797387,-0.009794918504,0.0001226751949,True,
2021-01-18,2021-01-15,UKX,RealGARCH,RealGARCH11-logRVscaled-studentt,1,0.009004756186,8.108563397e-05,-0.0225560732,-0.01778501321,-0.01422919533,-0.02832499753,-0.02320875387,-0.00222942329,3.228776477e-05,True,
2021-01-19,2021-01-18,UKX,RealGARCH,RealGARCH11-logRVscaled-studentt,1,0.007350778336,5.403394215e-05,-0.01837462014,-0.01447990009,-0.01157720862,-0.02308391855,-0.01890741756,-0.001146399835,6.164174007e-05,True,
2021-01-20,2021-01-19,UKX,RealGARCH,RealGARCH11-logRVscaled-studentt,1,0.007558214635,5.712660846e-05,-0.01889904382,-0.01489441618,-0.01190981181,-0.02374123692,-0.01944687659,0.004073310848,9.196848685e-05,True,
2021-01-21,2021-01-20,UKX,RealGARCH,RealGARCH11-logRVscaled-studentt,1,0.008373208746,7.01106247e-05,-0.02095944603,-0.01652300373,-0.01321657269,-0.02632376758,-0.02156635102,-0.003715874066,6.391603381e-05,True,
2021-01-22,2021-01-21,UKX,RealGARCH,RealGARCH11-logRVscaled-studentt,1,0.008189283563,6.706436527e-05,-0.02049446126,-0.01615546946,-0.0129216672,-0.02574095058,-0.02108803502,-0.00302745155,7.229570093e-05,True,
2021-01-25,2021-01-22,UKX,RealGARCH,RealGARCH11-logRVscaled-studentt,1,0.008308378902,6.902915998e-05,-0.02079554846,-0.01639345546,-0.01311262457,-0.02611833658,-0.02139775447,-0.008429657836,0.0001397258961,True,
2021-01-26,2021-01-25,UKX,RealGARCH,RealGARCH11-logRVscaled-studentt,1,0.009664641231,9.340529012e-05,-0.02422434122,-0.01910364919,-0.01528725446,-0.0304160229,-0.02492485151,0.002271905244,7.610988085e-05,True,
2021-01-27,2021-01-26,UKX,RealGARCH,RealGARCH11-logRVscaled-studentt,1,0.009211219892,8.484657191e-05,-0.02307803805,-0.01819758578,-0.01456023907,-0.02897923398,-0.02374568357,-0.01310017655,0.000207189945,True,
2021-01-28,2021-01-27,UKX,RealGARCH,RealGARCH11-logRVscaled-studentt,1,0.01114921971,0.0001243051001,-0.02797753248,-0.02207025469,-0.01766762636,-0.03512031386,-0.02878564765,-0.00629312682,0.0002660195383,True,
2021-01-29,2021-01-28,UKX,RealGARCH,RealGARCH11-logRVscaled-studentt,1,0.01308828452,0.0001713031918,-0.03287971936,-0.02594505178,-0.02077672128,-0.04126476848,-0.03382838138,-0.01835569497,0.0002276717243,True,
2021-02-01,2021-01-29,UKX,RealGARCH,RealGARCH11-logRVscaled-studentt,1,0.01383126264,0.0001913038263,-0.03475805656,-0.02742973111,-0.02196801178,-0.04361909687,-0.03576057095,0.009150345026,0.0001123894886,True,
2021-02-02,2021-02-01,UKX,RealGARCH,RealGARCH11-logRVscaled-studentt,1,0.01223355715,0.0001496599205,-0.03071886672,-0.024237066,-0.01940625211,-0.03855633216,-0.03160557658,0.007748618481,7.545426802e-05,True,
2021-02-03,2021-02-02,UKX,RealGARCH,RealGARCH11-logRVscaled-studentt,1,0.01047962098,0.0001098224558,-0.02628470711,-0.02073220803,-0.01659399231,-0.03299850804,-0.02704428859,-0.00136671525,5.531801442e-05,True,
2021-02-04,2021-02-03,UKX,RealGARCH,RealGARCH11-logRVscaled-studentt,1,0.008989332633,8.080810118e-05,-0.02251708062,-0.01775419261,-0.01420446522,-0.02827612381,-0.02316864336,-0.0006301518097,9.277494441e-05,True,
2021-02-05,2021-02-04,UKX,RealGARCH,RealGARCH11-logRVscaled-studentt,1,0.009237085006,8.532373941e-05,-0.02314342814,-0.01824927156,-0.01460171117,-0.02906119463,-0.02381294841,-0.002216639097,9.542478181e-05,True,
2021-02-08,2021-02-05,UKX,RealGARCH,RealGARCH11-logRVscaled-studentt,1,0.009435166075,8.902235886e-05,-0.02364420068,-0.01864509327,-0.01491931419,-0.02968886841,-0.02432807821,0.005256405118,4.727597494e-05,True,
2021-02-09,2021-02-08,UKX,RealGARCH,RealGARCH11-logRVscaled-studentt,1,0.008195609911,6.716802181e-05,-0.02051045502,-0.01616811128,-0.01293181086,-0.02576099733,-0.02110448733,0.001240909526,5.419739121e-05,True,
2021-02-10,2021-02-09,UKX,RealGARCH,RealGARCH11-logRVscaled-studentt,1,0.007807449216,6.095626327e-05,-0.01952913854,-0.015392457,-0.01230943433,-0.02453100453,-0.02009503627,-0.001102971313,0.0001446676747,True,
2021-02-11,2021-02-10,UKX,RealGARCH,RealGARCH11-logRVscaled-studentt,1,0.009407382584,8.849884708e-05,-0.02357396071,-0.01858957403,-0.01487476616,-0.02960082886,-0.02425582444,0.0006588922361,4.544287654e-05,True,
2021-02-12,2021-02-11,UKX,RealGARCH,RealGARCH11-logRVscaled-studentt,1,0.008112183803,6.580752606e-05,-0.02029954388,-0.01600140245,-0.01279804551,-0.02549663901,-0.02088752932,0.009315097276,5.932510649e-05,True,
2021-02-15,2021-02-12,UKX,RealGARCH,RealGARCH11-logRVscaled-studentt,1,0.00791723327,6.268258266e-05,-0.01980668571,-0.01561183643,-0.01248546199,-0.02487888518,-0.02038054078,0.02492284555,9.445693095e-05,True,
2021-02-16,2021-02-15,UKX,RealGARCH,RealGARCH11-logRVscaled-studentt,1,0.008641783189,7.468041669e-05,-0.02163843422,-0.01705969103,-0.01364720473,-0.0271748188,-0.02226480596,-0.001066300879,9.833672008e-05,True,
2021-02-17,2021-02-16,UKX,RealGARCH,RealGARCH11-logRVscaled-studentt,1,0.00915209735,8.376088591e-05,-0.02292856922,-0.01807944231,-0.01446544203,-0.02879188811,-0.02359192943,-0.005646458568,0.0001248590255,True,
2021-02-18,2021-02-17,UKX,RealGARCH,RealGARCH11-logRVscaled-studentt,1,0.009951617336,9.90346876e-05,-0.024949851,-0.0196771082,-0.01574739171,-0.03132538479,-0.02567116183,-0.01406070633,0.0001208513812,True,
2021-02-19,2021-02-18,UKX,RealGARCH,RealGARCH11-logRVscaled-studentt,1,0.01035172743,0.0001071582608,-0.025961377,-0.02047664075,-0.01638892791,-0.03259324253,-0.02671168852,0.001027067864,6.863655084e-05,True,
2021-02-22,2021-02-19,UKX,RealGARCH,RealGARCH11-logRVscaled-studentt,1,0.009356771607,8.75491749e-05,-0.02344601013,-0.01848843906,-0.01479361656,-0.0294404542,-0.02412420549,-0.001782960057,0.0001370749514,True,
2021-02-23,2021-02-22,UKX,RealGARCH,RealGARCH11-logRVscaled-studentt,1,0.01028104106,0.0001056998052,-0.02578267342,-0.02033538948,-0.01627558943,-0.03236925352,-0.02652786146,0.002069739886,0.0002914858024,True,
2021-02-24,2021-02-23,UKX,RealGARCH,RealGARCH11-logRVscaled-studentt,1,0.01276321509,0.0001628996593,-0.03205790509,-0.02529547158,-0.02025550521,-0.04023469749,-0.0329830055,0.004983126217,0.0001340953991,True,
2021-02-25,2021-02-24,UKX,RealGARCH,RealGARCH11-logRVscaled-studentt,1,0.01215729734,0.0001477998785,-0.03052607283,-0.02408467743,-0.01928397719,-0.03831468219,-0.03140725525,-0.001051761798,0.0001202901027,True,
2021-02-26,2021-02-25,UKX,RealGARCH,RealGARCH11-logRVscaled-studentt,1,0.01155722515,0.0001335694533,-0.02900901886,-0.02288556438,-0.01832182196,-0.03641319016,-0.02984670699,-0.02567251233,0.0002703297849,True,
2021-03-01,2021-02-26,UKX,RealGARCH,RealGARCH11-logRVscaled-studentt,1,0.01339884826,0.0001795291348,-0.03366486149,-0.02656564551,-0.02127467892,-0.04224887422,-0.03463603372,0.016080656,8.459287625e-05,True,
2021-03-02,2021-03-01,UKX,RealGARCH,RealGARCH11-logRVscaled-studentt,1,0.01129998638,0.0001276896922,-0.02835868859,-0.02237152893,-0.01790936552,-0.03559805909,-0.0291777316,0.003832640728,0.0001240650514,True,
2021-03-03,2021-03-02,UKX,RealGARCH,RealGARCH11-logRVscaled-studentt,1,0.01117207469,0.0001248152529,-0.02803531261,-0.02211592539,-0.01770427203,-0.0351927361,-0.02884508435,0.009285762117,0.0001000226623,True,
2021-03-04,2021-03-03,UKX,RealGARCH,RealGARCH11-logRVscaled-studentt,1,0.0105939623,0.0001122320372,-0.0265737756,-0.02096069417,-0.01677732709,-0.03336082964,-0.02734164473,-0.003691938727,0.0001452382426,True,
2021-03-05,2021-03-04,UKX,RealGARCH,RealGARCH11-logRVscaled-studentt,1,0.01115438354,0.0001244202722,-0.02799058727,-0.02208057349,-0.01767590605,-0.03513667688,-0.02879907672,-0.003071952986,0.0001994564248,True,
2021-03-08,2021-03-05,UKX,RealGARCH,RealGARCH11-logRVscaled-studentt,1,0.01229747491,0.0001512278891,-0.03088045843,-0.02436479166,-0.01950873779,-0.03875887298,-0.03177180117,0.01327401544,0.0001725530752,True,
2021-03-09,2021-03-08,UKX,RealGARCH,RealGARCH11-logRVscaled-studentt,1,0.01257968853,0.0001582485634,-0.03159392808,-0.02492873388,-0.01996123888,-0.03965314364,-0.03250572616,0.001665458633,7.245427483e-05,True,
2021-03-10,2021-03-09,UKX,RealGARCH,RealGARCH11-logRVscaled-studentt,1,0.01054982503,0.0001112988082,-0.02646219132,-0.02087249548,-0.01670655743,-0.03322096869,-0.02722686131,-0.0006985348026,8.56114692e-05,True,
2021-03-11,2021-03-10,UKX,RealGARCH,RealGARCH11-logRVscaled-studentt,1,0.009920979475,9.842583375e-05,-0.02487239484,-0.01961588513,-0.01569826699,-0.03122830039,-0.02559148499,0.001693566568,5.4476165e-05,True,
2021-03-12,2021-03-11,UKX,RealGARCH,RealGARCH11-logRVscaled-studentt,1,0.008690982046,7.553316892e-05,-0.02176281479,-0.01715800419,-0.01372609013,-0.02733071877,-0.02239275255,0.003630036953,7.148955485e-05,True,
2021-03-15,2021-03-12,UKX,RealGARCH,RealGARCH11-logRVscaled-studentt,1,0.008566385485,7.338296028e-05,-0.02144781985,-0.0169090252,-0.01352631211,-0.02693590066,-0.02206872662,-0.001746670589,6.338587367e-05,True,
2021-03-16,2021-03-15,UKX,RealGARCH,RealGARCH11-logRVscaled-studentt,1,0.008278668544,6.853635286e-05,-0.02072043714,-0.0163340858,-0.01306498701,-0.02602419122,-0.02132048968,0.007953809919,5.473888347e-05,True,
2021-03-17,2021-03-16,UKX,RealGARCH,RealGARCH11-logRVscaled-studentt,1,0.007868269602,6.190966653e-05,-0.01968289972,-0.01551399324,-0.01240695368,-0.02472373047,-0.02025320582,-0.006029650831,5.880776938e-05,True,
2021-03-18,2021-03-17,UKX,RealGARCH,RealGARCH11-logRVscaled-studentt,1,0.007769342709,6.036268613e-05,-0.01943280075,-0.01531630948,-0.01224833439,-0.02441025369,-0.01999593645,0.002510634517,6.869905848e-05,True,
2021-03-19,2021-03-18,UKX,RealGARCH,RealGARCH11-logRVscaled-studentt,1,0.007980040134,6.368104054e-05,-0.01996546894,-0.01573734222,-0.01258616646,-0.02507790582,-0.02054387637,-0.01052766135,0.0002380117919,True,
2021-03-22,2021-03-19,UKX,RealGARCH,RealGARCH11-logRVscaled-studentt,1,0.01061038217,0.0001125802098,-0.02661528699,-0.02099350569,-0.0168036547,-0.03341286046,-0.02738434626,0.002590274861,7.875465962e-05,True,
2021-03-23,2021-03-22,UKX,RealGARCH,RealGARCH11-logRVscaled-studentt,1,0.009773633545,9.552391268e-05,-0.02449988677,-0.0193214465,-0.01546201265,-0.03076139471,-0.02520829703,-0.004007350065,6.884386584e-05,True,
2021-03-24,2021-03-23,UKX,RealGARCH,RealGARCH11-logRVscaled-studentt,1,0.009068846299,8.224397319e-05,-0.02271810065,-0.01791308328,-0.01433195736,-0.0285280845,-0.02337542667,0.002042888387,5.243212598e-05,True,
2021-03-25,2021-03-24,UKX,RealGARCH,RealGARCH11-logRVscaled-studentt,1,0.008199760821,6.723607751e-05,-0.02052094901,-0.01617640597,-0.01293846643,-0.02577415062,-0.02111528219,-0.005691821701,0.000125883594,True,
2021-03-26,2021-03-25,UKX,RealGARCH,RealGARCH11-logRVscaled-studentt,1,0.00937920668,8.796951794e-05,-0.02350272867,-0.01853327065,-0.01482958894,-0.02951154584,-0.02418255016,0.009809744196,4.609593444e-05,True,
2021-03-29,2021-03-26,UKX,RealGARCH,RealGARCH11-logRVscaled-studentt,1,0.008123833949,6.599667803e-05,-0.02032899684,-0.01602468272,-0.01281672535,-0.02553355566,-0.02091782669,-0.0006529596137,6.208640595e-05,True,
2021-03-30,2021-03-29,UKX,RealGARCH,RealGARCH11-logRVscaled-studentt,1,0.008002270391,6.40363314e-05,-0.02002166968,-0.01578176452,-0.01262181044,-0.02514834844,-0.02060168839,0.005315248661,3.841521151e-05,True,
2021-03-31,2021-03-30,UKX,RealGARCH,RealGARCH11-logRVscaled-studentt,1,0.007149385694,5.11137158e-05,-0.01786547555,-0.01407746093,-0.01125429582,-0.02244575115,-0.01838367568,-0.008675910942,5.994606778e-05,True,
2021-04-01,2021-03-31,UKX,RealGARCH,RealGARCH11-logRVscaled-studentt,1,0.007397536341,5.472354391e-05,-0.01849282995,-0.01457333574,-0.01165218036,-0.02323208402,-0.01902901647,0.003523887873,4.055420224e-05,True,
2021-04-06,2021-04-01,UKX,RealGARCH,RealGARCH11-logRVscaled-studentt,1,0.00692519948,4.795838783e-05,-0.01729870609,-0.01362947379,-0.01089483583,-0.02173535612,-0.0178006568,0.01272798394,7.694168733e-05,True,
2021-04-07,2021-04-06,UKX,RealGARCH,RealGARCH11-logRVscaled-studentt,1,0.007672920383,5.88737072e-05,-0.01918903362,-0.01512363054,-0.01209373091,-0.0241047133,-0.01974518046,0.009001469709,5.896091513e-05,True,
2021-04-08,2021-04-07,UKX,RealGARCH,RealGARCH11-logRVscaled-studentt,1,0.007665961181,5.876696083e-05,-0.01917143993,-0.0151097241,-0.01208257253,-0.02408266118,-0.01972708236,0.00823007936,4.875437892e-05,True,
2021-04-09,2021-04-08,UKX,RealGARCH,RealGARCH11-logRVscaled-studentt,1,0.007352049213,5.405262763e-05,-0.01837783307,-0.01448243966,-0.01157924634,-0.02308794567,-0.01891072261,-0.003810134498,4.354642174e-05,True,
2021-04-12,2021-04-09,UKX,RealGARCH,RealGARCH11-logRVscaled-studentt,1,0.007009118394,4.912774066e-05,-0.0175108631,-0.0137971674,-0.01102939135,-0.02200127604,-0.01801889641,-0.003868154131,4.38337251e-05,True,
2021-04-13,2021-04-12,UKX,RealGARCH,RealGARCH11-logRVscaled-studentt,1,0.006835404414,4.67227535e-05,-0.01707169347,-0.01345003799,-0.0107508585,-0.02145081601,-0.01756713567,0.0002031847071,6.086506592e-05,True,
2021-04-14,2021-04-13,UKX,RealGARCH,RealGARCH11-logRVscaled-studentt,1,0.007239224264,5.240636795e-05,-0.01809259816,-0.01425698367,-0.01139834291,-0.02273042911,-0.01861730994,0.007100498759,3.110226164e-05,True,
2021-04-15,2021-04-14,UKX,RealGARCH,RealGARCH11-logRVscaled-studentt,1,0.006459086068,4.171979283e-05,-0.01612031585,-0.01269804805,-0.01014746997,-0.02025834891,-0.01658848184,0.006306073672,3.374044094e-05,True,
2021-04-16,2021-04-15,UKX,RealGARCH,RealGARCH11-logRVscaled-studentt,1,0.006171003348,3.808128232e-05,-0.01539200841,-0.01212237772,-0.00968555838,-0.0193454804,-0.01583929366,0.005141766666,4.688045347e-05,True,
2021-04-19,2021-04-16,UKX,RealGARCH,RealGARCH11-logRVscaled-studentt,1,0.006462396131,4.176256376e-05,-0.01612868409,-0.01270466249,-0.01015277733,-0.02026883775,-0.01659708999,-0.002767541763,4.568334785e-05,True,
2021-04-20,2021-04-19,UKX,RealGARCH,RealGARCH11-logRVscaled-studentt,1,0.006592944009,4.34669107e-05,-0.01645872467,-0.01296553388,-0.01036209769,-0.02068251423,-0.01693659292,-0.02023159858,7.932492952e-05,True,
2021-04-21,2021-04-20,UKX,RealGARCH,RealGARCH11-logRVscaled-studentt,1,0.007515922414,5.648908973e-05,-0.01879212405,-0.01480990443,-0.0118420005,-0.02360722251,-0.0193368914,0.005147141722,6.858160966e-05,True,
2021-04-22,2021-04-21,UKX,RealGARCH,RealGARCH11-logRVscaled-studentt,1,0.007831520499,6.133271333e-05,-0.01958999361,-0.0154405582,-0.0123480302,-0.02460728094,-0.02015763607,0.00620241118,4.22164192e-05,True,
2021-04-23,2021-04-22,UKX,RealGARCH,RealGARCH11-logRVscaled-studentt,1,0.007210613701,5.199294995e-05,-0.01802026725,-0.01419981171,-0.01135246876,-0.02263976876,-0.01854290529,5.763619735e-05,4.341824744e-05,True,
2021-04-26,2021-04-23,UKX,RealGARCH,RealGARCH11-logRVscaled-studentt,1,0.00692947836,4.801767034e-05,-0.01730952361,-0.0136380242,-0.01090169659,-0.02174891491,-0.01781178446,0.003524752371,4.691560346e-05,True,
2021-04-27,2021-04-26,UKX,RealGARCH,RealGARCH11-logRVscaled-studentt,1,0.006893202118,4.751623544e-05,-0.01721781295,-0.01356553406,-0.01084353129,-0.02163396377,-0.01771744443,-0.002602815351,4.270589615e-05,True,
2021-04-28,2021-04-27,UKX,RealGARCH,RealGARCH11-logRVscaled-studentt,1,0.006734143605,4.53486901e-05,-0.01681569408,-0.0132476904,-0.010588497,-0.02112994358,-0.01730379672,0.002688994084,3.86095338e-05,True,
2021-04-29,2021-04-28,UKX,RealGARCH,RealGARCH11-logRVscaled-studentt,1,0.006503324927,4.229323511e-05,-0.01623215696,-0.01278644974,-0.01021840252,-0.02039853177,-0.01670352946,-0.0003160019228,5.078855584e-05,True,
2021-04-30,2021-04-29,UKX,RealGARCH,RealGARCH11-logRVscaled-studentt,1,0.006770178575,4.583531794e-05,-0.01690679478,-0.01331969841,-0.01064627544,-0.02124413019,-0.0173975093,0.001191533611,6.26618969e-05,True,
2021-05-04,2021-04-30,UKX,RealGARCH,RealGARCH11-logRVscaled-studentt,1,0.007246454097,5.251109698e-05,-0.01811087604,-0.01427143091,-0.01140993522,-0.02275333881,-0.01863611185,-0.006708383324,0.0001496895271,True,
2021-05-05,2021-05-04,UKX,RealGARCH,RealGARCH11-logRVscaled-studentt,1,0.009092987379,8.268241947e-05,-0.02277913217,-0.01796132395,-0.01437066515,-0.02860458208,-0.02343820799,0.01663058705,2.838482243e-05,True,
2021-05-06,2021-05-05,UKX,RealGARCH,RealGARCH11-logRVscaled-studentt,1,0.007186637561,5.164775943e-05,-0.01795965271,-0.01415190064,-0.01131402543,-0.02256379383,-0.01848055291,0.005228362305,5.865562983e-05,True,
2021-05-07,2021-05-06,UKX,RealGARCH,RealGARCH11-logRVscaled-studentt,1,0.007383913627,5.452218045e-05,-0.01845839011,-0.01454611373,-0.01163033772,-0.02318891674,-0.01899358923,0.007532117144,6.352206527e-05,True,
2021-05-10,2021-05-07,UKX,RealGARCH,RealGARCH11-logRVscaled-studentt,1,0.007626754573,5.816738532e-05,-0.01907232095,-0.01503137826,-0.01201970869,-0.02395842437,-0.01962512162,-0.0008419044144,4.546595139e-05,True,
2021-05-11,2021-05-10,UKX,RealGARCH,RealGARCH11-logRVscaled-studentt,1,0.007220732864,5.213898309e-05,-0.0180458497,-0.01422003265,-0.01136869382,-0.02267183408,-0.01856922119,-0.02497343236,0.0002044315693,True,
2021-05-12,2021-05-11,UKX,RealGARCH,RealGARCH11-logRVscaled-studentt,1,0.009710998516,9.430349218e-05,-0.02434153796,-0.01919628409,-0.0153615837,-0.03056291857,-0.02504540831,0.008113241701,0.0001226986747,True,
2021-05-13,2021-05-12,UKX,RealGARCH,RealGARCH11-logRVscaled-studentt,1,0.01024570331,0.0001049744363,-0.02569333538,-0.02026477471,-0.01621892892,-0.03225727624,-0.02643596208,-0.005913618174,0.0001617572335,True,
2021-05-14,2021-05-13,UKX,RealGARCH,RealGARCH11-logRVscaled-studentt,1,0.01120858876,0.000125632462,-0.02812762452,-0.02218889077,-0.01776281865,-0.03530844086,-0.02894004286,0.01146594511,4.814827673e-05,True,
2021-05-17,2021-05-14,UKX,RealGARCH,RealGARCH11-logRVscaled-studentt,1,0.009054081388,8.197638977e-05,-0.02268077319,-0.01788357884,-0.01430828332,-0.02848129786,-0.02333702903,-0.001520292411,6.630725744e-05,True,
2021-05-18,2021-05-17,UKX,RealGARCH,RealGARCH11-logRVscaled-studentt,1,0.008621172132,7.432460894e-05,-0.02158632702,-0.01701850434,-0.01361415698,-0.02710950706,-0.02221120483,0.0001848700862,6.547734807e-05,True,
2021-05-19,2021-05-18,UKX,RealGARCH,RealGARCH11-logRVscaled-studentt,1,0.008366846269,7.00041165e-05,-0.02094336093,-0.01651028971,-0.0132063711,-0.02630360634,-0.02154980476,-0.0120135305,0.0001642880034,True,
2021-05-20,2021-05-19,UKX,RealGARCH,RealGARCH11-logRVscaled-studentt,1,0.01004986813,0.0001009998495,-0.02519824072,-0.01987344093,-0.01590492696,-0.03163671919,-0.02592667295,0.009964235627,6.763297485e-05,True,
2021-05-21,2021-05-20,UKX,RealGARCH,RealGARCH11-logRVscaled-studentt,1,0.009174847247,8.4177822e-05,-0.02298608367,-0.018124903,-0.0145019192,-0.02886397735,-0.02365109283,-0.0002421597276,6.712216689e-05,True,
2021-05-24,2021-05-21,UKX,RealGARCH,RealGARCH11-logRVscaled-studentt,1,0.008707923781,7.582793657e-05,-0.02180564552,-0.01719185854,-0.0137532545,-0.02738440327,-0.02243681124,0.00476201523,3.82111713e-05,True,
2021-05-25,2021-05-24,UKX,RealGARCH,RealGARCH11-logRVscaled-studentt,1,0.007484220574,5.60135576e-05,-0.01871197802,-0.01474655523,-0.01179116979,-0.0235067666,-0.01925444757,-0.00309632715,3.589125128e-05,True,
2021-05-26,2021-05-25,UKX,RealGARCH,RealGARCH11-logRVscaled-studentt,1,0.006787564005,4.607102512e-05,-0.01695074721,-0.01335443939,-0.01067415123,-0.02129922065,-0.01744272186,-0.0004126008383,5.678287885e-05,True,
2021-05-27,2021-05-26,UKX,RealGARCH,RealGARCH11-logRVscaled-studentt,1,0.007103069063,5.045359012e-05,-0.01774838159,-0.01398490727,-0.01118003178,-0.0222989843,-0.0182632246,-0.001025117478,4.997942199e-05,True,
2021-05-28,2021-05-27,UKX,RealGARCH,RealGARCH11-logRVscaled-studentt,1,0.007085304208,5.020153572e-05,-0.01770346992,-0.01394940809,-0.01115154762,-0.02224269152,-0.0182170253,0.0004130239321,4.033776562e-05,True,
2021-06-01,2021-05-28,UKX,RealGARCH,RealGARCH11-logRVscaled-studentt,1,0.006753472808,4.560939496e-05,-0.0168645606,-0.01328631559,-0.01061948943,-0.02119119342,-0.01735406426,0.008210992888,5.136437482e-05,True,
2021-06-02,2021-06-01,UKX,RealGARCH,RealGARCH11-logRVscaled-studentt,1,0.006930531129,4.803226172e-05,-0.01731218513,-0.01364012793,-0.01090338459,-0.0217522509,-0.01781452229,0.003876383611,4.901261628e-05,True,
2021-06-03,2021-06-02,UKX,RealGARCH,RealGARCH11-logRVscaled-studentt,1,0.006959604549,4.843609548e-05,-0.01738568621,-0.0136982248,-0.01095000089,-0.02184437794,-0.01789013066,-0.006152837325,4.373068563e-05,True,
2021-06-04,2021-06-03,UKX,RealGARCH,RealGARCH11-logRVscaled-studentt,1,0.006805067044,4.630893748e-05,-0.01699499698,-0.01338941539,-0.01070221559,-0.0213546838,-0.01748824028,0.0006509542211,2.979819373e-05,True,
2021-06-07,2021-06-04,UKX,RealGARCH,RealGARCH11-logRVscaled-studentt,1,0.006183200223,3.8231965e-05,-0.01542284357,-0.01214675051,-0.00970511484,-0.01938412952,-0.01587101286,0.001159349621,6.280909877e-05,True,
2021-06-08,2021-06-07,UKX,RealGARCH,RealGARCH11-logRVscaled-studentt,1,0.006894063766,4.752811521e-05,-0.0172199913,-0.01356725588,-0.01084491286,-0.02163669413,-0.01771968524,0.002526041948,3.241992252e-05,True,
2021-06-09,2021-06-08,UKX,RealGARCH,RealGARCH11-logRVscaled-studentt,1,0.006343154733,4.023561197e-05,-0.01582722763,-0.01246638462,-0.009961585769,-0.01989098892,-0.0162869907,-0.001989278088,3.758999709e-05,True,
2021-06-10,2021-06-09,UKX,RealGARCH,RealGARCH11-logRVscaled-studentt,1,0.006254384515,3.911732566e-05,-0.01560280594,-0.01228899675,-0.009819251674,-0.01960969632,-0.01605613479,0.00101631645,3.490211798e-05,True,
2021-06-11,2021-06-10,UKX,RealGARCH,RealGARCH11-logRVscaled-studentt,1,0.006106378873,3.728786294e-05,-0.01522863004,-0.01199323984,-0.009581939551,-0.01914070016,-0.01567123119,0.006454660837,2.167938102e-05,True,
2021-06-14,2021-06-11,UKX,RealGARCH,RealGARCH11-logRVscaled-studentt,1,0.005433336003,2.952114012e-05,-0.01352709748,-0.01064831081,-0.008502783172,-0.01700798065,-0.01392091529,0.001764621031,3.574593415e-05,True,
2021-06-15,2021-06-14,UKX,RealGARCH,RealGARCH11-logRVscaled-studentt,1,0.005676742637,3.222540697e-05,-0.01414245845,-0.01113470575,-0.008893061166,-0.01777928082,-0.0145539188,0.003603529885,4.156409379e-05,True,
2021-06-16,2021-06-15,UKX,RealGARCH,RealGARCH11-logRVscaled-studentt,1,0.006010358365,3.612440768e-05,-0.01498587876,-0.01180136384,-0.009427980349,-0.01883643305,-0.01542152017,0.001741250658,3.567520049e-05,True,
2021-06-17,2021-06-16,UKX,RealGARCH,RealGARCH11-logRVscaled-studentt,1,0.006001411407,3.601693887e-05,-0.01496325978,-0.0117834853,-0.009413634803,-0.01880808218,-0.0153982527,-0.004407765075,4.266465356e-05,True,
2021-06-18,2021-06-17,UKX,RealGARCH,RealGARCH11-logRVscaled-studentt,1,0.006234186705,3.886508388e-05,-0.01555174347,-0.01224863585,-0.009786866524,-0.01954569407,-0.01600360835,-0.0191807252,9.759623022e-05,True,
2021-06-21,2021-06-18,UKX,RealGARCH,RealGARCH11-logRVscaled-studentt,1,0.007621701193,5.809032908e-05,-0.01905954541,-0.01502128019,-0.0120116061,-0.02394241136,-0.01961197979,0.006363720622,0.0001119497848,True,
2021-06-22,2021-06-21,UKX,RealGARCH,RealGARCH11-logRVscaled-studentt,1,0.008779389953,7.707768795e-05,-0.02198632052,-0.01733466806,-0.0138678433,-0.02761086329,-0.02262266624,0.003914590668,6.038987895e-05,True,
2021-06-23,2021-06-22,UKX,RealGARCH,RealGARCH11-logRVscaled-studentt,1,0.008304510496,6.896489457e-05,-0.02078576867,-0.01638572529,-0.01310642197,-0.02610607848,-0.02138769429,-0.002245099734,6.419032022e-05,True,
2021-06-24,2021-06-23,UKX,RealGARCH,RealGARCH11-logRVscaled-studentt,1,0.0081594942,6.65773456e-05,-0.0204191502,-0.01609594193,-0.01287390296,-0.02564655487,-0.02101056478,0.005062003005,5.038749342e-05,True,
2021-06-25,2021-06-24,UKX,RealGARCH,RealGARCH11-logRVscaled-studentt,1,0.007665930312,5.876648755e-05,-0.01917136189,-0.01510966241,-0.01208252303,-0.02408256336,-0.01972700208,0.00366417855,2.316773249e-05,True,
2021-06-28,2021-06-25,UKX,RealGARCH,RealGARCH11-logRVscaled-studentt,1,0.00625441681,3.911772963e-05,-0.01560288758,-0.01228906129,-0.009819303456,-0.01960979866,-0.01605621878,-0.008881704312,5.048408747e-05,True,
2021-06-29,2021-06-28,UKX,RealGARCH,RealGARCH11-logRVscaled-studentt,1,0.006616388215,4.377659301e-05,-0.01651799442,-0.013012382,-0.01039968811,-0.02075680357,-0.01699756195,0.002062074075,5.083399381e-05,True,
2021-06-30,2021-06-29,UKX,RealGARCH,RealGARCH11-logRVscaled-studentt,1,0.006836617342,4.673933668e-05,-0.01707475989,-0.01345246176,-0.01075280331,-0.0214546595,-0.01757029001,-0.007093798663,0.0001036733147,True,
2021-07-01,2021-06-30,UKX,RealGARCH,RealGARCH11-logRVscaled-studentt,1,0.008128291134,6.606911676e-05,-0.02034026513,-0.01603358943,-0.01282387199,-0.02554767947,-0.02092941805,0.01238482984,9.381433334e-05,True,
2021-07-02,2021-07-01,UKX,RealGARCH,RealGARCH11-logRVscaled-studentt,1,0.008755963055,7.666688901e-05,-0.02192709453,-0.01728785453,-0.01383028063,-0.02753662878,-0.02256174222,-0.000266749484,4.262707085e-05,True,
2021-07-05,2021-07-02,UKX,RealGARCH,RealGARCH11-logRVscaled-studentt,1,0.00768766972,5.910026573e-05,-0.0192263217,-0.01515310387,-0.01211737998,-0.02415145059,-0.0197835376,0.005823016951,3.217973588e-05,True,
2021-07-06,2021-07-05,UKX,RealGARCH,RealGARCH11-logRVscaled-studentt,1,0.006727910498,4.526477967e-05,-0.01679993604,-0.0132352349,-0.01057850284,-0.02111019228,-0.0172875869,-0.008972567995,9.109645987e-05,True,
2021-07-07,2021-07-06,UKX,RealGARCH,RealGARCH11-logRVscaled-studentt,1,0.007833001373,6.135591051e-05,-0.01959373743,-0.0154435174,-0.01235040464,-0.02461197349,-0.02016148723,0.00703068429,5.48203105e-05,True,
2021-07-08,2021-07-07,UKX,RealGARCH,RealGARCH11-logRVscaled-studentt,1,0.007632631002,5.825705602e-05,-0.01908717726,-0.01504312102,-0.01202913095,-0.02397704544,-0.01964040386,-0.01696590521,0.0001903881255,True,
2021-07-09,2021-07-08,UKX,RealGARCH,RealGARCH11-logRVscaled-studentt,1,0.009861116515,9.724161892e-05,-0.02472105414,-0.01949626209,-0.01560228277,-0.03103860831,-0.02543580532,0.01288822814,8.325532614e-05,True,
2021-07-12,2021-07-09,UKX,RealGARCH,RealGARCH11-logRVscaled-studentt,1,0.009498163548,9.021511078e-05,-0.0238034658,-0.01877097994,-0.01502032428,-0.02988849305,-0.0244919095,0.0004913211792,6.233622466e-05,True,
2021-07-13,2021-07-12,UKX,RealGARCH,RealGARCH11-logRVscaled-studentt,1,0.008735455288,7.630817909e-05,-0.02187524845,-0.01724687424,-0.01379739849,-0.02747164434,-0.02250840971,-9.820380149e-05,4.68068565e-05,True,
2021-07-14,2021-07-13,UKX,RealGARCH,RealGARCH11-logRVscaled-studentt,1,0.00783533119,6.139241486e-05,-0.01959962749,-0.01544817303,-0.01235414026,-0.02461935615,-0.02016754616,-0.004713041185,5.472054326e-05,True,
2021-07-15,2021-07-14,UKX,RealGARCH,RealGARCH11-logRVscaled-studentt,1,0.007630870316,5.823018178e-05,-0.01908272604,-0.01503960268,-0.01202630787,-0.02397146622,-0.01963582502,-0.01123163913,0.0001099171565,True,
2021-07-16,2021-07-15,UKX,RealGARCH,RealGARCH11-logRVscaled-studentt,1,0.00875034064,7.656846131e-05,-0.02191288039,-0.01727661936,-0.01382126565,-0.02751881263,-0.02254712056,-0.0005563301365,8.575847859e-05,True,
2021-07-19,2021-07-16,UKX,RealGARCH,RealGARCH11-logRVscaled-studentt,1,0.008945702131,8.002558662e-05,-0.02240677752,-0.01766700659,-0.01413450811,-0.02813786869,-0.02305517784,-0.02363585157,0.0001779146642,True,
2021-07-20,2021-07-19,UKX,RealGARCH,RealGARCH11-logRVscaled-studentt,1,0.01061240413,0.0001126231215,-0.02662039876,-0.02099754614,-0.01680689672,-0.03341926761,-0.02738960458,0.005347751771,0.0001497205713,True,
2021-07-21,2021-07-20,UKX,RealGARCH,RealGARCH11-logRVscaled-studentt,1,0.01123915538,0.0001263186136,-0.02820490057,-0.02224997147,-0.01781182914,-0.03540529951,-0.02901953444,0.01688869743,9.191283606e-05,True,
2021-07-22,2021-07-21,UKX,RealGARCH,RealGARCH11-logRVscaled-studentt,1,0.01043570711,0.0001089039829,-0.02617368762,-0.02064445577,-0.01652358085,-0.03285935499,-0.02693008614,-0.004295969953,7.32609226e-05,True,
2021-07-23,2021-07-22,UKX,RealGARCH,RealGARCH11-logRVscaled-studentt,1,0.009532971237,9.087754061e-05,-0.02389146379,-0.0188405355,-0.0150761349,-0.02999879069,-0.02458243041,0.008474002853,4.073088657e-05,True,
2021-07-26,2021-07-23,UKX,RealGARCH,RealGARCH11-logRVscaled-studentt,1,0.007980030086,6.368088018e-05,-0.01996544354,-0.01573732214,-0.01258615035,-0.02507787399,-0.02054385024,-0.0003131283026,4.037968407e-05,True,
2021-07-27,2021-07-26,UKX,RealGARCH,RealGARCH11-logRVscaled-studentt,1,0.007216132212,5.20725641e-05,-0.0180342187,-0.01421083925,-0.01136131713,-0.02265725566,-0.01855725673,-0.004179274207,9.831995503e-05,True,
2021-07-28,2021-07-27,UKX,RealGARCH,RealGARCH11-logRVscaled-studentt,1,0.008279893912,6.855664319e-05,-0.02072353501,-0.01633653443,-0.01306695176,-0.02602807413,-0.02132367638,0.00292591925,4.873078135e-05,True,
2021-07-29,2021-07-28,UKX,RealGARCH,RealGARCH11-logRVscaled-studentt,1,0.007672593655,5.886869339e-05,-0.01918820761,-0.01512297765,-0.01209320703,-0.02410367798,-0.01974433077,0.008769095426,4.740926785e-05,True,
2021-07-30,2021-07-29,UKX,RealGARCH,RealGARCH11-logRVscaled-studentt,1,0.00731099562,5.345065696e-05,-0.0182740447,-0.01440040303,-0.01151342104,-0.02295785619,-0.0188039586,-0.006534085761,7.819556948e-05,True,
2021-08-02,2021-07-30,UKX,RealGARCH,RealGARCH11-logRVscaled-studentt,1,0.007935249084,6.296817803e-05,-0.01985223183,-0.0156478371,-0.01251434853,-0.02493597319,-0.02042739272,0.007000225554,6.340388296e-05,True,
2021-08-03,2021-08-02,UKX,RealGARCH,RealGARCH11-logRVscaled-studentt,1,0.007934701689,6.295949089e-05,-0.01985084795,-0.01564674325,-0.01251347084,-0.02493423862,-0.02042596917,0.003383286893,5.15701065e-05,True,
2021-08-04,2021-08-03,UKX,RealGARCH,RealGARCH11-logRVscaled-studentt,1,0.007586073554,5.754851196e-05,-0.01896947449,-0.01495008614,-0.01195448077,-0.02382951549,-0.01951932652,0.002558008208,4.004122438e-05,True,
2021-08-05,2021-08-04,UKX,RealGARCH,RealGARCH11-logRVscaled-studentt,1,0.007003261092,4.904566592e-05,-0.01749605515,-0.01378546286,-0.01101999976,-0.02198271558,-0.0180036639,-0.0004914246567,3.115559173e-05,True,
2021-08-06,2021-08-05,UKX,RealGARCH,RealGARCH11-logRVscaled-studentt,1,0.006343675645,4.024222068e-05,-0.01582854455,-0.01246742555,-0.009962420998,-0.01989263957,-0.01628834539,0.0003650951383,2.02674012e-05,True,
2021-08-09,2021-08-06,UKX,RealGARCH,RealGARCH11-logRVscaled-studentt,1,0.005468959448,2.990951744e-05,-0.01361715779,-0.01071949648,-0.008559901773,-0.01712086323,-0.01401355765,0.001304750717,2.836284517e-05,True,
2021-08-10,2021-08-09,UKX,RealGARCH,RealGARCH11-logRVscaled-studentt,1,0.005418015412,2.935489101e-05,-0.0134883652,-0.01061769596,-0.008478218149,-0.01695943319,-0.01388107255,0.004015900312,1.927508448e-05,True,
2021-08-11,2021-08-10,UKX,RealGARCH,RealGARCH11-logRVscaled-studentt,1,0.004955963209,2.456157133e-05,-0.01232024218,-0.009694385653,-0.00773736403,-0.01549529502,-0.01267945916,0.008219180773,3.270064858e-05,True,
2021-08-12,2021-08-11,UKX,RealGARCH,RealGARCH11-logRVscaled-studentt,1,0.005290754077,2.79920787e-05,-0.01316663338,-0.01036339201,-0.00827416743,-0.01655617101,-0.0135501166,-0.00373265438,1.931431395e-05,True,
2021-08-13,2021-08-12,UKX,RealGARCH,RealGARCH11-logRVscaled-studentt,1,0.004893141052,2.394282935e-05,-0.01216142028,-0.009568849307,-0.007636635035,-0.01529622592,-0.01251608381,0.003538745886,1.827301051e-05,True,
2021-08-16,2021-08-13,UKX,RealGARCH,RealGARCH11-logRVscaled-studentt,1,0.004629304612,2.143046119e-05,-0.01149441033,-0.009041629866,-0.007213599906,-0.01446018835,-0.01182995052,-0.009003267468,5.844059437e-05,True,
2021-08-17,2021-08-16,UKX,RealGARCH,RealGARCH11-logRVscaled-studentt,1,0.00577924577,3.339968167e-05,-0.01440159858,-0.01133953585,-0.009057414605,-0.01810408989,-0.01482048854,0.003780947478,3.600835588e-05,True,
2021-08-18,2021-08-17,UKX,RealGARCH,RealGARCH11-logRVscaled-studentt,1,0.005884021673,3.462171104e-05,-0.01466648455,-0.01154890759,-0.0092254122,-0.01843610086,-0.01509296885,-0.001644594679,3.56461718e-05,True,
2021-08-19,2021-08-18,UKX,RealGARCH,RealGARCH11-logRVscaled-studentt,1,0.00592998058,3.516466967e-05,-0.01478267414,-0.01164074641,-0.009299102674,-0.01858173416,-0.01521248963,-0.01551877552,0.0001358564686,True,
2021-08-20,2021-08-19,UKX,RealGARCH,RealGARCH11-logRVscaled-studentt,1,0.007965326702,6.344642947e-05,-0.01992827163,-0.01570794064,-0.01256257496,-0.02503128231,-0.0205056126,0.004099872907,7.903246153e-05,True,
2021-08-23,2021-08-20,UKX,RealGARCH,RealGARCH11-logRVscaled-studentt,1,0.008341375345,6.957854264e-05,-0.0208789674,-0.01645939163,-0.01316553104,-0.02622289478,-0.02148356505,0.002972495923,3.015810668e-05,True,
2021-08-24,2021-08-23,UKX,RealGARCH,RealGARCH11-logRVscaled-studentt,1,0.006941259793,4.818108751e-05,-0.01733930848,-0.01366156682,-0.01092058692,-0.02178624759,-0.01784242327,0.002360386241,3.103484351e-05,True,
2021-08-25,2021-08-24,UKX,RealGARCH,RealGARCH11-logRVscaled-studentt,1,0.006307102415,3.977954088e-05,-0.01573608307,-0.01239434195,-0.009903779512,-0.01977674734,-0.01619323301,0.00340438314,2.404152844e-05,True,
2021-08-26,2021-08-25,UKX,RealGARCH,RealGARCH11-logRVscaled-studentt,1,0.005657533621,3.200768668e-05,-0.01409389577,-0.01109632073,-0.008862261447,-0.01771841182,-0.01450396382,-0.003516630173,4.29107454e-05,True,
2021-08-27,2021-08-26,UKX,RealGARCH,RealGARCH11-logRVscaled-studentt,1,0.006040769006,3.649089018e-05,-0.01506276048,-0.01186213286,-0.009476740744,-0.01893279744,-0.01550060611,0.003222871142,3.058696333e-05,True,
2021-08-31,2021-08-27,UKX,RealGARCH,RealGARCH11-logRVscaled-studentt,1,0.005820328006,3.38762181e-05,-0.01450545937,-0.01142162972,-0.009123285828,-0.01823427014,-0.01492732704,-0.003966980204,4.502412233e-05,True,
2021-09-01,2021-08-31,UKX,RealGARCH,RealGARCH11-logRVscaled-studentt,1,0.006201133767,3.845406e-05,-0.0154681817,-0.01218258677,-0.00973386947,-0.01944095684,-0.01591765085,0.00421873992,3.891966274e-05,True,
2021-09-02,2021-09-01,UKX,RealGARCH,RealGARCH11-logRVscaled-studentt,1,0.006223064905,3.872653681e-05,-0.01552362623,-0.01222641136,-0.009769033838,-0.01951045162,-0.01597468499,0.001970154726,2.457479315e-05,True,
2021-09-03,2021-09-02,UKX,RealGARCH,RealGARCH11-logRVscaled-studentt,1,0.005642384865,3.183650696e-05,-0.01405559791,-0.01106604926,-0.008837971943,-0.01767040887,-0.01446456795,-0.003565863864,4.6421695e-05,True,
2021-09-06,2021-09-03,UKX,RealGARCH,RealGARCH11-logRVscaled-studentt,1,0.006135754124,3.764747867e-05,-0.01530289418,-0.01205193985,-0.009629039803,-0.01923378364,-0.01574762449,0.006813045378,1.971309305e-05,True,
2021-09-07,2021-09-06,UKX,RealGARCH,RealGARCH11-logRVscaled-studentt,1,0.005336427186,2.847745511e-05,-0.01328210044,-0.01045465973,-0.008347399654,-0.01670089869,-0.01366889413,-0.00527326986,2.629298137e-05,True,
2021-09-08,2021-09-07,UKX,RealGARCH,RealGARCH11-logRVscaled-studentt,1,0.005257413852,2.764040041e-05,-0.01308234532,-0.01029676886,-0.00822070974,-0.01645052343,-0.01346341198,-0.007567643101,8.669173999e-05,True,
2021-09-09,2021-09-08,UKX,RealGARCH,RealGARCH11-logRVscaled-studentt,1,0.006757299245,4.566109309e-05,-0.01687423429,-0.01329396189,-0.01062562474,-0.02120331853,-0.0173640153,-0.0100994228,9.065462268e-05,True,
2021-09-10,2021-09-09,UKX,RealGARCH,RealGARCH11-logRVscaled-studentt,1,0.007843691383,6.152349452e-05,-0.01962076305,-0.01546487905,-0.01236754499,-0.0246458477,-0.02018928768,0.0007115715873,3.718882219e-05,True,
2021-09-13,2021-09-10,UKX,RealGARCH,RealGARCH11-logRVscaled-studentt,1,0.007020684996,4.929001782e-05,-0.01754010485,-0.01382028072,-0.01104793723,-0.02203792796,-0.01804897652,0.005561203007,3.053008631e-05,True,
2021-09-14,2021-09-13,UKX,RealGARCH,RealGARCH11-logRVscaled-studentt,1,0.006324499232,3.999929054e-05,-0.0157800643,-0.01242910568,-0.009931673554,-0.01983187389,-0.01623847519,-0.004864367542,5.893581174e-05,True,
2021-09-15,2021-09-14,UKX,RealGARCH,RealGARCH11-logRVscaled-studentt,1,0.006885209274,4.740610674e-05,-0.01719760609,-0.01354956211,-0.01083071557,-0.02160863626,-0.01769665824,-0.002505246336,3.895155137e-05,True,
2021-09-16,2021-09-15,UKX,RealGARCH,RealGARCH11-logRVscaled-studentt,1,0.00659656804,4.35147099e-05,-0.01646788666,-0.01297277571,-0.01036790845,-0.02069399795,-0.01694601758,0.001566505589,3.715098529e-05,True,
2021-09-17,2021-09-16,UKX,RealGARCH,RealGARCH11-logRVscaled-studentt,1,0.006375630121,4.064865944e-05,-0.01590932928,-0.01253127959,-0.01001365678,-0.01999389603,-0.01637144623,-0.009134427723,0.0001053003117,True,
2021-09-20,2021-09-17,UKX,RealGARCH,RealGARCH11-logRVscaled-studentt,1,0.007845724342,6.155539045e-05,-0.01962590262,-0.01546894147,-0.01237080463,-0.02465228968,-0.0201945746,-0.008610140951,0.000156849719,True,
2021-09-21,2021-09-20,UKX,RealGARCH,RealGARCH11-logRVscaled-studentt,1,0.009600162399,9.216311808e-05,-0.02406133105,-0.01897480234,-0.01518386916,-0.03021170417,-0.0247571678,0.01110571786,8.059362057e-05,True,
2021-09-22,2021-09-21,UKX,RealGARCH,RealGARCH11-logRVscaled-studentt,1,0.009291912878,8.633964493e-05,-0.02328203953,-0.01835883307,-0.01468962213,-0.02923493167,-0.02395553382,0.0145618316,3.908692455e-05,True,
2021-09-23,2021-09-22,UKX,RealGARCH,RealGARCH11-logRVscaled-studentt,1,0.007797215344,6.079656712e-05,-0.01950326609,-0.01537200685,-0.01229302535,-0.02449857572,-0.02006842205,-0.0007061249667,8.13394541e-05,True,
2021-09-24,2021-09-23,UKX,RealGARCH,RealGARCH11-logRVscaled-studentt,1,0.008294854628,6.880461331e-05,-0.02076135749,-0.01636643015,-0.01309093976,-0.02607548123,-0.02136258323,-0.003807519471,6.720147872e-05,True,
2021-09-27,2021-09-24,UKX,RealGARCH,RealGARCH11-logRVscaled-studentt,1,0.008235865148,6.782947474e-05,-0.02061222506,-0.01624855257,-0.01299635608,-0.02588855701,-0.02120917513,0.001686147957,4.089430741e-05,True,
2021-09-28,2021-09-27,UKX,RealGARCH,RealGARCH11-logRVscaled-studentt,1,0.007363935616,5.422754775e-05,-0.01840788331,-0.01450619204,-0.01159830499,-0.02312561097,-0.0189416344,-0.005010095141,7.76434972e-05,True,
2021-09-29,2021-09-28,UKX,RealGARCH,RealGARCH11-logRVscaled-studentt,1,0.007954848303,6.327961153e-05,-0.01990178099,-0.01568700185,-0.0125457739,-0.02499807865,-0.02047836247,0.01133266167,6.726126219e-05,True,
2021-09-30,2021-09-29,UKX,RealGARCH,RealGARCH11-logRVscaled-studentt,1,0.008048212563,6.477372545e-05,-0.02013781696,-0.01587356991,-0.01269547408,-0.02529392872,-0.02072116565,-0.003071634282,9.971255848e-05,True,
2021-10-01,2021-09-30,UKX,RealGARCH,RealGARCH11-logRVscaled-studentt,1,0.008824108206,7.786488563e-05,-0.02209937359,-0.01742402771,-0.01393954451,-0.02775256524,-0.02273896057,-0.008403323479,0.0001256537433,True,
2021-10-04,2021-10-01,UKX,RealGARCH,RealGARCH11-logRVscaled-studentt,1,0.009765421568,9.536345841e-05,-0.02447912592,-0.01930503666,-0.01544884557,-0.03073537283,-0.02518694095,-0.002293772654,0.0001157440323,True,
2021-10-05,2021-10-04,UKX,RealGARCH,RealGARCH11-logRVscaled-studentt,1,0.01014804901,0.0001029828988,-0.02544645369,-0.02006963396,-0.0160623501,-0.03194783203,-0.02618200224,0.009383888898,4.89923709e-05,True,
2021-10-06,2021-10-05,UKX,RealGARCH,RealGARCH11-logRVscaled-studentt,1,0.008600288013,7.396495391e-05,-0.02153352947,-0.01697677199,-0.0135806714,-0.02704333004,-0.02215689357,-0.01153998396,0.0001315598356,True,
2021-10-07,2021-10-06,UKX,RealGARCH,RealGARCH11-logRVscaled-studentt,1,0.009723664104,9.454964361e-05,-0.02437355807,-0.0192215935,-0.01538189169,-0.03060305294,-0.02507834645,0.01166713276,4.210870459e-05,True,
2021-10-08,2021-10-07,UKX,RealGARCH,RealGARCH11-logRVscaled-studentt,1,0.008126823544,6.604526091e-05,-0.02033655489,-0.01603065677,-0.01282151886,-0.02554302901,-0.02092560144,0.002483505521,4.047333922e-05,True,
2021-10-11,2021-10-08,UKX,RealGARCH,RealGARCH11-logRVscaled-studentt,1,0.007293216195,5.319100246e-05,-0.01822909619,-0.01436487474,-0.01148491353,-0.02290151724,-0.01875772141,0.007203795099,6.629692477e-05,True,
2021-10-12,2021-10-11,UKX,RealGARCH,RealGARCH11-logRVscaled-studentt,1,0.007645297856,5.845057931e-05,-0.01911920058,-0.01506843296,-0.01204944097,-0.02401718381,-0.0196733453,-0.002339370671,6.006808023e-05,True,
2021-10-13,2021-10-12,UKX,RealGARCH,RealGARCH11-logRVscaled-studentt,1,0.007681616932,5.900723869e-05,-0.01921101953,-0.01514100869,-0.01210767495,-0.02413227069,-0.01976779672,0.001625506244,4.176362268e-05,True,
2021-10-14,2021-10-13,UKX,RealGARCH,RealGARCH11-logRVscaled-studentt,1,0.007116944476,5.065089868e-05,-0.01778346029,-0.01401263425,-0.0112022796,-0.02234295233,-0.01829930902,0.009185107957,2.745469615e-05,True,
2021-10-15,2021-10-14,UKX,RealGARCH,RealGARCH11-logRVscaled-studentt,1,0.006227154329,3.877745104e-05,-0.01553396478,-0.01223458318,-0.009775590817,-0.01952341007,-0.01598531995,0.003642207457,3.501788659e-05,True,
2021-10-18,2021-10-15,UKX,RealGARCH,RealGARCH11-logRVscaled-studentt,1,0.006095986574,3.716105232e-05,-0.01520235707,-0.0119724731,-0.009565276548,-0.01910776934,-0.01564420497,-0.004183496025,3.031249332e-05,True,
2021-10-19,2021-10-18,UKX,RealGARCH,RealGARCH11-logRVscaled-studentt,1,0.005838364173,3.408649622e-05,-0.01455105695,-0.01145767106,-0.009152205004,-0.01829142264,-0.01497423192,0.00189999505,3.599097401e-05,True,
2021-10-20,2021-10-19,UKX,RealGARCH,RealGARCH11-logRVscaled-studentt,1,0.005916749089,3.500791979e-05,-0.01474922336,-0.01161430617,-0.009277887313,-0.01853980658,-0.0151780798,0.0007756046484,2.43732902e-05,True,
2021-10-21,2021-10-20,UKX,RealGARCH,RealGARCH11-logRVscaled-studentt,1,0.005476621329,2.999338118e-05,-0.01363652794,-0.01073480707,-0.008572186827,-0.01714514199,-0.01403348314,-0.004551368843,3.125397495e-05,True,
2021-10-22,2021-10-21,UKX,RealGARCH,RealGARCH11-logRVscaled-studentt,1,0.005537819927,3.066744955e-05,-0.01379124529,-0.01085709909,-0.008670312609,-0.0173390664,-0.01419263628,0.001986856151,3.972681393e-05,True,
2021-10-25,2021-10-22,UKX,RealGARCH,RealGARCH11-logRVscaled-studentt,1,0.005870271829,3.446009134e-05,-0.0146317233,-0.01152143153,-0.009203365712,-0.01839253073,-0.01505721099,0.002522937851,2.240568672e-05,True,
2021-10-26,2021-10-25,UKX,RealGARCH,RealGARCH11-logRVscaled-studentt,1,0.005353856504,2.866377946e-05,-0.01332616384,-0.01048948841,-0.008375345808,-0.01675612822,-0.01371422083,0.00755848863,3.114500039e-05,True,
2021-10-27,2021-10-26,UKX,RealGARCH,RealGARCH11-logRVscaled-studentt,1,0.0054643896,2.98595537e-05,-0.01360560467,-0.01071036464,-0.008552574484,-0.01710638242,-0.0140016733,-0.003344640155,2.940276318e-05,True,
2021-10-28,2021-10-27,UKX,RealGARCH,RealGARCH11-logRVscaled-studentt,1,0.005458044387,2.979024853e-05,-0.01358956322,-0.01069768511,-0.008542400574,-0.01708627589,-0.01398517193,-0.0005240098654,4.221790876e-05,True,
2021-10-29,2021-10-28,UKX,RealGARCH,RealGARCH11-logRVscaled-studentt,1,0.005900634487,3.481748735e-05,-0.01470848372,-0.01158210466,-0.009252049173,-0.01848874308,-0.01513617215,-0.001642827701,6.921391322e-05,True,
2021-11-01,2021-10-29,UKX,RealGARCH,RealGARCH11-logRVscaled-studentt,1,0.00686054791,4.706711763e-05,-0.01713525922,-0.01350028177,-0.01079117356,-0.02153049002,-0.01763252387,0.007021823858,2.828543824e-05,True,
2021-11-02,2021-11-01,UKX,RealGARCH,RealGARCH11-logRVscaled-studentt,1,0.006141215958,3.771453344e-05,-0.01531670234,-0.01206285413,-0.009637797304,-0.01925109095,-0.01576182854,-0.001895202662,3.023519897e-05,True,
2021-11-03,2021-11-02,UKX,RealGARCH,RealGARCH11-logRVscaled-studentt,1,0.005859127526,3.432937537e-05,-0.01460354918,-0.01149916208,-0.009185496947,-0.01835721698,-0.01502822911,-0.003566574768,2.119599716e-05,True,
2021-11-04,2021-11-03,UKX,RealGARCH,RealGARCH11-logRVscaled-studentt,1,0.005284090364,2.792161098e-05,-0.01314978672,-0.01035007603,-0.008263482838,-0.01653505522,-0.01353278694,0.004267392691,4.930539885e-05,True,
2021-11-05,2021-11-04,UKX,RealGARCH,RealGARCH11-logRVscaled-studentt,1,0.005994235381,3.59308578e-05,-0.01494511793,-0.01176914558,-0.009402128768,-0.01878534299,-0.01537959072,0.003305030904,3.496517186e-05,True,
2021-11-08,2021-11-05,UKX,RealGARCH,RealGARCH11-logRVscaled-studentt,1,0.005966343885,3.559725935e-05,-0.01487460491,-0.01171341053,-0.009357407567,-0.01869696119,-0.01530705607,-0.0004930155429,1.968655859e-05,True,
2021-11-09,2021-11-08,UKX,RealGARCH,RealGARCH11-logRVscaled-studentt,1,0.00525256145,2.758940178e-05,-0.01307007787,-0.01028707239,-0.008212929403,-0.01643514728,-0.01345079282,-0.003622781185,2.524440217e-05,True,
2021-11-10,2021-11-09,UKX,RealGARCH,RealGARCH11-logRVscaled-studentt,1,0.005165483862,2.668222352e-05,-0.01284993535,-0.01011306687,-0.00807330927,-0.01615921824,-0.01322433876,0.009059770213,2.985656929e-05,True,
2021-11-11,2021-11-10,UKX,RealGARCH,RealGARCH11-logRVscaled-studentt,1,0.00530781918,2.817294444e-05,-0.013209776,-0.01039749288,-0.008301529601,-0.01661024643,-0.01359449612,0.005976492054,2.750754188e-05,True,
2021-11-12,2021-11-11,UKX,RealGARCH,RealGARCH11-logRVscaled-studentt,1,0.005293437249,2.802047791e-05,-0.01317341676,-0.01036875374,-0.008278469625,-0.01656467337,-0.01355709446,-0.004928064054,2.781322115e-05,True,
2021-11-15,2021-11-12,UKX,RealGARCH,RealGARCH11-logRVscaled-studentt,1,0.005298176523,2.807067447e-05,-0.01318539821,-0.01037822414,-0.008286068573,-0.01657969105,-0.01356941942,0.0005442251122,2.970028641e-05,True,
2021-11-16,2021-11-15,UKX,RealGARCH,RealGARCH11-logRVscaled-studentt,1,0.005376971311,2.891182048e-05,-0.01338460082,-0.0105356783,-0.008412408072,-0.01682937378,-0.01377433322,-0.003392614712,2.37308276e-05,True,
2021-11-17,2021-11-16,UKX,RealGARCH,RealGARCH11-logRVscaled-studentt,1,0.005163226859,2.66589116e-05,-0.01284422938,-0.01010855674,-0.008069690395,-0.01615206631,-0.0132184692,-0.004897986906,2.540798409e-05,True,
2021-11-18,2021-11-17,UKX,RealGARCH,RealGARCH11-logRVscaled-studentt,1,0.005123699058,2.625229204e-05,-0.01274429839,-0.01002956907,-0.008006311551,-0.01602681172,-0.01311567317,-0.004839455459,2.489405845e-05,True,
2021-11-19,2021-11-18,UKX,RealGARCH,RealGARCH11-logRVscaled-studentt,1,0.005079274439,2.579902883e-05,-0.01263198766,-0.009940796186,-0.007935081154,-0.01588604022,-0.01300014246,-0.00447525565,7.613734175e-05,True,
2021-11-22,2021-11-19,UKX,RealGARCH,RealGARCH11-logRVscaled-studentt,1,0.006444775799,4.15351351e-05,-0.01608413779,-0.01266945211,-0.0101245249,-0.02021300293,-0.01655126654,0.004406344786,5.578684722e-05,True,
2021-11-23,2021-11-22,UKX,RealGARCH,RealGARCH11-logRVscaled-studentt,1,0.006875085261,4.726679734e-05,-0.01717201138,-0.01352933148,-0.01081448274,-0.02157655557,-0.01767032972,0.001542493158,4.961550832e-05,True,
2021-11-24,2021-11-23,UKX,RealGARCH,RealGARCH11-logRVscaled-studentt,1,0.006947063374,4.826168952e-05,-0.01735398062,-0.01367316401,-0.01092989238,-0.02180463782,-0.01785751607,0.002693550725,6.277177383e-05,True,
2021-11-25,2021-11-24,UKX,RealGARCH,RealGARCH11-logRVscaled-studentt,1,0.007353785187,5.407815658e-05,-0.01838222182,-0.01448590863,-0.0115820298,-0.02309344658,-0.01891523718,0.003302132589,1.528757561e-05,True,
2021-11-26,2021-11-25,UKX,RealGARCH,RealGARCH11-logRVscaled-studentt,1,0.005583756754,3.117833949e-05,-0.01390737906,-0.0109488938,-0.008743967679,-0.01748462974,-0.01431209963,-0.03712178779,0.0002429496436,True,
2021-11-29,2021-11-26,UKX,RealGARCH,RealGARCH11-logRVscaled-studentt,1,0.008740837817,7.640224575e-05,-0.02188885613,-0.01725763005,-0.01380602884,-0.02748870035,-0.02252240752,0.009326053181,0.0001253777622,True,
2021-11-30,2021-11-29,UKX,RealGARCH,RealGARCH11-logRVscaled-studentt,1,0.009709499979,9.427438985e-05,-0.02433774948,-0.01919328959,-0.01535918094,-0.03055817005,-0.02504151122,-0.007128016348,0.0002031008121,True,
2021-12-01,2021-11-30,UKX,RealGARCH,RealGARCH11-logRVscaled-studentt,1,0.01143058367,0.0001306582431,-0.0286888541,-0.02263249906,-0.01811876511,-0.03601189216,-0.02951736303,0.01535012689,7.346060365e-05,True,
2021-12-02,2021-12-01,UKX,RealGARCH,RealGARCH11-logRVscaled-studentt,1,0.01003334064,0.0001006679244,-0.02515645725,-0.01984041435,-0.01587842679,-0.03158434732,-0.02588369153,-0.005525300836,0.0001358286752,True,
2021-12-03,2021-12-02,UKX,RealGARCH,RealGARCH11-logRVscaled-studentt,1,0.01066624799,0.0001137688461,-0.02675652243,-0.02110514131,-0.01689322991,-0.03358988651,-0.02752963096,-0.0009683739311,9.479620603e-05,True,
2021-12-06,2021-12-03,UKX,RealGARCH,RealGARCH11-logRVscaled-studentt,1,0.01020515156,0.0001041451183,-0.02559081572,-0.02018374091,-0.01615390827,-0.03212877698,-0.02633050316,0.01532639798,6.938017693e-05,True,
2021-12-07,2021-12-06,UKX,RealGARCH,RealGARCH11-logRVscaled-studentt,1,0.009304731323,8.6578025e-05,-0.02331444609,-0.01838444793,-0.01471017522,-0.0292755504,-0.02398886948,0.01476812764,2.388326894e-05,True,
2021-12-08,2021-12-07,UKX,RealGARCH,RealGARCH11-logRVscaled-studentt,1,0.007011006719,4.915421522e-05,-0.01751563702,-0.0138009408,-0.01103241909,-0.02200725971,-0.01802380719,-0.0003406621187,8.179345925e-05,True,
2021-12-09,2021-12-08,UKX,RealGARCH,RealGARCH11-logRVscaled-studentt,1,0.007828917011,6.129194156e-05,-0.01958341168,-0.01543535569,-0.01234385577,-0.02459903108,-0.02015086544,-0.002196661886,4.206787091e-05,True,
2021-12-10,2021-12-09,UKX,RealGARCH,RealGARCH11-logRVscaled-studentt,1,0.007203762173,5.189418944e-05,-0.01800294577,-0.01418612043,-0.01134148302,-0.02261805783,-0.0185250872,-0.004037478818,4.018514204e-05,True,
2021-12-13,2021-12-10,UKX,RealGARCH,RealGARCH11-logRVscaled-studentt,1,0.00681032852,4.638057455e-05,-0.01700829862,-0.0133999293,-0.01071065183,-0.02137135622,-0.01750192328,-0.008317760886,5.224109052e-05,True,
2021-12-14,2021-12-13,UKX,RealGARCH,RealGARCH11-logRVscaled-studentt,1,0.006988526847,4.88395075e-05,-0.01745880522,-0.01375601969,-0.01099637488,-0.02193602612,-0.01796534601,-0.001771599633,6.5134343e-05,True,
2021-12-15,2021-12-14,UKX,RealGARCH,RealGARCH11-logRVscaled-studentt,1,0.007437603023,5.531793873e-05,-0.0185941233,-0.01465340025,-0.01171642325,-0.0233590462,-0.01913321392,-0.006643844657,3.20153318e-05,True,
2021-12-16,2021-12-15,UKX,RealGARCH,RealGARCH11-logRVscaled-studentt,1,0.006598142044,4.353547843e-05,-0.01647186593,-0.01297592102,-0.01037043221,-0.02069898561,-0.01695011094,0.01244528634,5.524146592e-05,True,
2021-12-17,2021-12-16,UKX,RealGARCH,RealGARCH11-logRVscaled-studentt,1,0.006950606361,4.831092878e-05,-0.01736293771,-0.01368024389,-0.0109355732,-0.02181586473,-0.01786672996,0.001280039265,8.376333054e-05,True,
2021-12-20,2021-12-17,UKX,RealGARCH,RealGARCH11-logRVscaled-studentt,1,0.007831790134,6.13369367e-05,-0.01959067528,-0.015441097,-0.01234846254,-0.02460813535,-0.02015833728,-0.009939313156,0.000135445463,True,
2021-12-21,2021-12-20,UKX,RealGARCH,RealGARCH11-logRVscaled-studentt,1,0.009289723881,8.629896978e-05,-0.02327650549,-0.01835445884,-0.0146861123,-0.02922799523,-0.02394984111,0.01371489724,4.303221138e-05,True,
2021-12-22,2021-12-21,UKX,RealGARCH,RealGARCH11-logRVscaled-studentt,1,0.007960827263,6.337477071e-05,-0.01991689651,-0.01569894949,-0.01255536056,-0.02501702461,-0.02049391136,0.0060523431,3.204648752e-05,True,
2021-12-23,2021-12-22,UKX,RealGARCH,RealGARCH11-logRVscaled-studentt,1,0.006853445391,4.696971373e-05,-0.01711730321,-0.01348608894,-0.01077978539,-0.02150798376,-0.01761405306,0.004294890734,2.260736282e-05,True,
2021-12-24,2021-12-23,UKX,RealGARCH,RealGARCH11-logRVscaled-studentt,1,0.005845977154,3.417544889e-05,-0.01457030347,-0.01147288393,-0.009164411652,-0.01831554645,-0.01499403024,-0.0001627228845,,True,
2021-12-29,2021-12-24,UKX,RealGARCH,RealGARCH11-logRVscaled-studentt,1,0.005854803736,3.427872678e-05,-0.01459261812,-0.01149052193,-0.009178564184,-0.01834351587,-0.01501698466,0.006570800781,3.243301944e-05,True,RV_imputed_in_recursion
2021-12-30,2021-12-29,UKX,RealGARCH,RealGARCH11-logRVscaled-studentt,1,0.005793450976,3.356407421e-05,-0.01443751104,-0.01136792185,-0.009080191221,-0.01814910295,-0.01485743061,-0.002388095169,2.575382061e-05,True,
2021-12-31,2021-12-30,UKX,RealGARCH,RealGARCH11-logRVscaled-studentt,1,0.005478148132,3.001010696e-05,-0.01364038788,-0.01073785805,-0.008574634902,-0.01714998008,-0.01403745375,-0.002502114577,6.851834312e-05,True,
2022-01-04,2021-12-31,UKX,RealGARCH,RealGARCH11-logRVscaled-studentt,1,0.006568839612,4.314965385e-05,-0.01639778589,-0.01291736651,-0.01032344872,-0.02060613289,-0.01687390701,0.01621293073,4.484924967e-05,True,
2022-01-05,2022-01-04,UKX,RealGARCH,RealGARCH11-logRVscaled-studentt,1,0.006626439189,4.390969632e-05,-0.01654340448,-0.01303246667,-0.01041580383,-0.02078865282,-0.01702370052,0.001557666277,2.360130734e-05,True,
2022-01-06,2022-01-05,UKX,RealGARCH,RealGARCH11-logRVscaled-studentt,1,0.005791545321,3.35419972e-05,-0.01443269331,-0.01136411382,-0.009077135695,-0.01814306437,-0.01485247477,-0.008886096818,7.513486257e-05,True,
2022-01-07,2022-01-06,UKX,RealGARCH,RealGARCH11-logRVscaled-studentt,1,0.006912024819,4.77760871e-05,-0.01726539898,-0.01360314712,-0.01087371159,-0.02169360862,-0.01776639477,0.004673362106,5.208080596e-05,True,
2022-01-10,2022-01-07,UKX,RealGARCH,RealGARCH11-logRVscaled-studentt,1,0.007041582131,4.958387891e-05,-0.0175929353,-0.01386203908,-0.01108144368,-0.02210414622,-0.01810332163,-0.005358136544,6.626144741e-05,True,
2022-01-11,2022-01-10,UKX,RealGARCH,RealGARCH11-logRVscaled-studentt,1,0.007496803623,5.620206456e-05,-0.01874378947,-0.0147716997,-0.01181134544,-0.02354663942,-0.01928717106,0.006172748235,4.383637805e-05,True,
2022-01-12,2022-01-11,UKX,RealGARCH,RealGARCH11-logRVscaled-studentt,1,0.007095645473,5.034818467e-05,-0.01772961387,-0.01397007285,-0.0111681288,-0.02227546063,-0.01824391881,0.008017046431,3.643506298e-05,True,
2022-01-13,2022-01-12,UKX,RealGARCH,RealGARCH11-logRVscaled-studentt,1,0.006611123834,4.370695835e-05,-0.01650468544,-0.01300186228,-0.0103912472,-0.02074012195,-0.01698387139,0.001614187934,2.740325188e-05,True,
2022-01-14,2022-01-13,UKX,RealGARCH,RealGARCH11-logRVscaled-studentt,1,0.00597492836,3.569976891e-05,-0.01489630748,-0.01173056473,-0.009371171908,-0.01872416344,-0.01532938086,-0.002766936363,4.269716615e-05,True,
2022-01-17,2022-01-14,UKX,RealGARCH,RealGARCH11-logRVscaled-studentt,1,0.006219924676,3.868746298e-05,-0.01551568736,-0.0122201363,-0.009763998798,-0.01950050095,-0.01596651851,0.009000891445,1.94537987e-05,True,
2022-01-18,2022-01-17,UKX,RealGARCH,RealGARCH11-logRVscaled-studentt,1,0.00536150599,2.874574648e-05,-0.01334550265,-0.01050477423,-0.008387610988,-0.0167803677,-0.01373411409,-0.006273592034,4.687213833e-05,True,
2022-01-19,2022-01-18,UKX,RealGARCH,RealGARCH11-logRVscaled-studentt,1,0.005976747618,3.572151208e-05,-0.01490090678,-0.01173420011,-0.009374088904,-0.01872992825,-0.01533411203,0.003444810346,5.413205584e-05,True,
2022-01-20,2022-01-19,UKX,RealGARCH,RealGARCH11-logRVscaled-studentt,1,0.006550190271,4.290499258e-05,-0.01635063813,-0.01288009988,-0.01029354638,-0.02054703737,-0.01682540751,-0.0006194778269,4.640498051e-05,True,
2022-01-21,2022-01-20,UKX,RealGARCH,RealGARCH11-logRVscaled-studentt,1,0.006665194805,4.442482178e-05,-0.0166413833,-0.0131099113,-0.01047794455,-0.02091146054,-0.01712448841,-0.01205655543,7.484971191e-05,True,
2022-01-24,2022-01-21,UKX,RealGARCH,RealGARCH11-logRVscaled-studentt,1,0.007466726518,5.57520049e-05,-0.01866775096,-0.01471159718,-0.01176311984,-0.02345133192,-0.01920895251,-0.02662531771,0.000167553022,True,
2022-01-25,2022-01-24,UKX,RealGARCH,RealGARCH11-logRVscaled-studentt,1,0.009474755889,8.977099915e-05,-0.02374428845,-0.01872420485,-0.01498279246,-0.02981431951,-0.02443103552,0.01013047365,0.0002163690896,True,
2022-01-26,2022-01-25,UKX,RealGARCH,RealGARCH11-logRVscaled-studentt,1,0.01143243434,0.0001307005549,-0.02869353281,-0.02263619722,-0.01812173247,-0.0360177565,-0.02952217588,0.01324698561,7.985238425e-05,True,
2022-01-27,2022-01-26,UKX,RealGARCH,RealGARCH11-logRVscaled-studentt,1,0.01021782864,0.0001044040221,-0.02562286489,-0.02020907328,-0.0161742347,-0.03216894776,-0.02636347119,0.01124871283,0.0001381768543,True,
2022-01-28,2022-01-27,UKX,RealGARCH,RealGARCH11-logRVscaled-studentt,1,0.01081492435,0.0001169625887,-0.02713239399,-0.02140223851,-0.01713161746,-0.03406100803,-0.02791627884,-0.01174412417,0.0001620318086,True,
2022-01-31,2022-01-28,UKX,RealGARCH,RealGARCH11-logRVscaled-studentt,1,0.01155448291,0.0001335060753,-0.02900208613,-0.0228800846,-0.01831742504,-0.03640450061,-0.0298395755,-0.0002277480335,8.018086821e-05,True,
2022-02-01,2022-01-31,UKX,RealGARCH,RealGARCH11-logRVscaled-studentt,1,0.01028743281,0.0001058312737,-0.02579883252,-0.02034816199,-0.01628583796,-0.03238950751,-0.02654448385,0.009519932219,7.983406323e-05,True,
2022-02-02,2022-02-01,UKX,RealGARCH,RealGARCH11-logRVscaled-studentt,1,0.009635769028,9.284804475e-05,-0.02415134885,-0.01904595441,-0.0152409608,-0.03032453346,-0.02484976644,0.006243927952,4.070325557e-05,True,
2022-02-03,2022-02-02,UKX,RealGARCH,RealGARCH11-logRVscaled-studentt,1,0.008026517345,6.442498069e-05,-0.02008296887,-0.01583021676,-0.01266068798,-0.02522518152,-0.02066474505,-0.007173259057,7.711267429e-05,True,
2022-02-04,2022-02-03,UKX,RealGARCH,RealGARCH11-logRVscaled-studentt,1,0.008332251992,6.942642326e-05,-0.02085590248,-0.01644116061,-0.01315090266,-0.02619398496,-0.02145983885,-0.001648353767,0.0001037816725,True,
2022-02-07,2022-02-04,UKX,RealGARCH,RealGARCH11-logRVscaled-studentt,1,0.009074240317,8.234183733e-05,-0.02273173737,-0.01792386205,-0.01434060613,-0.02854517691,-0.02338945436,0.00756802509,5.724090374e-05,True,
2022-02-08,2022-02-07,UKX,RealGARCH,RealGARCH11-logRVscaled-studentt,1,0.00836038345,6.989601142e-05,-0.02092702216,-0.01649737518,-0.01319600862,-0.02628312714,-0.02153299754,-0.0008453961322,5.42065713e-05,True,
2022-02-09,2022-02-08,UKX,RealGARCH,RealGARCH11-logRVscaled-studentt,1,0.007894519819,6.232344318e-05,-0.0197492634,-0.01556644857,-0.01244904326,-0.02480691143,-0.02032147216,0.01003260169,3.902267493e-05,True,
2022-02-10,2022-02-09,UKX,RealGARCH,RealGARCH11-logRVscaled-studentt,1,0.007120001762,5.069442509e-05,-0.01779118947,-0.01401874356,-0.01120718165,-0.02235264017,-0.0183072598,0.003786943552,0.000100326089,True,
2022-02-11,2022-02-10,UKX,RealGARCH,RealGARCH11-logRVscaled-studentt,1,0.008254614318,6.813865754e-05,-0.02065962519,-0.01628601869,-0.01302641848,-0.02594796886,-0.02125793424,-0.001486937558,5.738351066e-05,True,
2022-02-14,2022-02-11,UKX,RealGARCH,RealGARCH11-logRVscaled-studentt,1,0.007936527105,6.298846248e-05,-0.01985546282,-0.01565039094,-0.01251639771,-0.02494002295,-0.02043071634,-0.01703500788,0.000265183226,True,
2022-02-15,2022-02-14,UKX,RealGARCH,RealGARCH11-logRVscaled-studentt,1,0.01082965867,0.000117281507,-0.02716964411,-0.02143168184,-0.01715524246,-0.03410769775,-0.02795459693,0.01021108624,0.0001555023783,True,
2022-02-16,2022-02-15,UKX,RealGARCH,RealGARCH11-logRVscaled-studentt,1,0.01146032486,0.0001313390458,-0.02876404336,-0.02269193032,-0.0181664521,-0.03610613519,-0.02959470798,-0.0006705052081,8.21148379e-05,True,
2022-02-17,2022-02-16,UKX,RealGARCH,RealGARCH11-logRVscaled-studentt,1,0.01029397424,0.0001059659056,-0.02581537003,-0.02036123361,-0.01629632648,-0.03241023581,-0.0265614955,-0.008770814724,5.246498515e-05,True,
2022-02-18,2022-02-17,UKX,RealGARCH,RealGARCH11-logRVscaled-studentt,1,0.008798716517,7.741741234e-05,-0.02203518037,-0.01737328797,-0.0138988315,-0.02767210476,-0.02267292691,-0.003162557151,0.0001079843091,True,
2022-02-21,2022-02-18,UKX,RealGARCH,RealGARCH11-logRVscaled-studentt,1,0.009433950131,8.899941507e-05,-0.02364112663,-0.01864266347,-0.01491736454,-0.02968501536,-0.02432491603,-0.003907257745,0.0001386665422,True,
2022-02-22,2022-02-21,UKX,RealGARCH,RealGARCH11-logRVscaled-studentt,1,0.01035398882,0.0001072050845,-0.02596709406,-0.02048115964,-0.01639255382,-0.03260040836,-0.02671756949,0.001321946983,0.0001600974175,True,
2022-02-23,2022-02-22,UKX,RealGARCH,RealGARCH11-logRVscaled-studentt,1,0.01124897573,0.000126539455,-0.0282297276,-0.0222695953,-0.01782757509,-0.03543641798,-0.02904507326,0.0005336036913,6.755056825e-05,True,
2022-02-24,2022-02-23,UKX,RealGARCH,RealGARCH11-logRVscaled-studentt,1,0.009764891322,9.535310252e-05,-0.02447778539,-0.01930397708,-0.01544799538,-0.0307336926,-0.02518556199,-0.0396102418,0.0004909549449,True,
2022-02-25,2022-02-24,UKX,RealGARCH,RealGARCH11-logRVscaled-studentt,1,0.01389130962,0.0001929684829,-0.03490986247,-0.02754972186,-0.02206429105,-0.04380937206,-0.03591672917,0.03844926368,0.0002125194231,True,
2022-02-28,2022-02-25,UKX,RealGARCH,RealGARCH11-logRVscaled-studentt,1,0.01408388008,0.0001983556782,-0.03539670355,-0.02793453183,-0.02237305837,-0.04441958399,-0.0364175281,-0.004174559563,0.0001904991893,True,
2022-03-01,2022-02-28,UKX,RealGARCH,RealGARCH11-logRVscaled-studentt,1,0.01385858726,0.0001920604408,-0.03482713645,-0.02748433338,-0.02201182405,-0.04370568236,-0.03583163137,-0.01732465281,0.0002643592451,True,
2022-03-02,2022-03-01,UKX,RealGARCH,RealGARCH11-logRVscaled-studentt,1,0.01474870895,0.0002175244157,-0.03707747013,-0.02926304697,-0.02343904443,-0.0465262752,-0.03814648265,0.01346920741,0.0002348571423,True,
2022-03-03,2022-03-02,UKX,RealGARCH,RealGARCH11-logRVscaled-studentt,1,0.01487985812,0.0002214101776,-0.03740903085,-0.02952511991,-0.02364932889,-0.04694185703,-0.03848754929,-0.02600278706,0.0001634313746,True,
2022-03-04,2022-03-03,UKX,RealGARCH,RealGARCH11-logRVscaled-studentt,1,0.01382018266,0.0001909974487,-0.03473004504,-0.02740759019,-0.02195024614,-0.04358398693,-0.03573175634,-0.03540364183,0.0003667197642,True,
2022-03-07,2022-03-04,UKX,RealGARCH,RealGARCH11-logRVscaled-studentt,1,0.01581152286,0.0002500042552,-0.03976439033,-0.03138684821,-0.02514315937,-0.04989409035,-0.04091043748,-0.003957973103,0.0006529195297,True,
2022-03-08,2022-03-07,UKX,RealGARCH,RealGARCH11-logRVscaled-studentt,1,0.01931431858,0.0003730429022,-0.04861987523,-0.03838641961,-0.03075953912,-0.06099365193,-0.05001981121,0.0006607627532,0.0006168216273,True,
2022-03-09,2022-03-08,UKX,RealGARCH,RealGARCH11-logRVscaled-studentt,1,0.02131919964,0.0004545082732,-0.0536884534,-0.04239273606,-0.03397416374,-0.06734666323,-0.05523370672,0.03202015611,0.0002173500204,True,
2022-03-10,2022-03-09,UKX,RealGARCH,RealGARCH11-logRVscaled-studentt,1,0.01795335661,0.0003223230135,-0.04517920122,-0.03566683467,-0.02857737382,-0.05668107351,-0.04648049227,-0.0128205223,0.0003939049768,True,
2022-03-11,2022-03-10,UKX,RealGARCH,RealGARCH11-logRVscaled-studentt,1,0.0185704831,0.0003448628425,-0.04673937051,-0.03690002703,-0.02956687392,-0.05863660676,-0.04808539198,0.007927251377,0.0002556974279,True,
2022-03-14,2022-03-11,UKX,RealGARCH,RealGARCH11-logRVscaled-studentt,1,0.01722628022,0.0002967447302,-0.04334106548,-0.03421393147,-0.02741158015,-0.05437713409,-0.04458965675,0.005282559864,0.0001282555933,True,
2022-03-15,2022-03-14,UKX,RealGARCH,RealGARCH11-logRVscaled-studentt,1,0.01422174499,0.0002022580305,-0.03574524246,-0.02821002471,-0.02259411085,-0.04485644646,-0.0367760597,-0.002477495457,0.0001184579555,True,
2022-03-16,2022-03-15,UKX,RealGARCH,RealGARCH11-logRVscaled-studentt,1,0.01256695644,0.000157928394,-0.03156173984,-0.02490329158,-0.01994082425,-0.03961279855,-0.03247261508,0.0160363967,0.0001095996584,True,
2022-03-17,2022-03-16,UKX,RealGARCH,RealGARCH11-logRVscaled-studentt,1,0.01153618326,0.0001330835242,-0.02895582244,-0.02284351675,-0.0182880834,-0.03634651319,-0.02979198542,0.0127547699,0.0001488759279,True,
2022-03-18,2022-03-17,UKX,RealGARCH,RealGARCH11-logRVscaled-studentt,1,0.01175786956,0.0001382474967,-0.02951627183,-0.02328650836,-0.01864353504,-0.03704898659,-0.03036850302,0.002623448428,9.914600663e-05,True,
2022-03-21,2022-03-18,UKX,RealGARCH,RealGARCH11-logRVscaled-studentt,1,0.01087808584,0.0001183327516,-0.02729207377,-0.02152845295,-0.01723289055,-0.03426115242,-0.02808053668,0.005078404237,6.409657449e-05,True,
2022-03-22,2022-03-21,UKX,RealGARCH,RealGARCH11-logRVscaled-studentt,1,0.009476073172,8.979596276e-05,-0.0237476187,-0.01872683716,-0.01498490459,-0.02981849368,-0.02443446125,0.004598179945,4.358245598e-05,True,
2022-03-23,2022-03-22,UKX,RealGARCH,RealGARCH11-logRVscaled-studentt,1,0.008071368674,6.514699227e-05,-0.02019635837,-0.01591984233,-0.01273260257,-0.02536730516,-0.02078138545,-0.002155691178,4.156757101e-05,True,
2022-03-24,2022-03-23,UKX,RealGARCH,RealGARCH11-logRVscaled-studentt,1,0.007307780932,5.340366215e-05,-0.01826591758,-0.01439397918,-0.01150826662,-0.02294766958,-0.01879559848,0.0009110134606,4.759631761e-05,True,
2022-03-25,2022-03-24,UKX,RealGARCH,RealGARCH11-logRVscaled-studentt,1,0.007121963482,5.072236384e-05,-0.01779614893,-0.01402266363,-0.01121032707,-0.02235885641,-0.01831236145,0.002140354539,4.037344579e-05,True,
2022-03-28,2022-03-25,UKX,RealGARCH,RealGARCH11-logRVscaled-studentt,1,0.006774155662,4.588918493e-05,-0.01691684932,-0.01332764575,-0.0106526523,-0.02125673267,-0.01740785211,-0.001377301592,4.281912937e-05,True,
2022-03-29,2022-03-28,UKX,RealGARCH,RealGARCH11-logRVscaled-studentt,1,0.006673150706,4.453094035e-05,-0.01666149676,-0.01312580943,-0.01049070104,-0.02093667098,-0.01714517853,0.008554082354,7.836009222e-05,True,
2022-03-30,2022-03-29,UKX,RealGARCH,RealGARCH11-logRVscaled-studentt,1,0.007546464415,5.694912516e-05,-0.01886933787,-0.01487093594,-0.01189097151,-0.02370400315,-0.01941631896,0.005490848213,3.909659389e-05,True,
2022-03-31,2022-03-30,UKX,RealGARCH,RealGARCH11-logRVscaled-studentt,1,0.00694679717,4.825799092e-05,-0.01735330762,-0.01367263206,-0.01092946555,-0.02180379427,-0.01785682377,-0.008360658194,5.669550344e-05,True,
2022-04-01,2022-03-31,UKX,RealGARCH,RealGARCH11-logRVscaled-studentt,1,0.007192717443,5.173518421e-05,-0.01797502337,-0.01416404995,-0.01132377391,-0.02258305959,-0.01849636426,0.002949423786,4.174497027e-05,True,
2022-04-04,2022-04-01,UKX,RealGARCH,RealGARCH11-logRVscaled-studentt,1,0.006861073963,4.707433593e-05,-0.01713658915,-0.01350133297,-0.01079201703,-0.02153215696,-0.01763389193,0.002782048357,6.478109605e-05,True,
2022-04-05,2022-04-04,UKX,RealGARCH,RealGARCH11-logRVscaled-studentt,1,0.007353276611,5.407067692e-05,-0.01838093608,-0.01448489235,-0.01158121435,-0.02309183502,-0.01891391458,0.007223617698,4.499953426e-05,True,
2022-04-06,2022-04-05,UKX,RealGARCH,RealGARCH11-logRVscaled-studentt,1,0.007059949267,4.984288365e-05,-0.01763936961,-0.01389874178,-0.01111089353,-0.02216234749,-0.01815108722,-0.003420740812,7.092197206e-05,True,
2022-04-07,2022-04-06,UKX,RealGARCH,RealGARCH11-logRVscaled-studentt,1,0.0076193767,5.80549013e-05,-0.01905366881,-0.0150166352,-0.01200787901,-0.02393504557,-0.01960593471,-0.004742621261,5.767562081e-05,True,
2022-04-08,2022-04-07,UKX,RealGARCH,RealGARCH11-logRVscaled-studentt,1,0.007599721591,5.775576826e-05,-0.01900397835,-0.01497735876,-0.01197636403,-0.02387276301,-0.01955481962,0.01547855594,4.306646421e-05,True,
2022-04-11,2022-04-08,UKX,RealGARCH,RealGARCH11-logRVscaled-studentt,1,0.007122096395,5.072425706e-05,-0.01779648495,-0.01402292923,-0.01121054018,-0.02235927758,-0.0183127071,-0.006711253459,8.132988964e-05,True,
2022-04-12,2022-04-11,UKX,RealGARCH,RealGARCH11-logRVscaled-studentt,1,0.007887812873,6.221759192e-05,-0.01973230744,-0.0155530462,-0.01243828935,-0.02478565865,-0.02030403007,-0.005475447704,5.877797201e-05,True,
2022-04-13,2022-04-12,UKX,RealGARCH,RealGARCH11-logRVscaled-studentt,1,0.007779195989,6.051589024e-05,-0.01945771101,-0.0153359991,-0.01226413313,-0.02444147649,-0.0200215609,0.0005409348639,3.808612492e-05,True,
2022-04-14,2022-04-13,UKX,RealGARCH,RealGARCH11-logRVscaled-studentt,1,0.007024872219,4.93488297e-05,-0.01755069065,-0.01382864797,-0.01105465102,-0.02205119632,-0.01805986582,0.004685094992,5.670732383e-05,True,
2022-04-19,2022-04-14,UKX,RealGARCH,RealGARCH11-logRVscaled-studentt,1,0.00723782403,5.238609668e-05,-0.0180890582,-0.01425418561,-0.01139609778,-0.02272599209,-0.01861366849,-0.001984544609,5.799600675e-05,True,
2022-04-20,2022-04-19,UKX,RealGARCH,RealGARCH11-logRVscaled-studentt,1,0.007394875242,5.468417984e-05,-0.01848610238,-0.01456801812,-0.01164791356,-0.0232236516,-0.01902209602,0.003663756437,4.315858249e-05,True,
2022-04-21,2022-04-20,UKX,RealGARCH,RealGARCH11-logRVscaled-studentt,1,0.007018103898,4.925378232e-05,-0.01753357953,-0.01381512296,-0.0110437987,-0.02202974905,-0.01804226412,-0.0001573283417,4.510985168e-05,True,
2022-04-22,2022-04-21,UKX,RealGARCH,RealGARCH11-logRVscaled-studentt,1,0.006883060238,4.737651824e-05,-0.01719217307,-0.01354526773,-0.01082726981,-0.02160182646,-0.01769106945,-0.01403348557,7.202208269e-05,True,
2022-04-25,2022-04-22,UKX,RealGARCH,RealGARCH11-logRVscaled-studentt,1,0.007537940291,5.682054383e-05,-0.01884778787,-0.01485390234,-0.01187730394,-0.02367699215,-0.01939415111,-0.01895081517,0.0001970860422,True,
2022-04-26,2022-04-25,UKX,RealGARCH,RealGARCH11-logRVscaled-studentt,1,0.009866852781,9.73547838e-05,-0.02473555611,-0.01950772477,-0.01561148029,-0.03105678523,-0.02545072306,0.0007720337256,0.0001017741222,True,
2022-04-27,2022-04-26,UKX,RealGARCH,RealGARCH11-logRVscaled-studentt,1,0.009925106047,9.850773004e-05,-0.0248828273,-0.01962413118,-0.01570488353,-0.03124137656,-0.02560221655,0.005320081982,0.0001536677034,True,
2022-04-28,2022-04-27,UKX,RealGARCH,RealGARCH11-logRVscaled-studentt,1,0.01089035552,0.0001185998434,-0.02732309298,-0.02155297122,-0.01725256374,-0.03430003223,-0.02811244521,0.01119545873,5.997561259e-05,True,
2022-04-29,2022-04-28,UKX,RealGARCH,RealGARCH11-logRVscaled-studentt,1,0.009346060049,8.734883843e-05,-0.02341893003,-0.01846703435,-0.01477644166,-0.02940651171,-0.024096349,0.004703127126,9.089157382e-05,True,
2022-05-03,2022-04-29,UKX,RealGARCH,RealGARCH11-logRVscaled-studentt,1,0.00939689956,8.830172133e-05,-0.02354745837,-0.018568626,-0.01485795769,-0.02956761054,-0.02422856228,0.002211018729,0.0001062740945,True,
2022-05-04,2022-05-03,UKX,RealGARCH,RealGARCH11-logRVscaled-studentt,1,0.00975100369,9.508207297e-05,-0.0244426758,-0.01927622569,-0.01542572796,-0.03068968586,-0.0251494458,-0.009007129188,4.20079187e-05,True,
2022-05-05,2022-05-04,UKX,RealGARCH,RealGARCH11-logRVscaled-studentt,1,0.008135266641,6.618256332e-05,-0.02035790004,-0.01604752845,-0.01283505652,-0.02556978326,-0.02094755856,0.001306919679,9.75761657e-05,True,
2022-05-06,2022-05-05,UKX,RealGARCH,RealGARCH11-logRVscaled-studentt,1,0.00883530059,7.806253651e-05,-0.02212766927,-0.01744639325,-0.01395749037,-0.02778803135,-0.02276806749,-0.01549938426,0.0001382007568,True,
2022-05-09,2022-05-06,UKX,RealGARCH,RealGARCH11-logRVscaled-studentt,1,0.009976526397,9.953107895e-05,-0.02501282408,-0.01972688351,-0.01578733088,-0.03140431593,-0.02573594036,-0.02345957208,0.0001595192227,True,
2022-05-10,2022-05-09,UKX,RealGARCH,RealGARCH11-logRVscaled-studentt,1,0.0110107111,0.000121235759,-0.02762736623,-0.02179347553,-0.01744554178,-0.03468141165,-0.02842544205,0.003679183179,0.0001083059689,True,
2022-05-11,2022-05-10,UKX,RealGARCH,RealGARCH11-logRVscaled-studentt,1,0.01069199641,0.0001143187872,-0.0268216175,-0.0211565939,-0.0169345149,-0.03367147739,-0.02759659232,0.014324241,0.0001439002045,True,
2022-05-12,2022-05-11,UKX,RealGARCH,RealGARCH11-logRVscaled-studentt,1,0.01118905727,0.0001251950026,-0.02807824658,-0.02214986135,-0.01773150188,-0.03524655002,-0.02888924925,-0.01569202901,0.000195175995,True,
2022-05-13,2022-05-12,UKX,RealGARCH,RealGARCH11-logRVscaled-studentt,1,0.01226074907,0.0001503259678,-0.03078761114,-0.02429140311,-0.01944985162,-0.03864249717,-0.03167629193,0.02524112982,6.377842608e-05,True,
2022-05-16,2022-05-13,UKX,RealGARCH,RealGARCH11-logRVscaled-studentt,1,0.01011614273,0.0001023363437,-0.0253657908,-0.02000587622,-0.01601119159,-0.03184672828,-0.02609902672,0.006262146379,0.0001038187622,True,
2022-05-17,2022-05-16,UKX,RealGARCH,RealGARCH11-logRVscaled-studentt,1,0.01010717694,0.0001021550257,-0.02534312422,-0.01998796006,-0.01599681585,-0.03181831774,-0.02607571029,0.007154723517,5.79141727e-05,True,
2022-05-18,2022-05-17,UKX,RealGARCH,RealGARCH11-logRVscaled-studentt,1,0.008898748939,7.918773267e-05,-0.02228807425,-0.0175731809,-0.0140592234,-0.02798908472,-0.02293307132,-0.01073788327,5.665277808e-05,True,
2022-05-19,2022-05-18,UKX,RealGARCH,RealGARCH11-logRVscaled-studentt,1,0.008251668349,6.809003054e-05,-0.02065217743,-0.01628013182,-0.01302169492,-0.02593863375,-0.02125027295,-0.01837128357,0.0002174736249,True,
2022-05-20,2022-05-19,UKX,RealGARCH,RealGARCH11-logRVscaled-studentt,1,0.01059952465,0.0001123499228,-0.02658783788,-0.02097180931,-0.01678624576,-0.03337845546,-0.02735611018,0.01188356547,7.779125043e-05,True,
2022-05-23,2022-05-20,UKX,RealGARCH,RealGARCH11-logRVscaled-studentt,1,0.009741985748,9.490628632e-05,-0.02441987737,-0.0192582053,-0.0154112686,-0.03066111005,-0.02512599374,0.01656034502,5.991292155e-05,True,
2022-05-24,2022-05-23,UKX,RealGARCH,RealGARCH11-logRVscaled-studentt,1,0.008783267621,7.714579009e-05,-0.02199612372,-0.01734241673,-0.01387406075,-0.02762315073,-0.0226327505,-0.003867238731,8.978237066e-05,True,
2022-05-25,2022-05-24,UKX,RealGARCH,RealGARCH11-logRVscaled-studentt,1,0.00905415257,8.197767877e-05,-0.02268095315,-0.01788372108,-0.01430839745,-0.02848152342,-0.02333721415,0.005117541921,5.671396227e-05,True,
2022-05-26,2022-05-25,UKX,RealGARCH,RealGARCH11-logRVscaled-studentt,1,0.008333336029,6.944448937e-05,-0.02085864305,-0.01644332682,-0.01315264081,-0.02619742002,-0.02146265799,0.005580732263,3.016991081e-05,True,
2022-05-27,2022-05-26,UKX,RealGARCH,RealGARCH11-logRVscaled-studentt,1,0.006938134066,4.813770432e-05,-0.01733140627,-0.01365532074,-0.01091557514,-0.02177634287,-0.0178342945,0.002719414778,4.37503965e-05,True,
2022-05-30,2022-05-27,UKX,RealGARCH,RealGARCH11-logRVscaled-studentt,1,0.00679406641,4.615933838e-05,-0.01696718607,-0.01336743302,-0.01068457718,-0.02131982529,-0.01745963202,0.001922887789,3.428909931e-05,True,
2022-05-31,2022-05-30,UKX,RealGARCH,RealGARCH11-logRVscaled-studentt,1,0.006369009862,4.056428662e-05,-0.01589259247,-0.01251805045,-0.01000304186,-0.01997291793,-0.01635422958,0.0009994999259,4.591071277e-05,True,
2022-06-01,2022-05-31,UKX,RealGARCH,RealGARCH11-logRVscaled-studentt,1,0.006546926926,4.286225217e-05,-0.01634238801,-0.0128735788,-0.01028831393,-0.02053669657,-0.01681692085,-0.009867549077,7.004087492e-05,True,
2022-06-06,2022-06-01,UKX,RealGARCH,RealGARCH11-logRVscaled-studentt,1,0.007286945705,5.309957771e-05,-0.01821324365,-0.01435234453,-0.01147485943,-0.02288164749,-0.01874141436,0.009933269802,3.792195404e-05,True,
2022-06-07,2022-06-06,UKX,RealGARCH,RealGARCH11-logRVscaled-studentt,1,0.006768089229,4.580703181e-05,-0.01690151266,-0.01331552331,-0.01064292539,-0.02123750953,-0.01739207574,-0.001223151567,5.756042629e-05,True,
2022-06-08,2022-06-07,UKX,RealGARCH,RealGARCH11-logRVscaled-studentt,1,0.007112735801,5.059101058e-05,-0.01777282026,-0.01400422413,-0.01119553141,-0.02232961599,-0.01828836393,-0.0007767168471,5.512519235e-05,True,
2022-06-09,2022-06-08,UKX,RealGARCH,RealGARCH11-logRVscaled-studentt,1,0.007243277411,5.246506765e-05,-0.018102845,-0.014265083,-0.01140484172,-0.02274327261,-0.01862785056,-0.01550210264,8.912388081e-05,True,
2022-06-10,2022-06-09,UKX,RealGARCH,RealGARCH11-logRVscaled-studentt,1,0.008121988443,6.596669627e-05,-0.02032433118,-0.01602099488,-0.01281376626,-0.02552770768,-0.02091302727,-0.02145592801,0.0001656331245,True,
2022-06-13,2022-06-10,UKX,RealGARCH,RealGARCH11-logRVscaled-studentt,1,0.009903001192,9.806943261e-05,-0.0248269436,-0.01957995946,-0.01566944063,-0.03117133131,-0.02554473065,-0.01538250935,0.0001914369771,True,
2022-06-14,2022-06-13,UKX,RealGARCH,RealGARCH11-logRVscaled-studentt,1,0.01140894452,0.000130164015,-0.02863414774,-0.02258925794,-0.0180840689,-0.03594332261,-0.02946108823,-0.002542824107,0.0001955681793,True,
2022-06-15,2022-06-14,UKX,RealGARCH,RealGARCH11-logRVscaled-studentt,1,0.0123993774,0.0001537445599,-0.03113808007,-0.02456842152,-0.01967212817,-0.03908177876,-0.03203680888,0.011880438,0.0001121538873,True,
2022-06-16,2022-06-15,UKX,RealGARCH,RealGARCH11-logRVscaled-studentt,1,0.01150797321,0.0001324334474,-0.02888450408,-0.02278714514,-0.01824285143,-0.03625712198,-0.02971862234,-0.03190569877,0.0002689048934,True,
2022-06-17,2022-06-16,UKX,RealGARCH,RealGARCH11-logRVscaled-studentt,1,0.01335176715,0.000178269686,-0.03354583483,-0.0264715642,-0.0211991891,-0.0420996849,-0.03451359454,-0.00408215958,0.0002433402696,True,
2022-06-20,2022-06-17,UKX,RealGARCH,RealGARCH11-logRVscaled-studentt,1,0.01418894127,0.0002013260542,-0.03566231073,-0.02814447364,-0.02254151338,-0.04475249894,-0.0366907503,0.01492448931,5.853862984e-05,True,
2022-06-21,2022-06-20,UKX,RealGARCH,RealGARCH11-logRVscaled-studentt,1,0.01076833965,0.0001159571389,-0.02701462233,-0.02130914918,-0.0170569236,-0.03391339175,-0.02779513064,0.004245558498,7.193870071e-05,True,
2022-06-22,2022-06-21,UKX,RealGARCH,RealGARCH11-logRVscaled-studentt,1,0.009662209333,9.335828919e-05,-0.02421819309,-0.01909878958,-0.01528335516,-0.03040831677,-0.02491852712,-0.008833506873,0.0001021023622,True,
2022-06-23,2022-06-22,UKX,RealGARCH,RealGARCH11-logRVscaled-studentt,1,0.009817130215,9.637604566e-05,-0.02460985154,-0.01940836509,-0.01553175517,-0.03089922575,-0.02532141451,-0.009738086133,0.0001130795436,True,
2022-06-24,2022-06-23,UKX,RealGARCH,RealGARCH11-logRVscaled-studentt,1,0.01012647152,0.0001025454255,-0.02539190322,-0.02002651606,-0.01602775277,-0.03187945787,-0.02612588779,0.02646803432,9.105705484e-05,True,
2022-06-27,2022-06-24,UKX,RealGARCH,RealGARCH11-logRVscaled-studentt,1,0.0098287276,9.660388624e-05,-0.02463917111,-0.01943153993,-0.01555035041,-0.03093597522,-0.02535157468,0.006843139883,9.596710178e-05,True,
2022-06-28,2022-06-27,UKX,RealGARCH,RealGARCH11-logRVscaled-studentt,1,0.009778150932,9.561223564e-05,-0.02451130726,-0.01933047351,-0.01546925582,-0.03077570928,-0.02522004495,0.008929072856,8.95233633e-05,True,
2022-06-29,2022-06-28,UKX,RealGARCH,RealGARCH11-logRVscaled-studentt,1,0.009604012361,9.223705343e-05,-0.02407106421,-0.01898249565,-0.01519004218,-0.03022390382,-0.02476718002,-0.001516852539,0.0001049311193,True,
2022-06-30,2022-06-29,UKX,RealGARCH,RealGARCH11-logRVscaled-studentt,1,0.009842530552,9.687540768e-05,-0.02467406662,-0.01945912211,-0.01557248205,-0.03097971363,-0.02538747065,-0.01974984145,0.0001726826047,True,
2022-07-01,2022-06-30,UKX,RealGARCH,RealGARCH11-logRVscaled-studentt,1,0.01111828018,0.0001236161542,-0.02789931367,-0.02200842882,-0.01761801795,-0.03502227355,-0.02870518629,-8.363928028e-05,0.0001739536927,True,
2022-07-04,2022-07-01,UKX,RealGARCH,RealGARCH11-logRVscaled-studentt,1,0.01191578166,0.0001419858525,-0.02991549242,-0.02360206115,-0.01889673115,-0.03754937403,-0.03077916935,0.008888083046,3.600824151e-05,True,
2022-07-05,2022-07-04,UKX,RealGARCH,RealGARCH11-logRVscaled-studentt,1,0.00879385586,7.733190089e-05,-0.02202289205,-0.01736357501,-0.01389103792,-0.02765670245,-0.02266028629,-0.02906605034,0.0001518672329,True,
2022-07-06,2022-07-05,UKX,RealGARCH,RealGARCH11-logRVscaled-studentt,1,0.01015652691,0.000103155039,-0.02546788683,-0.02008657519,-0.01607594356,-0.03197469656,-0.02620404987,0.01164635809,0.0002269491683,True,
2022-07-07,2022-07-06,UKX,RealGARCH,RealGARCH11-logRVscaled-studentt,1,0.01200609879,0.0001441464083,-0.0301438249,-0.02378254021,-0.01904154558,-0.03783556846,-0.03101404818,0.01137325853,0.0001222713707,True,
2022-07-08,2022-07-07,UKX,RealGARCH,RealGARCH11-logRVscaled-studentt,1,0.01151800433,0.0001326644237,-0.02890986393,-0.02280719013,-0.01825893531,-0.0362889083,-0.02974470927,0.0009871323409,0.0001591532076,True,
2022-07-11,2022-07-08,UKX,RealGARCH,RealGARCH11-logRVscaled-studentt,1,0.01191923628,0.0001420681934,-0.02992422611,-0.02360896446,-0.01890227029,-0.03756032093,-0.03078815344,5.556986715e-05,8.764360583e-05,True,
2022-07-12,2022-07-11,UKX,RealGARCH,RealGARCH11-logRVscaled-studentt,1,0.01067091194,0.0001138683616,-0.02676831345,-0.02111446119,-0.01690070808,-0.03360466551,-0.02754176003,0.001846362097,6.514228329e-05,True,
2022-07-13,2022-07-12,UKX,RealGARCH,RealGARCH11-logRVscaled-studentt,1,0.009408456866,8.85190606e-05,-0.02357667662,-0.01859172075,-0.01487648867,-0.02960423301,-0.02425861822,-0.007448020443,0.0003004329172,True,
2022-07-14,2022-07-13,UKX,RealGARCH,RealGARCH11-logRVscaled-studentt,1,0.01222992559,0.0001495710799,-0.0307096857,-0.02422980912,-0.01940042927,-0.03854482457,-0.03159613235,-0.01642731456,0.0001280053053,True,
2022-07-15,2022-07-14,UKX,RealGARCH,RealGARCH11-logRVscaled-studentt,1,0.01175322572,0.0001381383148,-0.02950453164,-0.02327722865,-0.0186360891,-0.03703427129,-0.03035642623,0.01679057344,0.0001379434275,True,
2022-07-18,2022-07-15,UKX,RealGARCH,RealGARCH11-logRVscaled-studentt,1,0.01168491637,0.0001365372707,-0.02933183748,-0.02314072736,-0.01852656195,-0.03681781455,-0.03017878089,0.008927788593,5.62095501e-05,True,
2022-07-19,2022-07-18,UKX,RealGARCH,RealGARCH11-logRVscaled-studentt,1,0.00958277335,9.182954509e-05,-0.02401736946,-0.01894005413,-0.01515598757,-0.03015660224,-0.02471194583,0.01006924861,8.658715088e-05,True,
2022-07-20,2022-07-19,UKX,RealGARCH,RealGARCH11-logRVscaled-studentt,1,0.009428396338,8.889465752e-05,-0.02362708598,-0.01863156543,-0.0149084596,-0.02966741666,-0.02431047283,-0.00439543046,0.0001061509916,True,
2022-07-21,2022-07-20,UKX,RealGARCH,RealGARCH11-logRVscaled-studentt,1,0.009766679334,9.538802521e-05,-0.0244823057,-0.01930755003,-0.01545086227,-0.0307393584,-0.0251902119,0.0008531518093,0.0001640675589,True,
2022-07-22,2022-07-21,UKX,RealGARCH,RealGARCH11-logRVscaled-studentt,1,0.01094817897,0.0001198626228,-0.02746927755,-0.02166851874,-0.01734527781,-0.03448326157,-0.02826282093,0.0008111559663,9.570798159e-05,True,
2022-07-25,2022-07-22,UKX,RealGARCH,RealGARCH11-logRVscaled-studentt,1,0.01037563295,0.0001076537591,-0.02602181299,-0.0205244107,-0.016427258,-0.03266899368,-0.02677385723,0.004100742044,6.599676378e-05,True,
2022-07-26,2022-07-25,UKX,RealGARCH,RealGARCH11-logRVscaled-studentt,1,0.009289254327,8.629024596e-05,-0.0232753184,-0.01835352054,-0.01468535941,-0.02922650733,-0.02394861999,0,6.943802301e-05,True,
2022-07-27,2022-07-26,UKX,RealGARCH,RealGARCH11-logRVscaled-studentt,1,0.008832926332,7.802058758e-05,-0.02212166686,-0.01744164881,-0.01395368348,-0.02778050787,-0.02276189299,0.005718448829,4.15247279e-05,True,
2022-07-28,2022-07-27,UKX,RealGARCH,RealGARCH11-logRVscaled-studentt,1,0.007681260803,5.900176752e-05,-0.01921011919,-0.01514029705,-0.01210710393,-0.0241311422,-0.01976687057,-0.0003947854545,7.104005031e-05,True,
2022-07-29,2022-07-28,UKX,RealGARCH,RealGARCH11-logRVscaled-studentt,1,0.007987627193,6.380218818e-05,-0.01998464993,-0.01575250329,-0.01259833155,-0.02510194749,-0.02056360728,0.0105765337,8.726817011e-05,True,
2022-08-01,2022-07-29,UKX,RealGARCH,RealGARCH11-logRVscaled-studentt,1,0.008536254354,7.286763839e-05,-0.02137164476,-0.01684881473,-0.01347799988,-0.02684042197,-0.02199036757,-0.001347999791,6.425851668e-05,True,
2022-08-02,2022-08-01,UKX,RealGARCH,RealGARCH11-logRVscaled-studentt,1,0.008287073412,6.867558574e-05,-0.02074168565,-0.01635088109,-0.01307846337,-0.02605082433,-0.02134234739,-0.0005801725918,8.684246097e-05,True,
2022-08-03,2022-08-02,UKX,RealGARCH,RealGARCH11-logRVscaled-studentt,1,0.008703250632,7.574657157e-05,-0.02179383124,-0.01718252028,-0.01374576158,-0.02736959512,-0.02242465825,0.004927723071,5.572111966e-05,True,
2022-08-04,2022-08-03,UKX,RealGARCH,RealGARCH11-logRVscaled-studentt,1,0.008121187187,6.595368133e-05,-0.02032230551,-0.01601939374,-0.01281248153,-0.02552516868,-0.02091094352,0.0003222687257,6.382518691e-05,True,
2022-08-05,2022-08-04,UKX,RealGARCH,RealGARCH11-logRVscaled-studentt,1,0.008048990968,6.47862556e-05,-0.02013978486,-0.01587512538,-0.01269672217,-0.02529639531,-0.02072318997,-0.001128427803,4.532037432e-05,True,
2022-08-08,2022-08-05,UKX,RealGARCH,RealGARCH11-logRVscaled-studentt,1,0.007434874978,5.527736594e-05,-0.01858722647,-0.01464794884,-0.0117120491,-0.02335040165,-0.01912611937,0.005723031379,5.543559063e-05,True,
2022-08-09,2022-08-08,UKX,RealGARCH,RealGARCH11-logRVscaled-studentt,1,0.007432714493,5.524524473e-05,-0.01858176451,-0.01464363159,-0.01170858498,-0.02334355557,-0.01912050081,0.0007748912205,3.167662736e-05,True,
2022-08-10,2022-08-09,UKX,RealGARCH,RealGARCH11-logRVscaled-studentt,1,0.006580506299,4.330306315e-05,-0.01642728066,-0.01294067984,-0.01034215507,-0.02064310196,-0.0169042474,0.002520778196,5.970089069e-05,True,
2022-08-11,2022-08-10,UKX,RealGARCH,RealGARCH11-logRVscaled-studentt,1,0.007058364805,4.982051372e-05,-0.0176353639,-0.01389557558,-0.011108353,-0.02215732669,-0.01814696667,-0.005503279234,3.792641273e-05,True,
2022-08-12,2022-08-11,UKX,RealGARCH,RealGARCH11-logRVscaled-studentt,1,0.006649530063,4.421625006e-05,-0.01660178096,-0.01307860874,-0.01045282772,-0.02086182254,-0.01708375067,0.004677027054,4.513044832e-05,True,
2022-08-15,2022-08-12,UKX,RealGARCH,RealGARCH11-logRVscaled-studentt,1,0.00668058508,4.463021701e-05,-0.01668029174,-0.0131406654,-0.01050262131,-0.02096022881,-0.01716451237,0.001105961158,3.58204308e-05,True,
2022-08-16,2022-08-15,UKX,RealGARCH,RealGARCH11-logRVscaled-studentt,1,0.006369908205,4.057573054e-05,-0.01589486359,-0.01251984559,-0.01000448226,-0.01997576458,-0.01635656581,0.003575858393,3.023891508e-05,True,
2022-08-17,2022-08-16,UKX,RealGARCH,RealGARCH11-logRVscaled-studentt,1,0.005979462272,3.575396907e-05,-0.01490776976,-0.01173962476,-0.009378441579,-0.01873853037,-0.01534117176,-0.002697374476,2.531414934e-05,True,
2022-08-18,2022-08-17,UKX,RealGARCH,RealGARCH11-logRVscaled-studentt,1,0.005554309493,3.085035394e-05,-0.01383293288,-0.01089004988,-0.008696751965,-0.01739131808,-0.01423551905,0.003466681319,3.021327651e-05,True,
2022-08-19,2022-08-18,UKX,RealGARCH,RealGARCH11-logRVscaled-studentt,1,0.00554038193,3.069583193e-05,-0.01379772234,-0.01086221869,-0.008674420521,-0.0173471848,-0.01419929902,0.001126402339,7.693328977e-05,True,
2022-08-22,2022-08-19,UKX,RealGARCH,RealGARCH11-logRVscaled-studentt,1,0.006778684925,4.595056931e-05,-0.01692829984,-0.01333669649,-0.01065991452,-0.02127108487,-0.01741963092,-0.0022009923,6.223746523e-05,True,
2022-08-23,2022-08-22,UKX,RealGARCH,RealGARCH11-logRVscaled-studentt,1,0.00724080638,5.242927703e-05,-0.01809659794,-0.01426014518,-0.01140087967,-0.02273544248,-0.01862142439,-0.006084429836,7.92594765e-05,True,
2022-08-24,2022-08-23,UKX,RealGARCH,RealGARCH11-logRVscaled-studentt,1,0.007916067511,6.266412484e-05,-0.01980373853,-0.01560950692,-0.01248359281,-0.02487519116,-0.02037750911,-0.002219324675,7.900840406e-05,True,
2022-08-25,2022-08-24,UKX,RealGARCH,RealGARCH11-logRVscaled-studentt,1,0.008312140612,6.909168156e-05,-0.02080505852,-0.01640097241,-0.01311865609,-0.02613025658,-0.02140753717,0.001096928101,5.063985676e-05,True,
2022-08-26,2022-08-25,UKX,RealGARCH,RealGARCH11-logRVscaled-studentt,1,0.007753653398,6.011914101e-05,-0.0193931363,-0.01528495782,-0.01222317816,-0.02436053784,-0.01995513482,-0.007030335524,0.0001163735417,True,
2022-08-30,2022-08-26,UKX,RealGARCH,RealGARCH11-logRVscaled-studentt,1,0.008938434189,7.989560576e-05,-0.0223884033,-0.0176524832,-0.0141228547,-0.02811483824,-0.02303627682,-0.008885061046,0.0001103207664,True,
2022-08-31,2022-08-30,UKX,RealGARCH,RealGARCH11-logRVscaled-studentt,1,0.009561220267,9.1416933e-05,-0.0239628807,-0.01889698501,-0.01512142938,-0.03008830543,-0.02465589486,-0.01056966803,0.0001426115966,True,
2022-09-01,2022-08-31,UKX,RealGARCH,RealGARCH11-logRVscaled-studentt,1,0.01049510999,0.0001101473336,-0.02632386517,-0.02076315943,-0.01661882738,-0.03304758918,-0.02708456931,-0.01880510121,0.0001624542966,True,
2022-09-02,2022-09-01,UKX,RealGARCH,RealGARCH11-logRVscaled-studentt,1,0.01136991059,0.0001292748669,-0.02853546533,-0.02251125718,-0.01802148194,-0.035819633,-0.02935957657,0.01839316608,0.000128959769,True,
2022-09-05,2022-09-02,UKX,RealGARCH,RealGARCH11-logRVscaled-studentt,1,0.01130507573,0.0001278047374,-0.02837155509,-0.02238169889,-0.01791752579,-0.0356141861,-0.02919096698,0.0008511054368,8.101125499e-05,True,
2022-09-06,2022-09-05,UKX,RealGARCH,RealGARCH11-logRVscaled-studentt,1,0.01018630692,0.0001037608486,-0.02554317423,-0.02014608401,-0.01612369279,-0.03206906261,-0.02628149577,0.001782311742,9.584413748e-05,True,
2022-09-07,2022-09-06,UKX,RealGARCH,RealGARCH11-logRVscaled-studentt,1,0.009971345503,9.942773113e-05,-0.02499972616,-0.01971653062,-0.01577902384,-0.03138789886,-0.02572246692,-0.008611861874,0.0001174471451,True,
2022-09-08,2022-09-07,UKX,RealGARCH,RealGARCH11-logRVscaled-studentt,1,0.01029896932,0.0001060687691,-0.02582799821,-0.0203712152,-0.0163043356,-0.0324260641,-0.02657448573,0.003351790828,0.0001225381704,True,
2022-09-09,2022-09-08,UKX,RealGARCH,RealGARCH11-logRVscaled-studentt,1,0.01058266642,0.0001119928286,-0.02654521827,-0.02093812182,-0.01675921529,-0.03332503557,-0.02731226866,0.01218091852,8.877959293e-05,True,
2022-09-12,2022-09-09,UKX,RealGARCH,RealGARCH11-logRVscaled-studentt,1,0.01001690607,0.0001003384072,-0.0251149087,-0.01980757345,-0.01585207561,-0.03153226991,-0.02584095177,0.01644654973,5.498359179e-05,True,
2022-09-13,2022-09-12,UKX,RealGARCH,RealGARCH11-logRVscaled-studentt,1,0.00875516896,7.665298351e-05,-0.02192508696,-0.0172862677,-0.01382900738,-0.02753411248,-0.0225596771,-0.01172376101,0.0001395495814,True,
2022-09-14,2022-09-13,UKX,RealGARCH,RealGARCH11-logRVscaled-studentt,1,0.009947152609,9.894584503e-05,-0.02493856364,-0.01966818642,-0.01574023297,-0.03131123709,-0.02565955086,-0.01481287644,0.0001335035911,True,
2022-09-15,2022-09-14,UKX,RealGARCH,RealGARCH11-logRVscaled-studentt,1,0.0105755154,0.000111841526,-0.02652713964,-0.02092383207,-0.01674774935,-0.03330237562,-0.02729367171,0.0006594081083,6.836561675e-05,True,
2022-09-16,2022-09-15,UKX,RealGARCH,RealGARCH11-logRVscaled-studentt,1,0.009460428668,8.949971059e-05,-0.02370806753,-0.01869557504,-0.01495982021,-0.02976891981,-0.02439377614,-0.006253967278,8.02916189e-05,True,
2022-09-20,2022-09-16,UKX,RealGARCH,RealGARCH11-logRVscaled-studentt,1,0.009209048449,8.480657334e-05,-0.02307254839,-0.01819324663,-0.01455675738,-0.02897235317,-0.02374003651,-0.006098678419,0.0001364159055,True,
2022-09-21,2022-09-20,UKX,RealGARCH,RealGARCH11-logRVscaled-studentt,1,0.01017992017,0.0001036307747,-0.02552702777,-0.0201333215,-0.01611345229,-0.03204882447,-0.0262648864,0.006223023359,8.237153727e-05,True,
2022-09-22,2022-09-21,UKX,RealGARCH,RealGARCH11-logRVscaled-studentt,1,0.009645078966,9.302754826e-05,-0.02417488548,-0.01906455828,-0.01525588834,-0.03035403454,-0.02487397787,-0.01084952714,0.0001352426207,True,
2022-09-23,2022-09-22,UKX,RealGARCH,RealGARCH11-logRVscaled-studentt,1,0.01042523336,0.0001086854907,-0.02614720875,-0.02062352628,-0.01650678726,-0.03282616608,-0.02690284811,-0.01987636422,0.0002372577436,True,
2022-09-26,2022-09-23,UKX,RealGARCH,RealGARCH11-logRVscaled-studentt,1,0.0122996218,0.0001512806963,-0.03088588602,-0.02436908175,-0.01951218012,-0.03876567598,-0.03177738437,0.0003418761228,0.0002156405171,True,
2022-09-27,2022-09-26,UKX,RealGARCH,RealGARCH11-logRVscaled-studentt,1,0.01320534108,0.0001743810331,-0.03317565228,-0.02617896372,-0.02096440967,-0.04163569405,-0.03413279877,-0.005197918504,0.0002000630989,True,
2022-09-28,2022-09-27,UKX,RealGARCH,RealGARCH11-logRVscaled-studentt,1,0.01351477076,0.0001826490287,-0.03395792737,-0.02679729128,-0.02146054895,-0.0426162062,-0.03493750187,0.002973526708,0.000455597142,True,
2022-09-29,2022-09-28,UKX,RealGARCH,RealGARCH11-logRVscaled-studentt,1,0.01637063433,0.0002679976684,-0.04117789073,-0.03250411023,-0.02603963823,-0.0516657872,-0.04236446327,-0.01783006895,0.0002705626655,True,
2022-09-30,2022-09-29,UKX,RealGARCH,RealGARCH11-logRVscaled-studentt,1,0.01625988577,0.0002643838854,-0.04089790518,-0.03228280345,-0.02586206409,-0.05131485026,-0.04207645047,0.001771231365,0.0002265644846,True,
2022-10-03,2022-09-30,UKX,RealGARCH,RealGARCH11-logRVscaled-studentt,1,0.01558585956,0.0002429190183,-0.03919388662,-0.03093590944,-0.02478133102,-0.04917901476,-0.0403235773,0.00217350446,0.0002156614365,True,
2022-10-04,2022-10-03,UKX,RealGARCH,RealGARCH11-logRVscaled-studentt,1,0.01506141574,0.0002268462442,-0.03786803016,-0.02988792313,-0.02394043824,-0.04751717178,-0.03895970822,0.02539563251,0.0001518682751,True,
2022-10-05,2022-10-04,UKX,RealGARCH,RealGARCH11-logRVscaled-studentt,1,0.01369345827,0.0001875107994,-0.03440967069,-0.02715435921,-0.02174705636,-0.04318242622,-0.03540219678,-0.004795208567,0.0001486029883,True,
2022-10-06,2022-10-05,UKX,RealGARCH,RealGARCH11-logRVscaled-studentt,1,0.0129270214,0.0001671078822,-0.03247202696,-0.02562280268,-0.02051815211,-0.04075376237,-0.03340900034,-0.007872024563,0.0001267230719,True,
2022-10-07,2022-10-06,UKX,RealGARCH,RealGARCH11-logRVscaled-studentt,1,0.01209415966,0.0001462686978,-0.03036645325,-0.02395851058,-0.01918274229,-0.03811461327,-0.03124305934,-0.0008864069442,0.0001381390259,True,
2022-10-10,2022-10-07,UKX,RealGARCH,RealGARCH11-logRVscaled-studentt,1,0.01187559727,0.0001410298106,-0.02981390151,-0.02352176145,-0.01883229955,-0.03742203887,-0.03067466581,-0.004559058995,8.027266549e-05,True,
2022-10-11,2022-10-10,UKX,RealGARCH,RealGARCH11-logRVscaled-studentt,1,0.01044782473,0.0001091570416,-0.02620432242,-0.02066867019,-0.01654301024,-0.03289775298,-0.02696159924,-0.01070465782,0.0001453608302,True,
2022-10-12,2022-10-11,UKX,RealGARCH,RealGARCH11-logRVscaled-studentt,1,0.01107070547,0.0001225605196,-0.02777903914,-0.02191336116,-0.0175417367,-0.03487152013,-0.02858146346,-0.008606030379,0.0002420805628,True,
2022-10-13,2022-10-12,UKX,RealGARCH,RealGARCH11-logRVscaled-studentt,1,0.01277257949,0.0001631387869,-0.03208157942,-0.0253141843,-0.02027052009,-0.04026437116,-0.03300735858,0.003524240112,0.0006870413355,True,
2022-10-14,2022-10-13,UKX,RealGARCH,RealGARCH11-logRVscaled-studentt,1,0.0173465462,0.000300902665,-0.0436451122,-0.03445425673,-0.02760441452,-0.05475822957,-0.04490242057,0.001240052422,0.0002760498527,True,
2022-10-17,2022-10-14,UKX,RealGARCH,RealGARCH11-logRVscaled-studentt,1,0.01686463436,0.000284415892,-0.04242678165,-0.03349126128,-0.02683171747,-0.05323116074,-0.04364916019,0.008912228232,0.0001625018219,True,
2022-10-18,2022-10-17,UKX,RealGARCH,RealGARCH11-logRVscaled-studentt,1,0.0147969399,0.0002189494305,-0.03719940373,-0.02935942599,-0.0235163779,-0.0466791081,-0.03827191211,0.002381486095,0.0001055422289,True,
2022-10-19,2022-10-18,UKX,RealGARCH,RealGARCH11-logRVscaled-studentt,1,0.01252841843,0.0001569612683,-0.03146431116,-0.02482628179,-0.01987903244,-0.03949068038,-0.03237239309,-0.001688133146,0.0001279724777,True,
2022-10-20,2022-10-19,UKX,RealGARCH,RealGARCH11-logRVscaled-studentt,1,0.01191100114,0.0001418719481,-0.02990340669,-0.02359250833,-0.01888906607,-0.03753422565,-0.03076673713,0.002725510146,0.0001553305372,True,
2022-10-21,2022-10-20,UKX,RealGARCH,RealGARCH11-logRVscaled-studentt,1,0.0120793976,0.0001459118464,-0.03032913301,-0.02392901184,-0.01915907282,-0.03806783568,-0.03120466912,0.003708647998,0.0001742845087,True,
2022-10-24,2022-10-21,UKX,RealGARCH,RealGARCH11-logRVscaled-studentt,1,0.01248237101,0.0001558095861,-0.03134789781,-0.02473426611,-0.01980520006,-0.03934476662,-0.03225264215,0.006335941501,0.0002041752831,True,
2022-10-25,2022-10-24,UKX,RealGARCH,RealGARCH11-logRVscaled-studentt,1,0.01315680048,0.0001731013987,-0.03305293585,-0.02608196593,-0.0208865797,-0.04148187993,-0.03400656402,-7.12885404e-05,9.665248744e-05,True,
2022-10-26,2022-10-25,UKX,RealGARCH,RealGARCH11-logRVscaled-studentt,1,0.01151488024,0.0001325924668,-0.02890196586,-0.02280094732,-0.01825392615,-0.03627900876,-0.02973658475,0.006055641651,0.0001178797266,True,
2022-10-27,2022-10-26,UKX,RealGARCH,RealGARCH11-logRVscaled-studentt,1,0.01116478719,0.0001246524731,-0.02801688894,-0.02210136291,-0.01769258726,-0.03516964368,-0.02882613247,0.002491203802,0.0001109477056,True,
2022-10-28,2022-10-27,UKX,RealGARCH,RealGARCH11-logRVscaled-studentt,1,0.01083139782,0.0001173191787,-0.02717404087,-0.02143515713,-0.017158031,-0.0341132087,-0.02795911975,-0.0036823585,0.0001151340912,True,
2022-10-31,2022-10-28,UKX,RealGARCH,RealGARCH11-logRVscaled-studentt,1,0.01073665546,0.0001152757705,-0.02693452092,-0.02124583526,-0.01700612119,-0.03381299176,-0.0277127327,0.006618485835,7.866469624e-05,True,
2022-11-01,2022-10-31,UKX,RealGARCH,RealGARCH11-logRVscaled-studentt,1,0.009835610712,9.673923809e-05,-0.02465657244,-0.01944529432,-0.01556138679,-0.03095778623,-0.0253694749,0.01284271137,7.203891789e-05,True,
2022-11-02,2022-11-01,UKX,RealGARCH,RealGARCH11-logRVscaled-studentt,1,0.009190899342,8.447263071e-05,-0.02302666528,-0.01815697961,-0.01452765711,-0.02891484278,-0.02369283793,-0.005875692381,7.056280518e-05,True,
2022-11-03,2022-11-02,UKX,RealGARCH,RealGARCH11-logRVscaled-studentt,1,0.008811585137,7.764403263e-05,-0.02206771378,-0.0173990031,-0.01391946503,-0.02771288249,-0.02270639306,0.00620959657,0.0001330779518,True,
2022-11-04,2022-11-03,UKX,RealGARCH,RealGARCH11-logRVscaled-studentt,1,0.009880212205,9.761859322e-05,-0.02476933032,-0.01953442065,-0.01563290078,-0.0310991182,-0.02548546559,0.02013366658,0.0001289323961,True,
2022-11-07,2022-11-04,UKX,RealGARCH,RealGARCH11-logRVscaled-studentt,1,0.01045646658,0.0001093376934,-0.02622617004,-0.02068593904,-0.01655686657,-0.03292513703,-0.02698407324,-0.004755769953,6.097696291e-05,True,
2022-11-08,2022-11-07,UKX,RealGARCH,RealGARCH11-logRVscaled-studentt,1,0.009170356347,8.409543554e-05,-0.02297473014,-0.01811592892,-0.01449471849,-0.02884974672,-0.0236394138,0.0008352809188,4.746590588e-05,True,
2022-11-09,2022-11-08,UKX,RealGARCH,RealGARCH11-logRVscaled-studentt,1,0.008074102519,6.519113149e-05,-0.02020326986,-0.01592530533,-0.01273698601,-0.02537596809,-0.02078849509,-0.001342285451,5.222703692e-05,True,
2022-11-10,2022-11-09,UKX,RealGARCH,RealGARCH11-logRVscaled-studentt,1,0.007680895159,5.899615045e-05,-0.0192091948,-0.01513956639,-0.01210651766,-0.02412998355,-0.01976591967,0.0107692093,0.0003549015678,True,
2022-11-11,2022-11-10,UKX,RealGARCH,RealGARCH11-logRVscaled-studentt,1,0.01132981206,0.0001283646413,-0.02843409146,-0.02243112903,-0.01795718799,-0.03569256987,-0.02925529628,-0.007799486328,6.670770869e-05,True,
2022-11-14,2022-11-11,UKX,RealGARCH,RealGARCH11-logRVscaled-studentt,1,0.009777081884,9.559133016e-05,-0.02450860458,-0.01932833726,-0.01546754171,-0.03077232171,-0.02521726478,0.009140957347,7.168308058e-05,True,
2022-11-15,2022-11-14,UKX,RealGARCH,RealGARCH11-logRVscaled-studentt,1,0.009150635952,8.373413832e-05,-0.02292487463,-0.01807652202,-0.01446309883,-0.02878725727,-0.02358812892,-0.002141745481,7.486682138e-05,True,
2022-11-16,2022-11-15,UKX,RealGARCH,RealGARCH11-logRVscaled-studentt,1,0.008903958627,7.928047923e-05,-0.02230124497,-0.01758359132,-0.01406757661,-0.02800559303,-0.02294661964,-0.002472686732,5.177429206e-05,True,
2022-11-17,2022-11-16,UKX,RealGARCH,RealGARCH11-logRVscaled-studentt,1,0.008094395366,6.551923635e-05,-0.02025457259,-0.01596585615,-0.01276952355,-0.0254402715,-0.02084126869,-0.000639582397,4.841547622e-05,True,
2022-11-18,2022-11-17,UKX,RealGARCH,RealGARCH11-logRVscaled-studentt,1,0.007565979382,5.724404401e-05,-0.01891867403,-0.01490993233,-0.0119222618,-0.02376584164,-0.0194670696,0.005294609165,6.813136317e-05,True,
2022-11-21,2022-11-18,UKX,RealGARCH,RealGARCH11-logRVscaled-studentt,1,0.007849198495,6.160991701e-05,-0.01963468569,-0.01547588381,-0.01237637509,-0.02466329848,-0.02020360948,-0.001165135619,4.190672713e-05,True,
2022-11-22,2022-11-21,UKX,RealGARCH,RealGARCH11-logRVscaled-studentt,1,0.007208104989,5.195677753e-05,-0.01801392492,-0.0141947986,-0.01134844629,-0.02263181922,-0.01853638113,0.01023629166,7.025032749e-05,True,
2022-11-23,2022-11-22,UKX,RealGARCH,RealGARCH11-logRVscaled-studentt,1,0.007691835618,5.916433518e-05,-0.01923685359,-0.0151614285,-0.01212405958,-0.02416465138,-0.01979437144,0.001662473905,3.187502652e-05,True,
2022-11-24,2022-11-23,UKX,RealGARCH,RealGARCH11-logRVscaled-studentt,1,0.006716034727,4.510512245e-05,-0.01676991268,-0.01321150377,-0.01055946124,-0.02107256067,-0.01725670276,0.0001875062587,2.287806456e-05,True,
2022-11-25,2022-11-24,UKX,RealGARCH,RealGARCH11-logRVscaled-studentt,1,0.005795568111,3.358860973e-05,-0.01444286341,-0.01137215248,-0.009083585833,-0.01815581167,-0.01486293644,0.002688384332,2.615933837e-05,True,
2022-11-28,2022-11-25,UKX,RealGARCH,RealGARCH11-logRVscaled-studentt,1,0.005497894216,3.022684081e-05,-0.01369030833,-0.01077731629,-0.008606295757,-0.01721255092,-0.01408880543,-0.001697807975,5.200305379e-05,True,
2022-11-29,2022-11-28,UKX,RealGARCH,RealGARCH11-logRVscaled-studentt,1,0.006199076195,3.842854567e-05,-0.01546297992,-0.01217847517,-0.00973057036,-0.01943443686,-0.01591229993,0.005071410843,6.840280998e-05,True,
2022-11-30,2022-11-29,UKX,RealGARCH,RealGARCH11-logRVscaled-studentt,1,0.007033078976,4.946419988e-05,-0.01757143831,-0.01384504738,-0.01106780973,-0.02207720166,-0.01808120832,0.008100765886,6.962391615e-05,True,
2022-12-01,2022-11-30,UKX,RealGARCH,RealGARCH11-logRVscaled-studentt,1,0.007572799255,5.734728855e-05,-0.01893591548,-0.01492356036,-0.01193319677,-0.02378745226,-0.01948480537,-0.001929749985,6.239651234e-05,True,
2022-12-02,2022-12-01,UKX,RealGARCH,RealGARCH11-logRVscaled-studentt,1,0.007704493427,5.935921897e-05,-0.01926885404,-0.01518672237,-0.0121443551,-0.02420476109,-0.01982728935,-0.0003043136798,7.567789629e-05,True,
2022-12-05,2022-12-02,UKX,RealGARCH,RealGARCH11-logRVscaled-studentt,1,0.008111754656,6.580056359e-05,-0.02029845894,-0.01600054489,-0.01279735742,-0.02549527914,-0.02088641327,0.001494317787,3.699809673e-05,True,
2022-12-06,2022-12-05,UKX,RealGARCH,RealGARCH11-logRVscaled-studentt,1,0.007144938762,5.105014992e-05,-0.01785423318,-0.01406857471,-0.01124716562,-0.02243165984,-0.01837211098,-0.006110484096,6.975622015e-05,True,
2022-12-07,2022-12-06,UKX,RealGARCH,RealGARCH11-logRVscaled-studentt,1,0.007642600049,5.84093355e-05,-0.0191123802,-0.01506304198,-0.01204511531,-0.02400863507,-0.01966632938,-0.004290269034,8.713354898e-05,True,
2022-12-08,2022-12-07,UKX,RealGARCH,RealGARCH11-logRVscaled-studentt,1,0.008326696831,6.933388011e-05,-0.02084185837,-0.01643005983,-0.01314199552,-0.02617638192,-0.02144539209,-0.002272515523,7.3834021e-05,True,
2022-12-09,2022-12-08,UKX,RealGARCH,RealGARCH11-logRVscaled-studentt,1,0.008423964429,7.096317669e-05,-0.02108776245,-0.01662442786,-0.01329795431,-0.02648460078,-0.02169834629,0.000588663042,6.550561304e-05,True,
2022-12-12,2022-12-09,UKX,RealGARCH,RealGARCH11-logRVscaled-studentt,1,0.008260794545,6.824072652e-05,-0.02067524954,-0.01629836852,-0.01303632785,-0.02596755259,-0.02127400655,-0.004101180852,3.655319812e-05,True,
2022-12-13,2022-12-12,UKX,RealGARCH,RealGARCH11-logRVscaled-studentt,1,0.007198591824,5.181972425e-05,-0.01798987451,-0.01417578862,-0.01133319289,-0.02260167417,-0.01851164118,0.00761262396,0.000127893477,True,
2022-12-14,2022-12-13,UKX,RealGARCH,RealGARCH11-logRVscaled-studentt,1,0.008755007928,7.665016382e-05,-0.02192467985,-0.01728594592,-0.01382874918,-0.0275336022,-0.02255925832,-0.0009334080859,3.018419061e-05,True,
2022-12-15,2022-12-14,UKX,RealGARCH,RealGARCH11-logRVscaled-studentt,1,0.007131678924,5.086084427e-05,-0.01782071073,-0.01404207782,-0.0112259048,-0.02238964243,-0.01833762743,-0.009341877275,0.0001063400939,True,
2022-12-16,2022-12-15,UKX,RealGARCH,RealGARCH11-logRVscaled-studentt,1,0.008367319729,7.001203945e-05,-0.0209445579,-0.01651123581,-0.01320713024,-0.02630510663,-0.02155103604,-0.01275233196,0.0001311752455,True,
2022-12-19,2022-12-16,UKX,RealGARCH,RealGARCH11-logRVscaled-studentt,1,0.009570414084,9.159282574e-05,-0.02398612376,-0.01891535684,-0.01513617073,-0.03011743854,-0.02467980431,0.003974538995,4.079975415e-05,True,
2022-12-20,2022-12-19,UKX,RealGARCH,RealGARCH11-logRVscaled-studentt,1,0.008000356597,6.400570568e-05,-0.02001683138,-0.01577794023,-0.01261874186,-0.02514228407,-0.02059671138,0.001262606221,5.911655785e-05,True,
2022-12-21,2022-12-20,UKX,RealGARCH,RealGARCH11-logRVscaled-studentt,1,0.007850430305,6.162925598e-05,-0.01963779985,-0.01547834531,-0.01237835017,-0.02466720181,-0.02020681293,0.01704380241,3.166102085e-05,True,
2022-12-22,2022-12-21,UKX,RealGARCH,RealGARCH11-logRVscaled-studentt,1,0.006782644887,4.600427167e-05,-0.0169383111,-0.01334460961,-0.01066626392,-0.02128363309,-0.0174299292,-0.003741669236,4.824362633e-05,True,
2022-12-23,2022-12-22,UKX,RealGARCH,RealGARCH11-logRVscaled-studentt,1,0.006853150655,4.69656739e-05,-0.01711655808,-0.01348549997,-0.01077931281,-0.02150704981,-0.01761328656,0.0004952644672,0.0002213600874,True,
2022-12-28,2022-12-23,UKX,RealGARCH,RealGARCH11-logRVscaled-studentt,1,0.009597805521,9.211787082e-05,-0.02405537258,-0.01897009264,-0.01518009014,-0.03020423576,-0.02475103851,0.003233118564,3.596944415e-05,True,
2022-12-29,2022-12-28,UKX,RealGARCH,RealGARCH11-logRVscaled-studentt,1,0.007796619872,6.078728143e-05,-0.01950176067,-0.01537081692,-0.01229207057,-0.0244966888,-0.02006687347,0.002065304247,3.424215933e-05,True,
2022-12-30,2022-12-29,UKX,RealGARCH,RealGARCH11-logRVscaled-studentt,1,0.006872850035,4.723606761e-05,-0.01716636046,-0.01352486488,-0.01081089878,-0.02156947265,-0.01766451679,-0.008152727311,6.705271037e-05,True,
2023-01-03,2022-12-30,UKX,RealGARCH,RealGARCH11-logRVscaled-studentt,1,0.007415616091,5.499136202e-05,-0.01853853771,-0.01460946417,-0.01168116942,-0.02328937463,-0.01907603469,0.01364825475,0.0001506910957,True,
2023-01-04,2023-01-03,UKX,RealGARCH,RealGARCH11-logRVscaled-studentt,1,0.009223612804,8.507503316e-05,-0.02310936881,-0.01822235031,-0.01458010985,-0.02901850429,-0.02377791259,0.004108530797,5.135859135e-05,True,
2023-01-05,2023-01-04,UKX,RealGARCH,RealGARCH11-logRVscaled-studentt,1,0.008240047362,6.789838053e-05,-0.02062279819,-0.01625690981,-0.01300306184,-0.02590180949,-0.0212200514,0.006347449723,7.680695754e-05,True,
2023-01-06,2023-01-05,UKX,RealGARCH,RealGARCH11-logRVscaled-studentt,1,0.008447328524,7.135735919e-05,-0.02114682966,-0.0166711159,-0.01333541628,-0.02655863627,-0.02175910698,0.008608935971,3.817004345e-05,True,
2023-01-09,2023-01-06,UKX,RealGARCH,RealGARCH11-logRVscaled-studentt,1,0.007357284686,5.412963795e-05,-0.01839106897,-0.01449290161,-0.01158764089,-0.02310453569,-0.01892433798,0.003293473344,2.740670994e-05,True,
2023-01-10,2023-01-09,UKX,RealGARCH,RealGARCH11-logRVscaled-studentt,1,0.006340656681,4.020392714e-05,-0.01582091225,-0.01246139281,-0.009957580393,-0.01988307316,-0.01628049427,-0.003943077108,2.7800457e-05,True,
2023-01-11,2023-01-10,UKX,RealGARCH,RealGARCH11-logRVscaled-studentt,1,0.005856215613,3.429526131e-05,-0.01459618752,-0.01149334326,-0.009180827988,-0.01834798979,-0.01502065639,0.003956034862,3.763807875e-05,True,
2023-01-12,2023-01-11,UKX,RealGARCH,RealGARCH11-logRVscaled-studentt,1,0.005984703803,3.581667961e-05,-0.01492102097,-0.01175009881,-0.009386845845,-0.01875513959,-0.01535480289,0.008892384133,5.788771924e-05,True,
2023-01-13,2023-01-12,UKX,RealGARCH,RealGARCH11-logRVscaled-studentt,1,0.006651284216,4.423958172e-05,-0.01660621567,-0.01308211403,-0.01045564033,-0.02086738105,-0.01708831252,0.006407462427,3.626006456e-05,True,
2023-01-16,2023-01-13,UKX,RealGARCH,RealGARCH11-logRVscaled-studentt,1,0.006371246062,4.059277639e-05,-0.01589824585,-0.012522519,-0.01000662738,-0.01998000394,-0.01636004504,0.002037672131,1.255694797e-05,True,
2023-01-17,2023-01-16,UKX,RealGARCH,RealGARCH11-logRVscaled-studentt,1,0.004940467023,2.440821441e-05,-0.01228106598,-0.009663419914,-0.007712517458,-0.01544619114,-0.01263915977,-0.001158429258,3.586686984e-05,True,
2023-01-18,2023-01-17,UKX,RealGARCH,RealGARCH11-logRVscaled-studentt,1,0.005388708214,2.903817621e-05,-0.01341427311,-0.01055913193,-0.008431227011,-0.01686656535,-0.01380485622,-0.002588981563,2.598707131e-05,True,
2023-01-19,2023-01-18,UKX,RealGARCH,RealGARCH11-logRVscaled-studentt,1,0.005272527761,2.779954899e-05,-0.01312055508,-0.0103269707,-0.008244943369,-0.01649841597,-0.01350271723,-0.01070756026,5.047513256e-05,True,
2023-01-20,2023-01-19,UKX,RealGARCH,RealGARCH11-logRVscaled-studentt,1,0.006017531902,3.621069019e-05,-0.01500401431,-0.01181569859,-0.009439482392,-0.01885916436,-0.01544017567,0.00300302369,5.085230529e-05,True,
2023-01-23,2023-01-20,UKX,RealGARCH,RealGARCH11-logRVscaled-studentt,1,0.006486273587,4.207174504e-05,-0.01618904914,-0.01275237636,-0.01019106242,-0.02034449996,-0.01665918573,0.00181289986,2.371921711e-05,True,
2023-01-24,2023-01-23,UKX,RealGARCH,RealGARCH11-logRVscaled-studentt,1,0.005729395562,3.28259735e-05,-0.01427557132,-0.01123992111,-0.008977484823,-0.01794612594,-0.01469084805,-0.003513080074,6.782098408e-05,True,
2023-01-25,2023-01-24,UKX,RealGARCH,RealGARCH11-logRVscaled-studentt,1,0.006719512559,4.515184903e-05,-0.01677870505,-0.01321845345,-0.01056503759,-0.02108358113,-0.01726574721,-0.001612664297,3.894395325e-05,True,
2023-01-26,2023-01-25,UKX,RealGARCH,RealGARCH11-logRVscaled-studentt,1,0.00650765999,4.234963855e-05,-0.01624311652,-0.01279511241,-0.01022535336,-0.0204122686,-0.01671480323,0.002089539777,2.922349803e-05,True,
2023-01-27,2023-01-26,UKX,RealGARCH,RealGARCH11-logRVscaled-studentt,1,0.006006178204,3.607417661e-05,-0.01497531081,-0.01179301071,-0.009421277881,-0.01882318707,-0.01541064924,0.0005281486275,2.981488265e-05,True,
2023-01-30,2023-01-27,UKX,RealGARCH,RealGARCH11-logRVscaled-studentt,1,0.005769652144,3.328888587e-05,-0.01437734475,-0.01132036509,-0.009042032194,-0.01807368988,-0.01479553935,0.002533709419,5.158969231e-05,True,
2023-01-31,2023-01-30,UKX,RealGARCH,RealGARCH11-logRVscaled-studentt,1,0.006356370901,4.040345103e-05,-0.01586063967,-0.01249279425,-0.009982776561,-0.01993286794,-0.01632136068,-0.001696991642,3.359627602e-05,True,
2023-02-01,2023-01-31,UKX,RealGARCH,RealGARCH11-logRVscaled-studentt,1,0.006110626189,3.733975242e-05,-0.01523936776,-0.01200172717,-0.009588749694,-0.01915415894,-0.01568227676,-0.001364866405,2.78452722e-05,True,
2023-02-02,2023-02-01,UKX,RealGARCH,RealGARCH11-logRVscaled-studentt,1,0.005739277857,3.293931032e-05,-0.01430055494,-0.01125966872,-0.008993330086,-0.01797744068,-0.01471654795,0.00758606526,6.925187488e-05,True,
2023-02-03,2023-02-02,UKX,RealGARCH,RealGARCH11-logRVscaled-studentt,1,0.006756532432,4.565073051e-05,-0.0168722957,-0.01329242958,-0.01062439523,-0.02120088867,-0.01736202112,0.01038040233,3.759528573e-05,True,
2023-02-06,2023-02-03,UKX,RealGARCH,RealGARCH11-logRVscaled-studentt,1,0.006477740119,4.196111705e-05,-0.01616747552,-0.01273532409,-0.01017737986,-0.02031745935,-0.01663699358,-0.008272704676,3.897313422e-05,True,
2023-02-07,2023-02-06,UKX,RealGARCH,RealGARCH11-logRVscaled-studentt,1,0.006377614764,4.067397007e-05,-0.01591434669,-0.01253524546,-0.01001683895,-0.02000018491,-0.01637660749,0.003566564636,3.777379985e-05,True,
2023-02-08,2023-02-07,UKX,RealGARCH,RealGARCH11-logRVscaled-studentt,1,0.006279882984,3.94369303e-05,-0.01566726911,-0.01233994987,-0.009860135899,-0.01969049516,-0.01612244614,0.002603192537,2.878477099e-05,True,
2023-02-09,2023-02-08,UKX,RealGARCH,RealGARCH11-logRVscaled-studentt,1,0.005869190215,3.444739378e-05,-0.01462898886,-0.01151927016,-0.009201631454,-0.01838910335,-0.01505439815,0.003291892183,3.036307561e-05,True,
2023-02-10,2023-02-09,UKX,RealGARCH,RealGARCH11-logRVscaled-studentt,1,0.005718801027,3.270468518e-05,-0.01424878707,-0.01121875025,-0.008960497554,-0.01791255427,-0.01466329589,-0.003634389185,4.248887481e-05,True,
2023-02-13,2023-02-10,UKX,RealGARCH,RealGARCH11-logRVscaled-studentt,1,0.006063975009,3.677179291e-05,-0.01512142802,-0.01190850498,-0.009513949231,-0.01900633198,-0.01556095566,0.00822489619,2.069191864e-05,True,
2023-02-14,2023-02-13,UKX,RealGARCH,RealGARCH11-logRVscaled-studentt,1,0.005357797058,2.870598932e-05,-0.01333612603,-0.01049736275,-0.008381664091,-0.01676861494,-0.01372446864,0.0007923534672,5.218217768e-05,True,
2023-02-15,2023-02-14,UKX,RealGARCH,RealGARCH11-logRVscaled-studentt,1,0.00611542246,3.739839186e-05,-0.01525149331,-0.01201131147,-0.009596440031,-0.01916935723,-0.01569474995,0.005504117384,3.233954989e-05,True,
2023-02-16,2023-02-15,UKX,RealGARCH,RealGARCH11-logRVscaled-studentt,1,0.00593154816,3.518326357e-05,-0.01478663717,-0.01164387888,-0.009301616131,-0.01858670147,-0.01521656628,0.001836342768,3.610525947e-05,True,
2023-02-17,2023-02-16,UKX,RealGARCH,RealGARCH11-logRVscaled-studentt,1,0.005973118514,3.567814478e-05,-0.01489173198,-0.01172694814,-0.009368270001,-0.01871842845,-0.01532467418,-0.001011444005,4.059168596e-05,True,
2023-02-20,2023-02-17,UKX,RealGARCH,RealGARCH11-logRVscaled-studentt,1,0.006150910776,3.783370337e-05,-0.015341212,-0.01208222711,-0.009653341967,-0.01928181162,-0.01578704089,0.001236043429,1.619380088e-05,True,
2023-02-21,2023-02-20,UKX,RealGARCH,RealGARCH11-logRVscaled-studentt,1,0.005120185467,2.621629921e-05,-0.01273541562,-0.01002254793,-0.008000677862,-0.01601567795,-0.01310653572,-0.004564761885,5.862637207e-05,True,
2023-02-22,2023-02-21,UKX,RealGARCH,RealGARCH11-logRVscaled-studentt,1,0.0061161253,3.740698868e-05,-0.01525327017,-0.01201271594,-0.009597566964,-0.01917158437,-0.01569657775,-0.005933952602,5.040895554e-05,True,
2023-02-23,2023-02-22,UKX,RealGARCH,RealGARCH11-logRVscaled-studentt,1,0.006532631465,4.267527386e-05,-0.01630624738,-0.01284501245,-0.0102653926,-0.02049139752,-0.01677974407,-0.002891714203,3.010879642e-05,True,
2023-02-24,2023-02-23,UKX,RealGARCH,RealGARCH11-logRVscaled-studentt,1,0.00605812878,3.670092431e-05,-0.01510664806,-0.01189682257,-0.009504575391,-0.01898780661,-0.01554575195,-0.00367405259,5.261334587e-05,True,
2023-02-27,2023-02-24,UKX,RealGARCH,RealGARCH11-logRVscaled-studentt,1,0.006558882531,4.301894005e-05,-0.0163726132,-0.01289746946,-0.01030748354,-0.02057458116,-0.01684801261,0.007133028253,4.592152605e-05,True,
2023-02-28,2023-02-27,UKX,RealGARCH,RealGARCH11-logRVscaled-studentt,1,0.006654941828,4.428825073e-05,-0.01661546255,-0.01308942297,-0.01046150494,-0.02087897119,-0.01709782451,-0.007437742949,3.585985004e-05,True,
2023-03-01,2023-02-28,UKX,RealGARCH,RealGARCH11-logRVscaled-studentt,1,0.006357838422,4.04221094e-05,-0.01586434974,-0.01249572677,-0.009985129583,-0.01993751819,-0.01632517712,0.004888820938,5.866219912e-05,True,
2023-03-02,2023-03-01,UKX,RealGARCH,RealGARCH11-logRVscaled-studentt,1,0.006898361047,4.758738514e-05,-0.01723085534,-0.01357584305,-0.01085180311,-0.02165031124,-0.01773086075,0.00366988011,4.619159003e-05,True,
2023-03-03,2023-03-02,UKX,RealGARCH,RealGARCH11-logRVscaled-studentt,1,0.006852795602,4.696080757e-05,-0.01711566046,-0.01348479048,-0.01077874352,-0.02150592472,-0.01761236321,0.0003901678323,2.605937542e-05,True,
2023-03-06,2023-03-03,UKX,RealGARCH,RealGARCH11-logRVscaled-studentt,1,0.006029003966,3.634888882e-05,-0.01503301706,-0.011838623,-0.009457876689,-0.01889551671,-0.01547000993,-0.002179304518,2.690976881e-05,True,
2023-03-07,2023-03-06,UKX,RealGARCH,RealGARCH11-logRVscaled-studentt,1,0.005654431212,3.197259233e-05,-0.01408605251,-0.01109012125,-0.008857287046,-0.01770858099,-0.01449589569,-0.001299717537,4.533627428e-05,True,
2023-03-08,2023-03-07,UKX,RealGARCH,RealGARCH11-logRVscaled-studentt,1,0.006111521545,3.735069559e-05,-0.01524163133,-0.01200351634,-0.009590185307,-0.01915699612,-0.01568460522,0.001312340348,2.960851323e-05,True,
2023-03-09,2023-03-08,UKX,RealGARCH,RealGARCH11-logRVscaled-studentt,1,0.005816842234,3.383565358e-05,-0.01449664692,-0.01141466417,-0.009117696745,-0.01822322452,-0.01491826194,-0.006312508999,2.995825937e-05,True,
2023-03-10,2023-03-09,UKX,RealGARCH,RealGARCH11-logRVscaled-studentt,1,0.005673846576,3.219253497e-05,-0.01413513686,-0.01112891861,-0.008888417625,-0.01777010386,-0.0145463873,-0.01684154608,0.0001429270755,True,
2023-03-13,2023-03-10,UKX,RealGARCH,RealGARCH11-logRVscaled-studentt,1,0.007858570815,6.175713526e-05,-0.01965838003,-0.01549461234,-0.01239140266,-0.02469299723,-0.02022798315,-0.0261242292,0.0003326215364,True,
2023-03-14,2023-03-13,UKX,RealGARCH,RealGARCH11-logRVscaled-studentt,1,0.01131406904,0.0001280081582,-0.02839429123,-0.02239967004,-0.01793194564,-0.03564268383,-0.02921435497,0.01165583421,0.0001643373905,True,
2023-03-15,2023-03-14,UKX,RealGARCH,RealGARCH11-logRVscaled-studentt,1,0.0118840745,0.0001412312267,-0.02983533295,-0.02353870133,-0.01884589192,-0.03744890127,-0.03069671169,-0.03906622901,0.0003091296157,True,
2023-03-16,2023-03-15,UKX,RealGARCH,RealGARCH11-logRVscaled-studentt,1,0.01401041567,0.0001962917471,-0.03521097675,-0.02778772926,-0.02225526559,-0.04418679199,-0.03622647647,0.008878705519,0.0002888562996,True,
2023-03-17,2023-03-16,UKX,RealGARCH,RealGARCH11-logRVscaled-studentt,1,0.01512674795,0.0002288185034,-0.03803319775,-0.03001847525,-0.02404519184,-0.04772419465,-0.03912961121,-0.0101185095,0.0002014986766,True,
2023-03-20,2023-03-17,UKX,RealGARCH,RealGARCH11-logRVscaled-studentt,1,0.0145963489,0.0002130534012,-0.03669228577,-0.02895858872,-0.02319475045,-0.04604348091,-0.03775025497,0.009294945362,0.0002803468206,True,
2023-03-21,2023-03-20,UKX,RealGARCH,RealGARCH11-logRVscaled-studentt,1,0.01537461154,0.0002363786799,-0.03865982644,-0.03051377645,-0.02444261612,-0.0485096179,-0.03977420549,0.0177112269,6.964211224e-05,True,
2023-03-22,2023-03-21,UKX,RealGARCH,RealGARCH11-logRVscaled-studentt,1,0.01169217426,0.0001367069389,-0.02935018627,-0.02315523066,-0.01853819924,-0.03684081313,-0.03019765575,0.004052128964,4.70861344e-05,True,
2023-03-23,2023-03-22,UKX,RealGARCH,RealGARCH11-logRVscaled-studentt,1,0.009224138785,8.508473632e-05,-0.02311069855,-0.01822340136,-0.01458095321,-0.02902017101,-0.02377928045,-0.008920532185,5.072128782e-05,True,
2023-03-24,2023-03-23,UKX,RealGARCH,RealGARCH11-logRVscaled-studentt,1,0.008217978566,6.753517172e-05,-0.02056700565,-0.01621281015,-0.01296767675,-0.02583187851,-0.02116265927,-0.01262673147,0.0002109632256,True,
2023-03-27,2023-03-24,UKX,RealGARCH,RealGARCH11-logRVscaled-studentt,1,0.01050585105,0.0001103729063,-0.02635101987,-0.0207846231,-0.01663604959,-0.03308162517,-0.02711250254,0.00891294049,6.705021555e-05,True,
2023-03-28,2023-03-27,UKX,RealGARCH,RealGARCH11-logRVscaled-studentt,1,0.009386059965,8.809812166e-05,-0.02352005459,-0.01854696544,-0.01484057749,-0.02953326234,-0.02420037282,0.001671559195,3.998777425e-05,True,
2023-03-29,2023-03-28,UKX,RealGARCH,RealGARCH11-logRVscaled-studentt,1,0.00787990971,6.209297703e-05,-0.0197123273,-0.01553725346,-0.01242561742,-0.02476061532,-0.0202834771,0.01063231872,3.182172973e-05,True,
2023-03-30,2023-03-29,UKX,RealGARCH,RealGARCH11-logRVscaled-studentt,1,0.006804259026,4.629794089e-05,-0.01699295422,-0.01338780074,-0.01070092001,-0.02135212337,-0.01748613895,0.007389063113,4.094861819e-05,True,
2023-03-31,2023-03-30,UKX,RealGARCH,RealGARCH11-logRVscaled-studentt,1,0.006624981756,4.389038327e-05,-0.01653971992,-0.01302955431,-0.01041346698,-0.02078403455,-0.01701991032,0.00148180185,2.682616121e-05,True,
2023-04-03,2023-03-31,UKX,RealGARCH,RealGARCH11-logRVscaled-studentt,1,0.00595427568,3.545339888e-05,-0.01484409505,-0.01168929486,-0.009338057418,-0.0186587198,-0.01527567149,0.005397022447,3.509409707e-05,True,
2023-04-04,2023-04-03,UKX,RealGARCH,RealGARCH11-logRVscaled-studentt,1,0.005948980654,3.539037082e-05,-0.01483070859,-0.01167871391,-0.009329567378,-0.01864194107,-0.01526190124,-0.005030224554,3.713687303e-05,True,
2023-04-05,2023-04-04,UKX,RealGARCH,RealGARCH11-logRVscaled-studentt,1,0.006019600499,3.623559017e-05,-0.01500924397,-0.01181983223,-0.009442799178,-0.01886571927,-0.01544555527,0.003713040753,4.511128346e-05,True,
2023-04-06,2023-04-05,UKX,RealGARCH,RealGARCH11-logRVscaled-studentt,1,0.006320803713,3.995255958e-05,-0.01577072159,-0.012421721,-0.009925748162,-0.01982016363,-0.01622886462,0.01021790785,2.926467955e-05,True,
2023-04-11,2023-04-06,UKX,RealGARCH,RealGARCH11-logRVscaled-studentt,1,0.005911600699,3.494702282e-05,-0.01473620761,-0.01160401824,-0.009269632388,-0.01852349251,-0.01516469089,0.005680345552,3.786500593e-05,True,
2023-04-12,2023-04-11,UKX,RealGARCH,RealGARCH11-logRVscaled-studentt,1,0.006023932299,3.628776034e-05,-0.01502019528,-0.01182848838,-0.009449744782,-0.01887944576,-0.01545682055,0.005009409278,6.083252159e-05,True,
2023-04-13,2023-04-12,UKX,RealGARCH,RealGARCH11-logRVscaled-studentt,1,0.006747829757,4.553320643e-05,-0.0168502943,-0.01327503918,-0.01061044137,-0.02117331188,-0.01733938894,0.002374249255,2.773295443e-05,True,
2023-04-14,2023-04-13,UKX,RealGARCH,RealGARCH11-logRVscaled-studentt,1,0.006058951098,3.671088841e-05,-0.01510872698,-0.0118984658,-0.009505893896,-0.01899041235,-0.01554789047,0.00362704264,2.394604024e-05,True,
2023-04-17,2023-04-14,UKX,RealGARCH,RealGARCH11-logRVscaled-studentt,1,0.005528040623,3.055923313e-05,-0.01376652204,-0.01083755729,-0.008654632481,-0.01730807801,-0.01416720421,0.0009650061121,1.881594784e-05,True,
2023-04-18,2023-04-17,UKX,RealGARCH,RealGARCH11-logRVscaled-studentt,1,0.004985412753,2.485434032e-05,-0.01239469414,-0.009753234128,-0.007784583404,-0.01558861392,-0.01275604567,0.003787463082,2.023135786e-05,True,
2023-04-19,2023-04-18,UKX,RealGARCH,RealGARCH11-logRVscaled-studentt,1,0.004782221355,2.286964109e-05,-0.01188100208,-0.009347200544,-0.007458786485,-0.01494474667,-0.01222762594,-0.001341088648,2.122904569e-05,True,
2023-04-20,2023-04-19,UKX,RealGARCH,RealGARCH11-logRVscaled-studentt,1,0.004722125755,2.229847164e-05,-0.01172907324,-0.009227112626,-0.007362429249,-0.01475431741,-0.01207134127,0.0004810071382,1.684138852e-05,True,
2023-04-21,2023-04-20,UKX,RealGARCH,RealGARCH11-logRVscaled-studentt,1,0.004458987814,1.988257233e-05,-0.01106382917,-0.008701288984,-0.006940514095,-0.01392049323,-0.0113870245,0.00145415945,4.326438416e-05,True,
2023-04-24,2023-04-21,UKX,RealGARCH,RealGARCH11-logRVscaled-studentt,1,0.0053021666,2.811297066e-05,-0.0131954856,-0.01038619744,-0.00829246626,-0.0165923347,-0.01357979602,-0.0002400943965,1.463454593e-05,True,
2023-04-25,2023-04-24,UKX,RealGARCH,RealGARCH11-logRVscaled-studentt,1,0.004612337429,2.127365656e-05,-0.01145151527,-0.009007724661,-0.007186394739,-0.01440642322,-0.01178582565,-0.002670342162,2.656961774e-05,True,
2023-04-26,2023-04-25,UKX,RealGARCH,RealGARCH11-logRVscaled-studentt,1,0.004859513105,2.361486762e-05,-0.01207640483,-0.009501651209,-0.007582716014,-0.01518966662,-0.01242863094,-0.004890854915,5.590528195e-05,True,
2023-04-27,2023-04-26,UKX,RealGARCH,RealGARCH11-logRVscaled-studentt,1,0.005880164529,3.457633489e-05,-0.01465673323,-0.01154119993,-0.00921922766,-0.01842387845,-0.01508293796,-0.002677855713,4.095720084e-05,True,
2023-04-28,2023-04-27,UKX,RealGARCH,RealGARCH11-logRVscaled-studentt,1,0.006109461362,3.732551813e-05,-0.01523642294,-0.01199939952,-0.009586882011,-0.01915046787,-0.01567924751,0.004967466942,4.823498906e-05,True,
2023-05-02,2023-04-28,UKX,RealGARCH,RealGARCH11-logRVscaled-studentt,1,0.006466431252,4.181473313e-05,-0.01613888535,-0.01271272579,-0.01015924724,-0.02028162412,-0.01660758373,-0.01247812061,4.66035891e-05,True,
2023-05-03,2023-05-02,UKX,RealGARCH,RealGARCH11-logRVscaled-studentt,1,0.00662387571,4.387572942e-05,-0.0165369237,-0.01302734412,-0.01041169355,-0.02078052974,-0.01701703393,0.001979244428,3.6246173e-05,True,
2023-05-04,2023-05-03,UKX,RealGARCH,RealGARCH11-logRVscaled-studentt,1,0.006356124103,4.040031361e-05,-0.01586001574,-0.01249230107,-0.009982380845,-0.0199320859,-0.01632071886,-0.01107748775,8.818497474e-05,True,
2023-05-05,2023-05-04,UKX,RealGARCH,RealGARCH11-logRVscaled-studentt,1,0.007536215299,5.679454103e-05,-0.01884342688,-0.01485045532,-0.01187453809,-0.02367152604,-0.0193896651,0.009792701989,4.302096601e-05,True,
2023-05-09,2023-05-05,UKX,RealGARCH,RealGARCH11-logRVscaled-studentt,1,0.00708735753,5.023063676e-05,-0.01770866096,-0.01395351121,-0.01115483992,-0.02224919803,-0.01822236518,-0.00184009111,3.566720944e-05,True,
2023-05-10,2023-05-09,UKX,RealGARCH,RealGARCH11-logRVscaled-studentt,1,0.006576323979,4.324803708e-05,-0.01641670726,-0.01293232238,-0.01033544914,-0.02062984914,-0.01689337086,-0.00294095084,5.17960596e-05,True,
2023-05-11,2023-05-10,UKX,RealGARCH,RealGARCH11-logRVscaled-studentt,1,0.006841415628,4.680496779e-05,-0.01708689053,-0.01346205008,-0.01076049687,-0.02146986418,-0.01758276844,-0.001383115037,6.382944065e-05,True,
2023-05-12,2023-05-11,UKX,RealGARCH,RealGARCH11-logRVscaled-studentt,1,0.007317996424,5.355307166e-05,-0.01829174356,-0.01441439261,-0.01152464613,-0.02298004014,-0.01882216489,0.003099736382,2.126722616e-05,True,
2023-05-15,2023-05-12,UKX,RealGARCH,RealGARCH11-logRVscaled-studentt,1,0.005982830481,3.579426057e-05,-0.01491628499,-0.01174635539,-0.009383842162,-0.01874920346,-0.01534993113,0.002974461425,1.891336167e-05,True,
2023-05-16,2023-05-15,UKX,RealGARCH,RealGARCH11-logRVscaled-studentt,1,0.005215009878,2.719632802e-05,-0.01297514302,-0.01021203378,-0.008152719243,-0.0163161549,-0.01335313617,-0.003425908314,2.837478496e-05,True,
2023-05-17,2023-05-16,UKX,RealGARCH,RealGARCH11-logRVscaled-studentt,1,0.005277316585,2.785007034e-05,-0.0131326618,-0.01033654012,-0.008252621767,-0.01651359066,-0.01351517105,-0.003605970248,2.723915406e-05,True,
2023-05-18,2023-05-17,UKX,RealGARCH,RealGARCH11-logRVscaled-studentt,1,0.005265292451,2.77233046e-05,-0.01310226336,-0.01031251251,-0.00823334228,-0.01647548892,-0.01348390107,0.002469964723,2.207783664e-05,True,
2023-05-19,2023-05-18,UKX,RealGARCH,RealGARCH11-logRVscaled-studentt,1,0.005023950003,2.524007363e-05,-0.0124921209,-0.009830242397,-0.007846373999,-0.01571072969,-0.01285626568,0.001883981314,2.120949668e-05,True,
2023-05-22,2023-05-19,UKX,RealGARCH,RealGARCH11-logRVscaled-studentt,1,0.004852245987,2.354429112e-05,-0.01205803269,-0.009487129461,-0.007571063922,-0.01516663878,-0.01240973206,0.001816099017,2.880004492e-05,True,
2023-05-23,2023-05-22,UKX,RealGARCH,RealGARCH11-logRVscaled-studentt,1,0.005086619236,2.587369525e-05,-0.01265055619,-0.009955473158,-0.007946857795,-0.01590931421,-0.01301924335,-0.001029998804,2.239510979e-05,True,
2023-05-24,2023-05-23,UKX,RealGARCH,RealGARCH11-logRVscaled-studentt,1,0.004943859209,2.444174388e-05,-0.01228964183,-0.009670198455,-0.007717956486,-0.01545694021,-0.01264798149,-0.01766115016,7.049280703e-05,True,
2023-05-25,2023-05-24,UKX,RealGARCH,RealGARCH11-logRVscaled-studentt,1,0.006243400687,3.898005214e-05,-0.01557503751,-0.01226704797,-0.009801640214,-0.01957489108,-0.01602757024,-0.007395769465,4.210566491e-05,True,
2023-05-26,2023-05-25,UKX,RealGARCH,RealGARCH11-logRVscaled-studentt,1,0.006354311034,4.037726872e-05,-0.01585543208,-0.01248867805,-0.009979473772,-0.0199263407,-0.01631600379,0.00740889324,5.535107426e-05,True,
2023-05-30,2023-05-26,UKX,RealGARCH,RealGARCH11-logRVscaled-studentt,1,0.006809712235,4.637218073e-05,-0.01700674058,-0.01339869779,-0.01070966368,-0.02136940335,-0.01750032057,-0.01387546371,5.630594368e-05,True,
2023-05-31,2023-05-30,UKX,RealGARCH,RealGARCH11-logRVscaled-studentt,1,0.007102898995,5.045117413e-05,-0.01774795164,-0.01398456742,-0.01117975909,-0.02229844539,-0.01826278232,-0.01015494877,5.849208356e-05,True,
2023-06-01,2023-05-31,UKX,RealGARCH,RealGARCH11-logRVscaled-studentt,1,0.007331562318,5.375180602e-05,-0.01832603976,-0.01444150108,-0.01154639767,-0.02302302737,-0.01885744437,0.005918405547,4.823409675e-05,True,
2023-06-02,2023-06-01,UKX,RealGARCH,RealGARCH11-logRVscaled-studentt,1,0.007155492491,5.120107279e-05,-0.01788091426,-0.01408966403,-0.01126408746,-0.0224651022,-0.01839955702,0.01549946287,4.477860292e-05,True,
2023-06-05,2023-06-02,UKX,RealGARCH,RealGARCH11-logRVscaled-studentt,1,0.006946427417,4.825285386e-05,-0.01735237285,-0.01367189319,-0.01092887269,-0.02180262261,-0.0178558622,-0.0009600396723,4.17228667e-05,True,
2023-06-06,2023-06-05,UKX,RealGARCH,RealGARCH11-logRVscaled-studentt,1,0.00672882941,4.527714523e-05,-0.01680225916,-0.01323707114,-0.01057997623,-0.02111310411,-0.01728997662,0.003690562803,3.427697597e-05,True,
2023-06-07,2023-06-06,UKX,RealGARCH,RealGARCH11-logRVscaled-studentt,1,0.006334490207,4.012576618e-05,-0.01580532267,-0.01244907046,-0.009947693074,-0.01986353301,-0.01626445773,-0.0004983206712,2.286969897e-05,True,
2023-06-08,2023-06-07,UKX,RealGARCH,RealGARCH11-logRVscaled-studentt,1,0.005609911977,3.147111238e-05,-0.01397350258,-0.01100115929,-0.008785904941,-0.01756750968,-0.01438011892,-0.003231690937,3.19545963e-05,True,
2023-06-09,2023-06-08,UKX,RealGARCH,RealGARCH11-logRVscaled-studentt,1,0.005639367263,3.180246313e-05,-0.01404796905,-0.01106001924,-0.008833133524,-0.01766084677,-0.01445672037,-0.004920211318,5.614588575e-05,True,
2023-06-12,2023-06-09,UKX,RealGARCH,RealGARCH11-logRVscaled-studentt,1,0.00639275981,4.086737798e-05,-0.01595263517,-0.01256550952,-0.01004112251,-0.02004817611,-0.01641599371,0.001096972039,4.341565366e-05,True,
2023-06-13,2023-06-12,UKX,RealGARCH,RealGARCH11-logRVscaled-studentt,1,0.006481289525,4.200711391e-05,-0.01617644884,-0.01274241681,-0.01018307098,-0.02032870661,-0.01664622417,0.003178217703,4.380665377e-05,True,
2023-06-14,2023-06-13,UKX,RealGARCH,RealGARCH11-logRVscaled-studentt,1,0.00654371598,4.282021883e-05,-0.01633427035,-0.01286716243,-0.01028316551,-0.02052652182,-0.01680857047,0.001039696096,5.086197819e-05,True,
2023-06-15,2023-06-14,UKX,RealGARCH,RealGARCH11-logRVscaled-studentt,1,0.006795629168,4.618057579e-05,-0.01697113691,-0.01337055586,-0.0106870829,-0.02132477732,-0.01746369613,0.003361517183,4.390717646e-05,True,
2023-06-16,2023-06-15,UKX,RealGARCH,RealGARCH11-logRVscaled-studentt,1,0.006721441372,4.517777412e-05,-0.01678358132,-0.01322230777,-0.01056813025,-0.0210896931,-0.01727076328,0.001885979211,5.736493983e-05,True,
2023-06-19,2023-06-16,UKX,RealGARCH,RealGARCH11-logRVscaled-studentt,1,0.007080234747,5.012972407e-05,-0.01769065372,-0.01393927788,-0.01114341925,-0.02222662756,-0.01820384166,-0.007117025984,2.196954238e-05,True,
2023-06-20,2023-06-19,UKX,RealGARCH,RealGARCH11-logRVscaled-studentt,1,0.005915717634,3.499571513e-05,-0.01474661572,-0.01161224504,-0.009276233479,-0.01853653814,-0.0151753974,-0.002533376284,2.866490097e-05,True,
2023-06-21,2023-06-20,UKX,RealGARCH,RealGARCH11-logRVscaled-studentt,1,0.00567253836,3.217769145e-05,-0.01413182954,-0.01112630442,-0.008886320033,-0.01776595842,-0.01454298515,-0.001335176852,3.123986086e-05,True,
2023-06-22,2023-06-21,UKX,RealGARCH,RealGARCH11-logRVscaled-studentt,1,0.005646414812,3.188200023e-05,-0.0140657861,-0.01107410223,-0.008844433558,-0.01768317885,-0.01447504823,-0.007595738623,6.957757535e-05,True,
2023-06-23,2023-06-22,UKX,RealGARCH,RealGARCH11-logRVscaled-studentt,1,0.006702435688,4.492264416e-05,-0.01673553269,-0.01318432906,-0.01053765655,-0.02102946841,-0.01722133708,-0.005359591317,4.675149181e-05,True,
2023-06-26,2023-06-23,UKX,RealGARCH,RealGARCH11-logRVscaled-studentt,1,0.006761704796,4.572065175e-05,-0.01688537205,-0.01330276542,-0.01063268859,-0.02121727871,-0.01737547238,-0.001112910041,6.331655835e-05,True,
2023-06-27,2023-06-26,UKX,RealGARCH,RealGARCH11-logRVscaled-studentt,1,0.007257790165,5.267551807e-05,-0.01813953497,-0.01429408356,-0.01142811146,-0.02278926022,-0.01866559244,0.001059316087,3.278755976e-05,True,
2023-06-28,2023-06-27,UKX,RealGARCH,RealGARCH11-logRVscaled-studentt,1,0.006542880472,4.280928487e-05,-0.01633215809,-0.01286549285,-0.01028182585,-0.02052387428,-0.01680639764,0.005213218597,3.167756127e-05,True,
2023-06-29,2023-06-28,UKX,RealGARCH,RealGARCH11-logRVscaled-studentt,1,0.006130701201,3.758549721e-05,-0.01529011978,-0.01204184269,-0.009620937951,-0.01921777208,-0.01573448386,-0.003847108661,3.021853915e-05,True,
2023-06-30,2023-06-29,UKX,RealGARCH,RealGARCH11-logRVscaled-studentt,1,0.005852853643,3.425589577e-05,-0.01458768806,-0.01148662509,-0.009175437408,-0.01833733647,-0.01501191324,0.007971648835,3.203389209e-05,True,
2023-07-03,2023-06-30,UKX,RealGARCH,RealGARCH11-logRVscaled-studentt,1,0.005776813593,3.337157529e-05,-0.01439544975,-0.01133467568,-0.009053514855,-0.01809638288,-0.01481416342,-0.0005578392918,3.370297272e-05,True,
2023-07-04,2023-07-03,UKX,RealGARCH,RealGARCH11-logRVscaled-studentt,1,0.005798667673,3.362454678e-05,-0.01445069947,-0.01137834628,-0.009088555669,-0.01816563348,-0.01487099716,-0.001010116388,,True,
2023-07-05,2023-07-04,UKX,RealGARCH,RealGARCH11-logRVscaled-studentt,1,0.005807897912,3.373167816e-05,-0.01447403461,-0.01139679089,-0.009103355426,-0.018194882,-0.01489500133,-0.01037318923,,True,RV_imputed_in_recursion
2023-07-06,2023-07-05,UKX,RealGARCH,RealGARCH11-logRVscaled-studentt,1,0.005817049697,3.383806718e-05,-0.01449717142,-0.01141507874,-0.009118029391,-0.01822388193,-0.01491880147,-0.02195353908,5.300477642e-05,True,RV_imputed_in_recursion
2023-07-07,2023-07-06,UKX,RealGARCH,RealGARCH11-logRVscaled-studentt,1,0.006422974473,4.125460108e-05,-0.01602902144,-0.01262588692,-0.01008956867,-0.02014391949,-0.01649456999,-0.003246814271,9.23092936e-05,True,
2023-07-10,2023-07-07,UKX,RealGARCH,RealGARCH11-logRVscaled-studentt,1,0.00765579625,5.861121621e-05,-0.01914574177,-0.0150894117,-0.01206627409,-0.02405045083,-0.01970064743,0.002326097292,2.950942651e-05,True,
2023-07-11,2023-07-10,UKX,RealGARCH,RealGARCH11-logRVscaled-studentt,1,0.006587225435,4.339153893e-05,-0.01644426744,-0.01295410656,-0.01035292853,-0.02066439337,-0.01692172119,0.001195385662,3.599131835e-05,True,
2023-07-12,2023-07-11,UKX,RealGARCH,RealGARCH11-logRVscaled-studentt,1,0.006326861699,4.002917896e-05,-0.0157860369,-0.01243382656,-0.009935461532,-0.01983936001,-0.01624461903,0.01817911589,6.357892307e-05,True,
2023-07-13,2023-07-12,UKX,RealGARCH,RealGARCH11-logRVscaled-studentt,1,0.007001066499,4.901493212e-05,-0.01749050695,-0.01378107744,-0.01101648095,-0.02197576141,-0.01799795664,0.003244430668,3.101130606e-05,True,
2023-07-14,2023-07-13,UKX,RealGARCH,RealGARCH11-logRVscaled-studentt,1,0.006336176856,4.014713715e-05,-0.01580958672,-0.01245244086,-0.009950397446,-0.01986887762,-0.01626884403,-0.0007529643631,2.163111348e-05,True,
2023-07-17,2023-07-14,UKX,RealGARCH,RealGARCH11-logRVscaled-studentt,1,0.005543260191,3.072773354e-05,-0.01380499892,-0.01086797027,-0.008679035523,-0.01735630536,-0.01420678423,-0.003800313987,4.750547151e-05,True,
2023-07-18,2023-07-17,UKX,RealGARCH,RealGARCH11-logRVscaled-studentt,1,0.00610620776,3.728577321e-05,-0.01522819745,-0.0119928979,-0.009581665188,-0.01914015795,-0.01567078619,0.006366101498,2.467440842e-05,True,
2023-07-19,2023-07-18,UKX,RealGARCH,RealGARCH11-logRVscaled-studentt,1,0.005588211179,3.122810418e-05,-0.01391864038,-0.01095779499,-0.008751109901,-0.0174987448,-0.01432368381,0.01788385527,0.0001114804437,True,
2023-07-20,2023-07-19,UKX,RealGARCH,RealGARCH11-logRVscaled-studentt,1,0.007382854555,5.450654138e-05,-0.01845571265,-0.0145439974,-0.0116286396,-0.02318556078,-0.01899083501,0.00760129191,4.566491299e-05,True,
2023-07-21,2023-07-20,UKX,RealGARCH,RealGARCH11-logRVscaled-studentt,1,0.007098310553,5.03860127e-05,-0.01773635151,-0.01397539843,-0.01117240198,-0.02228390567,-0.01825084962,0.002299194557,3.754195392e-05,True,
2023-07-24,2023-07-21,UKX,RealGARCH,RealGARCH11-logRVscaled-studentt,1,0.006655648195,4.429765289e-05,-0.01661724833,-0.01309083449,-0.01046263753,-0.02088120951,-0.01709966149,0.001942330342,3.532305589e-05,True,
2023-07-25,2023-07-24,UKX,RealGARCH,RealGARCH11-logRVscaled-studentt,1,0.006337407512,4.016273397e-05,-0.01581269797,-0.01245490006,-0.009952370679,-0.01987277729,-0.01627204448,0.001717549358,2.236558473e-05,True,
2023-07-26,2023-07-25,UKX,RealGARCH,RealGARCH11-logRVscaled-studentt,1,0.005584231961,3.11836466e-05,-0.01390858044,-0.01094984339,-0.008744729626,-0.01748613556,-0.01431333545,-0.001938993923,4.654237649e-05,True,
2023-07-27,2023-07-26,UKX,RealGARCH,RealGARCH11-logRVscaled-studentt,1,0.006103999971,3.725881564e-05,-0.01522261589,-0.01198848612,-0.009578125221,-0.01913316197,-0.01566504461,0.002068994056,4.27476656e-05,True,
2023-07-28,2023-07-27,UKX,RealGARCH,RealGARCH11-logRVscaled-studentt,1,0.006295800036,3.963709809e-05,-0.01570750931,-0.01237175662,-0.009885657286,-0.01974093267,-0.01616384004,0.0001949685181,,True,
2023-07-31,2023-07-28,UKX,RealGARCH,RealGARCH11-logRVscaled-studentt,1,0.006300601962,3.969758509e-05,-0.01571964915,-0.01238135222,-0.009893356691,-0.01975614889,-0.01617632793,0.000662621369,,True,RV_imputed_in_recursion
2023-08-01,2023-07-31,UKX,RealGARCH,RealGARCH11-logRVscaled-studentt,1,0.006305359153,3.975755405e-05,-0.0157316759,-0.01239085842,-0.009900984367,-0.01977122334,-0.01618869949,-0.004308316423,5.428382123e-05,True,RV_imputed_in_recursion
2023-08-02,2023-08-01,UKX,RealGARCH,RealGARCH11-logRVscaled-studentt,1,0.006751902506,4.558818745e-05,-0.01686059069,-0.01328317768,-0.01061697161,-0.02118621749,-0.01734998053,-0.01375125362,8.582136137e-05,True,
2023-08-03,2023-08-02,UKX,RealGARCH,RealGARCH11-logRVscaled-studentt,1,0.007747416936,6.002246918e-05,-0.01937736978,-0.01527249562,-0.01221317862,-0.02434077591,-0.01993891627,-0.004294000604,0.0001223461949,True,
2023-08-04,2023-08-03,UKX,RealGARCH,RealGARCH11-logRVscaled-studentt,1,0.009032146464,8.157966974e-05,-0.02262531909,-0.01783974669,-0.01427311288,-0.02841179108,-0.02327998505,0.004664198149,7.750262421e-05,True,
2023-08-07,2023-08-04,UKX,RealGARCH,RealGARCH11-logRVscaled-studentt,1,0.008906468027,7.932517271e-05,-0.02230758903,-0.01758860581,-0.01407160018,-0.02801354475,-0.02295314559,-0.001309606318,6.662241519e-05,True,
2023-08-08,2023-08-07,UKX,RealGARCH,RealGARCH11-logRVscaled-studentt,1,0.008551643259,7.313060242e-05,-0.02141054974,-0.01687956609,-0.01350267444,-0.0268891859,-0.02203038797,-0.003593728554,7.691872492e-05,True,
2023-08-09,2023-08-08,UKX,RealGARCH,RealGARCH11-logRVscaled-studentt,1,0.008625972423,7.440740024e-05,-0.02159846272,-0.01702809667,-0.01362185376,-0.02712471809,-0.02222368847,0.007926087551,4.888435744e-05,True,
2023-08-10,2023-08-09,UKX,RealGARCH,RealGARCH11-logRVscaled-studentt,1,0.007854423571,6.169196964e-05,-0.0196478953,-0.01548632498,-0.01238475297,-0.02467985556,-0.02021719782,0.004116867454,5.208512909e-05,True,
2023-08-11,2023-08-10,UKX,RealGARCH,RealGARCH11-logRVscaled-studentt,1,0.007559664608,5.714852898e-05,-0.01890270953,-0.01489731364,-0.01191213669,-0.02374583156,-0.01945064739,-0.01246812004,7.319792396e-05,True,
2023-08-14,2023-08-11,UKX,RealGARCH,RealGARCH11-logRVscaled-studentt,1,0.007968812967,6.35019801e-05,-0.01993708532,-0.01571490718,-0.01256816483,-0.02504232949,-0.02051467899,-0.002261932595,6.280161549e-05,True,
2023-08-15,2023-08-14,UKX,RealGARCH,RealGARCH11-logRVscaled-studentt,1,0.007936842144,6.299346322e-05,-0.01985625927,-0.01565102048,-0.01251690284,-0.02494102124,-0.02043153564,-0.01578896645,9.076353284e-05,True,
2023-08-16,2023-08-15,UKX,RealGARCH,RealGARCH11-logRVscaled-studentt,1,0.008578977469,7.359885442e-05,-0.02147965388,-0.01693418753,-0.01354650209,-0.02697580178,-0.02210147335,-0.004434984518,6.826259261e-05,True,
2023-08-17,2023-08-16,UKX,RealGARCH,RealGARCH11-logRVscaled-studentt,1,0.008419961894,7.089575829e-05,-0.02107764356,-0.01661642967,-0.01329153665,-0.02647191765,-0.0216879373,-0.006367975196,5.928032441e-05,True,
2023-08-18,2023-08-17,UKX,RealGARCH,RealGARCH11-logRVscaled-studentt,1,0.008081328416,6.530786896e-05,-0.02022153778,-0.0159397447,-0.01274857201,-0.02539886531,-0.02080728677,-0.006560320618,9.092800897e-05,True,
2023-08-21,2023-08-18,UKX,RealGARCH,RealGARCH11-logRVscaled-studentt,1,0.008668764834,7.514748374e-05,-0.02170664704,-0.01711360795,-0.01369046707,-0.02726031749,-0.02233497445,-0.0006336134828,5.009439186e-05,True,
2023-08-22,2023-08-21,UKX,RealGARCH,RealGARCH11-logRVscaled-studentt,1,0.007917999192,6.269471121e-05,-0.01980862205,-0.01561336696,-0.01248669007,-0.02488131222,-0.02038253264,0.001789574194,3.762064558e-05,True,
2023-08-23,2023-08-22,UKX,RealGARCH,RealGARCH11-logRVscaled-studentt,1,0.00707526986,5.00594436e-05,-0.01767810189,-0.01392935664,-0.01113545856,-0.02221089496,-0.01819092997,0.006812331714,5.354712086e-05,True,
2023-08-24,2023-08-23,UKX,RealGARCH,RealGARCH11-logRVscaled-studentt,1,0.007176624754,5.150394286e-05,-0.01793433914,-0.01413189223,-0.01129797091,-0.02253206553,-0.0184545136,0.001787909377,5.360466594e-05,True,
2023-08-25,2023-08-24,UKX,RealGARCH,RealGARCH11-logRVscaled-studentt,1,0.007235221911,5.23484361e-05,-0.01808247973,-0.01424898584,-0.01139192554,-0.02271774657,-0.01860690142,0.0006815610647,3.537592939e-05,True,
2023-08-29,2023-08-25,UKX,RealGARCH,RealGARCH11-logRVscaled-studentt,1,0.006640319754,4.409384643e-05,-0.0165784962,-0.01306020395,-0.01043805992,-0.02083263717,-0.01705979833,0.0170773289,6.555719684e-05,True,
2023-08-30,2023-08-29,UKX,RealGARCH,RealGARCH11-logRVscaled-studentt,1,0.00723965399,5.241258989e-05,-0.01809368456,-0.01425784238,-0.01139903193,-0.02273179082,-0.01861842749,0.001164786209,5.267601344e-05,True,
2023-08-31,2023-08-30,UKX,RealGARCH,RealGARCH11-logRVscaled-studentt,1,0.007242880529,5.245931836e-05,-0.01810184163,-0.01426428992,-0.01140420536,-0.02274201498,-0.01862681843,-0.004640330241,4.950962002e-05,True,
2023-09-01,2023-08-31,UKX,RealGARCH,RealGARCH11-logRVscaled-studentt,1,0.007147727297,5.109000551e-05,-0.01786128292,-0.01407414698,-0.01125163675,-0.02244049607,-0.01837936285,0.003408562552,5.156972054e-05,True,
2023-09-04,2023-09-01,UKX,RealGARCH,RealGARCH11-logRVscaled-studentt,1,0.007158569492,5.124511718e-05,-0.01788869329,-0.01409581274,-0.01126902112,-0.02247485252,-0.01840755907,-0.001568674968,,True,
2023-09-05,2023-09-04,UKX,RealGARCH,RealGARCH11-logRVscaled-studentt,1,0.007154772836,5.119077433e-05,-0.01787909489,-0.01408822595,-0.01126293356,-0.02246282178,-0.01839768548,-0.002001236781,5.712755823e-05,True,RV_imputed_in_recursion
2023-09-06,2023-09-05,UKX,RealGARCH,RealGARCH11-logRVscaled-studentt,1,0.00732358345,5.363487455e-05,-0.01830586823,-0.01442555706,-0.01153360436,-0.02299774415,-0.01883669452,-0.001587702702,5.375583925e-05,True,
2023-09-07,2023-09-06,UKX,RealGARCH,RealGARCH11-logRVscaled-studentt,1,0.007321603606,5.360587936e-05,-0.01830086295,-0.01442160077,-0.01153042988,-0.02299147048,-0.01883154573,0.002098508511,7.826188173e-05,True,
2023-09-08,2023-09-07,UKX,RealGARCH,RealGARCH11-logRVscaled-studentt,1,0.007943103739,6.3092897e-05,-0.01987208933,-0.01566353291,-0.01252694268,-0.0249608628,-0.02044781954,0.004892803821,,True,
2023-09-11,2023-09-08,UKX,RealGARCH,RealGARCH11-logRVscaled-studentt,1,0.007930583706,6.289415791e-05,-0.0198404372,-0.01563851436,-0.01250686807,-0.02492118967,-0.02041525994,0.002497441299,5.454919738e-05,True,RV_imputed_in_recursion
2023-09-12,2023-09-11,UKX,RealGARCH,RealGARCH11-logRVscaled-studentt,1,0.007677011852,5.893651097e-05,-0.01919937734,-0.01513180645,-0.01210029117,-0.02411767824,-0.01975582074,0.004073392683,6.229150656e-05,True,
2023-09-13,2023-09-12,UKX,RealGARCH,RealGARCH11-logRVscaled-studentt,1,0.007760349654,6.022302675e-05,-0.01941006523,-0.01529833882,-0.01223391493,-0.02438175675,-0.01997254911,-0.0001992892025,4.92887979e-05,True,
2023-09-14,2023-09-13,UKX,RealGARCH,RealGARCH11-logRVscaled-studentt,1,0.007419737895,5.505251044e-05,-0.01854895813,-0.01461770069,-0.01168777832,-0.02330243568,-0.01908675386,0.01935702642,8.285871935e-05,True,
2023-09-15,2023-09-14,UKX,RealGARCH,RealGARCH11-logRVscaled-studentt,1,0.008101920212,6.564111113e-05,-0.0202735963,-0.01598089291,-0.01278158888,-0.02546411603,-0.02086083781,0.004979022149,6.865932161e-05,True,
2023-09-18,2023-09-15,UKX,RealGARCH,RealGARCH11-logRVscaled-studentt,1,0.008166934397,6.669881745e-05,-0.0204379599,-0.01611080954,-0.01288583257,-0.02567013117,-0.02102991376,-0.007615092578,,True,
2023-09-19,2023-09-18,UKX,RealGARCH,RealGARCH11-logRVscaled-studentt,1,0.008151780625,6.645152735e-05,-0.02039964936,-0.01608052804,-0.01286153502,-0.02562211231,-0.02099050484,0.0009534703629,3.990827697e-05,True,RV_imputed_in_recursion
2023-09-20,2023-09-19,UKX,RealGARCH,RealGARCH11-logRVscaled-studentt,1,0.007283357557,5.30472973e-05,-0.01820417238,-0.0143451744,-0.0114691062,-0.02287027746,-0.01873208302,0.009290667493,3.2212753e-05,True,
2023-09-21,2023-09-20,UKX,RealGARCH,RealGARCH11-logRVscaled-studentt,1,0.006530520836,4.264770239e-05,-0.01630091146,-0.01284079482,-0.01026200842,-0.02048470941,-0.01677425516,-0.006891534383,,True,
2023-09-22,2023-09-21,UKX,RealGARCH,RealGARCH11-logRVscaled-studentt,1,0.006533093849,4.268131524e-05,-0.01630741634,-0.01284593642,-0.01026613399,-0.02049286271,-0.01678094654,0.000689966374,,True,RV_imputed_in_recursion
2023-09-25,2023-09-22,UKX,RealGARCH,RealGARCH11-logRVscaled-studentt,1,0.006535641957,4.271461579e-05,-0.01631385826,-0.01285102826,-0.01027021962,-0.02050093708,-0.01678757315,-0.007826051661,8.236751642e-05,True,RV_imputed_in_recursion
2023-09-26,2023-09-25,UKX,RealGARCH,RealGARCH11-logRVscaled-studentt,1,0.007541006624,5.68667809e-05,-0.01885553992,-0.01486002973,-0.0118822205,-0.02368670866,-0.01940212542,0.000222980778,9.722486002e-05,True,
2023-09-27,2023-09-26,UKX,RealGARCH,RealGARCH11-logRVscaled-studentt,1,0.008464236786,7.164330436e-05,-0.02118957576,-0.01670490336,-0.01336252697,-0.0266122147,-0.02180307862,-0.004271011515,6.178878101e-05,True,
2023-09-28,2023-09-27,UKX,RealGARCH,RealGARCH11-logRVscaled-studentt,1,0.008178224062,6.68833488e-05,-0.02046650152,-0.01613336947,-0.01290393441,-0.02570590554,-0.02105927367,0.001145067541,8.607766661e-05,True,
2023-09-29,2023-09-28,UKX,RealGARCH,RealGARCH11-logRVscaled-studentt,1,0.008622992087,7.435599253e-05,-0.02159092808,-0.01702214112,-0.01361707509,-0.02711527408,-0.0222159378,0.0008152789406,0.0001160455593,True,
2023-10-02,2023-09-29,UKX,RealGARCH,RealGARCH11-logRVscaled-studentt,1,0.009475961759,8.979385125e-05,-0.02374733703,-0.01872661452,-0.01498472595,-0.02981814064,-0.02443417151,-0.01288478565,7.621657447e-05,True,
2023-10-03,2023-10-02,UKX,RealGARCH,RealGARCH11-logRVscaled-studentt,1,0.009113697202,8.305947668e-05,-0.02283148907,-0.01800270801,-0.01440387126,-0.02867020679,-0.02349206597,-0.005406897798,0.0001035747488,True,
2023-10-04,2023-10-03,UKX,RealGARCH,RealGARCH11-logRVscaled-studentt,1,0.009533253942,9.088293073e-05,-0.0238921785,-0.01884110042,-0.01507658819,-0.02999968652,-0.02458316561,-0.007754034328,9.874401081e-05,True,
2023-10-05,2023-10-04,UKX,RealGARCH,RealGARCH11-logRVscaled-studentt,1,0.009673590583,9.357835477e-05,-0.02424696625,-0.01912153252,-0.01530160385,-0.03044438136,-0.02494812521,0.005247590083,8.673903519e-05,True,
2023-10-06,2023-10-05,UKX,RealGARCH,RealGARCH11-logRVscaled-studentt,1,0.009481521535,8.989925062e-05,-0.02376139281,-0.01873772452,-0.01499364049,-0.0298357583,-0.02444863027,0.005767419887,0.0001197780586,True,
2023-10-09,2023-10-06,UKX,RealGARCH,RealGARCH11-logRVscaled-studentt,1,0.01005774897,0.0001011583144,-0.02521816442,-0.01988918907,-0.01591756309,-0.03166169177,-0.02594716786,-0.0003202688998,6.90520917e-05,True,
2023-10-10,2023-10-09,UKX,RealGARCH,RealGARCH11-logRVscaled-studentt,1,0.009220356119,8.501496697e-05,-0.02310113552,-0.01821584254,-0.01457488808,-0.0290081846,-0.02376944325,0.01798942676,6.798087464e-05,True,
2023-10-11,2023-10-10,UKX,RealGARCH,RealGARCH11-logRVscaled-studentt,1,0.00875603783,7.666819849e-05,-0.02192728357,-0.01728800395,-0.01383040053,-0.02753686573,-0.02256193668,-0.001075562451,6.045056313e-05,True,
2023-10-12,2023-10-11,UKX,RealGARCH,RealGARCH11-logRVscaled-studentt,1,0.008294047186,6.879121872e-05,-0.02075931618,-0.01636481666,-0.01308964511,-0.02607292263,-0.02136048339,0.003249282943,4.777268045e-05,True,
2023-10-13,2023-10-12,UKX,RealGARCH,RealGARCH11-logRVscaled-studentt,1,0.007646805109,5.847362837e-05,-0.01912301109,-0.01507144488,-0.0120518577,-0.02402195995,-0.01967726506,-0.005930025418,6.626023859e-05,True,
2023-10-16,2023-10-13,UKX,RealGARCH,RealGARCH11-logRVscaled-studentt,1,0.007848013854,6.159132145e-05,-0.01963169077,-0.01547351656,-0.01237447563,-0.02465954462,-0.0202005287,0.004070864783,6.983164121e-05,True,
2023-10-17,2023-10-16,UKX,RealGARCH,RealGARCH11-logRVscaled-studentt,1,0.008053377347,6.48568867e-05,-0.02015087415,-0.0158838906,-0.01270375529,-0.02531029475,-0.02073459719,0.005827885165,7.958854414e-05,True,
2023-10-18,2023-10-17,UKX,RealGARCH,RealGARCH11-logRVscaled-studentt,1,0.008405250767,7.064824045e-05,-0.02104045208,-0.0165870327,-0.01326794884,-0.02642530144,-0.02164967953,-0.0114263251,9.392180302e-05,True,
2023-10-19,2023-10-18,UKX,RealGARCH,RealGARCH11-logRVscaled-studentt,1,0.008922621157,7.961316831e-05,-0.02234842607,-0.01762088431,-0.01409750009,-0.02806473034,-0.02299515343,-0.01173170042,8.614461861e-05,True,
2023-10-20,2023-10-19,UKX,RealGARCH,RealGARCH11-logRVscaled-studentt,1,0.009051915122,8.193716738e-05,-0.02267529661,-0.01787925003,-0.01430480993,-0.02847443346,-0.02333139544,-0.01307259468,9.814640486e-05,True,
2023-10-23,2023-10-20,UKX,RealGARCH,RealGARCH11-logRVscaled-studentt,1,0.009386853445,8.81130176e-05,-0.0235220606,-0.01854855104,-0.01484184976,-0.02953577669,-0.02420243635,-0.003695000202,8.009254691e-05,True,
2023-10-24,2023-10-23,UKX,RealGARCH,RealGARCH11-logRVscaled-studentt,1,0.009164263192,8.398371986e-05,-0.02295932592,-0.01810375308,-0.01448494873,-0.0288304389,-0.02362356793,0.002018408352,7.627508225e-05,True,
2023-10-25,2023-10-24,UKX,RealGARCH,RealGARCH11-logRVscaled-studentt,1,0.008947481244,8.005742061e-05,-0.02241127533,-0.01767056176,-0.01413736074,-0.02814350629,-0.0230598046,0.003323376471,7.375439882e-05,True,
2023-10-26,2023-10-25,UKX,RealGARCH,RealGARCH11-logRVscaled-studentt,1,0.008765077967,7.682659176e-05,-0.02195013811,-0.01730606869,-0.01384489547,-0.02756551186,-0.02258544647,-0.008084560469,8.834452037e-05,True,
2023-10-27,2023-10-26,UKX,RealGARCH,RealGARCH11-logRVscaled-studentt,1,0.009012061872,8.121725919e-05,-0.02257454285,-0.01779961202,-0.01424090926,-0.02834814759,-0.02322775304,-0.008644151275,8.492392682e-05,True,
2023-10-30,2023-10-27,UKX,RealGARCH,RealGARCH11-logRVscaled-studentt,1,0.009074003969,8.233754802e-05,-0.02273113985,-0.01792338976,-0.01434022717,-0.02854442798,-0.02338883971,0.004938903063,7.200594399e-05,True,
2023-10-31,2023-10-30,UKX,RealGARCH,RealGARCH11-logRVscaled-studentt,1,0.00878775235,7.722459136e-05,-0.02200746165,-0.01735137848,-0.01388125156,-0.02763736182,-0.02264441349,-0.000778164836,5.767723161e-05,True,
2023-11-01,2023-10-31,UKX,RealGARCH,RealGARCH11-logRVscaled-studentt,1,0.008226329704,6.76725004e-05,-0.02058811832,-0.01622949807,-0.01298106695,-0.02585834136,-0.02118437725,0.002823183231,8.777264604e-05,True,
2023-11-02,2023-11-01,UKX,RealGARCH,RealGARCH11-logRVscaled-studentt,1,0.008687859222,7.547889786e-05,-0.02175491992,-0.01715176391,-0.013721083,-0.02732082325,-0.02238463133,0.01407837203,7.732444957e-05,True,
2023-11-03,2023-11-02,UKX,RealGARCH,RealGARCH11-logRVscaled-studentt,1,0.008711957433,7.589820231e-05,-0.02181584307,-0.01719991891,-0.01375972205,-0.02739718499,-0.02244730116,-0.003875060973,6.458047681e-05,True,
2023-11-06,2023-11-03,UKX,RealGARCH,RealGARCH11-logRVscaled-studentt,1,0.008390472854,7.040003472e-05,-0.02100309176,-0.01655750227,-0.01324425395,-0.02637847361,-0.02161124807,1.342860032e-05,3.820366452e-05,True,
2023-11-07,2023-11-06,UKX,RealGARCH,RealGARCH11-logRVscaled-studentt,1,0.007331147783,5.374572782e-05,-0.01832499177,-0.01444067272,-0.01154573301,-0.0230217138,-0.01885636633,-0.001052051663,6.90564352e-05,True,
2023-11-08,2023-11-07,UKX,RealGARCH,RealGARCH11-logRVscaled-studentt,1,0.007735604254,5.983957317e-05,-0.01934750591,-0.01524889055,-0.01219423817,-0.02430334421,-0.0199081962,-0.001120709407,6.057124915e-05,True,
2023-11-09,2023-11-08,UKX,RealGARCH,RealGARCH11-logRVscaled-studentt,1,0.007745900051,5.99989676e-05,-0.01937353492,-0.01526946445,-0.01221074645,-0.02433596925,-0.01993497146,0.007269136775,9.319039431e-05,True,
2023-11-10,2023-11-09,UKX,RealGARCH,RealGARCH11-logRVscaled-studentt,1,0.008512420421,7.246130143e-05,-0.02131138973,-0.01680118782,-0.01343978457,-0.02676489766,-0.02192838503,-0.01283740221,8.08591795e-05,True,
2023-11-13,2023-11-10,UKX,RealGARCH,RealGARCH11-logRVscaled-studentt,1,0.008697901889,7.565349726e-05,-0.02178030898,-0.01717183198,-0.0137371854,-0.02735264617,-0.0224107483,0.008818932261,4.340675371e-05,True,
2023-11-14,2023-11-13,UKX,RealGARCH,RealGARCH11-logRVscaled-studentt,1,0.007689548907,5.912916239e-05,-0.01923107251,-0.01515685901,-0.01212039307,-0.02415740531,-0.01978842462,0.001977654155,6.974887314e-05,True,
2023-11-15,2023-11-14,UKX,RealGARCH,RealGARCH11-logRVscaled-studentt,1,0.007960617003,6.337142307e-05,-0.01991636495,-0.01569852934,-0.01255502343,-0.02501635835,-0.02049336456,0.006216762697,6.384935025e-05,True,
2023-11-16,2023-11-15,UKX,RealGARCH,RealGARCH11-logRVscaled-studentt,1,0.007960880758,6.337562244e-05,-0.01991703175,-0.01569905639,-0.01255544633,-0.02501719413,-0.02049405048,-0.01018943062,4.905213851e-05,True,
2023-11-17,2023-11-16,UKX,RealGARCH,RealGARCH11-logRVscaled-studentt,1,0.007517734825,5.65163369e-05,-0.01879670604,-0.01481352613,-0.01184490651,-0.02361296563,-0.01934160476,0.01251078063,3.660809768e-05,True,
2023-11-20,2023-11-17,UKX,RealGARCH,RealGARCH11-logRVscaled-studentt,1,0.006833730977,4.669987906e-05,-0.01706746282,-0.01344669399,-0.01074817531,-0.02144551327,-0.01756278373,-0.001053271365,3.474765583e-05,True,
2023-11-21,2023-11-20,UKX,RealGARCH,RealGARCH11-logRVscaled-studentt,1,0.006408104126,4.106379849e-05,-0.01599142743,-0.01259617179,-0.01006572557,-0.02009679875,-0.01645589815,-0.001922756306,3.000557879e-05,True,
2023-11-22,2023-11-21,UKX,RealGARCH,RealGARCH11-logRVscaled-studentt,1,0.00598925536,3.587117976e-05,-0.01493252785,-0.0117591941,-0.009394143807,-0.01876956244,-0.01536663967,-0.001672073426,4.588467572e-05,True,
2023-11-23,2023-11-22,UKX,RealGARCH,RealGARCH11-logRVscaled-studentt,1,0.006326416986,4.002355188e-05,-0.01578491261,-0.0124329379,-0.009934748479,-0.01983795081,-0.01624346251,0.001885910224,3.503334871e-05,True,
2023-11-24,2023-11-23,UKX,RealGARCH,RealGARCH11-logRVscaled-studentt,1,0.00615034677,3.78267654e-05,-0.01533978613,-0.01208110007,-0.009652437641,-0.01928002441,-0.01578557414,0.0006145015369,2.529246933e-05,True,
2023-11-27,2023-11-24,UKX,RealGARCH,RealGARCH11-logRVscaled-studentt,1,0.005640852484,3.181921674e-05,-0.01405172387,-0.01106298713,-0.008835514925,-0.0176655531,-0.01446058284,-0.003679204531,3.191171899e-05,True,
2023-11-28,2023-11-27,UKX,RealGARCH,RealGARCH11-logRVscaled-studentt,1,0.005654967458,3.197865696e-05,-0.01408740821,-0.01109119282,-0.008858146863,-0.01771028024,-0.01449729025,-0.0007374680851,6.484464179e-05,True,
2023-11-29,2023-11-28,UKX,RealGARCH,RealGARCH11-logRVscaled-studentt,1,0.006606157406,4.364131568e-05,-0.01649212972,-0.01299193796,-0.01038328404,-0.02072438447,-0.0169709557,-0.004261157568,6.342113239e-05,True,
2023-11-30,2023-11-29,UKX,RealGARCH,RealGARCH11-logRVscaled-studentt,1,0.007167167037,5.136828333e-05,-0.0179104289,-0.01411299305,-0.01128280641,-0.02250209618,-0.01842991785,0.004073299226,0.00010693298,True,
2023-12-01,2023-11-30,UKX,RealGARCH,RealGARCH11-logRVscaled-studentt,1,0.008400559113,7.056939341e-05,-0.02102859102,-0.01657765745,-0.01326042624,-0.02641043466,-0.02163747841,0.01009140104,7.070672834e-05,True,
2023-12-04,2023-12-01,UKX,RealGARCH,RealGARCH11-logRVscaled-studentt,1,0.008386133704,7.03272385e-05,-0.02099212187,-0.01654883143,-0.01323729656,-0.02636472383,-0.02159996368,-0.00218049096,5.898922564e-05,True,
2023-12-05,2023-12-04,UKX,RealGARCH,RealGARCH11-logRVscaled-studentt,1,0.008054661657,6.487757442e-05,-0.02015412104,-0.01588645702,-0.01270581455,-0.02531436443,-0.02073793717,-0.00309278452,5.16182881e-05,True,
2023-12-06,2023-12-05,UKX,RealGARCH,RealGARCH11-logRVscaled-studentt,1,0.007651101099,5.853934803e-05,-0.01913387187,-0.01508002947,-0.01205874589,-0.02403557297,-0.01968843722,0.003412166761,5.538437459e-05,True,
2023-12-07,2023-12-06,UKX,RealGARCH,RealGARCH11-logRVscaled-studentt,1,0.007550468751,5.700957836e-05,-0.0188794613,-0.01487893773,-0.01189739206,-0.02371669198,-0.01942673264,-0.0002261887932,4.579940847e-05,True,
2023-12-08,2023-12-07,UKX,RealGARCH,RealGARCH11-logRVscaled-studentt,1,0.007191948349,5.172412105e-05,-0.01797307901,-0.01416251309,-0.01132254075,-0.02258062251,-0.01849436415,0.005415365363,5.336509079e-05,True,
2023-12-11,2023-12-08,UKX,RealGARCH,RealGARCH11-logRVscaled-studentt,1,0.00723674879,5.237053306e-05,-0.01808633987,-0.01425203698,-0.01139437374,-0.0227225849,-0.01861087222,-0.001271586865,4.72562949e-05,True,
2023-12-12,2023-12-11,UKX,RealGARCH,RealGARCH11-logRVscaled-studentt,1,0.007072410806,5.001899461e-05,-0.01767087386,-0.01392364344,-0.01113087435,-0.02220183527,-0.01818349471,-0.0002783853144,6.439780093e-05,True,
2023-12-13,2023-12-12,UKX,RealGARCH,RealGARCH11-logRVscaled-studentt,1,0.007468565335,5.577946817e-05,-0.01867239971,-0.01471527166,-0.01176606819,-0.02345715872,-0.01921373454,0.0007421672718,4.15918803e-05,True,
2023-12-14,2023-12-13,UKX,RealGARCH,RealGARCH11-logRVscaled-studentt,1,0.00700037594,4.90052633e-05,-0.01748876114,-0.01377969751,-0.01101537371,-0.02197357319,-0.01799616077,0.01323931305,0.0001573661557,True,
2023-12-15,2023-12-14,UKX,RealGARCH,RealGARCH11-logRVscaled-studentt,1,0.009017678074,8.131851784e-05,-0.02258874128,-0.01781083477,-0.01424991427,-0.02836594405,-0.02324235854,-0.009536780474,6.787703061e-05,True,
2023-12-18,2023-12-15,UKX,RealGARCH,RealGARCH11-logRVscaled-studentt,1,0.008645756699,7.47491089e-05,-0.02164847973,-0.01706763122,-0.01365357585,-0.02718740995,-0.02227513947,0.005016184444,5.052290477e-05,True,
2023-12-19,2023-12-18,UKX,RealGARCH,RealGARCH11-logRVscaled-studentt,1,0.007920970598,6.274177522e-05,-0.01981613412,-0.01561930466,-0.01249145442,-0.02489072792,-0.02039026008,0.003081464494,3.412277662e-05,True,
2023-12-20,2023-12-19,UKX,RealGARCH,RealGARCH11-logRVscaled-studentt,1,0.006928246475,4.800059922e-05,-0.01730640926,-0.01363556255,-0.01089972138,-0.02174501135,-0.01780858082,0.01012145051,8.015322138e-05,True,
2023-12-21,2023-12-20,UKX,RealGARCH,RealGARCH11-logRVscaled-studentt,1,0.00774330049,5.995870248e-05,-0.01936696291,-0.0152642698,-0.01220657831,-0.02432773183,-0.01992821103,-0.002725433794,3.896868376e-05,True,
2023-12-22,2023-12-21,UKX,RealGARCH,RealGARCH11-logRVscaled-studentt,1,0.007041822707,4.958726704e-05,-0.0175935435,-0.01386251982,-0.01108182942,-0.02210490855,-0.01810394727,0.0003637952983,2.896167157e-05,True,
2023-12-27,2023-12-22,UKX,RealGARCH,RealGARCH11-logRVscaled-studentt,1,0.006262874472,3.922359665e-05,-0.01562426956,-0.01230596207,-0.009832864464,-0.01963659906,-0.01607821378,0.003566221967,6.666928387e-05,True,
2023-12-28,2023-12-27,UKX,RealGARCH,RealGARCH11-logRVscaled-studentt,1,0.007033834418,4.947482662e-05,-0.01757334816,-0.01384655697,-0.011069021,-0.02207959549,-0.01808317292,-0.0002977537093,2.114652497e-05,True,
2023-12-29,2023-12-28,UKX,RealGARCH,RealGARCH11-logRVscaled-studentt,1,0.005845454126,3.416933394e-05,-0.0145689812,-0.01147183878,-0.009163573028,-0.01831388909,-0.01499267005,0.001358704618,2.738921076e-05,True,
2024-01-02,2023-12-29,UKX,RealGARCH,RealGARCH11-logRVscaled-studentt,1,0.00557955251,3.113140622e-05,-0.01389675023,-0.01094049253,-0.008737226598,-0.01747130745,-0.01430116607,-0.001514128011,6.055099922e-05,True,
2024-01-03,2024-01-02,UKX,RealGARCH,RealGARCH11-logRVscaled-studentt,1,0.006460191455,4.173407364e-05,-0.0161231104,-0.01270025693,-0.01014924235,-0.02026185163,-0.01659135651,-0.005089689573,6.492863796e-05,True,
2024-01-04,2024-01-03,UKX,RealGARCH,RealGARCH11-logRVscaled-studentt,1,0.007115021354,5.062352886e-05,-0.0177785984,-0.01400879131,-0.01119919607,-0.02233685839,-0.01829430774,0.00529689442,5.810979539e-05,True,
2024-01-05,2024-01-04,UKX,RealGARCH,RealGARCH11-logRVscaled-studentt,1,0.007328058334,5.370043894e-05,-0.01831718127,-0.01443449913,-0.01154077938,-0.02301192404,-0.01884833191,-0.004347071224,6.285145596e-05,True,
2024-01-08,2024-01-05,UKX,RealGARCH,RealGARCH11-logRVscaled-studentt,1,0.007577167538,5.74134679e-05,-0.01894695902,-0.01493228942,-0.01194020088,-0.02380129436,-0.01949616553,0.0005980443128,5.174208074e-05,True,
2024-01-09,2024-01-08,UKX,RealGARCH,RealGARCH11-logRVscaled-studentt,1,0.007399663746,5.475502356e-05,-0.01849820829,-0.0145775869,-0.01165559144,-0.02323882528,-0.01903454901,-0.001326578711,2.682596635e-05,True,
2024-01-10,2024-01-09,UKX,RealGARCH,RealGARCH11-logRVscaled-studentt,1,0.006331375261,4.008631269e-05,-0.01579744772,-0.01244284592,-0.009942698573,-0.01985366246,-0.016256357,-0.004199356112,3.689547941e-05,True,
2024-01-11,2024-01-10,UKX,RealGARCH,RealGARCH11-logRVscaled-studentt,1,0.006222662607,3.872152992e-05,-0.01552260918,-0.01222560745,-0.009768388794,-0.01950917683,-0.01597363877,-0.009876325647,7.168548465e-05,True,
2024-01-12,2024-01-11,UKX,RealGARCH,RealGARCH11-logRVscaled-studentt,1,0.007120086423,5.069563067e-05,-0.0177914035,-0.01401891274,-0.0112073174,-0.02235290844,-0.01830747997,0.006354631653,4.891632106e-05,True,
2024-01-15,2024-01-12,UKX,RealGARCH,RealGARCH11-logRVscaled-studentt,1,0.00706165401,4.986695736e-05,-0.0176436794,-0.01390214834,-0.01111362691,-0.02216774943,-0.01815552058,-0.0039422383,3.368693203e-05,True,
2024-01-16,2024-01-15,UKX,RealGARCH,RealGARCH11-logRVscaled-studentt,1,0.006482103074,4.201766027e-05,-0.01617850559,-0.01274404251,-0.01018437542,-0.02033128456,-0.01664833989,-0.00483068512,5.626261429e-05,True,
2024-01-17,2024-01-16,UKX,RealGARCH,RealGARCH11-logRVscaled-studentt,1,0.006909909068,4.774684333e-05,-0.01726005011,-0.01359891925,-0.0108703192,-0.02168690428,-0.01776089254,-0.01492903284,7.957158535e-05,True,
2024-01-18,2024-01-17,UKX,RealGARCH,RealGARCH11-logRVscaled-studentt,1,0.007719685391,5.959354253e-05,-0.01930726113,-0.01521708018,-0.01216871388,-0.02425290096,-0.01986679759,0.001717538104,4.242540994e-05,True,
2024-01-19,2024-01-18,UKX,RealGARCH,RealGARCH11-logRVscaled-studentt,1,0.007160932599,5.127895568e-05,-0.0178946675,-0.01410053489,-0.01127281012,-0.02248234066,-0.01841370457,0.0003752836985,3.4778814e-05,True,
2024-01-22,2024-01-19,UKX,RealGARCH,RealGARCH11-logRVscaled-studentt,1,0.006577992064,4.32699796e-05,-0.01642092438,-0.01293565569,-0.01033812375,-0.02063513492,-0.01689770888,0.00345163997,3.550170439e-05,True,
2024-01-23,2024-01-22,UKX,RealGARCH,RealGARCH11-logRVscaled-studentt,1,0.006303145867,3.972964782e-05,-0.01572608045,-0.01238643565,-0.009897435586,-0.01976420994,-0.01618294361,-0.0002671403903,3.532483481e-05,True,
2024-01-24,2024-01-23,UKX,RealGARCH,RealGARCH11-logRVscaled-studentt,1,0.00614883533,3.780817591e-05,-0.01533596502,-0.01207807978,-0.009650014199,-0.019275235,-0.01578164349,0.005595016249,3.595058808e-05,True,
2024-01-25,2024-01-24,UKX,RealGARCH,RealGARCH11-logRVscaled-studentt,1,0.006087969779,3.706337603e-05,-0.01518208966,-0.01195645329,-0.009552422425,-0.01908236594,-0.01562335648,0.0002656501069,4.79262706e-05,True,
2024-01-26,2024-01-25,UKX,RealGARCH,RealGARCH11-logRVscaled-studentt,1,0.006444790681,4.153532693e-05,-0.01608417541,-0.01266948185,-0.01012454876,-0.02021305009,-0.01655130524,0.01390082272,4.760456659e-05,True,
2024-01-29,2024-01-26,UKX,RealGARCH,RealGARCH11-logRVscaled-studentt,1,0.006642160692,4.411829865e-05,-0.01658315031,-0.01306388266,-0.01044101167,-0.02083847068,-0.01706458587,-0.0003143744316,3.277036082e-05,True,
2024-01-30,2024-01-29,UKX,RealGARCH,RealGARCH11-logRVscaled-studentt,1,0.006227919378,3.878697977e-05,-0.01553589892,-0.01223611196,-0.009776817495,-0.01952583433,-0.01598730953,0.004392400029,4.550749578e-05,True,
2024-01-31,2024-01-30,UKX,RealGARCH,RealGARCH11-logRVscaled-studentt,1,0.006453605498,4.164902392e-05,-0.01610646032,-0.01268709633,-0.01013868243,-0.02024098223,-0.01657422906,-0.004667582587,4.440672821e-05,True,
2024-02-01,2024-01-31,UKX,RealGARCH,RealGARCH11-logRVscaled-studentt,1,0.006547509925,4.286988621e-05,-0.0163438619,-0.0128747438,-0.01028924871,-0.02053854396,-0.016818437,-0.001101424484,5.607145634e-05,True,
2024-02-02,2024-02-01,UKX,RealGARCH,RealGARCH11-logRVscaled-studentt,1,0.006943403215,4.821084821e-05,-0.0173447273,-0.01366584998,-0.01092402369,-0.02179303961,-0.01784799745,-0.0008794234492,4.382653743e-05,True,
2024-02-05,2024-02-02,UKX,RealGARCH,RealGARCH11-logRVscaled-studentt,1,0.006799500016,4.623320046e-05,-0.01698092287,-0.0133782909,-0.01069328942,-0.02133704315,-0.01747376266,-0.0003414801347,4.768976601e-05,True,
2024-02-06,2024-02-05,UKX,RealGARCH,RealGARCH11-logRVscaled-studentt,1,0.006845403732,4.685955225e-05,-0.01709697293,-0.01347001944,-0.0107668914,-0.02148250157,-0.01759313991,0.008905583078,4.594616106e-05,True,
2024-02-07,2024-02-06,UKX,RealGARCH,RealGARCH11-logRVscaled-studentt,1,0.006815637109,4.645290921e-05,-0.01702171937,-0.01341053735,-0.01071916362,-0.02138817793,-0.0175157288,-0.006819213569,3.22801376e-05,True,
2024-02-08,2024-02-07,UKX,RealGARCH,RealGARCH11-logRVscaled-studentt,1,0.006297066434,3.965304568e-05,-0.01571071092,-0.01237428724,-0.009887687829,-0.0197449456,-0.01616713343,-0.004374566782,5.226769777e-05,True,
2024-02-09,2024-02-08,UKX,RealGARCH,RealGARCH11-logRVscaled-studentt,1,0.006691704906,4.477891455e-05,-0.01670840399,-0.01316288594,-0.01052045083,-0.02099546501,-0.0171934306,-0.003019484214,3.388523046e-05,True,
2024-02-12,2024-02-09,UKX,RealGARCH,RealGARCH11-logRVscaled-studentt,1,0.006299304099,3.968123213e-05,-0.015716368,-0.01237875872,-0.009891275698,-0.01975203625,-0.01617295271,0.0001452628009,3.821528087e-05,True,
2024-02-13,2024-02-12,UKX,RealGARCH,RealGARCH11-logRVscaled-studentt,1,0.006252714435,3.90964378e-05,-0.01559858378,-0.01228565946,-0.009816573869,-0.01960440422,-0.01605179158,-0.008140093999,5.736492088e-05,True,
2024-02-14,2024-02-13,UKX,RealGARCH,RealGARCH11-logRVscaled-studentt,1,0.006801653106,4.626248497e-05,-0.01698636614,-0.01338259338,-0.01069674168,-0.0213438658,-0.01747936199,0.007440020274,4.07446781e-05,True,
2024-02-15,2024-02-14,UKX,RealGARCH,RealGARCH11-logRVscaled-studentt,1,0.006616389928,4.377661569e-05,-0.01651799875,-0.01301238542,-0.01039969085,-0.020756809,-0.0169975664,0.003837574282,3.64571143e-05,True,
2024-02-16,2024-02-15,UKX,RealGARCH,RealGARCH11-logRVscaled-studentt,1,0.006360149533,4.045150209e-05,-0.01587019251,-0.01250034502,-0.009988835217,-0.01994484157,-0.0163311874,0.01491943561,3.658383539e-05,True,
2024-02-19,2024-02-16,UKX,RealGARCH,RealGARCH11-logRVscaled-studentt,1,0.006226861891,3.877380901e-05,-0.01553322547,-0.01223399881,-0.009775121922,-0.0195224834,-0.01598455943,0.002176113187,2.135250814e-05,True,
2024-02-20,2024-02-19,UKX,RealGARCH,RealGARCH11-logRVscaled-studentt,1,0.005474503837,2.997019226e-05,-0.01363117467,-0.01073057573,-0.008568791642,-0.01713843214,-0.01402797639,-0.001204037625,3.099433457e-05,True,
2024-02-21,2024-02-20,UKX,RealGARCH,RealGARCH11-logRVscaled-studentt,1,0.005526602784,3.054333834e-05,-0.01376288702,-0.01083468408,-0.008652327052,-0.01730352183,-0.01416346496,-0.007372455723,3.303074099e-05,True,
2024-02-22,2024-02-21,UKX,RealGARCH,RealGARCH11-logRVscaled-studentt,1,0.005633109254,3.173191987e-05,-0.01403214806,-0.01104751398,-0.008823099437,-0.01764101657,-0.01444044579,0.002867011803,5.320662517e-05,True,
2024-02-23,2024-02-22,UKX,RealGARCH,RealGARCH11-logRVscaled-studentt,1,0.006314600174,3.987417535e-05,-0.0157550383,-0.01240932458,-0.009915801411,-0.01980050603,-0.01621273169,0.00283283778,3.463607851e-05,True,
2024-02-26,2024-02-23,UKX,RealGARCH,RealGARCH11-logRVscaled-studentt,1,0.00612875666,3.75616582e-05,-0.01528520375,-0.01203795695,-0.009617820076,-0.01921161027,-0.01572942688,-0.002858889912,2.392836328e-05,True,
2024-02-27,2024-02-26,UKX,RealGARCH,RealGARCH11-logRVscaled-studentt,1,0.005562424567,3.094056706e-05,-0.01385344875,-0.01090626608,-0.008709763668,-0.0174170329,-0.01425662312,-0.0001691650478,2.477555999e-05,True,
2024-02-28,2024-02-27,UKX,RealGARCH,RealGARCH11-logRVscaled-studentt,1,0.005310860939,2.820524391e-05,-0.01321746593,-0.01040357117,-0.008306406755,-0.01661988507,-0.01360240652,-0.007577773392,4.257127148e-05,True,
2024-02-29,2024-02-28,UKX,RealGARCH,RealGARCH11-logRVscaled-studentt,1,0.005822274975,3.389888588e-05,-0.01451038154,-0.01142552031,-0.009126407596,-0.01824043964,-0.01493239033,0.0006555228029,3.067152943e-05,True,
2024-03-01,2024-02-29,UKX,RealGARCH,RealGARCH11-logRVscaled-studentt,1,0.005705890356,3.255718475e-05,-0.01421614736,-0.01119295109,-0.008939796594,-0.0178716433,-0.01462972038,0.006857169726,,True,
2024-03-04,2024-03-01,UKX,RealGARCH,RealGARCH11-logRVscaled-studentt,1,0.00571590098,3.267152401e-05,-0.01424145541,-0.01121295514,-0.008955847621,-0.01790336468,-0.01465575402,-0.005508171122,3.190090806e-05,True,RV_imputed_in_recursion
2024-03-05,2024-03-04,UKX,RealGARCH,RealGARCH11-logRVscaled-studentt,1,0.005696204299,3.244674342e-05,-0.01419165985,-0.01117359563,-0.00892426598,-0.01784095039,-0.01460453082,0.0007719740023,4.208541116e-05,True,
2024-03-06,2024-03-05,UKX,RealGARCH,RealGARCH11-logRVscaled-studentt,1,0.006038125309,3.645895724e-05,-0.0150560769,-0.01185685001,-0.009472501842,-0.01892442017,-0.01549373091,0.004319553876,4.683499785e-05,True,
2024-03-07,2024-03-06,UKX,RealGARCH,RealGARCH11-logRVscaled-studentt,1,0.006383404365,4.074785128e-05,-0.01592898349,-0.01254681471,-0.01002612199,-0.02001853083,-0.01639166393,0.001717456435,,True,
2024-03-08,2024-03-07,UKX,RealGARCH,RealGARCH11-logRVscaled-studentt,1,0.006387384435,4.079867992e-05,-0.01593904558,-0.01255476801,-0.01003250364,-0.02003114277,-0.01640201451,-0.004272984261,3.583427217e-05,True,RV_imputed_in_recursion
2024-03-11,2024-03-08,UKX,RealGARCH,RealGARCH11-logRVscaled-studentt,1,0.006213637857,3.860929542e-05,-0.01549979353,-0.01220757346,-0.009753918517,-0.01948057945,-0.015950169,0.001239488936,5.285555115e-05,True,
2024-03-12,2024-03-11,UKX,RealGARCH,RealGARCH11-logRVscaled-studentt,1,0.006658490903,4.433550111e-05,-0.01662443503,-0.01309651502,-0.01046719552,-0.0208902174,-0.01710705424,0.01019657404,5.015254939e-05,True,
2024-03-13,2024-03-12,UKX,RealGARCH,RealGARCH11-logRVscaled-studentt,1,0.006840649221,4.679448177e-05,-0.01708495296,-0.01346051859,-0.01075926802,-0.02146743561,-0.01758077532,0.003144382745,2.414669341e-05,True,
2024-03-14,2024-03-13,UKX,RealGARCH,RealGARCH11-logRVscaled-studentt,1,0.005924112113,3.509510433e-05,-0.01476783796,-0.01162901957,-0.00928969318,-0.01856313833,-0.01519722809,-0.003738225639,,True,
2024-03-15,2024-03-14,UKX,RealGARCH,RealGARCH11-logRVscaled-studentt,1,0.005932263672,3.519175228e-05,-0.01478844607,-0.01164530867,-0.009302763383,-0.01858896876,-0.01521842704,-0.002042622574,3.269104222e-05,True,RV_imputed_in_recursion
2024-03-18,2024-03-15,UKX,RealGARCH,RealGARCH11-logRVscaled-studentt,1,0.005845947837,3.417510612e-05,-0.01457022936,-0.01147282535,-0.009164364644,-0.01831545355,-0.014993954,-0.0006213338711,2.174956878e-05,True,
2024-03-19,2024-03-18,UKX,RealGARCH,RealGARCH11-logRVscaled-studentt,1,0.005307137719,2.816571076e-05,-0.01320805318,-0.01039613113,-0.008300436947,-0.01660808704,-0.01359272391,0.002030892444,,True,
2024-03-20,2024-03-19,UKX,RealGARCH,RealGARCH11-logRVscaled-studentt,1,0.005320327718,2.830588702e-05,-0.01324139907,-0.01042248846,-0.008321585781,-0.01664988314,-0.01362702584,-0.000116298845,1.733900325e-05,True,RV_imputed_in_recursion
2024-03-21,2024-03-20,UKX,RealGARCH,RealGARCH11-logRVscaled-studentt,1,0.00479457098,2.298791088e-05,-0.0119122234,-0.00937187857,-0.007478587864,-0.01498387982,-0.01225974239,0.01859210993,5.231212292e-05,True,
2024-03-22,2024-03-21,UKX,RealGARCH,RealGARCH11-logRVscaled-studentt,1,0.005752746247,3.309408938e-05,-0.01433460463,-0.01128658235,-0.009014925292,-0.01802011894,-0.01475157386,0.006108698795,3.503281827e-05,True,
2024-03-25,2024-03-22,UKX,RealGARCH,RealGARCH11-logRVscaled-studentt,1,0.00583409826,3.40367025e-05,-0.01454027221,-0.01144914656,-0.009145365041,-0.01827790493,-0.01496313798,-0.001678367937,2.470634498e-05,True,
2024-03-26,2024-03-25,UKX,RealGARCH,RealGARCH11-logRVscaled-studentt,1,0.005450057031,2.970312164e-05,-0.01356937023,-0.01068172413,-0.008529593654,-0.01706096578,-0.01396440001,0.001690989123,2.053420854e-05,True,
2024-03-27,2024-03-26,UKX,RealGARCH,RealGARCH11-logRVscaled-studentt,1,0.005041064468,2.541233097e-05,-0.0125353883,-0.009864441913,-0.007873815317,-0.01576496153,-0.01290077358,0.0001260795564,3.017862128e-05,True,
2024-03-28,2024-03-27,UKX,RealGARCH,RealGARCH11-logRVscaled-studentt,1,0.005248663138,2.754846473e-05,-0.01306022247,-0.01027928247,-0.008206678853,-0.01642279441,-0.01344065487,0.00259372089,2.470574028e-05,True,
2024-04-02,2024-03-28,UKX,RealGARCH,RealGARCH11-logRVscaled-studentt,1,0.005139209596,2.641147527e-05,-0.01278351088,-0.01006056349,-0.008031181134,-0.01607596108,-0.01315600988,-0.002202962904,,True,
2024-04-03,2024-04-02,UKX,RealGARCH,RealGARCH11-logRVscaled-studentt,1,0.005153650213,2.656011052e-05,-0.01282001848,-0.01008941991,-0.008054335209,-0.0161217201,-0.01319356417,0.000289784724,3.885777475e-05,True,RV_imputed_in_recursion
2024-04-04,2024-04-03,UKX,RealGARCH,RealGARCH11-logRVscaled-studentt,1,0.005613477069,3.15111248e-05,-0.01398251556,-0.01100828335,-0.008791621207,-0.01757880665,-0.01438939031,0.004838729313,3.107236872e-05,True,
2024-04-05,2024-04-04,UKX,RealGARCH,RealGARCH11-logRVscaled-studentt,1,0.005607138438,3.144000146e-05,-0.01396649074,-0.01099561698,-0.008781457851,-0.01755872097,-0.01437290606,-0.008144981059,4.291248986e-05,True,
2024-04-08,2024-04-05,UKX,RealGARCH,RealGARCH11-logRVscaled-studentt,1,0.006010882316,3.613070622e-05,-0.01498720337,-0.01180241085,-0.009428820451,-0.01883809333,-0.01542288276,0.004074482556,3.818333702e-05,True,
2024-04-09,2024-04-08,UKX,RealGARCH,RealGARCH11-logRVscaled-studentt,1,0.006090974741,3.709997329e-05,-0.01518968656,-0.01196245805,-0.009557240578,-0.01909188798,-0.01563117119,-0.001095859881,4.078080869e-05,True,
2024-04-10,2024-04-09,UKX,RealGARCH,RealGARCH11-logRVscaled-studentt,1,0.006224296346,3.874186501e-05,-0.01552673946,-0.01222887213,-0.00977100833,-0.01951435377,-0.01597788748,0.00332164246,0.0001133916253,True,
2024-04-11,2024-04-10,UKX,RealGARCH,RealGARCH11-logRVscaled-studentt,1,0.007867315275,6.189464963e-05,-0.01968048707,-0.01551208623,-0.01240542352,-0.02472070643,-0.020250724,-0.004708902626,,True,
2024-04-12,2024-04-11,UKX,RealGARCH,RealGARCH11-logRVscaled-studentt,1,0.007855672884,6.171159646e-05,-0.01965105371,-0.01548882146,-0.01238675612,-0.02468381434,-0.02022044678,0.009020538501,8.70984806e-05,True,RV_imputed_in_recursion
2024-04-15,2024-04-12,UKX,RealGARCH,RealGARCH11-logRVscaled-studentt,1,0.008454080079,7.147146998e-05,-0.0211638984,-0.0166846074,-0.01334624172,-0.02658003041,-0.02177666508,-0.0037716866,,True,
2024-04-16,2024-04-15,UKX,RealGARCH,RealGARCH11-logRVscaled-studentt,1,0.00843545842,7.115695875e-05,-0.02111682062,-0.01664739609,-0.01331638376,-0.02652102261,-0.02172823758,-0.01838402442,8.974862627e-05,True,RV_imputed_in_recursion
2024-04-17,2024-04-16,UKX,RealGARCH,RealGARCH11-logRVscaled-studentt,1,0.008852545248,7.836755736e-05,-0.02217126582,-0.01748085292,-0.01398514044,-0.02784267575,-0.02281291396,0.00352303065,4.99483397e-05,True,
2024-04-18,2024-04-17,UKX,RealGARCH,RealGARCH11-logRVscaled-studentt,1,0.008005698598,6.409121004e-05,-0.02003033659,-0.01578861505,-0.01262730722,-0.02515921165,-0.02061060379,0.003701106007,4.205159248e-05,True,
2024-04-19,2024-04-18,UKX,RealGARCH,RealGARCH11-logRVscaled-studentt,1,0.007293028919,5.318827081e-05,-0.01822862274,-0.01436450051,-0.01148461325,-0.02290092381,-0.01875723438,0.002383796729,7.331445163e-05,True,
2024-04-22,2024-04-19,UKX,RealGARCH,RealGARCH11-logRVscaled-studentt,1,0.007814190666,6.106157577e-05,-0.01954618173,-0.01540592832,-0.01232024356,-0.02455236665,-0.02011256809,0.01608095076,3.598213703e-05,True,
2024-04-23,2024-04-22,UKX,RealGARCH,RealGARCH11-logRVscaled-studentt,1,0.006955968593,4.838549907e-05,-0.01737649408,-0.01369095914,-0.010944171,-0.02183285643,-0.01788067499,0.002601319978,4.354415766e-05,True,
2024-04-24,2024-04-23,UKX,RealGARCH,RealGARCH11-logRVscaled-studentt,1,0.00679677607,4.619616494e-05,-0.01697403641,-0.01337284769,-0.01068892184,-0.02132841159,-0.01746667877,-0.0005470747258,2.985971174e-05,True,
2024-04-25,2024-04-24,UKX,RealGARCH,RealGARCH11-logRVscaled-studentt,1,0.006181785725,3.821447474e-05,-0.01541926755,-0.01214392394,-0.009702846834,-0.0193796473,-0.01586733431,0.004776891512,6.016817418e-05,True,
2024-04-26,2024-04-25,UKX,RealGARCH,RealGARCH11-logRVscaled-studentt,1,0.006829139324,4.66371439e-05,-0.01705585457,-0.01343751858,-0.01074081306,-0.02143096337,-0.01755084267,0.007509873211,4.095590389e-05,True,
2024-04-29,2024-04-26,UKX,RealGARCH,RealGARCH11-logRVscaled-studentt,1,0.006638679626,4.407206717e-05,-0.01657434976,-0.01305692651,-0.01043543014,-0.02082743998,-0.01705553301,0.0008841755968,2.436126214e-05,True,
2024-04-30,2024-04-29,UKX,RealGARCH,RealGARCH11-logRVscaled-studentt,1,0.005837549543,3.407698467e-05,-0.01454899747,-0.0114560432,-0.009150898827,-0.01828884127,-0.01497211339,-0.0003560105841,4.351408892e-05,True,
2024-05-01,2024-04-30,UKX,RealGARCH,RealGARCH11-logRVscaled-studentt,1,0.006165439505,3.801264428e-05,-0.01537794236,-0.01211125959,-0.009676637319,-0.01932784985,-0.01582482432,-0.002815800227,4.062076907e-05,True,
2024-05-02,2024-05-01,UKX,RealGARCH,RealGARCH11-logRVscaled-studentt,1,0.006261085525,3.920119195e-05,-0.01561974689,-0.01230238725,-0.009829996068,-0.0196309303,-0.01607356145,0.006260223813,3.556447415e-05,True,
2024-05-03,2024-05-02,UKX,RealGARCH,RealGARCH11-logRVscaled-studentt,1,0.006135024169,3.763852155e-05,-0.01530104876,-0.0120504812,-0.009627869395,-0.01923147058,-0.01574572617,0.005040967669,6.465406089e-05,True,
2024-05-07,2024-05-03,UKX,RealGARCH,RealGARCH11-logRVscaled-studentt,1,0.006907505609,4.771363374e-05,-0.01725397388,-0.01359411646,-0.0108664655,-0.02167928827,-0.01775464211,0.01212563792,3.137913024e-05,True,
2024-05-08,2024-05-07,UKX,RealGARCH,RealGARCH11-logRVscaled-studentt,1,0.006305151082,3.975493016e-05,-0.01573114987,-0.01239044264,-0.009900650745,-0.01977056401,-0.01618815837,0.004847609593,2.07930626e-05,True,
2024-05-09,2024-05-08,UKX,RealGARCH,RealGARCH11-logRVscaled-studentt,1,0.005480904997,3.004031958e-05,-0.01364735756,-0.01074336705,-0.008579055257,-0.01715871595,-0.01404462326,0.003262622117,3.788335339e-05,True,
2024-05-10,2024-05-09,UKX,RealGARCH,RealGARCH11-logRVscaled-studentt,1,0.005776735277,3.337067046e-05,-0.01439525176,-0.01133451918,-0.009053389283,-0.01809613471,-0.01481395975,0.006232406751,1.605806624e-05,True,
2024-05-13,2024-05-10,UKX,RealGARCH,RealGARCH11-logRVscaled-studentt,1,0.004935775101,2.436187584e-05,-0.01226920424,-0.009654044133,-0.007704994434,-0.01543132351,-0.01262695795,-0.002231590739,2.318514709e-05,True,
2024-05-14,2024-05-13,UKX,RealGARCH,RealGARCH11-logRVscaled-studentt,1,0.004898669382,2.399696171e-05,-0.01217539656,-0.009579896467,-0.007645499155,-0.01531374394,-0.01253046079,0.001555487048,1.975187429e-05,True,
2024-05-15,2024-05-14,UKX,RealGARCH,RealGARCH11-logRVscaled-studentt,1,0.004711214659,2.219554356e-05,-0.01170148869,-0.009205309187,-0.007344934407,-0.01471974263,-0.01204296586,0.002097938604,2.423389774e-05,True,
2024-05-16,2024-05-15,UKX,RealGARCH,RealGARCH11-logRVscaled-studentt,1,0.004819742416,2.322991695e-05,-0.01197585979,-0.009422178181,-0.007518947723,-0.01506364237,-0.01232520325,-0.0008409618785,2.463539356e-05,True,
2024-05-17,2024-05-16,UKX,RealGARCH,RealGARCH11-logRVscaled-studentt,1,0.004898545171,2.399574479e-05,-0.01217508254,-0.009579648259,-0.007645299996,-0.01531335034,-0.01253013776,-0.002182857501,2.152096465e-05,True,
2024-05-20,2024-05-17,UKX,RealGARCH,RealGARCH11-logRVscaled-studentt,1,0.00479979245,2.303800756e-05,-0.0119254239,-0.009382312536,-0.007486959964,-0.01500042547,-0.01227332135,0.000463105473,1.453442153e-05,True,
2024-05-21,2024-05-20,UKX,RealGARCH,RealGARCH11-logRVscaled-studentt,1,0.004357795105,1.899037818e-05,-0.01080800195,-0.00849907748,-0.006778261789,-0.01359983659,-0.01112386265,-0.0009144745109,2.981356959e-05,True,
2024-05-22,2024-05-21,UKX,RealGARCH,RealGARCH11-logRVscaled-studentt,1,0.004828075331,2.33103114e-05,-0.01199692639,-0.00943882969,-0.007532308713,-0.01509004748,-0.01234687383,-0.005504362021,4.508686241e-05,True,
2024-05-23,2024-05-22,UKX,RealGARCH,RealGARCH11-logRVscaled-studentt,1,0.00559147657,3.126461024e-05,-0.01392689568,-0.01096432016,-0.008756345626,-0.01750909208,-0.01433217579,-0.003722390964,3.727637907e-05,True,
2024-05-24,2024-05-23,UKX,RealGARCH,RealGARCH11-logRVscaled-studentt,1,0.00582069607,3.388050274e-05,-0.01450638988,-0.01142236521,-0.009123875982,-0.01823543645,-0.01492828423,-0.002593607219,3.449390516e-05,True,
2024-05-28,2024-05-24,UKX,RealGARCH,RealGARCH11-logRVscaled-studentt,1,0.005852514802,3.425192951e-05,-0.01458683143,-0.01148594799,-0.00917489411,-0.01833626276,-0.01501103205,-0.007651519336,3.687794992e-05,True,
2024-05-29,2024-05-28,UKX,RealGARCH,RealGARCH11-logRVscaled-studentt,1,0.005956136775,3.547556528e-05,-0.01484880012,-0.01169301385,-0.009341041496,-0.01866461719,-0.01528051145,-0.008651121434,5.559741546e-05,True,
2024-05-30,2024-05-29,UKX,RealGARCH,RealGARCH11-logRVscaled-studentt,1,0.006575695192,4.323976726e-05,-0.01641511761,-0.01293106589,-0.01033444095,-0.02062785666,-0.01689173563,0.005848551702,2.932629508e-05,True,
2024-05-31,2024-05-30,UKX,RealGARCH,RealGARCH11-logRVscaled-studentt,1,0.006045578019,3.654901358e-05,-0.01507491824,-0.01187174262,-0.009484451512,-0.01894803611,-0.01551311243,0.005367690106,3.343977123e-05,True,
2024-06-03,2024-05-31,UKX,RealGARCH,RealGARCH11-logRVscaled-studentt,1,0.005936838976,3.524605703e-05,-0.01480001298,-0.01165445142,-0.009310099421,-0.01860346686,-0.01523032558,-0.00152381617,5.814816296e-05,True,
2024-06-04,2024-06-03,UKX,RealGARCH,RealGARCH11-logRVscaled-studentt,1,0.006628154243,4.393242867e-05,-0.01654774034,-0.01303589383,-0.01041855375,-0.02079408744,-0.01702816069,-0.00373449101,3.878904409e-05,True,
2024-06-05,2024-06-04,UKX,RealGARCH,RealGARCH11-logRVscaled-studentt,1,0.006452786758,4.163845695e-05,-0.01610439045,-0.01268546026,-0.01013736967,-0.02023838783,-0.01657209985,0.001820499319,3.951771547e-05,True,
2024-06-06,2024-06-05,UKX,RealGARCH,RealGARCH11-logRVscaled-studentt,1,0.006383180373,4.074499168e-05,-0.01592841721,-0.01254636712,-0.01002576285,-0.02001782106,-0.01639108142,0.004633338854,2.450453421e-05,True,
2024-06-07,2024-06-06,UKX,RealGARCH,RealGARCH11-logRVscaled-studentt,1,0.005718986295,3.270680424e-05,-0.01424925545,-0.01121912047,-0.008960794613,-0.01791314135,-0.0146637777,-0.004827320199,7.41885786e-05,True,
2024-06-10,2024-06-07,UKX,RealGARCH,RealGARCH11-logRVscaled-studentt,1,0.006844923171,4.685297322e-05,-0.01709575802,-0.01346905914,-0.01076612087,-0.02148097878,-0.01759189016,-0.002051778453,3.332920148e-05,True,
2024-06-11,2024-06-10,UKX,RealGARCH,RealGARCH11-logRVscaled-studentt,1,0.006356099768,4.040000426e-05,-0.01585995422,-0.01249225245,-0.009982341827,-0.01993200879,-0.01632065557,-0.009855809824,6.456936444e-05,True,
2024-06-12,2024-06-11,UKX,RealGARCH,RealGARCH11-logRVscaled-studentt,1,0.00704263252,4.959867282e-05,-0.01759559081,-0.01386413805,-0.01108312787,-0.02210747467,-0.01810605327,0.00827468568,6.562988473e-05,True,
2024-06-13,2024-06-12,UKX,RealGARCH,RealGARCH11-logRVscaled-studentt,1,0.007481836935,5.597788392e-05,-0.0187059519,-0.01474179205,-0.01178734787,-0.02349921339,-0.01924824867,-0.006325092444,4.263122699e-05,True,
2024-06-14,2024-06-13,UKX,RealGARCH,RealGARCH11-logRVscaled-studentt,1,0.007044967277,4.963156393e-05,-0.01760149335,-0.01386880355,-0.01108687142,-0.02211487298,-0.01811212504,-0.002060046699,7.481131246e-05,True,
2024-06-17,2024-06-14,UKX,RealGARCH,RealGARCH11-logRVscaled-studentt,1,0.007699204586,5.927775126e-05,-0.01925548322,-0.01517615377,-0.01213587498,-0.02418800196,-0.01981353519,-0.0005770370496,3.717077814e-05,True,
2024-06-18,2024-06-17,UKX,RealGARCH,RealGARCH11-logRVscaled-studentt,1,0.006947839813,4.827247806e-05,-0.01735594355,-0.01367471555,-0.01093113732,-0.02180709817,-0.01785953527,0.006012153904,4.138034626e-05,True,
2024-06-19,2024-06-18,UKX,RealGARCH,RealGARCH11-logRVscaled-studentt,1,0.006717544641,4.5125406e-05,-0.01677372992,-0.013214521,-0.01056188224,-0.02107734524,-0.01726062944,0.001683272883,2.052925353e-05,True,
2024-06-20,2024-06-19,UKX,RealGARCH,RealGARCH11-logRVscaled-studentt,1,0.00566143412,3.20518363e-05,-0.0141037567,-0.01110411503,-0.008868515504,-0.01773077162,-0.01451410746,0.008180896309,3.498492889e-05,True,
2024-06-21,2024-06-20,UKX,RealGARCH,RealGARCH11-logRVscaled-studentt,1,0.005780773535,3.341734266e-05,-0.01440546095,-0.01134258876,-0.009059864222,-0.01810893103,-0.01482446165,-0.004215558397,0.0001056119615,True,
2024-06-24,2024-06-21,UKX,RealGARCH,RealGARCH11-logRVscaled-studentt,1,0.00743516923,5.528174148e-05,-0.01858797038,-0.01464853684,-0.01171252091,-0.02335133407,-0.0191268846,0.005314936815,2.965923535e-05,True,
2024-06-25,2024-06-24,UKX,RealGARCH,RealGARCH11-logRVscaled-studentt,1,0.006488261382,4.209753576e-05,-0.01619407452,-0.01275634854,-0.01019424965,-0.02035079883,-0.01666435519,-0.004089664756,2.922363425e-05,True,
2024-06-26,2024-06-25,UKX,RealGARCH,RealGARCH11-logRVscaled-studentt,1,0.005996235637,3.595484181e-05,-0.01495017482,-0.01177314266,-0.009405335978,-0.01879168134,-0.01538479259,-0.002731728032,3.353884131e-05,True,
2024-06-27,2024-06-26,UKX,RealGARCH,RealGARCH11-logRVscaled-studentt,1,0.005913683226,3.49716493e-05,-0.01474147249,-0.01160817972,-0.009272971511,-0.01853009156,-0.01517010671,-0.005559247478,2.806614097e-05,True,
2024-06-28,2024-06-27,UKX,RealGARCH,RealGARCH11-logRVscaled-studentt,1,0.005645497427,3.187164119e-05,-0.01406346684,-0.01107226903,-0.008842962622,-0.01768027186,-0.01447266248,-0.001908993191,5.42559621e-05,True,
2024-07-01,2024-06-28,UKX,RealGARCH,RealGARCH11-logRVscaled-studentt,1,0.006349197584,4.031230996e-05,-0.01584250467,-0.01247845994,-0.00997127487,-0.01991013734,-0.01630270575,0.0003306256288,6.710668192e-05,True,
2024-07-02,2024-07-01,UKX,RealGARCH,RealGARCH11-logRVscaled-studentt,1,0.007097586105,5.037572852e-05,-0.01773452002,-0.01397395077,-0.0111712404,-0.02228161006,-0.01824896562,-0.005599180886,4.618790868e-05,True,
2024-07-03,2024-07-02,UKX,RealGARCH,RealGARCH11-logRVscaled-studentt,1,0.006961878893,4.846775773e-05,-0.01739143602,-0.01370276958,-0.01095364757,-0.02185158482,-0.01789604532,0.006125600208,3.319732641e-05,True,
2024-07-04,2024-07-03,UKX,RealGARCH,RealGARCH11-logRVscaled-studentt,1,0.006410655013,4.10964977e-05,-0.01599787638,-0.01260126918,-0.01006981566,-0.02010488193,-0.016462532,0.008554524081,1.978030076e-05,True,
2024-07-05,2024-07-04,UKX,RealGARCH,RealGARCH11-logRVscaled-studentt,1,0.005471945139,2.994218361e-05,-0.01362470598,-0.01072546273,-0.008564689029,-0.01713032421,-0.01402132224,-0.004548376186,4.933310859e-05,True,
2024-07-08,2024-07-05,UKX,RealGARCH,RealGARCH11-logRVscaled-studentt,1,0.006112398051,3.736140994e-05,-0.01524384724,-0.01200526785,-0.009591590696,-0.01915977357,-0.01568688467,-0.001268541616,3.165383664e-05,True,
2024-07-09,2024-07-08,UKX,RealGARCH,RealGARCH11-logRVscaled-studentt,1,0.005902365361,3.483791686e-05,-0.01471285958,-0.01158556344,-0.009254824456,-0.01849422783,-0.01514067346,-0.006575571272,3.937052421e-05,True,
2024-07-10,2024-07-09,UKX,RealGARCH,RealGARCH11-logRVscaled-studentt,1,0.006069918208,3.684390706e-05,-0.01513645314,-0.01192038117,-0.009523478552,-0.01902516463,-0.01557641155,0.006575571272,3.402263399e-05,True,
2024-07-11,2024-07-10,UKX,RealGARCH,RealGARCH11-logRVscaled-studentt,1,0.00597248603,3.567058938e-05,-0.01489013298,-0.01172568426,-0.009367255877,-0.01871642425,-0.01532302934,0.003630407641,5.5787156e-05,True,
2024-07-12,2024-07-11,UKX,RealGARCH,RealGARCH11-logRVscaled-studentt,1,0.006590590001,4.343587655e-05,-0.01645277346,-0.01296082991,-0.01035832327,-0.02067505491,-0.01693047109,0.003593136463,3.463373085e-05,True,
2024-07-15,2024-07-12,UKX,RealGARCH,RealGARCH11-logRVscaled-studentt,1,0.006275996339,3.938813005e-05,-0.01565744321,-0.01233218326,-0.009853904056,-0.01967817927,-0.01611233852,-0.008505869563,4.857771082e-05,True,
2024-07-16,2024-07-15,UKX,RealGARCH,RealGARCH11-logRVscaled-studentt,1,0.006573833552,4.321528756e-05,-0.01641041116,-0.01292734581,-0.01033145599,-0.02062195754,-0.01688689425,-0.002214364598,4.595323938e-05,True,
2024-07-17,2024-07-16,UKX,RealGARCH,RealGARCH11-logRVscaled-studentt,1,0.006664361279,4.441371125e-05,-0.01663927604,-0.01310824568,-0.01047660808,-0.02090881928,-0.01712232074,0.002764134014,4.949578994e-05,True,
2024-07-18,2024-07-17,UKX,RealGARCH,RealGARCH11-logRVscaled-studentt,1,0.006824420523,4.657271548e-05,-0.01704392488,-0.01342808908,-0.01073324694,-0.02141601056,-0.01753857096,0.00212298347,6.556228921e-05,True,
2024-07-19,2024-07-18,UKX,RealGARCH,RealGARCH11-logRVscaled-studentt,1,0.007350559229,5.403072098e-05,-0.01837406622,-0.01447946225,-0.0115768573,-0.02308322425,-0.01890684775,-0.006014491223,,True,
2024-07-22,2024-07-19,UKX,RealGARCH,RealGARCH11-logRVscaled-studentt,1,0.007344703513,5.39446697e-05,-0.01835926227,-0.01446776089,-0.01156746825,-0.02306466882,-0.01889161937,0.005270685105,4.158131915e-05,True,RV_imputed_in_recursion
2024-07-23,2024-07-22,UKX,RealGARCH,RealGARCH11-logRVscaled-studentt,1,0.006935284188,4.809816676e-05,-0.01732420143,-0.01364962588,-0.01091100564,-0.02176731226,-0.0178268831,-0.003837169543,3.829334419e-05,True,
2024-07-24,2024-07-23,UKX,RealGARCH,RealGARCH11-logRVscaled-studentt,1,0.006598682253,4.354260748e-05,-0.01647323164,-0.01297700051,-0.01037129838,-0.02070069742,-0.01695151581,-0.001678772893,3.755393799e-05,True,
2024-07-25,2024-07-24,UKX,RealGARCH,RealGARCH11-logRVscaled-studentt,1,0.006391731789,4.085423526e-05,-0.01595003621,-0.01256345525,-0.01003947418,-0.02004491854,-0.01641332024,0.004002392942,9.285099589e-05,True,
2024-07-26,2024-07-25,UKX,RealGARCH,RealGARCH11-logRVscaled-studentt,1,0.007644809143,5.844310683e-05,-0.01911796505,-0.01506745637,-0.01204865737,-0.02401563519,-0.01967207435,0.01205693207,5.37312142e-05,True,
2024-07-29,2024-07-26,UKX,RealGARCH,RealGARCH11-logRVscaled-studentt,1,0.007497483664,5.621226129e-05,-0.01874550869,-0.01477305861,-0.01181243582,-0.02354879431,-0.01928893957,0.0008083189422,5.75453108e-05,True,
2024-07-30,2024-07-29,UKX,RealGARCH,RealGARCH11-logRVscaled-studentt,1,0.007528264967,5.667477342e-05,-0.01882332749,-0.01483456832,-0.01186179054,-0.02364633325,-0.01936898946,-0.002173021493,4.61466881e-05,True,
2024-07-31,2024-07-30,UKX,RealGARCH,RealGARCH11-logRVscaled-studentt,1,0.007191992882,5.172476161e-05,-0.0179731916,-0.01416260208,-0.01132261215,-0.02258076362,-0.01849447997,0.01124844899,6.717759268e-05,True,
2024-08-01,2024-07-31,UKX,RealGARCH,RealGARCH11-logRVscaled-studentt,1,0.007607977759,5.788132559e-05,-0.01902485093,-0.01499385691,-0.01198960196,-0.02389892493,-0.01957629062,-0.01016134799,0.0001039317402,True,
2024-08-02,2024-08-01,UKX,RealGARCH,RealGARCH11-logRVscaled-studentt,1,0.008630101346,7.447864924e-05,-0.02160890113,-0.01703634742,-0.01362847407,-0.0271378017,-0.02223442615,-0.01320951662,0.000207295593,True,
2024-08-05,2024-08-02,UKX,RealGARCH,RealGARCH11-logRVscaled-studentt,1,0.0107541665,0.000115652097,-0.0269787909,-0.02128082723,-0.01703419837,-0.03386848024,-0.02775827191,-0.02057800164,0.0004278655771,True,
2024-08-06,2024-08-05,UKX,RealGARCH,RealGARCH11-logRVscaled-studentt,1,0.01422442036,0.0002023341346,-0.03575200612,-0.02821537085,-0.02259840054,-0.04486492411,-0.03678301727,0.002307467806,0.000216459094,True,
2024-08-07,2024-08-06,UKX,RealGARCH,RealGARCH11-logRVscaled-studentt,1,0.01432751048,0.0002052775566,-0.03601263023,-0.02842137392,-0.02276369515,-0.04519159322,-0.03705111354,0.01731587902,8.456191576e-05,True,
2024-08-08,2024-08-07,UKX,RealGARCH,RealGARCH11-logRVscaled-studentt,1,0.01172747627,0.0001375336997,-0.02943943396,-0.02322577401,-0.01859480245,-0.03695267716,-0.03028946219,-0.002685145849,9.825070038e-05,True,
2024-08-09,2024-08-08,UKX,RealGARCH,RealGARCH11-logRVscaled-studentt,1,0.01084107013,0.0001175288016,-0.02719849364,-0.02145448515,-0.01717353959,-0.03414385806,-0.02798427359,0.00283209363,5.206807422e-05,True,
2024-08-12,2024-08-09,UKX,RealGARCH,RealGARCH11-logRVscaled-studentt,1,0.009040468029,8.173006218e-05,-0.022646357,-0.01785637552,-0.01428645567,-0.02843816023,-0.02330162612,0.005153104166,4.027580303e-05,True,
2024-08-13,2024-08-12,UKX,RealGARCH,RealGARCH11-logRVscaled-studentt,1,0.007729499002,5.974515483e-05,-0.01933207111,-0.01523669054,-0.01218444902,-0.02428399806,-0.01989231887,0.003028233745,3.135347086e-05,True,
2024-08-14,2024-08-13,UKX,RealGARCH,RealGARCH11-logRVscaled-studentt,1,0.006710175705,4.502645799e-05,-0.01675510037,-0.01319979579,-0.01055006689,-0.02105399476,-0.01724146578,0.005558089004,2.945431181e-05,True,
2024-08-15,2024-08-14,UKX,RealGARCH,RealGARCH11-logRVscaled-studentt,1,0.00611971619,3.745092624e-05,-0.01526234837,-0.01201989155,-0.009603324594,-0.01918296308,-0.01570591623,0.007974397371,4.40946213e-05,True,
2024-08-16,2024-08-15,UKX,RealGARCH,RealGARCH11-logRVscaled-studentt,1,0.006347445522,4.029006465e-05,-0.01583807525,-0.01247495883,-0.009968465615,-0.01990458545,-0.01629814933,-0.004322046528,4.187852173e-05,True,
2024-08-19,2024-08-16,UKX,RealGARCH,RealGARCH11-logRVscaled-studentt,1,0.006405363975,4.102868765e-05,-0.0159845,-0.01259069619,-0.01006133202,-0.02008811583,-0.01644877212,0.005459478277,2.649735022e-05,True,
2024-08-20,2024-08-19,UKX,RealGARCH,RealGARCH11-logRVscaled-studentt,1,0.00582820523,3.396797621e-05,-0.01452537393,-0.01143737063,-0.009135916163,-0.01825923127,-0.01494781256,-0.0100541532,3.590247104e-05,True,
2024-08-21,2024-08-20,UKX,RealGARCH,RealGARCH11-logRVscaled-studentt,1,0.005907868034,3.490290471e-05,-0.01472677099,-0.01159655933,-0.009263647437,-0.01851166454,-0.01515498372,0.001220120813,3.31713743e-05,True,
2024-08-22,2024-08-21,UKX,RealGARCH,RealGARCH11-logRVscaled-studentt,1,0.005851103031,3.423540668e-05,-0.0145832623,-0.01148312688,-0.009172630478,-0.01833178918,-0.0150073606,0.0005551261824,3.205753987e-05,True,
2024-08-23,2024-08-22,UKX,RealGARCH,RealGARCH11-logRVscaled-studentt,1,0.005776780351,3.337119122e-05,-0.01439536571,-0.01133460925,-0.009053461554,-0.01809627754,-0.01481407697,0.004790606722,2.824658811e-05,True,
2024-08-27,2024-08-23,UKX,RealGARCH,RealGARCH11-logRVscaled-studentt,1,0.00558031078,3.11398684e-05,-0.01389866723,-0.01094200777,-0.008738442407,-0.01747371023,-0.01430313803,0.002123179197,5.32065482e-05,True,
2024-08-28,2024-08-27,UKX,RealGARCH,RealGARCH11-logRVscaled-studentt,1,0.006281663103,3.945929134e-05,-0.01567176946,-0.01234350705,-0.00986299014,-0.01969613595,-0.01612707552,-0.0001916916087,2.180433898e-05,True,
2024-08-29,2024-08-28,UKX,RealGARCH,RealGARCH11-logRVscaled-studentt,1,0.005526296523,3.053995326e-05,-0.01376211275,-0.01083407209,-0.008651835992,-0.01730255136,-0.0141626685,0.004269354169,2.756056058e-05,True,
2024-08-30,2024-08-29,UKX,RealGARCH,RealGARCH11-logRVscaled-studentt,1,0.005415609866,2.932883022e-05,-0.01348228369,-0.010612889,-0.008474361098,-0.01695181056,-0.01387481668,-0.000358076434,2.209258784e-05,True,
2024-09-02,2024-08-30,UKX,RealGARCH,RealGARCH11-logRVscaled-studentt,1,0.005103837983,2.604916216e-05,-0.01269408723,-0.009989881058,-0.00797446632,-0.01596387649,-0.01306402244,-0.001529211601,2.097994891e-05,True,
2024-09-03,2024-09-02,UKX,RealGARCH,RealGARCH11-logRVscaled-studentt,1,0.004883379892,2.384739917e-05,-0.01213674291,-0.009549343763,-0.007620983999,-0.01526529503,-0.01249069892,-0.007838070383,4.291934067e-05,True,
2024-09-04,2024-09-03,UKX,RealGARCH,RealGARCH11-logRVscaled-studentt,1,0.005567028628,3.099180774e-05,-0.01386508836,-0.01091546629,-0.008717145815,-0.01743162212,-0.01426859645,-0.003488682588,7.707243893e-05,True,
2024-09-05,2024-09-04,UKX,RealGARCH,RealGARCH11-logRVscaled-studentt,1,0.006799439485,4.623237731e-05,-0.01698076984,-0.01337816994,-0.01069319236,-0.02133685135,-0.01747360525,-0.003379436008,5.052853744e-05,True,
2024-09-06,2024-09-05,UKX,RealGARCH,RealGARCH11-logRVscaled-studentt,1,0.006931927351,4.805161679e-05,-0.01731571495,-0.01364291797,-0.0109056233,-0.02175667521,-0.01781815331,-0.007331149095,8.639353131e-05,True,
2024-09-09,2024-09-06,UKX,RealGARCH,RealGARCH11-logRVscaled-studentt,1,0.007872814085,6.198120162e-05,-0.01969438871,-0.0155230744,-0.01241424031,-0.02473813091,-0.02026502421,0.01085570808,4.072874324e-05,True,
2024-09-10,2024-09-09,UKX,RealGARCH,RealGARCH11-logRVscaled-studentt,1,0.007175541205,5.148839159e-05,-0.0179315998,-0.014129727,-0.01129623355,-0.02252863201,-0.01845169572,-0.007865621948,5.289513864e-05,True,
2024-09-11,2024-09-10,UKX,RealGARCH,RealGARCH11-logRVscaled-studentt,1,0.007213696768,5.203742106e-05,-0.01802806161,-0.01420597255,-0.01135741214,-0.02264953829,-0.01855092311,-0.001475571303,5.81153828e-05,True,
2024-09-12,2024-09-11,UKX,RealGARCH,RealGARCH11-logRVscaled-studentt,1,0.007384475371,5.45304765e-05,-0.01845981026,-0.01454723625,-0.01163123841,-0.02319069678,-0.0189950501,0.005731673064,5.701453092e-05,True,
2024-09-13,2024-09-12,UKX,RealGARCH,RealGARCH11-logRVscaled-studentt,1,0.007450023036,5.550284323e-05,-0.01862552257,-0.01467821893,-0.01173633749,-0.02339840239,-0.01916551342,0.003887544606,4.407883789e-05,True,
2024-09-16,2024-09-13,UKX,RealGARCH,RealGARCH11-logRVscaled-studentt,1,0.007079504626,5.011938575e-05,-0.01768880789,-0.01393781889,-0.01114224858,-0.02222431397,-0.01820194291,0.0006405198539,5.5315805e-05,True,
2024-09-17,2024-09-16,UKX,RealGARCH,RealGARCH11-logRVscaled-studentt,1,0.007229887078,5.227126716e-05,-0.01806899264,-0.01423832534,-0.01138337167,-0.0227008417,-0.01859302765,0.003797861912,3.363565815e-05,True,
2024-09-18,2024-09-17,UKX,RealGARCH,RealGARCH11-logRVscaled-studentt,1,0.006565234018,4.310229771e-05,-0.01638867052,-0.01291016152,-0.01031766751,-0.02059470758,-0.01686453029,-0.006786013871,2.66637824e-05,True,
2024-09-19,2024-09-18,UKX,RealGARCH,RealGARCH11-logRVscaled-studentt,1,0.005916584849,3.500597627e-05,-0.01474880814,-0.01161397797,-0.00927762397,-0.01853928614,-0.01517765268,0.009045796706,8.178829599e-05,True,
2024-09-20,2024-09-19,UKX,RealGARCH,RealGARCH11-logRVscaled-studentt,1,0.007124667343,5.076088475e-05,-0.01780298461,-0.01402806671,-0.01121466244,-0.02236742433,-0.01831939311,-0.0119213903,6.800426328e-05,True,
2024-09-23,2024-09-20,UKX,RealGARCH,RealGARCH11-logRVscaled-studentt,1,0.007588489012,5.758516549e-05,-0.01897558105,-0.01495491291,-0.01195835372,-0.02383716953,-0.01952560816,0.00360227618,5.005220984e-05,True,
2024-09-24,2024-09-23,UKX,RealGARCH,RealGARCH11-logRVscaled-studentt,1,0.007352554528,5.406005808e-05,-0.01837911057,-0.01448344942,-0.01158005656,-0.0230895469,-0.01891203673,0.002792761072,5.290177747e-05,True,
2024-09-25,2024-09-24,UKX,RealGARCH,RealGARCH11-logRVscaled-studentt,1,0.007312179584,5.346797028e-05,-0.0182770379,-0.01440276893,-0.01151531941,-0.0229616079,-0.01880703762,-0.001703726358,3.410128128e-05,True,
2024-09-26,2024-09-25,UKX,RealGARCH,RealGARCH11-logRVscaled-studentt,1,0.00662639394,4.390909665e-05,-0.01654329009,-0.01303237625,-0.01041573128,-0.02078850944,-0.01702358284,0.001957302411,3.055511745e-05,True,
2024-09-27,2024-09-26,UKX,RealGARCH,RealGARCH11-logRVscaled-studentt,1,0.006125818043,3.752564669e-05,-0.01527777458,-0.01203208477,-0.0096131083,-0.01920229847,-0.01572178471,0.004323752628,3.140199274e-05,True,
2024-09-30,2024-09-27,UKX,RealGARCH,RealGARCH11-logRVscaled-studentt,1,0.005899308444,3.480184012e-05,-0.01470513133,-0.01157945486,-0.009249922998,-0.01848454115,-0.01513272364,-0.01012218066,5.421589656e-05,True,
2024-10-01,2024-09-30,UKX,RealGARCH,RealGARCH11-logRVscaled-studentt,1,0.006505112818,4.231649278e-05,-0.01623667696,-0.01279002245,-0.01022126923,-0.02040419719,-0.01670817905,0.004808161831,6.598725038e-05,True,
2024-10-02,2024-10-01,UKX,RealGARCH,RealGARCH11-logRVscaled-studentt,1,0.007167599368,5.13744807e-05,-0.01791152189,-0.01411385697,-0.01128349961,-0.02250346614,-0.01843104217,0.00171421316,8.304296416e-05,True,
2024-10-03,2024-10-02,UKX,RealGARCH,RealGARCH11-logRVscaled-studentt,1,0.007951696049,6.322947005e-05,-0.01989381171,-0.01568070276,-0.01254071958,-0.02498808988,-0.02047016471,-0.001013719758,8.158690338e-05,True,
2024-10-04,2024-10-03,UKX,RealGARCH,RealGARCH11-logRVscaled-studentt,1,0.008391252554,7.041311942e-05,-0.02100506293,-0.01655906033,-0.01324550411,-0.0263809443,-0.02161327576,-0.0002294728708,6.30623439e-05,True,
2024-10-07,2024-10-04,UKX,RealGARCH,RealGARCH11-logRVscaled-studentt,1,0.008175155091,6.683316075e-05,-0.0204587428,-0.0161272368,-0.01289901362,-0.02569618067,-0.0210512925,0.002773726297,6.233922827e-05,True,
2024-10-08,2024-10-07,UKX,RealGARCH,RealGARCH11-logRVscaled-studentt,1,0.008037398429,6.459977351e-05,-0.02011047754,-0.01585196023,-0.01267813471,-0.0252596612,-0.0206930424,-0.0137019414,6.160532681e-05,True,
2024-10-09,2024-10-08,UKX,RealGARCH,RealGARCH11-logRVscaled-studentt,1,0.007941442371,6.306650692e-05,-0.0198678892,-0.01566021302,-0.01252427884,-0.02495559831,-0.02044349899,0.006462128699,3.303077605e-05,True,
2024-10-10,2024-10-09,UKX,RealGARCH,RealGARCH11-logRVscaled-studentt,1,0.006889316476,4.74626815e-05,-0.01720798958,-0.01355776946,-0.01083730105,-0.02162165105,-0.01770733943,-0.0007280935021,4.075697161e-05,True,
2024-10-11,2024-10-10,UKX,RealGARCH,RealGARCH11-logRVscaled-studentt,1,0.0066640459,4.440950776e-05,-0.01663847873,-0.01310761546,-0.0104761024,-0.02090781992,-0.01712150057,0.001940405865,3.126758761e-05,True,
2024-10-14,2024-10-11,UKX,RealGARCH,RealGARCH11-logRVscaled-studentt,1,0.00617598097,3.814274094e-05,-0.01540459244,-0.01213232441,-0.009693539496,-0.01936125335,-0.01585223846,0.00471402496,4.85827103e-05,True,
2024-10-15,2024-10-14,UKX,RealGARCH,RealGARCH11-logRVscaled-studentt,1,0.006515596801,4.245300167e-05,-0.01626318172,-0.01281097239,-0.01023807924,-0.02043741855,-0.0167354437,-0.005247308618,3.222565484e-05,True,
2024-10-16,2024-10-15,UKX,RealGARCH,RealGARCH11-logRVscaled-studentt,1,0.006139335688,3.76914427e-05,-0.0153119488,-0.01205909683,-0.009634782481,-0.0192451328,-0.01575693871,0.009627035557,2.93013369e-05,True,
2024-10-17,2024-10-16,UKX,RealGARCH,RealGARCH11-logRVscaled-studentt,1,0.005818326862,3.385292747e-05,-0.01450040024,-0.01141763087,-0.009120077195,-0.01822792897,-0.01492212287,0.006700914452,3.323025043e-05,True,
2024-10-18,2024-10-17,UKX,RealGARCH,RealGARCH11-logRVscaled-studentt,1,0.005803927171,3.368557061e-05,-0.01446399611,-0.01138885624,-0.009096988743,-0.01818229963,-0.01488467502,-0.003201240826,3.65987759e-05,True,
2024-10-21,2024-10-18,UKX,RealGARCH,RealGARCH11-logRVscaled-studentt,1,0.005918844934,3.503272535e-05,-0.0147545219,-0.01161849426,-0.009281247789,-0.01854644784,-0.01518353026,-0.00480912509,2.783754813e-05,True,
2024-10-22,2024-10-21,UKX,RealGARCH,RealGARCH11-logRVscaled-studentt,1,0.005638203979,3.178934411e-05,-0.01404502813,-0.01105769467,-0.008831268314,-0.01765716059,-0.01445369513,-0.001407567871,4.333982011e-05,True,
2024-10-23,2024-10-22,UKX,RealGARCH,RealGARCH11-logRVscaled-studentt,1,0.006042349868,3.650999193e-05,-0.01506675709,-0.01186529187,-0.009479275497,-0.01893780684,-0.0155047173,-0.005783306547,3.869938661e-05,True,
2024-10-24,2024-10-23,UKX,RealGARCH,RealGARCH11-logRVscaled-studentt,1,0.006126508142,3.753410202e-05,-0.01527951923,-0.01203346378,-0.009614214805,-0.01920448523,-0.01572357938,0.001306967998,3.29566308e-05,True,
2024-10-25,2024-10-24,UKX,RealGARCH,RealGARCH11-logRVscaled-studentt,1,0.005961955493,3.55449133e-05,-0.01486351053,-0.01170464129,-0.009350371224,-0.01868305538,-0.01529564361,-0.002494290714,2.892116942e-05,True,
2024-10-28,2024-10-25,UKX,RealGARCH,RealGARCH11-logRVscaled-studentt,1,0.005708146308,3.258293427e-05,-0.01422185067,-0.01119745912,-0.008943413786,-0.0178787919,-0.01463558722,0.00445130952,5.213018941e-05,True,
2024-10-29,2024-10-28,UKX,RealGARCH,RealGARCH11-logRVscaled-studentt,1,0.006332981013,4.010664851e-05,-0.01580150725,-0.01244605467,-0.009945273234,-0.01985875072,-0.01626053292,-0.007997522588,5.038506134e-05,True,
2024-10-30,2024-10-29,UKX,RealGARCH,RealGARCH11-logRVscaled-studentt,1,0.006659569929,4.434987164e-05,-0.01662716294,-0.01309867121,-0.01046892563,-0.02089363659,-0.01710986035,-0.007326338337,7.481627911e-05,True,
2024-10-31,2024-10-30,UKX,RealGARCH,RealGARCH11-logRVscaled-studentt,1,0.00746250216,5.568893848e-05,-0.01865707128,-0.01470315573,-0.0117563465,-0.02343794589,-0.01919796664,-0.006084949586,5.629615716e-05,True,
2024-11-01,2024-10-31,UKX,RealGARCH,RealGARCH11-logRVscaled-studentt,1,0.007473013739,5.584593435e-05,-0.01868364581,-0.01472416082,-0.01177320076,-0.0234712547,-0.01922530306,0.008239606984,5.088131703e-05,True,
2024-11-04,2024-11-01,UKX,RealGARCH,RealGARCH11-logRVscaled-studentt,1,0.007316287051,5.352805622e-05,-0.01828742207,-0.0144109768,-0.01152190532,-0.02297462353,-0.0188177195,0.0008556725293,3.061440798e-05,True,
2024-11-05,2024-11-04,UKX,RealGARCH,RealGARCH11-logRVscaled-studentt,1,0.006474893912,4.192425117e-05,-0.01616027997,-0.01272963657,-0.01017281626,-0.02030844036,-0.01662959173,-0.001442878713,2.732385607e-05,True,
2024-11-06,2024-11-05,UKX,RealGARCH,RealGARCH11-logRVscaled-studentt,1,0.005902519648,3.48397382e-05,-0.01471324963,-0.01158587175,-0.009255071839,-0.01849471673,-0.0151410747,-0.0006976770076,0.0001027612734,True,
2024-11-07,2024-11-06,UKX,RealGARCH,RealGARCH11-logRVscaled-studentt,1,0.007477126307,5.590741782e-05,-0.01869404287,-0.01473237889,-0.01177979485,-0.02348428649,-0.01923599821,-0.003188739028,5.728191687e-05,True,
2024-11-08,2024-11-07,UKX,RealGARCH,RealGARCH11-logRVscaled-studentt,1,0.00750941681,5.639134083e-05,-0.01877567711,-0.0147969044,-0.01183156942,-0.02358660773,-0.01931997292,-0.00842537166,4.432641942e-05,True,
2024-11-11,2024-11-08,UKX,RealGARCH,RealGARCH11-logRVscaled-studentt,1,0.007119451096,5.06865839e-05,-0.01778979732,-0.01401764318,-0.01120629871,-0.02235089523,-0.01830582773,0.0065195436,3.874072679e-05,True,
2024-11-12,2024-11-11,UKX,RealGARCH,RealGARCH11-logRVscaled-studentt,1,0.006712341896,4.505553372e-05,-0.01676057676,-0.01320412445,-0.01055354016,-0.02106085893,-0.01724709918,-0.01230903907,5.109640744e-05,True,
2024-11-13,2024-11-12,UKX,RealGARCH,RealGARCH11-logRVscaled-studentt,1,0.006899213547,4.759914757e-05,-0.01723301056,-0.01357754659,-0.01085317001,-0.02165301262,-0.01773307776,0.0005605346538,3.998133397e-05,True,
2024-11-14,2024-11-13,UKX,RealGARCH,RealGARCH11-logRVscaled-studentt,1,0.006641570449,4.411045803e-05,-0.01658165811,-0.01306270319,-0.01044006528,-0.02083660034,-0.01706305089,0.005080331394,4.419006351e-05,True,
2024-11-15,2024-11-14,UKX,RealGARCH,RealGARCH11-logRVscaled-studentt,1,0.006645662887,4.41648352e-05,-0.01659200428,-0.01307088103,-0.01044662709,-0.02084956834,-0.01707369368,-0.0009420751945,6.565193079e-05,True,
2024-11-18,2024-11-15,UKX,RealGARCH,RealGARCH11-logRVscaled-studentt,1,0.007245161484,5.249236493e-05,-0.01810760816,-0.01426884791,-0.01140786264,-0.02274924281,-0.01863275028,0.005651408085,3.825266517e-05,True,
2024-11-19,2024-11-18,UKX,RealGARCH,RealGARCH11-logRVscaled-studentt,1,0.006759253112,4.568750263e-05,-0.0168791739,-0.01329786626,-0.01062875756,-0.02120950988,-0.01736909653,-0.001270929895,6.20735367e-05,True,
2024-11-20,2024-11-19,UKX,RealGARCH,RealGARCH11-logRVscaled-studentt,1,0.007225130601,5.22025122e-05,-0.0180569677,-0.01422882056,-0.01137574514,-0.02268576951,-0.01858065795,-0.001717723609,4.566945149e-05,True,
2024-11-21,2024-11-20,UKX,RealGARCH,RealGARCH11-logRVscaled-studentt,1,0.007013848571,4.919407178e-05,-0.01752282156,-0.01380661962,-0.01103697571,-0.02201626489,-0.01803119771,0.007909136408,6.898709879e-05,True,
2024-11-22,2024-11-21,UKX,RealGARCH,RealGARCH11-logRVscaled-studentt,1,0.007546210598,5.694529439e-05,-0.01886869619,-0.01487042874,-0.01189056454,-0.02370319887,-0.01941565888,0.01374673512,4.653074077e-05,True,
2024-11-25,2024-11-22,UKX,RealGARCH,RealGARCH11-logRVscaled-studentt,1,0.007214490296,5.204887023e-05,-0.01803006774,-0.01420755824,-0.01135868449,-0.0226520528,-0.01855298676,0.003576292803,2.906339497e-05,True,
2024-11-26,2024-11-25,UKX,RealGARCH,RealGARCH11-logRVscaled-studentt,1,0.006352530212,4.03546401e-05,-0.01585092995,-0.01248511947,-0.009976618404,-0.01992069768,-0.01631137258,-0.004000003689,3.602225776e-05,True,
2024-11-27,2024-11-26,UKX,RealGARCH,RealGARCH11-logRVscaled-studentt,1,0.006201834443,3.846275046e-05,-0.0154699531,-0.01218398692,-0.009734992933,-0.01944317712,-0.01591947303,0.001959693924,3.78635896e-05,True,
2024-11-28,2024-11-27,UKX,RealGARCH,RealGARCH11-logRVscaled-studentt,1,0.006186361147,3.827106425e-05,-0.01543083476,-0.01215306692,-0.009710183063,-0.01939414577,-0.01587923316,0.0007731807585,1.831183381e-05,True,
2024-11-29,2024-11-28,UKX,RealGARCH,RealGARCH11-logRVscaled-studentt,1,0.005275607973,2.783203948e-05,-0.01312834223,-0.01033312583,-0.008249882179,-0.01650817646,-0.01351072763,0.0007362899811,4.513077565e-05,True,
2024-12-02,2024-11-29,UKX,RealGARCH,RealGARCH11-logRVscaled-studentt,1,0.00587485005,3.451386311e-05,-0.01464329759,-0.0115305801,-0.009210706428,-0.01840703807,-0.01506911712,0.0030843732,3.832064288e-05,True,
2024-12-03,2024-12-02,UKX,RealGARCH,RealGARCH11-logRVscaled-studentt,1,0.006018732457,3.622514039e-05,-0.01500704946,-0.01181809764,-0.009441407361,-0.01886296864,-0.01544329784,0.005578128799,3.341087125e-05,True,
2024-12-04,2024-12-03,UKX,RealGARCH,RealGARCH11-logRVscaled-studentt,1,0.00592107252,3.505909979e-05,-0.0147601535,-0.0116229456,-0.009284819498,-0.01855350655,-0.01518932332,-0.002827231952,3.124107136e-05,True,
2024-12-05,2024-12-04,UKX,RealGARCH,RealGARCH11-logRVscaled-studentt,1,0.0057825294,3.343764626e-05,-0.01440989999,-0.01134609747,-0.009062679574,-0.01811449497,-0.01482902795,0.001630257816,2.108814257e-05,True,
2024-12-06,2024-12-05,UKX,RealGARCH,RealGARCH11-logRVscaled-studentt,1,0.005239805273,2.74555593e-05,-0.01303782874,-0.01026158196,-0.008192476159,-0.01639472586,-0.01341761909,-0.004898650929,2.849033458e-05,True,
2024-12-09,2024-12-06,UKX,RealGARCH,RealGARCH11-logRVscaled-studentt,1,0.005295910485,2.804666787e-05,-0.0131796694,-0.01037369596,-0.008282435211,-0.01657251049,-0.01356352636,0.00522188154,2.149539564e-05,True,
2024-12-10,2024-12-09,UKX,RealGARCH,RealGARCH11-logRVscaled-studentt,1,0.005010953787,2.510965786e-05,-0.01245926492,-0.009804272301,-0.007825535877,-0.01566954764,-0.01282246771,-0.008621633805,2.313929421e-05,True,
2024-12-11,2024-12-10,UKX,RealGARCH,RealGARCH11-logRVscaled-studentt,1,0.004937838613,2.438225016e-05,-0.01227442104,-0.00965816761,-0.007708303067,-0.01543786231,-0.01263232432,0.002556896581,2.398446927e-05,True,
2024-12-12,2024-12-11,UKX,RealGARCH,RealGARCH11-logRVscaled-studentt,1,0.004936030646,2.436439854e-05,-0.01226985029,-0.009654554785,-0.007705404175,-0.01543213328,-0.01262762252,0.00122794824,2.539889682e-05,True,
2024-12-13,2024-12-12,UKX,RealGARCH,RealGARCH11-logRVscaled-studentt,1,0.004996861659,2.496862644e-05,-0.01242363834,-0.009776112264,-0.007802940571,-0.0156248929,-0.01278581971,-0.001384533215,2.22626247e-05,True,
2024-12-16,2024-12-13,UKX,RealGARCH,RealGARCH11-logRVscaled-studentt,1,0.004888915698,2.39014967e-05,-0.01215073809,-0.009560405861,-0.007629860106,-0.01528283674,-0.01250509535,-0.004612890051,2.968524127e-05,True,
2024-12-17,2024-12-16,UKX,RealGARCH,RealGARCH11-logRVscaled-studentt,1,0.005141644512,2.643650829e-05,-0.01278966664,-0.01006542914,-0.008035085277,-0.01608367677,-0.01316234213,-0.008130104366,2.953072088e-05,True,
2024-12-18,2024-12-17,UKX,RealGARCH,RealGARCH11-logRVscaled-studentt,1,0.005281591971,2.789521375e-05,-0.01314347049,-0.01034508354,-0.008259476917,-0.01652713838,-0.01352628962,0.0004757036434,2.357532585e-05,True,
2024-12-19,2024-12-18,UKX,RealGARCH,RealGARCH11-logRVscaled-studentt,1,0.005104866885,2.605966592e-05,-0.01269668842,-0.009991937095,-0.007976116061,-0.01596713685,-0.0130666982,-0.01150619983,6.631968501e-05,True,
2024-12-20,2024-12-19,UKX,RealGARCH,RealGARCH11-logRVscaled-studentt,1,0.006271779779,3.933522159e-05,-0.01564678324,-0.01232375738,-0.009847143226,-0.01966481795,-0.01610137293,-0.002557115041,7.540747155e-05,True,
2024-12-23,2024-12-20,UKX,RealGARCH,RealGARCH11-logRVscaled-studentt,1,0.007230338359,5.227779278e-05,-0.01807013353,-0.01423922713,-0.01138409526,-0.0227022717,-0.01859420125,0.002236333943,4.765702402e-05,True,
2024-12-24,2024-12-23,UKX,RealGARCH,RealGARCH11-logRVscaled-studentt,1,0.007081914834,5.015351771e-05,-0.01769490118,-0.01394263517,-0.0111461131,-0.02223195137,-0.0182082109,0.00422419818,2.42012561e-05,True,
2024-12-27,2024-12-24,UKX,RealGARCH,RealGARCH11-logRVscaled-studentt,1,0.006042205695,3.650824966e-05,-0.0150663926,-0.01186500377,-0.00947904433,-0.01893734998,-0.01550434236,0.001571801433,4.893101476e-05,True,
2024-12-30,2024-12-27,UKX,RealGARCH,RealGARCH11-logRVscaled-studentt,1,0.006446844817,4.156180809e-05,-0.01608936851,-0.01267358659,-0.01012784236,-0.02021955917,-0.01655664723,-0.003540063847,3.366567515e-05,True,
2024-12-31,2024-12-30,UKX,RealGARCH,RealGARCH11-logRVscaled-studentt,1,0.00616153508,3.796451454e-05,-0.0153680715,-0.01210345746,-0.009670376967,-0.01931547762,-0.01581467047,0.006382739234,7.352718873e-05,True,
2025-01-02,2024-12-31,UKX,RealGARCH,RealGARCH11-logRVscaled-studentt,1,0.007120304684,5.069873879e-05,-0.01779195529,-0.01401934889,-0.01120766735,-0.02235360006,-0.01830804757,0.01060060813,,True,
2025-01-03,2025-01-02,UKX,RealGARCH,RealGARCH11-logRVscaled-studentt,1,0.007116912325,5.065044104e-05,-0.01778337901,-0.01401257,-0.01120222805,-0.02234285044,-0.0182992254,-0.004379937948,3.02956839e-05,True,RV_imputed_in_recursion
2025-01-06,2025-01-03,UKX,RealGARCH,RealGARCH11-logRVscaled-studentt,1,0.006361825767,4.047282709e-05,-0.01587443022,-0.0125036946,-0.009991522889,-0.01995015317,-0.01633554661,0.003120150973,6.553264585e-05,True,
2025-01-07,2025-01-06,UKX,RealGARCH,RealGARCH11-logRVscaled-studentt,1,0.007068866415,4.99688724e-05,-0.01766191322,-0.01391656075,-0.01112519128,-0.0221906039,-0.01817427717,-0.0005335422982,4.823713187e-05,True,
2025-01-08,2025-01-07,UKX,RealGARCH,RealGARCH11-logRVscaled-studentt,1,0.007012060994,4.916899938e-05,-0.01751830235,-0.01380304754,-0.01103410951,-0.02201060046,-0.01802654893,0.0006910877341,7.935003365e-05,True,
2025-01-09,2025-01-08,UKX,RealGARCH,RealGARCH11-logRVscaled-studentt,1,0.007778137429,6.049942186e-05,-0.01945503485,-0.0153338838,-0.01226243583,-0.02443812215,-0.02001880801,0.008291814807,3.406852379e-05,True,
2025-01-10,2025-01-09,UKX,RealGARCH,RealGARCH11-logRVscaled-studentt,1,0.006856219243,4.70077423e-05,-0.01712431583,-0.01349163187,-0.01078423298,-0.02151677346,-0.01762126674,-0.008594854295,5.255445352e-05,True,
2025-01-13,2025-01-10,UKX,RealGARCH,RealGARCH11-logRVscaled-studentt,1,0.007023760377,4.933320984e-05,-0.01754787978,-0.0138264262,-0.01105286829,-0.02204767315,-0.01805697436,-0.00295031444,3.860463526e-05,True,
2025-01-14,2025-01-13,UKX,RealGARCH,RealGARCH11-logRVscaled-studentt,1,0.006656999374,4.431564066e-05,-0.01662066427,-0.01309353452,-0.01046480401,-0.02088549108,-0.01710317536,-0.002763986823,5.167820972e-05,True,
2025-01-15,2025-01-14,UKX,RealGARCH,RealGARCH11-logRVscaled-studentt,1,0.006884485837,4.739614524e-05,-0.01719577715,-0.01354811648,-0.01082955561,-0.02160634386,-0.01769477687,0.01207092467,4.304293668e-05,True,
2025-01-16,2025-01-15,UKX,RealGARCH,RealGARCH11-logRVscaled-studentt,1,0.006740919693,4.54399983e-05,-0.01683282483,-0.01326123093,-0.01059936177,-0.02115141546,-0.01732141862,0.01087901247,3.355001342e-05,True,
2025-01-17,2025-01-16,UKX,RealGARCH,RealGARCH11-logRVscaled-studentt,1,0.00631133825,3.983299051e-05,-0.01574679177,-0.01240280634,-0.009910571246,-0.01979016973,-0.01620424873,0.01341076257,3.995948849e-05,True,
2025-01-20,2025-01-17,UKX,RealGARCH,RealGARCH11-logRVscaled-studentt,1,0.006320348708,3.994680779e-05,-0.01576957128,-0.01242081177,-0.009925018607,-0.01981872182,-0.01622768134,0.001797260488,3.072213433e-05,True,
2025-01-21,2025-01-20,UKX,RealGARCH,RealGARCH11-logRVscaled-studentt,1,0.005974130496,3.569023518e-05,-0.01489429039,-0.01172897037,-0.009369892612,-0.01872163519,-0.01532730594,0.003257385393,3.056954539e-05,True,
2025-01-22,2025-01-21,UKX,RealGARCH,RealGARCH11-logRVscaled-studentt,1,0.00578386976,3.34531494e-05,-0.01441328858,-0.01134877589,-0.009064828707,-0.01811874226,-0.01483251369,-0.0003744364664,2.639201671e-05,True,
2025-01-23,2025-01-22,UKX,RealGARCH,RealGARCH11-logRVscaled-studentt,1,0.005502307331,3.027538596e-05,-0.01370146521,-0.01078613493,-0.008613371741,-0.01722653507,-0.01410028218,0.002349531624,2.474245448e-05,True,
2025-01-24,2025-01-23,UKX,RealGARCH,RealGARCH11-logRVscaled-studentt,1,0.005277376637,2.785070416e-05,-0.01313281362,-0.01033666012,-0.008252718053,-0.01651378095,-0.01351532722,-0.007358982546,2.969709744e-05,True,
2025-01-27,2025-01-24,UKX,RealGARCH,RealGARCH11-logRVscaled-studentt,1,0.005365113807,2.878444616e-05,-0.01335462364,-0.01051198367,-0.008393395759,-0.01679180005,-0.01374349658,0.0001528632617,3.37052418e-05,True,
2025-01-28,2025-01-27,UKX,RealGARCH,RealGARCH11-logRVscaled-studentt,1,0.005565498278,3.097477108e-05,-0.01386121946,-0.01091240822,-0.008714692053,-0.01742677279,-0.01426461662,0.003545126848,2.756934261e-05,True,
2025-01-29,2025-01-28,UKX,RealGARCH,RealGARCH11-logRVscaled-studentt,1,0.005437285691,2.956407568e-05,-0.01353708276,-0.0106562034,-0.008509116098,-0.01702049631,-0.01393118685,0.002796612309,1.834350828e-05,True,
2025-01-30,2025-01-29,UKX,RealGARCH,RealGARCH11-logRVscaled-studentt,1,0.004912573301,2.413337644e-05,-0.01221054733,-0.009607680409,-0.007667792688,-0.01535780229,-0.01256661933,0.01035779544,2.324269821e-05,True,
2025-01-31,2025-01-30,UKX,RealGARCH,RealGARCH11-logRVscaled-studentt,1,0.004888501772,2.389744958e-05,-0.01214969163,-0.009559578722,-0.007629196418,-0.0152815251,-0.01250401889,0.003129124988,2.255501042e-05,True,
2025-02-03,2025-01-31,UKX,RealGARCH,RealGARCH11-logRVscaled-studentt,1,0.004843470164,2.345920323e-05,-0.01203584636,-0.009469592899,-0.007556992775,-0.0151388302,-0.01238690965,-0.01047668504,9.222655091e-05,True,
2025-02-04,2025-02-03,UKX,RealGARCH,RealGARCH11-logRVscaled-studentt,1,0.006543900347,4.282263176e-05,-0.01633473646,-0.01286753084,-0.01028346112,-0.02052710604,-0.01680904993,-0.001492305975,4.517008937e-05,True,
2025-02-05,2025-02-04,UKX,RealGARCH,RealGARCH11-logRVscaled-studentt,1,0.006622708141,4.386026313e-05,-0.01653397195,-0.01302501099,-0.01040982147,-0.02077682998,-0.01701399755,0.006106765035,3.033451648e-05,True,
2025-02-06,2025-02-05,UKX,RealGARCH,RealGARCH11-logRVscaled-studentt,1,0.006114290251,3.738454527e-05,-0.01524863095,-0.01200904899,-0.009594624647,-0.01916576952,-0.01569180552,0.01198820189,6.568247906e-05,True,
2025-02-07,2025-02-06,UKX,RealGARCH,RealGARCH11-logRVscaled-studentt,1,0.006918217814,4.786173772e-05,-0.01728105561,-0.01361552246,-0.01088364144,-0.02171323281,-0.01778250028,-0.003075526047,3.517127791e-05,True,
2025-02-10,2025-02-07,UKX,RealGARCH,RealGARCH11-logRVscaled-studentt,1,0.006468990412,4.184783695e-05,-0.01614535521,-0.01271783972,-0.01016335059,-0.02028973352,-0.01661423909,0.007705402213,2.136780133e-05,True,
2025-02-11,2025-02-10,UKX,RealGARCH,RealGARCH11-logRVscaled-studentt,1,0.005592580286,3.127695425e-05,-0.013929686,-0.01096652569,-0.008758115323,-0.0175125895,-0.01433504611,0.00109438329,1.619019542e-05,True,
2025-02-12,2025-02-11,UKX,RealGARCH,RealGARCH11-logRVscaled-studentt,1,0.004856411447,2.358473214e-05,-0.01206856347,-0.009495453222,-0.007577742817,-0.01517983817,-0.01242056476,0.003412040827,3.608555151e-05,True,
2025-02-13,2025-02-12,UKX,RealGARCH,RealGARCH11-logRVscaled-studentt,1,0.005344657999,2.856536913e-05,-0.01330290892,-0.01047110721,-0.008360596934,-0.01672698026,-0.01369029919,-0.004860008607,2.836697173e-05,True,
2025-02-14,2025-02-13,UKX,RealGARCH,RealGARCH11-logRVscaled-studentt,1,0.005349452873,2.861664604e-05,-0.01331503093,-0.01048068872,-0.008368285031,-0.01674217412,-0.01370276874,-0.003680615298,1.953395851e-05,True,
2025-02-17,2025-02-14,UKX,RealGARCH,RealGARCH11-logRVscaled-studentt,1,0.004935326204,2.435744474e-05,-0.01226806938,-0.009653147111,-0.007704274673,-0.01542990106,-0.01262579055,0.004057032507,1.202866259e-05,True,
2025-02-18,2025-02-17,UKX,RealGARCH,RealGARCH11-logRVscaled-studentt,1,0.004247402347,1.80404267e-05,-0.01052891591,-0.008278481688,-0.006601258132,-0.01325002709,-0.01083677514,-0.0001482551726,2.047406599e-05,True,
2025-02-19,2025-02-18,UKX,RealGARCH,RealGARCH11-logRVscaled-studentt,1,0.004386501658,1.92413968e-05,-0.01088057554,-0.008556441249,-0.006824289852,-0.01369080111,-0.01119851694,-0.006201698946,3.096820585e-05,True,
2025-02-20,2025-02-19,UKX,RealGARCH,RealGARCH11-logRVscaled-studentt,1,0.00488588917,2.387191298e-05,-0.01214308666,-0.009554358008,-0.007625007374,-0.01527324636,-0.01249722456,-0.005697693179,3.865622362e-05,True,
2025-02-21,2025-02-20,UKX,RealGARCH,RealGARCH11-logRVscaled-studentt,1,0.005443446939,2.963111457e-05,-0.01355265913,-0.01066851531,-0.008518995038,-0.0170400199,-0.0139472098,-0.0004156016453,3.098439779e-05,True,
2025-02-24,2025-02-21,UKX,RealGARCH,RealGARCH11-logRVscaled-studentt,1,0.00550878671,3.034673101e-05,-0.01371784586,-0.01079908255,-0.008623760772,-0.01724706675,-0.01411713246,-4.623879701e-05,3.800967344e-05,True,
2025-02-25,2025-02-24,UKX,RealGARCH,RealGARCH11-logRVscaled-studentt,1,0.005797227693,3.360784893e-05,-0.01444705903,-0.01137546879,-0.009086246806,-0.01816107051,-0.01486725235,0.001119617249,3.707101383e-05,True,
2025-02-26,2025-02-25,UKX,RealGARCH,RealGARCH11-logRVscaled-studentt,1,0.005931552864,3.518331938e-05,-0.01478664906,-0.01164388828,-0.009301623674,-0.01858671637,-0.01521657851,0.007218316683,2.947703255e-05,True,
2025-02-27,2025-02-26,UKX,RealGARCH,RealGARCH11-logRVscaled-studentt,1,0.005715561073,3.266763838e-05,-0.01424059608,-0.01121227591,-0.008955302614,-0.0179022876,-0.01465487006,0.002824866752,5.723592404e-05,True,
2025-02-28,2025-02-27,UKX,RealGARCH,RealGARCH11-logRVscaled-studentt,1,0.00646754878,4.182918722e-05,-0.0161417106,-0.01271495893,-0.01016103908,-0.02028516532,-0.01661048998,0.00609136614,4.592645547e-05,True,
2025-03-03,2025-02-28,UKX,RealGARCH,RealGARCH11-logRVscaled-studentt,1,0.006603474552,4.360587616e-05,-0.01648534714,-0.01298657687,-0.01037898235,-0.02071588312,-0.01696397866,0.006967915755,5.023372417e-05,True,
2025-03-04,2025-03-03,UKX,RealGARCH,RealGARCH11-logRVscaled-studentt,1,0.006811598199,4.639787003e-05,-0.01701150852,-0.01340246647,-0.01071268763,-0.02137537954,-0.01750522521,-0.01273958186,6.607558186e-05,True,
2025-03-05,2025-03-04,UKX,RealGARCH,RealGARCH11-logRVscaled-studentt,1,0.00735534162,5.410105035e-05,-0.01838615667,-0.01448901882,-0.01158452538,-0.02309837856,-0.01891928484,-0.0003654275323,6.319461314e-05,True,
2025-03-06,2025-03-05,UKX,RealGARCH,RealGARCH11-logRVscaled-studentt,1,0.007601809803,5.778751228e-05,-0.0190092576,-0.01498153159,-0.01197971226,-0.02387938008,-0.01956025023,-0.008372280807,8.578792619e-05,True,
2025-03-07,2025-03-06,UKX,RealGARCH,RealGARCH11-logRVscaled-studentt,1,0.008273957296,6.845836934e-05,-0.02070852654,-0.0163246714,-0.013057433,-0.02600926235,-0.02130823761,-0.0003339819261,8.858017906e-05,True,
2025-03-10,2025-03-07,UKX,RealGARCH,RealGARCH11-logRVscaled-studentt,1,0.00873311846,7.626735803e-05,-0.02186934067,-0.0172422046,-0.01379365163,-0.02746423947,-0.02250233255,-0.009224571438,0.0001048049496,True,
2025-03-11,2025-03-10,UKX,RealGARCH,RealGARCH11-logRVscaled-studentt,1,0.009334012197,8.71237837e-05,-0.02338847163,-0.01844295936,-0.01475712415,-0.02936833482,-0.02406501735,-0.01219001698,0.0001002516842,True,
2025-03-12,2025-03-11,UKX,RealGARCH,RealGARCH11-logRVscaled-studentt,1,0.009592330302,9.201280061e-05,-0.02404153057,-0.01895915161,-0.01517131118,-0.03018688604,-0.02473679965,0.005282632464,5.458114887e-05,True,
2025-03-13,2025-03-12,UKX,RealGARCH,RealGARCH11-logRVscaled-studentt,1,0.008533480668,7.282029231e-05,-0.02136463255,-0.01684327212,-0.01347355256,-0.02683163279,-0.02198315432,0.0001872683792,7.899610793e-05,True,
2025-03-14,2025-03-13,UKX,RealGARCH,RealGARCH11-logRVscaled-studentt,1,0.008665835119,7.509669831e-05,-0.02169924037,-0.01710775355,-0.01368576957,-0.02725103389,-0.02232735543,0.01044559382,3.184788324e-05,True,
2025-03-17,2025-03-14,UKX,RealGARCH,RealGARCH11-logRVscaled-studentt,1,0.0071744145,5.147222342e-05,-0.01792875135,-0.01412747553,-0.01129442699,-0.02252506174,-0.01844876561,0.005545108658,3.926733802e-05,True,
2025-03-18,2025-03-17,UKX,RealGARCH,RealGARCH11-logRVscaled-studentt,1,0.006760876833,4.570945556e-05,-0.01688327886,-0.01330111091,-0.01063136104,-0.02121465509,-0.01737331918,0.002864502836,2.657214186e-05,True,
2025-03-19,2025-03-18,UKX,RealGARCH,RealGARCH11-logRVscaled-studentt,1,0.006009355166,3.611234951e-05,-0.01498334255,-0.01179935917,-0.00942637182,-0.01883325414,-0.01541891125,0.0001722959551,3.353450789e-05,True,
2025-03-20,2025-03-19,UKX,RealGARCH,RealGARCH11-logRVscaled-studentt,1,0.005920698519,3.505467096e-05,-0.01475920799,-0.01162219825,-0.009284219826,-0.01855232143,-0.01518835069,-0.0005399823148,7.014027321e-05,True,
2025-03-21,2025-03-20,UKX,RealGARCH,RealGARCH11-logRVscaled-studentt,1,0.006893380187,4.75186904e-05,-0.01721826313,-0.01356588989,-0.0108438168,-0.02163452803,-0.01771790752,-0.006363596548,5.404028512e-05,True,
2025-03-24,2025-03-21,UKX,RealGARCH,RealGARCH11-logRVscaled-studentt,1,0.007087687206,5.023530992e-05,-0.01770949442,-0.01395416999,-0.01115536852,-0.0222502427,-0.01822322253,-0.001018213212,4.901686273e-05,True,
2025-03-25,2025-03-24,UKX,RealGARCH,RealGARCH11-logRVscaled-studentt,1,0.007046935788,4.9659304e-05,-0.01760646998,-0.01387273719,-0.01109002773,-0.02212111074,-0.01811724436,0.00298232836,2.890992678e-05,True,
2025-03-26,2025-03-25,UKX,RealGARCH,RealGARCH11-logRVscaled-studentt,1,0.006262964957,3.922473005e-05,-0.01562449832,-0.01230614289,-0.009833009548,-0.01963688579,-0.0160784491,0.002973460403,6.10033173e-05,True,
2025-03-27,2025-03-26,UKX,RealGARCH,RealGARCH11-logRVscaled-studentt,1,0.006899431788,4.7602159e-05,-0.0172335623,-0.0135779827,-0.01085351994,-0.02165370417,-0.01773364532,-0.00270804582,6.078373461e-05,True,
2025-03-28,2025-03-27,UKX,RealGARCH,RealGARCH11-logRVscaled-studentt,1,0.007274687213,5.292107405e-05,-0.01818225272,-0.01432784862,-0.01145520417,-0.02284280312,-0.01870953492,-0.0008310786048,6.037983265e-05,True,
2025-03-31,2025-03-28,UKX,RealGARCH,RealGARCH11-logRVscaled-studentt,1,0.00748096581,5.596484944e-05,-0.01870374959,-0.01474005129,-0.0117859511,-0.023496453,-0.01924598323,-0.008827561008,8.362279462e-05,True,
2025-04-01,2025-03-31,UKX,RealGARCH,RealGARCH11-logRVscaled-studentt,1,0.008155230064,6.650777739e-05,-0.02040836995,-0.01608742099,-0.01286706585,-0.0256330428,-0.02099947546,0.006040349327,7.758151468e-05,True,
2025-04-02,2025-04-01,UKX,RealGARCH,RealGARCH11-logRVscaled-studentt,1,0.008417267183,7.085038683e-05,-0.02107083101,-0.01661104488,-0.01328721595,-0.02646337873,-0.02168092943,-0.003050439961,5.773242805e-05,True,
2025-04-03,2025-04-02,UKX,RealGARCH,RealGARCH11-logRVscaled-studentt,1,0.008033567812,6.453821179e-05,-0.02010079329,-0.01584430558,-0.0126719927,-0.02524752284,-0.0206830805,-0.01566480981,0.0001555656678,True,
2025-04-04,2025-04-03,UKX,RealGARCH,RealGARCH11-logRVscaled-studentt,1,0.009709766015,9.427955607e-05,-0.02433842205,-0.01919382121,-0.0153596075,-0.03055901306,-0.02504220307,-0.05079226079,0.0008249240299,True,
2025-04-07,2025-04-04,UKX,RealGARCH,RealGARCH11-logRVscaled-studentt,1,0.01550081004,0.000240275112,-0.0389788713,-0.03076595657,-0.02464496269,-0.04890951221,-0.04010239744,-0.04479998496,0.002825639728,True,
2025-04-08,2025-04-07,UKX,RealGARCH,RealGARCH11-logRVscaled-studentt,1,0.02626397583,0.0006897964263,-0.06618943674,-0.05227379017,-0.04190261378,-0.08301553241,-0.06809309618,0.02669795923,0.0003969130541,True,
2025-04-09,2025-04-08,UKX,RealGARCH,RealGARCH11-logRVscaled-studentt,1,0.02297660245,0.0005279242603,-0.05787856519,-0.04570469322,-0.03663164204,-0.07259859515,-0.05954394999,-0.02963655003,0.0005993526562,True,
2025-04-10,2025-04-09,UKX,RealGARCH,RealGARCH11-logRVscaled-studentt,1,0.02333098127,0.0005443346869,-0.05877447705,-0.0464128418,-0.03719985274,-0.07372154087,-0.06046554785,0.02999042269,0.000492001358,True,
2025-04-11,2025-04-10,UKX,RealGARCH,RealGARCH11-logRVscaled-studentt,1,0.02254223285,0.0005081522619,-0.05678042708,-0.04483670054,-0.03593517418,-0.07122217684,-0.058414328,0.006411659817,0.0004162147732,True,
2025-04-14,2025-04-11,UKX,RealGARCH,RealGARCH11-logRVscaled-studentt,1,0.02132628795,0.0004548105576,-0.0537063735,-0.0424069005,-0.03398552913,-0.06736912447,-0.05525214058,0.02113314168,0.000109902988,True,
2025-04-15,2025-04-14,UKX,RealGARCH,RealGARCH11-logRVscaled-studentt,1,0.01548347083,0.0002397378689,-0.0389350357,-0.03073130794,-0.02461716101,-0.04885456819,-0.04005730506,0.01401439103,9.395120769e-05,True,
2025-04-16,2025-04-15,UKX,RealGARCH,RealGARCH11-logRVscaled-studentt,1,0.01252720628,0.0001569308972,-0.03146124672,-0.02482385959,-0.01987708889,-0.03948683937,-0.03236924079,0.003207322853,8.615961178e-05,True,
2025-04-17,2025-04-16,UKX,RealGARCH,RealGARCH11-logRVscaled-studentt,1,0.01092918149,0.000119447008,-0.02742124964,-0.02163055642,-0.01731481726,-0.03442306287,-0.02821341606,1.215445327e-05,0.0001108071936,True,
2025-04-22,2025-04-17,UKX,RealGARCH,RealGARCH11-logRVscaled-studentt,1,0.01070092247,0.0001145097418,-0.02684418366,-0.02117443069,-0.01694882695,-0.03369976206,-0.02761980546,0.006371794487,6.886384543e-05,True,
2025-04-23,2025-04-22,UKX,RealGARCH,RealGARCH11-logRVscaled-studentt,1,0.009537599982,9.096581343e-05,-0.02390316581,-0.01884978503,-0.01508355663,-0.03001345813,-0.02459446793,0.008917281011,0.0001074748252,True,
2025-04-24,2025-04-23,UKX,RealGARCH,RealGARCH11-logRVscaled-studentt,1,0.009855845666,9.71376938e-05,-0.02470772881,-0.01948572945,-0.0155938315,-0.03102190619,-0.02542209794,0.0004997080343,4.140098347e-05,True,
2025-04-25,2025-04-24,UKX,RealGARCH,RealGARCH11-logRVscaled-studentt,1,0.008157881903,6.655103714e-05,-0.02041507412,-0.01609272011,-0.01287131781,-0.02564144587,-0.02100637183,0.000939137533,4.207584431e-05,True,
2025-04-28,2025-04-25,UKX,RealGARCH,RealGARCH11-logRVscaled-studentt,1,0.007370615112,5.432596713e-05,-0.01842476988,-0.01451953955,-0.01160901489,-0.02314677678,-0.0189590051,0.0002376341214,2.412633518e-05,True,
2025-04-29,2025-04-28,UKX,RealGARCH,RealGARCH11-logRVscaled-studentt,1,0.006173608844,3.811344616e-05,-0.01539859542,-0.01212758423,-0.00968973603,-0.01935373663,-0.01584606951,0.005473711067,5.560037054e-05,True,
2025-04-30,2025-04-29,UKX,RealGARCH,RealGARCH11-logRVscaled-studentt,1,0.006708034065,4.499772102e-05,-0.01674968605,-0.01319551619,-0.01054663299,-0.02104720839,-0.01723589623,0.003703229805,7.278235569e-05,True,
2025-05-01,2025-04-30,UKX,RealGARCH,RealGARCH11-logRVscaled-studentt,1,0.007447867169,5.547072537e-05,-0.01862007228,-0.0146739109,-0.01173288077,-0.02339157094,-0.01915990687,0.0002235696235,4.078976e-05,True,
2025-05-02,2025-05-01,UKX,RealGARCH,RealGARCH11-logRVscaled-studentt,1,0.006960078936,4.844269879e-05,-0.01738688551,-0.01369917276,-0.01095076152,-0.02184588116,-0.01789136435,0.01165395738,6.067781326e-05,True,
2025-05-06,2025-05-02,UKX,RealGARCH,RealGARCH11-logRVscaled-studentt,1,0.007307357318,5.339747098e-05,-0.01826484664,-0.01439313268,-0.01150758739,-0.02294632724,-0.01879449683,0.0001163209943,4.391040768e-05,True,
2025-05-07,2025-05-06,UKX,RealGARCH,RealGARCH11-logRVscaled-studentt,1,0.006998073543,4.897303331e-05,-0.0174829404,-0.01377509668,-0.01101168204,-0.02196627742,-0.01799017316,-0.004441489121,4.427978344e-05,True,
2025-05-08,2025-05-07,UKX,RealGARCH,RealGARCH11-logRVscaled-studentt,1,0.006844463971,4.684668705e-05,-0.01709459711,-0.01346814153,-0.01076538458,-0.02147952368,-0.01759069596,-0.003241516972,9.006288492e-05,True,
2025-05-09,2025-05-08,UKX,RealGARCH,RealGARCH11-logRVscaled-studentt,1,0.007888481737,6.222814412e-05,-0.0197339984,-0.01555438278,-0.0124393618,-0.02478777813,-0.02030576952,0.00271563478,3.105508307e-05,True,
2025-05-12,2025-05-09,UKX,RealGARCH,RealGARCH11-logRVscaled-studentt,1,0.006772382126,4.586515966e-05,-0.01691236561,-0.01332410172,-0.01064980861,-0.02125111274,-0.01740323985,0.005850923528,8.721607832e-05,True,
2025-05-13,2025-05-12,UKX,RealGARCH,RealGARCH11-logRVscaled-studentt,1,0.007787691953,6.064814595e-05,-0.01947918982,-0.01535297643,-0.01227775555,-0.02446839826,-0.02004365551,-0.0002440284942,3.670102801e-05,True,
2025-05-14,2025-05-13,UKX,RealGARCH,RealGARCH11-logRVscaled-studentt,1,0.006972771074,4.861953645e-05,-0.01741897275,-0.01372453523,-0.01097111209,-0.02188609966,-0.01792437153,-0.00208290682,4.713200277e-05,True,
2025-05-15,2025-05-14,UKX,RealGARCH,RealGARCH11-logRVscaled-studentt,1,0.006924004765,4.794184199e-05,-0.01729568571,-0.01362708642,-0.01089292023,-0.02173157034,-0.01779754983,0.005668215695,4.116642346e-05,True,
2025-05-16,2025-05-15,UKX,RealGARCH,RealGARCH11-logRVscaled-studentt,1,0.006697190194,4.48523565e-05,-0.01672227145,-0.01317384709,-0.01052924593,-0.02101284664,-0.01720769565,0.005866587146,4.864418912e-05,True,
2025-05-19,2025-05-16,UKX,RealGARCH,RealGARCH11-logRVscaled-studentt,1,0.006817307757,4.647568505e-05,-0.01702594296,-0.01341387577,-0.01072184233,-0.02139347183,-0.01752007349,0.001691243047,4.136142564e-05,True,
2025-05-20,2025-05-19,UKX,RealGARCH,RealGARCH11-logRVscaled-studentt,1,0.006646506098,4.417604331e-05,-0.01659413602,-0.013072566,-0.0104479791,-0.02085224028,-0.01707588654,0.009359099772,2.792701025e-05,True,
2025-05-21,2025-05-20,UKX,RealGARCH,RealGARCH11-logRVscaled-studentt,1,0.006017371041,3.620875425e-05,-0.01500360764,-0.01181537714,-0.009439224467,-0.01885865462,-0.01543975734,0.0006148126426,3.309941781e-05,True,
2025-05-22,2025-05-21,UKX,RealGARCH,RealGARCH11-logRVscaled-studentt,1,0.005908291461,3.490790799e-05,-0.01472784146,-0.01159740545,-0.009264326359,-0.01851300629,-0.01515608488,-0.005386380039,4.712498894e-05,True,
2025-05-23,2025-05-22,UKX,RealGARCH,RealGARCH11-logRVscaled-studentt,1,0.006315281662,3.988278247e-05,-0.01575676118,-0.01241068639,-0.00991689411,-0.01980266551,-0.01621450397,-0.002440218798,0.0001732346828,True,
2025-05-27,2025-05-23,UKX,RealGARCH,RealGARCH11-logRVscaled-studentt,1,0.008696085079,7.562189569e-05,-0.02177571587,-0.01716820148,-0.01373427233,-0.02734688912,-0.0224060235,0.006870084959,4.372141027e-05,True,
2025-05-28,2025-05-27,UKX,RealGARCH,RealGARCH11-logRVscaled-studentt,1,0.007700734766,5.930131594e-05,-0.01925935169,-0.0151792115,-0.01213832847,-0.02419285075,-0.01981751457,-0.005952864074,2.652088071e-05,True,
2025-05-29,2025-05-28,UKX,RealGARCH,RealGARCH11-logRVscaled-studentt,1,0.006457085651,4.16939551e-05,-0.01611525856,-0.01269405065,-0.01014426251,-0.02025201004,-0.01658327955,-0.0010892935,5.173261117e-05,True,
2025-05-30,2025-05-29,UKX,RealGARCH,RealGARCH11-logRVscaled-studentt,1,0.006770449104,4.583898107e-05,-0.0169074787,-0.013320239,-0.01064670921,-0.02124498743,-0.01739821283,0.006392692522,7.70831388e-05,True,
2025-06-02,2025-05-30,UKX,RealGARCH,RealGARCH11-logRVscaled-studentt,1,0.00758025518,5.74602686e-05,-0.01895476495,-0.01493845939,-0.0119451516,-0.02381107839,-0.01950419525,0.0002164981434,8.125582938e-05,True,
2025-06-03,2025-06-02,UKX,RealGARCH,RealGARCH11-logRVscaled-studentt,1,0.008164057328,6.665183205e-05,-0.02043068633,-0.01610506034,-0.01288121948,-0.02566101439,-0.02102243165,0.001446384648,4.255417875e-05,True,
2025-06-04,2025-06-03,UKX,RealGARCH,RealGARCH11-logRVscaled-studentt,1,0.007391849204,5.463943466e-05,-0.01847845219,-0.01456197124,-0.01164306161,-0.02321406278,-0.0190142265,0.001626059177,3.860418802e-05,True,
2025-06-05,2025-06-04,UKX,RealGARCH,RealGARCH11-logRVscaled-studentt,1,0.006848508256,4.690206534e-05,-0.01710482154,-0.01347622315,-0.01077186919,-0.0214923391,-0.01760121354,0.001101525194,3.722212945e-05,True,
2025-06-06,2025-06-05,UKX,RealGARCH,RealGARCH11-logRVscaled-studentt,1,0.00651242742,4.24117109e-05,-0.01625516915,-0.01280463908,-0.01023299745,-0.0204273755,-0.01672720141,0.003048395224,3.136127041e-05,True,
2025-06-09,2025-06-06,UKX,RealGARCH,RealGARCH11-logRVscaled-studentt,1,0.006101519145,3.722853587e-05,-0.01521634407,-0.01198352873,-0.009574147466,-0.01912530079,-0.01565859297,-0.0006339018376,1.826126961e-05,True,
2025-06-10,2025-06-09,UKX,RealGARCH,RealGARCH11-logRVscaled-studentt,1,0.005232162504,2.737552447e-05,-0.01301850691,-0.01024630956,-0.00818022175,-0.01637050766,-0.0133977433,0.002352201735,4.371780174e-05,True,
2025-06-11,2025-06-10,UKX,RealGARCH,RealGARCH11-logRVscaled-studentt,1,0.00580765015,3.372880027e-05,-0.01447340824,-0.0113962958,-0.009102958165,-0.0181940969,-0.014894357,0.001275663444,2.96646804e-05,True,
2025-06-12,2025-06-11,UKX,RealGARCH,RealGARCH11-logRVscaled-studentt,1,0.005656746979,3.199878639e-05,-0.01409190705,-0.0110947488,-0.008861000146,-0.01771591913,-0.01450191808,0.002309951177,3.146781367e-05,True,
2025-06-13,2025-06-12,UKX,RealGARCH,RealGARCH11-logRVscaled-studentt,1,0.005646595047,3.188403562e-05,-0.01406624175,-0.01107446238,-0.008844722546,-0.01768374997,-0.01447551695,-0.003868041472,5.102093429e-05,True,
2025-06-16,2025-06-13,UKX,RealGARCH,RealGARCH11-logRVscaled-studentt,1,0.006265614241,3.925792181e-05,-0.01563119602,-0.0123114369,-0.009837257407,-0.01964528077,-0.01608533883,0.002775683136,1.837492503e-05,True,
2025-06-17,2025-06-16,UKX,RealGARCH,RealGARCH11-logRVscaled-studentt,1,0.005317004953,2.827054167e-05,-0.01323299872,-0.01041584864,-0.008316258062,-0.01663935405,-0.01361838465,-0.004652979116,2.740645041e-05,True,
2025-06-18,2025-06-17,UKX,RealGARCH,RealGARCH11-logRVscaled-studentt,1,0.005294284678,2.802945025e-05,-0.01317555916,-0.01037044714,-0.008279828392,-0.01656735868,-0.01355929828,0.001074812718,2.383977912e-05,True,
2025-06-19,2025-06-18,UKX,RealGARCH,RealGARCH11-logRVscaled-studentt,1,0.005124082074,2.62562171e-05,-0.0127452667,-0.01003033445,-0.008006925679,-0.01602802541,-0.01311666924,-0.005863279183,3.986050554e-05,True,
2025-06-20,2025-06-19,UKX,RealGARCH,RealGARCH11-logRVscaled-studentt,1,0.005626636668,3.165904019e-05,-0.01401578459,-0.01103457993,-0.008812721297,-0.01762050642,-0.01442361317,-0.001946843754,4.73532206e-05,True,
2025-06-23,2025-06-20,UKX,RealGARCH,RealGARCH11-logRVscaled-studentt,1,0.006152746154,3.785628524e-05,-0.01534585205,-0.01208589471,-0.009656284811,-0.01928762752,-0.01579181398,-0.001905034577,2.75832981e-05,True,
2025-06-24,2025-06-23,UKX,RealGARCH,RealGARCH11-logRVscaled-studentt,1,0.005749389732,3.305548229e-05,-0.01432611896,-0.01127987509,-0.009009543459,-0.01800948291,-0.0147428449,0.0001141748017,3.054121886e-05,True,
2025-06-25,2025-06-24,UKX,RealGARCH,RealGARCH11-logRVscaled-studentt,1,0.005660874679,3.204550213e-05,-0.01410234236,-0.01110299711,-0.008867618496,-0.01772899887,-0.01451265257,-0.004600151774,2.66681947e-05,True,
2025-06-26,2025-06-25,UKX,RealGARCH,RealGARCH11-logRVscaled-studentt,1,0.005449335854,2.969526125e-05,-0.01356754701,-0.01068028302,-0.008528437319,-0.01705868053,-0.01396252451,0.001924994242,2.857415836e-05,True,
2025-06-27,2025-06-26,UKX,RealGARCH,RealGARCH11-logRVscaled-studentt,1,0.00541594042,2.933241063e-05,-0.01348311937,-0.01061354954,-0.008474891108,-0.01695285801,-0.01387567632,0.007220172459,2.53259824e-05,True,
2025-06-30,2025-06-27,UKX,RealGARCH,RealGARCH11-logRVscaled-studentt,1,0.005257782155,2.764427319e-05,-0.01308327644,-0.01029750483,-0.008221300277,-0.0164516905,-0.01346436979,-0.004316704424,1.936491958e-05,True,
2025-07-01,2025-06-30,UKX,RealGARCH,RealGARCH11-logRVscaled-studentt,1,0.004878957631,2.380422757e-05,-0.01212556291,-0.009540506843,-0.00761389335,-0.01525128189,-0.01247919839,0.002769794293,2.946655901e-05,True,
2025-07-02,2025-07-01,UKX,RealGARCH,RealGARCH11-logRVscaled-studentt,1,0.005127580579,2.629208259e-05,-0.01275411134,-0.01003732544,-0.008012535178,-0.01603911137,-0.01312576745,-0.001207245021,4.783075564e-05,True,
2025-07-03,2025-07-02,UKX,RealGARCH,RealGARCH11-logRVscaled-studentt,1,0.005856214763,3.429525135e-05,-0.01459618537,-0.01149334156,-0.009180826625,-0.0183479871,-0.01502065418,0.005512035154,3.361419622e-05,True,
2025-07-04,2025-07-03,UKX,RealGARCH,RealGARCH11-logRVscaled-studentt,1,0.005839443974,3.409910593e-05,-0.01455378682,-0.0114598288,-0.009153936356,-0.01829484429,-0.01497704005,-3.397963177e-05,1.625819061e-05,True,
2025-07-07,2025-07-04,UKX,RealGARCH,RealGARCH11-logRVscaled-studentt,1,0.004978839519,2.478884296e-05,-0.01237807622,-0.009740098957,-0.007774043886,-0.01556778484,-0.01273895132,-0.001860573289,1.890643338e-05,True,
2025-07-08,2025-07-07,UKX,RealGARCH,RealGARCH11-logRVscaled-studentt,1,0.004708896153,2.217370298e-05,-0.01169562723,-0.009200676161,-0.007341216918,-0.01471239582,-0.01203693635,0.005401859549,1.527417256e-05,True,
2025-07-09,2025-07-08,UKX,RealGARCH,RealGARCH11-logRVscaled-studentt,1,0.004358541533,1.899688429e-05,-0.01080988901,-0.008500569051,-0.00677945861,-0.01360220184,-0.01112580381,0.001444575659,2.559433196e-05,True,
2025-07-10,2025-07-09,UKX,RealGARCH,RealGARCH11-logRVscaled-studentt,1,0.004671043601,2.181864832e-05,-0.01159993147,-0.00912503611,-0.007280524167,-0.0145924497,-0.01193849697,0.01218442709,2.428539976e-05,True,
2025-07-11,2025-07-10,UKX,RealGARCH,RealGARCH11-logRVscaled-studentt,1,0.004799091442,2.303127867e-05,-0.01192365167,-0.009380911726,-0.007485835969,-0.01499820414,-0.01227149831,-0.003862367096,2.696896065e-05,True,
2025-07-14,2025-07-11,UKX,RealGARCH,RealGARCH11-logRVscaled-studentt,1,0.004983942638,2.483968422e-05,-0.01239097751,-0.009750296425,-0.007782226223,-0.01558395546,-0.01275222249,0.006354820093,1.933316828e-05,True,
2025-07-15,2025-07-14,UKX,RealGARCH,RealGARCH11-logRVscaled-studentt,1,0.004734484359,2.241534215e-05,-0.01176031726,-0.009251808595,-0.007382245026,-0.01479347901,-0.01210348107,-0.006668007797,2.462729317e-05,True,
2025-07-16,2025-07-15,UKX,RealGARCH,RealGARCH11-logRVscaled-studentt,1,0.004849889356,2.352142676e-05,-0.01205207484,-0.00948242025,-0.007567285302,-0.01515917115,-0.01240360341,-0.001309853182,3.862500104e-05,True,
2025-07-17,2025-07-16,UKX,RealGARCH,RealGARCH11-logRVscaled-studentt,1,0.005420186323,2.937841977e-05,-0.01349385352,-0.01062203405,-0.008481698985,-0.01696631231,-0.01388671822,0.005139906061,2.855060511e-05,True,
2025-07-18,2025-07-17,UKX,RealGARCH,RealGARCH11-logRVscaled-studentt,1,0.005398865976,2.914775383e-05,-0.01343995315,-0.01057943,-0.008447513959,-0.01689875299,-0.0138312725,0.002170925037,2.491796141e-05,True,
2025-07-21,2025-07-18,UKX,RealGARCH,RealGARCH11-logRVscaled-studentt,1,0.005230078348,2.735371952e-05,-0.01301323791,-0.01024214483,-0.008176880016,-0.01636390345,-0.01339232324,0.002321608971,1.77505712e-05,True,
2025-07-22,2025-07-21,UKX,RealGARCH,RealGARCH11-logRVscaled-studentt,1,0.004773509239,2.278639045e-05,-0.01185897681,-0.009329791285,-0.007444817485,-0.01491713996,-0.0122049692,0.001197530206,2.49585266e-05,True,
2025-07-23,2025-07-22,UKX,RealGARCH,RealGARCH11-logRVscaled-studentt,1,0.004886213622,2.387508356e-05,-0.01214390692,-0.009555006354,-0.0076255276,-0.01527427448,-0.01249806833,0.004169159485,2.22327232e-05,True,
2025-07-24,2025-07-23,UKX,RealGARCH,RealGARCH11-logRVscaled-studentt,1,0.004827090363,2.330080137e-05,-0.01199443627,-0.009436861446,-0.007530729415,-0.01508692634,-0.01234431232,0.008450688959,2.779508329e-05,True,
2025-07-25,2025-07-24,UKX,RealGARCH,RealGARCH11-logRVscaled-studentt,1,0.005032961283,2.533069927e-05,-0.01251490249,-0.009848249469,-0.007860822677,-0.01573928438,-0.01287970043,-0.001982681323,2.789083861e-05,True,
2025-07-28,2025-07-25,UKX,RealGARCH,RealGARCH11-logRVscaled-studentt,1,0.005154901607,2.657301058e-05,-0.01282318216,-0.01009192055,-0.008056341693,-0.01612568549,-0.01319681854,-0.004274268096,2.58286205e-05,True,
2025-07-29,2025-07-28,UKX,RealGARCH,RealGARCH11-logRVscaled-studentt,1,0.005137408566,2.639296677e-05,-0.01277895766,-0.01005696453,-0.008028293364,-0.01607025402,-0.01315132612,0.006027059354,2.454837587e-05,True,
2025-07-30,2025-07-29,UKX,RealGARCH,RealGARCH11-logRVscaled-studentt,1,0.005071382557,2.571892104e-05,-0.01261203604,-0.009925025985,-0.007922427316,-0.01586103264,-0.01297961882,6.573407983e-05,2.852106528e-05,True,
2025-07-31,2025-07-30,UKX,RealGARCH,RealGARCH11-logRVscaled-studentt,1,0.005201915365,2.705992347e-05,-0.01294203854,-0.01018586726,-0.008131723513,-0.01627466137,-0.01331908257,-0.0004488947301,4.737604134e-05,True,
2025-08-01,2025-07-31,UKX,RealGARCH,RealGARCH11-logRVscaled-studentt,1,0.005890966718,3.470348887e-05,-0.01468404245,-0.01156278574,-0.00923654788,-0.01845810812,-0.01511103014,-0.007054453428,6.32705371e-05,True,
2025-08-04,2025-08-01,UKX,RealGARCH,RealGARCH11-logRVscaled-studentt,1,0.006721866331,4.518348697e-05,-0.01678465567,-0.01322315695,-0.01056881163,-0.02109103969,-0.01727186843,0.006561602484,2.773368224e-05,True,
2025-08-05,2025-08-04,UKX,RealGARCH,RealGARCH11-logRVscaled-studentt,1,0.00604602874,3.655446352e-05,-0.01507605772,-0.01187264329,-0.009485174198,-0.01894946434,-0.01551428458,0.00157631142,3.023966846e-05,True,
2025-08-06,2025-08-05,UKX,RealGARCH,RealGARCH11-logRVscaled-studentt,1,0.005808709016,3.374110043e-05,-0.01447608518,-0.01139841171,-0.009104655949,-0.0181974522,-0.01489711069,0.002359711588,2.4881752e-05,True,
2025-08-07,2025-08-06,UKX,RealGARCH,RealGARCH11-logRVscaled-studentt,1,0.005445238674,2.965062422e-05,-0.01355718885,-0.0106720957,-0.008521867905,-0.0170456975,-0.01395186938,-0.006953179253,4.161943676e-05,True,
2025-08-08,2025-08-07,UKX,RealGARCH,RealGARCH11-logRVscaled-studentt,1,0.005874687436,3.451195247e-05,-0.01464288649,-0.01153025515,-0.009210445693,-0.01840652279,-0.01506869423,-0.0005605045073,2.097800645e-05,True,
2025-08-11,2025-08-08,UKX,RealGARCH,RealGARCH11-logRVscaled-studentt,1,0.00528000318,2.787843358e-05,-0.01313945383,-0.01034190869,-0.00825692945,-0.01652210387,-0.01352215781,0.003731060906,1.834564739e-05,True,
2025-08-12,2025-08-11,UKX,RealGARCH,RealGARCH11-logRVscaled-studentt,1,0.004833269783,2.33604968e-05,-0.01201005858,-0.009449209667,-0.007540637493,-0.01510650751,-0.01236038253,0.001980535184,1.997870966e-05,True,
2025-08-13,2025-08-12,UKX,RealGARCH,RealGARCH11-logRVscaled-studentt,1,0.004687801475,2.197548267e-05,-0.01164229737,-0.009158523059,-0.007307393729,-0.01464555159,-0.01198207752,0.001900332576,2.1478964e-05,True,
2025-08-14,2025-08-13,UKX,RealGARCH,RealGARCH11-logRVscaled-studentt,1,0.004682016335,2.192127696e-05,-0.01162767185,-0.009146962721,-0.00729811784,-0.01462721979,-0.01196703268,0.001308443983,1.201333008e-05,True,
2025-08-15,2025-08-14,UKX,RealGARCH,RealGARCH11-logRVscaled-studentt,1,0.004123784993,1.700560267e-05,-0.01021639651,-0.008031459434,-0.006403050169,-0.01285831186,-0.01051529574,-0.004182097564,2.667694153e-05,True,
2025-08-18,2025-08-15,UKX,RealGARCH,RealGARCH11-logRVscaled-studentt,1,0.004570581681,2.08902169e-05,-0.01134595176,-0.008924284927,-0.007119443607,-0.01427410876,-0.01167723561,0.00205500585,1.980520422e-05,True,
2025-08-19,2025-08-18,UKX,RealGARCH,RealGARCH11-logRVscaled-studentt,1,0.004535957657,2.057491187e-05,-0.01125841811,-0.008855096386,-0.007063927476,-0.01416439312,-0.01158719234,0.003433825909,1.449755444e-05,True,
2025-08-20,2025-08-19,UKX,RealGARCH,RealGARCH11-logRVscaled-studentt,1,0.004220777363,1.781496155e-05,-0.01046160477,-0.008225277479,-0.006558567655,-0.01316565858,-0.01076753419,0.01070506616,2.888500536e-05,True,
2025-08-21,2025-08-20,UKX,RealGARCH,RealGARCH11-logRVscaled-studentt,1,0.004710676838,2.219047627e-05,-0.01170012901,-0.00920423447,-0.007344072066,-0.0147180384,-0.01204156721,0.002269210614,1.776038234e-05,True,
2025-08-22,2025-08-21,UKX,RealGARCH,RealGARCH11-logRVscaled-studentt,1,0.004504693537,2.029226386e-05,-0.01117937869,-0.008792621877,-0.007013798612,-0.01406532425,-0.01150588684,0.00130969452,2.526810125e-05,True,
2025-08-26,2025-08-22,UKX,RealGARCH,RealGARCH11-logRVscaled-studentt,1,0.004744139479,2.25068594e-05,-0.01178472656,-0.009271102241,-0.007397726037,-0.01482407388,-0.01212859018,-0.005982692525,2.775070886e-05,True,
2025-08-27,2025-08-26,UKX,RealGARCH,RealGARCH11-logRVscaled-studentt,1,0.004983018166,2.483047004e-05,-0.01238864034,-0.009748449069,-0.007780743925,-0.01558102602,-0.01274981831,-0.001112212012,2.716221715e-05,True,
2025-08-28,2025-08-27,UKX,RealGARCH,RealGARCH11-logRVscaled-studentt,1,0.00509702744,2.597968873e-05,-0.01267686937,-0.009976271678,-0.007963546301,-0.01594229544,-0.01304631093,-0.004190084833,2.493496434e-05,True,
2025-08-29,2025-08-28,UKX,RealGARCH,RealGARCH11-logRVscaled-studentt,1,0.00506638228,2.566822941e-05,-0.01259939475,-0.009915034026,-0.007914409877,-0.01584518791,-0.0129666151,-0.003205810215,2.399069396e-05,True,
2025-09-01,2025-08-29,UKX,RealGARCH,RealGARCH11-logRVscaled-studentt,1,0.005007259901,2.507265171e-05,-0.01244992633,-0.009796890877,-0.007819613103,-0.01565784255,-0.01281286139,0.0009791336746,1.819341898e-05,True,
2025-09-02,2025-09-01,UKX,RealGARCH,RealGARCH11-logRVscaled-studentt,1,0.004684505085,2.194458789e-05,-0.0116339637,-0.009151935944,-0.007302108299,-0.01463510608,-0.01197350492,-0.008693290155,4.236157314e-05,True,
2025-09-03,2025-09-02,UKX,RealGARCH,RealGARCH11-logRVscaled-studentt,1,0.005424526976,2.942549291e-05,-0.01350482721,-0.0106307079,-0.008488658785,-0.01698006685,-0.01389800652,0.006701398083,3.885709219e-05,True,
2025-09-04,2025-09-03,UKX,RealGARCH,RealGARCH11-logRVscaled-studentt,1,0.005775427419,3.335556187e-05,-0.01439194534,-0.01133190571,-0.009051292264,-0.01809199041,-0.01481055853,0.004229481885,3.122151686e-05,True,
2025-09-05,2025-09-04,UKX,RealGARCH,RealGARCH11-logRVscaled-studentt,1,0.005702331213,3.251658127e-05,-0.01420714942,-0.01118583893,-0.008934089869,-0.01786036519,-0.01462046448,-0.0009443852538,2.530522678e-05,True,
2025-09-08,2025-09-05,UKX,RealGARCH,RealGARCH11-logRVscaled-studentt,1,0.005409437883,2.926201821e-05,-0.01346668019,-0.01060055564,-0.008464464946,-0.01693225295,-0.01385876582,0.001432499657,1.929328953e-05,True,
2025-09-09,2025-09-08,UKX,RealGARCH,RealGARCH11-logRVscaled-studentt,1,0.004952620674,2.452845154e-05,-0.01231179186,-0.009687706328,-0.007732004612,-0.01548470329,-0.01267076656,0.002285499568,2.242510809e-05,True,
2025-09-10,2025-09-09,UKX,RealGARCH,RealGARCH11-logRVscaled-studentt,1,0.004872525628,2.3741506e-05,-0.01210930204,-0.009527653891,-0.007603580282,-0.01523090034,-0.01246247132,-0.001851820026,3.02603057e-05,True,
2025-09-11,2025-09-10,UKX,RealGARCH,RealGARCH11-logRVscaled-studentt,1,0.005153508504,2.65586499e-05,-0.01281966022,-0.01008913673,-0.008054107992,-0.01612127106,-0.01319319564,0.007795668482,2.77202104e-05,True,
2025-09-12,2025-09-11,UKX,RealGARCH,RealGARCH11-logRVscaled-studentt,1,0.005216142354,2.720814105e-05,-0.01297800606,-0.01021429679,-0.008154535055,-0.01631974346,-0.01335608129,-0.001539194256,2.395018517e-05,True,
2025-09-15,2025-09-12,UKX,RealGARCH,RealGARCH11-logRVscaled-studentt,1,0.005087050749,2.587808532e-05,-0.0126516471,-0.009956335441,-0.007947549682,-0.01591068157,-0.01302036554,-0.0006788473579,1.821830771e-05,True,
2025-09-16,2025-09-15,UKX,RealGARCH,RealGARCH11-logRVscaled-studentt,1,0.004727215769,2.234656893e-05,-0.0117419414,-0.009237283907,-0.007370590574,-0.0147704465,-0.01208457836,-0.008802213976,2.446794329e-05,True,
2025-09-17,2025-09-16,UKX,RealGARCH,RealGARCH11-logRVscaled-studentt,1,0.004838922244,2.341516848e-05,-0.01202434868,-0.009460504873,-0.007549700643,-0.01512441887,-0.01237508232,0.001380148729,2.053491754e-05,True,
2025-09-18,2025-09-17,UKX,RealGARCH,RealGARCH11-logRVscaled-studentt,1,0.004718920588,2.226821151e-05,-0.01172097019,-0.0092207078,-0.007357290087,-0.01474416096,-0.01206300591,0.002136981043,3.264142073e-05,True,
2025-09-19,2025-09-18,UKX,RealGARCH,RealGARCH11-logRVscaled-studentt,1,0.005146673148,2.648824449e-05,-0.01280237963,-0.01007547777,-0.008043148188,-0.01609961137,-0.01317541961,-0.001236057379,3.837272413e-05,True,
2025-09-22,2025-09-19,UKX,RealGARCH,RealGARCH11-logRVscaled-studentt,1,0.005593964785,3.129244202e-05,-0.01393318618,-0.01096929231,-0.008760335228,-0.01751697666,-0.01433864664,0.001084398838,2.162732308e-05,True,
2025-09-23,2025-09-22,UKX,RealGARCH,RealGARCH11-logRVscaled-studentt,1,0.005172524081,2.675500537e-05,-0.01286773387,-0.01012713521,-0.008084597552,-0.01618152709,-0.01324264756,-0.0003686059662,2.230045683e-05,True,
2025-09-24,2025-09-23,UKX,RealGARCH,RealGARCH11-logRVscaled-studentt,1,0.004985460222,2.485481363e-05,-0.01239481415,-0.009753328985,-0.007784659516,-0.01558876434,-0.01275616912,0.002933966141,2.660188837e-05,True,
2025-09-25,2025-09-24,UKX,RealGARCH,RealGARCH11-logRVscaled-studentt,1,0.0050753716,2.575939688e-05,-0.01262212082,-0.009932997216,-0.007928823345,-0.01587367301,-0.01298999273,-0.003942769587,2.879370413e-05,True,
2025-09-26,2025-09-25,UKX,RealGARCH,RealGARCH11-logRVscaled-studentt,1,0.005214957811,2.719578497e-05,-0.01297501139,-0.01021192974,-0.00815263576,-0.01631598991,-0.01335300076,0.007654566938,2.41692504e-05,True,
2025-09-29,2025-09-26,UKX,RealGARCH,RealGARCH11-logRVscaled-studentt,1,0.005096483496,2.597414403e-05,-0.01267549421,-0.009975184725,-0.007962674142,-0.0159405718,-0.01304489635,0.001614240131,2.296525235e-05,True,
2025-09-30,2025-09-29,UKX,RealGARCH,RealGARCH11-logRVscaled-studentt,1,0.004976293207,2.476349408e-05,-0.01237163884,-0.009735010709,-0.007769961131,-0.01555971616,-0.01273232937,0.005426291367,2.943165205e-05,True,
2025-10-01,2025-09-30,UKX,RealGARCH,RealGARCH11-logRVscaled-studentt,1,0.005182801064,2.686142686e-05,-0.0128937153,-0.01014767151,-0.008101075658,-0.01621409251,-0.0132693739,0.01021459298,3.370883335e-05,True,
2025-10-02,2025-10-01,UKX,RealGARCH,RealGARCH11-logRVscaled-studentt,1,0.005459797518,2.980938893e-05,-0.01359399534,-0.01070118836,-0.008545211542,-0.01709183116,-0.01398973113,-0.001981572794,2.056871989e-05,True,
2025-10-03,2025-10-02,UKX,RealGARCH,RealGARCH11-logRVscaled-studentt,1,0.005047907299,2.54813681e-05,-0.0125526878,-0.009878115816,-0.007884787108,-0.0157866449,-0.01291856905,0.006723383855,1.807520973e-05,True,
2025-10-06,2025-10-03,UKX,RealGARCH,RealGARCH11-logRVscaled-studentt,1,0.004698922827,2.207987573e-05,-0.01167041347,-0.009180746647,-0.007325225694,-0.01468079261,-0.01201099971,-0.001286235194,1.584187995e-05,True,
2025-10-07,2025-10-06,UKX,RealGARCH,RealGARCH11-logRVscaled-studentt,1,0.004388075332,1.925520512e-05,-0.01088455397,-0.008559585891,-0.006826813079,-0.01369578772,-0.01120260943,0.0004746159851,2.041033891e-05,True,
2025-10-08,2025-10-07,UKX,RealGARCH,RealGARCH11-logRVscaled-studentt,1,0.004463566612,1.99234269e-05,-0.01107540492,-0.008710438711,-0.006947855735,-0.01393500239,-0.01139893213,0.006862055772,2.851701528e-05,True,
2025-10-09,2025-10-08,UKX,RealGARCH,RealGARCH11-logRVscaled-studentt,1,0.004845753853,2.34813304e-05,-0.0120416198,-0.009474156351,-0.00756065444,-0.01514606668,-0.01239284861,-0.004145181358,2.269309469e-05,True,
2025-10-10,2025-10-09,UKX,RealGARCH,RealGARCH11-logRVscaled-studentt,1,0.004826301959,2.32931906e-05,-0.01199244309,-0.009435285994,-0.007529465289,-0.01508442806,-0.012342262,-0.008649874051,5.19375398e-05,True,
2025-10-13,2025-10-10,UKX,RealGARCH,RealGARCH11-logRVscaled-studentt,1,0.005764847076,3.323346181e-05,-0.01436519697,-0.01131076321,-0.009034327751,-0.01805846371,-0.01478304328,0.001632227626,3.889641421e-05,True,
2025-10-14,2025-10-13,UKX,RealGARCH,RealGARCH11-logRVscaled-studentt,1,0.005975221864,3.570327632e-05,-0.0148970495,-0.01173115123,-0.009371642511,-0.01872509348,-0.01533014415,0.001047795509,3.937321791e-05,True,
2025-10-15,2025-10-14,UKX,RealGARCH,RealGARCH11-logRVscaled-studentt,1,0.006111501627,3.735045213e-05,-0.01524158097,-0.01200347654,-0.00959015337,-0.019156933,-0.01568455343,-0.002966481026,2.936778994e-05,True,
2025-10-16,2025-10-15,UKX,RealGARCH,RealGARCH11-logRVscaled-studentt,1,0.005806521639,3.371569355e-05,-0.01447055523,-0.01139404071,-0.009101148712,-0.01819052091,-0.01489142219,0.001198225504,3.631918956e-05,True,
2025-10-17,2025-10-16,UKX,RealGARCH,RealGARCH11-logRVscaled-studentt,1,0.005910456153,3.493349193e-05,-0.01473331406,-0.01160173112,-0.009267797224,-0.0185198657,-0.01516171438,-0.008674558633,6.622996406e-05,True,
2025-10-20,2025-10-17,UKX,RealGARCH,RealGARCH11-logRVscaled-studentt,1,0.006801438072,4.625955985e-05,-0.01698582251,-0.01338216368,-0.01069639689,-0.02134318441,-0.01747880277,0.005224393971,1.526596243e-05,True,
2025-10-21,2025-10-20,UKX,RealGARCH,RealGARCH11-logRVscaled-studentt,1,0.005345181615,2.85709665e-05,-0.01330423268,-0.01047215354,-0.008361436499,-0.01672863948,-0.01369166091,0.002485359312,1.503576622e-05,True,
2025-10-22,2025-10-21,UKX,RealGARCH,RealGARCH11-logRVscaled-studentt,1,0.004660390691,2.171924139e-05,-0.01157299964,-0.009103748598,-0.007263443299,-0.01455869305,-0.011910793,0.009291588334,3.000288163e-05,True,
2025-10-23,2025-10-22,UKX,RealGARCH,RealGARCH11-logRVscaled-studentt,1,0.005018357988,2.51839169e-05,-0.01247798362,-0.009819067978,-0.007837407767,-0.01569300986,-0.01284172308,0.006661901948,2.524520484e-05,True,
2025-10-24,2025-10-23,UKX,RealGARCH,RealGARCH11-logRVscaled-studentt,1,0.005036324357,2.536456303e-05,-0.01252340474,-0.009854969837,-0.007866215027,-0.01574994119,-0.01288844644,0.006970409588,1.822438325e-05,True,
2025-10-27,2025-10-24,UKX,RealGARCH,RealGARCH11-logRVscaled-studentt,1,0.004701321991,2.210242846e-05,-0.01167647884,-0.009185540852,-0.007329072511,-0.01468839502,-0.01201723898,0.0008497877387,1.634780308e-05,True,
2025-10-28,2025-10-27,UKX,RealGARCH,RealGARCH11-logRVscaled-studentt,1,0.004419407946,1.953116659e-05,-0.01096376655,-0.008622197271,-0.006877051766,-0.01379507364,-0.01128409306,0.004434041527,2.744850987e-05,True,
2025-10-29,2025-10-28,UKX,RealGARCH,RealGARCH11-logRVscaled-studentt,1,0.004779245825,2.284119066e-05,-0.01187347958,-0.009341254599,-0.007454015523,-0.0149353179,-0.01221988778,0.006107048776,2.145685941e-05,True,
2025-10-30,2025-10-29,UKX,RealGARCH,RealGARCH11-logRVscaled-studentt,1,0.004731456424,2.23866799e-05,-0.01175266228,-0.00924575793,-0.007377390038,-0.01478388417,-0.01209560662,0.0004099158869,3.060885989e-05,True,
2025-10-31,2025-10-30,UKX,RealGARCH,RealGARCH11-logRVscaled-studentt,1,0.005082748074,2.583432798e-05,-0.01264076943,-0.009947737486,-0.007940650777,-0.01589704738,-0.013009176,-0.004394824173,2.850027275e-05,True,
2025-11-03,2025-10-31,UKX,RealGARCH,RealGARCH11-logRVscaled-studentt,1,0.005207560536,2.711868674e-05,-0.0129563102,-0.0101971479,-0.008140774975,-0.01629254963,-0.0133337634,-0.001637536745,2.394817549e-05,True,
2025-11-04,2025-11-03,UKX,RealGARCH,RealGARCH11-logRVscaled-studentt,1,0.005082308779,2.582986253e-05,-0.01263965884,-0.009946859652,-0.007939946413,-0.01589565535,-0.01300803357,0.001400837534,5.204205776e-05,True,
2025-11-05,2025-11-04,UKX,RealGARCH,RealGARCH11-logRVscaled-studentt,1,0.005935293666,3.522771091e-05,-0.01479610626,-0.01165136346,-0.009307621673,-0.01859857012,-0.01522630684,0.006371793737,2.547244921e-05,True,
2025-11-06,2025-11-05,UKX,RealGARCH,RealGARCH11-logRVscaled-studentt,1,0.005538987521,3.068038276e-05,-0.01379419711,-0.01085943227,-0.008672184728,-0.01734276624,-0.01419567272,-0.004233083438,4.019362214e-05,True,
2025-11-07,2025-11-06,UKX,RealGARCH,RealGARCH11-logRVscaled-studentt,1,0.005885882334,3.464361085e-05,-0.01467118852,-0.01155262571,-0.009228395583,-0.01844199687,-0.01509780769,-0.005479373245,3.581480918e-05,True,
2025-11-10,2025-11-07,UKX,RealGARCH,RealGARCH11-logRVscaled-studentt,1,0.005937108137,3.524925303e-05,-0.01480069345,-0.01165498928,-0.009310530993,-0.01860431977,-0.01523102556,0.01074500955,3.451868908e-05,True,
2025-11-11,2025-11-10,UKX,RealGARCH,RealGARCH11-logRVscaled-studentt,1,0.00591814976,3.502449658e-05,-0.01475276442,-0.01161710511,-0.009280133147,-0.01854424499,-0.01518172238,0.01141888336,2.299768716e-05,True,
2025-11-12,2025-11-11,UKX,RealGARCH,RealGARCH11-logRVscaled-studentt,1,0.00540862626,2.925323802e-05,-0.01346462831,-0.01059893379,-0.00846316359,-0.0169296811,-0.01385665511,0.001191336469,1.973908658e-05,True,
2025-11-13,2025-11-12,UKX,RealGARCH,RealGARCH11-logRVscaled-studentt,1,0.004976852838,2.476906417e-05,-0.01237305365,-0.00973612901,-0.007770858444,-0.0155614895,-0.01273378475,-0.01051783792,2.314422493e-05,True,
2025-11-14,2025-11-13,UKX,RealGARCH,RealGARCH11-logRVscaled-studentt,1,0.00491937793,2.420027922e-05,-0.01222775024,-0.009621277972,-0.007678703223,-0.01537936461,-0.01258431545,-0.01120684757,5.888393497e-05,True,
2025-11-17,2025-11-14,UKX,RealGARCH,RealGARCH11-logRVscaled-studentt,1,0.005987442994,3.584947361e-05,-0.01492794597,-0.01175557249,-0.009391237861,-0.01876381946,-0.01536192643,-0.002374341624,2.940249193e-05,True,
2025-11-18,2025-11-17,UKX,RealGARCH,RealGARCH11-logRVscaled-studentt,1,0.005742244186,3.297336829e-05,-0.01430805417,-0.01126559628,-0.008998086295,-0.0179868403,-0.01472426219,-0.01280467936,5.842333683e-05,True,
2025-11-19,2025-11-18,UKX,RealGARCH,RealGARCH11-logRVscaled-studentt,1,0.006513297372,4.242304266e-05,-0.01625736849,-0.01280637749,-0.01023439233,-0.02043013218,-0.01672946381,-0.0047114589,4.837536617e-05,True,
2025-11-20,2025-11-19,UKX,RealGARCH,RealGARCH11-logRVscaled-studentt,1,0.006704637375,4.495216234e-05,-0.01674109881,-0.01318872865,-0.01054118674,-0.02103644506,-0.01722706279,0.002132881999,4.434448444e-05,True,
2025-11-21,2025-11-20,UKX,RealGARCH,RealGARCH11-logRVscaled-studentt,1,0.006685698525,4.469856476e-05,-0.01669321914,-0.0131508835,-0.0105108202,-0.02097643216,-0.0171778104,0.001258692988,7.387360114e-05,True,
2025-11-24,2025-11-21,UKX,RealGARCH,RealGARCH11-logRVscaled-studentt,1,0.007458167173,5.562425758e-05,-0.01864611192,-0.0146944932,-0.01174939579,-0.02342420931,-0.01918669307,-0.0005032665381,5.664587603e-05,True,
2025-11-25,2025-11-24,UKX,RealGARCH,RealGARCH11-logRVscaled-studentt,1,0.007480663538,5.596032697e-05,-0.01870298541,-0.01473944727,-0.01178546644,-0.02349549517,-0.01924519714,0.007793400165,7.654832899e-05,True,
2025-11-26,2025-11-25,UKX,RealGARCH,RealGARCH11-logRVscaled-studentt,1,0.007999890143,6.39982423e-05,-0.02001565213,-0.01577700812,-0.01261799395,-0.02514080598,-0.02059549832,0.008507298115,6.471361286e-05,True,
2025-11-27,2025-11-26,UKX,RealGARCH,RealGARCH11-logRVscaled-studentt,1,0.008006024216,6.409642374e-05,-0.02003115979,-0.01578926572,-0.01262782932,-0.02516024346,-0.02061145059,0.0002373714385,1.976557099e-05,True,
2025-11-28,2025-11-27,UKX,RealGARCH,RealGARCH11-logRVscaled-studentt,1,0.0061896546,3.831182406e-05,-0.015439161,-0.01215964817,-0.009715463782,-0.01940458197,-0.01588779812,0.002740195433,2.343348453e-05,True,
2025-12-01,2025-11-28,UKX,RealGARCH,RealGARCH11-logRVscaled-studentt,1,0.005567705671,3.099934644e-05,-0.01386680001,-0.01091681921,-0.008718231386,-0.01743376751,-0.01427035717,-0.001853473218,4.10570353e-05,True,
2025-12-02,2025-12-01,UKX,RealGARCH,RealGARCH11-logRVscaled-studentt,1,0.005930135641,3.516650872e-05,-0.01478306615,-0.01164105627,-0.009299351299,-0.01858222552,-0.01521289288,-7.216905607e-05,2.628345964e-05,True,
2025-12-03,2025-12-02,UKX,RealGARCH,RealGARCH11-logRVscaled-studentt,1,0.00557415125,3.107116216e-05,-0.0138830952,-0.0109296993,-0.008728566223,-0.01745419209,-0.01428711955,-0.001000334858,2.936634281e-05,True,
2025-12-04,2025-12-03,UKX,RealGARCH,RealGARCH11-logRVscaled-studentt,1,0.005517169269,3.043915674e-05,-0.01373903796,-0.01081583326,-0.008637201361,-0.01727362917,-0.01413893215,0.001937925876,2.438189564e-05,True,
2025-12-05,2025-12-04,UKX,RealGARCH,RealGARCH11-logRVscaled-studentt,1,0.005268453693,2.775660432e-05,-0.01311025536,-0.01031882956,-0.008238411013,-0.01648550617,-0.0134921222,-0.00453098274,2.033511903e-05,True,
2025-12-08,2025-12-05,UKX,RealGARCH,RealGARCH11-logRVscaled-studentt,1,0.004936621492,2.437023176e-05,-0.01227134402,-0.009655735461,-0.007706351537,-0.01543400553,-0.01262915908,-0.002268049651,2.368127922e-05,True,
2025-12-09,2025-12-08,UKX,RealGARCH,RealGARCH11-logRVscaled-studentt,1,0.004921729567,2.422342193e-05,-0.01223369546,-0.009625977204,-0.007682473836,-0.01538681641,-0.01259043112,-0.0003214178481,3.175468093e-05,True,
2025-12-10,2025-12-09,UKX,RealGARCH,RealGARCH11-logRVscaled-studentt,1,0.005236914417,2.742527261e-05,-0.01303052031,-0.01025580522,-0.008187840964,-0.01638556539,-0.01341010113,0.001399145195,2.860052275e-05,True,
2025-12-11,2025-12-10,UKX,RealGARCH,RealGARCH11-logRVscaled-studentt,1,0.005298730786,2.807654795e-05,-0.01318679946,-0.01037933172,-0.008286957279,-0.01658144738,-0.01357086084,0.00492804693,3.197922693e-05,True,
2025-12-12,2025-12-11,UKX,RealGARCH,RealGARCH11-logRVscaled-studentt,1,0.005464372666,2.985936863e-05,-0.01360556186,-0.0107103308,-0.008552547332,-0.01710632876,-0.01400162926,-0.005601465071,3.037179885e-05,True,
2025-12-15,2025-12-12,UKX,RealGARCH,RealGARCH11-logRVscaled-studentt,1,0.005496631321,3.021295588e-05,-0.01368711559,-0.01077479267,-0.008604270832,-0.01720854909,-0.01408552115,0.01054630642,2.221050135e-05,True,
2025-12-16,2025-12-15,UKX,RealGARCH,RealGARCH11-logRVscaled-studentt,1,0.005152055747,2.654367842e-05,-0.01281598748,-0.01008623372,-0.008051778642,-0.0161166676,-0.0131894176,-0.006842963437,3.394404879e-05,True,
2025-12-17,2025-12-16,UKX,RealGARCH,RealGARCH11-logRVscaled-studentt,1,0.005450017625,2.970269212e-05,-0.01356927061,-0.01068164539,-0.008529530471,-0.01706084091,-0.01396429753,0.009198846083,5.057165501e-05,True,
2025-12-18,2025-12-17,UKX,RealGARCH,RealGARCH11-logRVscaled-studentt,1,0.006131736102,3.759818763e-05,-0.01529273614,-0.01204391071,-0.009622597311,-0.01922105145,-0.01573717522,0.006475616906,4.001015885e-05,True,
2025-12-19,2025-12-18,UKX,RealGARCH,RealGARCH11-logRVscaled-studentt,1,0.006221544679,3.87076182e-05,-0.01551978292,-0.01222337352,-0.009766596309,-0.01950563437,-0.01597073149,0.006040046881,3.309809042e-05,True,
2025-12-22,2025-12-19,UKX,RealGARCH,RealGARCH11-logRVscaled-studentt,1,0.006018735973,3.622518271e-05,-0.01500705835,-0.01181810466,-0.009441412998,-0.01886297978,-0.01544330698,-0.003177633079,1.934472827e-05,True,
2025-12-23,2025-12-22,UKX,RealGARCH,RealGARCH11-logRVscaled-studentt,1,0.005258071636,2.764731733e-05,-0.01308400828,-0.01029808329,-0.008221764431,-0.0164526078,-0.01346512262,0.002348769482,3.012714318e-05,True,
2025-12-24,2025-12-23,UKX,RealGARCH,RealGARCH11-logRVscaled-studentt,1,0.005370961208,2.88472243e-05,-0.01336940657,-0.01052366842,-0.008402771477,-0.01681032914,-0.01375870334,-0.001872479622,,True,
2025-12-29,2025-12-24,UKX,RealGARCH,RealGARCH11-logRVscaled-studentt,1,0.005383661876,2.898381519e-05,-0.01340151537,-0.01054904793,-0.008423135717,-0.01685057466,-0.01379173271,-0.0004256120445,3.795186753e-05,True,RV_imputed_in_recursion
2025-12-30,2025-12-29,UKX,RealGARCH,RealGARCH11-logRVscaled-studentt,1,0.005721840953,3.273946389e-05,-0.01425647237,-0.01122482488,-0.008965371769,-0.01792218711,-0.01467120152,0.007492279713,1.835302263e-05,True,
2025-12-31,2025-12-30,UKX,RealGARCH,RealGARCH11-logRVscaled-studentt,1,0.005054288234,2.554582956e-05,-0.01256881956,-0.009890866719,-0.007895018294,-0.01580686463,-0.01293516332,-0.0009359659427,2.906933869e-05,True,
2026-01-02,2025-12-31,UKX,RealGARCH,RealGARCH11-logRVscaled-studentt,1,0.00521370023,2.718267009e-05,-0.01297183208,-0.01020941674,-0.008150619355,-0.01631200492,-0.0133497303,0.001981564134,8.554229914e-05,True,
2026-01-05,2026-01-02,UKX,RealGARCH,RealGARCH11-logRVscaled-studentt,1,0.006706560261,4.497795054e-05,-0.0167459601,-0.01319257112,-0.01054426989,-0.02104253825,-0.01723206345,0.005361889713,4.709640641e-05,True,
2026-01-06,2026-01-05,UKX,RealGARCH,RealGARCH11-logRVscaled-studentt,1,0.006774828416,4.589830006e-05,-0.01691855013,-0.0133289901,-0.01065373099,-0.02125886447,-0.01740960168,0.01173549722,4.554982165e-05,True,
2026-01-07,2026-01-06,UKX,RealGARCH,RealGARCH11-logRVscaled-studentt,1,0.006763780517,4.574872689e-05,-0.01689061972,-0.01330691329,-0.0106360168,-0.0212238562,-0.0173808705,-0.007386912568,3.169385685e-05,True,
2026-01-08,2026-01-07,UKX,RealGARCH,RealGARCH11-logRVscaled-studentt,1,0.006245489394,3.900613778e-05,-0.01558031801,-0.0122712218,-0.009804989246,-0.01958150971,-0.01603300214,-0.0003483817636,2.835110595e-05,True,
2026-01-09,2026-01-08,UKX,RealGARCH,RealGARCH11-logRVscaled-studentt,1,0.005832047326,3.401277601e-05,-0.01453508721,-0.01144504822,-0.009142076576,-0.01827140599,-0.01495780432,0.007922916388,2.757399281e-05,True,
2026-01-12,2026-01-09,UKX,RealGARCH,RealGARCH11-logRVscaled-studentt,1,0.005580591022,3.114299616e-05,-0.01389937571,-0.01094256777,-0.008738891747,-0.01747459826,-0.01430386682,0.001588980528,1.899037992e-05,True,
2026-01-13,2026-01-12,UKX,RealGARCH,RealGARCH11-logRVscaled-studentt,1,0.00502173451,2.521781749e-05,-0.01248651987,-0.009825815219,-0.007842821679,-0.01570370929,-0.01285050407,-0.000325454548,3.145759214e-05,True,
2026-01-14,2026-01-13,UKX,RealGARCH,RealGARCH11-logRVscaled-studentt,1,0.005284933025,2.793051707e-05,-0.01315191707,-0.01035175991,-0.008264833959,-0.01653772542,-0.01353497837,0.004625582576,2.193152627e-05,True,
2026-01-15,2026-01-14,UKX,RealGARCH,RealGARCH11-logRVscaled-studentt,1,0.00502707892,2.527152247e-05,-0.01250003117,-0.009836494853,-0.007851390901,-0.01572064451,-0.01286440275,0.005337053981,2.342406558e-05,True,
2026-01-16,2026-01-15,UKX,RealGARCH,RealGARCH11-logRVscaled-studentt,1,0.004959822321,2.459983745e-05,-0.01232999848,-0.009702097245,-0.007743551726,-0.01550752367,-0.01268949517,-0.0003517187487,2.313714753e-05,True,
2026-01-19,2026-01-16,UKX,RealGARCH,RealGARCH11-logRVscaled-studentt,1,0.004909696561,2.410512032e-05,-0.01220327458,-0.009601931872,-0.007663180124,-0.01534868656,-0.01255913808,-0.003905834879,3.675986695e-05,True,
2026-01-20,2026-01-19,UKX,RealGARCH,RealGARCH11-logRVscaled-studentt,1,0.005398821131,2.91472696e-05,-0.01343983977,-0.01057934039,-0.008447442054,-0.01689861088,-0.01383115588,-0.006751320221,5.779637368e-05,True,
2026-01-21,2026-01-20,UKX,RealGARCH,RealGARCH11-logRVscaled-studentt,1,0.006279282851,3.942939312e-05,-0.0156657519,-0.01233875063,-0.009859173646,-0.01968859348,-0.01612088543,0.001115209204,4.406339719e-05,True,
2026-01-22,2026-01-21,UKX,RealGARCH,RealGARCH11-logRVscaled-studentt,1,0.006437833677,4.144570246e-05,-0.01606658728,-0.01265557979,-0.01011339391,-0.02019100493,-0.01653321285,0.001182953822,4.609032973e-05,True,
2026-01-23,2026-01-22,UKX,RealGARCH,RealGARCH11-logRVscaled-studentt,1,0.006591709811,4.345063823e-05,-0.01645560448,-0.0129630676,-0.01036011877,-0.02067860333,-0.01693338327,-0.0006602331035,3.84076833e-05,True,
2026-01-26,2026-01-23,UKX,RealGARCH,RealGARCH11-logRVscaled-studentt,1,0.006419262496,4.120693099e-05,-0.01601963712,-0.01261846935,-0.01008361689,-0.02013215708,-0.01648491662,0.0005420775292,2.769961999e-05,True,
2026-01-27,2026-01-26,UKX,RealGARCH,RealGARCH11-logRVscaled-studentt,1,0.005891766002,3.471290662e-05,-0.01468606313,-0.01156438293,-0.009237829451,-0.01846064087,-0.01511310876,0.005786751662,3.171811324e-05,True,
2026-01-28,2026-01-27,UKX,RealGARCH,RealGARCH11-logRVscaled-studentt,1,0.005785640739,3.347363876e-05,-0.01441776583,-0.0113523148,-0.009067668293,-0.01812435409,-0.0148371193,-0.005244967822,3.387012733e-05,True,
2026-01-29,2026-01-28,UKX,RealGARCH,RealGARCH11-logRVscaled-studentt,1,0.005809829294,3.375411642e-05,-0.01447891737,-0.01140065034,-0.009106452201,-0.01820100211,-0.01490002408,0.001712019372,6.397584462e-05,True,
2026-01-30,2026-01-29,UKX,RealGARCH,RealGARCH11-logRVscaled-studentt,1,0.006686385603,4.470775243e-05,-0.01669495616,-0.01315225647,-0.01051192186,-0.02097860935,-0.01717959722,0.00506982503,3.945976475e-05,True,
2026-02-02,2026-01-30,UKX,RealGARCH,RealGARCH11-logRVscaled-studentt,1,0.006508408509,4.235938132e-05,-0.01624500886,-0.01279660817,-0.01022655354,-0.02041464049,-0.01671674983,0.01148556637,5.574839132e-05,True,
2026-02-03,2026-02-02,UKX,RealGARCH,RealGARCH11-logRVscaled-studentt,1,0.006911661958,4.777107102e-05,-0.01726448162,-0.01360242202,-0.01087312978,-0.02169245879,-0.01776545111,-0.002614228793,5.136052219e-05,True,
2026-02-04,2026-02-03,UKX,RealGARCH,RealGARCH11-logRVscaled-studentt,1,0.00702009868,4.928178548e-05,-0.01753862258,-0.0138191091,-0.01104699713,-0.02203607006,-0.01804745175,0.008466587794,6.688426907e-05,True,
2026-02-05,2026-02-04,UKX,RealGARCH,RealGARCH11-logRVscaled-studentt,1,0.007499325212,5.623987863e-05,-0.01875016434,-0.01477673855,-0.01181538855,-0.02355462976,-0.0192937287,-0.008990198397,0.0001264004891,True,
2026-02-06,2026-02-05,UKX,RealGARCH,RealGARCH11-logRVscaled-studentt,1,0.008933438842,7.980632954e-05,-0.02237577446,-0.01764250109,-0.01411484516,-0.02809900912,-0.02302328592,0.00586099845,5.290737891e-05,True,
2026-02-09,2026-02-06,UKX,RealGARCH,RealGARCH11-logRVscaled-studentt,1,0.008147507598,6.638188006e-05,-0.02038884664,-0.01607198933,-0.01285468366,-0.02560857207,-0.02097939241,0.001580302892,3.912973209e-05,True,
2026-02-10,2026-02-09,UKX,RealGARCH,RealGARCH11-logRVscaled-studentt,1,0.0072501305,5.256439227e-05,-0.01812017042,-0.0142787774,-0.01141582996,-0.02276498849,-0.01864567271,-0.003124436486,4.085321681e-05,True,
2026-02-11,2026-02-10,UKX,RealGARCH,RealGARCH11-logRVscaled-studentt,1,0.006859169353,4.704820421e-05,-0.01713177406,-0.01349752702,-0.01078896318,-0.02152612169,-0.01762893879,0.01136095686,6.313681006e-05,True,
2026-02-12,2026-02-11,UKX,RealGARCH,RealGARCH11-logRVscaled-studentt,1,0.007311180342,5.345335799e-05,-0.0182745117,-0.01440077216,-0.01151371723,-0.02295844153,-0.01880443898,-0.006677954348,5.848995455e-05,True,
2026-02-13,2026-02-12,UKX,RealGARCH,RealGARCH11-logRVscaled-studentt,1,0.007450118923,5.550427197e-05,-0.01862576498,-0.01467841054,-0.01173649123,-0.02339870624,-0.01916576278,0.004220872537,7.969083085e-05,True,
2026-02-16,2026-02-13,UKX,RealGARCH,RealGARCH11-logRVscaled-studentt,1,0.008051825188,6.483188886e-05,-0.02014695011,-0.01588078895,-0.01270126656,-0.02530537631,-0.02073056065,0.002609912452,2.697391039e-05,True,
2026-02-17,2026-02-16,UKX,RealGARCH,RealGARCH11-logRVscaled-studentt,1,0.006643348148,4.413407462e-05,-0.01658615234,-0.01306625553,-0.01044291564,-0.02084223346,-0.01706767397,0.007846011796,5.74460654e-05,True,
2026-02-18,2026-02-17,UKX,RealGARCH,RealGARCH11-logRVscaled-studentt,1,0.007036596304,4.951368754e-05,-0.01758033053,-0.01385207599,-0.01107344941,-0.02208834727,-0.01809035548,0.01223982419,4.232430863e-05,True,
2026-02-19,2026-02-18,UKX,RealGARCH,RealGARCH11-logRVscaled-studentt,1,0.006798304613,4.621694561e-05,-0.01697790075,-0.01337590215,-0.01069137271,-0.02133325519,-0.0174706539,-0.005555274827,3.487209101e-05,True,
2026-02-20,2026-02-19,UKX,RealGARCH,RealGARCH11-logRVscaled-studentt,1,0.00639460125,4.089092515e-05,-0.01595729055,-0.01256918924,-0.01004407507,-0.02005401121,-0.01642078256,0.005620796439,5.96892625e-05,True,
2026-02-23,2026-02-20,UKX,RealGARCH,RealGARCH11-logRVscaled-studentt,1,0.006946634965,4.825573734e-05,-0.01735289755,-0.01367230793,-0.01092920547,-0.02180328029,-0.01785640195,-0.0002058994131,3.303115337e-05,True,
2026-02-24,2026-02-23,UKX,RealGARCH,RealGARCH11-logRVscaled-studentt,1,0.006395877782,4.090725261e-05,-0.01596051778,-0.01257174011,-0.01004612186,-0.02005805625,-0.01642410231,-0.0003838542018,2.911618822e-05,True,
2026-02-25,2026-02-24,UKX,RealGARCH,RealGARCH11-logRVscaled-studentt,1,0.005943913939,3.533011292e-05,-0.01481789933,-0.01166858919,-0.009321443411,-0.01862588581,-0.01524872473,0.01170961208,4.383707789e-05,True,
2026-02-26,2026-02-25,UKX,RealGARCH,RealGARCH11-logRVscaled-studentt,1,0.006237587532,3.890749822e-05,-0.01556034116,-0.01225543165,-0.009792319406,-0.01955647051,-0.01601245255,0.003722316477,2.951484909e-05,True,
2026-02-27,2026-02-26,UKX,RealGARCH,RealGARCH11-logRVscaled-studentt,1,0.005879119854,3.456405025e-05,-0.01465409217,-0.01153911237,-0.009217552628,-0.01842056811,-0.01508022117,0.005873854229,3.896249995e-05,True,
2026-03-02,2026-02-27,UKX,RealGARCH,RealGARCH11-logRVscaled-studentt,1,0.006042935523,3.651706973e-05,-0.01506823769,-0.01186646217,-0.009480214535,-0.01893966264,-0.01550624035,-0.01203295231,9.137482519e-05,True,
2026-03-03,2026-03-02,UKX,RealGARCH,RealGARCH11-logRVscaled-studentt,1,0.007384498973,5.453082508e-05,-0.01845986993,-0.01454728341,-0.01163127626,-0.02319077157,-0.01899511148,-0.02784201914,0.0001913706752,True,
2026-03-04,2026-03-03,UKX,RealGARCH,RealGARCH11-logRVscaled-studentt,1,0.009692626532,9.394700909e-05,-0.02429509139,-0.0191595717,-0.01533212607,-0.03050470194,-0.02499763011,0.007942410651,0.0001284402704,True,
2026-03-05,2026-03-04,UKX,RealGARCH,RealGARCH11-logRVscaled-studentt,1,0.0103371598,0.0001068568728,-0.02592454829,-0.02044753052,-0.01636557018,-0.03254708103,-0.02667380392,-0.01466070752,0.0001160051355,True,
2026-03-06,2026-03-05,UKX,RealGARCH,RealGARCH11-logRVscaled-studentt,1,0.01047892999,0.0001098079738,-0.02628296022,-0.02073082725,-0.01659288439,-0.03299631847,-0.02704249161,-0.01247443104,0.0001417773594,True,
2026-03-09,2026-03-06,UKX,RealGARCH,RealGARCH11-logRVscaled-studentt,1,0.01102900763,0.0001216390092,-0.02767362202,-0.02183003714,-0.01747487841,-0.03473938917,-0.02847302401,-0.00343813474,0.0002188527972,True,
2026-03-10,2026-03-09,UKX,RealGARCH,RealGARCH11-logRVscaled-studentt,1,0.01246948467,0.000155488048,-0.03131531961,-0.02470851557,-0.01978453811,-0.03930393273,-0.03221912992,0.01574928989,9.534963855e-05,True,
2026-03-11,2026-03-10,UKX,RealGARCH,RealGARCH11-logRVscaled-studentt,1,0.0111439456,0.0001241875235,-0.02796419891,-0.02205971555,-0.01765916986,-0.03510360141,-0.0287719318,-0.005624630065,9.562922677e-05,True,
2026-03-12,2026-03-11,UKX,RealGARCH,RealGARCH11-logRVscaled-studentt,1,0.01047637759,0.0001097544875,-0.02627650746,-0.02072572684,-0.01658879188,-0.0329882305,-0.02703585384,-0.00470494309,0.0001354031256,True,
2026-03-13,2026-03-12,UKX,RealGARCH,RealGARCH11-logRVscaled-studentt,1,0.01091782558,0.0001191989154,-0.02739254056,-0.02160786412,-0.01729660921,-0.03438707859,-0.02818388387,-0.004278830162,9.456664604e-05,True,
2026-03-16,2026-03-13,UKX,RealGARCH,RealGARCH11-logRVscaled-studentt,1,0.01033267588,0.0001067641908,-0.0259132124,-0.02043857038,-0.01635838066,-0.0325328725,-0.02666214303,0.005491074928,7.666508335e-05,True,
2026-03-17,2026-03-16,UKX,RealGARCH,RealGARCH11-logRVscaled-studentt,1,0.009574629882,9.167353737e-05,-0.0239967818,-0.01892378119,-0.01514293034,-0.03013079744,-0.02469076792,0.008290977197,4.08597098e-05,True,
2026-03-18,2026-03-17,UKX,RealGARCH,RealGARCH11-logRVscaled-studentt,1,0.00800486743,6.407790258e-05,-0.0200282353,-0.01578695414,-0.01262597453,-0.02515657787,-0.02060844226,-0.009493555046,9.981708482e-05,True,
2026-03-19,2026-03-18,UKX,RealGARCH,RealGARCH11-logRVscaled-studentt,1,0.008799689616,7.743453733e-05,-0.02203764048,-0.0173752325,-0.01390039176,-0.02767518829,-0.02267545756,-0.02374329087,0.0002081671245,True,
2026-03-20,2026-03-19,UKX,RealGARCH,RealGARCH11-logRVscaled-studentt,1,0.01088092596,0.0001183945498,-0.02729925392,-0.0215341283,-0.01723744439,-0.0342701521,-0.02808792269,-0.01453350071,0.0002269870699,True,
2026-03-23,2026-03-20,UKX,RealGARCH,RealGARCH11-logRVscaled-studentt,1,0.01247477586,0.0001556200327,-0.03132869636,-0.02471908885,-0.01979302199,-0.0393206993,-0.03223289018,-0.002432769402,0.001305518997,True,
2026-03-24,2026-03-23,UKX,RealGARCH,RealGARCH11-logRVscaled-studentt,1,0.0196838743,0.0003874549073,-0.04955415611,-0.03912489591,-0.03135208445,-0.0621646898,-0.05098087814,0.007150296696,0.000243383021,True,
2026-03-25,2026-03-24,UKX,RealGARCH,RealGARCH11-logRVscaled-studentt,1,0.01760254094,0.0003098494475,-0.04429229741,-0.03496580625,-0.02801487627,-0.05556941859,-0.04556816072,0.01410940255,0.0001581321845,True,
2026-03-26,2026-03-25,UKX,RealGARCH,RealGARCH11-logRVscaled-studentt,1,0.01506354405,0.0002269103594,-0.03787341078,-0.02989217609,-0.02394385077,-0.04752391591,-0.03896524311,-0.01340720466,9.846167477e-05,True,
2026-03-27,2026-03-26,UKX,RealGARCH,RealGARCH11-logRVscaled-studentt,1,0.01246375219,0.0001553451186,-0.0313008272,-0.02469706045,-0.01977534665,-0.0392857678,-0.03220422201,-0.0004814343268,0.0001327278951,True,
2026-03-30,2026-03-27,UKX,RealGARCH,RealGARCH11-logRVscaled-studentt,1,0.01197136637,0.0001433136127,-0.03005601719,-0.02371313504,-0.01898585563,-0.03772550931,-0.030923723,0.01598405856,6.071931e-05,True,
2026-03-31,2026-03-30,UKX,RealGARCH,RealGARCH11-logRVscaled-studentt,1,0.009876785497,9.755089176e-05,-0.0247606672,-0.01952757313,-0.0156274064,-0.03108825975,-0.02547655409,0.004777275209,0.0001525761596,True,
2026-04-01,2026-03-31,UKX,RealGARCH,RealGARCH11-logRVscaled-studentt,1,0.01084406928,0.0001175938386,-0.02720607585,-0.02146047829,-0.01717834842,-0.03415336168,-0.02799207318,0.01833429105,0.0001282156094,True,
2026-04-02,2026-04-01,UKX,RealGARCH,RealGARCH11-logRVscaled-studentt,1,0.01099784445,0.0001209525825,-0.02759483779,-0.02176776434,-0.0174249114,-0.03464064015,-0.02839198101,0.006874663638,0.0001188729416,True,
2026-04-07,2026-04-02,UKX,RealGARCH,RealGARCH11-logRVscaled-studentt,1,0.01090342529,0.0001188846831,-0.02735613492,-0.0215790883,-0.0172735198,-0.03434144736,-0.02814643447,-0.008419542701,0.0001083901541,True,
2026-04-08,2026-04-07,UKX,RealGARCH,RealGARCH11-logRVscaled-studentt,1,0.01063581432,0.0001131205463,-0.0266795825,-0.02104432629,-0.0168444326,-0.03349344917,-0.02745048515,0.02482275563,0.0001998569173,True,
2026-04-09,2026-04-08,UKX,RealGARCH,RealGARCH11-logRVscaled-studentt,1,0.01198186502,0.0001435650894,-0.03008255904,-0.02373411431,-0.01900268917,-0.03775877716,-0.03095102582,-0.0005091729382,5.737707917e-05,True,
2026-04-10,2026-04-09,UKX,RealGARCH,RealGARCH11-logRVscaled-studentt,1,0.009760759936,9.527243452e-05,-0.02446734075,-0.01929572141,-0.01544137111,-0.03072060118,-0.02517481791,-0.0002829654801,,True,
2026-04-13,2026-04-10,UKX,RealGARCH,RealGARCH11-logRVscaled-studentt,1,0.009725178508,9.457909701e-05,-0.02437738667,-0.01922461971,-0.01538431988,-0.03060785174,-0.02508228481,-0.001652229705,5.713644152e-05,True,RV_imputed_in_recursion
2026-04-14,2026-04-13,UKX,RealGARCH,RealGARCH11-logRVscaled-studentt,1,0.008684832287,7.542631185e-05,-0.02174726747,-0.01714571524,-0.01371622962,-0.02731123158,-0.02237675948,0.002463146519,3.863863662e-05,True,
2026-04-15,2026-04-14,UKX,RealGARCH,RealGARCH11-logRVscaled-studentt,1,0.007491282059,5.611930688e-05,-0.01872983029,-0.01476066606,-0.01180249217,-0.02352914284,-0.01927281167,-0.004676724791,3.078196682e-05,True,
2026-04-16,2026-04-15,UKX,RealGARCH,RealGARCH11-logRVscaled-studentt,1,0.006568228231,4.314162209e-05,-0.01639624024,-0.0129161448,-0.01032246843,-0.02060419556,-0.01687231705,0.002874797774,3.179293058e-05,True,
2026-04-17,2026-04-16,UKX,RealGARCH,RealGARCH11-logRVscaled-studentt,1,0.006148734559,3.780693667e-05,-0.01533571026,-0.01207787841,-0.009649852622,-0.01927491568,-0.01578138142,0.007300914131,6.324027722e-05,True,
2026-04-20,2026-04-17,UKX,RealGARCH,RealGARCH11-logRVscaled-studentt,1,0.006882923462,4.737463538e-05,-0.01719182728,-0.01354499442,-0.0108270505,-0.02160139305,-0.01769071375,-0.005498987114,3.743013496e-05,True,
2026-04-21,2026-04-20,UKX,RealGARCH,RealGARCH11-logRVscaled-studentt,1,0.006538493693,4.275189977e-05,-0.01632106779,-0.01285672683,-0.01027479209,-0.02050997358,-0.01679498938,-0.01051783537,3.794872342e-05,True,
2026-04-22,2026-04-21,UKX,RealGARCH,RealGARCH11-logRVscaled-studentt,1,0.006373759512,4.062481032e-05,-0.01590460015,-0.01252754158,-0.01001065745,-0.01998796849,-0.01636658152,-0.002059597612,4.131423665e-05,True,
2026-04-23,2026-04-22,UKX,RealGARCH,RealGARCH11-logRVscaled-studentt,1,0.006401197052,4.09753237e-05,-0.01597396552,-0.01258236951,-0.01005465077,-0.02007491181,-0.01643793561,-0.001863043031,4.493471311e-05,True,
2026-04-24,2026-04-23,UKX,RealGARCH,RealGARCH11-logRVscaled-studentt,1,0.006534693519,4.270221938e-05,-0.0163114605,-0.01284913301,-0.0102686989,-0.02049793169,-0.01678510665,-0.007477479416,7.23318765e-05,True,
2026-04-27,2026-04-24,UKX,RealGARCH,RealGARCH11-logRVscaled-studentt,1,0.007330475128,5.37358656e-05,-0.01832329122,-0.01443932857,-0.01154465447,-0.02301958231,-0.01885461702,-0.005603825467,5.990815274e-05,True,
2026-04-28,2026-04-27,UKX,RealGARCH,RealGARCH11-logRVscaled-studentt,1,0.007499976374,5.624964561e-05,-0.01875181056,-0.01477803975,-0.01181643263,-0.02355669314,-0.01929542212,0.00113297746,6.365953676e-05,True,
2026-04-29,2026-04-28,UKX,RealGARCH,RealGARCH11-logRVscaled-studentt,1,0.007696708525,5.923932211e-05,-0.01924917287,-0.01517116594,-0.01213187279,-0.02418009251,-0.01980704393,-0.01165211139,6.608527007e-05,True,
2026-04-30,2026-04-29,UKX,RealGARCH,RealGARCH11-logRVscaled-studentt,1,0.007871888989,6.196663626e-05,-0.01969204996,-0.0155212258,-0.01241275701,-0.02473519949,-0.0202626184,0.01609407401,5.909711057e-05,True,
2026-05-01,2026-04-30,UKX,RealGARCH,RealGARCH11-logRVscaled-studentt,1,0.007779620324,6.052249239e-05,-0.01945878378,-0.01533684704,-0.01226481351,-0.02444282111,-0.02002266443,-0.001436594312,3.664170694e-05,True,
2026-05-05,2026-05-01,UKX,RealGARCH,RealGARCH11-logRVscaled-studentt,1,0.006966307627,4.852944195e-05,-0.01740263238,-0.01371161944,-0.0109607486,-0.02186561847,-0.01790756269,-0.01407017139,6.857430777e-05,True,
2026-05-06,2026-05-05,UKX,RealGARCH,RealGARCH11-logRVscaled-studentt,1,0.007507965687,5.636954876e-05,-0.01877200849,-0.01479400465,-0.01182924269,-0.02358200946,-0.01931619913,0.02126159172,9.318984877e-05,True,
2026-05-07,2026-05-06,UKX,RealGARCH,RealGARCH11-logRVscaled-studentt,1,0.008366201985,6.999333566e-05,-0.02094173211,-0.01650900225,-0.01320533805,-0.02630156475,-0.02154812923,-0.01561168319,4.8739766e-05,True,
2026-05-08,2026-05-07,UKX,RealGARCH,RealGARCH11-logRVscaled-studentt,1,0.007717212419,5.955536752e-05,-0.01930100916,-0.01521213849,-0.01216474872,-0.02424506468,-0.01986036637,-0.004280862392,6.393900161e-05,True,
2026-05-11,2026-05-08,UKX,RealGARCH,RealGARCH11-logRVscaled-studentt,1,0.007827166027,6.126452802e-05,-0.01957898498,-0.01543185674,-0.01234104825,-0.02459348261,-0.02014631183,0.00354111137,5.75537285e-05,True,
2026-05-12,2026-05-11,UKX,RealGARCH,RealGARCH11-logRVscaled-studentt,1,0.007710575733,5.945297813e-05,-0.01928423083,-0.01519887652,-0.01215410746,-0.02422403453,-0.019843107,-0.0003993805621,5.022361871e-05,True,
2026-05-13,2026-05-12,UKX,RealGARCH,RealGARCH11-logRVscaled-studentt,1,0.007423522088,5.510868019e-05,-0.01855852502,-0.01462526258,-0.01169384589,-0.02331442693,-0.01909659503,0.005837659729,5.033493529e-05,True,
2026-05-14,2026-05-13,UKX,RealGARCH,RealGARCH11-logRVscaled-studentt,1,0.007272258426,5.288574261e-05,-0.01817611246,-0.01432299522,-0.01145130986,-0.02283510685,-0.01870321861,0.004589756801,4.024318286e-05,True,
2026-05-15,2026-05-14,UKX,RealGARCH,RealGARCH11-logRVscaled-studentt,1,0.006848359438,4.6900027e-05,-0.01710444531,-0.01347592577,-0.01077163057,-0.02149186753,-0.01760082652,-0.01725999716,7.690307581e-05,True,
2026-05-18,2026-05-15,UKX,RealGARCH,RealGARCH11-logRVscaled-studentt,1,0.007624694608,5.813596786e-05,-0.01906711311,-0.01502726187,-0.01201640574,-0.02395189681,-0.01961976447,0.0125152145,0.0001041731874,True,
2026-05-19,2026-05-18,UKX,RealGARCH,RealGARCH11-logRVscaled-studentt,1,0.00864498456,7.473575804e-05,-0.02164652767,-0.01706608827,-0.0136523378,-0.02718496322,-0.02227313145,0.0006584360172,8.068025595e-05,True,
2026-05-20,2026-05-19,UKX,RealGARCH,RealGARCH11-logRVscaled-studentt,1,0.008768638673,7.688902417e-05,-0.02195914,-0.01731318398,-0.01385060471,-0.02757679493,-0.02259470645,0.009796417281,8.373950113e-05,True,
2026-05-21,2026-05-20,UKX,RealGARCH,RealGARCH11-logRVscaled-studentt,1,0.008909836493,7.938518633e-05,-0.02231610491,-0.01759533695,-0.01407700117,-0.02802421865,-0.02296190563,0.001073031086,0.000121559019,True,
2026-05-22,2026-05-21,UKX,RealGARCH,RealGARCH11-logRVscaled-studentt,1,0.009747559806,9.501492217e-05,-0.02443396925,-0.01926934384,-0.01542020604,-0.03067877297,-0.02514048964,0.002180778319,4.525164006e-05,True,
2026-05-26,2026-05-22,UKX,RealGARCH,RealGARCH11-logRVscaled-studentt,1,0.008266211672,6.833025541e-05,-0.02068894468,-0.01630919347,-0.01304501367,-0.02598471823,-0.02128809433,0.002395357483,5.564508125e-05,True,
2026-05-27,2026-05-26,UKX,RealGARCH,RealGARCH11-logRVscaled-studentt,1,0.007889794813,6.224886219e-05,-0.01973731802,-0.01555700667,-0.01244146719,-0.02479193896,-0.0203091843,0.001295423182,4.188067499e-05,True,
2026-05-28,2026-05-27,UKX,RealGARCH,RealGARCH11-logRVscaled-studentt,1,0.007227806498,5.224118677e-05,-0.01806373269,-0.01423416776,-0.01138003567,-0.02269424881,-0.01858761689,-0.007548647951,8.25797618e-05,True,
2026-05-29,2026-05-28,UKX,RealGARCH,RealGARCH11-logRVscaled-studentt,1,0.007979013098,6.366465001e-05,-0.01996287247,-0.01573528991,-0.01258451971,-0.02507465138,-0.02054120546,-0.001603067268,6.406807585e-05,True,
2026-06-01,2026-05-29,UKX,RealGARCH,RealGARCH11-logRVscaled-studentt,1,0.007977017366,6.363280606e-05,-0.01995782702,-0.01573130188,-0.01258131976,-0.02506832736,-0.02053601536,-0.006776466473,8.797781462e-05,True,
2026-06-02,2026-06-01,UKX,RealGARCH,RealGARCH11-logRVscaled-studentt,1,0.008544982065,7.301671849e-05,-0.02139370945,-0.01686625515,-0.01349199389,-0.02686807809,-0.02201306487,0.003331324747,3.730662237e-05,True,
2026-06-03,2026-06-02,UKX,RealGARCH,RealGARCH11-logRVscaled-studentt,1,0.007367669402,5.428255242e-05,-0.01841732277,-0.0145136532,-0.01160429174,-0.02313744249,-0.01895134449,-0.003979584923,5.024958969e-05,True,
2026-06-04,2026-06-03,UKX,RealGARCH,RealGARCH11-logRVscaled-studentt,1,0.007239153963,5.240535009e-05,-0.01809242043,-0.01425684319,-0.01139823019,-0.02273020634,-0.01861712712,0.002706283174,6.503463446e-05,True,
2026-06-05,2026-06-04,UKX,RealGARCH,RealGARCH11-logRVscaled-studentt,1,0.007582034983,5.748725449e-05,-0.0189592645,-0.01494201594,-0.01194800533,-0.02381671818,-0.01950882381,0.000752571408,4.615491155e-05,True,
2026-06-08,2026-06-05,UKX,RealGARCH,RealGARCH11-logRVscaled-studentt,1,0.007220752368,5.213926476e-05,-0.01804589901,-0.01422007162,-0.01136872509,-0.02267189588,-0.01856927191,0.0004918283957,7.123599648e-05,True,
2026-06-09,2026-06-08,UKX,RealGARCH,RealGARCH11-logRVscaled-studentt,1,0.007722675256,5.963971312e-05,-0.01931481987,-0.01522305478,-0.01217350783,-0.02426237516,-0.01987457303,-0.01416497847,8.680623333e-05,True,
2026-06-10,2026-06-09,UKX,RealGARCH,RealGARCH11-logRVscaled-studentt,1,0.008368184007,7.002650358e-05,-0.02094674289,-0.01651296288,-0.01320851603,-0.02630784533,-0.02155328368,0.002685273193,0.0001058921941,True,
2026-06-11,2026-06-10,UKX,RealGARCH,RealGARCH11-logRVscaled-studentt,1,0.009135831487,8.346341695e-05,-0.02288744718,-0.01804693854,-0.01443936136,-0.0287403453,-0.02354962841,0.004776632071,7.981769503e-05,True,
2026-06-12,2026-06-11,UKX,RealGARCH,RealGARCH11-logRVscaled-studentt,1,0.009020613877,8.137147472e-05,-0.02259616334,-0.01781670133,-0.01425462154,-0.02837524694,-0.02324999339,0.01615389632,8.431039525e-05,True,
2026-06-15,2026-06-12,UKX,RealGARCH,RealGARCH11-logRVscaled-studentt,1,0.009064490592,8.21649897e-05,-0.0227070889,-0.01790437936,-0.01432497343,-0.02851428226,-0.02336409922,-0.003932642184,4.198248699e-05,True,
2026-06-16,2026-06-15,UKX,RealGARCH,RealGARCH11-logRVscaled-studentt,1,0.007811027752,6.101215455e-05,-0.0195381855,-0.01539960792,-0.01231517215,-0.02454234409,-0.02010434261,0.006078985363,4.219002536e-05,True,
2026-06-17,2026-06-16,UKX,RealGARCH,RealGARCH11-logRVscaled-studentt,1,0.007199151604,5.182778382e-05,-0.0179912897,-0.01417690722,-0.01133409044,-0.02260344798,-0.01851309695,0.001371190736,2.352341998e-05,True,
2026-06-18,2026-06-17,UKX,RealGARCH,RealGARCH11-logRVscaled-studentt,1,0.006060020294,3.672384597e-05,-0.01511143003,-0.01190060235,-0.009507608245,-0.01899380039,-0.01555067103,-0.01041695459,4.635599049e-05,True,
2026-06-19,2026-06-18,UKX,RealGARCH,RealGARCH11-logRVscaled-studentt,1,0.006381974202,4.072959472e-05,-0.01592536787,-0.01254395685,-0.01002382887,-0.02001399897,-0.01638794465,-0.003506277252,4.567091978e-05,True,
2026-06-22,2026-06-19,UKX,RealGARCH,RealGARCH11-logRVscaled-studentt,1,0.006546869203,4.286149637e-05,-0.01634224208,-0.01287346345,-0.01028822138,-0.02053651367,-0.01681677074,0.007172749565,4.311153675e-05,True,
2026-06-23,2026-06-22,UKX,RealGARCH,RealGARCH11-logRVscaled-studentt,1,0.006557567699,4.300169413e-05,-0.01636928915,-0.01289484206,-0.01030537534,-0.02057041476,-0.01684459326,-0.0008626143176,6.454949841e-05,True,
2026-06-24,2026-06-23,UKX,RealGARCH,RealGARCH11-logRVscaled-studentt,1,0.007165252895,5.134084905e-05,-0.01790558973,-0.01410916806,-0.01127973728,-0.0224960307,-0.01842493993,0.003130537489,5.775539812e-05,True,
2026-06-25,2026-06-24,UKX,RealGARCH,RealGARCH11-logRVscaled-studentt,1,0.00734696885,5.397795128e-05,-0.01836498931,-0.01447228767,-0.01157110049,-0.02307184716,-0.01889751061,0.006507493131,6.021667452e-05,True,
2026-06-26,2026-06-25,UKX,RealGARCH,RealGARCH11-logRVscaled-studentt,1,0.007517729693,5.651625974e-05,-0.01879669306,-0.01481351588,-0.01184489828,-0.02361294937,-0.01934159141,-0.002081994639,6.262083236e-05,True,
2026-06-29,2026-06-26,UKX,RealGARCH,RealGARCH11-logRVscaled-studentt,1,0.007679317173,5.897191224e-05,-0.01920520547,-0.01513641313,-0.01210398752,-0.02412498327,-0.01976181596,-0.002267491733,4.854525573e-05,True,
2026-06-30,2026-06-29,UKX,RealGARCH,RealGARCH11-logRVscaled-studentt,1,0.007352288181,5.405614149e-05,-0.01837843721,-0.01448291719,-0.0115796295,-0.02308870291,-0.01891134407,0.001229611297,6.471344264e-05,True,
2026-07-01,2026-06-30,UKX,RealGARCH,RealGARCH11-logRVscaled-studentt,1,0.007639383872,5.836018595e-05,-0.01910424932,-0.01505661516,-0.01203995849,-0.02399844374,-0.01965796538,-0.001792557525,5.725487695e-05,True,
2026-07-02,2026-07-01,UKX,RealGARCH,RealGARCH11-logRVscaled-studentt,1,0.007598696528,5.774018892e-05,-0.01900138687,-0.01497531039,-0.01197472044,-0.02386951482,-0.01955215384,0.01652575831,6.514934353e-05,True,
2026-07-03,2026-07-02,UKX,RealGARCH,RealGARCH11-logRVscaled-studentt,1,0.007791875221,6.071331946e-05,-0.01948976562,-0.01536133578,-0.012284463,-0.02448165409,-0.02005453453,0.002447004022,3.275856763e-05,True,
2026-07-06,2026-07-03,UKX,RealGARCH,RealGARCH11-logRVscaled-studentt,1,0.006804712197,4.630410808e-05,-0.01699409989,-0.0133887063,-0.01070164662,-0.02135355937,-0.01748731746,-0.002550322068,3.754592683e-05,True,
2026-07-07,2026-07-06,UKX,RealGARCH,RealGARCH11-logRVscaled-studentt,1,0.006501493661,4.226941983e-05,-0.0162275273,-0.01278279035,-0.01021546628,-0.02039272891,-0.01669876707,0.001322898992,4.750580779e-05,True,
2026-07-08,2026-07-07,UKX,RealGARCH,RealGARCH11-logRVscaled-studentt,1,0.006671537677,4.450941498e-05,-0.01665741883,-0.01312258614,-0.01048811471,-0.02093155966,-0.01714098369,-0.01672468413,0.0001046538272,True,
2026-07-09,2026-07-08,UKX,RealGARCH,RealGARCH11-logRVscaled-studentt,1,0.008035130072,6.456331527e-05,-0.02010474287,-0.01584742741,-0.01267449762,-0.02525247329,-0.02068714331,-0.00157431514,6.346776908e-05,True,
2026-07-10,2026-07-09,UKX,RealGARCH,RealGARCH11-logRVscaled-studentt,1,0.007991756853,6.38681776e-05,-0.0199950902,-0.01576075552,-0.01260495304,-0.02511503344,-0.02057434688,0.0023652893,4.676151248e-05,True,
2026-07-13,2026-07-10,UKX,RealGARCH,RealGARCH11-logRVscaled-studentt,1,0.007456020178,5.559223689e-05,-0.01864068406,-0.0146902029,-0.0117459533,-0.02341740597,-0.01918110959,9.525805586e-05,6.127554454e-05,True,
2026-07-14,2026-07-13,UKX,RealGARCH,RealGARCH11-logRVscaled-studentt,1,0.00760825726,5.788557853e-05,-0.01902555754,-0.01499441543,-0.01199005011,-0.0238998106,-0.01957701749,0.002958060309,7.582421787e-05,True,
2026-07-15,2026-07-14,UKX,RealGARCH,RealGARCH11-logRVscaled-studentt,1,0.0080587142,6.494287455e-05,-0.02016436635,-0.01589455514,-0.01271231239,-0.02532720602,-0.02074847622,-0.001282946915,5.426399664e-05,True,
2026-07-16,2026-07-15,UKX,RealGARCH,RealGARCH11-logRVscaled-studentt,1,0.007736824294,5.985845015e-05,-0.01935059032,-0.01525132853,-0.01219619439,-0.02430721024,-0.01991136903,0.005339497841,8.245620471e-05,True,
2026-07-17,2026-07-16,UKX,RealGARCH,RealGARCH11-logRVscaled-studentt,1,0.008283627841,6.861849021e-05,-0.02073297483,-0.01634399587,-0.01307293874,-0.0260399061,-0.02133338683,0.002663840615,8.570001658e-05,True,
2026-07-20,2026-07-17,UKX,RealGARCH,RealGARCH11-logRVscaled-studentt,1,0.008676236465,7.527707921e-05,-0.02172553621,-0.01712853837,-0.01370244708,-0.02728399339,-0.02235440518,-0.007157414086,7.516028749e-05,True,
2026-07-21,2026-07-20,UKX,RealGARCH,RealGARCH11-logRVscaled-studentt,1,0.008651945225,7.485615618e-05,-0.02166412506,-0.01707999764,-0.01366349853,-0.02720701998,-0.02229123336,0.005788604834,8.839738879e-05,True,
2026-07-22,2026-07-21,UKX,RealGARCH,RealGARCH11-logRVscaled-studentt,1,0.008948445213,8.007467172e-05,-0.02241371236,-0.01767248804,-0.01413890636,-0.02814656089,-0.0230623115,0.01230830194,0.0001025510739,True,
2026-07-23,2026-07-22,UKX,RealGARCH,RealGARCH11-logRVscaled-studentt,1,0.009416526321,8.867096795e-05,-0.02359707716,-0.01860784579,-0.01488942722,-0.02962980328,-0.02427960365,-0.007285954756,0.0001383571283,True,
2026-07-24,2026-07-23,UKX,RealGARCH,RealGARCH11-logRVscaled-studentt,1,0.01033834541,0.0001068813858,-0.02592754564,-0.0204498997,-0.01636747118,-0.03255083795,-0.02667688721,0.00907591569,6.720911863e-05,True,
2026-07-27,2026-07-24,UKX,RealGARCH,RealGARCH11-logRVscaled-studentt,1,0.009307447317,8.662857556e-05,-0.02332131245,-0.01838987525,-0.01471453004,-0.02928415676,-0.0239959327,0.004238283136,6.828025635e-05,True,
2026-07-28,2026-07-27,UKX,RealGARCH,RealGARCH11-logRVscaled-studentt,1,0.00881027775,7.762099403e-05,-0.02206440855,-0.01739639057,-0.01391736877,-0.02770873968,-0.02270299307,0.008239183421,7.062336719e-05,True,
2026-07-29,2026-07-28,UKX,RealGARCH,RealGARCH11-logRVscaled-studentt,1,0.008608647758,7.410881623e-05,-0.02155466391,-0.01699347712,-0.01359407541,-0.02706982017,-0.02217863393,0.003434477175,7.179923934e-05,True,
2026-07-30,2026-07-29,UKX,RealGARCH,RealGARCH11-logRVscaled-studentt,1,0.008529233072,7.27478168e-05,-0.02135389412,-0.01683478423,-0.01346674196,-0.02681817312,-0.02197210802,-0.001018135704,0.0001080232278,True,
2026-07-31,2026-07-30,UKX,RealGARCH,RealGARCH11-logRVscaled-studentt,1,0.009273117829,8.599071427e-05,-0.02323452341,-0.01832127528,-0.01465948617,-0.02917537444,-0.0239066554,-0.002683177731,7.992576865e-05,True,
2026-08-03,2026-07-31,UKX,RealGARCH,RealGARCH11-logRVscaled-studentt,1,0.009098313434,8.277930734e-05,-0.02279259707,-0.01797196691,-0.01437920494,-0.02862145914,-0.02345205893,-0.0009573337589,5.416878116e-05,True,
2026-08-04,2026-08-03,UKX,RealGARCH,RealGARCH11-logRVscaled-studentt,1,0.00827292075,6.844121774e-05,-0.02070590603,-0.01632260009,-0.013055771,-0.02600597777,-0.02130554197,0.001996605493,4.473803759e-05,True,
2026-08-05,2026-08-04,UKX,RealGARCH,RealGARCH11-logRVscaled-studentt,1,0.007527849373,5.666851619e-05,-0.01882227682,-0.01483373785,-0.01186112417,-0.02364501633,-0.01936790866,0.0008176720934,8.24463989e-05,True,
2026-08-06,2026-08-05,UKX,RealGARCH,RealGARCH11-logRVscaled-studentt,1,0.008158414578,6.655972842e-05,-0.02041642079,-0.01609378454,-0.0128721719,-0.0256431338,-0.02100775711,-0.001875274707,4.710413969e-05,True,
2026-08-07,2026-08-06,UKX,RealGARCH,RealGARCH11-logRVscaled-studentt,1,0.007553940424,5.706201592e-05,-0.01888823811,-0.01488587511,-0.01190295854,-0.02372769292,-0.01943576107,0.003050139716,2.598292393e-05,True,
2026-08-10,2026-08-07,UKX,RealGARCH,RealGARCH11-logRVscaled-studentt,1,0.006360055327,4.045030376e-05,-0.01586995434,-0.01250015677,-0.009988684166,-0.01994454305,-0.0163309424,-0.003547175207,3.054482435e-05,True,
2026-08-11,2026-08-10,UKX,RealGARCH,RealGARCH11-logRVscaled-studentt,1,0.005987406997,3.584904255e-05,-0.01492785497,-0.01175550055,-0.009391180144,-0.0187637054,-0.01536183282,-0.001686098225,3.689736281e-05,True,
2026-08-12,2026-08-11,UKX,RealGARCH,RealGARCH11-logRVscaled-studentt,1,0.006032672844,3.639314164e-05,-0.01504229242,-0.01184595445,-0.009463759365,-0.01890714255,-0.01547955122,-0.001014881928,4.503078481e-05,True,
2026-08-13,2026-08-12,UKX,RealGARCH,RealGARCH11-logRVscaled-studentt,1,0.006325966621,4.00178537e-05,-0.01578377403,-0.01243203794,-0.009934026365,-0.01983652371,-0.01624229129,-0.005600336673,3.882200341e-05,True,
2026-08-14,2026-08-13,UKX,RealGARCH,RealGARCH11-logRVscaled-studentt,1,0.00628888744,3.955010523e-05,-0.01569003344,-0.0123579433,-0.009874573635,-0.01971902823,-0.01614586313,-0.002100153188,3.50684633e-05,True,
2026-08-17,2026-08-14,UKX,RealGARCH,RealGARCH11-logRVscaled-studentt,1,0.006131394342,3.759399657e-05,-0.01529187213,-0.01204322778,-0.009622049333,-0.01921996849,-0.01573628644,-0.002775897975,4.120240639e-05,True,
2026-08-18,2026-08-17,UKX,RealGARCH,RealGARCH11-logRVscaled-studentt,1,0.006261177756,3.920234689e-05,-0.01561998006,-0.01230257156,-0.009830143951,-0.01963122256,-0.0160738013,0.0007180233771,3.239616205e-05,True,
2026-08-19,2026-08-18,UKX,RealGARCH,RealGARCH11-logRVscaled-studentt,1,0.006011926502,3.614326026e-05,-0.01498984319,-0.01180449742,-0.009430494697,-0.01884140212,-0.01542559826,0.001434502861,4.513701953e-05,True,
2026-08-20,2026-08-19,UKX,RealGARCH,RealGARCH11-logRVscaled-studentt,1,0.006317110717,3.99058878e-05,-0.01576138525,-0.01241434135,-0.009919826814,-0.01980846137,-0.01621926061,0.0004466675306,4.845529548e-05,True,
2026-08-21,2026-08-20,UKX,RealGARCH,RealGARCH11-logRVscaled-studentt,1,0.006594096667,4.348211085e-05,-0.01646163873,-0.01296783721,-0.01036394586,-0.02068616674,-0.01693959053,0.006343638708,3.230592732e-05,True,
